arm,batch,fit_stage,request_ordinal,loss_evaluations,adam_updates,source
N4,51,first_fit,5000,25,24,COMPLETED_STDOUT_ORDER_PLUS_PINNED_NATIVE_LOOP
N4,51,first_fit,5001,25,24,COMPLETED_STDOUT_ORDER_PLUS_PINNED_NATIVE_LOOP
N4,51,first_fit,5002,25,24,COMPLETED_STDOUT_ORDER_PLUS_PINNED_NATIVE_LOOP
N4,51,first_fit,5003,25,24,COMPLETED_STDOUT_ORDER_PLUS_PINNED_NATIVE_LOOP
N4,51,first_fit,5004,25,24,COMPLETED_STDOUT_ORDER_PLUS_PINNED_NATIVE_LOOP
N4,51,first_fit,5005,25,24,COMPLETED_STDOUT_ORDER_PLUS_PINNED_NATIVE_LOOP
N4,51,first_fit,5006,25,24,COMPLETED_STDOUT_ORDER_PLUS_PINNED_NATIVE_LOOP
N4,51,first_fit,5007,25,24,COMPLETED_STDOUT_ORDER_PLUS_PINNED_NATIVE_LOOP
N4,51,first_fit,5008,25,24,COMPLETED_STDOUT_ORDER_PLUS_PINNED_NATIVE_LOOP
N4,51,first_fit,5009,25,24,COMPLETED_STDOUT_ORDER_PLUS_PINNED_NATIVE_LOOP
N4,51,first_fit,5010,25,24,COMPLETED_STDOUT_ORDER_PLUS_PINNED_NATIVE_LOOP
N4,51,first_fit,5011,25,24,COMPLETED_STDOUT_ORDER_PLUS_PINNED_NATIVE_LOOP
N4,51,first_fit,5012,25,24,COMPLETED_STDOUT_ORDER_PLUS_PINNED_NATIVE_LOOP
N4,51,first_fit,5013,25,24,COMPLETED_STDOUT_ORDER_PLUS_PINNED_NATIVE_LOOP
N4,51,first_fit,5014,25,24,COMPLETED_STDOUT_ORDER_PLUS_PINNED_NATIVE_LOOP
N4,51,first_fit,5015,25,24,COMPLETED_STDOUT_ORDER_PLUS_PINNED_NATIVE_LOOP
N4,51,first_fit,5016,25,24,COMPLETED_STDOUT_ORDER_PLUS_PINNED_NATIVE_LOOP
N4,51,first_fit,5017,25,24,COMPLETED_STDOUT_ORDER_PLUS_PINNED_NATIVE_LOOP
N4,51,first_fit,5018,25,24,COMPLETED_STDOUT_ORDER_PLUS_PINNED_NATIVE_LOOP
N4,51,first_fit,5019,25,24,COMPLETED_STDOUT_ORDER_PLUS_PINNED_NATIVE_LOOP
N4,51,first_fit,5020,25,24,COMPLETED_STDOUT_ORDER_PLUS_PINNED_NATIVE_LOOP
N4,51,first_fit,5021,25,24,COMPLETED_STDOUT_ORDER_PLUS_PINNED_NATIVE_LOOP
N4,51,first_fit,5022,25,24,COMPLETED_STDOUT_ORDER_PLUS_PINNED_NATIVE_LOOP
N4,51,first_fit,5023,25,24,COMPLETED_STDOUT_ORDER_PLUS_PINNED_NATIVE_LOOP
N4,51,first_fit,5024,25,24,COMPLETED_STDOUT_ORDER_PLUS_PINNED_NATIVE_LOOP
N4,51,first_fit,5025,25,24,COMPLETED_STDOUT_ORDER_PLUS_PINNED_NATIVE_LOOP
N4,51,first_fit,5026,25,24,COMPLETED_STDOUT_ORDER_PLUS_PINNED_NATIVE_LOOP
N4,51,first_fit,5027,25,24,COMPLETED_STDOUT_ORDER_PLUS_PINNED_NATIVE_LOOP
N4,51,first_fit,5028,25,24,COMPLETED_STDOUT_ORDER_PLUS_PINNED_NATIVE_LOOP
N4,51,first_fit,5029,25,24,COMPLETED_STDOUT_ORDER_PLUS_PINNED_NATIVE_LOOP
N4,51,first_fit,5030,25,24,COMPLETED_STDOUT_ORDER_PLUS_PINNED_NATIVE_LOOP
N4,51,first_fit,5031,25,24,COMPLETED_STDOUT_ORDER_PLUS_PINNED_NATIVE_LOOP
N4,51,first_fit,5032,25,24,COMPLETED_STDOUT_ORDER_PLUS_PINNED_NATIVE_LOOP
N4,51,first_fit,5033,25,24,COMPLETED_STDOUT_ORDER_PLUS_PINNED_NATIVE_LOOP
N4,51,first_fit,5034,25,24,COMPLETED_STDOUT_ORDER_PLUS_PINNED_NATIVE_LOOP
N4,51,first_fit,5035,25,24,COMPLETED_STDOUT_ORDER_PLUS_PINNED_NATIVE_LOOP
N4,51,first_fit,5036,25,24,COMPLETED_STDOUT_ORDER_PLUS_PINNED_NATIVE_LOOP
N4,51,first_fit,5037,25,24,COMPLETED_STDOUT_ORDER_PLUS_PINNED_NATIVE_LOOP
N4,51,first_fit,5038,25,24,COMPLETED_STDOUT_ORDER_PLUS_PINNED_NATIVE_LOOP
N4,51,first_fit,5039,25,24,COMPLETED_STDOUT_ORDER_PLUS_PINNED_NATIVE_LOOP
N4,51,first_fit,5040,25,24,COMPLETED_STDOUT_ORDER_PLUS_PINNED_NATIVE_LOOP
N4,51,first_fit,5041,25,24,COMPLETED_STDOUT_ORDER_PLUS_PINNED_NATIVE_LOOP
N4,51,first_fit,5042,25,24,COMPLETED_STDOUT_ORDER_PLUS_PINNED_NATIVE_LOOP
N4,51,first_fit,5043,25,24,COMPLETED_STDOUT_ORDER_PLUS_PINNED_NATIVE_LOOP
N4,51,first_fit,5044,25,24,COMPLETED_STDOUT_ORDER_PLUS_PINNED_NATIVE_LOOP
N4,51,first_fit,5045,25,24,COMPLETED_STDOUT_ORDER_PLUS_PINNED_NATIVE_LOOP
N4,51,first_fit,5046,25,24,COMPLETED_STDOUT_ORDER_PLUS_PINNED_NATIVE_LOOP
N4,51,first_fit,5047,25,24,COMPLETED_STDOUT_ORDER_PLUS_PINNED_NATIVE_LOOP
N4,51,first_fit,5048,25,24,COMPLETED_STDOUT_ORDER_PLUS_PINNED_NATIVE_LOOP
N4,51,first_fit,5049,25,24,COMPLETED_STDOUT_ORDER_PLUS_PINNED_NATIVE_LOOP
N4,51,first_fit,5050,25,24,COMPLETED_STDOUT_ORDER_PLUS_PINNED_NATIVE_LOOP
N4,51,first_fit,5051,25,24,COMPLETED_STDOUT_ORDER_PLUS_PINNED_NATIVE_LOOP
N4,51,first_fit,5052,25,24,COMPLETED_STDOUT_ORDER_PLUS_PINNED_NATIVE_LOOP
N4,51,first_fit,5053,25,24,COMPLETED_STDOUT_ORDER_PLUS_PINNED_NATIVE_LOOP
N4,51,first_fit,5054,25,24,COMPLETED_STDOUT_ORDER_PLUS_PINNED_NATIVE_LOOP
N4,51,first_fit,5055,25,24,COMPLETED_STDOUT_ORDER_PLUS_PINNED_NATIVE_LOOP
N4,51,first_fit,5056,25,24,COMPLETED_STDOUT_ORDER_PLUS_PINNED_NATIVE_LOOP
N4,51,first_fit,5057,25,24,COMPLETED_STDOUT_ORDER_PLUS_PINNED_NATIVE_LOOP
N4,51,first_fit,5058,25,24,COMPLETED_STDOUT_ORDER_PLUS_PINNED_NATIVE_LOOP
N4,51,first_fit,5059,25,24,COMPLETED_STDOUT_ORDER_PLUS_PINNED_NATIVE_LOOP
N4,51,first_fit,5060,25,24,COMPLETED_STDOUT_ORDER_PLUS_PINNED_NATIVE_LOOP
N4,51,first_fit,5061,25,24,COMPLETED_STDOUT_ORDER_PLUS_PINNED_NATIVE_LOOP
N4,51,first_fit,5062,25,24,COMPLETED_STDOUT_ORDER_PLUS_PINNED_NATIVE_LOOP
N4,51,first_fit,5063,25,24,COMPLETED_STDOUT_ORDER_PLUS_PINNED_NATIVE_LOOP
N4,51,first_fit,5064,25,24,COMPLETED_STDOUT_ORDER_PLUS_PINNED_NATIVE_LOOP
N4,51,first_fit,5065,25,24,COMPLETED_STDOUT_ORDER_PLUS_PINNED_NATIVE_LOOP
N4,51,first_fit,5066,25,24,COMPLETED_STDOUT_ORDER_PLUS_PINNED_NATIVE_LOOP
N4,51,first_fit,5067,25,24,COMPLETED_STDOUT_ORDER_PLUS_PINNED_NATIVE_LOOP
N4,51,first_fit,5068,25,24,COMPLETED_STDOUT_ORDER_PLUS_PINNED_NATIVE_LOOP
N4,51,first_fit,5069,25,24,COMPLETED_STDOUT_ORDER_PLUS_PINNED_NATIVE_LOOP
N4,51,first_fit,5070,25,24,COMPLETED_STDOUT_ORDER_PLUS_PINNED_NATIVE_LOOP
N4,51,first_fit,5071,25,24,COMPLETED_STDOUT_ORDER_PLUS_PINNED_NATIVE_LOOP
N4,51,first_fit,5072,25,24,COMPLETED_STDOUT_ORDER_PLUS_PINNED_NATIVE_LOOP
N4,51,first_fit,5073,25,24,COMPLETED_STDOUT_ORDER_PLUS_PINNED_NATIVE_LOOP
N4,51,first_fit,5074,25,24,COMPLETED_STDOUT_ORDER_PLUS_PINNED_NATIVE_LOOP
N4,51,first_fit,5075,25,24,COMPLETED_STDOUT_ORDER_PLUS_PINNED_NATIVE_LOOP
N4,51,first_fit,5076,25,24,COMPLETED_STDOUT_ORDER_PLUS_PINNED_NATIVE_LOOP
N4,51,first_fit,5077,25,24,COMPLETED_STDOUT_ORDER_PLUS_PINNED_NATIVE_LOOP
N4,51,first_fit,5078,25,24,COMPLETED_STDOUT_ORDER_PLUS_PINNED_NATIVE_LOOP
N4,51,first_fit,5079,25,24,COMPLETED_STDOUT_ORDER_PLUS_PINNED_NATIVE_LOOP
N4,51,first_fit,5080,25,24,COMPLETED_STDOUT_ORDER_PLUS_PINNED_NATIVE_LOOP
N4,51,first_fit,5081,25,24,COMPLETED_STDOUT_ORDER_PLUS_PINNED_NATIVE_LOOP
N4,51,first_fit,5082,25,24,COMPLETED_STDOUT_ORDER_PLUS_PINNED_NATIVE_LOOP
N4,51,first_fit,5083,25,24,COMPLETED_STDOUT_ORDER_PLUS_PINNED_NATIVE_LOOP
N4,51,first_fit,5084,25,24,COMPLETED_STDOUT_ORDER_PLUS_PINNED_NATIVE_LOOP
N4,51,first_fit,5085,25,24,COMPLETED_STDOUT_ORDER_PLUS_PINNED_NATIVE_LOOP
N4,51,first_fit,5086,25,24,COMPLETED_STDOUT_ORDER_PLUS_PINNED_NATIVE_LOOP
N4,51,first_fit,5087,25,24,COMPLETED_STDOUT_ORDER_PLUS_PINNED_NATIVE_LOOP
N4,51,first_fit,5088,25,24,COMPLETED_STDOUT_ORDER_PLUS_PINNED_NATIVE_LOOP
N4,51,first_fit,5089,25,24,COMPLETED_STDOUT_ORDER_PLUS_PINNED_NATIVE_LOOP
N4,51,first_fit,5090,25,24,COMPLETED_STDOUT_ORDER_PLUS_PINNED_NATIVE_LOOP
N4,51,first_fit,5091,25,24,COMPLETED_STDOUT_ORDER_PLUS_PINNED_NATIVE_LOOP
N4,51,first_fit,5092,25,24,COMPLETED_STDOUT_ORDER_PLUS_PINNED_NATIVE_LOOP
N4,51,first_fit,5093,25,24,COMPLETED_STDOUT_ORDER_PLUS_PINNED_NATIVE_LOOP
N4,51,first_fit,5094,25,24,COMPLETED_STDOUT_ORDER_PLUS_PINNED_NATIVE_LOOP
N4,51,first_fit,5095,25,24,COMPLETED_STDOUT_ORDER_PLUS_PINNED_NATIVE_LOOP
N4,51,first_fit,5096,25,24,COMPLETED_STDOUT_ORDER_PLUS_PINNED_NATIVE_LOOP
N4,51,first_fit,5097,25,24,COMPLETED_STDOUT_ORDER_PLUS_PINNED_NATIVE_LOOP
N4,51,first_fit,5098,25,24,COMPLETED_STDOUT_ORDER_PLUS_PINNED_NATIVE_LOOP
N4,51,first_fit,5099,25,24,COMPLETED_STDOUT_ORDER_PLUS_PINNED_NATIVE_LOOP
N4,52,first_fit,5100,25,24,COMPLETED_STDOUT_ORDER_PLUS_PINNED_NATIVE_LOOP
N4,52,first_fit,5101,25,24,COMPLETED_STDOUT_ORDER_PLUS_PINNED_NATIVE_LOOP
N4,52,first_fit,5102,25,24,COMPLETED_STDOUT_ORDER_PLUS_PINNED_NATIVE_LOOP
N4,52,first_fit,5103,25,24,COMPLETED_STDOUT_ORDER_PLUS_PINNED_NATIVE_LOOP
N4,52,first_fit,5104,25,24,COMPLETED_STDOUT_ORDER_PLUS_PINNED_NATIVE_LOOP
N4,52,first_fit,5105,25,24,COMPLETED_STDOUT_ORDER_PLUS_PINNED_NATIVE_LOOP
N4,52,first_fit,5106,25,24,COMPLETED_STDOUT_ORDER_PLUS_PINNED_NATIVE_LOOP
N4,52,first_fit,5107,25,24,COMPLETED_STDOUT_ORDER_PLUS_PINNED_NATIVE_LOOP
N4,52,first_fit,5108,25,24,COMPLETED_STDOUT_ORDER_PLUS_PINNED_NATIVE_LOOP
N4,52,first_fit,5109,25,24,COMPLETED_STDOUT_ORDER_PLUS_PINNED_NATIVE_LOOP
N4,52,first_fit,5110,25,24,COMPLETED_STDOUT_ORDER_PLUS_PINNED_NATIVE_LOOP
N4,52,first_fit,5111,25,24,COMPLETED_STDOUT_ORDER_PLUS_PINNED_NATIVE_LOOP
N4,52,first_fit,5112,25,24,COMPLETED_STDOUT_ORDER_PLUS_PINNED_NATIVE_LOOP
N4,52,first_fit,5113,25,24,COMPLETED_STDOUT_ORDER_PLUS_PINNED_NATIVE_LOOP
N4,52,first_fit,5114,25,24,COMPLETED_STDOUT_ORDER_PLUS_PINNED_NATIVE_LOOP
N4,52,first_fit,5115,25,24,COMPLETED_STDOUT_ORDER_PLUS_PINNED_NATIVE_LOOP
N4,52,first_fit,5116,25,24,COMPLETED_STDOUT_ORDER_PLUS_PINNED_NATIVE_LOOP
N4,52,first_fit,5117,25,24,COMPLETED_STDOUT_ORDER_PLUS_PINNED_NATIVE_LOOP
N4,52,first_fit,5118,25,24,COMPLETED_STDOUT_ORDER_PLUS_PINNED_NATIVE_LOOP
N4,52,first_fit,5119,25,24,COMPLETED_STDOUT_ORDER_PLUS_PINNED_NATIVE_LOOP
N4,52,first_fit,5120,25,24,COMPLETED_STDOUT_ORDER_PLUS_PINNED_NATIVE_LOOP
N4,52,first_fit,5121,25,24,COMPLETED_STDOUT_ORDER_PLUS_PINNED_NATIVE_LOOP
N4,52,first_fit,5122,25,24,COMPLETED_STDOUT_ORDER_PLUS_PINNED_NATIVE_LOOP
N4,52,first_fit,5123,25,24,COMPLETED_STDOUT_ORDER_PLUS_PINNED_NATIVE_LOOP
N4,52,first_fit,5124,25,24,COMPLETED_STDOUT_ORDER_PLUS_PINNED_NATIVE_LOOP
N4,52,first_fit,5125,25,24,COMPLETED_STDOUT_ORDER_PLUS_PINNED_NATIVE_LOOP
N4,52,first_fit,5126,25,24,COMPLETED_STDOUT_ORDER_PLUS_PINNED_NATIVE_LOOP
N4,52,first_fit,5127,25,24,COMPLETED_STDOUT_ORDER_PLUS_PINNED_NATIVE_LOOP
N4,52,first_fit,5128,25,24,COMPLETED_STDOUT_ORDER_PLUS_PINNED_NATIVE_LOOP
N4,52,first_fit,5129,25,24,COMPLETED_STDOUT_ORDER_PLUS_PINNED_NATIVE_LOOP
N4,52,first_fit,5130,25,24,COMPLETED_STDOUT_ORDER_PLUS_PINNED_NATIVE_LOOP
N4,52,first_fit,5131,25,24,COMPLETED_STDOUT_ORDER_PLUS_PINNED_NATIVE_LOOP
N4,52,first_fit,5132,25,24,COMPLETED_STDOUT_ORDER_PLUS_PINNED_NATIVE_LOOP
N4,52,first_fit,5133,25,24,COMPLETED_STDOUT_ORDER_PLUS_PINNED_NATIVE_LOOP
N4,52,first_fit,5134,25,24,COMPLETED_STDOUT_ORDER_PLUS_PINNED_NATIVE_LOOP
N4,52,first_fit,5135,25,24,COMPLETED_STDOUT_ORDER_PLUS_PINNED_NATIVE_LOOP
N4,52,first_fit,5136,25,24,COMPLETED_STDOUT_ORDER_PLUS_PINNED_NATIVE_LOOP
N4,52,first_fit,5137,25,24,COMPLETED_STDOUT_ORDER_PLUS_PINNED_NATIVE_LOOP
N4,52,first_fit,5138,25,24,COMPLETED_STDOUT_ORDER_PLUS_PINNED_NATIVE_LOOP
N4,52,first_fit,5139,25,24,COMPLETED_STDOUT_ORDER_PLUS_PINNED_NATIVE_LOOP
N4,52,first_fit,5140,25,24,COMPLETED_STDOUT_ORDER_PLUS_PINNED_NATIVE_LOOP
N4,52,first_fit,5141,25,24,COMPLETED_STDOUT_ORDER_PLUS_PINNED_NATIVE_LOOP
N4,52,first_fit,5142,25,24,COMPLETED_STDOUT_ORDER_PLUS_PINNED_NATIVE_LOOP
N4,52,first_fit,5143,25,24,COMPLETED_STDOUT_ORDER_PLUS_PINNED_NATIVE_LOOP
N4,52,first_fit,5144,25,24,COMPLETED_STDOUT_ORDER_PLUS_PINNED_NATIVE_LOOP
N4,52,first_fit,5145,25,24,COMPLETED_STDOUT_ORDER_PLUS_PINNED_NATIVE_LOOP
N4,52,first_fit,5146,25,24,COMPLETED_STDOUT_ORDER_PLUS_PINNED_NATIVE_LOOP
N4,52,first_fit,5147,25,24,COMPLETED_STDOUT_ORDER_PLUS_PINNED_NATIVE_LOOP
N4,52,first_fit,5148,25,24,COMPLETED_STDOUT_ORDER_PLUS_PINNED_NATIVE_LOOP
N4,52,first_fit,5149,25,24,COMPLETED_STDOUT_ORDER_PLUS_PINNED_NATIVE_LOOP
N4,52,first_fit,5150,25,24,COMPLETED_STDOUT_ORDER_PLUS_PINNED_NATIVE_LOOP
N4,52,first_fit,5151,25,24,COMPLETED_STDOUT_ORDER_PLUS_PINNED_NATIVE_LOOP
N4,52,first_fit,5152,25,24,COMPLETED_STDOUT_ORDER_PLUS_PINNED_NATIVE_LOOP
N4,52,first_fit,5153,25,24,COMPLETED_STDOUT_ORDER_PLUS_PINNED_NATIVE_LOOP
N4,52,first_fit,5154,25,24,COMPLETED_STDOUT_ORDER_PLUS_PINNED_NATIVE_LOOP
N4,52,first_fit,5155,25,24,COMPLETED_STDOUT_ORDER_PLUS_PINNED_NATIVE_LOOP
N4,52,first_fit,5156,25,24,COMPLETED_STDOUT_ORDER_PLUS_PINNED_NATIVE_LOOP
N4,52,first_fit,5157,25,24,COMPLETED_STDOUT_ORDER_PLUS_PINNED_NATIVE_LOOP
N4,52,first_fit,5158,25,24,COMPLETED_STDOUT_ORDER_PLUS_PINNED_NATIVE_LOOP
N4,52,first_fit,5159,25,24,COMPLETED_STDOUT_ORDER_PLUS_PINNED_NATIVE_LOOP
N4,52,first_fit,5160,25,24,COMPLETED_STDOUT_ORDER_PLUS_PINNED_NATIVE_LOOP
N4,52,first_fit,5161,25,24,COMPLETED_STDOUT_ORDER_PLUS_PINNED_NATIVE_LOOP
N4,52,first_fit,5162,25,24,COMPLETED_STDOUT_ORDER_PLUS_PINNED_NATIVE_LOOP
N4,52,first_fit,5163,25,24,COMPLETED_STDOUT_ORDER_PLUS_PINNED_NATIVE_LOOP
N4,52,first_fit,5164,25,24,COMPLETED_STDOUT_ORDER_PLUS_PINNED_NATIVE_LOOP
N4,52,first_fit,5165,25,24,COMPLETED_STDOUT_ORDER_PLUS_PINNED_NATIVE_LOOP
N4,52,first_fit,5166,25,24,COMPLETED_STDOUT_ORDER_PLUS_PINNED_NATIVE_LOOP
N4,52,first_fit,5167,25,24,COMPLETED_STDOUT_ORDER_PLUS_PINNED_NATIVE_LOOP
N4,52,first_fit,5168,25,24,COMPLETED_STDOUT_ORDER_PLUS_PINNED_NATIVE_LOOP
N4,52,first_fit,5169,25,24,COMPLETED_STDOUT_ORDER_PLUS_PINNED_NATIVE_LOOP
N4,52,first_fit,5170,25,24,COMPLETED_STDOUT_ORDER_PLUS_PINNED_NATIVE_LOOP
N4,52,first_fit,5171,25,24,COMPLETED_STDOUT_ORDER_PLUS_PINNED_NATIVE_LOOP
N4,52,first_fit,5172,25,24,COMPLETED_STDOUT_ORDER_PLUS_PINNED_NATIVE_LOOP
N4,52,first_fit,5173,25,24,COMPLETED_STDOUT_ORDER_PLUS_PINNED_NATIVE_LOOP
N4,52,first_fit,5174,25,24,COMPLETED_STDOUT_ORDER_PLUS_PINNED_NATIVE_LOOP
N4,52,first_fit,5175,25,24,COMPLETED_STDOUT_ORDER_PLUS_PINNED_NATIVE_LOOP
N4,52,first_fit,5176,25,24,COMPLETED_STDOUT_ORDER_PLUS_PINNED_NATIVE_LOOP
N4,52,first_fit,5177,25,24,COMPLETED_STDOUT_ORDER_PLUS_PINNED_NATIVE_LOOP
N4,52,first_fit,5178,25,24,COMPLETED_STDOUT_ORDER_PLUS_PINNED_NATIVE_LOOP
N4,52,first_fit,5179,25,24,COMPLETED_STDOUT_ORDER_PLUS_PINNED_NATIVE_LOOP
N4,52,first_fit,5180,25,24,COMPLETED_STDOUT_ORDER_PLUS_PINNED_NATIVE_LOOP
N4,52,first_fit,5181,25,24,COMPLETED_STDOUT_ORDER_PLUS_PINNED_NATIVE_LOOP
N4,52,first_fit,5182,25,24,COMPLETED_STDOUT_ORDER_PLUS_PINNED_NATIVE_LOOP
N4,52,first_fit,5183,25,24,COMPLETED_STDOUT_ORDER_PLUS_PINNED_NATIVE_LOOP
N4,52,first_fit,5184,25,24,COMPLETED_STDOUT_ORDER_PLUS_PINNED_NATIVE_LOOP
N4,52,first_fit,5185,25,24,COMPLETED_STDOUT_ORDER_PLUS_PINNED_NATIVE_LOOP
N4,52,first_fit,5186,25,24,COMPLETED_STDOUT_ORDER_PLUS_PINNED_NATIVE_LOOP
N4,52,first_fit,5187,25,24,COMPLETED_STDOUT_ORDER_PLUS_PINNED_NATIVE_LOOP
N4,52,first_fit,5188,25,24,COMPLETED_STDOUT_ORDER_PLUS_PINNED_NATIVE_LOOP
N4,52,first_fit,5189,25,24,COMPLETED_STDOUT_ORDER_PLUS_PINNED_NATIVE_LOOP
N4,52,first_fit,5190,25,24,COMPLETED_STDOUT_ORDER_PLUS_PINNED_NATIVE_LOOP
N4,52,first_fit,5191,25,24,COMPLETED_STDOUT_ORDER_PLUS_PINNED_NATIVE_LOOP
N4,52,first_fit,5192,25,24,COMPLETED_STDOUT_ORDER_PLUS_PINNED_NATIVE_LOOP
N4,52,first_fit,5193,25,24,COMPLETED_STDOUT_ORDER_PLUS_PINNED_NATIVE_LOOP
N4,52,first_fit,5194,25,24,COMPLETED_STDOUT_ORDER_PLUS_PINNED_NATIVE_LOOP
N4,52,first_fit,5195,25,24,COMPLETED_STDOUT_ORDER_PLUS_PINNED_NATIVE_LOOP
N4,52,first_fit,5196,25,24,COMPLETED_STDOUT_ORDER_PLUS_PINNED_NATIVE_LOOP
N4,52,first_fit,5197,25,24,COMPLETED_STDOUT_ORDER_PLUS_PINNED_NATIVE_LOOP
N4,52,first_fit,5198,25,24,COMPLETED_STDOUT_ORDER_PLUS_PINNED_NATIVE_LOOP
N4,52,first_fit,5199,25,24,COMPLETED_STDOUT_ORDER_PLUS_PINNED_NATIVE_LOOP
N4,53,first_fit,5200,25,24,COMPLETED_STDOUT_ORDER_PLUS_PINNED_NATIVE_LOOP
N4,53,first_fit,5201,25,24,COMPLETED_STDOUT_ORDER_PLUS_PINNED_NATIVE_LOOP
N4,53,first_fit,5202,25,24,COMPLETED_STDOUT_ORDER_PLUS_PINNED_NATIVE_LOOP
N4,53,first_fit,5203,25,24,COMPLETED_STDOUT_ORDER_PLUS_PINNED_NATIVE_LOOP
N4,53,first_fit,5204,25,24,COMPLETED_STDOUT_ORDER_PLUS_PINNED_NATIVE_LOOP
N4,53,first_fit,5205,25,24,COMPLETED_STDOUT_ORDER_PLUS_PINNED_NATIVE_LOOP
N4,53,first_fit,5206,25,24,COMPLETED_STDOUT_ORDER_PLUS_PINNED_NATIVE_LOOP
N4,53,first_fit,5207,25,24,COMPLETED_STDOUT_ORDER_PLUS_PINNED_NATIVE_LOOP
N4,53,first_fit,5208,25,24,COMPLETED_STDOUT_ORDER_PLUS_PINNED_NATIVE_LOOP
N4,53,first_fit,5209,25,24,COMPLETED_STDOUT_ORDER_PLUS_PINNED_NATIVE_LOOP
N4,53,first_fit,5210,25,24,COMPLETED_STDOUT_ORDER_PLUS_PINNED_NATIVE_LOOP
N4,53,first_fit,5211,25,24,COMPLETED_STDOUT_ORDER_PLUS_PINNED_NATIVE_LOOP
N4,53,first_fit,5212,25,24,COMPLETED_STDOUT_ORDER_PLUS_PINNED_NATIVE_LOOP
N4,53,first_fit,5213,25,24,COMPLETED_STDOUT_ORDER_PLUS_PINNED_NATIVE_LOOP
N4,53,first_fit,5214,25,24,COMPLETED_STDOUT_ORDER_PLUS_PINNED_NATIVE_LOOP
N4,53,first_fit,5215,25,24,COMPLETED_STDOUT_ORDER_PLUS_PINNED_NATIVE_LOOP
N4,53,first_fit,5216,25,24,COMPLETED_STDOUT_ORDER_PLUS_PINNED_NATIVE_LOOP
N4,53,first_fit,5217,25,24,COMPLETED_STDOUT_ORDER_PLUS_PINNED_NATIVE_LOOP
N4,53,first_fit,5218,25,24,COMPLETED_STDOUT_ORDER_PLUS_PINNED_NATIVE_LOOP
N4,53,first_fit,5219,25,24,COMPLETED_STDOUT_ORDER_PLUS_PINNED_NATIVE_LOOP
N4,53,first_fit,5220,25,24,COMPLETED_STDOUT_ORDER_PLUS_PINNED_NATIVE_LOOP
N4,53,first_fit,5221,25,24,COMPLETED_STDOUT_ORDER_PLUS_PINNED_NATIVE_LOOP
N4,53,first_fit,5222,25,24,COMPLETED_STDOUT_ORDER_PLUS_PINNED_NATIVE_LOOP
N4,53,first_fit,5223,25,24,COMPLETED_STDOUT_ORDER_PLUS_PINNED_NATIVE_LOOP
N4,53,first_fit,5224,25,24,COMPLETED_STDOUT_ORDER_PLUS_PINNED_NATIVE_LOOP
N4,53,first_fit,5225,25,24,COMPLETED_STDOUT_ORDER_PLUS_PINNED_NATIVE_LOOP
N4,53,first_fit,5226,25,24,COMPLETED_STDOUT_ORDER_PLUS_PINNED_NATIVE_LOOP
N4,53,first_fit,5227,25,24,COMPLETED_STDOUT_ORDER_PLUS_PINNED_NATIVE_LOOP
N4,53,first_fit,5228,25,24,COMPLETED_STDOUT_ORDER_PLUS_PINNED_NATIVE_LOOP
N4,53,first_fit,5229,25,24,COMPLETED_STDOUT_ORDER_PLUS_PINNED_NATIVE_LOOP
N4,53,first_fit,5230,25,24,COMPLETED_STDOUT_ORDER_PLUS_PINNED_NATIVE_LOOP
N4,53,first_fit,5231,25,24,COMPLETED_STDOUT_ORDER_PLUS_PINNED_NATIVE_LOOP
N4,53,first_fit,5232,25,24,COMPLETED_STDOUT_ORDER_PLUS_PINNED_NATIVE_LOOP
N4,53,first_fit,5233,25,24,COMPLETED_STDOUT_ORDER_PLUS_PINNED_NATIVE_LOOP
N4,53,first_fit,5234,25,24,COMPLETED_STDOUT_ORDER_PLUS_PINNED_NATIVE_LOOP
N4,53,first_fit,5235,25,24,COMPLETED_STDOUT_ORDER_PLUS_PINNED_NATIVE_LOOP
N4,53,first_fit,5236,25,24,COMPLETED_STDOUT_ORDER_PLUS_PINNED_NATIVE_LOOP
N4,53,first_fit,5237,25,24,COMPLETED_STDOUT_ORDER_PLUS_PINNED_NATIVE_LOOP
N4,53,first_fit,5238,25,24,COMPLETED_STDOUT_ORDER_PLUS_PINNED_NATIVE_LOOP
N4,53,first_fit,5239,25,24,COMPLETED_STDOUT_ORDER_PLUS_PINNED_NATIVE_LOOP
N4,53,first_fit,5240,25,24,COMPLETED_STDOUT_ORDER_PLUS_PINNED_NATIVE_LOOP
N4,53,first_fit,5241,25,24,COMPLETED_STDOUT_ORDER_PLUS_PINNED_NATIVE_LOOP
N4,53,first_fit,5242,25,24,COMPLETED_STDOUT_ORDER_PLUS_PINNED_NATIVE_LOOP
N4,53,first_fit,5243,25,24,COMPLETED_STDOUT_ORDER_PLUS_PINNED_NATIVE_LOOP
N4,53,first_fit,5244,25,24,COMPLETED_STDOUT_ORDER_PLUS_PINNED_NATIVE_LOOP
N4,53,first_fit,5245,25,24,COMPLETED_STDOUT_ORDER_PLUS_PINNED_NATIVE_LOOP
N4,53,first_fit,5246,25,24,COMPLETED_STDOUT_ORDER_PLUS_PINNED_NATIVE_LOOP
N4,53,first_fit,5247,25,24,COMPLETED_STDOUT_ORDER_PLUS_PINNED_NATIVE_LOOP
N4,53,first_fit,5248,25,24,COMPLETED_STDOUT_ORDER_PLUS_PINNED_NATIVE_LOOP
N4,53,first_fit,5249,25,24,COMPLETED_STDOUT_ORDER_PLUS_PINNED_NATIVE_LOOP
N4,53,first_fit,5250,25,24,COMPLETED_STDOUT_ORDER_PLUS_PINNED_NATIVE_LOOP
N4,53,first_fit,5251,25,24,COMPLETED_STDOUT_ORDER_PLUS_PINNED_NATIVE_LOOP
N4,53,first_fit,5252,25,24,COMPLETED_STDOUT_ORDER_PLUS_PINNED_NATIVE_LOOP
N4,53,first_fit,5253,25,24,COMPLETED_STDOUT_ORDER_PLUS_PINNED_NATIVE_LOOP
N4,53,first_fit,5254,25,24,COMPLETED_STDOUT_ORDER_PLUS_PINNED_NATIVE_LOOP
N4,53,first_fit,5255,25,24,COMPLETED_STDOUT_ORDER_PLUS_PINNED_NATIVE_LOOP
N4,53,first_fit,5256,25,24,COMPLETED_STDOUT_ORDER_PLUS_PINNED_NATIVE_LOOP
N4,53,first_fit,5257,25,24,COMPLETED_STDOUT_ORDER_PLUS_PINNED_NATIVE_LOOP
N4,53,first_fit,5258,25,24,COMPLETED_STDOUT_ORDER_PLUS_PINNED_NATIVE_LOOP
N4,53,first_fit,5259,25,24,COMPLETED_STDOUT_ORDER_PLUS_PINNED_NATIVE_LOOP
N4,53,first_fit,5260,25,24,COMPLETED_STDOUT_ORDER_PLUS_PINNED_NATIVE_LOOP
N4,53,first_fit,5261,25,24,COMPLETED_STDOUT_ORDER_PLUS_PINNED_NATIVE_LOOP
N4,53,first_fit,5262,25,24,COMPLETED_STDOUT_ORDER_PLUS_PINNED_NATIVE_LOOP
N4,53,first_fit,5263,25,24,COMPLETED_STDOUT_ORDER_PLUS_PINNED_NATIVE_LOOP
N4,53,first_fit,5264,25,24,COMPLETED_STDOUT_ORDER_PLUS_PINNED_NATIVE_LOOP
N4,53,first_fit,5265,25,24,COMPLETED_STDOUT_ORDER_PLUS_PINNED_NATIVE_LOOP
N4,53,first_fit,5266,25,24,COMPLETED_STDOUT_ORDER_PLUS_PINNED_NATIVE_LOOP
N4,53,first_fit,5267,25,24,COMPLETED_STDOUT_ORDER_PLUS_PINNED_NATIVE_LOOP
N4,53,first_fit,5268,25,24,COMPLETED_STDOUT_ORDER_PLUS_PINNED_NATIVE_LOOP
N4,53,first_fit,5269,25,24,COMPLETED_STDOUT_ORDER_PLUS_PINNED_NATIVE_LOOP
N4,53,first_fit,5270,25,24,COMPLETED_STDOUT_ORDER_PLUS_PINNED_NATIVE_LOOP
N4,53,first_fit,5271,25,24,COMPLETED_STDOUT_ORDER_PLUS_PINNED_NATIVE_LOOP
N4,53,first_fit,5272,25,24,COMPLETED_STDOUT_ORDER_PLUS_PINNED_NATIVE_LOOP
N4,53,first_fit,5273,25,24,COMPLETED_STDOUT_ORDER_PLUS_PINNED_NATIVE_LOOP
N4,53,first_fit,5274,25,24,COMPLETED_STDOUT_ORDER_PLUS_PINNED_NATIVE_LOOP
N4,53,first_fit,5275,25,24,COMPLETED_STDOUT_ORDER_PLUS_PINNED_NATIVE_LOOP
N4,53,first_fit,5276,25,24,COMPLETED_STDOUT_ORDER_PLUS_PINNED_NATIVE_LOOP
N4,53,first_fit,5277,25,24,COMPLETED_STDOUT_ORDER_PLUS_PINNED_NATIVE_LOOP
N4,53,first_fit,5278,25,24,COMPLETED_STDOUT_ORDER_PLUS_PINNED_NATIVE_LOOP
N4,53,first_fit,5279,25,24,COMPLETED_STDOUT_ORDER_PLUS_PINNED_NATIVE_LOOP
N4,53,first_fit,5280,25,24,COMPLETED_STDOUT_ORDER_PLUS_PINNED_NATIVE_LOOP
N4,53,first_fit,5281,25,24,COMPLETED_STDOUT_ORDER_PLUS_PINNED_NATIVE_LOOP
N4,53,first_fit,5282,25,24,COMPLETED_STDOUT_ORDER_PLUS_PINNED_NATIVE_LOOP
N4,53,first_fit,5283,25,24,COMPLETED_STDOUT_ORDER_PLUS_PINNED_NATIVE_LOOP
N4,53,first_fit,5284,25,24,COMPLETED_STDOUT_ORDER_PLUS_PINNED_NATIVE_LOOP
N4,53,first_fit,5285,25,24,COMPLETED_STDOUT_ORDER_PLUS_PINNED_NATIVE_LOOP
N4,53,first_fit,5286,25,24,COMPLETED_STDOUT_ORDER_PLUS_PINNED_NATIVE_LOOP
N4,53,first_fit,5287,25,24,COMPLETED_STDOUT_ORDER_PLUS_PINNED_NATIVE_LOOP
N4,53,first_fit,5288,25,24,COMPLETED_STDOUT_ORDER_PLUS_PINNED_NATIVE_LOOP
N4,53,first_fit,5289,25,24,COMPLETED_STDOUT_ORDER_PLUS_PINNED_NATIVE_LOOP
N4,53,first_fit,5290,25,24,COMPLETED_STDOUT_ORDER_PLUS_PINNED_NATIVE_LOOP
N4,53,first_fit,5291,25,24,COMPLETED_STDOUT_ORDER_PLUS_PINNED_NATIVE_LOOP
N4,53,first_fit,5292,25,24,COMPLETED_STDOUT_ORDER_PLUS_PINNED_NATIVE_LOOP
N4,53,first_fit,5293,25,24,COMPLETED_STDOUT_ORDER_PLUS_PINNED_NATIVE_LOOP
N4,53,first_fit,5294,25,24,COMPLETED_STDOUT_ORDER_PLUS_PINNED_NATIVE_LOOP
N4,53,first_fit,5295,25,24,COMPLETED_STDOUT_ORDER_PLUS_PINNED_NATIVE_LOOP
N4,53,first_fit,5296,25,24,COMPLETED_STDOUT_ORDER_PLUS_PINNED_NATIVE_LOOP
N4,53,first_fit,5297,25,24,COMPLETED_STDOUT_ORDER_PLUS_PINNED_NATIVE_LOOP
N4,53,first_fit,5298,25,24,COMPLETED_STDOUT_ORDER_PLUS_PINNED_NATIVE_LOOP
N4,53,first_fit,5299,25,24,COMPLETED_STDOUT_ORDER_PLUS_PINNED_NATIVE_LOOP
N4,54,first_fit,5300,25,24,COMPLETED_STDOUT_ORDER_PLUS_PINNED_NATIVE_LOOP
N4,54,first_fit,5301,25,24,COMPLETED_STDOUT_ORDER_PLUS_PINNED_NATIVE_LOOP
N4,54,first_fit,5302,25,24,COMPLETED_STDOUT_ORDER_PLUS_PINNED_NATIVE_LOOP
N4,54,first_fit,5303,25,24,COMPLETED_STDOUT_ORDER_PLUS_PINNED_NATIVE_LOOP
N4,54,first_fit,5304,25,24,COMPLETED_STDOUT_ORDER_PLUS_PINNED_NATIVE_LOOP
N4,54,first_fit,5305,25,24,COMPLETED_STDOUT_ORDER_PLUS_PINNED_NATIVE_LOOP
N4,54,first_fit,5306,25,24,COMPLETED_STDOUT_ORDER_PLUS_PINNED_NATIVE_LOOP
N4,54,first_fit,5307,25,24,COMPLETED_STDOUT_ORDER_PLUS_PINNED_NATIVE_LOOP
N4,54,first_fit,5308,25,24,COMPLETED_STDOUT_ORDER_PLUS_PINNED_NATIVE_LOOP
N4,54,first_fit,5309,25,24,COMPLETED_STDOUT_ORDER_PLUS_PINNED_NATIVE_LOOP
N4,54,first_fit,5310,25,24,COMPLETED_STDOUT_ORDER_PLUS_PINNED_NATIVE_LOOP
N4,54,first_fit,5311,25,24,COMPLETED_STDOUT_ORDER_PLUS_PINNED_NATIVE_LOOP
N4,54,first_fit,5312,25,24,COMPLETED_STDOUT_ORDER_PLUS_PINNED_NATIVE_LOOP
N4,54,first_fit,5313,25,24,COMPLETED_STDOUT_ORDER_PLUS_PINNED_NATIVE_LOOP
N4,54,first_fit,5314,25,24,COMPLETED_STDOUT_ORDER_PLUS_PINNED_NATIVE_LOOP
N4,54,first_fit,5315,25,24,COMPLETED_STDOUT_ORDER_PLUS_PINNED_NATIVE_LOOP
N4,54,first_fit,5316,25,24,COMPLETED_STDOUT_ORDER_PLUS_PINNED_NATIVE_LOOP
N4,54,first_fit,5317,25,24,COMPLETED_STDOUT_ORDER_PLUS_PINNED_NATIVE_LOOP
N4,54,first_fit,5318,25,24,COMPLETED_STDOUT_ORDER_PLUS_PINNED_NATIVE_LOOP
N4,54,first_fit,5319,25,24,COMPLETED_STDOUT_ORDER_PLUS_PINNED_NATIVE_LOOP
N4,54,first_fit,5320,25,24,COMPLETED_STDOUT_ORDER_PLUS_PINNED_NATIVE_LOOP
N4,54,first_fit,5321,25,24,COMPLETED_STDOUT_ORDER_PLUS_PINNED_NATIVE_LOOP
N4,54,first_fit,5322,25,24,COMPLETED_STDOUT_ORDER_PLUS_PINNED_NATIVE_LOOP
N4,54,first_fit,5323,25,24,COMPLETED_STDOUT_ORDER_PLUS_PINNED_NATIVE_LOOP
N4,54,first_fit,5324,25,24,COMPLETED_STDOUT_ORDER_PLUS_PINNED_NATIVE_LOOP
N4,54,first_fit,5325,25,24,COMPLETED_STDOUT_ORDER_PLUS_PINNED_NATIVE_LOOP
N4,54,first_fit,5326,25,24,COMPLETED_STDOUT_ORDER_PLUS_PINNED_NATIVE_LOOP
N4,54,first_fit,5327,25,24,COMPLETED_STDOUT_ORDER_PLUS_PINNED_NATIVE_LOOP
N4,54,first_fit,5328,25,24,COMPLETED_STDOUT_ORDER_PLUS_PINNED_NATIVE_LOOP
N4,54,first_fit,5329,25,24,COMPLETED_STDOUT_ORDER_PLUS_PINNED_NATIVE_LOOP
N4,54,first_fit,5330,25,24,COMPLETED_STDOUT_ORDER_PLUS_PINNED_NATIVE_LOOP
N4,54,first_fit,5331,25,24,COMPLETED_STDOUT_ORDER_PLUS_PINNED_NATIVE_LOOP
N4,54,first_fit,5332,25,24,COMPLETED_STDOUT_ORDER_PLUS_PINNED_NATIVE_LOOP
N4,54,first_fit,5333,25,24,COMPLETED_STDOUT_ORDER_PLUS_PINNED_NATIVE_LOOP
N4,54,first_fit,5334,25,24,COMPLETED_STDOUT_ORDER_PLUS_PINNED_NATIVE_LOOP
N4,54,first_fit,5335,25,24,COMPLETED_STDOUT_ORDER_PLUS_PINNED_NATIVE_LOOP
N4,54,first_fit,5336,25,24,COMPLETED_STDOUT_ORDER_PLUS_PINNED_NATIVE_LOOP
N4,54,first_fit,5337,25,24,COMPLETED_STDOUT_ORDER_PLUS_PINNED_NATIVE_LOOP
N4,54,first_fit,5338,25,24,COMPLETED_STDOUT_ORDER_PLUS_PINNED_NATIVE_LOOP
N4,54,first_fit,5339,25,24,COMPLETED_STDOUT_ORDER_PLUS_PINNED_NATIVE_LOOP
N4,54,first_fit,5340,25,24,COMPLETED_STDOUT_ORDER_PLUS_PINNED_NATIVE_LOOP
N4,54,first_fit,5341,25,24,COMPLETED_STDOUT_ORDER_PLUS_PINNED_NATIVE_LOOP
N4,54,first_fit,5342,25,24,COMPLETED_STDOUT_ORDER_PLUS_PINNED_NATIVE_LOOP
N4,54,first_fit,5343,25,24,COMPLETED_STDOUT_ORDER_PLUS_PINNED_NATIVE_LOOP
N4,54,first_fit,5344,25,24,COMPLETED_STDOUT_ORDER_PLUS_PINNED_NATIVE_LOOP
N4,54,first_fit,5345,25,24,COMPLETED_STDOUT_ORDER_PLUS_PINNED_NATIVE_LOOP
N4,54,first_fit,5346,25,24,COMPLETED_STDOUT_ORDER_PLUS_PINNED_NATIVE_LOOP
N4,54,first_fit,5347,25,24,COMPLETED_STDOUT_ORDER_PLUS_PINNED_NATIVE_LOOP
N4,54,first_fit,5348,25,24,COMPLETED_STDOUT_ORDER_PLUS_PINNED_NATIVE_LOOP
N4,54,first_fit,5349,25,24,COMPLETED_STDOUT_ORDER_PLUS_PINNED_NATIVE_LOOP
N4,54,first_fit,5350,25,24,COMPLETED_STDOUT_ORDER_PLUS_PINNED_NATIVE_LOOP
N4,54,first_fit,5351,25,24,COMPLETED_STDOUT_ORDER_PLUS_PINNED_NATIVE_LOOP
N4,54,first_fit,5352,25,24,COMPLETED_STDOUT_ORDER_PLUS_PINNED_NATIVE_LOOP
N4,54,first_fit,5353,25,24,COMPLETED_STDOUT_ORDER_PLUS_PINNED_NATIVE_LOOP
N4,54,first_fit,5354,25,24,COMPLETED_STDOUT_ORDER_PLUS_PINNED_NATIVE_LOOP
N4,54,first_fit,5355,25,24,COMPLETED_STDOUT_ORDER_PLUS_PINNED_NATIVE_LOOP
N4,54,first_fit,5356,25,24,COMPLETED_STDOUT_ORDER_PLUS_PINNED_NATIVE_LOOP
N4,54,first_fit,5357,25,24,COMPLETED_STDOUT_ORDER_PLUS_PINNED_NATIVE_LOOP
N4,54,first_fit,5358,25,24,COMPLETED_STDOUT_ORDER_PLUS_PINNED_NATIVE_LOOP
N4,54,first_fit,5359,25,24,COMPLETED_STDOUT_ORDER_PLUS_PINNED_NATIVE_LOOP
N4,54,first_fit,5360,25,24,COMPLETED_STDOUT_ORDER_PLUS_PINNED_NATIVE_LOOP
N4,54,first_fit,5361,25,24,COMPLETED_STDOUT_ORDER_PLUS_PINNED_NATIVE_LOOP
N4,54,first_fit,5362,25,24,COMPLETED_STDOUT_ORDER_PLUS_PINNED_NATIVE_LOOP
N4,54,first_fit,5363,25,24,COMPLETED_STDOUT_ORDER_PLUS_PINNED_NATIVE_LOOP
N4,54,first_fit,5364,25,24,COMPLETED_STDOUT_ORDER_PLUS_PINNED_NATIVE_LOOP
N4,54,first_fit,5365,25,24,COMPLETED_STDOUT_ORDER_PLUS_PINNED_NATIVE_LOOP
N4,54,first_fit,5366,25,24,COMPLETED_STDOUT_ORDER_PLUS_PINNED_NATIVE_LOOP
N4,54,first_fit,5367,25,24,COMPLETED_STDOUT_ORDER_PLUS_PINNED_NATIVE_LOOP
N4,54,first_fit,5368,25,24,COMPLETED_STDOUT_ORDER_PLUS_PINNED_NATIVE_LOOP
N4,54,first_fit,5369,25,24,COMPLETED_STDOUT_ORDER_PLUS_PINNED_NATIVE_LOOP
N4,54,first_fit,5370,25,24,COMPLETED_STDOUT_ORDER_PLUS_PINNED_NATIVE_LOOP
N4,54,first_fit,5371,25,24,COMPLETED_STDOUT_ORDER_PLUS_PINNED_NATIVE_LOOP
N4,54,first_fit,5372,25,24,COMPLETED_STDOUT_ORDER_PLUS_PINNED_NATIVE_LOOP
N4,54,first_fit,5373,25,24,COMPLETED_STDOUT_ORDER_PLUS_PINNED_NATIVE_LOOP
N4,54,first_fit,5374,25,24,COMPLETED_STDOUT_ORDER_PLUS_PINNED_NATIVE_LOOP
N4,54,first_fit,5375,25,24,COMPLETED_STDOUT_ORDER_PLUS_PINNED_NATIVE_LOOP
N4,54,first_fit,5376,25,24,COMPLETED_STDOUT_ORDER_PLUS_PINNED_NATIVE_LOOP
N4,54,first_fit,5377,25,24,COMPLETED_STDOUT_ORDER_PLUS_PINNED_NATIVE_LOOP
N4,54,first_fit,5378,25,24,COMPLETED_STDOUT_ORDER_PLUS_PINNED_NATIVE_LOOP
N4,54,first_fit,5379,25,24,COMPLETED_STDOUT_ORDER_PLUS_PINNED_NATIVE_LOOP
N4,54,first_fit,5380,25,24,COMPLETED_STDOUT_ORDER_PLUS_PINNED_NATIVE_LOOP
N4,54,first_fit,5381,25,24,COMPLETED_STDOUT_ORDER_PLUS_PINNED_NATIVE_LOOP
N4,54,first_fit,5382,25,24,COMPLETED_STDOUT_ORDER_PLUS_PINNED_NATIVE_LOOP
N4,54,first_fit,5383,25,24,COMPLETED_STDOUT_ORDER_PLUS_PINNED_NATIVE_LOOP
N4,54,first_fit,5384,25,24,COMPLETED_STDOUT_ORDER_PLUS_PINNED_NATIVE_LOOP
N4,54,first_fit,5385,25,24,COMPLETED_STDOUT_ORDER_PLUS_PINNED_NATIVE_LOOP
N4,54,first_fit,5386,25,24,COMPLETED_STDOUT_ORDER_PLUS_PINNED_NATIVE_LOOP
N4,54,first_fit,5387,25,24,COMPLETED_STDOUT_ORDER_PLUS_PINNED_NATIVE_LOOP
N4,54,first_fit,5388,25,24,COMPLETED_STDOUT_ORDER_PLUS_PINNED_NATIVE_LOOP
N4,54,first_fit,5389,25,24,COMPLETED_STDOUT_ORDER_PLUS_PINNED_NATIVE_LOOP
N4,54,first_fit,5390,25,24,COMPLETED_STDOUT_ORDER_PLUS_PINNED_NATIVE_LOOP
N4,54,first_fit,5391,25,24,COMPLETED_STDOUT_ORDER_PLUS_PINNED_NATIVE_LOOP
N4,54,first_fit,5392,25,24,COMPLETED_STDOUT_ORDER_PLUS_PINNED_NATIVE_LOOP
N4,54,first_fit,5393,25,24,COMPLETED_STDOUT_ORDER_PLUS_PINNED_NATIVE_LOOP
N4,54,first_fit,5394,25,24,COMPLETED_STDOUT_ORDER_PLUS_PINNED_NATIVE_LOOP
N4,54,first_fit,5395,25,24,COMPLETED_STDOUT_ORDER_PLUS_PINNED_NATIVE_LOOP
N4,54,first_fit,5396,25,24,COMPLETED_STDOUT_ORDER_PLUS_PINNED_NATIVE_LOOP
N4,54,first_fit,5397,25,24,COMPLETED_STDOUT_ORDER_PLUS_PINNED_NATIVE_LOOP
N4,54,first_fit,5398,25,24,COMPLETED_STDOUT_ORDER_PLUS_PINNED_NATIVE_LOOP
N4,54,first_fit,5399,25,24,COMPLETED_STDOUT_ORDER_PLUS_PINNED_NATIVE_LOOP
N4,55,first_fit,5400,25,24,COMPLETED_STDOUT_ORDER_PLUS_PINNED_NATIVE_LOOP
N4,55,first_fit,5401,25,24,COMPLETED_STDOUT_ORDER_PLUS_PINNED_NATIVE_LOOP
N4,55,first_fit,5402,25,24,COMPLETED_STDOUT_ORDER_PLUS_PINNED_NATIVE_LOOP
N4,55,first_fit,5403,25,24,COMPLETED_STDOUT_ORDER_PLUS_PINNED_NATIVE_LOOP
N4,55,first_fit,5404,25,24,COMPLETED_STDOUT_ORDER_PLUS_PINNED_NATIVE_LOOP
N4,55,first_fit,5405,25,24,COMPLETED_STDOUT_ORDER_PLUS_PINNED_NATIVE_LOOP
N4,55,first_fit,5406,25,24,COMPLETED_STDOUT_ORDER_PLUS_PINNED_NATIVE_LOOP
N4,55,first_fit,5407,25,24,COMPLETED_STDOUT_ORDER_PLUS_PINNED_NATIVE_LOOP
N4,55,first_fit,5408,25,24,COMPLETED_STDOUT_ORDER_PLUS_PINNED_NATIVE_LOOP
N4,55,first_fit,5409,25,24,COMPLETED_STDOUT_ORDER_PLUS_PINNED_NATIVE_LOOP
N4,55,first_fit,5410,25,24,COMPLETED_STDOUT_ORDER_PLUS_PINNED_NATIVE_LOOP
N4,55,first_fit,5411,25,24,COMPLETED_STDOUT_ORDER_PLUS_PINNED_NATIVE_LOOP
N4,55,first_fit,5412,25,24,COMPLETED_STDOUT_ORDER_PLUS_PINNED_NATIVE_LOOP
N4,55,first_fit,5413,25,24,COMPLETED_STDOUT_ORDER_PLUS_PINNED_NATIVE_LOOP
N4,55,first_fit,5414,25,24,COMPLETED_STDOUT_ORDER_PLUS_PINNED_NATIVE_LOOP
N4,55,first_fit,5415,25,24,COMPLETED_STDOUT_ORDER_PLUS_PINNED_NATIVE_LOOP
N4,55,first_fit,5416,25,24,COMPLETED_STDOUT_ORDER_PLUS_PINNED_NATIVE_LOOP
N4,55,first_fit,5417,25,24,COMPLETED_STDOUT_ORDER_PLUS_PINNED_NATIVE_LOOP
N4,55,first_fit,5418,25,24,COMPLETED_STDOUT_ORDER_PLUS_PINNED_NATIVE_LOOP
N4,55,first_fit,5419,25,24,COMPLETED_STDOUT_ORDER_PLUS_PINNED_NATIVE_LOOP
N4,55,first_fit,5420,25,24,COMPLETED_STDOUT_ORDER_PLUS_PINNED_NATIVE_LOOP
N4,55,first_fit,5421,25,24,COMPLETED_STDOUT_ORDER_PLUS_PINNED_NATIVE_LOOP
N4,55,first_fit,5422,25,24,COMPLETED_STDOUT_ORDER_PLUS_PINNED_NATIVE_LOOP
N4,55,first_fit,5423,25,24,COMPLETED_STDOUT_ORDER_PLUS_PINNED_NATIVE_LOOP
N4,55,first_fit,5424,25,24,COMPLETED_STDOUT_ORDER_PLUS_PINNED_NATIVE_LOOP
N4,55,first_fit,5425,25,24,COMPLETED_STDOUT_ORDER_PLUS_PINNED_NATIVE_LOOP
N4,55,first_fit,5426,25,24,COMPLETED_STDOUT_ORDER_PLUS_PINNED_NATIVE_LOOP
N4,55,first_fit,5427,25,24,COMPLETED_STDOUT_ORDER_PLUS_PINNED_NATIVE_LOOP
N4,55,first_fit,5428,25,24,COMPLETED_STDOUT_ORDER_PLUS_PINNED_NATIVE_LOOP
N4,55,first_fit,5429,25,24,COMPLETED_STDOUT_ORDER_PLUS_PINNED_NATIVE_LOOP
N4,55,first_fit,5430,25,24,COMPLETED_STDOUT_ORDER_PLUS_PINNED_NATIVE_LOOP
N4,55,first_fit,5431,25,24,COMPLETED_STDOUT_ORDER_PLUS_PINNED_NATIVE_LOOP
N4,55,first_fit,5432,25,24,COMPLETED_STDOUT_ORDER_PLUS_PINNED_NATIVE_LOOP
N4,55,first_fit,5433,25,24,COMPLETED_STDOUT_ORDER_PLUS_PINNED_NATIVE_LOOP
N4,55,first_fit,5434,25,24,COMPLETED_STDOUT_ORDER_PLUS_PINNED_NATIVE_LOOP
N4,55,first_fit,5435,25,24,COMPLETED_STDOUT_ORDER_PLUS_PINNED_NATIVE_LOOP
N4,55,first_fit,5436,25,24,COMPLETED_STDOUT_ORDER_PLUS_PINNED_NATIVE_LOOP
N4,55,first_fit,5437,25,24,COMPLETED_STDOUT_ORDER_PLUS_PINNED_NATIVE_LOOP
N4,55,first_fit,5438,25,24,COMPLETED_STDOUT_ORDER_PLUS_PINNED_NATIVE_LOOP
N4,55,first_fit,5439,25,24,COMPLETED_STDOUT_ORDER_PLUS_PINNED_NATIVE_LOOP
N4,55,first_fit,5440,25,24,COMPLETED_STDOUT_ORDER_PLUS_PINNED_NATIVE_LOOP
N4,55,first_fit,5441,25,24,COMPLETED_STDOUT_ORDER_PLUS_PINNED_NATIVE_LOOP
N4,55,first_fit,5442,25,24,COMPLETED_STDOUT_ORDER_PLUS_PINNED_NATIVE_LOOP
N4,55,first_fit,5443,25,24,COMPLETED_STDOUT_ORDER_PLUS_PINNED_NATIVE_LOOP
N4,55,first_fit,5444,25,24,COMPLETED_STDOUT_ORDER_PLUS_PINNED_NATIVE_LOOP
N4,55,first_fit,5445,25,24,COMPLETED_STDOUT_ORDER_PLUS_PINNED_NATIVE_LOOP
N4,55,first_fit,5446,25,24,COMPLETED_STDOUT_ORDER_PLUS_PINNED_NATIVE_LOOP
N4,55,first_fit,5447,25,24,COMPLETED_STDOUT_ORDER_PLUS_PINNED_NATIVE_LOOP
N4,55,first_fit,5448,25,24,COMPLETED_STDOUT_ORDER_PLUS_PINNED_NATIVE_LOOP
N4,55,first_fit,5449,25,24,COMPLETED_STDOUT_ORDER_PLUS_PINNED_NATIVE_LOOP
N4,55,first_fit,5450,25,24,COMPLETED_STDOUT_ORDER_PLUS_PINNED_NATIVE_LOOP
N4,55,first_fit,5451,25,24,COMPLETED_STDOUT_ORDER_PLUS_PINNED_NATIVE_LOOP
N4,55,first_fit,5452,25,24,COMPLETED_STDOUT_ORDER_PLUS_PINNED_NATIVE_LOOP
N4,55,first_fit,5453,25,24,COMPLETED_STDOUT_ORDER_PLUS_PINNED_NATIVE_LOOP
N4,55,first_fit,5454,25,24,COMPLETED_STDOUT_ORDER_PLUS_PINNED_NATIVE_LOOP
N4,55,first_fit,5455,25,24,COMPLETED_STDOUT_ORDER_PLUS_PINNED_NATIVE_LOOP
N4,55,first_fit,5456,25,24,COMPLETED_STDOUT_ORDER_PLUS_PINNED_NATIVE_LOOP
N4,55,first_fit,5457,25,24,COMPLETED_STDOUT_ORDER_PLUS_PINNED_NATIVE_LOOP
N4,55,first_fit,5458,25,24,COMPLETED_STDOUT_ORDER_PLUS_PINNED_NATIVE_LOOP
N4,55,first_fit,5459,25,24,COMPLETED_STDOUT_ORDER_PLUS_PINNED_NATIVE_LOOP
N4,55,first_fit,5460,25,24,COMPLETED_STDOUT_ORDER_PLUS_PINNED_NATIVE_LOOP
N4,55,first_fit,5461,25,24,COMPLETED_STDOUT_ORDER_PLUS_PINNED_NATIVE_LOOP
N4,55,first_fit,5462,25,24,COMPLETED_STDOUT_ORDER_PLUS_PINNED_NATIVE_LOOP
N4,55,first_fit,5463,25,24,COMPLETED_STDOUT_ORDER_PLUS_PINNED_NATIVE_LOOP
N4,55,first_fit,5464,25,24,COMPLETED_STDOUT_ORDER_PLUS_PINNED_NATIVE_LOOP
N4,55,first_fit,5465,25,24,COMPLETED_STDOUT_ORDER_PLUS_PINNED_NATIVE_LOOP
N4,55,first_fit,5466,25,24,COMPLETED_STDOUT_ORDER_PLUS_PINNED_NATIVE_LOOP
N4,55,first_fit,5467,25,24,COMPLETED_STDOUT_ORDER_PLUS_PINNED_NATIVE_LOOP
N4,55,first_fit,5468,25,24,COMPLETED_STDOUT_ORDER_PLUS_PINNED_NATIVE_LOOP
N4,55,first_fit,5469,25,24,COMPLETED_STDOUT_ORDER_PLUS_PINNED_NATIVE_LOOP
N4,55,first_fit,5470,25,24,COMPLETED_STDOUT_ORDER_PLUS_PINNED_NATIVE_LOOP
N4,55,first_fit,5471,25,24,COMPLETED_STDOUT_ORDER_PLUS_PINNED_NATIVE_LOOP
N4,55,first_fit,5472,25,24,COMPLETED_STDOUT_ORDER_PLUS_PINNED_NATIVE_LOOP
N4,55,first_fit,5473,25,24,COMPLETED_STDOUT_ORDER_PLUS_PINNED_NATIVE_LOOP
N4,55,first_fit,5474,25,24,COMPLETED_STDOUT_ORDER_PLUS_PINNED_NATIVE_LOOP
N4,55,first_fit,5475,25,24,COMPLETED_STDOUT_ORDER_PLUS_PINNED_NATIVE_LOOP
N4,55,first_fit,5476,25,24,COMPLETED_STDOUT_ORDER_PLUS_PINNED_NATIVE_LOOP
N4,55,first_fit,5477,25,24,COMPLETED_STDOUT_ORDER_PLUS_PINNED_NATIVE_LOOP
N4,55,first_fit,5478,25,24,COMPLETED_STDOUT_ORDER_PLUS_PINNED_NATIVE_LOOP
N4,55,first_fit,5479,25,24,COMPLETED_STDOUT_ORDER_PLUS_PINNED_NATIVE_LOOP
N4,55,first_fit,5480,25,24,COMPLETED_STDOUT_ORDER_PLUS_PINNED_NATIVE_LOOP
N4,55,first_fit,5481,25,24,COMPLETED_STDOUT_ORDER_PLUS_PINNED_NATIVE_LOOP
N4,55,first_fit,5482,25,24,COMPLETED_STDOUT_ORDER_PLUS_PINNED_NATIVE_LOOP
N4,55,first_fit,5483,25,24,COMPLETED_STDOUT_ORDER_PLUS_PINNED_NATIVE_LOOP
N4,55,first_fit,5484,25,24,COMPLETED_STDOUT_ORDER_PLUS_PINNED_NATIVE_LOOP
N4,55,first_fit,5485,25,24,COMPLETED_STDOUT_ORDER_PLUS_PINNED_NATIVE_LOOP
N4,55,first_fit,5486,25,24,COMPLETED_STDOUT_ORDER_PLUS_PINNED_NATIVE_LOOP
N4,55,first_fit,5487,25,24,COMPLETED_STDOUT_ORDER_PLUS_PINNED_NATIVE_LOOP
N4,55,first_fit,5488,25,24,COMPLETED_STDOUT_ORDER_PLUS_PINNED_NATIVE_LOOP
N4,55,first_fit,5489,25,24,COMPLETED_STDOUT_ORDER_PLUS_PINNED_NATIVE_LOOP
N4,55,first_fit,5490,25,24,COMPLETED_STDOUT_ORDER_PLUS_PINNED_NATIVE_LOOP
N4,55,first_fit,5491,25,24,COMPLETED_STDOUT_ORDER_PLUS_PINNED_NATIVE_LOOP
N4,55,first_fit,5492,25,24,COMPLETED_STDOUT_ORDER_PLUS_PINNED_NATIVE_LOOP
N4,55,first_fit,5493,25,24,COMPLETED_STDOUT_ORDER_PLUS_PINNED_NATIVE_LOOP
N4,55,first_fit,5494,25,24,COMPLETED_STDOUT_ORDER_PLUS_PINNED_NATIVE_LOOP
N4,55,first_fit,5495,25,24,COMPLETED_STDOUT_ORDER_PLUS_PINNED_NATIVE_LOOP
N4,55,first_fit,5496,25,24,COMPLETED_STDOUT_ORDER_PLUS_PINNED_NATIVE_LOOP
N4,55,first_fit,5497,25,24,COMPLETED_STDOUT_ORDER_PLUS_PINNED_NATIVE_LOOP
N4,55,first_fit,5498,25,24,COMPLETED_STDOUT_ORDER_PLUS_PINNED_NATIVE_LOOP
N4,55,first_fit,5499,25,24,COMPLETED_STDOUT_ORDER_PLUS_PINNED_NATIVE_LOOP
N4,56,first_fit,5500,25,24,COMPLETED_STDOUT_ORDER_PLUS_PINNED_NATIVE_LOOP
N4,56,first_fit,5501,25,24,COMPLETED_STDOUT_ORDER_PLUS_PINNED_NATIVE_LOOP
N4,56,first_fit,5502,25,24,COMPLETED_STDOUT_ORDER_PLUS_PINNED_NATIVE_LOOP
N4,56,first_fit,5503,25,24,COMPLETED_STDOUT_ORDER_PLUS_PINNED_NATIVE_LOOP
N4,56,first_fit,5504,25,24,COMPLETED_STDOUT_ORDER_PLUS_PINNED_NATIVE_LOOP
N4,56,first_fit,5505,25,24,COMPLETED_STDOUT_ORDER_PLUS_PINNED_NATIVE_LOOP
N4,56,first_fit,5506,25,24,COMPLETED_STDOUT_ORDER_PLUS_PINNED_NATIVE_LOOP
N4,56,first_fit,5507,25,24,COMPLETED_STDOUT_ORDER_PLUS_PINNED_NATIVE_LOOP
N4,56,first_fit,5508,25,24,COMPLETED_STDOUT_ORDER_PLUS_PINNED_NATIVE_LOOP
N4,56,first_fit,5509,25,24,COMPLETED_STDOUT_ORDER_PLUS_PINNED_NATIVE_LOOP
N4,56,first_fit,5510,25,24,COMPLETED_STDOUT_ORDER_PLUS_PINNED_NATIVE_LOOP
N4,56,first_fit,5511,25,24,COMPLETED_STDOUT_ORDER_PLUS_PINNED_NATIVE_LOOP
N4,56,first_fit,5512,25,24,COMPLETED_STDOUT_ORDER_PLUS_PINNED_NATIVE_LOOP
N4,56,first_fit,5513,25,24,COMPLETED_STDOUT_ORDER_PLUS_PINNED_NATIVE_LOOP
N4,56,first_fit,5514,25,24,COMPLETED_STDOUT_ORDER_PLUS_PINNED_NATIVE_LOOP
N4,56,first_fit,5515,25,24,COMPLETED_STDOUT_ORDER_PLUS_PINNED_NATIVE_LOOP
N4,56,first_fit,5516,25,24,COMPLETED_STDOUT_ORDER_PLUS_PINNED_NATIVE_LOOP
N4,56,first_fit,5517,25,24,COMPLETED_STDOUT_ORDER_PLUS_PINNED_NATIVE_LOOP
N4,56,first_fit,5518,25,24,COMPLETED_STDOUT_ORDER_PLUS_PINNED_NATIVE_LOOP
N4,56,first_fit,5519,25,24,COMPLETED_STDOUT_ORDER_PLUS_PINNED_NATIVE_LOOP
N4,56,first_fit,5520,25,24,COMPLETED_STDOUT_ORDER_PLUS_PINNED_NATIVE_LOOP
N4,56,first_fit,5521,25,24,COMPLETED_STDOUT_ORDER_PLUS_PINNED_NATIVE_LOOP
N4,56,first_fit,5522,25,24,COMPLETED_STDOUT_ORDER_PLUS_PINNED_NATIVE_LOOP
N4,56,first_fit,5523,25,24,COMPLETED_STDOUT_ORDER_PLUS_PINNED_NATIVE_LOOP
N4,56,first_fit,5524,25,24,COMPLETED_STDOUT_ORDER_PLUS_PINNED_NATIVE_LOOP
N4,56,first_fit,5525,25,24,COMPLETED_STDOUT_ORDER_PLUS_PINNED_NATIVE_LOOP
N4,56,first_fit,5526,25,24,COMPLETED_STDOUT_ORDER_PLUS_PINNED_NATIVE_LOOP
N4,56,first_fit,5527,25,24,COMPLETED_STDOUT_ORDER_PLUS_PINNED_NATIVE_LOOP
N4,56,first_fit,5528,25,24,COMPLETED_STDOUT_ORDER_PLUS_PINNED_NATIVE_LOOP
N4,56,first_fit,5529,25,24,COMPLETED_STDOUT_ORDER_PLUS_PINNED_NATIVE_LOOP
N4,56,first_fit,5530,25,24,COMPLETED_STDOUT_ORDER_PLUS_PINNED_NATIVE_LOOP
N4,56,first_fit,5531,25,24,COMPLETED_STDOUT_ORDER_PLUS_PINNED_NATIVE_LOOP
N4,56,first_fit,5532,25,24,COMPLETED_STDOUT_ORDER_PLUS_PINNED_NATIVE_LOOP
N4,56,first_fit,5533,25,24,COMPLETED_STDOUT_ORDER_PLUS_PINNED_NATIVE_LOOP
N4,56,first_fit,5534,25,24,COMPLETED_STDOUT_ORDER_PLUS_PINNED_NATIVE_LOOP
N4,56,first_fit,5535,25,24,COMPLETED_STDOUT_ORDER_PLUS_PINNED_NATIVE_LOOP
N4,56,first_fit,5536,25,24,COMPLETED_STDOUT_ORDER_PLUS_PINNED_NATIVE_LOOP
N4,56,first_fit,5537,25,24,COMPLETED_STDOUT_ORDER_PLUS_PINNED_NATIVE_LOOP
N4,56,first_fit,5538,25,24,COMPLETED_STDOUT_ORDER_PLUS_PINNED_NATIVE_LOOP
N4,56,first_fit,5539,25,24,COMPLETED_STDOUT_ORDER_PLUS_PINNED_NATIVE_LOOP
N4,56,first_fit,5540,25,24,COMPLETED_STDOUT_ORDER_PLUS_PINNED_NATIVE_LOOP
N4,56,first_fit,5541,25,24,COMPLETED_STDOUT_ORDER_PLUS_PINNED_NATIVE_LOOP
N4,56,first_fit,5542,25,24,COMPLETED_STDOUT_ORDER_PLUS_PINNED_NATIVE_LOOP
N4,56,first_fit,5543,25,24,COMPLETED_STDOUT_ORDER_PLUS_PINNED_NATIVE_LOOP
N4,56,first_fit,5544,25,24,COMPLETED_STDOUT_ORDER_PLUS_PINNED_NATIVE_LOOP
N4,56,first_fit,5545,25,24,COMPLETED_STDOUT_ORDER_PLUS_PINNED_NATIVE_LOOP
N4,56,first_fit,5546,25,24,COMPLETED_STDOUT_ORDER_PLUS_PINNED_NATIVE_LOOP
N4,56,first_fit,5547,25,24,COMPLETED_STDOUT_ORDER_PLUS_PINNED_NATIVE_LOOP
N4,56,first_fit,5548,25,24,COMPLETED_STDOUT_ORDER_PLUS_PINNED_NATIVE_LOOP
N4,56,first_fit,5549,25,24,COMPLETED_STDOUT_ORDER_PLUS_PINNED_NATIVE_LOOP
N4,56,first_fit,5550,25,24,COMPLETED_STDOUT_ORDER_PLUS_PINNED_NATIVE_LOOP
N4,56,first_fit,5551,25,24,COMPLETED_STDOUT_ORDER_PLUS_PINNED_NATIVE_LOOP
N4,56,first_fit,5552,25,24,COMPLETED_STDOUT_ORDER_PLUS_PINNED_NATIVE_LOOP
N4,56,first_fit,5553,25,24,COMPLETED_STDOUT_ORDER_PLUS_PINNED_NATIVE_LOOP
N4,56,first_fit,5554,25,24,COMPLETED_STDOUT_ORDER_PLUS_PINNED_NATIVE_LOOP
N4,56,first_fit,5555,25,24,COMPLETED_STDOUT_ORDER_PLUS_PINNED_NATIVE_LOOP
N4,56,first_fit,5556,25,24,COMPLETED_STDOUT_ORDER_PLUS_PINNED_NATIVE_LOOP
N4,56,first_fit,5557,25,24,COMPLETED_STDOUT_ORDER_PLUS_PINNED_NATIVE_LOOP
N4,56,first_fit,5558,25,24,COMPLETED_STDOUT_ORDER_PLUS_PINNED_NATIVE_LOOP
N4,56,first_fit,5559,25,24,COMPLETED_STDOUT_ORDER_PLUS_PINNED_NATIVE_LOOP
N4,56,first_fit,5560,25,24,COMPLETED_STDOUT_ORDER_PLUS_PINNED_NATIVE_LOOP
N4,56,first_fit,5561,25,24,COMPLETED_STDOUT_ORDER_PLUS_PINNED_NATIVE_LOOP
N4,56,first_fit,5562,25,24,COMPLETED_STDOUT_ORDER_PLUS_PINNED_NATIVE_LOOP
N4,56,first_fit,5563,25,24,COMPLETED_STDOUT_ORDER_PLUS_PINNED_NATIVE_LOOP
N4,56,first_fit,5564,25,24,COMPLETED_STDOUT_ORDER_PLUS_PINNED_NATIVE_LOOP
N4,56,first_fit,5565,25,24,COMPLETED_STDOUT_ORDER_PLUS_PINNED_NATIVE_LOOP
N4,56,first_fit,5566,25,24,COMPLETED_STDOUT_ORDER_PLUS_PINNED_NATIVE_LOOP
N4,56,first_fit,5567,25,24,COMPLETED_STDOUT_ORDER_PLUS_PINNED_NATIVE_LOOP
N4,56,first_fit,5568,25,24,COMPLETED_STDOUT_ORDER_PLUS_PINNED_NATIVE_LOOP
N4,56,first_fit,5569,25,24,COMPLETED_STDOUT_ORDER_PLUS_PINNED_NATIVE_LOOP
N4,56,first_fit,5570,25,24,COMPLETED_STDOUT_ORDER_PLUS_PINNED_NATIVE_LOOP
N4,56,first_fit,5571,25,24,COMPLETED_STDOUT_ORDER_PLUS_PINNED_NATIVE_LOOP
N4,56,first_fit,5572,25,24,COMPLETED_STDOUT_ORDER_PLUS_PINNED_NATIVE_LOOP
N4,56,first_fit,5573,25,24,COMPLETED_STDOUT_ORDER_PLUS_PINNED_NATIVE_LOOP
N4,56,first_fit,5574,25,24,COMPLETED_STDOUT_ORDER_PLUS_PINNED_NATIVE_LOOP
N4,56,first_fit,5575,25,24,COMPLETED_STDOUT_ORDER_PLUS_PINNED_NATIVE_LOOP
N4,56,first_fit,5576,25,24,COMPLETED_STDOUT_ORDER_PLUS_PINNED_NATIVE_LOOP
N4,56,first_fit,5577,25,24,COMPLETED_STDOUT_ORDER_PLUS_PINNED_NATIVE_LOOP
N4,56,first_fit,5578,25,24,COMPLETED_STDOUT_ORDER_PLUS_PINNED_NATIVE_LOOP
N4,56,first_fit,5579,25,24,COMPLETED_STDOUT_ORDER_PLUS_PINNED_NATIVE_LOOP
N4,56,first_fit,5580,25,24,COMPLETED_STDOUT_ORDER_PLUS_PINNED_NATIVE_LOOP
N4,56,first_fit,5581,25,24,COMPLETED_STDOUT_ORDER_PLUS_PINNED_NATIVE_LOOP
N4,56,first_fit,5582,25,24,COMPLETED_STDOUT_ORDER_PLUS_PINNED_NATIVE_LOOP
N4,56,first_fit,5583,25,24,COMPLETED_STDOUT_ORDER_PLUS_PINNED_NATIVE_LOOP
N4,56,first_fit,5584,25,24,COMPLETED_STDOUT_ORDER_PLUS_PINNED_NATIVE_LOOP
N4,56,first_fit,5585,25,24,COMPLETED_STDOUT_ORDER_PLUS_PINNED_NATIVE_LOOP
N4,56,first_fit,5586,25,24,COMPLETED_STDOUT_ORDER_PLUS_PINNED_NATIVE_LOOP
N4,56,first_fit,5587,25,24,COMPLETED_STDOUT_ORDER_PLUS_PINNED_NATIVE_LOOP
N4,56,first_fit,5588,25,24,COMPLETED_STDOUT_ORDER_PLUS_PINNED_NATIVE_LOOP
N4,56,first_fit,5589,25,24,COMPLETED_STDOUT_ORDER_PLUS_PINNED_NATIVE_LOOP
N4,56,first_fit,5590,25,24,COMPLETED_STDOUT_ORDER_PLUS_PINNED_NATIVE_LOOP
N4,56,first_fit,5591,25,24,COMPLETED_STDOUT_ORDER_PLUS_PINNED_NATIVE_LOOP
N4,56,first_fit,5592,25,24,COMPLETED_STDOUT_ORDER_PLUS_PINNED_NATIVE_LOOP
N4,56,first_fit,5593,25,24,COMPLETED_STDOUT_ORDER_PLUS_PINNED_NATIVE_LOOP
N4,56,first_fit,5594,25,24,COMPLETED_STDOUT_ORDER_PLUS_PINNED_NATIVE_LOOP
N4,56,first_fit,5595,25,24,COMPLETED_STDOUT_ORDER_PLUS_PINNED_NATIVE_LOOP
N4,56,first_fit,5596,25,24,COMPLETED_STDOUT_ORDER_PLUS_PINNED_NATIVE_LOOP
N4,56,first_fit,5597,25,24,COMPLETED_STDOUT_ORDER_PLUS_PINNED_NATIVE_LOOP
N4,56,first_fit,5598,25,24,COMPLETED_STDOUT_ORDER_PLUS_PINNED_NATIVE_LOOP
N4,56,first_fit,5599,25,24,COMPLETED_STDOUT_ORDER_PLUS_PINNED_NATIVE_LOOP
N4,57,first_fit,5600,25,24,COMPLETED_STDOUT_ORDER_PLUS_PINNED_NATIVE_LOOP
N4,57,first_fit,5601,25,24,COMPLETED_STDOUT_ORDER_PLUS_PINNED_NATIVE_LOOP
N4,57,first_fit,5602,25,24,COMPLETED_STDOUT_ORDER_PLUS_PINNED_NATIVE_LOOP
N4,57,first_fit,5603,25,24,COMPLETED_STDOUT_ORDER_PLUS_PINNED_NATIVE_LOOP
N4,57,first_fit,5604,25,24,COMPLETED_STDOUT_ORDER_PLUS_PINNED_NATIVE_LOOP
N4,57,first_fit,5605,25,24,COMPLETED_STDOUT_ORDER_PLUS_PINNED_NATIVE_LOOP
N4,57,first_fit,5606,25,24,COMPLETED_STDOUT_ORDER_PLUS_PINNED_NATIVE_LOOP
N4,57,first_fit,5607,25,24,COMPLETED_STDOUT_ORDER_PLUS_PINNED_NATIVE_LOOP
N4,57,first_fit,5608,25,24,COMPLETED_STDOUT_ORDER_PLUS_PINNED_NATIVE_LOOP
N4,57,first_fit,5609,25,24,COMPLETED_STDOUT_ORDER_PLUS_PINNED_NATIVE_LOOP
N4,57,first_fit,5610,25,24,COMPLETED_STDOUT_ORDER_PLUS_PINNED_NATIVE_LOOP
N4,57,first_fit,5611,25,24,COMPLETED_STDOUT_ORDER_PLUS_PINNED_NATIVE_LOOP
N4,57,first_fit,5612,25,24,COMPLETED_STDOUT_ORDER_PLUS_PINNED_NATIVE_LOOP
N4,57,first_fit,5613,25,24,COMPLETED_STDOUT_ORDER_PLUS_PINNED_NATIVE_LOOP
N4,57,first_fit,5614,25,24,COMPLETED_STDOUT_ORDER_PLUS_PINNED_NATIVE_LOOP
N4,57,first_fit,5615,25,24,COMPLETED_STDOUT_ORDER_PLUS_PINNED_NATIVE_LOOP
N4,57,first_fit,5616,25,24,COMPLETED_STDOUT_ORDER_PLUS_PINNED_NATIVE_LOOP
N4,57,first_fit,5617,25,24,COMPLETED_STDOUT_ORDER_PLUS_PINNED_NATIVE_LOOP
N4,57,first_fit,5618,25,24,COMPLETED_STDOUT_ORDER_PLUS_PINNED_NATIVE_LOOP
N4,57,first_fit,5619,25,24,COMPLETED_STDOUT_ORDER_PLUS_PINNED_NATIVE_LOOP
N4,57,first_fit,5620,25,24,COMPLETED_STDOUT_ORDER_PLUS_PINNED_NATIVE_LOOP
N4,57,first_fit,5621,25,24,COMPLETED_STDOUT_ORDER_PLUS_PINNED_NATIVE_LOOP
N4,57,first_fit,5622,25,24,COMPLETED_STDOUT_ORDER_PLUS_PINNED_NATIVE_LOOP
N4,57,first_fit,5623,25,24,COMPLETED_STDOUT_ORDER_PLUS_PINNED_NATIVE_LOOP
N4,57,first_fit,5624,25,24,COMPLETED_STDOUT_ORDER_PLUS_PINNED_NATIVE_LOOP
N4,57,first_fit,5625,25,24,COMPLETED_STDOUT_ORDER_PLUS_PINNED_NATIVE_LOOP
N4,57,first_fit,5626,25,24,COMPLETED_STDOUT_ORDER_PLUS_PINNED_NATIVE_LOOP
N4,57,first_fit,5627,25,24,COMPLETED_STDOUT_ORDER_PLUS_PINNED_NATIVE_LOOP
N4,57,first_fit,5628,25,24,COMPLETED_STDOUT_ORDER_PLUS_PINNED_NATIVE_LOOP
N4,57,first_fit,5629,25,24,COMPLETED_STDOUT_ORDER_PLUS_PINNED_NATIVE_LOOP
N4,57,first_fit,5630,25,24,COMPLETED_STDOUT_ORDER_PLUS_PINNED_NATIVE_LOOP
N4,57,first_fit,5631,25,24,COMPLETED_STDOUT_ORDER_PLUS_PINNED_NATIVE_LOOP
N4,57,first_fit,5632,25,24,COMPLETED_STDOUT_ORDER_PLUS_PINNED_NATIVE_LOOP
N4,57,first_fit,5633,25,24,COMPLETED_STDOUT_ORDER_PLUS_PINNED_NATIVE_LOOP
N4,57,first_fit,5634,25,24,COMPLETED_STDOUT_ORDER_PLUS_PINNED_NATIVE_LOOP
N4,57,first_fit,5635,25,24,COMPLETED_STDOUT_ORDER_PLUS_PINNED_NATIVE_LOOP
N4,57,first_fit,5636,25,24,COMPLETED_STDOUT_ORDER_PLUS_PINNED_NATIVE_LOOP
N4,57,first_fit,5637,25,24,COMPLETED_STDOUT_ORDER_PLUS_PINNED_NATIVE_LOOP
N4,57,first_fit,5638,25,24,COMPLETED_STDOUT_ORDER_PLUS_PINNED_NATIVE_LOOP
N4,57,first_fit,5639,25,24,COMPLETED_STDOUT_ORDER_PLUS_PINNED_NATIVE_LOOP
N4,57,first_fit,5640,25,24,COMPLETED_STDOUT_ORDER_PLUS_PINNED_NATIVE_LOOP
N4,57,first_fit,5641,25,24,COMPLETED_STDOUT_ORDER_PLUS_PINNED_NATIVE_LOOP
N4,57,first_fit,5642,25,24,COMPLETED_STDOUT_ORDER_PLUS_PINNED_NATIVE_LOOP
N4,57,first_fit,5643,25,24,COMPLETED_STDOUT_ORDER_PLUS_PINNED_NATIVE_LOOP
N4,57,first_fit,5644,25,24,COMPLETED_STDOUT_ORDER_PLUS_PINNED_NATIVE_LOOP
N4,57,first_fit,5645,25,24,COMPLETED_STDOUT_ORDER_PLUS_PINNED_NATIVE_LOOP
N4,57,first_fit,5646,25,24,COMPLETED_STDOUT_ORDER_PLUS_PINNED_NATIVE_LOOP
N4,57,first_fit,5647,25,24,COMPLETED_STDOUT_ORDER_PLUS_PINNED_NATIVE_LOOP
N4,57,first_fit,5648,25,24,COMPLETED_STDOUT_ORDER_PLUS_PINNED_NATIVE_LOOP
N4,57,first_fit,5649,25,24,COMPLETED_STDOUT_ORDER_PLUS_PINNED_NATIVE_LOOP
N4,57,first_fit,5650,25,24,COMPLETED_STDOUT_ORDER_PLUS_PINNED_NATIVE_LOOP
N4,57,first_fit,5651,25,24,COMPLETED_STDOUT_ORDER_PLUS_PINNED_NATIVE_LOOP
N4,57,first_fit,5652,25,24,COMPLETED_STDOUT_ORDER_PLUS_PINNED_NATIVE_LOOP
N4,57,first_fit,5653,25,24,COMPLETED_STDOUT_ORDER_PLUS_PINNED_NATIVE_LOOP
N4,57,first_fit,5654,25,24,COMPLETED_STDOUT_ORDER_PLUS_PINNED_NATIVE_LOOP
N4,57,first_fit,5655,25,24,COMPLETED_STDOUT_ORDER_PLUS_PINNED_NATIVE_LOOP
N4,57,first_fit,5656,25,24,COMPLETED_STDOUT_ORDER_PLUS_PINNED_NATIVE_LOOP
N4,57,first_fit,5657,25,24,COMPLETED_STDOUT_ORDER_PLUS_PINNED_NATIVE_LOOP
N4,57,first_fit,5658,25,24,COMPLETED_STDOUT_ORDER_PLUS_PINNED_NATIVE_LOOP
N4,57,first_fit,5659,25,24,COMPLETED_STDOUT_ORDER_PLUS_PINNED_NATIVE_LOOP
N4,57,first_fit,5660,25,24,COMPLETED_STDOUT_ORDER_PLUS_PINNED_NATIVE_LOOP
N4,57,first_fit,5661,25,24,COMPLETED_STDOUT_ORDER_PLUS_PINNED_NATIVE_LOOP
N4,57,first_fit,5662,25,24,COMPLETED_STDOUT_ORDER_PLUS_PINNED_NATIVE_LOOP
N4,57,first_fit,5663,25,24,COMPLETED_STDOUT_ORDER_PLUS_PINNED_NATIVE_LOOP
N4,57,first_fit,5664,25,24,COMPLETED_STDOUT_ORDER_PLUS_PINNED_NATIVE_LOOP
N4,57,first_fit,5665,25,24,COMPLETED_STDOUT_ORDER_PLUS_PINNED_NATIVE_LOOP
N4,57,first_fit,5666,25,24,COMPLETED_STDOUT_ORDER_PLUS_PINNED_NATIVE_LOOP
N4,57,first_fit,5667,25,24,COMPLETED_STDOUT_ORDER_PLUS_PINNED_NATIVE_LOOP
N4,57,first_fit,5668,25,24,COMPLETED_STDOUT_ORDER_PLUS_PINNED_NATIVE_LOOP
N4,57,first_fit,5669,25,24,COMPLETED_STDOUT_ORDER_PLUS_PINNED_NATIVE_LOOP
N4,57,first_fit,5670,25,24,COMPLETED_STDOUT_ORDER_PLUS_PINNED_NATIVE_LOOP
N4,57,first_fit,5671,25,24,COMPLETED_STDOUT_ORDER_PLUS_PINNED_NATIVE_LOOP
N4,57,first_fit,5672,25,24,COMPLETED_STDOUT_ORDER_PLUS_PINNED_NATIVE_LOOP
N4,57,first_fit,5673,25,24,COMPLETED_STDOUT_ORDER_PLUS_PINNED_NATIVE_LOOP
N4,57,first_fit,5674,25,24,COMPLETED_STDOUT_ORDER_PLUS_PINNED_NATIVE_LOOP
N4,57,first_fit,5675,25,24,COMPLETED_STDOUT_ORDER_PLUS_PINNED_NATIVE_LOOP
N4,57,first_fit,5676,25,24,COMPLETED_STDOUT_ORDER_PLUS_PINNED_NATIVE_LOOP
N4,57,first_fit,5677,25,24,COMPLETED_STDOUT_ORDER_PLUS_PINNED_NATIVE_LOOP
N4,57,first_fit,5678,25,24,COMPLETED_STDOUT_ORDER_PLUS_PINNED_NATIVE_LOOP
N4,57,first_fit,5679,25,24,COMPLETED_STDOUT_ORDER_PLUS_PINNED_NATIVE_LOOP
N4,57,first_fit,5680,25,24,COMPLETED_STDOUT_ORDER_PLUS_PINNED_NATIVE_LOOP
N4,57,first_fit,5681,25,24,COMPLETED_STDOUT_ORDER_PLUS_PINNED_NATIVE_LOOP
N4,57,first_fit,5682,25,24,COMPLETED_STDOUT_ORDER_PLUS_PINNED_NATIVE_LOOP
N4,57,first_fit,5683,25,24,COMPLETED_STDOUT_ORDER_PLUS_PINNED_NATIVE_LOOP
N4,57,first_fit,5684,25,24,COMPLETED_STDOUT_ORDER_PLUS_PINNED_NATIVE_LOOP
N4,57,first_fit,5685,25,24,COMPLETED_STDOUT_ORDER_PLUS_PINNED_NATIVE_LOOP
N4,57,first_fit,5686,25,24,COMPLETED_STDOUT_ORDER_PLUS_PINNED_NATIVE_LOOP
N4,57,first_fit,5687,25,24,COMPLETED_STDOUT_ORDER_PLUS_PINNED_NATIVE_LOOP
N4,57,first_fit,5688,25,24,COMPLETED_STDOUT_ORDER_PLUS_PINNED_NATIVE_LOOP
N4,57,first_fit,5689,25,24,COMPLETED_STDOUT_ORDER_PLUS_PINNED_NATIVE_LOOP
N4,57,first_fit,5690,25,24,COMPLETED_STDOUT_ORDER_PLUS_PINNED_NATIVE_LOOP
N4,57,first_fit,5691,25,24,COMPLETED_STDOUT_ORDER_PLUS_PINNED_NATIVE_LOOP
N4,57,first_fit,5692,25,24,COMPLETED_STDOUT_ORDER_PLUS_PINNED_NATIVE_LOOP
N4,57,first_fit,5693,25,24,COMPLETED_STDOUT_ORDER_PLUS_PINNED_NATIVE_LOOP
N4,57,first_fit,5694,25,24,COMPLETED_STDOUT_ORDER_PLUS_PINNED_NATIVE_LOOP
N4,57,first_fit,5695,25,24,COMPLETED_STDOUT_ORDER_PLUS_PINNED_NATIVE_LOOP
N4,57,first_fit,5696,25,24,COMPLETED_STDOUT_ORDER_PLUS_PINNED_NATIVE_LOOP
N4,57,first_fit,5697,25,24,COMPLETED_STDOUT_ORDER_PLUS_PINNED_NATIVE_LOOP
N4,57,first_fit,5698,25,24,COMPLETED_STDOUT_ORDER_PLUS_PINNED_NATIVE_LOOP
N4,57,first_fit,5699,25,24,COMPLETED_STDOUT_ORDER_PLUS_PINNED_NATIVE_LOOP
N4,58,first_fit,5700,25,24,COMPLETED_STDOUT_ORDER_PLUS_PINNED_NATIVE_LOOP
N4,58,first_fit,5701,25,24,COMPLETED_STDOUT_ORDER_PLUS_PINNED_NATIVE_LOOP
N4,58,first_fit,5702,25,24,COMPLETED_STDOUT_ORDER_PLUS_PINNED_NATIVE_LOOP
N4,58,first_fit,5703,25,24,COMPLETED_STDOUT_ORDER_PLUS_PINNED_NATIVE_LOOP
N4,58,first_fit,5704,25,24,COMPLETED_STDOUT_ORDER_PLUS_PINNED_NATIVE_LOOP
N4,58,first_fit,5705,25,24,COMPLETED_STDOUT_ORDER_PLUS_PINNED_NATIVE_LOOP
N4,58,first_fit,5706,25,24,COMPLETED_STDOUT_ORDER_PLUS_PINNED_NATIVE_LOOP
N4,58,first_fit,5707,25,24,COMPLETED_STDOUT_ORDER_PLUS_PINNED_NATIVE_LOOP
N4,58,first_fit,5708,25,24,COMPLETED_STDOUT_ORDER_PLUS_PINNED_NATIVE_LOOP
N4,58,first_fit,5709,25,24,COMPLETED_STDOUT_ORDER_PLUS_PINNED_NATIVE_LOOP
N4,58,first_fit,5710,25,24,COMPLETED_STDOUT_ORDER_PLUS_PINNED_NATIVE_LOOP
N4,58,first_fit,5711,25,24,COMPLETED_STDOUT_ORDER_PLUS_PINNED_NATIVE_LOOP
N4,58,first_fit,5712,25,24,COMPLETED_STDOUT_ORDER_PLUS_PINNED_NATIVE_LOOP
N4,58,first_fit,5713,25,24,COMPLETED_STDOUT_ORDER_PLUS_PINNED_NATIVE_LOOP
N4,58,first_fit,5714,25,24,COMPLETED_STDOUT_ORDER_PLUS_PINNED_NATIVE_LOOP
N4,58,first_fit,5715,25,24,COMPLETED_STDOUT_ORDER_PLUS_PINNED_NATIVE_LOOP
N4,58,first_fit,5716,25,24,COMPLETED_STDOUT_ORDER_PLUS_PINNED_NATIVE_LOOP
N4,58,first_fit,5717,25,24,COMPLETED_STDOUT_ORDER_PLUS_PINNED_NATIVE_LOOP
N4,58,first_fit,5718,25,24,COMPLETED_STDOUT_ORDER_PLUS_PINNED_NATIVE_LOOP
N4,58,first_fit,5719,25,24,COMPLETED_STDOUT_ORDER_PLUS_PINNED_NATIVE_LOOP
N4,58,first_fit,5720,25,24,COMPLETED_STDOUT_ORDER_PLUS_PINNED_NATIVE_LOOP
N4,58,first_fit,5721,25,24,COMPLETED_STDOUT_ORDER_PLUS_PINNED_NATIVE_LOOP
N4,58,first_fit,5722,25,24,COMPLETED_STDOUT_ORDER_PLUS_PINNED_NATIVE_LOOP
N4,58,first_fit,5723,25,24,COMPLETED_STDOUT_ORDER_PLUS_PINNED_NATIVE_LOOP
N4,58,first_fit,5724,25,24,COMPLETED_STDOUT_ORDER_PLUS_PINNED_NATIVE_LOOP
N4,58,first_fit,5725,25,24,COMPLETED_STDOUT_ORDER_PLUS_PINNED_NATIVE_LOOP
N4,58,first_fit,5726,25,24,COMPLETED_STDOUT_ORDER_PLUS_PINNED_NATIVE_LOOP
N4,58,first_fit,5727,25,24,COMPLETED_STDOUT_ORDER_PLUS_PINNED_NATIVE_LOOP
N4,58,first_fit,5728,25,24,COMPLETED_STDOUT_ORDER_PLUS_PINNED_NATIVE_LOOP
N4,58,first_fit,5729,25,24,COMPLETED_STDOUT_ORDER_PLUS_PINNED_NATIVE_LOOP
N4,58,first_fit,5730,25,24,COMPLETED_STDOUT_ORDER_PLUS_PINNED_NATIVE_LOOP
N4,58,first_fit,5731,25,24,COMPLETED_STDOUT_ORDER_PLUS_PINNED_NATIVE_LOOP
N4,58,first_fit,5732,25,24,COMPLETED_STDOUT_ORDER_PLUS_PINNED_NATIVE_LOOP
N4,58,first_fit,5733,25,24,COMPLETED_STDOUT_ORDER_PLUS_PINNED_NATIVE_LOOP
N4,58,first_fit,5734,25,24,COMPLETED_STDOUT_ORDER_PLUS_PINNED_NATIVE_LOOP
N4,58,first_fit,5735,25,24,COMPLETED_STDOUT_ORDER_PLUS_PINNED_NATIVE_LOOP
N4,58,first_fit,5736,25,24,COMPLETED_STDOUT_ORDER_PLUS_PINNED_NATIVE_LOOP
N4,58,first_fit,5737,25,24,COMPLETED_STDOUT_ORDER_PLUS_PINNED_NATIVE_LOOP
N4,58,first_fit,5738,25,24,COMPLETED_STDOUT_ORDER_PLUS_PINNED_NATIVE_LOOP
N4,58,first_fit,5739,25,24,COMPLETED_STDOUT_ORDER_PLUS_PINNED_NATIVE_LOOP
N4,58,first_fit,5740,25,24,COMPLETED_STDOUT_ORDER_PLUS_PINNED_NATIVE_LOOP
N4,58,first_fit,5741,25,24,COMPLETED_STDOUT_ORDER_PLUS_PINNED_NATIVE_LOOP
N4,58,first_fit,5742,25,24,COMPLETED_STDOUT_ORDER_PLUS_PINNED_NATIVE_LOOP
N4,58,first_fit,5743,25,24,COMPLETED_STDOUT_ORDER_PLUS_PINNED_NATIVE_LOOP
N4,58,first_fit,5744,25,24,COMPLETED_STDOUT_ORDER_PLUS_PINNED_NATIVE_LOOP
N4,58,first_fit,5745,25,24,COMPLETED_STDOUT_ORDER_PLUS_PINNED_NATIVE_LOOP
N4,58,first_fit,5746,25,24,COMPLETED_STDOUT_ORDER_PLUS_PINNED_NATIVE_LOOP
N4,58,first_fit,5747,25,24,COMPLETED_STDOUT_ORDER_PLUS_PINNED_NATIVE_LOOP
N4,58,first_fit,5748,25,24,COMPLETED_STDOUT_ORDER_PLUS_PINNED_NATIVE_LOOP
N4,58,first_fit,5749,25,24,COMPLETED_STDOUT_ORDER_PLUS_PINNED_NATIVE_LOOP
N4,58,first_fit,5750,25,24,COMPLETED_STDOUT_ORDER_PLUS_PINNED_NATIVE_LOOP
N4,58,first_fit,5751,25,24,COMPLETED_STDOUT_ORDER_PLUS_PINNED_NATIVE_LOOP
N4,58,first_fit,5752,25,24,COMPLETED_STDOUT_ORDER_PLUS_PINNED_NATIVE_LOOP
N4,58,first_fit,5753,25,24,COMPLETED_STDOUT_ORDER_PLUS_PINNED_NATIVE_LOOP
N4,58,first_fit,5754,25,24,COMPLETED_STDOUT_ORDER_PLUS_PINNED_NATIVE_LOOP
N4,58,first_fit,5755,25,24,COMPLETED_STDOUT_ORDER_PLUS_PINNED_NATIVE_LOOP
N4,58,first_fit,5756,25,24,COMPLETED_STDOUT_ORDER_PLUS_PINNED_NATIVE_LOOP
N4,58,first_fit,5757,25,24,COMPLETED_STDOUT_ORDER_PLUS_PINNED_NATIVE_LOOP
N4,58,first_fit,5758,25,24,COMPLETED_STDOUT_ORDER_PLUS_PINNED_NATIVE_LOOP
N4,58,first_fit,5759,25,24,COMPLETED_STDOUT_ORDER_PLUS_PINNED_NATIVE_LOOP
N4,58,first_fit,5760,25,24,COMPLETED_STDOUT_ORDER_PLUS_PINNED_NATIVE_LOOP
N4,58,first_fit,5761,25,24,COMPLETED_STDOUT_ORDER_PLUS_PINNED_NATIVE_LOOP
N4,58,first_fit,5762,25,24,COMPLETED_STDOUT_ORDER_PLUS_PINNED_NATIVE_LOOP
N4,58,first_fit,5763,25,24,COMPLETED_STDOUT_ORDER_PLUS_PINNED_NATIVE_LOOP
N4,58,first_fit,5764,25,24,COMPLETED_STDOUT_ORDER_PLUS_PINNED_NATIVE_LOOP
N4,58,first_fit,5765,25,24,COMPLETED_STDOUT_ORDER_PLUS_PINNED_NATIVE_LOOP
N4,58,first_fit,5766,25,24,COMPLETED_STDOUT_ORDER_PLUS_PINNED_NATIVE_LOOP
N4,58,first_fit,5767,25,24,COMPLETED_STDOUT_ORDER_PLUS_PINNED_NATIVE_LOOP
N4,58,first_fit,5768,25,24,COMPLETED_STDOUT_ORDER_PLUS_PINNED_NATIVE_LOOP
N4,58,first_fit,5769,25,24,COMPLETED_STDOUT_ORDER_PLUS_PINNED_NATIVE_LOOP
N4,58,first_fit,5770,25,24,COMPLETED_STDOUT_ORDER_PLUS_PINNED_NATIVE_LOOP
N4,58,first_fit,5771,25,24,COMPLETED_STDOUT_ORDER_PLUS_PINNED_NATIVE_LOOP
N4,58,first_fit,5772,25,24,COMPLETED_STDOUT_ORDER_PLUS_PINNED_NATIVE_LOOP
N4,58,first_fit,5773,25,24,COMPLETED_STDOUT_ORDER_PLUS_PINNED_NATIVE_LOOP
N4,58,first_fit,5774,25,24,COMPLETED_STDOUT_ORDER_PLUS_PINNED_NATIVE_LOOP
N4,58,first_fit,5775,25,24,COMPLETED_STDOUT_ORDER_PLUS_PINNED_NATIVE_LOOP
N4,58,first_fit,5776,25,24,COMPLETED_STDOUT_ORDER_PLUS_PINNED_NATIVE_LOOP
N4,58,first_fit,5777,25,24,COMPLETED_STDOUT_ORDER_PLUS_PINNED_NATIVE_LOOP
N4,58,first_fit,5778,25,24,COMPLETED_STDOUT_ORDER_PLUS_PINNED_NATIVE_LOOP
N4,58,first_fit,5779,25,24,COMPLETED_STDOUT_ORDER_PLUS_PINNED_NATIVE_LOOP
N4,58,first_fit,5780,25,24,COMPLETED_STDOUT_ORDER_PLUS_PINNED_NATIVE_LOOP
N4,58,first_fit,5781,25,24,COMPLETED_STDOUT_ORDER_PLUS_PINNED_NATIVE_LOOP
N4,58,first_fit,5782,25,24,COMPLETED_STDOUT_ORDER_PLUS_PINNED_NATIVE_LOOP
N4,58,first_fit,5783,25,24,COMPLETED_STDOUT_ORDER_PLUS_PINNED_NATIVE_LOOP
N4,58,first_fit,5784,25,24,COMPLETED_STDOUT_ORDER_PLUS_PINNED_NATIVE_LOOP
N4,58,first_fit,5785,25,24,COMPLETED_STDOUT_ORDER_PLUS_PINNED_NATIVE_LOOP
N4,58,first_fit,5786,25,24,COMPLETED_STDOUT_ORDER_PLUS_PINNED_NATIVE_LOOP
N4,58,first_fit,5787,25,24,COMPLETED_STDOUT_ORDER_PLUS_PINNED_NATIVE_LOOP
N4,58,first_fit,5788,25,24,COMPLETED_STDOUT_ORDER_PLUS_PINNED_NATIVE_LOOP
N4,58,first_fit,5789,25,24,COMPLETED_STDOUT_ORDER_PLUS_PINNED_NATIVE_LOOP
N4,58,first_fit,5790,25,24,COMPLETED_STDOUT_ORDER_PLUS_PINNED_NATIVE_LOOP
N4,58,first_fit,5791,25,24,COMPLETED_STDOUT_ORDER_PLUS_PINNED_NATIVE_LOOP
N4,58,first_fit,5792,25,24,COMPLETED_STDOUT_ORDER_PLUS_PINNED_NATIVE_LOOP
N4,58,first_fit,5793,25,24,COMPLETED_STDOUT_ORDER_PLUS_PINNED_NATIVE_LOOP
N4,58,first_fit,5794,25,24,COMPLETED_STDOUT_ORDER_PLUS_PINNED_NATIVE_LOOP
N4,58,first_fit,5795,25,24,COMPLETED_STDOUT_ORDER_PLUS_PINNED_NATIVE_LOOP
N4,58,first_fit,5796,25,24,COMPLETED_STDOUT_ORDER_PLUS_PINNED_NATIVE_LOOP
N4,58,first_fit,5797,25,24,COMPLETED_STDOUT_ORDER_PLUS_PINNED_NATIVE_LOOP
N4,58,first_fit,5798,25,24,COMPLETED_STDOUT_ORDER_PLUS_PINNED_NATIVE_LOOP
N4,58,first_fit,5799,25,24,COMPLETED_STDOUT_ORDER_PLUS_PINNED_NATIVE_LOOP
N4,59,first_fit,5800,25,24,COMPLETED_STDOUT_ORDER_PLUS_PINNED_NATIVE_LOOP
N4,59,first_fit,5801,25,24,COMPLETED_STDOUT_ORDER_PLUS_PINNED_NATIVE_LOOP
N4,59,first_fit,5802,25,24,COMPLETED_STDOUT_ORDER_PLUS_PINNED_NATIVE_LOOP
N4,59,first_fit,5803,25,24,COMPLETED_STDOUT_ORDER_PLUS_PINNED_NATIVE_LOOP
N4,59,first_fit,5804,25,24,COMPLETED_STDOUT_ORDER_PLUS_PINNED_NATIVE_LOOP
N4,59,first_fit,5805,25,24,COMPLETED_STDOUT_ORDER_PLUS_PINNED_NATIVE_LOOP
N4,59,first_fit,5806,25,24,COMPLETED_STDOUT_ORDER_PLUS_PINNED_NATIVE_LOOP
N4,59,first_fit,5807,25,24,COMPLETED_STDOUT_ORDER_PLUS_PINNED_NATIVE_LOOP
N4,59,first_fit,5808,25,24,COMPLETED_STDOUT_ORDER_PLUS_PINNED_NATIVE_LOOP
N4,59,first_fit,5809,25,24,COMPLETED_STDOUT_ORDER_PLUS_PINNED_NATIVE_LOOP
N4,59,first_fit,5810,25,24,COMPLETED_STDOUT_ORDER_PLUS_PINNED_NATIVE_LOOP
N4,59,first_fit,5811,25,24,COMPLETED_STDOUT_ORDER_PLUS_PINNED_NATIVE_LOOP
N4,59,first_fit,5812,25,24,COMPLETED_STDOUT_ORDER_PLUS_PINNED_NATIVE_LOOP
N4,59,first_fit,5813,25,24,COMPLETED_STDOUT_ORDER_PLUS_PINNED_NATIVE_LOOP
N4,59,first_fit,5814,25,24,COMPLETED_STDOUT_ORDER_PLUS_PINNED_NATIVE_LOOP
N4,59,first_fit,5815,25,24,COMPLETED_STDOUT_ORDER_PLUS_PINNED_NATIVE_LOOP
N4,59,first_fit,5816,25,24,COMPLETED_STDOUT_ORDER_PLUS_PINNED_NATIVE_LOOP
N4,59,first_fit,5817,25,24,COMPLETED_STDOUT_ORDER_PLUS_PINNED_NATIVE_LOOP
N4,59,first_fit,5818,25,24,COMPLETED_STDOUT_ORDER_PLUS_PINNED_NATIVE_LOOP
N4,59,first_fit,5819,25,24,COMPLETED_STDOUT_ORDER_PLUS_PINNED_NATIVE_LOOP
N4,59,first_fit,5820,25,24,COMPLETED_STDOUT_ORDER_PLUS_PINNED_NATIVE_LOOP
N4,59,first_fit,5821,25,24,COMPLETED_STDOUT_ORDER_PLUS_PINNED_NATIVE_LOOP
N4,59,first_fit,5822,25,24,COMPLETED_STDOUT_ORDER_PLUS_PINNED_NATIVE_LOOP
N4,59,first_fit,5823,25,24,COMPLETED_STDOUT_ORDER_PLUS_PINNED_NATIVE_LOOP
N4,59,first_fit,5824,25,24,COMPLETED_STDOUT_ORDER_PLUS_PINNED_NATIVE_LOOP
N4,59,first_fit,5825,25,24,COMPLETED_STDOUT_ORDER_PLUS_PINNED_NATIVE_LOOP
N4,59,first_fit,5826,25,24,COMPLETED_STDOUT_ORDER_PLUS_PINNED_NATIVE_LOOP
N4,59,first_fit,5827,25,24,COMPLETED_STDOUT_ORDER_PLUS_PINNED_NATIVE_LOOP
N4,59,first_fit,5828,25,24,COMPLETED_STDOUT_ORDER_PLUS_PINNED_NATIVE_LOOP
N4,59,first_fit,5829,25,24,COMPLETED_STDOUT_ORDER_PLUS_PINNED_NATIVE_LOOP
N4,59,first_fit,5830,25,24,COMPLETED_STDOUT_ORDER_PLUS_PINNED_NATIVE_LOOP
N4,59,first_fit,5831,25,24,COMPLETED_STDOUT_ORDER_PLUS_PINNED_NATIVE_LOOP
N4,59,first_fit,5832,25,24,COMPLETED_STDOUT_ORDER_PLUS_PINNED_NATIVE_LOOP
N4,59,first_fit,5833,25,24,COMPLETED_STDOUT_ORDER_PLUS_PINNED_NATIVE_LOOP
N4,59,first_fit,5834,25,24,COMPLETED_STDOUT_ORDER_PLUS_PINNED_NATIVE_LOOP
N4,59,first_fit,5835,25,24,COMPLETED_STDOUT_ORDER_PLUS_PINNED_NATIVE_LOOP
N4,59,first_fit,5836,25,24,COMPLETED_STDOUT_ORDER_PLUS_PINNED_NATIVE_LOOP
N4,59,first_fit,5837,25,24,COMPLETED_STDOUT_ORDER_PLUS_PINNED_NATIVE_LOOP
N4,59,first_fit,5838,25,24,COMPLETED_STDOUT_ORDER_PLUS_PINNED_NATIVE_LOOP
N4,59,first_fit,5839,25,24,COMPLETED_STDOUT_ORDER_PLUS_PINNED_NATIVE_LOOP
N4,59,first_fit,5840,25,24,COMPLETED_STDOUT_ORDER_PLUS_PINNED_NATIVE_LOOP
N4,59,first_fit,5841,25,24,COMPLETED_STDOUT_ORDER_PLUS_PINNED_NATIVE_LOOP
N4,59,first_fit,5842,25,24,COMPLETED_STDOUT_ORDER_PLUS_PINNED_NATIVE_LOOP
N4,59,first_fit,5843,25,24,COMPLETED_STDOUT_ORDER_PLUS_PINNED_NATIVE_LOOP
N4,59,first_fit,5844,25,24,COMPLETED_STDOUT_ORDER_PLUS_PINNED_NATIVE_LOOP
N4,59,first_fit,5845,25,24,COMPLETED_STDOUT_ORDER_PLUS_PINNED_NATIVE_LOOP
N4,59,first_fit,5846,25,24,COMPLETED_STDOUT_ORDER_PLUS_PINNED_NATIVE_LOOP
N4,59,first_fit,5847,25,24,COMPLETED_STDOUT_ORDER_PLUS_PINNED_NATIVE_LOOP
N4,59,first_fit,5848,25,24,COMPLETED_STDOUT_ORDER_PLUS_PINNED_NATIVE_LOOP
N4,59,first_fit,5849,25,24,COMPLETED_STDOUT_ORDER_PLUS_PINNED_NATIVE_LOOP
N4,59,first_fit,5850,25,24,COMPLETED_STDOUT_ORDER_PLUS_PINNED_NATIVE_LOOP
N4,59,first_fit,5851,25,24,COMPLETED_STDOUT_ORDER_PLUS_PINNED_NATIVE_LOOP
N4,59,first_fit,5852,25,24,COMPLETED_STDOUT_ORDER_PLUS_PINNED_NATIVE_LOOP
N4,59,first_fit,5853,25,24,COMPLETED_STDOUT_ORDER_PLUS_PINNED_NATIVE_LOOP
N4,59,first_fit,5854,25,24,COMPLETED_STDOUT_ORDER_PLUS_PINNED_NATIVE_LOOP
N4,59,first_fit,5855,25,24,COMPLETED_STDOUT_ORDER_PLUS_PINNED_NATIVE_LOOP
N4,59,first_fit,5856,25,24,COMPLETED_STDOUT_ORDER_PLUS_PINNED_NATIVE_LOOP
N4,59,first_fit,5857,25,24,COMPLETED_STDOUT_ORDER_PLUS_PINNED_NATIVE_LOOP
N4,59,first_fit,5858,25,24,COMPLETED_STDOUT_ORDER_PLUS_PINNED_NATIVE_LOOP
N4,59,first_fit,5859,25,24,COMPLETED_STDOUT_ORDER_PLUS_PINNED_NATIVE_LOOP
N4,59,first_fit,5860,25,24,COMPLETED_STDOUT_ORDER_PLUS_PINNED_NATIVE_LOOP
N4,59,first_fit,5861,25,24,COMPLETED_STDOUT_ORDER_PLUS_PINNED_NATIVE_LOOP
N4,59,first_fit,5862,25,24,COMPLETED_STDOUT_ORDER_PLUS_PINNED_NATIVE_LOOP
N4,59,first_fit,5863,25,24,COMPLETED_STDOUT_ORDER_PLUS_PINNED_NATIVE_LOOP
N4,59,first_fit,5864,25,24,COMPLETED_STDOUT_ORDER_PLUS_PINNED_NATIVE_LOOP
N4,59,first_fit,5865,25,24,COMPLETED_STDOUT_ORDER_PLUS_PINNED_NATIVE_LOOP
N4,59,first_fit,5866,25,24,COMPLETED_STDOUT_ORDER_PLUS_PINNED_NATIVE_LOOP
N4,59,first_fit,5867,25,24,COMPLETED_STDOUT_ORDER_PLUS_PINNED_NATIVE_LOOP
N4,59,first_fit,5868,25,24,COMPLETED_STDOUT_ORDER_PLUS_PINNED_NATIVE_LOOP
N4,59,first_fit,5869,25,24,COMPLETED_STDOUT_ORDER_PLUS_PINNED_NATIVE_LOOP
N4,59,first_fit,5870,25,24,COMPLETED_STDOUT_ORDER_PLUS_PINNED_NATIVE_LOOP
N4,59,first_fit,5871,25,24,COMPLETED_STDOUT_ORDER_PLUS_PINNED_NATIVE_LOOP
N4,59,first_fit,5872,25,24,COMPLETED_STDOUT_ORDER_PLUS_PINNED_NATIVE_LOOP
N4,59,first_fit,5873,25,24,COMPLETED_STDOUT_ORDER_PLUS_PINNED_NATIVE_LOOP
N4,59,first_fit,5874,25,24,COMPLETED_STDOUT_ORDER_PLUS_PINNED_NATIVE_LOOP
N4,59,first_fit,5875,25,24,COMPLETED_STDOUT_ORDER_PLUS_PINNED_NATIVE_LOOP
N4,59,first_fit,5876,25,24,COMPLETED_STDOUT_ORDER_PLUS_PINNED_NATIVE_LOOP
N4,59,first_fit,5877,25,24,COMPLETED_STDOUT_ORDER_PLUS_PINNED_NATIVE_LOOP
N4,59,first_fit,5878,25,24,COMPLETED_STDOUT_ORDER_PLUS_PINNED_NATIVE_LOOP
N4,59,first_fit,5879,25,24,COMPLETED_STDOUT_ORDER_PLUS_PINNED_NATIVE_LOOP
N4,59,first_fit,5880,25,24,COMPLETED_STDOUT_ORDER_PLUS_PINNED_NATIVE_LOOP
N4,59,first_fit,5881,25,24,COMPLETED_STDOUT_ORDER_PLUS_PINNED_NATIVE_LOOP
N4,59,first_fit,5882,25,24,COMPLETED_STDOUT_ORDER_PLUS_PINNED_NATIVE_LOOP
N4,59,first_fit,5883,25,24,COMPLETED_STDOUT_ORDER_PLUS_PINNED_NATIVE_LOOP
N4,59,first_fit,5884,25,24,COMPLETED_STDOUT_ORDER_PLUS_PINNED_NATIVE_LOOP
N4,59,first_fit,5885,25,24,COMPLETED_STDOUT_ORDER_PLUS_PINNED_NATIVE_LOOP
N4,59,first_fit,5886,25,24,COMPLETED_STDOUT_ORDER_PLUS_PINNED_NATIVE_LOOP
N4,59,first_fit,5887,25,24,COMPLETED_STDOUT_ORDER_PLUS_PINNED_NATIVE_LOOP
N4,59,first_fit,5888,25,24,COMPLETED_STDOUT_ORDER_PLUS_PINNED_NATIVE_LOOP
N4,59,first_fit,5889,25,24,COMPLETED_STDOUT_ORDER_PLUS_PINNED_NATIVE_LOOP
N4,59,first_fit,5890,25,24,COMPLETED_STDOUT_ORDER_PLUS_PINNED_NATIVE_LOOP
N4,59,first_fit,5891,25,24,COMPLETED_STDOUT_ORDER_PLUS_PINNED_NATIVE_LOOP
N4,59,first_fit,5892,25,24,COMPLETED_STDOUT_ORDER_PLUS_PINNED_NATIVE_LOOP
N4,59,first_fit,5893,25,24,COMPLETED_STDOUT_ORDER_PLUS_PINNED_NATIVE_LOOP
N4,59,first_fit,5894,25,24,COMPLETED_STDOUT_ORDER_PLUS_PINNED_NATIVE_LOOP
N4,59,first_fit,5895,25,24,COMPLETED_STDOUT_ORDER_PLUS_PINNED_NATIVE_LOOP
N4,59,first_fit,5896,25,24,COMPLETED_STDOUT_ORDER_PLUS_PINNED_NATIVE_LOOP
N4,59,first_fit,5897,25,24,COMPLETED_STDOUT_ORDER_PLUS_PINNED_NATIVE_LOOP
N4,59,first_fit,5898,25,24,COMPLETED_STDOUT_ORDER_PLUS_PINNED_NATIVE_LOOP
N4,59,first_fit,5899,25,24,COMPLETED_STDOUT_ORDER_PLUS_PINNED_NATIVE_LOOP
N4,60,first_fit,5900,25,24,COMPLETED_STDOUT_ORDER_PLUS_PINNED_NATIVE_LOOP
N4,60,first_fit,5901,25,24,COMPLETED_STDOUT_ORDER_PLUS_PINNED_NATIVE_LOOP
N4,60,first_fit,5902,25,24,COMPLETED_STDOUT_ORDER_PLUS_PINNED_NATIVE_LOOP
N4,60,first_fit,5903,25,24,COMPLETED_STDOUT_ORDER_PLUS_PINNED_NATIVE_LOOP
N4,60,first_fit,5904,25,24,COMPLETED_STDOUT_ORDER_PLUS_PINNED_NATIVE_LOOP
N4,60,first_fit,5905,25,24,COMPLETED_STDOUT_ORDER_PLUS_PINNED_NATIVE_LOOP
N4,60,first_fit,5906,25,24,COMPLETED_STDOUT_ORDER_PLUS_PINNED_NATIVE_LOOP
N4,60,first_fit,5907,25,24,COMPLETED_STDOUT_ORDER_PLUS_PINNED_NATIVE_LOOP
N4,60,first_fit,5908,25,24,COMPLETED_STDOUT_ORDER_PLUS_PINNED_NATIVE_LOOP
N4,60,first_fit,5909,25,24,COMPLETED_STDOUT_ORDER_PLUS_PINNED_NATIVE_LOOP
N4,60,first_fit,5910,25,24,COMPLETED_STDOUT_ORDER_PLUS_PINNED_NATIVE_LOOP
N4,60,first_fit,5911,25,24,COMPLETED_STDOUT_ORDER_PLUS_PINNED_NATIVE_LOOP
N4,60,first_fit,5912,25,24,COMPLETED_STDOUT_ORDER_PLUS_PINNED_NATIVE_LOOP
N4,60,first_fit,5913,25,24,COMPLETED_STDOUT_ORDER_PLUS_PINNED_NATIVE_LOOP
N4,60,first_fit,5914,25,24,COMPLETED_STDOUT_ORDER_PLUS_PINNED_NATIVE_LOOP
N4,60,first_fit,5915,25,24,COMPLETED_STDOUT_ORDER_PLUS_PINNED_NATIVE_LOOP
N4,60,first_fit,5916,25,24,COMPLETED_STDOUT_ORDER_PLUS_PINNED_NATIVE_LOOP
N4,60,first_fit,5917,25,24,COMPLETED_STDOUT_ORDER_PLUS_PINNED_NATIVE_LOOP
N4,60,first_fit,5918,25,24,COMPLETED_STDOUT_ORDER_PLUS_PINNED_NATIVE_LOOP
N4,60,first_fit,5919,25,24,COMPLETED_STDOUT_ORDER_PLUS_PINNED_NATIVE_LOOP
N4,60,first_fit,5920,25,24,COMPLETED_STDOUT_ORDER_PLUS_PINNED_NATIVE_LOOP
N4,60,first_fit,5921,25,24,COMPLETED_STDOUT_ORDER_PLUS_PINNED_NATIVE_LOOP
N4,60,first_fit,5922,25,24,COMPLETED_STDOUT_ORDER_PLUS_PINNED_NATIVE_LOOP
N4,60,first_fit,5923,25,24,COMPLETED_STDOUT_ORDER_PLUS_PINNED_NATIVE_LOOP
N4,60,first_fit,5924,25,24,COMPLETED_STDOUT_ORDER_PLUS_PINNED_NATIVE_LOOP
N4,60,first_fit,5925,25,24,COMPLETED_STDOUT_ORDER_PLUS_PINNED_NATIVE_LOOP
N4,60,first_fit,5926,25,24,COMPLETED_STDOUT_ORDER_PLUS_PINNED_NATIVE_LOOP
N4,60,first_fit,5927,25,24,COMPLETED_STDOUT_ORDER_PLUS_PINNED_NATIVE_LOOP
N4,60,first_fit,5928,25,24,COMPLETED_STDOUT_ORDER_PLUS_PINNED_NATIVE_LOOP
N4,60,first_fit,5929,25,24,COMPLETED_STDOUT_ORDER_PLUS_PINNED_NATIVE_LOOP
N4,60,first_fit,5930,25,24,COMPLETED_STDOUT_ORDER_PLUS_PINNED_NATIVE_LOOP
N4,60,first_fit,5931,25,24,COMPLETED_STDOUT_ORDER_PLUS_PINNED_NATIVE_LOOP
N4,60,first_fit,5932,25,24,COMPLETED_STDOUT_ORDER_PLUS_PINNED_NATIVE_LOOP
N4,60,first_fit,5933,25,24,COMPLETED_STDOUT_ORDER_PLUS_PINNED_NATIVE_LOOP
N4,60,first_fit,5934,25,24,COMPLETED_STDOUT_ORDER_PLUS_PINNED_NATIVE_LOOP
N4,60,first_fit,5935,25,24,COMPLETED_STDOUT_ORDER_PLUS_PINNED_NATIVE_LOOP
N4,60,first_fit,5936,25,24,COMPLETED_STDOUT_ORDER_PLUS_PINNED_NATIVE_LOOP
N4,60,first_fit,5937,25,24,COMPLETED_STDOUT_ORDER_PLUS_PINNED_NATIVE_LOOP
N4,60,first_fit,5938,25,24,COMPLETED_STDOUT_ORDER_PLUS_PINNED_NATIVE_LOOP
N4,60,first_fit,5939,25,24,COMPLETED_STDOUT_ORDER_PLUS_PINNED_NATIVE_LOOP
N4,60,first_fit,5940,25,24,COMPLETED_STDOUT_ORDER_PLUS_PINNED_NATIVE_LOOP
N4,60,first_fit,5941,25,24,COMPLETED_STDOUT_ORDER_PLUS_PINNED_NATIVE_LOOP
N4,60,first_fit,5942,25,24,COMPLETED_STDOUT_ORDER_PLUS_PINNED_NATIVE_LOOP
N4,60,first_fit,5943,25,24,COMPLETED_STDOUT_ORDER_PLUS_PINNED_NATIVE_LOOP
N4,60,first_fit,5944,25,24,COMPLETED_STDOUT_ORDER_PLUS_PINNED_NATIVE_LOOP
N4,60,first_fit,5945,25,24,COMPLETED_STDOUT_ORDER_PLUS_PINNED_NATIVE_LOOP
N4,60,first_fit,5946,25,24,COMPLETED_STDOUT_ORDER_PLUS_PINNED_NATIVE_LOOP
N4,60,first_fit,5947,25,24,COMPLETED_STDOUT_ORDER_PLUS_PINNED_NATIVE_LOOP
N4,60,first_fit,5948,25,24,COMPLETED_STDOUT_ORDER_PLUS_PINNED_NATIVE_LOOP
N4,60,first_fit,5949,25,24,COMPLETED_STDOUT_ORDER_PLUS_PINNED_NATIVE_LOOP
N4,60,first_fit,5950,25,24,COMPLETED_STDOUT_ORDER_PLUS_PINNED_NATIVE_LOOP
N4,60,first_fit,5951,25,24,COMPLETED_STDOUT_ORDER_PLUS_PINNED_NATIVE_LOOP
N4,60,first_fit,5952,25,24,COMPLETED_STDOUT_ORDER_PLUS_PINNED_NATIVE_LOOP
N4,60,first_fit,5953,25,24,COMPLETED_STDOUT_ORDER_PLUS_PINNED_NATIVE_LOOP
N4,60,first_fit,5954,25,24,COMPLETED_STDOUT_ORDER_PLUS_PINNED_NATIVE_LOOP
N4,60,first_fit,5955,25,24,COMPLETED_STDOUT_ORDER_PLUS_PINNED_NATIVE_LOOP
N4,60,first_fit,5956,25,24,COMPLETED_STDOUT_ORDER_PLUS_PINNED_NATIVE_LOOP
N4,60,first_fit,5957,25,24,COMPLETED_STDOUT_ORDER_PLUS_PINNED_NATIVE_LOOP
N4,60,first_fit,5958,25,24,COMPLETED_STDOUT_ORDER_PLUS_PINNED_NATIVE_LOOP
N4,60,first_fit,5959,25,24,COMPLETED_STDOUT_ORDER_PLUS_PINNED_NATIVE_LOOP
N4,60,first_fit,5960,25,24,COMPLETED_STDOUT_ORDER_PLUS_PINNED_NATIVE_LOOP
N4,60,first_fit,5961,25,24,COMPLETED_STDOUT_ORDER_PLUS_PINNED_NATIVE_LOOP
N4,60,first_fit,5962,25,24,COMPLETED_STDOUT_ORDER_PLUS_PINNED_NATIVE_LOOP
N4,60,first_fit,5963,25,24,COMPLETED_STDOUT_ORDER_PLUS_PINNED_NATIVE_LOOP
N4,60,first_fit,5964,25,24,COMPLETED_STDOUT_ORDER_PLUS_PINNED_NATIVE_LOOP
N4,60,first_fit,5965,25,24,COMPLETED_STDOUT_ORDER_PLUS_PINNED_NATIVE_LOOP
N4,60,first_fit,5966,25,24,COMPLETED_STDOUT_ORDER_PLUS_PINNED_NATIVE_LOOP
N4,60,first_fit,5967,25,24,COMPLETED_STDOUT_ORDER_PLUS_PINNED_NATIVE_LOOP
N4,60,first_fit,5968,25,24,COMPLETED_STDOUT_ORDER_PLUS_PINNED_NATIVE_LOOP
N4,60,first_fit,5969,25,24,COMPLETED_STDOUT_ORDER_PLUS_PINNED_NATIVE_LOOP
N4,60,first_fit,5970,25,24,COMPLETED_STDOUT_ORDER_PLUS_PINNED_NATIVE_LOOP
N4,60,first_fit,5971,25,24,COMPLETED_STDOUT_ORDER_PLUS_PINNED_NATIVE_LOOP
N4,60,first_fit,5972,25,24,COMPLETED_STDOUT_ORDER_PLUS_PINNED_NATIVE_LOOP
N4,60,first_fit,5973,25,24,COMPLETED_STDOUT_ORDER_PLUS_PINNED_NATIVE_LOOP
N4,60,first_fit,5974,25,24,COMPLETED_STDOUT_ORDER_PLUS_PINNED_NATIVE_LOOP
N4,60,first_fit,5975,25,24,COMPLETED_STDOUT_ORDER_PLUS_PINNED_NATIVE_LOOP
N4,60,first_fit,5976,25,24,COMPLETED_STDOUT_ORDER_PLUS_PINNED_NATIVE_LOOP
N4,60,first_fit,5977,25,24,COMPLETED_STDOUT_ORDER_PLUS_PINNED_NATIVE_LOOP
N4,60,first_fit,5978,25,24,COMPLETED_STDOUT_ORDER_PLUS_PINNED_NATIVE_LOOP
N4,60,first_fit,5979,25,24,COMPLETED_STDOUT_ORDER_PLUS_PINNED_NATIVE_LOOP
N4,60,first_fit,5980,25,24,COMPLETED_STDOUT_ORDER_PLUS_PINNED_NATIVE_LOOP
N4,60,first_fit,5981,25,24,COMPLETED_STDOUT_ORDER_PLUS_PINNED_NATIVE_LOOP
N4,60,first_fit,5982,25,24,COMPLETED_STDOUT_ORDER_PLUS_PINNED_NATIVE_LOOP
N4,60,first_fit,5983,25,24,COMPLETED_STDOUT_ORDER_PLUS_PINNED_NATIVE_LOOP
N4,60,first_fit,5984,25,24,COMPLETED_STDOUT_ORDER_PLUS_PINNED_NATIVE_LOOP
N4,60,first_fit,5985,25,24,COMPLETED_STDOUT_ORDER_PLUS_PINNED_NATIVE_LOOP
N4,60,first_fit,5986,25,24,COMPLETED_STDOUT_ORDER_PLUS_PINNED_NATIVE_LOOP
N4,60,first_fit,5987,25,24,COMPLETED_STDOUT_ORDER_PLUS_PINNED_NATIVE_LOOP
N4,60,first_fit,5988,25,24,COMPLETED_STDOUT_ORDER_PLUS_PINNED_NATIVE_LOOP
N4,60,first_fit,5989,25,24,COMPLETED_STDOUT_ORDER_PLUS_PINNED_NATIVE_LOOP
N4,60,first_fit,5990,25,24,COMPLETED_STDOUT_ORDER_PLUS_PINNED_NATIVE_LOOP
N4,60,first_fit,5991,25,24,COMPLETED_STDOUT_ORDER_PLUS_PINNED_NATIVE_LOOP
N4,60,first_fit,5992,25,24,COMPLETED_STDOUT_ORDER_PLUS_PINNED_NATIVE_LOOP
N4,60,first_fit,5993,25,24,COMPLETED_STDOUT_ORDER_PLUS_PINNED_NATIVE_LOOP
N4,60,first_fit,5994,25,24,COMPLETED_STDOUT_ORDER_PLUS_PINNED_NATIVE_LOOP
N4,60,first_fit,5995,25,24,COMPLETED_STDOUT_ORDER_PLUS_PINNED_NATIVE_LOOP
N4,60,first_fit,5996,25,24,COMPLETED_STDOUT_ORDER_PLUS_PINNED_NATIVE_LOOP
N4,60,first_fit,5997,25,24,COMPLETED_STDOUT_ORDER_PLUS_PINNED_NATIVE_LOOP
N4,60,first_fit,5998,25,24,COMPLETED_STDOUT_ORDER_PLUS_PINNED_NATIVE_LOOP
N4,60,first_fit,5999,25,24,COMPLETED_STDOUT_ORDER_PLUS_PINNED_NATIVE_LOOP
RES8,51,first_fit,5000,25,24,COMPLETED_STDOUT_ORDER_PLUS_PINNED_NATIVE_LOOP
RES8,51,first_fit,5001,25,24,COMPLETED_STDOUT_ORDER_PLUS_PINNED_NATIVE_LOOP
RES8,51,first_fit,5002,25,24,COMPLETED_STDOUT_ORDER_PLUS_PINNED_NATIVE_LOOP
RES8,51,first_fit,5003,25,24,COMPLETED_STDOUT_ORDER_PLUS_PINNED_NATIVE_LOOP
RES8,51,first_fit,5004,25,24,COMPLETED_STDOUT_ORDER_PLUS_PINNED_NATIVE_LOOP
RES8,51,first_fit,5005,25,24,COMPLETED_STDOUT_ORDER_PLUS_PINNED_NATIVE_LOOP
RES8,51,first_fit,5006,25,24,COMPLETED_STDOUT_ORDER_PLUS_PINNED_NATIVE_LOOP
RES8,51,first_fit,5007,25,24,COMPLETED_STDOUT_ORDER_PLUS_PINNED_NATIVE_LOOP
RES8,51,first_fit,5008,25,24,COMPLETED_STDOUT_ORDER_PLUS_PINNED_NATIVE_LOOP
RES8,51,first_fit,5009,25,24,COMPLETED_STDOUT_ORDER_PLUS_PINNED_NATIVE_LOOP
RES8,51,first_fit,5010,25,24,COMPLETED_STDOUT_ORDER_PLUS_PINNED_NATIVE_LOOP
RES8,51,first_fit,5011,25,24,COMPLETED_STDOUT_ORDER_PLUS_PINNED_NATIVE_LOOP
RES8,51,first_fit,5012,25,24,COMPLETED_STDOUT_ORDER_PLUS_PINNED_NATIVE_LOOP
RES8,51,first_fit,5013,25,24,COMPLETED_STDOUT_ORDER_PLUS_PINNED_NATIVE_LOOP
RES8,51,first_fit,5014,25,24,COMPLETED_STDOUT_ORDER_PLUS_PINNED_NATIVE_LOOP
RES8,51,first_fit,5015,25,24,COMPLETED_STDOUT_ORDER_PLUS_PINNED_NATIVE_LOOP
RES8,51,first_fit,5016,25,24,COMPLETED_STDOUT_ORDER_PLUS_PINNED_NATIVE_LOOP
RES8,51,first_fit,5017,25,24,COMPLETED_STDOUT_ORDER_PLUS_PINNED_NATIVE_LOOP
RES8,51,first_fit,5018,25,24,COMPLETED_STDOUT_ORDER_PLUS_PINNED_NATIVE_LOOP
RES8,51,first_fit,5019,25,24,COMPLETED_STDOUT_ORDER_PLUS_PINNED_NATIVE_LOOP
RES8,51,first_fit,5020,25,24,COMPLETED_STDOUT_ORDER_PLUS_PINNED_NATIVE_LOOP
RES8,51,first_fit,5021,25,24,COMPLETED_STDOUT_ORDER_PLUS_PINNED_NATIVE_LOOP
RES8,51,first_fit,5022,25,24,COMPLETED_STDOUT_ORDER_PLUS_PINNED_NATIVE_LOOP
RES8,51,first_fit,5023,25,24,COMPLETED_STDOUT_ORDER_PLUS_PINNED_NATIVE_LOOP
RES8,51,first_fit,5024,25,24,COMPLETED_STDOUT_ORDER_PLUS_PINNED_NATIVE_LOOP
RES8,51,first_fit,5025,25,24,COMPLETED_STDOUT_ORDER_PLUS_PINNED_NATIVE_LOOP
RES8,51,first_fit,5026,25,24,COMPLETED_STDOUT_ORDER_PLUS_PINNED_NATIVE_LOOP
RES8,51,first_fit,5027,25,24,COMPLETED_STDOUT_ORDER_PLUS_PINNED_NATIVE_LOOP
RES8,51,first_fit,5028,25,24,COMPLETED_STDOUT_ORDER_PLUS_PINNED_NATIVE_LOOP
RES8,51,first_fit,5029,25,24,COMPLETED_STDOUT_ORDER_PLUS_PINNED_NATIVE_LOOP
RES8,51,first_fit,5030,25,24,COMPLETED_STDOUT_ORDER_PLUS_PINNED_NATIVE_LOOP
RES8,51,first_fit,5031,25,24,COMPLETED_STDOUT_ORDER_PLUS_PINNED_NATIVE_LOOP
RES8,51,first_fit,5032,25,24,COMPLETED_STDOUT_ORDER_PLUS_PINNED_NATIVE_LOOP
RES8,51,first_fit,5033,25,24,COMPLETED_STDOUT_ORDER_PLUS_PINNED_NATIVE_LOOP
RES8,51,first_fit,5034,25,24,COMPLETED_STDOUT_ORDER_PLUS_PINNED_NATIVE_LOOP
RES8,51,first_fit,5035,25,24,COMPLETED_STDOUT_ORDER_PLUS_PINNED_NATIVE_LOOP
RES8,51,first_fit,5036,25,24,COMPLETED_STDOUT_ORDER_PLUS_PINNED_NATIVE_LOOP
RES8,51,first_fit,5037,25,24,COMPLETED_STDOUT_ORDER_PLUS_PINNED_NATIVE_LOOP
RES8,51,first_fit,5038,25,24,COMPLETED_STDOUT_ORDER_PLUS_PINNED_NATIVE_LOOP
RES8,51,first_fit,5039,25,24,COMPLETED_STDOUT_ORDER_PLUS_PINNED_NATIVE_LOOP
RES8,51,first_fit,5040,25,24,COMPLETED_STDOUT_ORDER_PLUS_PINNED_NATIVE_LOOP
RES8,51,first_fit,5041,25,24,COMPLETED_STDOUT_ORDER_PLUS_PINNED_NATIVE_LOOP
RES8,51,first_fit,5042,25,24,COMPLETED_STDOUT_ORDER_PLUS_PINNED_NATIVE_LOOP
RES8,51,first_fit,5043,25,24,COMPLETED_STDOUT_ORDER_PLUS_PINNED_NATIVE_LOOP
RES8,51,first_fit,5044,25,24,COMPLETED_STDOUT_ORDER_PLUS_PINNED_NATIVE_LOOP
RES8,51,first_fit,5045,25,24,COMPLETED_STDOUT_ORDER_PLUS_PINNED_NATIVE_LOOP
RES8,51,first_fit,5046,25,24,COMPLETED_STDOUT_ORDER_PLUS_PINNED_NATIVE_LOOP
RES8,51,first_fit,5047,25,24,COMPLETED_STDOUT_ORDER_PLUS_PINNED_NATIVE_LOOP
RES8,51,first_fit,5048,25,24,COMPLETED_STDOUT_ORDER_PLUS_PINNED_NATIVE_LOOP
RES8,51,first_fit,5049,25,24,COMPLETED_STDOUT_ORDER_PLUS_PINNED_NATIVE_LOOP
RES8,51,first_fit,5050,25,24,COMPLETED_STDOUT_ORDER_PLUS_PINNED_NATIVE_LOOP
RES8,51,first_fit,5051,25,24,COMPLETED_STDOUT_ORDER_PLUS_PINNED_NATIVE_LOOP
RES8,51,first_fit,5052,25,24,COMPLETED_STDOUT_ORDER_PLUS_PINNED_NATIVE_LOOP
RES8,51,first_fit,5053,25,24,COMPLETED_STDOUT_ORDER_PLUS_PINNED_NATIVE_LOOP
RES8,51,first_fit,5054,25,24,COMPLETED_STDOUT_ORDER_PLUS_PINNED_NATIVE_LOOP
RES8,51,first_fit,5055,25,24,COMPLETED_STDOUT_ORDER_PLUS_PINNED_NATIVE_LOOP
RES8,51,first_fit,5056,25,24,COMPLETED_STDOUT_ORDER_PLUS_PINNED_NATIVE_LOOP
RES8,51,first_fit,5057,25,24,COMPLETED_STDOUT_ORDER_PLUS_PINNED_NATIVE_LOOP
RES8,51,first_fit,5058,25,24,COMPLETED_STDOUT_ORDER_PLUS_PINNED_NATIVE_LOOP
RES8,51,first_fit,5059,25,24,COMPLETED_STDOUT_ORDER_PLUS_PINNED_NATIVE_LOOP
RES8,51,first_fit,5060,25,24,COMPLETED_STDOUT_ORDER_PLUS_PINNED_NATIVE_LOOP
RES8,51,first_fit,5061,25,24,COMPLETED_STDOUT_ORDER_PLUS_PINNED_NATIVE_LOOP
RES8,51,first_fit,5062,25,24,COMPLETED_STDOUT_ORDER_PLUS_PINNED_NATIVE_LOOP
RES8,51,first_fit,5063,25,24,COMPLETED_STDOUT_ORDER_PLUS_PINNED_NATIVE_LOOP
RES8,51,first_fit,5064,25,24,COMPLETED_STDOUT_ORDER_PLUS_PINNED_NATIVE_LOOP
RES8,51,first_fit,5065,25,24,COMPLETED_STDOUT_ORDER_PLUS_PINNED_NATIVE_LOOP
RES8,51,first_fit,5066,25,24,COMPLETED_STDOUT_ORDER_PLUS_PINNED_NATIVE_LOOP
RES8,51,first_fit,5067,25,24,COMPLETED_STDOUT_ORDER_PLUS_PINNED_NATIVE_LOOP
RES8,51,first_fit,5068,25,24,COMPLETED_STDOUT_ORDER_PLUS_PINNED_NATIVE_LOOP
RES8,51,first_fit,5069,25,24,COMPLETED_STDOUT_ORDER_PLUS_PINNED_NATIVE_LOOP
RES8,51,first_fit,5070,25,24,COMPLETED_STDOUT_ORDER_PLUS_PINNED_NATIVE_LOOP
RES8,51,first_fit,5071,25,24,COMPLETED_STDOUT_ORDER_PLUS_PINNED_NATIVE_LOOP
RES8,51,first_fit,5072,25,24,COMPLETED_STDOUT_ORDER_PLUS_PINNED_NATIVE_LOOP
RES8,51,first_fit,5073,25,24,COMPLETED_STDOUT_ORDER_PLUS_PINNED_NATIVE_LOOP
RES8,51,first_fit,5074,25,24,COMPLETED_STDOUT_ORDER_PLUS_PINNED_NATIVE_LOOP
RES8,51,first_fit,5075,25,24,COMPLETED_STDOUT_ORDER_PLUS_PINNED_NATIVE_LOOP
RES8,51,first_fit,5076,25,24,COMPLETED_STDOUT_ORDER_PLUS_PINNED_NATIVE_LOOP
RES8,51,first_fit,5077,25,24,COMPLETED_STDOUT_ORDER_PLUS_PINNED_NATIVE_LOOP
RES8,51,first_fit,5078,25,24,COMPLETED_STDOUT_ORDER_PLUS_PINNED_NATIVE_LOOP
RES8,51,first_fit,5079,25,24,COMPLETED_STDOUT_ORDER_PLUS_PINNED_NATIVE_LOOP
RES8,51,first_fit,5080,25,24,COMPLETED_STDOUT_ORDER_PLUS_PINNED_NATIVE_LOOP
RES8,51,first_fit,5081,25,24,COMPLETED_STDOUT_ORDER_PLUS_PINNED_NATIVE_LOOP
RES8,51,first_fit,5082,25,24,COMPLETED_STDOUT_ORDER_PLUS_PINNED_NATIVE_LOOP
RES8,51,first_fit,5083,25,24,COMPLETED_STDOUT_ORDER_PLUS_PINNED_NATIVE_LOOP
RES8,51,first_fit,5084,25,24,COMPLETED_STDOUT_ORDER_PLUS_PINNED_NATIVE_LOOP
RES8,51,first_fit,5085,25,24,COMPLETED_STDOUT_ORDER_PLUS_PINNED_NATIVE_LOOP
RES8,51,first_fit,5086,25,24,COMPLETED_STDOUT_ORDER_PLUS_PINNED_NATIVE_LOOP
RES8,51,first_fit,5087,25,24,COMPLETED_STDOUT_ORDER_PLUS_PINNED_NATIVE_LOOP
RES8,51,first_fit,5088,25,24,COMPLETED_STDOUT_ORDER_PLUS_PINNED_NATIVE_LOOP
RES8,51,first_fit,5089,25,24,COMPLETED_STDOUT_ORDER_PLUS_PINNED_NATIVE_LOOP
RES8,51,first_fit,5090,25,24,COMPLETED_STDOUT_ORDER_PLUS_PINNED_NATIVE_LOOP
RES8,51,first_fit,5091,25,24,COMPLETED_STDOUT_ORDER_PLUS_PINNED_NATIVE_LOOP
RES8,51,first_fit,5092,25,24,COMPLETED_STDOUT_ORDER_PLUS_PINNED_NATIVE_LOOP
RES8,51,first_fit,5093,25,24,COMPLETED_STDOUT_ORDER_PLUS_PINNED_NATIVE_LOOP
RES8,51,first_fit,5094,25,24,COMPLETED_STDOUT_ORDER_PLUS_PINNED_NATIVE_LOOP
RES8,51,first_fit,5095,25,24,COMPLETED_STDOUT_ORDER_PLUS_PINNED_NATIVE_LOOP
RES8,51,first_fit,5096,25,24,COMPLETED_STDOUT_ORDER_PLUS_PINNED_NATIVE_LOOP
RES8,51,first_fit,5097,25,24,COMPLETED_STDOUT_ORDER_PLUS_PINNED_NATIVE_LOOP
RES8,51,first_fit,5098,25,24,COMPLETED_STDOUT_ORDER_PLUS_PINNED_NATIVE_LOOP
RES8,51,first_fit,5099,25,24,COMPLETED_STDOUT_ORDER_PLUS_PINNED_NATIVE_LOOP
RES8,51,second_fit,5000,1,0,COMPLETED_STDOUT_ORDER_PLUS_PINNED_NATIVE_LOOP
RES8,51,second_fit,5001,1,0,COMPLETED_STDOUT_ORDER_PLUS_PINNED_NATIVE_LOOP
RES8,51,second_fit,5002,25,24,COMPLETED_STDOUT_ORDER_PLUS_PINNED_NATIVE_LOOP
RES8,51,second_fit,5003,1,0,COMPLETED_STDOUT_ORDER_PLUS_PINNED_NATIVE_LOOP
RES8,51,second_fit,5004,1,0,COMPLETED_STDOUT_ORDER_PLUS_PINNED_NATIVE_LOOP
RES8,51,second_fit,5005,1,0,COMPLETED_STDOUT_ORDER_PLUS_PINNED_NATIVE_LOOP
RES8,51,second_fit,5006,25,24,COMPLETED_STDOUT_ORDER_PLUS_PINNED_NATIVE_LOOP
RES8,51,second_fit,5007,1,0,COMPLETED_STDOUT_ORDER_PLUS_PINNED_NATIVE_LOOP
RES8,51,second_fit,5008,1,0,COMPLETED_STDOUT_ORDER_PLUS_PINNED_NATIVE_LOOP
RES8,51,second_fit,5009,1,0,COMPLETED_STDOUT_ORDER_PLUS_PINNED_NATIVE_LOOP
RES8,51,second_fit,5010,1,0,COMPLETED_STDOUT_ORDER_PLUS_PINNED_NATIVE_LOOP
RES8,51,second_fit,5011,1,0,COMPLETED_STDOUT_ORDER_PLUS_PINNED_NATIVE_LOOP
RES8,51,second_fit,5012,1,0,COMPLETED_STDOUT_ORDER_PLUS_PINNED_NATIVE_LOOP
RES8,51,second_fit,5013,1,0,COMPLETED_STDOUT_ORDER_PLUS_PINNED_NATIVE_LOOP
RES8,51,second_fit,5014,1,0,COMPLETED_STDOUT_ORDER_PLUS_PINNED_NATIVE_LOOP
RES8,51,second_fit,5015,1,0,COMPLETED_STDOUT_ORDER_PLUS_PINNED_NATIVE_LOOP
RES8,51,second_fit,5016,1,0,COMPLETED_STDOUT_ORDER_PLUS_PINNED_NATIVE_LOOP
RES8,51,second_fit,5017,1,0,COMPLETED_STDOUT_ORDER_PLUS_PINNED_NATIVE_LOOP
RES8,51,second_fit,5018,1,0,COMPLETED_STDOUT_ORDER_PLUS_PINNED_NATIVE_LOOP
RES8,51,second_fit,5019,1,0,COMPLETED_STDOUT_ORDER_PLUS_PINNED_NATIVE_LOOP
RES8,51,second_fit,5020,25,24,COMPLETED_STDOUT_ORDER_PLUS_PINNED_NATIVE_LOOP
RES8,51,second_fit,5021,1,0,COMPLETED_STDOUT_ORDER_PLUS_PINNED_NATIVE_LOOP
RES8,51,second_fit,5022,25,24,COMPLETED_STDOUT_ORDER_PLUS_PINNED_NATIVE_LOOP
RES8,51,second_fit,5023,1,0,COMPLETED_STDOUT_ORDER_PLUS_PINNED_NATIVE_LOOP
RES8,51,second_fit,5024,1,0,COMPLETED_STDOUT_ORDER_PLUS_PINNED_NATIVE_LOOP
RES8,51,second_fit,5025,1,0,COMPLETED_STDOUT_ORDER_PLUS_PINNED_NATIVE_LOOP
RES8,51,second_fit,5026,1,0,COMPLETED_STDOUT_ORDER_PLUS_PINNED_NATIVE_LOOP
RES8,51,second_fit,5027,1,0,COMPLETED_STDOUT_ORDER_PLUS_PINNED_NATIVE_LOOP
RES8,51,second_fit,5028,1,0,COMPLETED_STDOUT_ORDER_PLUS_PINNED_NATIVE_LOOP
RES8,51,second_fit,5029,1,0,COMPLETED_STDOUT_ORDER_PLUS_PINNED_NATIVE_LOOP
RES8,51,second_fit,5030,1,0,COMPLETED_STDOUT_ORDER_PLUS_PINNED_NATIVE_LOOP
RES8,51,second_fit,5031,1,0,COMPLETED_STDOUT_ORDER_PLUS_PINNED_NATIVE_LOOP
RES8,51,second_fit,5032,25,24,COMPLETED_STDOUT_ORDER_PLUS_PINNED_NATIVE_LOOP
RES8,51,second_fit,5033,1,0,COMPLETED_STDOUT_ORDER_PLUS_PINNED_NATIVE_LOOP
RES8,51,second_fit,5034,1,0,COMPLETED_STDOUT_ORDER_PLUS_PINNED_NATIVE_LOOP
RES8,51,second_fit,5035,1,0,COMPLETED_STDOUT_ORDER_PLUS_PINNED_NATIVE_LOOP
RES8,51,second_fit,5036,1,0,COMPLETED_STDOUT_ORDER_PLUS_PINNED_NATIVE_LOOP
RES8,51,second_fit,5037,1,0,COMPLETED_STDOUT_ORDER_PLUS_PINNED_NATIVE_LOOP
RES8,51,second_fit,5038,1,0,COMPLETED_STDOUT_ORDER_PLUS_PINNED_NATIVE_LOOP
RES8,51,second_fit,5039,1,0,COMPLETED_STDOUT_ORDER_PLUS_PINNED_NATIVE_LOOP
RES8,51,second_fit,5040,1,0,COMPLETED_STDOUT_ORDER_PLUS_PINNED_NATIVE_LOOP
RES8,51,second_fit,5041,1,0,COMPLETED_STDOUT_ORDER_PLUS_PINNED_NATIVE_LOOP
RES8,51,second_fit,5042,1,0,COMPLETED_STDOUT_ORDER_PLUS_PINNED_NATIVE_LOOP
RES8,51,second_fit,5043,1,0,COMPLETED_STDOUT_ORDER_PLUS_PINNED_NATIVE_LOOP
RES8,51,second_fit,5044,1,0,COMPLETED_STDOUT_ORDER_PLUS_PINNED_NATIVE_LOOP
RES8,51,second_fit,5045,1,0,COMPLETED_STDOUT_ORDER_PLUS_PINNED_NATIVE_LOOP
RES8,51,second_fit,5046,1,0,COMPLETED_STDOUT_ORDER_PLUS_PINNED_NATIVE_LOOP
RES8,51,second_fit,5047,1,0,COMPLETED_STDOUT_ORDER_PLUS_PINNED_NATIVE_LOOP
RES8,51,second_fit,5048,1,0,COMPLETED_STDOUT_ORDER_PLUS_PINNED_NATIVE_LOOP
RES8,51,second_fit,5049,1,0,COMPLETED_STDOUT_ORDER_PLUS_PINNED_NATIVE_LOOP
RES8,51,second_fit,5050,1,0,COMPLETED_STDOUT_ORDER_PLUS_PINNED_NATIVE_LOOP
RES8,51,second_fit,5051,1,0,COMPLETED_STDOUT_ORDER_PLUS_PINNED_NATIVE_LOOP
RES8,51,second_fit,5052,1,0,COMPLETED_STDOUT_ORDER_PLUS_PINNED_NATIVE_LOOP
RES8,51,second_fit,5053,1,0,COMPLETED_STDOUT_ORDER_PLUS_PINNED_NATIVE_LOOP
RES8,51,second_fit,5054,1,0,COMPLETED_STDOUT_ORDER_PLUS_PINNED_NATIVE_LOOP
RES8,51,second_fit,5055,1,0,COMPLETED_STDOUT_ORDER_PLUS_PINNED_NATIVE_LOOP
RES8,51,second_fit,5056,1,0,COMPLETED_STDOUT_ORDER_PLUS_PINNED_NATIVE_LOOP
RES8,51,second_fit,5057,1,0,COMPLETED_STDOUT_ORDER_PLUS_PINNED_NATIVE_LOOP
RES8,51,second_fit,5058,1,0,COMPLETED_STDOUT_ORDER_PLUS_PINNED_NATIVE_LOOP
RES8,51,second_fit,5059,1,0,COMPLETED_STDOUT_ORDER_PLUS_PINNED_NATIVE_LOOP
RES8,51,second_fit,5060,1,0,COMPLETED_STDOUT_ORDER_PLUS_PINNED_NATIVE_LOOP
RES8,51,second_fit,5061,1,0,COMPLETED_STDOUT_ORDER_PLUS_PINNED_NATIVE_LOOP
RES8,51,second_fit,5062,1,0,COMPLETED_STDOUT_ORDER_PLUS_PINNED_NATIVE_LOOP
RES8,51,second_fit,5063,1,0,COMPLETED_STDOUT_ORDER_PLUS_PINNED_NATIVE_LOOP
RES8,51,second_fit,5064,1,0,COMPLETED_STDOUT_ORDER_PLUS_PINNED_NATIVE_LOOP
RES8,51,second_fit,5065,25,24,COMPLETED_STDOUT_ORDER_PLUS_PINNED_NATIVE_LOOP
RES8,51,second_fit,5066,1,0,COMPLETED_STDOUT_ORDER_PLUS_PINNED_NATIVE_LOOP
RES8,51,second_fit,5067,25,24,COMPLETED_STDOUT_ORDER_PLUS_PINNED_NATIVE_LOOP
RES8,51,second_fit,5068,1,0,COMPLETED_STDOUT_ORDER_PLUS_PINNED_NATIVE_LOOP
RES8,51,second_fit,5069,1,0,COMPLETED_STDOUT_ORDER_PLUS_PINNED_NATIVE_LOOP
RES8,51,second_fit,5070,1,0,COMPLETED_STDOUT_ORDER_PLUS_PINNED_NATIVE_LOOP
RES8,51,second_fit,5071,1,0,COMPLETED_STDOUT_ORDER_PLUS_PINNED_NATIVE_LOOP
RES8,51,second_fit,5072,1,0,COMPLETED_STDOUT_ORDER_PLUS_PINNED_NATIVE_LOOP
RES8,51,second_fit,5073,1,0,COMPLETED_STDOUT_ORDER_PLUS_PINNED_NATIVE_LOOP
RES8,51,second_fit,5074,1,0,COMPLETED_STDOUT_ORDER_PLUS_PINNED_NATIVE_LOOP
RES8,51,second_fit,5075,1,0,COMPLETED_STDOUT_ORDER_PLUS_PINNED_NATIVE_LOOP
RES8,51,second_fit,5076,1,0,COMPLETED_STDOUT_ORDER_PLUS_PINNED_NATIVE_LOOP
RES8,51,second_fit,5077,1,0,COMPLETED_STDOUT_ORDER_PLUS_PINNED_NATIVE_LOOP
RES8,51,second_fit,5078,1,0,COMPLETED_STDOUT_ORDER_PLUS_PINNED_NATIVE_LOOP
RES8,51,second_fit,5079,1,0,COMPLETED_STDOUT_ORDER_PLUS_PINNED_NATIVE_LOOP
RES8,51,second_fit,5080,1,0,COMPLETED_STDOUT_ORDER_PLUS_PINNED_NATIVE_LOOP
RES8,51,second_fit,5081,1,0,COMPLETED_STDOUT_ORDER_PLUS_PINNED_NATIVE_LOOP
RES8,51,second_fit,5082,1,0,COMPLETED_STDOUT_ORDER_PLUS_PINNED_NATIVE_LOOP
RES8,51,second_fit,5083,1,0,COMPLETED_STDOUT_ORDER_PLUS_PINNED_NATIVE_LOOP
RES8,51,second_fit,5084,1,0,COMPLETED_STDOUT_ORDER_PLUS_PINNED_NATIVE_LOOP
RES8,51,second_fit,5085,1,0,COMPLETED_STDOUT_ORDER_PLUS_PINNED_NATIVE_LOOP
RES8,51,second_fit,5086,1,0,COMPLETED_STDOUT_ORDER_PLUS_PINNED_NATIVE_LOOP
RES8,51,second_fit,5087,1,0,COMPLETED_STDOUT_ORDER_PLUS_PINNED_NATIVE_LOOP
RES8,51,second_fit,5088,1,0,COMPLETED_STDOUT_ORDER_PLUS_PINNED_NATIVE_LOOP
RES8,51,second_fit,5089,1,0,COMPLETED_STDOUT_ORDER_PLUS_PINNED_NATIVE_LOOP
RES8,51,second_fit,5090,1,0,COMPLETED_STDOUT_ORDER_PLUS_PINNED_NATIVE_LOOP
RES8,51,second_fit,5091,1,0,COMPLETED_STDOUT_ORDER_PLUS_PINNED_NATIVE_LOOP
RES8,51,second_fit,5092,1,0,COMPLETED_STDOUT_ORDER_PLUS_PINNED_NATIVE_LOOP
RES8,51,second_fit,5093,1,0,COMPLETED_STDOUT_ORDER_PLUS_PINNED_NATIVE_LOOP
RES8,51,second_fit,5094,25,24,COMPLETED_STDOUT_ORDER_PLUS_PINNED_NATIVE_LOOP
RES8,51,second_fit,5095,25,24,COMPLETED_STDOUT_ORDER_PLUS_PINNED_NATIVE_LOOP
RES8,51,second_fit,5096,1,0,COMPLETED_STDOUT_ORDER_PLUS_PINNED_NATIVE_LOOP
RES8,51,second_fit,5097,1,0,COMPLETED_STDOUT_ORDER_PLUS_PINNED_NATIVE_LOOP
RES8,51,second_fit,5098,1,0,COMPLETED_STDOUT_ORDER_PLUS_PINNED_NATIVE_LOOP
RES8,51,second_fit,5099,1,0,COMPLETED_STDOUT_ORDER_PLUS_PINNED_NATIVE_LOOP
RES8,52,first_fit,5100,25,24,COMPLETED_STDOUT_ORDER_PLUS_PINNED_NATIVE_LOOP
RES8,52,first_fit,5101,25,24,COMPLETED_STDOUT_ORDER_PLUS_PINNED_NATIVE_LOOP
RES8,52,first_fit,5102,25,24,COMPLETED_STDOUT_ORDER_PLUS_PINNED_NATIVE_LOOP
RES8,52,first_fit,5103,25,24,COMPLETED_STDOUT_ORDER_PLUS_PINNED_NATIVE_LOOP
RES8,52,first_fit,5104,25,24,COMPLETED_STDOUT_ORDER_PLUS_PINNED_NATIVE_LOOP
RES8,52,first_fit,5105,25,24,COMPLETED_STDOUT_ORDER_PLUS_PINNED_NATIVE_LOOP
RES8,52,first_fit,5106,25,24,COMPLETED_STDOUT_ORDER_PLUS_PINNED_NATIVE_LOOP
RES8,52,first_fit,5107,25,24,COMPLETED_STDOUT_ORDER_PLUS_PINNED_NATIVE_LOOP
RES8,52,first_fit,5108,25,24,COMPLETED_STDOUT_ORDER_PLUS_PINNED_NATIVE_LOOP
RES8,52,first_fit,5109,25,24,COMPLETED_STDOUT_ORDER_PLUS_PINNED_NATIVE_LOOP
RES8,52,first_fit,5110,25,24,COMPLETED_STDOUT_ORDER_PLUS_PINNED_NATIVE_LOOP
RES8,52,first_fit,5111,25,24,COMPLETED_STDOUT_ORDER_PLUS_PINNED_NATIVE_LOOP
RES8,52,first_fit,5112,25,24,COMPLETED_STDOUT_ORDER_PLUS_PINNED_NATIVE_LOOP
RES8,52,first_fit,5113,25,24,COMPLETED_STDOUT_ORDER_PLUS_PINNED_NATIVE_LOOP
RES8,52,first_fit,5114,25,24,COMPLETED_STDOUT_ORDER_PLUS_PINNED_NATIVE_LOOP
RES8,52,first_fit,5115,25,24,COMPLETED_STDOUT_ORDER_PLUS_PINNED_NATIVE_LOOP
RES8,52,first_fit,5116,25,24,COMPLETED_STDOUT_ORDER_PLUS_PINNED_NATIVE_LOOP
RES8,52,first_fit,5117,25,24,COMPLETED_STDOUT_ORDER_PLUS_PINNED_NATIVE_LOOP
RES8,52,first_fit,5118,25,24,COMPLETED_STDOUT_ORDER_PLUS_PINNED_NATIVE_LOOP
RES8,52,first_fit,5119,25,24,COMPLETED_STDOUT_ORDER_PLUS_PINNED_NATIVE_LOOP
RES8,52,first_fit,5120,25,24,COMPLETED_STDOUT_ORDER_PLUS_PINNED_NATIVE_LOOP
RES8,52,first_fit,5121,25,24,COMPLETED_STDOUT_ORDER_PLUS_PINNED_NATIVE_LOOP
RES8,52,first_fit,5122,25,24,COMPLETED_STDOUT_ORDER_PLUS_PINNED_NATIVE_LOOP
RES8,52,first_fit,5123,25,24,COMPLETED_STDOUT_ORDER_PLUS_PINNED_NATIVE_LOOP
RES8,52,first_fit,5124,25,24,COMPLETED_STDOUT_ORDER_PLUS_PINNED_NATIVE_LOOP
RES8,52,first_fit,5125,25,24,COMPLETED_STDOUT_ORDER_PLUS_PINNED_NATIVE_LOOP
RES8,52,first_fit,5126,25,24,COMPLETED_STDOUT_ORDER_PLUS_PINNED_NATIVE_LOOP
RES8,52,first_fit,5127,25,24,COMPLETED_STDOUT_ORDER_PLUS_PINNED_NATIVE_LOOP
RES8,52,first_fit,5128,25,24,COMPLETED_STDOUT_ORDER_PLUS_PINNED_NATIVE_LOOP
RES8,52,first_fit,5129,25,24,COMPLETED_STDOUT_ORDER_PLUS_PINNED_NATIVE_LOOP
RES8,52,first_fit,5130,25,24,COMPLETED_STDOUT_ORDER_PLUS_PINNED_NATIVE_LOOP
RES8,52,first_fit,5131,25,24,COMPLETED_STDOUT_ORDER_PLUS_PINNED_NATIVE_LOOP
RES8,52,first_fit,5132,25,24,COMPLETED_STDOUT_ORDER_PLUS_PINNED_NATIVE_LOOP
RES8,52,first_fit,5133,25,24,COMPLETED_STDOUT_ORDER_PLUS_PINNED_NATIVE_LOOP
RES8,52,first_fit,5134,25,24,COMPLETED_STDOUT_ORDER_PLUS_PINNED_NATIVE_LOOP
RES8,52,first_fit,5135,25,24,COMPLETED_STDOUT_ORDER_PLUS_PINNED_NATIVE_LOOP
RES8,52,first_fit,5136,25,24,COMPLETED_STDOUT_ORDER_PLUS_PINNED_NATIVE_LOOP
RES8,52,first_fit,5137,25,24,COMPLETED_STDOUT_ORDER_PLUS_PINNED_NATIVE_LOOP
RES8,52,first_fit,5138,25,24,COMPLETED_STDOUT_ORDER_PLUS_PINNED_NATIVE_LOOP
RES8,52,first_fit,5139,25,24,COMPLETED_STDOUT_ORDER_PLUS_PINNED_NATIVE_LOOP
RES8,52,first_fit,5140,25,24,COMPLETED_STDOUT_ORDER_PLUS_PINNED_NATIVE_LOOP
RES8,52,first_fit,5141,25,24,COMPLETED_STDOUT_ORDER_PLUS_PINNED_NATIVE_LOOP
RES8,52,first_fit,5142,25,24,COMPLETED_STDOUT_ORDER_PLUS_PINNED_NATIVE_LOOP
RES8,52,first_fit,5143,25,24,COMPLETED_STDOUT_ORDER_PLUS_PINNED_NATIVE_LOOP
RES8,52,first_fit,5144,25,24,COMPLETED_STDOUT_ORDER_PLUS_PINNED_NATIVE_LOOP
RES8,52,first_fit,5145,25,24,COMPLETED_STDOUT_ORDER_PLUS_PINNED_NATIVE_LOOP
RES8,52,first_fit,5146,25,24,COMPLETED_STDOUT_ORDER_PLUS_PINNED_NATIVE_LOOP
RES8,52,first_fit,5147,25,24,COMPLETED_STDOUT_ORDER_PLUS_PINNED_NATIVE_LOOP
RES8,52,first_fit,5148,25,24,COMPLETED_STDOUT_ORDER_PLUS_PINNED_NATIVE_LOOP
RES8,52,first_fit,5149,25,24,COMPLETED_STDOUT_ORDER_PLUS_PINNED_NATIVE_LOOP
RES8,52,first_fit,5150,25,24,COMPLETED_STDOUT_ORDER_PLUS_PINNED_NATIVE_LOOP
RES8,52,first_fit,5151,25,24,COMPLETED_STDOUT_ORDER_PLUS_PINNED_NATIVE_LOOP
RES8,52,first_fit,5152,25,24,COMPLETED_STDOUT_ORDER_PLUS_PINNED_NATIVE_LOOP
RES8,52,first_fit,5153,25,24,COMPLETED_STDOUT_ORDER_PLUS_PINNED_NATIVE_LOOP
RES8,52,first_fit,5154,25,24,COMPLETED_STDOUT_ORDER_PLUS_PINNED_NATIVE_LOOP
RES8,52,first_fit,5155,25,24,COMPLETED_STDOUT_ORDER_PLUS_PINNED_NATIVE_LOOP
RES8,52,first_fit,5156,25,24,COMPLETED_STDOUT_ORDER_PLUS_PINNED_NATIVE_LOOP
RES8,52,first_fit,5157,25,24,COMPLETED_STDOUT_ORDER_PLUS_PINNED_NATIVE_LOOP
RES8,52,first_fit,5158,25,24,COMPLETED_STDOUT_ORDER_PLUS_PINNED_NATIVE_LOOP
RES8,52,first_fit,5159,25,24,COMPLETED_STDOUT_ORDER_PLUS_PINNED_NATIVE_LOOP
RES8,52,first_fit,5160,25,24,COMPLETED_STDOUT_ORDER_PLUS_PINNED_NATIVE_LOOP
RES8,52,first_fit,5161,25,24,COMPLETED_STDOUT_ORDER_PLUS_PINNED_NATIVE_LOOP
RES8,52,first_fit,5162,25,24,COMPLETED_STDOUT_ORDER_PLUS_PINNED_NATIVE_LOOP
RES8,52,first_fit,5163,25,24,COMPLETED_STDOUT_ORDER_PLUS_PINNED_NATIVE_LOOP
RES8,52,first_fit,5164,25,24,COMPLETED_STDOUT_ORDER_PLUS_PINNED_NATIVE_LOOP
RES8,52,first_fit,5165,25,24,COMPLETED_STDOUT_ORDER_PLUS_PINNED_NATIVE_LOOP
RES8,52,first_fit,5166,25,24,COMPLETED_STDOUT_ORDER_PLUS_PINNED_NATIVE_LOOP
RES8,52,first_fit,5167,25,24,COMPLETED_STDOUT_ORDER_PLUS_PINNED_NATIVE_LOOP
RES8,52,first_fit,5168,25,24,COMPLETED_STDOUT_ORDER_PLUS_PINNED_NATIVE_LOOP
RES8,52,first_fit,5169,25,24,COMPLETED_STDOUT_ORDER_PLUS_PINNED_NATIVE_LOOP
RES8,52,first_fit,5170,25,24,COMPLETED_STDOUT_ORDER_PLUS_PINNED_NATIVE_LOOP
RES8,52,first_fit,5171,25,24,COMPLETED_STDOUT_ORDER_PLUS_PINNED_NATIVE_LOOP
RES8,52,first_fit,5172,25,24,COMPLETED_STDOUT_ORDER_PLUS_PINNED_NATIVE_LOOP
RES8,52,first_fit,5173,25,24,COMPLETED_STDOUT_ORDER_PLUS_PINNED_NATIVE_LOOP
RES8,52,first_fit,5174,25,24,COMPLETED_STDOUT_ORDER_PLUS_PINNED_NATIVE_LOOP
RES8,52,first_fit,5175,25,24,COMPLETED_STDOUT_ORDER_PLUS_PINNED_NATIVE_LOOP
RES8,52,first_fit,5176,25,24,COMPLETED_STDOUT_ORDER_PLUS_PINNED_NATIVE_LOOP
RES8,52,first_fit,5177,25,24,COMPLETED_STDOUT_ORDER_PLUS_PINNED_NATIVE_LOOP
RES8,52,first_fit,5178,25,24,COMPLETED_STDOUT_ORDER_PLUS_PINNED_NATIVE_LOOP
RES8,52,first_fit,5179,25,24,COMPLETED_STDOUT_ORDER_PLUS_PINNED_NATIVE_LOOP
RES8,52,first_fit,5180,25,24,COMPLETED_STDOUT_ORDER_PLUS_PINNED_NATIVE_LOOP
RES8,52,first_fit,5181,25,24,COMPLETED_STDOUT_ORDER_PLUS_PINNED_NATIVE_LOOP
RES8,52,first_fit,5182,25,24,COMPLETED_STDOUT_ORDER_PLUS_PINNED_NATIVE_LOOP
RES8,52,first_fit,5183,25,24,COMPLETED_STDOUT_ORDER_PLUS_PINNED_NATIVE_LOOP
RES8,52,first_fit,5184,25,24,COMPLETED_STDOUT_ORDER_PLUS_PINNED_NATIVE_LOOP
RES8,52,first_fit,5185,25,24,COMPLETED_STDOUT_ORDER_PLUS_PINNED_NATIVE_LOOP
RES8,52,first_fit,5186,25,24,COMPLETED_STDOUT_ORDER_PLUS_PINNED_NATIVE_LOOP
RES8,52,first_fit,5187,25,24,COMPLETED_STDOUT_ORDER_PLUS_PINNED_NATIVE_LOOP
RES8,52,first_fit,5188,25,24,COMPLETED_STDOUT_ORDER_PLUS_PINNED_NATIVE_LOOP
RES8,52,first_fit,5189,25,24,COMPLETED_STDOUT_ORDER_PLUS_PINNED_NATIVE_LOOP
RES8,52,first_fit,5190,25,24,COMPLETED_STDOUT_ORDER_PLUS_PINNED_NATIVE_LOOP
RES8,52,first_fit,5191,25,24,COMPLETED_STDOUT_ORDER_PLUS_PINNED_NATIVE_LOOP
RES8,52,first_fit,5192,25,24,COMPLETED_STDOUT_ORDER_PLUS_PINNED_NATIVE_LOOP
RES8,52,first_fit,5193,25,24,COMPLETED_STDOUT_ORDER_PLUS_PINNED_NATIVE_LOOP
RES8,52,first_fit,5194,25,24,COMPLETED_STDOUT_ORDER_PLUS_PINNED_NATIVE_LOOP
RES8,52,first_fit,5195,25,24,COMPLETED_STDOUT_ORDER_PLUS_PINNED_NATIVE_LOOP
RES8,52,first_fit,5196,25,24,COMPLETED_STDOUT_ORDER_PLUS_PINNED_NATIVE_LOOP
RES8,52,first_fit,5197,25,24,COMPLETED_STDOUT_ORDER_PLUS_PINNED_NATIVE_LOOP
RES8,52,first_fit,5198,25,24,COMPLETED_STDOUT_ORDER_PLUS_PINNED_NATIVE_LOOP
RES8,52,first_fit,5199,25,24,COMPLETED_STDOUT_ORDER_PLUS_PINNED_NATIVE_LOOP
RES8,52,second_fit,5100,25,24,COMPLETED_STDOUT_ORDER_PLUS_PINNED_NATIVE_LOOP
RES8,52,second_fit,5101,1,0,COMPLETED_STDOUT_ORDER_PLUS_PINNED_NATIVE_LOOP
RES8,52,second_fit,5102,1,0,COMPLETED_STDOUT_ORDER_PLUS_PINNED_NATIVE_LOOP
RES8,52,second_fit,5103,1,0,COMPLETED_STDOUT_ORDER_PLUS_PINNED_NATIVE_LOOP
RES8,52,second_fit,5104,1,0,COMPLETED_STDOUT_ORDER_PLUS_PINNED_NATIVE_LOOP
RES8,52,second_fit,5105,25,24,COMPLETED_STDOUT_ORDER_PLUS_PINNED_NATIVE_LOOP
RES8,52,second_fit,5106,1,0,COMPLETED_STDOUT_ORDER_PLUS_PINNED_NATIVE_LOOP
RES8,52,second_fit,5107,25,24,COMPLETED_STDOUT_ORDER_PLUS_PINNED_NATIVE_LOOP
RES8,52,second_fit,5108,25,24,COMPLETED_STDOUT_ORDER_PLUS_PINNED_NATIVE_LOOP
RES8,52,second_fit,5109,25,24,COMPLETED_STDOUT_ORDER_PLUS_PINNED_NATIVE_LOOP
RES8,52,second_fit,5110,1,0,COMPLETED_STDOUT_ORDER_PLUS_PINNED_NATIVE_LOOP
RES8,52,second_fit,5111,25,24,COMPLETED_STDOUT_ORDER_PLUS_PINNED_NATIVE_LOOP
RES8,52,second_fit,5112,1,0,COMPLETED_STDOUT_ORDER_PLUS_PINNED_NATIVE_LOOP
RES8,52,second_fit,5113,1,0,COMPLETED_STDOUT_ORDER_PLUS_PINNED_NATIVE_LOOP
RES8,52,second_fit,5114,1,0,COMPLETED_STDOUT_ORDER_PLUS_PINNED_NATIVE_LOOP
RES8,52,second_fit,5115,1,0,COMPLETED_STDOUT_ORDER_PLUS_PINNED_NATIVE_LOOP
RES8,52,second_fit,5116,1,0,COMPLETED_STDOUT_ORDER_PLUS_PINNED_NATIVE_LOOP
RES8,52,second_fit,5117,1,0,COMPLETED_STDOUT_ORDER_PLUS_PINNED_NATIVE_LOOP
RES8,52,second_fit,5118,1,0,COMPLETED_STDOUT_ORDER_PLUS_PINNED_NATIVE_LOOP
RES8,52,second_fit,5119,1,0,COMPLETED_STDOUT_ORDER_PLUS_PINNED_NATIVE_LOOP
RES8,52,second_fit,5120,1,0,COMPLETED_STDOUT_ORDER_PLUS_PINNED_NATIVE_LOOP
RES8,52,second_fit,5121,1,0,COMPLETED_STDOUT_ORDER_PLUS_PINNED_NATIVE_LOOP
RES8,52,second_fit,5122,1,0,COMPLETED_STDOUT_ORDER_PLUS_PINNED_NATIVE_LOOP
RES8,52,second_fit,5123,1,0,COMPLETED_STDOUT_ORDER_PLUS_PINNED_NATIVE_LOOP
RES8,52,second_fit,5124,1,0,COMPLETED_STDOUT_ORDER_PLUS_PINNED_NATIVE_LOOP
RES8,52,second_fit,5125,1,0,COMPLETED_STDOUT_ORDER_PLUS_PINNED_NATIVE_LOOP
RES8,52,second_fit,5126,1,0,COMPLETED_STDOUT_ORDER_PLUS_PINNED_NATIVE_LOOP
RES8,52,second_fit,5127,1,0,COMPLETED_STDOUT_ORDER_PLUS_PINNED_NATIVE_LOOP
RES8,52,second_fit,5128,25,24,COMPLETED_STDOUT_ORDER_PLUS_PINNED_NATIVE_LOOP
RES8,52,second_fit,5129,1,0,COMPLETED_STDOUT_ORDER_PLUS_PINNED_NATIVE_LOOP
RES8,52,second_fit,5130,1,0,COMPLETED_STDOUT_ORDER_PLUS_PINNED_NATIVE_LOOP
RES8,52,second_fit,5131,1,0,COMPLETED_STDOUT_ORDER_PLUS_PINNED_NATIVE_LOOP
RES8,52,second_fit,5132,1,0,COMPLETED_STDOUT_ORDER_PLUS_PINNED_NATIVE_LOOP
RES8,52,second_fit,5133,1,0,COMPLETED_STDOUT_ORDER_PLUS_PINNED_NATIVE_LOOP
RES8,52,second_fit,5134,1,0,COMPLETED_STDOUT_ORDER_PLUS_PINNED_NATIVE_LOOP
RES8,52,second_fit,5135,1,0,COMPLETED_STDOUT_ORDER_PLUS_PINNED_NATIVE_LOOP
RES8,52,second_fit,5136,1,0,COMPLETED_STDOUT_ORDER_PLUS_PINNED_NATIVE_LOOP
RES8,52,second_fit,5137,1,0,COMPLETED_STDOUT_ORDER_PLUS_PINNED_NATIVE_LOOP
RES8,52,second_fit,5138,1,0,COMPLETED_STDOUT_ORDER_PLUS_PINNED_NATIVE_LOOP
RES8,52,second_fit,5139,1,0,COMPLETED_STDOUT_ORDER_PLUS_PINNED_NATIVE_LOOP
RES8,52,second_fit,5140,1,0,COMPLETED_STDOUT_ORDER_PLUS_PINNED_NATIVE_LOOP
RES8,52,second_fit,5141,1,0,COMPLETED_STDOUT_ORDER_PLUS_PINNED_NATIVE_LOOP
RES8,52,second_fit,5142,1,0,COMPLETED_STDOUT_ORDER_PLUS_PINNED_NATIVE_LOOP
RES8,52,second_fit,5143,1,0,COMPLETED_STDOUT_ORDER_PLUS_PINNED_NATIVE_LOOP
RES8,52,second_fit,5144,1,0,COMPLETED_STDOUT_ORDER_PLUS_PINNED_NATIVE_LOOP
RES8,52,second_fit,5145,1,0,COMPLETED_STDOUT_ORDER_PLUS_PINNED_NATIVE_LOOP
RES8,52,second_fit,5146,1,0,COMPLETED_STDOUT_ORDER_PLUS_PINNED_NATIVE_LOOP
RES8,52,second_fit,5147,1,0,COMPLETED_STDOUT_ORDER_PLUS_PINNED_NATIVE_LOOP
RES8,52,second_fit,5148,1,0,COMPLETED_STDOUT_ORDER_PLUS_PINNED_NATIVE_LOOP
RES8,52,second_fit,5149,1,0,COMPLETED_STDOUT_ORDER_PLUS_PINNED_NATIVE_LOOP
RES8,52,second_fit,5150,1,0,COMPLETED_STDOUT_ORDER_PLUS_PINNED_NATIVE_LOOP
RES8,52,second_fit,5151,1,0,COMPLETED_STDOUT_ORDER_PLUS_PINNED_NATIVE_LOOP
RES8,52,second_fit,5152,1,0,COMPLETED_STDOUT_ORDER_PLUS_PINNED_NATIVE_LOOP
RES8,52,second_fit,5153,1,0,COMPLETED_STDOUT_ORDER_PLUS_PINNED_NATIVE_LOOP
RES8,52,second_fit,5154,1,0,COMPLETED_STDOUT_ORDER_PLUS_PINNED_NATIVE_LOOP
RES8,52,second_fit,5155,1,0,COMPLETED_STDOUT_ORDER_PLUS_PINNED_NATIVE_LOOP
RES8,52,second_fit,5156,1,0,COMPLETED_STDOUT_ORDER_PLUS_PINNED_NATIVE_LOOP
RES8,52,second_fit,5157,1,0,COMPLETED_STDOUT_ORDER_PLUS_PINNED_NATIVE_LOOP
RES8,52,second_fit,5158,1,0,COMPLETED_STDOUT_ORDER_PLUS_PINNED_NATIVE_LOOP
RES8,52,second_fit,5159,1,0,COMPLETED_STDOUT_ORDER_PLUS_PINNED_NATIVE_LOOP
RES8,52,second_fit,5160,1,0,COMPLETED_STDOUT_ORDER_PLUS_PINNED_NATIVE_LOOP
RES8,52,second_fit,5161,1,0,COMPLETED_STDOUT_ORDER_PLUS_PINNED_NATIVE_LOOP
RES8,52,second_fit,5162,1,0,COMPLETED_STDOUT_ORDER_PLUS_PINNED_NATIVE_LOOP
RES8,52,second_fit,5163,1,0,COMPLETED_STDOUT_ORDER_PLUS_PINNED_NATIVE_LOOP
RES8,52,second_fit,5164,1,0,COMPLETED_STDOUT_ORDER_PLUS_PINNED_NATIVE_LOOP
RES8,52,second_fit,5165,1,0,COMPLETED_STDOUT_ORDER_PLUS_PINNED_NATIVE_LOOP
RES8,52,second_fit,5166,1,0,COMPLETED_STDOUT_ORDER_PLUS_PINNED_NATIVE_LOOP
RES8,52,second_fit,5167,1,0,COMPLETED_STDOUT_ORDER_PLUS_PINNED_NATIVE_LOOP
RES8,52,second_fit,5168,1,0,COMPLETED_STDOUT_ORDER_PLUS_PINNED_NATIVE_LOOP
RES8,52,second_fit,5169,1,0,COMPLETED_STDOUT_ORDER_PLUS_PINNED_NATIVE_LOOP
RES8,52,second_fit,5170,1,0,COMPLETED_STDOUT_ORDER_PLUS_PINNED_NATIVE_LOOP
RES8,52,second_fit,5171,1,0,COMPLETED_STDOUT_ORDER_PLUS_PINNED_NATIVE_LOOP
RES8,52,second_fit,5172,1,0,COMPLETED_STDOUT_ORDER_PLUS_PINNED_NATIVE_LOOP
RES8,52,second_fit,5173,1,0,COMPLETED_STDOUT_ORDER_PLUS_PINNED_NATIVE_LOOP
RES8,52,second_fit,5174,1,0,COMPLETED_STDOUT_ORDER_PLUS_PINNED_NATIVE_LOOP
RES8,52,second_fit,5175,1,0,COMPLETED_STDOUT_ORDER_PLUS_PINNED_NATIVE_LOOP
RES8,52,second_fit,5176,25,24,COMPLETED_STDOUT_ORDER_PLUS_PINNED_NATIVE_LOOP
RES8,52,second_fit,5177,25,24,COMPLETED_STDOUT_ORDER_PLUS_PINNED_NATIVE_LOOP
RES8,52,second_fit,5178,1,0,COMPLETED_STDOUT_ORDER_PLUS_PINNED_NATIVE_LOOP
RES8,52,second_fit,5179,25,24,COMPLETED_STDOUT_ORDER_PLUS_PINNED_NATIVE_LOOP
RES8,52,second_fit,5180,1,0,COMPLETED_STDOUT_ORDER_PLUS_PINNED_NATIVE_LOOP
RES8,52,second_fit,5181,1,0,COMPLETED_STDOUT_ORDER_PLUS_PINNED_NATIVE_LOOP
RES8,52,second_fit,5182,1,0,COMPLETED_STDOUT_ORDER_PLUS_PINNED_NATIVE_LOOP
RES8,52,second_fit,5183,1,0,COMPLETED_STDOUT_ORDER_PLUS_PINNED_NATIVE_LOOP
RES8,52,second_fit,5184,1,0,COMPLETED_STDOUT_ORDER_PLUS_PINNED_NATIVE_LOOP
RES8,52,second_fit,5185,25,24,COMPLETED_STDOUT_ORDER_PLUS_PINNED_NATIVE_LOOP
RES8,52,second_fit,5186,1,0,COMPLETED_STDOUT_ORDER_PLUS_PINNED_NATIVE_LOOP
RES8,52,second_fit,5187,1,0,COMPLETED_STDOUT_ORDER_PLUS_PINNED_NATIVE_LOOP
RES8,52,second_fit,5188,1,0,COMPLETED_STDOUT_ORDER_PLUS_PINNED_NATIVE_LOOP
RES8,52,second_fit,5189,1,0,COMPLETED_STDOUT_ORDER_PLUS_PINNED_NATIVE_LOOP
RES8,52,second_fit,5190,1,0,COMPLETED_STDOUT_ORDER_PLUS_PINNED_NATIVE_LOOP
RES8,52,second_fit,5191,1,0,COMPLETED_STDOUT_ORDER_PLUS_PINNED_NATIVE_LOOP
RES8,52,second_fit,5192,1,0,COMPLETED_STDOUT_ORDER_PLUS_PINNED_NATIVE_LOOP
RES8,52,second_fit,5193,1,0,COMPLETED_STDOUT_ORDER_PLUS_PINNED_NATIVE_LOOP
RES8,52,second_fit,5194,1,0,COMPLETED_STDOUT_ORDER_PLUS_PINNED_NATIVE_LOOP
RES8,52,second_fit,5195,25,24,COMPLETED_STDOUT_ORDER_PLUS_PINNED_NATIVE_LOOP
RES8,52,second_fit,5196,1,0,COMPLETED_STDOUT_ORDER_PLUS_PINNED_NATIVE_LOOP
RES8,52,second_fit,5197,1,0,COMPLETED_STDOUT_ORDER_PLUS_PINNED_NATIVE_LOOP
RES8,52,second_fit,5198,1,0,COMPLETED_STDOUT_ORDER_PLUS_PINNED_NATIVE_LOOP
RES8,52,second_fit,5199,1,0,COMPLETED_STDOUT_ORDER_PLUS_PINNED_NATIVE_LOOP
RES8,53,first_fit,5200,25,24,COMPLETED_STDOUT_ORDER_PLUS_PINNED_NATIVE_LOOP
RES8,53,first_fit,5201,25,24,COMPLETED_STDOUT_ORDER_PLUS_PINNED_NATIVE_LOOP
RES8,53,first_fit,5202,25,24,COMPLETED_STDOUT_ORDER_PLUS_PINNED_NATIVE_LOOP
RES8,53,first_fit,5203,25,24,COMPLETED_STDOUT_ORDER_PLUS_PINNED_NATIVE_LOOP
RES8,53,first_fit,5204,25,24,COMPLETED_STDOUT_ORDER_PLUS_PINNED_NATIVE_LOOP
RES8,53,first_fit,5205,25,24,COMPLETED_STDOUT_ORDER_PLUS_PINNED_NATIVE_LOOP
RES8,53,first_fit,5206,25,24,COMPLETED_STDOUT_ORDER_PLUS_PINNED_NATIVE_LOOP
RES8,53,first_fit,5207,25,24,COMPLETED_STDOUT_ORDER_PLUS_PINNED_NATIVE_LOOP
RES8,53,first_fit,5208,25,24,COMPLETED_STDOUT_ORDER_PLUS_PINNED_NATIVE_LOOP
RES8,53,first_fit,5209,25,24,COMPLETED_STDOUT_ORDER_PLUS_PINNED_NATIVE_LOOP
RES8,53,first_fit,5210,25,24,COMPLETED_STDOUT_ORDER_PLUS_PINNED_NATIVE_LOOP
RES8,53,first_fit,5211,25,24,COMPLETED_STDOUT_ORDER_PLUS_PINNED_NATIVE_LOOP
RES8,53,first_fit,5212,25,24,COMPLETED_STDOUT_ORDER_PLUS_PINNED_NATIVE_LOOP
RES8,53,first_fit,5213,25,24,COMPLETED_STDOUT_ORDER_PLUS_PINNED_NATIVE_LOOP
RES8,53,first_fit,5214,25,24,COMPLETED_STDOUT_ORDER_PLUS_PINNED_NATIVE_LOOP
RES8,53,first_fit,5215,25,24,COMPLETED_STDOUT_ORDER_PLUS_PINNED_NATIVE_LOOP
RES8,53,first_fit,5216,25,24,COMPLETED_STDOUT_ORDER_PLUS_PINNED_NATIVE_LOOP
RES8,53,first_fit,5217,25,24,COMPLETED_STDOUT_ORDER_PLUS_PINNED_NATIVE_LOOP
RES8,53,first_fit,5218,25,24,COMPLETED_STDOUT_ORDER_PLUS_PINNED_NATIVE_LOOP
RES8,53,first_fit,5219,25,24,COMPLETED_STDOUT_ORDER_PLUS_PINNED_NATIVE_LOOP
RES8,53,first_fit,5220,25,24,COMPLETED_STDOUT_ORDER_PLUS_PINNED_NATIVE_LOOP
RES8,53,first_fit,5221,25,24,COMPLETED_STDOUT_ORDER_PLUS_PINNED_NATIVE_LOOP
RES8,53,first_fit,5222,25,24,COMPLETED_STDOUT_ORDER_PLUS_PINNED_NATIVE_LOOP
RES8,53,first_fit,5223,25,24,COMPLETED_STDOUT_ORDER_PLUS_PINNED_NATIVE_LOOP
RES8,53,first_fit,5224,25,24,COMPLETED_STDOUT_ORDER_PLUS_PINNED_NATIVE_LOOP
RES8,53,first_fit,5225,25,24,COMPLETED_STDOUT_ORDER_PLUS_PINNED_NATIVE_LOOP
RES8,53,first_fit,5226,25,24,COMPLETED_STDOUT_ORDER_PLUS_PINNED_NATIVE_LOOP
RES8,53,first_fit,5227,25,24,COMPLETED_STDOUT_ORDER_PLUS_PINNED_NATIVE_LOOP
RES8,53,first_fit,5228,25,24,COMPLETED_STDOUT_ORDER_PLUS_PINNED_NATIVE_LOOP
RES8,53,first_fit,5229,25,24,COMPLETED_STDOUT_ORDER_PLUS_PINNED_NATIVE_LOOP
RES8,53,first_fit,5230,25,24,COMPLETED_STDOUT_ORDER_PLUS_PINNED_NATIVE_LOOP
RES8,53,first_fit,5231,25,24,COMPLETED_STDOUT_ORDER_PLUS_PINNED_NATIVE_LOOP
RES8,53,first_fit,5232,25,24,COMPLETED_STDOUT_ORDER_PLUS_PINNED_NATIVE_LOOP
RES8,53,first_fit,5233,25,24,COMPLETED_STDOUT_ORDER_PLUS_PINNED_NATIVE_LOOP
RES8,53,first_fit,5234,25,24,COMPLETED_STDOUT_ORDER_PLUS_PINNED_NATIVE_LOOP
RES8,53,first_fit,5235,25,24,COMPLETED_STDOUT_ORDER_PLUS_PINNED_NATIVE_LOOP
RES8,53,first_fit,5236,25,24,COMPLETED_STDOUT_ORDER_PLUS_PINNED_NATIVE_LOOP
RES8,53,first_fit,5237,25,24,COMPLETED_STDOUT_ORDER_PLUS_PINNED_NATIVE_LOOP
RES8,53,first_fit,5238,25,24,COMPLETED_STDOUT_ORDER_PLUS_PINNED_NATIVE_LOOP
RES8,53,first_fit,5239,25,24,COMPLETED_STDOUT_ORDER_PLUS_PINNED_NATIVE_LOOP
RES8,53,first_fit,5240,25,24,COMPLETED_STDOUT_ORDER_PLUS_PINNED_NATIVE_LOOP
RES8,53,first_fit,5241,25,24,COMPLETED_STDOUT_ORDER_PLUS_PINNED_NATIVE_LOOP
RES8,53,first_fit,5242,25,24,COMPLETED_STDOUT_ORDER_PLUS_PINNED_NATIVE_LOOP
RES8,53,first_fit,5243,25,24,COMPLETED_STDOUT_ORDER_PLUS_PINNED_NATIVE_LOOP
RES8,53,first_fit,5244,25,24,COMPLETED_STDOUT_ORDER_PLUS_PINNED_NATIVE_LOOP
RES8,53,first_fit,5245,25,24,COMPLETED_STDOUT_ORDER_PLUS_PINNED_NATIVE_LOOP
RES8,53,first_fit,5246,25,24,COMPLETED_STDOUT_ORDER_PLUS_PINNED_NATIVE_LOOP
RES8,53,first_fit,5247,25,24,COMPLETED_STDOUT_ORDER_PLUS_PINNED_NATIVE_LOOP
RES8,53,first_fit,5248,25,24,COMPLETED_STDOUT_ORDER_PLUS_PINNED_NATIVE_LOOP
RES8,53,first_fit,5249,25,24,COMPLETED_STDOUT_ORDER_PLUS_PINNED_NATIVE_LOOP
RES8,53,first_fit,5250,25,24,COMPLETED_STDOUT_ORDER_PLUS_PINNED_NATIVE_LOOP
RES8,53,first_fit,5251,25,24,COMPLETED_STDOUT_ORDER_PLUS_PINNED_NATIVE_LOOP
RES8,53,first_fit,5252,25,24,COMPLETED_STDOUT_ORDER_PLUS_PINNED_NATIVE_LOOP
RES8,53,first_fit,5253,25,24,COMPLETED_STDOUT_ORDER_PLUS_PINNED_NATIVE_LOOP
RES8,53,first_fit,5254,25,24,COMPLETED_STDOUT_ORDER_PLUS_PINNED_NATIVE_LOOP
RES8,53,first_fit,5255,25,24,COMPLETED_STDOUT_ORDER_PLUS_PINNED_NATIVE_LOOP
RES8,53,first_fit,5256,25,24,COMPLETED_STDOUT_ORDER_PLUS_PINNED_NATIVE_LOOP
RES8,53,first_fit,5257,25,24,COMPLETED_STDOUT_ORDER_PLUS_PINNED_NATIVE_LOOP
RES8,53,first_fit,5258,25,24,COMPLETED_STDOUT_ORDER_PLUS_PINNED_NATIVE_LOOP
RES8,53,first_fit,5259,25,24,COMPLETED_STDOUT_ORDER_PLUS_PINNED_NATIVE_LOOP
RES8,53,first_fit,5260,25,24,COMPLETED_STDOUT_ORDER_PLUS_PINNED_NATIVE_LOOP
RES8,53,first_fit,5261,25,24,COMPLETED_STDOUT_ORDER_PLUS_PINNED_NATIVE_LOOP
RES8,53,first_fit,5262,25,24,COMPLETED_STDOUT_ORDER_PLUS_PINNED_NATIVE_LOOP
RES8,53,first_fit,5263,25,24,COMPLETED_STDOUT_ORDER_PLUS_PINNED_NATIVE_LOOP
RES8,53,first_fit,5264,25,24,COMPLETED_STDOUT_ORDER_PLUS_PINNED_NATIVE_LOOP
RES8,53,first_fit,5265,25,24,COMPLETED_STDOUT_ORDER_PLUS_PINNED_NATIVE_LOOP
RES8,53,first_fit,5266,25,24,COMPLETED_STDOUT_ORDER_PLUS_PINNED_NATIVE_LOOP
RES8,53,first_fit,5267,25,24,COMPLETED_STDOUT_ORDER_PLUS_PINNED_NATIVE_LOOP
RES8,53,first_fit,5268,25,24,COMPLETED_STDOUT_ORDER_PLUS_PINNED_NATIVE_LOOP
RES8,53,first_fit,5269,25,24,COMPLETED_STDOUT_ORDER_PLUS_PINNED_NATIVE_LOOP
RES8,53,first_fit,5270,25,24,COMPLETED_STDOUT_ORDER_PLUS_PINNED_NATIVE_LOOP
RES8,53,first_fit,5271,25,24,COMPLETED_STDOUT_ORDER_PLUS_PINNED_NATIVE_LOOP
RES8,53,first_fit,5272,25,24,COMPLETED_STDOUT_ORDER_PLUS_PINNED_NATIVE_LOOP
RES8,53,first_fit,5273,25,24,COMPLETED_STDOUT_ORDER_PLUS_PINNED_NATIVE_LOOP
RES8,53,first_fit,5274,25,24,COMPLETED_STDOUT_ORDER_PLUS_PINNED_NATIVE_LOOP
RES8,53,first_fit,5275,25,24,COMPLETED_STDOUT_ORDER_PLUS_PINNED_NATIVE_LOOP
RES8,53,first_fit,5276,25,24,COMPLETED_STDOUT_ORDER_PLUS_PINNED_NATIVE_LOOP
RES8,53,first_fit,5277,25,24,COMPLETED_STDOUT_ORDER_PLUS_PINNED_NATIVE_LOOP
RES8,53,first_fit,5278,25,24,COMPLETED_STDOUT_ORDER_PLUS_PINNED_NATIVE_LOOP
RES8,53,first_fit,5279,25,24,COMPLETED_STDOUT_ORDER_PLUS_PINNED_NATIVE_LOOP
RES8,53,first_fit,5280,25,24,COMPLETED_STDOUT_ORDER_PLUS_PINNED_NATIVE_LOOP
RES8,53,first_fit,5281,25,24,COMPLETED_STDOUT_ORDER_PLUS_PINNED_NATIVE_LOOP
RES8,53,first_fit,5282,25,24,COMPLETED_STDOUT_ORDER_PLUS_PINNED_NATIVE_LOOP
RES8,53,first_fit,5283,25,24,COMPLETED_STDOUT_ORDER_PLUS_PINNED_NATIVE_LOOP
RES8,53,first_fit,5284,25,24,COMPLETED_STDOUT_ORDER_PLUS_PINNED_NATIVE_LOOP
RES8,53,first_fit,5285,25,24,COMPLETED_STDOUT_ORDER_PLUS_PINNED_NATIVE_LOOP
RES8,53,first_fit,5286,25,24,COMPLETED_STDOUT_ORDER_PLUS_PINNED_NATIVE_LOOP
RES8,53,first_fit,5287,25,24,COMPLETED_STDOUT_ORDER_PLUS_PINNED_NATIVE_LOOP
RES8,53,first_fit,5288,25,24,COMPLETED_STDOUT_ORDER_PLUS_PINNED_NATIVE_LOOP
RES8,53,first_fit,5289,25,24,COMPLETED_STDOUT_ORDER_PLUS_PINNED_NATIVE_LOOP
RES8,53,first_fit,5290,25,24,COMPLETED_STDOUT_ORDER_PLUS_PINNED_NATIVE_LOOP
RES8,53,first_fit,5291,25,24,COMPLETED_STDOUT_ORDER_PLUS_PINNED_NATIVE_LOOP
RES8,53,first_fit,5292,25,24,COMPLETED_STDOUT_ORDER_PLUS_PINNED_NATIVE_LOOP
RES8,53,first_fit,5293,25,24,COMPLETED_STDOUT_ORDER_PLUS_PINNED_NATIVE_LOOP
RES8,53,first_fit,5294,25,24,COMPLETED_STDOUT_ORDER_PLUS_PINNED_NATIVE_LOOP
RES8,53,first_fit,5295,25,24,COMPLETED_STDOUT_ORDER_PLUS_PINNED_NATIVE_LOOP
RES8,53,first_fit,5296,25,24,COMPLETED_STDOUT_ORDER_PLUS_PINNED_NATIVE_LOOP
RES8,53,first_fit,5297,25,24,COMPLETED_STDOUT_ORDER_PLUS_PINNED_NATIVE_LOOP
RES8,53,first_fit,5298,25,24,COMPLETED_STDOUT_ORDER_PLUS_PINNED_NATIVE_LOOP
RES8,53,first_fit,5299,25,24,COMPLETED_STDOUT_ORDER_PLUS_PINNED_NATIVE_LOOP
RES8,53,second_fit,5200,1,0,COMPLETED_STDOUT_ORDER_PLUS_PINNED_NATIVE_LOOP
RES8,53,second_fit,5201,1,0,COMPLETED_STDOUT_ORDER_PLUS_PINNED_NATIVE_LOOP
RES8,53,second_fit,5202,1,0,COMPLETED_STDOUT_ORDER_PLUS_PINNED_NATIVE_LOOP
RES8,53,second_fit,5203,1,0,COMPLETED_STDOUT_ORDER_PLUS_PINNED_NATIVE_LOOP
RES8,53,second_fit,5204,1,0,COMPLETED_STDOUT_ORDER_PLUS_PINNED_NATIVE_LOOP
RES8,53,second_fit,5205,25,24,COMPLETED_STDOUT_ORDER_PLUS_PINNED_NATIVE_LOOP
RES8,53,second_fit,5206,1,0,COMPLETED_STDOUT_ORDER_PLUS_PINNED_NATIVE_LOOP
RES8,53,second_fit,5207,25,24,COMPLETED_STDOUT_ORDER_PLUS_PINNED_NATIVE_LOOP
RES8,53,second_fit,5208,1,0,COMPLETED_STDOUT_ORDER_PLUS_PINNED_NATIVE_LOOP
RES8,53,second_fit,5209,1,0,COMPLETED_STDOUT_ORDER_PLUS_PINNED_NATIVE_LOOP
RES8,53,second_fit,5210,1,0,COMPLETED_STDOUT_ORDER_PLUS_PINNED_NATIVE_LOOP
RES8,53,second_fit,5211,1,0,COMPLETED_STDOUT_ORDER_PLUS_PINNED_NATIVE_LOOP
RES8,53,second_fit,5212,1,0,COMPLETED_STDOUT_ORDER_PLUS_PINNED_NATIVE_LOOP
RES8,53,second_fit,5213,1,0,COMPLETED_STDOUT_ORDER_PLUS_PINNED_NATIVE_LOOP
RES8,53,second_fit,5214,1,0,COMPLETED_STDOUT_ORDER_PLUS_PINNED_NATIVE_LOOP
RES8,53,second_fit,5215,25,24,COMPLETED_STDOUT_ORDER_PLUS_PINNED_NATIVE_LOOP
RES8,53,second_fit,5216,1,0,COMPLETED_STDOUT_ORDER_PLUS_PINNED_NATIVE_LOOP
RES8,53,second_fit,5217,1,0,COMPLETED_STDOUT_ORDER_PLUS_PINNED_NATIVE_LOOP
RES8,53,second_fit,5218,1,0,COMPLETED_STDOUT_ORDER_PLUS_PINNED_NATIVE_LOOP
RES8,53,second_fit,5219,1,0,COMPLETED_STDOUT_ORDER_PLUS_PINNED_NATIVE_LOOP
RES8,53,second_fit,5220,1,0,COMPLETED_STDOUT_ORDER_PLUS_PINNED_NATIVE_LOOP
RES8,53,second_fit,5221,1,0,COMPLETED_STDOUT_ORDER_PLUS_PINNED_NATIVE_LOOP
RES8,53,second_fit,5222,1,0,COMPLETED_STDOUT_ORDER_PLUS_PINNED_NATIVE_LOOP
RES8,53,second_fit,5223,1,0,COMPLETED_STDOUT_ORDER_PLUS_PINNED_NATIVE_LOOP
RES8,53,second_fit,5224,1,0,COMPLETED_STDOUT_ORDER_PLUS_PINNED_NATIVE_LOOP
RES8,53,second_fit,5225,1,0,COMPLETED_STDOUT_ORDER_PLUS_PINNED_NATIVE_LOOP
RES8,53,second_fit,5226,1,0,COMPLETED_STDOUT_ORDER_PLUS_PINNED_NATIVE_LOOP
RES8,53,second_fit,5227,1,0,COMPLETED_STDOUT_ORDER_PLUS_PINNED_NATIVE_LOOP
RES8,53,second_fit,5228,1,0,COMPLETED_STDOUT_ORDER_PLUS_PINNED_NATIVE_LOOP
RES8,53,second_fit,5229,25,24,COMPLETED_STDOUT_ORDER_PLUS_PINNED_NATIVE_LOOP
RES8,53,second_fit,5230,25,24,COMPLETED_STDOUT_ORDER_PLUS_PINNED_NATIVE_LOOP
RES8,53,second_fit,5231,1,0,COMPLETED_STDOUT_ORDER_PLUS_PINNED_NATIVE_LOOP
RES8,53,second_fit,5232,1,0,COMPLETED_STDOUT_ORDER_PLUS_PINNED_NATIVE_LOOP
RES8,53,second_fit,5233,1,0,COMPLETED_STDOUT_ORDER_PLUS_PINNED_NATIVE_LOOP
RES8,53,second_fit,5234,25,24,COMPLETED_STDOUT_ORDER_PLUS_PINNED_NATIVE_LOOP
RES8,53,second_fit,5235,25,24,COMPLETED_STDOUT_ORDER_PLUS_PINNED_NATIVE_LOOP
RES8,53,second_fit,5236,1,0,COMPLETED_STDOUT_ORDER_PLUS_PINNED_NATIVE_LOOP
RES8,53,second_fit,5237,1,0,COMPLETED_STDOUT_ORDER_PLUS_PINNED_NATIVE_LOOP
RES8,53,second_fit,5238,1,0,COMPLETED_STDOUT_ORDER_PLUS_PINNED_NATIVE_LOOP
RES8,53,second_fit,5239,1,0,COMPLETED_STDOUT_ORDER_PLUS_PINNED_NATIVE_LOOP
RES8,53,second_fit,5240,1,0,COMPLETED_STDOUT_ORDER_PLUS_PINNED_NATIVE_LOOP
RES8,53,second_fit,5241,25,24,COMPLETED_STDOUT_ORDER_PLUS_PINNED_NATIVE_LOOP
RES8,53,second_fit,5242,1,0,COMPLETED_STDOUT_ORDER_PLUS_PINNED_NATIVE_LOOP
RES8,53,second_fit,5243,1,0,COMPLETED_STDOUT_ORDER_PLUS_PINNED_NATIVE_LOOP
RES8,53,second_fit,5244,25,24,COMPLETED_STDOUT_ORDER_PLUS_PINNED_NATIVE_LOOP
RES8,53,second_fit,5245,1,0,COMPLETED_STDOUT_ORDER_PLUS_PINNED_NATIVE_LOOP
RES8,53,second_fit,5246,1,0,COMPLETED_STDOUT_ORDER_PLUS_PINNED_NATIVE_LOOP
RES8,53,second_fit,5247,1,0,COMPLETED_STDOUT_ORDER_PLUS_PINNED_NATIVE_LOOP
RES8,53,second_fit,5248,1,0,COMPLETED_STDOUT_ORDER_PLUS_PINNED_NATIVE_LOOP
RES8,53,second_fit,5249,1,0,COMPLETED_STDOUT_ORDER_PLUS_PINNED_NATIVE_LOOP
RES8,53,second_fit,5250,25,24,COMPLETED_STDOUT_ORDER_PLUS_PINNED_NATIVE_LOOP
RES8,53,second_fit,5251,1,0,COMPLETED_STDOUT_ORDER_PLUS_PINNED_NATIVE_LOOP
RES8,53,second_fit,5252,1,0,COMPLETED_STDOUT_ORDER_PLUS_PINNED_NATIVE_LOOP
RES8,53,second_fit,5253,1,0,COMPLETED_STDOUT_ORDER_PLUS_PINNED_NATIVE_LOOP
RES8,53,second_fit,5254,25,24,COMPLETED_STDOUT_ORDER_PLUS_PINNED_NATIVE_LOOP
RES8,53,second_fit,5255,1,0,COMPLETED_STDOUT_ORDER_PLUS_PINNED_NATIVE_LOOP
RES8,53,second_fit,5256,1,0,COMPLETED_STDOUT_ORDER_PLUS_PINNED_NATIVE_LOOP
RES8,53,second_fit,5257,1,0,COMPLETED_STDOUT_ORDER_PLUS_PINNED_NATIVE_LOOP
RES8,53,second_fit,5258,1,0,COMPLETED_STDOUT_ORDER_PLUS_PINNED_NATIVE_LOOP
RES8,53,second_fit,5259,1,0,COMPLETED_STDOUT_ORDER_PLUS_PINNED_NATIVE_LOOP
RES8,53,second_fit,5260,1,0,COMPLETED_STDOUT_ORDER_PLUS_PINNED_NATIVE_LOOP
RES8,53,second_fit,5261,1,0,COMPLETED_STDOUT_ORDER_PLUS_PINNED_NATIVE_LOOP
RES8,53,second_fit,5262,1,0,COMPLETED_STDOUT_ORDER_PLUS_PINNED_NATIVE_LOOP
RES8,53,second_fit,5263,1,0,COMPLETED_STDOUT_ORDER_PLUS_PINNED_NATIVE_LOOP
RES8,53,second_fit,5264,1,0,COMPLETED_STDOUT_ORDER_PLUS_PINNED_NATIVE_LOOP
RES8,53,second_fit,5265,1,0,COMPLETED_STDOUT_ORDER_PLUS_PINNED_NATIVE_LOOP
RES8,53,second_fit,5266,1,0,COMPLETED_STDOUT_ORDER_PLUS_PINNED_NATIVE_LOOP
RES8,53,second_fit,5267,25,24,COMPLETED_STDOUT_ORDER_PLUS_PINNED_NATIVE_LOOP
RES8,53,second_fit,5268,1,0,COMPLETED_STDOUT_ORDER_PLUS_PINNED_NATIVE_LOOP
RES8,53,second_fit,5269,1,0,COMPLETED_STDOUT_ORDER_PLUS_PINNED_NATIVE_LOOP
RES8,53,second_fit,5270,1,0,COMPLETED_STDOUT_ORDER_PLUS_PINNED_NATIVE_LOOP
RES8,53,second_fit,5271,1,0,COMPLETED_STDOUT_ORDER_PLUS_PINNED_NATIVE_LOOP
RES8,53,second_fit,5272,1,0,COMPLETED_STDOUT_ORDER_PLUS_PINNED_NATIVE_LOOP
RES8,53,second_fit,5273,1,0,COMPLETED_STDOUT_ORDER_PLUS_PINNED_NATIVE_LOOP
RES8,53,second_fit,5274,1,0,COMPLETED_STDOUT_ORDER_PLUS_PINNED_NATIVE_LOOP
RES8,53,second_fit,5275,1,0,COMPLETED_STDOUT_ORDER_PLUS_PINNED_NATIVE_LOOP
RES8,53,second_fit,5276,1,0,COMPLETED_STDOUT_ORDER_PLUS_PINNED_NATIVE_LOOP
RES8,53,second_fit,5277,1,0,COMPLETED_STDOUT_ORDER_PLUS_PINNED_NATIVE_LOOP
RES8,53,second_fit,5278,1,0,COMPLETED_STDOUT_ORDER_PLUS_PINNED_NATIVE_LOOP
RES8,53,second_fit,5279,1,0,COMPLETED_STDOUT_ORDER_PLUS_PINNED_NATIVE_LOOP
RES8,53,second_fit,5280,1,0,COMPLETED_STDOUT_ORDER_PLUS_PINNED_NATIVE_LOOP
RES8,53,second_fit,5281,1,0,COMPLETED_STDOUT_ORDER_PLUS_PINNED_NATIVE_LOOP
RES8,53,second_fit,5282,1,0,COMPLETED_STDOUT_ORDER_PLUS_PINNED_NATIVE_LOOP
RES8,53,second_fit,5283,1,0,COMPLETED_STDOUT_ORDER_PLUS_PINNED_NATIVE_LOOP
RES8,53,second_fit,5284,25,24,COMPLETED_STDOUT_ORDER_PLUS_PINNED_NATIVE_LOOP
RES8,53,second_fit,5285,1,0,COMPLETED_STDOUT_ORDER_PLUS_PINNED_NATIVE_LOOP
RES8,53,second_fit,5286,25,24,COMPLETED_STDOUT_ORDER_PLUS_PINNED_NATIVE_LOOP
RES8,53,second_fit,5287,1,0,COMPLETED_STDOUT_ORDER_PLUS_PINNED_NATIVE_LOOP
RES8,53,second_fit,5288,25,24,COMPLETED_STDOUT_ORDER_PLUS_PINNED_NATIVE_LOOP
RES8,53,second_fit,5289,1,0,COMPLETED_STDOUT_ORDER_PLUS_PINNED_NATIVE_LOOP
RES8,53,second_fit,5290,1,0,COMPLETED_STDOUT_ORDER_PLUS_PINNED_NATIVE_LOOP
RES8,53,second_fit,5291,1,0,COMPLETED_STDOUT_ORDER_PLUS_PINNED_NATIVE_LOOP
RES8,53,second_fit,5292,1,0,COMPLETED_STDOUT_ORDER_PLUS_PINNED_NATIVE_LOOP
RES8,53,second_fit,5293,1,0,COMPLETED_STDOUT_ORDER_PLUS_PINNED_NATIVE_LOOP
RES8,53,second_fit,5294,1,0,COMPLETED_STDOUT_ORDER_PLUS_PINNED_NATIVE_LOOP
RES8,53,second_fit,5295,1,0,COMPLETED_STDOUT_ORDER_PLUS_PINNED_NATIVE_LOOP
RES8,53,second_fit,5296,1,0,COMPLETED_STDOUT_ORDER_PLUS_PINNED_NATIVE_LOOP
RES8,53,second_fit,5297,1,0,COMPLETED_STDOUT_ORDER_PLUS_PINNED_NATIVE_LOOP
RES8,53,second_fit,5298,1,0,COMPLETED_STDOUT_ORDER_PLUS_PINNED_NATIVE_LOOP
RES8,53,second_fit,5299,1,0,COMPLETED_STDOUT_ORDER_PLUS_PINNED_NATIVE_LOOP
RES8,54,first_fit,5300,25,24,COMPLETED_STDOUT_ORDER_PLUS_PINNED_NATIVE_LOOP
RES8,54,first_fit,5301,25,24,COMPLETED_STDOUT_ORDER_PLUS_PINNED_NATIVE_LOOP
RES8,54,first_fit,5302,25,24,COMPLETED_STDOUT_ORDER_PLUS_PINNED_NATIVE_LOOP
RES8,54,first_fit,5303,25,24,COMPLETED_STDOUT_ORDER_PLUS_PINNED_NATIVE_LOOP
RES8,54,first_fit,5304,25,24,COMPLETED_STDOUT_ORDER_PLUS_PINNED_NATIVE_LOOP
RES8,54,first_fit,5305,25,24,COMPLETED_STDOUT_ORDER_PLUS_PINNED_NATIVE_LOOP
RES8,54,first_fit,5306,25,24,COMPLETED_STDOUT_ORDER_PLUS_PINNED_NATIVE_LOOP
RES8,54,first_fit,5307,25,24,COMPLETED_STDOUT_ORDER_PLUS_PINNED_NATIVE_LOOP
RES8,54,first_fit,5308,25,24,COMPLETED_STDOUT_ORDER_PLUS_PINNED_NATIVE_LOOP
RES8,54,first_fit,5309,25,24,COMPLETED_STDOUT_ORDER_PLUS_PINNED_NATIVE_LOOP
RES8,54,first_fit,5310,25,24,COMPLETED_STDOUT_ORDER_PLUS_PINNED_NATIVE_LOOP
RES8,54,first_fit,5311,25,24,COMPLETED_STDOUT_ORDER_PLUS_PINNED_NATIVE_LOOP
RES8,54,first_fit,5312,25,24,COMPLETED_STDOUT_ORDER_PLUS_PINNED_NATIVE_LOOP
RES8,54,first_fit,5313,25,24,COMPLETED_STDOUT_ORDER_PLUS_PINNED_NATIVE_LOOP
RES8,54,first_fit,5314,25,24,COMPLETED_STDOUT_ORDER_PLUS_PINNED_NATIVE_LOOP
RES8,54,first_fit,5315,25,24,COMPLETED_STDOUT_ORDER_PLUS_PINNED_NATIVE_LOOP
RES8,54,first_fit,5316,25,24,COMPLETED_STDOUT_ORDER_PLUS_PINNED_NATIVE_LOOP
RES8,54,first_fit,5317,25,24,COMPLETED_STDOUT_ORDER_PLUS_PINNED_NATIVE_LOOP
RES8,54,first_fit,5318,25,24,COMPLETED_STDOUT_ORDER_PLUS_PINNED_NATIVE_LOOP
RES8,54,first_fit,5319,25,24,COMPLETED_STDOUT_ORDER_PLUS_PINNED_NATIVE_LOOP
RES8,54,first_fit,5320,25,24,COMPLETED_STDOUT_ORDER_PLUS_PINNED_NATIVE_LOOP
RES8,54,first_fit,5321,25,24,COMPLETED_STDOUT_ORDER_PLUS_PINNED_NATIVE_LOOP
RES8,54,first_fit,5322,25,24,COMPLETED_STDOUT_ORDER_PLUS_PINNED_NATIVE_LOOP
RES8,54,first_fit,5323,25,24,COMPLETED_STDOUT_ORDER_PLUS_PINNED_NATIVE_LOOP
RES8,54,first_fit,5324,25,24,COMPLETED_STDOUT_ORDER_PLUS_PINNED_NATIVE_LOOP
RES8,54,first_fit,5325,25,24,COMPLETED_STDOUT_ORDER_PLUS_PINNED_NATIVE_LOOP
RES8,54,first_fit,5326,25,24,COMPLETED_STDOUT_ORDER_PLUS_PINNED_NATIVE_LOOP
RES8,54,first_fit,5327,25,24,COMPLETED_STDOUT_ORDER_PLUS_PINNED_NATIVE_LOOP
RES8,54,first_fit,5328,25,24,COMPLETED_STDOUT_ORDER_PLUS_PINNED_NATIVE_LOOP
RES8,54,first_fit,5329,25,24,COMPLETED_STDOUT_ORDER_PLUS_PINNED_NATIVE_LOOP
RES8,54,first_fit,5330,25,24,COMPLETED_STDOUT_ORDER_PLUS_PINNED_NATIVE_LOOP
RES8,54,first_fit,5331,25,24,COMPLETED_STDOUT_ORDER_PLUS_PINNED_NATIVE_LOOP
RES8,54,first_fit,5332,25,24,COMPLETED_STDOUT_ORDER_PLUS_PINNED_NATIVE_LOOP
RES8,54,first_fit,5333,25,24,COMPLETED_STDOUT_ORDER_PLUS_PINNED_NATIVE_LOOP
RES8,54,first_fit,5334,25,24,COMPLETED_STDOUT_ORDER_PLUS_PINNED_NATIVE_LOOP
RES8,54,first_fit,5335,25,24,COMPLETED_STDOUT_ORDER_PLUS_PINNED_NATIVE_LOOP
RES8,54,first_fit,5336,25,24,COMPLETED_STDOUT_ORDER_PLUS_PINNED_NATIVE_LOOP
RES8,54,first_fit,5337,25,24,COMPLETED_STDOUT_ORDER_PLUS_PINNED_NATIVE_LOOP
RES8,54,first_fit,5338,25,24,COMPLETED_STDOUT_ORDER_PLUS_PINNED_NATIVE_LOOP
RES8,54,first_fit,5339,25,24,COMPLETED_STDOUT_ORDER_PLUS_PINNED_NATIVE_LOOP
RES8,54,first_fit,5340,25,24,COMPLETED_STDOUT_ORDER_PLUS_PINNED_NATIVE_LOOP
RES8,54,first_fit,5341,25,24,COMPLETED_STDOUT_ORDER_PLUS_PINNED_NATIVE_LOOP
RES8,54,first_fit,5342,25,24,COMPLETED_STDOUT_ORDER_PLUS_PINNED_NATIVE_LOOP
RES8,54,first_fit,5343,25,24,COMPLETED_STDOUT_ORDER_PLUS_PINNED_NATIVE_LOOP
RES8,54,first_fit,5344,25,24,COMPLETED_STDOUT_ORDER_PLUS_PINNED_NATIVE_LOOP
RES8,54,first_fit,5345,25,24,COMPLETED_STDOUT_ORDER_PLUS_PINNED_NATIVE_LOOP
RES8,54,first_fit,5346,25,24,COMPLETED_STDOUT_ORDER_PLUS_PINNED_NATIVE_LOOP
RES8,54,first_fit,5347,25,24,COMPLETED_STDOUT_ORDER_PLUS_PINNED_NATIVE_LOOP
RES8,54,first_fit,5348,25,24,COMPLETED_STDOUT_ORDER_PLUS_PINNED_NATIVE_LOOP
RES8,54,first_fit,5349,25,24,COMPLETED_STDOUT_ORDER_PLUS_PINNED_NATIVE_LOOP
RES8,54,first_fit,5350,25,24,COMPLETED_STDOUT_ORDER_PLUS_PINNED_NATIVE_LOOP
RES8,54,first_fit,5351,25,24,COMPLETED_STDOUT_ORDER_PLUS_PINNED_NATIVE_LOOP
RES8,54,first_fit,5352,25,24,COMPLETED_STDOUT_ORDER_PLUS_PINNED_NATIVE_LOOP
RES8,54,first_fit,5353,25,24,COMPLETED_STDOUT_ORDER_PLUS_PINNED_NATIVE_LOOP
RES8,54,first_fit,5354,25,24,COMPLETED_STDOUT_ORDER_PLUS_PINNED_NATIVE_LOOP
RES8,54,first_fit,5355,25,24,COMPLETED_STDOUT_ORDER_PLUS_PINNED_NATIVE_LOOP
RES8,54,first_fit,5356,25,24,COMPLETED_STDOUT_ORDER_PLUS_PINNED_NATIVE_LOOP
RES8,54,first_fit,5357,25,24,COMPLETED_STDOUT_ORDER_PLUS_PINNED_NATIVE_LOOP
RES8,54,first_fit,5358,25,24,COMPLETED_STDOUT_ORDER_PLUS_PINNED_NATIVE_LOOP
RES8,54,first_fit,5359,25,24,COMPLETED_STDOUT_ORDER_PLUS_PINNED_NATIVE_LOOP
RES8,54,first_fit,5360,25,24,COMPLETED_STDOUT_ORDER_PLUS_PINNED_NATIVE_LOOP
RES8,54,first_fit,5361,25,24,COMPLETED_STDOUT_ORDER_PLUS_PINNED_NATIVE_LOOP
RES8,54,first_fit,5362,25,24,COMPLETED_STDOUT_ORDER_PLUS_PINNED_NATIVE_LOOP
RES8,54,first_fit,5363,25,24,COMPLETED_STDOUT_ORDER_PLUS_PINNED_NATIVE_LOOP
RES8,54,first_fit,5364,25,24,COMPLETED_STDOUT_ORDER_PLUS_PINNED_NATIVE_LOOP
RES8,54,first_fit,5365,25,24,COMPLETED_STDOUT_ORDER_PLUS_PINNED_NATIVE_LOOP
RES8,54,first_fit,5366,25,24,COMPLETED_STDOUT_ORDER_PLUS_PINNED_NATIVE_LOOP
RES8,54,first_fit,5367,25,24,COMPLETED_STDOUT_ORDER_PLUS_PINNED_NATIVE_LOOP
RES8,54,first_fit,5368,25,24,COMPLETED_STDOUT_ORDER_PLUS_PINNED_NATIVE_LOOP
RES8,54,first_fit,5369,25,24,COMPLETED_STDOUT_ORDER_PLUS_PINNED_NATIVE_LOOP
RES8,54,first_fit,5370,25,24,COMPLETED_STDOUT_ORDER_PLUS_PINNED_NATIVE_LOOP
RES8,54,first_fit,5371,25,24,COMPLETED_STDOUT_ORDER_PLUS_PINNED_NATIVE_LOOP
RES8,54,first_fit,5372,25,24,COMPLETED_STDOUT_ORDER_PLUS_PINNED_NATIVE_LOOP
RES8,54,first_fit,5373,25,24,COMPLETED_STDOUT_ORDER_PLUS_PINNED_NATIVE_LOOP
RES8,54,first_fit,5374,25,24,COMPLETED_STDOUT_ORDER_PLUS_PINNED_NATIVE_LOOP
RES8,54,first_fit,5375,25,24,COMPLETED_STDOUT_ORDER_PLUS_PINNED_NATIVE_LOOP
RES8,54,first_fit,5376,25,24,COMPLETED_STDOUT_ORDER_PLUS_PINNED_NATIVE_LOOP
RES8,54,first_fit,5377,25,24,COMPLETED_STDOUT_ORDER_PLUS_PINNED_NATIVE_LOOP
RES8,54,first_fit,5378,25,24,COMPLETED_STDOUT_ORDER_PLUS_PINNED_NATIVE_LOOP
RES8,54,first_fit,5379,25,24,COMPLETED_STDOUT_ORDER_PLUS_PINNED_NATIVE_LOOP
RES8,54,first_fit,5380,25,24,COMPLETED_STDOUT_ORDER_PLUS_PINNED_NATIVE_LOOP
RES8,54,first_fit,5381,25,24,COMPLETED_STDOUT_ORDER_PLUS_PINNED_NATIVE_LOOP
RES8,54,first_fit,5382,25,24,COMPLETED_STDOUT_ORDER_PLUS_PINNED_NATIVE_LOOP
RES8,54,first_fit,5383,25,24,COMPLETED_STDOUT_ORDER_PLUS_PINNED_NATIVE_LOOP
RES8,54,first_fit,5384,25,24,COMPLETED_STDOUT_ORDER_PLUS_PINNED_NATIVE_LOOP
RES8,54,first_fit,5385,25,24,COMPLETED_STDOUT_ORDER_PLUS_PINNED_NATIVE_LOOP
RES8,54,first_fit,5386,25,24,COMPLETED_STDOUT_ORDER_PLUS_PINNED_NATIVE_LOOP
RES8,54,first_fit,5387,25,24,COMPLETED_STDOUT_ORDER_PLUS_PINNED_NATIVE_LOOP
RES8,54,first_fit,5388,25,24,COMPLETED_STDOUT_ORDER_PLUS_PINNED_NATIVE_LOOP
RES8,54,first_fit,5389,25,24,COMPLETED_STDOUT_ORDER_PLUS_PINNED_NATIVE_LOOP
RES8,54,first_fit,5390,25,24,COMPLETED_STDOUT_ORDER_PLUS_PINNED_NATIVE_LOOP
RES8,54,first_fit,5391,25,24,COMPLETED_STDOUT_ORDER_PLUS_PINNED_NATIVE_LOOP
RES8,54,first_fit,5392,25,24,COMPLETED_STDOUT_ORDER_PLUS_PINNED_NATIVE_LOOP
RES8,54,first_fit,5393,25,24,COMPLETED_STDOUT_ORDER_PLUS_PINNED_NATIVE_LOOP
RES8,54,first_fit,5394,25,24,COMPLETED_STDOUT_ORDER_PLUS_PINNED_NATIVE_LOOP
RES8,54,first_fit,5395,25,24,COMPLETED_STDOUT_ORDER_PLUS_PINNED_NATIVE_LOOP
RES8,54,first_fit,5396,25,24,COMPLETED_STDOUT_ORDER_PLUS_PINNED_NATIVE_LOOP
RES8,54,first_fit,5397,25,24,COMPLETED_STDOUT_ORDER_PLUS_PINNED_NATIVE_LOOP
RES8,54,first_fit,5398,25,24,COMPLETED_STDOUT_ORDER_PLUS_PINNED_NATIVE_LOOP
RES8,54,first_fit,5399,25,24,COMPLETED_STDOUT_ORDER_PLUS_PINNED_NATIVE_LOOP
RES8,54,second_fit,5300,1,0,COMPLETED_STDOUT_ORDER_PLUS_PINNED_NATIVE_LOOP
RES8,54,second_fit,5301,1,0,COMPLETED_STDOUT_ORDER_PLUS_PINNED_NATIVE_LOOP
RES8,54,second_fit,5302,1,0,COMPLETED_STDOUT_ORDER_PLUS_PINNED_NATIVE_LOOP
RES8,54,second_fit,5303,1,0,COMPLETED_STDOUT_ORDER_PLUS_PINNED_NATIVE_LOOP
RES8,54,second_fit,5304,25,24,COMPLETED_STDOUT_ORDER_PLUS_PINNED_NATIVE_LOOP
RES8,54,second_fit,5305,1,0,COMPLETED_STDOUT_ORDER_PLUS_PINNED_NATIVE_LOOP
RES8,54,second_fit,5306,1,0,COMPLETED_STDOUT_ORDER_PLUS_PINNED_NATIVE_LOOP
RES8,54,second_fit,5307,1,0,COMPLETED_STDOUT_ORDER_PLUS_PINNED_NATIVE_LOOP
RES8,54,second_fit,5308,25,24,COMPLETED_STDOUT_ORDER_PLUS_PINNED_NATIVE_LOOP
RES8,54,second_fit,5309,1,0,COMPLETED_STDOUT_ORDER_PLUS_PINNED_NATIVE_LOOP
RES8,54,second_fit,5310,1,0,COMPLETED_STDOUT_ORDER_PLUS_PINNED_NATIVE_LOOP
RES8,54,second_fit,5311,1,0,COMPLETED_STDOUT_ORDER_PLUS_PINNED_NATIVE_LOOP
RES8,54,second_fit,5312,1,0,COMPLETED_STDOUT_ORDER_PLUS_PINNED_NATIVE_LOOP
RES8,54,second_fit,5313,1,0,COMPLETED_STDOUT_ORDER_PLUS_PINNED_NATIVE_LOOP
RES8,54,second_fit,5314,1,0,COMPLETED_STDOUT_ORDER_PLUS_PINNED_NATIVE_LOOP
RES8,54,second_fit,5315,1,0,COMPLETED_STDOUT_ORDER_PLUS_PINNED_NATIVE_LOOP
RES8,54,second_fit,5316,1,0,COMPLETED_STDOUT_ORDER_PLUS_PINNED_NATIVE_LOOP
RES8,54,second_fit,5317,1,0,COMPLETED_STDOUT_ORDER_PLUS_PINNED_NATIVE_LOOP
RES8,54,second_fit,5318,1,0,COMPLETED_STDOUT_ORDER_PLUS_PINNED_NATIVE_LOOP
RES8,54,second_fit,5319,1,0,COMPLETED_STDOUT_ORDER_PLUS_PINNED_NATIVE_LOOP
RES8,54,second_fit,5320,1,0,COMPLETED_STDOUT_ORDER_PLUS_PINNED_NATIVE_LOOP
RES8,54,second_fit,5321,1,0,COMPLETED_STDOUT_ORDER_PLUS_PINNED_NATIVE_LOOP
RES8,54,second_fit,5322,25,24,COMPLETED_STDOUT_ORDER_PLUS_PINNED_NATIVE_LOOP
RES8,54,second_fit,5323,1,0,COMPLETED_STDOUT_ORDER_PLUS_PINNED_NATIVE_LOOP
RES8,54,second_fit,5324,1,0,COMPLETED_STDOUT_ORDER_PLUS_PINNED_NATIVE_LOOP
RES8,54,second_fit,5325,1,0,COMPLETED_STDOUT_ORDER_PLUS_PINNED_NATIVE_LOOP
RES8,54,second_fit,5326,1,0,COMPLETED_STDOUT_ORDER_PLUS_PINNED_NATIVE_LOOP
RES8,54,second_fit,5327,1,0,COMPLETED_STDOUT_ORDER_PLUS_PINNED_NATIVE_LOOP
RES8,54,second_fit,5328,1,0,COMPLETED_STDOUT_ORDER_PLUS_PINNED_NATIVE_LOOP
RES8,54,second_fit,5329,1,0,COMPLETED_STDOUT_ORDER_PLUS_PINNED_NATIVE_LOOP
RES8,54,second_fit,5330,1,0,COMPLETED_STDOUT_ORDER_PLUS_PINNED_NATIVE_LOOP
RES8,54,second_fit,5331,1,0,COMPLETED_STDOUT_ORDER_PLUS_PINNED_NATIVE_LOOP
RES8,54,second_fit,5332,1,0,COMPLETED_STDOUT_ORDER_PLUS_PINNED_NATIVE_LOOP
RES8,54,second_fit,5333,1,0,COMPLETED_STDOUT_ORDER_PLUS_PINNED_NATIVE_LOOP
RES8,54,second_fit,5334,1,0,COMPLETED_STDOUT_ORDER_PLUS_PINNED_NATIVE_LOOP
RES8,54,second_fit,5335,1,0,COMPLETED_STDOUT_ORDER_PLUS_PINNED_NATIVE_LOOP
RES8,54,second_fit,5336,1,0,COMPLETED_STDOUT_ORDER_PLUS_PINNED_NATIVE_LOOP
RES8,54,second_fit,5337,1,0,COMPLETED_STDOUT_ORDER_PLUS_PINNED_NATIVE_LOOP
RES8,54,second_fit,5338,1,0,COMPLETED_STDOUT_ORDER_PLUS_PINNED_NATIVE_LOOP
RES8,54,second_fit,5339,1,0,COMPLETED_STDOUT_ORDER_PLUS_PINNED_NATIVE_LOOP
RES8,54,second_fit,5340,25,24,COMPLETED_STDOUT_ORDER_PLUS_PINNED_NATIVE_LOOP
RES8,54,second_fit,5341,1,0,COMPLETED_STDOUT_ORDER_PLUS_PINNED_NATIVE_LOOP
RES8,54,second_fit,5342,1,0,COMPLETED_STDOUT_ORDER_PLUS_PINNED_NATIVE_LOOP
RES8,54,second_fit,5343,25,24,COMPLETED_STDOUT_ORDER_PLUS_PINNED_NATIVE_LOOP
RES8,54,second_fit,5344,1,0,COMPLETED_STDOUT_ORDER_PLUS_PINNED_NATIVE_LOOP
RES8,54,second_fit,5345,1,0,COMPLETED_STDOUT_ORDER_PLUS_PINNED_NATIVE_LOOP
RES8,54,second_fit,5346,25,24,COMPLETED_STDOUT_ORDER_PLUS_PINNED_NATIVE_LOOP
RES8,54,second_fit,5347,1,0,COMPLETED_STDOUT_ORDER_PLUS_PINNED_NATIVE_LOOP
RES8,54,second_fit,5348,1,0,COMPLETED_STDOUT_ORDER_PLUS_PINNED_NATIVE_LOOP
RES8,54,second_fit,5349,1,0,COMPLETED_STDOUT_ORDER_PLUS_PINNED_NATIVE_LOOP
RES8,54,second_fit,5350,1,0,COMPLETED_STDOUT_ORDER_PLUS_PINNED_NATIVE_LOOP
RES8,54,second_fit,5351,1,0,COMPLETED_STDOUT_ORDER_PLUS_PINNED_NATIVE_LOOP
RES8,54,second_fit,5352,1,0,COMPLETED_STDOUT_ORDER_PLUS_PINNED_NATIVE_LOOP
RES8,54,second_fit,5353,1,0,COMPLETED_STDOUT_ORDER_PLUS_PINNED_NATIVE_LOOP
RES8,54,second_fit,5354,1,0,COMPLETED_STDOUT_ORDER_PLUS_PINNED_NATIVE_LOOP
RES8,54,second_fit,5355,1,0,COMPLETED_STDOUT_ORDER_PLUS_PINNED_NATIVE_LOOP
RES8,54,second_fit,5356,1,0,COMPLETED_STDOUT_ORDER_PLUS_PINNED_NATIVE_LOOP
RES8,54,second_fit,5357,1,0,COMPLETED_STDOUT_ORDER_PLUS_PINNED_NATIVE_LOOP
RES8,54,second_fit,5358,1,0,COMPLETED_STDOUT_ORDER_PLUS_PINNED_NATIVE_LOOP
RES8,54,second_fit,5359,1,0,COMPLETED_STDOUT_ORDER_PLUS_PINNED_NATIVE_LOOP
RES8,54,second_fit,5360,1,0,COMPLETED_STDOUT_ORDER_PLUS_PINNED_NATIVE_LOOP
RES8,54,second_fit,5361,1,0,COMPLETED_STDOUT_ORDER_PLUS_PINNED_NATIVE_LOOP
RES8,54,second_fit,5362,1,0,COMPLETED_STDOUT_ORDER_PLUS_PINNED_NATIVE_LOOP
RES8,54,second_fit,5363,1,0,COMPLETED_STDOUT_ORDER_PLUS_PINNED_NATIVE_LOOP
RES8,54,second_fit,5364,1,0,COMPLETED_STDOUT_ORDER_PLUS_PINNED_NATIVE_LOOP
RES8,54,second_fit,5365,1,0,COMPLETED_STDOUT_ORDER_PLUS_PINNED_NATIVE_LOOP
RES8,54,second_fit,5366,1,0,COMPLETED_STDOUT_ORDER_PLUS_PINNED_NATIVE_LOOP
RES8,54,second_fit,5367,1,0,COMPLETED_STDOUT_ORDER_PLUS_PINNED_NATIVE_LOOP
RES8,54,second_fit,5368,1,0,COMPLETED_STDOUT_ORDER_PLUS_PINNED_NATIVE_LOOP
RES8,54,second_fit,5369,1,0,COMPLETED_STDOUT_ORDER_PLUS_PINNED_NATIVE_LOOP
RES8,54,second_fit,5370,1,0,COMPLETED_STDOUT_ORDER_PLUS_PINNED_NATIVE_LOOP
RES8,54,second_fit,5371,25,24,COMPLETED_STDOUT_ORDER_PLUS_PINNED_NATIVE_LOOP
RES8,54,second_fit,5372,1,0,COMPLETED_STDOUT_ORDER_PLUS_PINNED_NATIVE_LOOP
RES8,54,second_fit,5373,1,0,COMPLETED_STDOUT_ORDER_PLUS_PINNED_NATIVE_LOOP
RES8,54,second_fit,5374,1,0,COMPLETED_STDOUT_ORDER_PLUS_PINNED_NATIVE_LOOP
RES8,54,second_fit,5375,1,0,COMPLETED_STDOUT_ORDER_PLUS_PINNED_NATIVE_LOOP
RES8,54,second_fit,5376,25,24,COMPLETED_STDOUT_ORDER_PLUS_PINNED_NATIVE_LOOP
RES8,54,second_fit,5377,25,24,COMPLETED_STDOUT_ORDER_PLUS_PINNED_NATIVE_LOOP
RES8,54,second_fit,5378,1,0,COMPLETED_STDOUT_ORDER_PLUS_PINNED_NATIVE_LOOP
RES8,54,second_fit,5379,1,0,COMPLETED_STDOUT_ORDER_PLUS_PINNED_NATIVE_LOOP
RES8,54,second_fit,5380,1,0,COMPLETED_STDOUT_ORDER_PLUS_PINNED_NATIVE_LOOP
RES8,54,second_fit,5381,1,0,COMPLETED_STDOUT_ORDER_PLUS_PINNED_NATIVE_LOOP
RES8,54,second_fit,5382,1,0,COMPLETED_STDOUT_ORDER_PLUS_PINNED_NATIVE_LOOP
RES8,54,second_fit,5383,1,0,COMPLETED_STDOUT_ORDER_PLUS_PINNED_NATIVE_LOOP
RES8,54,second_fit,5384,25,24,COMPLETED_STDOUT_ORDER_PLUS_PINNED_NATIVE_LOOP
RES8,54,second_fit,5385,1,0,COMPLETED_STDOUT_ORDER_PLUS_PINNED_NATIVE_LOOP
RES8,54,second_fit,5386,1,0,COMPLETED_STDOUT_ORDER_PLUS_PINNED_NATIVE_LOOP
RES8,54,second_fit,5387,1,0,COMPLETED_STDOUT_ORDER_PLUS_PINNED_NATIVE_LOOP
RES8,54,second_fit,5388,1,0,COMPLETED_STDOUT_ORDER_PLUS_PINNED_NATIVE_LOOP
RES8,54,second_fit,5389,1,0,COMPLETED_STDOUT_ORDER_PLUS_PINNED_NATIVE_LOOP
RES8,54,second_fit,5390,1,0,COMPLETED_STDOUT_ORDER_PLUS_PINNED_NATIVE_LOOP
RES8,54,second_fit,5391,25,24,COMPLETED_STDOUT_ORDER_PLUS_PINNED_NATIVE_LOOP
RES8,54,second_fit,5392,25,24,COMPLETED_STDOUT_ORDER_PLUS_PINNED_NATIVE_LOOP
RES8,54,second_fit,5393,1,0,COMPLETED_STDOUT_ORDER_PLUS_PINNED_NATIVE_LOOP
RES8,54,second_fit,5394,25,24,COMPLETED_STDOUT_ORDER_PLUS_PINNED_NATIVE_LOOP
RES8,54,second_fit,5395,1,0,COMPLETED_STDOUT_ORDER_PLUS_PINNED_NATIVE_LOOP
RES8,54,second_fit,5396,1,0,COMPLETED_STDOUT_ORDER_PLUS_PINNED_NATIVE_LOOP
RES8,54,second_fit,5397,1,0,COMPLETED_STDOUT_ORDER_PLUS_PINNED_NATIVE_LOOP
RES8,54,second_fit,5398,1,0,COMPLETED_STDOUT_ORDER_PLUS_PINNED_NATIVE_LOOP
RES8,54,second_fit,5399,1,0,COMPLETED_STDOUT_ORDER_PLUS_PINNED_NATIVE_LOOP
RES8,55,first_fit,5400,25,24,COMPLETED_STDOUT_ORDER_PLUS_PINNED_NATIVE_LOOP
RES8,55,first_fit,5401,25,24,COMPLETED_STDOUT_ORDER_PLUS_PINNED_NATIVE_LOOP
RES8,55,first_fit,5402,25,24,COMPLETED_STDOUT_ORDER_PLUS_PINNED_NATIVE_LOOP
RES8,55,first_fit,5403,25,24,COMPLETED_STDOUT_ORDER_PLUS_PINNED_NATIVE_LOOP
RES8,55,first_fit,5404,25,24,COMPLETED_STDOUT_ORDER_PLUS_PINNED_NATIVE_LOOP
RES8,55,first_fit,5405,25,24,COMPLETED_STDOUT_ORDER_PLUS_PINNED_NATIVE_LOOP
RES8,55,first_fit,5406,25,24,COMPLETED_STDOUT_ORDER_PLUS_PINNED_NATIVE_LOOP
RES8,55,first_fit,5407,25,24,COMPLETED_STDOUT_ORDER_PLUS_PINNED_NATIVE_LOOP
RES8,55,first_fit,5408,25,24,COMPLETED_STDOUT_ORDER_PLUS_PINNED_NATIVE_LOOP
RES8,55,first_fit,5409,25,24,COMPLETED_STDOUT_ORDER_PLUS_PINNED_NATIVE_LOOP
RES8,55,first_fit,5410,25,24,COMPLETED_STDOUT_ORDER_PLUS_PINNED_NATIVE_LOOP
RES8,55,first_fit,5411,25,24,COMPLETED_STDOUT_ORDER_PLUS_PINNED_NATIVE_LOOP
RES8,55,first_fit,5412,25,24,COMPLETED_STDOUT_ORDER_PLUS_PINNED_NATIVE_LOOP
RES8,55,first_fit,5413,25,24,COMPLETED_STDOUT_ORDER_PLUS_PINNED_NATIVE_LOOP
RES8,55,first_fit,5414,25,24,COMPLETED_STDOUT_ORDER_PLUS_PINNED_NATIVE_LOOP
RES8,55,first_fit,5415,25,24,COMPLETED_STDOUT_ORDER_PLUS_PINNED_NATIVE_LOOP
RES8,55,first_fit,5416,25,24,COMPLETED_STDOUT_ORDER_PLUS_PINNED_NATIVE_LOOP
RES8,55,first_fit,5417,25,24,COMPLETED_STDOUT_ORDER_PLUS_PINNED_NATIVE_LOOP
RES8,55,first_fit,5418,25,24,COMPLETED_STDOUT_ORDER_PLUS_PINNED_NATIVE_LOOP
RES8,55,first_fit,5419,25,24,COMPLETED_STDOUT_ORDER_PLUS_PINNED_NATIVE_LOOP
RES8,55,first_fit,5420,25,24,COMPLETED_STDOUT_ORDER_PLUS_PINNED_NATIVE_LOOP
RES8,55,first_fit,5421,25,24,COMPLETED_STDOUT_ORDER_PLUS_PINNED_NATIVE_LOOP
RES8,55,first_fit,5422,25,24,COMPLETED_STDOUT_ORDER_PLUS_PINNED_NATIVE_LOOP
RES8,55,first_fit,5423,25,24,COMPLETED_STDOUT_ORDER_PLUS_PINNED_NATIVE_LOOP
RES8,55,first_fit,5424,25,24,COMPLETED_STDOUT_ORDER_PLUS_PINNED_NATIVE_LOOP
RES8,55,first_fit,5425,25,24,COMPLETED_STDOUT_ORDER_PLUS_PINNED_NATIVE_LOOP
RES8,55,first_fit,5426,25,24,COMPLETED_STDOUT_ORDER_PLUS_PINNED_NATIVE_LOOP
RES8,55,first_fit,5427,25,24,COMPLETED_STDOUT_ORDER_PLUS_PINNED_NATIVE_LOOP
RES8,55,first_fit,5428,25,24,COMPLETED_STDOUT_ORDER_PLUS_PINNED_NATIVE_LOOP
RES8,55,first_fit,5429,25,24,COMPLETED_STDOUT_ORDER_PLUS_PINNED_NATIVE_LOOP
RES8,55,first_fit,5430,25,24,COMPLETED_STDOUT_ORDER_PLUS_PINNED_NATIVE_LOOP
RES8,55,first_fit,5431,25,24,COMPLETED_STDOUT_ORDER_PLUS_PINNED_NATIVE_LOOP
RES8,55,first_fit,5432,25,24,COMPLETED_STDOUT_ORDER_PLUS_PINNED_NATIVE_LOOP
RES8,55,first_fit,5433,25,24,COMPLETED_STDOUT_ORDER_PLUS_PINNED_NATIVE_LOOP
RES8,55,first_fit,5434,25,24,COMPLETED_STDOUT_ORDER_PLUS_PINNED_NATIVE_LOOP
RES8,55,first_fit,5435,25,24,COMPLETED_STDOUT_ORDER_PLUS_PINNED_NATIVE_LOOP
RES8,55,first_fit,5436,25,24,COMPLETED_STDOUT_ORDER_PLUS_PINNED_NATIVE_LOOP
RES8,55,first_fit,5437,25,24,COMPLETED_STDOUT_ORDER_PLUS_PINNED_NATIVE_LOOP
RES8,55,first_fit,5438,25,24,COMPLETED_STDOUT_ORDER_PLUS_PINNED_NATIVE_LOOP
RES8,55,first_fit,5439,25,24,COMPLETED_STDOUT_ORDER_PLUS_PINNED_NATIVE_LOOP
RES8,55,first_fit,5440,25,24,COMPLETED_STDOUT_ORDER_PLUS_PINNED_NATIVE_LOOP
RES8,55,first_fit,5441,25,24,COMPLETED_STDOUT_ORDER_PLUS_PINNED_NATIVE_LOOP
RES8,55,first_fit,5442,25,24,COMPLETED_STDOUT_ORDER_PLUS_PINNED_NATIVE_LOOP
RES8,55,first_fit,5443,25,24,COMPLETED_STDOUT_ORDER_PLUS_PINNED_NATIVE_LOOP
RES8,55,first_fit,5444,25,24,COMPLETED_STDOUT_ORDER_PLUS_PINNED_NATIVE_LOOP
RES8,55,first_fit,5445,25,24,COMPLETED_STDOUT_ORDER_PLUS_PINNED_NATIVE_LOOP
RES8,55,first_fit,5446,25,24,COMPLETED_STDOUT_ORDER_PLUS_PINNED_NATIVE_LOOP
RES8,55,first_fit,5447,25,24,COMPLETED_STDOUT_ORDER_PLUS_PINNED_NATIVE_LOOP
RES8,55,first_fit,5448,25,24,COMPLETED_STDOUT_ORDER_PLUS_PINNED_NATIVE_LOOP
RES8,55,first_fit,5449,25,24,COMPLETED_STDOUT_ORDER_PLUS_PINNED_NATIVE_LOOP
RES8,55,first_fit,5450,25,24,COMPLETED_STDOUT_ORDER_PLUS_PINNED_NATIVE_LOOP
RES8,55,first_fit,5451,25,24,COMPLETED_STDOUT_ORDER_PLUS_PINNED_NATIVE_LOOP
RES8,55,first_fit,5452,25,24,COMPLETED_STDOUT_ORDER_PLUS_PINNED_NATIVE_LOOP
RES8,55,first_fit,5453,25,24,COMPLETED_STDOUT_ORDER_PLUS_PINNED_NATIVE_LOOP
RES8,55,first_fit,5454,25,24,COMPLETED_STDOUT_ORDER_PLUS_PINNED_NATIVE_LOOP
RES8,55,first_fit,5455,25,24,COMPLETED_STDOUT_ORDER_PLUS_PINNED_NATIVE_LOOP
RES8,55,first_fit,5456,25,24,COMPLETED_STDOUT_ORDER_PLUS_PINNED_NATIVE_LOOP
RES8,55,first_fit,5457,25,24,COMPLETED_STDOUT_ORDER_PLUS_PINNED_NATIVE_LOOP
RES8,55,first_fit,5458,25,24,COMPLETED_STDOUT_ORDER_PLUS_PINNED_NATIVE_LOOP
RES8,55,first_fit,5459,25,24,COMPLETED_STDOUT_ORDER_PLUS_PINNED_NATIVE_LOOP
RES8,55,first_fit,5460,25,24,COMPLETED_STDOUT_ORDER_PLUS_PINNED_NATIVE_LOOP
RES8,55,first_fit,5461,25,24,COMPLETED_STDOUT_ORDER_PLUS_PINNED_NATIVE_LOOP
RES8,55,first_fit,5462,25,24,COMPLETED_STDOUT_ORDER_PLUS_PINNED_NATIVE_LOOP
RES8,55,first_fit,5463,25,24,COMPLETED_STDOUT_ORDER_PLUS_PINNED_NATIVE_LOOP
RES8,55,first_fit,5464,25,24,COMPLETED_STDOUT_ORDER_PLUS_PINNED_NATIVE_LOOP
RES8,55,first_fit,5465,25,24,COMPLETED_STDOUT_ORDER_PLUS_PINNED_NATIVE_LOOP
RES8,55,first_fit,5466,25,24,COMPLETED_STDOUT_ORDER_PLUS_PINNED_NATIVE_LOOP
RES8,55,first_fit,5467,25,24,COMPLETED_STDOUT_ORDER_PLUS_PINNED_NATIVE_LOOP
RES8,55,first_fit,5468,25,24,COMPLETED_STDOUT_ORDER_PLUS_PINNED_NATIVE_LOOP
RES8,55,first_fit,5469,25,24,COMPLETED_STDOUT_ORDER_PLUS_PINNED_NATIVE_LOOP
RES8,55,first_fit,5470,25,24,COMPLETED_STDOUT_ORDER_PLUS_PINNED_NATIVE_LOOP
RES8,55,first_fit,5471,25,24,COMPLETED_STDOUT_ORDER_PLUS_PINNED_NATIVE_LOOP
RES8,55,first_fit,5472,25,24,COMPLETED_STDOUT_ORDER_PLUS_PINNED_NATIVE_LOOP
RES8,55,first_fit,5473,25,24,COMPLETED_STDOUT_ORDER_PLUS_PINNED_NATIVE_LOOP
RES8,55,first_fit,5474,25,24,COMPLETED_STDOUT_ORDER_PLUS_PINNED_NATIVE_LOOP
RES8,55,first_fit,5475,25,24,COMPLETED_STDOUT_ORDER_PLUS_PINNED_NATIVE_LOOP
RES8,55,first_fit,5476,25,24,COMPLETED_STDOUT_ORDER_PLUS_PINNED_NATIVE_LOOP
RES8,55,first_fit,5477,25,24,COMPLETED_STDOUT_ORDER_PLUS_PINNED_NATIVE_LOOP
RES8,55,first_fit,5478,25,24,COMPLETED_STDOUT_ORDER_PLUS_PINNED_NATIVE_LOOP
RES8,55,first_fit,5479,25,24,COMPLETED_STDOUT_ORDER_PLUS_PINNED_NATIVE_LOOP
RES8,55,first_fit,5480,25,24,COMPLETED_STDOUT_ORDER_PLUS_PINNED_NATIVE_LOOP
RES8,55,first_fit,5481,25,24,COMPLETED_STDOUT_ORDER_PLUS_PINNED_NATIVE_LOOP
RES8,55,first_fit,5482,25,24,COMPLETED_STDOUT_ORDER_PLUS_PINNED_NATIVE_LOOP
RES8,55,first_fit,5483,25,24,COMPLETED_STDOUT_ORDER_PLUS_PINNED_NATIVE_LOOP
RES8,55,first_fit,5484,25,24,COMPLETED_STDOUT_ORDER_PLUS_PINNED_NATIVE_LOOP
RES8,55,first_fit,5485,25,24,COMPLETED_STDOUT_ORDER_PLUS_PINNED_NATIVE_LOOP
RES8,55,first_fit,5486,25,24,COMPLETED_STDOUT_ORDER_PLUS_PINNED_NATIVE_LOOP
RES8,55,first_fit,5487,25,24,COMPLETED_STDOUT_ORDER_PLUS_PINNED_NATIVE_LOOP
RES8,55,first_fit,5488,25,24,COMPLETED_STDOUT_ORDER_PLUS_PINNED_NATIVE_LOOP
RES8,55,first_fit,5489,25,24,COMPLETED_STDOUT_ORDER_PLUS_PINNED_NATIVE_LOOP
RES8,55,first_fit,5490,25,24,COMPLETED_STDOUT_ORDER_PLUS_PINNED_NATIVE_LOOP
RES8,55,first_fit,5491,25,24,COMPLETED_STDOUT_ORDER_PLUS_PINNED_NATIVE_LOOP
RES8,55,first_fit,5492,25,24,COMPLETED_STDOUT_ORDER_PLUS_PINNED_NATIVE_LOOP
RES8,55,first_fit,5493,25,24,COMPLETED_STDOUT_ORDER_PLUS_PINNED_NATIVE_LOOP
RES8,55,first_fit,5494,25,24,COMPLETED_STDOUT_ORDER_PLUS_PINNED_NATIVE_LOOP
RES8,55,first_fit,5495,25,24,COMPLETED_STDOUT_ORDER_PLUS_PINNED_NATIVE_LOOP
RES8,55,first_fit,5496,25,24,COMPLETED_STDOUT_ORDER_PLUS_PINNED_NATIVE_LOOP
RES8,55,first_fit,5497,25,24,COMPLETED_STDOUT_ORDER_PLUS_PINNED_NATIVE_LOOP
RES8,55,first_fit,5498,25,24,COMPLETED_STDOUT_ORDER_PLUS_PINNED_NATIVE_LOOP
RES8,55,first_fit,5499,25,24,COMPLETED_STDOUT_ORDER_PLUS_PINNED_NATIVE_LOOP
RES8,55,second_fit,5400,1,0,COMPLETED_STDOUT_ORDER_PLUS_PINNED_NATIVE_LOOP
RES8,55,second_fit,5401,1,0,COMPLETED_STDOUT_ORDER_PLUS_PINNED_NATIVE_LOOP
RES8,55,second_fit,5402,1,0,COMPLETED_STDOUT_ORDER_PLUS_PINNED_NATIVE_LOOP
RES8,55,second_fit,5403,1,0,COMPLETED_STDOUT_ORDER_PLUS_PINNED_NATIVE_LOOP
RES8,55,second_fit,5404,1,0,COMPLETED_STDOUT_ORDER_PLUS_PINNED_NATIVE_LOOP
RES8,55,second_fit,5405,1,0,COMPLETED_STDOUT_ORDER_PLUS_PINNED_NATIVE_LOOP
RES8,55,second_fit,5406,1,0,COMPLETED_STDOUT_ORDER_PLUS_PINNED_NATIVE_LOOP
RES8,55,second_fit,5407,1,0,COMPLETED_STDOUT_ORDER_PLUS_PINNED_NATIVE_LOOP
RES8,55,second_fit,5408,1,0,COMPLETED_STDOUT_ORDER_PLUS_PINNED_NATIVE_LOOP
RES8,55,second_fit,5409,1,0,COMPLETED_STDOUT_ORDER_PLUS_PINNED_NATIVE_LOOP
RES8,55,second_fit,5410,1,0,COMPLETED_STDOUT_ORDER_PLUS_PINNED_NATIVE_LOOP
RES8,55,second_fit,5411,1,0,COMPLETED_STDOUT_ORDER_PLUS_PINNED_NATIVE_LOOP
RES8,55,second_fit,5412,1,0,COMPLETED_STDOUT_ORDER_PLUS_PINNED_NATIVE_LOOP
RES8,55,second_fit,5413,1,0,COMPLETED_STDOUT_ORDER_PLUS_PINNED_NATIVE_LOOP
RES8,55,second_fit,5414,1,0,COMPLETED_STDOUT_ORDER_PLUS_PINNED_NATIVE_LOOP
RES8,55,second_fit,5415,1,0,COMPLETED_STDOUT_ORDER_PLUS_PINNED_NATIVE_LOOP
RES8,55,second_fit,5416,25,24,COMPLETED_STDOUT_ORDER_PLUS_PINNED_NATIVE_LOOP
RES8,55,second_fit,5417,25,24,COMPLETED_STDOUT_ORDER_PLUS_PINNED_NATIVE_LOOP
RES8,55,second_fit,5418,1,0,COMPLETED_STDOUT_ORDER_PLUS_PINNED_NATIVE_LOOP
RES8,55,second_fit,5419,1,0,COMPLETED_STDOUT_ORDER_PLUS_PINNED_NATIVE_LOOP
RES8,55,second_fit,5420,1,0,COMPLETED_STDOUT_ORDER_PLUS_PINNED_NATIVE_LOOP
RES8,55,second_fit,5421,1,0,COMPLETED_STDOUT_ORDER_PLUS_PINNED_NATIVE_LOOP
RES8,55,second_fit,5422,1,0,COMPLETED_STDOUT_ORDER_PLUS_PINNED_NATIVE_LOOP
RES8,55,second_fit,5423,1,0,COMPLETED_STDOUT_ORDER_PLUS_PINNED_NATIVE_LOOP
RES8,55,second_fit,5424,25,24,COMPLETED_STDOUT_ORDER_PLUS_PINNED_NATIVE_LOOP
RES8,55,second_fit,5425,1,0,COMPLETED_STDOUT_ORDER_PLUS_PINNED_NATIVE_LOOP
RES8,55,second_fit,5426,1,0,COMPLETED_STDOUT_ORDER_PLUS_PINNED_NATIVE_LOOP
RES8,55,second_fit,5427,25,24,COMPLETED_STDOUT_ORDER_PLUS_PINNED_NATIVE_LOOP
RES8,55,second_fit,5428,1,0,COMPLETED_STDOUT_ORDER_PLUS_PINNED_NATIVE_LOOP
RES8,55,second_fit,5429,1,0,COMPLETED_STDOUT_ORDER_PLUS_PINNED_NATIVE_LOOP
RES8,55,second_fit,5430,1,0,COMPLETED_STDOUT_ORDER_PLUS_PINNED_NATIVE_LOOP
RES8,55,second_fit,5431,1,0,COMPLETED_STDOUT_ORDER_PLUS_PINNED_NATIVE_LOOP
RES8,55,second_fit,5432,25,24,COMPLETED_STDOUT_ORDER_PLUS_PINNED_NATIVE_LOOP
RES8,55,second_fit,5433,1,0,COMPLETED_STDOUT_ORDER_PLUS_PINNED_NATIVE_LOOP
RES8,55,second_fit,5434,1,0,COMPLETED_STDOUT_ORDER_PLUS_PINNED_NATIVE_LOOP
RES8,55,second_fit,5435,1,0,COMPLETED_STDOUT_ORDER_PLUS_PINNED_NATIVE_LOOP
RES8,55,second_fit,5436,1,0,COMPLETED_STDOUT_ORDER_PLUS_PINNED_NATIVE_LOOP
RES8,55,second_fit,5437,1,0,COMPLETED_STDOUT_ORDER_PLUS_PINNED_NATIVE_LOOP
RES8,55,second_fit,5438,1,0,COMPLETED_STDOUT_ORDER_PLUS_PINNED_NATIVE_LOOP
RES8,55,second_fit,5439,1,0,COMPLETED_STDOUT_ORDER_PLUS_PINNED_NATIVE_LOOP
RES8,55,second_fit,5440,1,0,COMPLETED_STDOUT_ORDER_PLUS_PINNED_NATIVE_LOOP
RES8,55,second_fit,5441,1,0,COMPLETED_STDOUT_ORDER_PLUS_PINNED_NATIVE_LOOP
RES8,55,second_fit,5442,1,0,COMPLETED_STDOUT_ORDER_PLUS_PINNED_NATIVE_LOOP
RES8,55,second_fit,5443,1,0,COMPLETED_STDOUT_ORDER_PLUS_PINNED_NATIVE_LOOP
RES8,55,second_fit,5444,1,0,COMPLETED_STDOUT_ORDER_PLUS_PINNED_NATIVE_LOOP
RES8,55,second_fit,5445,1,0,COMPLETED_STDOUT_ORDER_PLUS_PINNED_NATIVE_LOOP
RES8,55,second_fit,5446,1,0,COMPLETED_STDOUT_ORDER_PLUS_PINNED_NATIVE_LOOP
RES8,55,second_fit,5447,1,0,COMPLETED_STDOUT_ORDER_PLUS_PINNED_NATIVE_LOOP
RES8,55,second_fit,5448,1,0,COMPLETED_STDOUT_ORDER_PLUS_PINNED_NATIVE_LOOP
RES8,55,second_fit,5449,1,0,COMPLETED_STDOUT_ORDER_PLUS_PINNED_NATIVE_LOOP
RES8,55,second_fit,5450,25,24,COMPLETED_STDOUT_ORDER_PLUS_PINNED_NATIVE_LOOP
RES8,55,second_fit,5451,1,0,COMPLETED_STDOUT_ORDER_PLUS_PINNED_NATIVE_LOOP
RES8,55,second_fit,5452,1,0,COMPLETED_STDOUT_ORDER_PLUS_PINNED_NATIVE_LOOP
RES8,55,second_fit,5453,25,24,COMPLETED_STDOUT_ORDER_PLUS_PINNED_NATIVE_LOOP
RES8,55,second_fit,5454,1,0,COMPLETED_STDOUT_ORDER_PLUS_PINNED_NATIVE_LOOP
RES8,55,second_fit,5455,1,0,COMPLETED_STDOUT_ORDER_PLUS_PINNED_NATIVE_LOOP
RES8,55,second_fit,5456,1,0,COMPLETED_STDOUT_ORDER_PLUS_PINNED_NATIVE_LOOP
RES8,55,second_fit,5457,1,0,COMPLETED_STDOUT_ORDER_PLUS_PINNED_NATIVE_LOOP
RES8,55,second_fit,5458,1,0,COMPLETED_STDOUT_ORDER_PLUS_PINNED_NATIVE_LOOP
RES8,55,second_fit,5459,1,0,COMPLETED_STDOUT_ORDER_PLUS_PINNED_NATIVE_LOOP
RES8,55,second_fit,5460,1,0,COMPLETED_STDOUT_ORDER_PLUS_PINNED_NATIVE_LOOP
RES8,55,second_fit,5461,1,0,COMPLETED_STDOUT_ORDER_PLUS_PINNED_NATIVE_LOOP
RES8,55,second_fit,5462,25,24,COMPLETED_STDOUT_ORDER_PLUS_PINNED_NATIVE_LOOP
RES8,55,second_fit,5463,1,0,COMPLETED_STDOUT_ORDER_PLUS_PINNED_NATIVE_LOOP
RES8,55,second_fit,5464,1,0,COMPLETED_STDOUT_ORDER_PLUS_PINNED_NATIVE_LOOP
RES8,55,second_fit,5465,25,24,COMPLETED_STDOUT_ORDER_PLUS_PINNED_NATIVE_LOOP
RES8,55,second_fit,5466,25,24,COMPLETED_STDOUT_ORDER_PLUS_PINNED_NATIVE_LOOP
RES8,55,second_fit,5467,1,0,COMPLETED_STDOUT_ORDER_PLUS_PINNED_NATIVE_LOOP
RES8,55,second_fit,5468,1,0,COMPLETED_STDOUT_ORDER_PLUS_PINNED_NATIVE_LOOP
RES8,55,second_fit,5469,1,0,COMPLETED_STDOUT_ORDER_PLUS_PINNED_NATIVE_LOOP
RES8,55,second_fit,5470,1,0,COMPLETED_STDOUT_ORDER_PLUS_PINNED_NATIVE_LOOP
RES8,55,second_fit,5471,1,0,COMPLETED_STDOUT_ORDER_PLUS_PINNED_NATIVE_LOOP
RES8,55,second_fit,5472,1,0,COMPLETED_STDOUT_ORDER_PLUS_PINNED_NATIVE_LOOP
RES8,55,second_fit,5473,1,0,COMPLETED_STDOUT_ORDER_PLUS_PINNED_NATIVE_LOOP
RES8,55,second_fit,5474,1,0,COMPLETED_STDOUT_ORDER_PLUS_PINNED_NATIVE_LOOP
RES8,55,second_fit,5475,1,0,COMPLETED_STDOUT_ORDER_PLUS_PINNED_NATIVE_LOOP
RES8,55,second_fit,5476,1,0,COMPLETED_STDOUT_ORDER_PLUS_PINNED_NATIVE_LOOP
RES8,55,second_fit,5477,1,0,COMPLETED_STDOUT_ORDER_PLUS_PINNED_NATIVE_LOOP
RES8,55,second_fit,5478,1,0,COMPLETED_STDOUT_ORDER_PLUS_PINNED_NATIVE_LOOP
RES8,55,second_fit,5479,1,0,COMPLETED_STDOUT_ORDER_PLUS_PINNED_NATIVE_LOOP
RES8,55,second_fit,5480,1,0,COMPLETED_STDOUT_ORDER_PLUS_PINNED_NATIVE_LOOP
RES8,55,second_fit,5481,25,24,COMPLETED_STDOUT_ORDER_PLUS_PINNED_NATIVE_LOOP
RES8,55,second_fit,5482,1,0,COMPLETED_STDOUT_ORDER_PLUS_PINNED_NATIVE_LOOP
RES8,55,second_fit,5483,1,0,COMPLETED_STDOUT_ORDER_PLUS_PINNED_NATIVE_LOOP
RES8,55,second_fit,5484,1,0,COMPLETED_STDOUT_ORDER_PLUS_PINNED_NATIVE_LOOP
RES8,55,second_fit,5485,1,0,COMPLETED_STDOUT_ORDER_PLUS_PINNED_NATIVE_LOOP
RES8,55,second_fit,5486,1,0,COMPLETED_STDOUT_ORDER_PLUS_PINNED_NATIVE_LOOP
RES8,55,second_fit,5487,1,0,COMPLETED_STDOUT_ORDER_PLUS_PINNED_NATIVE_LOOP
RES8,55,second_fit,5488,25,24,COMPLETED_STDOUT_ORDER_PLUS_PINNED_NATIVE_LOOP
RES8,55,second_fit,5489,1,0,COMPLETED_STDOUT_ORDER_PLUS_PINNED_NATIVE_LOOP
RES8,55,second_fit,5490,1,0,COMPLETED_STDOUT_ORDER_PLUS_PINNED_NATIVE_LOOP
RES8,55,second_fit,5491,25,24,COMPLETED_STDOUT_ORDER_PLUS_PINNED_NATIVE_LOOP
RES8,55,second_fit,5492,25,24,COMPLETED_STDOUT_ORDER_PLUS_PINNED_NATIVE_LOOP
RES8,55,second_fit,5493,25,24,COMPLETED_STDOUT_ORDER_PLUS_PINNED_NATIVE_LOOP
RES8,55,second_fit,5494,1,0,COMPLETED_STDOUT_ORDER_PLUS_PINNED_NATIVE_LOOP
RES8,55,second_fit,5495,1,0,COMPLETED_STDOUT_ORDER_PLUS_PINNED_NATIVE_LOOP
RES8,55,second_fit,5496,1,0,COMPLETED_STDOUT_ORDER_PLUS_PINNED_NATIVE_LOOP
RES8,55,second_fit,5497,1,0,COMPLETED_STDOUT_ORDER_PLUS_PINNED_NATIVE_LOOP
RES8,55,second_fit,5498,25,24,COMPLETED_STDOUT_ORDER_PLUS_PINNED_NATIVE_LOOP
RES8,55,second_fit,5499,25,24,COMPLETED_STDOUT_ORDER_PLUS_PINNED_NATIVE_LOOP
RES8,56,first_fit,5500,25,24,COMPLETED_STDOUT_ORDER_PLUS_PINNED_NATIVE_LOOP
RES8,56,first_fit,5501,25,24,COMPLETED_STDOUT_ORDER_PLUS_PINNED_NATIVE_LOOP
RES8,56,first_fit,5502,25,24,COMPLETED_STDOUT_ORDER_PLUS_PINNED_NATIVE_LOOP
RES8,56,first_fit,5503,25,24,COMPLETED_STDOUT_ORDER_PLUS_PINNED_NATIVE_LOOP
RES8,56,first_fit,5504,25,24,COMPLETED_STDOUT_ORDER_PLUS_PINNED_NATIVE_LOOP
RES8,56,first_fit,5505,25,24,COMPLETED_STDOUT_ORDER_PLUS_PINNED_NATIVE_LOOP
RES8,56,first_fit,5506,25,24,COMPLETED_STDOUT_ORDER_PLUS_PINNED_NATIVE_LOOP
RES8,56,first_fit,5507,25,24,COMPLETED_STDOUT_ORDER_PLUS_PINNED_NATIVE_LOOP
RES8,56,first_fit,5508,25,24,COMPLETED_STDOUT_ORDER_PLUS_PINNED_NATIVE_LOOP
RES8,56,first_fit,5509,25,24,COMPLETED_STDOUT_ORDER_PLUS_PINNED_NATIVE_LOOP
RES8,56,first_fit,5510,25,24,COMPLETED_STDOUT_ORDER_PLUS_PINNED_NATIVE_LOOP
RES8,56,first_fit,5511,25,24,COMPLETED_STDOUT_ORDER_PLUS_PINNED_NATIVE_LOOP
RES8,56,first_fit,5512,25,24,COMPLETED_STDOUT_ORDER_PLUS_PINNED_NATIVE_LOOP
RES8,56,first_fit,5513,25,24,COMPLETED_STDOUT_ORDER_PLUS_PINNED_NATIVE_LOOP
RES8,56,first_fit,5514,25,24,COMPLETED_STDOUT_ORDER_PLUS_PINNED_NATIVE_LOOP
RES8,56,first_fit,5515,25,24,COMPLETED_STDOUT_ORDER_PLUS_PINNED_NATIVE_LOOP
RES8,56,first_fit,5516,25,24,COMPLETED_STDOUT_ORDER_PLUS_PINNED_NATIVE_LOOP
RES8,56,first_fit,5517,25,24,COMPLETED_STDOUT_ORDER_PLUS_PINNED_NATIVE_LOOP
RES8,56,first_fit,5518,25,24,COMPLETED_STDOUT_ORDER_PLUS_PINNED_NATIVE_LOOP
RES8,56,first_fit,5519,25,24,COMPLETED_STDOUT_ORDER_PLUS_PINNED_NATIVE_LOOP
RES8,56,first_fit,5520,25,24,COMPLETED_STDOUT_ORDER_PLUS_PINNED_NATIVE_LOOP
RES8,56,first_fit,5521,25,24,COMPLETED_STDOUT_ORDER_PLUS_PINNED_NATIVE_LOOP
RES8,56,first_fit,5522,25,24,COMPLETED_STDOUT_ORDER_PLUS_PINNED_NATIVE_LOOP
RES8,56,first_fit,5523,25,24,COMPLETED_STDOUT_ORDER_PLUS_PINNED_NATIVE_LOOP
RES8,56,first_fit,5524,25,24,COMPLETED_STDOUT_ORDER_PLUS_PINNED_NATIVE_LOOP
RES8,56,first_fit,5525,25,24,COMPLETED_STDOUT_ORDER_PLUS_PINNED_NATIVE_LOOP
RES8,56,first_fit,5526,25,24,COMPLETED_STDOUT_ORDER_PLUS_PINNED_NATIVE_LOOP
RES8,56,first_fit,5527,25,24,COMPLETED_STDOUT_ORDER_PLUS_PINNED_NATIVE_LOOP
RES8,56,first_fit,5528,25,24,COMPLETED_STDOUT_ORDER_PLUS_PINNED_NATIVE_LOOP
RES8,56,first_fit,5529,25,24,COMPLETED_STDOUT_ORDER_PLUS_PINNED_NATIVE_LOOP
RES8,56,first_fit,5530,25,24,COMPLETED_STDOUT_ORDER_PLUS_PINNED_NATIVE_LOOP
RES8,56,first_fit,5531,25,24,COMPLETED_STDOUT_ORDER_PLUS_PINNED_NATIVE_LOOP
RES8,56,first_fit,5532,25,24,COMPLETED_STDOUT_ORDER_PLUS_PINNED_NATIVE_LOOP
RES8,56,first_fit,5533,25,24,COMPLETED_STDOUT_ORDER_PLUS_PINNED_NATIVE_LOOP
RES8,56,first_fit,5534,25,24,COMPLETED_STDOUT_ORDER_PLUS_PINNED_NATIVE_LOOP
RES8,56,first_fit,5535,25,24,COMPLETED_STDOUT_ORDER_PLUS_PINNED_NATIVE_LOOP
RES8,56,first_fit,5536,25,24,COMPLETED_STDOUT_ORDER_PLUS_PINNED_NATIVE_LOOP
RES8,56,first_fit,5537,25,24,COMPLETED_STDOUT_ORDER_PLUS_PINNED_NATIVE_LOOP
RES8,56,first_fit,5538,25,24,COMPLETED_STDOUT_ORDER_PLUS_PINNED_NATIVE_LOOP
RES8,56,first_fit,5539,25,24,COMPLETED_STDOUT_ORDER_PLUS_PINNED_NATIVE_LOOP
RES8,56,first_fit,5540,25,24,COMPLETED_STDOUT_ORDER_PLUS_PINNED_NATIVE_LOOP
RES8,56,first_fit,5541,25,24,COMPLETED_STDOUT_ORDER_PLUS_PINNED_NATIVE_LOOP
RES8,56,first_fit,5542,25,24,COMPLETED_STDOUT_ORDER_PLUS_PINNED_NATIVE_LOOP
RES8,56,first_fit,5543,25,24,COMPLETED_STDOUT_ORDER_PLUS_PINNED_NATIVE_LOOP
RES8,56,first_fit,5544,25,24,COMPLETED_STDOUT_ORDER_PLUS_PINNED_NATIVE_LOOP
RES8,56,first_fit,5545,25,24,COMPLETED_STDOUT_ORDER_PLUS_PINNED_NATIVE_LOOP
RES8,56,first_fit,5546,25,24,COMPLETED_STDOUT_ORDER_PLUS_PINNED_NATIVE_LOOP
RES8,56,first_fit,5547,25,24,COMPLETED_STDOUT_ORDER_PLUS_PINNED_NATIVE_LOOP
RES8,56,first_fit,5548,25,24,COMPLETED_STDOUT_ORDER_PLUS_PINNED_NATIVE_LOOP
RES8,56,first_fit,5549,25,24,COMPLETED_STDOUT_ORDER_PLUS_PINNED_NATIVE_LOOP
RES8,56,first_fit,5550,25,24,COMPLETED_STDOUT_ORDER_PLUS_PINNED_NATIVE_LOOP
RES8,56,first_fit,5551,25,24,COMPLETED_STDOUT_ORDER_PLUS_PINNED_NATIVE_LOOP
RES8,56,first_fit,5552,25,24,COMPLETED_STDOUT_ORDER_PLUS_PINNED_NATIVE_LOOP
RES8,56,first_fit,5553,25,24,COMPLETED_STDOUT_ORDER_PLUS_PINNED_NATIVE_LOOP
RES8,56,first_fit,5554,25,24,COMPLETED_STDOUT_ORDER_PLUS_PINNED_NATIVE_LOOP
RES8,56,first_fit,5555,25,24,COMPLETED_STDOUT_ORDER_PLUS_PINNED_NATIVE_LOOP
RES8,56,first_fit,5556,25,24,COMPLETED_STDOUT_ORDER_PLUS_PINNED_NATIVE_LOOP
RES8,56,first_fit,5557,25,24,COMPLETED_STDOUT_ORDER_PLUS_PINNED_NATIVE_LOOP
RES8,56,first_fit,5558,25,24,COMPLETED_STDOUT_ORDER_PLUS_PINNED_NATIVE_LOOP
RES8,56,first_fit,5559,25,24,COMPLETED_STDOUT_ORDER_PLUS_PINNED_NATIVE_LOOP
RES8,56,first_fit,5560,25,24,COMPLETED_STDOUT_ORDER_PLUS_PINNED_NATIVE_LOOP
RES8,56,first_fit,5561,25,24,COMPLETED_STDOUT_ORDER_PLUS_PINNED_NATIVE_LOOP
RES8,56,first_fit,5562,25,24,COMPLETED_STDOUT_ORDER_PLUS_PINNED_NATIVE_LOOP
RES8,56,first_fit,5563,25,24,COMPLETED_STDOUT_ORDER_PLUS_PINNED_NATIVE_LOOP
RES8,56,first_fit,5564,25,24,COMPLETED_STDOUT_ORDER_PLUS_PINNED_NATIVE_LOOP
RES8,56,first_fit,5565,25,24,COMPLETED_STDOUT_ORDER_PLUS_PINNED_NATIVE_LOOP
RES8,56,first_fit,5566,25,24,COMPLETED_STDOUT_ORDER_PLUS_PINNED_NATIVE_LOOP
RES8,56,first_fit,5567,25,24,COMPLETED_STDOUT_ORDER_PLUS_PINNED_NATIVE_LOOP
RES8,56,first_fit,5568,25,24,COMPLETED_STDOUT_ORDER_PLUS_PINNED_NATIVE_LOOP
RES8,56,first_fit,5569,25,24,COMPLETED_STDOUT_ORDER_PLUS_PINNED_NATIVE_LOOP
RES8,56,first_fit,5570,25,24,COMPLETED_STDOUT_ORDER_PLUS_PINNED_NATIVE_LOOP
RES8,56,first_fit,5571,25,24,COMPLETED_STDOUT_ORDER_PLUS_PINNED_NATIVE_LOOP
RES8,56,first_fit,5572,25,24,COMPLETED_STDOUT_ORDER_PLUS_PINNED_NATIVE_LOOP
RES8,56,first_fit,5573,25,24,COMPLETED_STDOUT_ORDER_PLUS_PINNED_NATIVE_LOOP
RES8,56,first_fit,5574,25,24,COMPLETED_STDOUT_ORDER_PLUS_PINNED_NATIVE_LOOP
RES8,56,first_fit,5575,25,24,COMPLETED_STDOUT_ORDER_PLUS_PINNED_NATIVE_LOOP
RES8,56,first_fit,5576,25,24,COMPLETED_STDOUT_ORDER_PLUS_PINNED_NATIVE_LOOP
RES8,56,first_fit,5577,25,24,COMPLETED_STDOUT_ORDER_PLUS_PINNED_NATIVE_LOOP
RES8,56,first_fit,5578,25,24,COMPLETED_STDOUT_ORDER_PLUS_PINNED_NATIVE_LOOP
RES8,56,first_fit,5579,25,24,COMPLETED_STDOUT_ORDER_PLUS_PINNED_NATIVE_LOOP
RES8,56,first_fit,5580,25,24,COMPLETED_STDOUT_ORDER_PLUS_PINNED_NATIVE_LOOP
RES8,56,first_fit,5581,25,24,COMPLETED_STDOUT_ORDER_PLUS_PINNED_NATIVE_LOOP
RES8,56,first_fit,5582,25,24,COMPLETED_STDOUT_ORDER_PLUS_PINNED_NATIVE_LOOP
RES8,56,first_fit,5583,25,24,COMPLETED_STDOUT_ORDER_PLUS_PINNED_NATIVE_LOOP
RES8,56,first_fit,5584,25,24,COMPLETED_STDOUT_ORDER_PLUS_PINNED_NATIVE_LOOP
RES8,56,first_fit,5585,25,24,COMPLETED_STDOUT_ORDER_PLUS_PINNED_NATIVE_LOOP
RES8,56,first_fit,5586,25,24,COMPLETED_STDOUT_ORDER_PLUS_PINNED_NATIVE_LOOP
RES8,56,first_fit,5587,25,24,COMPLETED_STDOUT_ORDER_PLUS_PINNED_NATIVE_LOOP
RES8,56,first_fit,5588,25,24,COMPLETED_STDOUT_ORDER_PLUS_PINNED_NATIVE_LOOP
RES8,56,first_fit,5589,25,24,COMPLETED_STDOUT_ORDER_PLUS_PINNED_NATIVE_LOOP
RES8,56,first_fit,5590,25,24,COMPLETED_STDOUT_ORDER_PLUS_PINNED_NATIVE_LOOP
RES8,56,first_fit,5591,25,24,COMPLETED_STDOUT_ORDER_PLUS_PINNED_NATIVE_LOOP
RES8,56,first_fit,5592,25,24,COMPLETED_STDOUT_ORDER_PLUS_PINNED_NATIVE_LOOP
RES8,56,first_fit,5593,25,24,COMPLETED_STDOUT_ORDER_PLUS_PINNED_NATIVE_LOOP
RES8,56,first_fit,5594,25,24,COMPLETED_STDOUT_ORDER_PLUS_PINNED_NATIVE_LOOP
RES8,56,first_fit,5595,25,24,COMPLETED_STDOUT_ORDER_PLUS_PINNED_NATIVE_LOOP
RES8,56,first_fit,5596,25,24,COMPLETED_STDOUT_ORDER_PLUS_PINNED_NATIVE_LOOP
RES8,56,first_fit,5597,25,24,COMPLETED_STDOUT_ORDER_PLUS_PINNED_NATIVE_LOOP
RES8,56,first_fit,5598,25,24,COMPLETED_STDOUT_ORDER_PLUS_PINNED_NATIVE_LOOP
RES8,56,first_fit,5599,25,24,COMPLETED_STDOUT_ORDER_PLUS_PINNED_NATIVE_LOOP
RES8,56,second_fit,5500,1,0,COMPLETED_STDOUT_ORDER_PLUS_PINNED_NATIVE_LOOP
RES8,56,second_fit,5501,25,24,COMPLETED_STDOUT_ORDER_PLUS_PINNED_NATIVE_LOOP
RES8,56,second_fit,5502,1,0,COMPLETED_STDOUT_ORDER_PLUS_PINNED_NATIVE_LOOP
RES8,56,second_fit,5503,1,0,COMPLETED_STDOUT_ORDER_PLUS_PINNED_NATIVE_LOOP
RES8,56,second_fit,5504,25,24,COMPLETED_STDOUT_ORDER_PLUS_PINNED_NATIVE_LOOP
RES8,56,second_fit,5505,1,0,COMPLETED_STDOUT_ORDER_PLUS_PINNED_NATIVE_LOOP
RES8,56,second_fit,5506,1,0,COMPLETED_STDOUT_ORDER_PLUS_PINNED_NATIVE_LOOP
RES8,56,second_fit,5507,1,0,COMPLETED_STDOUT_ORDER_PLUS_PINNED_NATIVE_LOOP
RES8,56,second_fit,5508,1,0,COMPLETED_STDOUT_ORDER_PLUS_PINNED_NATIVE_LOOP
RES8,56,second_fit,5509,1,0,COMPLETED_STDOUT_ORDER_PLUS_PINNED_NATIVE_LOOP
RES8,56,second_fit,5510,25,24,COMPLETED_STDOUT_ORDER_PLUS_PINNED_NATIVE_LOOP
RES8,56,second_fit,5511,1,0,COMPLETED_STDOUT_ORDER_PLUS_PINNED_NATIVE_LOOP
RES8,56,second_fit,5512,1,0,COMPLETED_STDOUT_ORDER_PLUS_PINNED_NATIVE_LOOP
RES8,56,second_fit,5513,1,0,COMPLETED_STDOUT_ORDER_PLUS_PINNED_NATIVE_LOOP
RES8,56,second_fit,5514,1,0,COMPLETED_STDOUT_ORDER_PLUS_PINNED_NATIVE_LOOP
RES8,56,second_fit,5515,1,0,COMPLETED_STDOUT_ORDER_PLUS_PINNED_NATIVE_LOOP
RES8,56,second_fit,5516,1,0,COMPLETED_STDOUT_ORDER_PLUS_PINNED_NATIVE_LOOP
RES8,56,second_fit,5517,1,0,COMPLETED_STDOUT_ORDER_PLUS_PINNED_NATIVE_LOOP
RES8,56,second_fit,5518,1,0,COMPLETED_STDOUT_ORDER_PLUS_PINNED_NATIVE_LOOP
RES8,56,second_fit,5519,1,0,COMPLETED_STDOUT_ORDER_PLUS_PINNED_NATIVE_LOOP
RES8,56,second_fit,5520,25,24,COMPLETED_STDOUT_ORDER_PLUS_PINNED_NATIVE_LOOP
RES8,56,second_fit,5521,1,0,COMPLETED_STDOUT_ORDER_PLUS_PINNED_NATIVE_LOOP
RES8,56,second_fit,5522,1,0,COMPLETED_STDOUT_ORDER_PLUS_PINNED_NATIVE_LOOP
RES8,56,second_fit,5523,1,0,COMPLETED_STDOUT_ORDER_PLUS_PINNED_NATIVE_LOOP
RES8,56,second_fit,5524,1,0,COMPLETED_STDOUT_ORDER_PLUS_PINNED_NATIVE_LOOP
RES8,56,second_fit,5525,25,24,COMPLETED_STDOUT_ORDER_PLUS_PINNED_NATIVE_LOOP
RES8,56,second_fit,5526,1,0,COMPLETED_STDOUT_ORDER_PLUS_PINNED_NATIVE_LOOP
RES8,56,second_fit,5527,1,0,COMPLETED_STDOUT_ORDER_PLUS_PINNED_NATIVE_LOOP
RES8,56,second_fit,5528,1,0,COMPLETED_STDOUT_ORDER_PLUS_PINNED_NATIVE_LOOP
RES8,56,second_fit,5529,1,0,COMPLETED_STDOUT_ORDER_PLUS_PINNED_NATIVE_LOOP
RES8,56,second_fit,5530,1,0,COMPLETED_STDOUT_ORDER_PLUS_PINNED_NATIVE_LOOP
RES8,56,second_fit,5531,1,0,COMPLETED_STDOUT_ORDER_PLUS_PINNED_NATIVE_LOOP
RES8,56,second_fit,5532,1,0,COMPLETED_STDOUT_ORDER_PLUS_PINNED_NATIVE_LOOP
RES8,56,second_fit,5533,1,0,COMPLETED_STDOUT_ORDER_PLUS_PINNED_NATIVE_LOOP
RES8,56,second_fit,5534,1,0,COMPLETED_STDOUT_ORDER_PLUS_PINNED_NATIVE_LOOP
RES8,56,second_fit,5535,1,0,COMPLETED_STDOUT_ORDER_PLUS_PINNED_NATIVE_LOOP
RES8,56,second_fit,5536,1,0,COMPLETED_STDOUT_ORDER_PLUS_PINNED_NATIVE_LOOP
RES8,56,second_fit,5537,1,0,COMPLETED_STDOUT_ORDER_PLUS_PINNED_NATIVE_LOOP
RES8,56,second_fit,5538,1,0,COMPLETED_STDOUT_ORDER_PLUS_PINNED_NATIVE_LOOP
RES8,56,second_fit,5539,1,0,COMPLETED_STDOUT_ORDER_PLUS_PINNED_NATIVE_LOOP
RES8,56,second_fit,5540,1,0,COMPLETED_STDOUT_ORDER_PLUS_PINNED_NATIVE_LOOP
RES8,56,second_fit,5541,1,0,COMPLETED_STDOUT_ORDER_PLUS_PINNED_NATIVE_LOOP
RES8,56,second_fit,5542,1,0,COMPLETED_STDOUT_ORDER_PLUS_PINNED_NATIVE_LOOP
RES8,56,second_fit,5543,1,0,COMPLETED_STDOUT_ORDER_PLUS_PINNED_NATIVE_LOOP
RES8,56,second_fit,5544,1,0,COMPLETED_STDOUT_ORDER_PLUS_PINNED_NATIVE_LOOP
RES8,56,second_fit,5545,1,0,COMPLETED_STDOUT_ORDER_PLUS_PINNED_NATIVE_LOOP
RES8,56,second_fit,5546,25,24,COMPLETED_STDOUT_ORDER_PLUS_PINNED_NATIVE_LOOP
RES8,56,second_fit,5547,25,24,COMPLETED_STDOUT_ORDER_PLUS_PINNED_NATIVE_LOOP
RES8,56,second_fit,5548,1,0,COMPLETED_STDOUT_ORDER_PLUS_PINNED_NATIVE_LOOP
RES8,56,second_fit,5549,1,0,COMPLETED_STDOUT_ORDER_PLUS_PINNED_NATIVE_LOOP
RES8,56,second_fit,5550,1,0,COMPLETED_STDOUT_ORDER_PLUS_PINNED_NATIVE_LOOP
RES8,56,second_fit,5551,1,0,COMPLETED_STDOUT_ORDER_PLUS_PINNED_NATIVE_LOOP
RES8,56,second_fit,5552,1,0,COMPLETED_STDOUT_ORDER_PLUS_PINNED_NATIVE_LOOP
RES8,56,second_fit,5553,1,0,COMPLETED_STDOUT_ORDER_PLUS_PINNED_NATIVE_LOOP
RES8,56,second_fit,5554,1,0,COMPLETED_STDOUT_ORDER_PLUS_PINNED_NATIVE_LOOP
RES8,56,second_fit,5555,1,0,COMPLETED_STDOUT_ORDER_PLUS_PINNED_NATIVE_LOOP
RES8,56,second_fit,5556,1,0,COMPLETED_STDOUT_ORDER_PLUS_PINNED_NATIVE_LOOP
RES8,56,second_fit,5557,1,0,COMPLETED_STDOUT_ORDER_PLUS_PINNED_NATIVE_LOOP
RES8,56,second_fit,5558,1,0,COMPLETED_STDOUT_ORDER_PLUS_PINNED_NATIVE_LOOP
RES8,56,second_fit,5559,1,0,COMPLETED_STDOUT_ORDER_PLUS_PINNED_NATIVE_LOOP
RES8,56,second_fit,5560,25,24,COMPLETED_STDOUT_ORDER_PLUS_PINNED_NATIVE_LOOP
RES8,56,second_fit,5561,1,0,COMPLETED_STDOUT_ORDER_PLUS_PINNED_NATIVE_LOOP
RES8,56,second_fit,5562,1,0,COMPLETED_STDOUT_ORDER_PLUS_PINNED_NATIVE_LOOP
RES8,56,second_fit,5563,1,0,COMPLETED_STDOUT_ORDER_PLUS_PINNED_NATIVE_LOOP
RES8,56,second_fit,5564,1,0,COMPLETED_STDOUT_ORDER_PLUS_PINNED_NATIVE_LOOP
RES8,56,second_fit,5565,1,0,COMPLETED_STDOUT_ORDER_PLUS_PINNED_NATIVE_LOOP
RES8,56,second_fit,5566,1,0,COMPLETED_STDOUT_ORDER_PLUS_PINNED_NATIVE_LOOP
RES8,56,second_fit,5567,1,0,COMPLETED_STDOUT_ORDER_PLUS_PINNED_NATIVE_LOOP
RES8,56,second_fit,5568,1,0,COMPLETED_STDOUT_ORDER_PLUS_PINNED_NATIVE_LOOP
RES8,56,second_fit,5569,1,0,COMPLETED_STDOUT_ORDER_PLUS_PINNED_NATIVE_LOOP
RES8,56,second_fit,5570,25,24,COMPLETED_STDOUT_ORDER_PLUS_PINNED_NATIVE_LOOP
RES8,56,second_fit,5571,1,0,COMPLETED_STDOUT_ORDER_PLUS_PINNED_NATIVE_LOOP
RES8,56,second_fit,5572,25,24,COMPLETED_STDOUT_ORDER_PLUS_PINNED_NATIVE_LOOP
RES8,56,second_fit,5573,1,0,COMPLETED_STDOUT_ORDER_PLUS_PINNED_NATIVE_LOOP
RES8,56,second_fit,5574,1,0,COMPLETED_STDOUT_ORDER_PLUS_PINNED_NATIVE_LOOP
RES8,56,second_fit,5575,1,0,COMPLETED_STDOUT_ORDER_PLUS_PINNED_NATIVE_LOOP
RES8,56,second_fit,5576,1,0,COMPLETED_STDOUT_ORDER_PLUS_PINNED_NATIVE_LOOP
RES8,56,second_fit,5577,1,0,COMPLETED_STDOUT_ORDER_PLUS_PINNED_NATIVE_LOOP
RES8,56,second_fit,5578,1,0,COMPLETED_STDOUT_ORDER_PLUS_PINNED_NATIVE_LOOP
RES8,56,second_fit,5579,1,0,COMPLETED_STDOUT_ORDER_PLUS_PINNED_NATIVE_LOOP
RES8,56,second_fit,5580,1,0,COMPLETED_STDOUT_ORDER_PLUS_PINNED_NATIVE_LOOP
RES8,56,second_fit,5581,1,0,COMPLETED_STDOUT_ORDER_PLUS_PINNED_NATIVE_LOOP
RES8,56,second_fit,5582,1,0,COMPLETED_STDOUT_ORDER_PLUS_PINNED_NATIVE_LOOP
RES8,56,second_fit,5583,1,0,COMPLETED_STDOUT_ORDER_PLUS_PINNED_NATIVE_LOOP
RES8,56,second_fit,5584,1,0,COMPLETED_STDOUT_ORDER_PLUS_PINNED_NATIVE_LOOP
RES8,56,second_fit,5585,25,24,COMPLETED_STDOUT_ORDER_PLUS_PINNED_NATIVE_LOOP
RES8,56,second_fit,5586,1,0,COMPLETED_STDOUT_ORDER_PLUS_PINNED_NATIVE_LOOP
RES8,56,second_fit,5587,1,0,COMPLETED_STDOUT_ORDER_PLUS_PINNED_NATIVE_LOOP
RES8,56,second_fit,5588,1,0,COMPLETED_STDOUT_ORDER_PLUS_PINNED_NATIVE_LOOP
RES8,56,second_fit,5589,25,24,COMPLETED_STDOUT_ORDER_PLUS_PINNED_NATIVE_LOOP
RES8,56,second_fit,5590,1,0,COMPLETED_STDOUT_ORDER_PLUS_PINNED_NATIVE_LOOP
RES8,56,second_fit,5591,1,0,COMPLETED_STDOUT_ORDER_PLUS_PINNED_NATIVE_LOOP
RES8,56,second_fit,5592,1,0,COMPLETED_STDOUT_ORDER_PLUS_PINNED_NATIVE_LOOP
RES8,56,second_fit,5593,1,0,COMPLETED_STDOUT_ORDER_PLUS_PINNED_NATIVE_LOOP
RES8,56,second_fit,5594,1,0,COMPLETED_STDOUT_ORDER_PLUS_PINNED_NATIVE_LOOP
RES8,56,second_fit,5595,1,0,COMPLETED_STDOUT_ORDER_PLUS_PINNED_NATIVE_LOOP
RES8,56,second_fit,5596,25,24,COMPLETED_STDOUT_ORDER_PLUS_PINNED_NATIVE_LOOP
RES8,56,second_fit,5597,1,0,COMPLETED_STDOUT_ORDER_PLUS_PINNED_NATIVE_LOOP
RES8,56,second_fit,5598,1,0,COMPLETED_STDOUT_ORDER_PLUS_PINNED_NATIVE_LOOP
RES8,56,second_fit,5599,25,24,COMPLETED_STDOUT_ORDER_PLUS_PINNED_NATIVE_LOOP
RES8,57,first_fit,5600,25,24,COMPLETED_STDOUT_ORDER_PLUS_PINNED_NATIVE_LOOP
RES8,57,first_fit,5601,25,24,COMPLETED_STDOUT_ORDER_PLUS_PINNED_NATIVE_LOOP
RES8,57,first_fit,5602,25,24,COMPLETED_STDOUT_ORDER_PLUS_PINNED_NATIVE_LOOP
RES8,57,first_fit,5603,25,24,COMPLETED_STDOUT_ORDER_PLUS_PINNED_NATIVE_LOOP
RES8,57,first_fit,5604,25,24,COMPLETED_STDOUT_ORDER_PLUS_PINNED_NATIVE_LOOP
RES8,57,first_fit,5605,25,24,COMPLETED_STDOUT_ORDER_PLUS_PINNED_NATIVE_LOOP
RES8,57,first_fit,5606,25,24,COMPLETED_STDOUT_ORDER_PLUS_PINNED_NATIVE_LOOP
RES8,57,first_fit,5607,25,24,COMPLETED_STDOUT_ORDER_PLUS_PINNED_NATIVE_LOOP
RES8,57,first_fit,5608,25,24,COMPLETED_STDOUT_ORDER_PLUS_PINNED_NATIVE_LOOP
RES8,57,first_fit,5609,25,24,COMPLETED_STDOUT_ORDER_PLUS_PINNED_NATIVE_LOOP
RES8,57,first_fit,5610,25,24,COMPLETED_STDOUT_ORDER_PLUS_PINNED_NATIVE_LOOP
RES8,57,first_fit,5611,25,24,COMPLETED_STDOUT_ORDER_PLUS_PINNED_NATIVE_LOOP
RES8,57,first_fit,5612,25,24,COMPLETED_STDOUT_ORDER_PLUS_PINNED_NATIVE_LOOP
RES8,57,first_fit,5613,25,24,COMPLETED_STDOUT_ORDER_PLUS_PINNED_NATIVE_LOOP
RES8,57,first_fit,5614,25,24,COMPLETED_STDOUT_ORDER_PLUS_PINNED_NATIVE_LOOP
RES8,57,first_fit,5615,25,24,COMPLETED_STDOUT_ORDER_PLUS_PINNED_NATIVE_LOOP
RES8,57,first_fit,5616,25,24,COMPLETED_STDOUT_ORDER_PLUS_PINNED_NATIVE_LOOP
RES8,57,first_fit,5617,25,24,COMPLETED_STDOUT_ORDER_PLUS_PINNED_NATIVE_LOOP
RES8,57,first_fit,5618,25,24,COMPLETED_STDOUT_ORDER_PLUS_PINNED_NATIVE_LOOP
RES8,57,first_fit,5619,25,24,COMPLETED_STDOUT_ORDER_PLUS_PINNED_NATIVE_LOOP
RES8,57,first_fit,5620,25,24,COMPLETED_STDOUT_ORDER_PLUS_PINNED_NATIVE_LOOP
RES8,57,first_fit,5621,25,24,COMPLETED_STDOUT_ORDER_PLUS_PINNED_NATIVE_LOOP
RES8,57,first_fit,5622,25,24,COMPLETED_STDOUT_ORDER_PLUS_PINNED_NATIVE_LOOP
RES8,57,first_fit,5623,25,24,COMPLETED_STDOUT_ORDER_PLUS_PINNED_NATIVE_LOOP
RES8,57,first_fit,5624,25,24,COMPLETED_STDOUT_ORDER_PLUS_PINNED_NATIVE_LOOP
RES8,57,first_fit,5625,25,24,COMPLETED_STDOUT_ORDER_PLUS_PINNED_NATIVE_LOOP
RES8,57,first_fit,5626,25,24,COMPLETED_STDOUT_ORDER_PLUS_PINNED_NATIVE_LOOP
RES8,57,first_fit,5627,25,24,COMPLETED_STDOUT_ORDER_PLUS_PINNED_NATIVE_LOOP
RES8,57,first_fit,5628,25,24,COMPLETED_STDOUT_ORDER_PLUS_PINNED_NATIVE_LOOP
RES8,57,first_fit,5629,25,24,COMPLETED_STDOUT_ORDER_PLUS_PINNED_NATIVE_LOOP
RES8,57,first_fit,5630,25,24,COMPLETED_STDOUT_ORDER_PLUS_PINNED_NATIVE_LOOP
RES8,57,first_fit,5631,25,24,COMPLETED_STDOUT_ORDER_PLUS_PINNED_NATIVE_LOOP
RES8,57,first_fit,5632,25,24,COMPLETED_STDOUT_ORDER_PLUS_PINNED_NATIVE_LOOP
RES8,57,first_fit,5633,25,24,COMPLETED_STDOUT_ORDER_PLUS_PINNED_NATIVE_LOOP
RES8,57,first_fit,5634,25,24,COMPLETED_STDOUT_ORDER_PLUS_PINNED_NATIVE_LOOP
RES8,57,first_fit,5635,25,24,COMPLETED_STDOUT_ORDER_PLUS_PINNED_NATIVE_LOOP
RES8,57,first_fit,5636,25,24,COMPLETED_STDOUT_ORDER_PLUS_PINNED_NATIVE_LOOP
RES8,57,first_fit,5637,25,24,COMPLETED_STDOUT_ORDER_PLUS_PINNED_NATIVE_LOOP
RES8,57,first_fit,5638,25,24,COMPLETED_STDOUT_ORDER_PLUS_PINNED_NATIVE_LOOP
RES8,57,first_fit,5639,25,24,COMPLETED_STDOUT_ORDER_PLUS_PINNED_NATIVE_LOOP
RES8,57,first_fit,5640,25,24,COMPLETED_STDOUT_ORDER_PLUS_PINNED_NATIVE_LOOP
RES8,57,first_fit,5641,25,24,COMPLETED_STDOUT_ORDER_PLUS_PINNED_NATIVE_LOOP
RES8,57,first_fit,5642,25,24,COMPLETED_STDOUT_ORDER_PLUS_PINNED_NATIVE_LOOP
RES8,57,first_fit,5643,25,24,COMPLETED_STDOUT_ORDER_PLUS_PINNED_NATIVE_LOOP
RES8,57,first_fit,5644,25,24,COMPLETED_STDOUT_ORDER_PLUS_PINNED_NATIVE_LOOP
RES8,57,first_fit,5645,25,24,COMPLETED_STDOUT_ORDER_PLUS_PINNED_NATIVE_LOOP
RES8,57,first_fit,5646,25,24,COMPLETED_STDOUT_ORDER_PLUS_PINNED_NATIVE_LOOP
RES8,57,first_fit,5647,25,24,COMPLETED_STDOUT_ORDER_PLUS_PINNED_NATIVE_LOOP
RES8,57,first_fit,5648,25,24,COMPLETED_STDOUT_ORDER_PLUS_PINNED_NATIVE_LOOP
RES8,57,first_fit,5649,25,24,COMPLETED_STDOUT_ORDER_PLUS_PINNED_NATIVE_LOOP
RES8,57,first_fit,5650,25,24,COMPLETED_STDOUT_ORDER_PLUS_PINNED_NATIVE_LOOP
RES8,57,first_fit,5651,25,24,COMPLETED_STDOUT_ORDER_PLUS_PINNED_NATIVE_LOOP
RES8,57,first_fit,5652,25,24,COMPLETED_STDOUT_ORDER_PLUS_PINNED_NATIVE_LOOP
RES8,57,first_fit,5653,25,24,COMPLETED_STDOUT_ORDER_PLUS_PINNED_NATIVE_LOOP
RES8,57,first_fit,5654,25,24,COMPLETED_STDOUT_ORDER_PLUS_PINNED_NATIVE_LOOP
RES8,57,first_fit,5655,25,24,COMPLETED_STDOUT_ORDER_PLUS_PINNED_NATIVE_LOOP
RES8,57,first_fit,5656,25,24,COMPLETED_STDOUT_ORDER_PLUS_PINNED_NATIVE_LOOP
RES8,57,first_fit,5657,25,24,COMPLETED_STDOUT_ORDER_PLUS_PINNED_NATIVE_LOOP
RES8,57,first_fit,5658,25,24,COMPLETED_STDOUT_ORDER_PLUS_PINNED_NATIVE_LOOP
RES8,57,first_fit,5659,25,24,COMPLETED_STDOUT_ORDER_PLUS_PINNED_NATIVE_LOOP
RES8,57,first_fit,5660,25,24,COMPLETED_STDOUT_ORDER_PLUS_PINNED_NATIVE_LOOP
RES8,57,first_fit,5661,25,24,COMPLETED_STDOUT_ORDER_PLUS_PINNED_NATIVE_LOOP
RES8,57,first_fit,5662,25,24,COMPLETED_STDOUT_ORDER_PLUS_PINNED_NATIVE_LOOP
RES8,57,first_fit,5663,25,24,COMPLETED_STDOUT_ORDER_PLUS_PINNED_NATIVE_LOOP
RES8,57,first_fit,5664,25,24,COMPLETED_STDOUT_ORDER_PLUS_PINNED_NATIVE_LOOP
RES8,57,first_fit,5665,25,24,COMPLETED_STDOUT_ORDER_PLUS_PINNED_NATIVE_LOOP
RES8,57,first_fit,5666,25,24,COMPLETED_STDOUT_ORDER_PLUS_PINNED_NATIVE_LOOP
RES8,57,first_fit,5667,25,24,COMPLETED_STDOUT_ORDER_PLUS_PINNED_NATIVE_LOOP
RES8,57,first_fit,5668,25,24,COMPLETED_STDOUT_ORDER_PLUS_PINNED_NATIVE_LOOP
RES8,57,first_fit,5669,25,24,COMPLETED_STDOUT_ORDER_PLUS_PINNED_NATIVE_LOOP
RES8,57,first_fit,5670,25,24,COMPLETED_STDOUT_ORDER_PLUS_PINNED_NATIVE_LOOP
RES8,57,first_fit,5671,25,24,COMPLETED_STDOUT_ORDER_PLUS_PINNED_NATIVE_LOOP
RES8,57,first_fit,5672,25,24,COMPLETED_STDOUT_ORDER_PLUS_PINNED_NATIVE_LOOP
RES8,57,first_fit,5673,25,24,COMPLETED_STDOUT_ORDER_PLUS_PINNED_NATIVE_LOOP
RES8,57,first_fit,5674,25,24,COMPLETED_STDOUT_ORDER_PLUS_PINNED_NATIVE_LOOP
RES8,57,first_fit,5675,25,24,COMPLETED_STDOUT_ORDER_PLUS_PINNED_NATIVE_LOOP
RES8,57,first_fit,5676,25,24,COMPLETED_STDOUT_ORDER_PLUS_PINNED_NATIVE_LOOP
RES8,57,first_fit,5677,25,24,COMPLETED_STDOUT_ORDER_PLUS_PINNED_NATIVE_LOOP
RES8,57,first_fit,5678,25,24,COMPLETED_STDOUT_ORDER_PLUS_PINNED_NATIVE_LOOP
RES8,57,first_fit,5679,25,24,COMPLETED_STDOUT_ORDER_PLUS_PINNED_NATIVE_LOOP
RES8,57,first_fit,5680,25,24,COMPLETED_STDOUT_ORDER_PLUS_PINNED_NATIVE_LOOP
RES8,57,first_fit,5681,25,24,COMPLETED_STDOUT_ORDER_PLUS_PINNED_NATIVE_LOOP
RES8,57,first_fit,5682,25,24,COMPLETED_STDOUT_ORDER_PLUS_PINNED_NATIVE_LOOP
RES8,57,first_fit,5683,25,24,COMPLETED_STDOUT_ORDER_PLUS_PINNED_NATIVE_LOOP
RES8,57,first_fit,5684,25,24,COMPLETED_STDOUT_ORDER_PLUS_PINNED_NATIVE_LOOP
RES8,57,first_fit,5685,25,24,COMPLETED_STDOUT_ORDER_PLUS_PINNED_NATIVE_LOOP
RES8,57,first_fit,5686,25,24,COMPLETED_STDOUT_ORDER_PLUS_PINNED_NATIVE_LOOP
RES8,57,first_fit,5687,25,24,COMPLETED_STDOUT_ORDER_PLUS_PINNED_NATIVE_LOOP
RES8,57,first_fit,5688,25,24,COMPLETED_STDOUT_ORDER_PLUS_PINNED_NATIVE_LOOP
RES8,57,first_fit,5689,25,24,COMPLETED_STDOUT_ORDER_PLUS_PINNED_NATIVE_LOOP
RES8,57,first_fit,5690,25,24,COMPLETED_STDOUT_ORDER_PLUS_PINNED_NATIVE_LOOP
RES8,57,first_fit,5691,25,24,COMPLETED_STDOUT_ORDER_PLUS_PINNED_NATIVE_LOOP
RES8,57,first_fit,5692,25,24,COMPLETED_STDOUT_ORDER_PLUS_PINNED_NATIVE_LOOP
RES8,57,first_fit,5693,25,24,COMPLETED_STDOUT_ORDER_PLUS_PINNED_NATIVE_LOOP
RES8,57,first_fit,5694,25,24,COMPLETED_STDOUT_ORDER_PLUS_PINNED_NATIVE_LOOP
RES8,57,first_fit,5695,25,24,COMPLETED_STDOUT_ORDER_PLUS_PINNED_NATIVE_LOOP
RES8,57,first_fit,5696,25,24,COMPLETED_STDOUT_ORDER_PLUS_PINNED_NATIVE_LOOP
RES8,57,first_fit,5697,25,24,COMPLETED_STDOUT_ORDER_PLUS_PINNED_NATIVE_LOOP
RES8,57,first_fit,5698,25,24,COMPLETED_STDOUT_ORDER_PLUS_PINNED_NATIVE_LOOP
RES8,57,first_fit,5699,25,24,COMPLETED_STDOUT_ORDER_PLUS_PINNED_NATIVE_LOOP
RES8,57,second_fit,5600,1,0,COMPLETED_STDOUT_ORDER_PLUS_PINNED_NATIVE_LOOP
RES8,57,second_fit,5601,1,0,COMPLETED_STDOUT_ORDER_PLUS_PINNED_NATIVE_LOOP
RES8,57,second_fit,5602,1,0,COMPLETED_STDOUT_ORDER_PLUS_PINNED_NATIVE_LOOP
RES8,57,second_fit,5603,1,0,COMPLETED_STDOUT_ORDER_PLUS_PINNED_NATIVE_LOOP
RES8,57,second_fit,5604,1,0,COMPLETED_STDOUT_ORDER_PLUS_PINNED_NATIVE_LOOP
RES8,57,second_fit,5605,1,0,COMPLETED_STDOUT_ORDER_PLUS_PINNED_NATIVE_LOOP
RES8,57,second_fit,5606,25,24,COMPLETED_STDOUT_ORDER_PLUS_PINNED_NATIVE_LOOP
RES8,57,second_fit,5607,1,0,COMPLETED_STDOUT_ORDER_PLUS_PINNED_NATIVE_LOOP
RES8,57,second_fit,5608,1,0,COMPLETED_STDOUT_ORDER_PLUS_PINNED_NATIVE_LOOP
RES8,57,second_fit,5609,1,0,COMPLETED_STDOUT_ORDER_PLUS_PINNED_NATIVE_LOOP
RES8,57,second_fit,5610,1,0,COMPLETED_STDOUT_ORDER_PLUS_PINNED_NATIVE_LOOP
RES8,57,second_fit,5611,1,0,COMPLETED_STDOUT_ORDER_PLUS_PINNED_NATIVE_LOOP
RES8,57,second_fit,5612,1,0,COMPLETED_STDOUT_ORDER_PLUS_PINNED_NATIVE_LOOP
RES8,57,second_fit,5613,1,0,COMPLETED_STDOUT_ORDER_PLUS_PINNED_NATIVE_LOOP
RES8,57,second_fit,5614,1,0,COMPLETED_STDOUT_ORDER_PLUS_PINNED_NATIVE_LOOP
RES8,57,second_fit,5615,25,24,COMPLETED_STDOUT_ORDER_PLUS_PINNED_NATIVE_LOOP
RES8,57,second_fit,5616,1,0,COMPLETED_STDOUT_ORDER_PLUS_PINNED_NATIVE_LOOP
RES8,57,second_fit,5617,1,0,COMPLETED_STDOUT_ORDER_PLUS_PINNED_NATIVE_LOOP
RES8,57,second_fit,5618,1,0,COMPLETED_STDOUT_ORDER_PLUS_PINNED_NATIVE_LOOP
RES8,57,second_fit,5619,1,0,COMPLETED_STDOUT_ORDER_PLUS_PINNED_NATIVE_LOOP
RES8,57,second_fit,5620,1,0,COMPLETED_STDOUT_ORDER_PLUS_PINNED_NATIVE_LOOP
RES8,57,second_fit,5621,1,0,COMPLETED_STDOUT_ORDER_PLUS_PINNED_NATIVE_LOOP
RES8,57,second_fit,5622,1,0,COMPLETED_STDOUT_ORDER_PLUS_PINNED_NATIVE_LOOP
RES8,57,second_fit,5623,1,0,COMPLETED_STDOUT_ORDER_PLUS_PINNED_NATIVE_LOOP
RES8,57,second_fit,5624,25,24,COMPLETED_STDOUT_ORDER_PLUS_PINNED_NATIVE_LOOP
RES8,57,second_fit,5625,25,24,COMPLETED_STDOUT_ORDER_PLUS_PINNED_NATIVE_LOOP
RES8,57,second_fit,5626,25,24,COMPLETED_STDOUT_ORDER_PLUS_PINNED_NATIVE_LOOP
RES8,57,second_fit,5627,1,0,COMPLETED_STDOUT_ORDER_PLUS_PINNED_NATIVE_LOOP
RES8,57,second_fit,5628,1,0,COMPLETED_STDOUT_ORDER_PLUS_PINNED_NATIVE_LOOP
RES8,57,second_fit,5629,1,0,COMPLETED_STDOUT_ORDER_PLUS_PINNED_NATIVE_LOOP
RES8,57,second_fit,5630,1,0,COMPLETED_STDOUT_ORDER_PLUS_PINNED_NATIVE_LOOP
RES8,57,second_fit,5631,25,24,COMPLETED_STDOUT_ORDER_PLUS_PINNED_NATIVE_LOOP
RES8,57,second_fit,5632,1,0,COMPLETED_STDOUT_ORDER_PLUS_PINNED_NATIVE_LOOP
RES8,57,second_fit,5633,1,0,COMPLETED_STDOUT_ORDER_PLUS_PINNED_NATIVE_LOOP
RES8,57,second_fit,5634,1,0,COMPLETED_STDOUT_ORDER_PLUS_PINNED_NATIVE_LOOP
RES8,57,second_fit,5635,1,0,COMPLETED_STDOUT_ORDER_PLUS_PINNED_NATIVE_LOOP
RES8,57,second_fit,5636,1,0,COMPLETED_STDOUT_ORDER_PLUS_PINNED_NATIVE_LOOP
RES8,57,second_fit,5637,1,0,COMPLETED_STDOUT_ORDER_PLUS_PINNED_NATIVE_LOOP
RES8,57,second_fit,5638,1,0,COMPLETED_STDOUT_ORDER_PLUS_PINNED_NATIVE_LOOP
RES8,57,second_fit,5639,1,0,COMPLETED_STDOUT_ORDER_PLUS_PINNED_NATIVE_LOOP
RES8,57,second_fit,5640,1,0,COMPLETED_STDOUT_ORDER_PLUS_PINNED_NATIVE_LOOP
RES8,57,second_fit,5641,1,0,COMPLETED_STDOUT_ORDER_PLUS_PINNED_NATIVE_LOOP
RES8,57,second_fit,5642,1,0,COMPLETED_STDOUT_ORDER_PLUS_PINNED_NATIVE_LOOP
RES8,57,second_fit,5643,24,23,COMPLETED_STDOUT_ORDER_PLUS_PINNED_NATIVE_LOOP
RES8,57,second_fit,5644,1,0,COMPLETED_STDOUT_ORDER_PLUS_PINNED_NATIVE_LOOP
RES8,57,second_fit,5645,1,0,COMPLETED_STDOUT_ORDER_PLUS_PINNED_NATIVE_LOOP
RES8,57,second_fit,5646,1,0,COMPLETED_STDOUT_ORDER_PLUS_PINNED_NATIVE_LOOP
RES8,57,second_fit,5647,1,0,COMPLETED_STDOUT_ORDER_PLUS_PINNED_NATIVE_LOOP
RES8,57,second_fit,5648,1,0,COMPLETED_STDOUT_ORDER_PLUS_PINNED_NATIVE_LOOP
RES8,57,second_fit,5649,1,0,COMPLETED_STDOUT_ORDER_PLUS_PINNED_NATIVE_LOOP
RES8,57,second_fit,5650,1,0,COMPLETED_STDOUT_ORDER_PLUS_PINNED_NATIVE_LOOP
RES8,57,second_fit,5651,1,0,COMPLETED_STDOUT_ORDER_PLUS_PINNED_NATIVE_LOOP
RES8,57,second_fit,5652,1,0,COMPLETED_STDOUT_ORDER_PLUS_PINNED_NATIVE_LOOP
RES8,57,second_fit,5653,1,0,COMPLETED_STDOUT_ORDER_PLUS_PINNED_NATIVE_LOOP
RES8,57,second_fit,5654,1,0,COMPLETED_STDOUT_ORDER_PLUS_PINNED_NATIVE_LOOP
RES8,57,second_fit,5655,1,0,COMPLETED_STDOUT_ORDER_PLUS_PINNED_NATIVE_LOOP
RES8,57,second_fit,5656,1,0,COMPLETED_STDOUT_ORDER_PLUS_PINNED_NATIVE_LOOP
RES8,57,second_fit,5657,1,0,COMPLETED_STDOUT_ORDER_PLUS_PINNED_NATIVE_LOOP
RES8,57,second_fit,5658,1,0,COMPLETED_STDOUT_ORDER_PLUS_PINNED_NATIVE_LOOP
RES8,57,second_fit,5659,1,0,COMPLETED_STDOUT_ORDER_PLUS_PINNED_NATIVE_LOOP
RES8,57,second_fit,5660,1,0,COMPLETED_STDOUT_ORDER_PLUS_PINNED_NATIVE_LOOP
RES8,57,second_fit,5661,1,0,COMPLETED_STDOUT_ORDER_PLUS_PINNED_NATIVE_LOOP
RES8,57,second_fit,5662,1,0,COMPLETED_STDOUT_ORDER_PLUS_PINNED_NATIVE_LOOP
RES8,57,second_fit,5663,25,24,COMPLETED_STDOUT_ORDER_PLUS_PINNED_NATIVE_LOOP
RES8,57,second_fit,5664,1,0,COMPLETED_STDOUT_ORDER_PLUS_PINNED_NATIVE_LOOP
RES8,57,second_fit,5665,1,0,COMPLETED_STDOUT_ORDER_PLUS_PINNED_NATIVE_LOOP
RES8,57,second_fit,5666,1,0,COMPLETED_STDOUT_ORDER_PLUS_PINNED_NATIVE_LOOP
RES8,57,second_fit,5667,1,0,COMPLETED_STDOUT_ORDER_PLUS_PINNED_NATIVE_LOOP
RES8,57,second_fit,5668,1,0,COMPLETED_STDOUT_ORDER_PLUS_PINNED_NATIVE_LOOP
RES8,57,second_fit,5669,1,0,COMPLETED_STDOUT_ORDER_PLUS_PINNED_NATIVE_LOOP
RES8,57,second_fit,5670,1,0,COMPLETED_STDOUT_ORDER_PLUS_PINNED_NATIVE_LOOP
RES8,57,second_fit,5671,1,0,COMPLETED_STDOUT_ORDER_PLUS_PINNED_NATIVE_LOOP
RES8,57,second_fit,5672,1,0,COMPLETED_STDOUT_ORDER_PLUS_PINNED_NATIVE_LOOP
RES8,57,second_fit,5673,1,0,COMPLETED_STDOUT_ORDER_PLUS_PINNED_NATIVE_LOOP
RES8,57,second_fit,5674,1,0,COMPLETED_STDOUT_ORDER_PLUS_PINNED_NATIVE_LOOP
RES8,57,second_fit,5675,1,0,COMPLETED_STDOUT_ORDER_PLUS_PINNED_NATIVE_LOOP
RES8,57,second_fit,5676,1,0,COMPLETED_STDOUT_ORDER_PLUS_PINNED_NATIVE_LOOP
RES8,57,second_fit,5677,1,0,COMPLETED_STDOUT_ORDER_PLUS_PINNED_NATIVE_LOOP
RES8,57,second_fit,5678,1,0,COMPLETED_STDOUT_ORDER_PLUS_PINNED_NATIVE_LOOP
RES8,57,second_fit,5679,25,24,COMPLETED_STDOUT_ORDER_PLUS_PINNED_NATIVE_LOOP
RES8,57,second_fit,5680,1,0,COMPLETED_STDOUT_ORDER_PLUS_PINNED_NATIVE_LOOP
RES8,57,second_fit,5681,1,0,COMPLETED_STDOUT_ORDER_PLUS_PINNED_NATIVE_LOOP
RES8,57,second_fit,5682,1,0,COMPLETED_STDOUT_ORDER_PLUS_PINNED_NATIVE_LOOP
RES8,57,second_fit,5683,1,0,COMPLETED_STDOUT_ORDER_PLUS_PINNED_NATIVE_LOOP
RES8,57,second_fit,5684,1,0,COMPLETED_STDOUT_ORDER_PLUS_PINNED_NATIVE_LOOP
RES8,57,second_fit,5685,25,24,COMPLETED_STDOUT_ORDER_PLUS_PINNED_NATIVE_LOOP
RES8,57,second_fit,5686,1,0,COMPLETED_STDOUT_ORDER_PLUS_PINNED_NATIVE_LOOP
RES8,57,second_fit,5687,1,0,COMPLETED_STDOUT_ORDER_PLUS_PINNED_NATIVE_LOOP
RES8,57,second_fit,5688,1,0,COMPLETED_STDOUT_ORDER_PLUS_PINNED_NATIVE_LOOP
RES8,57,second_fit,5689,1,0,COMPLETED_STDOUT_ORDER_PLUS_PINNED_NATIVE_LOOP
RES8,57,second_fit,5690,1,0,COMPLETED_STDOUT_ORDER_PLUS_PINNED_NATIVE_LOOP
RES8,57,second_fit,5691,1,0,COMPLETED_STDOUT_ORDER_PLUS_PINNED_NATIVE_LOOP
RES8,57,second_fit,5692,25,24,COMPLETED_STDOUT_ORDER_PLUS_PINNED_NATIVE_LOOP
RES8,57,second_fit,5693,1,0,COMPLETED_STDOUT_ORDER_PLUS_PINNED_NATIVE_LOOP
RES8,57,second_fit,5694,1,0,COMPLETED_STDOUT_ORDER_PLUS_PINNED_NATIVE_LOOP
RES8,57,second_fit,5695,1,0,COMPLETED_STDOUT_ORDER_PLUS_PINNED_NATIVE_LOOP
RES8,57,second_fit,5696,25,24,COMPLETED_STDOUT_ORDER_PLUS_PINNED_NATIVE_LOOP
RES8,57,second_fit,5697,12,11,COMPLETED_STDOUT_ORDER_PLUS_PINNED_NATIVE_LOOP
RES8,57,second_fit,5698,1,0,COMPLETED_STDOUT_ORDER_PLUS_PINNED_NATIVE_LOOP
RES8,57,second_fit,5699,1,0,COMPLETED_STDOUT_ORDER_PLUS_PINNED_NATIVE_LOOP
RES8,58,first_fit,5700,25,24,COMPLETED_STDOUT_ORDER_PLUS_PINNED_NATIVE_LOOP
RES8,58,first_fit,5701,25,24,COMPLETED_STDOUT_ORDER_PLUS_PINNED_NATIVE_LOOP
RES8,58,first_fit,5702,25,24,COMPLETED_STDOUT_ORDER_PLUS_PINNED_NATIVE_LOOP
RES8,58,first_fit,5703,25,24,COMPLETED_STDOUT_ORDER_PLUS_PINNED_NATIVE_LOOP
RES8,58,first_fit,5704,25,24,COMPLETED_STDOUT_ORDER_PLUS_PINNED_NATIVE_LOOP
RES8,58,first_fit,5705,25,24,COMPLETED_STDOUT_ORDER_PLUS_PINNED_NATIVE_LOOP
RES8,58,first_fit,5706,25,24,COMPLETED_STDOUT_ORDER_PLUS_PINNED_NATIVE_LOOP
RES8,58,first_fit,5707,25,24,COMPLETED_STDOUT_ORDER_PLUS_PINNED_NATIVE_LOOP
RES8,58,first_fit,5708,25,24,COMPLETED_STDOUT_ORDER_PLUS_PINNED_NATIVE_LOOP
RES8,58,first_fit,5709,25,24,COMPLETED_STDOUT_ORDER_PLUS_PINNED_NATIVE_LOOP
RES8,58,first_fit,5710,25,24,COMPLETED_STDOUT_ORDER_PLUS_PINNED_NATIVE_LOOP
RES8,58,first_fit,5711,25,24,COMPLETED_STDOUT_ORDER_PLUS_PINNED_NATIVE_LOOP
RES8,58,first_fit,5712,25,24,COMPLETED_STDOUT_ORDER_PLUS_PINNED_NATIVE_LOOP
RES8,58,first_fit,5713,25,24,COMPLETED_STDOUT_ORDER_PLUS_PINNED_NATIVE_LOOP
RES8,58,first_fit,5714,25,24,COMPLETED_STDOUT_ORDER_PLUS_PINNED_NATIVE_LOOP
RES8,58,first_fit,5715,25,24,COMPLETED_STDOUT_ORDER_PLUS_PINNED_NATIVE_LOOP
RES8,58,first_fit,5716,25,24,COMPLETED_STDOUT_ORDER_PLUS_PINNED_NATIVE_LOOP
RES8,58,first_fit,5717,25,24,COMPLETED_STDOUT_ORDER_PLUS_PINNED_NATIVE_LOOP
RES8,58,first_fit,5718,25,24,COMPLETED_STDOUT_ORDER_PLUS_PINNED_NATIVE_LOOP
RES8,58,first_fit,5719,25,24,COMPLETED_STDOUT_ORDER_PLUS_PINNED_NATIVE_LOOP
RES8,58,first_fit,5720,25,24,COMPLETED_STDOUT_ORDER_PLUS_PINNED_NATIVE_LOOP
RES8,58,first_fit,5721,25,24,COMPLETED_STDOUT_ORDER_PLUS_PINNED_NATIVE_LOOP
RES8,58,first_fit,5722,25,24,COMPLETED_STDOUT_ORDER_PLUS_PINNED_NATIVE_LOOP
RES8,58,first_fit,5723,25,24,COMPLETED_STDOUT_ORDER_PLUS_PINNED_NATIVE_LOOP
RES8,58,first_fit,5724,25,24,COMPLETED_STDOUT_ORDER_PLUS_PINNED_NATIVE_LOOP
RES8,58,first_fit,5725,25,24,COMPLETED_STDOUT_ORDER_PLUS_PINNED_NATIVE_LOOP
RES8,58,first_fit,5726,25,24,COMPLETED_STDOUT_ORDER_PLUS_PINNED_NATIVE_LOOP
RES8,58,first_fit,5727,25,24,COMPLETED_STDOUT_ORDER_PLUS_PINNED_NATIVE_LOOP
RES8,58,first_fit,5728,25,24,COMPLETED_STDOUT_ORDER_PLUS_PINNED_NATIVE_LOOP
RES8,58,first_fit,5729,25,24,COMPLETED_STDOUT_ORDER_PLUS_PINNED_NATIVE_LOOP
RES8,58,first_fit,5730,25,24,COMPLETED_STDOUT_ORDER_PLUS_PINNED_NATIVE_LOOP
RES8,58,first_fit,5731,25,24,COMPLETED_STDOUT_ORDER_PLUS_PINNED_NATIVE_LOOP
RES8,58,first_fit,5732,25,24,COMPLETED_STDOUT_ORDER_PLUS_PINNED_NATIVE_LOOP
RES8,58,first_fit,5733,25,24,COMPLETED_STDOUT_ORDER_PLUS_PINNED_NATIVE_LOOP
RES8,58,first_fit,5734,25,24,COMPLETED_STDOUT_ORDER_PLUS_PINNED_NATIVE_LOOP
RES8,58,first_fit,5735,25,24,COMPLETED_STDOUT_ORDER_PLUS_PINNED_NATIVE_LOOP
RES8,58,first_fit,5736,25,24,COMPLETED_STDOUT_ORDER_PLUS_PINNED_NATIVE_LOOP
RES8,58,first_fit,5737,25,24,COMPLETED_STDOUT_ORDER_PLUS_PINNED_NATIVE_LOOP
RES8,58,first_fit,5738,25,24,COMPLETED_STDOUT_ORDER_PLUS_PINNED_NATIVE_LOOP
RES8,58,first_fit,5739,25,24,COMPLETED_STDOUT_ORDER_PLUS_PINNED_NATIVE_LOOP
RES8,58,first_fit,5740,25,24,COMPLETED_STDOUT_ORDER_PLUS_PINNED_NATIVE_LOOP
RES8,58,first_fit,5741,25,24,COMPLETED_STDOUT_ORDER_PLUS_PINNED_NATIVE_LOOP
RES8,58,first_fit,5742,25,24,COMPLETED_STDOUT_ORDER_PLUS_PINNED_NATIVE_LOOP
RES8,58,first_fit,5743,25,24,COMPLETED_STDOUT_ORDER_PLUS_PINNED_NATIVE_LOOP
RES8,58,first_fit,5744,25,24,COMPLETED_STDOUT_ORDER_PLUS_PINNED_NATIVE_LOOP
RES8,58,first_fit,5745,25,24,COMPLETED_STDOUT_ORDER_PLUS_PINNED_NATIVE_LOOP
RES8,58,first_fit,5746,25,24,COMPLETED_STDOUT_ORDER_PLUS_PINNED_NATIVE_LOOP
RES8,58,first_fit,5747,25,24,COMPLETED_STDOUT_ORDER_PLUS_PINNED_NATIVE_LOOP
RES8,58,first_fit,5748,25,24,COMPLETED_STDOUT_ORDER_PLUS_PINNED_NATIVE_LOOP
RES8,58,first_fit,5749,25,24,COMPLETED_STDOUT_ORDER_PLUS_PINNED_NATIVE_LOOP
RES8,58,first_fit,5750,25,24,COMPLETED_STDOUT_ORDER_PLUS_PINNED_NATIVE_LOOP
RES8,58,first_fit,5751,25,24,COMPLETED_STDOUT_ORDER_PLUS_PINNED_NATIVE_LOOP
RES8,58,first_fit,5752,25,24,COMPLETED_STDOUT_ORDER_PLUS_PINNED_NATIVE_LOOP
RES8,58,first_fit,5753,25,24,COMPLETED_STDOUT_ORDER_PLUS_PINNED_NATIVE_LOOP
RES8,58,first_fit,5754,25,24,COMPLETED_STDOUT_ORDER_PLUS_PINNED_NATIVE_LOOP
RES8,58,first_fit,5755,25,24,COMPLETED_STDOUT_ORDER_PLUS_PINNED_NATIVE_LOOP
RES8,58,first_fit,5756,25,24,COMPLETED_STDOUT_ORDER_PLUS_PINNED_NATIVE_LOOP
RES8,58,first_fit,5757,25,24,COMPLETED_STDOUT_ORDER_PLUS_PINNED_NATIVE_LOOP
RES8,58,first_fit,5758,25,24,COMPLETED_STDOUT_ORDER_PLUS_PINNED_NATIVE_LOOP
RES8,58,first_fit,5759,25,24,COMPLETED_STDOUT_ORDER_PLUS_PINNED_NATIVE_LOOP
RES8,58,first_fit,5760,25,24,COMPLETED_STDOUT_ORDER_PLUS_PINNED_NATIVE_LOOP
RES8,58,first_fit,5761,25,24,COMPLETED_STDOUT_ORDER_PLUS_PINNED_NATIVE_LOOP
RES8,58,first_fit,5762,25,24,COMPLETED_STDOUT_ORDER_PLUS_PINNED_NATIVE_LOOP
RES8,58,first_fit,5763,25,24,COMPLETED_STDOUT_ORDER_PLUS_PINNED_NATIVE_LOOP
RES8,58,first_fit,5764,25,24,COMPLETED_STDOUT_ORDER_PLUS_PINNED_NATIVE_LOOP
RES8,58,first_fit,5765,25,24,COMPLETED_STDOUT_ORDER_PLUS_PINNED_NATIVE_LOOP
RES8,58,first_fit,5766,25,24,COMPLETED_STDOUT_ORDER_PLUS_PINNED_NATIVE_LOOP
RES8,58,first_fit,5767,25,24,COMPLETED_STDOUT_ORDER_PLUS_PINNED_NATIVE_LOOP
RES8,58,first_fit,5768,25,24,COMPLETED_STDOUT_ORDER_PLUS_PINNED_NATIVE_LOOP
RES8,58,first_fit,5769,25,24,COMPLETED_STDOUT_ORDER_PLUS_PINNED_NATIVE_LOOP
RES8,58,first_fit,5770,25,24,COMPLETED_STDOUT_ORDER_PLUS_PINNED_NATIVE_LOOP
RES8,58,first_fit,5771,25,24,COMPLETED_STDOUT_ORDER_PLUS_PINNED_NATIVE_LOOP
RES8,58,first_fit,5772,25,24,COMPLETED_STDOUT_ORDER_PLUS_PINNED_NATIVE_LOOP
RES8,58,first_fit,5773,25,24,COMPLETED_STDOUT_ORDER_PLUS_PINNED_NATIVE_LOOP
RES8,58,first_fit,5774,25,24,COMPLETED_STDOUT_ORDER_PLUS_PINNED_NATIVE_LOOP
RES8,58,first_fit,5775,25,24,COMPLETED_STDOUT_ORDER_PLUS_PINNED_NATIVE_LOOP
RES8,58,first_fit,5776,25,24,COMPLETED_STDOUT_ORDER_PLUS_PINNED_NATIVE_LOOP
RES8,58,first_fit,5777,25,24,COMPLETED_STDOUT_ORDER_PLUS_PINNED_NATIVE_LOOP
RES8,58,first_fit,5778,25,24,COMPLETED_STDOUT_ORDER_PLUS_PINNED_NATIVE_LOOP
RES8,58,first_fit,5779,25,24,COMPLETED_STDOUT_ORDER_PLUS_PINNED_NATIVE_LOOP
RES8,58,first_fit,5780,25,24,COMPLETED_STDOUT_ORDER_PLUS_PINNED_NATIVE_LOOP
RES8,58,first_fit,5781,25,24,COMPLETED_STDOUT_ORDER_PLUS_PINNED_NATIVE_LOOP
RES8,58,first_fit,5782,25,24,COMPLETED_STDOUT_ORDER_PLUS_PINNED_NATIVE_LOOP
RES8,58,first_fit,5783,25,24,COMPLETED_STDOUT_ORDER_PLUS_PINNED_NATIVE_LOOP
RES8,58,first_fit,5784,25,24,COMPLETED_STDOUT_ORDER_PLUS_PINNED_NATIVE_LOOP
RES8,58,first_fit,5785,25,24,COMPLETED_STDOUT_ORDER_PLUS_PINNED_NATIVE_LOOP
RES8,58,first_fit,5786,25,24,COMPLETED_STDOUT_ORDER_PLUS_PINNED_NATIVE_LOOP
RES8,58,first_fit,5787,25,24,COMPLETED_STDOUT_ORDER_PLUS_PINNED_NATIVE_LOOP
RES8,58,first_fit,5788,25,24,COMPLETED_STDOUT_ORDER_PLUS_PINNED_NATIVE_LOOP
RES8,58,first_fit,5789,25,24,COMPLETED_STDOUT_ORDER_PLUS_PINNED_NATIVE_LOOP
RES8,58,first_fit,5790,25,24,COMPLETED_STDOUT_ORDER_PLUS_PINNED_NATIVE_LOOP
RES8,58,first_fit,5791,25,24,COMPLETED_STDOUT_ORDER_PLUS_PINNED_NATIVE_LOOP
RES8,58,first_fit,5792,25,24,COMPLETED_STDOUT_ORDER_PLUS_PINNED_NATIVE_LOOP
RES8,58,first_fit,5793,25,24,COMPLETED_STDOUT_ORDER_PLUS_PINNED_NATIVE_LOOP
RES8,58,first_fit,5794,25,24,COMPLETED_STDOUT_ORDER_PLUS_PINNED_NATIVE_LOOP
RES8,58,first_fit,5795,25,24,COMPLETED_STDOUT_ORDER_PLUS_PINNED_NATIVE_LOOP
RES8,58,first_fit,5796,25,24,COMPLETED_STDOUT_ORDER_PLUS_PINNED_NATIVE_LOOP
RES8,58,first_fit,5797,25,24,COMPLETED_STDOUT_ORDER_PLUS_PINNED_NATIVE_LOOP
RES8,58,first_fit,5798,25,24,COMPLETED_STDOUT_ORDER_PLUS_PINNED_NATIVE_LOOP
RES8,58,first_fit,5799,25,24,COMPLETED_STDOUT_ORDER_PLUS_PINNED_NATIVE_LOOP
RES8,58,second_fit,5700,25,24,COMPLETED_STDOUT_ORDER_PLUS_PINNED_NATIVE_LOOP
RES8,58,second_fit,5701,1,0,COMPLETED_STDOUT_ORDER_PLUS_PINNED_NATIVE_LOOP
RES8,58,second_fit,5702,1,0,COMPLETED_STDOUT_ORDER_PLUS_PINNED_NATIVE_LOOP
RES8,58,second_fit,5703,25,24,COMPLETED_STDOUT_ORDER_PLUS_PINNED_NATIVE_LOOP
RES8,58,second_fit,5704,1,0,COMPLETED_STDOUT_ORDER_PLUS_PINNED_NATIVE_LOOP
RES8,58,second_fit,5705,1,0,COMPLETED_STDOUT_ORDER_PLUS_PINNED_NATIVE_LOOP
RES8,58,second_fit,5706,25,24,COMPLETED_STDOUT_ORDER_PLUS_PINNED_NATIVE_LOOP
RES8,58,second_fit,5707,1,0,COMPLETED_STDOUT_ORDER_PLUS_PINNED_NATIVE_LOOP
RES8,58,second_fit,5708,1,0,COMPLETED_STDOUT_ORDER_PLUS_PINNED_NATIVE_LOOP
RES8,58,second_fit,5709,1,0,COMPLETED_STDOUT_ORDER_PLUS_PINNED_NATIVE_LOOP
RES8,58,second_fit,5710,1,0,COMPLETED_STDOUT_ORDER_PLUS_PINNED_NATIVE_LOOP
RES8,58,second_fit,5711,1,0,COMPLETED_STDOUT_ORDER_PLUS_PINNED_NATIVE_LOOP
RES8,58,second_fit,5712,1,0,COMPLETED_STDOUT_ORDER_PLUS_PINNED_NATIVE_LOOP
RES8,58,second_fit,5713,25,24,COMPLETED_STDOUT_ORDER_PLUS_PINNED_NATIVE_LOOP
RES8,58,second_fit,5714,1,0,COMPLETED_STDOUT_ORDER_PLUS_PINNED_NATIVE_LOOP
RES8,58,second_fit,5715,1,0,COMPLETED_STDOUT_ORDER_PLUS_PINNED_NATIVE_LOOP
RES8,58,second_fit,5716,1,0,COMPLETED_STDOUT_ORDER_PLUS_PINNED_NATIVE_LOOP
RES8,58,second_fit,5717,1,0,COMPLETED_STDOUT_ORDER_PLUS_PINNED_NATIVE_LOOP
RES8,58,second_fit,5718,1,0,COMPLETED_STDOUT_ORDER_PLUS_PINNED_NATIVE_LOOP
RES8,58,second_fit,5719,25,24,COMPLETED_STDOUT_ORDER_PLUS_PINNED_NATIVE_LOOP
RES8,58,second_fit,5720,1,0,COMPLETED_STDOUT_ORDER_PLUS_PINNED_NATIVE_LOOP
RES8,58,second_fit,5721,1,0,COMPLETED_STDOUT_ORDER_PLUS_PINNED_NATIVE_LOOP
RES8,58,second_fit,5722,1,0,COMPLETED_STDOUT_ORDER_PLUS_PINNED_NATIVE_LOOP
RES8,58,second_fit,5723,1,0,COMPLETED_STDOUT_ORDER_PLUS_PINNED_NATIVE_LOOP
RES8,58,second_fit,5724,1,0,COMPLETED_STDOUT_ORDER_PLUS_PINNED_NATIVE_LOOP
RES8,58,second_fit,5725,25,24,COMPLETED_STDOUT_ORDER_PLUS_PINNED_NATIVE_LOOP
RES8,58,second_fit,5726,1,0,COMPLETED_STDOUT_ORDER_PLUS_PINNED_NATIVE_LOOP
RES8,58,second_fit,5727,1,0,COMPLETED_STDOUT_ORDER_PLUS_PINNED_NATIVE_LOOP
RES8,58,second_fit,5728,1,0,COMPLETED_STDOUT_ORDER_PLUS_PINNED_NATIVE_LOOP
RES8,58,second_fit,5729,25,24,COMPLETED_STDOUT_ORDER_PLUS_PINNED_NATIVE_LOOP
RES8,58,second_fit,5730,1,0,COMPLETED_STDOUT_ORDER_PLUS_PINNED_NATIVE_LOOP
RES8,58,second_fit,5731,1,0,COMPLETED_STDOUT_ORDER_PLUS_PINNED_NATIVE_LOOP
RES8,58,second_fit,5732,1,0,COMPLETED_STDOUT_ORDER_PLUS_PINNED_NATIVE_LOOP
RES8,58,second_fit,5733,1,0,COMPLETED_STDOUT_ORDER_PLUS_PINNED_NATIVE_LOOP
RES8,58,second_fit,5734,1,0,COMPLETED_STDOUT_ORDER_PLUS_PINNED_NATIVE_LOOP
RES8,58,second_fit,5735,1,0,COMPLETED_STDOUT_ORDER_PLUS_PINNED_NATIVE_LOOP
RES8,58,second_fit,5736,1,0,COMPLETED_STDOUT_ORDER_PLUS_PINNED_NATIVE_LOOP
RES8,58,second_fit,5737,1,0,COMPLETED_STDOUT_ORDER_PLUS_PINNED_NATIVE_LOOP
RES8,58,second_fit,5738,1,0,COMPLETED_STDOUT_ORDER_PLUS_PINNED_NATIVE_LOOP
RES8,58,second_fit,5739,25,24,COMPLETED_STDOUT_ORDER_PLUS_PINNED_NATIVE_LOOP
RES8,58,second_fit,5740,1,0,COMPLETED_STDOUT_ORDER_PLUS_PINNED_NATIVE_LOOP
RES8,58,second_fit,5741,1,0,COMPLETED_STDOUT_ORDER_PLUS_PINNED_NATIVE_LOOP
RES8,58,second_fit,5742,1,0,COMPLETED_STDOUT_ORDER_PLUS_PINNED_NATIVE_LOOP
RES8,58,second_fit,5743,1,0,COMPLETED_STDOUT_ORDER_PLUS_PINNED_NATIVE_LOOP
RES8,58,second_fit,5744,25,24,COMPLETED_STDOUT_ORDER_PLUS_PINNED_NATIVE_LOOP
RES8,58,second_fit,5745,1,0,COMPLETED_STDOUT_ORDER_PLUS_PINNED_NATIVE_LOOP
RES8,58,second_fit,5746,1,0,COMPLETED_STDOUT_ORDER_PLUS_PINNED_NATIVE_LOOP
RES8,58,second_fit,5747,1,0,COMPLETED_STDOUT_ORDER_PLUS_PINNED_NATIVE_LOOP
RES8,58,second_fit,5748,1,0,COMPLETED_STDOUT_ORDER_PLUS_PINNED_NATIVE_LOOP
RES8,58,second_fit,5749,1,0,COMPLETED_STDOUT_ORDER_PLUS_PINNED_NATIVE_LOOP
RES8,58,second_fit,5750,1,0,COMPLETED_STDOUT_ORDER_PLUS_PINNED_NATIVE_LOOP
RES8,58,second_fit,5751,1,0,COMPLETED_STDOUT_ORDER_PLUS_PINNED_NATIVE_LOOP
RES8,58,second_fit,5752,1,0,COMPLETED_STDOUT_ORDER_PLUS_PINNED_NATIVE_LOOP
RES8,58,second_fit,5753,1,0,COMPLETED_STDOUT_ORDER_PLUS_PINNED_NATIVE_LOOP
RES8,58,second_fit,5754,1,0,COMPLETED_STDOUT_ORDER_PLUS_PINNED_NATIVE_LOOP
RES8,58,second_fit,5755,1,0,COMPLETED_STDOUT_ORDER_PLUS_PINNED_NATIVE_LOOP
RES8,58,second_fit,5756,1,0,COMPLETED_STDOUT_ORDER_PLUS_PINNED_NATIVE_LOOP
RES8,58,second_fit,5757,1,0,COMPLETED_STDOUT_ORDER_PLUS_PINNED_NATIVE_LOOP
RES8,58,second_fit,5758,1,0,COMPLETED_STDOUT_ORDER_PLUS_PINNED_NATIVE_LOOP
RES8,58,second_fit,5759,1,0,COMPLETED_STDOUT_ORDER_PLUS_PINNED_NATIVE_LOOP
RES8,58,second_fit,5760,1,0,COMPLETED_STDOUT_ORDER_PLUS_PINNED_NATIVE_LOOP
RES8,58,second_fit,5761,1,0,COMPLETED_STDOUT_ORDER_PLUS_PINNED_NATIVE_LOOP
RES8,58,second_fit,5762,25,24,COMPLETED_STDOUT_ORDER_PLUS_PINNED_NATIVE_LOOP
RES8,58,second_fit,5763,25,24,COMPLETED_STDOUT_ORDER_PLUS_PINNED_NATIVE_LOOP
RES8,58,second_fit,5764,25,24,COMPLETED_STDOUT_ORDER_PLUS_PINNED_NATIVE_LOOP
RES8,58,second_fit,5765,1,0,COMPLETED_STDOUT_ORDER_PLUS_PINNED_NATIVE_LOOP
RES8,58,second_fit,5766,25,24,COMPLETED_STDOUT_ORDER_PLUS_PINNED_NATIVE_LOOP
RES8,58,second_fit,5767,1,0,COMPLETED_STDOUT_ORDER_PLUS_PINNED_NATIVE_LOOP
RES8,58,second_fit,5768,1,0,COMPLETED_STDOUT_ORDER_PLUS_PINNED_NATIVE_LOOP
RES8,58,second_fit,5769,1,0,COMPLETED_STDOUT_ORDER_PLUS_PINNED_NATIVE_LOOP
RES8,58,second_fit,5770,1,0,COMPLETED_STDOUT_ORDER_PLUS_PINNED_NATIVE_LOOP
RES8,58,second_fit,5771,1,0,COMPLETED_STDOUT_ORDER_PLUS_PINNED_NATIVE_LOOP
RES8,58,second_fit,5772,1,0,COMPLETED_STDOUT_ORDER_PLUS_PINNED_NATIVE_LOOP
RES8,58,second_fit,5773,1,0,COMPLETED_STDOUT_ORDER_PLUS_PINNED_NATIVE_LOOP
RES8,58,second_fit,5774,1,0,COMPLETED_STDOUT_ORDER_PLUS_PINNED_NATIVE_LOOP
RES8,58,second_fit,5775,1,0,COMPLETED_STDOUT_ORDER_PLUS_PINNED_NATIVE_LOOP
RES8,58,second_fit,5776,1,0,COMPLETED_STDOUT_ORDER_PLUS_PINNED_NATIVE_LOOP
RES8,58,second_fit,5777,1,0,COMPLETED_STDOUT_ORDER_PLUS_PINNED_NATIVE_LOOP
RES8,58,second_fit,5778,1,0,COMPLETED_STDOUT_ORDER_PLUS_PINNED_NATIVE_LOOP
RES8,58,second_fit,5779,1,0,COMPLETED_STDOUT_ORDER_PLUS_PINNED_NATIVE_LOOP
RES8,58,second_fit,5780,1,0,COMPLETED_STDOUT_ORDER_PLUS_PINNED_NATIVE_LOOP
RES8,58,second_fit,5781,1,0,COMPLETED_STDOUT_ORDER_PLUS_PINNED_NATIVE_LOOP
RES8,58,second_fit,5782,1,0,COMPLETED_STDOUT_ORDER_PLUS_PINNED_NATIVE_LOOP
RES8,58,second_fit,5783,1,0,COMPLETED_STDOUT_ORDER_PLUS_PINNED_NATIVE_LOOP
RES8,58,second_fit,5784,1,0,COMPLETED_STDOUT_ORDER_PLUS_PINNED_NATIVE_LOOP
RES8,58,second_fit,5785,1,0,COMPLETED_STDOUT_ORDER_PLUS_PINNED_NATIVE_LOOP
RES8,58,second_fit,5786,25,24,COMPLETED_STDOUT_ORDER_PLUS_PINNED_NATIVE_LOOP
RES8,58,second_fit,5787,1,0,COMPLETED_STDOUT_ORDER_PLUS_PINNED_NATIVE_LOOP
RES8,58,second_fit,5788,25,24,COMPLETED_STDOUT_ORDER_PLUS_PINNED_NATIVE_LOOP
RES8,58,second_fit,5789,1,0,COMPLETED_STDOUT_ORDER_PLUS_PINNED_NATIVE_LOOP
RES8,58,second_fit,5790,1,0,COMPLETED_STDOUT_ORDER_PLUS_PINNED_NATIVE_LOOP
RES8,58,second_fit,5791,1,0,COMPLETED_STDOUT_ORDER_PLUS_PINNED_NATIVE_LOOP
RES8,58,second_fit,5792,1,0,COMPLETED_STDOUT_ORDER_PLUS_PINNED_NATIVE_LOOP
RES8,58,second_fit,5793,1,0,COMPLETED_STDOUT_ORDER_PLUS_PINNED_NATIVE_LOOP
RES8,58,second_fit,5794,1,0,COMPLETED_STDOUT_ORDER_PLUS_PINNED_NATIVE_LOOP
RES8,58,second_fit,5795,1,0,COMPLETED_STDOUT_ORDER_PLUS_PINNED_NATIVE_LOOP
RES8,58,second_fit,5796,1,0,COMPLETED_STDOUT_ORDER_PLUS_PINNED_NATIVE_LOOP
RES8,58,second_fit,5797,1,0,COMPLETED_STDOUT_ORDER_PLUS_PINNED_NATIVE_LOOP
RES8,58,second_fit,5798,25,24,COMPLETED_STDOUT_ORDER_PLUS_PINNED_NATIVE_LOOP
RES8,58,second_fit,5799,1,0,COMPLETED_STDOUT_ORDER_PLUS_PINNED_NATIVE_LOOP
RES8,59,first_fit,5800,25,24,COMPLETED_STDOUT_ORDER_PLUS_PINNED_NATIVE_LOOP
RES8,59,first_fit,5801,25,24,COMPLETED_STDOUT_ORDER_PLUS_PINNED_NATIVE_LOOP
RES8,59,first_fit,5802,25,24,COMPLETED_STDOUT_ORDER_PLUS_PINNED_NATIVE_LOOP
RES8,59,first_fit,5803,25,24,COMPLETED_STDOUT_ORDER_PLUS_PINNED_NATIVE_LOOP
RES8,59,first_fit,5804,25,24,COMPLETED_STDOUT_ORDER_PLUS_PINNED_NATIVE_LOOP
RES8,59,first_fit,5805,25,24,COMPLETED_STDOUT_ORDER_PLUS_PINNED_NATIVE_LOOP
RES8,59,first_fit,5806,25,24,COMPLETED_STDOUT_ORDER_PLUS_PINNED_NATIVE_LOOP
RES8,59,first_fit,5807,25,24,COMPLETED_STDOUT_ORDER_PLUS_PINNED_NATIVE_LOOP
RES8,59,first_fit,5808,25,24,COMPLETED_STDOUT_ORDER_PLUS_PINNED_NATIVE_LOOP
RES8,59,first_fit,5809,25,24,COMPLETED_STDOUT_ORDER_PLUS_PINNED_NATIVE_LOOP
RES8,59,first_fit,5810,25,24,COMPLETED_STDOUT_ORDER_PLUS_PINNED_NATIVE_LOOP
RES8,59,first_fit,5811,25,24,COMPLETED_STDOUT_ORDER_PLUS_PINNED_NATIVE_LOOP
RES8,59,first_fit,5812,25,24,COMPLETED_STDOUT_ORDER_PLUS_PINNED_NATIVE_LOOP
RES8,59,first_fit,5813,25,24,COMPLETED_STDOUT_ORDER_PLUS_PINNED_NATIVE_LOOP
RES8,59,first_fit,5814,25,24,COMPLETED_STDOUT_ORDER_PLUS_PINNED_NATIVE_LOOP
RES8,59,first_fit,5815,25,24,COMPLETED_STDOUT_ORDER_PLUS_PINNED_NATIVE_LOOP
RES8,59,first_fit,5816,25,24,COMPLETED_STDOUT_ORDER_PLUS_PINNED_NATIVE_LOOP
RES8,59,first_fit,5817,25,24,COMPLETED_STDOUT_ORDER_PLUS_PINNED_NATIVE_LOOP
RES8,59,first_fit,5818,25,24,COMPLETED_STDOUT_ORDER_PLUS_PINNED_NATIVE_LOOP
RES8,59,first_fit,5819,25,24,COMPLETED_STDOUT_ORDER_PLUS_PINNED_NATIVE_LOOP
RES8,59,first_fit,5820,25,24,COMPLETED_STDOUT_ORDER_PLUS_PINNED_NATIVE_LOOP
RES8,59,first_fit,5821,25,24,COMPLETED_STDOUT_ORDER_PLUS_PINNED_NATIVE_LOOP
RES8,59,first_fit,5822,25,24,COMPLETED_STDOUT_ORDER_PLUS_PINNED_NATIVE_LOOP
RES8,59,first_fit,5823,25,24,COMPLETED_STDOUT_ORDER_PLUS_PINNED_NATIVE_LOOP
RES8,59,first_fit,5824,25,24,COMPLETED_STDOUT_ORDER_PLUS_PINNED_NATIVE_LOOP
RES8,59,first_fit,5825,25,24,COMPLETED_STDOUT_ORDER_PLUS_PINNED_NATIVE_LOOP
RES8,59,first_fit,5826,25,24,COMPLETED_STDOUT_ORDER_PLUS_PINNED_NATIVE_LOOP
RES8,59,first_fit,5827,25,24,COMPLETED_STDOUT_ORDER_PLUS_PINNED_NATIVE_LOOP
RES8,59,first_fit,5828,25,24,COMPLETED_STDOUT_ORDER_PLUS_PINNED_NATIVE_LOOP
RES8,59,first_fit,5829,25,24,COMPLETED_STDOUT_ORDER_PLUS_PINNED_NATIVE_LOOP
RES8,59,first_fit,5830,25,24,COMPLETED_STDOUT_ORDER_PLUS_PINNED_NATIVE_LOOP
RES8,59,first_fit,5831,25,24,COMPLETED_STDOUT_ORDER_PLUS_PINNED_NATIVE_LOOP
RES8,59,first_fit,5832,25,24,COMPLETED_STDOUT_ORDER_PLUS_PINNED_NATIVE_LOOP
RES8,59,first_fit,5833,25,24,COMPLETED_STDOUT_ORDER_PLUS_PINNED_NATIVE_LOOP
RES8,59,first_fit,5834,25,24,COMPLETED_STDOUT_ORDER_PLUS_PINNED_NATIVE_LOOP
RES8,59,first_fit,5835,25,24,COMPLETED_STDOUT_ORDER_PLUS_PINNED_NATIVE_LOOP
RES8,59,first_fit,5836,25,24,COMPLETED_STDOUT_ORDER_PLUS_PINNED_NATIVE_LOOP
RES8,59,first_fit,5837,25,24,COMPLETED_STDOUT_ORDER_PLUS_PINNED_NATIVE_LOOP
RES8,59,first_fit,5838,25,24,COMPLETED_STDOUT_ORDER_PLUS_PINNED_NATIVE_LOOP
RES8,59,first_fit,5839,25,24,COMPLETED_STDOUT_ORDER_PLUS_PINNED_NATIVE_LOOP
RES8,59,first_fit,5840,25,24,COMPLETED_STDOUT_ORDER_PLUS_PINNED_NATIVE_LOOP
RES8,59,first_fit,5841,25,24,COMPLETED_STDOUT_ORDER_PLUS_PINNED_NATIVE_LOOP
RES8,59,first_fit,5842,25,24,COMPLETED_STDOUT_ORDER_PLUS_PINNED_NATIVE_LOOP
RES8,59,first_fit,5843,25,24,COMPLETED_STDOUT_ORDER_PLUS_PINNED_NATIVE_LOOP
RES8,59,first_fit,5844,25,24,COMPLETED_STDOUT_ORDER_PLUS_PINNED_NATIVE_LOOP
RES8,59,first_fit,5845,25,24,COMPLETED_STDOUT_ORDER_PLUS_PINNED_NATIVE_LOOP
RES8,59,first_fit,5846,25,24,COMPLETED_STDOUT_ORDER_PLUS_PINNED_NATIVE_LOOP
RES8,59,first_fit,5847,25,24,COMPLETED_STDOUT_ORDER_PLUS_PINNED_NATIVE_LOOP
RES8,59,first_fit,5848,25,24,COMPLETED_STDOUT_ORDER_PLUS_PINNED_NATIVE_LOOP
RES8,59,first_fit,5849,25,24,COMPLETED_STDOUT_ORDER_PLUS_PINNED_NATIVE_LOOP
RES8,59,first_fit,5850,25,24,COMPLETED_STDOUT_ORDER_PLUS_PINNED_NATIVE_LOOP
RES8,59,first_fit,5851,25,24,COMPLETED_STDOUT_ORDER_PLUS_PINNED_NATIVE_LOOP
RES8,59,first_fit,5852,25,24,COMPLETED_STDOUT_ORDER_PLUS_PINNED_NATIVE_LOOP
RES8,59,first_fit,5853,25,24,COMPLETED_STDOUT_ORDER_PLUS_PINNED_NATIVE_LOOP
RES8,59,first_fit,5854,25,24,COMPLETED_STDOUT_ORDER_PLUS_PINNED_NATIVE_LOOP
RES8,59,first_fit,5855,25,24,COMPLETED_STDOUT_ORDER_PLUS_PINNED_NATIVE_LOOP
RES8,59,first_fit,5856,25,24,COMPLETED_STDOUT_ORDER_PLUS_PINNED_NATIVE_LOOP
RES8,59,first_fit,5857,25,24,COMPLETED_STDOUT_ORDER_PLUS_PINNED_NATIVE_LOOP
RES8,59,first_fit,5858,25,24,COMPLETED_STDOUT_ORDER_PLUS_PINNED_NATIVE_LOOP
RES8,59,first_fit,5859,25,24,COMPLETED_STDOUT_ORDER_PLUS_PINNED_NATIVE_LOOP
RES8,59,first_fit,5860,25,24,COMPLETED_STDOUT_ORDER_PLUS_PINNED_NATIVE_LOOP
RES8,59,first_fit,5861,25,24,COMPLETED_STDOUT_ORDER_PLUS_PINNED_NATIVE_LOOP
RES8,59,first_fit,5862,25,24,COMPLETED_STDOUT_ORDER_PLUS_PINNED_NATIVE_LOOP
RES8,59,first_fit,5863,25,24,COMPLETED_STDOUT_ORDER_PLUS_PINNED_NATIVE_LOOP
RES8,59,first_fit,5864,25,24,COMPLETED_STDOUT_ORDER_PLUS_PINNED_NATIVE_LOOP
RES8,59,first_fit,5865,25,24,COMPLETED_STDOUT_ORDER_PLUS_PINNED_NATIVE_LOOP
RES8,59,first_fit,5866,25,24,COMPLETED_STDOUT_ORDER_PLUS_PINNED_NATIVE_LOOP
RES8,59,first_fit,5867,25,24,COMPLETED_STDOUT_ORDER_PLUS_PINNED_NATIVE_LOOP
RES8,59,first_fit,5868,25,24,COMPLETED_STDOUT_ORDER_PLUS_PINNED_NATIVE_LOOP
RES8,59,first_fit,5869,25,24,COMPLETED_STDOUT_ORDER_PLUS_PINNED_NATIVE_LOOP
RES8,59,first_fit,5870,25,24,COMPLETED_STDOUT_ORDER_PLUS_PINNED_NATIVE_LOOP
RES8,59,first_fit,5871,25,24,COMPLETED_STDOUT_ORDER_PLUS_PINNED_NATIVE_LOOP
RES8,59,first_fit,5872,25,24,COMPLETED_STDOUT_ORDER_PLUS_PINNED_NATIVE_LOOP
RES8,59,first_fit,5873,25,24,COMPLETED_STDOUT_ORDER_PLUS_PINNED_NATIVE_LOOP
RES8,59,first_fit,5874,25,24,COMPLETED_STDOUT_ORDER_PLUS_PINNED_NATIVE_LOOP
RES8,59,first_fit,5875,25,24,COMPLETED_STDOUT_ORDER_PLUS_PINNED_NATIVE_LOOP
RES8,59,first_fit,5876,25,24,COMPLETED_STDOUT_ORDER_PLUS_PINNED_NATIVE_LOOP
RES8,59,first_fit,5877,25,24,COMPLETED_STDOUT_ORDER_PLUS_PINNED_NATIVE_LOOP
RES8,59,first_fit,5878,25,24,COMPLETED_STDOUT_ORDER_PLUS_PINNED_NATIVE_LOOP
RES8,59,first_fit,5879,25,24,COMPLETED_STDOUT_ORDER_PLUS_PINNED_NATIVE_LOOP
RES8,59,first_fit,5880,25,24,COMPLETED_STDOUT_ORDER_PLUS_PINNED_NATIVE_LOOP
RES8,59,first_fit,5881,25,24,COMPLETED_STDOUT_ORDER_PLUS_PINNED_NATIVE_LOOP
RES8,59,first_fit,5882,25,24,COMPLETED_STDOUT_ORDER_PLUS_PINNED_NATIVE_LOOP
RES8,59,first_fit,5883,25,24,COMPLETED_STDOUT_ORDER_PLUS_PINNED_NATIVE_LOOP
RES8,59,first_fit,5884,25,24,COMPLETED_STDOUT_ORDER_PLUS_PINNED_NATIVE_LOOP
RES8,59,first_fit,5885,25,24,COMPLETED_STDOUT_ORDER_PLUS_PINNED_NATIVE_LOOP
RES8,59,first_fit,5886,25,24,COMPLETED_STDOUT_ORDER_PLUS_PINNED_NATIVE_LOOP
RES8,59,first_fit,5887,25,24,COMPLETED_STDOUT_ORDER_PLUS_PINNED_NATIVE_LOOP
RES8,59,first_fit,5888,25,24,COMPLETED_STDOUT_ORDER_PLUS_PINNED_NATIVE_LOOP
RES8,59,first_fit,5889,25,24,COMPLETED_STDOUT_ORDER_PLUS_PINNED_NATIVE_LOOP
RES8,59,first_fit,5890,25,24,COMPLETED_STDOUT_ORDER_PLUS_PINNED_NATIVE_LOOP
RES8,59,first_fit,5891,25,24,COMPLETED_STDOUT_ORDER_PLUS_PINNED_NATIVE_LOOP
RES8,59,first_fit,5892,25,24,COMPLETED_STDOUT_ORDER_PLUS_PINNED_NATIVE_LOOP
RES8,59,first_fit,5893,25,24,COMPLETED_STDOUT_ORDER_PLUS_PINNED_NATIVE_LOOP
RES8,59,first_fit,5894,25,24,COMPLETED_STDOUT_ORDER_PLUS_PINNED_NATIVE_LOOP
RES8,59,first_fit,5895,25,24,COMPLETED_STDOUT_ORDER_PLUS_PINNED_NATIVE_LOOP
RES8,59,first_fit,5896,25,24,COMPLETED_STDOUT_ORDER_PLUS_PINNED_NATIVE_LOOP
RES8,59,first_fit,5897,25,24,COMPLETED_STDOUT_ORDER_PLUS_PINNED_NATIVE_LOOP
RES8,59,first_fit,5898,25,24,COMPLETED_STDOUT_ORDER_PLUS_PINNED_NATIVE_LOOP
RES8,59,first_fit,5899,25,24,COMPLETED_STDOUT_ORDER_PLUS_PINNED_NATIVE_LOOP
RES8,59,second_fit,5800,1,0,COMPLETED_STDOUT_ORDER_PLUS_PINNED_NATIVE_LOOP
RES8,59,second_fit,5801,1,0,COMPLETED_STDOUT_ORDER_PLUS_PINNED_NATIVE_LOOP
RES8,59,second_fit,5802,1,0,COMPLETED_STDOUT_ORDER_PLUS_PINNED_NATIVE_LOOP
RES8,59,second_fit,5803,25,24,COMPLETED_STDOUT_ORDER_PLUS_PINNED_NATIVE_LOOP
RES8,59,second_fit,5804,25,24,COMPLETED_STDOUT_ORDER_PLUS_PINNED_NATIVE_LOOP
RES8,59,second_fit,5805,1,0,COMPLETED_STDOUT_ORDER_PLUS_PINNED_NATIVE_LOOP
RES8,59,second_fit,5806,1,0,COMPLETED_STDOUT_ORDER_PLUS_PINNED_NATIVE_LOOP
RES8,59,second_fit,5807,1,0,COMPLETED_STDOUT_ORDER_PLUS_PINNED_NATIVE_LOOP
RES8,59,second_fit,5808,1,0,COMPLETED_STDOUT_ORDER_PLUS_PINNED_NATIVE_LOOP
RES8,59,second_fit,5809,1,0,COMPLETED_STDOUT_ORDER_PLUS_PINNED_NATIVE_LOOP
RES8,59,second_fit,5810,25,24,COMPLETED_STDOUT_ORDER_PLUS_PINNED_NATIVE_LOOP
RES8,59,second_fit,5811,1,0,COMPLETED_STDOUT_ORDER_PLUS_PINNED_NATIVE_LOOP
RES8,59,second_fit,5812,1,0,COMPLETED_STDOUT_ORDER_PLUS_PINNED_NATIVE_LOOP
RES8,59,second_fit,5813,1,0,COMPLETED_STDOUT_ORDER_PLUS_PINNED_NATIVE_LOOP
RES8,59,second_fit,5814,23,22,COMPLETED_STDOUT_ORDER_PLUS_PINNED_NATIVE_LOOP
RES8,59,second_fit,5815,25,24,COMPLETED_STDOUT_ORDER_PLUS_PINNED_NATIVE_LOOP
RES8,59,second_fit,5816,1,0,COMPLETED_STDOUT_ORDER_PLUS_PINNED_NATIVE_LOOP
RES8,59,second_fit,5817,1,0,COMPLETED_STDOUT_ORDER_PLUS_PINNED_NATIVE_LOOP
RES8,59,second_fit,5818,25,24,COMPLETED_STDOUT_ORDER_PLUS_PINNED_NATIVE_LOOP
RES8,59,second_fit,5819,1,0,COMPLETED_STDOUT_ORDER_PLUS_PINNED_NATIVE_LOOP
RES8,59,second_fit,5820,25,24,COMPLETED_STDOUT_ORDER_PLUS_PINNED_NATIVE_LOOP
RES8,59,second_fit,5821,1,0,COMPLETED_STDOUT_ORDER_PLUS_PINNED_NATIVE_LOOP
RES8,59,second_fit,5822,1,0,COMPLETED_STDOUT_ORDER_PLUS_PINNED_NATIVE_LOOP
RES8,59,second_fit,5823,25,24,COMPLETED_STDOUT_ORDER_PLUS_PINNED_NATIVE_LOOP
RES8,59,second_fit,5824,1,0,COMPLETED_STDOUT_ORDER_PLUS_PINNED_NATIVE_LOOP
RES8,59,second_fit,5825,1,0,COMPLETED_STDOUT_ORDER_PLUS_PINNED_NATIVE_LOOP
RES8,59,second_fit,5826,1,0,COMPLETED_STDOUT_ORDER_PLUS_PINNED_NATIVE_LOOP
RES8,59,second_fit,5827,1,0,COMPLETED_STDOUT_ORDER_PLUS_PINNED_NATIVE_LOOP
RES8,59,second_fit,5828,1,0,COMPLETED_STDOUT_ORDER_PLUS_PINNED_NATIVE_LOOP
RES8,59,second_fit,5829,25,24,COMPLETED_STDOUT_ORDER_PLUS_PINNED_NATIVE_LOOP
RES8,59,second_fit,5830,1,0,COMPLETED_STDOUT_ORDER_PLUS_PINNED_NATIVE_LOOP
RES8,59,second_fit,5831,1,0,COMPLETED_STDOUT_ORDER_PLUS_PINNED_NATIVE_LOOP
RES8,59,second_fit,5832,11,10,COMPLETED_STDOUT_ORDER_PLUS_PINNED_NATIVE_LOOP
RES8,59,second_fit,5833,1,0,COMPLETED_STDOUT_ORDER_PLUS_PINNED_NATIVE_LOOP
RES8,59,second_fit,5834,1,0,COMPLETED_STDOUT_ORDER_PLUS_PINNED_NATIVE_LOOP
RES8,59,second_fit,5835,1,0,COMPLETED_STDOUT_ORDER_PLUS_PINNED_NATIVE_LOOP
RES8,59,second_fit,5836,1,0,COMPLETED_STDOUT_ORDER_PLUS_PINNED_NATIVE_LOOP
RES8,59,second_fit,5837,1,0,COMPLETED_STDOUT_ORDER_PLUS_PINNED_NATIVE_LOOP
RES8,59,second_fit,5838,1,0,COMPLETED_STDOUT_ORDER_PLUS_PINNED_NATIVE_LOOP
RES8,59,second_fit,5839,1,0,COMPLETED_STDOUT_ORDER_PLUS_PINNED_NATIVE_LOOP
RES8,59,second_fit,5840,1,0,COMPLETED_STDOUT_ORDER_PLUS_PINNED_NATIVE_LOOP
RES8,59,second_fit,5841,1,0,COMPLETED_STDOUT_ORDER_PLUS_PINNED_NATIVE_LOOP
RES8,59,second_fit,5842,1,0,COMPLETED_STDOUT_ORDER_PLUS_PINNED_NATIVE_LOOP
RES8,59,second_fit,5843,1,0,COMPLETED_STDOUT_ORDER_PLUS_PINNED_NATIVE_LOOP
RES8,59,second_fit,5844,1,0,COMPLETED_STDOUT_ORDER_PLUS_PINNED_NATIVE_LOOP
RES8,59,second_fit,5845,1,0,COMPLETED_STDOUT_ORDER_PLUS_PINNED_NATIVE_LOOP
RES8,59,second_fit,5846,1,0,COMPLETED_STDOUT_ORDER_PLUS_PINNED_NATIVE_LOOP
RES8,59,second_fit,5847,25,24,COMPLETED_STDOUT_ORDER_PLUS_PINNED_NATIVE_LOOP
RES8,59,second_fit,5848,25,24,COMPLETED_STDOUT_ORDER_PLUS_PINNED_NATIVE_LOOP
RES8,59,second_fit,5849,1,0,COMPLETED_STDOUT_ORDER_PLUS_PINNED_NATIVE_LOOP
RES8,59,second_fit,5850,1,0,COMPLETED_STDOUT_ORDER_PLUS_PINNED_NATIVE_LOOP
RES8,59,second_fit,5851,1,0,COMPLETED_STDOUT_ORDER_PLUS_PINNED_NATIVE_LOOP
RES8,59,second_fit,5852,25,24,COMPLETED_STDOUT_ORDER_PLUS_PINNED_NATIVE_LOOP
RES8,59,second_fit,5853,1,0,COMPLETED_STDOUT_ORDER_PLUS_PINNED_NATIVE_LOOP
RES8,59,second_fit,5854,1,0,COMPLETED_STDOUT_ORDER_PLUS_PINNED_NATIVE_LOOP
RES8,59,second_fit,5855,1,0,COMPLETED_STDOUT_ORDER_PLUS_PINNED_NATIVE_LOOP
RES8,59,second_fit,5856,1,0,COMPLETED_STDOUT_ORDER_PLUS_PINNED_NATIVE_LOOP
RES8,59,second_fit,5857,1,0,COMPLETED_STDOUT_ORDER_PLUS_PINNED_NATIVE_LOOP
RES8,59,second_fit,5858,1,0,COMPLETED_STDOUT_ORDER_PLUS_PINNED_NATIVE_LOOP
RES8,59,second_fit,5859,1,0,COMPLETED_STDOUT_ORDER_PLUS_PINNED_NATIVE_LOOP
RES8,59,second_fit,5860,1,0,COMPLETED_STDOUT_ORDER_PLUS_PINNED_NATIVE_LOOP
RES8,59,second_fit,5861,1,0,COMPLETED_STDOUT_ORDER_PLUS_PINNED_NATIVE_LOOP
RES8,59,second_fit,5862,1,0,COMPLETED_STDOUT_ORDER_PLUS_PINNED_NATIVE_LOOP
RES8,59,second_fit,5863,25,24,COMPLETED_STDOUT_ORDER_PLUS_PINNED_NATIVE_LOOP
RES8,59,second_fit,5864,25,24,COMPLETED_STDOUT_ORDER_PLUS_PINNED_NATIVE_LOOP
RES8,59,second_fit,5865,1,0,COMPLETED_STDOUT_ORDER_PLUS_PINNED_NATIVE_LOOP
RES8,59,second_fit,5866,25,24,COMPLETED_STDOUT_ORDER_PLUS_PINNED_NATIVE_LOOP
RES8,59,second_fit,5867,1,0,COMPLETED_STDOUT_ORDER_PLUS_PINNED_NATIVE_LOOP
RES8,59,second_fit,5868,1,0,COMPLETED_STDOUT_ORDER_PLUS_PINNED_NATIVE_LOOP
RES8,59,second_fit,5869,1,0,COMPLETED_STDOUT_ORDER_PLUS_PINNED_NATIVE_LOOP
RES8,59,second_fit,5870,25,24,COMPLETED_STDOUT_ORDER_PLUS_PINNED_NATIVE_LOOP
RES8,59,second_fit,5871,1,0,COMPLETED_STDOUT_ORDER_PLUS_PINNED_NATIVE_LOOP
RES8,59,second_fit,5872,1,0,COMPLETED_STDOUT_ORDER_PLUS_PINNED_NATIVE_LOOP
RES8,59,second_fit,5873,1,0,COMPLETED_STDOUT_ORDER_PLUS_PINNED_NATIVE_LOOP
RES8,59,second_fit,5874,1,0,COMPLETED_STDOUT_ORDER_PLUS_PINNED_NATIVE_LOOP
RES8,59,second_fit,5875,1,0,COMPLETED_STDOUT_ORDER_PLUS_PINNED_NATIVE_LOOP
RES8,59,second_fit,5876,1,0,COMPLETED_STDOUT_ORDER_PLUS_PINNED_NATIVE_LOOP
RES8,59,second_fit,5877,1,0,COMPLETED_STDOUT_ORDER_PLUS_PINNED_NATIVE_LOOP
RES8,59,second_fit,5878,1,0,COMPLETED_STDOUT_ORDER_PLUS_PINNED_NATIVE_LOOP
RES8,59,second_fit,5879,1,0,COMPLETED_STDOUT_ORDER_PLUS_PINNED_NATIVE_LOOP
RES8,59,second_fit,5880,1,0,COMPLETED_STDOUT_ORDER_PLUS_PINNED_NATIVE_LOOP
RES8,59,second_fit,5881,1,0,COMPLETED_STDOUT_ORDER_PLUS_PINNED_NATIVE_LOOP
RES8,59,second_fit,5882,1,0,COMPLETED_STDOUT_ORDER_PLUS_PINNED_NATIVE_LOOP
RES8,59,second_fit,5883,1,0,COMPLETED_STDOUT_ORDER_PLUS_PINNED_NATIVE_LOOP
RES8,59,second_fit,5884,1,0,COMPLETED_STDOUT_ORDER_PLUS_PINNED_NATIVE_LOOP
RES8,59,second_fit,5885,1,0,COMPLETED_STDOUT_ORDER_PLUS_PINNED_NATIVE_LOOP
RES8,59,second_fit,5886,1,0,COMPLETED_STDOUT_ORDER_PLUS_PINNED_NATIVE_LOOP
RES8,59,second_fit,5887,1,0,COMPLETED_STDOUT_ORDER_PLUS_PINNED_NATIVE_LOOP
RES8,59,second_fit,5888,1,0,COMPLETED_STDOUT_ORDER_PLUS_PINNED_NATIVE_LOOP
RES8,59,second_fit,5889,1,0,COMPLETED_STDOUT_ORDER_PLUS_PINNED_NATIVE_LOOP
RES8,59,second_fit,5890,1,0,COMPLETED_STDOUT_ORDER_PLUS_PINNED_NATIVE_LOOP
RES8,59,second_fit,5891,1,0,COMPLETED_STDOUT_ORDER_PLUS_PINNED_NATIVE_LOOP
RES8,59,second_fit,5892,1,0,COMPLETED_STDOUT_ORDER_PLUS_PINNED_NATIVE_LOOP
RES8,59,second_fit,5893,1,0,COMPLETED_STDOUT_ORDER_PLUS_PINNED_NATIVE_LOOP
RES8,59,second_fit,5894,1,0,COMPLETED_STDOUT_ORDER_PLUS_PINNED_NATIVE_LOOP
RES8,59,second_fit,5895,1,0,COMPLETED_STDOUT_ORDER_PLUS_PINNED_NATIVE_LOOP
RES8,59,second_fit,5896,25,24,COMPLETED_STDOUT_ORDER_PLUS_PINNED_NATIVE_LOOP
RES8,59,second_fit,5897,25,24,COMPLETED_STDOUT_ORDER_PLUS_PINNED_NATIVE_LOOP
RES8,59,second_fit,5898,1,0,COMPLETED_STDOUT_ORDER_PLUS_PINNED_NATIVE_LOOP
RES8,59,second_fit,5899,1,0,COMPLETED_STDOUT_ORDER_PLUS_PINNED_NATIVE_LOOP
RES8,60,first_fit,5900,25,24,COMPLETED_STDOUT_ORDER_PLUS_PINNED_NATIVE_LOOP
RES8,60,first_fit,5901,25,24,COMPLETED_STDOUT_ORDER_PLUS_PINNED_NATIVE_LOOP
RES8,60,first_fit,5902,25,24,COMPLETED_STDOUT_ORDER_PLUS_PINNED_NATIVE_LOOP
RES8,60,first_fit,5903,25,24,COMPLETED_STDOUT_ORDER_PLUS_PINNED_NATIVE_LOOP
RES8,60,first_fit,5904,25,24,COMPLETED_STDOUT_ORDER_PLUS_PINNED_NATIVE_LOOP
RES8,60,first_fit,5905,25,24,COMPLETED_STDOUT_ORDER_PLUS_PINNED_NATIVE_LOOP
RES8,60,first_fit,5906,25,24,COMPLETED_STDOUT_ORDER_PLUS_PINNED_NATIVE_LOOP
RES8,60,first_fit,5907,25,24,COMPLETED_STDOUT_ORDER_PLUS_PINNED_NATIVE_LOOP
RES8,60,first_fit,5908,25,24,COMPLETED_STDOUT_ORDER_PLUS_PINNED_NATIVE_LOOP
RES8,60,first_fit,5909,25,24,COMPLETED_STDOUT_ORDER_PLUS_PINNED_NATIVE_LOOP
RES8,60,first_fit,5910,25,24,COMPLETED_STDOUT_ORDER_PLUS_PINNED_NATIVE_LOOP
RES8,60,first_fit,5911,25,24,COMPLETED_STDOUT_ORDER_PLUS_PINNED_NATIVE_LOOP
RES8,60,first_fit,5912,25,24,COMPLETED_STDOUT_ORDER_PLUS_PINNED_NATIVE_LOOP
RES8,60,first_fit,5913,25,24,COMPLETED_STDOUT_ORDER_PLUS_PINNED_NATIVE_LOOP
RES8,60,first_fit,5914,25,24,COMPLETED_STDOUT_ORDER_PLUS_PINNED_NATIVE_LOOP
RES8,60,first_fit,5915,25,24,COMPLETED_STDOUT_ORDER_PLUS_PINNED_NATIVE_LOOP
RES8,60,first_fit,5916,25,24,COMPLETED_STDOUT_ORDER_PLUS_PINNED_NATIVE_LOOP
RES8,60,first_fit,5917,25,24,COMPLETED_STDOUT_ORDER_PLUS_PINNED_NATIVE_LOOP
RES8,60,first_fit,5918,25,24,COMPLETED_STDOUT_ORDER_PLUS_PINNED_NATIVE_LOOP
RES8,60,first_fit,5919,25,24,COMPLETED_STDOUT_ORDER_PLUS_PINNED_NATIVE_LOOP
RES8,60,first_fit,5920,25,24,COMPLETED_STDOUT_ORDER_PLUS_PINNED_NATIVE_LOOP
RES8,60,first_fit,5921,25,24,COMPLETED_STDOUT_ORDER_PLUS_PINNED_NATIVE_LOOP
RES8,60,first_fit,5922,25,24,COMPLETED_STDOUT_ORDER_PLUS_PINNED_NATIVE_LOOP
RES8,60,first_fit,5923,25,24,COMPLETED_STDOUT_ORDER_PLUS_PINNED_NATIVE_LOOP
RES8,60,first_fit,5924,25,24,COMPLETED_STDOUT_ORDER_PLUS_PINNED_NATIVE_LOOP
RES8,60,first_fit,5925,25,24,COMPLETED_STDOUT_ORDER_PLUS_PINNED_NATIVE_LOOP
RES8,60,first_fit,5926,25,24,COMPLETED_STDOUT_ORDER_PLUS_PINNED_NATIVE_LOOP
RES8,60,first_fit,5927,25,24,COMPLETED_STDOUT_ORDER_PLUS_PINNED_NATIVE_LOOP
RES8,60,first_fit,5928,25,24,COMPLETED_STDOUT_ORDER_PLUS_PINNED_NATIVE_LOOP
RES8,60,first_fit,5929,25,24,COMPLETED_STDOUT_ORDER_PLUS_PINNED_NATIVE_LOOP
RES8,60,first_fit,5930,25,24,COMPLETED_STDOUT_ORDER_PLUS_PINNED_NATIVE_LOOP
RES8,60,first_fit,5931,25,24,COMPLETED_STDOUT_ORDER_PLUS_PINNED_NATIVE_LOOP
RES8,60,first_fit,5932,25,24,COMPLETED_STDOUT_ORDER_PLUS_PINNED_NATIVE_LOOP
RES8,60,first_fit,5933,25,24,COMPLETED_STDOUT_ORDER_PLUS_PINNED_NATIVE_LOOP
RES8,60,first_fit,5934,25,24,COMPLETED_STDOUT_ORDER_PLUS_PINNED_NATIVE_LOOP
RES8,60,first_fit,5935,25,24,COMPLETED_STDOUT_ORDER_PLUS_PINNED_NATIVE_LOOP
RES8,60,first_fit,5936,25,24,COMPLETED_STDOUT_ORDER_PLUS_PINNED_NATIVE_LOOP
RES8,60,first_fit,5937,25,24,COMPLETED_STDOUT_ORDER_PLUS_PINNED_NATIVE_LOOP
RES8,60,first_fit,5938,25,24,COMPLETED_STDOUT_ORDER_PLUS_PINNED_NATIVE_LOOP
RES8,60,first_fit,5939,25,24,COMPLETED_STDOUT_ORDER_PLUS_PINNED_NATIVE_LOOP
RES8,60,first_fit,5940,25,24,COMPLETED_STDOUT_ORDER_PLUS_PINNED_NATIVE_LOOP
RES8,60,first_fit,5941,25,24,COMPLETED_STDOUT_ORDER_PLUS_PINNED_NATIVE_LOOP
RES8,60,first_fit,5942,25,24,COMPLETED_STDOUT_ORDER_PLUS_PINNED_NATIVE_LOOP
RES8,60,first_fit,5943,25,24,COMPLETED_STDOUT_ORDER_PLUS_PINNED_NATIVE_LOOP
RES8,60,first_fit,5944,25,24,COMPLETED_STDOUT_ORDER_PLUS_PINNED_NATIVE_LOOP
RES8,60,first_fit,5945,25,24,COMPLETED_STDOUT_ORDER_PLUS_PINNED_NATIVE_LOOP
RES8,60,first_fit,5946,25,24,COMPLETED_STDOUT_ORDER_PLUS_PINNED_NATIVE_LOOP
RES8,60,first_fit,5947,25,24,COMPLETED_STDOUT_ORDER_PLUS_PINNED_NATIVE_LOOP
RES8,60,first_fit,5948,25,24,COMPLETED_STDOUT_ORDER_PLUS_PINNED_NATIVE_LOOP
RES8,60,first_fit,5949,25,24,COMPLETED_STDOUT_ORDER_PLUS_PINNED_NATIVE_LOOP
RES8,60,first_fit,5950,25,24,COMPLETED_STDOUT_ORDER_PLUS_PINNED_NATIVE_LOOP
RES8,60,first_fit,5951,25,24,COMPLETED_STDOUT_ORDER_PLUS_PINNED_NATIVE_LOOP
RES8,60,first_fit,5952,25,24,COMPLETED_STDOUT_ORDER_PLUS_PINNED_NATIVE_LOOP
RES8,60,first_fit,5953,25,24,COMPLETED_STDOUT_ORDER_PLUS_PINNED_NATIVE_LOOP
RES8,60,first_fit,5954,25,24,COMPLETED_STDOUT_ORDER_PLUS_PINNED_NATIVE_LOOP
RES8,60,first_fit,5955,25,24,COMPLETED_STDOUT_ORDER_PLUS_PINNED_NATIVE_LOOP
RES8,60,first_fit,5956,25,24,COMPLETED_STDOUT_ORDER_PLUS_PINNED_NATIVE_LOOP
RES8,60,first_fit,5957,25,24,COMPLETED_STDOUT_ORDER_PLUS_PINNED_NATIVE_LOOP
RES8,60,first_fit,5958,25,24,COMPLETED_STDOUT_ORDER_PLUS_PINNED_NATIVE_LOOP
RES8,60,first_fit,5959,25,24,COMPLETED_STDOUT_ORDER_PLUS_PINNED_NATIVE_LOOP
RES8,60,first_fit,5960,25,24,COMPLETED_STDOUT_ORDER_PLUS_PINNED_NATIVE_LOOP
RES8,60,first_fit,5961,25,24,COMPLETED_STDOUT_ORDER_PLUS_PINNED_NATIVE_LOOP
RES8,60,first_fit,5962,25,24,COMPLETED_STDOUT_ORDER_PLUS_PINNED_NATIVE_LOOP
RES8,60,first_fit,5963,25,24,COMPLETED_STDOUT_ORDER_PLUS_PINNED_NATIVE_LOOP
RES8,60,first_fit,5964,25,24,COMPLETED_STDOUT_ORDER_PLUS_PINNED_NATIVE_LOOP
RES8,60,first_fit,5965,25,24,COMPLETED_STDOUT_ORDER_PLUS_PINNED_NATIVE_LOOP
RES8,60,first_fit,5966,25,24,COMPLETED_STDOUT_ORDER_PLUS_PINNED_NATIVE_LOOP
RES8,60,first_fit,5967,25,24,COMPLETED_STDOUT_ORDER_PLUS_PINNED_NATIVE_LOOP
RES8,60,first_fit,5968,25,24,COMPLETED_STDOUT_ORDER_PLUS_PINNED_NATIVE_LOOP
RES8,60,first_fit,5969,25,24,COMPLETED_STDOUT_ORDER_PLUS_PINNED_NATIVE_LOOP
RES8,60,first_fit,5970,25,24,COMPLETED_STDOUT_ORDER_PLUS_PINNED_NATIVE_LOOP
RES8,60,first_fit,5971,25,24,COMPLETED_STDOUT_ORDER_PLUS_PINNED_NATIVE_LOOP
RES8,60,first_fit,5972,25,24,COMPLETED_STDOUT_ORDER_PLUS_PINNED_NATIVE_LOOP
RES8,60,first_fit,5973,25,24,COMPLETED_STDOUT_ORDER_PLUS_PINNED_NATIVE_LOOP
RES8,60,first_fit,5974,25,24,COMPLETED_STDOUT_ORDER_PLUS_PINNED_NATIVE_LOOP
RES8,60,first_fit,5975,25,24,COMPLETED_STDOUT_ORDER_PLUS_PINNED_NATIVE_LOOP
RES8,60,first_fit,5976,25,24,COMPLETED_STDOUT_ORDER_PLUS_PINNED_NATIVE_LOOP
RES8,60,first_fit,5977,25,24,COMPLETED_STDOUT_ORDER_PLUS_PINNED_NATIVE_LOOP
RES8,60,first_fit,5978,25,24,COMPLETED_STDOUT_ORDER_PLUS_PINNED_NATIVE_LOOP
RES8,60,first_fit,5979,25,24,COMPLETED_STDOUT_ORDER_PLUS_PINNED_NATIVE_LOOP
RES8,60,first_fit,5980,25,24,COMPLETED_STDOUT_ORDER_PLUS_PINNED_NATIVE_LOOP
RES8,60,first_fit,5981,25,24,COMPLETED_STDOUT_ORDER_PLUS_PINNED_NATIVE_LOOP
RES8,60,first_fit,5982,25,24,COMPLETED_STDOUT_ORDER_PLUS_PINNED_NATIVE_LOOP
RES8,60,first_fit,5983,25,24,COMPLETED_STDOUT_ORDER_PLUS_PINNED_NATIVE_LOOP
RES8,60,first_fit,5984,25,24,COMPLETED_STDOUT_ORDER_PLUS_PINNED_NATIVE_LOOP
RES8,60,first_fit,5985,25,24,COMPLETED_STDOUT_ORDER_PLUS_PINNED_NATIVE_LOOP
RES8,60,first_fit,5986,25,24,COMPLETED_STDOUT_ORDER_PLUS_PINNED_NATIVE_LOOP
RES8,60,first_fit,5987,25,24,COMPLETED_STDOUT_ORDER_PLUS_PINNED_NATIVE_LOOP
RES8,60,first_fit,5988,25,24,COMPLETED_STDOUT_ORDER_PLUS_PINNED_NATIVE_LOOP
RES8,60,first_fit,5989,25,24,COMPLETED_STDOUT_ORDER_PLUS_PINNED_NATIVE_LOOP
RES8,60,first_fit,5990,25,24,COMPLETED_STDOUT_ORDER_PLUS_PINNED_NATIVE_LOOP
RES8,60,first_fit,5991,25,24,COMPLETED_STDOUT_ORDER_PLUS_PINNED_NATIVE_LOOP
RES8,60,first_fit,5992,25,24,COMPLETED_STDOUT_ORDER_PLUS_PINNED_NATIVE_LOOP
RES8,60,first_fit,5993,25,24,COMPLETED_STDOUT_ORDER_PLUS_PINNED_NATIVE_LOOP
RES8,60,first_fit,5994,25,24,COMPLETED_STDOUT_ORDER_PLUS_PINNED_NATIVE_LOOP
RES8,60,first_fit,5995,25,24,COMPLETED_STDOUT_ORDER_PLUS_PINNED_NATIVE_LOOP
RES8,60,first_fit,5996,25,24,COMPLETED_STDOUT_ORDER_PLUS_PINNED_NATIVE_LOOP
RES8,60,first_fit,5997,25,24,COMPLETED_STDOUT_ORDER_PLUS_PINNED_NATIVE_LOOP
RES8,60,first_fit,5998,25,24,COMPLETED_STDOUT_ORDER_PLUS_PINNED_NATIVE_LOOP
RES8,60,first_fit,5999,25,24,COMPLETED_STDOUT_ORDER_PLUS_PINNED_NATIVE_LOOP
RES8,60,second_fit,5900,1,0,COMPLETED_STDOUT_ORDER_PLUS_PINNED_NATIVE_LOOP
RES8,60,second_fit,5901,1,0,COMPLETED_STDOUT_ORDER_PLUS_PINNED_NATIVE_LOOP
RES8,60,second_fit,5902,1,0,COMPLETED_STDOUT_ORDER_PLUS_PINNED_NATIVE_LOOP
RES8,60,second_fit,5903,1,0,COMPLETED_STDOUT_ORDER_PLUS_PINNED_NATIVE_LOOP
RES8,60,second_fit,5904,1,0,COMPLETED_STDOUT_ORDER_PLUS_PINNED_NATIVE_LOOP
RES8,60,second_fit,5905,1,0,COMPLETED_STDOUT_ORDER_PLUS_PINNED_NATIVE_LOOP
RES8,60,second_fit,5906,1,0,COMPLETED_STDOUT_ORDER_PLUS_PINNED_NATIVE_LOOP
RES8,60,second_fit,5907,1,0,COMPLETED_STDOUT_ORDER_PLUS_PINNED_NATIVE_LOOP
RES8,60,second_fit,5908,1,0,COMPLETED_STDOUT_ORDER_PLUS_PINNED_NATIVE_LOOP
RES8,60,second_fit,5909,1,0,COMPLETED_STDOUT_ORDER_PLUS_PINNED_NATIVE_LOOP
RES8,60,second_fit,5910,1,0,COMPLETED_STDOUT_ORDER_PLUS_PINNED_NATIVE_LOOP
RES8,60,second_fit,5911,1,0,COMPLETED_STDOUT_ORDER_PLUS_PINNED_NATIVE_LOOP
RES8,60,second_fit,5912,1,0,COMPLETED_STDOUT_ORDER_PLUS_PINNED_NATIVE_LOOP
RES8,60,second_fit,5913,1,0,COMPLETED_STDOUT_ORDER_PLUS_PINNED_NATIVE_LOOP
RES8,60,second_fit,5914,1,0,COMPLETED_STDOUT_ORDER_PLUS_PINNED_NATIVE_LOOP
RES8,60,second_fit,5915,25,24,COMPLETED_STDOUT_ORDER_PLUS_PINNED_NATIVE_LOOP
RES8,60,second_fit,5916,1,0,COMPLETED_STDOUT_ORDER_PLUS_PINNED_NATIVE_LOOP
RES8,60,second_fit,5917,13,12,COMPLETED_STDOUT_ORDER_PLUS_PINNED_NATIVE_LOOP
RES8,60,second_fit,5918,1,0,COMPLETED_STDOUT_ORDER_PLUS_PINNED_NATIVE_LOOP
RES8,60,second_fit,5919,1,0,COMPLETED_STDOUT_ORDER_PLUS_PINNED_NATIVE_LOOP
RES8,60,second_fit,5920,1,0,COMPLETED_STDOUT_ORDER_PLUS_PINNED_NATIVE_LOOP
RES8,60,second_fit,5921,25,24,COMPLETED_STDOUT_ORDER_PLUS_PINNED_NATIVE_LOOP
RES8,60,second_fit,5922,1,0,COMPLETED_STDOUT_ORDER_PLUS_PINNED_NATIVE_LOOP
RES8,60,second_fit,5923,1,0,COMPLETED_STDOUT_ORDER_PLUS_PINNED_NATIVE_LOOP
RES8,60,second_fit,5924,1,0,COMPLETED_STDOUT_ORDER_PLUS_PINNED_NATIVE_LOOP
RES8,60,second_fit,5925,1,0,COMPLETED_STDOUT_ORDER_PLUS_PINNED_NATIVE_LOOP
RES8,60,second_fit,5926,1,0,COMPLETED_STDOUT_ORDER_PLUS_PINNED_NATIVE_LOOP
RES8,60,second_fit,5927,1,0,COMPLETED_STDOUT_ORDER_PLUS_PINNED_NATIVE_LOOP
RES8,60,second_fit,5928,1,0,COMPLETED_STDOUT_ORDER_PLUS_PINNED_NATIVE_LOOP
RES8,60,second_fit,5929,25,24,COMPLETED_STDOUT_ORDER_PLUS_PINNED_NATIVE_LOOP
RES8,60,second_fit,5930,1,0,COMPLETED_STDOUT_ORDER_PLUS_PINNED_NATIVE_LOOP
RES8,60,second_fit,5931,1,0,COMPLETED_STDOUT_ORDER_PLUS_PINNED_NATIVE_LOOP
RES8,60,second_fit,5932,1,0,COMPLETED_STDOUT_ORDER_PLUS_PINNED_NATIVE_LOOP
RES8,60,second_fit,5933,25,24,COMPLETED_STDOUT_ORDER_PLUS_PINNED_NATIVE_LOOP
RES8,60,second_fit,5934,1,0,COMPLETED_STDOUT_ORDER_PLUS_PINNED_NATIVE_LOOP
RES8,60,second_fit,5935,1,0,COMPLETED_STDOUT_ORDER_PLUS_PINNED_NATIVE_LOOP
RES8,60,second_fit,5936,1,0,COMPLETED_STDOUT_ORDER_PLUS_PINNED_NATIVE_LOOP
RES8,60,second_fit,5937,1,0,COMPLETED_STDOUT_ORDER_PLUS_PINNED_NATIVE_LOOP
RES8,60,second_fit,5938,1,0,COMPLETED_STDOUT_ORDER_PLUS_PINNED_NATIVE_LOOP
RES8,60,second_fit,5939,1,0,COMPLETED_STDOUT_ORDER_PLUS_PINNED_NATIVE_LOOP
RES8,60,second_fit,5940,1,0,COMPLETED_STDOUT_ORDER_PLUS_PINNED_NATIVE_LOOP
RES8,60,second_fit,5941,1,0,COMPLETED_STDOUT_ORDER_PLUS_PINNED_NATIVE_LOOP
RES8,60,second_fit,5942,1,0,COMPLETED_STDOUT_ORDER_PLUS_PINNED_NATIVE_LOOP
RES8,60,second_fit,5943,1,0,COMPLETED_STDOUT_ORDER_PLUS_PINNED_NATIVE_LOOP
RES8,60,second_fit,5944,1,0,COMPLETED_STDOUT_ORDER_PLUS_PINNED_NATIVE_LOOP
RES8,60,second_fit,5945,1,0,COMPLETED_STDOUT_ORDER_PLUS_PINNED_NATIVE_LOOP
RES8,60,second_fit,5946,1,0,COMPLETED_STDOUT_ORDER_PLUS_PINNED_NATIVE_LOOP
RES8,60,second_fit,5947,1,0,COMPLETED_STDOUT_ORDER_PLUS_PINNED_NATIVE_LOOP
RES8,60,second_fit,5948,25,24,COMPLETED_STDOUT_ORDER_PLUS_PINNED_NATIVE_LOOP
RES8,60,second_fit,5949,25,24,COMPLETED_STDOUT_ORDER_PLUS_PINNED_NATIVE_LOOP
RES8,60,second_fit,5950,1,0,COMPLETED_STDOUT_ORDER_PLUS_PINNED_NATIVE_LOOP
RES8,60,second_fit,5951,1,0,COMPLETED_STDOUT_ORDER_PLUS_PINNED_NATIVE_LOOP
RES8,60,second_fit,5952,1,0,COMPLETED_STDOUT_ORDER_PLUS_PINNED_NATIVE_LOOP
RES8,60,second_fit,5953,25,24,COMPLETED_STDOUT_ORDER_PLUS_PINNED_NATIVE_LOOP
RES8,60,second_fit,5954,1,0,COMPLETED_STDOUT_ORDER_PLUS_PINNED_NATIVE_LOOP
RES8,60,second_fit,5955,1,0,COMPLETED_STDOUT_ORDER_PLUS_PINNED_NATIVE_LOOP
RES8,60,second_fit,5956,1,0,COMPLETED_STDOUT_ORDER_PLUS_PINNED_NATIVE_LOOP
RES8,60,second_fit,5957,1,0,COMPLETED_STDOUT_ORDER_PLUS_PINNED_NATIVE_LOOP
RES8,60,second_fit,5958,1,0,COMPLETED_STDOUT_ORDER_PLUS_PINNED_NATIVE_LOOP
RES8,60,second_fit,5959,1,0,COMPLETED_STDOUT_ORDER_PLUS_PINNED_NATIVE_LOOP
RES8,60,second_fit,5960,1,0,COMPLETED_STDOUT_ORDER_PLUS_PINNED_NATIVE_LOOP
RES8,60,second_fit,5961,1,0,COMPLETED_STDOUT_ORDER_PLUS_PINNED_NATIVE_LOOP
RES8,60,second_fit,5962,1,0,COMPLETED_STDOUT_ORDER_PLUS_PINNED_NATIVE_LOOP
RES8,60,second_fit,5963,1,0,COMPLETED_STDOUT_ORDER_PLUS_PINNED_NATIVE_LOOP
RES8,60,second_fit,5964,1,0,COMPLETED_STDOUT_ORDER_PLUS_PINNED_NATIVE_LOOP
RES8,60,second_fit,5965,1,0,COMPLETED_STDOUT_ORDER_PLUS_PINNED_NATIVE_LOOP
RES8,60,second_fit,5966,1,0,COMPLETED_STDOUT_ORDER_PLUS_PINNED_NATIVE_LOOP
RES8,60,second_fit,5967,1,0,COMPLETED_STDOUT_ORDER_PLUS_PINNED_NATIVE_LOOP
RES8,60,second_fit,5968,1,0,COMPLETED_STDOUT_ORDER_PLUS_PINNED_NATIVE_LOOP
RES8,60,second_fit,5969,1,0,COMPLETED_STDOUT_ORDER_PLUS_PINNED_NATIVE_LOOP
RES8,60,second_fit,5970,1,0,COMPLETED_STDOUT_ORDER_PLUS_PINNED_NATIVE_LOOP
RES8,60,second_fit,5971,1,0,COMPLETED_STDOUT_ORDER_PLUS_PINNED_NATIVE_LOOP
RES8,60,second_fit,5972,1,0,COMPLETED_STDOUT_ORDER_PLUS_PINNED_NATIVE_LOOP
RES8,60,second_fit,5973,1,0,COMPLETED_STDOUT_ORDER_PLUS_PINNED_NATIVE_LOOP
RES8,60,second_fit,5974,1,0,COMPLETED_STDOUT_ORDER_PLUS_PINNED_NATIVE_LOOP
RES8,60,second_fit,5975,25,24,COMPLETED_STDOUT_ORDER_PLUS_PINNED_NATIVE_LOOP
RES8,60,second_fit,5976,25,24,COMPLETED_STDOUT_ORDER_PLUS_PINNED_NATIVE_LOOP
RES8,60,second_fit,5977,1,0,COMPLETED_STDOUT_ORDER_PLUS_PINNED_NATIVE_LOOP
RES8,60,second_fit,5978,25,24,COMPLETED_STDOUT_ORDER_PLUS_PINNED_NATIVE_LOOP
RES8,60,second_fit,5979,25,24,COMPLETED_STDOUT_ORDER_PLUS_PINNED_NATIVE_LOOP
RES8,60,second_fit,5980,1,0,COMPLETED_STDOUT_ORDER_PLUS_PINNED_NATIVE_LOOP
RES8,60,second_fit,5981,25,24,COMPLETED_STDOUT_ORDER_PLUS_PINNED_NATIVE_LOOP
RES8,60,second_fit,5982,1,0,COMPLETED_STDOUT_ORDER_PLUS_PINNED_NATIVE_LOOP
RES8,60,second_fit,5983,1,0,COMPLETED_STDOUT_ORDER_PLUS_PINNED_NATIVE_LOOP
RES8,60,second_fit,5984,1,0,COMPLETED_STDOUT_ORDER_PLUS_PINNED_NATIVE_LOOP
RES8,60,second_fit,5985,1,0,COMPLETED_STDOUT_ORDER_PLUS_PINNED_NATIVE_LOOP
RES8,60,second_fit,5986,1,0,COMPLETED_STDOUT_ORDER_PLUS_PINNED_NATIVE_LOOP
RES8,60,second_fit,5987,1,0,COMPLETED_STDOUT_ORDER_PLUS_PINNED_NATIVE_LOOP
RES8,60,second_fit,5988,1,0,COMPLETED_STDOUT_ORDER_PLUS_PINNED_NATIVE_LOOP
RES8,60,second_fit,5989,1,0,COMPLETED_STDOUT_ORDER_PLUS_PINNED_NATIVE_LOOP
RES8,60,second_fit,5990,1,0,COMPLETED_STDOUT_ORDER_PLUS_PINNED_NATIVE_LOOP
RES8,60,second_fit,5991,1,0,COMPLETED_STDOUT_ORDER_PLUS_PINNED_NATIVE_LOOP
RES8,60,second_fit,5992,1,0,COMPLETED_STDOUT_ORDER_PLUS_PINNED_NATIVE_LOOP
RES8,60,second_fit,5993,25,24,COMPLETED_STDOUT_ORDER_PLUS_PINNED_NATIVE_LOOP
RES8,60,second_fit,5994,1,0,COMPLETED_STDOUT_ORDER_PLUS_PINNED_NATIVE_LOOP
RES8,60,second_fit,5995,1,0,COMPLETED_STDOUT_ORDER_PLUS_PINNED_NATIVE_LOOP
RES8,60,second_fit,5996,1,0,COMPLETED_STDOUT_ORDER_PLUS_PINNED_NATIVE_LOOP
RES8,60,second_fit,5997,1,0,COMPLETED_STDOUT_ORDER_PLUS_PINNED_NATIVE_LOOP
RES8,60,second_fit,5998,1,0,COMPLETED_STDOUT_ORDER_PLUS_PINNED_NATIVE_LOOP
RES8,60,second_fit,5999,1,0,COMPLETED_STDOUT_ORDER_PLUS_PINNED_NATIVE_LOOP
S875,51,first_fit,5000,25,24,COMPLETED_STDOUT_ORDER_PLUS_PINNED_NATIVE_LOOP
S875,51,first_fit,5001,25,24,COMPLETED_STDOUT_ORDER_PLUS_PINNED_NATIVE_LOOP
S875,51,first_fit,5002,25,24,COMPLETED_STDOUT_ORDER_PLUS_PINNED_NATIVE_LOOP
S875,51,first_fit,5003,25,24,COMPLETED_STDOUT_ORDER_PLUS_PINNED_NATIVE_LOOP
S875,51,first_fit,5004,25,24,COMPLETED_STDOUT_ORDER_PLUS_PINNED_NATIVE_LOOP
S875,51,first_fit,5005,25,24,COMPLETED_STDOUT_ORDER_PLUS_PINNED_NATIVE_LOOP
S875,51,first_fit,5006,25,24,COMPLETED_STDOUT_ORDER_PLUS_PINNED_NATIVE_LOOP
S875,51,first_fit,5007,25,24,COMPLETED_STDOUT_ORDER_PLUS_PINNED_NATIVE_LOOP
S875,51,first_fit,5008,25,24,COMPLETED_STDOUT_ORDER_PLUS_PINNED_NATIVE_LOOP
S875,51,first_fit,5009,25,24,COMPLETED_STDOUT_ORDER_PLUS_PINNED_NATIVE_LOOP
S875,51,first_fit,5010,25,24,COMPLETED_STDOUT_ORDER_PLUS_PINNED_NATIVE_LOOP
S875,51,first_fit,5011,25,24,COMPLETED_STDOUT_ORDER_PLUS_PINNED_NATIVE_LOOP
S875,51,first_fit,5012,25,24,COMPLETED_STDOUT_ORDER_PLUS_PINNED_NATIVE_LOOP
S875,51,first_fit,5013,25,24,COMPLETED_STDOUT_ORDER_PLUS_PINNED_NATIVE_LOOP
S875,51,first_fit,5014,25,24,COMPLETED_STDOUT_ORDER_PLUS_PINNED_NATIVE_LOOP
S875,51,first_fit,5015,25,24,COMPLETED_STDOUT_ORDER_PLUS_PINNED_NATIVE_LOOP
S875,51,first_fit,5016,25,24,COMPLETED_STDOUT_ORDER_PLUS_PINNED_NATIVE_LOOP
S875,51,first_fit,5017,25,24,COMPLETED_STDOUT_ORDER_PLUS_PINNED_NATIVE_LOOP
S875,51,first_fit,5018,25,24,COMPLETED_STDOUT_ORDER_PLUS_PINNED_NATIVE_LOOP
S875,51,first_fit,5019,25,24,COMPLETED_STDOUT_ORDER_PLUS_PINNED_NATIVE_LOOP
S875,51,first_fit,5020,25,24,COMPLETED_STDOUT_ORDER_PLUS_PINNED_NATIVE_LOOP
S875,51,first_fit,5021,25,24,COMPLETED_STDOUT_ORDER_PLUS_PINNED_NATIVE_LOOP
S875,51,first_fit,5022,25,24,COMPLETED_STDOUT_ORDER_PLUS_PINNED_NATIVE_LOOP
S875,51,first_fit,5023,25,24,COMPLETED_STDOUT_ORDER_PLUS_PINNED_NATIVE_LOOP
S875,51,first_fit,5024,25,24,COMPLETED_STDOUT_ORDER_PLUS_PINNED_NATIVE_LOOP
S875,51,first_fit,5025,25,24,COMPLETED_STDOUT_ORDER_PLUS_PINNED_NATIVE_LOOP
S875,51,first_fit,5026,25,24,COMPLETED_STDOUT_ORDER_PLUS_PINNED_NATIVE_LOOP
S875,51,first_fit,5027,25,24,COMPLETED_STDOUT_ORDER_PLUS_PINNED_NATIVE_LOOP
S875,51,first_fit,5028,25,24,COMPLETED_STDOUT_ORDER_PLUS_PINNED_NATIVE_LOOP
S875,51,first_fit,5029,25,24,COMPLETED_STDOUT_ORDER_PLUS_PINNED_NATIVE_LOOP
S875,51,first_fit,5030,25,24,COMPLETED_STDOUT_ORDER_PLUS_PINNED_NATIVE_LOOP
S875,51,first_fit,5031,25,24,COMPLETED_STDOUT_ORDER_PLUS_PINNED_NATIVE_LOOP
S875,51,first_fit,5032,25,24,COMPLETED_STDOUT_ORDER_PLUS_PINNED_NATIVE_LOOP
S875,51,first_fit,5033,25,24,COMPLETED_STDOUT_ORDER_PLUS_PINNED_NATIVE_LOOP
S875,51,first_fit,5034,25,24,COMPLETED_STDOUT_ORDER_PLUS_PINNED_NATIVE_LOOP
S875,51,first_fit,5035,25,24,COMPLETED_STDOUT_ORDER_PLUS_PINNED_NATIVE_LOOP
S875,51,first_fit,5036,25,24,COMPLETED_STDOUT_ORDER_PLUS_PINNED_NATIVE_LOOP
S875,51,first_fit,5037,25,24,COMPLETED_STDOUT_ORDER_PLUS_PINNED_NATIVE_LOOP
S875,51,first_fit,5038,25,24,COMPLETED_STDOUT_ORDER_PLUS_PINNED_NATIVE_LOOP
S875,51,first_fit,5039,25,24,COMPLETED_STDOUT_ORDER_PLUS_PINNED_NATIVE_LOOP
S875,51,first_fit,5040,25,24,COMPLETED_STDOUT_ORDER_PLUS_PINNED_NATIVE_LOOP
S875,51,first_fit,5041,25,24,COMPLETED_STDOUT_ORDER_PLUS_PINNED_NATIVE_LOOP
S875,51,first_fit,5042,25,24,COMPLETED_STDOUT_ORDER_PLUS_PINNED_NATIVE_LOOP
S875,51,first_fit,5043,25,24,COMPLETED_STDOUT_ORDER_PLUS_PINNED_NATIVE_LOOP
S875,51,first_fit,5044,25,24,COMPLETED_STDOUT_ORDER_PLUS_PINNED_NATIVE_LOOP
S875,51,first_fit,5045,25,24,COMPLETED_STDOUT_ORDER_PLUS_PINNED_NATIVE_LOOP
S875,51,first_fit,5046,25,24,COMPLETED_STDOUT_ORDER_PLUS_PINNED_NATIVE_LOOP
S875,51,first_fit,5047,25,24,COMPLETED_STDOUT_ORDER_PLUS_PINNED_NATIVE_LOOP
S875,51,first_fit,5048,25,24,COMPLETED_STDOUT_ORDER_PLUS_PINNED_NATIVE_LOOP
S875,51,first_fit,5049,25,24,COMPLETED_STDOUT_ORDER_PLUS_PINNED_NATIVE_LOOP
S875,51,first_fit,5050,25,24,COMPLETED_STDOUT_ORDER_PLUS_PINNED_NATIVE_LOOP
S875,51,first_fit,5051,25,24,COMPLETED_STDOUT_ORDER_PLUS_PINNED_NATIVE_LOOP
S875,51,first_fit,5052,25,24,COMPLETED_STDOUT_ORDER_PLUS_PINNED_NATIVE_LOOP
S875,51,first_fit,5053,25,24,COMPLETED_STDOUT_ORDER_PLUS_PINNED_NATIVE_LOOP
S875,51,first_fit,5054,25,24,COMPLETED_STDOUT_ORDER_PLUS_PINNED_NATIVE_LOOP
S875,51,first_fit,5055,25,24,COMPLETED_STDOUT_ORDER_PLUS_PINNED_NATIVE_LOOP
S875,51,first_fit,5056,25,24,COMPLETED_STDOUT_ORDER_PLUS_PINNED_NATIVE_LOOP
S875,51,first_fit,5057,25,24,COMPLETED_STDOUT_ORDER_PLUS_PINNED_NATIVE_LOOP
S875,51,first_fit,5058,25,24,COMPLETED_STDOUT_ORDER_PLUS_PINNED_NATIVE_LOOP
S875,51,first_fit,5059,25,24,COMPLETED_STDOUT_ORDER_PLUS_PINNED_NATIVE_LOOP
S875,51,first_fit,5060,25,24,COMPLETED_STDOUT_ORDER_PLUS_PINNED_NATIVE_LOOP
S875,51,first_fit,5061,25,24,COMPLETED_STDOUT_ORDER_PLUS_PINNED_NATIVE_LOOP
S875,51,first_fit,5062,25,24,COMPLETED_STDOUT_ORDER_PLUS_PINNED_NATIVE_LOOP
S875,51,first_fit,5063,25,24,COMPLETED_STDOUT_ORDER_PLUS_PINNED_NATIVE_LOOP
S875,51,first_fit,5064,25,24,COMPLETED_STDOUT_ORDER_PLUS_PINNED_NATIVE_LOOP
S875,51,first_fit,5065,25,24,COMPLETED_STDOUT_ORDER_PLUS_PINNED_NATIVE_LOOP
S875,51,first_fit,5066,25,24,COMPLETED_STDOUT_ORDER_PLUS_PINNED_NATIVE_LOOP
S875,51,first_fit,5067,25,24,COMPLETED_STDOUT_ORDER_PLUS_PINNED_NATIVE_LOOP
S875,51,first_fit,5068,25,24,COMPLETED_STDOUT_ORDER_PLUS_PINNED_NATIVE_LOOP
S875,51,first_fit,5069,25,24,COMPLETED_STDOUT_ORDER_PLUS_PINNED_NATIVE_LOOP
S875,51,first_fit,5070,25,24,COMPLETED_STDOUT_ORDER_PLUS_PINNED_NATIVE_LOOP
S875,51,first_fit,5071,25,24,COMPLETED_STDOUT_ORDER_PLUS_PINNED_NATIVE_LOOP
S875,51,first_fit,5072,25,24,COMPLETED_STDOUT_ORDER_PLUS_PINNED_NATIVE_LOOP
S875,51,first_fit,5073,25,24,COMPLETED_STDOUT_ORDER_PLUS_PINNED_NATIVE_LOOP
S875,51,first_fit,5074,25,24,COMPLETED_STDOUT_ORDER_PLUS_PINNED_NATIVE_LOOP
S875,51,first_fit,5075,25,24,COMPLETED_STDOUT_ORDER_PLUS_PINNED_NATIVE_LOOP
S875,51,first_fit,5076,25,24,COMPLETED_STDOUT_ORDER_PLUS_PINNED_NATIVE_LOOP
S875,51,first_fit,5077,25,24,COMPLETED_STDOUT_ORDER_PLUS_PINNED_NATIVE_LOOP
S875,51,first_fit,5078,25,24,COMPLETED_STDOUT_ORDER_PLUS_PINNED_NATIVE_LOOP
S875,51,first_fit,5079,25,24,COMPLETED_STDOUT_ORDER_PLUS_PINNED_NATIVE_LOOP
S875,51,first_fit,5080,25,24,COMPLETED_STDOUT_ORDER_PLUS_PINNED_NATIVE_LOOP
S875,51,first_fit,5081,25,24,COMPLETED_STDOUT_ORDER_PLUS_PINNED_NATIVE_LOOP
S875,51,first_fit,5082,25,24,COMPLETED_STDOUT_ORDER_PLUS_PINNED_NATIVE_LOOP
S875,51,first_fit,5083,25,24,COMPLETED_STDOUT_ORDER_PLUS_PINNED_NATIVE_LOOP
S875,51,first_fit,5084,25,24,COMPLETED_STDOUT_ORDER_PLUS_PINNED_NATIVE_LOOP
S875,51,first_fit,5085,25,24,COMPLETED_STDOUT_ORDER_PLUS_PINNED_NATIVE_LOOP
S875,51,first_fit,5086,25,24,COMPLETED_STDOUT_ORDER_PLUS_PINNED_NATIVE_LOOP
S875,51,first_fit,5087,25,24,COMPLETED_STDOUT_ORDER_PLUS_PINNED_NATIVE_LOOP
S875,51,first_fit,5088,25,24,COMPLETED_STDOUT_ORDER_PLUS_PINNED_NATIVE_LOOP
S875,51,first_fit,5089,25,24,COMPLETED_STDOUT_ORDER_PLUS_PINNED_NATIVE_LOOP
S875,51,first_fit,5090,25,24,COMPLETED_STDOUT_ORDER_PLUS_PINNED_NATIVE_LOOP
S875,51,first_fit,5091,25,24,COMPLETED_STDOUT_ORDER_PLUS_PINNED_NATIVE_LOOP
S875,51,first_fit,5092,25,24,COMPLETED_STDOUT_ORDER_PLUS_PINNED_NATIVE_LOOP
S875,51,first_fit,5093,25,24,COMPLETED_STDOUT_ORDER_PLUS_PINNED_NATIVE_LOOP
S875,51,first_fit,5094,25,24,COMPLETED_STDOUT_ORDER_PLUS_PINNED_NATIVE_LOOP
S875,51,first_fit,5095,25,24,COMPLETED_STDOUT_ORDER_PLUS_PINNED_NATIVE_LOOP
S875,51,first_fit,5096,25,24,COMPLETED_STDOUT_ORDER_PLUS_PINNED_NATIVE_LOOP
S875,51,first_fit,5097,25,24,COMPLETED_STDOUT_ORDER_PLUS_PINNED_NATIVE_LOOP
S875,51,first_fit,5098,25,24,COMPLETED_STDOUT_ORDER_PLUS_PINNED_NATIVE_LOOP
S875,51,first_fit,5099,25,24,COMPLETED_STDOUT_ORDER_PLUS_PINNED_NATIVE_LOOP
S875,52,first_fit,5100,25,24,COMPLETED_STDOUT_ORDER_PLUS_PINNED_NATIVE_LOOP
S875,52,first_fit,5101,25,24,COMPLETED_STDOUT_ORDER_PLUS_PINNED_NATIVE_LOOP
S875,52,first_fit,5102,25,24,COMPLETED_STDOUT_ORDER_PLUS_PINNED_NATIVE_LOOP
S875,52,first_fit,5103,25,24,COMPLETED_STDOUT_ORDER_PLUS_PINNED_NATIVE_LOOP
S875,52,first_fit,5104,25,24,COMPLETED_STDOUT_ORDER_PLUS_PINNED_NATIVE_LOOP
S875,52,first_fit,5105,25,24,COMPLETED_STDOUT_ORDER_PLUS_PINNED_NATIVE_LOOP
S875,52,first_fit,5106,25,24,COMPLETED_STDOUT_ORDER_PLUS_PINNED_NATIVE_LOOP
S875,52,first_fit,5107,25,24,COMPLETED_STDOUT_ORDER_PLUS_PINNED_NATIVE_LOOP
S875,52,first_fit,5108,25,24,COMPLETED_STDOUT_ORDER_PLUS_PINNED_NATIVE_LOOP
S875,52,first_fit,5109,25,24,COMPLETED_STDOUT_ORDER_PLUS_PINNED_NATIVE_LOOP
S875,52,first_fit,5110,25,24,COMPLETED_STDOUT_ORDER_PLUS_PINNED_NATIVE_LOOP
S875,52,first_fit,5111,25,24,COMPLETED_STDOUT_ORDER_PLUS_PINNED_NATIVE_LOOP
S875,52,first_fit,5112,25,24,COMPLETED_STDOUT_ORDER_PLUS_PINNED_NATIVE_LOOP
S875,52,first_fit,5113,25,24,COMPLETED_STDOUT_ORDER_PLUS_PINNED_NATIVE_LOOP
S875,52,first_fit,5114,25,24,COMPLETED_STDOUT_ORDER_PLUS_PINNED_NATIVE_LOOP
S875,52,first_fit,5115,25,24,COMPLETED_STDOUT_ORDER_PLUS_PINNED_NATIVE_LOOP
S875,52,first_fit,5116,25,24,COMPLETED_STDOUT_ORDER_PLUS_PINNED_NATIVE_LOOP
S875,52,first_fit,5117,25,24,COMPLETED_STDOUT_ORDER_PLUS_PINNED_NATIVE_LOOP
S875,52,first_fit,5118,25,24,COMPLETED_STDOUT_ORDER_PLUS_PINNED_NATIVE_LOOP
S875,52,first_fit,5119,25,24,COMPLETED_STDOUT_ORDER_PLUS_PINNED_NATIVE_LOOP
S875,52,first_fit,5120,25,24,COMPLETED_STDOUT_ORDER_PLUS_PINNED_NATIVE_LOOP
S875,52,first_fit,5121,25,24,COMPLETED_STDOUT_ORDER_PLUS_PINNED_NATIVE_LOOP
S875,52,first_fit,5122,25,24,COMPLETED_STDOUT_ORDER_PLUS_PINNED_NATIVE_LOOP
S875,52,first_fit,5123,25,24,COMPLETED_STDOUT_ORDER_PLUS_PINNED_NATIVE_LOOP
S875,52,first_fit,5124,25,24,COMPLETED_STDOUT_ORDER_PLUS_PINNED_NATIVE_LOOP
S875,52,first_fit,5125,25,24,COMPLETED_STDOUT_ORDER_PLUS_PINNED_NATIVE_LOOP
S875,52,first_fit,5126,25,24,COMPLETED_STDOUT_ORDER_PLUS_PINNED_NATIVE_LOOP
S875,52,first_fit,5127,25,24,COMPLETED_STDOUT_ORDER_PLUS_PINNED_NATIVE_LOOP
S875,52,first_fit,5128,25,24,COMPLETED_STDOUT_ORDER_PLUS_PINNED_NATIVE_LOOP
S875,52,first_fit,5129,25,24,COMPLETED_STDOUT_ORDER_PLUS_PINNED_NATIVE_LOOP
S875,52,first_fit,5130,25,24,COMPLETED_STDOUT_ORDER_PLUS_PINNED_NATIVE_LOOP
S875,52,first_fit,5131,25,24,COMPLETED_STDOUT_ORDER_PLUS_PINNED_NATIVE_LOOP
S875,52,first_fit,5132,25,24,COMPLETED_STDOUT_ORDER_PLUS_PINNED_NATIVE_LOOP
S875,52,first_fit,5133,25,24,COMPLETED_STDOUT_ORDER_PLUS_PINNED_NATIVE_LOOP
S875,52,first_fit,5134,25,24,COMPLETED_STDOUT_ORDER_PLUS_PINNED_NATIVE_LOOP
S875,52,first_fit,5135,25,24,COMPLETED_STDOUT_ORDER_PLUS_PINNED_NATIVE_LOOP
S875,52,first_fit,5136,25,24,COMPLETED_STDOUT_ORDER_PLUS_PINNED_NATIVE_LOOP
S875,52,first_fit,5137,25,24,COMPLETED_STDOUT_ORDER_PLUS_PINNED_NATIVE_LOOP
S875,52,first_fit,5138,25,24,COMPLETED_STDOUT_ORDER_PLUS_PINNED_NATIVE_LOOP
S875,52,first_fit,5139,25,24,COMPLETED_STDOUT_ORDER_PLUS_PINNED_NATIVE_LOOP
S875,52,first_fit,5140,25,24,COMPLETED_STDOUT_ORDER_PLUS_PINNED_NATIVE_LOOP
S875,52,first_fit,5141,25,24,COMPLETED_STDOUT_ORDER_PLUS_PINNED_NATIVE_LOOP
S875,52,first_fit,5142,25,24,COMPLETED_STDOUT_ORDER_PLUS_PINNED_NATIVE_LOOP
S875,52,first_fit,5143,25,24,COMPLETED_STDOUT_ORDER_PLUS_PINNED_NATIVE_LOOP
S875,52,first_fit,5144,25,24,COMPLETED_STDOUT_ORDER_PLUS_PINNED_NATIVE_LOOP
S875,52,first_fit,5145,25,24,COMPLETED_STDOUT_ORDER_PLUS_PINNED_NATIVE_LOOP
S875,52,first_fit,5146,25,24,COMPLETED_STDOUT_ORDER_PLUS_PINNED_NATIVE_LOOP
S875,52,first_fit,5147,25,24,COMPLETED_STDOUT_ORDER_PLUS_PINNED_NATIVE_LOOP
S875,52,first_fit,5148,25,24,COMPLETED_STDOUT_ORDER_PLUS_PINNED_NATIVE_LOOP
S875,52,first_fit,5149,25,24,COMPLETED_STDOUT_ORDER_PLUS_PINNED_NATIVE_LOOP
S875,52,first_fit,5150,25,24,COMPLETED_STDOUT_ORDER_PLUS_PINNED_NATIVE_LOOP
S875,52,first_fit,5151,25,24,COMPLETED_STDOUT_ORDER_PLUS_PINNED_NATIVE_LOOP
S875,52,first_fit,5152,25,24,COMPLETED_STDOUT_ORDER_PLUS_PINNED_NATIVE_LOOP
S875,52,first_fit,5153,25,24,COMPLETED_STDOUT_ORDER_PLUS_PINNED_NATIVE_LOOP
S875,52,first_fit,5154,25,24,COMPLETED_STDOUT_ORDER_PLUS_PINNED_NATIVE_LOOP
S875,52,first_fit,5155,25,24,COMPLETED_STDOUT_ORDER_PLUS_PINNED_NATIVE_LOOP
S875,52,first_fit,5156,25,24,COMPLETED_STDOUT_ORDER_PLUS_PINNED_NATIVE_LOOP
S875,52,first_fit,5157,25,24,COMPLETED_STDOUT_ORDER_PLUS_PINNED_NATIVE_LOOP
S875,52,first_fit,5158,25,24,COMPLETED_STDOUT_ORDER_PLUS_PINNED_NATIVE_LOOP
S875,52,first_fit,5159,25,24,COMPLETED_STDOUT_ORDER_PLUS_PINNED_NATIVE_LOOP
S875,52,first_fit,5160,25,24,COMPLETED_STDOUT_ORDER_PLUS_PINNED_NATIVE_LOOP
S875,52,first_fit,5161,25,24,COMPLETED_STDOUT_ORDER_PLUS_PINNED_NATIVE_LOOP
S875,52,first_fit,5162,25,24,COMPLETED_STDOUT_ORDER_PLUS_PINNED_NATIVE_LOOP
S875,52,first_fit,5163,25,24,COMPLETED_STDOUT_ORDER_PLUS_PINNED_NATIVE_LOOP
S875,52,first_fit,5164,25,24,COMPLETED_STDOUT_ORDER_PLUS_PINNED_NATIVE_LOOP
S875,52,first_fit,5165,25,24,COMPLETED_STDOUT_ORDER_PLUS_PINNED_NATIVE_LOOP
S875,52,first_fit,5166,25,24,COMPLETED_STDOUT_ORDER_PLUS_PINNED_NATIVE_LOOP
S875,52,first_fit,5167,25,24,COMPLETED_STDOUT_ORDER_PLUS_PINNED_NATIVE_LOOP
S875,52,first_fit,5168,25,24,COMPLETED_STDOUT_ORDER_PLUS_PINNED_NATIVE_LOOP
S875,52,first_fit,5169,25,24,COMPLETED_STDOUT_ORDER_PLUS_PINNED_NATIVE_LOOP
S875,52,first_fit,5170,25,24,COMPLETED_STDOUT_ORDER_PLUS_PINNED_NATIVE_LOOP
S875,52,first_fit,5171,25,24,COMPLETED_STDOUT_ORDER_PLUS_PINNED_NATIVE_LOOP
S875,52,first_fit,5172,25,24,COMPLETED_STDOUT_ORDER_PLUS_PINNED_NATIVE_LOOP
S875,52,first_fit,5173,25,24,COMPLETED_STDOUT_ORDER_PLUS_PINNED_NATIVE_LOOP
S875,52,first_fit,5174,25,24,COMPLETED_STDOUT_ORDER_PLUS_PINNED_NATIVE_LOOP
S875,52,first_fit,5175,25,24,COMPLETED_STDOUT_ORDER_PLUS_PINNED_NATIVE_LOOP
S875,52,first_fit,5176,25,24,COMPLETED_STDOUT_ORDER_PLUS_PINNED_NATIVE_LOOP
S875,52,first_fit,5177,25,24,COMPLETED_STDOUT_ORDER_PLUS_PINNED_NATIVE_LOOP
S875,52,first_fit,5178,25,24,COMPLETED_STDOUT_ORDER_PLUS_PINNED_NATIVE_LOOP
S875,52,first_fit,5179,25,24,COMPLETED_STDOUT_ORDER_PLUS_PINNED_NATIVE_LOOP
S875,52,first_fit,5180,25,24,COMPLETED_STDOUT_ORDER_PLUS_PINNED_NATIVE_LOOP
S875,52,first_fit,5181,25,24,COMPLETED_STDOUT_ORDER_PLUS_PINNED_NATIVE_LOOP
S875,52,first_fit,5182,25,24,COMPLETED_STDOUT_ORDER_PLUS_PINNED_NATIVE_LOOP
S875,52,first_fit,5183,25,24,COMPLETED_STDOUT_ORDER_PLUS_PINNED_NATIVE_LOOP
S875,52,first_fit,5184,25,24,COMPLETED_STDOUT_ORDER_PLUS_PINNED_NATIVE_LOOP
S875,52,first_fit,5185,25,24,COMPLETED_STDOUT_ORDER_PLUS_PINNED_NATIVE_LOOP
S875,52,first_fit,5186,25,24,COMPLETED_STDOUT_ORDER_PLUS_PINNED_NATIVE_LOOP
S875,52,first_fit,5187,25,24,COMPLETED_STDOUT_ORDER_PLUS_PINNED_NATIVE_LOOP
S875,52,first_fit,5188,25,24,COMPLETED_STDOUT_ORDER_PLUS_PINNED_NATIVE_LOOP
S875,52,first_fit,5189,25,24,COMPLETED_STDOUT_ORDER_PLUS_PINNED_NATIVE_LOOP
S875,52,first_fit,5190,25,24,COMPLETED_STDOUT_ORDER_PLUS_PINNED_NATIVE_LOOP
S875,52,first_fit,5191,25,24,COMPLETED_STDOUT_ORDER_PLUS_PINNED_NATIVE_LOOP
S875,52,first_fit,5192,25,24,COMPLETED_STDOUT_ORDER_PLUS_PINNED_NATIVE_LOOP
S875,52,first_fit,5193,25,24,COMPLETED_STDOUT_ORDER_PLUS_PINNED_NATIVE_LOOP
S875,52,first_fit,5194,25,24,COMPLETED_STDOUT_ORDER_PLUS_PINNED_NATIVE_LOOP
S875,52,first_fit,5195,25,24,COMPLETED_STDOUT_ORDER_PLUS_PINNED_NATIVE_LOOP
S875,52,first_fit,5196,25,24,COMPLETED_STDOUT_ORDER_PLUS_PINNED_NATIVE_LOOP
S875,52,first_fit,5197,25,24,COMPLETED_STDOUT_ORDER_PLUS_PINNED_NATIVE_LOOP
S875,52,first_fit,5198,25,24,COMPLETED_STDOUT_ORDER_PLUS_PINNED_NATIVE_LOOP
S875,52,first_fit,5199,25,24,COMPLETED_STDOUT_ORDER_PLUS_PINNED_NATIVE_LOOP
S875,53,first_fit,5200,25,24,COMPLETED_STDOUT_ORDER_PLUS_PINNED_NATIVE_LOOP
S875,53,first_fit,5201,25,24,COMPLETED_STDOUT_ORDER_PLUS_PINNED_NATIVE_LOOP
S875,53,first_fit,5202,25,24,COMPLETED_STDOUT_ORDER_PLUS_PINNED_NATIVE_LOOP
S875,53,first_fit,5203,25,24,COMPLETED_STDOUT_ORDER_PLUS_PINNED_NATIVE_LOOP
S875,53,first_fit,5204,25,24,COMPLETED_STDOUT_ORDER_PLUS_PINNED_NATIVE_LOOP
S875,53,first_fit,5205,25,24,COMPLETED_STDOUT_ORDER_PLUS_PINNED_NATIVE_LOOP
S875,53,first_fit,5206,25,24,COMPLETED_STDOUT_ORDER_PLUS_PINNED_NATIVE_LOOP
S875,53,first_fit,5207,25,24,COMPLETED_STDOUT_ORDER_PLUS_PINNED_NATIVE_LOOP
S875,53,first_fit,5208,25,24,COMPLETED_STDOUT_ORDER_PLUS_PINNED_NATIVE_LOOP
S875,53,first_fit,5209,25,24,COMPLETED_STDOUT_ORDER_PLUS_PINNED_NATIVE_LOOP
S875,53,first_fit,5210,25,24,COMPLETED_STDOUT_ORDER_PLUS_PINNED_NATIVE_LOOP
S875,53,first_fit,5211,25,24,COMPLETED_STDOUT_ORDER_PLUS_PINNED_NATIVE_LOOP
S875,53,first_fit,5212,25,24,COMPLETED_STDOUT_ORDER_PLUS_PINNED_NATIVE_LOOP
S875,53,first_fit,5213,25,24,COMPLETED_STDOUT_ORDER_PLUS_PINNED_NATIVE_LOOP
S875,53,first_fit,5214,25,24,COMPLETED_STDOUT_ORDER_PLUS_PINNED_NATIVE_LOOP
S875,53,first_fit,5215,25,24,COMPLETED_STDOUT_ORDER_PLUS_PINNED_NATIVE_LOOP
S875,53,first_fit,5216,25,24,COMPLETED_STDOUT_ORDER_PLUS_PINNED_NATIVE_LOOP
S875,53,first_fit,5217,25,24,COMPLETED_STDOUT_ORDER_PLUS_PINNED_NATIVE_LOOP
S875,53,first_fit,5218,25,24,COMPLETED_STDOUT_ORDER_PLUS_PINNED_NATIVE_LOOP
S875,53,first_fit,5219,25,24,COMPLETED_STDOUT_ORDER_PLUS_PINNED_NATIVE_LOOP
S875,53,first_fit,5220,25,24,COMPLETED_STDOUT_ORDER_PLUS_PINNED_NATIVE_LOOP
S875,53,first_fit,5221,25,24,COMPLETED_STDOUT_ORDER_PLUS_PINNED_NATIVE_LOOP
S875,53,first_fit,5222,25,24,COMPLETED_STDOUT_ORDER_PLUS_PINNED_NATIVE_LOOP
S875,53,first_fit,5223,25,24,COMPLETED_STDOUT_ORDER_PLUS_PINNED_NATIVE_LOOP
S875,53,first_fit,5224,25,24,COMPLETED_STDOUT_ORDER_PLUS_PINNED_NATIVE_LOOP
S875,53,first_fit,5225,25,24,COMPLETED_STDOUT_ORDER_PLUS_PINNED_NATIVE_LOOP
S875,53,first_fit,5226,25,24,COMPLETED_STDOUT_ORDER_PLUS_PINNED_NATIVE_LOOP
S875,53,first_fit,5227,25,24,COMPLETED_STDOUT_ORDER_PLUS_PINNED_NATIVE_LOOP
S875,53,first_fit,5228,25,24,COMPLETED_STDOUT_ORDER_PLUS_PINNED_NATIVE_LOOP
S875,53,first_fit,5229,25,24,COMPLETED_STDOUT_ORDER_PLUS_PINNED_NATIVE_LOOP
S875,53,first_fit,5230,25,24,COMPLETED_STDOUT_ORDER_PLUS_PINNED_NATIVE_LOOP
S875,53,first_fit,5231,25,24,COMPLETED_STDOUT_ORDER_PLUS_PINNED_NATIVE_LOOP
S875,53,first_fit,5232,25,24,COMPLETED_STDOUT_ORDER_PLUS_PINNED_NATIVE_LOOP
S875,53,first_fit,5233,25,24,COMPLETED_STDOUT_ORDER_PLUS_PINNED_NATIVE_LOOP
S875,53,first_fit,5234,25,24,COMPLETED_STDOUT_ORDER_PLUS_PINNED_NATIVE_LOOP
S875,53,first_fit,5235,25,24,COMPLETED_STDOUT_ORDER_PLUS_PINNED_NATIVE_LOOP
S875,53,first_fit,5236,25,24,COMPLETED_STDOUT_ORDER_PLUS_PINNED_NATIVE_LOOP
S875,53,first_fit,5237,25,24,COMPLETED_STDOUT_ORDER_PLUS_PINNED_NATIVE_LOOP
S875,53,first_fit,5238,25,24,COMPLETED_STDOUT_ORDER_PLUS_PINNED_NATIVE_LOOP
S875,53,first_fit,5239,25,24,COMPLETED_STDOUT_ORDER_PLUS_PINNED_NATIVE_LOOP
S875,53,first_fit,5240,25,24,COMPLETED_STDOUT_ORDER_PLUS_PINNED_NATIVE_LOOP
S875,53,first_fit,5241,25,24,COMPLETED_STDOUT_ORDER_PLUS_PINNED_NATIVE_LOOP
S875,53,first_fit,5242,25,24,COMPLETED_STDOUT_ORDER_PLUS_PINNED_NATIVE_LOOP
S875,53,first_fit,5243,25,24,COMPLETED_STDOUT_ORDER_PLUS_PINNED_NATIVE_LOOP
S875,53,first_fit,5244,25,24,COMPLETED_STDOUT_ORDER_PLUS_PINNED_NATIVE_LOOP
S875,53,first_fit,5245,25,24,COMPLETED_STDOUT_ORDER_PLUS_PINNED_NATIVE_LOOP
S875,53,first_fit,5246,25,24,COMPLETED_STDOUT_ORDER_PLUS_PINNED_NATIVE_LOOP
S875,53,first_fit,5247,25,24,COMPLETED_STDOUT_ORDER_PLUS_PINNED_NATIVE_LOOP
S875,53,first_fit,5248,25,24,COMPLETED_STDOUT_ORDER_PLUS_PINNED_NATIVE_LOOP
S875,53,first_fit,5249,25,24,COMPLETED_STDOUT_ORDER_PLUS_PINNED_NATIVE_LOOP
S875,53,first_fit,5250,25,24,COMPLETED_STDOUT_ORDER_PLUS_PINNED_NATIVE_LOOP
S875,53,first_fit,5251,25,24,COMPLETED_STDOUT_ORDER_PLUS_PINNED_NATIVE_LOOP
S875,53,first_fit,5252,25,24,COMPLETED_STDOUT_ORDER_PLUS_PINNED_NATIVE_LOOP
S875,53,first_fit,5253,25,24,COMPLETED_STDOUT_ORDER_PLUS_PINNED_NATIVE_LOOP
S875,53,first_fit,5254,25,24,COMPLETED_STDOUT_ORDER_PLUS_PINNED_NATIVE_LOOP
S875,53,first_fit,5255,25,24,COMPLETED_STDOUT_ORDER_PLUS_PINNED_NATIVE_LOOP
S875,53,first_fit,5256,25,24,COMPLETED_STDOUT_ORDER_PLUS_PINNED_NATIVE_LOOP
S875,53,first_fit,5257,25,24,COMPLETED_STDOUT_ORDER_PLUS_PINNED_NATIVE_LOOP
S875,53,first_fit,5258,25,24,COMPLETED_STDOUT_ORDER_PLUS_PINNED_NATIVE_LOOP
S875,53,first_fit,5259,25,24,COMPLETED_STDOUT_ORDER_PLUS_PINNED_NATIVE_LOOP
S875,53,first_fit,5260,25,24,COMPLETED_STDOUT_ORDER_PLUS_PINNED_NATIVE_LOOP
S875,53,first_fit,5261,25,24,COMPLETED_STDOUT_ORDER_PLUS_PINNED_NATIVE_LOOP
S875,53,first_fit,5262,25,24,COMPLETED_STDOUT_ORDER_PLUS_PINNED_NATIVE_LOOP
S875,53,first_fit,5263,25,24,COMPLETED_STDOUT_ORDER_PLUS_PINNED_NATIVE_LOOP
S875,53,first_fit,5264,25,24,COMPLETED_STDOUT_ORDER_PLUS_PINNED_NATIVE_LOOP
S875,53,first_fit,5265,25,24,COMPLETED_STDOUT_ORDER_PLUS_PINNED_NATIVE_LOOP
S875,53,first_fit,5266,25,24,COMPLETED_STDOUT_ORDER_PLUS_PINNED_NATIVE_LOOP
S875,53,first_fit,5267,25,24,COMPLETED_STDOUT_ORDER_PLUS_PINNED_NATIVE_LOOP
S875,53,first_fit,5268,25,24,COMPLETED_STDOUT_ORDER_PLUS_PINNED_NATIVE_LOOP
S875,53,first_fit,5269,25,24,COMPLETED_STDOUT_ORDER_PLUS_PINNED_NATIVE_LOOP
S875,53,first_fit,5270,25,24,COMPLETED_STDOUT_ORDER_PLUS_PINNED_NATIVE_LOOP
S875,53,first_fit,5271,25,24,COMPLETED_STDOUT_ORDER_PLUS_PINNED_NATIVE_LOOP
S875,53,first_fit,5272,25,24,COMPLETED_STDOUT_ORDER_PLUS_PINNED_NATIVE_LOOP
S875,53,first_fit,5273,25,24,COMPLETED_STDOUT_ORDER_PLUS_PINNED_NATIVE_LOOP
S875,53,first_fit,5274,25,24,COMPLETED_STDOUT_ORDER_PLUS_PINNED_NATIVE_LOOP
S875,53,first_fit,5275,25,24,COMPLETED_STDOUT_ORDER_PLUS_PINNED_NATIVE_LOOP
S875,53,first_fit,5276,25,24,COMPLETED_STDOUT_ORDER_PLUS_PINNED_NATIVE_LOOP
S875,53,first_fit,5277,25,24,COMPLETED_STDOUT_ORDER_PLUS_PINNED_NATIVE_LOOP
S875,53,first_fit,5278,25,24,COMPLETED_STDOUT_ORDER_PLUS_PINNED_NATIVE_LOOP
S875,53,first_fit,5279,25,24,COMPLETED_STDOUT_ORDER_PLUS_PINNED_NATIVE_LOOP
S875,53,first_fit,5280,25,24,COMPLETED_STDOUT_ORDER_PLUS_PINNED_NATIVE_LOOP
S875,53,first_fit,5281,25,24,COMPLETED_STDOUT_ORDER_PLUS_PINNED_NATIVE_LOOP
S875,53,first_fit,5282,25,24,COMPLETED_STDOUT_ORDER_PLUS_PINNED_NATIVE_LOOP
S875,53,first_fit,5283,25,24,COMPLETED_STDOUT_ORDER_PLUS_PINNED_NATIVE_LOOP
S875,53,first_fit,5284,25,24,COMPLETED_STDOUT_ORDER_PLUS_PINNED_NATIVE_LOOP
S875,53,first_fit,5285,25,24,COMPLETED_STDOUT_ORDER_PLUS_PINNED_NATIVE_LOOP
S875,53,first_fit,5286,25,24,COMPLETED_STDOUT_ORDER_PLUS_PINNED_NATIVE_LOOP
S875,53,first_fit,5287,25,24,COMPLETED_STDOUT_ORDER_PLUS_PINNED_NATIVE_LOOP
S875,53,first_fit,5288,25,24,COMPLETED_STDOUT_ORDER_PLUS_PINNED_NATIVE_LOOP
S875,53,first_fit,5289,25,24,COMPLETED_STDOUT_ORDER_PLUS_PINNED_NATIVE_LOOP
S875,53,first_fit,5290,25,24,COMPLETED_STDOUT_ORDER_PLUS_PINNED_NATIVE_LOOP
S875,53,first_fit,5291,25,24,COMPLETED_STDOUT_ORDER_PLUS_PINNED_NATIVE_LOOP
S875,53,first_fit,5292,25,24,COMPLETED_STDOUT_ORDER_PLUS_PINNED_NATIVE_LOOP
S875,53,first_fit,5293,25,24,COMPLETED_STDOUT_ORDER_PLUS_PINNED_NATIVE_LOOP
S875,53,first_fit,5294,25,24,COMPLETED_STDOUT_ORDER_PLUS_PINNED_NATIVE_LOOP
S875,53,first_fit,5295,25,24,COMPLETED_STDOUT_ORDER_PLUS_PINNED_NATIVE_LOOP
S875,53,first_fit,5296,25,24,COMPLETED_STDOUT_ORDER_PLUS_PINNED_NATIVE_LOOP
S875,53,first_fit,5297,25,24,COMPLETED_STDOUT_ORDER_PLUS_PINNED_NATIVE_LOOP
S875,53,first_fit,5298,25,24,COMPLETED_STDOUT_ORDER_PLUS_PINNED_NATIVE_LOOP
S875,53,first_fit,5299,25,24,COMPLETED_STDOUT_ORDER_PLUS_PINNED_NATIVE_LOOP
S875,54,first_fit,5300,25,24,COMPLETED_STDOUT_ORDER_PLUS_PINNED_NATIVE_LOOP
S875,54,first_fit,5301,25,24,COMPLETED_STDOUT_ORDER_PLUS_PINNED_NATIVE_LOOP
S875,54,first_fit,5302,25,24,COMPLETED_STDOUT_ORDER_PLUS_PINNED_NATIVE_LOOP
S875,54,first_fit,5303,25,24,COMPLETED_STDOUT_ORDER_PLUS_PINNED_NATIVE_LOOP
S875,54,first_fit,5304,25,24,COMPLETED_STDOUT_ORDER_PLUS_PINNED_NATIVE_LOOP
S875,54,first_fit,5305,25,24,COMPLETED_STDOUT_ORDER_PLUS_PINNED_NATIVE_LOOP
S875,54,first_fit,5306,25,24,COMPLETED_STDOUT_ORDER_PLUS_PINNED_NATIVE_LOOP
S875,54,first_fit,5307,25,24,COMPLETED_STDOUT_ORDER_PLUS_PINNED_NATIVE_LOOP
S875,54,first_fit,5308,25,24,COMPLETED_STDOUT_ORDER_PLUS_PINNED_NATIVE_LOOP
S875,54,first_fit,5309,25,24,COMPLETED_STDOUT_ORDER_PLUS_PINNED_NATIVE_LOOP
S875,54,first_fit,5310,25,24,COMPLETED_STDOUT_ORDER_PLUS_PINNED_NATIVE_LOOP
S875,54,first_fit,5311,25,24,COMPLETED_STDOUT_ORDER_PLUS_PINNED_NATIVE_LOOP
S875,54,first_fit,5312,25,24,COMPLETED_STDOUT_ORDER_PLUS_PINNED_NATIVE_LOOP
S875,54,first_fit,5313,25,24,COMPLETED_STDOUT_ORDER_PLUS_PINNED_NATIVE_LOOP
S875,54,first_fit,5314,25,24,COMPLETED_STDOUT_ORDER_PLUS_PINNED_NATIVE_LOOP
S875,54,first_fit,5315,25,24,COMPLETED_STDOUT_ORDER_PLUS_PINNED_NATIVE_LOOP
S875,54,first_fit,5316,25,24,COMPLETED_STDOUT_ORDER_PLUS_PINNED_NATIVE_LOOP
S875,54,first_fit,5317,25,24,COMPLETED_STDOUT_ORDER_PLUS_PINNED_NATIVE_LOOP
S875,54,first_fit,5318,25,24,COMPLETED_STDOUT_ORDER_PLUS_PINNED_NATIVE_LOOP
S875,54,first_fit,5319,25,24,COMPLETED_STDOUT_ORDER_PLUS_PINNED_NATIVE_LOOP
S875,54,first_fit,5320,25,24,COMPLETED_STDOUT_ORDER_PLUS_PINNED_NATIVE_LOOP
S875,54,first_fit,5321,25,24,COMPLETED_STDOUT_ORDER_PLUS_PINNED_NATIVE_LOOP
S875,54,first_fit,5322,25,24,COMPLETED_STDOUT_ORDER_PLUS_PINNED_NATIVE_LOOP
S875,54,first_fit,5323,25,24,COMPLETED_STDOUT_ORDER_PLUS_PINNED_NATIVE_LOOP
S875,54,first_fit,5324,25,24,COMPLETED_STDOUT_ORDER_PLUS_PINNED_NATIVE_LOOP
S875,54,first_fit,5325,25,24,COMPLETED_STDOUT_ORDER_PLUS_PINNED_NATIVE_LOOP
S875,54,first_fit,5326,25,24,COMPLETED_STDOUT_ORDER_PLUS_PINNED_NATIVE_LOOP
S875,54,first_fit,5327,25,24,COMPLETED_STDOUT_ORDER_PLUS_PINNED_NATIVE_LOOP
S875,54,first_fit,5328,25,24,COMPLETED_STDOUT_ORDER_PLUS_PINNED_NATIVE_LOOP
S875,54,first_fit,5329,25,24,COMPLETED_STDOUT_ORDER_PLUS_PINNED_NATIVE_LOOP
S875,54,first_fit,5330,25,24,COMPLETED_STDOUT_ORDER_PLUS_PINNED_NATIVE_LOOP
S875,54,first_fit,5331,25,24,COMPLETED_STDOUT_ORDER_PLUS_PINNED_NATIVE_LOOP
S875,54,first_fit,5332,25,24,COMPLETED_STDOUT_ORDER_PLUS_PINNED_NATIVE_LOOP
S875,54,first_fit,5333,25,24,COMPLETED_STDOUT_ORDER_PLUS_PINNED_NATIVE_LOOP
S875,54,first_fit,5334,25,24,COMPLETED_STDOUT_ORDER_PLUS_PINNED_NATIVE_LOOP
S875,54,first_fit,5335,25,24,COMPLETED_STDOUT_ORDER_PLUS_PINNED_NATIVE_LOOP
S875,54,first_fit,5336,25,24,COMPLETED_STDOUT_ORDER_PLUS_PINNED_NATIVE_LOOP
S875,54,first_fit,5337,25,24,COMPLETED_STDOUT_ORDER_PLUS_PINNED_NATIVE_LOOP
S875,54,first_fit,5338,25,24,COMPLETED_STDOUT_ORDER_PLUS_PINNED_NATIVE_LOOP
S875,54,first_fit,5339,25,24,COMPLETED_STDOUT_ORDER_PLUS_PINNED_NATIVE_LOOP
S875,54,first_fit,5340,25,24,COMPLETED_STDOUT_ORDER_PLUS_PINNED_NATIVE_LOOP
S875,54,first_fit,5341,25,24,COMPLETED_STDOUT_ORDER_PLUS_PINNED_NATIVE_LOOP
S875,54,first_fit,5342,25,24,COMPLETED_STDOUT_ORDER_PLUS_PINNED_NATIVE_LOOP
S875,54,first_fit,5343,25,24,COMPLETED_STDOUT_ORDER_PLUS_PINNED_NATIVE_LOOP
S875,54,first_fit,5344,25,24,COMPLETED_STDOUT_ORDER_PLUS_PINNED_NATIVE_LOOP
S875,54,first_fit,5345,25,24,COMPLETED_STDOUT_ORDER_PLUS_PINNED_NATIVE_LOOP
S875,54,first_fit,5346,25,24,COMPLETED_STDOUT_ORDER_PLUS_PINNED_NATIVE_LOOP
S875,54,first_fit,5347,25,24,COMPLETED_STDOUT_ORDER_PLUS_PINNED_NATIVE_LOOP
S875,54,first_fit,5348,25,24,COMPLETED_STDOUT_ORDER_PLUS_PINNED_NATIVE_LOOP
S875,54,first_fit,5349,25,24,COMPLETED_STDOUT_ORDER_PLUS_PINNED_NATIVE_LOOP
S875,54,first_fit,5350,25,24,COMPLETED_STDOUT_ORDER_PLUS_PINNED_NATIVE_LOOP
S875,54,first_fit,5351,25,24,COMPLETED_STDOUT_ORDER_PLUS_PINNED_NATIVE_LOOP
S875,54,first_fit,5352,25,24,COMPLETED_STDOUT_ORDER_PLUS_PINNED_NATIVE_LOOP
S875,54,first_fit,5353,25,24,COMPLETED_STDOUT_ORDER_PLUS_PINNED_NATIVE_LOOP
S875,54,first_fit,5354,25,24,COMPLETED_STDOUT_ORDER_PLUS_PINNED_NATIVE_LOOP
S875,54,first_fit,5355,25,24,COMPLETED_STDOUT_ORDER_PLUS_PINNED_NATIVE_LOOP
S875,54,first_fit,5356,25,24,COMPLETED_STDOUT_ORDER_PLUS_PINNED_NATIVE_LOOP
S875,54,first_fit,5357,25,24,COMPLETED_STDOUT_ORDER_PLUS_PINNED_NATIVE_LOOP
S875,54,first_fit,5358,25,24,COMPLETED_STDOUT_ORDER_PLUS_PINNED_NATIVE_LOOP
S875,54,first_fit,5359,25,24,COMPLETED_STDOUT_ORDER_PLUS_PINNED_NATIVE_LOOP
S875,54,first_fit,5360,25,24,COMPLETED_STDOUT_ORDER_PLUS_PINNED_NATIVE_LOOP
S875,54,first_fit,5361,25,24,COMPLETED_STDOUT_ORDER_PLUS_PINNED_NATIVE_LOOP
S875,54,first_fit,5362,25,24,COMPLETED_STDOUT_ORDER_PLUS_PINNED_NATIVE_LOOP
S875,54,first_fit,5363,25,24,COMPLETED_STDOUT_ORDER_PLUS_PINNED_NATIVE_LOOP
S875,54,first_fit,5364,25,24,COMPLETED_STDOUT_ORDER_PLUS_PINNED_NATIVE_LOOP
S875,54,first_fit,5365,25,24,COMPLETED_STDOUT_ORDER_PLUS_PINNED_NATIVE_LOOP
S875,54,first_fit,5366,25,24,COMPLETED_STDOUT_ORDER_PLUS_PINNED_NATIVE_LOOP
S875,54,first_fit,5367,25,24,COMPLETED_STDOUT_ORDER_PLUS_PINNED_NATIVE_LOOP
S875,54,first_fit,5368,25,24,COMPLETED_STDOUT_ORDER_PLUS_PINNED_NATIVE_LOOP
S875,54,first_fit,5369,25,24,COMPLETED_STDOUT_ORDER_PLUS_PINNED_NATIVE_LOOP
S875,54,first_fit,5370,25,24,COMPLETED_STDOUT_ORDER_PLUS_PINNED_NATIVE_LOOP
S875,54,first_fit,5371,25,24,COMPLETED_STDOUT_ORDER_PLUS_PINNED_NATIVE_LOOP
S875,54,first_fit,5372,25,24,COMPLETED_STDOUT_ORDER_PLUS_PINNED_NATIVE_LOOP
S875,54,first_fit,5373,25,24,COMPLETED_STDOUT_ORDER_PLUS_PINNED_NATIVE_LOOP
S875,54,first_fit,5374,25,24,COMPLETED_STDOUT_ORDER_PLUS_PINNED_NATIVE_LOOP
S875,54,first_fit,5375,25,24,COMPLETED_STDOUT_ORDER_PLUS_PINNED_NATIVE_LOOP
S875,54,first_fit,5376,25,24,COMPLETED_STDOUT_ORDER_PLUS_PINNED_NATIVE_LOOP
S875,54,first_fit,5377,25,24,COMPLETED_STDOUT_ORDER_PLUS_PINNED_NATIVE_LOOP
S875,54,first_fit,5378,25,24,COMPLETED_STDOUT_ORDER_PLUS_PINNED_NATIVE_LOOP
S875,54,first_fit,5379,25,24,COMPLETED_STDOUT_ORDER_PLUS_PINNED_NATIVE_LOOP
S875,54,first_fit,5380,25,24,COMPLETED_STDOUT_ORDER_PLUS_PINNED_NATIVE_LOOP
S875,54,first_fit,5381,25,24,COMPLETED_STDOUT_ORDER_PLUS_PINNED_NATIVE_LOOP
S875,54,first_fit,5382,25,24,COMPLETED_STDOUT_ORDER_PLUS_PINNED_NATIVE_LOOP
S875,54,first_fit,5383,25,24,COMPLETED_STDOUT_ORDER_PLUS_PINNED_NATIVE_LOOP
S875,54,first_fit,5384,25,24,COMPLETED_STDOUT_ORDER_PLUS_PINNED_NATIVE_LOOP
S875,54,first_fit,5385,25,24,COMPLETED_STDOUT_ORDER_PLUS_PINNED_NATIVE_LOOP
S875,54,first_fit,5386,25,24,COMPLETED_STDOUT_ORDER_PLUS_PINNED_NATIVE_LOOP
S875,54,first_fit,5387,25,24,COMPLETED_STDOUT_ORDER_PLUS_PINNED_NATIVE_LOOP
S875,54,first_fit,5388,25,24,COMPLETED_STDOUT_ORDER_PLUS_PINNED_NATIVE_LOOP
S875,54,first_fit,5389,25,24,COMPLETED_STDOUT_ORDER_PLUS_PINNED_NATIVE_LOOP
S875,54,first_fit,5390,25,24,COMPLETED_STDOUT_ORDER_PLUS_PINNED_NATIVE_LOOP
S875,54,first_fit,5391,25,24,COMPLETED_STDOUT_ORDER_PLUS_PINNED_NATIVE_LOOP
S875,54,first_fit,5392,25,24,COMPLETED_STDOUT_ORDER_PLUS_PINNED_NATIVE_LOOP
S875,54,first_fit,5393,25,24,COMPLETED_STDOUT_ORDER_PLUS_PINNED_NATIVE_LOOP
S875,54,first_fit,5394,25,24,COMPLETED_STDOUT_ORDER_PLUS_PINNED_NATIVE_LOOP
S875,54,first_fit,5395,25,24,COMPLETED_STDOUT_ORDER_PLUS_PINNED_NATIVE_LOOP
S875,54,first_fit,5396,25,24,COMPLETED_STDOUT_ORDER_PLUS_PINNED_NATIVE_LOOP
S875,54,first_fit,5397,25,24,COMPLETED_STDOUT_ORDER_PLUS_PINNED_NATIVE_LOOP
S875,54,first_fit,5398,25,24,COMPLETED_STDOUT_ORDER_PLUS_PINNED_NATIVE_LOOP
S875,54,first_fit,5399,25,24,COMPLETED_STDOUT_ORDER_PLUS_PINNED_NATIVE_LOOP
S875,55,first_fit,5400,25,24,COMPLETED_STDOUT_ORDER_PLUS_PINNED_NATIVE_LOOP
S875,55,first_fit,5401,25,24,COMPLETED_STDOUT_ORDER_PLUS_PINNED_NATIVE_LOOP
S875,55,first_fit,5402,25,24,COMPLETED_STDOUT_ORDER_PLUS_PINNED_NATIVE_LOOP
S875,55,first_fit,5403,25,24,COMPLETED_STDOUT_ORDER_PLUS_PINNED_NATIVE_LOOP
S875,55,first_fit,5404,25,24,COMPLETED_STDOUT_ORDER_PLUS_PINNED_NATIVE_LOOP
S875,55,first_fit,5405,25,24,COMPLETED_STDOUT_ORDER_PLUS_PINNED_NATIVE_LOOP
S875,55,first_fit,5406,25,24,COMPLETED_STDOUT_ORDER_PLUS_PINNED_NATIVE_LOOP
S875,55,first_fit,5407,25,24,COMPLETED_STDOUT_ORDER_PLUS_PINNED_NATIVE_LOOP
S875,55,first_fit,5408,25,24,COMPLETED_STDOUT_ORDER_PLUS_PINNED_NATIVE_LOOP
S875,55,first_fit,5409,25,24,COMPLETED_STDOUT_ORDER_PLUS_PINNED_NATIVE_LOOP
S875,55,first_fit,5410,25,24,COMPLETED_STDOUT_ORDER_PLUS_PINNED_NATIVE_LOOP
S875,55,first_fit,5411,25,24,COMPLETED_STDOUT_ORDER_PLUS_PINNED_NATIVE_LOOP
S875,55,first_fit,5412,25,24,COMPLETED_STDOUT_ORDER_PLUS_PINNED_NATIVE_LOOP
S875,55,first_fit,5413,25,24,COMPLETED_STDOUT_ORDER_PLUS_PINNED_NATIVE_LOOP
S875,55,first_fit,5414,25,24,COMPLETED_STDOUT_ORDER_PLUS_PINNED_NATIVE_LOOP
S875,55,first_fit,5415,25,24,COMPLETED_STDOUT_ORDER_PLUS_PINNED_NATIVE_LOOP
S875,55,first_fit,5416,25,24,COMPLETED_STDOUT_ORDER_PLUS_PINNED_NATIVE_LOOP
S875,55,first_fit,5417,25,24,COMPLETED_STDOUT_ORDER_PLUS_PINNED_NATIVE_LOOP
S875,55,first_fit,5418,25,24,COMPLETED_STDOUT_ORDER_PLUS_PINNED_NATIVE_LOOP
S875,55,first_fit,5419,25,24,COMPLETED_STDOUT_ORDER_PLUS_PINNED_NATIVE_LOOP
S875,55,first_fit,5420,25,24,COMPLETED_STDOUT_ORDER_PLUS_PINNED_NATIVE_LOOP
S875,55,first_fit,5421,25,24,COMPLETED_STDOUT_ORDER_PLUS_PINNED_NATIVE_LOOP
S875,55,first_fit,5422,25,24,COMPLETED_STDOUT_ORDER_PLUS_PINNED_NATIVE_LOOP
S875,55,first_fit,5423,25,24,COMPLETED_STDOUT_ORDER_PLUS_PINNED_NATIVE_LOOP
S875,55,first_fit,5424,25,24,COMPLETED_STDOUT_ORDER_PLUS_PINNED_NATIVE_LOOP
S875,55,first_fit,5425,25,24,COMPLETED_STDOUT_ORDER_PLUS_PINNED_NATIVE_LOOP
S875,55,first_fit,5426,25,24,COMPLETED_STDOUT_ORDER_PLUS_PINNED_NATIVE_LOOP
S875,55,first_fit,5427,25,24,COMPLETED_STDOUT_ORDER_PLUS_PINNED_NATIVE_LOOP
S875,55,first_fit,5428,25,24,COMPLETED_STDOUT_ORDER_PLUS_PINNED_NATIVE_LOOP
S875,55,first_fit,5429,25,24,COMPLETED_STDOUT_ORDER_PLUS_PINNED_NATIVE_LOOP
S875,55,first_fit,5430,25,24,COMPLETED_STDOUT_ORDER_PLUS_PINNED_NATIVE_LOOP
S875,55,first_fit,5431,25,24,COMPLETED_STDOUT_ORDER_PLUS_PINNED_NATIVE_LOOP
S875,55,first_fit,5432,25,24,COMPLETED_STDOUT_ORDER_PLUS_PINNED_NATIVE_LOOP
S875,55,first_fit,5433,25,24,COMPLETED_STDOUT_ORDER_PLUS_PINNED_NATIVE_LOOP
S875,55,first_fit,5434,25,24,COMPLETED_STDOUT_ORDER_PLUS_PINNED_NATIVE_LOOP
S875,55,first_fit,5435,25,24,COMPLETED_STDOUT_ORDER_PLUS_PINNED_NATIVE_LOOP
S875,55,first_fit,5436,25,24,COMPLETED_STDOUT_ORDER_PLUS_PINNED_NATIVE_LOOP
S875,55,first_fit,5437,25,24,COMPLETED_STDOUT_ORDER_PLUS_PINNED_NATIVE_LOOP
S875,55,first_fit,5438,25,24,COMPLETED_STDOUT_ORDER_PLUS_PINNED_NATIVE_LOOP
S875,55,first_fit,5439,25,24,COMPLETED_STDOUT_ORDER_PLUS_PINNED_NATIVE_LOOP
S875,55,first_fit,5440,25,24,COMPLETED_STDOUT_ORDER_PLUS_PINNED_NATIVE_LOOP
S875,55,first_fit,5441,25,24,COMPLETED_STDOUT_ORDER_PLUS_PINNED_NATIVE_LOOP
S875,55,first_fit,5442,25,24,COMPLETED_STDOUT_ORDER_PLUS_PINNED_NATIVE_LOOP
S875,55,first_fit,5443,25,24,COMPLETED_STDOUT_ORDER_PLUS_PINNED_NATIVE_LOOP
S875,55,first_fit,5444,25,24,COMPLETED_STDOUT_ORDER_PLUS_PINNED_NATIVE_LOOP
S875,55,first_fit,5445,25,24,COMPLETED_STDOUT_ORDER_PLUS_PINNED_NATIVE_LOOP
S875,55,first_fit,5446,25,24,COMPLETED_STDOUT_ORDER_PLUS_PINNED_NATIVE_LOOP
S875,55,first_fit,5447,25,24,COMPLETED_STDOUT_ORDER_PLUS_PINNED_NATIVE_LOOP
S875,55,first_fit,5448,25,24,COMPLETED_STDOUT_ORDER_PLUS_PINNED_NATIVE_LOOP
S875,55,first_fit,5449,25,24,COMPLETED_STDOUT_ORDER_PLUS_PINNED_NATIVE_LOOP
S875,55,first_fit,5450,25,24,COMPLETED_STDOUT_ORDER_PLUS_PINNED_NATIVE_LOOP
S875,55,first_fit,5451,25,24,COMPLETED_STDOUT_ORDER_PLUS_PINNED_NATIVE_LOOP
S875,55,first_fit,5452,25,24,COMPLETED_STDOUT_ORDER_PLUS_PINNED_NATIVE_LOOP
S875,55,first_fit,5453,25,24,COMPLETED_STDOUT_ORDER_PLUS_PINNED_NATIVE_LOOP
S875,55,first_fit,5454,25,24,COMPLETED_STDOUT_ORDER_PLUS_PINNED_NATIVE_LOOP
S875,55,first_fit,5455,25,24,COMPLETED_STDOUT_ORDER_PLUS_PINNED_NATIVE_LOOP
S875,55,first_fit,5456,25,24,COMPLETED_STDOUT_ORDER_PLUS_PINNED_NATIVE_LOOP
S875,55,first_fit,5457,25,24,COMPLETED_STDOUT_ORDER_PLUS_PINNED_NATIVE_LOOP
S875,55,first_fit,5458,25,24,COMPLETED_STDOUT_ORDER_PLUS_PINNED_NATIVE_LOOP
S875,55,first_fit,5459,25,24,COMPLETED_STDOUT_ORDER_PLUS_PINNED_NATIVE_LOOP
S875,55,first_fit,5460,25,24,COMPLETED_STDOUT_ORDER_PLUS_PINNED_NATIVE_LOOP
S875,55,first_fit,5461,25,24,COMPLETED_STDOUT_ORDER_PLUS_PINNED_NATIVE_LOOP
S875,55,first_fit,5462,25,24,COMPLETED_STDOUT_ORDER_PLUS_PINNED_NATIVE_LOOP
S875,55,first_fit,5463,25,24,COMPLETED_STDOUT_ORDER_PLUS_PINNED_NATIVE_LOOP
S875,55,first_fit,5464,25,24,COMPLETED_STDOUT_ORDER_PLUS_PINNED_NATIVE_LOOP
S875,55,first_fit,5465,25,24,COMPLETED_STDOUT_ORDER_PLUS_PINNED_NATIVE_LOOP
S875,55,first_fit,5466,25,24,COMPLETED_STDOUT_ORDER_PLUS_PINNED_NATIVE_LOOP
S875,55,first_fit,5467,25,24,COMPLETED_STDOUT_ORDER_PLUS_PINNED_NATIVE_LOOP
S875,55,first_fit,5468,25,24,COMPLETED_STDOUT_ORDER_PLUS_PINNED_NATIVE_LOOP
S875,55,first_fit,5469,25,24,COMPLETED_STDOUT_ORDER_PLUS_PINNED_NATIVE_LOOP
S875,55,first_fit,5470,25,24,COMPLETED_STDOUT_ORDER_PLUS_PINNED_NATIVE_LOOP
S875,55,first_fit,5471,25,24,COMPLETED_STDOUT_ORDER_PLUS_PINNED_NATIVE_LOOP
S875,55,first_fit,5472,25,24,COMPLETED_STDOUT_ORDER_PLUS_PINNED_NATIVE_LOOP
S875,55,first_fit,5473,25,24,COMPLETED_STDOUT_ORDER_PLUS_PINNED_NATIVE_LOOP
S875,55,first_fit,5474,25,24,COMPLETED_STDOUT_ORDER_PLUS_PINNED_NATIVE_LOOP
S875,55,first_fit,5475,25,24,COMPLETED_STDOUT_ORDER_PLUS_PINNED_NATIVE_LOOP
S875,55,first_fit,5476,25,24,COMPLETED_STDOUT_ORDER_PLUS_PINNED_NATIVE_LOOP
S875,55,first_fit,5477,25,24,COMPLETED_STDOUT_ORDER_PLUS_PINNED_NATIVE_LOOP
S875,55,first_fit,5478,25,24,COMPLETED_STDOUT_ORDER_PLUS_PINNED_NATIVE_LOOP
S875,55,first_fit,5479,25,24,COMPLETED_STDOUT_ORDER_PLUS_PINNED_NATIVE_LOOP
S875,55,first_fit,5480,25,24,COMPLETED_STDOUT_ORDER_PLUS_PINNED_NATIVE_LOOP
S875,55,first_fit,5481,25,24,COMPLETED_STDOUT_ORDER_PLUS_PINNED_NATIVE_LOOP
S875,55,first_fit,5482,25,24,COMPLETED_STDOUT_ORDER_PLUS_PINNED_NATIVE_LOOP
S875,55,first_fit,5483,25,24,COMPLETED_STDOUT_ORDER_PLUS_PINNED_NATIVE_LOOP
S875,55,first_fit,5484,25,24,COMPLETED_STDOUT_ORDER_PLUS_PINNED_NATIVE_LOOP
S875,55,first_fit,5485,25,24,COMPLETED_STDOUT_ORDER_PLUS_PINNED_NATIVE_LOOP
S875,55,first_fit,5486,25,24,COMPLETED_STDOUT_ORDER_PLUS_PINNED_NATIVE_LOOP
S875,55,first_fit,5487,25,24,COMPLETED_STDOUT_ORDER_PLUS_PINNED_NATIVE_LOOP
S875,55,first_fit,5488,25,24,COMPLETED_STDOUT_ORDER_PLUS_PINNED_NATIVE_LOOP
S875,55,first_fit,5489,25,24,COMPLETED_STDOUT_ORDER_PLUS_PINNED_NATIVE_LOOP
S875,55,first_fit,5490,25,24,COMPLETED_STDOUT_ORDER_PLUS_PINNED_NATIVE_LOOP
S875,55,first_fit,5491,25,24,COMPLETED_STDOUT_ORDER_PLUS_PINNED_NATIVE_LOOP
S875,55,first_fit,5492,25,24,COMPLETED_STDOUT_ORDER_PLUS_PINNED_NATIVE_LOOP
S875,55,first_fit,5493,25,24,COMPLETED_STDOUT_ORDER_PLUS_PINNED_NATIVE_LOOP
S875,55,first_fit,5494,25,24,COMPLETED_STDOUT_ORDER_PLUS_PINNED_NATIVE_LOOP
S875,55,first_fit,5495,25,24,COMPLETED_STDOUT_ORDER_PLUS_PINNED_NATIVE_LOOP
S875,55,first_fit,5496,25,24,COMPLETED_STDOUT_ORDER_PLUS_PINNED_NATIVE_LOOP
S875,55,first_fit,5497,25,24,COMPLETED_STDOUT_ORDER_PLUS_PINNED_NATIVE_LOOP
S875,55,first_fit,5498,25,24,COMPLETED_STDOUT_ORDER_PLUS_PINNED_NATIVE_LOOP
S875,55,first_fit,5499,25,24,COMPLETED_STDOUT_ORDER_PLUS_PINNED_NATIVE_LOOP
S875,56,first_fit,5500,25,24,COMPLETED_STDOUT_ORDER_PLUS_PINNED_NATIVE_LOOP
S875,56,first_fit,5501,25,24,COMPLETED_STDOUT_ORDER_PLUS_PINNED_NATIVE_LOOP
S875,56,first_fit,5502,25,24,COMPLETED_STDOUT_ORDER_PLUS_PINNED_NATIVE_LOOP
S875,56,first_fit,5503,25,24,COMPLETED_STDOUT_ORDER_PLUS_PINNED_NATIVE_LOOP
S875,56,first_fit,5504,25,24,COMPLETED_STDOUT_ORDER_PLUS_PINNED_NATIVE_LOOP
S875,56,first_fit,5505,25,24,COMPLETED_STDOUT_ORDER_PLUS_PINNED_NATIVE_LOOP
S875,56,first_fit,5506,25,24,COMPLETED_STDOUT_ORDER_PLUS_PINNED_NATIVE_LOOP
S875,56,first_fit,5507,25,24,COMPLETED_STDOUT_ORDER_PLUS_PINNED_NATIVE_LOOP
S875,56,first_fit,5508,25,24,COMPLETED_STDOUT_ORDER_PLUS_PINNED_NATIVE_LOOP
S875,56,first_fit,5509,25,24,COMPLETED_STDOUT_ORDER_PLUS_PINNED_NATIVE_LOOP
S875,56,first_fit,5510,25,24,COMPLETED_STDOUT_ORDER_PLUS_PINNED_NATIVE_LOOP
S875,56,first_fit,5511,25,24,COMPLETED_STDOUT_ORDER_PLUS_PINNED_NATIVE_LOOP
S875,56,first_fit,5512,25,24,COMPLETED_STDOUT_ORDER_PLUS_PINNED_NATIVE_LOOP
S875,56,first_fit,5513,25,24,COMPLETED_STDOUT_ORDER_PLUS_PINNED_NATIVE_LOOP
S875,56,first_fit,5514,25,24,COMPLETED_STDOUT_ORDER_PLUS_PINNED_NATIVE_LOOP
S875,56,first_fit,5515,25,24,COMPLETED_STDOUT_ORDER_PLUS_PINNED_NATIVE_LOOP
S875,56,first_fit,5516,25,24,COMPLETED_STDOUT_ORDER_PLUS_PINNED_NATIVE_LOOP
S875,56,first_fit,5517,25,24,COMPLETED_STDOUT_ORDER_PLUS_PINNED_NATIVE_LOOP
S875,56,first_fit,5518,25,24,COMPLETED_STDOUT_ORDER_PLUS_PINNED_NATIVE_LOOP
S875,56,first_fit,5519,25,24,COMPLETED_STDOUT_ORDER_PLUS_PINNED_NATIVE_LOOP
S875,56,first_fit,5520,25,24,COMPLETED_STDOUT_ORDER_PLUS_PINNED_NATIVE_LOOP
S875,56,first_fit,5521,25,24,COMPLETED_STDOUT_ORDER_PLUS_PINNED_NATIVE_LOOP
S875,56,first_fit,5522,25,24,COMPLETED_STDOUT_ORDER_PLUS_PINNED_NATIVE_LOOP
S875,56,first_fit,5523,25,24,COMPLETED_STDOUT_ORDER_PLUS_PINNED_NATIVE_LOOP
S875,56,first_fit,5524,25,24,COMPLETED_STDOUT_ORDER_PLUS_PINNED_NATIVE_LOOP
S875,56,first_fit,5525,25,24,COMPLETED_STDOUT_ORDER_PLUS_PINNED_NATIVE_LOOP
S875,56,first_fit,5526,25,24,COMPLETED_STDOUT_ORDER_PLUS_PINNED_NATIVE_LOOP
S875,56,first_fit,5527,25,24,COMPLETED_STDOUT_ORDER_PLUS_PINNED_NATIVE_LOOP
S875,56,first_fit,5528,25,24,COMPLETED_STDOUT_ORDER_PLUS_PINNED_NATIVE_LOOP
S875,56,first_fit,5529,25,24,COMPLETED_STDOUT_ORDER_PLUS_PINNED_NATIVE_LOOP
S875,56,first_fit,5530,25,24,COMPLETED_STDOUT_ORDER_PLUS_PINNED_NATIVE_LOOP
S875,56,first_fit,5531,25,24,COMPLETED_STDOUT_ORDER_PLUS_PINNED_NATIVE_LOOP
S875,56,first_fit,5532,25,24,COMPLETED_STDOUT_ORDER_PLUS_PINNED_NATIVE_LOOP
S875,56,first_fit,5533,25,24,COMPLETED_STDOUT_ORDER_PLUS_PINNED_NATIVE_LOOP
S875,56,first_fit,5534,25,24,COMPLETED_STDOUT_ORDER_PLUS_PINNED_NATIVE_LOOP
S875,56,first_fit,5535,25,24,COMPLETED_STDOUT_ORDER_PLUS_PINNED_NATIVE_LOOP
S875,56,first_fit,5536,25,24,COMPLETED_STDOUT_ORDER_PLUS_PINNED_NATIVE_LOOP
S875,56,first_fit,5537,25,24,COMPLETED_STDOUT_ORDER_PLUS_PINNED_NATIVE_LOOP
S875,56,first_fit,5538,25,24,COMPLETED_STDOUT_ORDER_PLUS_PINNED_NATIVE_LOOP
S875,56,first_fit,5539,25,24,COMPLETED_STDOUT_ORDER_PLUS_PINNED_NATIVE_LOOP
S875,56,first_fit,5540,25,24,COMPLETED_STDOUT_ORDER_PLUS_PINNED_NATIVE_LOOP
S875,56,first_fit,5541,25,24,COMPLETED_STDOUT_ORDER_PLUS_PINNED_NATIVE_LOOP
S875,56,first_fit,5542,25,24,COMPLETED_STDOUT_ORDER_PLUS_PINNED_NATIVE_LOOP
S875,56,first_fit,5543,25,24,COMPLETED_STDOUT_ORDER_PLUS_PINNED_NATIVE_LOOP
S875,56,first_fit,5544,25,24,COMPLETED_STDOUT_ORDER_PLUS_PINNED_NATIVE_LOOP
S875,56,first_fit,5545,25,24,COMPLETED_STDOUT_ORDER_PLUS_PINNED_NATIVE_LOOP
S875,56,first_fit,5546,25,24,COMPLETED_STDOUT_ORDER_PLUS_PINNED_NATIVE_LOOP
S875,56,first_fit,5547,25,24,COMPLETED_STDOUT_ORDER_PLUS_PINNED_NATIVE_LOOP
S875,56,first_fit,5548,25,24,COMPLETED_STDOUT_ORDER_PLUS_PINNED_NATIVE_LOOP
S875,56,first_fit,5549,25,24,COMPLETED_STDOUT_ORDER_PLUS_PINNED_NATIVE_LOOP
S875,56,first_fit,5550,25,24,COMPLETED_STDOUT_ORDER_PLUS_PINNED_NATIVE_LOOP
S875,56,first_fit,5551,25,24,COMPLETED_STDOUT_ORDER_PLUS_PINNED_NATIVE_LOOP
S875,56,first_fit,5552,25,24,COMPLETED_STDOUT_ORDER_PLUS_PINNED_NATIVE_LOOP
S875,56,first_fit,5553,25,24,COMPLETED_STDOUT_ORDER_PLUS_PINNED_NATIVE_LOOP
S875,56,first_fit,5554,25,24,COMPLETED_STDOUT_ORDER_PLUS_PINNED_NATIVE_LOOP
S875,56,first_fit,5555,25,24,COMPLETED_STDOUT_ORDER_PLUS_PINNED_NATIVE_LOOP
S875,56,first_fit,5556,25,24,COMPLETED_STDOUT_ORDER_PLUS_PINNED_NATIVE_LOOP
S875,56,first_fit,5557,25,24,COMPLETED_STDOUT_ORDER_PLUS_PINNED_NATIVE_LOOP
S875,56,first_fit,5558,25,24,COMPLETED_STDOUT_ORDER_PLUS_PINNED_NATIVE_LOOP
S875,56,first_fit,5559,25,24,COMPLETED_STDOUT_ORDER_PLUS_PINNED_NATIVE_LOOP
S875,56,first_fit,5560,25,24,COMPLETED_STDOUT_ORDER_PLUS_PINNED_NATIVE_LOOP
S875,56,first_fit,5561,25,24,COMPLETED_STDOUT_ORDER_PLUS_PINNED_NATIVE_LOOP
S875,56,first_fit,5562,25,24,COMPLETED_STDOUT_ORDER_PLUS_PINNED_NATIVE_LOOP
S875,56,first_fit,5563,25,24,COMPLETED_STDOUT_ORDER_PLUS_PINNED_NATIVE_LOOP
S875,56,first_fit,5564,25,24,COMPLETED_STDOUT_ORDER_PLUS_PINNED_NATIVE_LOOP
S875,56,first_fit,5565,25,24,COMPLETED_STDOUT_ORDER_PLUS_PINNED_NATIVE_LOOP
S875,56,first_fit,5566,25,24,COMPLETED_STDOUT_ORDER_PLUS_PINNED_NATIVE_LOOP
S875,56,first_fit,5567,25,24,COMPLETED_STDOUT_ORDER_PLUS_PINNED_NATIVE_LOOP
S875,56,first_fit,5568,25,24,COMPLETED_STDOUT_ORDER_PLUS_PINNED_NATIVE_LOOP
S875,56,first_fit,5569,25,24,COMPLETED_STDOUT_ORDER_PLUS_PINNED_NATIVE_LOOP
S875,56,first_fit,5570,25,24,COMPLETED_STDOUT_ORDER_PLUS_PINNED_NATIVE_LOOP
S875,56,first_fit,5571,25,24,COMPLETED_STDOUT_ORDER_PLUS_PINNED_NATIVE_LOOP
S875,56,first_fit,5572,25,24,COMPLETED_STDOUT_ORDER_PLUS_PINNED_NATIVE_LOOP
S875,56,first_fit,5573,25,24,COMPLETED_STDOUT_ORDER_PLUS_PINNED_NATIVE_LOOP
S875,56,first_fit,5574,25,24,COMPLETED_STDOUT_ORDER_PLUS_PINNED_NATIVE_LOOP
S875,56,first_fit,5575,25,24,COMPLETED_STDOUT_ORDER_PLUS_PINNED_NATIVE_LOOP
S875,56,first_fit,5576,25,24,COMPLETED_STDOUT_ORDER_PLUS_PINNED_NATIVE_LOOP
S875,56,first_fit,5577,25,24,COMPLETED_STDOUT_ORDER_PLUS_PINNED_NATIVE_LOOP
S875,56,first_fit,5578,25,24,COMPLETED_STDOUT_ORDER_PLUS_PINNED_NATIVE_LOOP
S875,56,first_fit,5579,25,24,COMPLETED_STDOUT_ORDER_PLUS_PINNED_NATIVE_LOOP
S875,56,first_fit,5580,25,24,COMPLETED_STDOUT_ORDER_PLUS_PINNED_NATIVE_LOOP
S875,56,first_fit,5581,25,24,COMPLETED_STDOUT_ORDER_PLUS_PINNED_NATIVE_LOOP
S875,56,first_fit,5582,25,24,COMPLETED_STDOUT_ORDER_PLUS_PINNED_NATIVE_LOOP
S875,56,first_fit,5583,25,24,COMPLETED_STDOUT_ORDER_PLUS_PINNED_NATIVE_LOOP
S875,56,first_fit,5584,25,24,COMPLETED_STDOUT_ORDER_PLUS_PINNED_NATIVE_LOOP
S875,56,first_fit,5585,25,24,COMPLETED_STDOUT_ORDER_PLUS_PINNED_NATIVE_LOOP
S875,56,first_fit,5586,25,24,COMPLETED_STDOUT_ORDER_PLUS_PINNED_NATIVE_LOOP
S875,56,first_fit,5587,25,24,COMPLETED_STDOUT_ORDER_PLUS_PINNED_NATIVE_LOOP
S875,56,first_fit,5588,25,24,COMPLETED_STDOUT_ORDER_PLUS_PINNED_NATIVE_LOOP
S875,56,first_fit,5589,25,24,COMPLETED_STDOUT_ORDER_PLUS_PINNED_NATIVE_LOOP
S875,56,first_fit,5590,25,24,COMPLETED_STDOUT_ORDER_PLUS_PINNED_NATIVE_LOOP
S875,56,first_fit,5591,25,24,COMPLETED_STDOUT_ORDER_PLUS_PINNED_NATIVE_LOOP
S875,56,first_fit,5592,25,24,COMPLETED_STDOUT_ORDER_PLUS_PINNED_NATIVE_LOOP
S875,56,first_fit,5593,25,24,COMPLETED_STDOUT_ORDER_PLUS_PINNED_NATIVE_LOOP
S875,56,first_fit,5594,25,24,COMPLETED_STDOUT_ORDER_PLUS_PINNED_NATIVE_LOOP
S875,56,first_fit,5595,25,24,COMPLETED_STDOUT_ORDER_PLUS_PINNED_NATIVE_LOOP
S875,56,first_fit,5596,25,24,COMPLETED_STDOUT_ORDER_PLUS_PINNED_NATIVE_LOOP
S875,56,first_fit,5597,25,24,COMPLETED_STDOUT_ORDER_PLUS_PINNED_NATIVE_LOOP
S875,56,first_fit,5598,25,24,COMPLETED_STDOUT_ORDER_PLUS_PINNED_NATIVE_LOOP
S875,56,first_fit,5599,25,24,COMPLETED_STDOUT_ORDER_PLUS_PINNED_NATIVE_LOOP
S875,57,first_fit,5600,25,24,COMPLETED_STDOUT_ORDER_PLUS_PINNED_NATIVE_LOOP
S875,57,first_fit,5601,25,24,COMPLETED_STDOUT_ORDER_PLUS_PINNED_NATIVE_LOOP
S875,57,first_fit,5602,25,24,COMPLETED_STDOUT_ORDER_PLUS_PINNED_NATIVE_LOOP
S875,57,first_fit,5603,25,24,COMPLETED_STDOUT_ORDER_PLUS_PINNED_NATIVE_LOOP
S875,57,first_fit,5604,25,24,COMPLETED_STDOUT_ORDER_PLUS_PINNED_NATIVE_LOOP
S875,57,first_fit,5605,25,24,COMPLETED_STDOUT_ORDER_PLUS_PINNED_NATIVE_LOOP
S875,57,first_fit,5606,25,24,COMPLETED_STDOUT_ORDER_PLUS_PINNED_NATIVE_LOOP
S875,57,first_fit,5607,25,24,COMPLETED_STDOUT_ORDER_PLUS_PINNED_NATIVE_LOOP
S875,57,first_fit,5608,25,24,COMPLETED_STDOUT_ORDER_PLUS_PINNED_NATIVE_LOOP
S875,57,first_fit,5609,25,24,COMPLETED_STDOUT_ORDER_PLUS_PINNED_NATIVE_LOOP
S875,57,first_fit,5610,25,24,COMPLETED_STDOUT_ORDER_PLUS_PINNED_NATIVE_LOOP
S875,57,first_fit,5611,25,24,COMPLETED_STDOUT_ORDER_PLUS_PINNED_NATIVE_LOOP
S875,57,first_fit,5612,25,24,COMPLETED_STDOUT_ORDER_PLUS_PINNED_NATIVE_LOOP
S875,57,first_fit,5613,25,24,COMPLETED_STDOUT_ORDER_PLUS_PINNED_NATIVE_LOOP
S875,57,first_fit,5614,25,24,COMPLETED_STDOUT_ORDER_PLUS_PINNED_NATIVE_LOOP
S875,57,first_fit,5615,25,24,COMPLETED_STDOUT_ORDER_PLUS_PINNED_NATIVE_LOOP
S875,57,first_fit,5616,25,24,COMPLETED_STDOUT_ORDER_PLUS_PINNED_NATIVE_LOOP
S875,57,first_fit,5617,25,24,COMPLETED_STDOUT_ORDER_PLUS_PINNED_NATIVE_LOOP
S875,57,first_fit,5618,25,24,COMPLETED_STDOUT_ORDER_PLUS_PINNED_NATIVE_LOOP
S875,57,first_fit,5619,25,24,COMPLETED_STDOUT_ORDER_PLUS_PINNED_NATIVE_LOOP
S875,57,first_fit,5620,25,24,COMPLETED_STDOUT_ORDER_PLUS_PINNED_NATIVE_LOOP
S875,57,first_fit,5621,25,24,COMPLETED_STDOUT_ORDER_PLUS_PINNED_NATIVE_LOOP
S875,57,first_fit,5622,25,24,COMPLETED_STDOUT_ORDER_PLUS_PINNED_NATIVE_LOOP
S875,57,first_fit,5623,25,24,COMPLETED_STDOUT_ORDER_PLUS_PINNED_NATIVE_LOOP
S875,57,first_fit,5624,25,24,COMPLETED_STDOUT_ORDER_PLUS_PINNED_NATIVE_LOOP
S875,57,first_fit,5625,25,24,COMPLETED_STDOUT_ORDER_PLUS_PINNED_NATIVE_LOOP
S875,57,first_fit,5626,25,24,COMPLETED_STDOUT_ORDER_PLUS_PINNED_NATIVE_LOOP
S875,57,first_fit,5627,25,24,COMPLETED_STDOUT_ORDER_PLUS_PINNED_NATIVE_LOOP
S875,57,first_fit,5628,25,24,COMPLETED_STDOUT_ORDER_PLUS_PINNED_NATIVE_LOOP
S875,57,first_fit,5629,25,24,COMPLETED_STDOUT_ORDER_PLUS_PINNED_NATIVE_LOOP
S875,57,first_fit,5630,25,24,COMPLETED_STDOUT_ORDER_PLUS_PINNED_NATIVE_LOOP
S875,57,first_fit,5631,25,24,COMPLETED_STDOUT_ORDER_PLUS_PINNED_NATIVE_LOOP
S875,57,first_fit,5632,25,24,COMPLETED_STDOUT_ORDER_PLUS_PINNED_NATIVE_LOOP
S875,57,first_fit,5633,25,24,COMPLETED_STDOUT_ORDER_PLUS_PINNED_NATIVE_LOOP
S875,57,first_fit,5634,25,24,COMPLETED_STDOUT_ORDER_PLUS_PINNED_NATIVE_LOOP
S875,57,first_fit,5635,25,24,COMPLETED_STDOUT_ORDER_PLUS_PINNED_NATIVE_LOOP
S875,57,first_fit,5636,25,24,COMPLETED_STDOUT_ORDER_PLUS_PINNED_NATIVE_LOOP
S875,57,first_fit,5637,25,24,COMPLETED_STDOUT_ORDER_PLUS_PINNED_NATIVE_LOOP
S875,57,first_fit,5638,25,24,COMPLETED_STDOUT_ORDER_PLUS_PINNED_NATIVE_LOOP
S875,57,first_fit,5639,25,24,COMPLETED_STDOUT_ORDER_PLUS_PINNED_NATIVE_LOOP
S875,57,first_fit,5640,25,24,COMPLETED_STDOUT_ORDER_PLUS_PINNED_NATIVE_LOOP
S875,57,first_fit,5641,25,24,COMPLETED_STDOUT_ORDER_PLUS_PINNED_NATIVE_LOOP
S875,57,first_fit,5642,25,24,COMPLETED_STDOUT_ORDER_PLUS_PINNED_NATIVE_LOOP
S875,57,first_fit,5643,25,24,COMPLETED_STDOUT_ORDER_PLUS_PINNED_NATIVE_LOOP
S875,57,first_fit,5644,25,24,COMPLETED_STDOUT_ORDER_PLUS_PINNED_NATIVE_LOOP
S875,57,first_fit,5645,25,24,COMPLETED_STDOUT_ORDER_PLUS_PINNED_NATIVE_LOOP
S875,57,first_fit,5646,25,24,COMPLETED_STDOUT_ORDER_PLUS_PINNED_NATIVE_LOOP
S875,57,first_fit,5647,25,24,COMPLETED_STDOUT_ORDER_PLUS_PINNED_NATIVE_LOOP
S875,57,first_fit,5648,25,24,COMPLETED_STDOUT_ORDER_PLUS_PINNED_NATIVE_LOOP
S875,57,first_fit,5649,25,24,COMPLETED_STDOUT_ORDER_PLUS_PINNED_NATIVE_LOOP
S875,57,first_fit,5650,25,24,COMPLETED_STDOUT_ORDER_PLUS_PINNED_NATIVE_LOOP
S875,57,first_fit,5651,25,24,COMPLETED_STDOUT_ORDER_PLUS_PINNED_NATIVE_LOOP
S875,57,first_fit,5652,25,24,COMPLETED_STDOUT_ORDER_PLUS_PINNED_NATIVE_LOOP
S875,57,first_fit,5653,25,24,COMPLETED_STDOUT_ORDER_PLUS_PINNED_NATIVE_LOOP
S875,57,first_fit,5654,25,24,COMPLETED_STDOUT_ORDER_PLUS_PINNED_NATIVE_LOOP
S875,57,first_fit,5655,25,24,COMPLETED_STDOUT_ORDER_PLUS_PINNED_NATIVE_LOOP
S875,57,first_fit,5656,25,24,COMPLETED_STDOUT_ORDER_PLUS_PINNED_NATIVE_LOOP
S875,57,first_fit,5657,25,24,COMPLETED_STDOUT_ORDER_PLUS_PINNED_NATIVE_LOOP
S875,57,first_fit,5658,25,24,COMPLETED_STDOUT_ORDER_PLUS_PINNED_NATIVE_LOOP
S875,57,first_fit,5659,25,24,COMPLETED_STDOUT_ORDER_PLUS_PINNED_NATIVE_LOOP
S875,57,first_fit,5660,25,24,COMPLETED_STDOUT_ORDER_PLUS_PINNED_NATIVE_LOOP
S875,57,first_fit,5661,25,24,COMPLETED_STDOUT_ORDER_PLUS_PINNED_NATIVE_LOOP
S875,57,first_fit,5662,25,24,COMPLETED_STDOUT_ORDER_PLUS_PINNED_NATIVE_LOOP
S875,57,first_fit,5663,25,24,COMPLETED_STDOUT_ORDER_PLUS_PINNED_NATIVE_LOOP
S875,57,first_fit,5664,25,24,COMPLETED_STDOUT_ORDER_PLUS_PINNED_NATIVE_LOOP
S875,57,first_fit,5665,25,24,COMPLETED_STDOUT_ORDER_PLUS_PINNED_NATIVE_LOOP
S875,57,first_fit,5666,25,24,COMPLETED_STDOUT_ORDER_PLUS_PINNED_NATIVE_LOOP
S875,57,first_fit,5667,25,24,COMPLETED_STDOUT_ORDER_PLUS_PINNED_NATIVE_LOOP
S875,57,first_fit,5668,25,24,COMPLETED_STDOUT_ORDER_PLUS_PINNED_NATIVE_LOOP
S875,57,first_fit,5669,25,24,COMPLETED_STDOUT_ORDER_PLUS_PINNED_NATIVE_LOOP
S875,57,first_fit,5670,25,24,COMPLETED_STDOUT_ORDER_PLUS_PINNED_NATIVE_LOOP
S875,57,first_fit,5671,25,24,COMPLETED_STDOUT_ORDER_PLUS_PINNED_NATIVE_LOOP
S875,57,first_fit,5672,25,24,COMPLETED_STDOUT_ORDER_PLUS_PINNED_NATIVE_LOOP
S875,57,first_fit,5673,25,24,COMPLETED_STDOUT_ORDER_PLUS_PINNED_NATIVE_LOOP
S875,57,first_fit,5674,25,24,COMPLETED_STDOUT_ORDER_PLUS_PINNED_NATIVE_LOOP
S875,57,first_fit,5675,25,24,COMPLETED_STDOUT_ORDER_PLUS_PINNED_NATIVE_LOOP
S875,57,first_fit,5676,25,24,COMPLETED_STDOUT_ORDER_PLUS_PINNED_NATIVE_LOOP
S875,57,first_fit,5677,25,24,COMPLETED_STDOUT_ORDER_PLUS_PINNED_NATIVE_LOOP
S875,57,first_fit,5678,25,24,COMPLETED_STDOUT_ORDER_PLUS_PINNED_NATIVE_LOOP
S875,57,first_fit,5679,25,24,COMPLETED_STDOUT_ORDER_PLUS_PINNED_NATIVE_LOOP
S875,57,first_fit,5680,25,24,COMPLETED_STDOUT_ORDER_PLUS_PINNED_NATIVE_LOOP
S875,57,first_fit,5681,25,24,COMPLETED_STDOUT_ORDER_PLUS_PINNED_NATIVE_LOOP
S875,57,first_fit,5682,25,24,COMPLETED_STDOUT_ORDER_PLUS_PINNED_NATIVE_LOOP
S875,57,first_fit,5683,25,24,COMPLETED_STDOUT_ORDER_PLUS_PINNED_NATIVE_LOOP
S875,57,first_fit,5684,25,24,COMPLETED_STDOUT_ORDER_PLUS_PINNED_NATIVE_LOOP
S875,57,first_fit,5685,25,24,COMPLETED_STDOUT_ORDER_PLUS_PINNED_NATIVE_LOOP
S875,57,first_fit,5686,25,24,COMPLETED_STDOUT_ORDER_PLUS_PINNED_NATIVE_LOOP
S875,57,first_fit,5687,25,24,COMPLETED_STDOUT_ORDER_PLUS_PINNED_NATIVE_LOOP
S875,57,first_fit,5688,25,24,COMPLETED_STDOUT_ORDER_PLUS_PINNED_NATIVE_LOOP
S875,57,first_fit,5689,25,24,COMPLETED_STDOUT_ORDER_PLUS_PINNED_NATIVE_LOOP
S875,57,first_fit,5690,25,24,COMPLETED_STDOUT_ORDER_PLUS_PINNED_NATIVE_LOOP
S875,57,first_fit,5691,25,24,COMPLETED_STDOUT_ORDER_PLUS_PINNED_NATIVE_LOOP
S875,57,first_fit,5692,25,24,COMPLETED_STDOUT_ORDER_PLUS_PINNED_NATIVE_LOOP
S875,57,first_fit,5693,25,24,COMPLETED_STDOUT_ORDER_PLUS_PINNED_NATIVE_LOOP
S875,57,first_fit,5694,25,24,COMPLETED_STDOUT_ORDER_PLUS_PINNED_NATIVE_LOOP
S875,57,first_fit,5695,25,24,COMPLETED_STDOUT_ORDER_PLUS_PINNED_NATIVE_LOOP
S875,57,first_fit,5696,25,24,COMPLETED_STDOUT_ORDER_PLUS_PINNED_NATIVE_LOOP
S875,57,first_fit,5697,25,24,COMPLETED_STDOUT_ORDER_PLUS_PINNED_NATIVE_LOOP
S875,57,first_fit,5698,25,24,COMPLETED_STDOUT_ORDER_PLUS_PINNED_NATIVE_LOOP
S875,57,first_fit,5699,25,24,COMPLETED_STDOUT_ORDER_PLUS_PINNED_NATIVE_LOOP
S875,58,first_fit,5700,25,24,COMPLETED_STDOUT_ORDER_PLUS_PINNED_NATIVE_LOOP
S875,58,first_fit,5701,25,24,COMPLETED_STDOUT_ORDER_PLUS_PINNED_NATIVE_LOOP
S875,58,first_fit,5702,25,24,COMPLETED_STDOUT_ORDER_PLUS_PINNED_NATIVE_LOOP
S875,58,first_fit,5703,25,24,COMPLETED_STDOUT_ORDER_PLUS_PINNED_NATIVE_LOOP
S875,58,first_fit,5704,25,24,COMPLETED_STDOUT_ORDER_PLUS_PINNED_NATIVE_LOOP
S875,58,first_fit,5705,25,24,COMPLETED_STDOUT_ORDER_PLUS_PINNED_NATIVE_LOOP
S875,58,first_fit,5706,25,24,COMPLETED_STDOUT_ORDER_PLUS_PINNED_NATIVE_LOOP
S875,58,first_fit,5707,25,24,COMPLETED_STDOUT_ORDER_PLUS_PINNED_NATIVE_LOOP
S875,58,first_fit,5708,25,24,COMPLETED_STDOUT_ORDER_PLUS_PINNED_NATIVE_LOOP
S875,58,first_fit,5709,25,24,COMPLETED_STDOUT_ORDER_PLUS_PINNED_NATIVE_LOOP
S875,58,first_fit,5710,25,24,COMPLETED_STDOUT_ORDER_PLUS_PINNED_NATIVE_LOOP
S875,58,first_fit,5711,25,24,COMPLETED_STDOUT_ORDER_PLUS_PINNED_NATIVE_LOOP
S875,58,first_fit,5712,25,24,COMPLETED_STDOUT_ORDER_PLUS_PINNED_NATIVE_LOOP
S875,58,first_fit,5713,25,24,COMPLETED_STDOUT_ORDER_PLUS_PINNED_NATIVE_LOOP
S875,58,first_fit,5714,25,24,COMPLETED_STDOUT_ORDER_PLUS_PINNED_NATIVE_LOOP
S875,58,first_fit,5715,25,24,COMPLETED_STDOUT_ORDER_PLUS_PINNED_NATIVE_LOOP
S875,58,first_fit,5716,25,24,COMPLETED_STDOUT_ORDER_PLUS_PINNED_NATIVE_LOOP
S875,58,first_fit,5717,25,24,COMPLETED_STDOUT_ORDER_PLUS_PINNED_NATIVE_LOOP
S875,58,first_fit,5718,25,24,COMPLETED_STDOUT_ORDER_PLUS_PINNED_NATIVE_LOOP
S875,58,first_fit,5719,25,24,COMPLETED_STDOUT_ORDER_PLUS_PINNED_NATIVE_LOOP
S875,58,first_fit,5720,25,24,COMPLETED_STDOUT_ORDER_PLUS_PINNED_NATIVE_LOOP
S875,58,first_fit,5721,25,24,COMPLETED_STDOUT_ORDER_PLUS_PINNED_NATIVE_LOOP
S875,58,first_fit,5722,25,24,COMPLETED_STDOUT_ORDER_PLUS_PINNED_NATIVE_LOOP
S875,58,first_fit,5723,25,24,COMPLETED_STDOUT_ORDER_PLUS_PINNED_NATIVE_LOOP
S875,58,first_fit,5724,25,24,COMPLETED_STDOUT_ORDER_PLUS_PINNED_NATIVE_LOOP
S875,58,first_fit,5725,25,24,COMPLETED_STDOUT_ORDER_PLUS_PINNED_NATIVE_LOOP
S875,58,first_fit,5726,25,24,COMPLETED_STDOUT_ORDER_PLUS_PINNED_NATIVE_LOOP
S875,58,first_fit,5727,25,24,COMPLETED_STDOUT_ORDER_PLUS_PINNED_NATIVE_LOOP
S875,58,first_fit,5728,25,24,COMPLETED_STDOUT_ORDER_PLUS_PINNED_NATIVE_LOOP
S875,58,first_fit,5729,25,24,COMPLETED_STDOUT_ORDER_PLUS_PINNED_NATIVE_LOOP
S875,58,first_fit,5730,25,24,COMPLETED_STDOUT_ORDER_PLUS_PINNED_NATIVE_LOOP
S875,58,first_fit,5731,25,24,COMPLETED_STDOUT_ORDER_PLUS_PINNED_NATIVE_LOOP
S875,58,first_fit,5732,25,24,COMPLETED_STDOUT_ORDER_PLUS_PINNED_NATIVE_LOOP
S875,58,first_fit,5733,25,24,COMPLETED_STDOUT_ORDER_PLUS_PINNED_NATIVE_LOOP
S875,58,first_fit,5734,25,24,COMPLETED_STDOUT_ORDER_PLUS_PINNED_NATIVE_LOOP
S875,58,first_fit,5735,25,24,COMPLETED_STDOUT_ORDER_PLUS_PINNED_NATIVE_LOOP
S875,58,first_fit,5736,25,24,COMPLETED_STDOUT_ORDER_PLUS_PINNED_NATIVE_LOOP
S875,58,first_fit,5737,25,24,COMPLETED_STDOUT_ORDER_PLUS_PINNED_NATIVE_LOOP
S875,58,first_fit,5738,25,24,COMPLETED_STDOUT_ORDER_PLUS_PINNED_NATIVE_LOOP
S875,58,first_fit,5739,25,24,COMPLETED_STDOUT_ORDER_PLUS_PINNED_NATIVE_LOOP
S875,58,first_fit,5740,25,24,COMPLETED_STDOUT_ORDER_PLUS_PINNED_NATIVE_LOOP
S875,58,first_fit,5741,25,24,COMPLETED_STDOUT_ORDER_PLUS_PINNED_NATIVE_LOOP
S875,58,first_fit,5742,25,24,COMPLETED_STDOUT_ORDER_PLUS_PINNED_NATIVE_LOOP
S875,58,first_fit,5743,25,24,COMPLETED_STDOUT_ORDER_PLUS_PINNED_NATIVE_LOOP
S875,58,first_fit,5744,25,24,COMPLETED_STDOUT_ORDER_PLUS_PINNED_NATIVE_LOOP
S875,58,first_fit,5745,25,24,COMPLETED_STDOUT_ORDER_PLUS_PINNED_NATIVE_LOOP
S875,58,first_fit,5746,25,24,COMPLETED_STDOUT_ORDER_PLUS_PINNED_NATIVE_LOOP
S875,58,first_fit,5747,25,24,COMPLETED_STDOUT_ORDER_PLUS_PINNED_NATIVE_LOOP
S875,58,first_fit,5748,25,24,COMPLETED_STDOUT_ORDER_PLUS_PINNED_NATIVE_LOOP
S875,58,first_fit,5749,25,24,COMPLETED_STDOUT_ORDER_PLUS_PINNED_NATIVE_LOOP
S875,58,first_fit,5750,25,24,COMPLETED_STDOUT_ORDER_PLUS_PINNED_NATIVE_LOOP
S875,58,first_fit,5751,25,24,COMPLETED_STDOUT_ORDER_PLUS_PINNED_NATIVE_LOOP
S875,58,first_fit,5752,25,24,COMPLETED_STDOUT_ORDER_PLUS_PINNED_NATIVE_LOOP
S875,58,first_fit,5753,25,24,COMPLETED_STDOUT_ORDER_PLUS_PINNED_NATIVE_LOOP
S875,58,first_fit,5754,25,24,COMPLETED_STDOUT_ORDER_PLUS_PINNED_NATIVE_LOOP
S875,58,first_fit,5755,25,24,COMPLETED_STDOUT_ORDER_PLUS_PINNED_NATIVE_LOOP
S875,58,first_fit,5756,25,24,COMPLETED_STDOUT_ORDER_PLUS_PINNED_NATIVE_LOOP
S875,58,first_fit,5757,25,24,COMPLETED_STDOUT_ORDER_PLUS_PINNED_NATIVE_LOOP
S875,58,first_fit,5758,25,24,COMPLETED_STDOUT_ORDER_PLUS_PINNED_NATIVE_LOOP
S875,58,first_fit,5759,25,24,COMPLETED_STDOUT_ORDER_PLUS_PINNED_NATIVE_LOOP
S875,58,first_fit,5760,25,24,COMPLETED_STDOUT_ORDER_PLUS_PINNED_NATIVE_LOOP
S875,58,first_fit,5761,25,24,COMPLETED_STDOUT_ORDER_PLUS_PINNED_NATIVE_LOOP
S875,58,first_fit,5762,25,24,COMPLETED_STDOUT_ORDER_PLUS_PINNED_NATIVE_LOOP
S875,58,first_fit,5763,25,24,COMPLETED_STDOUT_ORDER_PLUS_PINNED_NATIVE_LOOP
S875,58,first_fit,5764,25,24,COMPLETED_STDOUT_ORDER_PLUS_PINNED_NATIVE_LOOP
S875,58,first_fit,5765,25,24,COMPLETED_STDOUT_ORDER_PLUS_PINNED_NATIVE_LOOP
S875,58,first_fit,5766,25,24,COMPLETED_STDOUT_ORDER_PLUS_PINNED_NATIVE_LOOP
S875,58,first_fit,5767,25,24,COMPLETED_STDOUT_ORDER_PLUS_PINNED_NATIVE_LOOP
S875,58,first_fit,5768,25,24,COMPLETED_STDOUT_ORDER_PLUS_PINNED_NATIVE_LOOP
S875,58,first_fit,5769,25,24,COMPLETED_STDOUT_ORDER_PLUS_PINNED_NATIVE_LOOP
S875,58,first_fit,5770,25,24,COMPLETED_STDOUT_ORDER_PLUS_PINNED_NATIVE_LOOP
S875,58,first_fit,5771,25,24,COMPLETED_STDOUT_ORDER_PLUS_PINNED_NATIVE_LOOP
S875,58,first_fit,5772,25,24,COMPLETED_STDOUT_ORDER_PLUS_PINNED_NATIVE_LOOP
S875,58,first_fit,5773,25,24,COMPLETED_STDOUT_ORDER_PLUS_PINNED_NATIVE_LOOP
S875,58,first_fit,5774,25,24,COMPLETED_STDOUT_ORDER_PLUS_PINNED_NATIVE_LOOP
S875,58,first_fit,5775,25,24,COMPLETED_STDOUT_ORDER_PLUS_PINNED_NATIVE_LOOP
S875,58,first_fit,5776,25,24,COMPLETED_STDOUT_ORDER_PLUS_PINNED_NATIVE_LOOP
S875,58,first_fit,5777,25,24,COMPLETED_STDOUT_ORDER_PLUS_PINNED_NATIVE_LOOP
S875,58,first_fit,5778,25,24,COMPLETED_STDOUT_ORDER_PLUS_PINNED_NATIVE_LOOP
S875,58,first_fit,5779,25,24,COMPLETED_STDOUT_ORDER_PLUS_PINNED_NATIVE_LOOP
S875,58,first_fit,5780,25,24,COMPLETED_STDOUT_ORDER_PLUS_PINNED_NATIVE_LOOP
S875,58,first_fit,5781,25,24,COMPLETED_STDOUT_ORDER_PLUS_PINNED_NATIVE_LOOP
S875,58,first_fit,5782,25,24,COMPLETED_STDOUT_ORDER_PLUS_PINNED_NATIVE_LOOP
S875,58,first_fit,5783,25,24,COMPLETED_STDOUT_ORDER_PLUS_PINNED_NATIVE_LOOP
S875,58,first_fit,5784,25,24,COMPLETED_STDOUT_ORDER_PLUS_PINNED_NATIVE_LOOP
S875,58,first_fit,5785,25,24,COMPLETED_STDOUT_ORDER_PLUS_PINNED_NATIVE_LOOP
S875,58,first_fit,5786,25,24,COMPLETED_STDOUT_ORDER_PLUS_PINNED_NATIVE_LOOP
S875,58,first_fit,5787,25,24,COMPLETED_STDOUT_ORDER_PLUS_PINNED_NATIVE_LOOP
S875,58,first_fit,5788,25,24,COMPLETED_STDOUT_ORDER_PLUS_PINNED_NATIVE_LOOP
S875,58,first_fit,5789,25,24,COMPLETED_STDOUT_ORDER_PLUS_PINNED_NATIVE_LOOP
S875,58,first_fit,5790,25,24,COMPLETED_STDOUT_ORDER_PLUS_PINNED_NATIVE_LOOP
S875,58,first_fit,5791,25,24,COMPLETED_STDOUT_ORDER_PLUS_PINNED_NATIVE_LOOP
S875,58,first_fit,5792,25,24,COMPLETED_STDOUT_ORDER_PLUS_PINNED_NATIVE_LOOP
S875,58,first_fit,5793,25,24,COMPLETED_STDOUT_ORDER_PLUS_PINNED_NATIVE_LOOP
S875,58,first_fit,5794,25,24,COMPLETED_STDOUT_ORDER_PLUS_PINNED_NATIVE_LOOP
S875,58,first_fit,5795,25,24,COMPLETED_STDOUT_ORDER_PLUS_PINNED_NATIVE_LOOP
S875,58,first_fit,5796,25,24,COMPLETED_STDOUT_ORDER_PLUS_PINNED_NATIVE_LOOP
S875,58,first_fit,5797,25,24,COMPLETED_STDOUT_ORDER_PLUS_PINNED_NATIVE_LOOP
S875,58,first_fit,5798,25,24,COMPLETED_STDOUT_ORDER_PLUS_PINNED_NATIVE_LOOP
S875,58,first_fit,5799,25,24,COMPLETED_STDOUT_ORDER_PLUS_PINNED_NATIVE_LOOP
S875,59,first_fit,5800,25,24,COMPLETED_STDOUT_ORDER_PLUS_PINNED_NATIVE_LOOP
S875,59,first_fit,5801,25,24,COMPLETED_STDOUT_ORDER_PLUS_PINNED_NATIVE_LOOP
S875,59,first_fit,5802,25,24,COMPLETED_STDOUT_ORDER_PLUS_PINNED_NATIVE_LOOP
S875,59,first_fit,5803,25,24,COMPLETED_STDOUT_ORDER_PLUS_PINNED_NATIVE_LOOP
S875,59,first_fit,5804,25,24,COMPLETED_STDOUT_ORDER_PLUS_PINNED_NATIVE_LOOP
S875,59,first_fit,5805,25,24,COMPLETED_STDOUT_ORDER_PLUS_PINNED_NATIVE_LOOP
S875,59,first_fit,5806,25,24,COMPLETED_STDOUT_ORDER_PLUS_PINNED_NATIVE_LOOP
S875,59,first_fit,5807,25,24,COMPLETED_STDOUT_ORDER_PLUS_PINNED_NATIVE_LOOP
S875,59,first_fit,5808,25,24,COMPLETED_STDOUT_ORDER_PLUS_PINNED_NATIVE_LOOP
S875,59,first_fit,5809,25,24,COMPLETED_STDOUT_ORDER_PLUS_PINNED_NATIVE_LOOP
S875,59,first_fit,5810,25,24,COMPLETED_STDOUT_ORDER_PLUS_PINNED_NATIVE_LOOP
S875,59,first_fit,5811,25,24,COMPLETED_STDOUT_ORDER_PLUS_PINNED_NATIVE_LOOP
S875,59,first_fit,5812,25,24,COMPLETED_STDOUT_ORDER_PLUS_PINNED_NATIVE_LOOP
S875,59,first_fit,5813,25,24,COMPLETED_STDOUT_ORDER_PLUS_PINNED_NATIVE_LOOP
S875,59,first_fit,5814,25,24,COMPLETED_STDOUT_ORDER_PLUS_PINNED_NATIVE_LOOP
S875,59,first_fit,5815,25,24,COMPLETED_STDOUT_ORDER_PLUS_PINNED_NATIVE_LOOP
S875,59,first_fit,5816,25,24,COMPLETED_STDOUT_ORDER_PLUS_PINNED_NATIVE_LOOP
S875,59,first_fit,5817,25,24,COMPLETED_STDOUT_ORDER_PLUS_PINNED_NATIVE_LOOP
S875,59,first_fit,5818,25,24,COMPLETED_STDOUT_ORDER_PLUS_PINNED_NATIVE_LOOP
S875,59,first_fit,5819,25,24,COMPLETED_STDOUT_ORDER_PLUS_PINNED_NATIVE_LOOP
S875,59,first_fit,5820,25,24,COMPLETED_STDOUT_ORDER_PLUS_PINNED_NATIVE_LOOP
S875,59,first_fit,5821,25,24,COMPLETED_STDOUT_ORDER_PLUS_PINNED_NATIVE_LOOP
S875,59,first_fit,5822,25,24,COMPLETED_STDOUT_ORDER_PLUS_PINNED_NATIVE_LOOP
S875,59,first_fit,5823,25,24,COMPLETED_STDOUT_ORDER_PLUS_PINNED_NATIVE_LOOP
S875,59,first_fit,5824,25,24,COMPLETED_STDOUT_ORDER_PLUS_PINNED_NATIVE_LOOP
S875,59,first_fit,5825,25,24,COMPLETED_STDOUT_ORDER_PLUS_PINNED_NATIVE_LOOP
S875,59,first_fit,5826,25,24,COMPLETED_STDOUT_ORDER_PLUS_PINNED_NATIVE_LOOP
S875,59,first_fit,5827,25,24,COMPLETED_STDOUT_ORDER_PLUS_PINNED_NATIVE_LOOP
S875,59,first_fit,5828,25,24,COMPLETED_STDOUT_ORDER_PLUS_PINNED_NATIVE_LOOP
S875,59,first_fit,5829,25,24,COMPLETED_STDOUT_ORDER_PLUS_PINNED_NATIVE_LOOP
S875,59,first_fit,5830,25,24,COMPLETED_STDOUT_ORDER_PLUS_PINNED_NATIVE_LOOP
S875,59,first_fit,5831,25,24,COMPLETED_STDOUT_ORDER_PLUS_PINNED_NATIVE_LOOP
S875,59,first_fit,5832,25,24,COMPLETED_STDOUT_ORDER_PLUS_PINNED_NATIVE_LOOP
S875,59,first_fit,5833,25,24,COMPLETED_STDOUT_ORDER_PLUS_PINNED_NATIVE_LOOP
S875,59,first_fit,5834,25,24,COMPLETED_STDOUT_ORDER_PLUS_PINNED_NATIVE_LOOP
S875,59,first_fit,5835,25,24,COMPLETED_STDOUT_ORDER_PLUS_PINNED_NATIVE_LOOP
S875,59,first_fit,5836,25,24,COMPLETED_STDOUT_ORDER_PLUS_PINNED_NATIVE_LOOP
S875,59,first_fit,5837,25,24,COMPLETED_STDOUT_ORDER_PLUS_PINNED_NATIVE_LOOP
S875,59,first_fit,5838,25,24,COMPLETED_STDOUT_ORDER_PLUS_PINNED_NATIVE_LOOP
S875,59,first_fit,5839,25,24,COMPLETED_STDOUT_ORDER_PLUS_PINNED_NATIVE_LOOP
S875,59,first_fit,5840,25,24,COMPLETED_STDOUT_ORDER_PLUS_PINNED_NATIVE_LOOP
S875,59,first_fit,5841,25,24,COMPLETED_STDOUT_ORDER_PLUS_PINNED_NATIVE_LOOP
S875,59,first_fit,5842,25,24,COMPLETED_STDOUT_ORDER_PLUS_PINNED_NATIVE_LOOP
S875,59,first_fit,5843,25,24,COMPLETED_STDOUT_ORDER_PLUS_PINNED_NATIVE_LOOP
S875,59,first_fit,5844,25,24,COMPLETED_STDOUT_ORDER_PLUS_PINNED_NATIVE_LOOP
S875,59,first_fit,5845,25,24,COMPLETED_STDOUT_ORDER_PLUS_PINNED_NATIVE_LOOP
S875,59,first_fit,5846,25,24,COMPLETED_STDOUT_ORDER_PLUS_PINNED_NATIVE_LOOP
S875,59,first_fit,5847,25,24,COMPLETED_STDOUT_ORDER_PLUS_PINNED_NATIVE_LOOP
S875,59,first_fit,5848,25,24,COMPLETED_STDOUT_ORDER_PLUS_PINNED_NATIVE_LOOP
S875,59,first_fit,5849,25,24,COMPLETED_STDOUT_ORDER_PLUS_PINNED_NATIVE_LOOP
S875,59,first_fit,5850,25,24,COMPLETED_STDOUT_ORDER_PLUS_PINNED_NATIVE_LOOP
S875,59,first_fit,5851,25,24,COMPLETED_STDOUT_ORDER_PLUS_PINNED_NATIVE_LOOP
S875,59,first_fit,5852,25,24,COMPLETED_STDOUT_ORDER_PLUS_PINNED_NATIVE_LOOP
S875,59,first_fit,5853,25,24,COMPLETED_STDOUT_ORDER_PLUS_PINNED_NATIVE_LOOP
S875,59,first_fit,5854,25,24,COMPLETED_STDOUT_ORDER_PLUS_PINNED_NATIVE_LOOP
S875,59,first_fit,5855,25,24,COMPLETED_STDOUT_ORDER_PLUS_PINNED_NATIVE_LOOP
S875,59,first_fit,5856,25,24,COMPLETED_STDOUT_ORDER_PLUS_PINNED_NATIVE_LOOP
S875,59,first_fit,5857,25,24,COMPLETED_STDOUT_ORDER_PLUS_PINNED_NATIVE_LOOP
S875,59,first_fit,5858,25,24,COMPLETED_STDOUT_ORDER_PLUS_PINNED_NATIVE_LOOP
S875,59,first_fit,5859,25,24,COMPLETED_STDOUT_ORDER_PLUS_PINNED_NATIVE_LOOP
S875,59,first_fit,5860,25,24,COMPLETED_STDOUT_ORDER_PLUS_PINNED_NATIVE_LOOP
S875,59,first_fit,5861,25,24,COMPLETED_STDOUT_ORDER_PLUS_PINNED_NATIVE_LOOP
S875,59,first_fit,5862,25,24,COMPLETED_STDOUT_ORDER_PLUS_PINNED_NATIVE_LOOP
S875,59,first_fit,5863,25,24,COMPLETED_STDOUT_ORDER_PLUS_PINNED_NATIVE_LOOP
S875,59,first_fit,5864,25,24,COMPLETED_STDOUT_ORDER_PLUS_PINNED_NATIVE_LOOP
S875,59,first_fit,5865,25,24,COMPLETED_STDOUT_ORDER_PLUS_PINNED_NATIVE_LOOP
S875,59,first_fit,5866,25,24,COMPLETED_STDOUT_ORDER_PLUS_PINNED_NATIVE_LOOP
S875,59,first_fit,5867,25,24,COMPLETED_STDOUT_ORDER_PLUS_PINNED_NATIVE_LOOP
S875,59,first_fit,5868,25,24,COMPLETED_STDOUT_ORDER_PLUS_PINNED_NATIVE_LOOP
S875,59,first_fit,5869,25,24,COMPLETED_STDOUT_ORDER_PLUS_PINNED_NATIVE_LOOP
S875,59,first_fit,5870,25,24,COMPLETED_STDOUT_ORDER_PLUS_PINNED_NATIVE_LOOP
S875,59,first_fit,5871,25,24,COMPLETED_STDOUT_ORDER_PLUS_PINNED_NATIVE_LOOP
S875,59,first_fit,5872,25,24,COMPLETED_STDOUT_ORDER_PLUS_PINNED_NATIVE_LOOP
S875,59,first_fit,5873,25,24,COMPLETED_STDOUT_ORDER_PLUS_PINNED_NATIVE_LOOP
S875,59,first_fit,5874,25,24,COMPLETED_STDOUT_ORDER_PLUS_PINNED_NATIVE_LOOP
S875,59,first_fit,5875,25,24,COMPLETED_STDOUT_ORDER_PLUS_PINNED_NATIVE_LOOP
S875,59,first_fit,5876,25,24,COMPLETED_STDOUT_ORDER_PLUS_PINNED_NATIVE_LOOP
S875,59,first_fit,5877,25,24,COMPLETED_STDOUT_ORDER_PLUS_PINNED_NATIVE_LOOP
S875,59,first_fit,5878,25,24,COMPLETED_STDOUT_ORDER_PLUS_PINNED_NATIVE_LOOP
S875,59,first_fit,5879,25,24,COMPLETED_STDOUT_ORDER_PLUS_PINNED_NATIVE_LOOP
S875,59,first_fit,5880,25,24,COMPLETED_STDOUT_ORDER_PLUS_PINNED_NATIVE_LOOP
S875,59,first_fit,5881,25,24,COMPLETED_STDOUT_ORDER_PLUS_PINNED_NATIVE_LOOP
S875,59,first_fit,5882,25,24,COMPLETED_STDOUT_ORDER_PLUS_PINNED_NATIVE_LOOP
S875,59,first_fit,5883,25,24,COMPLETED_STDOUT_ORDER_PLUS_PINNED_NATIVE_LOOP
S875,59,first_fit,5884,25,24,COMPLETED_STDOUT_ORDER_PLUS_PINNED_NATIVE_LOOP
S875,59,first_fit,5885,25,24,COMPLETED_STDOUT_ORDER_PLUS_PINNED_NATIVE_LOOP
S875,59,first_fit,5886,25,24,COMPLETED_STDOUT_ORDER_PLUS_PINNED_NATIVE_LOOP
S875,59,first_fit,5887,25,24,COMPLETED_STDOUT_ORDER_PLUS_PINNED_NATIVE_LOOP
S875,59,first_fit,5888,25,24,COMPLETED_STDOUT_ORDER_PLUS_PINNED_NATIVE_LOOP
S875,59,first_fit,5889,25,24,COMPLETED_STDOUT_ORDER_PLUS_PINNED_NATIVE_LOOP
S875,59,first_fit,5890,25,24,COMPLETED_STDOUT_ORDER_PLUS_PINNED_NATIVE_LOOP
S875,59,first_fit,5891,25,24,COMPLETED_STDOUT_ORDER_PLUS_PINNED_NATIVE_LOOP
S875,59,first_fit,5892,25,24,COMPLETED_STDOUT_ORDER_PLUS_PINNED_NATIVE_LOOP
S875,59,first_fit,5893,25,24,COMPLETED_STDOUT_ORDER_PLUS_PINNED_NATIVE_LOOP
S875,59,first_fit,5894,25,24,COMPLETED_STDOUT_ORDER_PLUS_PINNED_NATIVE_LOOP
S875,59,first_fit,5895,25,24,COMPLETED_STDOUT_ORDER_PLUS_PINNED_NATIVE_LOOP
S875,59,first_fit,5896,25,24,COMPLETED_STDOUT_ORDER_PLUS_PINNED_NATIVE_LOOP
S875,59,first_fit,5897,25,24,COMPLETED_STDOUT_ORDER_PLUS_PINNED_NATIVE_LOOP
S875,59,first_fit,5898,25,24,COMPLETED_STDOUT_ORDER_PLUS_PINNED_NATIVE_LOOP
S875,59,first_fit,5899,25,24,COMPLETED_STDOUT_ORDER_PLUS_PINNED_NATIVE_LOOP
S875,60,first_fit,5900,25,24,COMPLETED_STDOUT_ORDER_PLUS_PINNED_NATIVE_LOOP
S875,60,first_fit,5901,25,24,COMPLETED_STDOUT_ORDER_PLUS_PINNED_NATIVE_LOOP
S875,60,first_fit,5902,25,24,COMPLETED_STDOUT_ORDER_PLUS_PINNED_NATIVE_LOOP
S875,60,first_fit,5903,25,24,COMPLETED_STDOUT_ORDER_PLUS_PINNED_NATIVE_LOOP
S875,60,first_fit,5904,25,24,COMPLETED_STDOUT_ORDER_PLUS_PINNED_NATIVE_LOOP
S875,60,first_fit,5905,25,24,COMPLETED_STDOUT_ORDER_PLUS_PINNED_NATIVE_LOOP
S875,60,first_fit,5906,25,24,COMPLETED_STDOUT_ORDER_PLUS_PINNED_NATIVE_LOOP
S875,60,first_fit,5907,25,24,COMPLETED_STDOUT_ORDER_PLUS_PINNED_NATIVE_LOOP
S875,60,first_fit,5908,25,24,COMPLETED_STDOUT_ORDER_PLUS_PINNED_NATIVE_LOOP
S875,60,first_fit,5909,25,24,COMPLETED_STDOUT_ORDER_PLUS_PINNED_NATIVE_LOOP
S875,60,first_fit,5910,25,24,COMPLETED_STDOUT_ORDER_PLUS_PINNED_NATIVE_LOOP
S875,60,first_fit,5911,25,24,COMPLETED_STDOUT_ORDER_PLUS_PINNED_NATIVE_LOOP
S875,60,first_fit,5912,25,24,COMPLETED_STDOUT_ORDER_PLUS_PINNED_NATIVE_LOOP
S875,60,first_fit,5913,25,24,COMPLETED_STDOUT_ORDER_PLUS_PINNED_NATIVE_LOOP
S875,60,first_fit,5914,25,24,COMPLETED_STDOUT_ORDER_PLUS_PINNED_NATIVE_LOOP
S875,60,first_fit,5915,25,24,COMPLETED_STDOUT_ORDER_PLUS_PINNED_NATIVE_LOOP
S875,60,first_fit,5916,25,24,COMPLETED_STDOUT_ORDER_PLUS_PINNED_NATIVE_LOOP
S875,60,first_fit,5917,25,24,COMPLETED_STDOUT_ORDER_PLUS_PINNED_NATIVE_LOOP
S875,60,first_fit,5918,25,24,COMPLETED_STDOUT_ORDER_PLUS_PINNED_NATIVE_LOOP
S875,60,first_fit,5919,25,24,COMPLETED_STDOUT_ORDER_PLUS_PINNED_NATIVE_LOOP
S875,60,first_fit,5920,25,24,COMPLETED_STDOUT_ORDER_PLUS_PINNED_NATIVE_LOOP
S875,60,first_fit,5921,25,24,COMPLETED_STDOUT_ORDER_PLUS_PINNED_NATIVE_LOOP
S875,60,first_fit,5922,25,24,COMPLETED_STDOUT_ORDER_PLUS_PINNED_NATIVE_LOOP
S875,60,first_fit,5923,25,24,COMPLETED_STDOUT_ORDER_PLUS_PINNED_NATIVE_LOOP
S875,60,first_fit,5924,25,24,COMPLETED_STDOUT_ORDER_PLUS_PINNED_NATIVE_LOOP
S875,60,first_fit,5925,25,24,COMPLETED_STDOUT_ORDER_PLUS_PINNED_NATIVE_LOOP
S875,60,first_fit,5926,25,24,COMPLETED_STDOUT_ORDER_PLUS_PINNED_NATIVE_LOOP
S875,60,first_fit,5927,25,24,COMPLETED_STDOUT_ORDER_PLUS_PINNED_NATIVE_LOOP
S875,60,first_fit,5928,25,24,COMPLETED_STDOUT_ORDER_PLUS_PINNED_NATIVE_LOOP
S875,60,first_fit,5929,25,24,COMPLETED_STDOUT_ORDER_PLUS_PINNED_NATIVE_LOOP
S875,60,first_fit,5930,25,24,COMPLETED_STDOUT_ORDER_PLUS_PINNED_NATIVE_LOOP
S875,60,first_fit,5931,25,24,COMPLETED_STDOUT_ORDER_PLUS_PINNED_NATIVE_LOOP
S875,60,first_fit,5932,25,24,COMPLETED_STDOUT_ORDER_PLUS_PINNED_NATIVE_LOOP
S875,60,first_fit,5933,25,24,COMPLETED_STDOUT_ORDER_PLUS_PINNED_NATIVE_LOOP
S875,60,first_fit,5934,25,24,COMPLETED_STDOUT_ORDER_PLUS_PINNED_NATIVE_LOOP
S875,60,first_fit,5935,25,24,COMPLETED_STDOUT_ORDER_PLUS_PINNED_NATIVE_LOOP
S875,60,first_fit,5936,25,24,COMPLETED_STDOUT_ORDER_PLUS_PINNED_NATIVE_LOOP
S875,60,first_fit,5937,25,24,COMPLETED_STDOUT_ORDER_PLUS_PINNED_NATIVE_LOOP
S875,60,first_fit,5938,25,24,COMPLETED_STDOUT_ORDER_PLUS_PINNED_NATIVE_LOOP
S875,60,first_fit,5939,25,24,COMPLETED_STDOUT_ORDER_PLUS_PINNED_NATIVE_LOOP
S875,60,first_fit,5940,25,24,COMPLETED_STDOUT_ORDER_PLUS_PINNED_NATIVE_LOOP
S875,60,first_fit,5941,25,24,COMPLETED_STDOUT_ORDER_PLUS_PINNED_NATIVE_LOOP
S875,60,first_fit,5942,25,24,COMPLETED_STDOUT_ORDER_PLUS_PINNED_NATIVE_LOOP
S875,60,first_fit,5943,25,24,COMPLETED_STDOUT_ORDER_PLUS_PINNED_NATIVE_LOOP
S875,60,first_fit,5944,25,24,COMPLETED_STDOUT_ORDER_PLUS_PINNED_NATIVE_LOOP
S875,60,first_fit,5945,25,24,COMPLETED_STDOUT_ORDER_PLUS_PINNED_NATIVE_LOOP
S875,60,first_fit,5946,25,24,COMPLETED_STDOUT_ORDER_PLUS_PINNED_NATIVE_LOOP
S875,60,first_fit,5947,25,24,COMPLETED_STDOUT_ORDER_PLUS_PINNED_NATIVE_LOOP
S875,60,first_fit,5948,25,24,COMPLETED_STDOUT_ORDER_PLUS_PINNED_NATIVE_LOOP
S875,60,first_fit,5949,25,24,COMPLETED_STDOUT_ORDER_PLUS_PINNED_NATIVE_LOOP
S875,60,first_fit,5950,25,24,COMPLETED_STDOUT_ORDER_PLUS_PINNED_NATIVE_LOOP
S875,60,first_fit,5951,25,24,COMPLETED_STDOUT_ORDER_PLUS_PINNED_NATIVE_LOOP
S875,60,first_fit,5952,25,24,COMPLETED_STDOUT_ORDER_PLUS_PINNED_NATIVE_LOOP
S875,60,first_fit,5953,25,24,COMPLETED_STDOUT_ORDER_PLUS_PINNED_NATIVE_LOOP
S875,60,first_fit,5954,25,24,COMPLETED_STDOUT_ORDER_PLUS_PINNED_NATIVE_LOOP
S875,60,first_fit,5955,25,24,COMPLETED_STDOUT_ORDER_PLUS_PINNED_NATIVE_LOOP
S875,60,first_fit,5956,25,24,COMPLETED_STDOUT_ORDER_PLUS_PINNED_NATIVE_LOOP
S875,60,first_fit,5957,25,24,COMPLETED_STDOUT_ORDER_PLUS_PINNED_NATIVE_LOOP
S875,60,first_fit,5958,25,24,COMPLETED_STDOUT_ORDER_PLUS_PINNED_NATIVE_LOOP
S875,60,first_fit,5959,25,24,COMPLETED_STDOUT_ORDER_PLUS_PINNED_NATIVE_LOOP
S875,60,first_fit,5960,25,24,COMPLETED_STDOUT_ORDER_PLUS_PINNED_NATIVE_LOOP
S875,60,first_fit,5961,25,24,COMPLETED_STDOUT_ORDER_PLUS_PINNED_NATIVE_LOOP
S875,60,first_fit,5962,25,24,COMPLETED_STDOUT_ORDER_PLUS_PINNED_NATIVE_LOOP
S875,60,first_fit,5963,25,24,COMPLETED_STDOUT_ORDER_PLUS_PINNED_NATIVE_LOOP
S875,60,first_fit,5964,25,24,COMPLETED_STDOUT_ORDER_PLUS_PINNED_NATIVE_LOOP
S875,60,first_fit,5965,25,24,COMPLETED_STDOUT_ORDER_PLUS_PINNED_NATIVE_LOOP
S875,60,first_fit,5966,25,24,COMPLETED_STDOUT_ORDER_PLUS_PINNED_NATIVE_LOOP
S875,60,first_fit,5967,25,24,COMPLETED_STDOUT_ORDER_PLUS_PINNED_NATIVE_LOOP
S875,60,first_fit,5968,25,24,COMPLETED_STDOUT_ORDER_PLUS_PINNED_NATIVE_LOOP
S875,60,first_fit,5969,25,24,COMPLETED_STDOUT_ORDER_PLUS_PINNED_NATIVE_LOOP
S875,60,first_fit,5970,25,24,COMPLETED_STDOUT_ORDER_PLUS_PINNED_NATIVE_LOOP
S875,60,first_fit,5971,25,24,COMPLETED_STDOUT_ORDER_PLUS_PINNED_NATIVE_LOOP
S875,60,first_fit,5972,25,24,COMPLETED_STDOUT_ORDER_PLUS_PINNED_NATIVE_LOOP
S875,60,first_fit,5973,25,24,COMPLETED_STDOUT_ORDER_PLUS_PINNED_NATIVE_LOOP
S875,60,first_fit,5974,25,24,COMPLETED_STDOUT_ORDER_PLUS_PINNED_NATIVE_LOOP
S875,60,first_fit,5975,25,24,COMPLETED_STDOUT_ORDER_PLUS_PINNED_NATIVE_LOOP
S875,60,first_fit,5976,25,24,COMPLETED_STDOUT_ORDER_PLUS_PINNED_NATIVE_LOOP
S875,60,first_fit,5977,25,24,COMPLETED_STDOUT_ORDER_PLUS_PINNED_NATIVE_LOOP
S875,60,first_fit,5978,25,24,COMPLETED_STDOUT_ORDER_PLUS_PINNED_NATIVE_LOOP
S875,60,first_fit,5979,25,24,COMPLETED_STDOUT_ORDER_PLUS_PINNED_NATIVE_LOOP
S875,60,first_fit,5980,25,24,COMPLETED_STDOUT_ORDER_PLUS_PINNED_NATIVE_LOOP
S875,60,first_fit,5981,25,24,COMPLETED_STDOUT_ORDER_PLUS_PINNED_NATIVE_LOOP
S875,60,first_fit,5982,25,24,COMPLETED_STDOUT_ORDER_PLUS_PINNED_NATIVE_LOOP
S875,60,first_fit,5983,25,24,COMPLETED_STDOUT_ORDER_PLUS_PINNED_NATIVE_LOOP
S875,60,first_fit,5984,25,24,COMPLETED_STDOUT_ORDER_PLUS_PINNED_NATIVE_LOOP
S875,60,first_fit,5985,25,24,COMPLETED_STDOUT_ORDER_PLUS_PINNED_NATIVE_LOOP
S875,60,first_fit,5986,25,24,COMPLETED_STDOUT_ORDER_PLUS_PINNED_NATIVE_LOOP
S875,60,first_fit,5987,25,24,COMPLETED_STDOUT_ORDER_PLUS_PINNED_NATIVE_LOOP
S875,60,first_fit,5988,25,24,COMPLETED_STDOUT_ORDER_PLUS_PINNED_NATIVE_LOOP
S875,60,first_fit,5989,25,24,COMPLETED_STDOUT_ORDER_PLUS_PINNED_NATIVE_LOOP
S875,60,first_fit,5990,25,24,COMPLETED_STDOUT_ORDER_PLUS_PINNED_NATIVE_LOOP
S875,60,first_fit,5991,25,24,COMPLETED_STDOUT_ORDER_PLUS_PINNED_NATIVE_LOOP
S875,60,first_fit,5992,25,24,COMPLETED_STDOUT_ORDER_PLUS_PINNED_NATIVE_LOOP
S875,60,first_fit,5993,25,24,COMPLETED_STDOUT_ORDER_PLUS_PINNED_NATIVE_LOOP
S875,60,first_fit,5994,25,24,COMPLETED_STDOUT_ORDER_PLUS_PINNED_NATIVE_LOOP
S875,60,first_fit,5995,25,24,COMPLETED_STDOUT_ORDER_PLUS_PINNED_NATIVE_LOOP
S875,60,first_fit,5996,25,24,COMPLETED_STDOUT_ORDER_PLUS_PINNED_NATIVE_LOOP
S875,60,first_fit,5997,25,24,COMPLETED_STDOUT_ORDER_PLUS_PINNED_NATIVE_LOOP
S875,60,first_fit,5998,25,24,COMPLETED_STDOUT_ORDER_PLUS_PINNED_NATIVE_LOOP
S875,60,first_fit,5999,25,24,COMPLETED_STDOUT_ORDER_PLUS_PINNED_NATIVE_LOOP
S75,51,first_fit,5000,25,24,COMPLETED_STDOUT_ORDER_PLUS_PINNED_NATIVE_LOOP
S75,51,first_fit,5001,25,24,COMPLETED_STDOUT_ORDER_PLUS_PINNED_NATIVE_LOOP
S75,51,first_fit,5002,25,24,COMPLETED_STDOUT_ORDER_PLUS_PINNED_NATIVE_LOOP
S75,51,first_fit,5003,25,24,COMPLETED_STDOUT_ORDER_PLUS_PINNED_NATIVE_LOOP
S75,51,first_fit,5004,25,24,COMPLETED_STDOUT_ORDER_PLUS_PINNED_NATIVE_LOOP
S75,51,first_fit,5005,25,24,COMPLETED_STDOUT_ORDER_PLUS_PINNED_NATIVE_LOOP
S75,51,first_fit,5006,25,24,COMPLETED_STDOUT_ORDER_PLUS_PINNED_NATIVE_LOOP
S75,51,first_fit,5007,25,24,COMPLETED_STDOUT_ORDER_PLUS_PINNED_NATIVE_LOOP
S75,51,first_fit,5008,25,24,COMPLETED_STDOUT_ORDER_PLUS_PINNED_NATIVE_LOOP
S75,51,first_fit,5009,25,24,COMPLETED_STDOUT_ORDER_PLUS_PINNED_NATIVE_LOOP
S75,51,first_fit,5010,25,24,COMPLETED_STDOUT_ORDER_PLUS_PINNED_NATIVE_LOOP
S75,51,first_fit,5011,25,24,COMPLETED_STDOUT_ORDER_PLUS_PINNED_NATIVE_LOOP
S75,51,first_fit,5012,25,24,COMPLETED_STDOUT_ORDER_PLUS_PINNED_NATIVE_LOOP
S75,51,first_fit,5013,25,24,COMPLETED_STDOUT_ORDER_PLUS_PINNED_NATIVE_LOOP
S75,51,first_fit,5014,25,24,COMPLETED_STDOUT_ORDER_PLUS_PINNED_NATIVE_LOOP
S75,51,first_fit,5015,25,24,COMPLETED_STDOUT_ORDER_PLUS_PINNED_NATIVE_LOOP
S75,51,first_fit,5016,25,24,COMPLETED_STDOUT_ORDER_PLUS_PINNED_NATIVE_LOOP
S75,51,first_fit,5017,25,24,COMPLETED_STDOUT_ORDER_PLUS_PINNED_NATIVE_LOOP
S75,51,first_fit,5018,25,24,COMPLETED_STDOUT_ORDER_PLUS_PINNED_NATIVE_LOOP
S75,51,first_fit,5019,25,24,COMPLETED_STDOUT_ORDER_PLUS_PINNED_NATIVE_LOOP
S75,51,first_fit,5020,25,24,COMPLETED_STDOUT_ORDER_PLUS_PINNED_NATIVE_LOOP
S75,51,first_fit,5021,25,24,COMPLETED_STDOUT_ORDER_PLUS_PINNED_NATIVE_LOOP
S75,51,first_fit,5022,25,24,COMPLETED_STDOUT_ORDER_PLUS_PINNED_NATIVE_LOOP
S75,51,first_fit,5023,25,24,COMPLETED_STDOUT_ORDER_PLUS_PINNED_NATIVE_LOOP
S75,51,first_fit,5024,25,24,COMPLETED_STDOUT_ORDER_PLUS_PINNED_NATIVE_LOOP
S75,51,first_fit,5025,25,24,COMPLETED_STDOUT_ORDER_PLUS_PINNED_NATIVE_LOOP
S75,51,first_fit,5026,25,24,COMPLETED_STDOUT_ORDER_PLUS_PINNED_NATIVE_LOOP
S75,51,first_fit,5027,25,24,COMPLETED_STDOUT_ORDER_PLUS_PINNED_NATIVE_LOOP
S75,51,first_fit,5028,25,24,COMPLETED_STDOUT_ORDER_PLUS_PINNED_NATIVE_LOOP
S75,51,first_fit,5029,25,24,COMPLETED_STDOUT_ORDER_PLUS_PINNED_NATIVE_LOOP
S75,51,first_fit,5030,25,24,COMPLETED_STDOUT_ORDER_PLUS_PINNED_NATIVE_LOOP
S75,51,first_fit,5031,25,24,COMPLETED_STDOUT_ORDER_PLUS_PINNED_NATIVE_LOOP
S75,51,first_fit,5032,25,24,COMPLETED_STDOUT_ORDER_PLUS_PINNED_NATIVE_LOOP
S75,51,first_fit,5033,25,24,COMPLETED_STDOUT_ORDER_PLUS_PINNED_NATIVE_LOOP
S75,51,first_fit,5034,25,24,COMPLETED_STDOUT_ORDER_PLUS_PINNED_NATIVE_LOOP
S75,51,first_fit,5035,25,24,COMPLETED_STDOUT_ORDER_PLUS_PINNED_NATIVE_LOOP
S75,51,first_fit,5036,25,24,COMPLETED_STDOUT_ORDER_PLUS_PINNED_NATIVE_LOOP
S75,51,first_fit,5037,25,24,COMPLETED_STDOUT_ORDER_PLUS_PINNED_NATIVE_LOOP
S75,51,first_fit,5038,25,24,COMPLETED_STDOUT_ORDER_PLUS_PINNED_NATIVE_LOOP
S75,51,first_fit,5039,25,24,COMPLETED_STDOUT_ORDER_PLUS_PINNED_NATIVE_LOOP
S75,51,first_fit,5040,25,24,COMPLETED_STDOUT_ORDER_PLUS_PINNED_NATIVE_LOOP
S75,51,first_fit,5041,25,24,COMPLETED_STDOUT_ORDER_PLUS_PINNED_NATIVE_LOOP
S75,51,first_fit,5042,25,24,COMPLETED_STDOUT_ORDER_PLUS_PINNED_NATIVE_LOOP
S75,51,first_fit,5043,25,24,COMPLETED_STDOUT_ORDER_PLUS_PINNED_NATIVE_LOOP
S75,51,first_fit,5044,25,24,COMPLETED_STDOUT_ORDER_PLUS_PINNED_NATIVE_LOOP
S75,51,first_fit,5045,25,24,COMPLETED_STDOUT_ORDER_PLUS_PINNED_NATIVE_LOOP
S75,51,first_fit,5046,25,24,COMPLETED_STDOUT_ORDER_PLUS_PINNED_NATIVE_LOOP
S75,51,first_fit,5047,25,24,COMPLETED_STDOUT_ORDER_PLUS_PINNED_NATIVE_LOOP
S75,51,first_fit,5048,25,24,COMPLETED_STDOUT_ORDER_PLUS_PINNED_NATIVE_LOOP
S75,51,first_fit,5049,25,24,COMPLETED_STDOUT_ORDER_PLUS_PINNED_NATIVE_LOOP
S75,51,first_fit,5050,25,24,COMPLETED_STDOUT_ORDER_PLUS_PINNED_NATIVE_LOOP
S75,51,first_fit,5051,25,24,COMPLETED_STDOUT_ORDER_PLUS_PINNED_NATIVE_LOOP
S75,51,first_fit,5052,25,24,COMPLETED_STDOUT_ORDER_PLUS_PINNED_NATIVE_LOOP
S75,51,first_fit,5053,25,24,COMPLETED_STDOUT_ORDER_PLUS_PINNED_NATIVE_LOOP
S75,51,first_fit,5054,25,24,COMPLETED_STDOUT_ORDER_PLUS_PINNED_NATIVE_LOOP
S75,51,first_fit,5055,25,24,COMPLETED_STDOUT_ORDER_PLUS_PINNED_NATIVE_LOOP
S75,51,first_fit,5056,25,24,COMPLETED_STDOUT_ORDER_PLUS_PINNED_NATIVE_LOOP
S75,51,first_fit,5057,25,24,COMPLETED_STDOUT_ORDER_PLUS_PINNED_NATIVE_LOOP
S75,51,first_fit,5058,25,24,COMPLETED_STDOUT_ORDER_PLUS_PINNED_NATIVE_LOOP
S75,51,first_fit,5059,25,24,COMPLETED_STDOUT_ORDER_PLUS_PINNED_NATIVE_LOOP
S75,51,first_fit,5060,25,24,COMPLETED_STDOUT_ORDER_PLUS_PINNED_NATIVE_LOOP
S75,51,first_fit,5061,25,24,COMPLETED_STDOUT_ORDER_PLUS_PINNED_NATIVE_LOOP
S75,51,first_fit,5062,25,24,COMPLETED_STDOUT_ORDER_PLUS_PINNED_NATIVE_LOOP
S75,51,first_fit,5063,25,24,COMPLETED_STDOUT_ORDER_PLUS_PINNED_NATIVE_LOOP
S75,51,first_fit,5064,25,24,COMPLETED_STDOUT_ORDER_PLUS_PINNED_NATIVE_LOOP
S75,51,first_fit,5065,25,24,COMPLETED_STDOUT_ORDER_PLUS_PINNED_NATIVE_LOOP
S75,51,first_fit,5066,25,24,COMPLETED_STDOUT_ORDER_PLUS_PINNED_NATIVE_LOOP
S75,51,first_fit,5067,25,24,COMPLETED_STDOUT_ORDER_PLUS_PINNED_NATIVE_LOOP
S75,51,first_fit,5068,25,24,COMPLETED_STDOUT_ORDER_PLUS_PINNED_NATIVE_LOOP
S75,51,first_fit,5069,25,24,COMPLETED_STDOUT_ORDER_PLUS_PINNED_NATIVE_LOOP
S75,51,first_fit,5070,25,24,COMPLETED_STDOUT_ORDER_PLUS_PINNED_NATIVE_LOOP
S75,51,first_fit,5071,25,24,COMPLETED_STDOUT_ORDER_PLUS_PINNED_NATIVE_LOOP
S75,51,first_fit,5072,25,24,COMPLETED_STDOUT_ORDER_PLUS_PINNED_NATIVE_LOOP
S75,51,first_fit,5073,25,24,COMPLETED_STDOUT_ORDER_PLUS_PINNED_NATIVE_LOOP
S75,51,first_fit,5074,25,24,COMPLETED_STDOUT_ORDER_PLUS_PINNED_NATIVE_LOOP
S75,51,first_fit,5075,25,24,COMPLETED_STDOUT_ORDER_PLUS_PINNED_NATIVE_LOOP
S75,51,first_fit,5076,25,24,COMPLETED_STDOUT_ORDER_PLUS_PINNED_NATIVE_LOOP
S75,51,first_fit,5077,25,24,COMPLETED_STDOUT_ORDER_PLUS_PINNED_NATIVE_LOOP
S75,51,first_fit,5078,25,24,COMPLETED_STDOUT_ORDER_PLUS_PINNED_NATIVE_LOOP
S75,51,first_fit,5079,25,24,COMPLETED_STDOUT_ORDER_PLUS_PINNED_NATIVE_LOOP
S75,51,first_fit,5080,25,24,COMPLETED_STDOUT_ORDER_PLUS_PINNED_NATIVE_LOOP
S75,51,first_fit,5081,25,24,COMPLETED_STDOUT_ORDER_PLUS_PINNED_NATIVE_LOOP
S75,51,first_fit,5082,25,24,COMPLETED_STDOUT_ORDER_PLUS_PINNED_NATIVE_LOOP
S75,51,first_fit,5083,25,24,COMPLETED_STDOUT_ORDER_PLUS_PINNED_NATIVE_LOOP
S75,51,first_fit,5084,25,24,COMPLETED_STDOUT_ORDER_PLUS_PINNED_NATIVE_LOOP
S75,51,first_fit,5085,25,24,COMPLETED_STDOUT_ORDER_PLUS_PINNED_NATIVE_LOOP
S75,51,first_fit,5086,25,24,COMPLETED_STDOUT_ORDER_PLUS_PINNED_NATIVE_LOOP
S75,51,first_fit,5087,25,24,COMPLETED_STDOUT_ORDER_PLUS_PINNED_NATIVE_LOOP
S75,51,first_fit,5088,25,24,COMPLETED_STDOUT_ORDER_PLUS_PINNED_NATIVE_LOOP
S75,51,first_fit,5089,25,24,COMPLETED_STDOUT_ORDER_PLUS_PINNED_NATIVE_LOOP
S75,51,first_fit,5090,25,24,COMPLETED_STDOUT_ORDER_PLUS_PINNED_NATIVE_LOOP
S75,51,first_fit,5091,25,24,COMPLETED_STDOUT_ORDER_PLUS_PINNED_NATIVE_LOOP
S75,51,first_fit,5092,25,24,COMPLETED_STDOUT_ORDER_PLUS_PINNED_NATIVE_LOOP
S75,51,first_fit,5093,25,24,COMPLETED_STDOUT_ORDER_PLUS_PINNED_NATIVE_LOOP
S75,51,first_fit,5094,25,24,COMPLETED_STDOUT_ORDER_PLUS_PINNED_NATIVE_LOOP
S75,51,first_fit,5095,25,24,COMPLETED_STDOUT_ORDER_PLUS_PINNED_NATIVE_LOOP
S75,51,first_fit,5096,25,24,COMPLETED_STDOUT_ORDER_PLUS_PINNED_NATIVE_LOOP
S75,51,first_fit,5097,25,24,COMPLETED_STDOUT_ORDER_PLUS_PINNED_NATIVE_LOOP
S75,51,first_fit,5098,25,24,COMPLETED_STDOUT_ORDER_PLUS_PINNED_NATIVE_LOOP
S75,51,first_fit,5099,25,24,COMPLETED_STDOUT_ORDER_PLUS_PINNED_NATIVE_LOOP
S75,52,first_fit,5100,25,24,COMPLETED_STDOUT_ORDER_PLUS_PINNED_NATIVE_LOOP
S75,52,first_fit,5101,25,24,COMPLETED_STDOUT_ORDER_PLUS_PINNED_NATIVE_LOOP
S75,52,first_fit,5102,25,24,COMPLETED_STDOUT_ORDER_PLUS_PINNED_NATIVE_LOOP
S75,52,first_fit,5103,25,24,COMPLETED_STDOUT_ORDER_PLUS_PINNED_NATIVE_LOOP
S75,52,first_fit,5104,25,24,COMPLETED_STDOUT_ORDER_PLUS_PINNED_NATIVE_LOOP
S75,52,first_fit,5105,25,24,COMPLETED_STDOUT_ORDER_PLUS_PINNED_NATIVE_LOOP
S75,52,first_fit,5106,25,24,COMPLETED_STDOUT_ORDER_PLUS_PINNED_NATIVE_LOOP
S75,52,first_fit,5107,25,24,COMPLETED_STDOUT_ORDER_PLUS_PINNED_NATIVE_LOOP
S75,52,first_fit,5108,25,24,COMPLETED_STDOUT_ORDER_PLUS_PINNED_NATIVE_LOOP
S75,52,first_fit,5109,25,24,COMPLETED_STDOUT_ORDER_PLUS_PINNED_NATIVE_LOOP
S75,52,first_fit,5110,25,24,COMPLETED_STDOUT_ORDER_PLUS_PINNED_NATIVE_LOOP
S75,52,first_fit,5111,25,24,COMPLETED_STDOUT_ORDER_PLUS_PINNED_NATIVE_LOOP
S75,52,first_fit,5112,25,24,COMPLETED_STDOUT_ORDER_PLUS_PINNED_NATIVE_LOOP
S75,52,first_fit,5113,25,24,COMPLETED_STDOUT_ORDER_PLUS_PINNED_NATIVE_LOOP
S75,52,first_fit,5114,25,24,COMPLETED_STDOUT_ORDER_PLUS_PINNED_NATIVE_LOOP
S75,52,first_fit,5115,25,24,COMPLETED_STDOUT_ORDER_PLUS_PINNED_NATIVE_LOOP
S75,52,first_fit,5116,25,24,COMPLETED_STDOUT_ORDER_PLUS_PINNED_NATIVE_LOOP
S75,52,first_fit,5117,25,24,COMPLETED_STDOUT_ORDER_PLUS_PINNED_NATIVE_LOOP
S75,52,first_fit,5118,25,24,COMPLETED_STDOUT_ORDER_PLUS_PINNED_NATIVE_LOOP
S75,52,first_fit,5119,25,24,COMPLETED_STDOUT_ORDER_PLUS_PINNED_NATIVE_LOOP
S75,52,first_fit,5120,25,24,COMPLETED_STDOUT_ORDER_PLUS_PINNED_NATIVE_LOOP
S75,52,first_fit,5121,25,24,COMPLETED_STDOUT_ORDER_PLUS_PINNED_NATIVE_LOOP
S75,52,first_fit,5122,25,24,COMPLETED_STDOUT_ORDER_PLUS_PINNED_NATIVE_LOOP
S75,52,first_fit,5123,25,24,COMPLETED_STDOUT_ORDER_PLUS_PINNED_NATIVE_LOOP
S75,52,first_fit,5124,25,24,COMPLETED_STDOUT_ORDER_PLUS_PINNED_NATIVE_LOOP
S75,52,first_fit,5125,25,24,COMPLETED_STDOUT_ORDER_PLUS_PINNED_NATIVE_LOOP
S75,52,first_fit,5126,25,24,COMPLETED_STDOUT_ORDER_PLUS_PINNED_NATIVE_LOOP
S75,52,first_fit,5127,25,24,COMPLETED_STDOUT_ORDER_PLUS_PINNED_NATIVE_LOOP
S75,52,first_fit,5128,25,24,COMPLETED_STDOUT_ORDER_PLUS_PINNED_NATIVE_LOOP
S75,52,first_fit,5129,25,24,COMPLETED_STDOUT_ORDER_PLUS_PINNED_NATIVE_LOOP
S75,52,first_fit,5130,25,24,COMPLETED_STDOUT_ORDER_PLUS_PINNED_NATIVE_LOOP
S75,52,first_fit,5131,25,24,COMPLETED_STDOUT_ORDER_PLUS_PINNED_NATIVE_LOOP
S75,52,first_fit,5132,25,24,COMPLETED_STDOUT_ORDER_PLUS_PINNED_NATIVE_LOOP
S75,52,first_fit,5133,25,24,COMPLETED_STDOUT_ORDER_PLUS_PINNED_NATIVE_LOOP
S75,52,first_fit,5134,25,24,COMPLETED_STDOUT_ORDER_PLUS_PINNED_NATIVE_LOOP
S75,52,first_fit,5135,25,24,COMPLETED_STDOUT_ORDER_PLUS_PINNED_NATIVE_LOOP
S75,52,first_fit,5136,25,24,COMPLETED_STDOUT_ORDER_PLUS_PINNED_NATIVE_LOOP
S75,52,first_fit,5137,25,24,COMPLETED_STDOUT_ORDER_PLUS_PINNED_NATIVE_LOOP
S75,52,first_fit,5138,25,24,COMPLETED_STDOUT_ORDER_PLUS_PINNED_NATIVE_LOOP
S75,52,first_fit,5139,25,24,COMPLETED_STDOUT_ORDER_PLUS_PINNED_NATIVE_LOOP
S75,52,first_fit,5140,25,24,COMPLETED_STDOUT_ORDER_PLUS_PINNED_NATIVE_LOOP
S75,52,first_fit,5141,25,24,COMPLETED_STDOUT_ORDER_PLUS_PINNED_NATIVE_LOOP
S75,52,first_fit,5142,25,24,COMPLETED_STDOUT_ORDER_PLUS_PINNED_NATIVE_LOOP
S75,52,first_fit,5143,25,24,COMPLETED_STDOUT_ORDER_PLUS_PINNED_NATIVE_LOOP
S75,52,first_fit,5144,25,24,COMPLETED_STDOUT_ORDER_PLUS_PINNED_NATIVE_LOOP
S75,52,first_fit,5145,25,24,COMPLETED_STDOUT_ORDER_PLUS_PINNED_NATIVE_LOOP
S75,52,first_fit,5146,25,24,COMPLETED_STDOUT_ORDER_PLUS_PINNED_NATIVE_LOOP
S75,52,first_fit,5147,25,24,COMPLETED_STDOUT_ORDER_PLUS_PINNED_NATIVE_LOOP
S75,52,first_fit,5148,25,24,COMPLETED_STDOUT_ORDER_PLUS_PINNED_NATIVE_LOOP
S75,52,first_fit,5149,25,24,COMPLETED_STDOUT_ORDER_PLUS_PINNED_NATIVE_LOOP
S75,52,first_fit,5150,25,24,COMPLETED_STDOUT_ORDER_PLUS_PINNED_NATIVE_LOOP
S75,52,first_fit,5151,25,24,COMPLETED_STDOUT_ORDER_PLUS_PINNED_NATIVE_LOOP
S75,52,first_fit,5152,25,24,COMPLETED_STDOUT_ORDER_PLUS_PINNED_NATIVE_LOOP
S75,52,first_fit,5153,25,24,COMPLETED_STDOUT_ORDER_PLUS_PINNED_NATIVE_LOOP
S75,52,first_fit,5154,25,24,COMPLETED_STDOUT_ORDER_PLUS_PINNED_NATIVE_LOOP
S75,52,first_fit,5155,25,24,COMPLETED_STDOUT_ORDER_PLUS_PINNED_NATIVE_LOOP
S75,52,first_fit,5156,25,24,COMPLETED_STDOUT_ORDER_PLUS_PINNED_NATIVE_LOOP
S75,52,first_fit,5157,25,24,COMPLETED_STDOUT_ORDER_PLUS_PINNED_NATIVE_LOOP
S75,52,first_fit,5158,25,24,COMPLETED_STDOUT_ORDER_PLUS_PINNED_NATIVE_LOOP
S75,52,first_fit,5159,25,24,COMPLETED_STDOUT_ORDER_PLUS_PINNED_NATIVE_LOOP
S75,52,first_fit,5160,25,24,COMPLETED_STDOUT_ORDER_PLUS_PINNED_NATIVE_LOOP
S75,52,first_fit,5161,25,24,COMPLETED_STDOUT_ORDER_PLUS_PINNED_NATIVE_LOOP
S75,52,first_fit,5162,25,24,COMPLETED_STDOUT_ORDER_PLUS_PINNED_NATIVE_LOOP
S75,52,first_fit,5163,25,24,COMPLETED_STDOUT_ORDER_PLUS_PINNED_NATIVE_LOOP
S75,52,first_fit,5164,25,24,COMPLETED_STDOUT_ORDER_PLUS_PINNED_NATIVE_LOOP
S75,52,first_fit,5165,25,24,COMPLETED_STDOUT_ORDER_PLUS_PINNED_NATIVE_LOOP
S75,52,first_fit,5166,25,24,COMPLETED_STDOUT_ORDER_PLUS_PINNED_NATIVE_LOOP
S75,52,first_fit,5167,25,24,COMPLETED_STDOUT_ORDER_PLUS_PINNED_NATIVE_LOOP
S75,52,first_fit,5168,25,24,COMPLETED_STDOUT_ORDER_PLUS_PINNED_NATIVE_LOOP
S75,52,first_fit,5169,25,24,COMPLETED_STDOUT_ORDER_PLUS_PINNED_NATIVE_LOOP
S75,52,first_fit,5170,25,24,COMPLETED_STDOUT_ORDER_PLUS_PINNED_NATIVE_LOOP
S75,52,first_fit,5171,25,24,COMPLETED_STDOUT_ORDER_PLUS_PINNED_NATIVE_LOOP
S75,52,first_fit,5172,25,24,COMPLETED_STDOUT_ORDER_PLUS_PINNED_NATIVE_LOOP
S75,52,first_fit,5173,25,24,COMPLETED_STDOUT_ORDER_PLUS_PINNED_NATIVE_LOOP
S75,52,first_fit,5174,25,24,COMPLETED_STDOUT_ORDER_PLUS_PINNED_NATIVE_LOOP
S75,52,first_fit,5175,25,24,COMPLETED_STDOUT_ORDER_PLUS_PINNED_NATIVE_LOOP
S75,52,first_fit,5176,25,24,COMPLETED_STDOUT_ORDER_PLUS_PINNED_NATIVE_LOOP
S75,52,first_fit,5177,25,24,COMPLETED_STDOUT_ORDER_PLUS_PINNED_NATIVE_LOOP
S75,52,first_fit,5178,25,24,COMPLETED_STDOUT_ORDER_PLUS_PINNED_NATIVE_LOOP
S75,52,first_fit,5179,25,24,COMPLETED_STDOUT_ORDER_PLUS_PINNED_NATIVE_LOOP
S75,52,first_fit,5180,25,24,COMPLETED_STDOUT_ORDER_PLUS_PINNED_NATIVE_LOOP
S75,52,first_fit,5181,25,24,COMPLETED_STDOUT_ORDER_PLUS_PINNED_NATIVE_LOOP
S75,52,first_fit,5182,25,24,COMPLETED_STDOUT_ORDER_PLUS_PINNED_NATIVE_LOOP
S75,52,first_fit,5183,25,24,COMPLETED_STDOUT_ORDER_PLUS_PINNED_NATIVE_LOOP
S75,52,first_fit,5184,25,24,COMPLETED_STDOUT_ORDER_PLUS_PINNED_NATIVE_LOOP
S75,52,first_fit,5185,25,24,COMPLETED_STDOUT_ORDER_PLUS_PINNED_NATIVE_LOOP
S75,52,first_fit,5186,25,24,COMPLETED_STDOUT_ORDER_PLUS_PINNED_NATIVE_LOOP
S75,52,first_fit,5187,25,24,COMPLETED_STDOUT_ORDER_PLUS_PINNED_NATIVE_LOOP
S75,52,first_fit,5188,25,24,COMPLETED_STDOUT_ORDER_PLUS_PINNED_NATIVE_LOOP
S75,52,first_fit,5189,25,24,COMPLETED_STDOUT_ORDER_PLUS_PINNED_NATIVE_LOOP
S75,52,first_fit,5190,25,24,COMPLETED_STDOUT_ORDER_PLUS_PINNED_NATIVE_LOOP
S75,52,first_fit,5191,25,24,COMPLETED_STDOUT_ORDER_PLUS_PINNED_NATIVE_LOOP
S75,52,first_fit,5192,25,24,COMPLETED_STDOUT_ORDER_PLUS_PINNED_NATIVE_LOOP
S75,52,first_fit,5193,25,24,COMPLETED_STDOUT_ORDER_PLUS_PINNED_NATIVE_LOOP
S75,52,first_fit,5194,25,24,COMPLETED_STDOUT_ORDER_PLUS_PINNED_NATIVE_LOOP
S75,52,first_fit,5195,25,24,COMPLETED_STDOUT_ORDER_PLUS_PINNED_NATIVE_LOOP
S75,52,first_fit,5196,25,24,COMPLETED_STDOUT_ORDER_PLUS_PINNED_NATIVE_LOOP
S75,52,first_fit,5197,25,24,COMPLETED_STDOUT_ORDER_PLUS_PINNED_NATIVE_LOOP
S75,52,first_fit,5198,25,24,COMPLETED_STDOUT_ORDER_PLUS_PINNED_NATIVE_LOOP
S75,52,first_fit,5199,25,24,COMPLETED_STDOUT_ORDER_PLUS_PINNED_NATIVE_LOOP
S75,53,first_fit,5200,25,24,COMPLETED_STDOUT_ORDER_PLUS_PINNED_NATIVE_LOOP
S75,53,first_fit,5201,25,24,COMPLETED_STDOUT_ORDER_PLUS_PINNED_NATIVE_LOOP
S75,53,first_fit,5202,25,24,COMPLETED_STDOUT_ORDER_PLUS_PINNED_NATIVE_LOOP
S75,53,first_fit,5203,25,24,COMPLETED_STDOUT_ORDER_PLUS_PINNED_NATIVE_LOOP
S75,53,first_fit,5204,25,24,COMPLETED_STDOUT_ORDER_PLUS_PINNED_NATIVE_LOOP
S75,53,first_fit,5205,25,24,COMPLETED_STDOUT_ORDER_PLUS_PINNED_NATIVE_LOOP
S75,53,first_fit,5206,25,24,COMPLETED_STDOUT_ORDER_PLUS_PINNED_NATIVE_LOOP
S75,53,first_fit,5207,25,24,COMPLETED_STDOUT_ORDER_PLUS_PINNED_NATIVE_LOOP
S75,53,first_fit,5208,25,24,COMPLETED_STDOUT_ORDER_PLUS_PINNED_NATIVE_LOOP
S75,53,first_fit,5209,25,24,COMPLETED_STDOUT_ORDER_PLUS_PINNED_NATIVE_LOOP
S75,53,first_fit,5210,25,24,COMPLETED_STDOUT_ORDER_PLUS_PINNED_NATIVE_LOOP
S75,53,first_fit,5211,25,24,COMPLETED_STDOUT_ORDER_PLUS_PINNED_NATIVE_LOOP
S75,53,first_fit,5212,25,24,COMPLETED_STDOUT_ORDER_PLUS_PINNED_NATIVE_LOOP
S75,53,first_fit,5213,25,24,COMPLETED_STDOUT_ORDER_PLUS_PINNED_NATIVE_LOOP
S75,53,first_fit,5214,25,24,COMPLETED_STDOUT_ORDER_PLUS_PINNED_NATIVE_LOOP
S75,53,first_fit,5215,25,24,COMPLETED_STDOUT_ORDER_PLUS_PINNED_NATIVE_LOOP
S75,53,first_fit,5216,25,24,COMPLETED_STDOUT_ORDER_PLUS_PINNED_NATIVE_LOOP
S75,53,first_fit,5217,25,24,COMPLETED_STDOUT_ORDER_PLUS_PINNED_NATIVE_LOOP
S75,53,first_fit,5218,25,24,COMPLETED_STDOUT_ORDER_PLUS_PINNED_NATIVE_LOOP
S75,53,first_fit,5219,25,24,COMPLETED_STDOUT_ORDER_PLUS_PINNED_NATIVE_LOOP
S75,53,first_fit,5220,25,24,COMPLETED_STDOUT_ORDER_PLUS_PINNED_NATIVE_LOOP
S75,53,first_fit,5221,25,24,COMPLETED_STDOUT_ORDER_PLUS_PINNED_NATIVE_LOOP
S75,53,first_fit,5222,25,24,COMPLETED_STDOUT_ORDER_PLUS_PINNED_NATIVE_LOOP
S75,53,first_fit,5223,25,24,COMPLETED_STDOUT_ORDER_PLUS_PINNED_NATIVE_LOOP
S75,53,first_fit,5224,25,24,COMPLETED_STDOUT_ORDER_PLUS_PINNED_NATIVE_LOOP
S75,53,first_fit,5225,25,24,COMPLETED_STDOUT_ORDER_PLUS_PINNED_NATIVE_LOOP
S75,53,first_fit,5226,25,24,COMPLETED_STDOUT_ORDER_PLUS_PINNED_NATIVE_LOOP
S75,53,first_fit,5227,25,24,COMPLETED_STDOUT_ORDER_PLUS_PINNED_NATIVE_LOOP
S75,53,first_fit,5228,25,24,COMPLETED_STDOUT_ORDER_PLUS_PINNED_NATIVE_LOOP
S75,53,first_fit,5229,25,24,COMPLETED_STDOUT_ORDER_PLUS_PINNED_NATIVE_LOOP
S75,53,first_fit,5230,25,24,COMPLETED_STDOUT_ORDER_PLUS_PINNED_NATIVE_LOOP
S75,53,first_fit,5231,25,24,COMPLETED_STDOUT_ORDER_PLUS_PINNED_NATIVE_LOOP
S75,53,first_fit,5232,25,24,COMPLETED_STDOUT_ORDER_PLUS_PINNED_NATIVE_LOOP
S75,53,first_fit,5233,25,24,COMPLETED_STDOUT_ORDER_PLUS_PINNED_NATIVE_LOOP
S75,53,first_fit,5234,25,24,COMPLETED_STDOUT_ORDER_PLUS_PINNED_NATIVE_LOOP
S75,53,first_fit,5235,25,24,COMPLETED_STDOUT_ORDER_PLUS_PINNED_NATIVE_LOOP
S75,53,first_fit,5236,25,24,COMPLETED_STDOUT_ORDER_PLUS_PINNED_NATIVE_LOOP
S75,53,first_fit,5237,25,24,COMPLETED_STDOUT_ORDER_PLUS_PINNED_NATIVE_LOOP
S75,53,first_fit,5238,25,24,COMPLETED_STDOUT_ORDER_PLUS_PINNED_NATIVE_LOOP
S75,53,first_fit,5239,25,24,COMPLETED_STDOUT_ORDER_PLUS_PINNED_NATIVE_LOOP
S75,53,first_fit,5240,25,24,COMPLETED_STDOUT_ORDER_PLUS_PINNED_NATIVE_LOOP
S75,53,first_fit,5241,25,24,COMPLETED_STDOUT_ORDER_PLUS_PINNED_NATIVE_LOOP
S75,53,first_fit,5242,25,24,COMPLETED_STDOUT_ORDER_PLUS_PINNED_NATIVE_LOOP
S75,53,first_fit,5243,25,24,COMPLETED_STDOUT_ORDER_PLUS_PINNED_NATIVE_LOOP
S75,53,first_fit,5244,25,24,COMPLETED_STDOUT_ORDER_PLUS_PINNED_NATIVE_LOOP
S75,53,first_fit,5245,25,24,COMPLETED_STDOUT_ORDER_PLUS_PINNED_NATIVE_LOOP
S75,53,first_fit,5246,25,24,COMPLETED_STDOUT_ORDER_PLUS_PINNED_NATIVE_LOOP
S75,53,first_fit,5247,25,24,COMPLETED_STDOUT_ORDER_PLUS_PINNED_NATIVE_LOOP
S75,53,first_fit,5248,25,24,COMPLETED_STDOUT_ORDER_PLUS_PINNED_NATIVE_LOOP
S75,53,first_fit,5249,25,24,COMPLETED_STDOUT_ORDER_PLUS_PINNED_NATIVE_LOOP
S75,53,first_fit,5250,25,24,COMPLETED_STDOUT_ORDER_PLUS_PINNED_NATIVE_LOOP
S75,53,first_fit,5251,25,24,COMPLETED_STDOUT_ORDER_PLUS_PINNED_NATIVE_LOOP
S75,53,first_fit,5252,25,24,COMPLETED_STDOUT_ORDER_PLUS_PINNED_NATIVE_LOOP
S75,53,first_fit,5253,25,24,COMPLETED_STDOUT_ORDER_PLUS_PINNED_NATIVE_LOOP
S75,53,first_fit,5254,25,24,COMPLETED_STDOUT_ORDER_PLUS_PINNED_NATIVE_LOOP
S75,53,first_fit,5255,25,24,COMPLETED_STDOUT_ORDER_PLUS_PINNED_NATIVE_LOOP
S75,53,first_fit,5256,25,24,COMPLETED_STDOUT_ORDER_PLUS_PINNED_NATIVE_LOOP
S75,53,first_fit,5257,25,24,COMPLETED_STDOUT_ORDER_PLUS_PINNED_NATIVE_LOOP
S75,53,first_fit,5258,25,24,COMPLETED_STDOUT_ORDER_PLUS_PINNED_NATIVE_LOOP
S75,53,first_fit,5259,25,24,COMPLETED_STDOUT_ORDER_PLUS_PINNED_NATIVE_LOOP
S75,53,first_fit,5260,25,24,COMPLETED_STDOUT_ORDER_PLUS_PINNED_NATIVE_LOOP
S75,53,first_fit,5261,25,24,COMPLETED_STDOUT_ORDER_PLUS_PINNED_NATIVE_LOOP
S75,53,first_fit,5262,25,24,COMPLETED_STDOUT_ORDER_PLUS_PINNED_NATIVE_LOOP
S75,53,first_fit,5263,25,24,COMPLETED_STDOUT_ORDER_PLUS_PINNED_NATIVE_LOOP
S75,53,first_fit,5264,25,24,COMPLETED_STDOUT_ORDER_PLUS_PINNED_NATIVE_LOOP
S75,53,first_fit,5265,25,24,COMPLETED_STDOUT_ORDER_PLUS_PINNED_NATIVE_LOOP
S75,53,first_fit,5266,25,24,COMPLETED_STDOUT_ORDER_PLUS_PINNED_NATIVE_LOOP
S75,53,first_fit,5267,25,24,COMPLETED_STDOUT_ORDER_PLUS_PINNED_NATIVE_LOOP
S75,53,first_fit,5268,25,24,COMPLETED_STDOUT_ORDER_PLUS_PINNED_NATIVE_LOOP
S75,53,first_fit,5269,25,24,COMPLETED_STDOUT_ORDER_PLUS_PINNED_NATIVE_LOOP
S75,53,first_fit,5270,25,24,COMPLETED_STDOUT_ORDER_PLUS_PINNED_NATIVE_LOOP
S75,53,first_fit,5271,25,24,COMPLETED_STDOUT_ORDER_PLUS_PINNED_NATIVE_LOOP
S75,53,first_fit,5272,25,24,COMPLETED_STDOUT_ORDER_PLUS_PINNED_NATIVE_LOOP
S75,53,first_fit,5273,25,24,COMPLETED_STDOUT_ORDER_PLUS_PINNED_NATIVE_LOOP
S75,53,first_fit,5274,25,24,COMPLETED_STDOUT_ORDER_PLUS_PINNED_NATIVE_LOOP
S75,53,first_fit,5275,25,24,COMPLETED_STDOUT_ORDER_PLUS_PINNED_NATIVE_LOOP
S75,53,first_fit,5276,25,24,COMPLETED_STDOUT_ORDER_PLUS_PINNED_NATIVE_LOOP
S75,53,first_fit,5277,25,24,COMPLETED_STDOUT_ORDER_PLUS_PINNED_NATIVE_LOOP
S75,53,first_fit,5278,25,24,COMPLETED_STDOUT_ORDER_PLUS_PINNED_NATIVE_LOOP
S75,53,first_fit,5279,25,24,COMPLETED_STDOUT_ORDER_PLUS_PINNED_NATIVE_LOOP
S75,53,first_fit,5280,25,24,COMPLETED_STDOUT_ORDER_PLUS_PINNED_NATIVE_LOOP
S75,53,first_fit,5281,25,24,COMPLETED_STDOUT_ORDER_PLUS_PINNED_NATIVE_LOOP
S75,53,first_fit,5282,25,24,COMPLETED_STDOUT_ORDER_PLUS_PINNED_NATIVE_LOOP
S75,53,first_fit,5283,25,24,COMPLETED_STDOUT_ORDER_PLUS_PINNED_NATIVE_LOOP
S75,53,first_fit,5284,25,24,COMPLETED_STDOUT_ORDER_PLUS_PINNED_NATIVE_LOOP
S75,53,first_fit,5285,25,24,COMPLETED_STDOUT_ORDER_PLUS_PINNED_NATIVE_LOOP
S75,53,first_fit,5286,25,24,COMPLETED_STDOUT_ORDER_PLUS_PINNED_NATIVE_LOOP
S75,53,first_fit,5287,25,24,COMPLETED_STDOUT_ORDER_PLUS_PINNED_NATIVE_LOOP
S75,53,first_fit,5288,25,24,COMPLETED_STDOUT_ORDER_PLUS_PINNED_NATIVE_LOOP
S75,53,first_fit,5289,25,24,COMPLETED_STDOUT_ORDER_PLUS_PINNED_NATIVE_LOOP
S75,53,first_fit,5290,25,24,COMPLETED_STDOUT_ORDER_PLUS_PINNED_NATIVE_LOOP
S75,53,first_fit,5291,25,24,COMPLETED_STDOUT_ORDER_PLUS_PINNED_NATIVE_LOOP
S75,53,first_fit,5292,25,24,COMPLETED_STDOUT_ORDER_PLUS_PINNED_NATIVE_LOOP
S75,53,first_fit,5293,25,24,COMPLETED_STDOUT_ORDER_PLUS_PINNED_NATIVE_LOOP
S75,53,first_fit,5294,25,24,COMPLETED_STDOUT_ORDER_PLUS_PINNED_NATIVE_LOOP
S75,53,first_fit,5295,25,24,COMPLETED_STDOUT_ORDER_PLUS_PINNED_NATIVE_LOOP
S75,53,first_fit,5296,25,24,COMPLETED_STDOUT_ORDER_PLUS_PINNED_NATIVE_LOOP
S75,53,first_fit,5297,25,24,COMPLETED_STDOUT_ORDER_PLUS_PINNED_NATIVE_LOOP
S75,53,first_fit,5298,25,24,COMPLETED_STDOUT_ORDER_PLUS_PINNED_NATIVE_LOOP
S75,53,first_fit,5299,25,24,COMPLETED_STDOUT_ORDER_PLUS_PINNED_NATIVE_LOOP
S75,54,first_fit,5300,25,24,COMPLETED_STDOUT_ORDER_PLUS_PINNED_NATIVE_LOOP
S75,54,first_fit,5301,25,24,COMPLETED_STDOUT_ORDER_PLUS_PINNED_NATIVE_LOOP
S75,54,first_fit,5302,25,24,COMPLETED_STDOUT_ORDER_PLUS_PINNED_NATIVE_LOOP
S75,54,first_fit,5303,25,24,COMPLETED_STDOUT_ORDER_PLUS_PINNED_NATIVE_LOOP
S75,54,first_fit,5304,25,24,COMPLETED_STDOUT_ORDER_PLUS_PINNED_NATIVE_LOOP
S75,54,first_fit,5305,25,24,COMPLETED_STDOUT_ORDER_PLUS_PINNED_NATIVE_LOOP
S75,54,first_fit,5306,25,24,COMPLETED_STDOUT_ORDER_PLUS_PINNED_NATIVE_LOOP
S75,54,first_fit,5307,25,24,COMPLETED_STDOUT_ORDER_PLUS_PINNED_NATIVE_LOOP
S75,54,first_fit,5308,25,24,COMPLETED_STDOUT_ORDER_PLUS_PINNED_NATIVE_LOOP
S75,54,first_fit,5309,25,24,COMPLETED_STDOUT_ORDER_PLUS_PINNED_NATIVE_LOOP
S75,54,first_fit,5310,25,24,COMPLETED_STDOUT_ORDER_PLUS_PINNED_NATIVE_LOOP
S75,54,first_fit,5311,25,24,COMPLETED_STDOUT_ORDER_PLUS_PINNED_NATIVE_LOOP
S75,54,first_fit,5312,25,24,COMPLETED_STDOUT_ORDER_PLUS_PINNED_NATIVE_LOOP
S75,54,first_fit,5313,25,24,COMPLETED_STDOUT_ORDER_PLUS_PINNED_NATIVE_LOOP
S75,54,first_fit,5314,25,24,COMPLETED_STDOUT_ORDER_PLUS_PINNED_NATIVE_LOOP
S75,54,first_fit,5315,25,24,COMPLETED_STDOUT_ORDER_PLUS_PINNED_NATIVE_LOOP
S75,54,first_fit,5316,25,24,COMPLETED_STDOUT_ORDER_PLUS_PINNED_NATIVE_LOOP
S75,54,first_fit,5317,25,24,COMPLETED_STDOUT_ORDER_PLUS_PINNED_NATIVE_LOOP
S75,54,first_fit,5318,25,24,COMPLETED_STDOUT_ORDER_PLUS_PINNED_NATIVE_LOOP
S75,54,first_fit,5319,25,24,COMPLETED_STDOUT_ORDER_PLUS_PINNED_NATIVE_LOOP
S75,54,first_fit,5320,25,24,COMPLETED_STDOUT_ORDER_PLUS_PINNED_NATIVE_LOOP
S75,54,first_fit,5321,25,24,COMPLETED_STDOUT_ORDER_PLUS_PINNED_NATIVE_LOOP
S75,54,first_fit,5322,25,24,COMPLETED_STDOUT_ORDER_PLUS_PINNED_NATIVE_LOOP
S75,54,first_fit,5323,25,24,COMPLETED_STDOUT_ORDER_PLUS_PINNED_NATIVE_LOOP
S75,54,first_fit,5324,25,24,COMPLETED_STDOUT_ORDER_PLUS_PINNED_NATIVE_LOOP
S75,54,first_fit,5325,25,24,COMPLETED_STDOUT_ORDER_PLUS_PINNED_NATIVE_LOOP
S75,54,first_fit,5326,25,24,COMPLETED_STDOUT_ORDER_PLUS_PINNED_NATIVE_LOOP
S75,54,first_fit,5327,25,24,COMPLETED_STDOUT_ORDER_PLUS_PINNED_NATIVE_LOOP
S75,54,first_fit,5328,25,24,COMPLETED_STDOUT_ORDER_PLUS_PINNED_NATIVE_LOOP
S75,54,first_fit,5329,25,24,COMPLETED_STDOUT_ORDER_PLUS_PINNED_NATIVE_LOOP
S75,54,first_fit,5330,25,24,COMPLETED_STDOUT_ORDER_PLUS_PINNED_NATIVE_LOOP
S75,54,first_fit,5331,25,24,COMPLETED_STDOUT_ORDER_PLUS_PINNED_NATIVE_LOOP
S75,54,first_fit,5332,25,24,COMPLETED_STDOUT_ORDER_PLUS_PINNED_NATIVE_LOOP
S75,54,first_fit,5333,25,24,COMPLETED_STDOUT_ORDER_PLUS_PINNED_NATIVE_LOOP
S75,54,first_fit,5334,25,24,COMPLETED_STDOUT_ORDER_PLUS_PINNED_NATIVE_LOOP
S75,54,first_fit,5335,25,24,COMPLETED_STDOUT_ORDER_PLUS_PINNED_NATIVE_LOOP
S75,54,first_fit,5336,25,24,COMPLETED_STDOUT_ORDER_PLUS_PINNED_NATIVE_LOOP
S75,54,first_fit,5337,25,24,COMPLETED_STDOUT_ORDER_PLUS_PINNED_NATIVE_LOOP
S75,54,first_fit,5338,25,24,COMPLETED_STDOUT_ORDER_PLUS_PINNED_NATIVE_LOOP
S75,54,first_fit,5339,25,24,COMPLETED_STDOUT_ORDER_PLUS_PINNED_NATIVE_LOOP
S75,54,first_fit,5340,25,24,COMPLETED_STDOUT_ORDER_PLUS_PINNED_NATIVE_LOOP
S75,54,first_fit,5341,25,24,COMPLETED_STDOUT_ORDER_PLUS_PINNED_NATIVE_LOOP
S75,54,first_fit,5342,25,24,COMPLETED_STDOUT_ORDER_PLUS_PINNED_NATIVE_LOOP
S75,54,first_fit,5343,25,24,COMPLETED_STDOUT_ORDER_PLUS_PINNED_NATIVE_LOOP
S75,54,first_fit,5344,25,24,COMPLETED_STDOUT_ORDER_PLUS_PINNED_NATIVE_LOOP
S75,54,first_fit,5345,25,24,COMPLETED_STDOUT_ORDER_PLUS_PINNED_NATIVE_LOOP
S75,54,first_fit,5346,25,24,COMPLETED_STDOUT_ORDER_PLUS_PINNED_NATIVE_LOOP
S75,54,first_fit,5347,25,24,COMPLETED_STDOUT_ORDER_PLUS_PINNED_NATIVE_LOOP
S75,54,first_fit,5348,25,24,COMPLETED_STDOUT_ORDER_PLUS_PINNED_NATIVE_LOOP
S75,54,first_fit,5349,25,24,COMPLETED_STDOUT_ORDER_PLUS_PINNED_NATIVE_LOOP
S75,54,first_fit,5350,25,24,COMPLETED_STDOUT_ORDER_PLUS_PINNED_NATIVE_LOOP
S75,54,first_fit,5351,25,24,COMPLETED_STDOUT_ORDER_PLUS_PINNED_NATIVE_LOOP
S75,54,first_fit,5352,25,24,COMPLETED_STDOUT_ORDER_PLUS_PINNED_NATIVE_LOOP
S75,54,first_fit,5353,25,24,COMPLETED_STDOUT_ORDER_PLUS_PINNED_NATIVE_LOOP
S75,54,first_fit,5354,25,24,COMPLETED_STDOUT_ORDER_PLUS_PINNED_NATIVE_LOOP
S75,54,first_fit,5355,25,24,COMPLETED_STDOUT_ORDER_PLUS_PINNED_NATIVE_LOOP
S75,54,first_fit,5356,25,24,COMPLETED_STDOUT_ORDER_PLUS_PINNED_NATIVE_LOOP
S75,54,first_fit,5357,25,24,COMPLETED_STDOUT_ORDER_PLUS_PINNED_NATIVE_LOOP
S75,54,first_fit,5358,25,24,COMPLETED_STDOUT_ORDER_PLUS_PINNED_NATIVE_LOOP
S75,54,first_fit,5359,25,24,COMPLETED_STDOUT_ORDER_PLUS_PINNED_NATIVE_LOOP
S75,54,first_fit,5360,25,24,COMPLETED_STDOUT_ORDER_PLUS_PINNED_NATIVE_LOOP
S75,54,first_fit,5361,25,24,COMPLETED_STDOUT_ORDER_PLUS_PINNED_NATIVE_LOOP
S75,54,first_fit,5362,25,24,COMPLETED_STDOUT_ORDER_PLUS_PINNED_NATIVE_LOOP
S75,54,first_fit,5363,25,24,COMPLETED_STDOUT_ORDER_PLUS_PINNED_NATIVE_LOOP
S75,54,first_fit,5364,25,24,COMPLETED_STDOUT_ORDER_PLUS_PINNED_NATIVE_LOOP
S75,54,first_fit,5365,25,24,COMPLETED_STDOUT_ORDER_PLUS_PINNED_NATIVE_LOOP
S75,54,first_fit,5366,25,24,COMPLETED_STDOUT_ORDER_PLUS_PINNED_NATIVE_LOOP
S75,54,first_fit,5367,25,24,COMPLETED_STDOUT_ORDER_PLUS_PINNED_NATIVE_LOOP
S75,54,first_fit,5368,25,24,COMPLETED_STDOUT_ORDER_PLUS_PINNED_NATIVE_LOOP
S75,54,first_fit,5369,25,24,COMPLETED_STDOUT_ORDER_PLUS_PINNED_NATIVE_LOOP
S75,54,first_fit,5370,25,24,COMPLETED_STDOUT_ORDER_PLUS_PINNED_NATIVE_LOOP
S75,54,first_fit,5371,25,24,COMPLETED_STDOUT_ORDER_PLUS_PINNED_NATIVE_LOOP
S75,54,first_fit,5372,25,24,COMPLETED_STDOUT_ORDER_PLUS_PINNED_NATIVE_LOOP
S75,54,first_fit,5373,25,24,COMPLETED_STDOUT_ORDER_PLUS_PINNED_NATIVE_LOOP
S75,54,first_fit,5374,25,24,COMPLETED_STDOUT_ORDER_PLUS_PINNED_NATIVE_LOOP
S75,54,first_fit,5375,25,24,COMPLETED_STDOUT_ORDER_PLUS_PINNED_NATIVE_LOOP
S75,54,first_fit,5376,25,24,COMPLETED_STDOUT_ORDER_PLUS_PINNED_NATIVE_LOOP
S75,54,first_fit,5377,25,24,COMPLETED_STDOUT_ORDER_PLUS_PINNED_NATIVE_LOOP
S75,54,first_fit,5378,25,24,COMPLETED_STDOUT_ORDER_PLUS_PINNED_NATIVE_LOOP
S75,54,first_fit,5379,25,24,COMPLETED_STDOUT_ORDER_PLUS_PINNED_NATIVE_LOOP
S75,54,first_fit,5380,25,24,COMPLETED_STDOUT_ORDER_PLUS_PINNED_NATIVE_LOOP
S75,54,first_fit,5381,25,24,COMPLETED_STDOUT_ORDER_PLUS_PINNED_NATIVE_LOOP
S75,54,first_fit,5382,25,24,COMPLETED_STDOUT_ORDER_PLUS_PINNED_NATIVE_LOOP
S75,54,first_fit,5383,25,24,COMPLETED_STDOUT_ORDER_PLUS_PINNED_NATIVE_LOOP
S75,54,first_fit,5384,25,24,COMPLETED_STDOUT_ORDER_PLUS_PINNED_NATIVE_LOOP
S75,54,first_fit,5385,25,24,COMPLETED_STDOUT_ORDER_PLUS_PINNED_NATIVE_LOOP
S75,54,first_fit,5386,25,24,COMPLETED_STDOUT_ORDER_PLUS_PINNED_NATIVE_LOOP
S75,54,first_fit,5387,25,24,COMPLETED_STDOUT_ORDER_PLUS_PINNED_NATIVE_LOOP
S75,54,first_fit,5388,25,24,COMPLETED_STDOUT_ORDER_PLUS_PINNED_NATIVE_LOOP
S75,54,first_fit,5389,25,24,COMPLETED_STDOUT_ORDER_PLUS_PINNED_NATIVE_LOOP
S75,54,first_fit,5390,25,24,COMPLETED_STDOUT_ORDER_PLUS_PINNED_NATIVE_LOOP
S75,54,first_fit,5391,25,24,COMPLETED_STDOUT_ORDER_PLUS_PINNED_NATIVE_LOOP
S75,54,first_fit,5392,25,24,COMPLETED_STDOUT_ORDER_PLUS_PINNED_NATIVE_LOOP
S75,54,first_fit,5393,25,24,COMPLETED_STDOUT_ORDER_PLUS_PINNED_NATIVE_LOOP
S75,54,first_fit,5394,25,24,COMPLETED_STDOUT_ORDER_PLUS_PINNED_NATIVE_LOOP
S75,54,first_fit,5395,25,24,COMPLETED_STDOUT_ORDER_PLUS_PINNED_NATIVE_LOOP
S75,54,first_fit,5396,25,24,COMPLETED_STDOUT_ORDER_PLUS_PINNED_NATIVE_LOOP
S75,54,first_fit,5397,25,24,COMPLETED_STDOUT_ORDER_PLUS_PINNED_NATIVE_LOOP
S75,54,first_fit,5398,25,24,COMPLETED_STDOUT_ORDER_PLUS_PINNED_NATIVE_LOOP
S75,54,first_fit,5399,25,24,COMPLETED_STDOUT_ORDER_PLUS_PINNED_NATIVE_LOOP
S75,55,first_fit,5400,25,24,COMPLETED_STDOUT_ORDER_PLUS_PINNED_NATIVE_LOOP
S75,55,first_fit,5401,25,24,COMPLETED_STDOUT_ORDER_PLUS_PINNED_NATIVE_LOOP
S75,55,first_fit,5402,25,24,COMPLETED_STDOUT_ORDER_PLUS_PINNED_NATIVE_LOOP
S75,55,first_fit,5403,25,24,COMPLETED_STDOUT_ORDER_PLUS_PINNED_NATIVE_LOOP
S75,55,first_fit,5404,25,24,COMPLETED_STDOUT_ORDER_PLUS_PINNED_NATIVE_LOOP
S75,55,first_fit,5405,25,24,COMPLETED_STDOUT_ORDER_PLUS_PINNED_NATIVE_LOOP
S75,55,first_fit,5406,25,24,COMPLETED_STDOUT_ORDER_PLUS_PINNED_NATIVE_LOOP
S75,55,first_fit,5407,25,24,COMPLETED_STDOUT_ORDER_PLUS_PINNED_NATIVE_LOOP
S75,55,first_fit,5408,25,24,COMPLETED_STDOUT_ORDER_PLUS_PINNED_NATIVE_LOOP
S75,55,first_fit,5409,25,24,COMPLETED_STDOUT_ORDER_PLUS_PINNED_NATIVE_LOOP
S75,55,first_fit,5410,25,24,COMPLETED_STDOUT_ORDER_PLUS_PINNED_NATIVE_LOOP
S75,55,first_fit,5411,25,24,COMPLETED_STDOUT_ORDER_PLUS_PINNED_NATIVE_LOOP
S75,55,first_fit,5412,25,24,COMPLETED_STDOUT_ORDER_PLUS_PINNED_NATIVE_LOOP
S75,55,first_fit,5413,25,24,COMPLETED_STDOUT_ORDER_PLUS_PINNED_NATIVE_LOOP
S75,55,first_fit,5414,25,24,COMPLETED_STDOUT_ORDER_PLUS_PINNED_NATIVE_LOOP
S75,55,first_fit,5415,25,24,COMPLETED_STDOUT_ORDER_PLUS_PINNED_NATIVE_LOOP
S75,55,first_fit,5416,25,24,COMPLETED_STDOUT_ORDER_PLUS_PINNED_NATIVE_LOOP
S75,55,first_fit,5417,25,24,COMPLETED_STDOUT_ORDER_PLUS_PINNED_NATIVE_LOOP
S75,55,first_fit,5418,25,24,COMPLETED_STDOUT_ORDER_PLUS_PINNED_NATIVE_LOOP
S75,55,first_fit,5419,25,24,COMPLETED_STDOUT_ORDER_PLUS_PINNED_NATIVE_LOOP
S75,55,first_fit,5420,25,24,COMPLETED_STDOUT_ORDER_PLUS_PINNED_NATIVE_LOOP
S75,55,first_fit,5421,25,24,COMPLETED_STDOUT_ORDER_PLUS_PINNED_NATIVE_LOOP
S75,55,first_fit,5422,25,24,COMPLETED_STDOUT_ORDER_PLUS_PINNED_NATIVE_LOOP
S75,55,first_fit,5423,25,24,COMPLETED_STDOUT_ORDER_PLUS_PINNED_NATIVE_LOOP
S75,55,first_fit,5424,25,24,COMPLETED_STDOUT_ORDER_PLUS_PINNED_NATIVE_LOOP
S75,55,first_fit,5425,25,24,COMPLETED_STDOUT_ORDER_PLUS_PINNED_NATIVE_LOOP
S75,55,first_fit,5426,25,24,COMPLETED_STDOUT_ORDER_PLUS_PINNED_NATIVE_LOOP
S75,55,first_fit,5427,25,24,COMPLETED_STDOUT_ORDER_PLUS_PINNED_NATIVE_LOOP
S75,55,first_fit,5428,25,24,COMPLETED_STDOUT_ORDER_PLUS_PINNED_NATIVE_LOOP
S75,55,first_fit,5429,25,24,COMPLETED_STDOUT_ORDER_PLUS_PINNED_NATIVE_LOOP
S75,55,first_fit,5430,25,24,COMPLETED_STDOUT_ORDER_PLUS_PINNED_NATIVE_LOOP
S75,55,first_fit,5431,25,24,COMPLETED_STDOUT_ORDER_PLUS_PINNED_NATIVE_LOOP
S75,55,first_fit,5432,25,24,COMPLETED_STDOUT_ORDER_PLUS_PINNED_NATIVE_LOOP
S75,55,first_fit,5433,25,24,COMPLETED_STDOUT_ORDER_PLUS_PINNED_NATIVE_LOOP
S75,55,first_fit,5434,25,24,COMPLETED_STDOUT_ORDER_PLUS_PINNED_NATIVE_LOOP
S75,55,first_fit,5435,25,24,COMPLETED_STDOUT_ORDER_PLUS_PINNED_NATIVE_LOOP
S75,55,first_fit,5436,25,24,COMPLETED_STDOUT_ORDER_PLUS_PINNED_NATIVE_LOOP
S75,55,first_fit,5437,25,24,COMPLETED_STDOUT_ORDER_PLUS_PINNED_NATIVE_LOOP
S75,55,first_fit,5438,25,24,COMPLETED_STDOUT_ORDER_PLUS_PINNED_NATIVE_LOOP
S75,55,first_fit,5439,25,24,COMPLETED_STDOUT_ORDER_PLUS_PINNED_NATIVE_LOOP
S75,55,first_fit,5440,25,24,COMPLETED_STDOUT_ORDER_PLUS_PINNED_NATIVE_LOOP
S75,55,first_fit,5441,25,24,COMPLETED_STDOUT_ORDER_PLUS_PINNED_NATIVE_LOOP
S75,55,first_fit,5442,25,24,COMPLETED_STDOUT_ORDER_PLUS_PINNED_NATIVE_LOOP
S75,55,first_fit,5443,25,24,COMPLETED_STDOUT_ORDER_PLUS_PINNED_NATIVE_LOOP
S75,55,first_fit,5444,25,24,COMPLETED_STDOUT_ORDER_PLUS_PINNED_NATIVE_LOOP
S75,55,first_fit,5445,25,24,COMPLETED_STDOUT_ORDER_PLUS_PINNED_NATIVE_LOOP
S75,55,first_fit,5446,25,24,COMPLETED_STDOUT_ORDER_PLUS_PINNED_NATIVE_LOOP
S75,55,first_fit,5447,25,24,COMPLETED_STDOUT_ORDER_PLUS_PINNED_NATIVE_LOOP
S75,55,first_fit,5448,25,24,COMPLETED_STDOUT_ORDER_PLUS_PINNED_NATIVE_LOOP
S75,55,first_fit,5449,25,24,COMPLETED_STDOUT_ORDER_PLUS_PINNED_NATIVE_LOOP
S75,55,first_fit,5450,25,24,COMPLETED_STDOUT_ORDER_PLUS_PINNED_NATIVE_LOOP
S75,55,first_fit,5451,25,24,COMPLETED_STDOUT_ORDER_PLUS_PINNED_NATIVE_LOOP
S75,55,first_fit,5452,25,24,COMPLETED_STDOUT_ORDER_PLUS_PINNED_NATIVE_LOOP
S75,55,first_fit,5453,25,24,COMPLETED_STDOUT_ORDER_PLUS_PINNED_NATIVE_LOOP
S75,55,first_fit,5454,25,24,COMPLETED_STDOUT_ORDER_PLUS_PINNED_NATIVE_LOOP
S75,55,first_fit,5455,25,24,COMPLETED_STDOUT_ORDER_PLUS_PINNED_NATIVE_LOOP
S75,55,first_fit,5456,25,24,COMPLETED_STDOUT_ORDER_PLUS_PINNED_NATIVE_LOOP
S75,55,first_fit,5457,25,24,COMPLETED_STDOUT_ORDER_PLUS_PINNED_NATIVE_LOOP
S75,55,first_fit,5458,25,24,COMPLETED_STDOUT_ORDER_PLUS_PINNED_NATIVE_LOOP
S75,55,first_fit,5459,25,24,COMPLETED_STDOUT_ORDER_PLUS_PINNED_NATIVE_LOOP
S75,55,first_fit,5460,25,24,COMPLETED_STDOUT_ORDER_PLUS_PINNED_NATIVE_LOOP
S75,55,first_fit,5461,25,24,COMPLETED_STDOUT_ORDER_PLUS_PINNED_NATIVE_LOOP
S75,55,first_fit,5462,25,24,COMPLETED_STDOUT_ORDER_PLUS_PINNED_NATIVE_LOOP
S75,55,first_fit,5463,25,24,COMPLETED_STDOUT_ORDER_PLUS_PINNED_NATIVE_LOOP
S75,55,first_fit,5464,25,24,COMPLETED_STDOUT_ORDER_PLUS_PINNED_NATIVE_LOOP
S75,55,first_fit,5465,25,24,COMPLETED_STDOUT_ORDER_PLUS_PINNED_NATIVE_LOOP
S75,55,first_fit,5466,25,24,COMPLETED_STDOUT_ORDER_PLUS_PINNED_NATIVE_LOOP
S75,55,first_fit,5467,25,24,COMPLETED_STDOUT_ORDER_PLUS_PINNED_NATIVE_LOOP
S75,55,first_fit,5468,25,24,COMPLETED_STDOUT_ORDER_PLUS_PINNED_NATIVE_LOOP
S75,55,first_fit,5469,25,24,COMPLETED_STDOUT_ORDER_PLUS_PINNED_NATIVE_LOOP
S75,55,first_fit,5470,25,24,COMPLETED_STDOUT_ORDER_PLUS_PINNED_NATIVE_LOOP
S75,55,first_fit,5471,25,24,COMPLETED_STDOUT_ORDER_PLUS_PINNED_NATIVE_LOOP
S75,55,first_fit,5472,25,24,COMPLETED_STDOUT_ORDER_PLUS_PINNED_NATIVE_LOOP
S75,55,first_fit,5473,25,24,COMPLETED_STDOUT_ORDER_PLUS_PINNED_NATIVE_LOOP
S75,55,first_fit,5474,25,24,COMPLETED_STDOUT_ORDER_PLUS_PINNED_NATIVE_LOOP
S75,55,first_fit,5475,25,24,COMPLETED_STDOUT_ORDER_PLUS_PINNED_NATIVE_LOOP
S75,55,first_fit,5476,25,24,COMPLETED_STDOUT_ORDER_PLUS_PINNED_NATIVE_LOOP
S75,55,first_fit,5477,25,24,COMPLETED_STDOUT_ORDER_PLUS_PINNED_NATIVE_LOOP
S75,55,first_fit,5478,25,24,COMPLETED_STDOUT_ORDER_PLUS_PINNED_NATIVE_LOOP
S75,55,first_fit,5479,25,24,COMPLETED_STDOUT_ORDER_PLUS_PINNED_NATIVE_LOOP
S75,55,first_fit,5480,25,24,COMPLETED_STDOUT_ORDER_PLUS_PINNED_NATIVE_LOOP
S75,55,first_fit,5481,25,24,COMPLETED_STDOUT_ORDER_PLUS_PINNED_NATIVE_LOOP
S75,55,first_fit,5482,25,24,COMPLETED_STDOUT_ORDER_PLUS_PINNED_NATIVE_LOOP
S75,55,first_fit,5483,25,24,COMPLETED_STDOUT_ORDER_PLUS_PINNED_NATIVE_LOOP
S75,55,first_fit,5484,25,24,COMPLETED_STDOUT_ORDER_PLUS_PINNED_NATIVE_LOOP
S75,55,first_fit,5485,25,24,COMPLETED_STDOUT_ORDER_PLUS_PINNED_NATIVE_LOOP
S75,55,first_fit,5486,25,24,COMPLETED_STDOUT_ORDER_PLUS_PINNED_NATIVE_LOOP
S75,55,first_fit,5487,25,24,COMPLETED_STDOUT_ORDER_PLUS_PINNED_NATIVE_LOOP
S75,55,first_fit,5488,25,24,COMPLETED_STDOUT_ORDER_PLUS_PINNED_NATIVE_LOOP
S75,55,first_fit,5489,25,24,COMPLETED_STDOUT_ORDER_PLUS_PINNED_NATIVE_LOOP
S75,55,first_fit,5490,25,24,COMPLETED_STDOUT_ORDER_PLUS_PINNED_NATIVE_LOOP
S75,55,first_fit,5491,25,24,COMPLETED_STDOUT_ORDER_PLUS_PINNED_NATIVE_LOOP
S75,55,first_fit,5492,25,24,COMPLETED_STDOUT_ORDER_PLUS_PINNED_NATIVE_LOOP
S75,55,first_fit,5493,25,24,COMPLETED_STDOUT_ORDER_PLUS_PINNED_NATIVE_LOOP
S75,55,first_fit,5494,25,24,COMPLETED_STDOUT_ORDER_PLUS_PINNED_NATIVE_LOOP
S75,55,first_fit,5495,25,24,COMPLETED_STDOUT_ORDER_PLUS_PINNED_NATIVE_LOOP
S75,55,first_fit,5496,25,24,COMPLETED_STDOUT_ORDER_PLUS_PINNED_NATIVE_LOOP
S75,55,first_fit,5497,25,24,COMPLETED_STDOUT_ORDER_PLUS_PINNED_NATIVE_LOOP
S75,55,first_fit,5498,25,24,COMPLETED_STDOUT_ORDER_PLUS_PINNED_NATIVE_LOOP
S75,55,first_fit,5499,25,24,COMPLETED_STDOUT_ORDER_PLUS_PINNED_NATIVE_LOOP
S75,56,first_fit,5500,25,24,COMPLETED_STDOUT_ORDER_PLUS_PINNED_NATIVE_LOOP
S75,56,first_fit,5501,25,24,COMPLETED_STDOUT_ORDER_PLUS_PINNED_NATIVE_LOOP
S75,56,first_fit,5502,25,24,COMPLETED_STDOUT_ORDER_PLUS_PINNED_NATIVE_LOOP
S75,56,first_fit,5503,25,24,COMPLETED_STDOUT_ORDER_PLUS_PINNED_NATIVE_LOOP
S75,56,first_fit,5504,25,24,COMPLETED_STDOUT_ORDER_PLUS_PINNED_NATIVE_LOOP
S75,56,first_fit,5505,25,24,COMPLETED_STDOUT_ORDER_PLUS_PINNED_NATIVE_LOOP
S75,56,first_fit,5506,25,24,COMPLETED_STDOUT_ORDER_PLUS_PINNED_NATIVE_LOOP
S75,56,first_fit,5507,25,24,COMPLETED_STDOUT_ORDER_PLUS_PINNED_NATIVE_LOOP
S75,56,first_fit,5508,25,24,COMPLETED_STDOUT_ORDER_PLUS_PINNED_NATIVE_LOOP
S75,56,first_fit,5509,25,24,COMPLETED_STDOUT_ORDER_PLUS_PINNED_NATIVE_LOOP
S75,56,first_fit,5510,25,24,COMPLETED_STDOUT_ORDER_PLUS_PINNED_NATIVE_LOOP
S75,56,first_fit,5511,25,24,COMPLETED_STDOUT_ORDER_PLUS_PINNED_NATIVE_LOOP
S75,56,first_fit,5512,25,24,COMPLETED_STDOUT_ORDER_PLUS_PINNED_NATIVE_LOOP
S75,56,first_fit,5513,25,24,COMPLETED_STDOUT_ORDER_PLUS_PINNED_NATIVE_LOOP
S75,56,first_fit,5514,25,24,COMPLETED_STDOUT_ORDER_PLUS_PINNED_NATIVE_LOOP
S75,56,first_fit,5515,25,24,COMPLETED_STDOUT_ORDER_PLUS_PINNED_NATIVE_LOOP
S75,56,first_fit,5516,25,24,COMPLETED_STDOUT_ORDER_PLUS_PINNED_NATIVE_LOOP
S75,56,first_fit,5517,25,24,COMPLETED_STDOUT_ORDER_PLUS_PINNED_NATIVE_LOOP
S75,56,first_fit,5518,25,24,COMPLETED_STDOUT_ORDER_PLUS_PINNED_NATIVE_LOOP
S75,56,first_fit,5519,25,24,COMPLETED_STDOUT_ORDER_PLUS_PINNED_NATIVE_LOOP
S75,56,first_fit,5520,25,24,COMPLETED_STDOUT_ORDER_PLUS_PINNED_NATIVE_LOOP
S75,56,first_fit,5521,25,24,COMPLETED_STDOUT_ORDER_PLUS_PINNED_NATIVE_LOOP
S75,56,first_fit,5522,25,24,COMPLETED_STDOUT_ORDER_PLUS_PINNED_NATIVE_LOOP
S75,56,first_fit,5523,25,24,COMPLETED_STDOUT_ORDER_PLUS_PINNED_NATIVE_LOOP
S75,56,first_fit,5524,25,24,COMPLETED_STDOUT_ORDER_PLUS_PINNED_NATIVE_LOOP
S75,56,first_fit,5525,25,24,COMPLETED_STDOUT_ORDER_PLUS_PINNED_NATIVE_LOOP
S75,56,first_fit,5526,25,24,COMPLETED_STDOUT_ORDER_PLUS_PINNED_NATIVE_LOOP
S75,56,first_fit,5527,25,24,COMPLETED_STDOUT_ORDER_PLUS_PINNED_NATIVE_LOOP
S75,56,first_fit,5528,25,24,COMPLETED_STDOUT_ORDER_PLUS_PINNED_NATIVE_LOOP
S75,56,first_fit,5529,25,24,COMPLETED_STDOUT_ORDER_PLUS_PINNED_NATIVE_LOOP
S75,56,first_fit,5530,25,24,COMPLETED_STDOUT_ORDER_PLUS_PINNED_NATIVE_LOOP
S75,56,first_fit,5531,25,24,COMPLETED_STDOUT_ORDER_PLUS_PINNED_NATIVE_LOOP
S75,56,first_fit,5532,25,24,COMPLETED_STDOUT_ORDER_PLUS_PINNED_NATIVE_LOOP
S75,56,first_fit,5533,25,24,COMPLETED_STDOUT_ORDER_PLUS_PINNED_NATIVE_LOOP
S75,56,first_fit,5534,25,24,COMPLETED_STDOUT_ORDER_PLUS_PINNED_NATIVE_LOOP
S75,56,first_fit,5535,25,24,COMPLETED_STDOUT_ORDER_PLUS_PINNED_NATIVE_LOOP
S75,56,first_fit,5536,25,24,COMPLETED_STDOUT_ORDER_PLUS_PINNED_NATIVE_LOOP
S75,56,first_fit,5537,25,24,COMPLETED_STDOUT_ORDER_PLUS_PINNED_NATIVE_LOOP
S75,56,first_fit,5538,25,24,COMPLETED_STDOUT_ORDER_PLUS_PINNED_NATIVE_LOOP
S75,56,first_fit,5539,25,24,COMPLETED_STDOUT_ORDER_PLUS_PINNED_NATIVE_LOOP
S75,56,first_fit,5540,25,24,COMPLETED_STDOUT_ORDER_PLUS_PINNED_NATIVE_LOOP
S75,56,first_fit,5541,25,24,COMPLETED_STDOUT_ORDER_PLUS_PINNED_NATIVE_LOOP
S75,56,first_fit,5542,25,24,COMPLETED_STDOUT_ORDER_PLUS_PINNED_NATIVE_LOOP
S75,56,first_fit,5543,25,24,COMPLETED_STDOUT_ORDER_PLUS_PINNED_NATIVE_LOOP
S75,56,first_fit,5544,25,24,COMPLETED_STDOUT_ORDER_PLUS_PINNED_NATIVE_LOOP
S75,56,first_fit,5545,25,24,COMPLETED_STDOUT_ORDER_PLUS_PINNED_NATIVE_LOOP
S75,56,first_fit,5546,25,24,COMPLETED_STDOUT_ORDER_PLUS_PINNED_NATIVE_LOOP
S75,56,first_fit,5547,25,24,COMPLETED_STDOUT_ORDER_PLUS_PINNED_NATIVE_LOOP
S75,56,first_fit,5548,25,24,COMPLETED_STDOUT_ORDER_PLUS_PINNED_NATIVE_LOOP
S75,56,first_fit,5549,25,24,COMPLETED_STDOUT_ORDER_PLUS_PINNED_NATIVE_LOOP
S75,56,first_fit,5550,25,24,COMPLETED_STDOUT_ORDER_PLUS_PINNED_NATIVE_LOOP
S75,56,first_fit,5551,25,24,COMPLETED_STDOUT_ORDER_PLUS_PINNED_NATIVE_LOOP
S75,56,first_fit,5552,25,24,COMPLETED_STDOUT_ORDER_PLUS_PINNED_NATIVE_LOOP
S75,56,first_fit,5553,25,24,COMPLETED_STDOUT_ORDER_PLUS_PINNED_NATIVE_LOOP
S75,56,first_fit,5554,25,24,COMPLETED_STDOUT_ORDER_PLUS_PINNED_NATIVE_LOOP
S75,56,first_fit,5555,25,24,COMPLETED_STDOUT_ORDER_PLUS_PINNED_NATIVE_LOOP
S75,56,first_fit,5556,25,24,COMPLETED_STDOUT_ORDER_PLUS_PINNED_NATIVE_LOOP
S75,56,first_fit,5557,25,24,COMPLETED_STDOUT_ORDER_PLUS_PINNED_NATIVE_LOOP
S75,56,first_fit,5558,25,24,COMPLETED_STDOUT_ORDER_PLUS_PINNED_NATIVE_LOOP
S75,56,first_fit,5559,25,24,COMPLETED_STDOUT_ORDER_PLUS_PINNED_NATIVE_LOOP
S75,56,first_fit,5560,25,24,COMPLETED_STDOUT_ORDER_PLUS_PINNED_NATIVE_LOOP
S75,56,first_fit,5561,25,24,COMPLETED_STDOUT_ORDER_PLUS_PINNED_NATIVE_LOOP
S75,56,first_fit,5562,25,24,COMPLETED_STDOUT_ORDER_PLUS_PINNED_NATIVE_LOOP
S75,56,first_fit,5563,25,24,COMPLETED_STDOUT_ORDER_PLUS_PINNED_NATIVE_LOOP
S75,56,first_fit,5564,25,24,COMPLETED_STDOUT_ORDER_PLUS_PINNED_NATIVE_LOOP
S75,56,first_fit,5565,25,24,COMPLETED_STDOUT_ORDER_PLUS_PINNED_NATIVE_LOOP
S75,56,first_fit,5566,25,24,COMPLETED_STDOUT_ORDER_PLUS_PINNED_NATIVE_LOOP
S75,56,first_fit,5567,25,24,COMPLETED_STDOUT_ORDER_PLUS_PINNED_NATIVE_LOOP
S75,56,first_fit,5568,25,24,COMPLETED_STDOUT_ORDER_PLUS_PINNED_NATIVE_LOOP
S75,56,first_fit,5569,25,24,COMPLETED_STDOUT_ORDER_PLUS_PINNED_NATIVE_LOOP
S75,56,first_fit,5570,25,24,COMPLETED_STDOUT_ORDER_PLUS_PINNED_NATIVE_LOOP
S75,56,first_fit,5571,25,24,COMPLETED_STDOUT_ORDER_PLUS_PINNED_NATIVE_LOOP
S75,56,first_fit,5572,25,24,COMPLETED_STDOUT_ORDER_PLUS_PINNED_NATIVE_LOOP
S75,56,first_fit,5573,25,24,COMPLETED_STDOUT_ORDER_PLUS_PINNED_NATIVE_LOOP
S75,56,first_fit,5574,25,24,COMPLETED_STDOUT_ORDER_PLUS_PINNED_NATIVE_LOOP
S75,56,first_fit,5575,25,24,COMPLETED_STDOUT_ORDER_PLUS_PINNED_NATIVE_LOOP
S75,56,first_fit,5576,25,24,COMPLETED_STDOUT_ORDER_PLUS_PINNED_NATIVE_LOOP
S75,56,first_fit,5577,25,24,COMPLETED_STDOUT_ORDER_PLUS_PINNED_NATIVE_LOOP
S75,56,first_fit,5578,25,24,COMPLETED_STDOUT_ORDER_PLUS_PINNED_NATIVE_LOOP
S75,56,first_fit,5579,25,24,COMPLETED_STDOUT_ORDER_PLUS_PINNED_NATIVE_LOOP
S75,56,first_fit,5580,25,24,COMPLETED_STDOUT_ORDER_PLUS_PINNED_NATIVE_LOOP
S75,56,first_fit,5581,25,24,COMPLETED_STDOUT_ORDER_PLUS_PINNED_NATIVE_LOOP
S75,56,first_fit,5582,25,24,COMPLETED_STDOUT_ORDER_PLUS_PINNED_NATIVE_LOOP
S75,56,first_fit,5583,25,24,COMPLETED_STDOUT_ORDER_PLUS_PINNED_NATIVE_LOOP
S75,56,first_fit,5584,25,24,COMPLETED_STDOUT_ORDER_PLUS_PINNED_NATIVE_LOOP
S75,56,first_fit,5585,25,24,COMPLETED_STDOUT_ORDER_PLUS_PINNED_NATIVE_LOOP
S75,56,first_fit,5586,25,24,COMPLETED_STDOUT_ORDER_PLUS_PINNED_NATIVE_LOOP
S75,56,first_fit,5587,25,24,COMPLETED_STDOUT_ORDER_PLUS_PINNED_NATIVE_LOOP
S75,56,first_fit,5588,25,24,COMPLETED_STDOUT_ORDER_PLUS_PINNED_NATIVE_LOOP
S75,56,first_fit,5589,25,24,COMPLETED_STDOUT_ORDER_PLUS_PINNED_NATIVE_LOOP
S75,56,first_fit,5590,25,24,COMPLETED_STDOUT_ORDER_PLUS_PINNED_NATIVE_LOOP
S75,56,first_fit,5591,25,24,COMPLETED_STDOUT_ORDER_PLUS_PINNED_NATIVE_LOOP
S75,56,first_fit,5592,25,24,COMPLETED_STDOUT_ORDER_PLUS_PINNED_NATIVE_LOOP
S75,56,first_fit,5593,25,24,COMPLETED_STDOUT_ORDER_PLUS_PINNED_NATIVE_LOOP
S75,56,first_fit,5594,25,24,COMPLETED_STDOUT_ORDER_PLUS_PINNED_NATIVE_LOOP
S75,56,first_fit,5595,25,24,COMPLETED_STDOUT_ORDER_PLUS_PINNED_NATIVE_LOOP
S75,56,first_fit,5596,25,24,COMPLETED_STDOUT_ORDER_PLUS_PINNED_NATIVE_LOOP
S75,56,first_fit,5597,25,24,COMPLETED_STDOUT_ORDER_PLUS_PINNED_NATIVE_LOOP
S75,56,first_fit,5598,25,24,COMPLETED_STDOUT_ORDER_PLUS_PINNED_NATIVE_LOOP
S75,56,first_fit,5599,25,24,COMPLETED_STDOUT_ORDER_PLUS_PINNED_NATIVE_LOOP
S75,57,first_fit,5600,25,24,COMPLETED_STDOUT_ORDER_PLUS_PINNED_NATIVE_LOOP
S75,57,first_fit,5601,25,24,COMPLETED_STDOUT_ORDER_PLUS_PINNED_NATIVE_LOOP
S75,57,first_fit,5602,25,24,COMPLETED_STDOUT_ORDER_PLUS_PINNED_NATIVE_LOOP
S75,57,first_fit,5603,25,24,COMPLETED_STDOUT_ORDER_PLUS_PINNED_NATIVE_LOOP
S75,57,first_fit,5604,25,24,COMPLETED_STDOUT_ORDER_PLUS_PINNED_NATIVE_LOOP
S75,57,first_fit,5605,25,24,COMPLETED_STDOUT_ORDER_PLUS_PINNED_NATIVE_LOOP
S75,57,first_fit,5606,25,24,COMPLETED_STDOUT_ORDER_PLUS_PINNED_NATIVE_LOOP
S75,57,first_fit,5607,25,24,COMPLETED_STDOUT_ORDER_PLUS_PINNED_NATIVE_LOOP
S75,57,first_fit,5608,25,24,COMPLETED_STDOUT_ORDER_PLUS_PINNED_NATIVE_LOOP
S75,57,first_fit,5609,25,24,COMPLETED_STDOUT_ORDER_PLUS_PINNED_NATIVE_LOOP
S75,57,first_fit,5610,25,24,COMPLETED_STDOUT_ORDER_PLUS_PINNED_NATIVE_LOOP
S75,57,first_fit,5611,25,24,COMPLETED_STDOUT_ORDER_PLUS_PINNED_NATIVE_LOOP
S75,57,first_fit,5612,25,24,COMPLETED_STDOUT_ORDER_PLUS_PINNED_NATIVE_LOOP
S75,57,first_fit,5613,25,24,COMPLETED_STDOUT_ORDER_PLUS_PINNED_NATIVE_LOOP
S75,57,first_fit,5614,25,24,COMPLETED_STDOUT_ORDER_PLUS_PINNED_NATIVE_LOOP
S75,57,first_fit,5615,25,24,COMPLETED_STDOUT_ORDER_PLUS_PINNED_NATIVE_LOOP
S75,57,first_fit,5616,25,24,COMPLETED_STDOUT_ORDER_PLUS_PINNED_NATIVE_LOOP
S75,57,first_fit,5617,25,24,COMPLETED_STDOUT_ORDER_PLUS_PINNED_NATIVE_LOOP
S75,57,first_fit,5618,25,24,COMPLETED_STDOUT_ORDER_PLUS_PINNED_NATIVE_LOOP
S75,57,first_fit,5619,25,24,COMPLETED_STDOUT_ORDER_PLUS_PINNED_NATIVE_LOOP
S75,57,first_fit,5620,25,24,COMPLETED_STDOUT_ORDER_PLUS_PINNED_NATIVE_LOOP
S75,57,first_fit,5621,25,24,COMPLETED_STDOUT_ORDER_PLUS_PINNED_NATIVE_LOOP
S75,57,first_fit,5622,25,24,COMPLETED_STDOUT_ORDER_PLUS_PINNED_NATIVE_LOOP
S75,57,first_fit,5623,25,24,COMPLETED_STDOUT_ORDER_PLUS_PINNED_NATIVE_LOOP
S75,57,first_fit,5624,25,24,COMPLETED_STDOUT_ORDER_PLUS_PINNED_NATIVE_LOOP
S75,57,first_fit,5625,25,24,COMPLETED_STDOUT_ORDER_PLUS_PINNED_NATIVE_LOOP
S75,57,first_fit,5626,25,24,COMPLETED_STDOUT_ORDER_PLUS_PINNED_NATIVE_LOOP
S75,57,first_fit,5627,25,24,COMPLETED_STDOUT_ORDER_PLUS_PINNED_NATIVE_LOOP
S75,57,first_fit,5628,25,24,COMPLETED_STDOUT_ORDER_PLUS_PINNED_NATIVE_LOOP
S75,57,first_fit,5629,25,24,COMPLETED_STDOUT_ORDER_PLUS_PINNED_NATIVE_LOOP
S75,57,first_fit,5630,25,24,COMPLETED_STDOUT_ORDER_PLUS_PINNED_NATIVE_LOOP
S75,57,first_fit,5631,25,24,COMPLETED_STDOUT_ORDER_PLUS_PINNED_NATIVE_LOOP
S75,57,first_fit,5632,25,24,COMPLETED_STDOUT_ORDER_PLUS_PINNED_NATIVE_LOOP
S75,57,first_fit,5633,25,24,COMPLETED_STDOUT_ORDER_PLUS_PINNED_NATIVE_LOOP
S75,57,first_fit,5634,25,24,COMPLETED_STDOUT_ORDER_PLUS_PINNED_NATIVE_LOOP
S75,57,first_fit,5635,25,24,COMPLETED_STDOUT_ORDER_PLUS_PINNED_NATIVE_LOOP
S75,57,first_fit,5636,25,24,COMPLETED_STDOUT_ORDER_PLUS_PINNED_NATIVE_LOOP
S75,57,first_fit,5637,25,24,COMPLETED_STDOUT_ORDER_PLUS_PINNED_NATIVE_LOOP
S75,57,first_fit,5638,25,24,COMPLETED_STDOUT_ORDER_PLUS_PINNED_NATIVE_LOOP
S75,57,first_fit,5639,25,24,COMPLETED_STDOUT_ORDER_PLUS_PINNED_NATIVE_LOOP
S75,57,first_fit,5640,25,24,COMPLETED_STDOUT_ORDER_PLUS_PINNED_NATIVE_LOOP
S75,57,first_fit,5641,25,24,COMPLETED_STDOUT_ORDER_PLUS_PINNED_NATIVE_LOOP
S75,57,first_fit,5642,25,24,COMPLETED_STDOUT_ORDER_PLUS_PINNED_NATIVE_LOOP
S75,57,first_fit,5643,25,24,COMPLETED_STDOUT_ORDER_PLUS_PINNED_NATIVE_LOOP
S75,57,first_fit,5644,25,24,COMPLETED_STDOUT_ORDER_PLUS_PINNED_NATIVE_LOOP
S75,57,first_fit,5645,25,24,COMPLETED_STDOUT_ORDER_PLUS_PINNED_NATIVE_LOOP
S75,57,first_fit,5646,25,24,COMPLETED_STDOUT_ORDER_PLUS_PINNED_NATIVE_LOOP
S75,57,first_fit,5647,25,24,COMPLETED_STDOUT_ORDER_PLUS_PINNED_NATIVE_LOOP
S75,57,first_fit,5648,25,24,COMPLETED_STDOUT_ORDER_PLUS_PINNED_NATIVE_LOOP
S75,57,first_fit,5649,25,24,COMPLETED_STDOUT_ORDER_PLUS_PINNED_NATIVE_LOOP
S75,57,first_fit,5650,25,24,COMPLETED_STDOUT_ORDER_PLUS_PINNED_NATIVE_LOOP
S75,57,first_fit,5651,25,24,COMPLETED_STDOUT_ORDER_PLUS_PINNED_NATIVE_LOOP
S75,57,first_fit,5652,25,24,COMPLETED_STDOUT_ORDER_PLUS_PINNED_NATIVE_LOOP
S75,57,first_fit,5653,25,24,COMPLETED_STDOUT_ORDER_PLUS_PINNED_NATIVE_LOOP
S75,57,first_fit,5654,25,24,COMPLETED_STDOUT_ORDER_PLUS_PINNED_NATIVE_LOOP
S75,57,first_fit,5655,25,24,COMPLETED_STDOUT_ORDER_PLUS_PINNED_NATIVE_LOOP
S75,57,first_fit,5656,25,24,COMPLETED_STDOUT_ORDER_PLUS_PINNED_NATIVE_LOOP
S75,57,first_fit,5657,25,24,COMPLETED_STDOUT_ORDER_PLUS_PINNED_NATIVE_LOOP
S75,57,first_fit,5658,25,24,COMPLETED_STDOUT_ORDER_PLUS_PINNED_NATIVE_LOOP
S75,57,first_fit,5659,25,24,COMPLETED_STDOUT_ORDER_PLUS_PINNED_NATIVE_LOOP
S75,57,first_fit,5660,25,24,COMPLETED_STDOUT_ORDER_PLUS_PINNED_NATIVE_LOOP
S75,57,first_fit,5661,25,24,COMPLETED_STDOUT_ORDER_PLUS_PINNED_NATIVE_LOOP
S75,57,first_fit,5662,25,24,COMPLETED_STDOUT_ORDER_PLUS_PINNED_NATIVE_LOOP
S75,57,first_fit,5663,25,24,COMPLETED_STDOUT_ORDER_PLUS_PINNED_NATIVE_LOOP
S75,57,first_fit,5664,25,24,COMPLETED_STDOUT_ORDER_PLUS_PINNED_NATIVE_LOOP
S75,57,first_fit,5665,25,24,COMPLETED_STDOUT_ORDER_PLUS_PINNED_NATIVE_LOOP
S75,57,first_fit,5666,25,24,COMPLETED_STDOUT_ORDER_PLUS_PINNED_NATIVE_LOOP
S75,57,first_fit,5667,25,24,COMPLETED_STDOUT_ORDER_PLUS_PINNED_NATIVE_LOOP
S75,57,first_fit,5668,25,24,COMPLETED_STDOUT_ORDER_PLUS_PINNED_NATIVE_LOOP
S75,57,first_fit,5669,25,24,COMPLETED_STDOUT_ORDER_PLUS_PINNED_NATIVE_LOOP
S75,57,first_fit,5670,25,24,COMPLETED_STDOUT_ORDER_PLUS_PINNED_NATIVE_LOOP
S75,57,first_fit,5671,25,24,COMPLETED_STDOUT_ORDER_PLUS_PINNED_NATIVE_LOOP
S75,57,first_fit,5672,25,24,COMPLETED_STDOUT_ORDER_PLUS_PINNED_NATIVE_LOOP
S75,57,first_fit,5673,25,24,COMPLETED_STDOUT_ORDER_PLUS_PINNED_NATIVE_LOOP
S75,57,first_fit,5674,25,24,COMPLETED_STDOUT_ORDER_PLUS_PINNED_NATIVE_LOOP
S75,57,first_fit,5675,25,24,COMPLETED_STDOUT_ORDER_PLUS_PINNED_NATIVE_LOOP
S75,57,first_fit,5676,25,24,COMPLETED_STDOUT_ORDER_PLUS_PINNED_NATIVE_LOOP
S75,57,first_fit,5677,25,24,COMPLETED_STDOUT_ORDER_PLUS_PINNED_NATIVE_LOOP
S75,57,first_fit,5678,25,24,COMPLETED_STDOUT_ORDER_PLUS_PINNED_NATIVE_LOOP
S75,57,first_fit,5679,25,24,COMPLETED_STDOUT_ORDER_PLUS_PINNED_NATIVE_LOOP
S75,57,first_fit,5680,25,24,COMPLETED_STDOUT_ORDER_PLUS_PINNED_NATIVE_LOOP
S75,57,first_fit,5681,25,24,COMPLETED_STDOUT_ORDER_PLUS_PINNED_NATIVE_LOOP
S75,57,first_fit,5682,25,24,COMPLETED_STDOUT_ORDER_PLUS_PINNED_NATIVE_LOOP
S75,57,first_fit,5683,25,24,COMPLETED_STDOUT_ORDER_PLUS_PINNED_NATIVE_LOOP
S75,57,first_fit,5684,25,24,COMPLETED_STDOUT_ORDER_PLUS_PINNED_NATIVE_LOOP
S75,57,first_fit,5685,25,24,COMPLETED_STDOUT_ORDER_PLUS_PINNED_NATIVE_LOOP
S75,57,first_fit,5686,25,24,COMPLETED_STDOUT_ORDER_PLUS_PINNED_NATIVE_LOOP
S75,57,first_fit,5687,25,24,COMPLETED_STDOUT_ORDER_PLUS_PINNED_NATIVE_LOOP
S75,57,first_fit,5688,25,24,COMPLETED_STDOUT_ORDER_PLUS_PINNED_NATIVE_LOOP
S75,57,first_fit,5689,25,24,COMPLETED_STDOUT_ORDER_PLUS_PINNED_NATIVE_LOOP
S75,57,first_fit,5690,25,24,COMPLETED_STDOUT_ORDER_PLUS_PINNED_NATIVE_LOOP
S75,57,first_fit,5691,25,24,COMPLETED_STDOUT_ORDER_PLUS_PINNED_NATIVE_LOOP
S75,57,first_fit,5692,25,24,COMPLETED_STDOUT_ORDER_PLUS_PINNED_NATIVE_LOOP
S75,57,first_fit,5693,25,24,COMPLETED_STDOUT_ORDER_PLUS_PINNED_NATIVE_LOOP
S75,57,first_fit,5694,25,24,COMPLETED_STDOUT_ORDER_PLUS_PINNED_NATIVE_LOOP
S75,57,first_fit,5695,25,24,COMPLETED_STDOUT_ORDER_PLUS_PINNED_NATIVE_LOOP
S75,57,first_fit,5696,25,24,COMPLETED_STDOUT_ORDER_PLUS_PINNED_NATIVE_LOOP
S75,57,first_fit,5697,25,24,COMPLETED_STDOUT_ORDER_PLUS_PINNED_NATIVE_LOOP
S75,57,first_fit,5698,25,24,COMPLETED_STDOUT_ORDER_PLUS_PINNED_NATIVE_LOOP
S75,57,first_fit,5699,25,24,COMPLETED_STDOUT_ORDER_PLUS_PINNED_NATIVE_LOOP
S75,58,first_fit,5700,25,24,COMPLETED_STDOUT_ORDER_PLUS_PINNED_NATIVE_LOOP
S75,58,first_fit,5701,25,24,COMPLETED_STDOUT_ORDER_PLUS_PINNED_NATIVE_LOOP
S75,58,first_fit,5702,25,24,COMPLETED_STDOUT_ORDER_PLUS_PINNED_NATIVE_LOOP
S75,58,first_fit,5703,25,24,COMPLETED_STDOUT_ORDER_PLUS_PINNED_NATIVE_LOOP
S75,58,first_fit,5704,25,24,COMPLETED_STDOUT_ORDER_PLUS_PINNED_NATIVE_LOOP
S75,58,first_fit,5705,25,24,COMPLETED_STDOUT_ORDER_PLUS_PINNED_NATIVE_LOOP
S75,58,first_fit,5706,25,24,COMPLETED_STDOUT_ORDER_PLUS_PINNED_NATIVE_LOOP
S75,58,first_fit,5707,25,24,COMPLETED_STDOUT_ORDER_PLUS_PINNED_NATIVE_LOOP
S75,58,first_fit,5708,25,24,COMPLETED_STDOUT_ORDER_PLUS_PINNED_NATIVE_LOOP
S75,58,first_fit,5709,25,24,COMPLETED_STDOUT_ORDER_PLUS_PINNED_NATIVE_LOOP
S75,58,first_fit,5710,25,24,COMPLETED_STDOUT_ORDER_PLUS_PINNED_NATIVE_LOOP
S75,58,first_fit,5711,25,24,COMPLETED_STDOUT_ORDER_PLUS_PINNED_NATIVE_LOOP
S75,58,first_fit,5712,25,24,COMPLETED_STDOUT_ORDER_PLUS_PINNED_NATIVE_LOOP
S75,58,first_fit,5713,25,24,COMPLETED_STDOUT_ORDER_PLUS_PINNED_NATIVE_LOOP
S75,58,first_fit,5714,25,24,COMPLETED_STDOUT_ORDER_PLUS_PINNED_NATIVE_LOOP
S75,58,first_fit,5715,25,24,COMPLETED_STDOUT_ORDER_PLUS_PINNED_NATIVE_LOOP
S75,58,first_fit,5716,25,24,COMPLETED_STDOUT_ORDER_PLUS_PINNED_NATIVE_LOOP
S75,58,first_fit,5717,25,24,COMPLETED_STDOUT_ORDER_PLUS_PINNED_NATIVE_LOOP
S75,58,first_fit,5718,25,24,COMPLETED_STDOUT_ORDER_PLUS_PINNED_NATIVE_LOOP
S75,58,first_fit,5719,25,24,COMPLETED_STDOUT_ORDER_PLUS_PINNED_NATIVE_LOOP
S75,58,first_fit,5720,25,24,COMPLETED_STDOUT_ORDER_PLUS_PINNED_NATIVE_LOOP
S75,58,first_fit,5721,25,24,COMPLETED_STDOUT_ORDER_PLUS_PINNED_NATIVE_LOOP
S75,58,first_fit,5722,25,24,COMPLETED_STDOUT_ORDER_PLUS_PINNED_NATIVE_LOOP
S75,58,first_fit,5723,25,24,COMPLETED_STDOUT_ORDER_PLUS_PINNED_NATIVE_LOOP
S75,58,first_fit,5724,25,24,COMPLETED_STDOUT_ORDER_PLUS_PINNED_NATIVE_LOOP
S75,58,first_fit,5725,25,24,COMPLETED_STDOUT_ORDER_PLUS_PINNED_NATIVE_LOOP
S75,58,first_fit,5726,25,24,COMPLETED_STDOUT_ORDER_PLUS_PINNED_NATIVE_LOOP
S75,58,first_fit,5727,25,24,COMPLETED_STDOUT_ORDER_PLUS_PINNED_NATIVE_LOOP
S75,58,first_fit,5728,25,24,COMPLETED_STDOUT_ORDER_PLUS_PINNED_NATIVE_LOOP
S75,58,first_fit,5729,25,24,COMPLETED_STDOUT_ORDER_PLUS_PINNED_NATIVE_LOOP
S75,58,first_fit,5730,25,24,COMPLETED_STDOUT_ORDER_PLUS_PINNED_NATIVE_LOOP
S75,58,first_fit,5731,25,24,COMPLETED_STDOUT_ORDER_PLUS_PINNED_NATIVE_LOOP
S75,58,first_fit,5732,25,24,COMPLETED_STDOUT_ORDER_PLUS_PINNED_NATIVE_LOOP
S75,58,first_fit,5733,25,24,COMPLETED_STDOUT_ORDER_PLUS_PINNED_NATIVE_LOOP
S75,58,first_fit,5734,25,24,COMPLETED_STDOUT_ORDER_PLUS_PINNED_NATIVE_LOOP
S75,58,first_fit,5735,25,24,COMPLETED_STDOUT_ORDER_PLUS_PINNED_NATIVE_LOOP
S75,58,first_fit,5736,25,24,COMPLETED_STDOUT_ORDER_PLUS_PINNED_NATIVE_LOOP
S75,58,first_fit,5737,25,24,COMPLETED_STDOUT_ORDER_PLUS_PINNED_NATIVE_LOOP
S75,58,first_fit,5738,25,24,COMPLETED_STDOUT_ORDER_PLUS_PINNED_NATIVE_LOOP
S75,58,first_fit,5739,25,24,COMPLETED_STDOUT_ORDER_PLUS_PINNED_NATIVE_LOOP
S75,58,first_fit,5740,25,24,COMPLETED_STDOUT_ORDER_PLUS_PINNED_NATIVE_LOOP
S75,58,first_fit,5741,25,24,COMPLETED_STDOUT_ORDER_PLUS_PINNED_NATIVE_LOOP
S75,58,first_fit,5742,25,24,COMPLETED_STDOUT_ORDER_PLUS_PINNED_NATIVE_LOOP
S75,58,first_fit,5743,25,24,COMPLETED_STDOUT_ORDER_PLUS_PINNED_NATIVE_LOOP
S75,58,first_fit,5744,25,24,COMPLETED_STDOUT_ORDER_PLUS_PINNED_NATIVE_LOOP
S75,58,first_fit,5745,25,24,COMPLETED_STDOUT_ORDER_PLUS_PINNED_NATIVE_LOOP
S75,58,first_fit,5746,25,24,COMPLETED_STDOUT_ORDER_PLUS_PINNED_NATIVE_LOOP
S75,58,first_fit,5747,25,24,COMPLETED_STDOUT_ORDER_PLUS_PINNED_NATIVE_LOOP
S75,58,first_fit,5748,25,24,COMPLETED_STDOUT_ORDER_PLUS_PINNED_NATIVE_LOOP
S75,58,first_fit,5749,25,24,COMPLETED_STDOUT_ORDER_PLUS_PINNED_NATIVE_LOOP
S75,58,first_fit,5750,25,24,COMPLETED_STDOUT_ORDER_PLUS_PINNED_NATIVE_LOOP
S75,58,first_fit,5751,25,24,COMPLETED_STDOUT_ORDER_PLUS_PINNED_NATIVE_LOOP
S75,58,first_fit,5752,25,24,COMPLETED_STDOUT_ORDER_PLUS_PINNED_NATIVE_LOOP
S75,58,first_fit,5753,25,24,COMPLETED_STDOUT_ORDER_PLUS_PINNED_NATIVE_LOOP
S75,58,first_fit,5754,25,24,COMPLETED_STDOUT_ORDER_PLUS_PINNED_NATIVE_LOOP
S75,58,first_fit,5755,25,24,COMPLETED_STDOUT_ORDER_PLUS_PINNED_NATIVE_LOOP
S75,58,first_fit,5756,25,24,COMPLETED_STDOUT_ORDER_PLUS_PINNED_NATIVE_LOOP
S75,58,first_fit,5757,25,24,COMPLETED_STDOUT_ORDER_PLUS_PINNED_NATIVE_LOOP
S75,58,first_fit,5758,25,24,COMPLETED_STDOUT_ORDER_PLUS_PINNED_NATIVE_LOOP
S75,58,first_fit,5759,25,24,COMPLETED_STDOUT_ORDER_PLUS_PINNED_NATIVE_LOOP
S75,58,first_fit,5760,25,24,COMPLETED_STDOUT_ORDER_PLUS_PINNED_NATIVE_LOOP
S75,58,first_fit,5761,25,24,COMPLETED_STDOUT_ORDER_PLUS_PINNED_NATIVE_LOOP
S75,58,first_fit,5762,25,24,COMPLETED_STDOUT_ORDER_PLUS_PINNED_NATIVE_LOOP
S75,58,first_fit,5763,25,24,COMPLETED_STDOUT_ORDER_PLUS_PINNED_NATIVE_LOOP
S75,58,first_fit,5764,25,24,COMPLETED_STDOUT_ORDER_PLUS_PINNED_NATIVE_LOOP
S75,58,first_fit,5765,25,24,COMPLETED_STDOUT_ORDER_PLUS_PINNED_NATIVE_LOOP
S75,58,first_fit,5766,25,24,COMPLETED_STDOUT_ORDER_PLUS_PINNED_NATIVE_LOOP
S75,58,first_fit,5767,25,24,COMPLETED_STDOUT_ORDER_PLUS_PINNED_NATIVE_LOOP
S75,58,first_fit,5768,25,24,COMPLETED_STDOUT_ORDER_PLUS_PINNED_NATIVE_LOOP
S75,58,first_fit,5769,25,24,COMPLETED_STDOUT_ORDER_PLUS_PINNED_NATIVE_LOOP
S75,58,first_fit,5770,25,24,COMPLETED_STDOUT_ORDER_PLUS_PINNED_NATIVE_LOOP
S75,58,first_fit,5771,25,24,COMPLETED_STDOUT_ORDER_PLUS_PINNED_NATIVE_LOOP
S75,58,first_fit,5772,25,24,COMPLETED_STDOUT_ORDER_PLUS_PINNED_NATIVE_LOOP
S75,58,first_fit,5773,25,24,COMPLETED_STDOUT_ORDER_PLUS_PINNED_NATIVE_LOOP
S75,58,first_fit,5774,25,24,COMPLETED_STDOUT_ORDER_PLUS_PINNED_NATIVE_LOOP
S75,58,first_fit,5775,25,24,COMPLETED_STDOUT_ORDER_PLUS_PINNED_NATIVE_LOOP
S75,58,first_fit,5776,25,24,COMPLETED_STDOUT_ORDER_PLUS_PINNED_NATIVE_LOOP
S75,58,first_fit,5777,25,24,COMPLETED_STDOUT_ORDER_PLUS_PINNED_NATIVE_LOOP
S75,58,first_fit,5778,25,24,COMPLETED_STDOUT_ORDER_PLUS_PINNED_NATIVE_LOOP
S75,58,first_fit,5779,25,24,COMPLETED_STDOUT_ORDER_PLUS_PINNED_NATIVE_LOOP
S75,58,first_fit,5780,25,24,COMPLETED_STDOUT_ORDER_PLUS_PINNED_NATIVE_LOOP
S75,58,first_fit,5781,25,24,COMPLETED_STDOUT_ORDER_PLUS_PINNED_NATIVE_LOOP
S75,58,first_fit,5782,25,24,COMPLETED_STDOUT_ORDER_PLUS_PINNED_NATIVE_LOOP
S75,58,first_fit,5783,25,24,COMPLETED_STDOUT_ORDER_PLUS_PINNED_NATIVE_LOOP
S75,58,first_fit,5784,25,24,COMPLETED_STDOUT_ORDER_PLUS_PINNED_NATIVE_LOOP
S75,58,first_fit,5785,25,24,COMPLETED_STDOUT_ORDER_PLUS_PINNED_NATIVE_LOOP
S75,58,first_fit,5786,25,24,COMPLETED_STDOUT_ORDER_PLUS_PINNED_NATIVE_LOOP
S75,58,first_fit,5787,25,24,COMPLETED_STDOUT_ORDER_PLUS_PINNED_NATIVE_LOOP
S75,58,first_fit,5788,25,24,COMPLETED_STDOUT_ORDER_PLUS_PINNED_NATIVE_LOOP
S75,58,first_fit,5789,25,24,COMPLETED_STDOUT_ORDER_PLUS_PINNED_NATIVE_LOOP
S75,58,first_fit,5790,25,24,COMPLETED_STDOUT_ORDER_PLUS_PINNED_NATIVE_LOOP
S75,58,first_fit,5791,25,24,COMPLETED_STDOUT_ORDER_PLUS_PINNED_NATIVE_LOOP
S75,58,first_fit,5792,25,24,COMPLETED_STDOUT_ORDER_PLUS_PINNED_NATIVE_LOOP
S75,58,first_fit,5793,25,24,COMPLETED_STDOUT_ORDER_PLUS_PINNED_NATIVE_LOOP
S75,58,first_fit,5794,25,24,COMPLETED_STDOUT_ORDER_PLUS_PINNED_NATIVE_LOOP
S75,58,first_fit,5795,25,24,COMPLETED_STDOUT_ORDER_PLUS_PINNED_NATIVE_LOOP
S75,58,first_fit,5796,25,24,COMPLETED_STDOUT_ORDER_PLUS_PINNED_NATIVE_LOOP
S75,58,first_fit,5797,25,24,COMPLETED_STDOUT_ORDER_PLUS_PINNED_NATIVE_LOOP
S75,58,first_fit,5798,25,24,COMPLETED_STDOUT_ORDER_PLUS_PINNED_NATIVE_LOOP
S75,58,first_fit,5799,25,24,COMPLETED_STDOUT_ORDER_PLUS_PINNED_NATIVE_LOOP
S75,59,first_fit,5800,25,24,COMPLETED_STDOUT_ORDER_PLUS_PINNED_NATIVE_LOOP
S75,59,first_fit,5801,25,24,COMPLETED_STDOUT_ORDER_PLUS_PINNED_NATIVE_LOOP
S75,59,first_fit,5802,25,24,COMPLETED_STDOUT_ORDER_PLUS_PINNED_NATIVE_LOOP
S75,59,first_fit,5803,25,24,COMPLETED_STDOUT_ORDER_PLUS_PINNED_NATIVE_LOOP
S75,59,first_fit,5804,25,24,COMPLETED_STDOUT_ORDER_PLUS_PINNED_NATIVE_LOOP
S75,59,first_fit,5805,25,24,COMPLETED_STDOUT_ORDER_PLUS_PINNED_NATIVE_LOOP
S75,59,first_fit,5806,25,24,COMPLETED_STDOUT_ORDER_PLUS_PINNED_NATIVE_LOOP
S75,59,first_fit,5807,25,24,COMPLETED_STDOUT_ORDER_PLUS_PINNED_NATIVE_LOOP
S75,59,first_fit,5808,25,24,COMPLETED_STDOUT_ORDER_PLUS_PINNED_NATIVE_LOOP
S75,59,first_fit,5809,25,24,COMPLETED_STDOUT_ORDER_PLUS_PINNED_NATIVE_LOOP
S75,59,first_fit,5810,25,24,COMPLETED_STDOUT_ORDER_PLUS_PINNED_NATIVE_LOOP
S75,59,first_fit,5811,25,24,COMPLETED_STDOUT_ORDER_PLUS_PINNED_NATIVE_LOOP
S75,59,first_fit,5812,25,24,COMPLETED_STDOUT_ORDER_PLUS_PINNED_NATIVE_LOOP
S75,59,first_fit,5813,25,24,COMPLETED_STDOUT_ORDER_PLUS_PINNED_NATIVE_LOOP
S75,59,first_fit,5814,25,24,COMPLETED_STDOUT_ORDER_PLUS_PINNED_NATIVE_LOOP
S75,59,first_fit,5815,25,24,COMPLETED_STDOUT_ORDER_PLUS_PINNED_NATIVE_LOOP
S75,59,first_fit,5816,25,24,COMPLETED_STDOUT_ORDER_PLUS_PINNED_NATIVE_LOOP
S75,59,first_fit,5817,25,24,COMPLETED_STDOUT_ORDER_PLUS_PINNED_NATIVE_LOOP
S75,59,first_fit,5818,25,24,COMPLETED_STDOUT_ORDER_PLUS_PINNED_NATIVE_LOOP
S75,59,first_fit,5819,25,24,COMPLETED_STDOUT_ORDER_PLUS_PINNED_NATIVE_LOOP
S75,59,first_fit,5820,25,24,COMPLETED_STDOUT_ORDER_PLUS_PINNED_NATIVE_LOOP
S75,59,first_fit,5821,25,24,COMPLETED_STDOUT_ORDER_PLUS_PINNED_NATIVE_LOOP
S75,59,first_fit,5822,25,24,COMPLETED_STDOUT_ORDER_PLUS_PINNED_NATIVE_LOOP
S75,59,first_fit,5823,25,24,COMPLETED_STDOUT_ORDER_PLUS_PINNED_NATIVE_LOOP
S75,59,first_fit,5824,25,24,COMPLETED_STDOUT_ORDER_PLUS_PINNED_NATIVE_LOOP
S75,59,first_fit,5825,25,24,COMPLETED_STDOUT_ORDER_PLUS_PINNED_NATIVE_LOOP
S75,59,first_fit,5826,25,24,COMPLETED_STDOUT_ORDER_PLUS_PINNED_NATIVE_LOOP
S75,59,first_fit,5827,25,24,COMPLETED_STDOUT_ORDER_PLUS_PINNED_NATIVE_LOOP
S75,59,first_fit,5828,25,24,COMPLETED_STDOUT_ORDER_PLUS_PINNED_NATIVE_LOOP
S75,59,first_fit,5829,25,24,COMPLETED_STDOUT_ORDER_PLUS_PINNED_NATIVE_LOOP
S75,59,first_fit,5830,25,24,COMPLETED_STDOUT_ORDER_PLUS_PINNED_NATIVE_LOOP
S75,59,first_fit,5831,25,24,COMPLETED_STDOUT_ORDER_PLUS_PINNED_NATIVE_LOOP
S75,59,first_fit,5832,25,24,COMPLETED_STDOUT_ORDER_PLUS_PINNED_NATIVE_LOOP
S75,59,first_fit,5833,25,24,COMPLETED_STDOUT_ORDER_PLUS_PINNED_NATIVE_LOOP
S75,59,first_fit,5834,25,24,COMPLETED_STDOUT_ORDER_PLUS_PINNED_NATIVE_LOOP
S75,59,first_fit,5835,25,24,COMPLETED_STDOUT_ORDER_PLUS_PINNED_NATIVE_LOOP
S75,59,first_fit,5836,25,24,COMPLETED_STDOUT_ORDER_PLUS_PINNED_NATIVE_LOOP
S75,59,first_fit,5837,25,24,COMPLETED_STDOUT_ORDER_PLUS_PINNED_NATIVE_LOOP
S75,59,first_fit,5838,25,24,COMPLETED_STDOUT_ORDER_PLUS_PINNED_NATIVE_LOOP
S75,59,first_fit,5839,25,24,COMPLETED_STDOUT_ORDER_PLUS_PINNED_NATIVE_LOOP
S75,59,first_fit,5840,25,24,COMPLETED_STDOUT_ORDER_PLUS_PINNED_NATIVE_LOOP
S75,59,first_fit,5841,25,24,COMPLETED_STDOUT_ORDER_PLUS_PINNED_NATIVE_LOOP
S75,59,first_fit,5842,25,24,COMPLETED_STDOUT_ORDER_PLUS_PINNED_NATIVE_LOOP
S75,59,first_fit,5843,25,24,COMPLETED_STDOUT_ORDER_PLUS_PINNED_NATIVE_LOOP
S75,59,first_fit,5844,25,24,COMPLETED_STDOUT_ORDER_PLUS_PINNED_NATIVE_LOOP
S75,59,first_fit,5845,25,24,COMPLETED_STDOUT_ORDER_PLUS_PINNED_NATIVE_LOOP
S75,59,first_fit,5846,25,24,COMPLETED_STDOUT_ORDER_PLUS_PINNED_NATIVE_LOOP
S75,59,first_fit,5847,25,24,COMPLETED_STDOUT_ORDER_PLUS_PINNED_NATIVE_LOOP
S75,59,first_fit,5848,25,24,COMPLETED_STDOUT_ORDER_PLUS_PINNED_NATIVE_LOOP
S75,59,first_fit,5849,25,24,COMPLETED_STDOUT_ORDER_PLUS_PINNED_NATIVE_LOOP
S75,59,first_fit,5850,25,24,COMPLETED_STDOUT_ORDER_PLUS_PINNED_NATIVE_LOOP
S75,59,first_fit,5851,25,24,COMPLETED_STDOUT_ORDER_PLUS_PINNED_NATIVE_LOOP
S75,59,first_fit,5852,25,24,COMPLETED_STDOUT_ORDER_PLUS_PINNED_NATIVE_LOOP
S75,59,first_fit,5853,25,24,COMPLETED_STDOUT_ORDER_PLUS_PINNED_NATIVE_LOOP
S75,59,first_fit,5854,25,24,COMPLETED_STDOUT_ORDER_PLUS_PINNED_NATIVE_LOOP
S75,59,first_fit,5855,25,24,COMPLETED_STDOUT_ORDER_PLUS_PINNED_NATIVE_LOOP
S75,59,first_fit,5856,25,24,COMPLETED_STDOUT_ORDER_PLUS_PINNED_NATIVE_LOOP
S75,59,first_fit,5857,25,24,COMPLETED_STDOUT_ORDER_PLUS_PINNED_NATIVE_LOOP
S75,59,first_fit,5858,25,24,COMPLETED_STDOUT_ORDER_PLUS_PINNED_NATIVE_LOOP
S75,59,first_fit,5859,25,24,COMPLETED_STDOUT_ORDER_PLUS_PINNED_NATIVE_LOOP
S75,59,first_fit,5860,25,24,COMPLETED_STDOUT_ORDER_PLUS_PINNED_NATIVE_LOOP
S75,59,first_fit,5861,25,24,COMPLETED_STDOUT_ORDER_PLUS_PINNED_NATIVE_LOOP
S75,59,first_fit,5862,25,24,COMPLETED_STDOUT_ORDER_PLUS_PINNED_NATIVE_LOOP
S75,59,first_fit,5863,25,24,COMPLETED_STDOUT_ORDER_PLUS_PINNED_NATIVE_LOOP
S75,59,first_fit,5864,25,24,COMPLETED_STDOUT_ORDER_PLUS_PINNED_NATIVE_LOOP
S75,59,first_fit,5865,25,24,COMPLETED_STDOUT_ORDER_PLUS_PINNED_NATIVE_LOOP
S75,59,first_fit,5866,25,24,COMPLETED_STDOUT_ORDER_PLUS_PINNED_NATIVE_LOOP
S75,59,first_fit,5867,25,24,COMPLETED_STDOUT_ORDER_PLUS_PINNED_NATIVE_LOOP
S75,59,first_fit,5868,25,24,COMPLETED_STDOUT_ORDER_PLUS_PINNED_NATIVE_LOOP
S75,59,first_fit,5869,25,24,COMPLETED_STDOUT_ORDER_PLUS_PINNED_NATIVE_LOOP
S75,59,first_fit,5870,25,24,COMPLETED_STDOUT_ORDER_PLUS_PINNED_NATIVE_LOOP
S75,59,first_fit,5871,25,24,COMPLETED_STDOUT_ORDER_PLUS_PINNED_NATIVE_LOOP
S75,59,first_fit,5872,25,24,COMPLETED_STDOUT_ORDER_PLUS_PINNED_NATIVE_LOOP
S75,59,first_fit,5873,25,24,COMPLETED_STDOUT_ORDER_PLUS_PINNED_NATIVE_LOOP
S75,59,first_fit,5874,25,24,COMPLETED_STDOUT_ORDER_PLUS_PINNED_NATIVE_LOOP
S75,59,first_fit,5875,25,24,COMPLETED_STDOUT_ORDER_PLUS_PINNED_NATIVE_LOOP
S75,59,first_fit,5876,25,24,COMPLETED_STDOUT_ORDER_PLUS_PINNED_NATIVE_LOOP
S75,59,first_fit,5877,25,24,COMPLETED_STDOUT_ORDER_PLUS_PINNED_NATIVE_LOOP
S75,59,first_fit,5878,25,24,COMPLETED_STDOUT_ORDER_PLUS_PINNED_NATIVE_LOOP
S75,59,first_fit,5879,25,24,COMPLETED_STDOUT_ORDER_PLUS_PINNED_NATIVE_LOOP
S75,59,first_fit,5880,25,24,COMPLETED_STDOUT_ORDER_PLUS_PINNED_NATIVE_LOOP
S75,59,first_fit,5881,25,24,COMPLETED_STDOUT_ORDER_PLUS_PINNED_NATIVE_LOOP
S75,59,first_fit,5882,25,24,COMPLETED_STDOUT_ORDER_PLUS_PINNED_NATIVE_LOOP
S75,59,first_fit,5883,25,24,COMPLETED_STDOUT_ORDER_PLUS_PINNED_NATIVE_LOOP
S75,59,first_fit,5884,25,24,COMPLETED_STDOUT_ORDER_PLUS_PINNED_NATIVE_LOOP
S75,59,first_fit,5885,25,24,COMPLETED_STDOUT_ORDER_PLUS_PINNED_NATIVE_LOOP
S75,59,first_fit,5886,25,24,COMPLETED_STDOUT_ORDER_PLUS_PINNED_NATIVE_LOOP
S75,59,first_fit,5887,25,24,COMPLETED_STDOUT_ORDER_PLUS_PINNED_NATIVE_LOOP
S75,59,first_fit,5888,25,24,COMPLETED_STDOUT_ORDER_PLUS_PINNED_NATIVE_LOOP
S75,59,first_fit,5889,25,24,COMPLETED_STDOUT_ORDER_PLUS_PINNED_NATIVE_LOOP
S75,59,first_fit,5890,25,24,COMPLETED_STDOUT_ORDER_PLUS_PINNED_NATIVE_LOOP
S75,59,first_fit,5891,25,24,COMPLETED_STDOUT_ORDER_PLUS_PINNED_NATIVE_LOOP
S75,59,first_fit,5892,25,24,COMPLETED_STDOUT_ORDER_PLUS_PINNED_NATIVE_LOOP
S75,59,first_fit,5893,25,24,COMPLETED_STDOUT_ORDER_PLUS_PINNED_NATIVE_LOOP
S75,59,first_fit,5894,25,24,COMPLETED_STDOUT_ORDER_PLUS_PINNED_NATIVE_LOOP
S75,59,first_fit,5895,25,24,COMPLETED_STDOUT_ORDER_PLUS_PINNED_NATIVE_LOOP
S75,59,first_fit,5896,25,24,COMPLETED_STDOUT_ORDER_PLUS_PINNED_NATIVE_LOOP
S75,59,first_fit,5897,25,24,COMPLETED_STDOUT_ORDER_PLUS_PINNED_NATIVE_LOOP
S75,59,first_fit,5898,25,24,COMPLETED_STDOUT_ORDER_PLUS_PINNED_NATIVE_LOOP
S75,59,first_fit,5899,25,24,COMPLETED_STDOUT_ORDER_PLUS_PINNED_NATIVE_LOOP
S75,60,first_fit,5900,25,24,COMPLETED_STDOUT_ORDER_PLUS_PINNED_NATIVE_LOOP
S75,60,first_fit,5901,25,24,COMPLETED_STDOUT_ORDER_PLUS_PINNED_NATIVE_LOOP
S75,60,first_fit,5902,25,24,COMPLETED_STDOUT_ORDER_PLUS_PINNED_NATIVE_LOOP
S75,60,first_fit,5903,25,24,COMPLETED_STDOUT_ORDER_PLUS_PINNED_NATIVE_LOOP
S75,60,first_fit,5904,25,24,COMPLETED_STDOUT_ORDER_PLUS_PINNED_NATIVE_LOOP
S75,60,first_fit,5905,25,24,COMPLETED_STDOUT_ORDER_PLUS_PINNED_NATIVE_LOOP
S75,60,first_fit,5906,25,24,COMPLETED_STDOUT_ORDER_PLUS_PINNED_NATIVE_LOOP
S75,60,first_fit,5907,25,24,COMPLETED_STDOUT_ORDER_PLUS_PINNED_NATIVE_LOOP
S75,60,first_fit,5908,25,24,COMPLETED_STDOUT_ORDER_PLUS_PINNED_NATIVE_LOOP
S75,60,first_fit,5909,25,24,COMPLETED_STDOUT_ORDER_PLUS_PINNED_NATIVE_LOOP
S75,60,first_fit,5910,25,24,COMPLETED_STDOUT_ORDER_PLUS_PINNED_NATIVE_LOOP
S75,60,first_fit,5911,25,24,COMPLETED_STDOUT_ORDER_PLUS_PINNED_NATIVE_LOOP
S75,60,first_fit,5912,25,24,COMPLETED_STDOUT_ORDER_PLUS_PINNED_NATIVE_LOOP
S75,60,first_fit,5913,25,24,COMPLETED_STDOUT_ORDER_PLUS_PINNED_NATIVE_LOOP
S75,60,first_fit,5914,25,24,COMPLETED_STDOUT_ORDER_PLUS_PINNED_NATIVE_LOOP
S75,60,first_fit,5915,25,24,COMPLETED_STDOUT_ORDER_PLUS_PINNED_NATIVE_LOOP
S75,60,first_fit,5916,25,24,COMPLETED_STDOUT_ORDER_PLUS_PINNED_NATIVE_LOOP
S75,60,first_fit,5917,25,24,COMPLETED_STDOUT_ORDER_PLUS_PINNED_NATIVE_LOOP
S75,60,first_fit,5918,25,24,COMPLETED_STDOUT_ORDER_PLUS_PINNED_NATIVE_LOOP
S75,60,first_fit,5919,25,24,COMPLETED_STDOUT_ORDER_PLUS_PINNED_NATIVE_LOOP
S75,60,first_fit,5920,25,24,COMPLETED_STDOUT_ORDER_PLUS_PINNED_NATIVE_LOOP
S75,60,first_fit,5921,25,24,COMPLETED_STDOUT_ORDER_PLUS_PINNED_NATIVE_LOOP
S75,60,first_fit,5922,25,24,COMPLETED_STDOUT_ORDER_PLUS_PINNED_NATIVE_LOOP
S75,60,first_fit,5923,25,24,COMPLETED_STDOUT_ORDER_PLUS_PINNED_NATIVE_LOOP
S75,60,first_fit,5924,25,24,COMPLETED_STDOUT_ORDER_PLUS_PINNED_NATIVE_LOOP
S75,60,first_fit,5925,25,24,COMPLETED_STDOUT_ORDER_PLUS_PINNED_NATIVE_LOOP
S75,60,first_fit,5926,25,24,COMPLETED_STDOUT_ORDER_PLUS_PINNED_NATIVE_LOOP
S75,60,first_fit,5927,25,24,COMPLETED_STDOUT_ORDER_PLUS_PINNED_NATIVE_LOOP
S75,60,first_fit,5928,25,24,COMPLETED_STDOUT_ORDER_PLUS_PINNED_NATIVE_LOOP
S75,60,first_fit,5929,25,24,COMPLETED_STDOUT_ORDER_PLUS_PINNED_NATIVE_LOOP
S75,60,first_fit,5930,25,24,COMPLETED_STDOUT_ORDER_PLUS_PINNED_NATIVE_LOOP
S75,60,first_fit,5931,25,24,COMPLETED_STDOUT_ORDER_PLUS_PINNED_NATIVE_LOOP
S75,60,first_fit,5932,25,24,COMPLETED_STDOUT_ORDER_PLUS_PINNED_NATIVE_LOOP
S75,60,first_fit,5933,25,24,COMPLETED_STDOUT_ORDER_PLUS_PINNED_NATIVE_LOOP
S75,60,first_fit,5934,25,24,COMPLETED_STDOUT_ORDER_PLUS_PINNED_NATIVE_LOOP
S75,60,first_fit,5935,25,24,COMPLETED_STDOUT_ORDER_PLUS_PINNED_NATIVE_LOOP
S75,60,first_fit,5936,25,24,COMPLETED_STDOUT_ORDER_PLUS_PINNED_NATIVE_LOOP
S75,60,first_fit,5937,25,24,COMPLETED_STDOUT_ORDER_PLUS_PINNED_NATIVE_LOOP
S75,60,first_fit,5938,25,24,COMPLETED_STDOUT_ORDER_PLUS_PINNED_NATIVE_LOOP
S75,60,first_fit,5939,25,24,COMPLETED_STDOUT_ORDER_PLUS_PINNED_NATIVE_LOOP
S75,60,first_fit,5940,25,24,COMPLETED_STDOUT_ORDER_PLUS_PINNED_NATIVE_LOOP
S75,60,first_fit,5941,25,24,COMPLETED_STDOUT_ORDER_PLUS_PINNED_NATIVE_LOOP
S75,60,first_fit,5942,25,24,COMPLETED_STDOUT_ORDER_PLUS_PINNED_NATIVE_LOOP
S75,60,first_fit,5943,25,24,COMPLETED_STDOUT_ORDER_PLUS_PINNED_NATIVE_LOOP
S75,60,first_fit,5944,25,24,COMPLETED_STDOUT_ORDER_PLUS_PINNED_NATIVE_LOOP
S75,60,first_fit,5945,25,24,COMPLETED_STDOUT_ORDER_PLUS_PINNED_NATIVE_LOOP
S75,60,first_fit,5946,25,24,COMPLETED_STDOUT_ORDER_PLUS_PINNED_NATIVE_LOOP
S75,60,first_fit,5947,25,24,COMPLETED_STDOUT_ORDER_PLUS_PINNED_NATIVE_LOOP
S75,60,first_fit,5948,25,24,COMPLETED_STDOUT_ORDER_PLUS_PINNED_NATIVE_LOOP
S75,60,first_fit,5949,25,24,COMPLETED_STDOUT_ORDER_PLUS_PINNED_NATIVE_LOOP
S75,60,first_fit,5950,25,24,COMPLETED_STDOUT_ORDER_PLUS_PINNED_NATIVE_LOOP
S75,60,first_fit,5951,25,24,COMPLETED_STDOUT_ORDER_PLUS_PINNED_NATIVE_LOOP
S75,60,first_fit,5952,25,24,COMPLETED_STDOUT_ORDER_PLUS_PINNED_NATIVE_LOOP
S75,60,first_fit,5953,25,24,COMPLETED_STDOUT_ORDER_PLUS_PINNED_NATIVE_LOOP
S75,60,first_fit,5954,25,24,COMPLETED_STDOUT_ORDER_PLUS_PINNED_NATIVE_LOOP
S75,60,first_fit,5955,25,24,COMPLETED_STDOUT_ORDER_PLUS_PINNED_NATIVE_LOOP
S75,60,first_fit,5956,25,24,COMPLETED_STDOUT_ORDER_PLUS_PINNED_NATIVE_LOOP
S75,60,first_fit,5957,25,24,COMPLETED_STDOUT_ORDER_PLUS_PINNED_NATIVE_LOOP
S75,60,first_fit,5958,25,24,COMPLETED_STDOUT_ORDER_PLUS_PINNED_NATIVE_LOOP
S75,60,first_fit,5959,25,24,COMPLETED_STDOUT_ORDER_PLUS_PINNED_NATIVE_LOOP
S75,60,first_fit,5960,25,24,COMPLETED_STDOUT_ORDER_PLUS_PINNED_NATIVE_LOOP
S75,60,first_fit,5961,25,24,COMPLETED_STDOUT_ORDER_PLUS_PINNED_NATIVE_LOOP
S75,60,first_fit,5962,25,24,COMPLETED_STDOUT_ORDER_PLUS_PINNED_NATIVE_LOOP
S75,60,first_fit,5963,25,24,COMPLETED_STDOUT_ORDER_PLUS_PINNED_NATIVE_LOOP
S75,60,first_fit,5964,25,24,COMPLETED_STDOUT_ORDER_PLUS_PINNED_NATIVE_LOOP
S75,60,first_fit,5965,25,24,COMPLETED_STDOUT_ORDER_PLUS_PINNED_NATIVE_LOOP
S75,60,first_fit,5966,25,24,COMPLETED_STDOUT_ORDER_PLUS_PINNED_NATIVE_LOOP
S75,60,first_fit,5967,25,24,COMPLETED_STDOUT_ORDER_PLUS_PINNED_NATIVE_LOOP
S75,60,first_fit,5968,25,24,COMPLETED_STDOUT_ORDER_PLUS_PINNED_NATIVE_LOOP
S75,60,first_fit,5969,25,24,COMPLETED_STDOUT_ORDER_PLUS_PINNED_NATIVE_LOOP
S75,60,first_fit,5970,25,24,COMPLETED_STDOUT_ORDER_PLUS_PINNED_NATIVE_LOOP
S75,60,first_fit,5971,25,24,COMPLETED_STDOUT_ORDER_PLUS_PINNED_NATIVE_LOOP
S75,60,first_fit,5972,25,24,COMPLETED_STDOUT_ORDER_PLUS_PINNED_NATIVE_LOOP
S75,60,first_fit,5973,25,24,COMPLETED_STDOUT_ORDER_PLUS_PINNED_NATIVE_LOOP
S75,60,first_fit,5974,25,24,COMPLETED_STDOUT_ORDER_PLUS_PINNED_NATIVE_LOOP
S75,60,first_fit,5975,25,24,COMPLETED_STDOUT_ORDER_PLUS_PINNED_NATIVE_LOOP
S75,60,first_fit,5976,25,24,COMPLETED_STDOUT_ORDER_PLUS_PINNED_NATIVE_LOOP
S75,60,first_fit,5977,25,24,COMPLETED_STDOUT_ORDER_PLUS_PINNED_NATIVE_LOOP
S75,60,first_fit,5978,25,24,COMPLETED_STDOUT_ORDER_PLUS_PINNED_NATIVE_LOOP
S75,60,first_fit,5979,25,24,COMPLETED_STDOUT_ORDER_PLUS_PINNED_NATIVE_LOOP
S75,60,first_fit,5980,25,24,COMPLETED_STDOUT_ORDER_PLUS_PINNED_NATIVE_LOOP
S75,60,first_fit,5981,25,24,COMPLETED_STDOUT_ORDER_PLUS_PINNED_NATIVE_LOOP
S75,60,first_fit,5982,25,24,COMPLETED_STDOUT_ORDER_PLUS_PINNED_NATIVE_LOOP
S75,60,first_fit,5983,25,24,COMPLETED_STDOUT_ORDER_PLUS_PINNED_NATIVE_LOOP
S75,60,first_fit,5984,25,24,COMPLETED_STDOUT_ORDER_PLUS_PINNED_NATIVE_LOOP
S75,60,first_fit,5985,25,24,COMPLETED_STDOUT_ORDER_PLUS_PINNED_NATIVE_LOOP
S75,60,first_fit,5986,25,24,COMPLETED_STDOUT_ORDER_PLUS_PINNED_NATIVE_LOOP
S75,60,first_fit,5987,25,24,COMPLETED_STDOUT_ORDER_PLUS_PINNED_NATIVE_LOOP
S75,60,first_fit,5988,25,24,COMPLETED_STDOUT_ORDER_PLUS_PINNED_NATIVE_LOOP
S75,60,first_fit,5989,25,24,COMPLETED_STDOUT_ORDER_PLUS_PINNED_NATIVE_LOOP
S75,60,first_fit,5990,25,24,COMPLETED_STDOUT_ORDER_PLUS_PINNED_NATIVE_LOOP
S75,60,first_fit,5991,25,24,COMPLETED_STDOUT_ORDER_PLUS_PINNED_NATIVE_LOOP
S75,60,first_fit,5992,25,24,COMPLETED_STDOUT_ORDER_PLUS_PINNED_NATIVE_LOOP
S75,60,first_fit,5993,25,24,COMPLETED_STDOUT_ORDER_PLUS_PINNED_NATIVE_LOOP
S75,60,first_fit,5994,25,24,COMPLETED_STDOUT_ORDER_PLUS_PINNED_NATIVE_LOOP
S75,60,first_fit,5995,25,24,COMPLETED_STDOUT_ORDER_PLUS_PINNED_NATIVE_LOOP
S75,60,first_fit,5996,25,24,COMPLETED_STDOUT_ORDER_PLUS_PINNED_NATIVE_LOOP
S75,60,first_fit,5997,25,24,COMPLETED_STDOUT_ORDER_PLUS_PINNED_NATIVE_LOOP
S75,60,first_fit,5998,25,24,COMPLETED_STDOUT_ORDER_PLUS_PINNED_NATIVE_LOOP
S75,60,first_fit,5999,25,24,COMPLETED_STDOUT_ORDER_PLUS_PINNED_NATIVE_LOOP
FULL8,51,first_fit,5000,25,24,COMPLETED_STDOUT_ORDER_PLUS_PINNED_NATIVE_LOOP
FULL8,51,first_fit,5001,25,24,COMPLETED_STDOUT_ORDER_PLUS_PINNED_NATIVE_LOOP
FULL8,51,first_fit,5002,25,24,COMPLETED_STDOUT_ORDER_PLUS_PINNED_NATIVE_LOOP
FULL8,51,first_fit,5003,25,24,COMPLETED_STDOUT_ORDER_PLUS_PINNED_NATIVE_LOOP
FULL8,51,first_fit,5004,25,24,COMPLETED_STDOUT_ORDER_PLUS_PINNED_NATIVE_LOOP
FULL8,51,first_fit,5005,25,24,COMPLETED_STDOUT_ORDER_PLUS_PINNED_NATIVE_LOOP
FULL8,51,first_fit,5006,25,24,COMPLETED_STDOUT_ORDER_PLUS_PINNED_NATIVE_LOOP
FULL8,51,first_fit,5007,25,24,COMPLETED_STDOUT_ORDER_PLUS_PINNED_NATIVE_LOOP
FULL8,51,first_fit,5008,25,24,COMPLETED_STDOUT_ORDER_PLUS_PINNED_NATIVE_LOOP
FULL8,51,first_fit,5009,25,24,COMPLETED_STDOUT_ORDER_PLUS_PINNED_NATIVE_LOOP
FULL8,51,first_fit,5010,25,24,COMPLETED_STDOUT_ORDER_PLUS_PINNED_NATIVE_LOOP
FULL8,51,first_fit,5011,25,24,COMPLETED_STDOUT_ORDER_PLUS_PINNED_NATIVE_LOOP
FULL8,51,first_fit,5012,25,24,COMPLETED_STDOUT_ORDER_PLUS_PINNED_NATIVE_LOOP
FULL8,51,first_fit,5013,25,24,COMPLETED_STDOUT_ORDER_PLUS_PINNED_NATIVE_LOOP
FULL8,51,first_fit,5014,25,24,COMPLETED_STDOUT_ORDER_PLUS_PINNED_NATIVE_LOOP
FULL8,51,first_fit,5015,25,24,COMPLETED_STDOUT_ORDER_PLUS_PINNED_NATIVE_LOOP
FULL8,51,first_fit,5016,25,24,COMPLETED_STDOUT_ORDER_PLUS_PINNED_NATIVE_LOOP
FULL8,51,first_fit,5017,25,24,COMPLETED_STDOUT_ORDER_PLUS_PINNED_NATIVE_LOOP
FULL8,51,first_fit,5018,25,24,COMPLETED_STDOUT_ORDER_PLUS_PINNED_NATIVE_LOOP
FULL8,51,first_fit,5019,25,24,COMPLETED_STDOUT_ORDER_PLUS_PINNED_NATIVE_LOOP
FULL8,51,first_fit,5020,25,24,COMPLETED_STDOUT_ORDER_PLUS_PINNED_NATIVE_LOOP
FULL8,51,first_fit,5021,25,24,COMPLETED_STDOUT_ORDER_PLUS_PINNED_NATIVE_LOOP
FULL8,51,first_fit,5022,25,24,COMPLETED_STDOUT_ORDER_PLUS_PINNED_NATIVE_LOOP
FULL8,51,first_fit,5023,25,24,COMPLETED_STDOUT_ORDER_PLUS_PINNED_NATIVE_LOOP
FULL8,51,first_fit,5024,25,24,COMPLETED_STDOUT_ORDER_PLUS_PINNED_NATIVE_LOOP
FULL8,51,first_fit,5025,25,24,COMPLETED_STDOUT_ORDER_PLUS_PINNED_NATIVE_LOOP
FULL8,51,first_fit,5026,25,24,COMPLETED_STDOUT_ORDER_PLUS_PINNED_NATIVE_LOOP
FULL8,51,first_fit,5027,25,24,COMPLETED_STDOUT_ORDER_PLUS_PINNED_NATIVE_LOOP
FULL8,51,first_fit,5028,25,24,COMPLETED_STDOUT_ORDER_PLUS_PINNED_NATIVE_LOOP
FULL8,51,first_fit,5029,25,24,COMPLETED_STDOUT_ORDER_PLUS_PINNED_NATIVE_LOOP
FULL8,51,first_fit,5030,25,24,COMPLETED_STDOUT_ORDER_PLUS_PINNED_NATIVE_LOOP
FULL8,51,first_fit,5031,25,24,COMPLETED_STDOUT_ORDER_PLUS_PINNED_NATIVE_LOOP
FULL8,51,first_fit,5032,25,24,COMPLETED_STDOUT_ORDER_PLUS_PINNED_NATIVE_LOOP
FULL8,51,first_fit,5033,25,24,COMPLETED_STDOUT_ORDER_PLUS_PINNED_NATIVE_LOOP
FULL8,51,first_fit,5034,25,24,COMPLETED_STDOUT_ORDER_PLUS_PINNED_NATIVE_LOOP
FULL8,51,first_fit,5035,25,24,COMPLETED_STDOUT_ORDER_PLUS_PINNED_NATIVE_LOOP
FULL8,51,first_fit,5036,25,24,COMPLETED_STDOUT_ORDER_PLUS_PINNED_NATIVE_LOOP
FULL8,51,first_fit,5037,25,24,COMPLETED_STDOUT_ORDER_PLUS_PINNED_NATIVE_LOOP
FULL8,51,first_fit,5038,25,24,COMPLETED_STDOUT_ORDER_PLUS_PINNED_NATIVE_LOOP
FULL8,51,first_fit,5039,25,24,COMPLETED_STDOUT_ORDER_PLUS_PINNED_NATIVE_LOOP
FULL8,51,first_fit,5040,25,24,COMPLETED_STDOUT_ORDER_PLUS_PINNED_NATIVE_LOOP
FULL8,51,first_fit,5041,25,24,COMPLETED_STDOUT_ORDER_PLUS_PINNED_NATIVE_LOOP
FULL8,51,first_fit,5042,25,24,COMPLETED_STDOUT_ORDER_PLUS_PINNED_NATIVE_LOOP
FULL8,51,first_fit,5043,25,24,COMPLETED_STDOUT_ORDER_PLUS_PINNED_NATIVE_LOOP
FULL8,51,first_fit,5044,25,24,COMPLETED_STDOUT_ORDER_PLUS_PINNED_NATIVE_LOOP
FULL8,51,first_fit,5045,25,24,COMPLETED_STDOUT_ORDER_PLUS_PINNED_NATIVE_LOOP
FULL8,51,first_fit,5046,25,24,COMPLETED_STDOUT_ORDER_PLUS_PINNED_NATIVE_LOOP
FULL8,51,first_fit,5047,25,24,COMPLETED_STDOUT_ORDER_PLUS_PINNED_NATIVE_LOOP
FULL8,51,first_fit,5048,25,24,COMPLETED_STDOUT_ORDER_PLUS_PINNED_NATIVE_LOOP
FULL8,51,first_fit,5049,25,24,COMPLETED_STDOUT_ORDER_PLUS_PINNED_NATIVE_LOOP
FULL8,51,first_fit,5050,25,24,COMPLETED_STDOUT_ORDER_PLUS_PINNED_NATIVE_LOOP
FULL8,51,first_fit,5051,25,24,COMPLETED_STDOUT_ORDER_PLUS_PINNED_NATIVE_LOOP
FULL8,51,first_fit,5052,25,24,COMPLETED_STDOUT_ORDER_PLUS_PINNED_NATIVE_LOOP
FULL8,51,first_fit,5053,25,24,COMPLETED_STDOUT_ORDER_PLUS_PINNED_NATIVE_LOOP
FULL8,51,first_fit,5054,25,24,COMPLETED_STDOUT_ORDER_PLUS_PINNED_NATIVE_LOOP
FULL8,51,first_fit,5055,25,24,COMPLETED_STDOUT_ORDER_PLUS_PINNED_NATIVE_LOOP
FULL8,51,first_fit,5056,25,24,COMPLETED_STDOUT_ORDER_PLUS_PINNED_NATIVE_LOOP
FULL8,51,first_fit,5057,25,24,COMPLETED_STDOUT_ORDER_PLUS_PINNED_NATIVE_LOOP
FULL8,51,first_fit,5058,25,24,COMPLETED_STDOUT_ORDER_PLUS_PINNED_NATIVE_LOOP
FULL8,51,first_fit,5059,25,24,COMPLETED_STDOUT_ORDER_PLUS_PINNED_NATIVE_LOOP
FULL8,51,first_fit,5060,25,24,COMPLETED_STDOUT_ORDER_PLUS_PINNED_NATIVE_LOOP
FULL8,51,first_fit,5061,25,24,COMPLETED_STDOUT_ORDER_PLUS_PINNED_NATIVE_LOOP
FULL8,51,first_fit,5062,25,24,COMPLETED_STDOUT_ORDER_PLUS_PINNED_NATIVE_LOOP
FULL8,51,first_fit,5063,25,24,COMPLETED_STDOUT_ORDER_PLUS_PINNED_NATIVE_LOOP
FULL8,51,first_fit,5064,25,24,COMPLETED_STDOUT_ORDER_PLUS_PINNED_NATIVE_LOOP
FULL8,51,first_fit,5065,25,24,COMPLETED_STDOUT_ORDER_PLUS_PINNED_NATIVE_LOOP
FULL8,51,first_fit,5066,25,24,COMPLETED_STDOUT_ORDER_PLUS_PINNED_NATIVE_LOOP
FULL8,51,first_fit,5067,25,24,COMPLETED_STDOUT_ORDER_PLUS_PINNED_NATIVE_LOOP
FULL8,51,first_fit,5068,25,24,COMPLETED_STDOUT_ORDER_PLUS_PINNED_NATIVE_LOOP
FULL8,51,first_fit,5069,25,24,COMPLETED_STDOUT_ORDER_PLUS_PINNED_NATIVE_LOOP
FULL8,51,first_fit,5070,25,24,COMPLETED_STDOUT_ORDER_PLUS_PINNED_NATIVE_LOOP
FULL8,51,first_fit,5071,25,24,COMPLETED_STDOUT_ORDER_PLUS_PINNED_NATIVE_LOOP
FULL8,51,first_fit,5072,25,24,COMPLETED_STDOUT_ORDER_PLUS_PINNED_NATIVE_LOOP
FULL8,51,first_fit,5073,25,24,COMPLETED_STDOUT_ORDER_PLUS_PINNED_NATIVE_LOOP
FULL8,51,first_fit,5074,25,24,COMPLETED_STDOUT_ORDER_PLUS_PINNED_NATIVE_LOOP
FULL8,51,first_fit,5075,25,24,COMPLETED_STDOUT_ORDER_PLUS_PINNED_NATIVE_LOOP
FULL8,51,first_fit,5076,25,24,COMPLETED_STDOUT_ORDER_PLUS_PINNED_NATIVE_LOOP
FULL8,51,first_fit,5077,25,24,COMPLETED_STDOUT_ORDER_PLUS_PINNED_NATIVE_LOOP
FULL8,51,first_fit,5078,25,24,COMPLETED_STDOUT_ORDER_PLUS_PINNED_NATIVE_LOOP
FULL8,51,first_fit,5079,25,24,COMPLETED_STDOUT_ORDER_PLUS_PINNED_NATIVE_LOOP
FULL8,51,first_fit,5080,25,24,COMPLETED_STDOUT_ORDER_PLUS_PINNED_NATIVE_LOOP
FULL8,51,first_fit,5081,25,24,COMPLETED_STDOUT_ORDER_PLUS_PINNED_NATIVE_LOOP
FULL8,51,first_fit,5082,25,24,COMPLETED_STDOUT_ORDER_PLUS_PINNED_NATIVE_LOOP
FULL8,51,first_fit,5083,25,24,COMPLETED_STDOUT_ORDER_PLUS_PINNED_NATIVE_LOOP
FULL8,51,first_fit,5084,25,24,COMPLETED_STDOUT_ORDER_PLUS_PINNED_NATIVE_LOOP
FULL8,51,first_fit,5085,25,24,COMPLETED_STDOUT_ORDER_PLUS_PINNED_NATIVE_LOOP
FULL8,51,first_fit,5086,25,24,COMPLETED_STDOUT_ORDER_PLUS_PINNED_NATIVE_LOOP
FULL8,51,first_fit,5087,25,24,COMPLETED_STDOUT_ORDER_PLUS_PINNED_NATIVE_LOOP
FULL8,51,first_fit,5088,25,24,COMPLETED_STDOUT_ORDER_PLUS_PINNED_NATIVE_LOOP
FULL8,51,first_fit,5089,25,24,COMPLETED_STDOUT_ORDER_PLUS_PINNED_NATIVE_LOOP
FULL8,51,first_fit,5090,25,24,COMPLETED_STDOUT_ORDER_PLUS_PINNED_NATIVE_LOOP
FULL8,51,first_fit,5091,25,24,COMPLETED_STDOUT_ORDER_PLUS_PINNED_NATIVE_LOOP
FULL8,51,first_fit,5092,25,24,COMPLETED_STDOUT_ORDER_PLUS_PINNED_NATIVE_LOOP
FULL8,51,first_fit,5093,25,24,COMPLETED_STDOUT_ORDER_PLUS_PINNED_NATIVE_LOOP
FULL8,51,first_fit,5094,25,24,COMPLETED_STDOUT_ORDER_PLUS_PINNED_NATIVE_LOOP
FULL8,51,first_fit,5095,25,24,COMPLETED_STDOUT_ORDER_PLUS_PINNED_NATIVE_LOOP
FULL8,51,first_fit,5096,25,24,COMPLETED_STDOUT_ORDER_PLUS_PINNED_NATIVE_LOOP
FULL8,51,first_fit,5097,25,24,COMPLETED_STDOUT_ORDER_PLUS_PINNED_NATIVE_LOOP
FULL8,51,first_fit,5098,25,24,COMPLETED_STDOUT_ORDER_PLUS_PINNED_NATIVE_LOOP
FULL8,51,first_fit,5099,25,24,COMPLETED_STDOUT_ORDER_PLUS_PINNED_NATIVE_LOOP
FULL8,51,second_fit,5000,1,0,COMPLETED_STDOUT_ORDER_PLUS_PINNED_NATIVE_LOOP
FULL8,51,second_fit,5001,1,0,COMPLETED_STDOUT_ORDER_PLUS_PINNED_NATIVE_LOOP
FULL8,51,second_fit,5002,25,24,COMPLETED_STDOUT_ORDER_PLUS_PINNED_NATIVE_LOOP
FULL8,51,second_fit,5003,1,0,COMPLETED_STDOUT_ORDER_PLUS_PINNED_NATIVE_LOOP
FULL8,51,second_fit,5004,1,0,COMPLETED_STDOUT_ORDER_PLUS_PINNED_NATIVE_LOOP
FULL8,51,second_fit,5005,1,0,COMPLETED_STDOUT_ORDER_PLUS_PINNED_NATIVE_LOOP
FULL8,51,second_fit,5006,25,24,COMPLETED_STDOUT_ORDER_PLUS_PINNED_NATIVE_LOOP
FULL8,51,second_fit,5007,1,0,COMPLETED_STDOUT_ORDER_PLUS_PINNED_NATIVE_LOOP
FULL8,51,second_fit,5008,1,0,COMPLETED_STDOUT_ORDER_PLUS_PINNED_NATIVE_LOOP
FULL8,51,second_fit,5009,1,0,COMPLETED_STDOUT_ORDER_PLUS_PINNED_NATIVE_LOOP
FULL8,51,second_fit,5010,1,0,COMPLETED_STDOUT_ORDER_PLUS_PINNED_NATIVE_LOOP
FULL8,51,second_fit,5011,1,0,COMPLETED_STDOUT_ORDER_PLUS_PINNED_NATIVE_LOOP
FULL8,51,second_fit,5012,1,0,COMPLETED_STDOUT_ORDER_PLUS_PINNED_NATIVE_LOOP
FULL8,51,second_fit,5013,1,0,COMPLETED_STDOUT_ORDER_PLUS_PINNED_NATIVE_LOOP
FULL8,51,second_fit,5014,1,0,COMPLETED_STDOUT_ORDER_PLUS_PINNED_NATIVE_LOOP
FULL8,51,second_fit,5015,1,0,COMPLETED_STDOUT_ORDER_PLUS_PINNED_NATIVE_LOOP
FULL8,51,second_fit,5016,1,0,COMPLETED_STDOUT_ORDER_PLUS_PINNED_NATIVE_LOOP
FULL8,51,second_fit,5017,1,0,COMPLETED_STDOUT_ORDER_PLUS_PINNED_NATIVE_LOOP
FULL8,51,second_fit,5018,1,0,COMPLETED_STDOUT_ORDER_PLUS_PINNED_NATIVE_LOOP
FULL8,51,second_fit,5019,1,0,COMPLETED_STDOUT_ORDER_PLUS_PINNED_NATIVE_LOOP
FULL8,51,second_fit,5020,25,24,COMPLETED_STDOUT_ORDER_PLUS_PINNED_NATIVE_LOOP
FULL8,51,second_fit,5021,1,0,COMPLETED_STDOUT_ORDER_PLUS_PINNED_NATIVE_LOOP
FULL8,51,second_fit,5022,25,24,COMPLETED_STDOUT_ORDER_PLUS_PINNED_NATIVE_LOOP
FULL8,51,second_fit,5023,1,0,COMPLETED_STDOUT_ORDER_PLUS_PINNED_NATIVE_LOOP
FULL8,51,second_fit,5024,1,0,COMPLETED_STDOUT_ORDER_PLUS_PINNED_NATIVE_LOOP
FULL8,51,second_fit,5025,1,0,COMPLETED_STDOUT_ORDER_PLUS_PINNED_NATIVE_LOOP
FULL8,51,second_fit,5026,1,0,COMPLETED_STDOUT_ORDER_PLUS_PINNED_NATIVE_LOOP
FULL8,51,second_fit,5027,1,0,COMPLETED_STDOUT_ORDER_PLUS_PINNED_NATIVE_LOOP
FULL8,51,second_fit,5028,1,0,COMPLETED_STDOUT_ORDER_PLUS_PINNED_NATIVE_LOOP
FULL8,51,second_fit,5029,1,0,COMPLETED_STDOUT_ORDER_PLUS_PINNED_NATIVE_LOOP
FULL8,51,second_fit,5030,1,0,COMPLETED_STDOUT_ORDER_PLUS_PINNED_NATIVE_LOOP
FULL8,51,second_fit,5031,1,0,COMPLETED_STDOUT_ORDER_PLUS_PINNED_NATIVE_LOOP
FULL8,51,second_fit,5032,25,24,COMPLETED_STDOUT_ORDER_PLUS_PINNED_NATIVE_LOOP
FULL8,51,second_fit,5033,1,0,COMPLETED_STDOUT_ORDER_PLUS_PINNED_NATIVE_LOOP
FULL8,51,second_fit,5034,1,0,COMPLETED_STDOUT_ORDER_PLUS_PINNED_NATIVE_LOOP
FULL8,51,second_fit,5035,1,0,COMPLETED_STDOUT_ORDER_PLUS_PINNED_NATIVE_LOOP
FULL8,51,second_fit,5036,1,0,COMPLETED_STDOUT_ORDER_PLUS_PINNED_NATIVE_LOOP
FULL8,51,second_fit,5037,1,0,COMPLETED_STDOUT_ORDER_PLUS_PINNED_NATIVE_LOOP
FULL8,51,second_fit,5038,1,0,COMPLETED_STDOUT_ORDER_PLUS_PINNED_NATIVE_LOOP
FULL8,51,second_fit,5039,1,0,COMPLETED_STDOUT_ORDER_PLUS_PINNED_NATIVE_LOOP
FULL8,51,second_fit,5040,1,0,COMPLETED_STDOUT_ORDER_PLUS_PINNED_NATIVE_LOOP
FULL8,51,second_fit,5041,1,0,COMPLETED_STDOUT_ORDER_PLUS_PINNED_NATIVE_LOOP
FULL8,51,second_fit,5042,1,0,COMPLETED_STDOUT_ORDER_PLUS_PINNED_NATIVE_LOOP
FULL8,51,second_fit,5043,1,0,COMPLETED_STDOUT_ORDER_PLUS_PINNED_NATIVE_LOOP
FULL8,51,second_fit,5044,1,0,COMPLETED_STDOUT_ORDER_PLUS_PINNED_NATIVE_LOOP
FULL8,51,second_fit,5045,1,0,COMPLETED_STDOUT_ORDER_PLUS_PINNED_NATIVE_LOOP
FULL8,51,second_fit,5046,1,0,COMPLETED_STDOUT_ORDER_PLUS_PINNED_NATIVE_LOOP
FULL8,51,second_fit,5047,1,0,COMPLETED_STDOUT_ORDER_PLUS_PINNED_NATIVE_LOOP
FULL8,51,second_fit,5048,1,0,COMPLETED_STDOUT_ORDER_PLUS_PINNED_NATIVE_LOOP
FULL8,51,second_fit,5049,1,0,COMPLETED_STDOUT_ORDER_PLUS_PINNED_NATIVE_LOOP
FULL8,51,second_fit,5050,1,0,COMPLETED_STDOUT_ORDER_PLUS_PINNED_NATIVE_LOOP
FULL8,51,second_fit,5051,1,0,COMPLETED_STDOUT_ORDER_PLUS_PINNED_NATIVE_LOOP
FULL8,51,second_fit,5052,1,0,COMPLETED_STDOUT_ORDER_PLUS_PINNED_NATIVE_LOOP
FULL8,51,second_fit,5053,1,0,COMPLETED_STDOUT_ORDER_PLUS_PINNED_NATIVE_LOOP
FULL8,51,second_fit,5054,1,0,COMPLETED_STDOUT_ORDER_PLUS_PINNED_NATIVE_LOOP
FULL8,51,second_fit,5055,1,0,COMPLETED_STDOUT_ORDER_PLUS_PINNED_NATIVE_LOOP
FULL8,51,second_fit,5056,1,0,COMPLETED_STDOUT_ORDER_PLUS_PINNED_NATIVE_LOOP
FULL8,51,second_fit,5057,1,0,COMPLETED_STDOUT_ORDER_PLUS_PINNED_NATIVE_LOOP
FULL8,51,second_fit,5058,1,0,COMPLETED_STDOUT_ORDER_PLUS_PINNED_NATIVE_LOOP
FULL8,51,second_fit,5059,1,0,COMPLETED_STDOUT_ORDER_PLUS_PINNED_NATIVE_LOOP
FULL8,51,second_fit,5060,1,0,COMPLETED_STDOUT_ORDER_PLUS_PINNED_NATIVE_LOOP
FULL8,51,second_fit,5061,1,0,COMPLETED_STDOUT_ORDER_PLUS_PINNED_NATIVE_LOOP
FULL8,51,second_fit,5062,1,0,COMPLETED_STDOUT_ORDER_PLUS_PINNED_NATIVE_LOOP
FULL8,51,second_fit,5063,1,0,COMPLETED_STDOUT_ORDER_PLUS_PINNED_NATIVE_LOOP
FULL8,51,second_fit,5064,1,0,COMPLETED_STDOUT_ORDER_PLUS_PINNED_NATIVE_LOOP
FULL8,51,second_fit,5065,1,0,COMPLETED_STDOUT_ORDER_PLUS_PINNED_NATIVE_LOOP
FULL8,51,second_fit,5066,1,0,COMPLETED_STDOUT_ORDER_PLUS_PINNED_NATIVE_LOOP
FULL8,51,second_fit,5067,25,24,COMPLETED_STDOUT_ORDER_PLUS_PINNED_NATIVE_LOOP
FULL8,51,second_fit,5068,1,0,COMPLETED_STDOUT_ORDER_PLUS_PINNED_NATIVE_LOOP
FULL8,51,second_fit,5069,1,0,COMPLETED_STDOUT_ORDER_PLUS_PINNED_NATIVE_LOOP
FULL8,51,second_fit,5070,1,0,COMPLETED_STDOUT_ORDER_PLUS_PINNED_NATIVE_LOOP
FULL8,51,second_fit,5071,1,0,COMPLETED_STDOUT_ORDER_PLUS_PINNED_NATIVE_LOOP
FULL8,51,second_fit,5072,1,0,COMPLETED_STDOUT_ORDER_PLUS_PINNED_NATIVE_LOOP
FULL8,51,second_fit,5073,1,0,COMPLETED_STDOUT_ORDER_PLUS_PINNED_NATIVE_LOOP
FULL8,51,second_fit,5074,1,0,COMPLETED_STDOUT_ORDER_PLUS_PINNED_NATIVE_LOOP
FULL8,51,second_fit,5075,1,0,COMPLETED_STDOUT_ORDER_PLUS_PINNED_NATIVE_LOOP
FULL8,51,second_fit,5076,1,0,COMPLETED_STDOUT_ORDER_PLUS_PINNED_NATIVE_LOOP
FULL8,51,second_fit,5077,1,0,COMPLETED_STDOUT_ORDER_PLUS_PINNED_NATIVE_LOOP
FULL8,51,second_fit,5078,1,0,COMPLETED_STDOUT_ORDER_PLUS_PINNED_NATIVE_LOOP
FULL8,51,second_fit,5079,1,0,COMPLETED_STDOUT_ORDER_PLUS_PINNED_NATIVE_LOOP
FULL8,51,second_fit,5080,1,0,COMPLETED_STDOUT_ORDER_PLUS_PINNED_NATIVE_LOOP
FULL8,51,second_fit,5081,1,0,COMPLETED_STDOUT_ORDER_PLUS_PINNED_NATIVE_LOOP
FULL8,51,second_fit,5082,1,0,COMPLETED_STDOUT_ORDER_PLUS_PINNED_NATIVE_LOOP
FULL8,51,second_fit,5083,1,0,COMPLETED_STDOUT_ORDER_PLUS_PINNED_NATIVE_LOOP
FULL8,51,second_fit,5084,1,0,COMPLETED_STDOUT_ORDER_PLUS_PINNED_NATIVE_LOOP
FULL8,51,second_fit,5085,1,0,COMPLETED_STDOUT_ORDER_PLUS_PINNED_NATIVE_LOOP
FULL8,51,second_fit,5086,1,0,COMPLETED_STDOUT_ORDER_PLUS_PINNED_NATIVE_LOOP
FULL8,51,second_fit,5087,1,0,COMPLETED_STDOUT_ORDER_PLUS_PINNED_NATIVE_LOOP
FULL8,51,second_fit,5088,1,0,COMPLETED_STDOUT_ORDER_PLUS_PINNED_NATIVE_LOOP
FULL8,51,second_fit,5089,1,0,COMPLETED_STDOUT_ORDER_PLUS_PINNED_NATIVE_LOOP
FULL8,51,second_fit,5090,1,0,COMPLETED_STDOUT_ORDER_PLUS_PINNED_NATIVE_LOOP
FULL8,51,second_fit,5091,1,0,COMPLETED_STDOUT_ORDER_PLUS_PINNED_NATIVE_LOOP
FULL8,51,second_fit,5092,1,0,COMPLETED_STDOUT_ORDER_PLUS_PINNED_NATIVE_LOOP
FULL8,51,second_fit,5093,1,0,COMPLETED_STDOUT_ORDER_PLUS_PINNED_NATIVE_LOOP
FULL8,51,second_fit,5094,1,0,COMPLETED_STDOUT_ORDER_PLUS_PINNED_NATIVE_LOOP
FULL8,51,second_fit,5095,1,0,COMPLETED_STDOUT_ORDER_PLUS_PINNED_NATIVE_LOOP
FULL8,51,second_fit,5096,1,0,COMPLETED_STDOUT_ORDER_PLUS_PINNED_NATIVE_LOOP
FULL8,51,second_fit,5097,1,0,COMPLETED_STDOUT_ORDER_PLUS_PINNED_NATIVE_LOOP
FULL8,51,second_fit,5098,1,0,COMPLETED_STDOUT_ORDER_PLUS_PINNED_NATIVE_LOOP
FULL8,51,second_fit,5099,1,0,COMPLETED_STDOUT_ORDER_PLUS_PINNED_NATIVE_LOOP
FULL8,52,first_fit,5100,25,24,COMPLETED_STDOUT_ORDER_PLUS_PINNED_NATIVE_LOOP
FULL8,52,first_fit,5101,25,24,COMPLETED_STDOUT_ORDER_PLUS_PINNED_NATIVE_LOOP
FULL8,52,first_fit,5102,25,24,COMPLETED_STDOUT_ORDER_PLUS_PINNED_NATIVE_LOOP
FULL8,52,first_fit,5103,25,24,COMPLETED_STDOUT_ORDER_PLUS_PINNED_NATIVE_LOOP
FULL8,52,first_fit,5104,25,24,COMPLETED_STDOUT_ORDER_PLUS_PINNED_NATIVE_LOOP
FULL8,52,first_fit,5105,25,24,COMPLETED_STDOUT_ORDER_PLUS_PINNED_NATIVE_LOOP
FULL8,52,first_fit,5106,25,24,COMPLETED_STDOUT_ORDER_PLUS_PINNED_NATIVE_LOOP
FULL8,52,first_fit,5107,25,24,COMPLETED_STDOUT_ORDER_PLUS_PINNED_NATIVE_LOOP
FULL8,52,first_fit,5108,25,24,COMPLETED_STDOUT_ORDER_PLUS_PINNED_NATIVE_LOOP
FULL8,52,first_fit,5109,25,24,COMPLETED_STDOUT_ORDER_PLUS_PINNED_NATIVE_LOOP
FULL8,52,first_fit,5110,25,24,COMPLETED_STDOUT_ORDER_PLUS_PINNED_NATIVE_LOOP
FULL8,52,first_fit,5111,25,24,COMPLETED_STDOUT_ORDER_PLUS_PINNED_NATIVE_LOOP
FULL8,52,first_fit,5112,25,24,COMPLETED_STDOUT_ORDER_PLUS_PINNED_NATIVE_LOOP
FULL8,52,first_fit,5113,25,24,COMPLETED_STDOUT_ORDER_PLUS_PINNED_NATIVE_LOOP
FULL8,52,first_fit,5114,25,24,COMPLETED_STDOUT_ORDER_PLUS_PINNED_NATIVE_LOOP
FULL8,52,first_fit,5115,25,24,COMPLETED_STDOUT_ORDER_PLUS_PINNED_NATIVE_LOOP
FULL8,52,first_fit,5116,25,24,COMPLETED_STDOUT_ORDER_PLUS_PINNED_NATIVE_LOOP
FULL8,52,first_fit,5117,25,24,COMPLETED_STDOUT_ORDER_PLUS_PINNED_NATIVE_LOOP
FULL8,52,first_fit,5118,25,24,COMPLETED_STDOUT_ORDER_PLUS_PINNED_NATIVE_LOOP
FULL8,52,first_fit,5119,25,24,COMPLETED_STDOUT_ORDER_PLUS_PINNED_NATIVE_LOOP
FULL8,52,first_fit,5120,25,24,COMPLETED_STDOUT_ORDER_PLUS_PINNED_NATIVE_LOOP
FULL8,52,first_fit,5121,25,24,COMPLETED_STDOUT_ORDER_PLUS_PINNED_NATIVE_LOOP
FULL8,52,first_fit,5122,25,24,COMPLETED_STDOUT_ORDER_PLUS_PINNED_NATIVE_LOOP
FULL8,52,first_fit,5123,25,24,COMPLETED_STDOUT_ORDER_PLUS_PINNED_NATIVE_LOOP
FULL8,52,first_fit,5124,25,24,COMPLETED_STDOUT_ORDER_PLUS_PINNED_NATIVE_LOOP
FULL8,52,first_fit,5125,25,24,COMPLETED_STDOUT_ORDER_PLUS_PINNED_NATIVE_LOOP
FULL8,52,first_fit,5126,25,24,COMPLETED_STDOUT_ORDER_PLUS_PINNED_NATIVE_LOOP
FULL8,52,first_fit,5127,25,24,COMPLETED_STDOUT_ORDER_PLUS_PINNED_NATIVE_LOOP
FULL8,52,first_fit,5128,25,24,COMPLETED_STDOUT_ORDER_PLUS_PINNED_NATIVE_LOOP
FULL8,52,first_fit,5129,25,24,COMPLETED_STDOUT_ORDER_PLUS_PINNED_NATIVE_LOOP
FULL8,52,first_fit,5130,25,24,COMPLETED_STDOUT_ORDER_PLUS_PINNED_NATIVE_LOOP
FULL8,52,first_fit,5131,25,24,COMPLETED_STDOUT_ORDER_PLUS_PINNED_NATIVE_LOOP
FULL8,52,first_fit,5132,25,24,COMPLETED_STDOUT_ORDER_PLUS_PINNED_NATIVE_LOOP
FULL8,52,first_fit,5133,25,24,COMPLETED_STDOUT_ORDER_PLUS_PINNED_NATIVE_LOOP
FULL8,52,first_fit,5134,25,24,COMPLETED_STDOUT_ORDER_PLUS_PINNED_NATIVE_LOOP
FULL8,52,first_fit,5135,25,24,COMPLETED_STDOUT_ORDER_PLUS_PINNED_NATIVE_LOOP
FULL8,52,first_fit,5136,25,24,COMPLETED_STDOUT_ORDER_PLUS_PINNED_NATIVE_LOOP
FULL8,52,first_fit,5137,25,24,COMPLETED_STDOUT_ORDER_PLUS_PINNED_NATIVE_LOOP
FULL8,52,first_fit,5138,25,24,COMPLETED_STDOUT_ORDER_PLUS_PINNED_NATIVE_LOOP
FULL8,52,first_fit,5139,25,24,COMPLETED_STDOUT_ORDER_PLUS_PINNED_NATIVE_LOOP
FULL8,52,first_fit,5140,25,24,COMPLETED_STDOUT_ORDER_PLUS_PINNED_NATIVE_LOOP
FULL8,52,first_fit,5141,25,24,COMPLETED_STDOUT_ORDER_PLUS_PINNED_NATIVE_LOOP
FULL8,52,first_fit,5142,25,24,COMPLETED_STDOUT_ORDER_PLUS_PINNED_NATIVE_LOOP
FULL8,52,first_fit,5143,25,24,COMPLETED_STDOUT_ORDER_PLUS_PINNED_NATIVE_LOOP
FULL8,52,first_fit,5144,25,24,COMPLETED_STDOUT_ORDER_PLUS_PINNED_NATIVE_LOOP
FULL8,52,first_fit,5145,25,24,COMPLETED_STDOUT_ORDER_PLUS_PINNED_NATIVE_LOOP
FULL8,52,first_fit,5146,25,24,COMPLETED_STDOUT_ORDER_PLUS_PINNED_NATIVE_LOOP
FULL8,52,first_fit,5147,25,24,COMPLETED_STDOUT_ORDER_PLUS_PINNED_NATIVE_LOOP
FULL8,52,first_fit,5148,25,24,COMPLETED_STDOUT_ORDER_PLUS_PINNED_NATIVE_LOOP
FULL8,52,first_fit,5149,25,24,COMPLETED_STDOUT_ORDER_PLUS_PINNED_NATIVE_LOOP
FULL8,52,first_fit,5150,25,24,COMPLETED_STDOUT_ORDER_PLUS_PINNED_NATIVE_LOOP
FULL8,52,first_fit,5151,25,24,COMPLETED_STDOUT_ORDER_PLUS_PINNED_NATIVE_LOOP
FULL8,52,first_fit,5152,25,24,COMPLETED_STDOUT_ORDER_PLUS_PINNED_NATIVE_LOOP
FULL8,52,first_fit,5153,25,24,COMPLETED_STDOUT_ORDER_PLUS_PINNED_NATIVE_LOOP
FULL8,52,first_fit,5154,25,24,COMPLETED_STDOUT_ORDER_PLUS_PINNED_NATIVE_LOOP
FULL8,52,first_fit,5155,25,24,COMPLETED_STDOUT_ORDER_PLUS_PINNED_NATIVE_LOOP
FULL8,52,first_fit,5156,25,24,COMPLETED_STDOUT_ORDER_PLUS_PINNED_NATIVE_LOOP
FULL8,52,first_fit,5157,25,24,COMPLETED_STDOUT_ORDER_PLUS_PINNED_NATIVE_LOOP
FULL8,52,first_fit,5158,25,24,COMPLETED_STDOUT_ORDER_PLUS_PINNED_NATIVE_LOOP
FULL8,52,first_fit,5159,25,24,COMPLETED_STDOUT_ORDER_PLUS_PINNED_NATIVE_LOOP
FULL8,52,first_fit,5160,25,24,COMPLETED_STDOUT_ORDER_PLUS_PINNED_NATIVE_LOOP
FULL8,52,first_fit,5161,25,24,COMPLETED_STDOUT_ORDER_PLUS_PINNED_NATIVE_LOOP
FULL8,52,first_fit,5162,25,24,COMPLETED_STDOUT_ORDER_PLUS_PINNED_NATIVE_LOOP
FULL8,52,first_fit,5163,25,24,COMPLETED_STDOUT_ORDER_PLUS_PINNED_NATIVE_LOOP
FULL8,52,first_fit,5164,25,24,COMPLETED_STDOUT_ORDER_PLUS_PINNED_NATIVE_LOOP
FULL8,52,first_fit,5165,25,24,COMPLETED_STDOUT_ORDER_PLUS_PINNED_NATIVE_LOOP
FULL8,52,first_fit,5166,25,24,COMPLETED_STDOUT_ORDER_PLUS_PINNED_NATIVE_LOOP
FULL8,52,first_fit,5167,25,24,COMPLETED_STDOUT_ORDER_PLUS_PINNED_NATIVE_LOOP
FULL8,52,first_fit,5168,25,24,COMPLETED_STDOUT_ORDER_PLUS_PINNED_NATIVE_LOOP
FULL8,52,first_fit,5169,25,24,COMPLETED_STDOUT_ORDER_PLUS_PINNED_NATIVE_LOOP
FULL8,52,first_fit,5170,25,24,COMPLETED_STDOUT_ORDER_PLUS_PINNED_NATIVE_LOOP
FULL8,52,first_fit,5171,25,24,COMPLETED_STDOUT_ORDER_PLUS_PINNED_NATIVE_LOOP
FULL8,52,first_fit,5172,25,24,COMPLETED_STDOUT_ORDER_PLUS_PINNED_NATIVE_LOOP
FULL8,52,first_fit,5173,25,24,COMPLETED_STDOUT_ORDER_PLUS_PINNED_NATIVE_LOOP
FULL8,52,first_fit,5174,25,24,COMPLETED_STDOUT_ORDER_PLUS_PINNED_NATIVE_LOOP
FULL8,52,first_fit,5175,25,24,COMPLETED_STDOUT_ORDER_PLUS_PINNED_NATIVE_LOOP
FULL8,52,first_fit,5176,25,24,COMPLETED_STDOUT_ORDER_PLUS_PINNED_NATIVE_LOOP
FULL8,52,first_fit,5177,25,24,COMPLETED_STDOUT_ORDER_PLUS_PINNED_NATIVE_LOOP
FULL8,52,first_fit,5178,25,24,COMPLETED_STDOUT_ORDER_PLUS_PINNED_NATIVE_LOOP
FULL8,52,first_fit,5179,25,24,COMPLETED_STDOUT_ORDER_PLUS_PINNED_NATIVE_LOOP
FULL8,52,first_fit,5180,25,24,COMPLETED_STDOUT_ORDER_PLUS_PINNED_NATIVE_LOOP
FULL8,52,first_fit,5181,25,24,COMPLETED_STDOUT_ORDER_PLUS_PINNED_NATIVE_LOOP
FULL8,52,first_fit,5182,25,24,COMPLETED_STDOUT_ORDER_PLUS_PINNED_NATIVE_LOOP
FULL8,52,first_fit,5183,25,24,COMPLETED_STDOUT_ORDER_PLUS_PINNED_NATIVE_LOOP
FULL8,52,first_fit,5184,25,24,COMPLETED_STDOUT_ORDER_PLUS_PINNED_NATIVE_LOOP
FULL8,52,first_fit,5185,25,24,COMPLETED_STDOUT_ORDER_PLUS_PINNED_NATIVE_LOOP
FULL8,52,first_fit,5186,25,24,COMPLETED_STDOUT_ORDER_PLUS_PINNED_NATIVE_LOOP
FULL8,52,first_fit,5187,25,24,COMPLETED_STDOUT_ORDER_PLUS_PINNED_NATIVE_LOOP
FULL8,52,first_fit,5188,25,24,COMPLETED_STDOUT_ORDER_PLUS_PINNED_NATIVE_LOOP
FULL8,52,first_fit,5189,25,24,COMPLETED_STDOUT_ORDER_PLUS_PINNED_NATIVE_LOOP
FULL8,52,first_fit,5190,25,24,COMPLETED_STDOUT_ORDER_PLUS_PINNED_NATIVE_LOOP
FULL8,52,first_fit,5191,25,24,COMPLETED_STDOUT_ORDER_PLUS_PINNED_NATIVE_LOOP
FULL8,52,first_fit,5192,25,24,COMPLETED_STDOUT_ORDER_PLUS_PINNED_NATIVE_LOOP
FULL8,52,first_fit,5193,25,24,COMPLETED_STDOUT_ORDER_PLUS_PINNED_NATIVE_LOOP
FULL8,52,first_fit,5194,25,24,COMPLETED_STDOUT_ORDER_PLUS_PINNED_NATIVE_LOOP
FULL8,52,first_fit,5195,25,24,COMPLETED_STDOUT_ORDER_PLUS_PINNED_NATIVE_LOOP
FULL8,52,first_fit,5196,25,24,COMPLETED_STDOUT_ORDER_PLUS_PINNED_NATIVE_LOOP
FULL8,52,first_fit,5197,25,24,COMPLETED_STDOUT_ORDER_PLUS_PINNED_NATIVE_LOOP
FULL8,52,first_fit,5198,25,24,COMPLETED_STDOUT_ORDER_PLUS_PINNED_NATIVE_LOOP
FULL8,52,first_fit,5199,25,24,COMPLETED_STDOUT_ORDER_PLUS_PINNED_NATIVE_LOOP
FULL8,52,second_fit,5100,1,0,COMPLETED_STDOUT_ORDER_PLUS_PINNED_NATIVE_LOOP
FULL8,52,second_fit,5101,1,0,COMPLETED_STDOUT_ORDER_PLUS_PINNED_NATIVE_LOOP
FULL8,52,second_fit,5102,1,0,COMPLETED_STDOUT_ORDER_PLUS_PINNED_NATIVE_LOOP
FULL8,52,second_fit,5103,1,0,COMPLETED_STDOUT_ORDER_PLUS_PINNED_NATIVE_LOOP
FULL8,52,second_fit,5104,1,0,COMPLETED_STDOUT_ORDER_PLUS_PINNED_NATIVE_LOOP
FULL8,52,second_fit,5105,1,0,COMPLETED_STDOUT_ORDER_PLUS_PINNED_NATIVE_LOOP
FULL8,52,second_fit,5106,1,0,COMPLETED_STDOUT_ORDER_PLUS_PINNED_NATIVE_LOOP
FULL8,52,second_fit,5107,1,0,COMPLETED_STDOUT_ORDER_PLUS_PINNED_NATIVE_LOOP
FULL8,52,second_fit,5108,1,0,COMPLETED_STDOUT_ORDER_PLUS_PINNED_NATIVE_LOOP
FULL8,52,second_fit,5109,1,0,COMPLETED_STDOUT_ORDER_PLUS_PINNED_NATIVE_LOOP
FULL8,52,second_fit,5110,1,0,COMPLETED_STDOUT_ORDER_PLUS_PINNED_NATIVE_LOOP
FULL8,52,second_fit,5111,25,24,COMPLETED_STDOUT_ORDER_PLUS_PINNED_NATIVE_LOOP
FULL8,52,second_fit,5112,1,0,COMPLETED_STDOUT_ORDER_PLUS_PINNED_NATIVE_LOOP
FULL8,52,second_fit,5113,1,0,COMPLETED_STDOUT_ORDER_PLUS_PINNED_NATIVE_LOOP
FULL8,52,second_fit,5114,1,0,COMPLETED_STDOUT_ORDER_PLUS_PINNED_NATIVE_LOOP
FULL8,52,second_fit,5115,1,0,COMPLETED_STDOUT_ORDER_PLUS_PINNED_NATIVE_LOOP
FULL8,52,second_fit,5116,1,0,COMPLETED_STDOUT_ORDER_PLUS_PINNED_NATIVE_LOOP
FULL8,52,second_fit,5117,1,0,COMPLETED_STDOUT_ORDER_PLUS_PINNED_NATIVE_LOOP
FULL8,52,second_fit,5118,1,0,COMPLETED_STDOUT_ORDER_PLUS_PINNED_NATIVE_LOOP
FULL8,52,second_fit,5119,1,0,COMPLETED_STDOUT_ORDER_PLUS_PINNED_NATIVE_LOOP
FULL8,52,second_fit,5120,1,0,COMPLETED_STDOUT_ORDER_PLUS_PINNED_NATIVE_LOOP
FULL8,52,second_fit,5121,1,0,COMPLETED_STDOUT_ORDER_PLUS_PINNED_NATIVE_LOOP
FULL8,52,second_fit,5122,1,0,COMPLETED_STDOUT_ORDER_PLUS_PINNED_NATIVE_LOOP
FULL8,52,second_fit,5123,1,0,COMPLETED_STDOUT_ORDER_PLUS_PINNED_NATIVE_LOOP
FULL8,52,second_fit,5124,1,0,COMPLETED_STDOUT_ORDER_PLUS_PINNED_NATIVE_LOOP
FULL8,52,second_fit,5125,1,0,COMPLETED_STDOUT_ORDER_PLUS_PINNED_NATIVE_LOOP
FULL8,52,second_fit,5126,1,0,COMPLETED_STDOUT_ORDER_PLUS_PINNED_NATIVE_LOOP
FULL8,52,second_fit,5127,1,0,COMPLETED_STDOUT_ORDER_PLUS_PINNED_NATIVE_LOOP
FULL8,52,second_fit,5128,25,24,COMPLETED_STDOUT_ORDER_PLUS_PINNED_NATIVE_LOOP
FULL8,52,second_fit,5129,1,0,COMPLETED_STDOUT_ORDER_PLUS_PINNED_NATIVE_LOOP
FULL8,52,second_fit,5130,1,0,COMPLETED_STDOUT_ORDER_PLUS_PINNED_NATIVE_LOOP
FULL8,52,second_fit,5131,1,0,COMPLETED_STDOUT_ORDER_PLUS_PINNED_NATIVE_LOOP
FULL8,52,second_fit,5132,1,0,COMPLETED_STDOUT_ORDER_PLUS_PINNED_NATIVE_LOOP
FULL8,52,second_fit,5133,1,0,COMPLETED_STDOUT_ORDER_PLUS_PINNED_NATIVE_LOOP
FULL8,52,second_fit,5134,1,0,COMPLETED_STDOUT_ORDER_PLUS_PINNED_NATIVE_LOOP
FULL8,52,second_fit,5135,1,0,COMPLETED_STDOUT_ORDER_PLUS_PINNED_NATIVE_LOOP
FULL8,52,second_fit,5136,1,0,COMPLETED_STDOUT_ORDER_PLUS_PINNED_NATIVE_LOOP
FULL8,52,second_fit,5137,1,0,COMPLETED_STDOUT_ORDER_PLUS_PINNED_NATIVE_LOOP
FULL8,52,second_fit,5138,1,0,COMPLETED_STDOUT_ORDER_PLUS_PINNED_NATIVE_LOOP
FULL8,52,second_fit,5139,1,0,COMPLETED_STDOUT_ORDER_PLUS_PINNED_NATIVE_LOOP
FULL8,52,second_fit,5140,1,0,COMPLETED_STDOUT_ORDER_PLUS_PINNED_NATIVE_LOOP
FULL8,52,second_fit,5141,1,0,COMPLETED_STDOUT_ORDER_PLUS_PINNED_NATIVE_LOOP
FULL8,52,second_fit,5142,1,0,COMPLETED_STDOUT_ORDER_PLUS_PINNED_NATIVE_LOOP
FULL8,52,second_fit,5143,1,0,COMPLETED_STDOUT_ORDER_PLUS_PINNED_NATIVE_LOOP
FULL8,52,second_fit,5144,1,0,COMPLETED_STDOUT_ORDER_PLUS_PINNED_NATIVE_LOOP
FULL8,52,second_fit,5145,1,0,COMPLETED_STDOUT_ORDER_PLUS_PINNED_NATIVE_LOOP
FULL8,52,second_fit,5146,1,0,COMPLETED_STDOUT_ORDER_PLUS_PINNED_NATIVE_LOOP
FULL8,52,second_fit,5147,1,0,COMPLETED_STDOUT_ORDER_PLUS_PINNED_NATIVE_LOOP
FULL8,52,second_fit,5148,1,0,COMPLETED_STDOUT_ORDER_PLUS_PINNED_NATIVE_LOOP
FULL8,52,second_fit,5149,1,0,COMPLETED_STDOUT_ORDER_PLUS_PINNED_NATIVE_LOOP
FULL8,52,second_fit,5150,1,0,COMPLETED_STDOUT_ORDER_PLUS_PINNED_NATIVE_LOOP
FULL8,52,second_fit,5151,1,0,COMPLETED_STDOUT_ORDER_PLUS_PINNED_NATIVE_LOOP
FULL8,52,second_fit,5152,1,0,COMPLETED_STDOUT_ORDER_PLUS_PINNED_NATIVE_LOOP
FULL8,52,second_fit,5153,1,0,COMPLETED_STDOUT_ORDER_PLUS_PINNED_NATIVE_LOOP
FULL8,52,second_fit,5154,1,0,COMPLETED_STDOUT_ORDER_PLUS_PINNED_NATIVE_LOOP
FULL8,52,second_fit,5155,1,0,COMPLETED_STDOUT_ORDER_PLUS_PINNED_NATIVE_LOOP
FULL8,52,second_fit,5156,1,0,COMPLETED_STDOUT_ORDER_PLUS_PINNED_NATIVE_LOOP
FULL8,52,second_fit,5157,1,0,COMPLETED_STDOUT_ORDER_PLUS_PINNED_NATIVE_LOOP
FULL8,52,second_fit,5158,1,0,COMPLETED_STDOUT_ORDER_PLUS_PINNED_NATIVE_LOOP
FULL8,52,second_fit,5159,1,0,COMPLETED_STDOUT_ORDER_PLUS_PINNED_NATIVE_LOOP
FULL8,52,second_fit,5160,1,0,COMPLETED_STDOUT_ORDER_PLUS_PINNED_NATIVE_LOOP
FULL8,52,second_fit,5161,1,0,COMPLETED_STDOUT_ORDER_PLUS_PINNED_NATIVE_LOOP
FULL8,52,second_fit,5162,1,0,COMPLETED_STDOUT_ORDER_PLUS_PINNED_NATIVE_LOOP
FULL8,52,second_fit,5163,1,0,COMPLETED_STDOUT_ORDER_PLUS_PINNED_NATIVE_LOOP
FULL8,52,second_fit,5164,1,0,COMPLETED_STDOUT_ORDER_PLUS_PINNED_NATIVE_LOOP
FULL8,52,second_fit,5165,1,0,COMPLETED_STDOUT_ORDER_PLUS_PINNED_NATIVE_LOOP
FULL8,52,second_fit,5166,1,0,COMPLETED_STDOUT_ORDER_PLUS_PINNED_NATIVE_LOOP
FULL8,52,second_fit,5167,1,0,COMPLETED_STDOUT_ORDER_PLUS_PINNED_NATIVE_LOOP
FULL8,52,second_fit,5168,1,0,COMPLETED_STDOUT_ORDER_PLUS_PINNED_NATIVE_LOOP
FULL8,52,second_fit,5169,1,0,COMPLETED_STDOUT_ORDER_PLUS_PINNED_NATIVE_LOOP
FULL8,52,second_fit,5170,1,0,COMPLETED_STDOUT_ORDER_PLUS_PINNED_NATIVE_LOOP
FULL8,52,second_fit,5171,1,0,COMPLETED_STDOUT_ORDER_PLUS_PINNED_NATIVE_LOOP
FULL8,52,second_fit,5172,1,0,COMPLETED_STDOUT_ORDER_PLUS_PINNED_NATIVE_LOOP
FULL8,52,second_fit,5173,1,0,COMPLETED_STDOUT_ORDER_PLUS_PINNED_NATIVE_LOOP
FULL8,52,second_fit,5174,1,0,COMPLETED_STDOUT_ORDER_PLUS_PINNED_NATIVE_LOOP
FULL8,52,second_fit,5175,1,0,COMPLETED_STDOUT_ORDER_PLUS_PINNED_NATIVE_LOOP
FULL8,52,second_fit,5176,1,0,COMPLETED_STDOUT_ORDER_PLUS_PINNED_NATIVE_LOOP
FULL8,52,second_fit,5177,1,0,COMPLETED_STDOUT_ORDER_PLUS_PINNED_NATIVE_LOOP
FULL8,52,second_fit,5178,1,0,COMPLETED_STDOUT_ORDER_PLUS_PINNED_NATIVE_LOOP
FULL8,52,second_fit,5179,1,0,COMPLETED_STDOUT_ORDER_PLUS_PINNED_NATIVE_LOOP
FULL8,52,second_fit,5180,1,0,COMPLETED_STDOUT_ORDER_PLUS_PINNED_NATIVE_LOOP
FULL8,52,second_fit,5181,1,0,COMPLETED_STDOUT_ORDER_PLUS_PINNED_NATIVE_LOOP
FULL8,52,second_fit,5182,1,0,COMPLETED_STDOUT_ORDER_PLUS_PINNED_NATIVE_LOOP
FULL8,52,second_fit,5183,1,0,COMPLETED_STDOUT_ORDER_PLUS_PINNED_NATIVE_LOOP
FULL8,52,second_fit,5184,1,0,COMPLETED_STDOUT_ORDER_PLUS_PINNED_NATIVE_LOOP
FULL8,52,second_fit,5185,1,0,COMPLETED_STDOUT_ORDER_PLUS_PINNED_NATIVE_LOOP
FULL8,52,second_fit,5186,1,0,COMPLETED_STDOUT_ORDER_PLUS_PINNED_NATIVE_LOOP
FULL8,52,second_fit,5187,1,0,COMPLETED_STDOUT_ORDER_PLUS_PINNED_NATIVE_LOOP
FULL8,52,second_fit,5188,1,0,COMPLETED_STDOUT_ORDER_PLUS_PINNED_NATIVE_LOOP
FULL8,52,second_fit,5189,1,0,COMPLETED_STDOUT_ORDER_PLUS_PINNED_NATIVE_LOOP
FULL8,52,second_fit,5190,1,0,COMPLETED_STDOUT_ORDER_PLUS_PINNED_NATIVE_LOOP
FULL8,52,second_fit,5191,1,0,COMPLETED_STDOUT_ORDER_PLUS_PINNED_NATIVE_LOOP
FULL8,52,second_fit,5192,1,0,COMPLETED_STDOUT_ORDER_PLUS_PINNED_NATIVE_LOOP
FULL8,52,second_fit,5193,1,0,COMPLETED_STDOUT_ORDER_PLUS_PINNED_NATIVE_LOOP
FULL8,52,second_fit,5194,1,0,COMPLETED_STDOUT_ORDER_PLUS_PINNED_NATIVE_LOOP
FULL8,52,second_fit,5195,1,0,COMPLETED_STDOUT_ORDER_PLUS_PINNED_NATIVE_LOOP
FULL8,52,second_fit,5196,1,0,COMPLETED_STDOUT_ORDER_PLUS_PINNED_NATIVE_LOOP
FULL8,52,second_fit,5197,1,0,COMPLETED_STDOUT_ORDER_PLUS_PINNED_NATIVE_LOOP
FULL8,52,second_fit,5198,1,0,COMPLETED_STDOUT_ORDER_PLUS_PINNED_NATIVE_LOOP
FULL8,52,second_fit,5199,1,0,COMPLETED_STDOUT_ORDER_PLUS_PINNED_NATIVE_LOOP
FULL8,53,first_fit,5200,25,24,COMPLETED_STDOUT_ORDER_PLUS_PINNED_NATIVE_LOOP
FULL8,53,first_fit,5201,25,24,COMPLETED_STDOUT_ORDER_PLUS_PINNED_NATIVE_LOOP
FULL8,53,first_fit,5202,25,24,COMPLETED_STDOUT_ORDER_PLUS_PINNED_NATIVE_LOOP
FULL8,53,first_fit,5203,25,24,COMPLETED_STDOUT_ORDER_PLUS_PINNED_NATIVE_LOOP
FULL8,53,first_fit,5204,25,24,COMPLETED_STDOUT_ORDER_PLUS_PINNED_NATIVE_LOOP
FULL8,53,first_fit,5205,25,24,COMPLETED_STDOUT_ORDER_PLUS_PINNED_NATIVE_LOOP
FULL8,53,first_fit,5206,25,24,COMPLETED_STDOUT_ORDER_PLUS_PINNED_NATIVE_LOOP
FULL8,53,first_fit,5207,25,24,COMPLETED_STDOUT_ORDER_PLUS_PINNED_NATIVE_LOOP
FULL8,53,first_fit,5208,25,24,COMPLETED_STDOUT_ORDER_PLUS_PINNED_NATIVE_LOOP
FULL8,53,first_fit,5209,25,24,COMPLETED_STDOUT_ORDER_PLUS_PINNED_NATIVE_LOOP
FULL8,53,first_fit,5210,25,24,COMPLETED_STDOUT_ORDER_PLUS_PINNED_NATIVE_LOOP
FULL8,53,first_fit,5211,25,24,COMPLETED_STDOUT_ORDER_PLUS_PINNED_NATIVE_LOOP
FULL8,53,first_fit,5212,25,24,COMPLETED_STDOUT_ORDER_PLUS_PINNED_NATIVE_LOOP
FULL8,53,first_fit,5213,25,24,COMPLETED_STDOUT_ORDER_PLUS_PINNED_NATIVE_LOOP
FULL8,53,first_fit,5214,25,24,COMPLETED_STDOUT_ORDER_PLUS_PINNED_NATIVE_LOOP
FULL8,53,first_fit,5215,25,24,COMPLETED_STDOUT_ORDER_PLUS_PINNED_NATIVE_LOOP
FULL8,53,first_fit,5216,25,24,COMPLETED_STDOUT_ORDER_PLUS_PINNED_NATIVE_LOOP
FULL8,53,first_fit,5217,25,24,COMPLETED_STDOUT_ORDER_PLUS_PINNED_NATIVE_LOOP
FULL8,53,first_fit,5218,25,24,COMPLETED_STDOUT_ORDER_PLUS_PINNED_NATIVE_LOOP
FULL8,53,first_fit,5219,25,24,COMPLETED_STDOUT_ORDER_PLUS_PINNED_NATIVE_LOOP
FULL8,53,first_fit,5220,25,24,COMPLETED_STDOUT_ORDER_PLUS_PINNED_NATIVE_LOOP
FULL8,53,first_fit,5221,25,24,COMPLETED_STDOUT_ORDER_PLUS_PINNED_NATIVE_LOOP
FULL8,53,first_fit,5222,25,24,COMPLETED_STDOUT_ORDER_PLUS_PINNED_NATIVE_LOOP
FULL8,53,first_fit,5223,25,24,COMPLETED_STDOUT_ORDER_PLUS_PINNED_NATIVE_LOOP
FULL8,53,first_fit,5224,25,24,COMPLETED_STDOUT_ORDER_PLUS_PINNED_NATIVE_LOOP
FULL8,53,first_fit,5225,25,24,COMPLETED_STDOUT_ORDER_PLUS_PINNED_NATIVE_LOOP
FULL8,53,first_fit,5226,25,24,COMPLETED_STDOUT_ORDER_PLUS_PINNED_NATIVE_LOOP
FULL8,53,first_fit,5227,25,24,COMPLETED_STDOUT_ORDER_PLUS_PINNED_NATIVE_LOOP
FULL8,53,first_fit,5228,25,24,COMPLETED_STDOUT_ORDER_PLUS_PINNED_NATIVE_LOOP
FULL8,53,first_fit,5229,25,24,COMPLETED_STDOUT_ORDER_PLUS_PINNED_NATIVE_LOOP
FULL8,53,first_fit,5230,25,24,COMPLETED_STDOUT_ORDER_PLUS_PINNED_NATIVE_LOOP
FULL8,53,first_fit,5231,25,24,COMPLETED_STDOUT_ORDER_PLUS_PINNED_NATIVE_LOOP
FULL8,53,first_fit,5232,25,24,COMPLETED_STDOUT_ORDER_PLUS_PINNED_NATIVE_LOOP
FULL8,53,first_fit,5233,25,24,COMPLETED_STDOUT_ORDER_PLUS_PINNED_NATIVE_LOOP
FULL8,53,first_fit,5234,25,24,COMPLETED_STDOUT_ORDER_PLUS_PINNED_NATIVE_LOOP
FULL8,53,first_fit,5235,25,24,COMPLETED_STDOUT_ORDER_PLUS_PINNED_NATIVE_LOOP
FULL8,53,first_fit,5236,25,24,COMPLETED_STDOUT_ORDER_PLUS_PINNED_NATIVE_LOOP
FULL8,53,first_fit,5237,25,24,COMPLETED_STDOUT_ORDER_PLUS_PINNED_NATIVE_LOOP
FULL8,53,first_fit,5238,25,24,COMPLETED_STDOUT_ORDER_PLUS_PINNED_NATIVE_LOOP
FULL8,53,first_fit,5239,25,24,COMPLETED_STDOUT_ORDER_PLUS_PINNED_NATIVE_LOOP
FULL8,53,first_fit,5240,25,24,COMPLETED_STDOUT_ORDER_PLUS_PINNED_NATIVE_LOOP
FULL8,53,first_fit,5241,25,24,COMPLETED_STDOUT_ORDER_PLUS_PINNED_NATIVE_LOOP
FULL8,53,first_fit,5242,25,24,COMPLETED_STDOUT_ORDER_PLUS_PINNED_NATIVE_LOOP
FULL8,53,first_fit,5243,25,24,COMPLETED_STDOUT_ORDER_PLUS_PINNED_NATIVE_LOOP
FULL8,53,first_fit,5244,25,24,COMPLETED_STDOUT_ORDER_PLUS_PINNED_NATIVE_LOOP
FULL8,53,first_fit,5245,25,24,COMPLETED_STDOUT_ORDER_PLUS_PINNED_NATIVE_LOOP
FULL8,53,first_fit,5246,25,24,COMPLETED_STDOUT_ORDER_PLUS_PINNED_NATIVE_LOOP
FULL8,53,first_fit,5247,25,24,COMPLETED_STDOUT_ORDER_PLUS_PINNED_NATIVE_LOOP
FULL8,53,first_fit,5248,25,24,COMPLETED_STDOUT_ORDER_PLUS_PINNED_NATIVE_LOOP
FULL8,53,first_fit,5249,25,24,COMPLETED_STDOUT_ORDER_PLUS_PINNED_NATIVE_LOOP
FULL8,53,first_fit,5250,25,24,COMPLETED_STDOUT_ORDER_PLUS_PINNED_NATIVE_LOOP
FULL8,53,first_fit,5251,25,24,COMPLETED_STDOUT_ORDER_PLUS_PINNED_NATIVE_LOOP
FULL8,53,first_fit,5252,25,24,COMPLETED_STDOUT_ORDER_PLUS_PINNED_NATIVE_LOOP
FULL8,53,first_fit,5253,25,24,COMPLETED_STDOUT_ORDER_PLUS_PINNED_NATIVE_LOOP
FULL8,53,first_fit,5254,25,24,COMPLETED_STDOUT_ORDER_PLUS_PINNED_NATIVE_LOOP
FULL8,53,first_fit,5255,25,24,COMPLETED_STDOUT_ORDER_PLUS_PINNED_NATIVE_LOOP
FULL8,53,first_fit,5256,25,24,COMPLETED_STDOUT_ORDER_PLUS_PINNED_NATIVE_LOOP
FULL8,53,first_fit,5257,25,24,COMPLETED_STDOUT_ORDER_PLUS_PINNED_NATIVE_LOOP
FULL8,53,first_fit,5258,25,24,COMPLETED_STDOUT_ORDER_PLUS_PINNED_NATIVE_LOOP
FULL8,53,first_fit,5259,25,24,COMPLETED_STDOUT_ORDER_PLUS_PINNED_NATIVE_LOOP
FULL8,53,first_fit,5260,25,24,COMPLETED_STDOUT_ORDER_PLUS_PINNED_NATIVE_LOOP
FULL8,53,first_fit,5261,25,24,COMPLETED_STDOUT_ORDER_PLUS_PINNED_NATIVE_LOOP
FULL8,53,first_fit,5262,25,24,COMPLETED_STDOUT_ORDER_PLUS_PINNED_NATIVE_LOOP
FULL8,53,first_fit,5263,25,24,COMPLETED_STDOUT_ORDER_PLUS_PINNED_NATIVE_LOOP
FULL8,53,first_fit,5264,25,24,COMPLETED_STDOUT_ORDER_PLUS_PINNED_NATIVE_LOOP
FULL8,53,first_fit,5265,25,24,COMPLETED_STDOUT_ORDER_PLUS_PINNED_NATIVE_LOOP
FULL8,53,first_fit,5266,25,24,COMPLETED_STDOUT_ORDER_PLUS_PINNED_NATIVE_LOOP
FULL8,53,first_fit,5267,25,24,COMPLETED_STDOUT_ORDER_PLUS_PINNED_NATIVE_LOOP
FULL8,53,first_fit,5268,25,24,COMPLETED_STDOUT_ORDER_PLUS_PINNED_NATIVE_LOOP
FULL8,53,first_fit,5269,25,24,COMPLETED_STDOUT_ORDER_PLUS_PINNED_NATIVE_LOOP
FULL8,53,first_fit,5270,25,24,COMPLETED_STDOUT_ORDER_PLUS_PINNED_NATIVE_LOOP
FULL8,53,first_fit,5271,25,24,COMPLETED_STDOUT_ORDER_PLUS_PINNED_NATIVE_LOOP
FULL8,53,first_fit,5272,25,24,COMPLETED_STDOUT_ORDER_PLUS_PINNED_NATIVE_LOOP
FULL8,53,first_fit,5273,25,24,COMPLETED_STDOUT_ORDER_PLUS_PINNED_NATIVE_LOOP
FULL8,53,first_fit,5274,25,24,COMPLETED_STDOUT_ORDER_PLUS_PINNED_NATIVE_LOOP
FULL8,53,first_fit,5275,25,24,COMPLETED_STDOUT_ORDER_PLUS_PINNED_NATIVE_LOOP
FULL8,53,first_fit,5276,25,24,COMPLETED_STDOUT_ORDER_PLUS_PINNED_NATIVE_LOOP
FULL8,53,first_fit,5277,25,24,COMPLETED_STDOUT_ORDER_PLUS_PINNED_NATIVE_LOOP
FULL8,53,first_fit,5278,25,24,COMPLETED_STDOUT_ORDER_PLUS_PINNED_NATIVE_LOOP
FULL8,53,first_fit,5279,25,24,COMPLETED_STDOUT_ORDER_PLUS_PINNED_NATIVE_LOOP
FULL8,53,first_fit,5280,25,24,COMPLETED_STDOUT_ORDER_PLUS_PINNED_NATIVE_LOOP
FULL8,53,first_fit,5281,25,24,COMPLETED_STDOUT_ORDER_PLUS_PINNED_NATIVE_LOOP
FULL8,53,first_fit,5282,25,24,COMPLETED_STDOUT_ORDER_PLUS_PINNED_NATIVE_LOOP
FULL8,53,first_fit,5283,25,24,COMPLETED_STDOUT_ORDER_PLUS_PINNED_NATIVE_LOOP
FULL8,53,first_fit,5284,25,24,COMPLETED_STDOUT_ORDER_PLUS_PINNED_NATIVE_LOOP
FULL8,53,first_fit,5285,25,24,COMPLETED_STDOUT_ORDER_PLUS_PINNED_NATIVE_LOOP
FULL8,53,first_fit,5286,25,24,COMPLETED_STDOUT_ORDER_PLUS_PINNED_NATIVE_LOOP
FULL8,53,first_fit,5287,25,24,COMPLETED_STDOUT_ORDER_PLUS_PINNED_NATIVE_LOOP
FULL8,53,first_fit,5288,25,24,COMPLETED_STDOUT_ORDER_PLUS_PINNED_NATIVE_LOOP
FULL8,53,first_fit,5289,25,24,COMPLETED_STDOUT_ORDER_PLUS_PINNED_NATIVE_LOOP
FULL8,53,first_fit,5290,25,24,COMPLETED_STDOUT_ORDER_PLUS_PINNED_NATIVE_LOOP
FULL8,53,first_fit,5291,25,24,COMPLETED_STDOUT_ORDER_PLUS_PINNED_NATIVE_LOOP
FULL8,53,first_fit,5292,25,24,COMPLETED_STDOUT_ORDER_PLUS_PINNED_NATIVE_LOOP
FULL8,53,first_fit,5293,25,24,COMPLETED_STDOUT_ORDER_PLUS_PINNED_NATIVE_LOOP
FULL8,53,first_fit,5294,25,24,COMPLETED_STDOUT_ORDER_PLUS_PINNED_NATIVE_LOOP
FULL8,53,first_fit,5295,25,24,COMPLETED_STDOUT_ORDER_PLUS_PINNED_NATIVE_LOOP
FULL8,53,first_fit,5296,25,24,COMPLETED_STDOUT_ORDER_PLUS_PINNED_NATIVE_LOOP
FULL8,53,first_fit,5297,25,24,COMPLETED_STDOUT_ORDER_PLUS_PINNED_NATIVE_LOOP
FULL8,53,first_fit,5298,25,24,COMPLETED_STDOUT_ORDER_PLUS_PINNED_NATIVE_LOOP
FULL8,53,first_fit,5299,25,24,COMPLETED_STDOUT_ORDER_PLUS_PINNED_NATIVE_LOOP
FULL8,53,second_fit,5200,1,0,COMPLETED_STDOUT_ORDER_PLUS_PINNED_NATIVE_LOOP
FULL8,53,second_fit,5201,1,0,COMPLETED_STDOUT_ORDER_PLUS_PINNED_NATIVE_LOOP
FULL8,53,second_fit,5202,1,0,COMPLETED_STDOUT_ORDER_PLUS_PINNED_NATIVE_LOOP
FULL8,53,second_fit,5203,1,0,COMPLETED_STDOUT_ORDER_PLUS_PINNED_NATIVE_LOOP
FULL8,53,second_fit,5204,1,0,COMPLETED_STDOUT_ORDER_PLUS_PINNED_NATIVE_LOOP
FULL8,53,second_fit,5205,1,0,COMPLETED_STDOUT_ORDER_PLUS_PINNED_NATIVE_LOOP
FULL8,53,second_fit,5206,1,0,COMPLETED_STDOUT_ORDER_PLUS_PINNED_NATIVE_LOOP
FULL8,53,second_fit,5207,1,0,COMPLETED_STDOUT_ORDER_PLUS_PINNED_NATIVE_LOOP
FULL8,53,second_fit,5208,1,0,COMPLETED_STDOUT_ORDER_PLUS_PINNED_NATIVE_LOOP
FULL8,53,second_fit,5209,1,0,COMPLETED_STDOUT_ORDER_PLUS_PINNED_NATIVE_LOOP
FULL8,53,second_fit,5210,1,0,COMPLETED_STDOUT_ORDER_PLUS_PINNED_NATIVE_LOOP
FULL8,53,second_fit,5211,1,0,COMPLETED_STDOUT_ORDER_PLUS_PINNED_NATIVE_LOOP
FULL8,53,second_fit,5212,1,0,COMPLETED_STDOUT_ORDER_PLUS_PINNED_NATIVE_LOOP
FULL8,53,second_fit,5213,1,0,COMPLETED_STDOUT_ORDER_PLUS_PINNED_NATIVE_LOOP
FULL8,53,second_fit,5214,1,0,COMPLETED_STDOUT_ORDER_PLUS_PINNED_NATIVE_LOOP
FULL8,53,second_fit,5215,25,24,COMPLETED_STDOUT_ORDER_PLUS_PINNED_NATIVE_LOOP
FULL8,53,second_fit,5216,1,0,COMPLETED_STDOUT_ORDER_PLUS_PINNED_NATIVE_LOOP
FULL8,53,second_fit,5217,1,0,COMPLETED_STDOUT_ORDER_PLUS_PINNED_NATIVE_LOOP
FULL8,53,second_fit,5218,1,0,COMPLETED_STDOUT_ORDER_PLUS_PINNED_NATIVE_LOOP
FULL8,53,second_fit,5219,1,0,COMPLETED_STDOUT_ORDER_PLUS_PINNED_NATIVE_LOOP
FULL8,53,second_fit,5220,1,0,COMPLETED_STDOUT_ORDER_PLUS_PINNED_NATIVE_LOOP
FULL8,53,second_fit,5221,1,0,COMPLETED_STDOUT_ORDER_PLUS_PINNED_NATIVE_LOOP
FULL8,53,second_fit,5222,1,0,COMPLETED_STDOUT_ORDER_PLUS_PINNED_NATIVE_LOOP
FULL8,53,second_fit,5223,1,0,COMPLETED_STDOUT_ORDER_PLUS_PINNED_NATIVE_LOOP
FULL8,53,second_fit,5224,1,0,COMPLETED_STDOUT_ORDER_PLUS_PINNED_NATIVE_LOOP
FULL8,53,second_fit,5225,1,0,COMPLETED_STDOUT_ORDER_PLUS_PINNED_NATIVE_LOOP
FULL8,53,second_fit,5226,1,0,COMPLETED_STDOUT_ORDER_PLUS_PINNED_NATIVE_LOOP
FULL8,53,second_fit,5227,1,0,COMPLETED_STDOUT_ORDER_PLUS_PINNED_NATIVE_LOOP
FULL8,53,second_fit,5228,1,0,COMPLETED_STDOUT_ORDER_PLUS_PINNED_NATIVE_LOOP
FULL8,53,second_fit,5229,1,0,COMPLETED_STDOUT_ORDER_PLUS_PINNED_NATIVE_LOOP
FULL8,53,second_fit,5230,1,0,COMPLETED_STDOUT_ORDER_PLUS_PINNED_NATIVE_LOOP
FULL8,53,second_fit,5231,1,0,COMPLETED_STDOUT_ORDER_PLUS_PINNED_NATIVE_LOOP
FULL8,53,second_fit,5232,1,0,COMPLETED_STDOUT_ORDER_PLUS_PINNED_NATIVE_LOOP
FULL8,53,second_fit,5233,1,0,COMPLETED_STDOUT_ORDER_PLUS_PINNED_NATIVE_LOOP
FULL8,53,second_fit,5234,25,24,COMPLETED_STDOUT_ORDER_PLUS_PINNED_NATIVE_LOOP
FULL8,53,second_fit,5235,1,0,COMPLETED_STDOUT_ORDER_PLUS_PINNED_NATIVE_LOOP
FULL8,53,second_fit,5236,1,0,COMPLETED_STDOUT_ORDER_PLUS_PINNED_NATIVE_LOOP
FULL8,53,second_fit,5237,1,0,COMPLETED_STDOUT_ORDER_PLUS_PINNED_NATIVE_LOOP
FULL8,53,second_fit,5238,1,0,COMPLETED_STDOUT_ORDER_PLUS_PINNED_NATIVE_LOOP
FULL8,53,second_fit,5239,1,0,COMPLETED_STDOUT_ORDER_PLUS_PINNED_NATIVE_LOOP
FULL8,53,second_fit,5240,1,0,COMPLETED_STDOUT_ORDER_PLUS_PINNED_NATIVE_LOOP
FULL8,53,second_fit,5241,25,24,COMPLETED_STDOUT_ORDER_PLUS_PINNED_NATIVE_LOOP
FULL8,53,second_fit,5242,1,0,COMPLETED_STDOUT_ORDER_PLUS_PINNED_NATIVE_LOOP
FULL8,53,second_fit,5243,1,0,COMPLETED_STDOUT_ORDER_PLUS_PINNED_NATIVE_LOOP
FULL8,53,second_fit,5244,1,0,COMPLETED_STDOUT_ORDER_PLUS_PINNED_NATIVE_LOOP
FULL8,53,second_fit,5245,1,0,COMPLETED_STDOUT_ORDER_PLUS_PINNED_NATIVE_LOOP
FULL8,53,second_fit,5246,1,0,COMPLETED_STDOUT_ORDER_PLUS_PINNED_NATIVE_LOOP
FULL8,53,second_fit,5247,1,0,COMPLETED_STDOUT_ORDER_PLUS_PINNED_NATIVE_LOOP
FULL8,53,second_fit,5248,1,0,COMPLETED_STDOUT_ORDER_PLUS_PINNED_NATIVE_LOOP
FULL8,53,second_fit,5249,1,0,COMPLETED_STDOUT_ORDER_PLUS_PINNED_NATIVE_LOOP
FULL8,53,second_fit,5250,1,0,COMPLETED_STDOUT_ORDER_PLUS_PINNED_NATIVE_LOOP
FULL8,53,second_fit,5251,1,0,COMPLETED_STDOUT_ORDER_PLUS_PINNED_NATIVE_LOOP
FULL8,53,second_fit,5252,1,0,COMPLETED_STDOUT_ORDER_PLUS_PINNED_NATIVE_LOOP
FULL8,53,second_fit,5253,1,0,COMPLETED_STDOUT_ORDER_PLUS_PINNED_NATIVE_LOOP
FULL8,53,second_fit,5254,1,0,COMPLETED_STDOUT_ORDER_PLUS_PINNED_NATIVE_LOOP
FULL8,53,second_fit,5255,1,0,COMPLETED_STDOUT_ORDER_PLUS_PINNED_NATIVE_LOOP
FULL8,53,second_fit,5256,1,0,COMPLETED_STDOUT_ORDER_PLUS_PINNED_NATIVE_LOOP
FULL8,53,second_fit,5257,1,0,COMPLETED_STDOUT_ORDER_PLUS_PINNED_NATIVE_LOOP
FULL8,53,second_fit,5258,1,0,COMPLETED_STDOUT_ORDER_PLUS_PINNED_NATIVE_LOOP
FULL8,53,second_fit,5259,1,0,COMPLETED_STDOUT_ORDER_PLUS_PINNED_NATIVE_LOOP
FULL8,53,second_fit,5260,1,0,COMPLETED_STDOUT_ORDER_PLUS_PINNED_NATIVE_LOOP
FULL8,53,second_fit,5261,1,0,COMPLETED_STDOUT_ORDER_PLUS_PINNED_NATIVE_LOOP
FULL8,53,second_fit,5262,1,0,COMPLETED_STDOUT_ORDER_PLUS_PINNED_NATIVE_LOOP
FULL8,53,second_fit,5263,1,0,COMPLETED_STDOUT_ORDER_PLUS_PINNED_NATIVE_LOOP
FULL8,53,second_fit,5264,1,0,COMPLETED_STDOUT_ORDER_PLUS_PINNED_NATIVE_LOOP
FULL8,53,second_fit,5265,1,0,COMPLETED_STDOUT_ORDER_PLUS_PINNED_NATIVE_LOOP
FULL8,53,second_fit,5266,1,0,COMPLETED_STDOUT_ORDER_PLUS_PINNED_NATIVE_LOOP
FULL8,53,second_fit,5267,25,24,COMPLETED_STDOUT_ORDER_PLUS_PINNED_NATIVE_LOOP
FULL8,53,second_fit,5268,1,0,COMPLETED_STDOUT_ORDER_PLUS_PINNED_NATIVE_LOOP
FULL8,53,second_fit,5269,1,0,COMPLETED_STDOUT_ORDER_PLUS_PINNED_NATIVE_LOOP
FULL8,53,second_fit,5270,1,0,COMPLETED_STDOUT_ORDER_PLUS_PINNED_NATIVE_LOOP
FULL8,53,second_fit,5271,1,0,COMPLETED_STDOUT_ORDER_PLUS_PINNED_NATIVE_LOOP
FULL8,53,second_fit,5272,1,0,COMPLETED_STDOUT_ORDER_PLUS_PINNED_NATIVE_LOOP
FULL8,53,second_fit,5273,1,0,COMPLETED_STDOUT_ORDER_PLUS_PINNED_NATIVE_LOOP
FULL8,53,second_fit,5274,1,0,COMPLETED_STDOUT_ORDER_PLUS_PINNED_NATIVE_LOOP
FULL8,53,second_fit,5275,1,0,COMPLETED_STDOUT_ORDER_PLUS_PINNED_NATIVE_LOOP
FULL8,53,second_fit,5276,1,0,COMPLETED_STDOUT_ORDER_PLUS_PINNED_NATIVE_LOOP
FULL8,53,second_fit,5277,1,0,COMPLETED_STDOUT_ORDER_PLUS_PINNED_NATIVE_LOOP
FULL8,53,second_fit,5278,1,0,COMPLETED_STDOUT_ORDER_PLUS_PINNED_NATIVE_LOOP
FULL8,53,second_fit,5279,1,0,COMPLETED_STDOUT_ORDER_PLUS_PINNED_NATIVE_LOOP
FULL8,53,second_fit,5280,1,0,COMPLETED_STDOUT_ORDER_PLUS_PINNED_NATIVE_LOOP
FULL8,53,second_fit,5281,1,0,COMPLETED_STDOUT_ORDER_PLUS_PINNED_NATIVE_LOOP
FULL8,53,second_fit,5282,1,0,COMPLETED_STDOUT_ORDER_PLUS_PINNED_NATIVE_LOOP
FULL8,53,second_fit,5283,1,0,COMPLETED_STDOUT_ORDER_PLUS_PINNED_NATIVE_LOOP
FULL8,53,second_fit,5284,1,0,COMPLETED_STDOUT_ORDER_PLUS_PINNED_NATIVE_LOOP
FULL8,53,second_fit,5285,1,0,COMPLETED_STDOUT_ORDER_PLUS_PINNED_NATIVE_LOOP
FULL8,53,second_fit,5286,1,0,COMPLETED_STDOUT_ORDER_PLUS_PINNED_NATIVE_LOOP
FULL8,53,second_fit,5287,1,0,COMPLETED_STDOUT_ORDER_PLUS_PINNED_NATIVE_LOOP
FULL8,53,second_fit,5288,25,24,COMPLETED_STDOUT_ORDER_PLUS_PINNED_NATIVE_LOOP
FULL8,53,second_fit,5289,1,0,COMPLETED_STDOUT_ORDER_PLUS_PINNED_NATIVE_LOOP
FULL8,53,second_fit,5290,1,0,COMPLETED_STDOUT_ORDER_PLUS_PINNED_NATIVE_LOOP
FULL8,53,second_fit,5291,1,0,COMPLETED_STDOUT_ORDER_PLUS_PINNED_NATIVE_LOOP
FULL8,53,second_fit,5292,1,0,COMPLETED_STDOUT_ORDER_PLUS_PINNED_NATIVE_LOOP
FULL8,53,second_fit,5293,1,0,COMPLETED_STDOUT_ORDER_PLUS_PINNED_NATIVE_LOOP
FULL8,53,second_fit,5294,1,0,COMPLETED_STDOUT_ORDER_PLUS_PINNED_NATIVE_LOOP
FULL8,53,second_fit,5295,1,0,COMPLETED_STDOUT_ORDER_PLUS_PINNED_NATIVE_LOOP
FULL8,53,second_fit,5296,1,0,COMPLETED_STDOUT_ORDER_PLUS_PINNED_NATIVE_LOOP
FULL8,53,second_fit,5297,1,0,COMPLETED_STDOUT_ORDER_PLUS_PINNED_NATIVE_LOOP
FULL8,53,second_fit,5298,1,0,COMPLETED_STDOUT_ORDER_PLUS_PINNED_NATIVE_LOOP
FULL8,53,second_fit,5299,1,0,COMPLETED_STDOUT_ORDER_PLUS_PINNED_NATIVE_LOOP
FULL8,54,first_fit,5300,25,24,COMPLETED_STDOUT_ORDER_PLUS_PINNED_NATIVE_LOOP
FULL8,54,first_fit,5301,25,24,COMPLETED_STDOUT_ORDER_PLUS_PINNED_NATIVE_LOOP
FULL8,54,first_fit,5302,25,24,COMPLETED_STDOUT_ORDER_PLUS_PINNED_NATIVE_LOOP
FULL8,54,first_fit,5303,25,24,COMPLETED_STDOUT_ORDER_PLUS_PINNED_NATIVE_LOOP
FULL8,54,first_fit,5304,25,24,COMPLETED_STDOUT_ORDER_PLUS_PINNED_NATIVE_LOOP
FULL8,54,first_fit,5305,25,24,COMPLETED_STDOUT_ORDER_PLUS_PINNED_NATIVE_LOOP
FULL8,54,first_fit,5306,25,24,COMPLETED_STDOUT_ORDER_PLUS_PINNED_NATIVE_LOOP
FULL8,54,first_fit,5307,25,24,COMPLETED_STDOUT_ORDER_PLUS_PINNED_NATIVE_LOOP
FULL8,54,first_fit,5308,25,24,COMPLETED_STDOUT_ORDER_PLUS_PINNED_NATIVE_LOOP
FULL8,54,first_fit,5309,25,24,COMPLETED_STDOUT_ORDER_PLUS_PINNED_NATIVE_LOOP
FULL8,54,first_fit,5310,25,24,COMPLETED_STDOUT_ORDER_PLUS_PINNED_NATIVE_LOOP
FULL8,54,first_fit,5311,25,24,COMPLETED_STDOUT_ORDER_PLUS_PINNED_NATIVE_LOOP
FULL8,54,first_fit,5312,25,24,COMPLETED_STDOUT_ORDER_PLUS_PINNED_NATIVE_LOOP
FULL8,54,first_fit,5313,25,24,COMPLETED_STDOUT_ORDER_PLUS_PINNED_NATIVE_LOOP
FULL8,54,first_fit,5314,25,24,COMPLETED_STDOUT_ORDER_PLUS_PINNED_NATIVE_LOOP
FULL8,54,first_fit,5315,25,24,COMPLETED_STDOUT_ORDER_PLUS_PINNED_NATIVE_LOOP
FULL8,54,first_fit,5316,25,24,COMPLETED_STDOUT_ORDER_PLUS_PINNED_NATIVE_LOOP
FULL8,54,first_fit,5317,25,24,COMPLETED_STDOUT_ORDER_PLUS_PINNED_NATIVE_LOOP
FULL8,54,first_fit,5318,25,24,COMPLETED_STDOUT_ORDER_PLUS_PINNED_NATIVE_LOOP
FULL8,54,first_fit,5319,25,24,COMPLETED_STDOUT_ORDER_PLUS_PINNED_NATIVE_LOOP
FULL8,54,first_fit,5320,25,24,COMPLETED_STDOUT_ORDER_PLUS_PINNED_NATIVE_LOOP
FULL8,54,first_fit,5321,25,24,COMPLETED_STDOUT_ORDER_PLUS_PINNED_NATIVE_LOOP
FULL8,54,first_fit,5322,25,24,COMPLETED_STDOUT_ORDER_PLUS_PINNED_NATIVE_LOOP
FULL8,54,first_fit,5323,25,24,COMPLETED_STDOUT_ORDER_PLUS_PINNED_NATIVE_LOOP
FULL8,54,first_fit,5324,25,24,COMPLETED_STDOUT_ORDER_PLUS_PINNED_NATIVE_LOOP
FULL8,54,first_fit,5325,25,24,COMPLETED_STDOUT_ORDER_PLUS_PINNED_NATIVE_LOOP
FULL8,54,first_fit,5326,25,24,COMPLETED_STDOUT_ORDER_PLUS_PINNED_NATIVE_LOOP
FULL8,54,first_fit,5327,25,24,COMPLETED_STDOUT_ORDER_PLUS_PINNED_NATIVE_LOOP
FULL8,54,first_fit,5328,25,24,COMPLETED_STDOUT_ORDER_PLUS_PINNED_NATIVE_LOOP
FULL8,54,first_fit,5329,25,24,COMPLETED_STDOUT_ORDER_PLUS_PINNED_NATIVE_LOOP
FULL8,54,first_fit,5330,25,24,COMPLETED_STDOUT_ORDER_PLUS_PINNED_NATIVE_LOOP
FULL8,54,first_fit,5331,25,24,COMPLETED_STDOUT_ORDER_PLUS_PINNED_NATIVE_LOOP
FULL8,54,first_fit,5332,25,24,COMPLETED_STDOUT_ORDER_PLUS_PINNED_NATIVE_LOOP
FULL8,54,first_fit,5333,25,24,COMPLETED_STDOUT_ORDER_PLUS_PINNED_NATIVE_LOOP
FULL8,54,first_fit,5334,25,24,COMPLETED_STDOUT_ORDER_PLUS_PINNED_NATIVE_LOOP
FULL8,54,first_fit,5335,25,24,COMPLETED_STDOUT_ORDER_PLUS_PINNED_NATIVE_LOOP
FULL8,54,first_fit,5336,25,24,COMPLETED_STDOUT_ORDER_PLUS_PINNED_NATIVE_LOOP
FULL8,54,first_fit,5337,25,24,COMPLETED_STDOUT_ORDER_PLUS_PINNED_NATIVE_LOOP
FULL8,54,first_fit,5338,25,24,COMPLETED_STDOUT_ORDER_PLUS_PINNED_NATIVE_LOOP
FULL8,54,first_fit,5339,25,24,COMPLETED_STDOUT_ORDER_PLUS_PINNED_NATIVE_LOOP
FULL8,54,first_fit,5340,25,24,COMPLETED_STDOUT_ORDER_PLUS_PINNED_NATIVE_LOOP
FULL8,54,first_fit,5341,25,24,COMPLETED_STDOUT_ORDER_PLUS_PINNED_NATIVE_LOOP
FULL8,54,first_fit,5342,25,24,COMPLETED_STDOUT_ORDER_PLUS_PINNED_NATIVE_LOOP
FULL8,54,first_fit,5343,25,24,COMPLETED_STDOUT_ORDER_PLUS_PINNED_NATIVE_LOOP
FULL8,54,first_fit,5344,25,24,COMPLETED_STDOUT_ORDER_PLUS_PINNED_NATIVE_LOOP
FULL8,54,first_fit,5345,25,24,COMPLETED_STDOUT_ORDER_PLUS_PINNED_NATIVE_LOOP
FULL8,54,first_fit,5346,25,24,COMPLETED_STDOUT_ORDER_PLUS_PINNED_NATIVE_LOOP
FULL8,54,first_fit,5347,25,24,COMPLETED_STDOUT_ORDER_PLUS_PINNED_NATIVE_LOOP
FULL8,54,first_fit,5348,25,24,COMPLETED_STDOUT_ORDER_PLUS_PINNED_NATIVE_LOOP
FULL8,54,first_fit,5349,25,24,COMPLETED_STDOUT_ORDER_PLUS_PINNED_NATIVE_LOOP
FULL8,54,first_fit,5350,25,24,COMPLETED_STDOUT_ORDER_PLUS_PINNED_NATIVE_LOOP
FULL8,54,first_fit,5351,25,24,COMPLETED_STDOUT_ORDER_PLUS_PINNED_NATIVE_LOOP
FULL8,54,first_fit,5352,25,24,COMPLETED_STDOUT_ORDER_PLUS_PINNED_NATIVE_LOOP
FULL8,54,first_fit,5353,25,24,COMPLETED_STDOUT_ORDER_PLUS_PINNED_NATIVE_LOOP
FULL8,54,first_fit,5354,25,24,COMPLETED_STDOUT_ORDER_PLUS_PINNED_NATIVE_LOOP
FULL8,54,first_fit,5355,25,24,COMPLETED_STDOUT_ORDER_PLUS_PINNED_NATIVE_LOOP
FULL8,54,first_fit,5356,25,24,COMPLETED_STDOUT_ORDER_PLUS_PINNED_NATIVE_LOOP
FULL8,54,first_fit,5357,25,24,COMPLETED_STDOUT_ORDER_PLUS_PINNED_NATIVE_LOOP
FULL8,54,first_fit,5358,25,24,COMPLETED_STDOUT_ORDER_PLUS_PINNED_NATIVE_LOOP
FULL8,54,first_fit,5359,25,24,COMPLETED_STDOUT_ORDER_PLUS_PINNED_NATIVE_LOOP
FULL8,54,first_fit,5360,25,24,COMPLETED_STDOUT_ORDER_PLUS_PINNED_NATIVE_LOOP
FULL8,54,first_fit,5361,25,24,COMPLETED_STDOUT_ORDER_PLUS_PINNED_NATIVE_LOOP
FULL8,54,first_fit,5362,25,24,COMPLETED_STDOUT_ORDER_PLUS_PINNED_NATIVE_LOOP
FULL8,54,first_fit,5363,25,24,COMPLETED_STDOUT_ORDER_PLUS_PINNED_NATIVE_LOOP
FULL8,54,first_fit,5364,25,24,COMPLETED_STDOUT_ORDER_PLUS_PINNED_NATIVE_LOOP
FULL8,54,first_fit,5365,25,24,COMPLETED_STDOUT_ORDER_PLUS_PINNED_NATIVE_LOOP
FULL8,54,first_fit,5366,25,24,COMPLETED_STDOUT_ORDER_PLUS_PINNED_NATIVE_LOOP
FULL8,54,first_fit,5367,25,24,COMPLETED_STDOUT_ORDER_PLUS_PINNED_NATIVE_LOOP
FULL8,54,first_fit,5368,25,24,COMPLETED_STDOUT_ORDER_PLUS_PINNED_NATIVE_LOOP
FULL8,54,first_fit,5369,25,24,COMPLETED_STDOUT_ORDER_PLUS_PINNED_NATIVE_LOOP
FULL8,54,first_fit,5370,25,24,COMPLETED_STDOUT_ORDER_PLUS_PINNED_NATIVE_LOOP
FULL8,54,first_fit,5371,25,24,COMPLETED_STDOUT_ORDER_PLUS_PINNED_NATIVE_LOOP
FULL8,54,first_fit,5372,25,24,COMPLETED_STDOUT_ORDER_PLUS_PINNED_NATIVE_LOOP
FULL8,54,first_fit,5373,25,24,COMPLETED_STDOUT_ORDER_PLUS_PINNED_NATIVE_LOOP
FULL8,54,first_fit,5374,25,24,COMPLETED_STDOUT_ORDER_PLUS_PINNED_NATIVE_LOOP
FULL8,54,first_fit,5375,25,24,COMPLETED_STDOUT_ORDER_PLUS_PINNED_NATIVE_LOOP
FULL8,54,first_fit,5376,25,24,COMPLETED_STDOUT_ORDER_PLUS_PINNED_NATIVE_LOOP
FULL8,54,first_fit,5377,25,24,COMPLETED_STDOUT_ORDER_PLUS_PINNED_NATIVE_LOOP
FULL8,54,first_fit,5378,25,24,COMPLETED_STDOUT_ORDER_PLUS_PINNED_NATIVE_LOOP
FULL8,54,first_fit,5379,25,24,COMPLETED_STDOUT_ORDER_PLUS_PINNED_NATIVE_LOOP
FULL8,54,first_fit,5380,25,24,COMPLETED_STDOUT_ORDER_PLUS_PINNED_NATIVE_LOOP
FULL8,54,first_fit,5381,25,24,COMPLETED_STDOUT_ORDER_PLUS_PINNED_NATIVE_LOOP
FULL8,54,first_fit,5382,25,24,COMPLETED_STDOUT_ORDER_PLUS_PINNED_NATIVE_LOOP
FULL8,54,first_fit,5383,25,24,COMPLETED_STDOUT_ORDER_PLUS_PINNED_NATIVE_LOOP
FULL8,54,first_fit,5384,25,24,COMPLETED_STDOUT_ORDER_PLUS_PINNED_NATIVE_LOOP
FULL8,54,first_fit,5385,25,24,COMPLETED_STDOUT_ORDER_PLUS_PINNED_NATIVE_LOOP
FULL8,54,first_fit,5386,25,24,COMPLETED_STDOUT_ORDER_PLUS_PINNED_NATIVE_LOOP
FULL8,54,first_fit,5387,25,24,COMPLETED_STDOUT_ORDER_PLUS_PINNED_NATIVE_LOOP
FULL8,54,first_fit,5388,25,24,COMPLETED_STDOUT_ORDER_PLUS_PINNED_NATIVE_LOOP
FULL8,54,first_fit,5389,25,24,COMPLETED_STDOUT_ORDER_PLUS_PINNED_NATIVE_LOOP
FULL8,54,first_fit,5390,25,24,COMPLETED_STDOUT_ORDER_PLUS_PINNED_NATIVE_LOOP
FULL8,54,first_fit,5391,25,24,COMPLETED_STDOUT_ORDER_PLUS_PINNED_NATIVE_LOOP
FULL8,54,first_fit,5392,25,24,COMPLETED_STDOUT_ORDER_PLUS_PINNED_NATIVE_LOOP
FULL8,54,first_fit,5393,25,24,COMPLETED_STDOUT_ORDER_PLUS_PINNED_NATIVE_LOOP
FULL8,54,first_fit,5394,25,24,COMPLETED_STDOUT_ORDER_PLUS_PINNED_NATIVE_LOOP
FULL8,54,first_fit,5395,25,24,COMPLETED_STDOUT_ORDER_PLUS_PINNED_NATIVE_LOOP
FULL8,54,first_fit,5396,25,24,COMPLETED_STDOUT_ORDER_PLUS_PINNED_NATIVE_LOOP
FULL8,54,first_fit,5397,25,24,COMPLETED_STDOUT_ORDER_PLUS_PINNED_NATIVE_LOOP
FULL8,54,first_fit,5398,25,24,COMPLETED_STDOUT_ORDER_PLUS_PINNED_NATIVE_LOOP
FULL8,54,first_fit,5399,25,24,COMPLETED_STDOUT_ORDER_PLUS_PINNED_NATIVE_LOOP
FULL8,54,second_fit,5300,1,0,COMPLETED_STDOUT_ORDER_PLUS_PINNED_NATIVE_LOOP
FULL8,54,second_fit,5301,1,0,COMPLETED_STDOUT_ORDER_PLUS_PINNED_NATIVE_LOOP
FULL8,54,second_fit,5302,1,0,COMPLETED_STDOUT_ORDER_PLUS_PINNED_NATIVE_LOOP
FULL8,54,second_fit,5303,1,0,COMPLETED_STDOUT_ORDER_PLUS_PINNED_NATIVE_LOOP
FULL8,54,second_fit,5304,1,0,COMPLETED_STDOUT_ORDER_PLUS_PINNED_NATIVE_LOOP
FULL8,54,second_fit,5305,1,0,COMPLETED_STDOUT_ORDER_PLUS_PINNED_NATIVE_LOOP
FULL8,54,second_fit,5306,1,0,COMPLETED_STDOUT_ORDER_PLUS_PINNED_NATIVE_LOOP
FULL8,54,second_fit,5307,1,0,COMPLETED_STDOUT_ORDER_PLUS_PINNED_NATIVE_LOOP
FULL8,54,second_fit,5308,25,24,COMPLETED_STDOUT_ORDER_PLUS_PINNED_NATIVE_LOOP
FULL8,54,second_fit,5309,1,0,COMPLETED_STDOUT_ORDER_PLUS_PINNED_NATIVE_LOOP
FULL8,54,second_fit,5310,1,0,COMPLETED_STDOUT_ORDER_PLUS_PINNED_NATIVE_LOOP
FULL8,54,second_fit,5311,1,0,COMPLETED_STDOUT_ORDER_PLUS_PINNED_NATIVE_LOOP
FULL8,54,second_fit,5312,1,0,COMPLETED_STDOUT_ORDER_PLUS_PINNED_NATIVE_LOOP
FULL8,54,second_fit,5313,1,0,COMPLETED_STDOUT_ORDER_PLUS_PINNED_NATIVE_LOOP
FULL8,54,second_fit,5314,1,0,COMPLETED_STDOUT_ORDER_PLUS_PINNED_NATIVE_LOOP
FULL8,54,second_fit,5315,1,0,COMPLETED_STDOUT_ORDER_PLUS_PINNED_NATIVE_LOOP
FULL8,54,second_fit,5316,1,0,COMPLETED_STDOUT_ORDER_PLUS_PINNED_NATIVE_LOOP
FULL8,54,second_fit,5317,1,0,COMPLETED_STDOUT_ORDER_PLUS_PINNED_NATIVE_LOOP
FULL8,54,second_fit,5318,1,0,COMPLETED_STDOUT_ORDER_PLUS_PINNED_NATIVE_LOOP
FULL8,54,second_fit,5319,1,0,COMPLETED_STDOUT_ORDER_PLUS_PINNED_NATIVE_LOOP
FULL8,54,second_fit,5320,1,0,COMPLETED_STDOUT_ORDER_PLUS_PINNED_NATIVE_LOOP
FULL8,54,second_fit,5321,1,0,COMPLETED_STDOUT_ORDER_PLUS_PINNED_NATIVE_LOOP
FULL8,54,second_fit,5322,1,0,COMPLETED_STDOUT_ORDER_PLUS_PINNED_NATIVE_LOOP
FULL8,54,second_fit,5323,1,0,COMPLETED_STDOUT_ORDER_PLUS_PINNED_NATIVE_LOOP
FULL8,54,second_fit,5324,1,0,COMPLETED_STDOUT_ORDER_PLUS_PINNED_NATIVE_LOOP
FULL8,54,second_fit,5325,1,0,COMPLETED_STDOUT_ORDER_PLUS_PINNED_NATIVE_LOOP
FULL8,54,second_fit,5326,1,0,COMPLETED_STDOUT_ORDER_PLUS_PINNED_NATIVE_LOOP
FULL8,54,second_fit,5327,1,0,COMPLETED_STDOUT_ORDER_PLUS_PINNED_NATIVE_LOOP
FULL8,54,second_fit,5328,1,0,COMPLETED_STDOUT_ORDER_PLUS_PINNED_NATIVE_LOOP
FULL8,54,second_fit,5329,1,0,COMPLETED_STDOUT_ORDER_PLUS_PINNED_NATIVE_LOOP
FULL8,54,second_fit,5330,1,0,COMPLETED_STDOUT_ORDER_PLUS_PINNED_NATIVE_LOOP
FULL8,54,second_fit,5331,1,0,COMPLETED_STDOUT_ORDER_PLUS_PINNED_NATIVE_LOOP
FULL8,54,second_fit,5332,1,0,COMPLETED_STDOUT_ORDER_PLUS_PINNED_NATIVE_LOOP
FULL8,54,second_fit,5333,1,0,COMPLETED_STDOUT_ORDER_PLUS_PINNED_NATIVE_LOOP
FULL8,54,second_fit,5334,1,0,COMPLETED_STDOUT_ORDER_PLUS_PINNED_NATIVE_LOOP
FULL8,54,second_fit,5335,1,0,COMPLETED_STDOUT_ORDER_PLUS_PINNED_NATIVE_LOOP
FULL8,54,second_fit,5336,1,0,COMPLETED_STDOUT_ORDER_PLUS_PINNED_NATIVE_LOOP
FULL8,54,second_fit,5337,1,0,COMPLETED_STDOUT_ORDER_PLUS_PINNED_NATIVE_LOOP
FULL8,54,second_fit,5338,1,0,COMPLETED_STDOUT_ORDER_PLUS_PINNED_NATIVE_LOOP
FULL8,54,second_fit,5339,1,0,COMPLETED_STDOUT_ORDER_PLUS_PINNED_NATIVE_LOOP
FULL8,54,second_fit,5340,1,0,COMPLETED_STDOUT_ORDER_PLUS_PINNED_NATIVE_LOOP
FULL8,54,second_fit,5341,1,0,COMPLETED_STDOUT_ORDER_PLUS_PINNED_NATIVE_LOOP
FULL8,54,second_fit,5342,1,0,COMPLETED_STDOUT_ORDER_PLUS_PINNED_NATIVE_LOOP
FULL8,54,second_fit,5343,1,0,COMPLETED_STDOUT_ORDER_PLUS_PINNED_NATIVE_LOOP
FULL8,54,second_fit,5344,1,0,COMPLETED_STDOUT_ORDER_PLUS_PINNED_NATIVE_LOOP
FULL8,54,second_fit,5345,1,0,COMPLETED_STDOUT_ORDER_PLUS_PINNED_NATIVE_LOOP
FULL8,54,second_fit,5346,1,0,COMPLETED_STDOUT_ORDER_PLUS_PINNED_NATIVE_LOOP
FULL8,54,second_fit,5347,1,0,COMPLETED_STDOUT_ORDER_PLUS_PINNED_NATIVE_LOOP
FULL8,54,second_fit,5348,1,0,COMPLETED_STDOUT_ORDER_PLUS_PINNED_NATIVE_LOOP
FULL8,54,second_fit,5349,1,0,COMPLETED_STDOUT_ORDER_PLUS_PINNED_NATIVE_LOOP
FULL8,54,second_fit,5350,1,0,COMPLETED_STDOUT_ORDER_PLUS_PINNED_NATIVE_LOOP
FULL8,54,second_fit,5351,1,0,COMPLETED_STDOUT_ORDER_PLUS_PINNED_NATIVE_LOOP
FULL8,54,second_fit,5352,1,0,COMPLETED_STDOUT_ORDER_PLUS_PINNED_NATIVE_LOOP
FULL8,54,second_fit,5353,1,0,COMPLETED_STDOUT_ORDER_PLUS_PINNED_NATIVE_LOOP
FULL8,54,second_fit,5354,1,0,COMPLETED_STDOUT_ORDER_PLUS_PINNED_NATIVE_LOOP
FULL8,54,second_fit,5355,1,0,COMPLETED_STDOUT_ORDER_PLUS_PINNED_NATIVE_LOOP
FULL8,54,second_fit,5356,1,0,COMPLETED_STDOUT_ORDER_PLUS_PINNED_NATIVE_LOOP
FULL8,54,second_fit,5357,1,0,COMPLETED_STDOUT_ORDER_PLUS_PINNED_NATIVE_LOOP
FULL8,54,second_fit,5358,1,0,COMPLETED_STDOUT_ORDER_PLUS_PINNED_NATIVE_LOOP
FULL8,54,second_fit,5359,1,0,COMPLETED_STDOUT_ORDER_PLUS_PINNED_NATIVE_LOOP
FULL8,54,second_fit,5360,1,0,COMPLETED_STDOUT_ORDER_PLUS_PINNED_NATIVE_LOOP
FULL8,54,second_fit,5361,1,0,COMPLETED_STDOUT_ORDER_PLUS_PINNED_NATIVE_LOOP
FULL8,54,second_fit,5362,1,0,COMPLETED_STDOUT_ORDER_PLUS_PINNED_NATIVE_LOOP
FULL8,54,second_fit,5363,1,0,COMPLETED_STDOUT_ORDER_PLUS_PINNED_NATIVE_LOOP
FULL8,54,second_fit,5364,1,0,COMPLETED_STDOUT_ORDER_PLUS_PINNED_NATIVE_LOOP
FULL8,54,second_fit,5365,1,0,COMPLETED_STDOUT_ORDER_PLUS_PINNED_NATIVE_LOOP
FULL8,54,second_fit,5366,1,0,COMPLETED_STDOUT_ORDER_PLUS_PINNED_NATIVE_LOOP
FULL8,54,second_fit,5367,1,0,COMPLETED_STDOUT_ORDER_PLUS_PINNED_NATIVE_LOOP
FULL8,54,second_fit,5368,1,0,COMPLETED_STDOUT_ORDER_PLUS_PINNED_NATIVE_LOOP
FULL8,54,second_fit,5369,1,0,COMPLETED_STDOUT_ORDER_PLUS_PINNED_NATIVE_LOOP
FULL8,54,second_fit,5370,1,0,COMPLETED_STDOUT_ORDER_PLUS_PINNED_NATIVE_LOOP
FULL8,54,second_fit,5371,1,0,COMPLETED_STDOUT_ORDER_PLUS_PINNED_NATIVE_LOOP
FULL8,54,second_fit,5372,1,0,COMPLETED_STDOUT_ORDER_PLUS_PINNED_NATIVE_LOOP
FULL8,54,second_fit,5373,1,0,COMPLETED_STDOUT_ORDER_PLUS_PINNED_NATIVE_LOOP
FULL8,54,second_fit,5374,1,0,COMPLETED_STDOUT_ORDER_PLUS_PINNED_NATIVE_LOOP
FULL8,54,second_fit,5375,1,0,COMPLETED_STDOUT_ORDER_PLUS_PINNED_NATIVE_LOOP
FULL8,54,second_fit,5376,1,0,COMPLETED_STDOUT_ORDER_PLUS_PINNED_NATIVE_LOOP
FULL8,54,second_fit,5377,25,24,COMPLETED_STDOUT_ORDER_PLUS_PINNED_NATIVE_LOOP
FULL8,54,second_fit,5378,1,0,COMPLETED_STDOUT_ORDER_PLUS_PINNED_NATIVE_LOOP
FULL8,54,second_fit,5379,1,0,COMPLETED_STDOUT_ORDER_PLUS_PINNED_NATIVE_LOOP
FULL8,54,second_fit,5380,1,0,COMPLETED_STDOUT_ORDER_PLUS_PINNED_NATIVE_LOOP
FULL8,54,second_fit,5381,1,0,COMPLETED_STDOUT_ORDER_PLUS_PINNED_NATIVE_LOOP
FULL8,54,second_fit,5382,1,0,COMPLETED_STDOUT_ORDER_PLUS_PINNED_NATIVE_LOOP
FULL8,54,second_fit,5383,1,0,COMPLETED_STDOUT_ORDER_PLUS_PINNED_NATIVE_LOOP
FULL8,54,second_fit,5384,1,0,COMPLETED_STDOUT_ORDER_PLUS_PINNED_NATIVE_LOOP
FULL8,54,second_fit,5385,1,0,COMPLETED_STDOUT_ORDER_PLUS_PINNED_NATIVE_LOOP
FULL8,54,second_fit,5386,1,0,COMPLETED_STDOUT_ORDER_PLUS_PINNED_NATIVE_LOOP
FULL8,54,second_fit,5387,1,0,COMPLETED_STDOUT_ORDER_PLUS_PINNED_NATIVE_LOOP
FULL8,54,second_fit,5388,1,0,COMPLETED_STDOUT_ORDER_PLUS_PINNED_NATIVE_LOOP
FULL8,54,second_fit,5389,1,0,COMPLETED_STDOUT_ORDER_PLUS_PINNED_NATIVE_LOOP
FULL8,54,second_fit,5390,1,0,COMPLETED_STDOUT_ORDER_PLUS_PINNED_NATIVE_LOOP
FULL8,54,second_fit,5391,1,0,COMPLETED_STDOUT_ORDER_PLUS_PINNED_NATIVE_LOOP
FULL8,54,second_fit,5392,1,0,COMPLETED_STDOUT_ORDER_PLUS_PINNED_NATIVE_LOOP
FULL8,54,second_fit,5393,1,0,COMPLETED_STDOUT_ORDER_PLUS_PINNED_NATIVE_LOOP
FULL8,54,second_fit,5394,1,0,COMPLETED_STDOUT_ORDER_PLUS_PINNED_NATIVE_LOOP
FULL8,54,second_fit,5395,1,0,COMPLETED_STDOUT_ORDER_PLUS_PINNED_NATIVE_LOOP
FULL8,54,second_fit,5396,1,0,COMPLETED_STDOUT_ORDER_PLUS_PINNED_NATIVE_LOOP
FULL8,54,second_fit,5397,1,0,COMPLETED_STDOUT_ORDER_PLUS_PINNED_NATIVE_LOOP
FULL8,54,second_fit,5398,1,0,COMPLETED_STDOUT_ORDER_PLUS_PINNED_NATIVE_LOOP
FULL8,54,second_fit,5399,1,0,COMPLETED_STDOUT_ORDER_PLUS_PINNED_NATIVE_LOOP
FULL8,55,first_fit,5400,25,24,COMPLETED_STDOUT_ORDER_PLUS_PINNED_NATIVE_LOOP
FULL8,55,first_fit,5401,25,24,COMPLETED_STDOUT_ORDER_PLUS_PINNED_NATIVE_LOOP
FULL8,55,first_fit,5402,25,24,COMPLETED_STDOUT_ORDER_PLUS_PINNED_NATIVE_LOOP
FULL8,55,first_fit,5403,25,24,COMPLETED_STDOUT_ORDER_PLUS_PINNED_NATIVE_LOOP
FULL8,55,first_fit,5404,25,24,COMPLETED_STDOUT_ORDER_PLUS_PINNED_NATIVE_LOOP
FULL8,55,first_fit,5405,25,24,COMPLETED_STDOUT_ORDER_PLUS_PINNED_NATIVE_LOOP
FULL8,55,first_fit,5406,25,24,COMPLETED_STDOUT_ORDER_PLUS_PINNED_NATIVE_LOOP
FULL8,55,first_fit,5407,25,24,COMPLETED_STDOUT_ORDER_PLUS_PINNED_NATIVE_LOOP
FULL8,55,first_fit,5408,25,24,COMPLETED_STDOUT_ORDER_PLUS_PINNED_NATIVE_LOOP
FULL8,55,first_fit,5409,25,24,COMPLETED_STDOUT_ORDER_PLUS_PINNED_NATIVE_LOOP
FULL8,55,first_fit,5410,25,24,COMPLETED_STDOUT_ORDER_PLUS_PINNED_NATIVE_LOOP
FULL8,55,first_fit,5411,25,24,COMPLETED_STDOUT_ORDER_PLUS_PINNED_NATIVE_LOOP
FULL8,55,first_fit,5412,25,24,COMPLETED_STDOUT_ORDER_PLUS_PINNED_NATIVE_LOOP
FULL8,55,first_fit,5413,25,24,COMPLETED_STDOUT_ORDER_PLUS_PINNED_NATIVE_LOOP
FULL8,55,first_fit,5414,25,24,COMPLETED_STDOUT_ORDER_PLUS_PINNED_NATIVE_LOOP
FULL8,55,first_fit,5415,25,24,COMPLETED_STDOUT_ORDER_PLUS_PINNED_NATIVE_LOOP
FULL8,55,first_fit,5416,25,24,COMPLETED_STDOUT_ORDER_PLUS_PINNED_NATIVE_LOOP
FULL8,55,first_fit,5417,25,24,COMPLETED_STDOUT_ORDER_PLUS_PINNED_NATIVE_LOOP
FULL8,55,first_fit,5418,25,24,COMPLETED_STDOUT_ORDER_PLUS_PINNED_NATIVE_LOOP
FULL8,55,first_fit,5419,25,24,COMPLETED_STDOUT_ORDER_PLUS_PINNED_NATIVE_LOOP
FULL8,55,first_fit,5420,25,24,COMPLETED_STDOUT_ORDER_PLUS_PINNED_NATIVE_LOOP
FULL8,55,first_fit,5421,25,24,COMPLETED_STDOUT_ORDER_PLUS_PINNED_NATIVE_LOOP
FULL8,55,first_fit,5422,25,24,COMPLETED_STDOUT_ORDER_PLUS_PINNED_NATIVE_LOOP
FULL8,55,first_fit,5423,25,24,COMPLETED_STDOUT_ORDER_PLUS_PINNED_NATIVE_LOOP
FULL8,55,first_fit,5424,25,24,COMPLETED_STDOUT_ORDER_PLUS_PINNED_NATIVE_LOOP
FULL8,55,first_fit,5425,25,24,COMPLETED_STDOUT_ORDER_PLUS_PINNED_NATIVE_LOOP
FULL8,55,first_fit,5426,25,24,COMPLETED_STDOUT_ORDER_PLUS_PINNED_NATIVE_LOOP
FULL8,55,first_fit,5427,25,24,COMPLETED_STDOUT_ORDER_PLUS_PINNED_NATIVE_LOOP
FULL8,55,first_fit,5428,25,24,COMPLETED_STDOUT_ORDER_PLUS_PINNED_NATIVE_LOOP
FULL8,55,first_fit,5429,25,24,COMPLETED_STDOUT_ORDER_PLUS_PINNED_NATIVE_LOOP
FULL8,55,first_fit,5430,25,24,COMPLETED_STDOUT_ORDER_PLUS_PINNED_NATIVE_LOOP
FULL8,55,first_fit,5431,25,24,COMPLETED_STDOUT_ORDER_PLUS_PINNED_NATIVE_LOOP
FULL8,55,first_fit,5432,25,24,COMPLETED_STDOUT_ORDER_PLUS_PINNED_NATIVE_LOOP
FULL8,55,first_fit,5433,25,24,COMPLETED_STDOUT_ORDER_PLUS_PINNED_NATIVE_LOOP
FULL8,55,first_fit,5434,25,24,COMPLETED_STDOUT_ORDER_PLUS_PINNED_NATIVE_LOOP
FULL8,55,first_fit,5435,25,24,COMPLETED_STDOUT_ORDER_PLUS_PINNED_NATIVE_LOOP
FULL8,55,first_fit,5436,25,24,COMPLETED_STDOUT_ORDER_PLUS_PINNED_NATIVE_LOOP
FULL8,55,first_fit,5437,25,24,COMPLETED_STDOUT_ORDER_PLUS_PINNED_NATIVE_LOOP
FULL8,55,first_fit,5438,25,24,COMPLETED_STDOUT_ORDER_PLUS_PINNED_NATIVE_LOOP
FULL8,55,first_fit,5439,25,24,COMPLETED_STDOUT_ORDER_PLUS_PINNED_NATIVE_LOOP
FULL8,55,first_fit,5440,25,24,COMPLETED_STDOUT_ORDER_PLUS_PINNED_NATIVE_LOOP
FULL8,55,first_fit,5441,25,24,COMPLETED_STDOUT_ORDER_PLUS_PINNED_NATIVE_LOOP
FULL8,55,first_fit,5442,25,24,COMPLETED_STDOUT_ORDER_PLUS_PINNED_NATIVE_LOOP
FULL8,55,first_fit,5443,25,24,COMPLETED_STDOUT_ORDER_PLUS_PINNED_NATIVE_LOOP
FULL8,55,first_fit,5444,25,24,COMPLETED_STDOUT_ORDER_PLUS_PINNED_NATIVE_LOOP
FULL8,55,first_fit,5445,25,24,COMPLETED_STDOUT_ORDER_PLUS_PINNED_NATIVE_LOOP
FULL8,55,first_fit,5446,25,24,COMPLETED_STDOUT_ORDER_PLUS_PINNED_NATIVE_LOOP
FULL8,55,first_fit,5447,25,24,COMPLETED_STDOUT_ORDER_PLUS_PINNED_NATIVE_LOOP
FULL8,55,first_fit,5448,25,24,COMPLETED_STDOUT_ORDER_PLUS_PINNED_NATIVE_LOOP
FULL8,55,first_fit,5449,25,24,COMPLETED_STDOUT_ORDER_PLUS_PINNED_NATIVE_LOOP
FULL8,55,first_fit,5450,25,24,COMPLETED_STDOUT_ORDER_PLUS_PINNED_NATIVE_LOOP
FULL8,55,first_fit,5451,25,24,COMPLETED_STDOUT_ORDER_PLUS_PINNED_NATIVE_LOOP
FULL8,55,first_fit,5452,25,24,COMPLETED_STDOUT_ORDER_PLUS_PINNED_NATIVE_LOOP
FULL8,55,first_fit,5453,25,24,COMPLETED_STDOUT_ORDER_PLUS_PINNED_NATIVE_LOOP
FULL8,55,first_fit,5454,25,24,COMPLETED_STDOUT_ORDER_PLUS_PINNED_NATIVE_LOOP
FULL8,55,first_fit,5455,25,24,COMPLETED_STDOUT_ORDER_PLUS_PINNED_NATIVE_LOOP
FULL8,55,first_fit,5456,25,24,COMPLETED_STDOUT_ORDER_PLUS_PINNED_NATIVE_LOOP
FULL8,55,first_fit,5457,25,24,COMPLETED_STDOUT_ORDER_PLUS_PINNED_NATIVE_LOOP
FULL8,55,first_fit,5458,25,24,COMPLETED_STDOUT_ORDER_PLUS_PINNED_NATIVE_LOOP
FULL8,55,first_fit,5459,25,24,COMPLETED_STDOUT_ORDER_PLUS_PINNED_NATIVE_LOOP
FULL8,55,first_fit,5460,25,24,COMPLETED_STDOUT_ORDER_PLUS_PINNED_NATIVE_LOOP
FULL8,55,first_fit,5461,25,24,COMPLETED_STDOUT_ORDER_PLUS_PINNED_NATIVE_LOOP
FULL8,55,first_fit,5462,25,24,COMPLETED_STDOUT_ORDER_PLUS_PINNED_NATIVE_LOOP
FULL8,55,first_fit,5463,25,24,COMPLETED_STDOUT_ORDER_PLUS_PINNED_NATIVE_LOOP
FULL8,55,first_fit,5464,25,24,COMPLETED_STDOUT_ORDER_PLUS_PINNED_NATIVE_LOOP
FULL8,55,first_fit,5465,25,24,COMPLETED_STDOUT_ORDER_PLUS_PINNED_NATIVE_LOOP
FULL8,55,first_fit,5466,25,24,COMPLETED_STDOUT_ORDER_PLUS_PINNED_NATIVE_LOOP
FULL8,55,first_fit,5467,25,24,COMPLETED_STDOUT_ORDER_PLUS_PINNED_NATIVE_LOOP
FULL8,55,first_fit,5468,25,24,COMPLETED_STDOUT_ORDER_PLUS_PINNED_NATIVE_LOOP
FULL8,55,first_fit,5469,25,24,COMPLETED_STDOUT_ORDER_PLUS_PINNED_NATIVE_LOOP
FULL8,55,first_fit,5470,25,24,COMPLETED_STDOUT_ORDER_PLUS_PINNED_NATIVE_LOOP
FULL8,55,first_fit,5471,25,24,COMPLETED_STDOUT_ORDER_PLUS_PINNED_NATIVE_LOOP
FULL8,55,first_fit,5472,25,24,COMPLETED_STDOUT_ORDER_PLUS_PINNED_NATIVE_LOOP
FULL8,55,first_fit,5473,25,24,COMPLETED_STDOUT_ORDER_PLUS_PINNED_NATIVE_LOOP
FULL8,55,first_fit,5474,25,24,COMPLETED_STDOUT_ORDER_PLUS_PINNED_NATIVE_LOOP
FULL8,55,first_fit,5475,25,24,COMPLETED_STDOUT_ORDER_PLUS_PINNED_NATIVE_LOOP
FULL8,55,first_fit,5476,25,24,COMPLETED_STDOUT_ORDER_PLUS_PINNED_NATIVE_LOOP
FULL8,55,first_fit,5477,25,24,COMPLETED_STDOUT_ORDER_PLUS_PINNED_NATIVE_LOOP
FULL8,55,first_fit,5478,25,24,COMPLETED_STDOUT_ORDER_PLUS_PINNED_NATIVE_LOOP
FULL8,55,first_fit,5479,25,24,COMPLETED_STDOUT_ORDER_PLUS_PINNED_NATIVE_LOOP
FULL8,55,first_fit,5480,25,24,COMPLETED_STDOUT_ORDER_PLUS_PINNED_NATIVE_LOOP
FULL8,55,first_fit,5481,25,24,COMPLETED_STDOUT_ORDER_PLUS_PINNED_NATIVE_LOOP
FULL8,55,first_fit,5482,25,24,COMPLETED_STDOUT_ORDER_PLUS_PINNED_NATIVE_LOOP
FULL8,55,first_fit,5483,25,24,COMPLETED_STDOUT_ORDER_PLUS_PINNED_NATIVE_LOOP
FULL8,55,first_fit,5484,25,24,COMPLETED_STDOUT_ORDER_PLUS_PINNED_NATIVE_LOOP
FULL8,55,first_fit,5485,25,24,COMPLETED_STDOUT_ORDER_PLUS_PINNED_NATIVE_LOOP
FULL8,55,first_fit,5486,25,24,COMPLETED_STDOUT_ORDER_PLUS_PINNED_NATIVE_LOOP
FULL8,55,first_fit,5487,25,24,COMPLETED_STDOUT_ORDER_PLUS_PINNED_NATIVE_LOOP
FULL8,55,first_fit,5488,25,24,COMPLETED_STDOUT_ORDER_PLUS_PINNED_NATIVE_LOOP
FULL8,55,first_fit,5489,25,24,COMPLETED_STDOUT_ORDER_PLUS_PINNED_NATIVE_LOOP
FULL8,55,first_fit,5490,25,24,COMPLETED_STDOUT_ORDER_PLUS_PINNED_NATIVE_LOOP
FULL8,55,first_fit,5491,25,24,COMPLETED_STDOUT_ORDER_PLUS_PINNED_NATIVE_LOOP
FULL8,55,first_fit,5492,25,24,COMPLETED_STDOUT_ORDER_PLUS_PINNED_NATIVE_LOOP
FULL8,55,first_fit,5493,25,24,COMPLETED_STDOUT_ORDER_PLUS_PINNED_NATIVE_LOOP
FULL8,55,first_fit,5494,25,24,COMPLETED_STDOUT_ORDER_PLUS_PINNED_NATIVE_LOOP
FULL8,55,first_fit,5495,25,24,COMPLETED_STDOUT_ORDER_PLUS_PINNED_NATIVE_LOOP
FULL8,55,first_fit,5496,25,24,COMPLETED_STDOUT_ORDER_PLUS_PINNED_NATIVE_LOOP
FULL8,55,first_fit,5497,25,24,COMPLETED_STDOUT_ORDER_PLUS_PINNED_NATIVE_LOOP
FULL8,55,first_fit,5498,25,24,COMPLETED_STDOUT_ORDER_PLUS_PINNED_NATIVE_LOOP
FULL8,55,first_fit,5499,25,24,COMPLETED_STDOUT_ORDER_PLUS_PINNED_NATIVE_LOOP
FULL8,55,second_fit,5400,1,0,COMPLETED_STDOUT_ORDER_PLUS_PINNED_NATIVE_LOOP
FULL8,55,second_fit,5401,1,0,COMPLETED_STDOUT_ORDER_PLUS_PINNED_NATIVE_LOOP
FULL8,55,second_fit,5402,1,0,COMPLETED_STDOUT_ORDER_PLUS_PINNED_NATIVE_LOOP
FULL8,55,second_fit,5403,1,0,COMPLETED_STDOUT_ORDER_PLUS_PINNED_NATIVE_LOOP
FULL8,55,second_fit,5404,1,0,COMPLETED_STDOUT_ORDER_PLUS_PINNED_NATIVE_LOOP
FULL8,55,second_fit,5405,1,0,COMPLETED_STDOUT_ORDER_PLUS_PINNED_NATIVE_LOOP
FULL8,55,second_fit,5406,1,0,COMPLETED_STDOUT_ORDER_PLUS_PINNED_NATIVE_LOOP
FULL8,55,second_fit,5407,1,0,COMPLETED_STDOUT_ORDER_PLUS_PINNED_NATIVE_LOOP
FULL8,55,second_fit,5408,1,0,COMPLETED_STDOUT_ORDER_PLUS_PINNED_NATIVE_LOOP
FULL8,55,second_fit,5409,1,0,COMPLETED_STDOUT_ORDER_PLUS_PINNED_NATIVE_LOOP
FULL8,55,second_fit,5410,1,0,COMPLETED_STDOUT_ORDER_PLUS_PINNED_NATIVE_LOOP
FULL8,55,second_fit,5411,1,0,COMPLETED_STDOUT_ORDER_PLUS_PINNED_NATIVE_LOOP
FULL8,55,second_fit,5412,1,0,COMPLETED_STDOUT_ORDER_PLUS_PINNED_NATIVE_LOOP
FULL8,55,second_fit,5413,1,0,COMPLETED_STDOUT_ORDER_PLUS_PINNED_NATIVE_LOOP
FULL8,55,second_fit,5414,1,0,COMPLETED_STDOUT_ORDER_PLUS_PINNED_NATIVE_LOOP
FULL8,55,second_fit,5415,1,0,COMPLETED_STDOUT_ORDER_PLUS_PINNED_NATIVE_LOOP
FULL8,55,second_fit,5416,1,0,COMPLETED_STDOUT_ORDER_PLUS_PINNED_NATIVE_LOOP
FULL8,55,second_fit,5417,1,0,COMPLETED_STDOUT_ORDER_PLUS_PINNED_NATIVE_LOOP
FULL8,55,second_fit,5418,1,0,COMPLETED_STDOUT_ORDER_PLUS_PINNED_NATIVE_LOOP
FULL8,55,second_fit,5419,1,0,COMPLETED_STDOUT_ORDER_PLUS_PINNED_NATIVE_LOOP
FULL8,55,second_fit,5420,1,0,COMPLETED_STDOUT_ORDER_PLUS_PINNED_NATIVE_LOOP
FULL8,55,second_fit,5421,1,0,COMPLETED_STDOUT_ORDER_PLUS_PINNED_NATIVE_LOOP
FULL8,55,second_fit,5422,1,0,COMPLETED_STDOUT_ORDER_PLUS_PINNED_NATIVE_LOOP
FULL8,55,second_fit,5423,1,0,COMPLETED_STDOUT_ORDER_PLUS_PINNED_NATIVE_LOOP
FULL8,55,second_fit,5424,25,24,COMPLETED_STDOUT_ORDER_PLUS_PINNED_NATIVE_LOOP
FULL8,55,second_fit,5425,1,0,COMPLETED_STDOUT_ORDER_PLUS_PINNED_NATIVE_LOOP
FULL8,55,second_fit,5426,1,0,COMPLETED_STDOUT_ORDER_PLUS_PINNED_NATIVE_LOOP
FULL8,55,second_fit,5427,1,0,COMPLETED_STDOUT_ORDER_PLUS_PINNED_NATIVE_LOOP
FULL8,55,second_fit,5428,1,0,COMPLETED_STDOUT_ORDER_PLUS_PINNED_NATIVE_LOOP
FULL8,55,second_fit,5429,1,0,COMPLETED_STDOUT_ORDER_PLUS_PINNED_NATIVE_LOOP
FULL8,55,second_fit,5430,1,0,COMPLETED_STDOUT_ORDER_PLUS_PINNED_NATIVE_LOOP
FULL8,55,second_fit,5431,1,0,COMPLETED_STDOUT_ORDER_PLUS_PINNED_NATIVE_LOOP
FULL8,55,second_fit,5432,25,24,COMPLETED_STDOUT_ORDER_PLUS_PINNED_NATIVE_LOOP
FULL8,55,second_fit,5433,1,0,COMPLETED_STDOUT_ORDER_PLUS_PINNED_NATIVE_LOOP
FULL8,55,second_fit,5434,1,0,COMPLETED_STDOUT_ORDER_PLUS_PINNED_NATIVE_LOOP
FULL8,55,second_fit,5435,1,0,COMPLETED_STDOUT_ORDER_PLUS_PINNED_NATIVE_LOOP
FULL8,55,second_fit,5436,1,0,COMPLETED_STDOUT_ORDER_PLUS_PINNED_NATIVE_LOOP
FULL8,55,second_fit,5437,1,0,COMPLETED_STDOUT_ORDER_PLUS_PINNED_NATIVE_LOOP
FULL8,55,second_fit,5438,1,0,COMPLETED_STDOUT_ORDER_PLUS_PINNED_NATIVE_LOOP
FULL8,55,second_fit,5439,1,0,COMPLETED_STDOUT_ORDER_PLUS_PINNED_NATIVE_LOOP
FULL8,55,second_fit,5440,1,0,COMPLETED_STDOUT_ORDER_PLUS_PINNED_NATIVE_LOOP
FULL8,55,second_fit,5441,1,0,COMPLETED_STDOUT_ORDER_PLUS_PINNED_NATIVE_LOOP
FULL8,55,second_fit,5442,1,0,COMPLETED_STDOUT_ORDER_PLUS_PINNED_NATIVE_LOOP
FULL8,55,second_fit,5443,1,0,COMPLETED_STDOUT_ORDER_PLUS_PINNED_NATIVE_LOOP
FULL8,55,second_fit,5444,1,0,COMPLETED_STDOUT_ORDER_PLUS_PINNED_NATIVE_LOOP
FULL8,55,second_fit,5445,1,0,COMPLETED_STDOUT_ORDER_PLUS_PINNED_NATIVE_LOOP
FULL8,55,second_fit,5446,1,0,COMPLETED_STDOUT_ORDER_PLUS_PINNED_NATIVE_LOOP
FULL8,55,second_fit,5447,1,0,COMPLETED_STDOUT_ORDER_PLUS_PINNED_NATIVE_LOOP
FULL8,55,second_fit,5448,1,0,COMPLETED_STDOUT_ORDER_PLUS_PINNED_NATIVE_LOOP
FULL8,55,second_fit,5449,1,0,COMPLETED_STDOUT_ORDER_PLUS_PINNED_NATIVE_LOOP
FULL8,55,second_fit,5450,1,0,COMPLETED_STDOUT_ORDER_PLUS_PINNED_NATIVE_LOOP
FULL8,55,second_fit,5451,1,0,COMPLETED_STDOUT_ORDER_PLUS_PINNED_NATIVE_LOOP
FULL8,55,second_fit,5452,1,0,COMPLETED_STDOUT_ORDER_PLUS_PINNED_NATIVE_LOOP
FULL8,55,second_fit,5453,1,0,COMPLETED_STDOUT_ORDER_PLUS_PINNED_NATIVE_LOOP
FULL8,55,second_fit,5454,1,0,COMPLETED_STDOUT_ORDER_PLUS_PINNED_NATIVE_LOOP
FULL8,55,second_fit,5455,1,0,COMPLETED_STDOUT_ORDER_PLUS_PINNED_NATIVE_LOOP
FULL8,55,second_fit,5456,1,0,COMPLETED_STDOUT_ORDER_PLUS_PINNED_NATIVE_LOOP
FULL8,55,second_fit,5457,1,0,COMPLETED_STDOUT_ORDER_PLUS_PINNED_NATIVE_LOOP
FULL8,55,second_fit,5458,1,0,COMPLETED_STDOUT_ORDER_PLUS_PINNED_NATIVE_LOOP
FULL8,55,second_fit,5459,1,0,COMPLETED_STDOUT_ORDER_PLUS_PINNED_NATIVE_LOOP
FULL8,55,second_fit,5460,1,0,COMPLETED_STDOUT_ORDER_PLUS_PINNED_NATIVE_LOOP
FULL8,55,second_fit,5461,1,0,COMPLETED_STDOUT_ORDER_PLUS_PINNED_NATIVE_LOOP
FULL8,55,second_fit,5462,1,0,COMPLETED_STDOUT_ORDER_PLUS_PINNED_NATIVE_LOOP
FULL8,55,second_fit,5463,1,0,COMPLETED_STDOUT_ORDER_PLUS_PINNED_NATIVE_LOOP
FULL8,55,second_fit,5464,1,0,COMPLETED_STDOUT_ORDER_PLUS_PINNED_NATIVE_LOOP
FULL8,55,second_fit,5465,1,0,COMPLETED_STDOUT_ORDER_PLUS_PINNED_NATIVE_LOOP
FULL8,55,second_fit,5466,1,0,COMPLETED_STDOUT_ORDER_PLUS_PINNED_NATIVE_LOOP
FULL8,55,second_fit,5467,1,0,COMPLETED_STDOUT_ORDER_PLUS_PINNED_NATIVE_LOOP
FULL8,55,second_fit,5468,1,0,COMPLETED_STDOUT_ORDER_PLUS_PINNED_NATIVE_LOOP
FULL8,55,second_fit,5469,1,0,COMPLETED_STDOUT_ORDER_PLUS_PINNED_NATIVE_LOOP
FULL8,55,second_fit,5470,1,0,COMPLETED_STDOUT_ORDER_PLUS_PINNED_NATIVE_LOOP
FULL8,55,second_fit,5471,1,0,COMPLETED_STDOUT_ORDER_PLUS_PINNED_NATIVE_LOOP
FULL8,55,second_fit,5472,1,0,COMPLETED_STDOUT_ORDER_PLUS_PINNED_NATIVE_LOOP
FULL8,55,second_fit,5473,1,0,COMPLETED_STDOUT_ORDER_PLUS_PINNED_NATIVE_LOOP
FULL8,55,second_fit,5474,1,0,COMPLETED_STDOUT_ORDER_PLUS_PINNED_NATIVE_LOOP
FULL8,55,second_fit,5475,1,0,COMPLETED_STDOUT_ORDER_PLUS_PINNED_NATIVE_LOOP
FULL8,55,second_fit,5476,1,0,COMPLETED_STDOUT_ORDER_PLUS_PINNED_NATIVE_LOOP
FULL8,55,second_fit,5477,1,0,COMPLETED_STDOUT_ORDER_PLUS_PINNED_NATIVE_LOOP
FULL8,55,second_fit,5478,1,0,COMPLETED_STDOUT_ORDER_PLUS_PINNED_NATIVE_LOOP
FULL8,55,second_fit,5479,1,0,COMPLETED_STDOUT_ORDER_PLUS_PINNED_NATIVE_LOOP
FULL8,55,second_fit,5480,1,0,COMPLETED_STDOUT_ORDER_PLUS_PINNED_NATIVE_LOOP
FULL8,55,second_fit,5481,25,24,COMPLETED_STDOUT_ORDER_PLUS_PINNED_NATIVE_LOOP
FULL8,55,second_fit,5482,1,0,COMPLETED_STDOUT_ORDER_PLUS_PINNED_NATIVE_LOOP
FULL8,55,second_fit,5483,1,0,COMPLETED_STDOUT_ORDER_PLUS_PINNED_NATIVE_LOOP
FULL8,55,second_fit,5484,1,0,COMPLETED_STDOUT_ORDER_PLUS_PINNED_NATIVE_LOOP
FULL8,55,second_fit,5485,1,0,COMPLETED_STDOUT_ORDER_PLUS_PINNED_NATIVE_LOOP
FULL8,55,second_fit,5486,1,0,COMPLETED_STDOUT_ORDER_PLUS_PINNED_NATIVE_LOOP
FULL8,55,second_fit,5487,1,0,COMPLETED_STDOUT_ORDER_PLUS_PINNED_NATIVE_LOOP
FULL8,55,second_fit,5488,1,0,COMPLETED_STDOUT_ORDER_PLUS_PINNED_NATIVE_LOOP
FULL8,55,second_fit,5489,1,0,COMPLETED_STDOUT_ORDER_PLUS_PINNED_NATIVE_LOOP
FULL8,55,second_fit,5490,1,0,COMPLETED_STDOUT_ORDER_PLUS_PINNED_NATIVE_LOOP
FULL8,55,second_fit,5491,1,0,COMPLETED_STDOUT_ORDER_PLUS_PINNED_NATIVE_LOOP
FULL8,55,second_fit,5492,1,0,COMPLETED_STDOUT_ORDER_PLUS_PINNED_NATIVE_LOOP
FULL8,55,second_fit,5493,25,24,COMPLETED_STDOUT_ORDER_PLUS_PINNED_NATIVE_LOOP
FULL8,55,second_fit,5494,1,0,COMPLETED_STDOUT_ORDER_PLUS_PINNED_NATIVE_LOOP
FULL8,55,second_fit,5495,1,0,COMPLETED_STDOUT_ORDER_PLUS_PINNED_NATIVE_LOOP
FULL8,55,second_fit,5496,1,0,COMPLETED_STDOUT_ORDER_PLUS_PINNED_NATIVE_LOOP
FULL8,55,second_fit,5497,1,0,COMPLETED_STDOUT_ORDER_PLUS_PINNED_NATIVE_LOOP
FULL8,55,second_fit,5498,1,0,COMPLETED_STDOUT_ORDER_PLUS_PINNED_NATIVE_LOOP
FULL8,55,second_fit,5499,1,0,COMPLETED_STDOUT_ORDER_PLUS_PINNED_NATIVE_LOOP
FULL8,56,first_fit,5500,25,24,COMPLETED_STDOUT_ORDER_PLUS_PINNED_NATIVE_LOOP
FULL8,56,first_fit,5501,25,24,COMPLETED_STDOUT_ORDER_PLUS_PINNED_NATIVE_LOOP
FULL8,56,first_fit,5502,25,24,COMPLETED_STDOUT_ORDER_PLUS_PINNED_NATIVE_LOOP
FULL8,56,first_fit,5503,25,24,COMPLETED_STDOUT_ORDER_PLUS_PINNED_NATIVE_LOOP
FULL8,56,first_fit,5504,25,24,COMPLETED_STDOUT_ORDER_PLUS_PINNED_NATIVE_LOOP
FULL8,56,first_fit,5505,25,24,COMPLETED_STDOUT_ORDER_PLUS_PINNED_NATIVE_LOOP
FULL8,56,first_fit,5506,25,24,COMPLETED_STDOUT_ORDER_PLUS_PINNED_NATIVE_LOOP
FULL8,56,first_fit,5507,25,24,COMPLETED_STDOUT_ORDER_PLUS_PINNED_NATIVE_LOOP
FULL8,56,first_fit,5508,25,24,COMPLETED_STDOUT_ORDER_PLUS_PINNED_NATIVE_LOOP
FULL8,56,first_fit,5509,25,24,COMPLETED_STDOUT_ORDER_PLUS_PINNED_NATIVE_LOOP
FULL8,56,first_fit,5510,25,24,COMPLETED_STDOUT_ORDER_PLUS_PINNED_NATIVE_LOOP
FULL8,56,first_fit,5511,25,24,COMPLETED_STDOUT_ORDER_PLUS_PINNED_NATIVE_LOOP
FULL8,56,first_fit,5512,25,24,COMPLETED_STDOUT_ORDER_PLUS_PINNED_NATIVE_LOOP
FULL8,56,first_fit,5513,25,24,COMPLETED_STDOUT_ORDER_PLUS_PINNED_NATIVE_LOOP
FULL8,56,first_fit,5514,25,24,COMPLETED_STDOUT_ORDER_PLUS_PINNED_NATIVE_LOOP
FULL8,56,first_fit,5515,25,24,COMPLETED_STDOUT_ORDER_PLUS_PINNED_NATIVE_LOOP
FULL8,56,first_fit,5516,25,24,COMPLETED_STDOUT_ORDER_PLUS_PINNED_NATIVE_LOOP
FULL8,56,first_fit,5517,25,24,COMPLETED_STDOUT_ORDER_PLUS_PINNED_NATIVE_LOOP
FULL8,56,first_fit,5518,25,24,COMPLETED_STDOUT_ORDER_PLUS_PINNED_NATIVE_LOOP
FULL8,56,first_fit,5519,25,24,COMPLETED_STDOUT_ORDER_PLUS_PINNED_NATIVE_LOOP
FULL8,56,first_fit,5520,25,24,COMPLETED_STDOUT_ORDER_PLUS_PINNED_NATIVE_LOOP
FULL8,56,first_fit,5521,25,24,COMPLETED_STDOUT_ORDER_PLUS_PINNED_NATIVE_LOOP
FULL8,56,first_fit,5522,25,24,COMPLETED_STDOUT_ORDER_PLUS_PINNED_NATIVE_LOOP
FULL8,56,first_fit,5523,25,24,COMPLETED_STDOUT_ORDER_PLUS_PINNED_NATIVE_LOOP
FULL8,56,first_fit,5524,25,24,COMPLETED_STDOUT_ORDER_PLUS_PINNED_NATIVE_LOOP
FULL8,56,first_fit,5525,25,24,COMPLETED_STDOUT_ORDER_PLUS_PINNED_NATIVE_LOOP
FULL8,56,first_fit,5526,25,24,COMPLETED_STDOUT_ORDER_PLUS_PINNED_NATIVE_LOOP
FULL8,56,first_fit,5527,25,24,COMPLETED_STDOUT_ORDER_PLUS_PINNED_NATIVE_LOOP
FULL8,56,first_fit,5528,25,24,COMPLETED_STDOUT_ORDER_PLUS_PINNED_NATIVE_LOOP
FULL8,56,first_fit,5529,25,24,COMPLETED_STDOUT_ORDER_PLUS_PINNED_NATIVE_LOOP
FULL8,56,first_fit,5530,25,24,COMPLETED_STDOUT_ORDER_PLUS_PINNED_NATIVE_LOOP
FULL8,56,first_fit,5531,25,24,COMPLETED_STDOUT_ORDER_PLUS_PINNED_NATIVE_LOOP
FULL8,56,first_fit,5532,25,24,COMPLETED_STDOUT_ORDER_PLUS_PINNED_NATIVE_LOOP
FULL8,56,first_fit,5533,25,24,COMPLETED_STDOUT_ORDER_PLUS_PINNED_NATIVE_LOOP
FULL8,56,first_fit,5534,25,24,COMPLETED_STDOUT_ORDER_PLUS_PINNED_NATIVE_LOOP
FULL8,56,first_fit,5535,25,24,COMPLETED_STDOUT_ORDER_PLUS_PINNED_NATIVE_LOOP
FULL8,56,first_fit,5536,25,24,COMPLETED_STDOUT_ORDER_PLUS_PINNED_NATIVE_LOOP
FULL8,56,first_fit,5537,25,24,COMPLETED_STDOUT_ORDER_PLUS_PINNED_NATIVE_LOOP
FULL8,56,first_fit,5538,25,24,COMPLETED_STDOUT_ORDER_PLUS_PINNED_NATIVE_LOOP
FULL8,56,first_fit,5539,25,24,COMPLETED_STDOUT_ORDER_PLUS_PINNED_NATIVE_LOOP
FULL8,56,first_fit,5540,25,24,COMPLETED_STDOUT_ORDER_PLUS_PINNED_NATIVE_LOOP
FULL8,56,first_fit,5541,25,24,COMPLETED_STDOUT_ORDER_PLUS_PINNED_NATIVE_LOOP
FULL8,56,first_fit,5542,25,24,COMPLETED_STDOUT_ORDER_PLUS_PINNED_NATIVE_LOOP
FULL8,56,first_fit,5543,25,24,COMPLETED_STDOUT_ORDER_PLUS_PINNED_NATIVE_LOOP
FULL8,56,first_fit,5544,25,24,COMPLETED_STDOUT_ORDER_PLUS_PINNED_NATIVE_LOOP
FULL8,56,first_fit,5545,25,24,COMPLETED_STDOUT_ORDER_PLUS_PINNED_NATIVE_LOOP
FULL8,56,first_fit,5546,25,24,COMPLETED_STDOUT_ORDER_PLUS_PINNED_NATIVE_LOOP
FULL8,56,first_fit,5547,25,24,COMPLETED_STDOUT_ORDER_PLUS_PINNED_NATIVE_LOOP
FULL8,56,first_fit,5548,25,24,COMPLETED_STDOUT_ORDER_PLUS_PINNED_NATIVE_LOOP
FULL8,56,first_fit,5549,25,24,COMPLETED_STDOUT_ORDER_PLUS_PINNED_NATIVE_LOOP
FULL8,56,first_fit,5550,25,24,COMPLETED_STDOUT_ORDER_PLUS_PINNED_NATIVE_LOOP
FULL8,56,first_fit,5551,25,24,COMPLETED_STDOUT_ORDER_PLUS_PINNED_NATIVE_LOOP
FULL8,56,first_fit,5552,25,24,COMPLETED_STDOUT_ORDER_PLUS_PINNED_NATIVE_LOOP
FULL8,56,first_fit,5553,25,24,COMPLETED_STDOUT_ORDER_PLUS_PINNED_NATIVE_LOOP
FULL8,56,first_fit,5554,25,24,COMPLETED_STDOUT_ORDER_PLUS_PINNED_NATIVE_LOOP
FULL8,56,first_fit,5555,25,24,COMPLETED_STDOUT_ORDER_PLUS_PINNED_NATIVE_LOOP
FULL8,56,first_fit,5556,25,24,COMPLETED_STDOUT_ORDER_PLUS_PINNED_NATIVE_LOOP
FULL8,56,first_fit,5557,25,24,COMPLETED_STDOUT_ORDER_PLUS_PINNED_NATIVE_LOOP
FULL8,56,first_fit,5558,25,24,COMPLETED_STDOUT_ORDER_PLUS_PINNED_NATIVE_LOOP
FULL8,56,first_fit,5559,25,24,COMPLETED_STDOUT_ORDER_PLUS_PINNED_NATIVE_LOOP
FULL8,56,first_fit,5560,25,24,COMPLETED_STDOUT_ORDER_PLUS_PINNED_NATIVE_LOOP
FULL8,56,first_fit,5561,25,24,COMPLETED_STDOUT_ORDER_PLUS_PINNED_NATIVE_LOOP
FULL8,56,first_fit,5562,25,24,COMPLETED_STDOUT_ORDER_PLUS_PINNED_NATIVE_LOOP
FULL8,56,first_fit,5563,25,24,COMPLETED_STDOUT_ORDER_PLUS_PINNED_NATIVE_LOOP
FULL8,56,first_fit,5564,25,24,COMPLETED_STDOUT_ORDER_PLUS_PINNED_NATIVE_LOOP
FULL8,56,first_fit,5565,25,24,COMPLETED_STDOUT_ORDER_PLUS_PINNED_NATIVE_LOOP
FULL8,56,first_fit,5566,25,24,COMPLETED_STDOUT_ORDER_PLUS_PINNED_NATIVE_LOOP
FULL8,56,first_fit,5567,25,24,COMPLETED_STDOUT_ORDER_PLUS_PINNED_NATIVE_LOOP
FULL8,56,first_fit,5568,25,24,COMPLETED_STDOUT_ORDER_PLUS_PINNED_NATIVE_LOOP
FULL8,56,first_fit,5569,25,24,COMPLETED_STDOUT_ORDER_PLUS_PINNED_NATIVE_LOOP
FULL8,56,first_fit,5570,25,24,COMPLETED_STDOUT_ORDER_PLUS_PINNED_NATIVE_LOOP
FULL8,56,first_fit,5571,25,24,COMPLETED_STDOUT_ORDER_PLUS_PINNED_NATIVE_LOOP
FULL8,56,first_fit,5572,25,24,COMPLETED_STDOUT_ORDER_PLUS_PINNED_NATIVE_LOOP
FULL8,56,first_fit,5573,25,24,COMPLETED_STDOUT_ORDER_PLUS_PINNED_NATIVE_LOOP
FULL8,56,first_fit,5574,25,24,COMPLETED_STDOUT_ORDER_PLUS_PINNED_NATIVE_LOOP
FULL8,56,first_fit,5575,25,24,COMPLETED_STDOUT_ORDER_PLUS_PINNED_NATIVE_LOOP
FULL8,56,first_fit,5576,25,24,COMPLETED_STDOUT_ORDER_PLUS_PINNED_NATIVE_LOOP
FULL8,56,first_fit,5577,25,24,COMPLETED_STDOUT_ORDER_PLUS_PINNED_NATIVE_LOOP
FULL8,56,first_fit,5578,25,24,COMPLETED_STDOUT_ORDER_PLUS_PINNED_NATIVE_LOOP
FULL8,56,first_fit,5579,25,24,COMPLETED_STDOUT_ORDER_PLUS_PINNED_NATIVE_LOOP
FULL8,56,first_fit,5580,25,24,COMPLETED_STDOUT_ORDER_PLUS_PINNED_NATIVE_LOOP
FULL8,56,first_fit,5581,25,24,COMPLETED_STDOUT_ORDER_PLUS_PINNED_NATIVE_LOOP
FULL8,56,first_fit,5582,25,24,COMPLETED_STDOUT_ORDER_PLUS_PINNED_NATIVE_LOOP
FULL8,56,first_fit,5583,25,24,COMPLETED_STDOUT_ORDER_PLUS_PINNED_NATIVE_LOOP
FULL8,56,first_fit,5584,25,24,COMPLETED_STDOUT_ORDER_PLUS_PINNED_NATIVE_LOOP
FULL8,56,first_fit,5585,25,24,COMPLETED_STDOUT_ORDER_PLUS_PINNED_NATIVE_LOOP
FULL8,56,first_fit,5586,25,24,COMPLETED_STDOUT_ORDER_PLUS_PINNED_NATIVE_LOOP
FULL8,56,first_fit,5587,25,24,COMPLETED_STDOUT_ORDER_PLUS_PINNED_NATIVE_LOOP
FULL8,56,first_fit,5588,25,24,COMPLETED_STDOUT_ORDER_PLUS_PINNED_NATIVE_LOOP
FULL8,56,first_fit,5589,25,24,COMPLETED_STDOUT_ORDER_PLUS_PINNED_NATIVE_LOOP
FULL8,56,first_fit,5590,25,24,COMPLETED_STDOUT_ORDER_PLUS_PINNED_NATIVE_LOOP
FULL8,56,first_fit,5591,25,24,COMPLETED_STDOUT_ORDER_PLUS_PINNED_NATIVE_LOOP
FULL8,56,first_fit,5592,25,24,COMPLETED_STDOUT_ORDER_PLUS_PINNED_NATIVE_LOOP
FULL8,56,first_fit,5593,25,24,COMPLETED_STDOUT_ORDER_PLUS_PINNED_NATIVE_LOOP
FULL8,56,first_fit,5594,25,24,COMPLETED_STDOUT_ORDER_PLUS_PINNED_NATIVE_LOOP
FULL8,56,first_fit,5595,25,24,COMPLETED_STDOUT_ORDER_PLUS_PINNED_NATIVE_LOOP
FULL8,56,first_fit,5596,25,24,COMPLETED_STDOUT_ORDER_PLUS_PINNED_NATIVE_LOOP
FULL8,56,first_fit,5597,25,24,COMPLETED_STDOUT_ORDER_PLUS_PINNED_NATIVE_LOOP
FULL8,56,first_fit,5598,25,24,COMPLETED_STDOUT_ORDER_PLUS_PINNED_NATIVE_LOOP
FULL8,56,first_fit,5599,25,24,COMPLETED_STDOUT_ORDER_PLUS_PINNED_NATIVE_LOOP
FULL8,56,second_fit,5500,1,0,COMPLETED_STDOUT_ORDER_PLUS_PINNED_NATIVE_LOOP
FULL8,56,second_fit,5501,1,0,COMPLETED_STDOUT_ORDER_PLUS_PINNED_NATIVE_LOOP
FULL8,56,second_fit,5502,1,0,COMPLETED_STDOUT_ORDER_PLUS_PINNED_NATIVE_LOOP
FULL8,56,second_fit,5503,1,0,COMPLETED_STDOUT_ORDER_PLUS_PINNED_NATIVE_LOOP
FULL8,56,second_fit,5504,1,0,COMPLETED_STDOUT_ORDER_PLUS_PINNED_NATIVE_LOOP
FULL8,56,second_fit,5505,1,0,COMPLETED_STDOUT_ORDER_PLUS_PINNED_NATIVE_LOOP
FULL8,56,second_fit,5506,1,0,COMPLETED_STDOUT_ORDER_PLUS_PINNED_NATIVE_LOOP
FULL8,56,second_fit,5507,1,0,COMPLETED_STDOUT_ORDER_PLUS_PINNED_NATIVE_LOOP
FULL8,56,second_fit,5508,1,0,COMPLETED_STDOUT_ORDER_PLUS_PINNED_NATIVE_LOOP
FULL8,56,second_fit,5509,1,0,COMPLETED_STDOUT_ORDER_PLUS_PINNED_NATIVE_LOOP
FULL8,56,second_fit,5510,25,24,COMPLETED_STDOUT_ORDER_PLUS_PINNED_NATIVE_LOOP
FULL8,56,second_fit,5511,1,0,COMPLETED_STDOUT_ORDER_PLUS_PINNED_NATIVE_LOOP
FULL8,56,second_fit,5512,1,0,COMPLETED_STDOUT_ORDER_PLUS_PINNED_NATIVE_LOOP
FULL8,56,second_fit,5513,1,0,COMPLETED_STDOUT_ORDER_PLUS_PINNED_NATIVE_LOOP
FULL8,56,second_fit,5514,1,0,COMPLETED_STDOUT_ORDER_PLUS_PINNED_NATIVE_LOOP
FULL8,56,second_fit,5515,1,0,COMPLETED_STDOUT_ORDER_PLUS_PINNED_NATIVE_LOOP
FULL8,56,second_fit,5516,1,0,COMPLETED_STDOUT_ORDER_PLUS_PINNED_NATIVE_LOOP
FULL8,56,second_fit,5517,1,0,COMPLETED_STDOUT_ORDER_PLUS_PINNED_NATIVE_LOOP
FULL8,56,second_fit,5518,1,0,COMPLETED_STDOUT_ORDER_PLUS_PINNED_NATIVE_LOOP
FULL8,56,second_fit,5519,1,0,COMPLETED_STDOUT_ORDER_PLUS_PINNED_NATIVE_LOOP
FULL8,56,second_fit,5520,1,0,COMPLETED_STDOUT_ORDER_PLUS_PINNED_NATIVE_LOOP
FULL8,56,second_fit,5521,1,0,COMPLETED_STDOUT_ORDER_PLUS_PINNED_NATIVE_LOOP
FULL8,56,second_fit,5522,1,0,COMPLETED_STDOUT_ORDER_PLUS_PINNED_NATIVE_LOOP
FULL8,56,second_fit,5523,1,0,COMPLETED_STDOUT_ORDER_PLUS_PINNED_NATIVE_LOOP
FULL8,56,second_fit,5524,1,0,COMPLETED_STDOUT_ORDER_PLUS_PINNED_NATIVE_LOOP
FULL8,56,second_fit,5525,1,0,COMPLETED_STDOUT_ORDER_PLUS_PINNED_NATIVE_LOOP
FULL8,56,second_fit,5526,1,0,COMPLETED_STDOUT_ORDER_PLUS_PINNED_NATIVE_LOOP
FULL8,56,second_fit,5527,1,0,COMPLETED_STDOUT_ORDER_PLUS_PINNED_NATIVE_LOOP
FULL8,56,second_fit,5528,1,0,COMPLETED_STDOUT_ORDER_PLUS_PINNED_NATIVE_LOOP
FULL8,56,second_fit,5529,1,0,COMPLETED_STDOUT_ORDER_PLUS_PINNED_NATIVE_LOOP
FULL8,56,second_fit,5530,1,0,COMPLETED_STDOUT_ORDER_PLUS_PINNED_NATIVE_LOOP
FULL8,56,second_fit,5531,1,0,COMPLETED_STDOUT_ORDER_PLUS_PINNED_NATIVE_LOOP
FULL8,56,second_fit,5532,1,0,COMPLETED_STDOUT_ORDER_PLUS_PINNED_NATIVE_LOOP
FULL8,56,second_fit,5533,1,0,COMPLETED_STDOUT_ORDER_PLUS_PINNED_NATIVE_LOOP
FULL8,56,second_fit,5534,1,0,COMPLETED_STDOUT_ORDER_PLUS_PINNED_NATIVE_LOOP
FULL8,56,second_fit,5535,1,0,COMPLETED_STDOUT_ORDER_PLUS_PINNED_NATIVE_LOOP
FULL8,56,second_fit,5536,1,0,COMPLETED_STDOUT_ORDER_PLUS_PINNED_NATIVE_LOOP
FULL8,56,second_fit,5537,1,0,COMPLETED_STDOUT_ORDER_PLUS_PINNED_NATIVE_LOOP
FULL8,56,second_fit,5538,1,0,COMPLETED_STDOUT_ORDER_PLUS_PINNED_NATIVE_LOOP
FULL8,56,second_fit,5539,1,0,COMPLETED_STDOUT_ORDER_PLUS_PINNED_NATIVE_LOOP
FULL8,56,second_fit,5540,1,0,COMPLETED_STDOUT_ORDER_PLUS_PINNED_NATIVE_LOOP
FULL8,56,second_fit,5541,1,0,COMPLETED_STDOUT_ORDER_PLUS_PINNED_NATIVE_LOOP
FULL8,56,second_fit,5542,1,0,COMPLETED_STDOUT_ORDER_PLUS_PINNED_NATIVE_LOOP
FULL8,56,second_fit,5543,1,0,COMPLETED_STDOUT_ORDER_PLUS_PINNED_NATIVE_LOOP
FULL8,56,second_fit,5544,1,0,COMPLETED_STDOUT_ORDER_PLUS_PINNED_NATIVE_LOOP
FULL8,56,second_fit,5545,1,0,COMPLETED_STDOUT_ORDER_PLUS_PINNED_NATIVE_LOOP
FULL8,56,second_fit,5546,1,0,COMPLETED_STDOUT_ORDER_PLUS_PINNED_NATIVE_LOOP
FULL8,56,second_fit,5547,1,0,COMPLETED_STDOUT_ORDER_PLUS_PINNED_NATIVE_LOOP
FULL8,56,second_fit,5548,1,0,COMPLETED_STDOUT_ORDER_PLUS_PINNED_NATIVE_LOOP
FULL8,56,second_fit,5549,1,0,COMPLETED_STDOUT_ORDER_PLUS_PINNED_NATIVE_LOOP
FULL8,56,second_fit,5550,1,0,COMPLETED_STDOUT_ORDER_PLUS_PINNED_NATIVE_LOOP
FULL8,56,second_fit,5551,1,0,COMPLETED_STDOUT_ORDER_PLUS_PINNED_NATIVE_LOOP
FULL8,56,second_fit,5552,1,0,COMPLETED_STDOUT_ORDER_PLUS_PINNED_NATIVE_LOOP
FULL8,56,second_fit,5553,1,0,COMPLETED_STDOUT_ORDER_PLUS_PINNED_NATIVE_LOOP
FULL8,56,second_fit,5554,1,0,COMPLETED_STDOUT_ORDER_PLUS_PINNED_NATIVE_LOOP
FULL8,56,second_fit,5555,1,0,COMPLETED_STDOUT_ORDER_PLUS_PINNED_NATIVE_LOOP
FULL8,56,second_fit,5556,1,0,COMPLETED_STDOUT_ORDER_PLUS_PINNED_NATIVE_LOOP
FULL8,56,second_fit,5557,1,0,COMPLETED_STDOUT_ORDER_PLUS_PINNED_NATIVE_LOOP
FULL8,56,second_fit,5558,1,0,COMPLETED_STDOUT_ORDER_PLUS_PINNED_NATIVE_LOOP
FULL8,56,second_fit,5559,1,0,COMPLETED_STDOUT_ORDER_PLUS_PINNED_NATIVE_LOOP
FULL8,56,second_fit,5560,25,24,COMPLETED_STDOUT_ORDER_PLUS_PINNED_NATIVE_LOOP
FULL8,56,second_fit,5561,1,0,COMPLETED_STDOUT_ORDER_PLUS_PINNED_NATIVE_LOOP
FULL8,56,second_fit,5562,1,0,COMPLETED_STDOUT_ORDER_PLUS_PINNED_NATIVE_LOOP
FULL8,56,second_fit,5563,1,0,COMPLETED_STDOUT_ORDER_PLUS_PINNED_NATIVE_LOOP
FULL8,56,second_fit,5564,1,0,COMPLETED_STDOUT_ORDER_PLUS_PINNED_NATIVE_LOOP
FULL8,56,second_fit,5565,1,0,COMPLETED_STDOUT_ORDER_PLUS_PINNED_NATIVE_LOOP
FULL8,56,second_fit,5566,1,0,COMPLETED_STDOUT_ORDER_PLUS_PINNED_NATIVE_LOOP
FULL8,56,second_fit,5567,1,0,COMPLETED_STDOUT_ORDER_PLUS_PINNED_NATIVE_LOOP
FULL8,56,second_fit,5568,1,0,COMPLETED_STDOUT_ORDER_PLUS_PINNED_NATIVE_LOOP
FULL8,56,second_fit,5569,1,0,COMPLETED_STDOUT_ORDER_PLUS_PINNED_NATIVE_LOOP
FULL8,56,second_fit,5570,1,0,COMPLETED_STDOUT_ORDER_PLUS_PINNED_NATIVE_LOOP
FULL8,56,second_fit,5571,1,0,COMPLETED_STDOUT_ORDER_PLUS_PINNED_NATIVE_LOOP
FULL8,56,second_fit,5572,24,23,COMPLETED_STDOUT_ORDER_PLUS_PINNED_NATIVE_LOOP
FULL8,56,second_fit,5573,1,0,COMPLETED_STDOUT_ORDER_PLUS_PINNED_NATIVE_LOOP
FULL8,56,second_fit,5574,1,0,COMPLETED_STDOUT_ORDER_PLUS_PINNED_NATIVE_LOOP
FULL8,56,second_fit,5575,1,0,COMPLETED_STDOUT_ORDER_PLUS_PINNED_NATIVE_LOOP
FULL8,56,second_fit,5576,1,0,COMPLETED_STDOUT_ORDER_PLUS_PINNED_NATIVE_LOOP
FULL8,56,second_fit,5577,1,0,COMPLETED_STDOUT_ORDER_PLUS_PINNED_NATIVE_LOOP
FULL8,56,second_fit,5578,1,0,COMPLETED_STDOUT_ORDER_PLUS_PINNED_NATIVE_LOOP
FULL8,56,second_fit,5579,1,0,COMPLETED_STDOUT_ORDER_PLUS_PINNED_NATIVE_LOOP
FULL8,56,second_fit,5580,1,0,COMPLETED_STDOUT_ORDER_PLUS_PINNED_NATIVE_LOOP
FULL8,56,second_fit,5581,1,0,COMPLETED_STDOUT_ORDER_PLUS_PINNED_NATIVE_LOOP
FULL8,56,second_fit,5582,1,0,COMPLETED_STDOUT_ORDER_PLUS_PINNED_NATIVE_LOOP
FULL8,56,second_fit,5583,1,0,COMPLETED_STDOUT_ORDER_PLUS_PINNED_NATIVE_LOOP
FULL8,56,second_fit,5584,1,0,COMPLETED_STDOUT_ORDER_PLUS_PINNED_NATIVE_LOOP
FULL8,56,second_fit,5585,1,0,COMPLETED_STDOUT_ORDER_PLUS_PINNED_NATIVE_LOOP
FULL8,56,second_fit,5586,1,0,COMPLETED_STDOUT_ORDER_PLUS_PINNED_NATIVE_LOOP
FULL8,56,second_fit,5587,1,0,COMPLETED_STDOUT_ORDER_PLUS_PINNED_NATIVE_LOOP
FULL8,56,second_fit,5588,1,0,COMPLETED_STDOUT_ORDER_PLUS_PINNED_NATIVE_LOOP
FULL8,56,second_fit,5589,1,0,COMPLETED_STDOUT_ORDER_PLUS_PINNED_NATIVE_LOOP
FULL8,56,second_fit,5590,1,0,COMPLETED_STDOUT_ORDER_PLUS_PINNED_NATIVE_LOOP
FULL8,56,second_fit,5591,1,0,COMPLETED_STDOUT_ORDER_PLUS_PINNED_NATIVE_LOOP
FULL8,56,second_fit,5592,1,0,COMPLETED_STDOUT_ORDER_PLUS_PINNED_NATIVE_LOOP
FULL8,56,second_fit,5593,1,0,COMPLETED_STDOUT_ORDER_PLUS_PINNED_NATIVE_LOOP
FULL8,56,second_fit,5594,1,0,COMPLETED_STDOUT_ORDER_PLUS_PINNED_NATIVE_LOOP
FULL8,56,second_fit,5595,1,0,COMPLETED_STDOUT_ORDER_PLUS_PINNED_NATIVE_LOOP
FULL8,56,second_fit,5596,1,0,COMPLETED_STDOUT_ORDER_PLUS_PINNED_NATIVE_LOOP
FULL8,56,second_fit,5597,1,0,COMPLETED_STDOUT_ORDER_PLUS_PINNED_NATIVE_LOOP
FULL8,56,second_fit,5598,1,0,COMPLETED_STDOUT_ORDER_PLUS_PINNED_NATIVE_LOOP
FULL8,56,second_fit,5599,25,24,COMPLETED_STDOUT_ORDER_PLUS_PINNED_NATIVE_LOOP
FULL8,57,first_fit,5600,25,24,COMPLETED_STDOUT_ORDER_PLUS_PINNED_NATIVE_LOOP
FULL8,57,first_fit,5601,25,24,COMPLETED_STDOUT_ORDER_PLUS_PINNED_NATIVE_LOOP
FULL8,57,first_fit,5602,25,24,COMPLETED_STDOUT_ORDER_PLUS_PINNED_NATIVE_LOOP
FULL8,57,first_fit,5603,25,24,COMPLETED_STDOUT_ORDER_PLUS_PINNED_NATIVE_LOOP
FULL8,57,first_fit,5604,25,24,COMPLETED_STDOUT_ORDER_PLUS_PINNED_NATIVE_LOOP
FULL8,57,first_fit,5605,25,24,COMPLETED_STDOUT_ORDER_PLUS_PINNED_NATIVE_LOOP
FULL8,57,first_fit,5606,25,24,COMPLETED_STDOUT_ORDER_PLUS_PINNED_NATIVE_LOOP
FULL8,57,first_fit,5607,25,24,COMPLETED_STDOUT_ORDER_PLUS_PINNED_NATIVE_LOOP
FULL8,57,first_fit,5608,25,24,COMPLETED_STDOUT_ORDER_PLUS_PINNED_NATIVE_LOOP
FULL8,57,first_fit,5609,25,24,COMPLETED_STDOUT_ORDER_PLUS_PINNED_NATIVE_LOOP
FULL8,57,first_fit,5610,25,24,COMPLETED_STDOUT_ORDER_PLUS_PINNED_NATIVE_LOOP
FULL8,57,first_fit,5611,25,24,COMPLETED_STDOUT_ORDER_PLUS_PINNED_NATIVE_LOOP
FULL8,57,first_fit,5612,25,24,COMPLETED_STDOUT_ORDER_PLUS_PINNED_NATIVE_LOOP
FULL8,57,first_fit,5613,25,24,COMPLETED_STDOUT_ORDER_PLUS_PINNED_NATIVE_LOOP
FULL8,57,first_fit,5614,25,24,COMPLETED_STDOUT_ORDER_PLUS_PINNED_NATIVE_LOOP
FULL8,57,first_fit,5615,25,24,COMPLETED_STDOUT_ORDER_PLUS_PINNED_NATIVE_LOOP
FULL8,57,first_fit,5616,25,24,COMPLETED_STDOUT_ORDER_PLUS_PINNED_NATIVE_LOOP
FULL8,57,first_fit,5617,25,24,COMPLETED_STDOUT_ORDER_PLUS_PINNED_NATIVE_LOOP
FULL8,57,first_fit,5618,25,24,COMPLETED_STDOUT_ORDER_PLUS_PINNED_NATIVE_LOOP
FULL8,57,first_fit,5619,25,24,COMPLETED_STDOUT_ORDER_PLUS_PINNED_NATIVE_LOOP
FULL8,57,first_fit,5620,25,24,COMPLETED_STDOUT_ORDER_PLUS_PINNED_NATIVE_LOOP
FULL8,57,first_fit,5621,25,24,COMPLETED_STDOUT_ORDER_PLUS_PINNED_NATIVE_LOOP
FULL8,57,first_fit,5622,25,24,COMPLETED_STDOUT_ORDER_PLUS_PINNED_NATIVE_LOOP
FULL8,57,first_fit,5623,25,24,COMPLETED_STDOUT_ORDER_PLUS_PINNED_NATIVE_LOOP
FULL8,57,first_fit,5624,25,24,COMPLETED_STDOUT_ORDER_PLUS_PINNED_NATIVE_LOOP
FULL8,57,first_fit,5625,25,24,COMPLETED_STDOUT_ORDER_PLUS_PINNED_NATIVE_LOOP
FULL8,57,first_fit,5626,25,24,COMPLETED_STDOUT_ORDER_PLUS_PINNED_NATIVE_LOOP
FULL8,57,first_fit,5627,25,24,COMPLETED_STDOUT_ORDER_PLUS_PINNED_NATIVE_LOOP
FULL8,57,first_fit,5628,25,24,COMPLETED_STDOUT_ORDER_PLUS_PINNED_NATIVE_LOOP
FULL8,57,first_fit,5629,25,24,COMPLETED_STDOUT_ORDER_PLUS_PINNED_NATIVE_LOOP
FULL8,57,first_fit,5630,25,24,COMPLETED_STDOUT_ORDER_PLUS_PINNED_NATIVE_LOOP
FULL8,57,first_fit,5631,25,24,COMPLETED_STDOUT_ORDER_PLUS_PINNED_NATIVE_LOOP
FULL8,57,first_fit,5632,25,24,COMPLETED_STDOUT_ORDER_PLUS_PINNED_NATIVE_LOOP
FULL8,57,first_fit,5633,25,24,COMPLETED_STDOUT_ORDER_PLUS_PINNED_NATIVE_LOOP
FULL8,57,first_fit,5634,25,24,COMPLETED_STDOUT_ORDER_PLUS_PINNED_NATIVE_LOOP
FULL8,57,first_fit,5635,25,24,COMPLETED_STDOUT_ORDER_PLUS_PINNED_NATIVE_LOOP
FULL8,57,first_fit,5636,25,24,COMPLETED_STDOUT_ORDER_PLUS_PINNED_NATIVE_LOOP
FULL8,57,first_fit,5637,25,24,COMPLETED_STDOUT_ORDER_PLUS_PINNED_NATIVE_LOOP
FULL8,57,first_fit,5638,25,24,COMPLETED_STDOUT_ORDER_PLUS_PINNED_NATIVE_LOOP
FULL8,57,first_fit,5639,25,24,COMPLETED_STDOUT_ORDER_PLUS_PINNED_NATIVE_LOOP
FULL8,57,first_fit,5640,25,24,COMPLETED_STDOUT_ORDER_PLUS_PINNED_NATIVE_LOOP
FULL8,57,first_fit,5641,25,24,COMPLETED_STDOUT_ORDER_PLUS_PINNED_NATIVE_LOOP
FULL8,57,first_fit,5642,25,24,COMPLETED_STDOUT_ORDER_PLUS_PINNED_NATIVE_LOOP
FULL8,57,first_fit,5643,25,24,COMPLETED_STDOUT_ORDER_PLUS_PINNED_NATIVE_LOOP
FULL8,57,first_fit,5644,25,24,COMPLETED_STDOUT_ORDER_PLUS_PINNED_NATIVE_LOOP
FULL8,57,first_fit,5645,25,24,COMPLETED_STDOUT_ORDER_PLUS_PINNED_NATIVE_LOOP
FULL8,57,first_fit,5646,25,24,COMPLETED_STDOUT_ORDER_PLUS_PINNED_NATIVE_LOOP
FULL8,57,first_fit,5647,25,24,COMPLETED_STDOUT_ORDER_PLUS_PINNED_NATIVE_LOOP
FULL8,57,first_fit,5648,25,24,COMPLETED_STDOUT_ORDER_PLUS_PINNED_NATIVE_LOOP
FULL8,57,first_fit,5649,25,24,COMPLETED_STDOUT_ORDER_PLUS_PINNED_NATIVE_LOOP
FULL8,57,first_fit,5650,25,24,COMPLETED_STDOUT_ORDER_PLUS_PINNED_NATIVE_LOOP
FULL8,57,first_fit,5651,25,24,COMPLETED_STDOUT_ORDER_PLUS_PINNED_NATIVE_LOOP
FULL8,57,first_fit,5652,25,24,COMPLETED_STDOUT_ORDER_PLUS_PINNED_NATIVE_LOOP
FULL8,57,first_fit,5653,25,24,COMPLETED_STDOUT_ORDER_PLUS_PINNED_NATIVE_LOOP
FULL8,57,first_fit,5654,25,24,COMPLETED_STDOUT_ORDER_PLUS_PINNED_NATIVE_LOOP
FULL8,57,first_fit,5655,25,24,COMPLETED_STDOUT_ORDER_PLUS_PINNED_NATIVE_LOOP
FULL8,57,first_fit,5656,25,24,COMPLETED_STDOUT_ORDER_PLUS_PINNED_NATIVE_LOOP
FULL8,57,first_fit,5657,25,24,COMPLETED_STDOUT_ORDER_PLUS_PINNED_NATIVE_LOOP
FULL8,57,first_fit,5658,25,24,COMPLETED_STDOUT_ORDER_PLUS_PINNED_NATIVE_LOOP
FULL8,57,first_fit,5659,25,24,COMPLETED_STDOUT_ORDER_PLUS_PINNED_NATIVE_LOOP
FULL8,57,first_fit,5660,25,24,COMPLETED_STDOUT_ORDER_PLUS_PINNED_NATIVE_LOOP
FULL8,57,first_fit,5661,25,24,COMPLETED_STDOUT_ORDER_PLUS_PINNED_NATIVE_LOOP
FULL8,57,first_fit,5662,25,24,COMPLETED_STDOUT_ORDER_PLUS_PINNED_NATIVE_LOOP
FULL8,57,first_fit,5663,25,24,COMPLETED_STDOUT_ORDER_PLUS_PINNED_NATIVE_LOOP
FULL8,57,first_fit,5664,25,24,COMPLETED_STDOUT_ORDER_PLUS_PINNED_NATIVE_LOOP
FULL8,57,first_fit,5665,25,24,COMPLETED_STDOUT_ORDER_PLUS_PINNED_NATIVE_LOOP
FULL8,57,first_fit,5666,25,24,COMPLETED_STDOUT_ORDER_PLUS_PINNED_NATIVE_LOOP
FULL8,57,first_fit,5667,25,24,COMPLETED_STDOUT_ORDER_PLUS_PINNED_NATIVE_LOOP
FULL8,57,first_fit,5668,25,24,COMPLETED_STDOUT_ORDER_PLUS_PINNED_NATIVE_LOOP
FULL8,57,first_fit,5669,25,24,COMPLETED_STDOUT_ORDER_PLUS_PINNED_NATIVE_LOOP
FULL8,57,first_fit,5670,25,24,COMPLETED_STDOUT_ORDER_PLUS_PINNED_NATIVE_LOOP
FULL8,57,first_fit,5671,25,24,COMPLETED_STDOUT_ORDER_PLUS_PINNED_NATIVE_LOOP
FULL8,57,first_fit,5672,25,24,COMPLETED_STDOUT_ORDER_PLUS_PINNED_NATIVE_LOOP
FULL8,57,first_fit,5673,25,24,COMPLETED_STDOUT_ORDER_PLUS_PINNED_NATIVE_LOOP
FULL8,57,first_fit,5674,25,24,COMPLETED_STDOUT_ORDER_PLUS_PINNED_NATIVE_LOOP
FULL8,57,first_fit,5675,25,24,COMPLETED_STDOUT_ORDER_PLUS_PINNED_NATIVE_LOOP
FULL8,57,first_fit,5676,25,24,COMPLETED_STDOUT_ORDER_PLUS_PINNED_NATIVE_LOOP
FULL8,57,first_fit,5677,25,24,COMPLETED_STDOUT_ORDER_PLUS_PINNED_NATIVE_LOOP
FULL8,57,first_fit,5678,25,24,COMPLETED_STDOUT_ORDER_PLUS_PINNED_NATIVE_LOOP
FULL8,57,first_fit,5679,25,24,COMPLETED_STDOUT_ORDER_PLUS_PINNED_NATIVE_LOOP
FULL8,57,first_fit,5680,25,24,COMPLETED_STDOUT_ORDER_PLUS_PINNED_NATIVE_LOOP
FULL8,57,first_fit,5681,25,24,COMPLETED_STDOUT_ORDER_PLUS_PINNED_NATIVE_LOOP
FULL8,57,first_fit,5682,25,24,COMPLETED_STDOUT_ORDER_PLUS_PINNED_NATIVE_LOOP
FULL8,57,first_fit,5683,25,24,COMPLETED_STDOUT_ORDER_PLUS_PINNED_NATIVE_LOOP
FULL8,57,first_fit,5684,25,24,COMPLETED_STDOUT_ORDER_PLUS_PINNED_NATIVE_LOOP
FULL8,57,first_fit,5685,25,24,COMPLETED_STDOUT_ORDER_PLUS_PINNED_NATIVE_LOOP
FULL8,57,first_fit,5686,25,24,COMPLETED_STDOUT_ORDER_PLUS_PINNED_NATIVE_LOOP
FULL8,57,first_fit,5687,25,24,COMPLETED_STDOUT_ORDER_PLUS_PINNED_NATIVE_LOOP
FULL8,57,first_fit,5688,25,24,COMPLETED_STDOUT_ORDER_PLUS_PINNED_NATIVE_LOOP
FULL8,57,first_fit,5689,25,24,COMPLETED_STDOUT_ORDER_PLUS_PINNED_NATIVE_LOOP
FULL8,57,first_fit,5690,25,24,COMPLETED_STDOUT_ORDER_PLUS_PINNED_NATIVE_LOOP
FULL8,57,first_fit,5691,25,24,COMPLETED_STDOUT_ORDER_PLUS_PINNED_NATIVE_LOOP
FULL8,57,first_fit,5692,25,24,COMPLETED_STDOUT_ORDER_PLUS_PINNED_NATIVE_LOOP
FULL8,57,first_fit,5693,25,24,COMPLETED_STDOUT_ORDER_PLUS_PINNED_NATIVE_LOOP
FULL8,57,first_fit,5694,25,24,COMPLETED_STDOUT_ORDER_PLUS_PINNED_NATIVE_LOOP
FULL8,57,first_fit,5695,25,24,COMPLETED_STDOUT_ORDER_PLUS_PINNED_NATIVE_LOOP
FULL8,57,first_fit,5696,25,24,COMPLETED_STDOUT_ORDER_PLUS_PINNED_NATIVE_LOOP
FULL8,57,first_fit,5697,25,24,COMPLETED_STDOUT_ORDER_PLUS_PINNED_NATIVE_LOOP
FULL8,57,first_fit,5698,25,24,COMPLETED_STDOUT_ORDER_PLUS_PINNED_NATIVE_LOOP
FULL8,57,first_fit,5699,25,24,COMPLETED_STDOUT_ORDER_PLUS_PINNED_NATIVE_LOOP
FULL8,57,second_fit,5600,1,0,COMPLETED_STDOUT_ORDER_PLUS_PINNED_NATIVE_LOOP
FULL8,57,second_fit,5601,1,0,COMPLETED_STDOUT_ORDER_PLUS_PINNED_NATIVE_LOOP
FULL8,57,second_fit,5602,1,0,COMPLETED_STDOUT_ORDER_PLUS_PINNED_NATIVE_LOOP
FULL8,57,second_fit,5603,1,0,COMPLETED_STDOUT_ORDER_PLUS_PINNED_NATIVE_LOOP
FULL8,57,second_fit,5604,1,0,COMPLETED_STDOUT_ORDER_PLUS_PINNED_NATIVE_LOOP
FULL8,57,second_fit,5605,1,0,COMPLETED_STDOUT_ORDER_PLUS_PINNED_NATIVE_LOOP
FULL8,57,second_fit,5606,1,0,COMPLETED_STDOUT_ORDER_PLUS_PINNED_NATIVE_LOOP
FULL8,57,second_fit,5607,1,0,COMPLETED_STDOUT_ORDER_PLUS_PINNED_NATIVE_LOOP
FULL8,57,second_fit,5608,1,0,COMPLETED_STDOUT_ORDER_PLUS_PINNED_NATIVE_LOOP
FULL8,57,second_fit,5609,1,0,COMPLETED_STDOUT_ORDER_PLUS_PINNED_NATIVE_LOOP
FULL8,57,second_fit,5610,1,0,COMPLETED_STDOUT_ORDER_PLUS_PINNED_NATIVE_LOOP
FULL8,57,second_fit,5611,1,0,COMPLETED_STDOUT_ORDER_PLUS_PINNED_NATIVE_LOOP
FULL8,57,second_fit,5612,1,0,COMPLETED_STDOUT_ORDER_PLUS_PINNED_NATIVE_LOOP
FULL8,57,second_fit,5613,1,0,COMPLETED_STDOUT_ORDER_PLUS_PINNED_NATIVE_LOOP
FULL8,57,second_fit,5614,1,0,COMPLETED_STDOUT_ORDER_PLUS_PINNED_NATIVE_LOOP
FULL8,57,second_fit,5615,25,24,COMPLETED_STDOUT_ORDER_PLUS_PINNED_NATIVE_LOOP
FULL8,57,second_fit,5616,1,0,COMPLETED_STDOUT_ORDER_PLUS_PINNED_NATIVE_LOOP
FULL8,57,second_fit,5617,1,0,COMPLETED_STDOUT_ORDER_PLUS_PINNED_NATIVE_LOOP
FULL8,57,second_fit,5618,1,0,COMPLETED_STDOUT_ORDER_PLUS_PINNED_NATIVE_LOOP
FULL8,57,second_fit,5619,1,0,COMPLETED_STDOUT_ORDER_PLUS_PINNED_NATIVE_LOOP
FULL8,57,second_fit,5620,1,0,COMPLETED_STDOUT_ORDER_PLUS_PINNED_NATIVE_LOOP
FULL8,57,second_fit,5621,1,0,COMPLETED_STDOUT_ORDER_PLUS_PINNED_NATIVE_LOOP
FULL8,57,second_fit,5622,1,0,COMPLETED_STDOUT_ORDER_PLUS_PINNED_NATIVE_LOOP
FULL8,57,second_fit,5623,1,0,COMPLETED_STDOUT_ORDER_PLUS_PINNED_NATIVE_LOOP
FULL8,57,second_fit,5624,1,0,COMPLETED_STDOUT_ORDER_PLUS_PINNED_NATIVE_LOOP
FULL8,57,second_fit,5625,25,24,COMPLETED_STDOUT_ORDER_PLUS_PINNED_NATIVE_LOOP
FULL8,57,second_fit,5626,25,24,COMPLETED_STDOUT_ORDER_PLUS_PINNED_NATIVE_LOOP
FULL8,57,second_fit,5627,1,0,COMPLETED_STDOUT_ORDER_PLUS_PINNED_NATIVE_LOOP
FULL8,57,second_fit,5628,1,0,COMPLETED_STDOUT_ORDER_PLUS_PINNED_NATIVE_LOOP
FULL8,57,second_fit,5629,1,0,COMPLETED_STDOUT_ORDER_PLUS_PINNED_NATIVE_LOOP
FULL8,57,second_fit,5630,1,0,COMPLETED_STDOUT_ORDER_PLUS_PINNED_NATIVE_LOOP
FULL8,57,second_fit,5631,1,0,COMPLETED_STDOUT_ORDER_PLUS_PINNED_NATIVE_LOOP
FULL8,57,second_fit,5632,1,0,COMPLETED_STDOUT_ORDER_PLUS_PINNED_NATIVE_LOOP
FULL8,57,second_fit,5633,1,0,COMPLETED_STDOUT_ORDER_PLUS_PINNED_NATIVE_LOOP
FULL8,57,second_fit,5634,1,0,COMPLETED_STDOUT_ORDER_PLUS_PINNED_NATIVE_LOOP
FULL8,57,second_fit,5635,1,0,COMPLETED_STDOUT_ORDER_PLUS_PINNED_NATIVE_LOOP
FULL8,57,second_fit,5636,1,0,COMPLETED_STDOUT_ORDER_PLUS_PINNED_NATIVE_LOOP
FULL8,57,second_fit,5637,1,0,COMPLETED_STDOUT_ORDER_PLUS_PINNED_NATIVE_LOOP
FULL8,57,second_fit,5638,1,0,COMPLETED_STDOUT_ORDER_PLUS_PINNED_NATIVE_LOOP
FULL8,57,second_fit,5639,1,0,COMPLETED_STDOUT_ORDER_PLUS_PINNED_NATIVE_LOOP
FULL8,57,second_fit,5640,1,0,COMPLETED_STDOUT_ORDER_PLUS_PINNED_NATIVE_LOOP
FULL8,57,second_fit,5641,1,0,COMPLETED_STDOUT_ORDER_PLUS_PINNED_NATIVE_LOOP
FULL8,57,second_fit,5642,1,0,COMPLETED_STDOUT_ORDER_PLUS_PINNED_NATIVE_LOOP
FULL8,57,second_fit,5643,1,0,COMPLETED_STDOUT_ORDER_PLUS_PINNED_NATIVE_LOOP
FULL8,57,second_fit,5644,1,0,COMPLETED_STDOUT_ORDER_PLUS_PINNED_NATIVE_LOOP
FULL8,57,second_fit,5645,1,0,COMPLETED_STDOUT_ORDER_PLUS_PINNED_NATIVE_LOOP
FULL8,57,second_fit,5646,1,0,COMPLETED_STDOUT_ORDER_PLUS_PINNED_NATIVE_LOOP
FULL8,57,second_fit,5647,1,0,COMPLETED_STDOUT_ORDER_PLUS_PINNED_NATIVE_LOOP
FULL8,57,second_fit,5648,1,0,COMPLETED_STDOUT_ORDER_PLUS_PINNED_NATIVE_LOOP
FULL8,57,second_fit,5649,1,0,COMPLETED_STDOUT_ORDER_PLUS_PINNED_NATIVE_LOOP
FULL8,57,second_fit,5650,1,0,COMPLETED_STDOUT_ORDER_PLUS_PINNED_NATIVE_LOOP
FULL8,57,second_fit,5651,1,0,COMPLETED_STDOUT_ORDER_PLUS_PINNED_NATIVE_LOOP
FULL8,57,second_fit,5652,1,0,COMPLETED_STDOUT_ORDER_PLUS_PINNED_NATIVE_LOOP
FULL8,57,second_fit,5653,1,0,COMPLETED_STDOUT_ORDER_PLUS_PINNED_NATIVE_LOOP
FULL8,57,second_fit,5654,1,0,COMPLETED_STDOUT_ORDER_PLUS_PINNED_NATIVE_LOOP
FULL8,57,second_fit,5655,1,0,COMPLETED_STDOUT_ORDER_PLUS_PINNED_NATIVE_LOOP
FULL8,57,second_fit,5656,1,0,COMPLETED_STDOUT_ORDER_PLUS_PINNED_NATIVE_LOOP
FULL8,57,second_fit,5657,1,0,COMPLETED_STDOUT_ORDER_PLUS_PINNED_NATIVE_LOOP
FULL8,57,second_fit,5658,1,0,COMPLETED_STDOUT_ORDER_PLUS_PINNED_NATIVE_LOOP
FULL8,57,second_fit,5659,1,0,COMPLETED_STDOUT_ORDER_PLUS_PINNED_NATIVE_LOOP
FULL8,57,second_fit,5660,1,0,COMPLETED_STDOUT_ORDER_PLUS_PINNED_NATIVE_LOOP
FULL8,57,second_fit,5661,1,0,COMPLETED_STDOUT_ORDER_PLUS_PINNED_NATIVE_LOOP
FULL8,57,second_fit,5662,1,0,COMPLETED_STDOUT_ORDER_PLUS_PINNED_NATIVE_LOOP
FULL8,57,second_fit,5663,1,0,COMPLETED_STDOUT_ORDER_PLUS_PINNED_NATIVE_LOOP
FULL8,57,second_fit,5664,1,0,COMPLETED_STDOUT_ORDER_PLUS_PINNED_NATIVE_LOOP
FULL8,57,second_fit,5665,1,0,COMPLETED_STDOUT_ORDER_PLUS_PINNED_NATIVE_LOOP
FULL8,57,second_fit,5666,1,0,COMPLETED_STDOUT_ORDER_PLUS_PINNED_NATIVE_LOOP
FULL8,57,second_fit,5667,1,0,COMPLETED_STDOUT_ORDER_PLUS_PINNED_NATIVE_LOOP
FULL8,57,second_fit,5668,1,0,COMPLETED_STDOUT_ORDER_PLUS_PINNED_NATIVE_LOOP
FULL8,57,second_fit,5669,1,0,COMPLETED_STDOUT_ORDER_PLUS_PINNED_NATIVE_LOOP
FULL8,57,second_fit,5670,1,0,COMPLETED_STDOUT_ORDER_PLUS_PINNED_NATIVE_LOOP
FULL8,57,second_fit,5671,1,0,COMPLETED_STDOUT_ORDER_PLUS_PINNED_NATIVE_LOOP
FULL8,57,second_fit,5672,1,0,COMPLETED_STDOUT_ORDER_PLUS_PINNED_NATIVE_LOOP
FULL8,57,second_fit,5673,1,0,COMPLETED_STDOUT_ORDER_PLUS_PINNED_NATIVE_LOOP
FULL8,57,second_fit,5674,1,0,COMPLETED_STDOUT_ORDER_PLUS_PINNED_NATIVE_LOOP
FULL8,57,second_fit,5675,1,0,COMPLETED_STDOUT_ORDER_PLUS_PINNED_NATIVE_LOOP
FULL8,57,second_fit,5676,1,0,COMPLETED_STDOUT_ORDER_PLUS_PINNED_NATIVE_LOOP
FULL8,57,second_fit,5677,1,0,COMPLETED_STDOUT_ORDER_PLUS_PINNED_NATIVE_LOOP
FULL8,57,second_fit,5678,1,0,COMPLETED_STDOUT_ORDER_PLUS_PINNED_NATIVE_LOOP
FULL8,57,second_fit,5679,1,0,COMPLETED_STDOUT_ORDER_PLUS_PINNED_NATIVE_LOOP
FULL8,57,second_fit,5680,1,0,COMPLETED_STDOUT_ORDER_PLUS_PINNED_NATIVE_LOOP
FULL8,57,second_fit,5681,1,0,COMPLETED_STDOUT_ORDER_PLUS_PINNED_NATIVE_LOOP
FULL8,57,second_fit,5682,1,0,COMPLETED_STDOUT_ORDER_PLUS_PINNED_NATIVE_LOOP
FULL8,57,second_fit,5683,1,0,COMPLETED_STDOUT_ORDER_PLUS_PINNED_NATIVE_LOOP
FULL8,57,second_fit,5684,1,0,COMPLETED_STDOUT_ORDER_PLUS_PINNED_NATIVE_LOOP
FULL8,57,second_fit,5685,25,24,COMPLETED_STDOUT_ORDER_PLUS_PINNED_NATIVE_LOOP
FULL8,57,second_fit,5686,1,0,COMPLETED_STDOUT_ORDER_PLUS_PINNED_NATIVE_LOOP
FULL8,57,second_fit,5687,1,0,COMPLETED_STDOUT_ORDER_PLUS_PINNED_NATIVE_LOOP
FULL8,57,second_fit,5688,1,0,COMPLETED_STDOUT_ORDER_PLUS_PINNED_NATIVE_LOOP
FULL8,57,second_fit,5689,1,0,COMPLETED_STDOUT_ORDER_PLUS_PINNED_NATIVE_LOOP
FULL8,57,second_fit,5690,1,0,COMPLETED_STDOUT_ORDER_PLUS_PINNED_NATIVE_LOOP
FULL8,57,second_fit,5691,1,0,COMPLETED_STDOUT_ORDER_PLUS_PINNED_NATIVE_LOOP
FULL8,57,second_fit,5692,1,0,COMPLETED_STDOUT_ORDER_PLUS_PINNED_NATIVE_LOOP
FULL8,57,second_fit,5693,1,0,COMPLETED_STDOUT_ORDER_PLUS_PINNED_NATIVE_LOOP
FULL8,57,second_fit,5694,1,0,COMPLETED_STDOUT_ORDER_PLUS_PINNED_NATIVE_LOOP
FULL8,57,second_fit,5695,1,0,COMPLETED_STDOUT_ORDER_PLUS_PINNED_NATIVE_LOOP
FULL8,57,second_fit,5696,25,24,COMPLETED_STDOUT_ORDER_PLUS_PINNED_NATIVE_LOOP
FULL8,57,second_fit,5697,25,24,COMPLETED_STDOUT_ORDER_PLUS_PINNED_NATIVE_LOOP
FULL8,57,second_fit,5698,1,0,COMPLETED_STDOUT_ORDER_PLUS_PINNED_NATIVE_LOOP
FULL8,57,second_fit,5699,1,0,COMPLETED_STDOUT_ORDER_PLUS_PINNED_NATIVE_LOOP
FULL8,58,first_fit,5700,25,24,COMPLETED_STDOUT_ORDER_PLUS_PINNED_NATIVE_LOOP
FULL8,58,first_fit,5701,25,24,COMPLETED_STDOUT_ORDER_PLUS_PINNED_NATIVE_LOOP
FULL8,58,first_fit,5702,25,24,COMPLETED_STDOUT_ORDER_PLUS_PINNED_NATIVE_LOOP
FULL8,58,first_fit,5703,25,24,COMPLETED_STDOUT_ORDER_PLUS_PINNED_NATIVE_LOOP
FULL8,58,first_fit,5704,25,24,COMPLETED_STDOUT_ORDER_PLUS_PINNED_NATIVE_LOOP
FULL8,58,first_fit,5705,25,24,COMPLETED_STDOUT_ORDER_PLUS_PINNED_NATIVE_LOOP
FULL8,58,first_fit,5706,25,24,COMPLETED_STDOUT_ORDER_PLUS_PINNED_NATIVE_LOOP
FULL8,58,first_fit,5707,25,24,COMPLETED_STDOUT_ORDER_PLUS_PINNED_NATIVE_LOOP
FULL8,58,first_fit,5708,25,24,COMPLETED_STDOUT_ORDER_PLUS_PINNED_NATIVE_LOOP
FULL8,58,first_fit,5709,25,24,COMPLETED_STDOUT_ORDER_PLUS_PINNED_NATIVE_LOOP
FULL8,58,first_fit,5710,25,24,COMPLETED_STDOUT_ORDER_PLUS_PINNED_NATIVE_LOOP
FULL8,58,first_fit,5711,25,24,COMPLETED_STDOUT_ORDER_PLUS_PINNED_NATIVE_LOOP
FULL8,58,first_fit,5712,25,24,COMPLETED_STDOUT_ORDER_PLUS_PINNED_NATIVE_LOOP
FULL8,58,first_fit,5713,25,24,COMPLETED_STDOUT_ORDER_PLUS_PINNED_NATIVE_LOOP
FULL8,58,first_fit,5714,25,24,COMPLETED_STDOUT_ORDER_PLUS_PINNED_NATIVE_LOOP
FULL8,58,first_fit,5715,25,24,COMPLETED_STDOUT_ORDER_PLUS_PINNED_NATIVE_LOOP
FULL8,58,first_fit,5716,25,24,COMPLETED_STDOUT_ORDER_PLUS_PINNED_NATIVE_LOOP
FULL8,58,first_fit,5717,25,24,COMPLETED_STDOUT_ORDER_PLUS_PINNED_NATIVE_LOOP
FULL8,58,first_fit,5718,25,24,COMPLETED_STDOUT_ORDER_PLUS_PINNED_NATIVE_LOOP
FULL8,58,first_fit,5719,25,24,COMPLETED_STDOUT_ORDER_PLUS_PINNED_NATIVE_LOOP
FULL8,58,first_fit,5720,25,24,COMPLETED_STDOUT_ORDER_PLUS_PINNED_NATIVE_LOOP
FULL8,58,first_fit,5721,25,24,COMPLETED_STDOUT_ORDER_PLUS_PINNED_NATIVE_LOOP
FULL8,58,first_fit,5722,25,24,COMPLETED_STDOUT_ORDER_PLUS_PINNED_NATIVE_LOOP
FULL8,58,first_fit,5723,25,24,COMPLETED_STDOUT_ORDER_PLUS_PINNED_NATIVE_LOOP
FULL8,58,first_fit,5724,25,24,COMPLETED_STDOUT_ORDER_PLUS_PINNED_NATIVE_LOOP
FULL8,58,first_fit,5725,25,24,COMPLETED_STDOUT_ORDER_PLUS_PINNED_NATIVE_LOOP
FULL8,58,first_fit,5726,25,24,COMPLETED_STDOUT_ORDER_PLUS_PINNED_NATIVE_LOOP
FULL8,58,first_fit,5727,25,24,COMPLETED_STDOUT_ORDER_PLUS_PINNED_NATIVE_LOOP
FULL8,58,first_fit,5728,25,24,COMPLETED_STDOUT_ORDER_PLUS_PINNED_NATIVE_LOOP
FULL8,58,first_fit,5729,25,24,COMPLETED_STDOUT_ORDER_PLUS_PINNED_NATIVE_LOOP
FULL8,58,first_fit,5730,25,24,COMPLETED_STDOUT_ORDER_PLUS_PINNED_NATIVE_LOOP
FULL8,58,first_fit,5731,25,24,COMPLETED_STDOUT_ORDER_PLUS_PINNED_NATIVE_LOOP
FULL8,58,first_fit,5732,25,24,COMPLETED_STDOUT_ORDER_PLUS_PINNED_NATIVE_LOOP
FULL8,58,first_fit,5733,25,24,COMPLETED_STDOUT_ORDER_PLUS_PINNED_NATIVE_LOOP
FULL8,58,first_fit,5734,25,24,COMPLETED_STDOUT_ORDER_PLUS_PINNED_NATIVE_LOOP
FULL8,58,first_fit,5735,25,24,COMPLETED_STDOUT_ORDER_PLUS_PINNED_NATIVE_LOOP
FULL8,58,first_fit,5736,25,24,COMPLETED_STDOUT_ORDER_PLUS_PINNED_NATIVE_LOOP
FULL8,58,first_fit,5737,25,24,COMPLETED_STDOUT_ORDER_PLUS_PINNED_NATIVE_LOOP
FULL8,58,first_fit,5738,25,24,COMPLETED_STDOUT_ORDER_PLUS_PINNED_NATIVE_LOOP
FULL8,58,first_fit,5739,25,24,COMPLETED_STDOUT_ORDER_PLUS_PINNED_NATIVE_LOOP
FULL8,58,first_fit,5740,25,24,COMPLETED_STDOUT_ORDER_PLUS_PINNED_NATIVE_LOOP
FULL8,58,first_fit,5741,25,24,COMPLETED_STDOUT_ORDER_PLUS_PINNED_NATIVE_LOOP
FULL8,58,first_fit,5742,25,24,COMPLETED_STDOUT_ORDER_PLUS_PINNED_NATIVE_LOOP
FULL8,58,first_fit,5743,25,24,COMPLETED_STDOUT_ORDER_PLUS_PINNED_NATIVE_LOOP
FULL8,58,first_fit,5744,25,24,COMPLETED_STDOUT_ORDER_PLUS_PINNED_NATIVE_LOOP
FULL8,58,first_fit,5745,25,24,COMPLETED_STDOUT_ORDER_PLUS_PINNED_NATIVE_LOOP
FULL8,58,first_fit,5746,25,24,COMPLETED_STDOUT_ORDER_PLUS_PINNED_NATIVE_LOOP
FULL8,58,first_fit,5747,25,24,COMPLETED_STDOUT_ORDER_PLUS_PINNED_NATIVE_LOOP
FULL8,58,first_fit,5748,25,24,COMPLETED_STDOUT_ORDER_PLUS_PINNED_NATIVE_LOOP
FULL8,58,first_fit,5749,25,24,COMPLETED_STDOUT_ORDER_PLUS_PINNED_NATIVE_LOOP
FULL8,58,first_fit,5750,25,24,COMPLETED_STDOUT_ORDER_PLUS_PINNED_NATIVE_LOOP
FULL8,58,first_fit,5751,25,24,COMPLETED_STDOUT_ORDER_PLUS_PINNED_NATIVE_LOOP
FULL8,58,first_fit,5752,25,24,COMPLETED_STDOUT_ORDER_PLUS_PINNED_NATIVE_LOOP
FULL8,58,first_fit,5753,25,24,COMPLETED_STDOUT_ORDER_PLUS_PINNED_NATIVE_LOOP
FULL8,58,first_fit,5754,25,24,COMPLETED_STDOUT_ORDER_PLUS_PINNED_NATIVE_LOOP
FULL8,58,first_fit,5755,25,24,COMPLETED_STDOUT_ORDER_PLUS_PINNED_NATIVE_LOOP
FULL8,58,first_fit,5756,25,24,COMPLETED_STDOUT_ORDER_PLUS_PINNED_NATIVE_LOOP
FULL8,58,first_fit,5757,25,24,COMPLETED_STDOUT_ORDER_PLUS_PINNED_NATIVE_LOOP
FULL8,58,first_fit,5758,25,24,COMPLETED_STDOUT_ORDER_PLUS_PINNED_NATIVE_LOOP
FULL8,58,first_fit,5759,25,24,COMPLETED_STDOUT_ORDER_PLUS_PINNED_NATIVE_LOOP
FULL8,58,first_fit,5760,25,24,COMPLETED_STDOUT_ORDER_PLUS_PINNED_NATIVE_LOOP
FULL8,58,first_fit,5761,25,24,COMPLETED_STDOUT_ORDER_PLUS_PINNED_NATIVE_LOOP
FULL8,58,first_fit,5762,25,24,COMPLETED_STDOUT_ORDER_PLUS_PINNED_NATIVE_LOOP
FULL8,58,first_fit,5763,25,24,COMPLETED_STDOUT_ORDER_PLUS_PINNED_NATIVE_LOOP
FULL8,58,first_fit,5764,25,24,COMPLETED_STDOUT_ORDER_PLUS_PINNED_NATIVE_LOOP
FULL8,58,first_fit,5765,25,24,COMPLETED_STDOUT_ORDER_PLUS_PINNED_NATIVE_LOOP
FULL8,58,first_fit,5766,25,24,COMPLETED_STDOUT_ORDER_PLUS_PINNED_NATIVE_LOOP
FULL8,58,first_fit,5767,25,24,COMPLETED_STDOUT_ORDER_PLUS_PINNED_NATIVE_LOOP
FULL8,58,first_fit,5768,25,24,COMPLETED_STDOUT_ORDER_PLUS_PINNED_NATIVE_LOOP
FULL8,58,first_fit,5769,25,24,COMPLETED_STDOUT_ORDER_PLUS_PINNED_NATIVE_LOOP
FULL8,58,first_fit,5770,25,24,COMPLETED_STDOUT_ORDER_PLUS_PINNED_NATIVE_LOOP
FULL8,58,first_fit,5771,25,24,COMPLETED_STDOUT_ORDER_PLUS_PINNED_NATIVE_LOOP
FULL8,58,first_fit,5772,25,24,COMPLETED_STDOUT_ORDER_PLUS_PINNED_NATIVE_LOOP
FULL8,58,first_fit,5773,25,24,COMPLETED_STDOUT_ORDER_PLUS_PINNED_NATIVE_LOOP
FULL8,58,first_fit,5774,25,24,COMPLETED_STDOUT_ORDER_PLUS_PINNED_NATIVE_LOOP
FULL8,58,first_fit,5775,25,24,COMPLETED_STDOUT_ORDER_PLUS_PINNED_NATIVE_LOOP
FULL8,58,first_fit,5776,25,24,COMPLETED_STDOUT_ORDER_PLUS_PINNED_NATIVE_LOOP
FULL8,58,first_fit,5777,25,24,COMPLETED_STDOUT_ORDER_PLUS_PINNED_NATIVE_LOOP
FULL8,58,first_fit,5778,25,24,COMPLETED_STDOUT_ORDER_PLUS_PINNED_NATIVE_LOOP
FULL8,58,first_fit,5779,25,24,COMPLETED_STDOUT_ORDER_PLUS_PINNED_NATIVE_LOOP
FULL8,58,first_fit,5780,25,24,COMPLETED_STDOUT_ORDER_PLUS_PINNED_NATIVE_LOOP
FULL8,58,first_fit,5781,25,24,COMPLETED_STDOUT_ORDER_PLUS_PINNED_NATIVE_LOOP
FULL8,58,first_fit,5782,25,24,COMPLETED_STDOUT_ORDER_PLUS_PINNED_NATIVE_LOOP
FULL8,58,first_fit,5783,25,24,COMPLETED_STDOUT_ORDER_PLUS_PINNED_NATIVE_LOOP
FULL8,58,first_fit,5784,25,24,COMPLETED_STDOUT_ORDER_PLUS_PINNED_NATIVE_LOOP
FULL8,58,first_fit,5785,25,24,COMPLETED_STDOUT_ORDER_PLUS_PINNED_NATIVE_LOOP
FULL8,58,first_fit,5786,25,24,COMPLETED_STDOUT_ORDER_PLUS_PINNED_NATIVE_LOOP
FULL8,58,first_fit,5787,25,24,COMPLETED_STDOUT_ORDER_PLUS_PINNED_NATIVE_LOOP
FULL8,58,first_fit,5788,25,24,COMPLETED_STDOUT_ORDER_PLUS_PINNED_NATIVE_LOOP
FULL8,58,first_fit,5789,25,24,COMPLETED_STDOUT_ORDER_PLUS_PINNED_NATIVE_LOOP
FULL8,58,first_fit,5790,25,24,COMPLETED_STDOUT_ORDER_PLUS_PINNED_NATIVE_LOOP
FULL8,58,first_fit,5791,25,24,COMPLETED_STDOUT_ORDER_PLUS_PINNED_NATIVE_LOOP
FULL8,58,first_fit,5792,25,24,COMPLETED_STDOUT_ORDER_PLUS_PINNED_NATIVE_LOOP
FULL8,58,first_fit,5793,25,24,COMPLETED_STDOUT_ORDER_PLUS_PINNED_NATIVE_LOOP
FULL8,58,first_fit,5794,25,24,COMPLETED_STDOUT_ORDER_PLUS_PINNED_NATIVE_LOOP
FULL8,58,first_fit,5795,25,24,COMPLETED_STDOUT_ORDER_PLUS_PINNED_NATIVE_LOOP
FULL8,58,first_fit,5796,25,24,COMPLETED_STDOUT_ORDER_PLUS_PINNED_NATIVE_LOOP
FULL8,58,first_fit,5797,25,24,COMPLETED_STDOUT_ORDER_PLUS_PINNED_NATIVE_LOOP
FULL8,58,first_fit,5798,25,24,COMPLETED_STDOUT_ORDER_PLUS_PINNED_NATIVE_LOOP
FULL8,58,first_fit,5799,25,24,COMPLETED_STDOUT_ORDER_PLUS_PINNED_NATIVE_LOOP
FULL8,58,second_fit,5700,25,24,COMPLETED_STDOUT_ORDER_PLUS_PINNED_NATIVE_LOOP
FULL8,58,second_fit,5701,1,0,COMPLETED_STDOUT_ORDER_PLUS_PINNED_NATIVE_LOOP
FULL8,58,second_fit,5702,1,0,COMPLETED_STDOUT_ORDER_PLUS_PINNED_NATIVE_LOOP
FULL8,58,second_fit,5703,1,0,COMPLETED_STDOUT_ORDER_PLUS_PINNED_NATIVE_LOOP
FULL8,58,second_fit,5704,1,0,COMPLETED_STDOUT_ORDER_PLUS_PINNED_NATIVE_LOOP
FULL8,58,second_fit,5705,1,0,COMPLETED_STDOUT_ORDER_PLUS_PINNED_NATIVE_LOOP
FULL8,58,second_fit,5706,25,24,COMPLETED_STDOUT_ORDER_PLUS_PINNED_NATIVE_LOOP
FULL8,58,second_fit,5707,1,0,COMPLETED_STDOUT_ORDER_PLUS_PINNED_NATIVE_LOOP
FULL8,58,second_fit,5708,1,0,COMPLETED_STDOUT_ORDER_PLUS_PINNED_NATIVE_LOOP
FULL8,58,second_fit,5709,1,0,COMPLETED_STDOUT_ORDER_PLUS_PINNED_NATIVE_LOOP
FULL8,58,second_fit,5710,1,0,COMPLETED_STDOUT_ORDER_PLUS_PINNED_NATIVE_LOOP
FULL8,58,second_fit,5711,1,0,COMPLETED_STDOUT_ORDER_PLUS_PINNED_NATIVE_LOOP
FULL8,58,second_fit,5712,1,0,COMPLETED_STDOUT_ORDER_PLUS_PINNED_NATIVE_LOOP
FULL8,58,second_fit,5713,25,24,COMPLETED_STDOUT_ORDER_PLUS_PINNED_NATIVE_LOOP
FULL8,58,second_fit,5714,1,0,COMPLETED_STDOUT_ORDER_PLUS_PINNED_NATIVE_LOOP
FULL8,58,second_fit,5715,1,0,COMPLETED_STDOUT_ORDER_PLUS_PINNED_NATIVE_LOOP
FULL8,58,second_fit,5716,1,0,COMPLETED_STDOUT_ORDER_PLUS_PINNED_NATIVE_LOOP
FULL8,58,second_fit,5717,1,0,COMPLETED_STDOUT_ORDER_PLUS_PINNED_NATIVE_LOOP
FULL8,58,second_fit,5718,1,0,COMPLETED_STDOUT_ORDER_PLUS_PINNED_NATIVE_LOOP
FULL8,58,second_fit,5719,1,0,COMPLETED_STDOUT_ORDER_PLUS_PINNED_NATIVE_LOOP
FULL8,58,second_fit,5720,1,0,COMPLETED_STDOUT_ORDER_PLUS_PINNED_NATIVE_LOOP
FULL8,58,second_fit,5721,1,0,COMPLETED_STDOUT_ORDER_PLUS_PINNED_NATIVE_LOOP
FULL8,58,second_fit,5722,1,0,COMPLETED_STDOUT_ORDER_PLUS_PINNED_NATIVE_LOOP
FULL8,58,second_fit,5723,1,0,COMPLETED_STDOUT_ORDER_PLUS_PINNED_NATIVE_LOOP
FULL8,58,second_fit,5724,1,0,COMPLETED_STDOUT_ORDER_PLUS_PINNED_NATIVE_LOOP
FULL8,58,second_fit,5725,1,0,COMPLETED_STDOUT_ORDER_PLUS_PINNED_NATIVE_LOOP
FULL8,58,second_fit,5726,1,0,COMPLETED_STDOUT_ORDER_PLUS_PINNED_NATIVE_LOOP
FULL8,58,second_fit,5727,1,0,COMPLETED_STDOUT_ORDER_PLUS_PINNED_NATIVE_LOOP
FULL8,58,second_fit,5728,1,0,COMPLETED_STDOUT_ORDER_PLUS_PINNED_NATIVE_LOOP
FULL8,58,second_fit,5729,1,0,COMPLETED_STDOUT_ORDER_PLUS_PINNED_NATIVE_LOOP
FULL8,58,second_fit,5730,1,0,COMPLETED_STDOUT_ORDER_PLUS_PINNED_NATIVE_LOOP
FULL8,58,second_fit,5731,1,0,COMPLETED_STDOUT_ORDER_PLUS_PINNED_NATIVE_LOOP
FULL8,58,second_fit,5732,1,0,COMPLETED_STDOUT_ORDER_PLUS_PINNED_NATIVE_LOOP
FULL8,58,second_fit,5733,1,0,COMPLETED_STDOUT_ORDER_PLUS_PINNED_NATIVE_LOOP
FULL8,58,second_fit,5734,1,0,COMPLETED_STDOUT_ORDER_PLUS_PINNED_NATIVE_LOOP
FULL8,58,second_fit,5735,1,0,COMPLETED_STDOUT_ORDER_PLUS_PINNED_NATIVE_LOOP
FULL8,58,second_fit,5736,1,0,COMPLETED_STDOUT_ORDER_PLUS_PINNED_NATIVE_LOOP
FULL8,58,second_fit,5737,1,0,COMPLETED_STDOUT_ORDER_PLUS_PINNED_NATIVE_LOOP
FULL8,58,second_fit,5738,1,0,COMPLETED_STDOUT_ORDER_PLUS_PINNED_NATIVE_LOOP
FULL8,58,second_fit,5739,1,0,COMPLETED_STDOUT_ORDER_PLUS_PINNED_NATIVE_LOOP
FULL8,58,second_fit,5740,1,0,COMPLETED_STDOUT_ORDER_PLUS_PINNED_NATIVE_LOOP
FULL8,58,second_fit,5741,1,0,COMPLETED_STDOUT_ORDER_PLUS_PINNED_NATIVE_LOOP
FULL8,58,second_fit,5742,1,0,COMPLETED_STDOUT_ORDER_PLUS_PINNED_NATIVE_LOOP
FULL8,58,second_fit,5743,1,0,COMPLETED_STDOUT_ORDER_PLUS_PINNED_NATIVE_LOOP
FULL8,58,second_fit,5744,1,0,COMPLETED_STDOUT_ORDER_PLUS_PINNED_NATIVE_LOOP
FULL8,58,second_fit,5745,1,0,COMPLETED_STDOUT_ORDER_PLUS_PINNED_NATIVE_LOOP
FULL8,58,second_fit,5746,1,0,COMPLETED_STDOUT_ORDER_PLUS_PINNED_NATIVE_LOOP
FULL8,58,second_fit,5747,1,0,COMPLETED_STDOUT_ORDER_PLUS_PINNED_NATIVE_LOOP
FULL8,58,second_fit,5748,1,0,COMPLETED_STDOUT_ORDER_PLUS_PINNED_NATIVE_LOOP
FULL8,58,second_fit,5749,1,0,COMPLETED_STDOUT_ORDER_PLUS_PINNED_NATIVE_LOOP
FULL8,58,second_fit,5750,1,0,COMPLETED_STDOUT_ORDER_PLUS_PINNED_NATIVE_LOOP
FULL8,58,second_fit,5751,1,0,COMPLETED_STDOUT_ORDER_PLUS_PINNED_NATIVE_LOOP
FULL8,58,second_fit,5752,1,0,COMPLETED_STDOUT_ORDER_PLUS_PINNED_NATIVE_LOOP
FULL8,58,second_fit,5753,1,0,COMPLETED_STDOUT_ORDER_PLUS_PINNED_NATIVE_LOOP
FULL8,58,second_fit,5754,1,0,COMPLETED_STDOUT_ORDER_PLUS_PINNED_NATIVE_LOOP
FULL8,58,second_fit,5755,1,0,COMPLETED_STDOUT_ORDER_PLUS_PINNED_NATIVE_LOOP
FULL8,58,second_fit,5756,1,0,COMPLETED_STDOUT_ORDER_PLUS_PINNED_NATIVE_LOOP
FULL8,58,second_fit,5757,1,0,COMPLETED_STDOUT_ORDER_PLUS_PINNED_NATIVE_LOOP
FULL8,58,second_fit,5758,1,0,COMPLETED_STDOUT_ORDER_PLUS_PINNED_NATIVE_LOOP
FULL8,58,second_fit,5759,1,0,COMPLETED_STDOUT_ORDER_PLUS_PINNED_NATIVE_LOOP
FULL8,58,second_fit,5760,1,0,COMPLETED_STDOUT_ORDER_PLUS_PINNED_NATIVE_LOOP
FULL8,58,second_fit,5761,1,0,COMPLETED_STDOUT_ORDER_PLUS_PINNED_NATIVE_LOOP
FULL8,58,second_fit,5762,25,24,COMPLETED_STDOUT_ORDER_PLUS_PINNED_NATIVE_LOOP
FULL8,58,second_fit,5763,1,0,COMPLETED_STDOUT_ORDER_PLUS_PINNED_NATIVE_LOOP
FULL8,58,second_fit,5764,1,0,COMPLETED_STDOUT_ORDER_PLUS_PINNED_NATIVE_LOOP
FULL8,58,second_fit,5765,1,0,COMPLETED_STDOUT_ORDER_PLUS_PINNED_NATIVE_LOOP
FULL8,58,second_fit,5766,1,0,COMPLETED_STDOUT_ORDER_PLUS_PINNED_NATIVE_LOOP
FULL8,58,second_fit,5767,1,0,COMPLETED_STDOUT_ORDER_PLUS_PINNED_NATIVE_LOOP
FULL8,58,second_fit,5768,1,0,COMPLETED_STDOUT_ORDER_PLUS_PINNED_NATIVE_LOOP
FULL8,58,second_fit,5769,1,0,COMPLETED_STDOUT_ORDER_PLUS_PINNED_NATIVE_LOOP
FULL8,58,second_fit,5770,1,0,COMPLETED_STDOUT_ORDER_PLUS_PINNED_NATIVE_LOOP
FULL8,58,second_fit,5771,1,0,COMPLETED_STDOUT_ORDER_PLUS_PINNED_NATIVE_LOOP
FULL8,58,second_fit,5772,1,0,COMPLETED_STDOUT_ORDER_PLUS_PINNED_NATIVE_LOOP
FULL8,58,second_fit,5773,1,0,COMPLETED_STDOUT_ORDER_PLUS_PINNED_NATIVE_LOOP
FULL8,58,second_fit,5774,1,0,COMPLETED_STDOUT_ORDER_PLUS_PINNED_NATIVE_LOOP
FULL8,58,second_fit,5775,1,0,COMPLETED_STDOUT_ORDER_PLUS_PINNED_NATIVE_LOOP
FULL8,58,second_fit,5776,1,0,COMPLETED_STDOUT_ORDER_PLUS_PINNED_NATIVE_LOOP
FULL8,58,second_fit,5777,1,0,COMPLETED_STDOUT_ORDER_PLUS_PINNED_NATIVE_LOOP
FULL8,58,second_fit,5778,1,0,COMPLETED_STDOUT_ORDER_PLUS_PINNED_NATIVE_LOOP
FULL8,58,second_fit,5779,1,0,COMPLETED_STDOUT_ORDER_PLUS_PINNED_NATIVE_LOOP
FULL8,58,second_fit,5780,1,0,COMPLETED_STDOUT_ORDER_PLUS_PINNED_NATIVE_LOOP
FULL8,58,second_fit,5781,1,0,COMPLETED_STDOUT_ORDER_PLUS_PINNED_NATIVE_LOOP
FULL8,58,second_fit,5782,1,0,COMPLETED_STDOUT_ORDER_PLUS_PINNED_NATIVE_LOOP
FULL8,58,second_fit,5783,1,0,COMPLETED_STDOUT_ORDER_PLUS_PINNED_NATIVE_LOOP
FULL8,58,second_fit,5784,1,0,COMPLETED_STDOUT_ORDER_PLUS_PINNED_NATIVE_LOOP
FULL8,58,second_fit,5785,1,0,COMPLETED_STDOUT_ORDER_PLUS_PINNED_NATIVE_LOOP
FULL8,58,second_fit,5786,25,24,COMPLETED_STDOUT_ORDER_PLUS_PINNED_NATIVE_LOOP
FULL8,58,second_fit,5787,1,0,COMPLETED_STDOUT_ORDER_PLUS_PINNED_NATIVE_LOOP
FULL8,58,second_fit,5788,25,24,COMPLETED_STDOUT_ORDER_PLUS_PINNED_NATIVE_LOOP
FULL8,58,second_fit,5789,1,0,COMPLETED_STDOUT_ORDER_PLUS_PINNED_NATIVE_LOOP
FULL8,58,second_fit,5790,1,0,COMPLETED_STDOUT_ORDER_PLUS_PINNED_NATIVE_LOOP
FULL8,58,second_fit,5791,1,0,COMPLETED_STDOUT_ORDER_PLUS_PINNED_NATIVE_LOOP
FULL8,58,second_fit,5792,1,0,COMPLETED_STDOUT_ORDER_PLUS_PINNED_NATIVE_LOOP
FULL8,58,second_fit,5793,1,0,COMPLETED_STDOUT_ORDER_PLUS_PINNED_NATIVE_LOOP
FULL8,58,second_fit,5794,1,0,COMPLETED_STDOUT_ORDER_PLUS_PINNED_NATIVE_LOOP
FULL8,58,second_fit,5795,1,0,COMPLETED_STDOUT_ORDER_PLUS_PINNED_NATIVE_LOOP
FULL8,58,second_fit,5796,1,0,COMPLETED_STDOUT_ORDER_PLUS_PINNED_NATIVE_LOOP
FULL8,58,second_fit,5797,1,0,COMPLETED_STDOUT_ORDER_PLUS_PINNED_NATIVE_LOOP
FULL8,58,second_fit,5798,1,0,COMPLETED_STDOUT_ORDER_PLUS_PINNED_NATIVE_LOOP
FULL8,58,second_fit,5799,1,0,COMPLETED_STDOUT_ORDER_PLUS_PINNED_NATIVE_LOOP
FULL8,59,first_fit,5800,25,24,COMPLETED_STDOUT_ORDER_PLUS_PINNED_NATIVE_LOOP
FULL8,59,first_fit,5801,25,24,COMPLETED_STDOUT_ORDER_PLUS_PINNED_NATIVE_LOOP
FULL8,59,first_fit,5802,25,24,COMPLETED_STDOUT_ORDER_PLUS_PINNED_NATIVE_LOOP
FULL8,59,first_fit,5803,25,24,COMPLETED_STDOUT_ORDER_PLUS_PINNED_NATIVE_LOOP
FULL8,59,first_fit,5804,25,24,COMPLETED_STDOUT_ORDER_PLUS_PINNED_NATIVE_LOOP
FULL8,59,first_fit,5805,25,24,COMPLETED_STDOUT_ORDER_PLUS_PINNED_NATIVE_LOOP
FULL8,59,first_fit,5806,25,24,COMPLETED_STDOUT_ORDER_PLUS_PINNED_NATIVE_LOOP
FULL8,59,first_fit,5807,25,24,COMPLETED_STDOUT_ORDER_PLUS_PINNED_NATIVE_LOOP
FULL8,59,first_fit,5808,25,24,COMPLETED_STDOUT_ORDER_PLUS_PINNED_NATIVE_LOOP
FULL8,59,first_fit,5809,25,24,COMPLETED_STDOUT_ORDER_PLUS_PINNED_NATIVE_LOOP
FULL8,59,first_fit,5810,25,24,COMPLETED_STDOUT_ORDER_PLUS_PINNED_NATIVE_LOOP
FULL8,59,first_fit,5811,25,24,COMPLETED_STDOUT_ORDER_PLUS_PINNED_NATIVE_LOOP
FULL8,59,first_fit,5812,25,24,COMPLETED_STDOUT_ORDER_PLUS_PINNED_NATIVE_LOOP
FULL8,59,first_fit,5813,25,24,COMPLETED_STDOUT_ORDER_PLUS_PINNED_NATIVE_LOOP
FULL8,59,first_fit,5814,25,24,COMPLETED_STDOUT_ORDER_PLUS_PINNED_NATIVE_LOOP
FULL8,59,first_fit,5815,25,24,COMPLETED_STDOUT_ORDER_PLUS_PINNED_NATIVE_LOOP
FULL8,59,first_fit,5816,25,24,COMPLETED_STDOUT_ORDER_PLUS_PINNED_NATIVE_LOOP
FULL8,59,first_fit,5817,25,24,COMPLETED_STDOUT_ORDER_PLUS_PINNED_NATIVE_LOOP
FULL8,59,first_fit,5818,25,24,COMPLETED_STDOUT_ORDER_PLUS_PINNED_NATIVE_LOOP
FULL8,59,first_fit,5819,25,24,COMPLETED_STDOUT_ORDER_PLUS_PINNED_NATIVE_LOOP
FULL8,59,first_fit,5820,25,24,COMPLETED_STDOUT_ORDER_PLUS_PINNED_NATIVE_LOOP
FULL8,59,first_fit,5821,25,24,COMPLETED_STDOUT_ORDER_PLUS_PINNED_NATIVE_LOOP
FULL8,59,first_fit,5822,25,24,COMPLETED_STDOUT_ORDER_PLUS_PINNED_NATIVE_LOOP
FULL8,59,first_fit,5823,25,24,COMPLETED_STDOUT_ORDER_PLUS_PINNED_NATIVE_LOOP
FULL8,59,first_fit,5824,25,24,COMPLETED_STDOUT_ORDER_PLUS_PINNED_NATIVE_LOOP
FULL8,59,first_fit,5825,25,24,COMPLETED_STDOUT_ORDER_PLUS_PINNED_NATIVE_LOOP
FULL8,59,first_fit,5826,25,24,COMPLETED_STDOUT_ORDER_PLUS_PINNED_NATIVE_LOOP
FULL8,59,first_fit,5827,25,24,COMPLETED_STDOUT_ORDER_PLUS_PINNED_NATIVE_LOOP
FULL8,59,first_fit,5828,25,24,COMPLETED_STDOUT_ORDER_PLUS_PINNED_NATIVE_LOOP
FULL8,59,first_fit,5829,25,24,COMPLETED_STDOUT_ORDER_PLUS_PINNED_NATIVE_LOOP
FULL8,59,first_fit,5830,25,24,COMPLETED_STDOUT_ORDER_PLUS_PINNED_NATIVE_LOOP
FULL8,59,first_fit,5831,25,24,COMPLETED_STDOUT_ORDER_PLUS_PINNED_NATIVE_LOOP
FULL8,59,first_fit,5832,25,24,COMPLETED_STDOUT_ORDER_PLUS_PINNED_NATIVE_LOOP
FULL8,59,first_fit,5833,25,24,COMPLETED_STDOUT_ORDER_PLUS_PINNED_NATIVE_LOOP
FULL8,59,first_fit,5834,25,24,COMPLETED_STDOUT_ORDER_PLUS_PINNED_NATIVE_LOOP
FULL8,59,first_fit,5835,25,24,COMPLETED_STDOUT_ORDER_PLUS_PINNED_NATIVE_LOOP
FULL8,59,first_fit,5836,25,24,COMPLETED_STDOUT_ORDER_PLUS_PINNED_NATIVE_LOOP
FULL8,59,first_fit,5837,25,24,COMPLETED_STDOUT_ORDER_PLUS_PINNED_NATIVE_LOOP
FULL8,59,first_fit,5838,25,24,COMPLETED_STDOUT_ORDER_PLUS_PINNED_NATIVE_LOOP
FULL8,59,first_fit,5839,25,24,COMPLETED_STDOUT_ORDER_PLUS_PINNED_NATIVE_LOOP
FULL8,59,first_fit,5840,25,24,COMPLETED_STDOUT_ORDER_PLUS_PINNED_NATIVE_LOOP
FULL8,59,first_fit,5841,25,24,COMPLETED_STDOUT_ORDER_PLUS_PINNED_NATIVE_LOOP
FULL8,59,first_fit,5842,25,24,COMPLETED_STDOUT_ORDER_PLUS_PINNED_NATIVE_LOOP
FULL8,59,first_fit,5843,25,24,COMPLETED_STDOUT_ORDER_PLUS_PINNED_NATIVE_LOOP
FULL8,59,first_fit,5844,25,24,COMPLETED_STDOUT_ORDER_PLUS_PINNED_NATIVE_LOOP
FULL8,59,first_fit,5845,25,24,COMPLETED_STDOUT_ORDER_PLUS_PINNED_NATIVE_LOOP
FULL8,59,first_fit,5846,25,24,COMPLETED_STDOUT_ORDER_PLUS_PINNED_NATIVE_LOOP
FULL8,59,first_fit,5847,25,24,COMPLETED_STDOUT_ORDER_PLUS_PINNED_NATIVE_LOOP
FULL8,59,first_fit,5848,25,24,COMPLETED_STDOUT_ORDER_PLUS_PINNED_NATIVE_LOOP
FULL8,59,first_fit,5849,25,24,COMPLETED_STDOUT_ORDER_PLUS_PINNED_NATIVE_LOOP
FULL8,59,first_fit,5850,25,24,COMPLETED_STDOUT_ORDER_PLUS_PINNED_NATIVE_LOOP
FULL8,59,first_fit,5851,25,24,COMPLETED_STDOUT_ORDER_PLUS_PINNED_NATIVE_LOOP
FULL8,59,first_fit,5852,25,24,COMPLETED_STDOUT_ORDER_PLUS_PINNED_NATIVE_LOOP
FULL8,59,first_fit,5853,25,24,COMPLETED_STDOUT_ORDER_PLUS_PINNED_NATIVE_LOOP
FULL8,59,first_fit,5854,25,24,COMPLETED_STDOUT_ORDER_PLUS_PINNED_NATIVE_LOOP
FULL8,59,first_fit,5855,25,24,COMPLETED_STDOUT_ORDER_PLUS_PINNED_NATIVE_LOOP
FULL8,59,first_fit,5856,25,24,COMPLETED_STDOUT_ORDER_PLUS_PINNED_NATIVE_LOOP
FULL8,59,first_fit,5857,25,24,COMPLETED_STDOUT_ORDER_PLUS_PINNED_NATIVE_LOOP
FULL8,59,first_fit,5858,25,24,COMPLETED_STDOUT_ORDER_PLUS_PINNED_NATIVE_LOOP
FULL8,59,first_fit,5859,25,24,COMPLETED_STDOUT_ORDER_PLUS_PINNED_NATIVE_LOOP
FULL8,59,first_fit,5860,25,24,COMPLETED_STDOUT_ORDER_PLUS_PINNED_NATIVE_LOOP
FULL8,59,first_fit,5861,25,24,COMPLETED_STDOUT_ORDER_PLUS_PINNED_NATIVE_LOOP
FULL8,59,first_fit,5862,25,24,COMPLETED_STDOUT_ORDER_PLUS_PINNED_NATIVE_LOOP
FULL8,59,first_fit,5863,25,24,COMPLETED_STDOUT_ORDER_PLUS_PINNED_NATIVE_LOOP
FULL8,59,first_fit,5864,25,24,COMPLETED_STDOUT_ORDER_PLUS_PINNED_NATIVE_LOOP
FULL8,59,first_fit,5865,25,24,COMPLETED_STDOUT_ORDER_PLUS_PINNED_NATIVE_LOOP
FULL8,59,first_fit,5866,25,24,COMPLETED_STDOUT_ORDER_PLUS_PINNED_NATIVE_LOOP
FULL8,59,first_fit,5867,25,24,COMPLETED_STDOUT_ORDER_PLUS_PINNED_NATIVE_LOOP
FULL8,59,first_fit,5868,25,24,COMPLETED_STDOUT_ORDER_PLUS_PINNED_NATIVE_LOOP
FULL8,59,first_fit,5869,25,24,COMPLETED_STDOUT_ORDER_PLUS_PINNED_NATIVE_LOOP
FULL8,59,first_fit,5870,25,24,COMPLETED_STDOUT_ORDER_PLUS_PINNED_NATIVE_LOOP
FULL8,59,first_fit,5871,25,24,COMPLETED_STDOUT_ORDER_PLUS_PINNED_NATIVE_LOOP
FULL8,59,first_fit,5872,25,24,COMPLETED_STDOUT_ORDER_PLUS_PINNED_NATIVE_LOOP
FULL8,59,first_fit,5873,25,24,COMPLETED_STDOUT_ORDER_PLUS_PINNED_NATIVE_LOOP
FULL8,59,first_fit,5874,25,24,COMPLETED_STDOUT_ORDER_PLUS_PINNED_NATIVE_LOOP
FULL8,59,first_fit,5875,25,24,COMPLETED_STDOUT_ORDER_PLUS_PINNED_NATIVE_LOOP
FULL8,59,first_fit,5876,25,24,COMPLETED_STDOUT_ORDER_PLUS_PINNED_NATIVE_LOOP
FULL8,59,first_fit,5877,25,24,COMPLETED_STDOUT_ORDER_PLUS_PINNED_NATIVE_LOOP
FULL8,59,first_fit,5878,25,24,COMPLETED_STDOUT_ORDER_PLUS_PINNED_NATIVE_LOOP
FULL8,59,first_fit,5879,25,24,COMPLETED_STDOUT_ORDER_PLUS_PINNED_NATIVE_LOOP
FULL8,59,first_fit,5880,25,24,COMPLETED_STDOUT_ORDER_PLUS_PINNED_NATIVE_LOOP
FULL8,59,first_fit,5881,25,24,COMPLETED_STDOUT_ORDER_PLUS_PINNED_NATIVE_LOOP
FULL8,59,first_fit,5882,25,24,COMPLETED_STDOUT_ORDER_PLUS_PINNED_NATIVE_LOOP
FULL8,59,first_fit,5883,25,24,COMPLETED_STDOUT_ORDER_PLUS_PINNED_NATIVE_LOOP
FULL8,59,first_fit,5884,25,24,COMPLETED_STDOUT_ORDER_PLUS_PINNED_NATIVE_LOOP
FULL8,59,first_fit,5885,25,24,COMPLETED_STDOUT_ORDER_PLUS_PINNED_NATIVE_LOOP
FULL8,59,first_fit,5886,25,24,COMPLETED_STDOUT_ORDER_PLUS_PINNED_NATIVE_LOOP
FULL8,59,first_fit,5887,25,24,COMPLETED_STDOUT_ORDER_PLUS_PINNED_NATIVE_LOOP
FULL8,59,first_fit,5888,25,24,COMPLETED_STDOUT_ORDER_PLUS_PINNED_NATIVE_LOOP
FULL8,59,first_fit,5889,25,24,COMPLETED_STDOUT_ORDER_PLUS_PINNED_NATIVE_LOOP
FULL8,59,first_fit,5890,25,24,COMPLETED_STDOUT_ORDER_PLUS_PINNED_NATIVE_LOOP
FULL8,59,first_fit,5891,25,24,COMPLETED_STDOUT_ORDER_PLUS_PINNED_NATIVE_LOOP
FULL8,59,first_fit,5892,25,24,COMPLETED_STDOUT_ORDER_PLUS_PINNED_NATIVE_LOOP
FULL8,59,first_fit,5893,25,24,COMPLETED_STDOUT_ORDER_PLUS_PINNED_NATIVE_LOOP
FULL8,59,first_fit,5894,25,24,COMPLETED_STDOUT_ORDER_PLUS_PINNED_NATIVE_LOOP
FULL8,59,first_fit,5895,25,24,COMPLETED_STDOUT_ORDER_PLUS_PINNED_NATIVE_LOOP
FULL8,59,first_fit,5896,25,24,COMPLETED_STDOUT_ORDER_PLUS_PINNED_NATIVE_LOOP
FULL8,59,first_fit,5897,25,24,COMPLETED_STDOUT_ORDER_PLUS_PINNED_NATIVE_LOOP
FULL8,59,first_fit,5898,25,24,COMPLETED_STDOUT_ORDER_PLUS_PINNED_NATIVE_LOOP
FULL8,59,first_fit,5899,25,24,COMPLETED_STDOUT_ORDER_PLUS_PINNED_NATIVE_LOOP
FULL8,59,second_fit,5800,1,0,COMPLETED_STDOUT_ORDER_PLUS_PINNED_NATIVE_LOOP
FULL8,59,second_fit,5801,1,0,COMPLETED_STDOUT_ORDER_PLUS_PINNED_NATIVE_LOOP
FULL8,59,second_fit,5802,1,0,COMPLETED_STDOUT_ORDER_PLUS_PINNED_NATIVE_LOOP
FULL8,59,second_fit,5803,1,0,COMPLETED_STDOUT_ORDER_PLUS_PINNED_NATIVE_LOOP
FULL8,59,second_fit,5804,1,0,COMPLETED_STDOUT_ORDER_PLUS_PINNED_NATIVE_LOOP
FULL8,59,second_fit,5805,1,0,COMPLETED_STDOUT_ORDER_PLUS_PINNED_NATIVE_LOOP
FULL8,59,second_fit,5806,1,0,COMPLETED_STDOUT_ORDER_PLUS_PINNED_NATIVE_LOOP
FULL8,59,second_fit,5807,1,0,COMPLETED_STDOUT_ORDER_PLUS_PINNED_NATIVE_LOOP
FULL8,59,second_fit,5808,1,0,COMPLETED_STDOUT_ORDER_PLUS_PINNED_NATIVE_LOOP
FULL8,59,second_fit,5809,1,0,COMPLETED_STDOUT_ORDER_PLUS_PINNED_NATIVE_LOOP
FULL8,59,second_fit,5810,1,0,COMPLETED_STDOUT_ORDER_PLUS_PINNED_NATIVE_LOOP
FULL8,59,second_fit,5811,1,0,COMPLETED_STDOUT_ORDER_PLUS_PINNED_NATIVE_LOOP
FULL8,59,second_fit,5812,1,0,COMPLETED_STDOUT_ORDER_PLUS_PINNED_NATIVE_LOOP
FULL8,59,second_fit,5813,1,0,COMPLETED_STDOUT_ORDER_PLUS_PINNED_NATIVE_LOOP
FULL8,59,second_fit,5814,25,24,COMPLETED_STDOUT_ORDER_PLUS_PINNED_NATIVE_LOOP
FULL8,59,second_fit,5815,1,0,COMPLETED_STDOUT_ORDER_PLUS_PINNED_NATIVE_LOOP
FULL8,59,second_fit,5816,1,0,COMPLETED_STDOUT_ORDER_PLUS_PINNED_NATIVE_LOOP
FULL8,59,second_fit,5817,1,0,COMPLETED_STDOUT_ORDER_PLUS_PINNED_NATIVE_LOOP
FULL8,59,second_fit,5818,1,0,COMPLETED_STDOUT_ORDER_PLUS_PINNED_NATIVE_LOOP
FULL8,59,second_fit,5819,1,0,COMPLETED_STDOUT_ORDER_PLUS_PINNED_NATIVE_LOOP
FULL8,59,second_fit,5820,25,24,COMPLETED_STDOUT_ORDER_PLUS_PINNED_NATIVE_LOOP
FULL8,59,second_fit,5821,1,0,COMPLETED_STDOUT_ORDER_PLUS_PINNED_NATIVE_LOOP
FULL8,59,second_fit,5822,1,0,COMPLETED_STDOUT_ORDER_PLUS_PINNED_NATIVE_LOOP
FULL8,59,second_fit,5823,1,0,COMPLETED_STDOUT_ORDER_PLUS_PINNED_NATIVE_LOOP
FULL8,59,second_fit,5824,1,0,COMPLETED_STDOUT_ORDER_PLUS_PINNED_NATIVE_LOOP
FULL8,59,second_fit,5825,1,0,COMPLETED_STDOUT_ORDER_PLUS_PINNED_NATIVE_LOOP
FULL8,59,second_fit,5826,1,0,COMPLETED_STDOUT_ORDER_PLUS_PINNED_NATIVE_LOOP
FULL8,59,second_fit,5827,1,0,COMPLETED_STDOUT_ORDER_PLUS_PINNED_NATIVE_LOOP
FULL8,59,second_fit,5828,1,0,COMPLETED_STDOUT_ORDER_PLUS_PINNED_NATIVE_LOOP
FULL8,59,second_fit,5829,25,24,COMPLETED_STDOUT_ORDER_PLUS_PINNED_NATIVE_LOOP
FULL8,59,second_fit,5830,1,0,COMPLETED_STDOUT_ORDER_PLUS_PINNED_NATIVE_LOOP
FULL8,59,second_fit,5831,1,0,COMPLETED_STDOUT_ORDER_PLUS_PINNED_NATIVE_LOOP
FULL8,59,second_fit,5832,25,24,COMPLETED_STDOUT_ORDER_PLUS_PINNED_NATIVE_LOOP
FULL8,59,second_fit,5833,1,0,COMPLETED_STDOUT_ORDER_PLUS_PINNED_NATIVE_LOOP
FULL8,59,second_fit,5834,1,0,COMPLETED_STDOUT_ORDER_PLUS_PINNED_NATIVE_LOOP
FULL8,59,second_fit,5835,1,0,COMPLETED_STDOUT_ORDER_PLUS_PINNED_NATIVE_LOOP
FULL8,59,second_fit,5836,1,0,COMPLETED_STDOUT_ORDER_PLUS_PINNED_NATIVE_LOOP
FULL8,59,second_fit,5837,1,0,COMPLETED_STDOUT_ORDER_PLUS_PINNED_NATIVE_LOOP
FULL8,59,second_fit,5838,1,0,COMPLETED_STDOUT_ORDER_PLUS_PINNED_NATIVE_LOOP
FULL8,59,second_fit,5839,1,0,COMPLETED_STDOUT_ORDER_PLUS_PINNED_NATIVE_LOOP
FULL8,59,second_fit,5840,1,0,COMPLETED_STDOUT_ORDER_PLUS_PINNED_NATIVE_LOOP
FULL8,59,second_fit,5841,1,0,COMPLETED_STDOUT_ORDER_PLUS_PINNED_NATIVE_LOOP
FULL8,59,second_fit,5842,1,0,COMPLETED_STDOUT_ORDER_PLUS_PINNED_NATIVE_LOOP
FULL8,59,second_fit,5843,1,0,COMPLETED_STDOUT_ORDER_PLUS_PINNED_NATIVE_LOOP
FULL8,59,second_fit,5844,1,0,COMPLETED_STDOUT_ORDER_PLUS_PINNED_NATIVE_LOOP
FULL8,59,second_fit,5845,1,0,COMPLETED_STDOUT_ORDER_PLUS_PINNED_NATIVE_LOOP
FULL8,59,second_fit,5846,1,0,COMPLETED_STDOUT_ORDER_PLUS_PINNED_NATIVE_LOOP
FULL8,59,second_fit,5847,20,19,COMPLETED_STDOUT_ORDER_PLUS_PINNED_NATIVE_LOOP
FULL8,59,second_fit,5848,25,24,COMPLETED_STDOUT_ORDER_PLUS_PINNED_NATIVE_LOOP
FULL8,59,second_fit,5849,1,0,COMPLETED_STDOUT_ORDER_PLUS_PINNED_NATIVE_LOOP
FULL8,59,second_fit,5850,1,0,COMPLETED_STDOUT_ORDER_PLUS_PINNED_NATIVE_LOOP
FULL8,59,second_fit,5851,1,0,COMPLETED_STDOUT_ORDER_PLUS_PINNED_NATIVE_LOOP
FULL8,59,second_fit,5852,25,24,COMPLETED_STDOUT_ORDER_PLUS_PINNED_NATIVE_LOOP
FULL8,59,second_fit,5853,1,0,COMPLETED_STDOUT_ORDER_PLUS_PINNED_NATIVE_LOOP
FULL8,59,second_fit,5854,1,0,COMPLETED_STDOUT_ORDER_PLUS_PINNED_NATIVE_LOOP
FULL8,59,second_fit,5855,1,0,COMPLETED_STDOUT_ORDER_PLUS_PINNED_NATIVE_LOOP
FULL8,59,second_fit,5856,1,0,COMPLETED_STDOUT_ORDER_PLUS_PINNED_NATIVE_LOOP
FULL8,59,second_fit,5857,1,0,COMPLETED_STDOUT_ORDER_PLUS_PINNED_NATIVE_LOOP
FULL8,59,second_fit,5858,1,0,COMPLETED_STDOUT_ORDER_PLUS_PINNED_NATIVE_LOOP
FULL8,59,second_fit,5859,1,0,COMPLETED_STDOUT_ORDER_PLUS_PINNED_NATIVE_LOOP
FULL8,59,second_fit,5860,1,0,COMPLETED_STDOUT_ORDER_PLUS_PINNED_NATIVE_LOOP
FULL8,59,second_fit,5861,1,0,COMPLETED_STDOUT_ORDER_PLUS_PINNED_NATIVE_LOOP
FULL8,59,second_fit,5862,1,0,COMPLETED_STDOUT_ORDER_PLUS_PINNED_NATIVE_LOOP
FULL8,59,second_fit,5863,1,0,COMPLETED_STDOUT_ORDER_PLUS_PINNED_NATIVE_LOOP
FULL8,59,second_fit,5864,1,0,COMPLETED_STDOUT_ORDER_PLUS_PINNED_NATIVE_LOOP
FULL8,59,second_fit,5865,1,0,COMPLETED_STDOUT_ORDER_PLUS_PINNED_NATIVE_LOOP
FULL8,59,second_fit,5866,1,0,COMPLETED_STDOUT_ORDER_PLUS_PINNED_NATIVE_LOOP
FULL8,59,second_fit,5867,1,0,COMPLETED_STDOUT_ORDER_PLUS_PINNED_NATIVE_LOOP
FULL8,59,second_fit,5868,1,0,COMPLETED_STDOUT_ORDER_PLUS_PINNED_NATIVE_LOOP
FULL8,59,second_fit,5869,1,0,COMPLETED_STDOUT_ORDER_PLUS_PINNED_NATIVE_LOOP
FULL8,59,second_fit,5870,1,0,COMPLETED_STDOUT_ORDER_PLUS_PINNED_NATIVE_LOOP
FULL8,59,second_fit,5871,1,0,COMPLETED_STDOUT_ORDER_PLUS_PINNED_NATIVE_LOOP
FULL8,59,second_fit,5872,1,0,COMPLETED_STDOUT_ORDER_PLUS_PINNED_NATIVE_LOOP
FULL8,59,second_fit,5873,1,0,COMPLETED_STDOUT_ORDER_PLUS_PINNED_NATIVE_LOOP
FULL8,59,second_fit,5874,1,0,COMPLETED_STDOUT_ORDER_PLUS_PINNED_NATIVE_LOOP
FULL8,59,second_fit,5875,1,0,COMPLETED_STDOUT_ORDER_PLUS_PINNED_NATIVE_LOOP
FULL8,59,second_fit,5876,1,0,COMPLETED_STDOUT_ORDER_PLUS_PINNED_NATIVE_LOOP
FULL8,59,second_fit,5877,1,0,COMPLETED_STDOUT_ORDER_PLUS_PINNED_NATIVE_LOOP
FULL8,59,second_fit,5878,1,0,COMPLETED_STDOUT_ORDER_PLUS_PINNED_NATIVE_LOOP
FULL8,59,second_fit,5879,1,0,COMPLETED_STDOUT_ORDER_PLUS_PINNED_NATIVE_LOOP
FULL8,59,second_fit,5880,1,0,COMPLETED_STDOUT_ORDER_PLUS_PINNED_NATIVE_LOOP
FULL8,59,second_fit,5881,1,0,COMPLETED_STDOUT_ORDER_PLUS_PINNED_NATIVE_LOOP
FULL8,59,second_fit,5882,1,0,COMPLETED_STDOUT_ORDER_PLUS_PINNED_NATIVE_LOOP
FULL8,59,second_fit,5883,1,0,COMPLETED_STDOUT_ORDER_PLUS_PINNED_NATIVE_LOOP
FULL8,59,second_fit,5884,1,0,COMPLETED_STDOUT_ORDER_PLUS_PINNED_NATIVE_LOOP
FULL8,59,second_fit,5885,1,0,COMPLETED_STDOUT_ORDER_PLUS_PINNED_NATIVE_LOOP
FULL8,59,second_fit,5886,1,0,COMPLETED_STDOUT_ORDER_PLUS_PINNED_NATIVE_LOOP
FULL8,59,second_fit,5887,1,0,COMPLETED_STDOUT_ORDER_PLUS_PINNED_NATIVE_LOOP
FULL8,59,second_fit,5888,1,0,COMPLETED_STDOUT_ORDER_PLUS_PINNED_NATIVE_LOOP
FULL8,59,second_fit,5889,1,0,COMPLETED_STDOUT_ORDER_PLUS_PINNED_NATIVE_LOOP
FULL8,59,second_fit,5890,1,0,COMPLETED_STDOUT_ORDER_PLUS_PINNED_NATIVE_LOOP
FULL8,59,second_fit,5891,1,0,COMPLETED_STDOUT_ORDER_PLUS_PINNED_NATIVE_LOOP
FULL8,59,second_fit,5892,1,0,COMPLETED_STDOUT_ORDER_PLUS_PINNED_NATIVE_LOOP
FULL8,59,second_fit,5893,1,0,COMPLETED_STDOUT_ORDER_PLUS_PINNED_NATIVE_LOOP
FULL8,59,second_fit,5894,1,0,COMPLETED_STDOUT_ORDER_PLUS_PINNED_NATIVE_LOOP
FULL8,59,second_fit,5895,1,0,COMPLETED_STDOUT_ORDER_PLUS_PINNED_NATIVE_LOOP
FULL8,59,second_fit,5896,25,24,COMPLETED_STDOUT_ORDER_PLUS_PINNED_NATIVE_LOOP
FULL8,59,second_fit,5897,1,0,COMPLETED_STDOUT_ORDER_PLUS_PINNED_NATIVE_LOOP
FULL8,59,second_fit,5898,1,0,COMPLETED_STDOUT_ORDER_PLUS_PINNED_NATIVE_LOOP
FULL8,59,second_fit,5899,1,0,COMPLETED_STDOUT_ORDER_PLUS_PINNED_NATIVE_LOOP
FULL8,60,first_fit,5900,25,24,COMPLETED_STDOUT_ORDER_PLUS_PINNED_NATIVE_LOOP
FULL8,60,first_fit,5901,25,24,COMPLETED_STDOUT_ORDER_PLUS_PINNED_NATIVE_LOOP
FULL8,60,first_fit,5902,25,24,COMPLETED_STDOUT_ORDER_PLUS_PINNED_NATIVE_LOOP
FULL8,60,first_fit,5903,25,24,COMPLETED_STDOUT_ORDER_PLUS_PINNED_NATIVE_LOOP
FULL8,60,first_fit,5904,25,24,COMPLETED_STDOUT_ORDER_PLUS_PINNED_NATIVE_LOOP
FULL8,60,first_fit,5905,25,24,COMPLETED_STDOUT_ORDER_PLUS_PINNED_NATIVE_LOOP
FULL8,60,first_fit,5906,25,24,COMPLETED_STDOUT_ORDER_PLUS_PINNED_NATIVE_LOOP
FULL8,60,first_fit,5907,25,24,COMPLETED_STDOUT_ORDER_PLUS_PINNED_NATIVE_LOOP
FULL8,60,first_fit,5908,25,24,COMPLETED_STDOUT_ORDER_PLUS_PINNED_NATIVE_LOOP
FULL8,60,first_fit,5909,25,24,COMPLETED_STDOUT_ORDER_PLUS_PINNED_NATIVE_LOOP
FULL8,60,first_fit,5910,25,24,COMPLETED_STDOUT_ORDER_PLUS_PINNED_NATIVE_LOOP
FULL8,60,first_fit,5911,25,24,COMPLETED_STDOUT_ORDER_PLUS_PINNED_NATIVE_LOOP
FULL8,60,first_fit,5912,25,24,COMPLETED_STDOUT_ORDER_PLUS_PINNED_NATIVE_LOOP
FULL8,60,first_fit,5913,25,24,COMPLETED_STDOUT_ORDER_PLUS_PINNED_NATIVE_LOOP
FULL8,60,first_fit,5914,25,24,COMPLETED_STDOUT_ORDER_PLUS_PINNED_NATIVE_LOOP
FULL8,60,first_fit,5915,25,24,COMPLETED_STDOUT_ORDER_PLUS_PINNED_NATIVE_LOOP
FULL8,60,first_fit,5916,25,24,COMPLETED_STDOUT_ORDER_PLUS_PINNED_NATIVE_LOOP
FULL8,60,first_fit,5917,25,24,COMPLETED_STDOUT_ORDER_PLUS_PINNED_NATIVE_LOOP
FULL8,60,first_fit,5918,25,24,COMPLETED_STDOUT_ORDER_PLUS_PINNED_NATIVE_LOOP
FULL8,60,first_fit,5919,25,24,COMPLETED_STDOUT_ORDER_PLUS_PINNED_NATIVE_LOOP
FULL8,60,first_fit,5920,25,24,COMPLETED_STDOUT_ORDER_PLUS_PINNED_NATIVE_LOOP
FULL8,60,first_fit,5921,25,24,COMPLETED_STDOUT_ORDER_PLUS_PINNED_NATIVE_LOOP
FULL8,60,first_fit,5922,25,24,COMPLETED_STDOUT_ORDER_PLUS_PINNED_NATIVE_LOOP
FULL8,60,first_fit,5923,25,24,COMPLETED_STDOUT_ORDER_PLUS_PINNED_NATIVE_LOOP
FULL8,60,first_fit,5924,25,24,COMPLETED_STDOUT_ORDER_PLUS_PINNED_NATIVE_LOOP
FULL8,60,first_fit,5925,25,24,COMPLETED_STDOUT_ORDER_PLUS_PINNED_NATIVE_LOOP
FULL8,60,first_fit,5926,25,24,COMPLETED_STDOUT_ORDER_PLUS_PINNED_NATIVE_LOOP
FULL8,60,first_fit,5927,25,24,COMPLETED_STDOUT_ORDER_PLUS_PINNED_NATIVE_LOOP
FULL8,60,first_fit,5928,25,24,COMPLETED_STDOUT_ORDER_PLUS_PINNED_NATIVE_LOOP
FULL8,60,first_fit,5929,25,24,COMPLETED_STDOUT_ORDER_PLUS_PINNED_NATIVE_LOOP
FULL8,60,first_fit,5930,25,24,COMPLETED_STDOUT_ORDER_PLUS_PINNED_NATIVE_LOOP
FULL8,60,first_fit,5931,25,24,COMPLETED_STDOUT_ORDER_PLUS_PINNED_NATIVE_LOOP
FULL8,60,first_fit,5932,25,24,COMPLETED_STDOUT_ORDER_PLUS_PINNED_NATIVE_LOOP
FULL8,60,first_fit,5933,25,24,COMPLETED_STDOUT_ORDER_PLUS_PINNED_NATIVE_LOOP
FULL8,60,first_fit,5934,25,24,COMPLETED_STDOUT_ORDER_PLUS_PINNED_NATIVE_LOOP
FULL8,60,first_fit,5935,25,24,COMPLETED_STDOUT_ORDER_PLUS_PINNED_NATIVE_LOOP
FULL8,60,first_fit,5936,25,24,COMPLETED_STDOUT_ORDER_PLUS_PINNED_NATIVE_LOOP
FULL8,60,first_fit,5937,25,24,COMPLETED_STDOUT_ORDER_PLUS_PINNED_NATIVE_LOOP
FULL8,60,first_fit,5938,25,24,COMPLETED_STDOUT_ORDER_PLUS_PINNED_NATIVE_LOOP
FULL8,60,first_fit,5939,25,24,COMPLETED_STDOUT_ORDER_PLUS_PINNED_NATIVE_LOOP
FULL8,60,first_fit,5940,25,24,COMPLETED_STDOUT_ORDER_PLUS_PINNED_NATIVE_LOOP
FULL8,60,first_fit,5941,25,24,COMPLETED_STDOUT_ORDER_PLUS_PINNED_NATIVE_LOOP
FULL8,60,first_fit,5942,25,24,COMPLETED_STDOUT_ORDER_PLUS_PINNED_NATIVE_LOOP
FULL8,60,first_fit,5943,25,24,COMPLETED_STDOUT_ORDER_PLUS_PINNED_NATIVE_LOOP
FULL8,60,first_fit,5944,25,24,COMPLETED_STDOUT_ORDER_PLUS_PINNED_NATIVE_LOOP
FULL8,60,first_fit,5945,25,24,COMPLETED_STDOUT_ORDER_PLUS_PINNED_NATIVE_LOOP
FULL8,60,first_fit,5946,25,24,COMPLETED_STDOUT_ORDER_PLUS_PINNED_NATIVE_LOOP
FULL8,60,first_fit,5947,25,24,COMPLETED_STDOUT_ORDER_PLUS_PINNED_NATIVE_LOOP
FULL8,60,first_fit,5948,25,24,COMPLETED_STDOUT_ORDER_PLUS_PINNED_NATIVE_LOOP
FULL8,60,first_fit,5949,25,24,COMPLETED_STDOUT_ORDER_PLUS_PINNED_NATIVE_LOOP
FULL8,60,first_fit,5950,25,24,COMPLETED_STDOUT_ORDER_PLUS_PINNED_NATIVE_LOOP
FULL8,60,first_fit,5951,25,24,COMPLETED_STDOUT_ORDER_PLUS_PINNED_NATIVE_LOOP
FULL8,60,first_fit,5952,25,24,COMPLETED_STDOUT_ORDER_PLUS_PINNED_NATIVE_LOOP
FULL8,60,first_fit,5953,25,24,COMPLETED_STDOUT_ORDER_PLUS_PINNED_NATIVE_LOOP
FULL8,60,first_fit,5954,25,24,COMPLETED_STDOUT_ORDER_PLUS_PINNED_NATIVE_LOOP
FULL8,60,first_fit,5955,25,24,COMPLETED_STDOUT_ORDER_PLUS_PINNED_NATIVE_LOOP
FULL8,60,first_fit,5956,25,24,COMPLETED_STDOUT_ORDER_PLUS_PINNED_NATIVE_LOOP
FULL8,60,first_fit,5957,25,24,COMPLETED_STDOUT_ORDER_PLUS_PINNED_NATIVE_LOOP
FULL8,60,first_fit,5958,25,24,COMPLETED_STDOUT_ORDER_PLUS_PINNED_NATIVE_LOOP
FULL8,60,first_fit,5959,25,24,COMPLETED_STDOUT_ORDER_PLUS_PINNED_NATIVE_LOOP
FULL8,60,first_fit,5960,25,24,COMPLETED_STDOUT_ORDER_PLUS_PINNED_NATIVE_LOOP
FULL8,60,first_fit,5961,25,24,COMPLETED_STDOUT_ORDER_PLUS_PINNED_NATIVE_LOOP
FULL8,60,first_fit,5962,25,24,COMPLETED_STDOUT_ORDER_PLUS_PINNED_NATIVE_LOOP
FULL8,60,first_fit,5963,25,24,COMPLETED_STDOUT_ORDER_PLUS_PINNED_NATIVE_LOOP
FULL8,60,first_fit,5964,25,24,COMPLETED_STDOUT_ORDER_PLUS_PINNED_NATIVE_LOOP
FULL8,60,first_fit,5965,25,24,COMPLETED_STDOUT_ORDER_PLUS_PINNED_NATIVE_LOOP
FULL8,60,first_fit,5966,25,24,COMPLETED_STDOUT_ORDER_PLUS_PINNED_NATIVE_LOOP
FULL8,60,first_fit,5967,25,24,COMPLETED_STDOUT_ORDER_PLUS_PINNED_NATIVE_LOOP
FULL8,60,first_fit,5968,25,24,COMPLETED_STDOUT_ORDER_PLUS_PINNED_NATIVE_LOOP
FULL8,60,first_fit,5969,25,24,COMPLETED_STDOUT_ORDER_PLUS_PINNED_NATIVE_LOOP
FULL8,60,first_fit,5970,25,24,COMPLETED_STDOUT_ORDER_PLUS_PINNED_NATIVE_LOOP
FULL8,60,first_fit,5971,25,24,COMPLETED_STDOUT_ORDER_PLUS_PINNED_NATIVE_LOOP
FULL8,60,first_fit,5972,25,24,COMPLETED_STDOUT_ORDER_PLUS_PINNED_NATIVE_LOOP
FULL8,60,first_fit,5973,25,24,COMPLETED_STDOUT_ORDER_PLUS_PINNED_NATIVE_LOOP
FULL8,60,first_fit,5974,25,24,COMPLETED_STDOUT_ORDER_PLUS_PINNED_NATIVE_LOOP
FULL8,60,first_fit,5975,25,24,COMPLETED_STDOUT_ORDER_PLUS_PINNED_NATIVE_LOOP
FULL8,60,first_fit,5976,25,24,COMPLETED_STDOUT_ORDER_PLUS_PINNED_NATIVE_LOOP
FULL8,60,first_fit,5977,25,24,COMPLETED_STDOUT_ORDER_PLUS_PINNED_NATIVE_LOOP
FULL8,60,first_fit,5978,25,24,COMPLETED_STDOUT_ORDER_PLUS_PINNED_NATIVE_LOOP
FULL8,60,first_fit,5979,25,24,COMPLETED_STDOUT_ORDER_PLUS_PINNED_NATIVE_LOOP
FULL8,60,first_fit,5980,25,24,COMPLETED_STDOUT_ORDER_PLUS_PINNED_NATIVE_LOOP
FULL8,60,first_fit,5981,25,24,COMPLETED_STDOUT_ORDER_PLUS_PINNED_NATIVE_LOOP
FULL8,60,first_fit,5982,25,24,COMPLETED_STDOUT_ORDER_PLUS_PINNED_NATIVE_LOOP
FULL8,60,first_fit,5983,25,24,COMPLETED_STDOUT_ORDER_PLUS_PINNED_NATIVE_LOOP
FULL8,60,first_fit,5984,25,24,COMPLETED_STDOUT_ORDER_PLUS_PINNED_NATIVE_LOOP
FULL8,60,first_fit,5985,25,24,COMPLETED_STDOUT_ORDER_PLUS_PINNED_NATIVE_LOOP
FULL8,60,first_fit,5986,25,24,COMPLETED_STDOUT_ORDER_PLUS_PINNED_NATIVE_LOOP
FULL8,60,first_fit,5987,25,24,COMPLETED_STDOUT_ORDER_PLUS_PINNED_NATIVE_LOOP
FULL8,60,first_fit,5988,25,24,COMPLETED_STDOUT_ORDER_PLUS_PINNED_NATIVE_LOOP
FULL8,60,first_fit,5989,25,24,COMPLETED_STDOUT_ORDER_PLUS_PINNED_NATIVE_LOOP
FULL8,60,first_fit,5990,25,24,COMPLETED_STDOUT_ORDER_PLUS_PINNED_NATIVE_LOOP
FULL8,60,first_fit,5991,25,24,COMPLETED_STDOUT_ORDER_PLUS_PINNED_NATIVE_LOOP
FULL8,60,first_fit,5992,25,24,COMPLETED_STDOUT_ORDER_PLUS_PINNED_NATIVE_LOOP
FULL8,60,first_fit,5993,25,24,COMPLETED_STDOUT_ORDER_PLUS_PINNED_NATIVE_LOOP
FULL8,60,first_fit,5994,25,24,COMPLETED_STDOUT_ORDER_PLUS_PINNED_NATIVE_LOOP
FULL8,60,first_fit,5995,25,24,COMPLETED_STDOUT_ORDER_PLUS_PINNED_NATIVE_LOOP
FULL8,60,first_fit,5996,25,24,COMPLETED_STDOUT_ORDER_PLUS_PINNED_NATIVE_LOOP
FULL8,60,first_fit,5997,25,24,COMPLETED_STDOUT_ORDER_PLUS_PINNED_NATIVE_LOOP
FULL8,60,first_fit,5998,25,24,COMPLETED_STDOUT_ORDER_PLUS_PINNED_NATIVE_LOOP
FULL8,60,first_fit,5999,25,24,COMPLETED_STDOUT_ORDER_PLUS_PINNED_NATIVE_LOOP
FULL8,60,second_fit,5900,1,0,COMPLETED_STDOUT_ORDER_PLUS_PINNED_NATIVE_LOOP
FULL8,60,second_fit,5901,1,0,COMPLETED_STDOUT_ORDER_PLUS_PINNED_NATIVE_LOOP
FULL8,60,second_fit,5902,1,0,COMPLETED_STDOUT_ORDER_PLUS_PINNED_NATIVE_LOOP
FULL8,60,second_fit,5903,1,0,COMPLETED_STDOUT_ORDER_PLUS_PINNED_NATIVE_LOOP
FULL8,60,second_fit,5904,1,0,COMPLETED_STDOUT_ORDER_PLUS_PINNED_NATIVE_LOOP
FULL8,60,second_fit,5905,1,0,COMPLETED_STDOUT_ORDER_PLUS_PINNED_NATIVE_LOOP
FULL8,60,second_fit,5906,1,0,COMPLETED_STDOUT_ORDER_PLUS_PINNED_NATIVE_LOOP
FULL8,60,second_fit,5907,1,0,COMPLETED_STDOUT_ORDER_PLUS_PINNED_NATIVE_LOOP
FULL8,60,second_fit,5908,1,0,COMPLETED_STDOUT_ORDER_PLUS_PINNED_NATIVE_LOOP
FULL8,60,second_fit,5909,1,0,COMPLETED_STDOUT_ORDER_PLUS_PINNED_NATIVE_LOOP
FULL8,60,second_fit,5910,1,0,COMPLETED_STDOUT_ORDER_PLUS_PINNED_NATIVE_LOOP
FULL8,60,second_fit,5911,1,0,COMPLETED_STDOUT_ORDER_PLUS_PINNED_NATIVE_LOOP
FULL8,60,second_fit,5912,1,0,COMPLETED_STDOUT_ORDER_PLUS_PINNED_NATIVE_LOOP
FULL8,60,second_fit,5913,1,0,COMPLETED_STDOUT_ORDER_PLUS_PINNED_NATIVE_LOOP
FULL8,60,second_fit,5914,1,0,COMPLETED_STDOUT_ORDER_PLUS_PINNED_NATIVE_LOOP
FULL8,60,second_fit,5915,1,0,COMPLETED_STDOUT_ORDER_PLUS_PINNED_NATIVE_LOOP
FULL8,60,second_fit,5916,1,0,COMPLETED_STDOUT_ORDER_PLUS_PINNED_NATIVE_LOOP
FULL8,60,second_fit,5917,1,0,COMPLETED_STDOUT_ORDER_PLUS_PINNED_NATIVE_LOOP
FULL8,60,second_fit,5918,1,0,COMPLETED_STDOUT_ORDER_PLUS_PINNED_NATIVE_LOOP
FULL8,60,second_fit,5919,1,0,COMPLETED_STDOUT_ORDER_PLUS_PINNED_NATIVE_LOOP
FULL8,60,second_fit,5920,1,0,COMPLETED_STDOUT_ORDER_PLUS_PINNED_NATIVE_LOOP
FULL8,60,second_fit,5921,1,0,COMPLETED_STDOUT_ORDER_PLUS_PINNED_NATIVE_LOOP
FULL8,60,second_fit,5922,1,0,COMPLETED_STDOUT_ORDER_PLUS_PINNED_NATIVE_LOOP
FULL8,60,second_fit,5923,1,0,COMPLETED_STDOUT_ORDER_PLUS_PINNED_NATIVE_LOOP
FULL8,60,second_fit,5924,1,0,COMPLETED_STDOUT_ORDER_PLUS_PINNED_NATIVE_LOOP
FULL8,60,second_fit,5925,1,0,COMPLETED_STDOUT_ORDER_PLUS_PINNED_NATIVE_LOOP
FULL8,60,second_fit,5926,1,0,COMPLETED_STDOUT_ORDER_PLUS_PINNED_NATIVE_LOOP
FULL8,60,second_fit,5927,1,0,COMPLETED_STDOUT_ORDER_PLUS_PINNED_NATIVE_LOOP
FULL8,60,second_fit,5928,1,0,COMPLETED_STDOUT_ORDER_PLUS_PINNED_NATIVE_LOOP
FULL8,60,second_fit,5929,1,0,COMPLETED_STDOUT_ORDER_PLUS_PINNED_NATIVE_LOOP
FULL8,60,second_fit,5930,1,0,COMPLETED_STDOUT_ORDER_PLUS_PINNED_NATIVE_LOOP
FULL8,60,second_fit,5931,1,0,COMPLETED_STDOUT_ORDER_PLUS_PINNED_NATIVE_LOOP
FULL8,60,second_fit,5932,1,0,COMPLETED_STDOUT_ORDER_PLUS_PINNED_NATIVE_LOOP
FULL8,60,second_fit,5933,1,0,COMPLETED_STDOUT_ORDER_PLUS_PINNED_NATIVE_LOOP
FULL8,60,second_fit,5934,1,0,COMPLETED_STDOUT_ORDER_PLUS_PINNED_NATIVE_LOOP
FULL8,60,second_fit,5935,1,0,COMPLETED_STDOUT_ORDER_PLUS_PINNED_NATIVE_LOOP
FULL8,60,second_fit,5936,1,0,COMPLETED_STDOUT_ORDER_PLUS_PINNED_NATIVE_LOOP
FULL8,60,second_fit,5937,1,0,COMPLETED_STDOUT_ORDER_PLUS_PINNED_NATIVE_LOOP
FULL8,60,second_fit,5938,1,0,COMPLETED_STDOUT_ORDER_PLUS_PINNED_NATIVE_LOOP
FULL8,60,second_fit,5939,1,0,COMPLETED_STDOUT_ORDER_PLUS_PINNED_NATIVE_LOOP
FULL8,60,second_fit,5940,1,0,COMPLETED_STDOUT_ORDER_PLUS_PINNED_NATIVE_LOOP
FULL8,60,second_fit,5941,1,0,COMPLETED_STDOUT_ORDER_PLUS_PINNED_NATIVE_LOOP
FULL8,60,second_fit,5942,1,0,COMPLETED_STDOUT_ORDER_PLUS_PINNED_NATIVE_LOOP
FULL8,60,second_fit,5943,1,0,COMPLETED_STDOUT_ORDER_PLUS_PINNED_NATIVE_LOOP
FULL8,60,second_fit,5944,1,0,COMPLETED_STDOUT_ORDER_PLUS_PINNED_NATIVE_LOOP
FULL8,60,second_fit,5945,1,0,COMPLETED_STDOUT_ORDER_PLUS_PINNED_NATIVE_LOOP
FULL8,60,second_fit,5946,1,0,COMPLETED_STDOUT_ORDER_PLUS_PINNED_NATIVE_LOOP
FULL8,60,second_fit,5947,1,0,COMPLETED_STDOUT_ORDER_PLUS_PINNED_NATIVE_LOOP
FULL8,60,second_fit,5948,25,24,COMPLETED_STDOUT_ORDER_PLUS_PINNED_NATIVE_LOOP
FULL8,60,second_fit,5949,1,0,COMPLETED_STDOUT_ORDER_PLUS_PINNED_NATIVE_LOOP
FULL8,60,second_fit,5950,1,0,COMPLETED_STDOUT_ORDER_PLUS_PINNED_NATIVE_LOOP
FULL8,60,second_fit,5951,1,0,COMPLETED_STDOUT_ORDER_PLUS_PINNED_NATIVE_LOOP
FULL8,60,second_fit,5952,1,0,COMPLETED_STDOUT_ORDER_PLUS_PINNED_NATIVE_LOOP
FULL8,60,second_fit,5953,1,0,COMPLETED_STDOUT_ORDER_PLUS_PINNED_NATIVE_LOOP
FULL8,60,second_fit,5954,1,0,COMPLETED_STDOUT_ORDER_PLUS_PINNED_NATIVE_LOOP
FULL8,60,second_fit,5955,1,0,COMPLETED_STDOUT_ORDER_PLUS_PINNED_NATIVE_LOOP
FULL8,60,second_fit,5956,1,0,COMPLETED_STDOUT_ORDER_PLUS_PINNED_NATIVE_LOOP
FULL8,60,second_fit,5957,1,0,COMPLETED_STDOUT_ORDER_PLUS_PINNED_NATIVE_LOOP
FULL8,60,second_fit,5958,1,0,COMPLETED_STDOUT_ORDER_PLUS_PINNED_NATIVE_LOOP
FULL8,60,second_fit,5959,1,0,COMPLETED_STDOUT_ORDER_PLUS_PINNED_NATIVE_LOOP
FULL8,60,second_fit,5960,1,0,COMPLETED_STDOUT_ORDER_PLUS_PINNED_NATIVE_LOOP
FULL8,60,second_fit,5961,1,0,COMPLETED_STDOUT_ORDER_PLUS_PINNED_NATIVE_LOOP
FULL8,60,second_fit,5962,1,0,COMPLETED_STDOUT_ORDER_PLUS_PINNED_NATIVE_LOOP
FULL8,60,second_fit,5963,1,0,COMPLETED_STDOUT_ORDER_PLUS_PINNED_NATIVE_LOOP
FULL8,60,second_fit,5964,1,0,COMPLETED_STDOUT_ORDER_PLUS_PINNED_NATIVE_LOOP
FULL8,60,second_fit,5965,1,0,COMPLETED_STDOUT_ORDER_PLUS_PINNED_NATIVE_LOOP
FULL8,60,second_fit,5966,1,0,COMPLETED_STDOUT_ORDER_PLUS_PINNED_NATIVE_LOOP
FULL8,60,second_fit,5967,1,0,COMPLETED_STDOUT_ORDER_PLUS_PINNED_NATIVE_LOOP
FULL8,60,second_fit,5968,1,0,COMPLETED_STDOUT_ORDER_PLUS_PINNED_NATIVE_LOOP
FULL8,60,second_fit,5969,1,0,COMPLETED_STDOUT_ORDER_PLUS_PINNED_NATIVE_LOOP
FULL8,60,second_fit,5970,1,0,COMPLETED_STDOUT_ORDER_PLUS_PINNED_NATIVE_LOOP
FULL8,60,second_fit,5971,1,0,COMPLETED_STDOUT_ORDER_PLUS_PINNED_NATIVE_LOOP
FULL8,60,second_fit,5972,1,0,COMPLETED_STDOUT_ORDER_PLUS_PINNED_NATIVE_LOOP
FULL8,60,second_fit,5973,1,0,COMPLETED_STDOUT_ORDER_PLUS_PINNED_NATIVE_LOOP
FULL8,60,second_fit,5974,1,0,COMPLETED_STDOUT_ORDER_PLUS_PINNED_NATIVE_LOOP
FULL8,60,second_fit,5975,25,24,COMPLETED_STDOUT_ORDER_PLUS_PINNED_NATIVE_LOOP
FULL8,60,second_fit,5976,1,0,COMPLETED_STDOUT_ORDER_PLUS_PINNED_NATIVE_LOOP
FULL8,60,second_fit,5977,1,0,COMPLETED_STDOUT_ORDER_PLUS_PINNED_NATIVE_LOOP
FULL8,60,second_fit,5978,25,24,COMPLETED_STDOUT_ORDER_PLUS_PINNED_NATIVE_LOOP
FULL8,60,second_fit,5979,1,0,COMPLETED_STDOUT_ORDER_PLUS_PINNED_NATIVE_LOOP
FULL8,60,second_fit,5980,1,0,COMPLETED_STDOUT_ORDER_PLUS_PINNED_NATIVE_LOOP
FULL8,60,second_fit,5981,25,24,COMPLETED_STDOUT_ORDER_PLUS_PINNED_NATIVE_LOOP
FULL8,60,second_fit,5982,1,0,COMPLETED_STDOUT_ORDER_PLUS_PINNED_NATIVE_LOOP
FULL8,60,second_fit,5983,1,0,COMPLETED_STDOUT_ORDER_PLUS_PINNED_NATIVE_LOOP
FULL8,60,second_fit,5984,1,0,COMPLETED_STDOUT_ORDER_PLUS_PINNED_NATIVE_LOOP
FULL8,60,second_fit,5985,1,0,COMPLETED_STDOUT_ORDER_PLUS_PINNED_NATIVE_LOOP
FULL8,60,second_fit,5986,1,0,COMPLETED_STDOUT_ORDER_PLUS_PINNED_NATIVE_LOOP
FULL8,60,second_fit,5987,1,0,COMPLETED_STDOUT_ORDER_PLUS_PINNED_NATIVE_LOOP
FULL8,60,second_fit,5988,1,0,COMPLETED_STDOUT_ORDER_PLUS_PINNED_NATIVE_LOOP
FULL8,60,second_fit,5989,1,0,COMPLETED_STDOUT_ORDER_PLUS_PINNED_NATIVE_LOOP
FULL8,60,second_fit,5990,1,0,COMPLETED_STDOUT_ORDER_PLUS_PINNED_NATIVE_LOOP
FULL8,60,second_fit,5991,1,0,COMPLETED_STDOUT_ORDER_PLUS_PINNED_NATIVE_LOOP
FULL8,60,second_fit,5992,1,0,COMPLETED_STDOUT_ORDER_PLUS_PINNED_NATIVE_LOOP
FULL8,60,second_fit,5993,1,0,COMPLETED_STDOUT_ORDER_PLUS_PINNED_NATIVE_LOOP
FULL8,60,second_fit,5994,1,0,COMPLETED_STDOUT_ORDER_PLUS_PINNED_NATIVE_LOOP
FULL8,60,second_fit,5995,1,0,COMPLETED_STDOUT_ORDER_PLUS_PINNED_NATIVE_LOOP
FULL8,60,second_fit,5996,1,0,COMPLETED_STDOUT_ORDER_PLUS_PINNED_NATIVE_LOOP
FULL8,60,second_fit,5997,1,0,COMPLETED_STDOUT_ORDER_PLUS_PINNED_NATIVE_LOOP
FULL8,60,second_fit,5998,1,0,COMPLETED_STDOUT_ORDER_PLUS_PINNED_NATIVE_LOOP
FULL8,60,second_fit,5999,1,0,COMPLETED_STDOUT_ORDER_PLUS_PINNED_NATIVE_LOOP
REFIT4,51,first_fit,5000,25,24,COMPLETED_STDOUT_ORDER_PLUS_PINNED_NATIVE_LOOP
REFIT4,51,first_fit,5001,25,24,COMPLETED_STDOUT_ORDER_PLUS_PINNED_NATIVE_LOOP
REFIT4,51,first_fit,5002,25,24,COMPLETED_STDOUT_ORDER_PLUS_PINNED_NATIVE_LOOP
REFIT4,51,first_fit,5003,25,24,COMPLETED_STDOUT_ORDER_PLUS_PINNED_NATIVE_LOOP
REFIT4,51,first_fit,5004,25,24,COMPLETED_STDOUT_ORDER_PLUS_PINNED_NATIVE_LOOP
REFIT4,51,first_fit,5005,25,24,COMPLETED_STDOUT_ORDER_PLUS_PINNED_NATIVE_LOOP
REFIT4,51,first_fit,5006,25,24,COMPLETED_STDOUT_ORDER_PLUS_PINNED_NATIVE_LOOP
REFIT4,51,first_fit,5007,25,24,COMPLETED_STDOUT_ORDER_PLUS_PINNED_NATIVE_LOOP
REFIT4,51,first_fit,5008,25,24,COMPLETED_STDOUT_ORDER_PLUS_PINNED_NATIVE_LOOP
REFIT4,51,first_fit,5009,25,24,COMPLETED_STDOUT_ORDER_PLUS_PINNED_NATIVE_LOOP
REFIT4,51,first_fit,5010,25,24,COMPLETED_STDOUT_ORDER_PLUS_PINNED_NATIVE_LOOP
REFIT4,51,first_fit,5011,25,24,COMPLETED_STDOUT_ORDER_PLUS_PINNED_NATIVE_LOOP
REFIT4,51,first_fit,5012,25,24,COMPLETED_STDOUT_ORDER_PLUS_PINNED_NATIVE_LOOP
REFIT4,51,first_fit,5013,25,24,COMPLETED_STDOUT_ORDER_PLUS_PINNED_NATIVE_LOOP
REFIT4,51,first_fit,5014,25,24,COMPLETED_STDOUT_ORDER_PLUS_PINNED_NATIVE_LOOP
REFIT4,51,first_fit,5015,25,24,COMPLETED_STDOUT_ORDER_PLUS_PINNED_NATIVE_LOOP
REFIT4,51,first_fit,5016,25,24,COMPLETED_STDOUT_ORDER_PLUS_PINNED_NATIVE_LOOP
REFIT4,51,first_fit,5017,25,24,COMPLETED_STDOUT_ORDER_PLUS_PINNED_NATIVE_LOOP
REFIT4,51,first_fit,5018,25,24,COMPLETED_STDOUT_ORDER_PLUS_PINNED_NATIVE_LOOP
REFIT4,51,first_fit,5019,25,24,COMPLETED_STDOUT_ORDER_PLUS_PINNED_NATIVE_LOOP
REFIT4,51,first_fit,5020,25,24,COMPLETED_STDOUT_ORDER_PLUS_PINNED_NATIVE_LOOP
REFIT4,51,first_fit,5021,25,24,COMPLETED_STDOUT_ORDER_PLUS_PINNED_NATIVE_LOOP
REFIT4,51,first_fit,5022,25,24,COMPLETED_STDOUT_ORDER_PLUS_PINNED_NATIVE_LOOP
REFIT4,51,first_fit,5023,25,24,COMPLETED_STDOUT_ORDER_PLUS_PINNED_NATIVE_LOOP
REFIT4,51,first_fit,5024,25,24,COMPLETED_STDOUT_ORDER_PLUS_PINNED_NATIVE_LOOP
REFIT4,51,first_fit,5025,25,24,COMPLETED_STDOUT_ORDER_PLUS_PINNED_NATIVE_LOOP
REFIT4,51,first_fit,5026,25,24,COMPLETED_STDOUT_ORDER_PLUS_PINNED_NATIVE_LOOP
REFIT4,51,first_fit,5027,25,24,COMPLETED_STDOUT_ORDER_PLUS_PINNED_NATIVE_LOOP
REFIT4,51,first_fit,5028,25,24,COMPLETED_STDOUT_ORDER_PLUS_PINNED_NATIVE_LOOP
REFIT4,51,first_fit,5029,25,24,COMPLETED_STDOUT_ORDER_PLUS_PINNED_NATIVE_LOOP
REFIT4,51,first_fit,5030,25,24,COMPLETED_STDOUT_ORDER_PLUS_PINNED_NATIVE_LOOP
REFIT4,51,first_fit,5031,25,24,COMPLETED_STDOUT_ORDER_PLUS_PINNED_NATIVE_LOOP
REFIT4,51,first_fit,5032,25,24,COMPLETED_STDOUT_ORDER_PLUS_PINNED_NATIVE_LOOP
REFIT4,51,first_fit,5033,25,24,COMPLETED_STDOUT_ORDER_PLUS_PINNED_NATIVE_LOOP
REFIT4,51,first_fit,5034,25,24,COMPLETED_STDOUT_ORDER_PLUS_PINNED_NATIVE_LOOP
REFIT4,51,first_fit,5035,25,24,COMPLETED_STDOUT_ORDER_PLUS_PINNED_NATIVE_LOOP
REFIT4,51,first_fit,5036,25,24,COMPLETED_STDOUT_ORDER_PLUS_PINNED_NATIVE_LOOP
REFIT4,51,first_fit,5037,25,24,COMPLETED_STDOUT_ORDER_PLUS_PINNED_NATIVE_LOOP
REFIT4,51,first_fit,5038,25,24,COMPLETED_STDOUT_ORDER_PLUS_PINNED_NATIVE_LOOP
REFIT4,51,first_fit,5039,25,24,COMPLETED_STDOUT_ORDER_PLUS_PINNED_NATIVE_LOOP
REFIT4,51,first_fit,5040,25,24,COMPLETED_STDOUT_ORDER_PLUS_PINNED_NATIVE_LOOP
REFIT4,51,first_fit,5041,25,24,COMPLETED_STDOUT_ORDER_PLUS_PINNED_NATIVE_LOOP
REFIT4,51,first_fit,5042,25,24,COMPLETED_STDOUT_ORDER_PLUS_PINNED_NATIVE_LOOP
REFIT4,51,first_fit,5043,25,24,COMPLETED_STDOUT_ORDER_PLUS_PINNED_NATIVE_LOOP
REFIT4,51,first_fit,5044,25,24,COMPLETED_STDOUT_ORDER_PLUS_PINNED_NATIVE_LOOP
REFIT4,51,first_fit,5045,25,24,COMPLETED_STDOUT_ORDER_PLUS_PINNED_NATIVE_LOOP
REFIT4,51,first_fit,5046,25,24,COMPLETED_STDOUT_ORDER_PLUS_PINNED_NATIVE_LOOP
REFIT4,51,first_fit,5047,25,24,COMPLETED_STDOUT_ORDER_PLUS_PINNED_NATIVE_LOOP
REFIT4,51,first_fit,5048,25,24,COMPLETED_STDOUT_ORDER_PLUS_PINNED_NATIVE_LOOP
REFIT4,51,first_fit,5049,25,24,COMPLETED_STDOUT_ORDER_PLUS_PINNED_NATIVE_LOOP
REFIT4,51,first_fit,5050,25,24,COMPLETED_STDOUT_ORDER_PLUS_PINNED_NATIVE_LOOP
REFIT4,51,first_fit,5051,25,24,COMPLETED_STDOUT_ORDER_PLUS_PINNED_NATIVE_LOOP
REFIT4,51,first_fit,5052,25,24,COMPLETED_STDOUT_ORDER_PLUS_PINNED_NATIVE_LOOP
REFIT4,51,first_fit,5053,25,24,COMPLETED_STDOUT_ORDER_PLUS_PINNED_NATIVE_LOOP
REFIT4,51,first_fit,5054,25,24,COMPLETED_STDOUT_ORDER_PLUS_PINNED_NATIVE_LOOP
REFIT4,51,first_fit,5055,25,24,COMPLETED_STDOUT_ORDER_PLUS_PINNED_NATIVE_LOOP
REFIT4,51,first_fit,5056,25,24,COMPLETED_STDOUT_ORDER_PLUS_PINNED_NATIVE_LOOP
REFIT4,51,first_fit,5057,25,24,COMPLETED_STDOUT_ORDER_PLUS_PINNED_NATIVE_LOOP
REFIT4,51,first_fit,5058,25,24,COMPLETED_STDOUT_ORDER_PLUS_PINNED_NATIVE_LOOP
REFIT4,51,first_fit,5059,25,24,COMPLETED_STDOUT_ORDER_PLUS_PINNED_NATIVE_LOOP
REFIT4,51,first_fit,5060,25,24,COMPLETED_STDOUT_ORDER_PLUS_PINNED_NATIVE_LOOP
REFIT4,51,first_fit,5061,25,24,COMPLETED_STDOUT_ORDER_PLUS_PINNED_NATIVE_LOOP
REFIT4,51,first_fit,5062,25,24,COMPLETED_STDOUT_ORDER_PLUS_PINNED_NATIVE_LOOP
REFIT4,51,first_fit,5063,25,24,COMPLETED_STDOUT_ORDER_PLUS_PINNED_NATIVE_LOOP
REFIT4,51,first_fit,5064,25,24,COMPLETED_STDOUT_ORDER_PLUS_PINNED_NATIVE_LOOP
REFIT4,51,first_fit,5065,25,24,COMPLETED_STDOUT_ORDER_PLUS_PINNED_NATIVE_LOOP
REFIT4,51,first_fit,5066,25,24,COMPLETED_STDOUT_ORDER_PLUS_PINNED_NATIVE_LOOP
REFIT4,51,first_fit,5067,25,24,COMPLETED_STDOUT_ORDER_PLUS_PINNED_NATIVE_LOOP
REFIT4,51,first_fit,5068,25,24,COMPLETED_STDOUT_ORDER_PLUS_PINNED_NATIVE_LOOP
REFIT4,51,first_fit,5069,25,24,COMPLETED_STDOUT_ORDER_PLUS_PINNED_NATIVE_LOOP
REFIT4,51,first_fit,5070,25,24,COMPLETED_STDOUT_ORDER_PLUS_PINNED_NATIVE_LOOP
REFIT4,51,first_fit,5071,25,24,COMPLETED_STDOUT_ORDER_PLUS_PINNED_NATIVE_LOOP
REFIT4,51,first_fit,5072,25,24,COMPLETED_STDOUT_ORDER_PLUS_PINNED_NATIVE_LOOP
REFIT4,51,first_fit,5073,25,24,COMPLETED_STDOUT_ORDER_PLUS_PINNED_NATIVE_LOOP
REFIT4,51,first_fit,5074,25,24,COMPLETED_STDOUT_ORDER_PLUS_PINNED_NATIVE_LOOP
REFIT4,51,first_fit,5075,25,24,COMPLETED_STDOUT_ORDER_PLUS_PINNED_NATIVE_LOOP
REFIT4,51,first_fit,5076,25,24,COMPLETED_STDOUT_ORDER_PLUS_PINNED_NATIVE_LOOP
REFIT4,51,first_fit,5077,25,24,COMPLETED_STDOUT_ORDER_PLUS_PINNED_NATIVE_LOOP
REFIT4,51,first_fit,5078,25,24,COMPLETED_STDOUT_ORDER_PLUS_PINNED_NATIVE_LOOP
REFIT4,51,first_fit,5079,25,24,COMPLETED_STDOUT_ORDER_PLUS_PINNED_NATIVE_LOOP
REFIT4,51,first_fit,5080,25,24,COMPLETED_STDOUT_ORDER_PLUS_PINNED_NATIVE_LOOP
REFIT4,51,first_fit,5081,25,24,COMPLETED_STDOUT_ORDER_PLUS_PINNED_NATIVE_LOOP
REFIT4,51,first_fit,5082,25,24,COMPLETED_STDOUT_ORDER_PLUS_PINNED_NATIVE_LOOP
REFIT4,51,first_fit,5083,25,24,COMPLETED_STDOUT_ORDER_PLUS_PINNED_NATIVE_LOOP
REFIT4,51,first_fit,5084,25,24,COMPLETED_STDOUT_ORDER_PLUS_PINNED_NATIVE_LOOP
REFIT4,51,first_fit,5085,25,24,COMPLETED_STDOUT_ORDER_PLUS_PINNED_NATIVE_LOOP
REFIT4,51,first_fit,5086,25,24,COMPLETED_STDOUT_ORDER_PLUS_PINNED_NATIVE_LOOP
REFIT4,51,first_fit,5087,25,24,COMPLETED_STDOUT_ORDER_PLUS_PINNED_NATIVE_LOOP
REFIT4,51,first_fit,5088,25,24,COMPLETED_STDOUT_ORDER_PLUS_PINNED_NATIVE_LOOP
REFIT4,51,first_fit,5089,25,24,COMPLETED_STDOUT_ORDER_PLUS_PINNED_NATIVE_LOOP
REFIT4,51,first_fit,5090,25,24,COMPLETED_STDOUT_ORDER_PLUS_PINNED_NATIVE_LOOP
REFIT4,51,first_fit,5091,25,24,COMPLETED_STDOUT_ORDER_PLUS_PINNED_NATIVE_LOOP
REFIT4,51,first_fit,5092,25,24,COMPLETED_STDOUT_ORDER_PLUS_PINNED_NATIVE_LOOP
REFIT4,51,first_fit,5093,25,24,COMPLETED_STDOUT_ORDER_PLUS_PINNED_NATIVE_LOOP
REFIT4,51,first_fit,5094,25,24,COMPLETED_STDOUT_ORDER_PLUS_PINNED_NATIVE_LOOP
REFIT4,51,first_fit,5095,25,24,COMPLETED_STDOUT_ORDER_PLUS_PINNED_NATIVE_LOOP
REFIT4,51,first_fit,5096,25,24,COMPLETED_STDOUT_ORDER_PLUS_PINNED_NATIVE_LOOP
REFIT4,51,first_fit,5097,25,24,COMPLETED_STDOUT_ORDER_PLUS_PINNED_NATIVE_LOOP
REFIT4,51,first_fit,5098,25,24,COMPLETED_STDOUT_ORDER_PLUS_PINNED_NATIVE_LOOP
REFIT4,51,first_fit,5099,25,24,COMPLETED_STDOUT_ORDER_PLUS_PINNED_NATIVE_LOOP
REFIT4,51,second_fit,5000,1,0,COMPLETED_STDOUT_ORDER_PLUS_PINNED_NATIVE_LOOP
REFIT4,51,second_fit,5001,1,0,COMPLETED_STDOUT_ORDER_PLUS_PINNED_NATIVE_LOOP
REFIT4,51,second_fit,5002,25,24,COMPLETED_STDOUT_ORDER_PLUS_PINNED_NATIVE_LOOP
REFIT4,51,second_fit,5003,1,0,COMPLETED_STDOUT_ORDER_PLUS_PINNED_NATIVE_LOOP
REFIT4,51,second_fit,5004,1,0,COMPLETED_STDOUT_ORDER_PLUS_PINNED_NATIVE_LOOP
REFIT4,51,second_fit,5005,1,0,COMPLETED_STDOUT_ORDER_PLUS_PINNED_NATIVE_LOOP
REFIT4,51,second_fit,5006,25,24,COMPLETED_STDOUT_ORDER_PLUS_PINNED_NATIVE_LOOP
REFIT4,51,second_fit,5007,1,0,COMPLETED_STDOUT_ORDER_PLUS_PINNED_NATIVE_LOOP
REFIT4,51,second_fit,5008,1,0,COMPLETED_STDOUT_ORDER_PLUS_PINNED_NATIVE_LOOP
REFIT4,51,second_fit,5009,1,0,COMPLETED_STDOUT_ORDER_PLUS_PINNED_NATIVE_LOOP
REFIT4,51,second_fit,5010,1,0,COMPLETED_STDOUT_ORDER_PLUS_PINNED_NATIVE_LOOP
REFIT4,51,second_fit,5011,1,0,COMPLETED_STDOUT_ORDER_PLUS_PINNED_NATIVE_LOOP
REFIT4,51,second_fit,5012,1,0,COMPLETED_STDOUT_ORDER_PLUS_PINNED_NATIVE_LOOP
REFIT4,51,second_fit,5013,1,0,COMPLETED_STDOUT_ORDER_PLUS_PINNED_NATIVE_LOOP
REFIT4,51,second_fit,5014,1,0,COMPLETED_STDOUT_ORDER_PLUS_PINNED_NATIVE_LOOP
REFIT4,51,second_fit,5015,1,0,COMPLETED_STDOUT_ORDER_PLUS_PINNED_NATIVE_LOOP
REFIT4,51,second_fit,5016,1,0,COMPLETED_STDOUT_ORDER_PLUS_PINNED_NATIVE_LOOP
REFIT4,51,second_fit,5017,1,0,COMPLETED_STDOUT_ORDER_PLUS_PINNED_NATIVE_LOOP
REFIT4,51,second_fit,5018,1,0,COMPLETED_STDOUT_ORDER_PLUS_PINNED_NATIVE_LOOP
REFIT4,51,second_fit,5019,1,0,COMPLETED_STDOUT_ORDER_PLUS_PINNED_NATIVE_LOOP
REFIT4,51,second_fit,5020,25,24,COMPLETED_STDOUT_ORDER_PLUS_PINNED_NATIVE_LOOP
REFIT4,51,second_fit,5021,1,0,COMPLETED_STDOUT_ORDER_PLUS_PINNED_NATIVE_LOOP
REFIT4,51,second_fit,5022,25,24,COMPLETED_STDOUT_ORDER_PLUS_PINNED_NATIVE_LOOP
REFIT4,51,second_fit,5023,1,0,COMPLETED_STDOUT_ORDER_PLUS_PINNED_NATIVE_LOOP
REFIT4,51,second_fit,5024,1,0,COMPLETED_STDOUT_ORDER_PLUS_PINNED_NATIVE_LOOP
REFIT4,51,second_fit,5025,1,0,COMPLETED_STDOUT_ORDER_PLUS_PINNED_NATIVE_LOOP
REFIT4,51,second_fit,5026,1,0,COMPLETED_STDOUT_ORDER_PLUS_PINNED_NATIVE_LOOP
REFIT4,51,second_fit,5027,1,0,COMPLETED_STDOUT_ORDER_PLUS_PINNED_NATIVE_LOOP
REFIT4,51,second_fit,5028,1,0,COMPLETED_STDOUT_ORDER_PLUS_PINNED_NATIVE_LOOP
REFIT4,51,second_fit,5029,1,0,COMPLETED_STDOUT_ORDER_PLUS_PINNED_NATIVE_LOOP
REFIT4,51,second_fit,5030,1,0,COMPLETED_STDOUT_ORDER_PLUS_PINNED_NATIVE_LOOP
REFIT4,51,second_fit,5031,1,0,COMPLETED_STDOUT_ORDER_PLUS_PINNED_NATIVE_LOOP
REFIT4,51,second_fit,5032,25,24,COMPLETED_STDOUT_ORDER_PLUS_PINNED_NATIVE_LOOP
REFIT4,51,second_fit,5033,1,0,COMPLETED_STDOUT_ORDER_PLUS_PINNED_NATIVE_LOOP
REFIT4,51,second_fit,5034,1,0,COMPLETED_STDOUT_ORDER_PLUS_PINNED_NATIVE_LOOP
REFIT4,51,second_fit,5035,1,0,COMPLETED_STDOUT_ORDER_PLUS_PINNED_NATIVE_LOOP
REFIT4,51,second_fit,5036,1,0,COMPLETED_STDOUT_ORDER_PLUS_PINNED_NATIVE_LOOP
REFIT4,51,second_fit,5037,1,0,COMPLETED_STDOUT_ORDER_PLUS_PINNED_NATIVE_LOOP
REFIT4,51,second_fit,5038,1,0,COMPLETED_STDOUT_ORDER_PLUS_PINNED_NATIVE_LOOP
REFIT4,51,second_fit,5039,1,0,COMPLETED_STDOUT_ORDER_PLUS_PINNED_NATIVE_LOOP
REFIT4,51,second_fit,5040,1,0,COMPLETED_STDOUT_ORDER_PLUS_PINNED_NATIVE_LOOP
REFIT4,51,second_fit,5041,1,0,COMPLETED_STDOUT_ORDER_PLUS_PINNED_NATIVE_LOOP
REFIT4,51,second_fit,5042,1,0,COMPLETED_STDOUT_ORDER_PLUS_PINNED_NATIVE_LOOP
REFIT4,51,second_fit,5043,1,0,COMPLETED_STDOUT_ORDER_PLUS_PINNED_NATIVE_LOOP
REFIT4,51,second_fit,5044,1,0,COMPLETED_STDOUT_ORDER_PLUS_PINNED_NATIVE_LOOP
REFIT4,51,second_fit,5045,1,0,COMPLETED_STDOUT_ORDER_PLUS_PINNED_NATIVE_LOOP
REFIT4,51,second_fit,5046,1,0,COMPLETED_STDOUT_ORDER_PLUS_PINNED_NATIVE_LOOP
REFIT4,51,second_fit,5047,1,0,COMPLETED_STDOUT_ORDER_PLUS_PINNED_NATIVE_LOOP
REFIT4,51,second_fit,5048,1,0,COMPLETED_STDOUT_ORDER_PLUS_PINNED_NATIVE_LOOP
REFIT4,51,second_fit,5049,1,0,COMPLETED_STDOUT_ORDER_PLUS_PINNED_NATIVE_LOOP
REFIT4,51,second_fit,5050,1,0,COMPLETED_STDOUT_ORDER_PLUS_PINNED_NATIVE_LOOP
REFIT4,51,second_fit,5051,1,0,COMPLETED_STDOUT_ORDER_PLUS_PINNED_NATIVE_LOOP
REFIT4,51,second_fit,5052,1,0,COMPLETED_STDOUT_ORDER_PLUS_PINNED_NATIVE_LOOP
REFIT4,51,second_fit,5053,1,0,COMPLETED_STDOUT_ORDER_PLUS_PINNED_NATIVE_LOOP
REFIT4,51,second_fit,5054,1,0,COMPLETED_STDOUT_ORDER_PLUS_PINNED_NATIVE_LOOP
REFIT4,51,second_fit,5055,1,0,COMPLETED_STDOUT_ORDER_PLUS_PINNED_NATIVE_LOOP
REFIT4,51,second_fit,5056,1,0,COMPLETED_STDOUT_ORDER_PLUS_PINNED_NATIVE_LOOP
REFIT4,51,second_fit,5057,1,0,COMPLETED_STDOUT_ORDER_PLUS_PINNED_NATIVE_LOOP
REFIT4,51,second_fit,5058,1,0,COMPLETED_STDOUT_ORDER_PLUS_PINNED_NATIVE_LOOP
REFIT4,51,second_fit,5059,1,0,COMPLETED_STDOUT_ORDER_PLUS_PINNED_NATIVE_LOOP
REFIT4,51,second_fit,5060,1,0,COMPLETED_STDOUT_ORDER_PLUS_PINNED_NATIVE_LOOP
REFIT4,51,second_fit,5061,1,0,COMPLETED_STDOUT_ORDER_PLUS_PINNED_NATIVE_LOOP
REFIT4,51,second_fit,5062,1,0,COMPLETED_STDOUT_ORDER_PLUS_PINNED_NATIVE_LOOP
REFIT4,51,second_fit,5063,1,0,COMPLETED_STDOUT_ORDER_PLUS_PINNED_NATIVE_LOOP
REFIT4,51,second_fit,5064,1,0,COMPLETED_STDOUT_ORDER_PLUS_PINNED_NATIVE_LOOP
REFIT4,51,second_fit,5065,25,24,COMPLETED_STDOUT_ORDER_PLUS_PINNED_NATIVE_LOOP
REFIT4,51,second_fit,5066,1,0,COMPLETED_STDOUT_ORDER_PLUS_PINNED_NATIVE_LOOP
REFIT4,51,second_fit,5067,25,24,COMPLETED_STDOUT_ORDER_PLUS_PINNED_NATIVE_LOOP
REFIT4,51,second_fit,5068,1,0,COMPLETED_STDOUT_ORDER_PLUS_PINNED_NATIVE_LOOP
REFIT4,51,second_fit,5069,1,0,COMPLETED_STDOUT_ORDER_PLUS_PINNED_NATIVE_LOOP
REFIT4,51,second_fit,5070,1,0,COMPLETED_STDOUT_ORDER_PLUS_PINNED_NATIVE_LOOP
REFIT4,51,second_fit,5071,1,0,COMPLETED_STDOUT_ORDER_PLUS_PINNED_NATIVE_LOOP
REFIT4,51,second_fit,5072,1,0,COMPLETED_STDOUT_ORDER_PLUS_PINNED_NATIVE_LOOP
REFIT4,51,second_fit,5073,1,0,COMPLETED_STDOUT_ORDER_PLUS_PINNED_NATIVE_LOOP
REFIT4,51,second_fit,5074,1,0,COMPLETED_STDOUT_ORDER_PLUS_PINNED_NATIVE_LOOP
REFIT4,51,second_fit,5075,1,0,COMPLETED_STDOUT_ORDER_PLUS_PINNED_NATIVE_LOOP
REFIT4,51,second_fit,5076,1,0,COMPLETED_STDOUT_ORDER_PLUS_PINNED_NATIVE_LOOP
REFIT4,51,second_fit,5077,1,0,COMPLETED_STDOUT_ORDER_PLUS_PINNED_NATIVE_LOOP
REFIT4,51,second_fit,5078,1,0,COMPLETED_STDOUT_ORDER_PLUS_PINNED_NATIVE_LOOP
REFIT4,51,second_fit,5079,1,0,COMPLETED_STDOUT_ORDER_PLUS_PINNED_NATIVE_LOOP
REFIT4,51,second_fit,5080,1,0,COMPLETED_STDOUT_ORDER_PLUS_PINNED_NATIVE_LOOP
REFIT4,51,second_fit,5081,1,0,COMPLETED_STDOUT_ORDER_PLUS_PINNED_NATIVE_LOOP
REFIT4,51,second_fit,5082,1,0,COMPLETED_STDOUT_ORDER_PLUS_PINNED_NATIVE_LOOP
REFIT4,51,second_fit,5083,1,0,COMPLETED_STDOUT_ORDER_PLUS_PINNED_NATIVE_LOOP
REFIT4,51,second_fit,5084,1,0,COMPLETED_STDOUT_ORDER_PLUS_PINNED_NATIVE_LOOP
REFIT4,51,second_fit,5085,1,0,COMPLETED_STDOUT_ORDER_PLUS_PINNED_NATIVE_LOOP
REFIT4,51,second_fit,5086,1,0,COMPLETED_STDOUT_ORDER_PLUS_PINNED_NATIVE_LOOP
REFIT4,51,second_fit,5087,1,0,COMPLETED_STDOUT_ORDER_PLUS_PINNED_NATIVE_LOOP
REFIT4,51,second_fit,5088,1,0,COMPLETED_STDOUT_ORDER_PLUS_PINNED_NATIVE_LOOP
REFIT4,51,second_fit,5089,1,0,COMPLETED_STDOUT_ORDER_PLUS_PINNED_NATIVE_LOOP
REFIT4,51,second_fit,5090,1,0,COMPLETED_STDOUT_ORDER_PLUS_PINNED_NATIVE_LOOP
REFIT4,51,second_fit,5091,1,0,COMPLETED_STDOUT_ORDER_PLUS_PINNED_NATIVE_LOOP
REFIT4,51,second_fit,5092,1,0,COMPLETED_STDOUT_ORDER_PLUS_PINNED_NATIVE_LOOP
REFIT4,51,second_fit,5093,1,0,COMPLETED_STDOUT_ORDER_PLUS_PINNED_NATIVE_LOOP
REFIT4,51,second_fit,5094,25,24,COMPLETED_STDOUT_ORDER_PLUS_PINNED_NATIVE_LOOP
REFIT4,51,second_fit,5095,25,24,COMPLETED_STDOUT_ORDER_PLUS_PINNED_NATIVE_LOOP
REFIT4,51,second_fit,5096,1,0,COMPLETED_STDOUT_ORDER_PLUS_PINNED_NATIVE_LOOP
REFIT4,51,second_fit,5097,1,0,COMPLETED_STDOUT_ORDER_PLUS_PINNED_NATIVE_LOOP
REFIT4,51,second_fit,5098,1,0,COMPLETED_STDOUT_ORDER_PLUS_PINNED_NATIVE_LOOP
REFIT4,51,second_fit,5099,1,0,COMPLETED_STDOUT_ORDER_PLUS_PINNED_NATIVE_LOOP
REFIT4,52,first_fit,5100,25,24,COMPLETED_STDOUT_ORDER_PLUS_PINNED_NATIVE_LOOP
REFIT4,52,first_fit,5101,25,24,COMPLETED_STDOUT_ORDER_PLUS_PINNED_NATIVE_LOOP
REFIT4,52,first_fit,5102,25,24,COMPLETED_STDOUT_ORDER_PLUS_PINNED_NATIVE_LOOP
REFIT4,52,first_fit,5103,25,24,COMPLETED_STDOUT_ORDER_PLUS_PINNED_NATIVE_LOOP
REFIT4,52,first_fit,5104,25,24,COMPLETED_STDOUT_ORDER_PLUS_PINNED_NATIVE_LOOP
REFIT4,52,first_fit,5105,25,24,COMPLETED_STDOUT_ORDER_PLUS_PINNED_NATIVE_LOOP
REFIT4,52,first_fit,5106,25,24,COMPLETED_STDOUT_ORDER_PLUS_PINNED_NATIVE_LOOP
REFIT4,52,first_fit,5107,25,24,COMPLETED_STDOUT_ORDER_PLUS_PINNED_NATIVE_LOOP
REFIT4,52,first_fit,5108,25,24,COMPLETED_STDOUT_ORDER_PLUS_PINNED_NATIVE_LOOP
REFIT4,52,first_fit,5109,25,24,COMPLETED_STDOUT_ORDER_PLUS_PINNED_NATIVE_LOOP
REFIT4,52,first_fit,5110,25,24,COMPLETED_STDOUT_ORDER_PLUS_PINNED_NATIVE_LOOP
REFIT4,52,first_fit,5111,25,24,COMPLETED_STDOUT_ORDER_PLUS_PINNED_NATIVE_LOOP
REFIT4,52,first_fit,5112,25,24,COMPLETED_STDOUT_ORDER_PLUS_PINNED_NATIVE_LOOP
REFIT4,52,first_fit,5113,25,24,COMPLETED_STDOUT_ORDER_PLUS_PINNED_NATIVE_LOOP
REFIT4,52,first_fit,5114,25,24,COMPLETED_STDOUT_ORDER_PLUS_PINNED_NATIVE_LOOP
REFIT4,52,first_fit,5115,25,24,COMPLETED_STDOUT_ORDER_PLUS_PINNED_NATIVE_LOOP
REFIT4,52,first_fit,5116,25,24,COMPLETED_STDOUT_ORDER_PLUS_PINNED_NATIVE_LOOP
REFIT4,52,first_fit,5117,25,24,COMPLETED_STDOUT_ORDER_PLUS_PINNED_NATIVE_LOOP
REFIT4,52,first_fit,5118,25,24,COMPLETED_STDOUT_ORDER_PLUS_PINNED_NATIVE_LOOP
REFIT4,52,first_fit,5119,25,24,COMPLETED_STDOUT_ORDER_PLUS_PINNED_NATIVE_LOOP
REFIT4,52,first_fit,5120,25,24,COMPLETED_STDOUT_ORDER_PLUS_PINNED_NATIVE_LOOP
REFIT4,52,first_fit,5121,25,24,COMPLETED_STDOUT_ORDER_PLUS_PINNED_NATIVE_LOOP
REFIT4,52,first_fit,5122,25,24,COMPLETED_STDOUT_ORDER_PLUS_PINNED_NATIVE_LOOP
REFIT4,52,first_fit,5123,25,24,COMPLETED_STDOUT_ORDER_PLUS_PINNED_NATIVE_LOOP
REFIT4,52,first_fit,5124,25,24,COMPLETED_STDOUT_ORDER_PLUS_PINNED_NATIVE_LOOP
REFIT4,52,first_fit,5125,25,24,COMPLETED_STDOUT_ORDER_PLUS_PINNED_NATIVE_LOOP
REFIT4,52,first_fit,5126,25,24,COMPLETED_STDOUT_ORDER_PLUS_PINNED_NATIVE_LOOP
REFIT4,52,first_fit,5127,25,24,COMPLETED_STDOUT_ORDER_PLUS_PINNED_NATIVE_LOOP
REFIT4,52,first_fit,5128,25,24,COMPLETED_STDOUT_ORDER_PLUS_PINNED_NATIVE_LOOP
REFIT4,52,first_fit,5129,25,24,COMPLETED_STDOUT_ORDER_PLUS_PINNED_NATIVE_LOOP
REFIT4,52,first_fit,5130,25,24,COMPLETED_STDOUT_ORDER_PLUS_PINNED_NATIVE_LOOP
REFIT4,52,first_fit,5131,25,24,COMPLETED_STDOUT_ORDER_PLUS_PINNED_NATIVE_LOOP
REFIT4,52,first_fit,5132,25,24,COMPLETED_STDOUT_ORDER_PLUS_PINNED_NATIVE_LOOP
REFIT4,52,first_fit,5133,25,24,COMPLETED_STDOUT_ORDER_PLUS_PINNED_NATIVE_LOOP
REFIT4,52,first_fit,5134,25,24,COMPLETED_STDOUT_ORDER_PLUS_PINNED_NATIVE_LOOP
REFIT4,52,first_fit,5135,25,24,COMPLETED_STDOUT_ORDER_PLUS_PINNED_NATIVE_LOOP
REFIT4,52,first_fit,5136,25,24,COMPLETED_STDOUT_ORDER_PLUS_PINNED_NATIVE_LOOP
REFIT4,52,first_fit,5137,25,24,COMPLETED_STDOUT_ORDER_PLUS_PINNED_NATIVE_LOOP
REFIT4,52,first_fit,5138,25,24,COMPLETED_STDOUT_ORDER_PLUS_PINNED_NATIVE_LOOP
REFIT4,52,first_fit,5139,25,24,COMPLETED_STDOUT_ORDER_PLUS_PINNED_NATIVE_LOOP
REFIT4,52,first_fit,5140,25,24,COMPLETED_STDOUT_ORDER_PLUS_PINNED_NATIVE_LOOP
REFIT4,52,first_fit,5141,25,24,COMPLETED_STDOUT_ORDER_PLUS_PINNED_NATIVE_LOOP
REFIT4,52,first_fit,5142,25,24,COMPLETED_STDOUT_ORDER_PLUS_PINNED_NATIVE_LOOP
REFIT4,52,first_fit,5143,25,24,COMPLETED_STDOUT_ORDER_PLUS_PINNED_NATIVE_LOOP
REFIT4,52,first_fit,5144,25,24,COMPLETED_STDOUT_ORDER_PLUS_PINNED_NATIVE_LOOP
REFIT4,52,first_fit,5145,25,24,COMPLETED_STDOUT_ORDER_PLUS_PINNED_NATIVE_LOOP
REFIT4,52,first_fit,5146,25,24,COMPLETED_STDOUT_ORDER_PLUS_PINNED_NATIVE_LOOP
REFIT4,52,first_fit,5147,25,24,COMPLETED_STDOUT_ORDER_PLUS_PINNED_NATIVE_LOOP
REFIT4,52,first_fit,5148,25,24,COMPLETED_STDOUT_ORDER_PLUS_PINNED_NATIVE_LOOP
REFIT4,52,first_fit,5149,25,24,COMPLETED_STDOUT_ORDER_PLUS_PINNED_NATIVE_LOOP
REFIT4,52,first_fit,5150,25,24,COMPLETED_STDOUT_ORDER_PLUS_PINNED_NATIVE_LOOP
REFIT4,52,first_fit,5151,25,24,COMPLETED_STDOUT_ORDER_PLUS_PINNED_NATIVE_LOOP
REFIT4,52,first_fit,5152,25,24,COMPLETED_STDOUT_ORDER_PLUS_PINNED_NATIVE_LOOP
REFIT4,52,first_fit,5153,25,24,COMPLETED_STDOUT_ORDER_PLUS_PINNED_NATIVE_LOOP
REFIT4,52,first_fit,5154,25,24,COMPLETED_STDOUT_ORDER_PLUS_PINNED_NATIVE_LOOP
REFIT4,52,first_fit,5155,25,24,COMPLETED_STDOUT_ORDER_PLUS_PINNED_NATIVE_LOOP
REFIT4,52,first_fit,5156,25,24,COMPLETED_STDOUT_ORDER_PLUS_PINNED_NATIVE_LOOP
REFIT4,52,first_fit,5157,25,24,COMPLETED_STDOUT_ORDER_PLUS_PINNED_NATIVE_LOOP
REFIT4,52,first_fit,5158,25,24,COMPLETED_STDOUT_ORDER_PLUS_PINNED_NATIVE_LOOP
REFIT4,52,first_fit,5159,25,24,COMPLETED_STDOUT_ORDER_PLUS_PINNED_NATIVE_LOOP
REFIT4,52,first_fit,5160,25,24,COMPLETED_STDOUT_ORDER_PLUS_PINNED_NATIVE_LOOP
REFIT4,52,first_fit,5161,25,24,COMPLETED_STDOUT_ORDER_PLUS_PINNED_NATIVE_LOOP
REFIT4,52,first_fit,5162,25,24,COMPLETED_STDOUT_ORDER_PLUS_PINNED_NATIVE_LOOP
REFIT4,52,first_fit,5163,25,24,COMPLETED_STDOUT_ORDER_PLUS_PINNED_NATIVE_LOOP
REFIT4,52,first_fit,5164,25,24,COMPLETED_STDOUT_ORDER_PLUS_PINNED_NATIVE_LOOP
REFIT4,52,first_fit,5165,25,24,COMPLETED_STDOUT_ORDER_PLUS_PINNED_NATIVE_LOOP
REFIT4,52,first_fit,5166,25,24,COMPLETED_STDOUT_ORDER_PLUS_PINNED_NATIVE_LOOP
REFIT4,52,first_fit,5167,25,24,COMPLETED_STDOUT_ORDER_PLUS_PINNED_NATIVE_LOOP
REFIT4,52,first_fit,5168,25,24,COMPLETED_STDOUT_ORDER_PLUS_PINNED_NATIVE_LOOP
REFIT4,52,first_fit,5169,25,24,COMPLETED_STDOUT_ORDER_PLUS_PINNED_NATIVE_LOOP
REFIT4,52,first_fit,5170,25,24,COMPLETED_STDOUT_ORDER_PLUS_PINNED_NATIVE_LOOP
REFIT4,52,first_fit,5171,25,24,COMPLETED_STDOUT_ORDER_PLUS_PINNED_NATIVE_LOOP
REFIT4,52,first_fit,5172,25,24,COMPLETED_STDOUT_ORDER_PLUS_PINNED_NATIVE_LOOP
REFIT4,52,first_fit,5173,25,24,COMPLETED_STDOUT_ORDER_PLUS_PINNED_NATIVE_LOOP
REFIT4,52,first_fit,5174,25,24,COMPLETED_STDOUT_ORDER_PLUS_PINNED_NATIVE_LOOP
REFIT4,52,first_fit,5175,25,24,COMPLETED_STDOUT_ORDER_PLUS_PINNED_NATIVE_LOOP
REFIT4,52,first_fit,5176,25,24,COMPLETED_STDOUT_ORDER_PLUS_PINNED_NATIVE_LOOP
REFIT4,52,first_fit,5177,25,24,COMPLETED_STDOUT_ORDER_PLUS_PINNED_NATIVE_LOOP
REFIT4,52,first_fit,5178,25,24,COMPLETED_STDOUT_ORDER_PLUS_PINNED_NATIVE_LOOP
REFIT4,52,first_fit,5179,25,24,COMPLETED_STDOUT_ORDER_PLUS_PINNED_NATIVE_LOOP
REFIT4,52,first_fit,5180,25,24,COMPLETED_STDOUT_ORDER_PLUS_PINNED_NATIVE_LOOP
REFIT4,52,first_fit,5181,25,24,COMPLETED_STDOUT_ORDER_PLUS_PINNED_NATIVE_LOOP
REFIT4,52,first_fit,5182,25,24,COMPLETED_STDOUT_ORDER_PLUS_PINNED_NATIVE_LOOP
REFIT4,52,first_fit,5183,25,24,COMPLETED_STDOUT_ORDER_PLUS_PINNED_NATIVE_LOOP
REFIT4,52,first_fit,5184,25,24,COMPLETED_STDOUT_ORDER_PLUS_PINNED_NATIVE_LOOP
REFIT4,52,first_fit,5185,25,24,COMPLETED_STDOUT_ORDER_PLUS_PINNED_NATIVE_LOOP
REFIT4,52,first_fit,5186,25,24,COMPLETED_STDOUT_ORDER_PLUS_PINNED_NATIVE_LOOP
REFIT4,52,first_fit,5187,25,24,COMPLETED_STDOUT_ORDER_PLUS_PINNED_NATIVE_LOOP
REFIT4,52,first_fit,5188,25,24,COMPLETED_STDOUT_ORDER_PLUS_PINNED_NATIVE_LOOP
REFIT4,52,first_fit,5189,25,24,COMPLETED_STDOUT_ORDER_PLUS_PINNED_NATIVE_LOOP
REFIT4,52,first_fit,5190,25,24,COMPLETED_STDOUT_ORDER_PLUS_PINNED_NATIVE_LOOP
REFIT4,52,first_fit,5191,25,24,COMPLETED_STDOUT_ORDER_PLUS_PINNED_NATIVE_LOOP
REFIT4,52,first_fit,5192,25,24,COMPLETED_STDOUT_ORDER_PLUS_PINNED_NATIVE_LOOP
REFIT4,52,first_fit,5193,25,24,COMPLETED_STDOUT_ORDER_PLUS_PINNED_NATIVE_LOOP
REFIT4,52,first_fit,5194,25,24,COMPLETED_STDOUT_ORDER_PLUS_PINNED_NATIVE_LOOP
REFIT4,52,first_fit,5195,25,24,COMPLETED_STDOUT_ORDER_PLUS_PINNED_NATIVE_LOOP
REFIT4,52,first_fit,5196,25,24,COMPLETED_STDOUT_ORDER_PLUS_PINNED_NATIVE_LOOP
REFIT4,52,first_fit,5197,25,24,COMPLETED_STDOUT_ORDER_PLUS_PINNED_NATIVE_LOOP
REFIT4,52,first_fit,5198,25,24,COMPLETED_STDOUT_ORDER_PLUS_PINNED_NATIVE_LOOP
REFIT4,52,first_fit,5199,25,24,COMPLETED_STDOUT_ORDER_PLUS_PINNED_NATIVE_LOOP
REFIT4,52,second_fit,5100,25,24,COMPLETED_STDOUT_ORDER_PLUS_PINNED_NATIVE_LOOP
REFIT4,52,second_fit,5101,1,0,COMPLETED_STDOUT_ORDER_PLUS_PINNED_NATIVE_LOOP
REFIT4,52,second_fit,5102,1,0,COMPLETED_STDOUT_ORDER_PLUS_PINNED_NATIVE_LOOP
REFIT4,52,second_fit,5103,1,0,COMPLETED_STDOUT_ORDER_PLUS_PINNED_NATIVE_LOOP
REFIT4,52,second_fit,5104,1,0,COMPLETED_STDOUT_ORDER_PLUS_PINNED_NATIVE_LOOP
REFIT4,52,second_fit,5105,25,24,COMPLETED_STDOUT_ORDER_PLUS_PINNED_NATIVE_LOOP
REFIT4,52,second_fit,5106,1,0,COMPLETED_STDOUT_ORDER_PLUS_PINNED_NATIVE_LOOP
REFIT4,52,second_fit,5107,25,24,COMPLETED_STDOUT_ORDER_PLUS_PINNED_NATIVE_LOOP
REFIT4,52,second_fit,5108,1,0,COMPLETED_STDOUT_ORDER_PLUS_PINNED_NATIVE_LOOP
REFIT4,52,second_fit,5109,25,24,COMPLETED_STDOUT_ORDER_PLUS_PINNED_NATIVE_LOOP
REFIT4,52,second_fit,5110,1,0,COMPLETED_STDOUT_ORDER_PLUS_PINNED_NATIVE_LOOP
REFIT4,52,second_fit,5111,25,24,COMPLETED_STDOUT_ORDER_PLUS_PINNED_NATIVE_LOOP
REFIT4,52,second_fit,5112,1,0,COMPLETED_STDOUT_ORDER_PLUS_PINNED_NATIVE_LOOP
REFIT4,52,second_fit,5113,1,0,COMPLETED_STDOUT_ORDER_PLUS_PINNED_NATIVE_LOOP
REFIT4,52,second_fit,5114,1,0,COMPLETED_STDOUT_ORDER_PLUS_PINNED_NATIVE_LOOP
REFIT4,52,second_fit,5115,1,0,COMPLETED_STDOUT_ORDER_PLUS_PINNED_NATIVE_LOOP
REFIT4,52,second_fit,5116,1,0,COMPLETED_STDOUT_ORDER_PLUS_PINNED_NATIVE_LOOP
REFIT4,52,second_fit,5117,1,0,COMPLETED_STDOUT_ORDER_PLUS_PINNED_NATIVE_LOOP
REFIT4,52,second_fit,5118,25,24,COMPLETED_STDOUT_ORDER_PLUS_PINNED_NATIVE_LOOP
REFIT4,52,second_fit,5119,1,0,COMPLETED_STDOUT_ORDER_PLUS_PINNED_NATIVE_LOOP
REFIT4,52,second_fit,5120,1,0,COMPLETED_STDOUT_ORDER_PLUS_PINNED_NATIVE_LOOP
REFIT4,52,second_fit,5121,1,0,COMPLETED_STDOUT_ORDER_PLUS_PINNED_NATIVE_LOOP
REFIT4,52,second_fit,5122,1,0,COMPLETED_STDOUT_ORDER_PLUS_PINNED_NATIVE_LOOP
REFIT4,52,second_fit,5123,1,0,COMPLETED_STDOUT_ORDER_PLUS_PINNED_NATIVE_LOOP
REFIT4,52,second_fit,5124,1,0,COMPLETED_STDOUT_ORDER_PLUS_PINNED_NATIVE_LOOP
REFIT4,52,second_fit,5125,1,0,COMPLETED_STDOUT_ORDER_PLUS_PINNED_NATIVE_LOOP
REFIT4,52,second_fit,5126,1,0,COMPLETED_STDOUT_ORDER_PLUS_PINNED_NATIVE_LOOP
REFIT4,52,second_fit,5127,1,0,COMPLETED_STDOUT_ORDER_PLUS_PINNED_NATIVE_LOOP
REFIT4,52,second_fit,5128,25,24,COMPLETED_STDOUT_ORDER_PLUS_PINNED_NATIVE_LOOP
REFIT4,52,second_fit,5129,1,0,COMPLETED_STDOUT_ORDER_PLUS_PINNED_NATIVE_LOOP
REFIT4,52,second_fit,5130,1,0,COMPLETED_STDOUT_ORDER_PLUS_PINNED_NATIVE_LOOP
REFIT4,52,second_fit,5131,1,0,COMPLETED_STDOUT_ORDER_PLUS_PINNED_NATIVE_LOOP
REFIT4,52,second_fit,5132,1,0,COMPLETED_STDOUT_ORDER_PLUS_PINNED_NATIVE_LOOP
REFIT4,52,second_fit,5133,1,0,COMPLETED_STDOUT_ORDER_PLUS_PINNED_NATIVE_LOOP
REFIT4,52,second_fit,5134,1,0,COMPLETED_STDOUT_ORDER_PLUS_PINNED_NATIVE_LOOP
REFIT4,52,second_fit,5135,1,0,COMPLETED_STDOUT_ORDER_PLUS_PINNED_NATIVE_LOOP
REFIT4,52,second_fit,5136,1,0,COMPLETED_STDOUT_ORDER_PLUS_PINNED_NATIVE_LOOP
REFIT4,52,second_fit,5137,1,0,COMPLETED_STDOUT_ORDER_PLUS_PINNED_NATIVE_LOOP
REFIT4,52,second_fit,5138,1,0,COMPLETED_STDOUT_ORDER_PLUS_PINNED_NATIVE_LOOP
REFIT4,52,second_fit,5139,1,0,COMPLETED_STDOUT_ORDER_PLUS_PINNED_NATIVE_LOOP
REFIT4,52,second_fit,5140,25,24,COMPLETED_STDOUT_ORDER_PLUS_PINNED_NATIVE_LOOP
REFIT4,52,second_fit,5141,25,24,COMPLETED_STDOUT_ORDER_PLUS_PINNED_NATIVE_LOOP
REFIT4,52,second_fit,5142,1,0,COMPLETED_STDOUT_ORDER_PLUS_PINNED_NATIVE_LOOP
REFIT4,52,second_fit,5143,1,0,COMPLETED_STDOUT_ORDER_PLUS_PINNED_NATIVE_LOOP
REFIT4,52,second_fit,5144,1,0,COMPLETED_STDOUT_ORDER_PLUS_PINNED_NATIVE_LOOP
REFIT4,52,second_fit,5145,1,0,COMPLETED_STDOUT_ORDER_PLUS_PINNED_NATIVE_LOOP
REFIT4,52,second_fit,5146,1,0,COMPLETED_STDOUT_ORDER_PLUS_PINNED_NATIVE_LOOP
REFIT4,52,second_fit,5147,1,0,COMPLETED_STDOUT_ORDER_PLUS_PINNED_NATIVE_LOOP
REFIT4,52,second_fit,5148,1,0,COMPLETED_STDOUT_ORDER_PLUS_PINNED_NATIVE_LOOP
REFIT4,52,second_fit,5149,1,0,COMPLETED_STDOUT_ORDER_PLUS_PINNED_NATIVE_LOOP
REFIT4,52,second_fit,5150,1,0,COMPLETED_STDOUT_ORDER_PLUS_PINNED_NATIVE_LOOP
REFIT4,52,second_fit,5151,1,0,COMPLETED_STDOUT_ORDER_PLUS_PINNED_NATIVE_LOOP
REFIT4,52,second_fit,5152,1,0,COMPLETED_STDOUT_ORDER_PLUS_PINNED_NATIVE_LOOP
REFIT4,52,second_fit,5153,1,0,COMPLETED_STDOUT_ORDER_PLUS_PINNED_NATIVE_LOOP
REFIT4,52,second_fit,5154,1,0,COMPLETED_STDOUT_ORDER_PLUS_PINNED_NATIVE_LOOP
REFIT4,52,second_fit,5155,1,0,COMPLETED_STDOUT_ORDER_PLUS_PINNED_NATIVE_LOOP
REFIT4,52,second_fit,5156,1,0,COMPLETED_STDOUT_ORDER_PLUS_PINNED_NATIVE_LOOP
REFIT4,52,second_fit,5157,1,0,COMPLETED_STDOUT_ORDER_PLUS_PINNED_NATIVE_LOOP
REFIT4,52,second_fit,5158,1,0,COMPLETED_STDOUT_ORDER_PLUS_PINNED_NATIVE_LOOP
REFIT4,52,second_fit,5159,1,0,COMPLETED_STDOUT_ORDER_PLUS_PINNED_NATIVE_LOOP
REFIT4,52,second_fit,5160,1,0,COMPLETED_STDOUT_ORDER_PLUS_PINNED_NATIVE_LOOP
REFIT4,52,second_fit,5161,1,0,COMPLETED_STDOUT_ORDER_PLUS_PINNED_NATIVE_LOOP
REFIT4,52,second_fit,5162,1,0,COMPLETED_STDOUT_ORDER_PLUS_PINNED_NATIVE_LOOP
REFIT4,52,second_fit,5163,1,0,COMPLETED_STDOUT_ORDER_PLUS_PINNED_NATIVE_LOOP
REFIT4,52,second_fit,5164,1,0,COMPLETED_STDOUT_ORDER_PLUS_PINNED_NATIVE_LOOP
REFIT4,52,second_fit,5165,1,0,COMPLETED_STDOUT_ORDER_PLUS_PINNED_NATIVE_LOOP
REFIT4,52,second_fit,5166,1,0,COMPLETED_STDOUT_ORDER_PLUS_PINNED_NATIVE_LOOP
REFIT4,52,second_fit,5167,1,0,COMPLETED_STDOUT_ORDER_PLUS_PINNED_NATIVE_LOOP
REFIT4,52,second_fit,5168,1,0,COMPLETED_STDOUT_ORDER_PLUS_PINNED_NATIVE_LOOP
REFIT4,52,second_fit,5169,1,0,COMPLETED_STDOUT_ORDER_PLUS_PINNED_NATIVE_LOOP
REFIT4,52,second_fit,5170,1,0,COMPLETED_STDOUT_ORDER_PLUS_PINNED_NATIVE_LOOP
REFIT4,52,second_fit,5171,1,0,COMPLETED_STDOUT_ORDER_PLUS_PINNED_NATIVE_LOOP
REFIT4,52,second_fit,5172,1,0,COMPLETED_STDOUT_ORDER_PLUS_PINNED_NATIVE_LOOP
REFIT4,52,second_fit,5173,1,0,COMPLETED_STDOUT_ORDER_PLUS_PINNED_NATIVE_LOOP
REFIT4,52,second_fit,5174,1,0,COMPLETED_STDOUT_ORDER_PLUS_PINNED_NATIVE_LOOP
REFIT4,52,second_fit,5175,1,0,COMPLETED_STDOUT_ORDER_PLUS_PINNED_NATIVE_LOOP
REFIT4,52,second_fit,5176,25,24,COMPLETED_STDOUT_ORDER_PLUS_PINNED_NATIVE_LOOP
REFIT4,52,second_fit,5177,1,0,COMPLETED_STDOUT_ORDER_PLUS_PINNED_NATIVE_LOOP
REFIT4,52,second_fit,5178,1,0,COMPLETED_STDOUT_ORDER_PLUS_PINNED_NATIVE_LOOP
REFIT4,52,second_fit,5179,25,24,COMPLETED_STDOUT_ORDER_PLUS_PINNED_NATIVE_LOOP
REFIT4,52,second_fit,5180,1,0,COMPLETED_STDOUT_ORDER_PLUS_PINNED_NATIVE_LOOP
REFIT4,52,second_fit,5181,1,0,COMPLETED_STDOUT_ORDER_PLUS_PINNED_NATIVE_LOOP
REFIT4,52,second_fit,5182,1,0,COMPLETED_STDOUT_ORDER_PLUS_PINNED_NATIVE_LOOP
REFIT4,52,second_fit,5183,1,0,COMPLETED_STDOUT_ORDER_PLUS_PINNED_NATIVE_LOOP
REFIT4,52,second_fit,5184,1,0,COMPLETED_STDOUT_ORDER_PLUS_PINNED_NATIVE_LOOP
REFIT4,52,second_fit,5185,25,24,COMPLETED_STDOUT_ORDER_PLUS_PINNED_NATIVE_LOOP
REFIT4,52,second_fit,5186,1,0,COMPLETED_STDOUT_ORDER_PLUS_PINNED_NATIVE_LOOP
REFIT4,52,second_fit,5187,1,0,COMPLETED_STDOUT_ORDER_PLUS_PINNED_NATIVE_LOOP
REFIT4,52,second_fit,5188,1,0,COMPLETED_STDOUT_ORDER_PLUS_PINNED_NATIVE_LOOP
REFIT4,52,second_fit,5189,1,0,COMPLETED_STDOUT_ORDER_PLUS_PINNED_NATIVE_LOOP
REFIT4,52,second_fit,5190,1,0,COMPLETED_STDOUT_ORDER_PLUS_PINNED_NATIVE_LOOP
REFIT4,52,second_fit,5191,1,0,COMPLETED_STDOUT_ORDER_PLUS_PINNED_NATIVE_LOOP
REFIT4,52,second_fit,5192,1,0,COMPLETED_STDOUT_ORDER_PLUS_PINNED_NATIVE_LOOP
REFIT4,52,second_fit,5193,1,0,COMPLETED_STDOUT_ORDER_PLUS_PINNED_NATIVE_LOOP
REFIT4,52,second_fit,5194,1,0,COMPLETED_STDOUT_ORDER_PLUS_PINNED_NATIVE_LOOP
REFIT4,52,second_fit,5195,25,24,COMPLETED_STDOUT_ORDER_PLUS_PINNED_NATIVE_LOOP
REFIT4,52,second_fit,5196,1,0,COMPLETED_STDOUT_ORDER_PLUS_PINNED_NATIVE_LOOP
REFIT4,52,second_fit,5197,1,0,COMPLETED_STDOUT_ORDER_PLUS_PINNED_NATIVE_LOOP
REFIT4,52,second_fit,5198,1,0,COMPLETED_STDOUT_ORDER_PLUS_PINNED_NATIVE_LOOP
REFIT4,52,second_fit,5199,1,0,COMPLETED_STDOUT_ORDER_PLUS_PINNED_NATIVE_LOOP
REFIT4,53,first_fit,5200,25,24,COMPLETED_STDOUT_ORDER_PLUS_PINNED_NATIVE_LOOP
REFIT4,53,first_fit,5201,25,24,COMPLETED_STDOUT_ORDER_PLUS_PINNED_NATIVE_LOOP
REFIT4,53,first_fit,5202,25,24,COMPLETED_STDOUT_ORDER_PLUS_PINNED_NATIVE_LOOP
REFIT4,53,first_fit,5203,25,24,COMPLETED_STDOUT_ORDER_PLUS_PINNED_NATIVE_LOOP
REFIT4,53,first_fit,5204,25,24,COMPLETED_STDOUT_ORDER_PLUS_PINNED_NATIVE_LOOP
REFIT4,53,first_fit,5205,25,24,COMPLETED_STDOUT_ORDER_PLUS_PINNED_NATIVE_LOOP
REFIT4,53,first_fit,5206,25,24,COMPLETED_STDOUT_ORDER_PLUS_PINNED_NATIVE_LOOP
REFIT4,53,first_fit,5207,25,24,COMPLETED_STDOUT_ORDER_PLUS_PINNED_NATIVE_LOOP
REFIT4,53,first_fit,5208,25,24,COMPLETED_STDOUT_ORDER_PLUS_PINNED_NATIVE_LOOP
REFIT4,53,first_fit,5209,25,24,COMPLETED_STDOUT_ORDER_PLUS_PINNED_NATIVE_LOOP
REFIT4,53,first_fit,5210,25,24,COMPLETED_STDOUT_ORDER_PLUS_PINNED_NATIVE_LOOP
REFIT4,53,first_fit,5211,25,24,COMPLETED_STDOUT_ORDER_PLUS_PINNED_NATIVE_LOOP
REFIT4,53,first_fit,5212,25,24,COMPLETED_STDOUT_ORDER_PLUS_PINNED_NATIVE_LOOP
REFIT4,53,first_fit,5213,25,24,COMPLETED_STDOUT_ORDER_PLUS_PINNED_NATIVE_LOOP
REFIT4,53,first_fit,5214,25,24,COMPLETED_STDOUT_ORDER_PLUS_PINNED_NATIVE_LOOP
REFIT4,53,first_fit,5215,25,24,COMPLETED_STDOUT_ORDER_PLUS_PINNED_NATIVE_LOOP
REFIT4,53,first_fit,5216,25,24,COMPLETED_STDOUT_ORDER_PLUS_PINNED_NATIVE_LOOP
REFIT4,53,first_fit,5217,25,24,COMPLETED_STDOUT_ORDER_PLUS_PINNED_NATIVE_LOOP
REFIT4,53,first_fit,5218,25,24,COMPLETED_STDOUT_ORDER_PLUS_PINNED_NATIVE_LOOP
REFIT4,53,first_fit,5219,25,24,COMPLETED_STDOUT_ORDER_PLUS_PINNED_NATIVE_LOOP
REFIT4,53,first_fit,5220,25,24,COMPLETED_STDOUT_ORDER_PLUS_PINNED_NATIVE_LOOP
REFIT4,53,first_fit,5221,25,24,COMPLETED_STDOUT_ORDER_PLUS_PINNED_NATIVE_LOOP
REFIT4,53,first_fit,5222,25,24,COMPLETED_STDOUT_ORDER_PLUS_PINNED_NATIVE_LOOP
REFIT4,53,first_fit,5223,25,24,COMPLETED_STDOUT_ORDER_PLUS_PINNED_NATIVE_LOOP
REFIT4,53,first_fit,5224,25,24,COMPLETED_STDOUT_ORDER_PLUS_PINNED_NATIVE_LOOP
REFIT4,53,first_fit,5225,25,24,COMPLETED_STDOUT_ORDER_PLUS_PINNED_NATIVE_LOOP
REFIT4,53,first_fit,5226,25,24,COMPLETED_STDOUT_ORDER_PLUS_PINNED_NATIVE_LOOP
REFIT4,53,first_fit,5227,25,24,COMPLETED_STDOUT_ORDER_PLUS_PINNED_NATIVE_LOOP
REFIT4,53,first_fit,5228,25,24,COMPLETED_STDOUT_ORDER_PLUS_PINNED_NATIVE_LOOP
REFIT4,53,first_fit,5229,25,24,COMPLETED_STDOUT_ORDER_PLUS_PINNED_NATIVE_LOOP
REFIT4,53,first_fit,5230,25,24,COMPLETED_STDOUT_ORDER_PLUS_PINNED_NATIVE_LOOP
REFIT4,53,first_fit,5231,25,24,COMPLETED_STDOUT_ORDER_PLUS_PINNED_NATIVE_LOOP
REFIT4,53,first_fit,5232,25,24,COMPLETED_STDOUT_ORDER_PLUS_PINNED_NATIVE_LOOP
REFIT4,53,first_fit,5233,25,24,COMPLETED_STDOUT_ORDER_PLUS_PINNED_NATIVE_LOOP
REFIT4,53,first_fit,5234,25,24,COMPLETED_STDOUT_ORDER_PLUS_PINNED_NATIVE_LOOP
REFIT4,53,first_fit,5235,25,24,COMPLETED_STDOUT_ORDER_PLUS_PINNED_NATIVE_LOOP
REFIT4,53,first_fit,5236,25,24,COMPLETED_STDOUT_ORDER_PLUS_PINNED_NATIVE_LOOP
REFIT4,53,first_fit,5237,25,24,COMPLETED_STDOUT_ORDER_PLUS_PINNED_NATIVE_LOOP
REFIT4,53,first_fit,5238,25,24,COMPLETED_STDOUT_ORDER_PLUS_PINNED_NATIVE_LOOP
REFIT4,53,first_fit,5239,25,24,COMPLETED_STDOUT_ORDER_PLUS_PINNED_NATIVE_LOOP
REFIT4,53,first_fit,5240,25,24,COMPLETED_STDOUT_ORDER_PLUS_PINNED_NATIVE_LOOP
REFIT4,53,first_fit,5241,25,24,COMPLETED_STDOUT_ORDER_PLUS_PINNED_NATIVE_LOOP
REFIT4,53,first_fit,5242,25,24,COMPLETED_STDOUT_ORDER_PLUS_PINNED_NATIVE_LOOP
REFIT4,53,first_fit,5243,25,24,COMPLETED_STDOUT_ORDER_PLUS_PINNED_NATIVE_LOOP
REFIT4,53,first_fit,5244,25,24,COMPLETED_STDOUT_ORDER_PLUS_PINNED_NATIVE_LOOP
REFIT4,53,first_fit,5245,25,24,COMPLETED_STDOUT_ORDER_PLUS_PINNED_NATIVE_LOOP
REFIT4,53,first_fit,5246,25,24,COMPLETED_STDOUT_ORDER_PLUS_PINNED_NATIVE_LOOP
REFIT4,53,first_fit,5247,25,24,COMPLETED_STDOUT_ORDER_PLUS_PINNED_NATIVE_LOOP
REFIT4,53,first_fit,5248,25,24,COMPLETED_STDOUT_ORDER_PLUS_PINNED_NATIVE_LOOP
REFIT4,53,first_fit,5249,25,24,COMPLETED_STDOUT_ORDER_PLUS_PINNED_NATIVE_LOOP
REFIT4,53,first_fit,5250,25,24,COMPLETED_STDOUT_ORDER_PLUS_PINNED_NATIVE_LOOP
REFIT4,53,first_fit,5251,25,24,COMPLETED_STDOUT_ORDER_PLUS_PINNED_NATIVE_LOOP
REFIT4,53,first_fit,5252,25,24,COMPLETED_STDOUT_ORDER_PLUS_PINNED_NATIVE_LOOP
REFIT4,53,first_fit,5253,25,24,COMPLETED_STDOUT_ORDER_PLUS_PINNED_NATIVE_LOOP
REFIT4,53,first_fit,5254,25,24,COMPLETED_STDOUT_ORDER_PLUS_PINNED_NATIVE_LOOP
REFIT4,53,first_fit,5255,25,24,COMPLETED_STDOUT_ORDER_PLUS_PINNED_NATIVE_LOOP
REFIT4,53,first_fit,5256,25,24,COMPLETED_STDOUT_ORDER_PLUS_PINNED_NATIVE_LOOP
REFIT4,53,first_fit,5257,25,24,COMPLETED_STDOUT_ORDER_PLUS_PINNED_NATIVE_LOOP
REFIT4,53,first_fit,5258,25,24,COMPLETED_STDOUT_ORDER_PLUS_PINNED_NATIVE_LOOP
REFIT4,53,first_fit,5259,25,24,COMPLETED_STDOUT_ORDER_PLUS_PINNED_NATIVE_LOOP
REFIT4,53,first_fit,5260,25,24,COMPLETED_STDOUT_ORDER_PLUS_PINNED_NATIVE_LOOP
REFIT4,53,first_fit,5261,25,24,COMPLETED_STDOUT_ORDER_PLUS_PINNED_NATIVE_LOOP
REFIT4,53,first_fit,5262,25,24,COMPLETED_STDOUT_ORDER_PLUS_PINNED_NATIVE_LOOP
REFIT4,53,first_fit,5263,25,24,COMPLETED_STDOUT_ORDER_PLUS_PINNED_NATIVE_LOOP
REFIT4,53,first_fit,5264,25,24,COMPLETED_STDOUT_ORDER_PLUS_PINNED_NATIVE_LOOP
REFIT4,53,first_fit,5265,25,24,COMPLETED_STDOUT_ORDER_PLUS_PINNED_NATIVE_LOOP
REFIT4,53,first_fit,5266,25,24,COMPLETED_STDOUT_ORDER_PLUS_PINNED_NATIVE_LOOP
REFIT4,53,first_fit,5267,25,24,COMPLETED_STDOUT_ORDER_PLUS_PINNED_NATIVE_LOOP
REFIT4,53,first_fit,5268,25,24,COMPLETED_STDOUT_ORDER_PLUS_PINNED_NATIVE_LOOP
REFIT4,53,first_fit,5269,25,24,COMPLETED_STDOUT_ORDER_PLUS_PINNED_NATIVE_LOOP
REFIT4,53,first_fit,5270,25,24,COMPLETED_STDOUT_ORDER_PLUS_PINNED_NATIVE_LOOP
REFIT4,53,first_fit,5271,25,24,COMPLETED_STDOUT_ORDER_PLUS_PINNED_NATIVE_LOOP
REFIT4,53,first_fit,5272,25,24,COMPLETED_STDOUT_ORDER_PLUS_PINNED_NATIVE_LOOP
REFIT4,53,first_fit,5273,25,24,COMPLETED_STDOUT_ORDER_PLUS_PINNED_NATIVE_LOOP
REFIT4,53,first_fit,5274,25,24,COMPLETED_STDOUT_ORDER_PLUS_PINNED_NATIVE_LOOP
REFIT4,53,first_fit,5275,25,24,COMPLETED_STDOUT_ORDER_PLUS_PINNED_NATIVE_LOOP
REFIT4,53,first_fit,5276,25,24,COMPLETED_STDOUT_ORDER_PLUS_PINNED_NATIVE_LOOP
REFIT4,53,first_fit,5277,25,24,COMPLETED_STDOUT_ORDER_PLUS_PINNED_NATIVE_LOOP
REFIT4,53,first_fit,5278,25,24,COMPLETED_STDOUT_ORDER_PLUS_PINNED_NATIVE_LOOP
REFIT4,53,first_fit,5279,25,24,COMPLETED_STDOUT_ORDER_PLUS_PINNED_NATIVE_LOOP
REFIT4,53,first_fit,5280,25,24,COMPLETED_STDOUT_ORDER_PLUS_PINNED_NATIVE_LOOP
REFIT4,53,first_fit,5281,25,24,COMPLETED_STDOUT_ORDER_PLUS_PINNED_NATIVE_LOOP
REFIT4,53,first_fit,5282,25,24,COMPLETED_STDOUT_ORDER_PLUS_PINNED_NATIVE_LOOP
REFIT4,53,first_fit,5283,25,24,COMPLETED_STDOUT_ORDER_PLUS_PINNED_NATIVE_LOOP
REFIT4,53,first_fit,5284,25,24,COMPLETED_STDOUT_ORDER_PLUS_PINNED_NATIVE_LOOP
REFIT4,53,first_fit,5285,25,24,COMPLETED_STDOUT_ORDER_PLUS_PINNED_NATIVE_LOOP
REFIT4,53,first_fit,5286,25,24,COMPLETED_STDOUT_ORDER_PLUS_PINNED_NATIVE_LOOP
REFIT4,53,first_fit,5287,25,24,COMPLETED_STDOUT_ORDER_PLUS_PINNED_NATIVE_LOOP
REFIT4,53,first_fit,5288,25,24,COMPLETED_STDOUT_ORDER_PLUS_PINNED_NATIVE_LOOP
REFIT4,53,first_fit,5289,25,24,COMPLETED_STDOUT_ORDER_PLUS_PINNED_NATIVE_LOOP
REFIT4,53,first_fit,5290,25,24,COMPLETED_STDOUT_ORDER_PLUS_PINNED_NATIVE_LOOP
REFIT4,53,first_fit,5291,25,24,COMPLETED_STDOUT_ORDER_PLUS_PINNED_NATIVE_LOOP
REFIT4,53,first_fit,5292,25,24,COMPLETED_STDOUT_ORDER_PLUS_PINNED_NATIVE_LOOP
REFIT4,53,first_fit,5293,25,24,COMPLETED_STDOUT_ORDER_PLUS_PINNED_NATIVE_LOOP
REFIT4,53,first_fit,5294,25,24,COMPLETED_STDOUT_ORDER_PLUS_PINNED_NATIVE_LOOP
REFIT4,53,first_fit,5295,25,24,COMPLETED_STDOUT_ORDER_PLUS_PINNED_NATIVE_LOOP
REFIT4,53,first_fit,5296,25,24,COMPLETED_STDOUT_ORDER_PLUS_PINNED_NATIVE_LOOP
REFIT4,53,first_fit,5297,25,24,COMPLETED_STDOUT_ORDER_PLUS_PINNED_NATIVE_LOOP
REFIT4,53,first_fit,5298,25,24,COMPLETED_STDOUT_ORDER_PLUS_PINNED_NATIVE_LOOP
REFIT4,53,first_fit,5299,25,24,COMPLETED_STDOUT_ORDER_PLUS_PINNED_NATIVE_LOOP
REFIT4,53,second_fit,5200,1,0,COMPLETED_STDOUT_ORDER_PLUS_PINNED_NATIVE_LOOP
REFIT4,53,second_fit,5201,1,0,COMPLETED_STDOUT_ORDER_PLUS_PINNED_NATIVE_LOOP
REFIT4,53,second_fit,5202,1,0,COMPLETED_STDOUT_ORDER_PLUS_PINNED_NATIVE_LOOP
REFIT4,53,second_fit,5203,1,0,COMPLETED_STDOUT_ORDER_PLUS_PINNED_NATIVE_LOOP
REFIT4,53,second_fit,5204,1,0,COMPLETED_STDOUT_ORDER_PLUS_PINNED_NATIVE_LOOP
REFIT4,53,second_fit,5205,1,0,COMPLETED_STDOUT_ORDER_PLUS_PINNED_NATIVE_LOOP
REFIT4,53,second_fit,5206,1,0,COMPLETED_STDOUT_ORDER_PLUS_PINNED_NATIVE_LOOP
REFIT4,53,second_fit,5207,25,24,COMPLETED_STDOUT_ORDER_PLUS_PINNED_NATIVE_LOOP
REFIT4,53,second_fit,5208,1,0,COMPLETED_STDOUT_ORDER_PLUS_PINNED_NATIVE_LOOP
REFIT4,53,second_fit,5209,1,0,COMPLETED_STDOUT_ORDER_PLUS_PINNED_NATIVE_LOOP
REFIT4,53,second_fit,5210,25,24,COMPLETED_STDOUT_ORDER_PLUS_PINNED_NATIVE_LOOP
REFIT4,53,second_fit,5211,1,0,COMPLETED_STDOUT_ORDER_PLUS_PINNED_NATIVE_LOOP
REFIT4,53,second_fit,5212,1,0,COMPLETED_STDOUT_ORDER_PLUS_PINNED_NATIVE_LOOP
REFIT4,53,second_fit,5213,1,0,COMPLETED_STDOUT_ORDER_PLUS_PINNED_NATIVE_LOOP
REFIT4,53,second_fit,5214,1,0,COMPLETED_STDOUT_ORDER_PLUS_PINNED_NATIVE_LOOP
REFIT4,53,second_fit,5215,25,24,COMPLETED_STDOUT_ORDER_PLUS_PINNED_NATIVE_LOOP
REFIT4,53,second_fit,5216,1,0,COMPLETED_STDOUT_ORDER_PLUS_PINNED_NATIVE_LOOP
REFIT4,53,second_fit,5217,1,0,COMPLETED_STDOUT_ORDER_PLUS_PINNED_NATIVE_LOOP
REFIT4,53,second_fit,5218,1,0,COMPLETED_STDOUT_ORDER_PLUS_PINNED_NATIVE_LOOP
REFIT4,53,second_fit,5219,1,0,COMPLETED_STDOUT_ORDER_PLUS_PINNED_NATIVE_LOOP
REFIT4,53,second_fit,5220,1,0,COMPLETED_STDOUT_ORDER_PLUS_PINNED_NATIVE_LOOP
REFIT4,53,second_fit,5221,1,0,COMPLETED_STDOUT_ORDER_PLUS_PINNED_NATIVE_LOOP
REFIT4,53,second_fit,5222,25,24,COMPLETED_STDOUT_ORDER_PLUS_PINNED_NATIVE_LOOP
REFIT4,53,second_fit,5223,1,0,COMPLETED_STDOUT_ORDER_PLUS_PINNED_NATIVE_LOOP
REFIT4,53,second_fit,5224,1,0,COMPLETED_STDOUT_ORDER_PLUS_PINNED_NATIVE_LOOP
REFIT4,53,second_fit,5225,1,0,COMPLETED_STDOUT_ORDER_PLUS_PINNED_NATIVE_LOOP
REFIT4,53,second_fit,5226,1,0,COMPLETED_STDOUT_ORDER_PLUS_PINNED_NATIVE_LOOP
REFIT4,53,second_fit,5227,1,0,COMPLETED_STDOUT_ORDER_PLUS_PINNED_NATIVE_LOOP
REFIT4,53,second_fit,5228,1,0,COMPLETED_STDOUT_ORDER_PLUS_PINNED_NATIVE_LOOP
REFIT4,53,second_fit,5229,25,24,COMPLETED_STDOUT_ORDER_PLUS_PINNED_NATIVE_LOOP
REFIT4,53,second_fit,5230,1,0,COMPLETED_STDOUT_ORDER_PLUS_PINNED_NATIVE_LOOP
REFIT4,53,second_fit,5231,1,0,COMPLETED_STDOUT_ORDER_PLUS_PINNED_NATIVE_LOOP
REFIT4,53,second_fit,5232,1,0,COMPLETED_STDOUT_ORDER_PLUS_PINNED_NATIVE_LOOP
REFIT4,53,second_fit,5233,1,0,COMPLETED_STDOUT_ORDER_PLUS_PINNED_NATIVE_LOOP
REFIT4,53,second_fit,5234,25,24,COMPLETED_STDOUT_ORDER_PLUS_PINNED_NATIVE_LOOP
REFIT4,53,second_fit,5235,25,24,COMPLETED_STDOUT_ORDER_PLUS_PINNED_NATIVE_LOOP
REFIT4,53,second_fit,5236,1,0,COMPLETED_STDOUT_ORDER_PLUS_PINNED_NATIVE_LOOP
REFIT4,53,second_fit,5237,1,0,COMPLETED_STDOUT_ORDER_PLUS_PINNED_NATIVE_LOOP
REFIT4,53,second_fit,5238,1,0,COMPLETED_STDOUT_ORDER_PLUS_PINNED_NATIVE_LOOP
REFIT4,53,second_fit,5239,1,0,COMPLETED_STDOUT_ORDER_PLUS_PINNED_NATIVE_LOOP
REFIT4,53,second_fit,5240,1,0,COMPLETED_STDOUT_ORDER_PLUS_PINNED_NATIVE_LOOP
REFIT4,53,second_fit,5241,25,24,COMPLETED_STDOUT_ORDER_PLUS_PINNED_NATIVE_LOOP
REFIT4,53,second_fit,5242,1,0,COMPLETED_STDOUT_ORDER_PLUS_PINNED_NATIVE_LOOP
REFIT4,53,second_fit,5243,1,0,COMPLETED_STDOUT_ORDER_PLUS_PINNED_NATIVE_LOOP
REFIT4,53,second_fit,5244,25,24,COMPLETED_STDOUT_ORDER_PLUS_PINNED_NATIVE_LOOP
REFIT4,53,second_fit,5245,1,0,COMPLETED_STDOUT_ORDER_PLUS_PINNED_NATIVE_LOOP
REFIT4,53,second_fit,5246,1,0,COMPLETED_STDOUT_ORDER_PLUS_PINNED_NATIVE_LOOP
REFIT4,53,second_fit,5247,1,0,COMPLETED_STDOUT_ORDER_PLUS_PINNED_NATIVE_LOOP
REFIT4,53,second_fit,5248,1,0,COMPLETED_STDOUT_ORDER_PLUS_PINNED_NATIVE_LOOP
REFIT4,53,second_fit,5249,1,0,COMPLETED_STDOUT_ORDER_PLUS_PINNED_NATIVE_LOOP
REFIT4,53,second_fit,5250,25,24,COMPLETED_STDOUT_ORDER_PLUS_PINNED_NATIVE_LOOP
REFIT4,53,second_fit,5251,1,0,COMPLETED_STDOUT_ORDER_PLUS_PINNED_NATIVE_LOOP
REFIT4,53,second_fit,5252,1,0,COMPLETED_STDOUT_ORDER_PLUS_PINNED_NATIVE_LOOP
REFIT4,53,second_fit,5253,1,0,COMPLETED_STDOUT_ORDER_PLUS_PINNED_NATIVE_LOOP
REFIT4,53,second_fit,5254,25,24,COMPLETED_STDOUT_ORDER_PLUS_PINNED_NATIVE_LOOP
REFIT4,53,second_fit,5255,1,0,COMPLETED_STDOUT_ORDER_PLUS_PINNED_NATIVE_LOOP
REFIT4,53,second_fit,5256,1,0,COMPLETED_STDOUT_ORDER_PLUS_PINNED_NATIVE_LOOP
REFIT4,53,second_fit,5257,1,0,COMPLETED_STDOUT_ORDER_PLUS_PINNED_NATIVE_LOOP
REFIT4,53,second_fit,5258,1,0,COMPLETED_STDOUT_ORDER_PLUS_PINNED_NATIVE_LOOP
REFIT4,53,second_fit,5259,1,0,COMPLETED_STDOUT_ORDER_PLUS_PINNED_NATIVE_LOOP
REFIT4,53,second_fit,5260,1,0,COMPLETED_STDOUT_ORDER_PLUS_PINNED_NATIVE_LOOP
REFIT4,53,second_fit,5261,1,0,COMPLETED_STDOUT_ORDER_PLUS_PINNED_NATIVE_LOOP
REFIT4,53,second_fit,5262,1,0,COMPLETED_STDOUT_ORDER_PLUS_PINNED_NATIVE_LOOP
REFIT4,53,second_fit,5263,1,0,COMPLETED_STDOUT_ORDER_PLUS_PINNED_NATIVE_LOOP
REFIT4,53,second_fit,5264,1,0,COMPLETED_STDOUT_ORDER_PLUS_PINNED_NATIVE_LOOP
REFIT4,53,second_fit,5265,1,0,COMPLETED_STDOUT_ORDER_PLUS_PINNED_NATIVE_LOOP
REFIT4,53,second_fit,5266,1,0,COMPLETED_STDOUT_ORDER_PLUS_PINNED_NATIVE_LOOP
REFIT4,53,second_fit,5267,25,24,COMPLETED_STDOUT_ORDER_PLUS_PINNED_NATIVE_LOOP
REFIT4,53,second_fit,5268,1,0,COMPLETED_STDOUT_ORDER_PLUS_PINNED_NATIVE_LOOP
REFIT4,53,second_fit,5269,1,0,COMPLETED_STDOUT_ORDER_PLUS_PINNED_NATIVE_LOOP
REFIT4,53,second_fit,5270,1,0,COMPLETED_STDOUT_ORDER_PLUS_PINNED_NATIVE_LOOP
REFIT4,53,second_fit,5271,1,0,COMPLETED_STDOUT_ORDER_PLUS_PINNED_NATIVE_LOOP
REFIT4,53,second_fit,5272,1,0,COMPLETED_STDOUT_ORDER_PLUS_PINNED_NATIVE_LOOP
REFIT4,53,second_fit,5273,1,0,COMPLETED_STDOUT_ORDER_PLUS_PINNED_NATIVE_LOOP
REFIT4,53,second_fit,5274,1,0,COMPLETED_STDOUT_ORDER_PLUS_PINNED_NATIVE_LOOP
REFIT4,53,second_fit,5275,1,0,COMPLETED_STDOUT_ORDER_PLUS_PINNED_NATIVE_LOOP
REFIT4,53,second_fit,5276,1,0,COMPLETED_STDOUT_ORDER_PLUS_PINNED_NATIVE_LOOP
REFIT4,53,second_fit,5277,1,0,COMPLETED_STDOUT_ORDER_PLUS_PINNED_NATIVE_LOOP
REFIT4,53,second_fit,5278,1,0,COMPLETED_STDOUT_ORDER_PLUS_PINNED_NATIVE_LOOP
REFIT4,53,second_fit,5279,1,0,COMPLETED_STDOUT_ORDER_PLUS_PINNED_NATIVE_LOOP
REFIT4,53,second_fit,5280,25,24,COMPLETED_STDOUT_ORDER_PLUS_PINNED_NATIVE_LOOP
REFIT4,53,second_fit,5281,1,0,COMPLETED_STDOUT_ORDER_PLUS_PINNED_NATIVE_LOOP
REFIT4,53,second_fit,5282,1,0,COMPLETED_STDOUT_ORDER_PLUS_PINNED_NATIVE_LOOP
REFIT4,53,second_fit,5283,1,0,COMPLETED_STDOUT_ORDER_PLUS_PINNED_NATIVE_LOOP
REFIT4,53,second_fit,5284,25,24,COMPLETED_STDOUT_ORDER_PLUS_PINNED_NATIVE_LOOP
REFIT4,53,second_fit,5285,1,0,COMPLETED_STDOUT_ORDER_PLUS_PINNED_NATIVE_LOOP
REFIT4,53,second_fit,5286,25,24,COMPLETED_STDOUT_ORDER_PLUS_PINNED_NATIVE_LOOP
REFIT4,53,second_fit,5287,1,0,COMPLETED_STDOUT_ORDER_PLUS_PINNED_NATIVE_LOOP
REFIT4,53,second_fit,5288,25,24,COMPLETED_STDOUT_ORDER_PLUS_PINNED_NATIVE_LOOP
REFIT4,53,second_fit,5289,1,0,COMPLETED_STDOUT_ORDER_PLUS_PINNED_NATIVE_LOOP
REFIT4,53,second_fit,5290,1,0,COMPLETED_STDOUT_ORDER_PLUS_PINNED_NATIVE_LOOP
REFIT4,53,second_fit,5291,1,0,COMPLETED_STDOUT_ORDER_PLUS_PINNED_NATIVE_LOOP
REFIT4,53,second_fit,5292,1,0,COMPLETED_STDOUT_ORDER_PLUS_PINNED_NATIVE_LOOP
REFIT4,53,second_fit,5293,1,0,COMPLETED_STDOUT_ORDER_PLUS_PINNED_NATIVE_LOOP
REFIT4,53,second_fit,5294,1,0,COMPLETED_STDOUT_ORDER_PLUS_PINNED_NATIVE_LOOP
REFIT4,53,second_fit,5295,1,0,COMPLETED_STDOUT_ORDER_PLUS_PINNED_NATIVE_LOOP
REFIT4,53,second_fit,5296,1,0,COMPLETED_STDOUT_ORDER_PLUS_PINNED_NATIVE_LOOP
REFIT4,53,second_fit,5297,1,0,COMPLETED_STDOUT_ORDER_PLUS_PINNED_NATIVE_LOOP
REFIT4,53,second_fit,5298,1,0,COMPLETED_STDOUT_ORDER_PLUS_PINNED_NATIVE_LOOP
REFIT4,53,second_fit,5299,1,0,COMPLETED_STDOUT_ORDER_PLUS_PINNED_NATIVE_LOOP
REFIT4,54,first_fit,5300,25,24,COMPLETED_STDOUT_ORDER_PLUS_PINNED_NATIVE_LOOP
REFIT4,54,first_fit,5301,25,24,COMPLETED_STDOUT_ORDER_PLUS_PINNED_NATIVE_LOOP
REFIT4,54,first_fit,5302,25,24,COMPLETED_STDOUT_ORDER_PLUS_PINNED_NATIVE_LOOP
REFIT4,54,first_fit,5303,25,24,COMPLETED_STDOUT_ORDER_PLUS_PINNED_NATIVE_LOOP
REFIT4,54,first_fit,5304,25,24,COMPLETED_STDOUT_ORDER_PLUS_PINNED_NATIVE_LOOP
REFIT4,54,first_fit,5305,25,24,COMPLETED_STDOUT_ORDER_PLUS_PINNED_NATIVE_LOOP
REFIT4,54,first_fit,5306,25,24,COMPLETED_STDOUT_ORDER_PLUS_PINNED_NATIVE_LOOP
REFIT4,54,first_fit,5307,25,24,COMPLETED_STDOUT_ORDER_PLUS_PINNED_NATIVE_LOOP
REFIT4,54,first_fit,5308,25,24,COMPLETED_STDOUT_ORDER_PLUS_PINNED_NATIVE_LOOP
REFIT4,54,first_fit,5309,25,24,COMPLETED_STDOUT_ORDER_PLUS_PINNED_NATIVE_LOOP
REFIT4,54,first_fit,5310,25,24,COMPLETED_STDOUT_ORDER_PLUS_PINNED_NATIVE_LOOP
REFIT4,54,first_fit,5311,25,24,COMPLETED_STDOUT_ORDER_PLUS_PINNED_NATIVE_LOOP
REFIT4,54,first_fit,5312,25,24,COMPLETED_STDOUT_ORDER_PLUS_PINNED_NATIVE_LOOP
REFIT4,54,first_fit,5313,25,24,COMPLETED_STDOUT_ORDER_PLUS_PINNED_NATIVE_LOOP
REFIT4,54,first_fit,5314,25,24,COMPLETED_STDOUT_ORDER_PLUS_PINNED_NATIVE_LOOP
REFIT4,54,first_fit,5315,25,24,COMPLETED_STDOUT_ORDER_PLUS_PINNED_NATIVE_LOOP
REFIT4,54,first_fit,5316,25,24,COMPLETED_STDOUT_ORDER_PLUS_PINNED_NATIVE_LOOP
REFIT4,54,first_fit,5317,25,24,COMPLETED_STDOUT_ORDER_PLUS_PINNED_NATIVE_LOOP
REFIT4,54,first_fit,5318,25,24,COMPLETED_STDOUT_ORDER_PLUS_PINNED_NATIVE_LOOP
REFIT4,54,first_fit,5319,25,24,COMPLETED_STDOUT_ORDER_PLUS_PINNED_NATIVE_LOOP
REFIT4,54,first_fit,5320,25,24,COMPLETED_STDOUT_ORDER_PLUS_PINNED_NATIVE_LOOP
REFIT4,54,first_fit,5321,25,24,COMPLETED_STDOUT_ORDER_PLUS_PINNED_NATIVE_LOOP
REFIT4,54,first_fit,5322,25,24,COMPLETED_STDOUT_ORDER_PLUS_PINNED_NATIVE_LOOP
REFIT4,54,first_fit,5323,25,24,COMPLETED_STDOUT_ORDER_PLUS_PINNED_NATIVE_LOOP
REFIT4,54,first_fit,5324,25,24,COMPLETED_STDOUT_ORDER_PLUS_PINNED_NATIVE_LOOP
REFIT4,54,first_fit,5325,25,24,COMPLETED_STDOUT_ORDER_PLUS_PINNED_NATIVE_LOOP
REFIT4,54,first_fit,5326,25,24,COMPLETED_STDOUT_ORDER_PLUS_PINNED_NATIVE_LOOP
REFIT4,54,first_fit,5327,25,24,COMPLETED_STDOUT_ORDER_PLUS_PINNED_NATIVE_LOOP
REFIT4,54,first_fit,5328,25,24,COMPLETED_STDOUT_ORDER_PLUS_PINNED_NATIVE_LOOP
REFIT4,54,first_fit,5329,25,24,COMPLETED_STDOUT_ORDER_PLUS_PINNED_NATIVE_LOOP
REFIT4,54,first_fit,5330,25,24,COMPLETED_STDOUT_ORDER_PLUS_PINNED_NATIVE_LOOP
REFIT4,54,first_fit,5331,25,24,COMPLETED_STDOUT_ORDER_PLUS_PINNED_NATIVE_LOOP
REFIT4,54,first_fit,5332,25,24,COMPLETED_STDOUT_ORDER_PLUS_PINNED_NATIVE_LOOP
REFIT4,54,first_fit,5333,25,24,COMPLETED_STDOUT_ORDER_PLUS_PINNED_NATIVE_LOOP
REFIT4,54,first_fit,5334,25,24,COMPLETED_STDOUT_ORDER_PLUS_PINNED_NATIVE_LOOP
REFIT4,54,first_fit,5335,25,24,COMPLETED_STDOUT_ORDER_PLUS_PINNED_NATIVE_LOOP
REFIT4,54,first_fit,5336,25,24,COMPLETED_STDOUT_ORDER_PLUS_PINNED_NATIVE_LOOP
REFIT4,54,first_fit,5337,25,24,COMPLETED_STDOUT_ORDER_PLUS_PINNED_NATIVE_LOOP
REFIT4,54,first_fit,5338,25,24,COMPLETED_STDOUT_ORDER_PLUS_PINNED_NATIVE_LOOP
REFIT4,54,first_fit,5339,25,24,COMPLETED_STDOUT_ORDER_PLUS_PINNED_NATIVE_LOOP
REFIT4,54,first_fit,5340,25,24,COMPLETED_STDOUT_ORDER_PLUS_PINNED_NATIVE_LOOP
REFIT4,54,first_fit,5341,25,24,COMPLETED_STDOUT_ORDER_PLUS_PINNED_NATIVE_LOOP
REFIT4,54,first_fit,5342,25,24,COMPLETED_STDOUT_ORDER_PLUS_PINNED_NATIVE_LOOP
REFIT4,54,first_fit,5343,25,24,COMPLETED_STDOUT_ORDER_PLUS_PINNED_NATIVE_LOOP
REFIT4,54,first_fit,5344,25,24,COMPLETED_STDOUT_ORDER_PLUS_PINNED_NATIVE_LOOP
REFIT4,54,first_fit,5345,25,24,COMPLETED_STDOUT_ORDER_PLUS_PINNED_NATIVE_LOOP
REFIT4,54,first_fit,5346,25,24,COMPLETED_STDOUT_ORDER_PLUS_PINNED_NATIVE_LOOP
REFIT4,54,first_fit,5347,25,24,COMPLETED_STDOUT_ORDER_PLUS_PINNED_NATIVE_LOOP
REFIT4,54,first_fit,5348,25,24,COMPLETED_STDOUT_ORDER_PLUS_PINNED_NATIVE_LOOP
REFIT4,54,first_fit,5349,25,24,COMPLETED_STDOUT_ORDER_PLUS_PINNED_NATIVE_LOOP
REFIT4,54,first_fit,5350,25,24,COMPLETED_STDOUT_ORDER_PLUS_PINNED_NATIVE_LOOP
REFIT4,54,first_fit,5351,25,24,COMPLETED_STDOUT_ORDER_PLUS_PINNED_NATIVE_LOOP
REFIT4,54,first_fit,5352,25,24,COMPLETED_STDOUT_ORDER_PLUS_PINNED_NATIVE_LOOP
REFIT4,54,first_fit,5353,25,24,COMPLETED_STDOUT_ORDER_PLUS_PINNED_NATIVE_LOOP
REFIT4,54,first_fit,5354,25,24,COMPLETED_STDOUT_ORDER_PLUS_PINNED_NATIVE_LOOP
REFIT4,54,first_fit,5355,25,24,COMPLETED_STDOUT_ORDER_PLUS_PINNED_NATIVE_LOOP
REFIT4,54,first_fit,5356,25,24,COMPLETED_STDOUT_ORDER_PLUS_PINNED_NATIVE_LOOP
REFIT4,54,first_fit,5357,25,24,COMPLETED_STDOUT_ORDER_PLUS_PINNED_NATIVE_LOOP
REFIT4,54,first_fit,5358,25,24,COMPLETED_STDOUT_ORDER_PLUS_PINNED_NATIVE_LOOP
REFIT4,54,first_fit,5359,25,24,COMPLETED_STDOUT_ORDER_PLUS_PINNED_NATIVE_LOOP
REFIT4,54,first_fit,5360,25,24,COMPLETED_STDOUT_ORDER_PLUS_PINNED_NATIVE_LOOP
REFIT4,54,first_fit,5361,25,24,COMPLETED_STDOUT_ORDER_PLUS_PINNED_NATIVE_LOOP
REFIT4,54,first_fit,5362,25,24,COMPLETED_STDOUT_ORDER_PLUS_PINNED_NATIVE_LOOP
REFIT4,54,first_fit,5363,25,24,COMPLETED_STDOUT_ORDER_PLUS_PINNED_NATIVE_LOOP
REFIT4,54,first_fit,5364,25,24,COMPLETED_STDOUT_ORDER_PLUS_PINNED_NATIVE_LOOP
REFIT4,54,first_fit,5365,25,24,COMPLETED_STDOUT_ORDER_PLUS_PINNED_NATIVE_LOOP
REFIT4,54,first_fit,5366,25,24,COMPLETED_STDOUT_ORDER_PLUS_PINNED_NATIVE_LOOP
REFIT4,54,first_fit,5367,25,24,COMPLETED_STDOUT_ORDER_PLUS_PINNED_NATIVE_LOOP
REFIT4,54,first_fit,5368,25,24,COMPLETED_STDOUT_ORDER_PLUS_PINNED_NATIVE_LOOP
REFIT4,54,first_fit,5369,25,24,COMPLETED_STDOUT_ORDER_PLUS_PINNED_NATIVE_LOOP
REFIT4,54,first_fit,5370,25,24,COMPLETED_STDOUT_ORDER_PLUS_PINNED_NATIVE_LOOP
REFIT4,54,first_fit,5371,25,24,COMPLETED_STDOUT_ORDER_PLUS_PINNED_NATIVE_LOOP
REFIT4,54,first_fit,5372,25,24,COMPLETED_STDOUT_ORDER_PLUS_PINNED_NATIVE_LOOP
REFIT4,54,first_fit,5373,25,24,COMPLETED_STDOUT_ORDER_PLUS_PINNED_NATIVE_LOOP
REFIT4,54,first_fit,5374,25,24,COMPLETED_STDOUT_ORDER_PLUS_PINNED_NATIVE_LOOP
REFIT4,54,first_fit,5375,25,24,COMPLETED_STDOUT_ORDER_PLUS_PINNED_NATIVE_LOOP
REFIT4,54,first_fit,5376,25,24,COMPLETED_STDOUT_ORDER_PLUS_PINNED_NATIVE_LOOP
REFIT4,54,first_fit,5377,25,24,COMPLETED_STDOUT_ORDER_PLUS_PINNED_NATIVE_LOOP
REFIT4,54,first_fit,5378,25,24,COMPLETED_STDOUT_ORDER_PLUS_PINNED_NATIVE_LOOP
REFIT4,54,first_fit,5379,25,24,COMPLETED_STDOUT_ORDER_PLUS_PINNED_NATIVE_LOOP
REFIT4,54,first_fit,5380,25,24,COMPLETED_STDOUT_ORDER_PLUS_PINNED_NATIVE_LOOP
REFIT4,54,first_fit,5381,25,24,COMPLETED_STDOUT_ORDER_PLUS_PINNED_NATIVE_LOOP
REFIT4,54,first_fit,5382,25,24,COMPLETED_STDOUT_ORDER_PLUS_PINNED_NATIVE_LOOP
REFIT4,54,first_fit,5383,25,24,COMPLETED_STDOUT_ORDER_PLUS_PINNED_NATIVE_LOOP
REFIT4,54,first_fit,5384,25,24,COMPLETED_STDOUT_ORDER_PLUS_PINNED_NATIVE_LOOP
REFIT4,54,first_fit,5385,25,24,COMPLETED_STDOUT_ORDER_PLUS_PINNED_NATIVE_LOOP
REFIT4,54,first_fit,5386,25,24,COMPLETED_STDOUT_ORDER_PLUS_PINNED_NATIVE_LOOP
REFIT4,54,first_fit,5387,25,24,COMPLETED_STDOUT_ORDER_PLUS_PINNED_NATIVE_LOOP
REFIT4,54,first_fit,5388,25,24,COMPLETED_STDOUT_ORDER_PLUS_PINNED_NATIVE_LOOP
REFIT4,54,first_fit,5389,25,24,COMPLETED_STDOUT_ORDER_PLUS_PINNED_NATIVE_LOOP
REFIT4,54,first_fit,5390,25,24,COMPLETED_STDOUT_ORDER_PLUS_PINNED_NATIVE_LOOP
REFIT4,54,first_fit,5391,25,24,COMPLETED_STDOUT_ORDER_PLUS_PINNED_NATIVE_LOOP
REFIT4,54,first_fit,5392,25,24,COMPLETED_STDOUT_ORDER_PLUS_PINNED_NATIVE_LOOP
REFIT4,54,first_fit,5393,25,24,COMPLETED_STDOUT_ORDER_PLUS_PINNED_NATIVE_LOOP
REFIT4,54,first_fit,5394,25,24,COMPLETED_STDOUT_ORDER_PLUS_PINNED_NATIVE_LOOP
REFIT4,54,first_fit,5395,25,24,COMPLETED_STDOUT_ORDER_PLUS_PINNED_NATIVE_LOOP
REFIT4,54,first_fit,5396,25,24,COMPLETED_STDOUT_ORDER_PLUS_PINNED_NATIVE_LOOP
REFIT4,54,first_fit,5397,25,24,COMPLETED_STDOUT_ORDER_PLUS_PINNED_NATIVE_LOOP
REFIT4,54,first_fit,5398,25,24,COMPLETED_STDOUT_ORDER_PLUS_PINNED_NATIVE_LOOP
REFIT4,54,first_fit,5399,25,24,COMPLETED_STDOUT_ORDER_PLUS_PINNED_NATIVE_LOOP
REFIT4,54,second_fit,5300,1,0,COMPLETED_STDOUT_ORDER_PLUS_PINNED_NATIVE_LOOP
REFIT4,54,second_fit,5301,1,0,COMPLETED_STDOUT_ORDER_PLUS_PINNED_NATIVE_LOOP
REFIT4,54,second_fit,5302,1,0,COMPLETED_STDOUT_ORDER_PLUS_PINNED_NATIVE_LOOP
REFIT4,54,second_fit,5303,1,0,COMPLETED_STDOUT_ORDER_PLUS_PINNED_NATIVE_LOOP
REFIT4,54,second_fit,5304,1,0,COMPLETED_STDOUT_ORDER_PLUS_PINNED_NATIVE_LOOP
REFIT4,54,second_fit,5305,1,0,COMPLETED_STDOUT_ORDER_PLUS_PINNED_NATIVE_LOOP
REFIT4,54,second_fit,5306,1,0,COMPLETED_STDOUT_ORDER_PLUS_PINNED_NATIVE_LOOP
REFIT4,54,second_fit,5307,1,0,COMPLETED_STDOUT_ORDER_PLUS_PINNED_NATIVE_LOOP
REFIT4,54,second_fit,5308,25,24,COMPLETED_STDOUT_ORDER_PLUS_PINNED_NATIVE_LOOP
REFIT4,54,second_fit,5309,1,0,COMPLETED_STDOUT_ORDER_PLUS_PINNED_NATIVE_LOOP
REFIT4,54,second_fit,5310,1,0,COMPLETED_STDOUT_ORDER_PLUS_PINNED_NATIVE_LOOP
REFIT4,54,second_fit,5311,1,0,COMPLETED_STDOUT_ORDER_PLUS_PINNED_NATIVE_LOOP
REFIT4,54,second_fit,5312,1,0,COMPLETED_STDOUT_ORDER_PLUS_PINNED_NATIVE_LOOP
REFIT4,54,second_fit,5313,1,0,COMPLETED_STDOUT_ORDER_PLUS_PINNED_NATIVE_LOOP
REFIT4,54,second_fit,5314,1,0,COMPLETED_STDOUT_ORDER_PLUS_PINNED_NATIVE_LOOP
REFIT4,54,second_fit,5315,1,0,COMPLETED_STDOUT_ORDER_PLUS_PINNED_NATIVE_LOOP
REFIT4,54,second_fit,5316,1,0,COMPLETED_STDOUT_ORDER_PLUS_PINNED_NATIVE_LOOP
REFIT4,54,second_fit,5317,1,0,COMPLETED_STDOUT_ORDER_PLUS_PINNED_NATIVE_LOOP
REFIT4,54,second_fit,5318,1,0,COMPLETED_STDOUT_ORDER_PLUS_PINNED_NATIVE_LOOP
REFIT4,54,second_fit,5319,25,24,COMPLETED_STDOUT_ORDER_PLUS_PINNED_NATIVE_LOOP
REFIT4,54,second_fit,5320,1,0,COMPLETED_STDOUT_ORDER_PLUS_PINNED_NATIVE_LOOP
REFIT4,54,second_fit,5321,1,0,COMPLETED_STDOUT_ORDER_PLUS_PINNED_NATIVE_LOOP
REFIT4,54,second_fit,5322,25,24,COMPLETED_STDOUT_ORDER_PLUS_PINNED_NATIVE_LOOP
REFIT4,54,second_fit,5323,1,0,COMPLETED_STDOUT_ORDER_PLUS_PINNED_NATIVE_LOOP
REFIT4,54,second_fit,5324,1,0,COMPLETED_STDOUT_ORDER_PLUS_PINNED_NATIVE_LOOP
REFIT4,54,second_fit,5325,1,0,COMPLETED_STDOUT_ORDER_PLUS_PINNED_NATIVE_LOOP
REFIT4,54,second_fit,5326,1,0,COMPLETED_STDOUT_ORDER_PLUS_PINNED_NATIVE_LOOP
REFIT4,54,second_fit,5327,1,0,COMPLETED_STDOUT_ORDER_PLUS_PINNED_NATIVE_LOOP
REFIT4,54,second_fit,5328,1,0,COMPLETED_STDOUT_ORDER_PLUS_PINNED_NATIVE_LOOP
REFIT4,54,second_fit,5329,1,0,COMPLETED_STDOUT_ORDER_PLUS_PINNED_NATIVE_LOOP
REFIT4,54,second_fit,5330,1,0,COMPLETED_STDOUT_ORDER_PLUS_PINNED_NATIVE_LOOP
REFIT4,54,second_fit,5331,1,0,COMPLETED_STDOUT_ORDER_PLUS_PINNED_NATIVE_LOOP
REFIT4,54,second_fit,5332,1,0,COMPLETED_STDOUT_ORDER_PLUS_PINNED_NATIVE_LOOP
REFIT4,54,second_fit,5333,1,0,COMPLETED_STDOUT_ORDER_PLUS_PINNED_NATIVE_LOOP
REFIT4,54,second_fit,5334,1,0,COMPLETED_STDOUT_ORDER_PLUS_PINNED_NATIVE_LOOP
REFIT4,54,second_fit,5335,1,0,COMPLETED_STDOUT_ORDER_PLUS_PINNED_NATIVE_LOOP
REFIT4,54,second_fit,5336,1,0,COMPLETED_STDOUT_ORDER_PLUS_PINNED_NATIVE_LOOP
REFIT4,54,second_fit,5337,1,0,COMPLETED_STDOUT_ORDER_PLUS_PINNED_NATIVE_LOOP
REFIT4,54,second_fit,5338,1,0,COMPLETED_STDOUT_ORDER_PLUS_PINNED_NATIVE_LOOP
REFIT4,54,second_fit,5339,1,0,COMPLETED_STDOUT_ORDER_PLUS_PINNED_NATIVE_LOOP
REFIT4,54,second_fit,5340,25,24,COMPLETED_STDOUT_ORDER_PLUS_PINNED_NATIVE_LOOP
REFIT4,54,second_fit,5341,1,0,COMPLETED_STDOUT_ORDER_PLUS_PINNED_NATIVE_LOOP
REFIT4,54,second_fit,5342,1,0,COMPLETED_STDOUT_ORDER_PLUS_PINNED_NATIVE_LOOP
REFIT4,54,second_fit,5343,25,24,COMPLETED_STDOUT_ORDER_PLUS_PINNED_NATIVE_LOOP
REFIT4,54,second_fit,5344,1,0,COMPLETED_STDOUT_ORDER_PLUS_PINNED_NATIVE_LOOP
REFIT4,54,second_fit,5345,1,0,COMPLETED_STDOUT_ORDER_PLUS_PINNED_NATIVE_LOOP
REFIT4,54,second_fit,5346,25,24,COMPLETED_STDOUT_ORDER_PLUS_PINNED_NATIVE_LOOP
REFIT4,54,second_fit,5347,1,0,COMPLETED_STDOUT_ORDER_PLUS_PINNED_NATIVE_LOOP
REFIT4,54,second_fit,5348,1,0,COMPLETED_STDOUT_ORDER_PLUS_PINNED_NATIVE_LOOP
REFIT4,54,second_fit,5349,1,0,COMPLETED_STDOUT_ORDER_PLUS_PINNED_NATIVE_LOOP
REFIT4,54,second_fit,5350,1,0,COMPLETED_STDOUT_ORDER_PLUS_PINNED_NATIVE_LOOP
REFIT4,54,second_fit,5351,1,0,COMPLETED_STDOUT_ORDER_PLUS_PINNED_NATIVE_LOOP
REFIT4,54,second_fit,5352,1,0,COMPLETED_STDOUT_ORDER_PLUS_PINNED_NATIVE_LOOP
REFIT4,54,second_fit,5353,1,0,COMPLETED_STDOUT_ORDER_PLUS_PINNED_NATIVE_LOOP
REFIT4,54,second_fit,5354,1,0,COMPLETED_STDOUT_ORDER_PLUS_PINNED_NATIVE_LOOP
REFIT4,54,second_fit,5355,1,0,COMPLETED_STDOUT_ORDER_PLUS_PINNED_NATIVE_LOOP
REFIT4,54,second_fit,5356,1,0,COMPLETED_STDOUT_ORDER_PLUS_PINNED_NATIVE_LOOP
REFIT4,54,second_fit,5357,1,0,COMPLETED_STDOUT_ORDER_PLUS_PINNED_NATIVE_LOOP
REFIT4,54,second_fit,5358,1,0,COMPLETED_STDOUT_ORDER_PLUS_PINNED_NATIVE_LOOP
REFIT4,54,second_fit,5359,1,0,COMPLETED_STDOUT_ORDER_PLUS_PINNED_NATIVE_LOOP
REFIT4,54,second_fit,5360,1,0,COMPLETED_STDOUT_ORDER_PLUS_PINNED_NATIVE_LOOP
REFIT4,54,second_fit,5361,1,0,COMPLETED_STDOUT_ORDER_PLUS_PINNED_NATIVE_LOOP
REFIT4,54,second_fit,5362,1,0,COMPLETED_STDOUT_ORDER_PLUS_PINNED_NATIVE_LOOP
REFIT4,54,second_fit,5363,1,0,COMPLETED_STDOUT_ORDER_PLUS_PINNED_NATIVE_LOOP
REFIT4,54,second_fit,5364,1,0,COMPLETED_STDOUT_ORDER_PLUS_PINNED_NATIVE_LOOP
REFIT4,54,second_fit,5365,1,0,COMPLETED_STDOUT_ORDER_PLUS_PINNED_NATIVE_LOOP
REFIT4,54,second_fit,5366,1,0,COMPLETED_STDOUT_ORDER_PLUS_PINNED_NATIVE_LOOP
REFIT4,54,second_fit,5367,1,0,COMPLETED_STDOUT_ORDER_PLUS_PINNED_NATIVE_LOOP
REFIT4,54,second_fit,5368,1,0,COMPLETED_STDOUT_ORDER_PLUS_PINNED_NATIVE_LOOP
REFIT4,54,second_fit,5369,1,0,COMPLETED_STDOUT_ORDER_PLUS_PINNED_NATIVE_LOOP
REFIT4,54,second_fit,5370,1,0,COMPLETED_STDOUT_ORDER_PLUS_PINNED_NATIVE_LOOP
REFIT4,54,second_fit,5371,25,24,COMPLETED_STDOUT_ORDER_PLUS_PINNED_NATIVE_LOOP
REFIT4,54,second_fit,5372,1,0,COMPLETED_STDOUT_ORDER_PLUS_PINNED_NATIVE_LOOP
REFIT4,54,second_fit,5373,1,0,COMPLETED_STDOUT_ORDER_PLUS_PINNED_NATIVE_LOOP
REFIT4,54,second_fit,5374,1,0,COMPLETED_STDOUT_ORDER_PLUS_PINNED_NATIVE_LOOP
REFIT4,54,second_fit,5375,1,0,COMPLETED_STDOUT_ORDER_PLUS_PINNED_NATIVE_LOOP
REFIT4,54,second_fit,5376,25,24,COMPLETED_STDOUT_ORDER_PLUS_PINNED_NATIVE_LOOP
REFIT4,54,second_fit,5377,25,24,COMPLETED_STDOUT_ORDER_PLUS_PINNED_NATIVE_LOOP
REFIT4,54,second_fit,5378,1,0,COMPLETED_STDOUT_ORDER_PLUS_PINNED_NATIVE_LOOP
REFIT4,54,second_fit,5379,1,0,COMPLETED_STDOUT_ORDER_PLUS_PINNED_NATIVE_LOOP
REFIT4,54,second_fit,5380,1,0,COMPLETED_STDOUT_ORDER_PLUS_PINNED_NATIVE_LOOP
REFIT4,54,second_fit,5381,1,0,COMPLETED_STDOUT_ORDER_PLUS_PINNED_NATIVE_LOOP
REFIT4,54,second_fit,5382,1,0,COMPLETED_STDOUT_ORDER_PLUS_PINNED_NATIVE_LOOP
REFIT4,54,second_fit,5383,1,0,COMPLETED_STDOUT_ORDER_PLUS_PINNED_NATIVE_LOOP
REFIT4,54,second_fit,5384,25,24,COMPLETED_STDOUT_ORDER_PLUS_PINNED_NATIVE_LOOP
REFIT4,54,second_fit,5385,1,0,COMPLETED_STDOUT_ORDER_PLUS_PINNED_NATIVE_LOOP
REFIT4,54,second_fit,5386,1,0,COMPLETED_STDOUT_ORDER_PLUS_PINNED_NATIVE_LOOP
REFIT4,54,second_fit,5387,1,0,COMPLETED_STDOUT_ORDER_PLUS_PINNED_NATIVE_LOOP
REFIT4,54,second_fit,5388,1,0,COMPLETED_STDOUT_ORDER_PLUS_PINNED_NATIVE_LOOP
REFIT4,54,second_fit,5389,1,0,COMPLETED_STDOUT_ORDER_PLUS_PINNED_NATIVE_LOOP
REFIT4,54,second_fit,5390,1,0,COMPLETED_STDOUT_ORDER_PLUS_PINNED_NATIVE_LOOP
REFIT4,54,second_fit,5391,25,24,COMPLETED_STDOUT_ORDER_PLUS_PINNED_NATIVE_LOOP
REFIT4,54,second_fit,5392,25,24,COMPLETED_STDOUT_ORDER_PLUS_PINNED_NATIVE_LOOP
REFIT4,54,second_fit,5393,1,0,COMPLETED_STDOUT_ORDER_PLUS_PINNED_NATIVE_LOOP
REFIT4,54,second_fit,5394,25,24,COMPLETED_STDOUT_ORDER_PLUS_PINNED_NATIVE_LOOP
REFIT4,54,second_fit,5395,1,0,COMPLETED_STDOUT_ORDER_PLUS_PINNED_NATIVE_LOOP
REFIT4,54,second_fit,5396,25,24,COMPLETED_STDOUT_ORDER_PLUS_PINNED_NATIVE_LOOP
REFIT4,54,second_fit,5397,1,0,COMPLETED_STDOUT_ORDER_PLUS_PINNED_NATIVE_LOOP
REFIT4,54,second_fit,5398,1,0,COMPLETED_STDOUT_ORDER_PLUS_PINNED_NATIVE_LOOP
REFIT4,54,second_fit,5399,1,0,COMPLETED_STDOUT_ORDER_PLUS_PINNED_NATIVE_LOOP
REFIT4,55,first_fit,5400,25,24,COMPLETED_STDOUT_ORDER_PLUS_PINNED_NATIVE_LOOP
REFIT4,55,first_fit,5401,25,24,COMPLETED_STDOUT_ORDER_PLUS_PINNED_NATIVE_LOOP
REFIT4,55,first_fit,5402,25,24,COMPLETED_STDOUT_ORDER_PLUS_PINNED_NATIVE_LOOP
REFIT4,55,first_fit,5403,25,24,COMPLETED_STDOUT_ORDER_PLUS_PINNED_NATIVE_LOOP
REFIT4,55,first_fit,5404,25,24,COMPLETED_STDOUT_ORDER_PLUS_PINNED_NATIVE_LOOP
REFIT4,55,first_fit,5405,25,24,COMPLETED_STDOUT_ORDER_PLUS_PINNED_NATIVE_LOOP
REFIT4,55,first_fit,5406,25,24,COMPLETED_STDOUT_ORDER_PLUS_PINNED_NATIVE_LOOP
REFIT4,55,first_fit,5407,25,24,COMPLETED_STDOUT_ORDER_PLUS_PINNED_NATIVE_LOOP
REFIT4,55,first_fit,5408,25,24,COMPLETED_STDOUT_ORDER_PLUS_PINNED_NATIVE_LOOP
REFIT4,55,first_fit,5409,25,24,COMPLETED_STDOUT_ORDER_PLUS_PINNED_NATIVE_LOOP
REFIT4,55,first_fit,5410,25,24,COMPLETED_STDOUT_ORDER_PLUS_PINNED_NATIVE_LOOP
REFIT4,55,first_fit,5411,25,24,COMPLETED_STDOUT_ORDER_PLUS_PINNED_NATIVE_LOOP
REFIT4,55,first_fit,5412,25,24,COMPLETED_STDOUT_ORDER_PLUS_PINNED_NATIVE_LOOP
REFIT4,55,first_fit,5413,25,24,COMPLETED_STDOUT_ORDER_PLUS_PINNED_NATIVE_LOOP
REFIT4,55,first_fit,5414,25,24,COMPLETED_STDOUT_ORDER_PLUS_PINNED_NATIVE_LOOP
REFIT4,55,first_fit,5415,25,24,COMPLETED_STDOUT_ORDER_PLUS_PINNED_NATIVE_LOOP
REFIT4,55,first_fit,5416,25,24,COMPLETED_STDOUT_ORDER_PLUS_PINNED_NATIVE_LOOP
REFIT4,55,first_fit,5417,25,24,COMPLETED_STDOUT_ORDER_PLUS_PINNED_NATIVE_LOOP
REFIT4,55,first_fit,5418,25,24,COMPLETED_STDOUT_ORDER_PLUS_PINNED_NATIVE_LOOP
REFIT4,55,first_fit,5419,25,24,COMPLETED_STDOUT_ORDER_PLUS_PINNED_NATIVE_LOOP
REFIT4,55,first_fit,5420,25,24,COMPLETED_STDOUT_ORDER_PLUS_PINNED_NATIVE_LOOP
REFIT4,55,first_fit,5421,25,24,COMPLETED_STDOUT_ORDER_PLUS_PINNED_NATIVE_LOOP
REFIT4,55,first_fit,5422,25,24,COMPLETED_STDOUT_ORDER_PLUS_PINNED_NATIVE_LOOP
REFIT4,55,first_fit,5423,25,24,COMPLETED_STDOUT_ORDER_PLUS_PINNED_NATIVE_LOOP
REFIT4,55,first_fit,5424,25,24,COMPLETED_STDOUT_ORDER_PLUS_PINNED_NATIVE_LOOP
REFIT4,55,first_fit,5425,25,24,COMPLETED_STDOUT_ORDER_PLUS_PINNED_NATIVE_LOOP
REFIT4,55,first_fit,5426,25,24,COMPLETED_STDOUT_ORDER_PLUS_PINNED_NATIVE_LOOP
REFIT4,55,first_fit,5427,25,24,COMPLETED_STDOUT_ORDER_PLUS_PINNED_NATIVE_LOOP
REFIT4,55,first_fit,5428,25,24,COMPLETED_STDOUT_ORDER_PLUS_PINNED_NATIVE_LOOP
REFIT4,55,first_fit,5429,25,24,COMPLETED_STDOUT_ORDER_PLUS_PINNED_NATIVE_LOOP
REFIT4,55,first_fit,5430,25,24,COMPLETED_STDOUT_ORDER_PLUS_PINNED_NATIVE_LOOP
REFIT4,55,first_fit,5431,25,24,COMPLETED_STDOUT_ORDER_PLUS_PINNED_NATIVE_LOOP
REFIT4,55,first_fit,5432,25,24,COMPLETED_STDOUT_ORDER_PLUS_PINNED_NATIVE_LOOP
REFIT4,55,first_fit,5433,25,24,COMPLETED_STDOUT_ORDER_PLUS_PINNED_NATIVE_LOOP
REFIT4,55,first_fit,5434,25,24,COMPLETED_STDOUT_ORDER_PLUS_PINNED_NATIVE_LOOP
REFIT4,55,first_fit,5435,25,24,COMPLETED_STDOUT_ORDER_PLUS_PINNED_NATIVE_LOOP
REFIT4,55,first_fit,5436,25,24,COMPLETED_STDOUT_ORDER_PLUS_PINNED_NATIVE_LOOP
REFIT4,55,first_fit,5437,25,24,COMPLETED_STDOUT_ORDER_PLUS_PINNED_NATIVE_LOOP
REFIT4,55,first_fit,5438,25,24,COMPLETED_STDOUT_ORDER_PLUS_PINNED_NATIVE_LOOP
REFIT4,55,first_fit,5439,25,24,COMPLETED_STDOUT_ORDER_PLUS_PINNED_NATIVE_LOOP
REFIT4,55,first_fit,5440,25,24,COMPLETED_STDOUT_ORDER_PLUS_PINNED_NATIVE_LOOP
REFIT4,55,first_fit,5441,25,24,COMPLETED_STDOUT_ORDER_PLUS_PINNED_NATIVE_LOOP
REFIT4,55,first_fit,5442,25,24,COMPLETED_STDOUT_ORDER_PLUS_PINNED_NATIVE_LOOP
REFIT4,55,first_fit,5443,25,24,COMPLETED_STDOUT_ORDER_PLUS_PINNED_NATIVE_LOOP
REFIT4,55,first_fit,5444,25,24,COMPLETED_STDOUT_ORDER_PLUS_PINNED_NATIVE_LOOP
REFIT4,55,first_fit,5445,25,24,COMPLETED_STDOUT_ORDER_PLUS_PINNED_NATIVE_LOOP
REFIT4,55,first_fit,5446,25,24,COMPLETED_STDOUT_ORDER_PLUS_PINNED_NATIVE_LOOP
REFIT4,55,first_fit,5447,25,24,COMPLETED_STDOUT_ORDER_PLUS_PINNED_NATIVE_LOOP
REFIT4,55,first_fit,5448,25,24,COMPLETED_STDOUT_ORDER_PLUS_PINNED_NATIVE_LOOP
REFIT4,55,first_fit,5449,25,24,COMPLETED_STDOUT_ORDER_PLUS_PINNED_NATIVE_LOOP
REFIT4,55,first_fit,5450,25,24,COMPLETED_STDOUT_ORDER_PLUS_PINNED_NATIVE_LOOP
REFIT4,55,first_fit,5451,25,24,COMPLETED_STDOUT_ORDER_PLUS_PINNED_NATIVE_LOOP
REFIT4,55,first_fit,5452,25,24,COMPLETED_STDOUT_ORDER_PLUS_PINNED_NATIVE_LOOP
REFIT4,55,first_fit,5453,25,24,COMPLETED_STDOUT_ORDER_PLUS_PINNED_NATIVE_LOOP
REFIT4,55,first_fit,5454,25,24,COMPLETED_STDOUT_ORDER_PLUS_PINNED_NATIVE_LOOP
REFIT4,55,first_fit,5455,25,24,COMPLETED_STDOUT_ORDER_PLUS_PINNED_NATIVE_LOOP
REFIT4,55,first_fit,5456,25,24,COMPLETED_STDOUT_ORDER_PLUS_PINNED_NATIVE_LOOP
REFIT4,55,first_fit,5457,25,24,COMPLETED_STDOUT_ORDER_PLUS_PINNED_NATIVE_LOOP
REFIT4,55,first_fit,5458,25,24,COMPLETED_STDOUT_ORDER_PLUS_PINNED_NATIVE_LOOP
REFIT4,55,first_fit,5459,25,24,COMPLETED_STDOUT_ORDER_PLUS_PINNED_NATIVE_LOOP
REFIT4,55,first_fit,5460,25,24,COMPLETED_STDOUT_ORDER_PLUS_PINNED_NATIVE_LOOP
REFIT4,55,first_fit,5461,25,24,COMPLETED_STDOUT_ORDER_PLUS_PINNED_NATIVE_LOOP
REFIT4,55,first_fit,5462,25,24,COMPLETED_STDOUT_ORDER_PLUS_PINNED_NATIVE_LOOP
REFIT4,55,first_fit,5463,25,24,COMPLETED_STDOUT_ORDER_PLUS_PINNED_NATIVE_LOOP
REFIT4,55,first_fit,5464,25,24,COMPLETED_STDOUT_ORDER_PLUS_PINNED_NATIVE_LOOP
REFIT4,55,first_fit,5465,25,24,COMPLETED_STDOUT_ORDER_PLUS_PINNED_NATIVE_LOOP
REFIT4,55,first_fit,5466,25,24,COMPLETED_STDOUT_ORDER_PLUS_PINNED_NATIVE_LOOP
REFIT4,55,first_fit,5467,25,24,COMPLETED_STDOUT_ORDER_PLUS_PINNED_NATIVE_LOOP
REFIT4,55,first_fit,5468,25,24,COMPLETED_STDOUT_ORDER_PLUS_PINNED_NATIVE_LOOP
REFIT4,55,first_fit,5469,25,24,COMPLETED_STDOUT_ORDER_PLUS_PINNED_NATIVE_LOOP
REFIT4,55,first_fit,5470,25,24,COMPLETED_STDOUT_ORDER_PLUS_PINNED_NATIVE_LOOP
REFIT4,55,first_fit,5471,25,24,COMPLETED_STDOUT_ORDER_PLUS_PINNED_NATIVE_LOOP
REFIT4,55,first_fit,5472,25,24,COMPLETED_STDOUT_ORDER_PLUS_PINNED_NATIVE_LOOP
REFIT4,55,first_fit,5473,25,24,COMPLETED_STDOUT_ORDER_PLUS_PINNED_NATIVE_LOOP
REFIT4,55,first_fit,5474,25,24,COMPLETED_STDOUT_ORDER_PLUS_PINNED_NATIVE_LOOP
REFIT4,55,first_fit,5475,25,24,COMPLETED_STDOUT_ORDER_PLUS_PINNED_NATIVE_LOOP
REFIT4,55,first_fit,5476,25,24,COMPLETED_STDOUT_ORDER_PLUS_PINNED_NATIVE_LOOP
REFIT4,55,first_fit,5477,25,24,COMPLETED_STDOUT_ORDER_PLUS_PINNED_NATIVE_LOOP
REFIT4,55,first_fit,5478,25,24,COMPLETED_STDOUT_ORDER_PLUS_PINNED_NATIVE_LOOP
REFIT4,55,first_fit,5479,25,24,COMPLETED_STDOUT_ORDER_PLUS_PINNED_NATIVE_LOOP
REFIT4,55,first_fit,5480,25,24,COMPLETED_STDOUT_ORDER_PLUS_PINNED_NATIVE_LOOP
REFIT4,55,first_fit,5481,25,24,COMPLETED_STDOUT_ORDER_PLUS_PINNED_NATIVE_LOOP
REFIT4,55,first_fit,5482,25,24,COMPLETED_STDOUT_ORDER_PLUS_PINNED_NATIVE_LOOP
REFIT4,55,first_fit,5483,25,24,COMPLETED_STDOUT_ORDER_PLUS_PINNED_NATIVE_LOOP
REFIT4,55,first_fit,5484,25,24,COMPLETED_STDOUT_ORDER_PLUS_PINNED_NATIVE_LOOP
REFIT4,55,first_fit,5485,25,24,COMPLETED_STDOUT_ORDER_PLUS_PINNED_NATIVE_LOOP
REFIT4,55,first_fit,5486,25,24,COMPLETED_STDOUT_ORDER_PLUS_PINNED_NATIVE_LOOP
REFIT4,55,first_fit,5487,25,24,COMPLETED_STDOUT_ORDER_PLUS_PINNED_NATIVE_LOOP
REFIT4,55,first_fit,5488,25,24,COMPLETED_STDOUT_ORDER_PLUS_PINNED_NATIVE_LOOP
REFIT4,55,first_fit,5489,25,24,COMPLETED_STDOUT_ORDER_PLUS_PINNED_NATIVE_LOOP
REFIT4,55,first_fit,5490,25,24,COMPLETED_STDOUT_ORDER_PLUS_PINNED_NATIVE_LOOP
REFIT4,55,first_fit,5491,25,24,COMPLETED_STDOUT_ORDER_PLUS_PINNED_NATIVE_LOOP
REFIT4,55,first_fit,5492,25,24,COMPLETED_STDOUT_ORDER_PLUS_PINNED_NATIVE_LOOP
REFIT4,55,first_fit,5493,25,24,COMPLETED_STDOUT_ORDER_PLUS_PINNED_NATIVE_LOOP
REFIT4,55,first_fit,5494,25,24,COMPLETED_STDOUT_ORDER_PLUS_PINNED_NATIVE_LOOP
REFIT4,55,first_fit,5495,25,24,COMPLETED_STDOUT_ORDER_PLUS_PINNED_NATIVE_LOOP
REFIT4,55,first_fit,5496,25,24,COMPLETED_STDOUT_ORDER_PLUS_PINNED_NATIVE_LOOP
REFIT4,55,first_fit,5497,25,24,COMPLETED_STDOUT_ORDER_PLUS_PINNED_NATIVE_LOOP
REFIT4,55,first_fit,5498,25,24,COMPLETED_STDOUT_ORDER_PLUS_PINNED_NATIVE_LOOP
REFIT4,55,first_fit,5499,25,24,COMPLETED_STDOUT_ORDER_PLUS_PINNED_NATIVE_LOOP
REFIT4,55,second_fit,5400,1,0,COMPLETED_STDOUT_ORDER_PLUS_PINNED_NATIVE_LOOP
REFIT4,55,second_fit,5401,1,0,COMPLETED_STDOUT_ORDER_PLUS_PINNED_NATIVE_LOOP
REFIT4,55,second_fit,5402,1,0,COMPLETED_STDOUT_ORDER_PLUS_PINNED_NATIVE_LOOP
REFIT4,55,second_fit,5403,1,0,COMPLETED_STDOUT_ORDER_PLUS_PINNED_NATIVE_LOOP
REFIT4,55,second_fit,5404,1,0,COMPLETED_STDOUT_ORDER_PLUS_PINNED_NATIVE_LOOP
REFIT4,55,second_fit,5405,1,0,COMPLETED_STDOUT_ORDER_PLUS_PINNED_NATIVE_LOOP
REFIT4,55,second_fit,5406,1,0,COMPLETED_STDOUT_ORDER_PLUS_PINNED_NATIVE_LOOP
REFIT4,55,second_fit,5407,1,0,COMPLETED_STDOUT_ORDER_PLUS_PINNED_NATIVE_LOOP
REFIT4,55,second_fit,5408,1,0,COMPLETED_STDOUT_ORDER_PLUS_PINNED_NATIVE_LOOP
REFIT4,55,second_fit,5409,1,0,COMPLETED_STDOUT_ORDER_PLUS_PINNED_NATIVE_LOOP
REFIT4,55,second_fit,5410,1,0,COMPLETED_STDOUT_ORDER_PLUS_PINNED_NATIVE_LOOP
REFIT4,55,second_fit,5411,1,0,COMPLETED_STDOUT_ORDER_PLUS_PINNED_NATIVE_LOOP
REFIT4,55,second_fit,5412,1,0,COMPLETED_STDOUT_ORDER_PLUS_PINNED_NATIVE_LOOP
REFIT4,55,second_fit,5413,1,0,COMPLETED_STDOUT_ORDER_PLUS_PINNED_NATIVE_LOOP
REFIT4,55,second_fit,5414,1,0,COMPLETED_STDOUT_ORDER_PLUS_PINNED_NATIVE_LOOP
REFIT4,55,second_fit,5415,1,0,COMPLETED_STDOUT_ORDER_PLUS_PINNED_NATIVE_LOOP
REFIT4,55,second_fit,5416,1,0,COMPLETED_STDOUT_ORDER_PLUS_PINNED_NATIVE_LOOP
REFIT4,55,second_fit,5417,25,24,COMPLETED_STDOUT_ORDER_PLUS_PINNED_NATIVE_LOOP
REFIT4,55,second_fit,5418,1,0,COMPLETED_STDOUT_ORDER_PLUS_PINNED_NATIVE_LOOP
REFIT4,55,second_fit,5419,1,0,COMPLETED_STDOUT_ORDER_PLUS_PINNED_NATIVE_LOOP
REFIT4,55,second_fit,5420,25,24,COMPLETED_STDOUT_ORDER_PLUS_PINNED_NATIVE_LOOP
REFIT4,55,second_fit,5421,1,0,COMPLETED_STDOUT_ORDER_PLUS_PINNED_NATIVE_LOOP
REFIT4,55,second_fit,5422,1,0,COMPLETED_STDOUT_ORDER_PLUS_PINNED_NATIVE_LOOP
REFIT4,55,second_fit,5423,1,0,COMPLETED_STDOUT_ORDER_PLUS_PINNED_NATIVE_LOOP
REFIT4,55,second_fit,5424,25,24,COMPLETED_STDOUT_ORDER_PLUS_PINNED_NATIVE_LOOP
REFIT4,55,second_fit,5425,1,0,COMPLETED_STDOUT_ORDER_PLUS_PINNED_NATIVE_LOOP
REFIT4,55,second_fit,5426,1,0,COMPLETED_STDOUT_ORDER_PLUS_PINNED_NATIVE_LOOP
REFIT4,55,second_fit,5427,25,24,COMPLETED_STDOUT_ORDER_PLUS_PINNED_NATIVE_LOOP
REFIT4,55,second_fit,5428,1,0,COMPLETED_STDOUT_ORDER_PLUS_PINNED_NATIVE_LOOP
REFIT4,55,second_fit,5429,25,24,COMPLETED_STDOUT_ORDER_PLUS_PINNED_NATIVE_LOOP
REFIT4,55,second_fit,5430,1,0,COMPLETED_STDOUT_ORDER_PLUS_PINNED_NATIVE_LOOP
REFIT4,55,second_fit,5431,1,0,COMPLETED_STDOUT_ORDER_PLUS_PINNED_NATIVE_LOOP
REFIT4,55,second_fit,5432,25,24,COMPLETED_STDOUT_ORDER_PLUS_PINNED_NATIVE_LOOP
REFIT4,55,second_fit,5433,1,0,COMPLETED_STDOUT_ORDER_PLUS_PINNED_NATIVE_LOOP
REFIT4,55,second_fit,5434,1,0,COMPLETED_STDOUT_ORDER_PLUS_PINNED_NATIVE_LOOP
REFIT4,55,second_fit,5435,1,0,COMPLETED_STDOUT_ORDER_PLUS_PINNED_NATIVE_LOOP
REFIT4,55,second_fit,5436,1,0,COMPLETED_STDOUT_ORDER_PLUS_PINNED_NATIVE_LOOP
REFIT4,55,second_fit,5437,1,0,COMPLETED_STDOUT_ORDER_PLUS_PINNED_NATIVE_LOOP
REFIT4,55,second_fit,5438,1,0,COMPLETED_STDOUT_ORDER_PLUS_PINNED_NATIVE_LOOP
REFIT4,55,second_fit,5439,1,0,COMPLETED_STDOUT_ORDER_PLUS_PINNED_NATIVE_LOOP
REFIT4,55,second_fit,5440,1,0,COMPLETED_STDOUT_ORDER_PLUS_PINNED_NATIVE_LOOP
REFIT4,55,second_fit,5441,1,0,COMPLETED_STDOUT_ORDER_PLUS_PINNED_NATIVE_LOOP
REFIT4,55,second_fit,5442,1,0,COMPLETED_STDOUT_ORDER_PLUS_PINNED_NATIVE_LOOP
REFIT4,55,second_fit,5443,1,0,COMPLETED_STDOUT_ORDER_PLUS_PINNED_NATIVE_LOOP
REFIT4,55,second_fit,5444,1,0,COMPLETED_STDOUT_ORDER_PLUS_PINNED_NATIVE_LOOP
REFIT4,55,second_fit,5445,1,0,COMPLETED_STDOUT_ORDER_PLUS_PINNED_NATIVE_LOOP
REFIT4,55,second_fit,5446,1,0,COMPLETED_STDOUT_ORDER_PLUS_PINNED_NATIVE_LOOP
REFIT4,55,second_fit,5447,1,0,COMPLETED_STDOUT_ORDER_PLUS_PINNED_NATIVE_LOOP
REFIT4,55,second_fit,5448,1,0,COMPLETED_STDOUT_ORDER_PLUS_PINNED_NATIVE_LOOP
REFIT4,55,second_fit,5449,1,0,COMPLETED_STDOUT_ORDER_PLUS_PINNED_NATIVE_LOOP
REFIT4,55,second_fit,5450,25,24,COMPLETED_STDOUT_ORDER_PLUS_PINNED_NATIVE_LOOP
REFIT4,55,second_fit,5451,1,0,COMPLETED_STDOUT_ORDER_PLUS_PINNED_NATIVE_LOOP
REFIT4,55,second_fit,5452,1,0,COMPLETED_STDOUT_ORDER_PLUS_PINNED_NATIVE_LOOP
REFIT4,55,second_fit,5453,1,0,COMPLETED_STDOUT_ORDER_PLUS_PINNED_NATIVE_LOOP
REFIT4,55,second_fit,5454,1,0,COMPLETED_STDOUT_ORDER_PLUS_PINNED_NATIVE_LOOP
REFIT4,55,second_fit,5455,1,0,COMPLETED_STDOUT_ORDER_PLUS_PINNED_NATIVE_LOOP
REFIT4,55,second_fit,5456,1,0,COMPLETED_STDOUT_ORDER_PLUS_PINNED_NATIVE_LOOP
REFIT4,55,second_fit,5457,1,0,COMPLETED_STDOUT_ORDER_PLUS_PINNED_NATIVE_LOOP
REFIT4,55,second_fit,5458,1,0,COMPLETED_STDOUT_ORDER_PLUS_PINNED_NATIVE_LOOP
REFIT4,55,second_fit,5459,1,0,COMPLETED_STDOUT_ORDER_PLUS_PINNED_NATIVE_LOOP
REFIT4,55,second_fit,5460,1,0,COMPLETED_STDOUT_ORDER_PLUS_PINNED_NATIVE_LOOP
REFIT4,55,second_fit,5461,1,0,COMPLETED_STDOUT_ORDER_PLUS_PINNED_NATIVE_LOOP
REFIT4,55,second_fit,5462,25,24,COMPLETED_STDOUT_ORDER_PLUS_PINNED_NATIVE_LOOP
REFIT4,55,second_fit,5463,1,0,COMPLETED_STDOUT_ORDER_PLUS_PINNED_NATIVE_LOOP
REFIT4,55,second_fit,5464,1,0,COMPLETED_STDOUT_ORDER_PLUS_PINNED_NATIVE_LOOP
REFIT4,55,second_fit,5465,1,0,COMPLETED_STDOUT_ORDER_PLUS_PINNED_NATIVE_LOOP
REFIT4,55,second_fit,5466,25,24,COMPLETED_STDOUT_ORDER_PLUS_PINNED_NATIVE_LOOP
REFIT4,55,second_fit,5467,1,0,COMPLETED_STDOUT_ORDER_PLUS_PINNED_NATIVE_LOOP
REFIT4,55,second_fit,5468,1,0,COMPLETED_STDOUT_ORDER_PLUS_PINNED_NATIVE_LOOP
REFIT4,55,second_fit,5469,1,0,COMPLETED_STDOUT_ORDER_PLUS_PINNED_NATIVE_LOOP
REFIT4,55,second_fit,5470,1,0,COMPLETED_STDOUT_ORDER_PLUS_PINNED_NATIVE_LOOP
REFIT4,55,second_fit,5471,1,0,COMPLETED_STDOUT_ORDER_PLUS_PINNED_NATIVE_LOOP
REFIT4,55,second_fit,5472,1,0,COMPLETED_STDOUT_ORDER_PLUS_PINNED_NATIVE_LOOP
REFIT4,55,second_fit,5473,1,0,COMPLETED_STDOUT_ORDER_PLUS_PINNED_NATIVE_LOOP
REFIT4,55,second_fit,5474,1,0,COMPLETED_STDOUT_ORDER_PLUS_PINNED_NATIVE_LOOP
REFIT4,55,second_fit,5475,1,0,COMPLETED_STDOUT_ORDER_PLUS_PINNED_NATIVE_LOOP
REFIT4,55,second_fit,5476,1,0,COMPLETED_STDOUT_ORDER_PLUS_PINNED_NATIVE_LOOP
REFIT4,55,second_fit,5477,1,0,COMPLETED_STDOUT_ORDER_PLUS_PINNED_NATIVE_LOOP
REFIT4,55,second_fit,5478,25,24,COMPLETED_STDOUT_ORDER_PLUS_PINNED_NATIVE_LOOP
REFIT4,55,second_fit,5479,1,0,COMPLETED_STDOUT_ORDER_PLUS_PINNED_NATIVE_LOOP
REFIT4,55,second_fit,5480,1,0,COMPLETED_STDOUT_ORDER_PLUS_PINNED_NATIVE_LOOP
REFIT4,55,second_fit,5481,25,24,COMPLETED_STDOUT_ORDER_PLUS_PINNED_NATIVE_LOOP
REFIT4,55,second_fit,5482,1,0,COMPLETED_STDOUT_ORDER_PLUS_PINNED_NATIVE_LOOP
REFIT4,55,second_fit,5483,1,0,COMPLETED_STDOUT_ORDER_PLUS_PINNED_NATIVE_LOOP
REFIT4,55,second_fit,5484,1,0,COMPLETED_STDOUT_ORDER_PLUS_PINNED_NATIVE_LOOP
REFIT4,55,second_fit,5485,1,0,COMPLETED_STDOUT_ORDER_PLUS_PINNED_NATIVE_LOOP
REFIT4,55,second_fit,5486,1,0,COMPLETED_STDOUT_ORDER_PLUS_PINNED_NATIVE_LOOP
REFIT4,55,second_fit,5487,1,0,COMPLETED_STDOUT_ORDER_PLUS_PINNED_NATIVE_LOOP
REFIT4,55,second_fit,5488,25,24,COMPLETED_STDOUT_ORDER_PLUS_PINNED_NATIVE_LOOP
REFIT4,55,second_fit,5489,1,0,COMPLETED_STDOUT_ORDER_PLUS_PINNED_NATIVE_LOOP
REFIT4,55,second_fit,5490,1,0,COMPLETED_STDOUT_ORDER_PLUS_PINNED_NATIVE_LOOP
REFIT4,55,second_fit,5491,25,24,COMPLETED_STDOUT_ORDER_PLUS_PINNED_NATIVE_LOOP
REFIT4,55,second_fit,5492,25,24,COMPLETED_STDOUT_ORDER_PLUS_PINNED_NATIVE_LOOP
REFIT4,55,second_fit,5493,1,0,COMPLETED_STDOUT_ORDER_PLUS_PINNED_NATIVE_LOOP
REFIT4,55,second_fit,5494,1,0,COMPLETED_STDOUT_ORDER_PLUS_PINNED_NATIVE_LOOP
REFIT4,55,second_fit,5495,1,0,COMPLETED_STDOUT_ORDER_PLUS_PINNED_NATIVE_LOOP
REFIT4,55,second_fit,5496,1,0,COMPLETED_STDOUT_ORDER_PLUS_PINNED_NATIVE_LOOP
REFIT4,55,second_fit,5497,1,0,COMPLETED_STDOUT_ORDER_PLUS_PINNED_NATIVE_LOOP
REFIT4,55,second_fit,5498,25,24,COMPLETED_STDOUT_ORDER_PLUS_PINNED_NATIVE_LOOP
REFIT4,55,second_fit,5499,25,24,COMPLETED_STDOUT_ORDER_PLUS_PINNED_NATIVE_LOOP
REFIT4,56,first_fit,5500,25,24,COMPLETED_STDOUT_ORDER_PLUS_PINNED_NATIVE_LOOP
REFIT4,56,first_fit,5501,25,24,COMPLETED_STDOUT_ORDER_PLUS_PINNED_NATIVE_LOOP
REFIT4,56,first_fit,5502,25,24,COMPLETED_STDOUT_ORDER_PLUS_PINNED_NATIVE_LOOP
REFIT4,56,first_fit,5503,25,24,COMPLETED_STDOUT_ORDER_PLUS_PINNED_NATIVE_LOOP
REFIT4,56,first_fit,5504,25,24,COMPLETED_STDOUT_ORDER_PLUS_PINNED_NATIVE_LOOP
REFIT4,56,first_fit,5505,25,24,COMPLETED_STDOUT_ORDER_PLUS_PINNED_NATIVE_LOOP
REFIT4,56,first_fit,5506,25,24,COMPLETED_STDOUT_ORDER_PLUS_PINNED_NATIVE_LOOP
REFIT4,56,first_fit,5507,25,24,COMPLETED_STDOUT_ORDER_PLUS_PINNED_NATIVE_LOOP
REFIT4,56,first_fit,5508,25,24,COMPLETED_STDOUT_ORDER_PLUS_PINNED_NATIVE_LOOP
REFIT4,56,first_fit,5509,25,24,COMPLETED_STDOUT_ORDER_PLUS_PINNED_NATIVE_LOOP
REFIT4,56,first_fit,5510,25,24,COMPLETED_STDOUT_ORDER_PLUS_PINNED_NATIVE_LOOP
REFIT4,56,first_fit,5511,25,24,COMPLETED_STDOUT_ORDER_PLUS_PINNED_NATIVE_LOOP
REFIT4,56,first_fit,5512,25,24,COMPLETED_STDOUT_ORDER_PLUS_PINNED_NATIVE_LOOP
REFIT4,56,first_fit,5513,25,24,COMPLETED_STDOUT_ORDER_PLUS_PINNED_NATIVE_LOOP
REFIT4,56,first_fit,5514,25,24,COMPLETED_STDOUT_ORDER_PLUS_PINNED_NATIVE_LOOP
REFIT4,56,first_fit,5515,25,24,COMPLETED_STDOUT_ORDER_PLUS_PINNED_NATIVE_LOOP
REFIT4,56,first_fit,5516,25,24,COMPLETED_STDOUT_ORDER_PLUS_PINNED_NATIVE_LOOP
REFIT4,56,first_fit,5517,25,24,COMPLETED_STDOUT_ORDER_PLUS_PINNED_NATIVE_LOOP
REFIT4,56,first_fit,5518,25,24,COMPLETED_STDOUT_ORDER_PLUS_PINNED_NATIVE_LOOP
REFIT4,56,first_fit,5519,25,24,COMPLETED_STDOUT_ORDER_PLUS_PINNED_NATIVE_LOOP
REFIT4,56,first_fit,5520,25,24,COMPLETED_STDOUT_ORDER_PLUS_PINNED_NATIVE_LOOP
REFIT4,56,first_fit,5521,25,24,COMPLETED_STDOUT_ORDER_PLUS_PINNED_NATIVE_LOOP
REFIT4,56,first_fit,5522,25,24,COMPLETED_STDOUT_ORDER_PLUS_PINNED_NATIVE_LOOP
REFIT4,56,first_fit,5523,25,24,COMPLETED_STDOUT_ORDER_PLUS_PINNED_NATIVE_LOOP
REFIT4,56,first_fit,5524,25,24,COMPLETED_STDOUT_ORDER_PLUS_PINNED_NATIVE_LOOP
REFIT4,56,first_fit,5525,25,24,COMPLETED_STDOUT_ORDER_PLUS_PINNED_NATIVE_LOOP
REFIT4,56,first_fit,5526,25,24,COMPLETED_STDOUT_ORDER_PLUS_PINNED_NATIVE_LOOP
REFIT4,56,first_fit,5527,25,24,COMPLETED_STDOUT_ORDER_PLUS_PINNED_NATIVE_LOOP
REFIT4,56,first_fit,5528,25,24,COMPLETED_STDOUT_ORDER_PLUS_PINNED_NATIVE_LOOP
REFIT4,56,first_fit,5529,25,24,COMPLETED_STDOUT_ORDER_PLUS_PINNED_NATIVE_LOOP
REFIT4,56,first_fit,5530,25,24,COMPLETED_STDOUT_ORDER_PLUS_PINNED_NATIVE_LOOP
REFIT4,56,first_fit,5531,25,24,COMPLETED_STDOUT_ORDER_PLUS_PINNED_NATIVE_LOOP
REFIT4,56,first_fit,5532,25,24,COMPLETED_STDOUT_ORDER_PLUS_PINNED_NATIVE_LOOP
REFIT4,56,first_fit,5533,25,24,COMPLETED_STDOUT_ORDER_PLUS_PINNED_NATIVE_LOOP
REFIT4,56,first_fit,5534,25,24,COMPLETED_STDOUT_ORDER_PLUS_PINNED_NATIVE_LOOP
REFIT4,56,first_fit,5535,25,24,COMPLETED_STDOUT_ORDER_PLUS_PINNED_NATIVE_LOOP
REFIT4,56,first_fit,5536,25,24,COMPLETED_STDOUT_ORDER_PLUS_PINNED_NATIVE_LOOP
REFIT4,56,first_fit,5537,25,24,COMPLETED_STDOUT_ORDER_PLUS_PINNED_NATIVE_LOOP
REFIT4,56,first_fit,5538,25,24,COMPLETED_STDOUT_ORDER_PLUS_PINNED_NATIVE_LOOP
REFIT4,56,first_fit,5539,25,24,COMPLETED_STDOUT_ORDER_PLUS_PINNED_NATIVE_LOOP
REFIT4,56,first_fit,5540,25,24,COMPLETED_STDOUT_ORDER_PLUS_PINNED_NATIVE_LOOP
REFIT4,56,first_fit,5541,25,24,COMPLETED_STDOUT_ORDER_PLUS_PINNED_NATIVE_LOOP
REFIT4,56,first_fit,5542,25,24,COMPLETED_STDOUT_ORDER_PLUS_PINNED_NATIVE_LOOP
REFIT4,56,first_fit,5543,25,24,COMPLETED_STDOUT_ORDER_PLUS_PINNED_NATIVE_LOOP
REFIT4,56,first_fit,5544,25,24,COMPLETED_STDOUT_ORDER_PLUS_PINNED_NATIVE_LOOP
REFIT4,56,first_fit,5545,25,24,COMPLETED_STDOUT_ORDER_PLUS_PINNED_NATIVE_LOOP
REFIT4,56,first_fit,5546,25,24,COMPLETED_STDOUT_ORDER_PLUS_PINNED_NATIVE_LOOP
REFIT4,56,first_fit,5547,25,24,COMPLETED_STDOUT_ORDER_PLUS_PINNED_NATIVE_LOOP
REFIT4,56,first_fit,5548,25,24,COMPLETED_STDOUT_ORDER_PLUS_PINNED_NATIVE_LOOP
REFIT4,56,first_fit,5549,25,24,COMPLETED_STDOUT_ORDER_PLUS_PINNED_NATIVE_LOOP
REFIT4,56,first_fit,5550,25,24,COMPLETED_STDOUT_ORDER_PLUS_PINNED_NATIVE_LOOP
REFIT4,56,first_fit,5551,25,24,COMPLETED_STDOUT_ORDER_PLUS_PINNED_NATIVE_LOOP
REFIT4,56,first_fit,5552,25,24,COMPLETED_STDOUT_ORDER_PLUS_PINNED_NATIVE_LOOP
REFIT4,56,first_fit,5553,25,24,COMPLETED_STDOUT_ORDER_PLUS_PINNED_NATIVE_LOOP
REFIT4,56,first_fit,5554,25,24,COMPLETED_STDOUT_ORDER_PLUS_PINNED_NATIVE_LOOP
REFIT4,56,first_fit,5555,25,24,COMPLETED_STDOUT_ORDER_PLUS_PINNED_NATIVE_LOOP
REFIT4,56,first_fit,5556,25,24,COMPLETED_STDOUT_ORDER_PLUS_PINNED_NATIVE_LOOP
REFIT4,56,first_fit,5557,25,24,COMPLETED_STDOUT_ORDER_PLUS_PINNED_NATIVE_LOOP
REFIT4,56,first_fit,5558,25,24,COMPLETED_STDOUT_ORDER_PLUS_PINNED_NATIVE_LOOP
REFIT4,56,first_fit,5559,25,24,COMPLETED_STDOUT_ORDER_PLUS_PINNED_NATIVE_LOOP
REFIT4,56,first_fit,5560,25,24,COMPLETED_STDOUT_ORDER_PLUS_PINNED_NATIVE_LOOP
REFIT4,56,first_fit,5561,25,24,COMPLETED_STDOUT_ORDER_PLUS_PINNED_NATIVE_LOOP
REFIT4,56,first_fit,5562,25,24,COMPLETED_STDOUT_ORDER_PLUS_PINNED_NATIVE_LOOP
REFIT4,56,first_fit,5563,25,24,COMPLETED_STDOUT_ORDER_PLUS_PINNED_NATIVE_LOOP
REFIT4,56,first_fit,5564,25,24,COMPLETED_STDOUT_ORDER_PLUS_PINNED_NATIVE_LOOP
REFIT4,56,first_fit,5565,25,24,COMPLETED_STDOUT_ORDER_PLUS_PINNED_NATIVE_LOOP
REFIT4,56,first_fit,5566,25,24,COMPLETED_STDOUT_ORDER_PLUS_PINNED_NATIVE_LOOP
REFIT4,56,first_fit,5567,25,24,COMPLETED_STDOUT_ORDER_PLUS_PINNED_NATIVE_LOOP
REFIT4,56,first_fit,5568,25,24,COMPLETED_STDOUT_ORDER_PLUS_PINNED_NATIVE_LOOP
REFIT4,56,first_fit,5569,25,24,COMPLETED_STDOUT_ORDER_PLUS_PINNED_NATIVE_LOOP
REFIT4,56,first_fit,5570,25,24,COMPLETED_STDOUT_ORDER_PLUS_PINNED_NATIVE_LOOP
REFIT4,56,first_fit,5571,25,24,COMPLETED_STDOUT_ORDER_PLUS_PINNED_NATIVE_LOOP
REFIT4,56,first_fit,5572,25,24,COMPLETED_STDOUT_ORDER_PLUS_PINNED_NATIVE_LOOP
REFIT4,56,first_fit,5573,25,24,COMPLETED_STDOUT_ORDER_PLUS_PINNED_NATIVE_LOOP
REFIT4,56,first_fit,5574,25,24,COMPLETED_STDOUT_ORDER_PLUS_PINNED_NATIVE_LOOP
REFIT4,56,first_fit,5575,25,24,COMPLETED_STDOUT_ORDER_PLUS_PINNED_NATIVE_LOOP
REFIT4,56,first_fit,5576,25,24,COMPLETED_STDOUT_ORDER_PLUS_PINNED_NATIVE_LOOP
REFIT4,56,first_fit,5577,25,24,COMPLETED_STDOUT_ORDER_PLUS_PINNED_NATIVE_LOOP
REFIT4,56,first_fit,5578,25,24,COMPLETED_STDOUT_ORDER_PLUS_PINNED_NATIVE_LOOP
REFIT4,56,first_fit,5579,25,24,COMPLETED_STDOUT_ORDER_PLUS_PINNED_NATIVE_LOOP
REFIT4,56,first_fit,5580,25,24,COMPLETED_STDOUT_ORDER_PLUS_PINNED_NATIVE_LOOP
REFIT4,56,first_fit,5581,25,24,COMPLETED_STDOUT_ORDER_PLUS_PINNED_NATIVE_LOOP
REFIT4,56,first_fit,5582,25,24,COMPLETED_STDOUT_ORDER_PLUS_PINNED_NATIVE_LOOP
REFIT4,56,first_fit,5583,25,24,COMPLETED_STDOUT_ORDER_PLUS_PINNED_NATIVE_LOOP
REFIT4,56,first_fit,5584,25,24,COMPLETED_STDOUT_ORDER_PLUS_PINNED_NATIVE_LOOP
REFIT4,56,first_fit,5585,25,24,COMPLETED_STDOUT_ORDER_PLUS_PINNED_NATIVE_LOOP
REFIT4,56,first_fit,5586,25,24,COMPLETED_STDOUT_ORDER_PLUS_PINNED_NATIVE_LOOP
REFIT4,56,first_fit,5587,25,24,COMPLETED_STDOUT_ORDER_PLUS_PINNED_NATIVE_LOOP
REFIT4,56,first_fit,5588,25,24,COMPLETED_STDOUT_ORDER_PLUS_PINNED_NATIVE_LOOP
REFIT4,56,first_fit,5589,25,24,COMPLETED_STDOUT_ORDER_PLUS_PINNED_NATIVE_LOOP
REFIT4,56,first_fit,5590,25,24,COMPLETED_STDOUT_ORDER_PLUS_PINNED_NATIVE_LOOP
REFIT4,56,first_fit,5591,25,24,COMPLETED_STDOUT_ORDER_PLUS_PINNED_NATIVE_LOOP
REFIT4,56,first_fit,5592,25,24,COMPLETED_STDOUT_ORDER_PLUS_PINNED_NATIVE_LOOP
REFIT4,56,first_fit,5593,25,24,COMPLETED_STDOUT_ORDER_PLUS_PINNED_NATIVE_LOOP
REFIT4,56,first_fit,5594,25,24,COMPLETED_STDOUT_ORDER_PLUS_PINNED_NATIVE_LOOP
REFIT4,56,first_fit,5595,25,24,COMPLETED_STDOUT_ORDER_PLUS_PINNED_NATIVE_LOOP
REFIT4,56,first_fit,5596,25,24,COMPLETED_STDOUT_ORDER_PLUS_PINNED_NATIVE_LOOP
REFIT4,56,first_fit,5597,25,24,COMPLETED_STDOUT_ORDER_PLUS_PINNED_NATIVE_LOOP
REFIT4,56,first_fit,5598,25,24,COMPLETED_STDOUT_ORDER_PLUS_PINNED_NATIVE_LOOP
REFIT4,56,first_fit,5599,25,24,COMPLETED_STDOUT_ORDER_PLUS_PINNED_NATIVE_LOOP
REFIT4,56,second_fit,5500,1,0,COMPLETED_STDOUT_ORDER_PLUS_PINNED_NATIVE_LOOP
REFIT4,56,second_fit,5501,1,0,COMPLETED_STDOUT_ORDER_PLUS_PINNED_NATIVE_LOOP
REFIT4,56,second_fit,5502,1,0,COMPLETED_STDOUT_ORDER_PLUS_PINNED_NATIVE_LOOP
REFIT4,56,second_fit,5503,1,0,COMPLETED_STDOUT_ORDER_PLUS_PINNED_NATIVE_LOOP
REFIT4,56,second_fit,5504,25,24,COMPLETED_STDOUT_ORDER_PLUS_PINNED_NATIVE_LOOP
REFIT4,56,second_fit,5505,1,0,COMPLETED_STDOUT_ORDER_PLUS_PINNED_NATIVE_LOOP
REFIT4,56,second_fit,5506,1,0,COMPLETED_STDOUT_ORDER_PLUS_PINNED_NATIVE_LOOP
REFIT4,56,second_fit,5507,1,0,COMPLETED_STDOUT_ORDER_PLUS_PINNED_NATIVE_LOOP
REFIT4,56,second_fit,5508,1,0,COMPLETED_STDOUT_ORDER_PLUS_PINNED_NATIVE_LOOP
REFIT4,56,second_fit,5509,1,0,COMPLETED_STDOUT_ORDER_PLUS_PINNED_NATIVE_LOOP
REFIT4,56,second_fit,5510,25,24,COMPLETED_STDOUT_ORDER_PLUS_PINNED_NATIVE_LOOP
REFIT4,56,second_fit,5511,1,0,COMPLETED_STDOUT_ORDER_PLUS_PINNED_NATIVE_LOOP
REFIT4,56,second_fit,5512,1,0,COMPLETED_STDOUT_ORDER_PLUS_PINNED_NATIVE_LOOP
REFIT4,56,second_fit,5513,1,0,COMPLETED_STDOUT_ORDER_PLUS_PINNED_NATIVE_LOOP
REFIT4,56,second_fit,5514,1,0,COMPLETED_STDOUT_ORDER_PLUS_PINNED_NATIVE_LOOP
REFIT4,56,second_fit,5515,1,0,COMPLETED_STDOUT_ORDER_PLUS_PINNED_NATIVE_LOOP
REFIT4,56,second_fit,5516,1,0,COMPLETED_STDOUT_ORDER_PLUS_PINNED_NATIVE_LOOP
REFIT4,56,second_fit,5517,1,0,COMPLETED_STDOUT_ORDER_PLUS_PINNED_NATIVE_LOOP
REFIT4,56,second_fit,5518,1,0,COMPLETED_STDOUT_ORDER_PLUS_PINNED_NATIVE_LOOP
REFIT4,56,second_fit,5519,1,0,COMPLETED_STDOUT_ORDER_PLUS_PINNED_NATIVE_LOOP
REFIT4,56,second_fit,5520,1,0,COMPLETED_STDOUT_ORDER_PLUS_PINNED_NATIVE_LOOP
REFIT4,56,second_fit,5521,1,0,COMPLETED_STDOUT_ORDER_PLUS_PINNED_NATIVE_LOOP
REFIT4,56,second_fit,5522,1,0,COMPLETED_STDOUT_ORDER_PLUS_PINNED_NATIVE_LOOP
REFIT4,56,second_fit,5523,1,0,COMPLETED_STDOUT_ORDER_PLUS_PINNED_NATIVE_LOOP
REFIT4,56,second_fit,5524,1,0,COMPLETED_STDOUT_ORDER_PLUS_PINNED_NATIVE_LOOP
REFIT4,56,second_fit,5525,25,24,COMPLETED_STDOUT_ORDER_PLUS_PINNED_NATIVE_LOOP
REFIT4,56,second_fit,5526,1,0,COMPLETED_STDOUT_ORDER_PLUS_PINNED_NATIVE_LOOP
REFIT4,56,second_fit,5527,1,0,COMPLETED_STDOUT_ORDER_PLUS_PINNED_NATIVE_LOOP
REFIT4,56,second_fit,5528,1,0,COMPLETED_STDOUT_ORDER_PLUS_PINNED_NATIVE_LOOP
REFIT4,56,second_fit,5529,1,0,COMPLETED_STDOUT_ORDER_PLUS_PINNED_NATIVE_LOOP
REFIT4,56,second_fit,5530,1,0,COMPLETED_STDOUT_ORDER_PLUS_PINNED_NATIVE_LOOP
REFIT4,56,second_fit,5531,1,0,COMPLETED_STDOUT_ORDER_PLUS_PINNED_NATIVE_LOOP
REFIT4,56,second_fit,5532,1,0,COMPLETED_STDOUT_ORDER_PLUS_PINNED_NATIVE_LOOP
REFIT4,56,second_fit,5533,1,0,COMPLETED_STDOUT_ORDER_PLUS_PINNED_NATIVE_LOOP
REFIT4,56,second_fit,5534,1,0,COMPLETED_STDOUT_ORDER_PLUS_PINNED_NATIVE_LOOP
REFIT4,56,second_fit,5535,1,0,COMPLETED_STDOUT_ORDER_PLUS_PINNED_NATIVE_LOOP
REFIT4,56,second_fit,5536,1,0,COMPLETED_STDOUT_ORDER_PLUS_PINNED_NATIVE_LOOP
REFIT4,56,second_fit,5537,25,24,COMPLETED_STDOUT_ORDER_PLUS_PINNED_NATIVE_LOOP
REFIT4,56,second_fit,5538,1,0,COMPLETED_STDOUT_ORDER_PLUS_PINNED_NATIVE_LOOP
REFIT4,56,second_fit,5539,1,0,COMPLETED_STDOUT_ORDER_PLUS_PINNED_NATIVE_LOOP
REFIT4,56,second_fit,5540,1,0,COMPLETED_STDOUT_ORDER_PLUS_PINNED_NATIVE_LOOP
REFIT4,56,second_fit,5541,1,0,COMPLETED_STDOUT_ORDER_PLUS_PINNED_NATIVE_LOOP
REFIT4,56,second_fit,5542,1,0,COMPLETED_STDOUT_ORDER_PLUS_PINNED_NATIVE_LOOP
REFIT4,56,second_fit,5543,1,0,COMPLETED_STDOUT_ORDER_PLUS_PINNED_NATIVE_LOOP
REFIT4,56,second_fit,5544,1,0,COMPLETED_STDOUT_ORDER_PLUS_PINNED_NATIVE_LOOP
REFIT4,56,second_fit,5545,1,0,COMPLETED_STDOUT_ORDER_PLUS_PINNED_NATIVE_LOOP
REFIT4,56,second_fit,5546,25,24,COMPLETED_STDOUT_ORDER_PLUS_PINNED_NATIVE_LOOP
REFIT4,56,second_fit,5547,25,24,COMPLETED_STDOUT_ORDER_PLUS_PINNED_NATIVE_LOOP
REFIT4,56,second_fit,5548,1,0,COMPLETED_STDOUT_ORDER_PLUS_PINNED_NATIVE_LOOP
REFIT4,56,second_fit,5549,1,0,COMPLETED_STDOUT_ORDER_PLUS_PINNED_NATIVE_LOOP
REFIT4,56,second_fit,5550,1,0,COMPLETED_STDOUT_ORDER_PLUS_PINNED_NATIVE_LOOP
REFIT4,56,second_fit,5551,1,0,COMPLETED_STDOUT_ORDER_PLUS_PINNED_NATIVE_LOOP
REFIT4,56,second_fit,5552,1,0,COMPLETED_STDOUT_ORDER_PLUS_PINNED_NATIVE_LOOP
REFIT4,56,second_fit,5553,1,0,COMPLETED_STDOUT_ORDER_PLUS_PINNED_NATIVE_LOOP
REFIT4,56,second_fit,5554,1,0,COMPLETED_STDOUT_ORDER_PLUS_PINNED_NATIVE_LOOP
REFIT4,56,second_fit,5555,1,0,COMPLETED_STDOUT_ORDER_PLUS_PINNED_NATIVE_LOOP
REFIT4,56,second_fit,5556,1,0,COMPLETED_STDOUT_ORDER_PLUS_PINNED_NATIVE_LOOP
REFIT4,56,second_fit,5557,1,0,COMPLETED_STDOUT_ORDER_PLUS_PINNED_NATIVE_LOOP
REFIT4,56,second_fit,5558,1,0,COMPLETED_STDOUT_ORDER_PLUS_PINNED_NATIVE_LOOP
REFIT4,56,second_fit,5559,1,0,COMPLETED_STDOUT_ORDER_PLUS_PINNED_NATIVE_LOOP
REFIT4,56,second_fit,5560,25,24,COMPLETED_STDOUT_ORDER_PLUS_PINNED_NATIVE_LOOP
REFIT4,56,second_fit,5561,1,0,COMPLETED_STDOUT_ORDER_PLUS_PINNED_NATIVE_LOOP
REFIT4,56,second_fit,5562,1,0,COMPLETED_STDOUT_ORDER_PLUS_PINNED_NATIVE_LOOP
REFIT4,56,second_fit,5563,1,0,COMPLETED_STDOUT_ORDER_PLUS_PINNED_NATIVE_LOOP
REFIT4,56,second_fit,5564,1,0,COMPLETED_STDOUT_ORDER_PLUS_PINNED_NATIVE_LOOP
REFIT4,56,second_fit,5565,1,0,COMPLETED_STDOUT_ORDER_PLUS_PINNED_NATIVE_LOOP
REFIT4,56,second_fit,5566,1,0,COMPLETED_STDOUT_ORDER_PLUS_PINNED_NATIVE_LOOP
REFIT4,56,second_fit,5567,1,0,COMPLETED_STDOUT_ORDER_PLUS_PINNED_NATIVE_LOOP
REFIT4,56,second_fit,5568,1,0,COMPLETED_STDOUT_ORDER_PLUS_PINNED_NATIVE_LOOP
REFIT4,56,second_fit,5569,1,0,COMPLETED_STDOUT_ORDER_PLUS_PINNED_NATIVE_LOOP
REFIT4,56,second_fit,5570,25,24,COMPLETED_STDOUT_ORDER_PLUS_PINNED_NATIVE_LOOP
REFIT4,56,second_fit,5571,1,0,COMPLETED_STDOUT_ORDER_PLUS_PINNED_NATIVE_LOOP
REFIT4,56,second_fit,5572,25,24,COMPLETED_STDOUT_ORDER_PLUS_PINNED_NATIVE_LOOP
REFIT4,56,second_fit,5573,1,0,COMPLETED_STDOUT_ORDER_PLUS_PINNED_NATIVE_LOOP
REFIT4,56,second_fit,5574,1,0,COMPLETED_STDOUT_ORDER_PLUS_PINNED_NATIVE_LOOP
REFIT4,56,second_fit,5575,1,0,COMPLETED_STDOUT_ORDER_PLUS_PINNED_NATIVE_LOOP
REFIT4,56,second_fit,5576,1,0,COMPLETED_STDOUT_ORDER_PLUS_PINNED_NATIVE_LOOP
REFIT4,56,second_fit,5577,1,0,COMPLETED_STDOUT_ORDER_PLUS_PINNED_NATIVE_LOOP
REFIT4,56,second_fit,5578,1,0,COMPLETED_STDOUT_ORDER_PLUS_PINNED_NATIVE_LOOP
REFIT4,56,second_fit,5579,25,24,COMPLETED_STDOUT_ORDER_PLUS_PINNED_NATIVE_LOOP
REFIT4,56,second_fit,5580,25,24,COMPLETED_STDOUT_ORDER_PLUS_PINNED_NATIVE_LOOP
REFIT4,56,second_fit,5581,1,0,COMPLETED_STDOUT_ORDER_PLUS_PINNED_NATIVE_LOOP
REFIT4,56,second_fit,5582,1,0,COMPLETED_STDOUT_ORDER_PLUS_PINNED_NATIVE_LOOP
REFIT4,56,second_fit,5583,1,0,COMPLETED_STDOUT_ORDER_PLUS_PINNED_NATIVE_LOOP
REFIT4,56,second_fit,5584,1,0,COMPLETED_STDOUT_ORDER_PLUS_PINNED_NATIVE_LOOP
REFIT4,56,second_fit,5585,25,24,COMPLETED_STDOUT_ORDER_PLUS_PINNED_NATIVE_LOOP
REFIT4,56,second_fit,5586,1,0,COMPLETED_STDOUT_ORDER_PLUS_PINNED_NATIVE_LOOP
REFIT4,56,second_fit,5587,1,0,COMPLETED_STDOUT_ORDER_PLUS_PINNED_NATIVE_LOOP
REFIT4,56,second_fit,5588,1,0,COMPLETED_STDOUT_ORDER_PLUS_PINNED_NATIVE_LOOP
REFIT4,56,second_fit,5589,25,24,COMPLETED_STDOUT_ORDER_PLUS_PINNED_NATIVE_LOOP
REFIT4,56,second_fit,5590,1,0,COMPLETED_STDOUT_ORDER_PLUS_PINNED_NATIVE_LOOP
REFIT4,56,second_fit,5591,1,0,COMPLETED_STDOUT_ORDER_PLUS_PINNED_NATIVE_LOOP
REFIT4,56,second_fit,5592,1,0,COMPLETED_STDOUT_ORDER_PLUS_PINNED_NATIVE_LOOP
REFIT4,56,second_fit,5593,1,0,COMPLETED_STDOUT_ORDER_PLUS_PINNED_NATIVE_LOOP
REFIT4,56,second_fit,5594,1,0,COMPLETED_STDOUT_ORDER_PLUS_PINNED_NATIVE_LOOP
REFIT4,56,second_fit,5595,1,0,COMPLETED_STDOUT_ORDER_PLUS_PINNED_NATIVE_LOOP
REFIT4,56,second_fit,5596,25,24,COMPLETED_STDOUT_ORDER_PLUS_PINNED_NATIVE_LOOP
REFIT4,56,second_fit,5597,1,0,COMPLETED_STDOUT_ORDER_PLUS_PINNED_NATIVE_LOOP
REFIT4,56,second_fit,5598,1,0,COMPLETED_STDOUT_ORDER_PLUS_PINNED_NATIVE_LOOP
REFIT4,56,second_fit,5599,25,24,COMPLETED_STDOUT_ORDER_PLUS_PINNED_NATIVE_LOOP
REFIT4,57,first_fit,5600,25,24,COMPLETED_STDOUT_ORDER_PLUS_PINNED_NATIVE_LOOP
REFIT4,57,first_fit,5601,25,24,COMPLETED_STDOUT_ORDER_PLUS_PINNED_NATIVE_LOOP
REFIT4,57,first_fit,5602,25,24,COMPLETED_STDOUT_ORDER_PLUS_PINNED_NATIVE_LOOP
REFIT4,57,first_fit,5603,25,24,COMPLETED_STDOUT_ORDER_PLUS_PINNED_NATIVE_LOOP
REFIT4,57,first_fit,5604,25,24,COMPLETED_STDOUT_ORDER_PLUS_PINNED_NATIVE_LOOP
REFIT4,57,first_fit,5605,25,24,COMPLETED_STDOUT_ORDER_PLUS_PINNED_NATIVE_LOOP
REFIT4,57,first_fit,5606,25,24,COMPLETED_STDOUT_ORDER_PLUS_PINNED_NATIVE_LOOP
REFIT4,57,first_fit,5607,25,24,COMPLETED_STDOUT_ORDER_PLUS_PINNED_NATIVE_LOOP
REFIT4,57,first_fit,5608,25,24,COMPLETED_STDOUT_ORDER_PLUS_PINNED_NATIVE_LOOP
REFIT4,57,first_fit,5609,25,24,COMPLETED_STDOUT_ORDER_PLUS_PINNED_NATIVE_LOOP
REFIT4,57,first_fit,5610,25,24,COMPLETED_STDOUT_ORDER_PLUS_PINNED_NATIVE_LOOP
REFIT4,57,first_fit,5611,25,24,COMPLETED_STDOUT_ORDER_PLUS_PINNED_NATIVE_LOOP
REFIT4,57,first_fit,5612,25,24,COMPLETED_STDOUT_ORDER_PLUS_PINNED_NATIVE_LOOP
REFIT4,57,first_fit,5613,25,24,COMPLETED_STDOUT_ORDER_PLUS_PINNED_NATIVE_LOOP
REFIT4,57,first_fit,5614,25,24,COMPLETED_STDOUT_ORDER_PLUS_PINNED_NATIVE_LOOP
REFIT4,57,first_fit,5615,25,24,COMPLETED_STDOUT_ORDER_PLUS_PINNED_NATIVE_LOOP
REFIT4,57,first_fit,5616,25,24,COMPLETED_STDOUT_ORDER_PLUS_PINNED_NATIVE_LOOP
REFIT4,57,first_fit,5617,25,24,COMPLETED_STDOUT_ORDER_PLUS_PINNED_NATIVE_LOOP
REFIT4,57,first_fit,5618,25,24,COMPLETED_STDOUT_ORDER_PLUS_PINNED_NATIVE_LOOP
REFIT4,57,first_fit,5619,25,24,COMPLETED_STDOUT_ORDER_PLUS_PINNED_NATIVE_LOOP
REFIT4,57,first_fit,5620,25,24,COMPLETED_STDOUT_ORDER_PLUS_PINNED_NATIVE_LOOP
REFIT4,57,first_fit,5621,25,24,COMPLETED_STDOUT_ORDER_PLUS_PINNED_NATIVE_LOOP
REFIT4,57,first_fit,5622,25,24,COMPLETED_STDOUT_ORDER_PLUS_PINNED_NATIVE_LOOP
REFIT4,57,first_fit,5623,25,24,COMPLETED_STDOUT_ORDER_PLUS_PINNED_NATIVE_LOOP
REFIT4,57,first_fit,5624,25,24,COMPLETED_STDOUT_ORDER_PLUS_PINNED_NATIVE_LOOP
REFIT4,57,first_fit,5625,25,24,COMPLETED_STDOUT_ORDER_PLUS_PINNED_NATIVE_LOOP
REFIT4,57,first_fit,5626,25,24,COMPLETED_STDOUT_ORDER_PLUS_PINNED_NATIVE_LOOP
REFIT4,57,first_fit,5627,25,24,COMPLETED_STDOUT_ORDER_PLUS_PINNED_NATIVE_LOOP
REFIT4,57,first_fit,5628,25,24,COMPLETED_STDOUT_ORDER_PLUS_PINNED_NATIVE_LOOP
REFIT4,57,first_fit,5629,25,24,COMPLETED_STDOUT_ORDER_PLUS_PINNED_NATIVE_LOOP
REFIT4,57,first_fit,5630,25,24,COMPLETED_STDOUT_ORDER_PLUS_PINNED_NATIVE_LOOP
REFIT4,57,first_fit,5631,25,24,COMPLETED_STDOUT_ORDER_PLUS_PINNED_NATIVE_LOOP
REFIT4,57,first_fit,5632,25,24,COMPLETED_STDOUT_ORDER_PLUS_PINNED_NATIVE_LOOP
REFIT4,57,first_fit,5633,25,24,COMPLETED_STDOUT_ORDER_PLUS_PINNED_NATIVE_LOOP
REFIT4,57,first_fit,5634,25,24,COMPLETED_STDOUT_ORDER_PLUS_PINNED_NATIVE_LOOP
REFIT4,57,first_fit,5635,25,24,COMPLETED_STDOUT_ORDER_PLUS_PINNED_NATIVE_LOOP
REFIT4,57,first_fit,5636,25,24,COMPLETED_STDOUT_ORDER_PLUS_PINNED_NATIVE_LOOP
REFIT4,57,first_fit,5637,25,24,COMPLETED_STDOUT_ORDER_PLUS_PINNED_NATIVE_LOOP
REFIT4,57,first_fit,5638,25,24,COMPLETED_STDOUT_ORDER_PLUS_PINNED_NATIVE_LOOP
REFIT4,57,first_fit,5639,25,24,COMPLETED_STDOUT_ORDER_PLUS_PINNED_NATIVE_LOOP
REFIT4,57,first_fit,5640,25,24,COMPLETED_STDOUT_ORDER_PLUS_PINNED_NATIVE_LOOP
REFIT4,57,first_fit,5641,25,24,COMPLETED_STDOUT_ORDER_PLUS_PINNED_NATIVE_LOOP
REFIT4,57,first_fit,5642,25,24,COMPLETED_STDOUT_ORDER_PLUS_PINNED_NATIVE_LOOP
REFIT4,57,first_fit,5643,25,24,COMPLETED_STDOUT_ORDER_PLUS_PINNED_NATIVE_LOOP
REFIT4,57,first_fit,5644,25,24,COMPLETED_STDOUT_ORDER_PLUS_PINNED_NATIVE_LOOP
REFIT4,57,first_fit,5645,25,24,COMPLETED_STDOUT_ORDER_PLUS_PINNED_NATIVE_LOOP
REFIT4,57,first_fit,5646,25,24,COMPLETED_STDOUT_ORDER_PLUS_PINNED_NATIVE_LOOP
REFIT4,57,first_fit,5647,25,24,COMPLETED_STDOUT_ORDER_PLUS_PINNED_NATIVE_LOOP
REFIT4,57,first_fit,5648,25,24,COMPLETED_STDOUT_ORDER_PLUS_PINNED_NATIVE_LOOP
REFIT4,57,first_fit,5649,25,24,COMPLETED_STDOUT_ORDER_PLUS_PINNED_NATIVE_LOOP
REFIT4,57,first_fit,5650,25,24,COMPLETED_STDOUT_ORDER_PLUS_PINNED_NATIVE_LOOP
REFIT4,57,first_fit,5651,25,24,COMPLETED_STDOUT_ORDER_PLUS_PINNED_NATIVE_LOOP
REFIT4,57,first_fit,5652,25,24,COMPLETED_STDOUT_ORDER_PLUS_PINNED_NATIVE_LOOP
REFIT4,57,first_fit,5653,25,24,COMPLETED_STDOUT_ORDER_PLUS_PINNED_NATIVE_LOOP
REFIT4,57,first_fit,5654,25,24,COMPLETED_STDOUT_ORDER_PLUS_PINNED_NATIVE_LOOP
REFIT4,57,first_fit,5655,25,24,COMPLETED_STDOUT_ORDER_PLUS_PINNED_NATIVE_LOOP
REFIT4,57,first_fit,5656,25,24,COMPLETED_STDOUT_ORDER_PLUS_PINNED_NATIVE_LOOP
REFIT4,57,first_fit,5657,25,24,COMPLETED_STDOUT_ORDER_PLUS_PINNED_NATIVE_LOOP
REFIT4,57,first_fit,5658,25,24,COMPLETED_STDOUT_ORDER_PLUS_PINNED_NATIVE_LOOP
REFIT4,57,first_fit,5659,25,24,COMPLETED_STDOUT_ORDER_PLUS_PINNED_NATIVE_LOOP
REFIT4,57,first_fit,5660,25,24,COMPLETED_STDOUT_ORDER_PLUS_PINNED_NATIVE_LOOP
REFIT4,57,first_fit,5661,25,24,COMPLETED_STDOUT_ORDER_PLUS_PINNED_NATIVE_LOOP
REFIT4,57,first_fit,5662,25,24,COMPLETED_STDOUT_ORDER_PLUS_PINNED_NATIVE_LOOP
REFIT4,57,first_fit,5663,25,24,COMPLETED_STDOUT_ORDER_PLUS_PINNED_NATIVE_LOOP
REFIT4,57,first_fit,5664,25,24,COMPLETED_STDOUT_ORDER_PLUS_PINNED_NATIVE_LOOP
REFIT4,57,first_fit,5665,25,24,COMPLETED_STDOUT_ORDER_PLUS_PINNED_NATIVE_LOOP
REFIT4,57,first_fit,5666,25,24,COMPLETED_STDOUT_ORDER_PLUS_PINNED_NATIVE_LOOP
REFIT4,57,first_fit,5667,25,24,COMPLETED_STDOUT_ORDER_PLUS_PINNED_NATIVE_LOOP
REFIT4,57,first_fit,5668,25,24,COMPLETED_STDOUT_ORDER_PLUS_PINNED_NATIVE_LOOP
REFIT4,57,first_fit,5669,25,24,COMPLETED_STDOUT_ORDER_PLUS_PINNED_NATIVE_LOOP
REFIT4,57,first_fit,5670,25,24,COMPLETED_STDOUT_ORDER_PLUS_PINNED_NATIVE_LOOP
REFIT4,57,first_fit,5671,25,24,COMPLETED_STDOUT_ORDER_PLUS_PINNED_NATIVE_LOOP
REFIT4,57,first_fit,5672,25,24,COMPLETED_STDOUT_ORDER_PLUS_PINNED_NATIVE_LOOP
REFIT4,57,first_fit,5673,25,24,COMPLETED_STDOUT_ORDER_PLUS_PINNED_NATIVE_LOOP
REFIT4,57,first_fit,5674,25,24,COMPLETED_STDOUT_ORDER_PLUS_PINNED_NATIVE_LOOP
REFIT4,57,first_fit,5675,25,24,COMPLETED_STDOUT_ORDER_PLUS_PINNED_NATIVE_LOOP
REFIT4,57,first_fit,5676,25,24,COMPLETED_STDOUT_ORDER_PLUS_PINNED_NATIVE_LOOP
REFIT4,57,first_fit,5677,25,24,COMPLETED_STDOUT_ORDER_PLUS_PINNED_NATIVE_LOOP
REFIT4,57,first_fit,5678,25,24,COMPLETED_STDOUT_ORDER_PLUS_PINNED_NATIVE_LOOP
REFIT4,57,first_fit,5679,25,24,COMPLETED_STDOUT_ORDER_PLUS_PINNED_NATIVE_LOOP
REFIT4,57,first_fit,5680,25,24,COMPLETED_STDOUT_ORDER_PLUS_PINNED_NATIVE_LOOP
REFIT4,57,first_fit,5681,25,24,COMPLETED_STDOUT_ORDER_PLUS_PINNED_NATIVE_LOOP
REFIT4,57,first_fit,5682,25,24,COMPLETED_STDOUT_ORDER_PLUS_PINNED_NATIVE_LOOP
REFIT4,57,first_fit,5683,25,24,COMPLETED_STDOUT_ORDER_PLUS_PINNED_NATIVE_LOOP
REFIT4,57,first_fit,5684,25,24,COMPLETED_STDOUT_ORDER_PLUS_PINNED_NATIVE_LOOP
REFIT4,57,first_fit,5685,25,24,COMPLETED_STDOUT_ORDER_PLUS_PINNED_NATIVE_LOOP
REFIT4,57,first_fit,5686,25,24,COMPLETED_STDOUT_ORDER_PLUS_PINNED_NATIVE_LOOP
REFIT4,57,first_fit,5687,25,24,COMPLETED_STDOUT_ORDER_PLUS_PINNED_NATIVE_LOOP
REFIT4,57,first_fit,5688,25,24,COMPLETED_STDOUT_ORDER_PLUS_PINNED_NATIVE_LOOP
REFIT4,57,first_fit,5689,25,24,COMPLETED_STDOUT_ORDER_PLUS_PINNED_NATIVE_LOOP
REFIT4,57,first_fit,5690,25,24,COMPLETED_STDOUT_ORDER_PLUS_PINNED_NATIVE_LOOP
REFIT4,57,first_fit,5691,25,24,COMPLETED_STDOUT_ORDER_PLUS_PINNED_NATIVE_LOOP
REFIT4,57,first_fit,5692,25,24,COMPLETED_STDOUT_ORDER_PLUS_PINNED_NATIVE_LOOP
REFIT4,57,first_fit,5693,25,24,COMPLETED_STDOUT_ORDER_PLUS_PINNED_NATIVE_LOOP
REFIT4,57,first_fit,5694,25,24,COMPLETED_STDOUT_ORDER_PLUS_PINNED_NATIVE_LOOP
REFIT4,57,first_fit,5695,25,24,COMPLETED_STDOUT_ORDER_PLUS_PINNED_NATIVE_LOOP
REFIT4,57,first_fit,5696,25,24,COMPLETED_STDOUT_ORDER_PLUS_PINNED_NATIVE_LOOP
REFIT4,57,first_fit,5697,25,24,COMPLETED_STDOUT_ORDER_PLUS_PINNED_NATIVE_LOOP
REFIT4,57,first_fit,5698,25,24,COMPLETED_STDOUT_ORDER_PLUS_PINNED_NATIVE_LOOP
REFIT4,57,first_fit,5699,25,24,COMPLETED_STDOUT_ORDER_PLUS_PINNED_NATIVE_LOOP
REFIT4,57,second_fit,5600,1,0,COMPLETED_STDOUT_ORDER_PLUS_PINNED_NATIVE_LOOP
REFIT4,57,second_fit,5601,1,0,COMPLETED_STDOUT_ORDER_PLUS_PINNED_NATIVE_LOOP
REFIT4,57,second_fit,5602,25,24,COMPLETED_STDOUT_ORDER_PLUS_PINNED_NATIVE_LOOP
REFIT4,57,second_fit,5603,1,0,COMPLETED_STDOUT_ORDER_PLUS_PINNED_NATIVE_LOOP
REFIT4,57,second_fit,5604,1,0,COMPLETED_STDOUT_ORDER_PLUS_PINNED_NATIVE_LOOP
REFIT4,57,second_fit,5605,1,0,COMPLETED_STDOUT_ORDER_PLUS_PINNED_NATIVE_LOOP
REFIT4,57,second_fit,5606,1,0,COMPLETED_STDOUT_ORDER_PLUS_PINNED_NATIVE_LOOP
REFIT4,57,second_fit,5607,1,0,COMPLETED_STDOUT_ORDER_PLUS_PINNED_NATIVE_LOOP
REFIT4,57,second_fit,5608,1,0,COMPLETED_STDOUT_ORDER_PLUS_PINNED_NATIVE_LOOP
REFIT4,57,second_fit,5609,1,0,COMPLETED_STDOUT_ORDER_PLUS_PINNED_NATIVE_LOOP
REFIT4,57,second_fit,5610,1,0,COMPLETED_STDOUT_ORDER_PLUS_PINNED_NATIVE_LOOP
REFIT4,57,second_fit,5611,1,0,COMPLETED_STDOUT_ORDER_PLUS_PINNED_NATIVE_LOOP
REFIT4,57,second_fit,5612,1,0,COMPLETED_STDOUT_ORDER_PLUS_PINNED_NATIVE_LOOP
REFIT4,57,second_fit,5613,1,0,COMPLETED_STDOUT_ORDER_PLUS_PINNED_NATIVE_LOOP
REFIT4,57,second_fit,5614,1,0,COMPLETED_STDOUT_ORDER_PLUS_PINNED_NATIVE_LOOP
REFIT4,57,second_fit,5615,25,24,COMPLETED_STDOUT_ORDER_PLUS_PINNED_NATIVE_LOOP
REFIT4,57,second_fit,5616,1,0,COMPLETED_STDOUT_ORDER_PLUS_PINNED_NATIVE_LOOP
REFIT4,57,second_fit,5617,1,0,COMPLETED_STDOUT_ORDER_PLUS_PINNED_NATIVE_LOOP
REFIT4,57,second_fit,5618,1,0,COMPLETED_STDOUT_ORDER_PLUS_PINNED_NATIVE_LOOP
REFIT4,57,second_fit,5619,1,0,COMPLETED_STDOUT_ORDER_PLUS_PINNED_NATIVE_LOOP
REFIT4,57,second_fit,5620,1,0,COMPLETED_STDOUT_ORDER_PLUS_PINNED_NATIVE_LOOP
REFIT4,57,second_fit,5621,1,0,COMPLETED_STDOUT_ORDER_PLUS_PINNED_NATIVE_LOOP
REFIT4,57,second_fit,5622,1,0,COMPLETED_STDOUT_ORDER_PLUS_PINNED_NATIVE_LOOP
REFIT4,57,second_fit,5623,1,0,COMPLETED_STDOUT_ORDER_PLUS_PINNED_NATIVE_LOOP
REFIT4,57,second_fit,5624,25,24,COMPLETED_STDOUT_ORDER_PLUS_PINNED_NATIVE_LOOP
REFIT4,57,second_fit,5625,25,24,COMPLETED_STDOUT_ORDER_PLUS_PINNED_NATIVE_LOOP
REFIT4,57,second_fit,5626,25,24,COMPLETED_STDOUT_ORDER_PLUS_PINNED_NATIVE_LOOP
REFIT4,57,second_fit,5627,25,24,COMPLETED_STDOUT_ORDER_PLUS_PINNED_NATIVE_LOOP
REFIT4,57,second_fit,5628,1,0,COMPLETED_STDOUT_ORDER_PLUS_PINNED_NATIVE_LOOP
REFIT4,57,second_fit,5629,1,0,COMPLETED_STDOUT_ORDER_PLUS_PINNED_NATIVE_LOOP
REFIT4,57,second_fit,5630,1,0,COMPLETED_STDOUT_ORDER_PLUS_PINNED_NATIVE_LOOP
REFIT4,57,second_fit,5631,25,24,COMPLETED_STDOUT_ORDER_PLUS_PINNED_NATIVE_LOOP
REFIT4,57,second_fit,5632,1,0,COMPLETED_STDOUT_ORDER_PLUS_PINNED_NATIVE_LOOP
REFIT4,57,second_fit,5633,1,0,COMPLETED_STDOUT_ORDER_PLUS_PINNED_NATIVE_LOOP
REFIT4,57,second_fit,5634,1,0,COMPLETED_STDOUT_ORDER_PLUS_PINNED_NATIVE_LOOP
REFIT4,57,second_fit,5635,1,0,COMPLETED_STDOUT_ORDER_PLUS_PINNED_NATIVE_LOOP
REFIT4,57,second_fit,5636,1,0,COMPLETED_STDOUT_ORDER_PLUS_PINNED_NATIVE_LOOP
REFIT4,57,second_fit,5637,1,0,COMPLETED_STDOUT_ORDER_PLUS_PINNED_NATIVE_LOOP
REFIT4,57,second_fit,5638,1,0,COMPLETED_STDOUT_ORDER_PLUS_PINNED_NATIVE_LOOP
REFIT4,57,second_fit,5639,1,0,COMPLETED_STDOUT_ORDER_PLUS_PINNED_NATIVE_LOOP
REFIT4,57,second_fit,5640,1,0,COMPLETED_STDOUT_ORDER_PLUS_PINNED_NATIVE_LOOP
REFIT4,57,second_fit,5641,1,0,COMPLETED_STDOUT_ORDER_PLUS_PINNED_NATIVE_LOOP
REFIT4,57,second_fit,5642,1,0,COMPLETED_STDOUT_ORDER_PLUS_PINNED_NATIVE_LOOP
REFIT4,57,second_fit,5643,25,24,COMPLETED_STDOUT_ORDER_PLUS_PINNED_NATIVE_LOOP
REFIT4,57,second_fit,5644,1,0,COMPLETED_STDOUT_ORDER_PLUS_PINNED_NATIVE_LOOP
REFIT4,57,second_fit,5645,1,0,COMPLETED_STDOUT_ORDER_PLUS_PINNED_NATIVE_LOOP
REFIT4,57,second_fit,5646,1,0,COMPLETED_STDOUT_ORDER_PLUS_PINNED_NATIVE_LOOP
REFIT4,57,second_fit,5647,1,0,COMPLETED_STDOUT_ORDER_PLUS_PINNED_NATIVE_LOOP
REFIT4,57,second_fit,5648,1,0,COMPLETED_STDOUT_ORDER_PLUS_PINNED_NATIVE_LOOP
REFIT4,57,second_fit,5649,1,0,COMPLETED_STDOUT_ORDER_PLUS_PINNED_NATIVE_LOOP
REFIT4,57,second_fit,5650,1,0,COMPLETED_STDOUT_ORDER_PLUS_PINNED_NATIVE_LOOP
REFIT4,57,second_fit,5651,1,0,COMPLETED_STDOUT_ORDER_PLUS_PINNED_NATIVE_LOOP
REFIT4,57,second_fit,5652,1,0,COMPLETED_STDOUT_ORDER_PLUS_PINNED_NATIVE_LOOP
REFIT4,57,second_fit,5653,1,0,COMPLETED_STDOUT_ORDER_PLUS_PINNED_NATIVE_LOOP
REFIT4,57,second_fit,5654,1,0,COMPLETED_STDOUT_ORDER_PLUS_PINNED_NATIVE_LOOP
REFIT4,57,second_fit,5655,1,0,COMPLETED_STDOUT_ORDER_PLUS_PINNED_NATIVE_LOOP
REFIT4,57,second_fit,5656,1,0,COMPLETED_STDOUT_ORDER_PLUS_PINNED_NATIVE_LOOP
REFIT4,57,second_fit,5657,1,0,COMPLETED_STDOUT_ORDER_PLUS_PINNED_NATIVE_LOOP
REFIT4,57,second_fit,5658,1,0,COMPLETED_STDOUT_ORDER_PLUS_PINNED_NATIVE_LOOP
REFIT4,57,second_fit,5659,25,24,COMPLETED_STDOUT_ORDER_PLUS_PINNED_NATIVE_LOOP
REFIT4,57,second_fit,5660,1,0,COMPLETED_STDOUT_ORDER_PLUS_PINNED_NATIVE_LOOP
REFIT4,57,second_fit,5661,1,0,COMPLETED_STDOUT_ORDER_PLUS_PINNED_NATIVE_LOOP
REFIT4,57,second_fit,5662,1,0,COMPLETED_STDOUT_ORDER_PLUS_PINNED_NATIVE_LOOP
REFIT4,57,second_fit,5663,25,24,COMPLETED_STDOUT_ORDER_PLUS_PINNED_NATIVE_LOOP
REFIT4,57,second_fit,5664,1,0,COMPLETED_STDOUT_ORDER_PLUS_PINNED_NATIVE_LOOP
REFIT4,57,second_fit,5665,25,24,COMPLETED_STDOUT_ORDER_PLUS_PINNED_NATIVE_LOOP
REFIT4,57,second_fit,5666,1,0,COMPLETED_STDOUT_ORDER_PLUS_PINNED_NATIVE_LOOP
REFIT4,57,second_fit,5667,1,0,COMPLETED_STDOUT_ORDER_PLUS_PINNED_NATIVE_LOOP
REFIT4,57,second_fit,5668,1,0,COMPLETED_STDOUT_ORDER_PLUS_PINNED_NATIVE_LOOP
REFIT4,57,second_fit,5669,1,0,COMPLETED_STDOUT_ORDER_PLUS_PINNED_NATIVE_LOOP
REFIT4,57,second_fit,5670,1,0,COMPLETED_STDOUT_ORDER_PLUS_PINNED_NATIVE_LOOP
REFIT4,57,second_fit,5671,1,0,COMPLETED_STDOUT_ORDER_PLUS_PINNED_NATIVE_LOOP
REFIT4,57,second_fit,5672,22,21,COMPLETED_STDOUT_ORDER_PLUS_PINNED_NATIVE_LOOP
REFIT4,57,second_fit,5673,1,0,COMPLETED_STDOUT_ORDER_PLUS_PINNED_NATIVE_LOOP
REFIT4,57,second_fit,5674,1,0,COMPLETED_STDOUT_ORDER_PLUS_PINNED_NATIVE_LOOP
REFIT4,57,second_fit,5675,1,0,COMPLETED_STDOUT_ORDER_PLUS_PINNED_NATIVE_LOOP
REFIT4,57,second_fit,5676,1,0,COMPLETED_STDOUT_ORDER_PLUS_PINNED_NATIVE_LOOP
REFIT4,57,second_fit,5677,1,0,COMPLETED_STDOUT_ORDER_PLUS_PINNED_NATIVE_LOOP
REFIT4,57,second_fit,5678,1,0,COMPLETED_STDOUT_ORDER_PLUS_PINNED_NATIVE_LOOP
REFIT4,57,second_fit,5679,25,24,COMPLETED_STDOUT_ORDER_PLUS_PINNED_NATIVE_LOOP
REFIT4,57,second_fit,5680,1,0,COMPLETED_STDOUT_ORDER_PLUS_PINNED_NATIVE_LOOP
REFIT4,57,second_fit,5681,1,0,COMPLETED_STDOUT_ORDER_PLUS_PINNED_NATIVE_LOOP
REFIT4,57,second_fit,5682,1,0,COMPLETED_STDOUT_ORDER_PLUS_PINNED_NATIVE_LOOP
REFIT4,57,second_fit,5683,1,0,COMPLETED_STDOUT_ORDER_PLUS_PINNED_NATIVE_LOOP
REFIT4,57,second_fit,5684,1,0,COMPLETED_STDOUT_ORDER_PLUS_PINNED_NATIVE_LOOP
REFIT4,57,second_fit,5685,25,24,COMPLETED_STDOUT_ORDER_PLUS_PINNED_NATIVE_LOOP
REFIT4,57,second_fit,5686,1,0,COMPLETED_STDOUT_ORDER_PLUS_PINNED_NATIVE_LOOP
REFIT4,57,second_fit,5687,1,0,COMPLETED_STDOUT_ORDER_PLUS_PINNED_NATIVE_LOOP
REFIT4,57,second_fit,5688,1,0,COMPLETED_STDOUT_ORDER_PLUS_PINNED_NATIVE_LOOP
REFIT4,57,second_fit,5689,1,0,COMPLETED_STDOUT_ORDER_PLUS_PINNED_NATIVE_LOOP
REFIT4,57,second_fit,5690,1,0,COMPLETED_STDOUT_ORDER_PLUS_PINNED_NATIVE_LOOP
REFIT4,57,second_fit,5691,1,0,COMPLETED_STDOUT_ORDER_PLUS_PINNED_NATIVE_LOOP
REFIT4,57,second_fit,5692,25,24,COMPLETED_STDOUT_ORDER_PLUS_PINNED_NATIVE_LOOP
REFIT4,57,second_fit,5693,1,0,COMPLETED_STDOUT_ORDER_PLUS_PINNED_NATIVE_LOOP
REFIT4,57,second_fit,5694,1,0,COMPLETED_STDOUT_ORDER_PLUS_PINNED_NATIVE_LOOP
REFIT4,57,second_fit,5695,1,0,COMPLETED_STDOUT_ORDER_PLUS_PINNED_NATIVE_LOOP
REFIT4,57,second_fit,5696,25,24,COMPLETED_STDOUT_ORDER_PLUS_PINNED_NATIVE_LOOP
REFIT4,57,second_fit,5697,25,24,COMPLETED_STDOUT_ORDER_PLUS_PINNED_NATIVE_LOOP
REFIT4,57,second_fit,5698,1,0,COMPLETED_STDOUT_ORDER_PLUS_PINNED_NATIVE_LOOP
REFIT4,57,second_fit,5699,25,24,COMPLETED_STDOUT_ORDER_PLUS_PINNED_NATIVE_LOOP
REFIT4,58,first_fit,5700,25,24,COMPLETED_STDOUT_ORDER_PLUS_PINNED_NATIVE_LOOP
REFIT4,58,first_fit,5701,25,24,COMPLETED_STDOUT_ORDER_PLUS_PINNED_NATIVE_LOOP
REFIT4,58,first_fit,5702,25,24,COMPLETED_STDOUT_ORDER_PLUS_PINNED_NATIVE_LOOP
REFIT4,58,first_fit,5703,25,24,COMPLETED_STDOUT_ORDER_PLUS_PINNED_NATIVE_LOOP
REFIT4,58,first_fit,5704,25,24,COMPLETED_STDOUT_ORDER_PLUS_PINNED_NATIVE_LOOP
REFIT4,58,first_fit,5705,25,24,COMPLETED_STDOUT_ORDER_PLUS_PINNED_NATIVE_LOOP
REFIT4,58,first_fit,5706,25,24,COMPLETED_STDOUT_ORDER_PLUS_PINNED_NATIVE_LOOP
REFIT4,58,first_fit,5707,25,24,COMPLETED_STDOUT_ORDER_PLUS_PINNED_NATIVE_LOOP
REFIT4,58,first_fit,5708,25,24,COMPLETED_STDOUT_ORDER_PLUS_PINNED_NATIVE_LOOP
REFIT4,58,first_fit,5709,25,24,COMPLETED_STDOUT_ORDER_PLUS_PINNED_NATIVE_LOOP
REFIT4,58,first_fit,5710,25,24,COMPLETED_STDOUT_ORDER_PLUS_PINNED_NATIVE_LOOP
REFIT4,58,first_fit,5711,25,24,COMPLETED_STDOUT_ORDER_PLUS_PINNED_NATIVE_LOOP
REFIT4,58,first_fit,5712,25,24,COMPLETED_STDOUT_ORDER_PLUS_PINNED_NATIVE_LOOP
REFIT4,58,first_fit,5713,25,24,COMPLETED_STDOUT_ORDER_PLUS_PINNED_NATIVE_LOOP
REFIT4,58,first_fit,5714,25,24,COMPLETED_STDOUT_ORDER_PLUS_PINNED_NATIVE_LOOP
REFIT4,58,first_fit,5715,25,24,COMPLETED_STDOUT_ORDER_PLUS_PINNED_NATIVE_LOOP
REFIT4,58,first_fit,5716,25,24,COMPLETED_STDOUT_ORDER_PLUS_PINNED_NATIVE_LOOP
REFIT4,58,first_fit,5717,25,24,COMPLETED_STDOUT_ORDER_PLUS_PINNED_NATIVE_LOOP
REFIT4,58,first_fit,5718,25,24,COMPLETED_STDOUT_ORDER_PLUS_PINNED_NATIVE_LOOP
REFIT4,58,first_fit,5719,25,24,COMPLETED_STDOUT_ORDER_PLUS_PINNED_NATIVE_LOOP
REFIT4,58,first_fit,5720,25,24,COMPLETED_STDOUT_ORDER_PLUS_PINNED_NATIVE_LOOP
REFIT4,58,first_fit,5721,25,24,COMPLETED_STDOUT_ORDER_PLUS_PINNED_NATIVE_LOOP
REFIT4,58,first_fit,5722,25,24,COMPLETED_STDOUT_ORDER_PLUS_PINNED_NATIVE_LOOP
REFIT4,58,first_fit,5723,25,24,COMPLETED_STDOUT_ORDER_PLUS_PINNED_NATIVE_LOOP
REFIT4,58,first_fit,5724,25,24,COMPLETED_STDOUT_ORDER_PLUS_PINNED_NATIVE_LOOP
REFIT4,58,first_fit,5725,25,24,COMPLETED_STDOUT_ORDER_PLUS_PINNED_NATIVE_LOOP
REFIT4,58,first_fit,5726,25,24,COMPLETED_STDOUT_ORDER_PLUS_PINNED_NATIVE_LOOP
REFIT4,58,first_fit,5727,25,24,COMPLETED_STDOUT_ORDER_PLUS_PINNED_NATIVE_LOOP
REFIT4,58,first_fit,5728,25,24,COMPLETED_STDOUT_ORDER_PLUS_PINNED_NATIVE_LOOP
REFIT4,58,first_fit,5729,25,24,COMPLETED_STDOUT_ORDER_PLUS_PINNED_NATIVE_LOOP
REFIT4,58,first_fit,5730,25,24,COMPLETED_STDOUT_ORDER_PLUS_PINNED_NATIVE_LOOP
REFIT4,58,first_fit,5731,25,24,COMPLETED_STDOUT_ORDER_PLUS_PINNED_NATIVE_LOOP
REFIT4,58,first_fit,5732,25,24,COMPLETED_STDOUT_ORDER_PLUS_PINNED_NATIVE_LOOP
REFIT4,58,first_fit,5733,25,24,COMPLETED_STDOUT_ORDER_PLUS_PINNED_NATIVE_LOOP
REFIT4,58,first_fit,5734,25,24,COMPLETED_STDOUT_ORDER_PLUS_PINNED_NATIVE_LOOP
REFIT4,58,first_fit,5735,25,24,COMPLETED_STDOUT_ORDER_PLUS_PINNED_NATIVE_LOOP
REFIT4,58,first_fit,5736,25,24,COMPLETED_STDOUT_ORDER_PLUS_PINNED_NATIVE_LOOP
REFIT4,58,first_fit,5737,25,24,COMPLETED_STDOUT_ORDER_PLUS_PINNED_NATIVE_LOOP
REFIT4,58,first_fit,5738,25,24,COMPLETED_STDOUT_ORDER_PLUS_PINNED_NATIVE_LOOP
REFIT4,58,first_fit,5739,25,24,COMPLETED_STDOUT_ORDER_PLUS_PINNED_NATIVE_LOOP
REFIT4,58,first_fit,5740,25,24,COMPLETED_STDOUT_ORDER_PLUS_PINNED_NATIVE_LOOP
REFIT4,58,first_fit,5741,25,24,COMPLETED_STDOUT_ORDER_PLUS_PINNED_NATIVE_LOOP
REFIT4,58,first_fit,5742,25,24,COMPLETED_STDOUT_ORDER_PLUS_PINNED_NATIVE_LOOP
REFIT4,58,first_fit,5743,25,24,COMPLETED_STDOUT_ORDER_PLUS_PINNED_NATIVE_LOOP
REFIT4,58,first_fit,5744,25,24,COMPLETED_STDOUT_ORDER_PLUS_PINNED_NATIVE_LOOP
REFIT4,58,first_fit,5745,25,24,COMPLETED_STDOUT_ORDER_PLUS_PINNED_NATIVE_LOOP
REFIT4,58,first_fit,5746,25,24,COMPLETED_STDOUT_ORDER_PLUS_PINNED_NATIVE_LOOP
REFIT4,58,first_fit,5747,25,24,COMPLETED_STDOUT_ORDER_PLUS_PINNED_NATIVE_LOOP
REFIT4,58,first_fit,5748,25,24,COMPLETED_STDOUT_ORDER_PLUS_PINNED_NATIVE_LOOP
REFIT4,58,first_fit,5749,25,24,COMPLETED_STDOUT_ORDER_PLUS_PINNED_NATIVE_LOOP
REFIT4,58,first_fit,5750,25,24,COMPLETED_STDOUT_ORDER_PLUS_PINNED_NATIVE_LOOP
REFIT4,58,first_fit,5751,25,24,COMPLETED_STDOUT_ORDER_PLUS_PINNED_NATIVE_LOOP
REFIT4,58,first_fit,5752,25,24,COMPLETED_STDOUT_ORDER_PLUS_PINNED_NATIVE_LOOP
REFIT4,58,first_fit,5753,25,24,COMPLETED_STDOUT_ORDER_PLUS_PINNED_NATIVE_LOOP
REFIT4,58,first_fit,5754,25,24,COMPLETED_STDOUT_ORDER_PLUS_PINNED_NATIVE_LOOP
REFIT4,58,first_fit,5755,25,24,COMPLETED_STDOUT_ORDER_PLUS_PINNED_NATIVE_LOOP
REFIT4,58,first_fit,5756,25,24,COMPLETED_STDOUT_ORDER_PLUS_PINNED_NATIVE_LOOP
REFIT4,58,first_fit,5757,25,24,COMPLETED_STDOUT_ORDER_PLUS_PINNED_NATIVE_LOOP
REFIT4,58,first_fit,5758,25,24,COMPLETED_STDOUT_ORDER_PLUS_PINNED_NATIVE_LOOP
REFIT4,58,first_fit,5759,25,24,COMPLETED_STDOUT_ORDER_PLUS_PINNED_NATIVE_LOOP
REFIT4,58,first_fit,5760,25,24,COMPLETED_STDOUT_ORDER_PLUS_PINNED_NATIVE_LOOP
REFIT4,58,first_fit,5761,25,24,COMPLETED_STDOUT_ORDER_PLUS_PINNED_NATIVE_LOOP
REFIT4,58,first_fit,5762,25,24,COMPLETED_STDOUT_ORDER_PLUS_PINNED_NATIVE_LOOP
REFIT4,58,first_fit,5763,25,24,COMPLETED_STDOUT_ORDER_PLUS_PINNED_NATIVE_LOOP
REFIT4,58,first_fit,5764,25,24,COMPLETED_STDOUT_ORDER_PLUS_PINNED_NATIVE_LOOP
REFIT4,58,first_fit,5765,25,24,COMPLETED_STDOUT_ORDER_PLUS_PINNED_NATIVE_LOOP
REFIT4,58,first_fit,5766,25,24,COMPLETED_STDOUT_ORDER_PLUS_PINNED_NATIVE_LOOP
REFIT4,58,first_fit,5767,25,24,COMPLETED_STDOUT_ORDER_PLUS_PINNED_NATIVE_LOOP
REFIT4,58,first_fit,5768,25,24,COMPLETED_STDOUT_ORDER_PLUS_PINNED_NATIVE_LOOP
REFIT4,58,first_fit,5769,25,24,COMPLETED_STDOUT_ORDER_PLUS_PINNED_NATIVE_LOOP
REFIT4,58,first_fit,5770,25,24,COMPLETED_STDOUT_ORDER_PLUS_PINNED_NATIVE_LOOP
REFIT4,58,first_fit,5771,25,24,COMPLETED_STDOUT_ORDER_PLUS_PINNED_NATIVE_LOOP
REFIT4,58,first_fit,5772,25,24,COMPLETED_STDOUT_ORDER_PLUS_PINNED_NATIVE_LOOP
REFIT4,58,first_fit,5773,25,24,COMPLETED_STDOUT_ORDER_PLUS_PINNED_NATIVE_LOOP
REFIT4,58,first_fit,5774,25,24,COMPLETED_STDOUT_ORDER_PLUS_PINNED_NATIVE_LOOP
REFIT4,58,first_fit,5775,25,24,COMPLETED_STDOUT_ORDER_PLUS_PINNED_NATIVE_LOOP
REFIT4,58,first_fit,5776,25,24,COMPLETED_STDOUT_ORDER_PLUS_PINNED_NATIVE_LOOP
REFIT4,58,first_fit,5777,25,24,COMPLETED_STDOUT_ORDER_PLUS_PINNED_NATIVE_LOOP
REFIT4,58,first_fit,5778,25,24,COMPLETED_STDOUT_ORDER_PLUS_PINNED_NATIVE_LOOP
REFIT4,58,first_fit,5779,25,24,COMPLETED_STDOUT_ORDER_PLUS_PINNED_NATIVE_LOOP
REFIT4,58,first_fit,5780,25,24,COMPLETED_STDOUT_ORDER_PLUS_PINNED_NATIVE_LOOP
REFIT4,58,first_fit,5781,25,24,COMPLETED_STDOUT_ORDER_PLUS_PINNED_NATIVE_LOOP
REFIT4,58,first_fit,5782,25,24,COMPLETED_STDOUT_ORDER_PLUS_PINNED_NATIVE_LOOP
REFIT4,58,first_fit,5783,25,24,COMPLETED_STDOUT_ORDER_PLUS_PINNED_NATIVE_LOOP
REFIT4,58,first_fit,5784,25,24,COMPLETED_STDOUT_ORDER_PLUS_PINNED_NATIVE_LOOP
REFIT4,58,first_fit,5785,25,24,COMPLETED_STDOUT_ORDER_PLUS_PINNED_NATIVE_LOOP
REFIT4,58,first_fit,5786,25,24,COMPLETED_STDOUT_ORDER_PLUS_PINNED_NATIVE_LOOP
REFIT4,58,first_fit,5787,25,24,COMPLETED_STDOUT_ORDER_PLUS_PINNED_NATIVE_LOOP
REFIT4,58,first_fit,5788,25,24,COMPLETED_STDOUT_ORDER_PLUS_PINNED_NATIVE_LOOP
REFIT4,58,first_fit,5789,25,24,COMPLETED_STDOUT_ORDER_PLUS_PINNED_NATIVE_LOOP
REFIT4,58,first_fit,5790,25,24,COMPLETED_STDOUT_ORDER_PLUS_PINNED_NATIVE_LOOP
REFIT4,58,first_fit,5791,25,24,COMPLETED_STDOUT_ORDER_PLUS_PINNED_NATIVE_LOOP
REFIT4,58,first_fit,5792,25,24,COMPLETED_STDOUT_ORDER_PLUS_PINNED_NATIVE_LOOP
REFIT4,58,first_fit,5793,25,24,COMPLETED_STDOUT_ORDER_PLUS_PINNED_NATIVE_LOOP
REFIT4,58,first_fit,5794,25,24,COMPLETED_STDOUT_ORDER_PLUS_PINNED_NATIVE_LOOP
REFIT4,58,first_fit,5795,25,24,COMPLETED_STDOUT_ORDER_PLUS_PINNED_NATIVE_LOOP
REFIT4,58,first_fit,5796,25,24,COMPLETED_STDOUT_ORDER_PLUS_PINNED_NATIVE_LOOP
REFIT4,58,first_fit,5797,25,24,COMPLETED_STDOUT_ORDER_PLUS_PINNED_NATIVE_LOOP
REFIT4,58,first_fit,5798,25,24,COMPLETED_STDOUT_ORDER_PLUS_PINNED_NATIVE_LOOP
REFIT4,58,first_fit,5799,25,24,COMPLETED_STDOUT_ORDER_PLUS_PINNED_NATIVE_LOOP
REFIT4,58,second_fit,5700,25,24,COMPLETED_STDOUT_ORDER_PLUS_PINNED_NATIVE_LOOP
REFIT4,58,second_fit,5701,1,0,COMPLETED_STDOUT_ORDER_PLUS_PINNED_NATIVE_LOOP
REFIT4,58,second_fit,5702,1,0,COMPLETED_STDOUT_ORDER_PLUS_PINNED_NATIVE_LOOP
REFIT4,58,second_fit,5703,25,24,COMPLETED_STDOUT_ORDER_PLUS_PINNED_NATIVE_LOOP
REFIT4,58,second_fit,5704,1,0,COMPLETED_STDOUT_ORDER_PLUS_PINNED_NATIVE_LOOP
REFIT4,58,second_fit,5705,1,0,COMPLETED_STDOUT_ORDER_PLUS_PINNED_NATIVE_LOOP
REFIT4,58,second_fit,5706,25,24,COMPLETED_STDOUT_ORDER_PLUS_PINNED_NATIVE_LOOP
REFIT4,58,second_fit,5707,1,0,COMPLETED_STDOUT_ORDER_PLUS_PINNED_NATIVE_LOOP
REFIT4,58,second_fit,5708,1,0,COMPLETED_STDOUT_ORDER_PLUS_PINNED_NATIVE_LOOP
REFIT4,58,second_fit,5709,1,0,COMPLETED_STDOUT_ORDER_PLUS_PINNED_NATIVE_LOOP
REFIT4,58,second_fit,5710,1,0,COMPLETED_STDOUT_ORDER_PLUS_PINNED_NATIVE_LOOP
REFIT4,58,second_fit,5711,1,0,COMPLETED_STDOUT_ORDER_PLUS_PINNED_NATIVE_LOOP
REFIT4,58,second_fit,5712,1,0,COMPLETED_STDOUT_ORDER_PLUS_PINNED_NATIVE_LOOP
REFIT4,58,second_fit,5713,25,24,COMPLETED_STDOUT_ORDER_PLUS_PINNED_NATIVE_LOOP
REFIT4,58,second_fit,5714,1,0,COMPLETED_STDOUT_ORDER_PLUS_PINNED_NATIVE_LOOP
REFIT4,58,second_fit,5715,1,0,COMPLETED_STDOUT_ORDER_PLUS_PINNED_NATIVE_LOOP
REFIT4,58,second_fit,5716,1,0,COMPLETED_STDOUT_ORDER_PLUS_PINNED_NATIVE_LOOP
REFIT4,58,second_fit,5717,1,0,COMPLETED_STDOUT_ORDER_PLUS_PINNED_NATIVE_LOOP
REFIT4,58,second_fit,5718,1,0,COMPLETED_STDOUT_ORDER_PLUS_PINNED_NATIVE_LOOP
REFIT4,58,second_fit,5719,1,0,COMPLETED_STDOUT_ORDER_PLUS_PINNED_NATIVE_LOOP
REFIT4,58,second_fit,5720,1,0,COMPLETED_STDOUT_ORDER_PLUS_PINNED_NATIVE_LOOP
REFIT4,58,second_fit,5721,1,0,COMPLETED_STDOUT_ORDER_PLUS_PINNED_NATIVE_LOOP
REFIT4,58,second_fit,5722,1,0,COMPLETED_STDOUT_ORDER_PLUS_PINNED_NATIVE_LOOP
REFIT4,58,second_fit,5723,1,0,COMPLETED_STDOUT_ORDER_PLUS_PINNED_NATIVE_LOOP
REFIT4,58,second_fit,5724,1,0,COMPLETED_STDOUT_ORDER_PLUS_PINNED_NATIVE_LOOP
REFIT4,58,second_fit,5725,1,0,COMPLETED_STDOUT_ORDER_PLUS_PINNED_NATIVE_LOOP
REFIT4,58,second_fit,5726,1,0,COMPLETED_STDOUT_ORDER_PLUS_PINNED_NATIVE_LOOP
REFIT4,58,second_fit,5727,1,0,COMPLETED_STDOUT_ORDER_PLUS_PINNED_NATIVE_LOOP
REFIT4,58,second_fit,5728,1,0,COMPLETED_STDOUT_ORDER_PLUS_PINNED_NATIVE_LOOP
REFIT4,58,second_fit,5729,25,24,COMPLETED_STDOUT_ORDER_PLUS_PINNED_NATIVE_LOOP
REFIT4,58,second_fit,5730,1,0,COMPLETED_STDOUT_ORDER_PLUS_PINNED_NATIVE_LOOP
REFIT4,58,second_fit,5731,1,0,COMPLETED_STDOUT_ORDER_PLUS_PINNED_NATIVE_LOOP
REFIT4,58,second_fit,5732,1,0,COMPLETED_STDOUT_ORDER_PLUS_PINNED_NATIVE_LOOP
REFIT4,58,second_fit,5733,1,0,COMPLETED_STDOUT_ORDER_PLUS_PINNED_NATIVE_LOOP
REFIT4,58,second_fit,5734,1,0,COMPLETED_STDOUT_ORDER_PLUS_PINNED_NATIVE_LOOP
REFIT4,58,second_fit,5735,1,0,COMPLETED_STDOUT_ORDER_PLUS_PINNED_NATIVE_LOOP
REFIT4,58,second_fit,5736,1,0,COMPLETED_STDOUT_ORDER_PLUS_PINNED_NATIVE_LOOP
REFIT4,58,second_fit,5737,1,0,COMPLETED_STDOUT_ORDER_PLUS_PINNED_NATIVE_LOOP
REFIT4,58,second_fit,5738,25,24,COMPLETED_STDOUT_ORDER_PLUS_PINNED_NATIVE_LOOP
REFIT4,58,second_fit,5739,25,24,COMPLETED_STDOUT_ORDER_PLUS_PINNED_NATIVE_LOOP
REFIT4,58,second_fit,5740,1,0,COMPLETED_STDOUT_ORDER_PLUS_PINNED_NATIVE_LOOP
REFIT4,58,second_fit,5741,1,0,COMPLETED_STDOUT_ORDER_PLUS_PINNED_NATIVE_LOOP
REFIT4,58,second_fit,5742,1,0,COMPLETED_STDOUT_ORDER_PLUS_PINNED_NATIVE_LOOP
REFIT4,58,second_fit,5743,1,0,COMPLETED_STDOUT_ORDER_PLUS_PINNED_NATIVE_LOOP
REFIT4,58,second_fit,5744,25,24,COMPLETED_STDOUT_ORDER_PLUS_PINNED_NATIVE_LOOP
REFIT4,58,second_fit,5745,1,0,COMPLETED_STDOUT_ORDER_PLUS_PINNED_NATIVE_LOOP
REFIT4,58,second_fit,5746,1,0,COMPLETED_STDOUT_ORDER_PLUS_PINNED_NATIVE_LOOP
REFIT4,58,second_fit,5747,1,0,COMPLETED_STDOUT_ORDER_PLUS_PINNED_NATIVE_LOOP
REFIT4,58,second_fit,5748,1,0,COMPLETED_STDOUT_ORDER_PLUS_PINNED_NATIVE_LOOP
REFIT4,58,second_fit,5749,1,0,COMPLETED_STDOUT_ORDER_PLUS_PINNED_NATIVE_LOOP
REFIT4,58,second_fit,5750,1,0,COMPLETED_STDOUT_ORDER_PLUS_PINNED_NATIVE_LOOP
REFIT4,58,second_fit,5751,1,0,COMPLETED_STDOUT_ORDER_PLUS_PINNED_NATIVE_LOOP
REFIT4,58,second_fit,5752,1,0,COMPLETED_STDOUT_ORDER_PLUS_PINNED_NATIVE_LOOP
REFIT4,58,second_fit,5753,1,0,COMPLETED_STDOUT_ORDER_PLUS_PINNED_NATIVE_LOOP
REFIT4,58,second_fit,5754,1,0,COMPLETED_STDOUT_ORDER_PLUS_PINNED_NATIVE_LOOP
REFIT4,58,second_fit,5755,1,0,COMPLETED_STDOUT_ORDER_PLUS_PINNED_NATIVE_LOOP
REFIT4,58,second_fit,5756,1,0,COMPLETED_STDOUT_ORDER_PLUS_PINNED_NATIVE_LOOP
REFIT4,58,second_fit,5757,1,0,COMPLETED_STDOUT_ORDER_PLUS_PINNED_NATIVE_LOOP
REFIT4,58,second_fit,5758,1,0,COMPLETED_STDOUT_ORDER_PLUS_PINNED_NATIVE_LOOP
REFIT4,58,second_fit,5759,1,0,COMPLETED_STDOUT_ORDER_PLUS_PINNED_NATIVE_LOOP
REFIT4,58,second_fit,5760,1,0,COMPLETED_STDOUT_ORDER_PLUS_PINNED_NATIVE_LOOP
REFIT4,58,second_fit,5761,1,0,COMPLETED_STDOUT_ORDER_PLUS_PINNED_NATIVE_LOOP
REFIT4,58,second_fit,5762,25,24,COMPLETED_STDOUT_ORDER_PLUS_PINNED_NATIVE_LOOP
REFIT4,58,second_fit,5763,25,24,COMPLETED_STDOUT_ORDER_PLUS_PINNED_NATIVE_LOOP
REFIT4,58,second_fit,5764,1,0,COMPLETED_STDOUT_ORDER_PLUS_PINNED_NATIVE_LOOP
REFIT4,58,second_fit,5765,1,0,COMPLETED_STDOUT_ORDER_PLUS_PINNED_NATIVE_LOOP
REFIT4,58,second_fit,5766,1,0,COMPLETED_STDOUT_ORDER_PLUS_PINNED_NATIVE_LOOP
REFIT4,58,second_fit,5767,1,0,COMPLETED_STDOUT_ORDER_PLUS_PINNED_NATIVE_LOOP
REFIT4,58,second_fit,5768,1,0,COMPLETED_STDOUT_ORDER_PLUS_PINNED_NATIVE_LOOP
REFIT4,58,second_fit,5769,1,0,COMPLETED_STDOUT_ORDER_PLUS_PINNED_NATIVE_LOOP
REFIT4,58,second_fit,5770,1,0,COMPLETED_STDOUT_ORDER_PLUS_PINNED_NATIVE_LOOP
REFIT4,58,second_fit,5771,1,0,COMPLETED_STDOUT_ORDER_PLUS_PINNED_NATIVE_LOOP
REFIT4,58,second_fit,5772,1,0,COMPLETED_STDOUT_ORDER_PLUS_PINNED_NATIVE_LOOP
REFIT4,58,second_fit,5773,1,0,COMPLETED_STDOUT_ORDER_PLUS_PINNED_NATIVE_LOOP
REFIT4,58,second_fit,5774,1,0,COMPLETED_STDOUT_ORDER_PLUS_PINNED_NATIVE_LOOP
REFIT4,58,second_fit,5775,1,0,COMPLETED_STDOUT_ORDER_PLUS_PINNED_NATIVE_LOOP
REFIT4,58,second_fit,5776,1,0,COMPLETED_STDOUT_ORDER_PLUS_PINNED_NATIVE_LOOP
REFIT4,58,second_fit,5777,1,0,COMPLETED_STDOUT_ORDER_PLUS_PINNED_NATIVE_LOOP
REFIT4,58,second_fit,5778,25,24,COMPLETED_STDOUT_ORDER_PLUS_PINNED_NATIVE_LOOP
REFIT4,58,second_fit,5779,1,0,COMPLETED_STDOUT_ORDER_PLUS_PINNED_NATIVE_LOOP
REFIT4,58,second_fit,5780,1,0,COMPLETED_STDOUT_ORDER_PLUS_PINNED_NATIVE_LOOP
REFIT4,58,second_fit,5781,1,0,COMPLETED_STDOUT_ORDER_PLUS_PINNED_NATIVE_LOOP
REFIT4,58,second_fit,5782,25,24,COMPLETED_STDOUT_ORDER_PLUS_PINNED_NATIVE_LOOP
REFIT4,58,second_fit,5783,1,0,COMPLETED_STDOUT_ORDER_PLUS_PINNED_NATIVE_LOOP
REFIT4,58,second_fit,5784,1,0,COMPLETED_STDOUT_ORDER_PLUS_PINNED_NATIVE_LOOP
REFIT4,58,second_fit,5785,1,0,COMPLETED_STDOUT_ORDER_PLUS_PINNED_NATIVE_LOOP
REFIT4,58,second_fit,5786,25,24,COMPLETED_STDOUT_ORDER_PLUS_PINNED_NATIVE_LOOP
REFIT4,58,second_fit,5787,1,0,COMPLETED_STDOUT_ORDER_PLUS_PINNED_NATIVE_LOOP
REFIT4,58,second_fit,5788,25,24,COMPLETED_STDOUT_ORDER_PLUS_PINNED_NATIVE_LOOP
REFIT4,58,second_fit,5789,1,0,COMPLETED_STDOUT_ORDER_PLUS_PINNED_NATIVE_LOOP
REFIT4,58,second_fit,5790,1,0,COMPLETED_STDOUT_ORDER_PLUS_PINNED_NATIVE_LOOP
REFIT4,58,second_fit,5791,1,0,COMPLETED_STDOUT_ORDER_PLUS_PINNED_NATIVE_LOOP
REFIT4,58,second_fit,5792,1,0,COMPLETED_STDOUT_ORDER_PLUS_PINNED_NATIVE_LOOP
REFIT4,58,second_fit,5793,1,0,COMPLETED_STDOUT_ORDER_PLUS_PINNED_NATIVE_LOOP
REFIT4,58,second_fit,5794,1,0,COMPLETED_STDOUT_ORDER_PLUS_PINNED_NATIVE_LOOP
REFIT4,58,second_fit,5795,1,0,COMPLETED_STDOUT_ORDER_PLUS_PINNED_NATIVE_LOOP
REFIT4,58,second_fit,5796,1,0,COMPLETED_STDOUT_ORDER_PLUS_PINNED_NATIVE_LOOP
REFIT4,58,second_fit,5797,25,24,COMPLETED_STDOUT_ORDER_PLUS_PINNED_NATIVE_LOOP
REFIT4,58,second_fit,5798,25,24,COMPLETED_STDOUT_ORDER_PLUS_PINNED_NATIVE_LOOP
REFIT4,58,second_fit,5799,1,0,COMPLETED_STDOUT_ORDER_PLUS_PINNED_NATIVE_LOOP
REFIT4,59,first_fit,5800,25,24,COMPLETED_STDOUT_ORDER_PLUS_PINNED_NATIVE_LOOP
REFIT4,59,first_fit,5801,25,24,COMPLETED_STDOUT_ORDER_PLUS_PINNED_NATIVE_LOOP
REFIT4,59,first_fit,5802,25,24,COMPLETED_STDOUT_ORDER_PLUS_PINNED_NATIVE_LOOP
REFIT4,59,first_fit,5803,25,24,COMPLETED_STDOUT_ORDER_PLUS_PINNED_NATIVE_LOOP
REFIT4,59,first_fit,5804,25,24,COMPLETED_STDOUT_ORDER_PLUS_PINNED_NATIVE_LOOP
REFIT4,59,first_fit,5805,25,24,COMPLETED_STDOUT_ORDER_PLUS_PINNED_NATIVE_LOOP
REFIT4,59,first_fit,5806,25,24,COMPLETED_STDOUT_ORDER_PLUS_PINNED_NATIVE_LOOP
REFIT4,59,first_fit,5807,25,24,COMPLETED_STDOUT_ORDER_PLUS_PINNED_NATIVE_LOOP
REFIT4,59,first_fit,5808,25,24,COMPLETED_STDOUT_ORDER_PLUS_PINNED_NATIVE_LOOP
REFIT4,59,first_fit,5809,25,24,COMPLETED_STDOUT_ORDER_PLUS_PINNED_NATIVE_LOOP
REFIT4,59,first_fit,5810,25,24,COMPLETED_STDOUT_ORDER_PLUS_PINNED_NATIVE_LOOP
REFIT4,59,first_fit,5811,25,24,COMPLETED_STDOUT_ORDER_PLUS_PINNED_NATIVE_LOOP
REFIT4,59,first_fit,5812,25,24,COMPLETED_STDOUT_ORDER_PLUS_PINNED_NATIVE_LOOP
REFIT4,59,first_fit,5813,25,24,COMPLETED_STDOUT_ORDER_PLUS_PINNED_NATIVE_LOOP
REFIT4,59,first_fit,5814,25,24,COMPLETED_STDOUT_ORDER_PLUS_PINNED_NATIVE_LOOP
REFIT4,59,first_fit,5815,25,24,COMPLETED_STDOUT_ORDER_PLUS_PINNED_NATIVE_LOOP
REFIT4,59,first_fit,5816,25,24,COMPLETED_STDOUT_ORDER_PLUS_PINNED_NATIVE_LOOP
REFIT4,59,first_fit,5817,25,24,COMPLETED_STDOUT_ORDER_PLUS_PINNED_NATIVE_LOOP
REFIT4,59,first_fit,5818,25,24,COMPLETED_STDOUT_ORDER_PLUS_PINNED_NATIVE_LOOP
REFIT4,59,first_fit,5819,25,24,COMPLETED_STDOUT_ORDER_PLUS_PINNED_NATIVE_LOOP
REFIT4,59,first_fit,5820,25,24,COMPLETED_STDOUT_ORDER_PLUS_PINNED_NATIVE_LOOP
REFIT4,59,first_fit,5821,25,24,COMPLETED_STDOUT_ORDER_PLUS_PINNED_NATIVE_LOOP
REFIT4,59,first_fit,5822,25,24,COMPLETED_STDOUT_ORDER_PLUS_PINNED_NATIVE_LOOP
REFIT4,59,first_fit,5823,25,24,COMPLETED_STDOUT_ORDER_PLUS_PINNED_NATIVE_LOOP
REFIT4,59,first_fit,5824,25,24,COMPLETED_STDOUT_ORDER_PLUS_PINNED_NATIVE_LOOP
REFIT4,59,first_fit,5825,25,24,COMPLETED_STDOUT_ORDER_PLUS_PINNED_NATIVE_LOOP
REFIT4,59,first_fit,5826,25,24,COMPLETED_STDOUT_ORDER_PLUS_PINNED_NATIVE_LOOP
REFIT4,59,first_fit,5827,25,24,COMPLETED_STDOUT_ORDER_PLUS_PINNED_NATIVE_LOOP
REFIT4,59,first_fit,5828,25,24,COMPLETED_STDOUT_ORDER_PLUS_PINNED_NATIVE_LOOP
REFIT4,59,first_fit,5829,25,24,COMPLETED_STDOUT_ORDER_PLUS_PINNED_NATIVE_LOOP
REFIT4,59,first_fit,5830,25,24,COMPLETED_STDOUT_ORDER_PLUS_PINNED_NATIVE_LOOP
REFIT4,59,first_fit,5831,25,24,COMPLETED_STDOUT_ORDER_PLUS_PINNED_NATIVE_LOOP
REFIT4,59,first_fit,5832,25,24,COMPLETED_STDOUT_ORDER_PLUS_PINNED_NATIVE_LOOP
REFIT4,59,first_fit,5833,25,24,COMPLETED_STDOUT_ORDER_PLUS_PINNED_NATIVE_LOOP
REFIT4,59,first_fit,5834,25,24,COMPLETED_STDOUT_ORDER_PLUS_PINNED_NATIVE_LOOP
REFIT4,59,first_fit,5835,25,24,COMPLETED_STDOUT_ORDER_PLUS_PINNED_NATIVE_LOOP
REFIT4,59,first_fit,5836,25,24,COMPLETED_STDOUT_ORDER_PLUS_PINNED_NATIVE_LOOP
REFIT4,59,first_fit,5837,25,24,COMPLETED_STDOUT_ORDER_PLUS_PINNED_NATIVE_LOOP
REFIT4,59,first_fit,5838,25,24,COMPLETED_STDOUT_ORDER_PLUS_PINNED_NATIVE_LOOP
REFIT4,59,first_fit,5839,25,24,COMPLETED_STDOUT_ORDER_PLUS_PINNED_NATIVE_LOOP
REFIT4,59,first_fit,5840,25,24,COMPLETED_STDOUT_ORDER_PLUS_PINNED_NATIVE_LOOP
REFIT4,59,first_fit,5841,25,24,COMPLETED_STDOUT_ORDER_PLUS_PINNED_NATIVE_LOOP
REFIT4,59,first_fit,5842,25,24,COMPLETED_STDOUT_ORDER_PLUS_PINNED_NATIVE_LOOP
REFIT4,59,first_fit,5843,25,24,COMPLETED_STDOUT_ORDER_PLUS_PINNED_NATIVE_LOOP
REFIT4,59,first_fit,5844,25,24,COMPLETED_STDOUT_ORDER_PLUS_PINNED_NATIVE_LOOP
REFIT4,59,first_fit,5845,25,24,COMPLETED_STDOUT_ORDER_PLUS_PINNED_NATIVE_LOOP
REFIT4,59,first_fit,5846,25,24,COMPLETED_STDOUT_ORDER_PLUS_PINNED_NATIVE_LOOP
REFIT4,59,first_fit,5847,25,24,COMPLETED_STDOUT_ORDER_PLUS_PINNED_NATIVE_LOOP
REFIT4,59,first_fit,5848,25,24,COMPLETED_STDOUT_ORDER_PLUS_PINNED_NATIVE_LOOP
REFIT4,59,first_fit,5849,25,24,COMPLETED_STDOUT_ORDER_PLUS_PINNED_NATIVE_LOOP
REFIT4,59,first_fit,5850,25,24,COMPLETED_STDOUT_ORDER_PLUS_PINNED_NATIVE_LOOP
REFIT4,59,first_fit,5851,25,24,COMPLETED_STDOUT_ORDER_PLUS_PINNED_NATIVE_LOOP
REFIT4,59,first_fit,5852,25,24,COMPLETED_STDOUT_ORDER_PLUS_PINNED_NATIVE_LOOP
REFIT4,59,first_fit,5853,25,24,COMPLETED_STDOUT_ORDER_PLUS_PINNED_NATIVE_LOOP
REFIT4,59,first_fit,5854,25,24,COMPLETED_STDOUT_ORDER_PLUS_PINNED_NATIVE_LOOP
REFIT4,59,first_fit,5855,25,24,COMPLETED_STDOUT_ORDER_PLUS_PINNED_NATIVE_LOOP
REFIT4,59,first_fit,5856,25,24,COMPLETED_STDOUT_ORDER_PLUS_PINNED_NATIVE_LOOP
REFIT4,59,first_fit,5857,25,24,COMPLETED_STDOUT_ORDER_PLUS_PINNED_NATIVE_LOOP
REFIT4,59,first_fit,5858,25,24,COMPLETED_STDOUT_ORDER_PLUS_PINNED_NATIVE_LOOP
REFIT4,59,first_fit,5859,25,24,COMPLETED_STDOUT_ORDER_PLUS_PINNED_NATIVE_LOOP
REFIT4,59,first_fit,5860,25,24,COMPLETED_STDOUT_ORDER_PLUS_PINNED_NATIVE_LOOP
REFIT4,59,first_fit,5861,25,24,COMPLETED_STDOUT_ORDER_PLUS_PINNED_NATIVE_LOOP
REFIT4,59,first_fit,5862,25,24,COMPLETED_STDOUT_ORDER_PLUS_PINNED_NATIVE_LOOP
REFIT4,59,first_fit,5863,25,24,COMPLETED_STDOUT_ORDER_PLUS_PINNED_NATIVE_LOOP
REFIT4,59,first_fit,5864,25,24,COMPLETED_STDOUT_ORDER_PLUS_PINNED_NATIVE_LOOP
REFIT4,59,first_fit,5865,25,24,COMPLETED_STDOUT_ORDER_PLUS_PINNED_NATIVE_LOOP
REFIT4,59,first_fit,5866,25,24,COMPLETED_STDOUT_ORDER_PLUS_PINNED_NATIVE_LOOP
REFIT4,59,first_fit,5867,25,24,COMPLETED_STDOUT_ORDER_PLUS_PINNED_NATIVE_LOOP
REFIT4,59,first_fit,5868,25,24,COMPLETED_STDOUT_ORDER_PLUS_PINNED_NATIVE_LOOP
REFIT4,59,first_fit,5869,25,24,COMPLETED_STDOUT_ORDER_PLUS_PINNED_NATIVE_LOOP
REFIT4,59,first_fit,5870,25,24,COMPLETED_STDOUT_ORDER_PLUS_PINNED_NATIVE_LOOP
REFIT4,59,first_fit,5871,25,24,COMPLETED_STDOUT_ORDER_PLUS_PINNED_NATIVE_LOOP
REFIT4,59,first_fit,5872,25,24,COMPLETED_STDOUT_ORDER_PLUS_PINNED_NATIVE_LOOP
REFIT4,59,first_fit,5873,25,24,COMPLETED_STDOUT_ORDER_PLUS_PINNED_NATIVE_LOOP
REFIT4,59,first_fit,5874,25,24,COMPLETED_STDOUT_ORDER_PLUS_PINNED_NATIVE_LOOP
REFIT4,59,first_fit,5875,25,24,COMPLETED_STDOUT_ORDER_PLUS_PINNED_NATIVE_LOOP
REFIT4,59,first_fit,5876,25,24,COMPLETED_STDOUT_ORDER_PLUS_PINNED_NATIVE_LOOP
REFIT4,59,first_fit,5877,25,24,COMPLETED_STDOUT_ORDER_PLUS_PINNED_NATIVE_LOOP
REFIT4,59,first_fit,5878,25,24,COMPLETED_STDOUT_ORDER_PLUS_PINNED_NATIVE_LOOP
REFIT4,59,first_fit,5879,25,24,COMPLETED_STDOUT_ORDER_PLUS_PINNED_NATIVE_LOOP
REFIT4,59,first_fit,5880,25,24,COMPLETED_STDOUT_ORDER_PLUS_PINNED_NATIVE_LOOP
REFIT4,59,first_fit,5881,25,24,COMPLETED_STDOUT_ORDER_PLUS_PINNED_NATIVE_LOOP
REFIT4,59,first_fit,5882,25,24,COMPLETED_STDOUT_ORDER_PLUS_PINNED_NATIVE_LOOP
REFIT4,59,first_fit,5883,25,24,COMPLETED_STDOUT_ORDER_PLUS_PINNED_NATIVE_LOOP
REFIT4,59,first_fit,5884,25,24,COMPLETED_STDOUT_ORDER_PLUS_PINNED_NATIVE_LOOP
REFIT4,59,first_fit,5885,25,24,COMPLETED_STDOUT_ORDER_PLUS_PINNED_NATIVE_LOOP
REFIT4,59,first_fit,5886,25,24,COMPLETED_STDOUT_ORDER_PLUS_PINNED_NATIVE_LOOP
REFIT4,59,first_fit,5887,25,24,COMPLETED_STDOUT_ORDER_PLUS_PINNED_NATIVE_LOOP
REFIT4,59,first_fit,5888,25,24,COMPLETED_STDOUT_ORDER_PLUS_PINNED_NATIVE_LOOP
REFIT4,59,first_fit,5889,25,24,COMPLETED_STDOUT_ORDER_PLUS_PINNED_NATIVE_LOOP
REFIT4,59,first_fit,5890,25,24,COMPLETED_STDOUT_ORDER_PLUS_PINNED_NATIVE_LOOP
REFIT4,59,first_fit,5891,25,24,COMPLETED_STDOUT_ORDER_PLUS_PINNED_NATIVE_LOOP
REFIT4,59,first_fit,5892,25,24,COMPLETED_STDOUT_ORDER_PLUS_PINNED_NATIVE_LOOP
REFIT4,59,first_fit,5893,25,24,COMPLETED_STDOUT_ORDER_PLUS_PINNED_NATIVE_LOOP
REFIT4,59,first_fit,5894,25,24,COMPLETED_STDOUT_ORDER_PLUS_PINNED_NATIVE_LOOP
REFIT4,59,first_fit,5895,25,24,COMPLETED_STDOUT_ORDER_PLUS_PINNED_NATIVE_LOOP
REFIT4,59,first_fit,5896,25,24,COMPLETED_STDOUT_ORDER_PLUS_PINNED_NATIVE_LOOP
REFIT4,59,first_fit,5897,25,24,COMPLETED_STDOUT_ORDER_PLUS_PINNED_NATIVE_LOOP
REFIT4,59,first_fit,5898,25,24,COMPLETED_STDOUT_ORDER_PLUS_PINNED_NATIVE_LOOP
REFIT4,59,first_fit,5899,25,24,COMPLETED_STDOUT_ORDER_PLUS_PINNED_NATIVE_LOOP
REFIT4,59,second_fit,5800,1,0,COMPLETED_STDOUT_ORDER_PLUS_PINNED_NATIVE_LOOP
REFIT4,59,second_fit,5801,1,0,COMPLETED_STDOUT_ORDER_PLUS_PINNED_NATIVE_LOOP
REFIT4,59,second_fit,5802,1,0,COMPLETED_STDOUT_ORDER_PLUS_PINNED_NATIVE_LOOP
REFIT4,59,second_fit,5803,25,24,COMPLETED_STDOUT_ORDER_PLUS_PINNED_NATIVE_LOOP
REFIT4,59,second_fit,5804,25,24,COMPLETED_STDOUT_ORDER_PLUS_PINNED_NATIVE_LOOP
REFIT4,59,second_fit,5805,1,0,COMPLETED_STDOUT_ORDER_PLUS_PINNED_NATIVE_LOOP
REFIT4,59,second_fit,5806,1,0,COMPLETED_STDOUT_ORDER_PLUS_PINNED_NATIVE_LOOP
REFIT4,59,second_fit,5807,1,0,COMPLETED_STDOUT_ORDER_PLUS_PINNED_NATIVE_LOOP
REFIT4,59,second_fit,5808,1,0,COMPLETED_STDOUT_ORDER_PLUS_PINNED_NATIVE_LOOP
REFIT4,59,second_fit,5809,1,0,COMPLETED_STDOUT_ORDER_PLUS_PINNED_NATIVE_LOOP
REFIT4,59,second_fit,5810,25,24,COMPLETED_STDOUT_ORDER_PLUS_PINNED_NATIVE_LOOP
REFIT4,59,second_fit,5811,1,0,COMPLETED_STDOUT_ORDER_PLUS_PINNED_NATIVE_LOOP
REFIT4,59,second_fit,5812,1,0,COMPLETED_STDOUT_ORDER_PLUS_PINNED_NATIVE_LOOP
REFIT4,59,second_fit,5813,1,0,COMPLETED_STDOUT_ORDER_PLUS_PINNED_NATIVE_LOOP
REFIT4,59,second_fit,5814,25,24,COMPLETED_STDOUT_ORDER_PLUS_PINNED_NATIVE_LOOP
REFIT4,59,second_fit,5815,25,24,COMPLETED_STDOUT_ORDER_PLUS_PINNED_NATIVE_LOOP
REFIT4,59,second_fit,5816,1,0,COMPLETED_STDOUT_ORDER_PLUS_PINNED_NATIVE_LOOP
REFIT4,59,second_fit,5817,1,0,COMPLETED_STDOUT_ORDER_PLUS_PINNED_NATIVE_LOOP
REFIT4,59,second_fit,5818,25,24,COMPLETED_STDOUT_ORDER_PLUS_PINNED_NATIVE_LOOP
REFIT4,59,second_fit,5819,25,24,COMPLETED_STDOUT_ORDER_PLUS_PINNED_NATIVE_LOOP
REFIT4,59,second_fit,5820,25,24,COMPLETED_STDOUT_ORDER_PLUS_PINNED_NATIVE_LOOP
REFIT4,59,second_fit,5821,1,0,COMPLETED_STDOUT_ORDER_PLUS_PINNED_NATIVE_LOOP
REFIT4,59,second_fit,5822,1,0,COMPLETED_STDOUT_ORDER_PLUS_PINNED_NATIVE_LOOP
REFIT4,59,second_fit,5823,1,0,COMPLETED_STDOUT_ORDER_PLUS_PINNED_NATIVE_LOOP
REFIT4,59,second_fit,5824,1,0,COMPLETED_STDOUT_ORDER_PLUS_PINNED_NATIVE_LOOP
REFIT4,59,second_fit,5825,1,0,COMPLETED_STDOUT_ORDER_PLUS_PINNED_NATIVE_LOOP
REFIT4,59,second_fit,5826,1,0,COMPLETED_STDOUT_ORDER_PLUS_PINNED_NATIVE_LOOP
REFIT4,59,second_fit,5827,1,0,COMPLETED_STDOUT_ORDER_PLUS_PINNED_NATIVE_LOOP
REFIT4,59,second_fit,5828,1,0,COMPLETED_STDOUT_ORDER_PLUS_PINNED_NATIVE_LOOP
REFIT4,59,second_fit,5829,25,24,COMPLETED_STDOUT_ORDER_PLUS_PINNED_NATIVE_LOOP
REFIT4,59,second_fit,5830,1,0,COMPLETED_STDOUT_ORDER_PLUS_PINNED_NATIVE_LOOP
REFIT4,59,second_fit,5831,1,0,COMPLETED_STDOUT_ORDER_PLUS_PINNED_NATIVE_LOOP
REFIT4,59,second_fit,5832,25,24,COMPLETED_STDOUT_ORDER_PLUS_PINNED_NATIVE_LOOP
REFIT4,59,second_fit,5833,1,0,COMPLETED_STDOUT_ORDER_PLUS_PINNED_NATIVE_LOOP
REFIT4,59,second_fit,5834,1,0,COMPLETED_STDOUT_ORDER_PLUS_PINNED_NATIVE_LOOP
REFIT4,59,second_fit,5835,25,24,COMPLETED_STDOUT_ORDER_PLUS_PINNED_NATIVE_LOOP
REFIT4,59,second_fit,5836,1,0,COMPLETED_STDOUT_ORDER_PLUS_PINNED_NATIVE_LOOP
REFIT4,59,second_fit,5837,1,0,COMPLETED_STDOUT_ORDER_PLUS_PINNED_NATIVE_LOOP
REFIT4,59,second_fit,5838,1,0,COMPLETED_STDOUT_ORDER_PLUS_PINNED_NATIVE_LOOP
REFIT4,59,second_fit,5839,1,0,COMPLETED_STDOUT_ORDER_PLUS_PINNED_NATIVE_LOOP
REFIT4,59,second_fit,5840,1,0,COMPLETED_STDOUT_ORDER_PLUS_PINNED_NATIVE_LOOP
REFIT4,59,second_fit,5841,1,0,COMPLETED_STDOUT_ORDER_PLUS_PINNED_NATIVE_LOOP
REFIT4,59,second_fit,5842,1,0,COMPLETED_STDOUT_ORDER_PLUS_PINNED_NATIVE_LOOP
REFIT4,59,second_fit,5843,1,0,COMPLETED_STDOUT_ORDER_PLUS_PINNED_NATIVE_LOOP
REFIT4,59,second_fit,5844,1,0,COMPLETED_STDOUT_ORDER_PLUS_PINNED_NATIVE_LOOP
REFIT4,59,second_fit,5845,1,0,COMPLETED_STDOUT_ORDER_PLUS_PINNED_NATIVE_LOOP
REFIT4,59,second_fit,5846,1,0,COMPLETED_STDOUT_ORDER_PLUS_PINNED_NATIVE_LOOP
REFIT4,59,second_fit,5847,25,24,COMPLETED_STDOUT_ORDER_PLUS_PINNED_NATIVE_LOOP
REFIT4,59,second_fit,5848,25,24,COMPLETED_STDOUT_ORDER_PLUS_PINNED_NATIVE_LOOP
REFIT4,59,second_fit,5849,1,0,COMPLETED_STDOUT_ORDER_PLUS_PINNED_NATIVE_LOOP
REFIT4,59,second_fit,5850,1,0,COMPLETED_STDOUT_ORDER_PLUS_PINNED_NATIVE_LOOP
REFIT4,59,second_fit,5851,1,0,COMPLETED_STDOUT_ORDER_PLUS_PINNED_NATIVE_LOOP
REFIT4,59,second_fit,5852,25,24,COMPLETED_STDOUT_ORDER_PLUS_PINNED_NATIVE_LOOP
REFIT4,59,second_fit,5853,1,0,COMPLETED_STDOUT_ORDER_PLUS_PINNED_NATIVE_LOOP
REFIT4,59,second_fit,5854,1,0,COMPLETED_STDOUT_ORDER_PLUS_PINNED_NATIVE_LOOP
REFIT4,59,second_fit,5855,1,0,COMPLETED_STDOUT_ORDER_PLUS_PINNED_NATIVE_LOOP
REFIT4,59,second_fit,5856,1,0,COMPLETED_STDOUT_ORDER_PLUS_PINNED_NATIVE_LOOP
REFIT4,59,second_fit,5857,1,0,COMPLETED_STDOUT_ORDER_PLUS_PINNED_NATIVE_LOOP
REFIT4,59,second_fit,5858,1,0,COMPLETED_STDOUT_ORDER_PLUS_PINNED_NATIVE_LOOP
REFIT4,59,second_fit,5859,1,0,COMPLETED_STDOUT_ORDER_PLUS_PINNED_NATIVE_LOOP
REFIT4,59,second_fit,5860,1,0,COMPLETED_STDOUT_ORDER_PLUS_PINNED_NATIVE_LOOP
REFIT4,59,second_fit,5861,1,0,COMPLETED_STDOUT_ORDER_PLUS_PINNED_NATIVE_LOOP
REFIT4,59,second_fit,5862,1,0,COMPLETED_STDOUT_ORDER_PLUS_PINNED_NATIVE_LOOP
REFIT4,59,second_fit,5863,1,0,COMPLETED_STDOUT_ORDER_PLUS_PINNED_NATIVE_LOOP
REFIT4,59,second_fit,5864,25,24,COMPLETED_STDOUT_ORDER_PLUS_PINNED_NATIVE_LOOP
REFIT4,59,second_fit,5865,1,0,COMPLETED_STDOUT_ORDER_PLUS_PINNED_NATIVE_LOOP
REFIT4,59,second_fit,5866,25,24,COMPLETED_STDOUT_ORDER_PLUS_PINNED_NATIVE_LOOP
REFIT4,59,second_fit,5867,1,0,COMPLETED_STDOUT_ORDER_PLUS_PINNED_NATIVE_LOOP
REFIT4,59,second_fit,5868,1,0,COMPLETED_STDOUT_ORDER_PLUS_PINNED_NATIVE_LOOP
REFIT4,59,second_fit,5869,1,0,COMPLETED_STDOUT_ORDER_PLUS_PINNED_NATIVE_LOOP
REFIT4,59,second_fit,5870,1,0,COMPLETED_STDOUT_ORDER_PLUS_PINNED_NATIVE_LOOP
REFIT4,59,second_fit,5871,1,0,COMPLETED_STDOUT_ORDER_PLUS_PINNED_NATIVE_LOOP
REFIT4,59,second_fit,5872,1,0,COMPLETED_STDOUT_ORDER_PLUS_PINNED_NATIVE_LOOP
REFIT4,59,second_fit,5873,1,0,COMPLETED_STDOUT_ORDER_PLUS_PINNED_NATIVE_LOOP
REFIT4,59,second_fit,5874,1,0,COMPLETED_STDOUT_ORDER_PLUS_PINNED_NATIVE_LOOP
REFIT4,59,second_fit,5875,1,0,COMPLETED_STDOUT_ORDER_PLUS_PINNED_NATIVE_LOOP
REFIT4,59,second_fit,5876,1,0,COMPLETED_STDOUT_ORDER_PLUS_PINNED_NATIVE_LOOP
REFIT4,59,second_fit,5877,1,0,COMPLETED_STDOUT_ORDER_PLUS_PINNED_NATIVE_LOOP
REFIT4,59,second_fit,5878,1,0,COMPLETED_STDOUT_ORDER_PLUS_PINNED_NATIVE_LOOP
REFIT4,59,second_fit,5879,1,0,COMPLETED_STDOUT_ORDER_PLUS_PINNED_NATIVE_LOOP
REFIT4,59,second_fit,5880,1,0,COMPLETED_STDOUT_ORDER_PLUS_PINNED_NATIVE_LOOP
REFIT4,59,second_fit,5881,25,24,COMPLETED_STDOUT_ORDER_PLUS_PINNED_NATIVE_LOOP
REFIT4,59,second_fit,5882,1,0,COMPLETED_STDOUT_ORDER_PLUS_PINNED_NATIVE_LOOP
REFIT4,59,second_fit,5883,1,0,COMPLETED_STDOUT_ORDER_PLUS_PINNED_NATIVE_LOOP
REFIT4,59,second_fit,5884,1,0,COMPLETED_STDOUT_ORDER_PLUS_PINNED_NATIVE_LOOP
REFIT4,59,second_fit,5885,1,0,COMPLETED_STDOUT_ORDER_PLUS_PINNED_NATIVE_LOOP
REFIT4,59,second_fit,5886,1,0,COMPLETED_STDOUT_ORDER_PLUS_PINNED_NATIVE_LOOP
REFIT4,59,second_fit,5887,1,0,COMPLETED_STDOUT_ORDER_PLUS_PINNED_NATIVE_LOOP
REFIT4,59,second_fit,5888,1,0,COMPLETED_STDOUT_ORDER_PLUS_PINNED_NATIVE_LOOP
REFIT4,59,second_fit,5889,1,0,COMPLETED_STDOUT_ORDER_PLUS_PINNED_NATIVE_LOOP
REFIT4,59,second_fit,5890,1,0,COMPLETED_STDOUT_ORDER_PLUS_PINNED_NATIVE_LOOP
REFIT4,59,second_fit,5891,1,0,COMPLETED_STDOUT_ORDER_PLUS_PINNED_NATIVE_LOOP
REFIT4,59,second_fit,5892,1,0,COMPLETED_STDOUT_ORDER_PLUS_PINNED_NATIVE_LOOP
REFIT4,59,second_fit,5893,1,0,COMPLETED_STDOUT_ORDER_PLUS_PINNED_NATIVE_LOOP
REFIT4,59,second_fit,5894,1,0,COMPLETED_STDOUT_ORDER_PLUS_PINNED_NATIVE_LOOP
REFIT4,59,second_fit,5895,1,0,COMPLETED_STDOUT_ORDER_PLUS_PINNED_NATIVE_LOOP
REFIT4,59,second_fit,5896,25,24,COMPLETED_STDOUT_ORDER_PLUS_PINNED_NATIVE_LOOP
REFIT4,59,second_fit,5897,25,24,COMPLETED_STDOUT_ORDER_PLUS_PINNED_NATIVE_LOOP
REFIT4,59,second_fit,5898,1,0,COMPLETED_STDOUT_ORDER_PLUS_PINNED_NATIVE_LOOP
REFIT4,59,second_fit,5899,1,0,COMPLETED_STDOUT_ORDER_PLUS_PINNED_NATIVE_LOOP
REFIT4,60,first_fit,5900,25,24,COMPLETED_STDOUT_ORDER_PLUS_PINNED_NATIVE_LOOP
REFIT4,60,first_fit,5901,25,24,COMPLETED_STDOUT_ORDER_PLUS_PINNED_NATIVE_LOOP
REFIT4,60,first_fit,5902,25,24,COMPLETED_STDOUT_ORDER_PLUS_PINNED_NATIVE_LOOP
REFIT4,60,first_fit,5903,25,24,COMPLETED_STDOUT_ORDER_PLUS_PINNED_NATIVE_LOOP
REFIT4,60,first_fit,5904,25,24,COMPLETED_STDOUT_ORDER_PLUS_PINNED_NATIVE_LOOP
REFIT4,60,first_fit,5905,25,24,COMPLETED_STDOUT_ORDER_PLUS_PINNED_NATIVE_LOOP
REFIT4,60,first_fit,5906,25,24,COMPLETED_STDOUT_ORDER_PLUS_PINNED_NATIVE_LOOP
REFIT4,60,first_fit,5907,25,24,COMPLETED_STDOUT_ORDER_PLUS_PINNED_NATIVE_LOOP
REFIT4,60,first_fit,5908,25,24,COMPLETED_STDOUT_ORDER_PLUS_PINNED_NATIVE_LOOP
REFIT4,60,first_fit,5909,25,24,COMPLETED_STDOUT_ORDER_PLUS_PINNED_NATIVE_LOOP
REFIT4,60,first_fit,5910,25,24,COMPLETED_STDOUT_ORDER_PLUS_PINNED_NATIVE_LOOP
REFIT4,60,first_fit,5911,25,24,COMPLETED_STDOUT_ORDER_PLUS_PINNED_NATIVE_LOOP
REFIT4,60,first_fit,5912,25,24,COMPLETED_STDOUT_ORDER_PLUS_PINNED_NATIVE_LOOP
REFIT4,60,first_fit,5913,25,24,COMPLETED_STDOUT_ORDER_PLUS_PINNED_NATIVE_LOOP
REFIT4,60,first_fit,5914,25,24,COMPLETED_STDOUT_ORDER_PLUS_PINNED_NATIVE_LOOP
REFIT4,60,first_fit,5915,25,24,COMPLETED_STDOUT_ORDER_PLUS_PINNED_NATIVE_LOOP
REFIT4,60,first_fit,5916,25,24,COMPLETED_STDOUT_ORDER_PLUS_PINNED_NATIVE_LOOP
REFIT4,60,first_fit,5917,25,24,COMPLETED_STDOUT_ORDER_PLUS_PINNED_NATIVE_LOOP
REFIT4,60,first_fit,5918,25,24,COMPLETED_STDOUT_ORDER_PLUS_PINNED_NATIVE_LOOP
REFIT4,60,first_fit,5919,25,24,COMPLETED_STDOUT_ORDER_PLUS_PINNED_NATIVE_LOOP
REFIT4,60,first_fit,5920,25,24,COMPLETED_STDOUT_ORDER_PLUS_PINNED_NATIVE_LOOP
REFIT4,60,first_fit,5921,25,24,COMPLETED_STDOUT_ORDER_PLUS_PINNED_NATIVE_LOOP
REFIT4,60,first_fit,5922,25,24,COMPLETED_STDOUT_ORDER_PLUS_PINNED_NATIVE_LOOP
REFIT4,60,first_fit,5923,25,24,COMPLETED_STDOUT_ORDER_PLUS_PINNED_NATIVE_LOOP
REFIT4,60,first_fit,5924,25,24,COMPLETED_STDOUT_ORDER_PLUS_PINNED_NATIVE_LOOP
REFIT4,60,first_fit,5925,25,24,COMPLETED_STDOUT_ORDER_PLUS_PINNED_NATIVE_LOOP
REFIT4,60,first_fit,5926,25,24,COMPLETED_STDOUT_ORDER_PLUS_PINNED_NATIVE_LOOP
REFIT4,60,first_fit,5927,25,24,COMPLETED_STDOUT_ORDER_PLUS_PINNED_NATIVE_LOOP
REFIT4,60,first_fit,5928,25,24,COMPLETED_STDOUT_ORDER_PLUS_PINNED_NATIVE_LOOP
REFIT4,60,first_fit,5929,25,24,COMPLETED_STDOUT_ORDER_PLUS_PINNED_NATIVE_LOOP
REFIT4,60,first_fit,5930,25,24,COMPLETED_STDOUT_ORDER_PLUS_PINNED_NATIVE_LOOP
REFIT4,60,first_fit,5931,25,24,COMPLETED_STDOUT_ORDER_PLUS_PINNED_NATIVE_LOOP
REFIT4,60,first_fit,5932,25,24,COMPLETED_STDOUT_ORDER_PLUS_PINNED_NATIVE_LOOP
REFIT4,60,first_fit,5933,25,24,COMPLETED_STDOUT_ORDER_PLUS_PINNED_NATIVE_LOOP
REFIT4,60,first_fit,5934,25,24,COMPLETED_STDOUT_ORDER_PLUS_PINNED_NATIVE_LOOP
REFIT4,60,first_fit,5935,25,24,COMPLETED_STDOUT_ORDER_PLUS_PINNED_NATIVE_LOOP
REFIT4,60,first_fit,5936,25,24,COMPLETED_STDOUT_ORDER_PLUS_PINNED_NATIVE_LOOP
REFIT4,60,first_fit,5937,25,24,COMPLETED_STDOUT_ORDER_PLUS_PINNED_NATIVE_LOOP
REFIT4,60,first_fit,5938,25,24,COMPLETED_STDOUT_ORDER_PLUS_PINNED_NATIVE_LOOP
REFIT4,60,first_fit,5939,25,24,COMPLETED_STDOUT_ORDER_PLUS_PINNED_NATIVE_LOOP
REFIT4,60,first_fit,5940,25,24,COMPLETED_STDOUT_ORDER_PLUS_PINNED_NATIVE_LOOP
REFIT4,60,first_fit,5941,25,24,COMPLETED_STDOUT_ORDER_PLUS_PINNED_NATIVE_LOOP
REFIT4,60,first_fit,5942,25,24,COMPLETED_STDOUT_ORDER_PLUS_PINNED_NATIVE_LOOP
REFIT4,60,first_fit,5943,25,24,COMPLETED_STDOUT_ORDER_PLUS_PINNED_NATIVE_LOOP
REFIT4,60,first_fit,5944,25,24,COMPLETED_STDOUT_ORDER_PLUS_PINNED_NATIVE_LOOP
REFIT4,60,first_fit,5945,25,24,COMPLETED_STDOUT_ORDER_PLUS_PINNED_NATIVE_LOOP
REFIT4,60,first_fit,5946,25,24,COMPLETED_STDOUT_ORDER_PLUS_PINNED_NATIVE_LOOP
REFIT4,60,first_fit,5947,25,24,COMPLETED_STDOUT_ORDER_PLUS_PINNED_NATIVE_LOOP
REFIT4,60,first_fit,5948,25,24,COMPLETED_STDOUT_ORDER_PLUS_PINNED_NATIVE_LOOP
REFIT4,60,first_fit,5949,25,24,COMPLETED_STDOUT_ORDER_PLUS_PINNED_NATIVE_LOOP
REFIT4,60,first_fit,5950,25,24,COMPLETED_STDOUT_ORDER_PLUS_PINNED_NATIVE_LOOP
REFIT4,60,first_fit,5951,25,24,COMPLETED_STDOUT_ORDER_PLUS_PINNED_NATIVE_LOOP
REFIT4,60,first_fit,5952,25,24,COMPLETED_STDOUT_ORDER_PLUS_PINNED_NATIVE_LOOP
REFIT4,60,first_fit,5953,25,24,COMPLETED_STDOUT_ORDER_PLUS_PINNED_NATIVE_LOOP
REFIT4,60,first_fit,5954,25,24,COMPLETED_STDOUT_ORDER_PLUS_PINNED_NATIVE_LOOP
REFIT4,60,first_fit,5955,25,24,COMPLETED_STDOUT_ORDER_PLUS_PINNED_NATIVE_LOOP
REFIT4,60,first_fit,5956,25,24,COMPLETED_STDOUT_ORDER_PLUS_PINNED_NATIVE_LOOP
REFIT4,60,first_fit,5957,25,24,COMPLETED_STDOUT_ORDER_PLUS_PINNED_NATIVE_LOOP
REFIT4,60,first_fit,5958,25,24,COMPLETED_STDOUT_ORDER_PLUS_PINNED_NATIVE_LOOP
REFIT4,60,first_fit,5959,25,24,COMPLETED_STDOUT_ORDER_PLUS_PINNED_NATIVE_LOOP
REFIT4,60,first_fit,5960,25,24,COMPLETED_STDOUT_ORDER_PLUS_PINNED_NATIVE_LOOP
REFIT4,60,first_fit,5961,25,24,COMPLETED_STDOUT_ORDER_PLUS_PINNED_NATIVE_LOOP
REFIT4,60,first_fit,5962,25,24,COMPLETED_STDOUT_ORDER_PLUS_PINNED_NATIVE_LOOP
REFIT4,60,first_fit,5963,25,24,COMPLETED_STDOUT_ORDER_PLUS_PINNED_NATIVE_LOOP
REFIT4,60,first_fit,5964,25,24,COMPLETED_STDOUT_ORDER_PLUS_PINNED_NATIVE_LOOP
REFIT4,60,first_fit,5965,25,24,COMPLETED_STDOUT_ORDER_PLUS_PINNED_NATIVE_LOOP
REFIT4,60,first_fit,5966,25,24,COMPLETED_STDOUT_ORDER_PLUS_PINNED_NATIVE_LOOP
REFIT4,60,first_fit,5967,25,24,COMPLETED_STDOUT_ORDER_PLUS_PINNED_NATIVE_LOOP
REFIT4,60,first_fit,5968,25,24,COMPLETED_STDOUT_ORDER_PLUS_PINNED_NATIVE_LOOP
REFIT4,60,first_fit,5969,25,24,COMPLETED_STDOUT_ORDER_PLUS_PINNED_NATIVE_LOOP
REFIT4,60,first_fit,5970,25,24,COMPLETED_STDOUT_ORDER_PLUS_PINNED_NATIVE_LOOP
REFIT4,60,first_fit,5971,25,24,COMPLETED_STDOUT_ORDER_PLUS_PINNED_NATIVE_LOOP
REFIT4,60,first_fit,5972,25,24,COMPLETED_STDOUT_ORDER_PLUS_PINNED_NATIVE_LOOP
REFIT4,60,first_fit,5973,25,24,COMPLETED_STDOUT_ORDER_PLUS_PINNED_NATIVE_LOOP
REFIT4,60,first_fit,5974,25,24,COMPLETED_STDOUT_ORDER_PLUS_PINNED_NATIVE_LOOP
REFIT4,60,first_fit,5975,25,24,COMPLETED_STDOUT_ORDER_PLUS_PINNED_NATIVE_LOOP
REFIT4,60,first_fit,5976,25,24,COMPLETED_STDOUT_ORDER_PLUS_PINNED_NATIVE_LOOP
REFIT4,60,first_fit,5977,25,24,COMPLETED_STDOUT_ORDER_PLUS_PINNED_NATIVE_LOOP
REFIT4,60,first_fit,5978,25,24,COMPLETED_STDOUT_ORDER_PLUS_PINNED_NATIVE_LOOP
REFIT4,60,first_fit,5979,25,24,COMPLETED_STDOUT_ORDER_PLUS_PINNED_NATIVE_LOOP
REFIT4,60,first_fit,5980,25,24,COMPLETED_STDOUT_ORDER_PLUS_PINNED_NATIVE_LOOP
REFIT4,60,first_fit,5981,25,24,COMPLETED_STDOUT_ORDER_PLUS_PINNED_NATIVE_LOOP
REFIT4,60,first_fit,5982,25,24,COMPLETED_STDOUT_ORDER_PLUS_PINNED_NATIVE_LOOP
REFIT4,60,first_fit,5983,25,24,COMPLETED_STDOUT_ORDER_PLUS_PINNED_NATIVE_LOOP
REFIT4,60,first_fit,5984,25,24,COMPLETED_STDOUT_ORDER_PLUS_PINNED_NATIVE_LOOP
REFIT4,60,first_fit,5985,25,24,COMPLETED_STDOUT_ORDER_PLUS_PINNED_NATIVE_LOOP
REFIT4,60,first_fit,5986,25,24,COMPLETED_STDOUT_ORDER_PLUS_PINNED_NATIVE_LOOP
REFIT4,60,first_fit,5987,25,24,COMPLETED_STDOUT_ORDER_PLUS_PINNED_NATIVE_LOOP
REFIT4,60,first_fit,5988,25,24,COMPLETED_STDOUT_ORDER_PLUS_PINNED_NATIVE_LOOP
REFIT4,60,first_fit,5989,25,24,COMPLETED_STDOUT_ORDER_PLUS_PINNED_NATIVE_LOOP
REFIT4,60,first_fit,5990,25,24,COMPLETED_STDOUT_ORDER_PLUS_PINNED_NATIVE_LOOP
REFIT4,60,first_fit,5991,25,24,COMPLETED_STDOUT_ORDER_PLUS_PINNED_NATIVE_LOOP
REFIT4,60,first_fit,5992,25,24,COMPLETED_STDOUT_ORDER_PLUS_PINNED_NATIVE_LOOP
REFIT4,60,first_fit,5993,25,24,COMPLETED_STDOUT_ORDER_PLUS_PINNED_NATIVE_LOOP
REFIT4,60,first_fit,5994,25,24,COMPLETED_STDOUT_ORDER_PLUS_PINNED_NATIVE_LOOP
REFIT4,60,first_fit,5995,25,24,COMPLETED_STDOUT_ORDER_PLUS_PINNED_NATIVE_LOOP
REFIT4,60,first_fit,5996,25,24,COMPLETED_STDOUT_ORDER_PLUS_PINNED_NATIVE_LOOP
REFIT4,60,first_fit,5997,25,24,COMPLETED_STDOUT_ORDER_PLUS_PINNED_NATIVE_LOOP
REFIT4,60,first_fit,5998,25,24,COMPLETED_STDOUT_ORDER_PLUS_PINNED_NATIVE_LOOP
REFIT4,60,first_fit,5999,25,24,COMPLETED_STDOUT_ORDER_PLUS_PINNED_NATIVE_LOOP
REFIT4,60,second_fit,5900,1,0,COMPLETED_STDOUT_ORDER_PLUS_PINNED_NATIVE_LOOP
REFIT4,60,second_fit,5901,1,0,COMPLETED_STDOUT_ORDER_PLUS_PINNED_NATIVE_LOOP
REFIT4,60,second_fit,5902,1,0,COMPLETED_STDOUT_ORDER_PLUS_PINNED_NATIVE_LOOP
REFIT4,60,second_fit,5903,1,0,COMPLETED_STDOUT_ORDER_PLUS_PINNED_NATIVE_LOOP
REFIT4,60,second_fit,5904,1,0,COMPLETED_STDOUT_ORDER_PLUS_PINNED_NATIVE_LOOP
REFIT4,60,second_fit,5905,1,0,COMPLETED_STDOUT_ORDER_PLUS_PINNED_NATIVE_LOOP
REFIT4,60,second_fit,5906,1,0,COMPLETED_STDOUT_ORDER_PLUS_PINNED_NATIVE_LOOP
REFIT4,60,second_fit,5907,1,0,COMPLETED_STDOUT_ORDER_PLUS_PINNED_NATIVE_LOOP
REFIT4,60,second_fit,5908,1,0,COMPLETED_STDOUT_ORDER_PLUS_PINNED_NATIVE_LOOP
REFIT4,60,second_fit,5909,1,0,COMPLETED_STDOUT_ORDER_PLUS_PINNED_NATIVE_LOOP
REFIT4,60,second_fit,5910,1,0,COMPLETED_STDOUT_ORDER_PLUS_PINNED_NATIVE_LOOP
REFIT4,60,second_fit,5911,1,0,COMPLETED_STDOUT_ORDER_PLUS_PINNED_NATIVE_LOOP
REFIT4,60,second_fit,5912,1,0,COMPLETED_STDOUT_ORDER_PLUS_PINNED_NATIVE_LOOP
REFIT4,60,second_fit,5913,1,0,COMPLETED_STDOUT_ORDER_PLUS_PINNED_NATIVE_LOOP
REFIT4,60,second_fit,5914,1,0,COMPLETED_STDOUT_ORDER_PLUS_PINNED_NATIVE_LOOP
REFIT4,60,second_fit,5915,1,0,COMPLETED_STDOUT_ORDER_PLUS_PINNED_NATIVE_LOOP
REFIT4,60,second_fit,5916,1,0,COMPLETED_STDOUT_ORDER_PLUS_PINNED_NATIVE_LOOP
REFIT4,60,second_fit,5917,25,24,COMPLETED_STDOUT_ORDER_PLUS_PINNED_NATIVE_LOOP
REFIT4,60,second_fit,5918,1,0,COMPLETED_STDOUT_ORDER_PLUS_PINNED_NATIVE_LOOP
REFIT4,60,second_fit,5919,1,0,COMPLETED_STDOUT_ORDER_PLUS_PINNED_NATIVE_LOOP
REFIT4,60,second_fit,5920,1,0,COMPLETED_STDOUT_ORDER_PLUS_PINNED_NATIVE_LOOP
REFIT4,60,second_fit,5921,25,24,COMPLETED_STDOUT_ORDER_PLUS_PINNED_NATIVE_LOOP
REFIT4,60,second_fit,5922,1,0,COMPLETED_STDOUT_ORDER_PLUS_PINNED_NATIVE_LOOP
REFIT4,60,second_fit,5923,1,0,COMPLETED_STDOUT_ORDER_PLUS_PINNED_NATIVE_LOOP
REFIT4,60,second_fit,5924,1,0,COMPLETED_STDOUT_ORDER_PLUS_PINNED_NATIVE_LOOP
REFIT4,60,second_fit,5925,1,0,COMPLETED_STDOUT_ORDER_PLUS_PINNED_NATIVE_LOOP
REFIT4,60,second_fit,5926,1,0,COMPLETED_STDOUT_ORDER_PLUS_PINNED_NATIVE_LOOP
REFIT4,60,second_fit,5927,1,0,COMPLETED_STDOUT_ORDER_PLUS_PINNED_NATIVE_LOOP
REFIT4,60,second_fit,5928,1,0,COMPLETED_STDOUT_ORDER_PLUS_PINNED_NATIVE_LOOP
REFIT4,60,second_fit,5929,25,24,COMPLETED_STDOUT_ORDER_PLUS_PINNED_NATIVE_LOOP
REFIT4,60,second_fit,5930,1,0,COMPLETED_STDOUT_ORDER_PLUS_PINNED_NATIVE_LOOP
REFIT4,60,second_fit,5931,25,24,COMPLETED_STDOUT_ORDER_PLUS_PINNED_NATIVE_LOOP
REFIT4,60,second_fit,5932,1,0,COMPLETED_STDOUT_ORDER_PLUS_PINNED_NATIVE_LOOP
REFIT4,60,second_fit,5933,25,24,COMPLETED_STDOUT_ORDER_PLUS_PINNED_NATIVE_LOOP
REFIT4,60,second_fit,5934,1,0,COMPLETED_STDOUT_ORDER_PLUS_PINNED_NATIVE_LOOP
REFIT4,60,second_fit,5935,1,0,COMPLETED_STDOUT_ORDER_PLUS_PINNED_NATIVE_LOOP
REFIT4,60,second_fit,5936,1,0,COMPLETED_STDOUT_ORDER_PLUS_PINNED_NATIVE_LOOP
REFIT4,60,second_fit,5937,1,0,COMPLETED_STDOUT_ORDER_PLUS_PINNED_NATIVE_LOOP
REFIT4,60,second_fit,5938,1,0,COMPLETED_STDOUT_ORDER_PLUS_PINNED_NATIVE_LOOP
REFIT4,60,second_fit,5939,1,0,COMPLETED_STDOUT_ORDER_PLUS_PINNED_NATIVE_LOOP
REFIT4,60,second_fit,5940,1,0,COMPLETED_STDOUT_ORDER_PLUS_PINNED_NATIVE_LOOP
REFIT4,60,second_fit,5941,1,0,COMPLETED_STDOUT_ORDER_PLUS_PINNED_NATIVE_LOOP
REFIT4,60,second_fit,5942,1,0,COMPLETED_STDOUT_ORDER_PLUS_PINNED_NATIVE_LOOP
REFIT4,60,second_fit,5943,1,0,COMPLETED_STDOUT_ORDER_PLUS_PINNED_NATIVE_LOOP
REFIT4,60,second_fit,5944,1,0,COMPLETED_STDOUT_ORDER_PLUS_PINNED_NATIVE_LOOP
REFIT4,60,second_fit,5945,1,0,COMPLETED_STDOUT_ORDER_PLUS_PINNED_NATIVE_LOOP
REFIT4,60,second_fit,5946,1,0,COMPLETED_STDOUT_ORDER_PLUS_PINNED_NATIVE_LOOP
REFIT4,60,second_fit,5947,1,0,COMPLETED_STDOUT_ORDER_PLUS_PINNED_NATIVE_LOOP
REFIT4,60,second_fit,5948,25,24,COMPLETED_STDOUT_ORDER_PLUS_PINNED_NATIVE_LOOP
REFIT4,60,second_fit,5949,1,0,COMPLETED_STDOUT_ORDER_PLUS_PINNED_NATIVE_LOOP
REFIT4,60,second_fit,5950,1,0,COMPLETED_STDOUT_ORDER_PLUS_PINNED_NATIVE_LOOP
REFIT4,60,second_fit,5951,1,0,COMPLETED_STDOUT_ORDER_PLUS_PINNED_NATIVE_LOOP
REFIT4,60,second_fit,5952,1,0,COMPLETED_STDOUT_ORDER_PLUS_PINNED_NATIVE_LOOP
REFIT4,60,second_fit,5953,1,0,COMPLETED_STDOUT_ORDER_PLUS_PINNED_NATIVE_LOOP
REFIT4,60,second_fit,5954,1,0,COMPLETED_STDOUT_ORDER_PLUS_PINNED_NATIVE_LOOP
REFIT4,60,second_fit,5955,1,0,COMPLETED_STDOUT_ORDER_PLUS_PINNED_NATIVE_LOOP
REFIT4,60,second_fit,5956,1,0,COMPLETED_STDOUT_ORDER_PLUS_PINNED_NATIVE_LOOP
REFIT4,60,second_fit,5957,1,0,COMPLETED_STDOUT_ORDER_PLUS_PINNED_NATIVE_LOOP
REFIT4,60,second_fit,5958,1,0,COMPLETED_STDOUT_ORDER_PLUS_PINNED_NATIVE_LOOP
REFIT4,60,second_fit,5959,1,0,COMPLETED_STDOUT_ORDER_PLUS_PINNED_NATIVE_LOOP
REFIT4,60,second_fit,5960,1,0,COMPLETED_STDOUT_ORDER_PLUS_PINNED_NATIVE_LOOP
REFIT4,60,second_fit,5961,1,0,COMPLETED_STDOUT_ORDER_PLUS_PINNED_NATIVE_LOOP
REFIT4,60,second_fit,5962,1,0,COMPLETED_STDOUT_ORDER_PLUS_PINNED_NATIVE_LOOP
REFIT4,60,second_fit,5963,1,0,COMPLETED_STDOUT_ORDER_PLUS_PINNED_NATIVE_LOOP
REFIT4,60,second_fit,5964,1,0,COMPLETED_STDOUT_ORDER_PLUS_PINNED_NATIVE_LOOP
REFIT4,60,second_fit,5965,1,0,COMPLETED_STDOUT_ORDER_PLUS_PINNED_NATIVE_LOOP
REFIT4,60,second_fit,5966,1,0,COMPLETED_STDOUT_ORDER_PLUS_PINNED_NATIVE_LOOP
REFIT4,60,second_fit,5967,1,0,COMPLETED_STDOUT_ORDER_PLUS_PINNED_NATIVE_LOOP
REFIT4,60,second_fit,5968,1,0,COMPLETED_STDOUT_ORDER_PLUS_PINNED_NATIVE_LOOP
REFIT4,60,second_fit,5969,1,0,COMPLETED_STDOUT_ORDER_PLUS_PINNED_NATIVE_LOOP
REFIT4,60,second_fit,5970,1,0,COMPLETED_STDOUT_ORDER_PLUS_PINNED_NATIVE_LOOP
REFIT4,60,second_fit,5971,1,0,COMPLETED_STDOUT_ORDER_PLUS_PINNED_NATIVE_LOOP
REFIT4,60,second_fit,5972,1,0,COMPLETED_STDOUT_ORDER_PLUS_PINNED_NATIVE_LOOP
REFIT4,60,second_fit,5973,1,0,COMPLETED_STDOUT_ORDER_PLUS_PINNED_NATIVE_LOOP
REFIT4,60,second_fit,5974,1,0,COMPLETED_STDOUT_ORDER_PLUS_PINNED_NATIVE_LOOP
REFIT4,60,second_fit,5975,25,24,COMPLETED_STDOUT_ORDER_PLUS_PINNED_NATIVE_LOOP
REFIT4,60,second_fit,5976,25,24,COMPLETED_STDOUT_ORDER_PLUS_PINNED_NATIVE_LOOP
REFIT4,60,second_fit,5977,1,0,COMPLETED_STDOUT_ORDER_PLUS_PINNED_NATIVE_LOOP
REFIT4,60,second_fit,5978,25,24,COMPLETED_STDOUT_ORDER_PLUS_PINNED_NATIVE_LOOP
REFIT4,60,second_fit,5979,1,0,COMPLETED_STDOUT_ORDER_PLUS_PINNED_NATIVE_LOOP
REFIT4,60,second_fit,5980,1,0,COMPLETED_STDOUT_ORDER_PLUS_PINNED_NATIVE_LOOP
REFIT4,60,second_fit,5981,25,24,COMPLETED_STDOUT_ORDER_PLUS_PINNED_NATIVE_LOOP
REFIT4,60,second_fit,5982,1,0,COMPLETED_STDOUT_ORDER_PLUS_PINNED_NATIVE_LOOP
REFIT4,60,second_fit,5983,1,0,COMPLETED_STDOUT_ORDER_PLUS_PINNED_NATIVE_LOOP
REFIT4,60,second_fit,5984,1,0,COMPLETED_STDOUT_ORDER_PLUS_PINNED_NATIVE_LOOP
REFIT4,60,second_fit,5985,1,0,COMPLETED_STDOUT_ORDER_PLUS_PINNED_NATIVE_LOOP
REFIT4,60,second_fit,5986,1,0,COMPLETED_STDOUT_ORDER_PLUS_PINNED_NATIVE_LOOP
REFIT4,60,second_fit,5987,1,0,COMPLETED_STDOUT_ORDER_PLUS_PINNED_NATIVE_LOOP
REFIT4,60,second_fit,5988,1,0,COMPLETED_STDOUT_ORDER_PLUS_PINNED_NATIVE_LOOP
REFIT4,60,second_fit,5989,1,0,COMPLETED_STDOUT_ORDER_PLUS_PINNED_NATIVE_LOOP
REFIT4,60,second_fit,5990,1,0,COMPLETED_STDOUT_ORDER_PLUS_PINNED_NATIVE_LOOP
REFIT4,60,second_fit,5991,1,0,COMPLETED_STDOUT_ORDER_PLUS_PINNED_NATIVE_LOOP
REFIT4,60,second_fit,5992,1,0,COMPLETED_STDOUT_ORDER_PLUS_PINNED_NATIVE_LOOP
REFIT4,60,second_fit,5993,25,24,COMPLETED_STDOUT_ORDER_PLUS_PINNED_NATIVE_LOOP
REFIT4,60,second_fit,5994,1,0,COMPLETED_STDOUT_ORDER_PLUS_PINNED_NATIVE_LOOP
REFIT4,60,second_fit,5995,1,0,COMPLETED_STDOUT_ORDER_PLUS_PINNED_NATIVE_LOOP
REFIT4,60,second_fit,5996,1,0,COMPLETED_STDOUT_ORDER_PLUS_PINNED_NATIVE_LOOP
REFIT4,60,second_fit,5997,1,0,COMPLETED_STDOUT_ORDER_PLUS_PINNED_NATIVE_LOOP
REFIT4,60,second_fit,5998,1,0,COMPLETED_STDOUT_ORDER_PLUS_PINNED_NATIVE_LOOP
REFIT4,60,second_fit,5999,1,0,COMPLETED_STDOUT_ORDER_PLUS_PINNED_NATIVE_LOOP
