arm,batch,layer,scope,n_context_rows,sum_identity_component_abs_max,inherited_gap_n,inherited_gap_valid,inherited_gap_null,inherited_gap_mean,inherited_gap_min,inherited_gap_q05,inherited_gap_q50,inherited_gap_q95,inherited_gap_q99,inherited_gap_max,inherited_gap_mean_square,mean_key_error_n,mean_key_error_valid,mean_key_error_null,mean_key_error_mean,mean_key_error_min,mean_key_error_q05,mean_key_error_q50,mean_key_error_q95,mean_key_error_q99,mean_key_error_max,mean_key_error_mean_square,context_key_difference_n,context_key_difference_valid,context_key_difference_null,context_key_difference_mean,context_key_difference_min,context_key_difference_q05,context_key_difference_q50,context_key_difference_q95,context_key_difference_q99,context_key_difference_max,context_key_difference_mean_square,inherited_mean_dot_n,inherited_mean_dot_valid,inherited_mean_dot_null,inherited_mean_dot_mean,inherited_mean_dot_min,inherited_mean_dot_q05,inherited_mean_dot_q50,inherited_mean_dot_q95,inherited_mean_dot_q99,inherited_mean_dot_max,inherited_context_dot_n,inherited_context_dot_valid,inherited_context_dot_null,inherited_context_dot_mean,inherited_context_dot_min,inherited_context_dot_q05,inherited_context_dot_q50,inherited_context_dot_q95,inherited_context_dot_q99,inherited_context_dot_max,mean_context_dot_n,mean_context_dot_valid,mean_context_dot_null,mean_context_dot_mean,mean_context_dot_min,mean_context_dot_q05,mean_context_dot_q50,mean_context_dot_q95,mean_context_dot_q99,mean_context_dot_max,sum_parts_ideal_gap_RMSnorm,virtual_actual_gap_n,virtual_actual_gap_valid,virtual_actual_gap_null,virtual_actual_gap_mean,virtual_actual_gap_min,virtual_actual_gap_q05,virtual_actual_gap_q50,virtual_actual_gap_q95,virtual_actual_gap_q99,virtual_actual_gap_max,ideal_direction_gamma_mean,ideal_direction_gamma_q95,ideal_direction_gamma_min,ideal_direction_gamma_max,ideal_direction_norm_ratio_mean,ideal_direction_norm_ratio_q95,ideal_direction_norm_ratio_min,ideal_direction_norm_ratio_max,ideal_direction_fit_relative_mean,ideal_direction_fit_relative_q95,ideal_direction_fit_relative_min,ideal_direction_fit_relative_max,FP32_direction_gamma_mean,FP32_direction_gamma_q95,FP32_direction_gamma_min,FP32_direction_gamma_max,FP32_direction_norm_ratio_mean,FP32_direction_norm_ratio_q95,FP32_direction_norm_ratio_min,FP32_direction_norm_ratio_max,FP32_direction_fit_relative_mean,FP32_direction_fit_relative_q95,FP32_direction_fit_relative_min,FP32_direction_fit_relative_max
A,1,4,all_native,600,3.469446951953614e-18,600,600,0,1.3919541979044005e-06,6.033287885850492e-07,1.1757224663709263e-06,1.3949953291374661e-06,1.6311011471008672e-06,1.9957017112628205e-06,2.111734516051557e-06,1.9761288597180354e-12,600,600,0,0.3406397164409408,0.22082142739833124,0.25170426886666764,0.3144112293138359,0.5084416419999702,0.5722822916379549,0.6302284664041176,0.12317752504476023,600,600,0,0.019602490686066832,0.0023765510955661316,0.005820928489963204,0.014932396195569096,0.04919316929228582,0.07858625120736187,0.1452012486598288,0.0006363272636331004,600,600,0,-4.196399057470378e-10,-2.2694944288702228e-08,-1.2057839695960873e-08,-3.829211948840812e-10,1.206217381197392e-08,1.67700018090005e-08,2.4491981894233745e-08,600,600,0,-1.2744513540735668e-11,-3.691187083326666e-09,-7.723389882756965e-10,-5.6397772524340824e-12,7.050547218480335e-10,1.7979960939706511e-09,3.282674103500444e-09,600,600,0,0.002880733045137561,-0.039821362737209216,-0.004932132684567808,0.0010738378671872166,0.017293107576024844,0.036685313039929335,0.08747268459246202,0.3599657171674488,600,600,0,0.3483169769486582,0.21177582234237122,0.25045121421451366,0.32090408515738644,0.5344282936308162,0.6097109908770859,0.7702056470207652,0.6051180907042724,0.6857253273908663,0.3501129876378326,0.7403883942425329,0.6065683977571029,0.6862260913207718,0.35640426894506366,0.740510881276371,0.3969528605931054,0.5380125196525105,0.2599607216554877,0.6532978093079757,0.6051180907795267,0.6857253266547918,0.3501129779944969,0.7403883822280211,0.6065683978437705,0.6862260905461567,0.35640425866325776,0.7405108692904072,0.3969528605406192,0.5380125196509195,0.25996073372952405,0.6532978184597839
A,1,4,canonical,100,3.469446951953614e-18,100,100,0,1.2633019170416743e-06,6.033287885850492e-07,6.840467291800429e-07,1.388058642658219e-06,1.6162161022694207e-06,2.019485866801098e-06,2.0831104688275227e-06,1.7170682569098255e-12,100,100,0,0.34063971644094077,0.2208214273983313,0.25170426886666764,0.31441122931383625,0.5084416419999706,0.5722822916379553,0.6302284664041176,0.1231775250447602,100,100,0,0.01393657167617269,0.0023765510955661316,0.0048438499825089335,0.011952035613911574,0.028779923589428318,0.05536054784129157,0.06626270666116159,0.00029780418865723657,100,100,0,-4.2033631594698624e-10,-1.7908264881824444e-08,-1.1352061503751727e-08,-1.2901244915186453e-10,9.424308486416452e-09,1.4198864227731395e-08,1.4711415575776931e-08,100,100,0,1.3793618848865635e-11,-7.50857782087732e-10,-4.676508393228335e-10,1.056458454878309e-11,6.507296018481104e-10,7.843531324752037e-10,2.311099121295144e-09,100,100,0,-0.00432109571651556,-0.039821362737209216,-0.012753490647148825,-0.0028772302250738594,-0.00036714092186676675,0.0002880176922100508,0.001309366024397091,0.338870383759068,100,100,0,0.3296633485848172,0.2162210839030316,0.24285570601383993,0.30544256267796915,0.4950334686214531,0.558460231154523,0.5673939784788545,0.6253110921123038,0.6938412032625605,0.44744972405637606,0.7403883942425329,0.6264414126863296,0.6942455214471535,0.45178958230600536,0.740510881276371,0.3765650501655891,0.4816713626874746,0.2599607216554877,0.5560704798561804,0.6253110937367378,0.6938412106823848,0.44744971870733236,0.7403883822280211,0.6264414143927735,0.694245528536893,0.45178957625672417,0.7405108692904072,0.37656504864953017,0.4816713595565452,0.25996073372952405,0.5560704845606947
A,1,4,augmented,500,3.469446951953614e-18,500,500,0,1.4176846540769458e-06,1.1414353607839404e-06,1.2558833075710478e-06,1.3980276192361993e-06,1.6319568085679411e-06,1.9622792618945654e-06,2.111734516051557e-06,2.0279409802796775e-12,500,500,0,0.3406397164409408,0.22082142739833124,0.25170426886666764,0.3144112293138359,0.5084416419999702,0.5722822916379549,0.6302284664041176,0.12317752504476026,500,500,0,0.020735674488045655,0.003656740919751172,0.006134153327749636,0.015593810565462671,0.05075615173535069,0.07914751264548242,0.1452012486598288,0.0007040318786282733,500,500,0,-4.195006237070481e-10,-2.2694944288702228e-08,-1.2057839695960873e-08,-4.2365856722789257e-10,1.2491092264853963e-08,1.6846113802679464e-08,2.4491981894233745e-08,500,500,0,-1.8052140018655927e-11,-3.691187083326666e-09,-8.541038566235206e-10,-1.497556038844644e-11,7.709399324609765e-10,1.7979960939706511e-09,3.282674103500444e-09,500,500,0,0.004321098797468186,-0.02161047306030931,-0.0028352638907881327,0.002113309102918402,0.019944069965214903,0.03709584405786251,0.08747268459246202,0.3640381211428925,500,500,0,0.3520477026214264,0.21177582234237122,0.2554204874241616,0.3236911200705726,0.5395849050068838,0.6099666399633225,0.7702056470207652,0.6010794904226661,0.6839947511052151,0.3501129876378326,0.7386370178665967,0.6025937947712575,0.6848528655296439,0.35640426894506366,0.7387771616988518,0.40103042267860867,0.5411199678564562,0.2617587800143829,0.6532978093079757,0.6010794901880844,0.6839947617145289,0.3501129779944969,0.7386370199619471,0.6025937945339699,0.6848528574698874,0.35640425866325776,0.7387771637372468,0.401030422918837,0.5411199649882598,0.2617587777625736,0.6532978184597839
A,1,5,all_native,600,5.551115123125783e-17,600,600,0,0.6876437789864905,0.37253313680412337,0.5282627522889949,0.6648890134466845,0.9284004806779601,1.030240194255546,1.148518601626788,0.4886576982650851,600,600,0,0.44268486402711704,0.24784044144092787,0.30013060233682853,0.4008976627638108,0.7261927948456534,0.7512759592520114,0.9338266053600575,0.21184737429204173,600,600,0,0.03667180951328655,0.006215791665722677,0.010763753391164975,0.02779768659770735,0.09336225867232502,0.12159189133697627,0.21907470587317926,0.002095018570108965,600,600,0,0.15405300172181952,0.04921689644886054,0.08452272556126515,0.13391477712615302,0.3047465953283252,0.3874543310123785,0.5076101403675132,600,600,0,0.0055670194814218706,-0.03839997788208626,-0.009092919374917137,0.0024634301057228193,0.03186117925806257,0.0474587646381893,0.11145978670349856,600,600,0,0.00738687794169586,-0.07855336124277809,-0.013970039893151431,0.0030766116457946503,0.042979566692016066,0.06582995507043438,0.19693068512018536,1.018142371879842,600,600,0,0.9992577094692507,0.5692234425531488,0.7762332069479908,0.9464080161298046,1.385285981495273,1.5736182627217232,1.899322186791637,0.5919353230866696,0.6900944338181083,0.2713309100539181,0.7616740995643269,0.5945141228726508,0.6930306224645928,0.2820068609525338,0.7623334798476398,0.4112244863600232,0.5868716664302114,0.24042490588114582,0.7327114367310406,0.5919353234292003,0.6900944489615839,0.27133091083701255,0.7616740735755133,0.5945141232163897,0.6930306254008664,0.28200686255430063,0.7623334538259683,0.4112244859855201,0.5868716746449886,0.2404249314676057,0.732711436278768
A,1,5,canonical,100,5.551115123125783e-17,100,100,0,0.6688260502233931,0.42776717940101433,0.5179978942539889,0.6500580845732449,0.9054231254439996,0.9516607522428503,0.964997826645758,0.4604366117641929,100,100,0,0.4426848640271172,0.2478404414409288,0.30013060233682853,0.4008976627638108,0.7261927948456528,0.7512759592520116,0.9338266053600559,0.21184737429204176,100,100,0,0.02773672002910426,0.007028603549582914,0.008132392048903581,0.024449545477140386,0.05948463531061577,0.07107389613418695,0.09078391991647193,0.0010098001789607407,100,100,0,0.15012330357997997,0.05752782891899059,0.08447949519339677,0.1321242324693028,0.2929090881886383,0.36124967941623704,0.4270682370322648,100,100,0,-0.0076370150394708,-0.03839997788208626,-0.01952210831212048,-0.006304094764110096,-0.0009151374243027504,-0.00018155082947295996,0.0007654391524942703,100,100,0,-0.011080307922043344,-0.07855336124277809,-0.0306387283091702,-0.008456853890959258,-0.0011324507517624937,-0.00011002454219701411,0.0006603008074332999,0.9675255797508028,100,100,0,0.952501621928939,0.6211940011281675,0.7395454278392439,0.9222072014853491,1.3004854798683942,1.45083589139074,1.5251753904723977,0.6245493412286507,0.7127755111189804,0.4199859430985488,0.7616740995643269,0.6260408349459319,0.7137710143505387,0.42486332605501576,0.7623334798476398,0.3778156619703303,0.5270682075192313,0.24042490588114582,0.5835554469195136,0.6245493416035091,0.7127755211401162,0.41998593984562177,0.7616740735755133,0.6260408353077396,0.7137709991263896,0.4248633238057722,0.7623334538259683,0.3778156615886488,0.5270682131290232,0.2404249314676057,0.5835554508562533
A,1,5,augmented,500,5.551115123125783e-17,500,500,0,0.69140732473911,0.37253313680412337,0.5304835839483754,0.6672750936731837,0.9313604237861344,1.0455316472164884,1.148518601626788,0.49430191556526354,500,500,0,0.4426848640271171,0.24784044144092787,0.30013060233682853,0.4008976627638108,0.7261927948456534,0.7512759592520114,0.9338266053600575,0.21184737429204173,500,500,0,0.038458827410123006,0.006215791665722677,0.01106686538350095,0.02808097317900194,0.1019195192528724,0.12646642215087675,0.21907470587317926,0.00231206224833861,500,500,0,0.15483894135018741,0.04921689644886054,0.0845817937894953,0.13444021661447275,0.3050942919893911,0.3875788490062423,0.5076101403675132,500,500,0,0.008207826385600404,-0.014577436339409423,-0.003963489560678202,0.0048843370266494785,0.032333908161062616,0.050326904898151274,0.11145978670349856,500,500,0,0.011080315114443701,-0.030361467629813073,-0.00514701417855241,0.005563499337719871,0.046206591684204254,0.07646913413230035,0.19693068512018536,1.0279666910003002,500,500,0,1.008608926977313,0.5692234425531488,0.7793375824304385,0.9565350247077989,1.4053138575568453,1.5855588764625244,1.899322186791637,0.5854125194582734,0.6861472811892081,0.2713309100539181,0.7610831482495982,0.5882087804579946,0.6873643591064684,0.2820068609525338,0.7618327878756406,0.4179062512379617,0.5932054725766167,0.24129421912506385,0.7327114367310406,0.5854125197943385,0.6861472940487214,0.27133091083701255,0.7610831596751636,0.5882087807981198,0.6873643402963807,0.28200686255430063,0.7618327993811573,0.41790625086489436,0.5932054661433525,0.24129420809999416,0.732711436278768
A,1,6,all_native,600,1.1102230246251565e-16,600,600,0,1.584861962677746,0.7599483382675155,1.0864373182596319,1.4471621954032532,2.2676828156634876,3.877833513514655,5.85740547664927,2.8536858626779233,600,600,0,0.5512822683713672,0.2679380308317653,0.3657187865889295,0.5168832965528697,0.8527820262661832,1.0012568374328512,1.1692518503427598,0.3297656120960224,600,600,0,0.07079256754666109,0.011612290903775907,0.019211869861985833,0.0507894597319765,0.19524432361229785,0.24189085012916353,0.32199842809537055,0.00800115415191815,600,600,0,0.35704415160213643,0.1208777466999776,0.14542668439606457,0.3099229477135441,0.8243802277877792,1.0201212702118314,1.3545596816283707,600,600,0,0.017660848862366175,-0.09645884194723278,-0.03315956932285918,0.005024307451698911,0.11441730656598087,0.16393889047104945,0.3187581505853717,600,600,0,0.014756441916007355,-0.10858577654776214,-0.029594635800787396,0.005462107758548293,0.08994092781165366,0.1443230928276213,0.31166556015884384,1.9925801147474305,600,600,0,1.9009164007986676,1.0105368820832508,1.3377875815685165,1.7414183109001606,2.7929324961718325,4.11716971499838,5.979501055083593,0.6130762442748726,0.7311924401653935,0.24522675517919604,0.8364932541276763,0.6188215625614861,0.7330035259612784,0.2572072126613493,0.8392137030631321,0.3944914425094249,0.5760936777530765,0.17689864655667267,0.7587503145874989,0.6130762446164866,0.7311924452818246,0.24522675192363447,0.8364932454400217,0.6188215628787641,0.7330035316088657,0.2572072109955352,0.8392136913835697,0.3944914420871477,0.5760936799728761,0.17689864025931426,0.7587503183134968
A,1,6,canonical,100,1.1102230246251565e-16,100,100,0,1.5157401766341685,0.8618274429545671,1.0714419765113976,1.3903325144873069,2.1606441435427235,3.1610610487489104,5.410958917322225,2.5883131989772736,100,100,0,0.5512822683713672,0.2679380308317685,0.36571878658893253,0.5168832965528697,0.8527820262661856,1.0012568374328537,1.1692518503427591,0.32976561209602223,100,100,0,0.0538365551436643,0.011612290903775907,0.015596886987219746,0.04271515708804303,0.11335440646613132,0.13652166881575703,0.1470013237432307,0.003869719591333634,100,100,0,0.33706185721123,0.129281899176315,0.14123700199489456,0.295394358983051,0.7861544335171223,0.9310862792034298,1.13645008970767,100,100,0,-0.021323142344154618,-0.09645884194723278,-0.059175150611851655,-0.015431017035015374,-0.0015022303713945946,0.002790835753538719,0.007630330563439184,100,100,0,-0.022134649883425707,-0.10858577654776214,-0.05600404238244675,-0.015721201579242037,-0.0024881428109338726,-0.0003721799422309331,0.0007725569379893014,1.8732743153718647,100,100,0,1.793195674405053,1.082894869590421,1.323323466769304,1.635623475158222,2.5314700178083913,3.3403553174876843,5.492463320418925,0.6529975652313064,0.7601290735343083,0.4328613865071523,0.8364932541276763,0.655299439886987,0.7620111839478156,0.43615421380061875,0.8392137030631321,0.3515103951398641,0.5028966836191864,0.17689864655667267,0.5696557953727245,0.6529975657937881,0.7601291003571008,0.4328613791197578,0.8364932454400217,0.6552994404076571,0.7620112105391323,0.43615420613043343,0.8392136913835697,0.35151039440074944,0.5028966889262673,0.17689864025931426,0.5696558024682564
A,1,6,augmented,500,1.1102230246251565e-16,500,500,0,1.5986863198864616,0.7599483382675155,1.094579054503537,1.4672289156608274,2.3060528881498117,3.8783478530695175,5.85740547664927,2.906760395418053,500,500,0,0.5512822683713672,0.2679380308317653,0.3657187865889295,0.5168832965528697,0.8527820262661832,1.0012568374328512,1.1692518503427598,0.32976561209602245,500,500,0,0.07418377002726047,0.01429025592614197,0.02053046285715356,0.05274878911107087,0.20178956797195527,0.24697450752790373,0.32199842809537055,0.008827441064035055,500,500,0,0.3610406104803177,0.1208777466999776,0.14797373174646447,0.3139269299649343,0.8309063999098777,1.0208482370985288,1.3545596816283707,500,500,0,0.025457647103670336,-0.08418781389187739,-0.020569813451040933,0.010799344458399255,0.12384170025070361,0.16481262570133384,0.3187581505853717,500,500,0,0.022134660275893968,-0.07760803453019272,-0.015478416583741396,0.010316702244253212,0.09692899163978708,0.15145263157081756,0.31166556015884384,2.0155940276498825,500,500,0,1.9224605460773905,1.0105368820832508,1.3502860893273385,1.7500852457167801,2.8446389326589063,4.117749144765361,5.979501055083593,0.6050919800835858,0.7226496169606464,0.24522675517919604,0.7978882411356225,0.6115259870963858,0.7243942274302239,0.2572072126613493,0.8007139018219406,0.403087651983337,0.6005159026881655,0.21299359215636426,0.7587503145874989,0.6050919803810263,0.7226496107861496,0.24522675192363447,0.7978882593025413,0.6115259873729855,0.7243942219606275,0.2572072109955352,0.8007139180074582,0.40308765162442733,0.6005159032498014,0.21299356770985337,0.7587503183134968
A,1,7,all_native,600,2.220446049250313e-16,600,600,0,2.171325414647255,1.1922692412059899,1.496864774280039,2.0784467664211137,3.218320353073946,4.071441746848689,4.916709532119936,5.04026481668913,600,600,0,0.6697258481061991,0.30949676854321345,0.4688788187412556,0.6463652963919382,1.0292788686828882,1.1084943325258427,1.254592069081743,0.47354974903378405,600,600,0,0.10068589176212275,0.015723459899719294,0.030890777627812515,0.07750472312619158,0.26024231395447134,0.3366213823472971,0.4414056071260442,0.015337249103636796,600,600,0,0.5479730387373664,0.15219736904821993,0.2138265772130834,0.48151942605507636,1.3520097483696782,1.714279517499348,2.237915534377533,600,600,0,0.029036535530891826,-0.13791700787901684,-0.053685345972507265,0.0034446539771491964,0.18837975896020187,0.3620712550937546,0.572213790263288,600,600,0,0.01936694443130699,-0.13214073999776071,-0.0433412873579222,0.0033360039008963954,0.13043273200674502,0.22534961156688352,0.38653175316804356,2.592663659680075,600,600,0,2.519514468554564,1.4896440933360342,1.741362637322048,2.399354831337959,3.6980445310032484,4.608504131157153,4.999342546352774,0.6189299364545636,0.7350411659162943,0.25826082352552643,0.8974033976739831,0.6271299749883849,0.7414843903851617,0.27423525134818005,0.9035128456201975,0.39369149200327686,0.5574516191625087,0.14672650357975797,0.7474512198337403,0.6189299373889902,0.7350411637086839,0.25826082513786386,0.8974034072091003,0.6271299758923408,0.7414843899830097,0.2742352539503315,0.9035128554951369,0.39369149103835155,0.5574516270646138,0.14672649940203705,0.7474512186313398
A,1,7,canonical,100,2.220446049250313e-16,100,100,0,2.043799463895442,1.3286215506066514,1.415568206247247,1.9273598971583694,3.000370616482593,3.178825963669262,4.577420341323998,4.427856904677629,100,100,0,0.6697258481061991,0.30949676854321345,0.46887881874125553,0.6463652963919382,1.0292788686828889,1.1084943325258447,1.254592069081743,0.47354974903378405,100,100,0,0.07057189627925574,0.018937313847208072,0.026867506789095642,0.061562142335659945,0.13893240156738307,0.1471801275922688,0.14881604636134455,0.006139348925227234,100,100,0,0.5071139566847023,0.15219736904821993,0.19259576941312198,0.4420472380945364,1.2617135545486213,1.524056187456392,1.810876359166461,100,100,0,-0.028156054329193648,-0.13791700787901684,-0.08108901155969209,-0.021511902452124577,0.0027460622012193676,0.017168977328733005,0.02307649003513517,100,100,0,-0.029050408334621802,-0.13214073999776071,-0.07917848671417581,-0.020805548016097217,-0.0028412303141657474,0.004917219577189524,0.00821124339288901,2.409846673686609,100,100,0,2.3518350785500783,1.546156425692814,1.6779658846247707,2.201379343645476,3.4012043760958877,3.749740512278017,4.608098310621204,0.65575239001297,0.7401788246355809,0.4500341073975214,0.8974033976739831,0.6601241359922752,0.7459005549824607,0.4521126676620261,0.9035128456201975,0.3535066027381266,0.49900280854197276,0.14672650357975797,0.5516680609437442,0.6557523918753713,0.7401788244958286,0.4500341007594923,0.8974034072091003,0.6601241378838527,0.745900568209405,0.4521126615667766,0.9035128554951369,0.35350660115270693,0.49900281417177095,0.14672649940203705,0.5516680679811095
A,1,7,augmented,500,2.220446049250313e-16,500,500,0,2.1968306047976176,1.1922692412059899,1.502013568890211,2.094518990042456,3.267180729079389,4.07180950679582,4.916709532119936,5.1627463990914295,500,500,0,0.6697258481061992,0.30949676854321345,0.4688788187412556,0.6463652963919382,1.0292788686828882,1.1084943325258427,1.254592069081743,0.47354974903378405,500,500,0,0.10670869085869616,0.015723459899719294,0.031980356057613936,0.08006117454373016,0.27624544799296163,0.347634625924812,0.4414056071260442,0.01717682913931871,500,500,0,0.5561448551478992,0.15576658888097566,0.21439043815276168,0.48791389413754765,1.3843206782182882,1.714279517499348,2.237915534377533,500,500,0,0.04047505350290892,-0.10351650857645107,-0.04148778342054721,0.014238700592152813,0.2075243686143777,0.3697801096146262,0.572213790263288,500,500,0,0.02905041498449275,-0.08820764468655322,-0.029435428197965238,0.01346504356742387,0.13772634721870036,0.2328542474358083,0.38653175316804356,2.627701205338068,500,500,0,2.553050346555461,1.4896440933360342,1.7602620268344515,2.4300235914699337,3.7055830074206946,4.649546350974416,4.999342546352774,0.6115654457428824,0.729336896163904,0.25826082352552643,0.8867259012064336,0.6205311427876067,0.7359355540873953,0.27423525134818005,0.8946896733873921,0.40172846985630684,0.5632476471780141,0.16437095014987155,0.7474512198337403,0.6115654464917141,0.72933688085619,0.25826082513786386,0.8867258669689306,0.6205311434940384,0.7359355473269611,0.2742352539503315,0.894689640749111,0.4017284690154805,0.5632476502073005,0.16437098079013904,0.7474512186313398
A,1,8,all_native,600,2.220446049250313e-16,600,600,0,2.6895583377542,1.555738244237189,1.8677298444212864,2.5411833256283183,4.0170362541609475,4.898009213627397,5.371762878310904,7.698083589822139,600,600,0,0.7233942561153028,0.30065642448750984,0.4308017771378595,0.7143757507989958,1.000731220078369,1.1039530140268778,1.2259384299937228,0.5512857182378366,600,600,0,0.09278214886938073,0.014255274635881006,0.02996374860706467,0.07237551638651707,0.22588423724438308,0.3366863046938228,0.6881419008466344,0.01349483494475158,600,600,0,0.8057549787887786,0.14437957222268333,0.3363300011413889,0.6880357365198522,1.6872404851232956,2.2539769765969595,3.0005691124474376,600,600,0,0.03855747797520248,-0.2980143868543904,-0.07166342075473478,0.0067227177968749476,0.2601558012161748,0.4766495351805376,0.9820746917613845,600,600,0,0.017701528869972945,-0.20348577619188252,-0.05005744242334804,0.003845363131385923,0.12114128133832079,0.24440947658468676,0.4019920550981076,3.160204441847495,600,600,0,3.075146685545471,1.6555071113534663,2.1710561567393674,2.932135211065381,4.531430468325985,5.183154465738859,6.119547293093599,0.6122698855704796,0.7526196874018941,0.28036651592509165,0.9574266987719507,0.6201008920175365,0.7565994260266814,0.2968529231255471,0.9598250245888196,0.3995392476349793,0.5370822758435461,0.08006672394339014,0.735838661081617,0.6122698858045171,0.7526196953882354,0.2803665076471759,0.9574266718316113,0.620100892265332,0.7565994152329445,0.29685291403237285,0.9598249987221409,0.3995392474438321,0.5370822787288478,0.0800667503320527,0.7358386728629065
A,1,8,canonical,100,2.220446049250313e-16,100,100,0,2.487843309144354,1.555738244237189,1.7928811945701921,2.315338189247731,3.63328728402178,3.9340224612905907,4.877784555834766,6.512806867203355,100,100,0,0.7233942561153032,0.30065642448750984,0.4308017771378633,0.7143757507989967,1.000731220078371,1.103953014026879,1.2259384299937228,0.5512857182378369,100,100,0,0.06250925062875318,0.017058879616660128,0.028723553389792857,0.053560197851236675,0.11323383555262283,0.13570608121412525,0.16097876783998857,0.0047625941345128715,100,100,0,0.7383605152805837,0.14437957222268333,0.3342547944455891,0.656361331309431,1.4927831563897078,1.9160551023569883,2.253911375365189,100,100,0,-0.03319591816795724,-0.21790653452752645,-0.09315947476395012,-0.024737386711529127,0.012124187192617686,0.03852270689917928,0.07908718870944885,100,100,0,-0.026552282046446992,-0.1462028768203642,-0.07190569518448116,-0.020468900798598262,0.0013825614788538399,0.015443378794354971,0.04455064426408378,2.902771057060488,100,100,0,2.8403855892138257,1.6555071113534663,2.1097410838836717,2.7307201204270433,3.9972011729471943,4.585156670470812,5.056865931717322,0.6408416784635118,0.7852857018126878,0.4634581915354984,0.8787077792977925,0.6451318991421223,0.7875683610508881,0.4649913322815491,0.8882768456401783,0.3673193700671327,0.48546163570031364,0.17498892261175236,0.5378666712355146,0.6408416794197405,0.7852857063442429,0.4634582013359392,0.8787077911272959,0.6451319001032667,0.7875683687360443,0.46499134155411487,0.8882768547826846,0.3673193691594542,0.485461620323543,0.17498893468254664,0.5378666610307957
A,1,8,augmented,500,2.220446049250313e-16,500,500,0,2.729901343476169,1.5691665147888192,1.8794562785617561,2.5726224296091433,4.117276054928978,4.918788421519445,5.371762878310904,7.935138934345895,500,500,0,0.7233942561153028,0.30065642448750984,0.4308017771378595,0.7143757507989958,1.000731220078369,1.1039530140268778,1.2259384299937228,0.5512857182378365,500,500,0,0.09883672851750624,0.014255274635881006,0.029994069526368086,0.07735180324061013,0.24271144775209352,0.3421453219899487,0.6881419008466344,0.01524128310679932,500,500,0,0.8192338714904175,0.15194403021730452,0.3363300011413889,0.6958496808227015,1.7096217783228167,2.2613619992594103,3.0005691124474376,500,500,0,0.05290815720383442,-0.2980143868543904,-0.05948928482424791,0.017114621837724414,0.2836972036390807,0.5273755663150256,0.9820746917613845,500,500,0,0.026552291053256932,-0.20348577619188252,-0.03468887280355027,0.011067989426320065,0.13242070530370798,0.24734264062870576,0.4019920550981076,3.2092140120573993,500,500,0,3.1220989048118,1.7042427851537103,2.1809252560697603,2.9982265507891235,4.5863993567812384,5.1956651617190195,6.119547293093599,0.6065555269918731,0.7478554793284452,0.28036651592509165,0.9574266987719507,0.6150946905926192,0.7521433948758451,0.2968529231255471,0.9598250245888196,0.4059832231485486,0.5433677203944325,0.08006672394339014,0.735838661081617,0.6065555270814724,0.747855470216931,0.2803665076471759,0.9574266718316113,0.615094690697745,0.752143384779384,0.29685291403237285,0.9598249987221409,0.40598322310070767,0.5433677212970024,0.0800667503320527,0.7358386728629065
A,2,4,all_native,600,3.469446951953614e-18,600,600,0,1.424441261254375e-06,6.767615103051619e-07,1.2601556927319851e-06,1.4139208822000589e-06,1.6419061035335477e-06,1.8830053630743437e-06,2.0405723961300537e-06,2.055016023856484e-12,600,600,0,0.3224186381653198,0.22305508869956753,0.24476243537808984,0.2956723177409898,0.46574209591011906,0.5295320153367702,0.6102979933038164,0.1096308671067489,600,600,0,0.02062705262177726,0.0021768867888634267,0.004626318835151647,0.013456927967651409,0.06204263612775289,0.0891479694730361,0.12259827526944872,0.0007827079379102538,600,600,0,-4.108265607218749e-10,-2.6213820427913165e-08,-1.2884144231127076e-08,-4.633925191859416e-10,1.24302806524216e-08,1.9835107511906856e-08,2.545972975810233e-08,600,600,0,-4.739546789973669e-12,-4.108005765860846e-09,-9.748738187121634e-10,-7.808305248484081e-12,9.257016515455102e-10,1.9726936069453365e-09,3.992543052823556e-09,600,600,0,0.0027044490513182568,-0.03570805399474519,-0.006491529141547155,0.0006825804889115543,0.01970873453821781,0.03902484300226215,0.04953700328763054,0.3403270079177062,600,600,0,0.3302352642887293,0.2119785246044179,0.24443263084515193,0.2988683222567531,0.514639699656223,0.6036826463215662,0.6306919961917304,0.6021904541504439,0.6772060427895449,0.3545527021876909,0.7344360647977383,0.604410072022778,0.6777149979748629,0.3608959968593874,0.7349977705341716,0.40026386046070606,0.5449057804995269,0.2671134461136809,0.6489534006180637,0.6021904536472952,0.6772060393629387,0.35455270860213695,0.7344360538829843,0.6044100715903521,0.6777149942691427,0.3608960050572568,0.7349977592878956,0.400263861033992,0.5449057825318326,0.26711345602993997,0.6489533952927694
A,2,4,canonical,100,3.469446951953614e-18,100,100,0,1.3582121533280475e-06,6.767615103051619e-07,7.31162417783142e-07,1.4133018078502972e-06,1.6465238066396208e-06,1.8469385903141053e-06,2.0405723961300537e-06,1.924205457607158e-12,100,100,0,0.3224186381653199,0.22305508869956797,0.24476243537808978,0.2956723177409903,0.4657420959101207,0.5295320153367713,0.6102979933038153,0.10963086710674898,100,100,0,0.014480600533867205,0.0021768867888634267,0.003050297638657794,0.011088622225242916,0.0357959739658209,0.06815081117706205,0.07412562838659698,0.0003686778979730959,100,100,0,7.758792368992684e-10,-1.5588075018910098e-08,-1.3216077508508078e-08,5.956584512513647e-10,1.3465369781771861e-08,2.1128864093151293e-08,2.4525073467263035e-08,100,100,0,-2.0599590217014576e-11,-1.1277229811094704e-09,-6.73597219923605e-10,-3.633836332531722e-11,6.321277889371057e-10,1.4894887009847347e-09,1.5523809637153947e-09,100,100,0,-0.004056670345239358,-0.03570805399474519,-0.012091147896735696,-0.0024556971328405326,-0.0001945238828702478,5.666829483017036e-05,0.003182006691164212,0.3191961870491671,100,100,0,0.3113591768067245,0.21570055215707706,0.23598300471262829,0.2909904933354924,0.45926850017336385,0.5109607530878019,0.6014615206333697,0.6232387032545855,0.6971074097330201,0.42356631936468553,0.7330286344747359,0.6248862301418072,0.6974626176667982,0.42607509642263186,0.7336533976669805,0.3787398498008105,0.478183448973719,0.2686820406332235,0.6025675390846837,0.6232387046208117,0.6971074173481695,0.42356631922476906,0.7330286444215492,0.6248862316788167,0.697462625097054,0.42607509616563355,0.7336534076350012,0.3787398486819069,0.47818344657251216,0.2686820308307772,0.6025675437948164
A,2,4,augmented,500,3.469446951953614e-18,500,500,0,1.4376870828396402e-06,1.1985414233596113e-06,1.2810424517238204e-06,1.414114455667366e-06,1.6379723597089857e-06,1.8830053630743437e-06,2.0014658797057e-06,2.0811781371063492e-12,500,500,0,0.32241863816531974,0.22305508869956753,0.24476243537808984,0.2956723177409898,0.46574209591011906,0.5295320153367702,0.6102979933038164,0.10963086710674887,500,500,0,0.021856343039359273,0.0027538011182424815,0.005278585053912018,0.014377106819797328,0.06310444963765906,0.08976607265226277,0.12259827526944872,0.0008655139458976854,500,500,0,-6.481677202461035e-10,-2.6213820427913165e-08,-1.28284133389498e-08,-8.559283985911363e-10,1.1683670738108647e-08,1.6543271358421643e-08,2.545972975810233e-08,500,500,0,-1.5675381045654866e-12,-4.108005765860846e-09,-1.1319353933021828e-09,7.243890516414584e-12,9.435515017762217e-10,2.0563092161459556e-09,3.992543052823556e-09,500,500,0,0.004056672930629781,-0.022709700069814813,-0.0034074630706959577,0.0013512976186155058,0.021532535673776672,0.04384674904760539,0.04953700328763054,0.3443976271935055,500,500,0,0.3340104817851303,0.2119785246044179,0.24556726033336548,0.3019643022149172,0.5157562038353803,0.6121821601625943,0.6306919961917304,0.5979808043296155,0.6745478981653611,0.3545527021876909,0.7344360647977383,0.6003148403989721,0.674900083840763,0.3608959968593874,0.7349977705341716,0.40456866259268526,0.5456772634792877,0.2671134461136809,0.6489534006180637,0.5979808034525919,0.6745479148487183,0.35455270860213695,0.7344360538829843,0.6003148395726592,0.6749001003850905,0.3608960050572568,0.7349977592878956,0.40456866350440895,0.5456772649656277,0.26711345602993997,0.6489533952927694
A,2,5,all_native,600,5.551115123125783e-17,600,600,0,0.663637738649544,0.39088948011698244,0.4799538059433628,0.6246815246859521,0.9637963472152153,1.2517111828261498,1.3266322828162662,0.46339042835378935,600,600,0,0.4137337640250847,0.2661482288418237,0.27537232764411024,0.39049926584091527,0.5911038282722691,0.6837880128340252,0.6878367328393842,0.18046144479080634,600,600,0,0.04354115562303059,0.005420103786212586,0.00988496232824574,0.029628988047714872,0.11529330018035976,0.18136432680887593,0.27274443797787656,0.003371386182612768,600,600,0,0.1272389945828842,0.05541683147943272,0.07053791335402011,0.1095178269640324,0.23107208848559346,0.31074319439523435,0.322998209558574,600,600,0,0.004565212670854143,-0.07386547635802426,-0.009322845882779783,0.0016065846074148923,0.029960646132270223,0.0577029226509907,0.09826493685612667,600,600,0,0.006425355431412325,-0.11629014970390755,-0.014286819019020045,0.0025350819267218336,0.0425644386756807,0.07448181953842592,0.11166567499683215,0.961083963396284,600,600,0,0.9435525908127155,0.5585585626522221,0.7041918325949348,0.891146415888926,1.3382400411656192,1.537823233196869,1.6854499359836048,0.5891779309032334,0.6939844637367789,0.324685559687954,0.8388277785197372,0.59377994981708,0.695101068094352,0.3365528363484222,0.8390634085333557,0.41615590983536144,0.5784337972933659,0.1623941085758307,0.6810996199369516,0.5891779307673628,0.6939844606489887,0.3246855574833762,0.8388277734201123,0.5937799496929282,0.6951010653033026,0.33655283757847854,0.8390634026550472,0.41615590997852087,0.5784337949124018,0.16239410960635722,0.6810996237815531
A,2,5,canonical,100,5.551115123125783e-17,100,100,0,0.6435872946447515,0.39088948011698244,0.46453126964259484,0.6156409245579373,0.9078819174418864,1.1392369188318145,1.2365110853438728,0.43572513430695664,100,100,0,0.4137337640250847,0.2661482288418249,0.2753723276441101,0.39049926584091527,0.5911038282722693,0.6837880128340253,0.6878367328393842,0.18046144479080634,100,100,0,0.03282112632418773,0.005420103786212586,0.00755421153660395,0.025174109774525225,0.08695046721790775,0.10501751206009985,0.1374258455058451,0.0016683207007142055,100,100,0,0.12485061815913195,0.056632635999030644,0.07122931886468815,0.10962728009723814,0.22048988139025583,0.27615999027195465,0.3116854949919994,100,100,0,-0.005870432134938154,-0.03672071296455874,-0.019288003571888347,-0.004391297191866339,-0.0006753420371192696,0.010295106892201034,0.03808662973058626,100,100,0,-0.009638030961500314,-0.06918108782236296,-0.030727619958999523,-0.006691211034616249,-0.0011556501805162337,0.002049758251616401,0.049950625162984694,0.9146251745517746,100,100,0,0.8995306791335165,0.5585585626522221,0.6769508148368929,0.8517020215063967,1.2424528284277605,1.3677023267738597,1.3780256519665608,0.6204266806284351,0.7107274749336692,0.34741407314526035,0.8388277785197372,0.6221276772553559,0.711324546571633,0.3508947716726116,0.8390634085333557,0.38189220213738473,0.5047049637920699,0.1623941085758307,0.6544455626686252,0.620426683559152,0.7107274637792761,0.3474140635974528,0.8388277734201123,0.6221276801062491,0.711324546291093,0.350894761782304,0.8390634026550472,0.38189219917344663,0.5047049544502876,0.16239410960635722,0.6544455719548831
A,2,5,augmented,500,5.551115123125783e-17,500,500,0,0.6676478274505026,0.39647915515397214,0.4812616597655675,0.6289750449884193,0.9637963472152153,1.252231252199733,1.3266322828162662,0.46892348716315585,500,500,0,0.4137337640250847,0.2661482288418237,0.27537232764411024,0.39049926584091527,0.5911038282722691,0.6837880128340252,0.6878367328393842,0.18046144479080636,500,500,0,0.04568516148279916,0.0056982319025319856,0.010325079868488466,0.031580365070164304,0.12492248802699615,0.19275273261331438,0.27274443797787656,0.0037119992789924803,500,500,0,0.12771666986763466,0.05541683147943272,0.07053791335402011,0.10934062062410553,0.23243156272247156,0.31074319439523435,0.322998209558574,500,500,0,0.006652341632012601,-0.07386547635802426,-0.005689137903960818,0.0030123972711282613,0.03223587428885054,0.06613323212995377,0.09826493685612667,500,500,0,0.009638032709994852,-0.11629014970390755,-0.007316280454072587,0.004671070881169491,0.04614053367837817,0.07555556415129722,0.11166567499683215,0.9701087669185549,500,500,0,0.9523569731485553,0.626196430597804,0.7243422336227855,0.902129670738693,1.3424052394836974,1.5417407505420442,1.6854499359836048,0.5829281809581931,0.6851235511640035,0.324685559687954,0.8233797991448393,0.5881104043294247,0.6865311215343914,0.3365528363484222,0.8235488880275115,0.42300865137495675,0.5873865574489368,0.17740679998712572,0.6810996199369516,0.5829281802090049,0.6851235441601125,0.3246855574833762,0.8233798059204888,0.588110403610264,0.6865311179895823,0.33655283757847854,0.8235488947538097,0.4230086521395357,0.587386562133085,0.17740679301888057,0.6810996237815531
A,2,6,all_native,600,2.220446049250313e-16,600,600,0,1.5542518898548554,0.7137272672109181,1.050127109207007,1.3662998571557523,2.7190753879760425,3.4933692116691457,3.987674610360718,2.710063324006668,600,600,0,0.5113988711554508,0.28868074731902554,0.3533097747589404,0.49968163628110296,0.7364804539851625,0.7746872471727303,0.8915253093109733,0.27450844523044554,600,600,0,0.11246325564582016,0.01084208776725074,0.019666472517280167,0.07672729523466129,0.30909830062624344,0.4973448939487513,0.682514725204511,0.0230660595114677,600,600,0,0.29021559033143013,0.06804964803607233,0.12453156454559383,0.24542096571310157,0.5896486042141121,0.7783379842805208,0.8377681960445552,600,600,0,0.003482318263480486,-0.5907772702624144,-0.06453214940475624,0.001036096975695736,0.09649298602278931,0.1498816202572254,0.24564923809751982,600,600,0,0.012312032787014768,-0.14110642049757438,-0.026470301562750046,0.0032633750563003812,0.08116885190811945,0.13519808754033774,0.1596042141773883,1.9025398055001193,600,600,0,1.8266875564880063,0.9661734073086377,1.3252601642161834,1.6433249635561087,2.9525213986411427,3.586051995179005,4.250215529002993,0.6040582801837546,0.7097014744505891,0.35051336064409655,0.9037948103779577,0.6238895990914483,0.7232361807045754,0.36232296425725324,1.017695721713831,0.4228976719681478,0.607148546537857,0.21787443384302968,0.8075440796094573,0.6040582797771009,0.7097014650679994,0.3505133625526188,0.9037948064739172,0.6238895987030625,0.7232361920793193,0.36232296685791654,1.0176957121191146,0.42289767225077185,0.607148540323707,0.21787443572179885,0.8075440813721699
A,2,6,canonical,100,2.220446049250313e-16,100,100,0,1.4720098375907205,0.7137272672109181,1.0112022934834333,1.3225524606795593,2.4490759573420884,3.0360281623244845,3.986647785171534,2.4136812133752246,100,100,0,0.5113988711554506,0.28868074731902715,0.3533097747589403,0.49968163628110296,0.7364804539851629,0.774687247172732,0.8915253093109733,0.2745084452304453,100,100,0,0.09336123114519689,0.01084208776725074,0.02033435124773776,0.0730388450512291,0.2171421816485548,0.2863895429082176,0.3089469653969648,0.01336895725502608,100,100,0,0.2765714087792388,0.0714173744946053,0.12127112874817852,0.23535914572721522,0.5129842149457885,0.638269772691837,0.7932572653682196,100,100,0,-0.00039387995854118314,-0.07836678066590147,-0.04283262458276159,-0.007018049118223653,0.06781250786518392,0.1200398057619083,0.15107290726714645,100,100,0,-0.018468044748942158,-0.11134612896963492,-0.05769777394169497,-0.015012054199841252,-0.0006035888962845496,0.02436204462287195,0.03298017457377729,1.7935934834862126,100,100,0,1.7254573468641863,0.9661734073086377,1.2916864995319135,1.5814704677274078,2.6132673149833057,3.12067338740715,4.231808029117168,0.6297437571911559,0.7240946117605253,0.3756946922903168,0.7698056132981281,0.632796498841308,0.7254164111843266,0.38053254638987866,0.7705613675907975,0.375034048788043,0.5013780507980741,0.23270924912247076,0.6272285343328472,0.6297437564914095,0.72409460315655,0.37569470346576794,0.7698055742136127,0.6327964981478561,0.7254164033545615,0.3805325574096518,0.7705613288468851,0.375034049508954,0.5013780491759348,0.2327092887854977,0.6272285232012287
A,2,6,augmented,500,2.220446049250313e-16,500,500,0,1.5707003003076823,0.8842344722118947,1.0556672024716256,1.3757273966967436,2.758073774802031,3.4933692116691457,3.987674610360718,2.7693397461329563,500,500,0,0.5113988711554508,0.28868074731902554,0.3533097747589404,0.49968163628110296,0.7364804539851625,0.7746872471727303,0.8915253093109733,0.27450844523044554,500,500,0,0.11628366054594481,0.012246123262888396,0.0196146204945205,0.07725369619543146,0.32406753161678176,0.5256299705241778,0.682514725204511,0.025005479962756025,500,500,0,0.2929444266418684,0.06804964803607233,0.12851429335533376,0.24757353333033136,0.6160346156579765,0.7783379842805208,0.8377681960445552,500,500,0,0.00425755790788482,-0.5907772702624144,-0.06885270163915695,0.0017849592654295078,0.09695007211984083,0.14997343570163243,0.24564923809751982,500,500,0,0.018468048294206153,-0.14110642049757438,-0.01623690392516457,0.008228817859838313,0.08755667570421106,0.13894231536011253,0.1596042141773883,1.923588765046749,500,500,0,1.8469335984127704,1.1370534887471502,1.3431856179975388,1.6502696267574635,2.984924451248572,3.586051995179005,4.250215529002993,0.5989211847822743,0.7033522426215577,0.35051336064409655,0.9037948103779577,0.6221082191414762,0.7207046514221208,0.36232296425725324,1.017695721713831,0.43247039660416886,0.6153943839334556,0.21787443384302968,0.8075440796094573,0.5989211844342391,0.7033522673636659,0.3505133625526188,0.9037948064739172,0.6221082188141038,0.7207046567724745,0.36232296685791654,1.0176957121191146,0.4324703967991354,0.6153943974327971,0.21787443572179885,0.8075440813721699
A,2,7,all_native,600,1.1102230246251565e-16,600,600,0,2.1194251714570744,1.2635292445006796,1.5524595610016245,1.9725981387120775,3.1394127103799407,4.052203995963795,4.405069909501089,4.769209584831905,600,600,0,0.6285758370116238,0.24866535530303058,0.4638200259594991,0.6214918871175414,0.8398240628174267,0.929532995359318,1.0030087993835748,0.40996496651111575,600,600,0,0.17601586332631827,0.021244355903412306,0.040710742117864344,0.13285304637751758,0.4601465705892069,0.625977321556785,0.9678768711286393,0.050282561386516295,600,600,0,0.4476921738462396,0.04420068840640497,0.19657589925453126,0.4077195889817563,0.8606904676539184,1.0941348242121465,1.2686625391779098,600,600,0,0.03643164888292031,-0.12386681275729153,-0.044560554327564506,0.010740741094302644,0.20594941402294586,0.3253561799976918,0.6082622270285609,600,600,0,0.019827227016184588,-0.14016070388109544,-0.047277461585261416,0.004842172962809802,0.13547039780060177,0.19143963718556603,0.23496552159643475,2.4974705628335694,600,600,0,2.439611423007527,1.5872843048078267,1.866525208550923,2.3246492158083205,3.498742711961669,4.297353480970369,4.537310313232251,0.6014924824246735,0.7230784943808846,0.3428869270158889,0.9614626539018627,0.6304439786447117,0.764122479266547,0.3673209544696828,1.0439103713394642,0.4361799874105003,0.6435814847315479,0.1606672887432678,0.9129929565399677,0.6014924827935663,0.723078495355354,0.34288692682300975,0.9614626733592857,0.6304439790236865,0.7641224866430865,0.3673209496886288,1.0439103971560955,0.4361799870565925,0.6435815041153736,0.16066727905021616,0.9129929641395499
A,2,7,canonical,100,1.1102230246251565e-16,100,100,0,2.044686292398824,1.2861207790738751,1.4894491467939825,1.8861572644158853,3.045499864490949,4.200968647316647,4.372212887670635,4.458197093621112,100,100,0,0.6285758370116238,0.24866535530303058,0.4638200259595012,0.6214918871175407,0.8398240628174276,0.9295329953593169,1.0030087993835748,0.4099649665111157,100,100,0,0.13529806440380296,0.031610613994149266,0.039854889953095725,0.12133261541351265,0.26653321608925484,0.33362333997404464,0.39468213764267546,0.024705111959248766,100,100,0,0.4098757473599729,0.05366905021572701,0.19278196854635388,0.3734914596962736,0.8478129854719108,0.9357314294715815,0.9559086808567963,100,100,0,-0.0034619762307156947,-0.12386681275729153,-0.07189238014101676,-0.008202666133904416,0.07955912112849527,0.11732947248822276,0.14993517849918234,100,100,0,-0.02974083034752618,-0.14016070388109544,-0.07919522466722705,-0.026084885902878496,0.0033687250672840958,0.015888685080235866,0.03800982604079485,2.3761761411256823,100,100,0,2.3195401197332153,1.5872843048078267,1.7881460948779637,2.1523091658127416,3.2411326915664143,4.4190861346361165,4.462299453930004,0.6305786971804226,0.7183248342020317,0.3998430094506829,0.8680864769337865,0.636453725439347,0.726428512041584,0.406549151715227,0.8729186282464624,0.379717179222184,0.5122239195857543,0.1606672887432678,0.6046455109061878,0.6305786979794046,0.7183248524146233,0.39984300550449875,0.8680864822490245,0.6364537261717635,0.7264285153833308,0.4065491492942909,0.8729186325514244,0.3797171782833875,0.5122239283938587,0.16066727905021616,0.6046455158048509
A,2,7,augmented,500,1.1102230246251565e-16,500,500,0,2.1343729472687247,1.2635292445006796,1.5566162022037755,1.9765299862092196,3.151006621938946,3.9481964144980086,4.405069909501089,4.8314120830740634,500,500,0,0.6285758370116239,0.24866535530303058,0.4638200259594991,0.6214918871175414,0.8398240628174267,0.929532995359318,1.0030087993835748,0.4099649665111158,500,500,0,0.18415942311082137,0.021244355903412306,0.040937060353490595,0.1367066544610487,0.47319995425908057,0.6519309728774103,0.9678768711286393,0.0553980512719698,500,500,0,0.455255459143493,0.04420068840640497,0.19704857568230388,0.4142262979838697,0.8607970772412686,1.0980797781386453,1.2686625391779098,500,500,0,0.04441037390564751,-0.12340450898418702,-0.041414783238038835,0.016149343611458686,0.21949561004089324,0.3300796728767186,0.6082622270285609,500,500,0,0.02974083848892674,-0.12712807592696374,-0.03059696608527054,0.014381560045905545,0.14345963547792656,0.19349518621575834,0.23496552159643475,2.5210292429746395,500,500,0,2.4636256836623893,1.6293851551227814,1.882721859959653,2.3412529174432546,3.525352974288444,4.2823868240713585,4.537310313232251,0.5956752394735235,0.7241531039285478,0.3428869270158889,0.9614626539018627,0.6292420292857847,0.7672631937845168,0.3673209544696828,1.0439103713394642,0.4474725490481636,0.6488524998664292,0.20081448004415875,0.9129929565399677,0.5956752397563986,0.7241531004774482,0.34288692682300975,0.9614626733592857,0.6292420295940712,0.7672631928518621,0.3673209496886288,1.0439103971560955,0.4474725488112335,0.6488525001955886,0.20081449261809953,0.9129929641395499
A,2,8,all_native,600,2.220446049250313e-16,600,600,0,2.6700799498360586,1.6146576917760014,1.9193647108195997,2.514016131623147,4.03927284838213,4.754430698930119,6.325079257314613,7.573556033764905,600,600,0,0.6867173417414921,0.373886580091402,0.5241194694372564,0.6845053855672236,0.8664002386040156,0.9322602758594551,1.028604622851678,0.48368481194780877,600,600,0,0.14667037093856614,0.016369744690051858,0.034239029121756484,0.10633160114295337,0.3471289766151239,0.5229233273908738,1.325860993321429,0.03877686966443801,600,600,0,0.6656181503547703,0.11945745069590186,0.3144686484679406,0.6124954854583728,1.1982880376484948,1.5407891683600945,1.9555549177445186,600,600,0,0.07135568173751096,-1.5696464194820998,-0.06625033318657388,0.018234201349768955,0.3994530902728788,0.6087620248306586,1.675973250405199,600,600,0,0.02764070172209267,-0.4684635388774331,-0.06776254111488442,0.007885845241462363,0.17319946948936954,0.254477509631324,0.3250735486027394,3.1024581839254335,600,600,0,3.025187352022103,1.7619479455799312,2.2596960757590856,2.8700692011300024,4.382094352740281,5.117666023033206,6.65555939350282,0.5754394643805251,0.6881081192518481,0.2815961409172161,1.42904056836308,0.5941628960950489,0.6928034041117045,0.36681276521093237,1.4633332865270208,0.4492338851105699,0.6313014628466179,0.28008839951617887,0.8307777272097255,0.5754394639658436,0.6881081151434199,0.281596135302811,1.4290405851631525,0.5941628956196462,0.6928033909199158,0.3668127616008395,1.463333299415091,0.4492338855310853,0.6313014677735411,0.28008838219086357,0.8307777306944147
A,2,8,canonical,100,2.220446049250313e-16,100,100,0,2.544693620964596,1.6146576917760014,1.8832680432354083,2.38746982681113,3.5952273397360015,4.99803685389034,6.176776680627942,6.951432079703693,100,100,0,0.6867173417414922,0.3738865800914045,0.5241194694372575,0.6845053855672236,0.8664002386040159,0.9322602758594559,1.028604622851678,0.4836848119478088,100,100,0,0.1114526453785274,0.022907440319037,0.030728970919881294,0.09004193560090676,0.2235226932907032,0.26547448618539427,0.8454348376505277,0.021221414968210724,100,100,0,0.5909109623262863,0.11945745069590186,0.28136297954906747,0.5456339383047365,1.0463655924398272,1.408267193249677,1.5123042655217402,100,100,0,-0.02179483965139958,-0.1828992433784769,-0.10482927619931212,-0.03104884303064039,0.004884850886292462,0.07087784683676104,1.675973250405199,100,100,0,-0.04146103948003563,-0.13523163079084505,-0.1061793707206439,-0.037686440970975205,-0.00812146182557198,0.011283107981001513,0.2661433512985497,2.91747296011624,100,100,0,2.834735447355182,1.7619479455799312,2.210739624031693,2.6536503388530486,3.9172867328623364,5.248595643448783,6.65555939350282,0.6230949750967376,0.7055158622886719,0.39352849285516234,0.7330555592900236,0.6282159297045165,0.7105580756634658,0.4001743139669807,0.737943514182205,0.3854324611397054,0.47222060635367363,0.28008839951617887,0.6108047935704328,0.6230949748191136,0.7055158526108884,0.3935284833532246,0.7330555717067071,0.6282159294421632,0.7105580657624079,0.4001743039756102,0.7379435244323983,0.38543246143813176,0.47222060528202764,0.28008838219086357,0.6108048025809185
A,2,8,augmented,500,2.220446049250313e-16,500,500,0,2.6951572156103514,1.6226261090097611,1.9225459634155002,2.5571762520398043,4.071105038505353,4.729367178625975,6.325079257314613,7.697980824577146,500,500,0,0.6867173417414921,0.373886580091402,0.5241194694372564,0.6845053855672236,0.8664002386040156,0.9322602758594551,1.028604622851678,0.48368481194780866,500,500,0,0.15371391605057388,0.016369744690051858,0.03613035741307139,0.11133761372072343,0.35639458001909236,0.5229233273908738,1.325860993321429,0.042287960603683464,500,500,0,0.6805595879604672,0.14031701195889273,0.3323249456294151,0.6222903306486027,1.2114997987729152,1.5505436901598646,1.9555549177445186,500,500,0,0.08998578601529306,-1.5696464194820998,-0.051220886412351986,0.03897326638146231,0.41611831188183596,0.6087620248306586,0.7853192524984487,500,500,0,0.04146104996251832,-0.4684635388774331,-0.04311673736128295,0.02234798034872273,0.18064380854688428,0.254477509631324,0.3250735486027394,3.1381469763230014,500,500,0,3.063277732955487,1.7944880793330829,2.28913468719404,2.9057922099369025,4.434040575676623,5.1170382887125685,6.502699471371897,0.5659083622372826,0.6841699463958163,0.2815961409172161,1.42904056836308,0.5873522893731555,0.6886604683316896,0.36681276521093237,1.4633332865270208,0.46199416990474285,0.6422321029686621,0.28640678566541794,0.8307777272097255,0.5659083617951897,0.6841699381330716,0.281596135302811,1.4290405851631525,0.5873522888551428,0.6886604615766182,0.3668127616008395,1.463333299415091,0.46199417034967594,0.6422321171740215,0.28640677754091065,0.8307777306944147
A,3,4,all_native,600,3.469446951953614e-18,600,600,0,1.4084430415950992e-06,6.586740276780824e-07,1.1731512822327093e-06,1.405319027314499e-06,1.6764362098609585e-06,1.8486245958925918e-06,1.915962872122179e-06,2.0177563275640927e-12,600,600,0,0.3136559206955229,0.2265923881427793,0.23630074605334436,0.2819693357306292,0.4686349129802824,0.5925248101454942,0.6488425126127205,0.1049902961408641,600,600,0,0.018532501022796903,0.002404192174425557,0.005117588134163308,0.013879417439017867,0.04900736349998593,0.07768989486994059,0.11010966075016256,0.0005755834520718613,600,600,0,-9.609436009360054e-11,-2.599497695817189e-08,-1.153952861574108e-08,6.951210722152606e-11,1.0740274721557226e-08,1.5951126609771765e-08,3.134116843725072e-08,600,600,0,1.1352582236459365e-11,-2.7930045233986445e-09,-7.249279044746943e-10,6.054450335987101e-12,7.396799282388744e-10,1.4428657720926027e-09,3.0404188767022907e-09,600,600,0,0.002678255244663554,-0.03881496713421311,-0.005403207591694229,0.0011534247383138297,0.01547845232016059,0.030680657316538837,0.06222295872577703,0.33305013123371874,600,600,0,0.3213295791406208,0.22290034289655547,0.23611417968972653,0.2906560084589032,0.5064079950258066,0.6328201102544005,0.7456817736527149,0.5933415393664404,0.6793177772523594,0.2633368176843074,0.7230206405524942,0.5943790948074502,0.6798132505813296,0.2683462224847249,0.7235456839028833,0.40800985961772773,0.5896015130192217,0.27834704163957374,0.7384687263203547,0.5933415388423979,0.6793177741829355,0.26333680501420836,0.7230206373483831,0.5943790943036699,0.6798132473440996,0.2683462092478282,0.7235456802689153,0.4080098601818932,0.589601507725992,0.27834704370451174,0.7384687386675637
A,3,4,canonical,100,3.469446951953614e-18,100,100,0,1.3100143664070946e-06,6.586740276780824e-07,7.078048133649355e-07,1.3995152854683124e-06,1.6896354736034266e-06,1.8339790796590884e-06,1.8918353887061683e-06,1.8242461982767815e-12,100,100,0,0.3136559206955229,0.2265923881427793,0.23630074605334436,0.28196933573062954,0.46863491298028276,0.592524810145495,0.6488425126127205,0.10499029614086412,100,100,0,0.013480922286941945,0.0025694204267168183,0.004111360643299771,0.01052349099294532,0.032788407759965374,0.050974472161648805,0.061983006799060526,0.0002823613626803083,100,100,0,2.2013858371078755e-11,-1.6693740511544363e-08,-1.0308850274132393e-08,-2.5134385564385577e-10,8.636679620108129e-09,1.818359534782576e-08,2.036696112514803e-08,100,100,0,4.004250813058929e-11,-6.280360863910032e-10,-3.1414007493885433e-10,3.1813554417104235e-12,4.679740645096479e-10,7.738582938800312e-10,1.189162566779739e-09,100,100,0,-0.004017379851940756,-0.03881496713421311,-0.012785082685130476,-0.002398658123364114,-0.0003200765670984916,3.816991635209489e-05,0.0005267613404785472,0.3118299182657108,100,100,0,0.30261444124267967,0.22290034289655547,0.2320025896538742,0.27429432913461427,0.4441879876683742,0.5707519825011284,0.5892440691792054,0.616043061751848,0.6894739600077157,0.33408577586955895,0.7230206405524942,0.6168344557127878,0.6902469388675345,0.3351732776106202,0.7235456839028833,0.3851667791896333,0.5450464366501169,0.27834704163957374,0.6664604821631422,0.6160430606188746,0.6894739596410457,0.3340857809568807,0.7230206373483831,0.6168344545195066,0.6902469387114722,0.3351732855422853,0.7235456802689153,0.38516678024204426,0.5450464356254825,0.27834704370451174,0.6664604785187559
A,3,4,augmented,500,3.469446951953614e-18,500,500,0,1.4281287766327e-06,1.1078986440845624e-06,1.2542586467783912e-06,1.4064051162060373e-06,1.6593722851641256e-06,1.8486245958925918e-06,1.915962872122179e-06,2.056458353421555e-12,500,500,0,0.31365592069552284,0.2265923881427793,0.23630074605334436,0.2819693357306292,0.4686349129802824,0.5925248101454942,0.6488425126127205,0.1049902961408641,500,500,0,0.019542816769967896,0.002404192174425557,0.005565677089800759,0.014617943902115927,0.05144124925473633,0.08259405509088268,0.11010966075016256,0.0006342278699501719,500,500,0,-1.197160037865364e-10,-2.599497695817189e-08,-1.1700235080284485e-08,1.6544719840303417e-10,1.097197546380637e-08,1.5089546987087763e-08,3.134116843725072e-08,500,500,0,5.6145970576333784e-12,-2.7930045233986445e-09,-8.194134163952042e-10,6.670359811510343e-12,8.100556688017012e-10,1.4638565871088921e-09,3.0404188767022907e-09,500,500,0,0.004017382263984416,-0.013615216486501127,-0.0024057391809276466,0.001924262817927811,0.018161254659765987,0.033858489628507606,0.06222295872577703,0.33713393230678623,500,500,0,0.32507260672020905,0.225997659058084,0.23710077863095463,0.29508925661538354,0.5071680152943996,0.6384756973419944,0.7456817736527149,0.588801234889359,0.6719707360308204,0.2633368176843074,0.7118829164582878,0.5898880226263827,0.672371054837998,0.2683462224847249,0.7123763528088629,0.4125784757033466,0.5975990553866163,0.28933412367828626,0.7384687263203547,0.5888012344871025,0.6719707223772259,0.26333680501420836,0.7118829204987744,0.5898880222605025,0.6723710411739248,0.2683462092478282,0.7123763572985592,0.412578476169863,0.5975990684113691,0.2893341207676961,0.7384687386675637
A,3,5,all_native,600,5.551115123125783e-17,600,600,0,0.6528148815575036,0.44927098470166554,0.5037563527307024,0.6181230158648889,0.9724178216257089,1.0587618242256687,1.2249714501848266,0.4437952099162979,600,600,0,0.4034335865475832,0.24904747052087625,0.2780333996212186,0.3813972517502341,0.637221367183809,0.7505295022956833,0.8932447952686344,0.17508757150203913,600,600,0,0.03746829154835968,0.004252744643876654,0.010401023116045125,0.028154186860506844,0.09407879661493046,0.15021883113732024,0.21824777196042922,0.002252988156433962,600,600,0,0.1199981165260571,0.043732882757138256,0.06615205125275221,0.10596760560455962,0.2605580189052021,0.40231155377100614,0.46588661132710824,600,600,0,0.0037179486005673897,-0.03966933147902221,-0.008415451554641178,0.001399886724438905,0.021917518219355756,0.0420463079716374,0.08880588415248077,600,600,0,0.005977463709397424,-0.07830159093287944,-0.01144557927592615,0.002682091657064794,0.03577107046906403,0.07115183596529735,0.15702239763249137,0.9383617784451873,600,600,0,0.918575710379396,0.6226696154242785,0.7034076826701955,0.8748287865220503,1.331432459264103,1.6268250672900073,1.7920291426695854,0.580142708193183,0.6741206390044359,0.19725532274033597,0.7289082165940749,0.5835046445476518,0.675078410779532,0.20708686104687904,0.7293054811037406,0.4237292443009711,0.620395319777411,0.27215813708175046,0.805216941288233,0.5801427078778103,0.674120639437138,0.19725532485242928,0.7289082189086707,0.5835046442393019,0.6750783986268922,0.20708686537560447,0.729305482759407,0.42372924461456224,0.6203953225916785,0.2721581330138601,0.8052169397784892
A,3,5,canonical,100,5.551115123125783e-17,100,100,0,0.6270964471790811,0.4521645688977133,0.488870126322419,0.5903159580006441,0.8541735780348767,0.9748874019733351,0.9989534533485568,0.40662868304247857,100,100,0,0.4034335865475832,0.24904747052087625,0.27803339962121937,0.3813972517502341,0.6372213671838095,0.7505295022956853,0.8932447952686329,0.17508757150203913,100,100,0,0.027845316313316246,0.0073825462712446555,0.009834533840462487,0.024308270267718902,0.0604779471845825,0.07980720375631982,0.09414610363042678,0.001024552030902504,100,100,0,0.117226622276902,0.045354928175151264,0.06849184073478881,0.10343317614590233,0.2581371973086346,0.3881596115798318,0.41637731588902516,100,100,0,-0.0052386010033418475,-0.03966933147902221,-0.013793643304510344,-0.0036164363620140917,6.530712900333076e-06,0.00360516171202543,0.00396398734337123,100,100,0,-0.00896619233841341,-0.07830159093287944,-0.026126031684377396,-0.0057689810496614445,-0.0010678757778885789,0.0010986260185132056,0.0013696535867322723,0.8881353863267208,100,100,0,0.8727312142060133,0.6226696154242785,0.6966913689251191,0.8425325938827729,1.2537589357441796,1.4832481743276036,1.5102844840443546,0.611172555626985,0.6917368357553594,0.38917695729205753,0.7289082165940749,0.6124350869995808,0.6927754478593062,0.3944925961485203,0.7293054811037406,0.39064265656447617,0.5818473168520221,0.27215813708175046,0.6144962137069152,0.611172555382758,0.6917368200733571,0.3891769564016102,0.7289082189086707,0.6124350866778124,0.6927754333026549,0.39449257460595777,0.729305482759407,0.39064265668960485,0.581847316953629,0.2721581330138601,0.6144962148144206
A,3,5,augmented,500,5.551115123125783e-17,500,500,0,0.657958568433188,0.44927098470166554,0.5068648677779449,0.622271511875898,0.9786894234374299,1.0818195882259432,1.2249714501848266,0.4512285152910617,500,500,0,0.40343358654758316,0.24904747052087625,0.2780333996212186,0.3813972517502341,0.637221367183809,0.7505295022956833,0.8932447952686344,0.1750875715020391,500,500,0,0.03939288659536837,0.004252744643876654,0.010723731105398211,0.028855681153680805,0.10827958721942162,0.1506339677128168,0.21824777196042922,0.002498675381540254,500,500,0,0.12055241537588814,0.043732882757138256,0.06615205125275221,0.10664542281973557,0.2605580189052021,0.4024371068628473,0.46588661132710824,500,500,0,0.005509258521349238,-0.013129179745835681,-0.004008275765133266,0.0026853235445554076,0.024121933403694142,0.04521308348430351,0.08880588415248077,500,500,0,0.008966194918959591,-0.018621959361535784,-0.005454392165668312,0.0043615147070288525,0.04141166489264385,0.07355151916279272,0.15702239763249137,0.9480878122869395,500,500,0,0.9277446096140723,0.6332721735663873,0.7062981052924736,0.8825768108564958,1.3455871261941792,1.6436785574522328,1.7920291426695854,0.5739367387064226,0.6709432204474581,0.19725532274033597,0.7178995984618896,0.5777185560572661,0.6728893486185363,0.20708686104687904,0.718234660064262,0.4303465618482701,0.6318985895535524,0.2829519923835966,0.805216941288233,0.5739367383768208,0.6709432141701428,0.19725532485242928,0.7178996006279038,0.5777185557515998,0.6728893419794945,0.20708686537560447,0.7182346622575078,0.43034656219955375,0.6318986098456418,0.2829519902957897,0.8052169397784892
A,3,6,all_native,600,1.1102230246251565e-16,600,600,0,1.5812663719270517,0.9259778456117631,1.0558743224485276,1.4309200257833958,2.6007745929454797,3.499393698367195,4.587343556890473,2.777904473559938,600,600,0,0.5079968342042919,0.33330545139391315,0.34919538820295876,0.4886890962777589,0.7580411431422533,0.9165599816117065,1.1720758187623728,0.27610780672549123,600,600,0,0.09419877221392271,0.010601304633625545,0.022616576567855377,0.07110286851338365,0.2505560273141552,0.35882440813206284,0.5606389695821523,0.014677029828264097,600,600,0,0.27609951192430343,0.06109298914380155,0.10655528968620706,0.23361916103326713,0.6392001102728136,1.0375841981300367,1.3065053846208365,600,600,0,0.001292819644864403,-0.45152309332185436,-0.09057037726653756,0.0006884710242862612,0.0825775499974266,0.14972247740648967,0.34363276032847623,600,600,0,0.013026965324654274,-0.12733010352996896,-0.02439418546639534,0.005067871915965828,0.07223186383131706,0.13755340745203884,0.21921293240462203,1.910373760262985,600,600,0,1.8354656481042075,1.0606027129264841,1.297087772678922,1.6718865186830327,2.9851932291516974,3.592482279888858,4.628219040844452,0.5846975946645817,0.687986830514934,0.20333967931752933,0.9648024004715224,0.5990024285609914,0.6994398406810391,0.21023601864842628,1.0997648892202594,0.43461488480833244,0.6334858991688074,0.23073749065980212,0.7984483858723012,0.5846975941366919,0.6879868053559346,0.2033396737277545,0.9648023941141759,0.5990024279890528,0.699439818717651,0.2102360137689552,1.0997648971621707,0.43461488526682623,0.6334858898259427,0.23073749348995093,0.7984483915883052
A,3,6,canonical,100,1.1102230246251565e-16,100,100,0,1.4794941973410765,0.9519530971956547,1.0546912929836814,1.378498525995556,2.274412988782671,2.871670198498475,3.16087603092791,2.3536841456437854,100,100,0,0.5079968342042918,0.33330545139391315,0.34919538820295876,0.4886890962777589,0.7580411431422533,0.9165599816117102,1.1720758187623714,0.27610780672549123,100,100,0,0.07439632446921776,0.015976843930569765,0.02375934081951664,0.054557444963216434,0.17512867300947682,0.20937280644320416,0.29721041633670436,0.008119810253730519,100,100,0,0.26752947461195103,0.0722840079168435,0.10948027150493289,0.22938203208456043,0.6333538942571382,1.0218829546309234,1.2558714867836123,100,100,0,-0.0015452617649573874,-0.1287783174586346,-0.032430396549124545,-0.008586870816345522,0.05473071760788024,0.127030918875208,0.3059229776971787,100,100,0,-0.01954044055770394,-0.12733010352996896,-0.05645648006620692,-0.015327341642471601,-0.003986908564060909,0.002249391188481194,0.03587927061713719,1.769406484446575,100,100,0,1.716539599925548,1.0741569438781344,1.2804242000199038,1.6047528378776286,2.6053954650115405,3.0574590683482548,3.3396888057807974,0.6197944562245737,0.7088063080872464,0.37073840824125043,0.7718692594056226,0.6225668268910187,0.7102630216959972,0.3775834352041515,0.7726437137563649,0.38439741151305684,0.5565680222797355,0.23073749065980212,0.6333185881198078,0.6197944562442927,0.7088063149681108,0.370738417621312,0.7718692548685918,0.6225668269212015,0.7102630281973611,0.377583444044551,0.7726437087294561,0.38439741154678847,0.55656800571913,0.23073749348995093,0.6333185785794703
A,3,6,augmented,500,1.1102230246251565e-16,500,500,0,1.6016208068442466,0.9259778456117631,1.0576147923887684,1.4366642327342736,2.691605038290571,3.5666688169993637,4.587343556890473,2.862748539143168,500,500,0,0.5079968342042919,0.33330545139391315,0.34919538820295876,0.4886890962777589,0.7580411431422533,0.9165599816117065,1.1720758187623728,0.2761078067254913,500,500,0,0.09815926176286369,0.010601304633625545,0.022265783505956847,0.07517749039479475,0.2576547548426207,0.38684397225938505,0.5606389695821523,0.015988473743170813,500,500,0,0.2778135193867739,0.06109298914380155,0.10607934343650167,0.2340381328982848,0.6393343691054318,1.0375841981300367,1.3065053846208365,500,500,0,0.001860435926828761,-0.45152309332185436,-0.09756776442542255,0.0031160694880824993,0.082760858200605,0.14972247740648967,0.34363276032847623,500,500,0,0.019540446501125918,-0.07827250799289306,-0.012736932869937089,0.010261048692630177,0.0809959254600615,0.142660054452648,0.21921293240462203,1.9373367346027606,500,500,0,1.8592508577399394,1.0606027129264841,1.3067969880757477,1.6831718607542494,3.0158253659373435,3.784949275403464,4.628219040844452,0.5776782223525834,0.6804003421278718,0.20333967931752933,0.9648024004715224,0.594289548894986,0.6931288921868626,0.21023601864842628,1.0997648892202594,0.44465837946738757,0.6422173539292149,0.3047929902506424,0.7984483858723012,0.5776782217151717,0.6804003084852069,0.2033396737277545,0.9648023941141759,0.5942895482026231,0.6931288923766141,0.2102360137689552,1.0997648971621707,0.44465838001083374,0.6422173618423038,0.30479299666019116,0.7984483915883052
A,3,7,all_native,600,2.220446049250313e-16,600,600,0,2.156410832649476,1.3435705463906547,1.5097450464147713,2.0042781735747304,3.4139015641409824,4.005131789376984,5.654918684703882,5.000893884477444,600,600,0,0.6448292664392817,0.3985927568794426,0.4656740132457281,0.6440721535982928,0.8944259614362438,0.9996379763444707,1.2604364784458433,0.43384052283785157,600,600,0,0.15709089059832965,0.02133782608473699,0.04016525687443385,0.12161817661662291,0.3888071152961093,0.5242110049913073,0.6185306873760259,0.03761253534144448,600,600,0,0.46517673051488134,0.11078977752544797,0.21764635495830698,0.40836770493363445,0.8830434621263701,1.3367518154189098,2.7183735735407497,600,600,0,0.03443289438144147,-0.1741704560776605,-0.04047839222525123,0.006816993032327448,0.19473187870189662,0.3454518392484028,0.6084943192905727,600,600,0,0.02384788882757053,-0.14016648279149183,-0.049124052706561006,0.007378004506667927,0.1348463197017418,0.21664128007997974,0.40211683691598954,2.5532845454638475,600,600,0,2.478772419456225,1.5562016551956324,1.8278113507013922,2.30498017431813,3.776916029968189,4.481979739407932,5.876758014651728,0.5606749113199426,0.6811530126289524,0.19944699809936728,0.8126796213815216,0.5863298141607541,0.7025121865597784,0.20748599987450747,0.9089604587250114,0.46792556159127296,0.6724683502781574,0.27380241940729155,0.8025935733266182,0.5606749111672842,0.6811530234363262,0.19944699238717958,0.8126796736369469,0.5863298142309752,0.7025121714210926,0.20748599514481203,0.9089605110598176,0.4679255620801453,0.6724683387410237,0.2738024143419751,0.8025935792210611
A,3,7,canonical,100,2.220446049250313e-16,100,100,0,2.104577727608511,1.354753622973223,1.4713950882209301,1.9144969513926422,3.391492372105406,3.8791521700744007,4.128483580036034,4.77610133969169,100,100,0,0.6448292664392816,0.3985927568794426,0.46567401324572805,0.6440721535982925,0.8944259614362439,0.9996379763444745,1.2604364784458433,0.43384052283785146,100,100,0,0.1144370073550353,0.02621149774430511,0.04408699377017325,0.09289098530093232,0.24793582594281757,0.31492368433925877,0.32051264940777935,0.017476288509579975,100,100,0,0.42956177941453516,0.11303944839110672,0.2079062795192098,0.37888979495301306,0.8009403989937769,1.3028336415478405,2.3576262518987376,100,100,0,-0.016354906437253368,-0.1741704560776605,-0.061552387180545724,-0.016231823095467723,0.02845039533621916,0.07634538184355935,0.13766103862345133,100,100,0,-0.035771820930001606,-0.14016648279149183,-0.09495668895877483,-0.0266612988778044,-0.0076221571943829655,0.0031424458303880537,0.011219279296005618,2.4458716759334864,100,100,0,2.373025393316046,1.5707175718756206,1.7869594524990222,2.1788145718722696,3.764675323895038,4.229380525996147,4.517664287417507,0.6082186070986311,0.6990379258942482,0.37282593441581763,0.752956884497823,0.6146544790097517,0.7015341250845619,0.3765287390603918,0.7847045292575309,0.40175196227740984,0.5459436685262663,0.27380241940729155,0.6293822546805505,0.6082186100527108,0.6990379235741007,0.3728259433021627,0.7529568941223527,0.6146544820007402,0.7015341217595857,0.3765287475983871,0.7847045472644905,0.4017519596040915,0.545943653161507,0.2738024143419751,0.6293822456692629
A,3,7,augmented,500,2.220446049250313e-16,500,500,0,2.166777453657669,1.3435705463906547,1.5098739476415173,2.0116788245022024,3.4139015641409824,4.006965208817168,5.654918684703882,5.045852393434594,500,500,0,0.6448292664392817,0.3985927568794426,0.4656740132457281,0.6440721535982928,0.8944259614362438,0.9996379763444707,1.2604364784458433,0.43384052283785157,500,500,0,0.1656216672469885,0.02133782608473699,0.03961751044679783,0.13304032604600396,0.4160586936324663,0.5289927037828888,0.6185306873760259,0.04163978470781738,500,500,0,0.47229972073495063,0.11078977752544797,0.21829770700556977,0.41351444358886413,0.8830434621263701,1.3367518154189098,2.7183735735407497,500,500,0,0.04459045454518044,-0.10247014305041176,-0.03188963459218172,0.02222299532165535,0.20271233693376056,0.3533329663408441,0.6084943192905727,500,500,0,0.03577183077908496,-0.0694210159089651,-0.026398071417689985,0.021270736989729283,0.15330202789057143,0.22502578497756093,0.40211683691598954,2.574229343531515,500,500,0,2.499921824684261,1.5562016551956324,1.8309710898711287,2.321876031446047,3.776916029968189,4.4823871499812675,5.876758014651728,0.5511661721642049,0.6759794957853565,0.19944699809936728,0.8126796213815216,0.5806648811909546,0.7025121865597784,0.20748599987450747,0.9089604587250114,0.4811602814540456,0.6858952681941018,0.28392474366463116,0.8025935733266182,0.5511661713901987,0.6759795072053215,0.19944699238717958,0.8126796736369469,0.5806648806770224,0.7025121714210926,0.20748599514481203,0.9089605110598176,0.481160282575356,0.6858952707078035,0.2839247499953835,0.8025935792210611
A,3,8,all_native,600,2.220446049250313e-16,600,600,0,2.657638940713331,1.6662037395865925,1.947810201234079,2.4644716066115198,4.10758169473039,4.836901364653707,6.059199415303915,7.521691693821264,600,600,0,0.7231786584079657,0.4440716289294076,0.5124549431146159,0.7224491725253934,0.9013270657759339,1.0169095532646497,1.1904442078590127,0.5389917752442166,600,600,0,0.14239476797731337,0.02336888052353982,0.0355503697842586,0.11451244399844368,0.33662890319315464,0.4400624632467987,0.5984485440840686,0.02998728792268641,600,600,0,0.7297583772908502,0.16754662694694314,0.34519926967874265,0.676007188484711,1.3224968224424223,1.7118955186359677,3.623459608038771,600,600,0,0.0829825674296256,-0.2580884165858275,-0.0747347254618897,0.03169903125514984,0.401971153897677,0.6679117794321379,1.1254755140747243,600,600,0,0.03986425043492844,-0.20144115178508473,-0.07592885029456696,0.019892883281261497,0.20334108131521297,0.299846098615823,0.4687161911431017,3.1298372397456986,600,600,0,3.047065430531365,1.9425662421947174,2.295104523177429,2.84352864259552,4.473637374416008,5.394936837099688,6.618173719598992,0.5130599943159558,0.6553942160222007,0.20004645499063675,0.7344953346966951,0.5334569864549025,0.660576206134439,0.25525736917727826,0.7503514980311642,0.5033019105328523,0.7245901388995322,0.2943469427956964,0.8292400338356549,0.5130599945658294,0.6553942137458696,0.20004645932118378,0.7344953440012796,0.5334569868124709,0.6605762042183545,0.2552573716435656,0.7503515113582251,0.5033019103993202,0.7245901488605905,0.2943469677142732,0.82924003180915
A,3,8,canonical,100,2.220446049250313e-16,100,100,0,2.563926297947073,1.7785925826048843,1.9042457721488304,2.312323468911022,4.036578251410117,4.61582027563203,4.836748697430274,7.0064594148253425,100,100,0,0.7231786584079658,0.44407162892940977,0.5124549431146159,0.7224491725253934,0.9013270657759354,1.0169095532646522,1.1904442078590105,0.5389917752442167,100,100,0,0.11152510065302516,0.024964488246851147,0.04213265602084077,0.09950801714129748,0.22421430724744446,0.2708778885543559,0.28428308816003156,0.015992522640375248,100,100,0,0.6384839100177728,0.16754662694694314,0.30987250207600375,0.5935126759119516,1.0721671231985865,1.4051137204027602,3.098899164761348,100,100,0,-0.056319408273705254,-0.2580884165858275,-0.11691224425288023,-0.04419867505786054,-0.016639270478687806,-0.00964489482845995,-0.0007023006141663219,100,100,0,-0.05979636550551909,-0.20144115178508473,-0.1351075410929272,-0.04702595545936411,-0.014246832125075928,-0.009430248964288745,-0.0012564902078070956,2.9336291492257556,100,100,0,2.8587079288574575,2.0266328757577936,2.22213344735672,2.6317291869902766,4.180226154688815,4.8514039344104045,5.500785487887683,0.5939812343508148,0.6833262384769286,0.4107973795595735,0.7172044847654481,0.6010874278815789,0.6853929109006728,0.4144809123491071,0.7261242958690788,0.4157602828182169,0.5400996356950731,0.2943469427956964,0.5917767041567296,0.5939812350087351,0.6833262746665487,0.4107973925309871,0.7172044765285632,0.6010874286071544,0.6853929265109472,0.4144809245544296,0.726124286148321,0.4157602821619007,0.54009962887492,0.2943469677142732,0.5917766907859084
A,3,8,augmented,500,2.220446049250313e-16,500,500,0,2.676381469266583,1.6662037395865925,1.9585205456874806,2.481338957599201,4.10758169473039,4.852724408081532,6.059199415303915,7.624738149620449,500,500,0,0.7231786584079657,0.4440716289294076,0.5124549431146159,0.7224491725253934,0.9013270657759339,1.0169095532646497,1.1904442078590127,0.5389917752442166,500,500,0,0.148568701442171,0.02336888052353982,0.03460678398518803,0.12048336723217759,0.35358163265502535,0.44405428123835633,0.5984485440840686,0.03278624097914864,500,500,0,0.7480132707454656,0.17585887697057612,0.35958159988255395,0.7031387298967627,1.3320370628627636,1.7118955186359677,3.623459608038771,500,500,0,0.11084296257029178,-0.15263319698075994,-0.03687194037333559,0.06175980950351194,0.44084471687082294,0.6699587914949333,1.1254755140747243,500,500,0,0.05979637362301794,-0.08119298118283566,-0.03184330286255754,0.039057420227323274,0.2223698329649822,0.3128646404295131,0.4687161911431017,3.167620775869701,500,500,0,3.0847369308661468,1.9425662421947174,2.3232166712524633,2.8729583206799907,4.473637374416008,5.39758891364832,6.618173719598992,0.49687574630898407,0.64715473798405,0.20004645499063675,0.7344953346966951,0.5199308981695672,0.6488167104580187,0.25525736917727826,0.7503514980311642,0.5208102360757795,0.7277150066402052,0.30665404155859727,0.8292400338356549,0.49687574647724836,0.6471547346050429,0.20004645932118378,0.7344953440012796,0.5199308984535341,0.6488167124161518,0.2552573716435656,0.7503515113582251,0.5208102360468041,0.7277150124282846,0.30665404382628547,0.82924003180915
A,4,4,all_native,600,3.469446951953614e-18,600,600,0,1.4015133327458766e-06,6.659833205256214e-07,1.193569054129362e-06,1.3966052747377307e-06,1.6656091361571232e-06,1.765835554605949e-06,2.0138342093922974e-06,1.9958931034649635e-12,600,600,0,0.2963516829919033,0.2077314794028513,0.22786240910288846,0.2777453823703459,0.4503525733730905,0.516113976737488,0.5711982942009467,0.09258349557615582,600,600,0,0.016984777871530594,0.0021530288635814377,0.004753819430466028,0.012011418985730438,0.04439022468983928,0.07427044155121207,0.2593522999331432,0.0006124915556196348,600,600,0,5.7697525500760827e-11,-2.1494488541501192e-08,-1.1461342998457839e-08,-2.702102095831113e-10,1.0993557781612879e-08,1.6065503681728304e-08,2.554485736700205e-08,600,600,0,-4.98749798333526e-12,-2.8277671453616624e-09,-7.016518307348553e-10,-1.2116465501862388e-11,6.780242068911159e-10,1.4149444937363682e-09,7.071664828694746e-09,600,600,0,0.002087767361178076,-0.033182139923945156,-0.004331413822518952,0.0007513787522233644,0.013734332608456707,0.029573738163591646,0.09581825040968657,0.3120441025905594,600,600,0,0.30270506688402343,0.19187363067921478,0.22702236713663893,0.28217926149732603,0.4765342989389587,0.5716947793707189,0.6309929991467159,0.6060955881158607,0.688783111724401,0.27790181819056503,0.7371656024464718,0.6070585539081905,0.6892092496218488,0.28158008098330983,0.7373790072906159,0.3952180977886879,0.5633298715888738,0.26343233571441177,0.7235217381844428,0.6060955882490676,0.6887831017684769,0.2779018187372403,0.7371656072852848,0.6070585540447034,0.68920923930625,0.2815800840845699,0.737379011908718,0.39521809766562915,0.5633298760111375,0.26343233027270535,0.7235217386358154
A,4,4,canonical,100,3.469446951953614e-18,100,100,0,1.3040918460021752e-06,6.659833205256214e-07,7.070028727336281e-07,1.3897832710788683e-06,1.6737528028284379e-06,1.7679767368268667e-06,1.9810195109060606e-06,1.797650169921135e-12,100,100,0,0.29635168299190334,0.2077314794028513,0.22786240910288985,0.27774538237034646,0.4503525733730921,0.5161139767374888,0.5711982942009467,0.09258349557615589,100,100,0,0.011793494251852877,0.0021530288635814377,0.0038444050399318807,0.008639635923511042,0.030515281813225586,0.05862700123320507,0.09165645367364987,0.0002754484867018767,100,100,0,2.361612426799161e-10,-1.7388570212414025e-08,-9.981636802722435e-09,-3.7866307306683554e-10,1.1295361861046789e-08,1.6151677823399386e-08,2.554485736700205e-08,100,100,0,-1.9799621874848175e-11,-1.1574316982605514e-09,-6.565514375937436e-10,-1.2948152481233296e-11,3.970343761054933e-10,8.953569713407642e-10,1.953627437820781e-09,100,100,0,-0.003131648155904398,-0.033182139923945156,-0.01036199222795561,-0.0017956799697517068,-0.00020612249662443753,0.000860402025061686,0.0032714319197828523,0.2942713852646395,100,100,0,0.287243284553364,0.20957241274815844,0.22370033102017614,0.2718662054148766,0.4351989280921468,0.4781723990259025,0.5591482761371172,0.6251422474169412,0.701067520407602,0.38338673770195353,0.7371656024464718,0.6259068991065146,0.7016791129048427,0.38413631293104084,0.7373790072906159,0.37603687192303153,0.5219045602885802,0.26343233571441177,0.6170795990051425,0.6251422484266619,0.7010675281537684,0.3833867441123829,0.7371656072852848,0.6259069000549801,0.7016791203643125,0.3841363188126223,0.737379011908718,0.3760368708052397,0.5219045666957434,0.26343233027270535,0.6170795922781329
A,4,4,augmented,500,3.469446951953614e-18,500,500,0,1.4209976300946169e-06,1.0986649196756516e-06,1.2628047408631023e-06,1.3973381848927733e-06,1.6634817228287904e-06,1.7511725161902325e-06,2.0138342093922974e-06,2.0355416901737295e-12,500,500,0,0.2963516829919032,0.2077314794028513,0.22786240910288846,0.2777453823703459,0.4503525733730905,0.516113976737488,0.5711982942009467,0.0925834955761558,500,500,0,0.01802303459546614,0.0027984736986317394,0.005026941971958161,0.01267288198033541,0.04563716335959575,0.07428417662510722,0.2593522999331432,0.0006799001694031865,500,500,0,2.2004782064929765e-11,-2.1494488541501192e-08,-1.1465161599180043e-08,-2.3848563525605946e-10,1.077783975286943e-08,1.599534286300216e-08,2.414617034080068e-08,500,500,0,-2.0250732050326777e-12,-2.8277671453616624e-09,-7.041883501247335e-10,-1.2116465501862388e-11,6.903762738173317e-10,1.4149444937363682e-09,7.071664828694746e-09,500,500,0,0.003131650464594571,-0.013507039751051327,-0.002935349622559105,0.001328046866859063,0.014625876742536643,0.03208991829631929,0.09581825040968657,0.31547852021451966,500,500,0,0.3057974233501553,0.19187363067921478,0.22906677936735018,0.28539402830541144,0.5023823967792042,0.5789539147408223,0.6309929991467159,0.6022862562556446,0.6868638104593551,0.27790181819056503,0.7271486079888044,0.6032888848685256,0.6872386509011942,0.28158008098330983,0.7274794058859072,0.3990543429618192,0.5809653478104057,0.27373174826918323,0.7235217381844428,0.6022862562135488,0.6868638108198483,0.2779018187372403,0.7271486017546503,0.6032888848426482,0.6872386515297532,0.2815800840845699,0.7274794004540367,0.39905434303770704,0.580965350181403,0.27373175660793153,0.7235217386358154
A,4,5,all_native,600,5.551115123125783e-17,600,600,0,0.654929999282922,0.35822587470509376,0.4847805284248093,0.6243012279202493,0.9349187590260567,1.0921981510166714,1.2794372193289436,0.44894033143685247,600,600,0,0.3722863710830198,0.20808939319661438,0.265847640000284,0.34811142203854845,0.5887227673485077,0.6924835686381344,0.7446485116650763,0.1483668753648147,600,600,0,0.03655807460410971,0.0036312555782118607,0.009933707101811837,0.026509146339146916,0.09389778887057192,0.16758061911119052,0.3387097267347424,0.002428814019490789,600,600,0,0.10204740617416305,0.046999243160636694,0.05670148729354604,0.09211644416884121,0.21208157019323065,0.28844828278974455,0.3311718263425001,600,600,0,0.0030476528238594395,-0.03560929737628386,-0.007800043300619406,0.0006909475177041137,0.020582372974729535,0.054636722114096405,0.12419502295225879,600,600,0,0.005284053287405519,-0.05617307044773637,-0.009954224975460273,0.0018980751990717568,0.029283568358535315,0.09604556059563644,0.17954916454028108,0.9058113740685828,600,600,0,0.8883323466034172,0.5519557239613256,0.6823516427200988,0.8491080291407014,1.2837882927227044,1.4508148214398184,1.772287877960636,0.59703884757397,0.7128605688658629,0.2063816971151663,0.9133992297923138,0.599971632247419,0.71443868182558,0.22022137620850646,0.9136079565444515,0.4066109015202301,0.6094545188898325,0.08877521431515135,0.7973293298937622,0.597038847754051,0.7128605653490973,0.20638168473333807,0.9133992245388954,0.5999716323908018,0.714438679284151,0.22022135670958096,0.9136079515788257,0.40661090128414384,0.6094545264586841,0.08877522238928681,0.7973293400373098
A,4,5,canonical,100,5.551115123125783e-17,100,100,0,0.6377147913041203,0.4180382013182144,0.4746524739078798,0.6100508591871205,0.9098520226921932,1.0306065211899518,1.0951479045843877,0.42522210804644706,100,100,0,0.3722863710830198,0.20808939319661438,0.265847640000284,0.348111422038548,0.5887227673485081,0.6924835686381352,0.7446485116650763,0.1483668753648146,100,100,0,0.02701264527302607,0.004261467954826757,0.00958786209691399,0.022009020893158142,0.061563796609969544,0.09032912116378679,0.11380469378461533,0.0010683521734223586,100,100,0,0.10023951158469528,0.046999243160636694,0.058072737031638066,0.09201539398871415,0.20340684322101038,0.2669212129846369,0.2890111745176851,100,100,0,-0.00428173948563519,-0.032441802244903145,-0.013415448480441308,-0.002937841217094884,0.0004950244844890066,0.005057867144328214,0.013076624008890342,100,100,0,-0.007926075168876563,-0.05617307044773637,-0.023680159971250826,-0.004990157021752708,-0.0007782708362226501,0.003091825409823897,0.007124090365553714,0.8664414172031777,100,100,0,0.852256007817449,0.5908346241751208,0.6585109399131582,0.8254510595285507,1.2165405738327015,1.321070564671624,1.3558823312662214,0.6271655443386545,0.7218971962338766,0.3902013478542643,0.8131273217381327,0.628343254429897,0.7229270102256053,0.3912069301442803,0.8132501680195515,0.37465473541492644,0.5639006829397669,0.18740648950226668,0.6104425988447917,0.6271655456433918,0.721897204791637,0.3902013451412293,0.8131273297305812,0.6283432555726677,0.7229270181813329,0.3912069271666673,0.8132501759337666,0.3746547338744,0.5639006858116749,0.18740648119833003,0.6104426013809386
A,4,5,augmented,500,5.551115123125783e-17,500,500,0,0.6583730408786822,0.35822587470509376,0.4863295123235142,0.6285561630829796,0.9352949826449557,1.0921981510166714,1.2794372193289436,0.45368397611493355,500,500,0,0.37228637108301976,0.20808939319661438,0.265847640000284,0.34811142203854845,0.5887227673485077,0.6924835686381344,0.7446485116650763,0.1483668753648147,500,500,0,0.03846716047032644,0.0036312555782118607,0.010237961451270431,0.02798826146307884,0.09822499318170852,0.18486620482601382,0.3387097267347424,0.0027009063887044747,500,500,0,0.10240898509205662,0.04763835991371669,0.05670148729354604,0.09218661712756225,0.21386639774755664,0.28845100742808016,0.3311718263425001,500,500,0,0.004513531285758366,-0.03560929737628386,-0.005941645845192993,0.0018125892363039862,0.0214702801378493,0.05759984897125919,0.12419502295225879,500,500,0,0.007926078978661936,-0.03812487275363779,-0.006775355173391561,0.003662936985986225,0.03223177539201107,0.09773049151341758,0.17954916454028108,0.9134817724407021,500,500,0,0.8955476143606108,0.5519557239613256,0.6904567934254293,0.8579877570768026,1.2920907218411055,1.4545414593357486,1.772287877960636,0.591013508221033,0.7036463667315965,0.2063816971151663,0.9133992297923138,0.5942973078109235,0.7058724938391104,0.22022137620850646,0.9136079565444515,0.4130021347412909,0.619385592511437,0.08877521431515135,0.7973293298937622,0.5910135081761829,0.7036463683563483,0.20638168473333807,0.9133992245388954,0.5942973077544285,0.7058724962757954,0.22022135670958096,0.9136079515788257,0.4130021347660926,0.6193855949476638,0.08877522238928681,0.7973293400373098
A,4,6,all_native,600,2.220446049250313e-16,600,600,0,1.5761924547698494,0.7395878613973841,0.9991134835363845,1.3913618075537206,2.7780641063650204,3.408720993371619,4.540537588109712,2.7919421261882142,600,600,0,0.49068308007978295,0.19434003242116726,0.35390392478713545,0.4831500635187921,0.7444722171326211,0.8560329542931742,0.9657520481596503,0.2553601633294628,600,600,0,0.0865319225296472,0.0069452777048321195,0.023537842800524986,0.06745875983033713,0.20768763127347917,0.3050942818753205,0.4224159368994435,0.011302000625945937,600,600,0,0.2343941571630608,0.061957647771622784,0.10578845157481302,0.19691717344920934,0.5354831477093541,0.8078676635486122,1.2385639666532717,600,600,0,0.00441056831809676,-0.22365786287130995,-0.05613919970193927,0.0011313808562480503,0.06893069752819886,0.14633336983621115,0.4098196366656044,600,600,0,0.01164668149865466,-0.09052430796824452,-0.02577617319870675,0.00437685853327734,0.06807029203329364,0.14838662994701848,0.21499313489237354,1.8866656047384887,600,600,0,1.8033981752507744,0.9599288984310854,1.2565069926388215,1.6178076026492187,2.965680590235329,3.5945583096358145,4.929055667811957,0.581591770093581,0.6988634578906192,0.20408516081572012,0.9668560771057573,0.5924423599806035,0.7034544230712333,0.21426844535234849,0.9700593420405177,0.4318579219279672,0.6172587101990022,0.08545743307967792,0.7985866546858092,0.5815917699508245,0.6988634613150565,0.2040851584880576,0.9668560768910458,0.5924423597366654,0.7034543982853425,0.21426844065675799,0.9700593424085578,0.4318579218477377,0.6172587107011117,0.08545743976993513,0.798586656340665
A,4,6,canonical,100,2.220446049250313e-16,100,100,0,1.492525187603797,0.823237092322967,0.9952223920286013,1.3183935684550876,2.617505231604436,3.148980977302236,3.475818535032584,2.467973899179268,100,100,0,0.490683080079783,0.19434003242116726,0.3539039247871358,0.48315006351879003,0.7444722171326212,0.8560329542931758,0.9657520481596503,0.2553601633294629,100,100,0,0.0636843632309661,0.010938117056360564,0.02618997837372926,0.0563061189517095,0.12944692285885792,0.13817981187955664,0.179396084962435,0.005066005083447972,100,100,0,0.22242992343773782,0.061957647771622784,0.09952014432983246,0.19327868045668584,0.4948867218389529,0.6542852013485594,0.9391778790972494,100,100,0,-0.005401032343613648,-0.1291744633234634,-0.04038346271706383,-0.006105657069613442,0.03524083175635858,0.09146827143901627,0.09509336944376642,100,100,0,-0.0174700084513708,-0.09052430796824452,-0.04733774712531091,-0.013022767710453964,-0.001727244067524168,0.0073368501890892016,0.00827726960236557,1.768478960258698,100,100,0,1.7003667394173883,1.020604157233707,1.2461992637002226,1.5354440276964199,2.8624605821150015,3.2866747364375786,3.60003880940657,0.6210544861698759,0.716374357861843,0.3681082265473683,0.9668560771057573,0.6238121088211166,0.7173467242343654,0.3790116330163971,0.9700593420405177,0.3837263835273124,0.5373090243350472,0.08545743307967792,0.6383050719421078,0.6210544872568793,0.7163743763589832,0.36810822320864117,0.9668560768910458,0.6238121099716281,0.7173467429250857,0.37901163227486984,0.9700593424085578,0.3837263825745794,0.5373090101026413,0.08545743976993513,0.6383050767324187
A,4,6,augmented,500,2.220446049250313e-16,500,500,0,1.5929259082030598,0.7395878613973841,1.0039486159941073,1.4045755670738376,2.8207848352969807,3.409241998168954,4.540537588109712,2.856735771590004,500,500,0,0.490683080079783,0.19434003242116726,0.35390392478713545,0.4831500635187921,0.7444722171326211,0.8560329542931742,0.9657520481596503,0.25536016332946276,500,500,0,0.0911014343893834,0.0069452777048321195,0.023342705364663957,0.07096835176496424,0.21720916611688154,0.3075709319015197,0.4224159368994435,0.01254919973444553,500,500,0,0.23678700390812543,0.06267008963160883,0.10637896389776466,0.19907260405443544,0.5396071089697787,0.8086742228400582,1.2385639666532717,500,500,0,0.006372888450438843,-0.22365786287130995,-0.06369776278437338,0.003095209938637162,0.0703965191535158,0.17699795202975033,0.4098196366656044,500,500,0,0.01747001948865975,-0.05948979781495842,-0.016768222536168352,0.01084323844525038,0.07301705167174104,0.16022137127464184,0.21499313489237354,1.909425295304417,500,500,0,1.8240044624174516,0.9599288984310854,1.2688027296966666,1.6334007394347543,2.984046340523797,3.5951608486886952,4.929055667811957,0.573699226878322,0.6962951117869577,0.20408516081572012,0.7880918576409545,0.5861684102125007,0.7002728748163506,0.21426844535234849,0.8275477627668728,0.4414842296080981,0.6247023757123507,0.22072250365459323,0.7985866546858092,0.5736992264896136,0.6962951159324756,0.2040851584880576,0.7880918502413714,0.5861684096896729,0.7002728643879671,0.21426844065675799,0.8275477721917414,0.4414842297023693,0.6247023857921562,0.2207224795417389,0.798586656340665
A,4,7,all_native,600,2.220446049250313e-16,600,600,0,2.0995554921481396,1.320610536960841,1.5283727726488707,1.8945472895669622,3.367753747048069,4.548831301106848,5.560073335515891,4.792539660304283,600,600,0,0.666928568063162,0.3156039997795089,0.5030340899311171,0.6537818072189476,0.8703726354583499,1.0239144641989681,1.0908539434331714,0.4593861815908112,600,600,0,0.15762243037527798,0.028108969020640615,0.04853431695543794,0.1367625418441435,0.3396613045258351,0.4070759837503677,0.5388937836846268,0.03341941777489916,600,600,0,0.43326020421111733,0.12824922363184993,0.18051456144148495,0.378026025573203,0.9277620346175117,1.3923510538763055,1.896162235414869,600,600,0,0.03005559135894898,-0.22684812428229295,-0.04561877154300584,0.008443676391617642,0.18134752789841005,0.3317346514816019,0.42363162869961213,600,600,0,0.0256900941923044,-0.15419708884217412,-0.05534640792916145,0.011879985659952371,0.1506772188577148,0.20852564126762027,0.3425347181509006,2.5026699820780873,600,600,0,2.4224149546186595,1.619572139044143,1.8227741865886586,2.2241994845058533,3.6614894169756678,4.846405207868398,5.80245704323202,0.53183377348221,0.6606130377304275,0.18546561210736504,0.8845960923133838,0.5555428580606202,0.6720248336338679,0.2306298750065963,0.8862751748033534,0.4912621374567676,0.681092956422397,0.12763816375186382,0.8450121904877932,0.531833773708453,0.6606130293442034,0.18546562033127256,0.8845960879377059,0.5555428580595657,0.672024823606108,0.2306298753647271,0.8862751713120045,0.4912621370865443,0.6810929512804011,0.12763817379103898,0.845012179863486
A,4,7,canonical,100,2.220446049250313e-16,100,100,0,2.0234983382965304,1.3763794964543559,1.4958457637363067,1.8324826393374483,3.1290027491547603,3.658761788481473,4.178819519851059,4.387467015063258,100,100,0,0.666928568063162,0.3156039997795089,0.5030340899311212,0.6537818072189476,0.8703726354583502,1.0239144641989693,1.0908539434331714,0.45938618159081124,100,100,0,0.1124951793719932,0.03793853971349945,0.050095503832385646,0.10817408096972567,0.19092219937697053,0.22265863341985176,0.25244935533701,0.014634466505529888,100,100,0,0.3983638428097766,0.14165879845006304,0.17315444236244368,0.3511007022000876,0.8257719801420994,1.0903434657351534,1.6136565611656621,100,100,0,-0.018825294374205555,-0.11083414218093188,-0.08919285832468983,-0.01599077826039568,0.018664623209627244,0.09105177536124337,0.0962034250624375,100,100,0,-0.038535131060048695,-0.15419708884217412,-0.09426520328020975,-0.03274906564946674,-0.008907308942825647,0.006442843981360644,0.016780361404699736,2.3544626771114134,100,100,0,2.290526372824882,1.6748446827119363,1.7646966737203018,2.117785313705318,3.38270630905077,4.016208607123694,4.628183302666578,0.5869881910651644,0.6818852690162472,0.3716650579107097,0.8845960923133838,0.5936234915270326,0.6862221054477663,0.38406926318229134,0.8862751748033534,0.4221851605549911,0.5240242630361048,0.12763816375186382,0.6357508026734757,0.5869881917809779,0.6818852761455989,0.37166504508830384,0.8845960879377059,0.5936234921984361,0.6862221196195644,0.38406924997260516,0.8862751713120045,0.42218515981829485,0.5240242498016757,0.12763817379103898,0.6357508148621689
A,4,7,augmented,500,2.220446049250313e-16,500,500,0,2.114766922918461,1.320610536960841,1.5352142177042434,1.9034105759482358,3.427574312182591,4.574847481769835,5.560073335515891,4.873554189352488,500,500,0,0.666928568063162,0.3156039997795089,0.5030340899311171,0.6537818072189476,0.8703726354583499,1.0239144641989681,1.0908539434331714,0.4593861815908112,500,500,0,0.1666478805759349,0.028108969020640615,0.048520670575526524,0.1433601711229518,0.3492493585026191,0.4155859896387334,0.5388937836846268,0.03717640802877301,500,500,0,0.4402394764913855,0.12824922363184993,0.18614247562788766,0.38047483608572924,0.9299034511198904,1.3931153649231744,1.896162235414869,500,500,0,0.03983176850557989,-0.22684812428229295,-0.04044172126038632,0.020035890032472775,0.19356164180047286,0.3337470003938769,0.42363162869961213,500,500,0,0.038535139242775025,-0.11209064817180624,-0.034220257784602914,0.02536833090130978,0.16062852051985274,0.23366371251639442,0.3425347181509006,2.5312703426247367,500,500,0,2.448792670977415,1.619572139044143,1.8511571300292253,2.2431139476588755,3.6967556023177086,4.944605259090153,5.80245704323202,0.5208028899656191,0.6445777263936888,0.18546561210736504,0.867219572384167,0.5479267313673376,0.6583074056621964,0.2306298750065963,0.8689172213858554,0.505077532837123,0.6881062466880616,0.1434503149267437,0.8450121904877932,0.520802890093948,0.644577742432133,0.18546562033127256,0.867219575863999,0.5479267312317917,0.6583074106366796,0.2306298753647271,0.8689172255238291,0.5050775325401943,0.688106264370722,0.143450315733466,0.845012179863486
A,4,8,all_native,600,2.220446049250313e-16,600,600,0,2.6521858414764585,1.7413326733099557,1.9515167721336206,2.41434802650146,4.215908598549194,5.549980158563223,6.109485670847651,7.573136132683707,600,600,0,0.7717483071681528,0.528310898707151,0.593047860104098,0.7643224792962351,1.00647674427502,1.082248740167424,1.1658364970611652,0.6115283771003194,600,600,0,0.1574702731493015,0.025642129823910974,0.043658916675650215,0.12811414897956863,0.3584991522876274,0.449041871977742,0.6982198654359113,0.03527886399063999,600,600,0,0.7620236073091683,0.28975536162903925,0.37638609419844704,0.6843846349198933,1.332461387643639,1.9194637888216803,2.809750081130692,600,600,0,0.09611739517370317,-0.3949321328423395,-0.10165785639631714,0.0525400285853208,0.4357954342667549,0.7540330243630555,1.157071317400104,600,600,0,0.051310411993370594,-0.2781835051608854,-0.0898734029621969,0.0395769888469728,0.24089805314297866,0.3194099219896759,0.4111397232360685,3.168413830724634,600,600,0,3.0780723301178567,2.146377534632749,2.3183740098158494,2.8676524111899564,4.667468383366395,5.950157811681185,6.834904748080684,0.46189635104546284,0.6220278800257751,0.1315562298768911,0.8664436223648647,0.4831573007805367,0.6263384495913542,0.2030902240610183,0.871498440879993,0.5526518402347672,0.7443294295155715,0.1631633774059898,0.8821185744305424,0.46189635138833524,0.6220278729244356,0.13155622977804224,0.8664436071913869,0.4831573011315489,0.6263384490219759,0.20309023196679346,0.8714984245106028,0.5526518399130517,0.7443294182341875,0.1631633829683891,0.882118576362748
A,4,8,canonical,100,2.220446049250313e-16,100,100,0,2.535926317111122,1.7932728494583972,1.9223628506760864,2.3125932167832266,3.9497628755932865,4.784248770694451,5.050422320549359,6.871789940614657,100,100,0,0.7717483071681527,0.528310898707153,0.593047860104098,0.7643224792962351,1.0064767442750204,1.0822487401674221,1.1658364970611652,0.6115283771003192,100,100,0,0.1265337922953689,0.03859219831572006,0.05008851707774837,0.11699458143058786,0.2356624829306656,0.29834774347417736,0.36147619548163473,0.019472880116034846,100,100,0,0.6588368334420435,0.28975536162903925,0.3257567687798607,0.5854798318649435,1.2028466254257844,1.3709176910065357,2.1274119926923962,100,100,0,-0.07862515663674946,-0.3949321328423395,-0.1506792049242066,-0.060732845055281925,-0.022376216435830824,-0.012966576959552098,-0.012872820256740452,100,100,0,-0.07696560700545714,-0.2781835051608854,-0.17508822290720474,-0.06858259083777471,-0.02081110269391592,-0.016373510226898817,-0.013066874285214483,2.9170675921943743,100,100,0,2.843907663483669,2.146377534632749,2.2274220000593745,2.6359181492412294,4.163677017868874,4.921256782425248,5.463425289330525,0.5664496647668928,0.6775751692915595,0.39792031867777294,0.8664436223648647,0.5744104134025922,0.6831242418903076,0.41671026679546525,0.871498440879993,0.44335690186275345,0.5696153402811867,0.1631633774059898,0.614659913364457,0.5664496640114722,0.6775751587307117,0.39792032320040943,0.8664436071913869,0.5744104129833298,0.6831242308890386,0.41671027310551584,0.8714984245106028,0.4433569028863383,0.5696153550517127,0.1631633829683891,0.6146599102844228
A,4,8,augmented,500,2.220446049250313e-16,500,500,0,2.6754377463495262,1.7413326733099557,1.9742350268241484,2.453181230540321,4.227861835175153,5.638686539215804,6.109485670847651,7.713405371097517,500,500,0,0.7717483071681528,0.528310898707151,0.593047860104098,0.7643224792962351,1.00647674427502,1.082248740167424,1.1658364970611652,0.6115283771003194,500,500,0,0.16365756932008801,0.025642129823910974,0.042666777455067056,0.13295476848398824,0.37678744930374114,0.4543568873367068,0.6982198654359113,0.03844006076556102,500,500,0,0.7826609620825933,0.2988453632791199,0.3986892194254072,0.7032629827426881,1.3390358501794042,1.9230855116333596,2.809750081130692,500,500,0,0.1310659055357937,-0.15994662970218632,-0.042996140062803626,0.08680518066208691,0.45538897043920196,0.7647485434119514,1.157071317400104,500,500,0,0.07696561579313614,-0.11045072915627625,-0.04065427628465393,0.06188493345058391,0.24733688424720723,0.334413450914896,0.4111397232360685,3.2163269074810232,500,500,0,3.1249052634446945,2.217537340280843,2.3574385580880923,2.927608110832196,4.73232913954326,6.009670319010112,6.834904748080684,0.44098568830117685,0.5939276430410958,0.1315562298768911,0.7071072316816592,0.46490667825612564,0.6035239248698802,0.2030902240610183,0.7080157400758672,0.5745108279091701,0.7551481133534195,0.2950793534489657,0.8821185744305424,0.44098568886370787,0.593927645724683,0.13155622977804224,0.7071072242182955,0.4649066787611927,0.6035239309033497,0.20309023196679346,0.7080157335968277,0.5745108273183944,0.7551481042485051,0.29507936319584,0.882118576362748
A,5,4,all_native,600,3.469446951953614e-18,600,600,0,1.4323544700625107e-06,6.866005722153374e-07,1.2466784382310786e-06,1.4115412553553991e-06,1.7660860367219055e-06,2.0247414734581104e-06,2.2908913226344993e-06,2.091652220183005e-12,600,600,0,0.28996852297664993,0.2101134949825048,0.2275358332336738,0.27324014434351984,0.4098507643550827,0.49460732533385193,0.6559212762513303,0.08819159510309332,600,600,0,0.016390376520346528,0.0035112284074157157,0.005340840276289978,0.012510666153990466,0.03763415821236639,0.08114432914193119,0.1704651295696067,0.00048435263772304507,600,600,0,-2.335811831623677e-10,-1.717681318036917e-08,-1.0403012355681664e-08,-1.4802869269690427e-10,9.88665535450288e-09,1.4866546547362525e-08,2.553100169803644e-08,600,600,0,3.588868147127273e-12,-3.2518581277415034e-09,-5.473231185263224e-10,-2.4816162741851303e-11,5.495755307832381e-10,1.462379879406344e-09,6.123561760212399e-09,600,600,0,0.00199740857746738,-0.04680177999908741,-0.003827335404752467,0.0009521407404332243,0.009765030964334457,0.03366801239764528,0.06909127593874306,0.3044187320745196,600,600,0,0.2961765193412966,0.20497055241666715,0.22662149353146,0.27846364997270967,0.4168570198181156,0.5640030097148049,0.7620290904567228,0.6150830039318756,0.68750351303979,0.29889177771255016,0.831820881190027,0.6162426177817459,0.6896017090867992,0.30069086160531794,0.8364525339607706,0.3869383711375861,0.46630527650731934,0.18976585359157672,0.7018770824210235,0.6150830041828983,0.6875034916339758,0.2988917818054462,0.8318208811196028,0.6162426180439433,0.6896017071721892,0.3006908654679978,0.8364525344952858,0.38693837090629035,0.4663052658345184,0.1897658563187318,0.7018770782444752
A,5,4,canonical,100,3.469446951953614e-18,100,100,0,1.344866301632991e-06,6.866005722153374e-07,7.198141319930467e-07,1.4093665592114854e-06,1.7499299618163815e-06,1.9409699909641635e-06,2.179136777661092e-06,1.907887789806502e-12,100,100,0,0.28996852297665004,0.21011349498250495,0.2275358332336746,0.27324014434351984,0.4098507643550827,0.49460732533385376,0.6559212762513303,0.08819159510309336,100,100,0,0.011555840110554801,0.0035112284074157157,0.004419497114535895,0.00959119704082762,0.021728402404330445,0.07307528127719387,0.08104415193931468,0.00024178835423974094,100,100,0,5.908192852900358e-10,-1.44920519423549e-08,-9.614337131856745e-09,7.661891456536768e-10,1.012178627910006e-08,1.4028753437155135e-08,2.553100169803644e-08,100,100,0,-3.339903088931708e-11,-8.516266179118533e-10,-4.166268402263612e-10,-1.697877093636175e-11,3.9145589547702774e-10,7.028063884313152e-10,7.127799426314957e-10,100,100,0,-0.002996109921293994,-0.04680177999908741,-0.005354108176893574,-0.0020599516688150415,-0.00047024219113455377,0.00010134556331426332,0.0010823323385970008,0.28712569500393637,100,100,0,0.28109456823659473,0.20497055241666715,0.22410750338834923,0.26638880377457635,0.39754387402855357,0.48349200230253825,0.5847712404821712,0.6339581225538294,0.6988859142275041,0.45504651112763284,0.7891283807192688,0.6350338008062241,0.6996065649990988,0.4557823524316871,0.7929948695587216,0.3680708002585018,0.42307690516546337,0.2249090965432832,0.5455680805663917,0.6339581239298859,0.6988859121014095,0.4550465124812901,0.7891283853131189,0.6350338022319321,0.6996065627591812,0.4557823534987025,0.7929948740476329,0.36807079895776157,0.4230769021458099,0.22490909194513029,0.5455680789766171
A,5,4,augmented,500,3.469446951953614e-18,500,500,0,1.4498521037484145e-06,1.1064433654989968e-06,1.2820888153718817e-06,1.4115412553553991e-06,1.7660860367219055e-06,2.0247414734581104e-06,2.2908913226344993e-06,2.1284051062583058e-12,500,500,0,0.28996852297665,0.2101134949825048,0.2275358332336738,0.27324014434351984,0.4098507643550827,0.49460732533385193,0.6559212762513303,0.08819159510309331,500,500,0,0.01735728380230487,0.0038880472227511504,0.0058015523907054166,0.013772001661365408,0.038499329826149876,0.09113665810462089,0.1704651295696067,0.0005328654944197059,500,500,0,-3.9846127685284847e-10,-1.717681318036917e-08,-1.0648542638220072e-08,-2.5018766282949915e-10,9.85150060958166e-09,1.4866546547362525e-08,1.7669355835504526e-08,500,500,0,1.0986447954416145e-11,-3.2518581277415034e-09,-5.76619368798671e-10,-2.537256433923616e-11,5.714433980743693e-10,1.7791856575132494e-09,6.123561760212399e-09,500,500,0,0.0029961122772196543,-0.013162616361995593,-0.002439736870861592,0.0016553297168388791,0.010759241253406457,0.03745100614472866,0.06909127593874306,0.30776075834831684,500,500,0,0.299192909562237,0.20777119160179766,0.22945504523301977,0.2805657836624542,0.42202509194524845,0.5650609230763313,0.7620290904567228,0.611307980207485,0.6872799831271785,0.29889177771255016,0.831820881190027,0.6124843811768502,0.6895299018180476,0.30069086160531794,0.8364525339607706,0.39071188531340295,0.4692849886365406,0.18976585359157672,0.7018770824210235,0.6113079802335007,0.6872799633207607,0.2988917818054462,0.8318208811196028,0.6124843812063456,0.6895298828059062,0.3006908654679978,0.8364525344952858,0.39071188529599615,0.4692849847340421,0.1897658563187318,0.7018770782444752
A,5,5,all_native,600,5.551115123125783e-17,600,600,0,0.6437518774805523,0.30077818402059703,0.4453035832750298,0.6110395413028029,0.9480965811116822,1.1830287158891224,1.5185176527188082,0.4420246985208636,600,600,0,0.375472147811434,0.2502971514598553,0.27058599310196046,0.3604536558423399,0.4933345429096458,0.6438895147980936,0.8116915350610768,0.14809036491091615,600,600,0,0.03642409627213857,0.007927116450717966,0.011726368578845618,0.027171511284842242,0.09561759018461219,0.14667775627158036,0.2601738903852299,0.0021914047724603852,600,600,0,0.09976199068730782,0.0408832729872133,0.05448461174277521,0.08786082293474305,0.16998195846042646,0.2756024172575443,0.5025023877962571,600,600,0,0.0030631435245082553,-0.03297741872296068,-0.007004757374709457,0.0010232085343946538,0.018008573784428984,0.031716116894933206,0.1307120165259794,600,600,0,0.005327134041077281,-0.06467360791709062,-0.00887175643609795,0.0026464106114614007,0.029709063538368184,0.05618956496906413,0.11861051950070181,0.8992280048519546,600,600,0,0.8786448585991906,0.5656335334975398,0.6664222120407483,0.8363183145757475,1.2089619903454392,1.6410878895900491,2.071573752365414,0.5967298194089303,0.6844175034971328,0.238928657279619,0.7348199090422834,0.5999662187505114,0.6852833722734805,0.24322632326135735,0.7417204737679933,0.40779234383177776,0.5445684256412019,0.27990777957621504,0.762431459062387,0.5967298192453693,0.6844174850123558,0.23892865761240645,0.7348199178731065,0.5999662185605736,0.6852833827160343,0.24322632415959708,0.741720482538665,0.4077923439489447,0.5445684239128193,0.2799077640058277,0.7624314589124562
A,5,5,canonical,100,5.551115123125783e-17,100,100,0,0.6187797040049808,0.36851257451049335,0.43468564052714426,0.5882850554497687,0.8876074613273764,0.9939565064173225,1.0347384099038257,0.40344132400646143,100,100,0,0.375472147811434,0.2502971514598553,0.2705859931019626,0.3604536558423399,0.49333454290964157,0.6438895147980961,0.8116915350610768,0.14809036491091618,100,100,0,0.02728529033807432,0.01016666864672633,0.012009759225824798,0.02257363261779835,0.0540884321713065,0.07411825398197211,0.14607796500183895,0.001046224490910944,100,100,0,0.09709612034819542,0.04324449712102365,0.05467626020492587,0.0842077011869927,0.15936812468440323,0.26722042979711896,0.39550350085428554,100,100,0,-0.00429103127824298,-0.03297741872296068,-0.011751174967248288,-0.003204768093261106,-0.0003901044861772491,0.002222640861212955,0.003096064097868856,100,100,0,-0.007990696807938999,-0.06467360791709062,-0.018241919409679033,-0.005631737266038521,-0.001977298509931393,-0.0011188236219800182,-0.0004090360018784819,0.8498274518585026,100,100,0,0.8347316149209596,0.5656335334975398,0.6499410098250227,0.7941485503243716,1.1223606769358978,1.3053429294231063,1.5329690770507631,0.6295557186604942,0.7026191940204188,0.4102314061300054,0.7235351520898324,0.6311089094694396,0.7031645267657682,0.4112820756043437,0.725030104660333,0.37307967650380575,0.4664031116650903,0.27990777957621504,0.5904999013153232,0.6295557192351617,0.7026191996466304,0.4102314051033757,0.7235351680743832,0.6311089100783057,0.7031645309016049,0.41128207479138285,0.7250301023391197,0.37307967597534536,0.46640310765508364,0.2799077640058277,0.5904999024876745
A,5,5,augmented,500,5.551115123125783e-17,500,500,0,0.6487463121756666,0.30077818402059703,0.4524447029627272,0.6134717948233823,0.9641297053540437,1.2508061741601184,1.5185176527188082,0.44974137342374404,500,500,0,0.375472147811434,0.2502971514598553,0.27058599310196046,0.3604536558423399,0.4933345429096458,0.6438895147980936,0.8116915350610768,0.14809036491091615,500,500,0,0.038251857458951426,0.007927116450717966,0.01143836029229396,0.02823231216450601,0.09771170636732297,0.14954738115897626,0.2601738903852299,0.002420440828770273,500,500,0,0.10029516475513028,0.0408832729872133,0.05448461174277521,0.08889135976480034,0.17174485169663892,0.2758529534391446,0.5025023877962571,500,500,0,0.004533978485058502,-0.023300223480869214,-0.004983895625941685,0.002147741100109125,0.01909384598880393,0.03816097155627509,0.1307120165259794,500,500,0,0.007990700210880537,-0.016831981377053884,-0.004609297712135074,0.004371890990503637,0.032152964922494635,0.05751905284451194,0.11861051950070181,0.90878592972469,500,500,0,0.8874275073348368,0.5737647687558759,0.6717059537210136,0.8410802542471334,1.2138042624471481,1.7527455326976524,2.071573752365414,0.5901646395586175,0.6717655224940098,0.238928657279619,0.7348199090422834,0.5937376806067257,0.6751620772606269,0.24322632326135735,0.7417204737679933,0.4147348772973722,0.5483303628873417,0.2837418600102028,0.762431459062387,0.5901646392474107,0.6717655261178337,0.23892865761240645,0.7348199178731065,0.5937376802570272,0.6751620705698628,0.24322632415959708,0.741720482538665,0.41473487754366456,0.5483303616306895,0.28374185181459743,0.7624314589124562
A,5,6,all_native,600,2.220446049250313e-16,600,600,0,1.6045036131389672,0.7717863131000265,0.9641017498932736,1.4259385540428786,2.8353903053549367,4.682250602436495,7.452630712030464,3.14270335115379,600,600,0,0.5059351794082311,0.3064581353822643,0.3665440871273766,0.4989256739458743,0.6548222968776826,0.7590769806284852,0.9618197401125327,0.26569317310686763,600,600,0,0.10232933144567385,0.01623568583318059,0.026405966689906548,0.07618507291883045,0.2797601797093304,0.43250241732073685,0.8455674075444318,0.01802133812358941,600,600,0,0.23484144143639113,0.06597570489241533,0.10895073194394782,0.21167907983518758,0.42523873423763375,0.6292476440040058,1.4841303327526953,600,600,0,0.007990296417642043,-0.42222337692469036,-0.051554084165307205,0.0023896633932035303,0.07194899896610762,0.14905265981405483,0.7710762190034804,600,600,0,0.012138083881843561,-0.13838472072475533,-0.02641853840727428,0.006281873886707396,0.07601566400854584,0.1241394819474836,0.17433994915109907,1.9840255809479879,600,600,0,1.8415090954836266,1.0507626050091157,1.2097562834226891,1.650387006740028,3.0084187652472183,4.799217184680765,7.6464735570748985,0.5725576361157048,0.6730741185261288,0.2094511665014822,1.002786729497974,0.5876274708825936,0.6928384513009811,0.21975509083782804,1.2171801090455987,0.4474726667653429,0.5745938325571334,0.22751042120934742,0.7933410155451296,0.5725576362895061,0.6730741034199395,0.20945116667863375,1.0027867224713187,0.587627470874175,0.6928384680883589,0.21975509106885935,1.2171800885866542,0.4474726664955492,0.5745938288036961,0.22751040525764762,0.793341015385827
A,5,6,canonical,100,2.220446049250313e-16,100,100,0,1.4897627724226257,0.8615004848967213,0.9473547475932402,1.3635125654552336,2.4822741551196694,3.306477672488404,4.680826034454175,2.530231844716757,100,100,0,0.5059351794082311,0.30645813538226463,0.36654408712737657,0.4989256739458743,0.6548222968776842,0.7590769806284874,0.9618197401125327,0.2656931731068676,100,100,0,0.06996862950351546,0.01920253055605868,0.029030137008223666,0.05882687922444611,0.1428080460345871,0.1963992513763944,0.27195294057241237,0.006474157705274635,100,100,0,0.21937446746177777,0.06927497785438799,0.09982959288275979,0.20060399200449236,0.3695690098671746,0.5800471101001125,0.9317989346820039,100,100,0,-0.006059594563469174,-0.08739305760086011,-0.030892125465533965,-0.0072015903740821645,0.030294449382372305,0.06889991667817882,0.11881719277743769,100,100,0,-0.018207120561691766,-0.07569547712553347,-0.04458431645214932,-0.015138542428085742,-0.004593622419500165,0.016758038335290246,0.02951757617886742,1.786788929952873,100,100,0,1.7013746313590281,1.0547149426948177,1.19187353375819,1.5724196118319922,2.654498305635576,3.426797009690464,4.797367572624664,0.6130674137183673,0.6872588535239833,0.3902537271668688,0.7738052313531708,0.6174445231691132,0.6906318869238502,0.39411637208155936,0.7741908385309116,0.3936388161822776,0.48254659536768324,0.22751042120934742,0.6122256613447304,0.6130674152722597,0.6872588587724922,0.39025373017142106,0.7738052485502573,0.6174445248101459,0.690631893317752,0.3941163752851252,0.7741908560561882,0.3936388148970347,0.48254660203361327,0.22751040525764762,0.6122256584994159
A,5,6,augmented,500,2.220446049250313e-16,500,500,0,1.6274517812822356,0.7717863131000265,0.9672421243523468,1.4428892789403966,2.8990979260948233,4.824499064919623,7.452630712030464,3.2651976524411968,500,500,0,0.5059351794082311,0.3064581353822643,0.3665440871273766,0.4989256739458743,0.6548222968776826,0.7590769806284852,0.9618197401125327,0.2656931731068676,500,500,0,0.10880147183410555,0.01623568583318059,0.025937775080352096,0.08275446445401047,0.29191253370977305,0.45837386927269635,0.8455674075444318,0.020330774207252364,500,500,0,0.23793483623131378,0.06597570489241533,0.11069073876132834,0.21302624259559316,0.434533323327062,0.63031281557296,1.4841303327526953,500,500,0,0.010800274613864286,-0.42222337692469036,-0.0565595472710262,0.00644643442127894,0.07580401336762337,0.15942299908433796,0.7710762190034804,500,500,0,0.01820712477055063,-0.13838472072475533,-0.016509032015272897,0.012047455118373284,0.08206177865026006,0.1298489703167452,0.17433994915109907,2.0211645333784123,500,500,0,1.869535988308546,1.0507626050091157,1.2172476221254507,1.676609924824083,3.034005858041543,4.986080001333218,7.6464735570748985,0.5644556805951723,0.661821933482337,0.2094511665014822,1.002786729497974,0.5816640604252897,0.6928384513009811,0.21975509083782804,1.2171801090455987,0.458239436881956,0.5838799480263349,0.2488081718393195,0.7933410155451296,0.5644556804929552,0.6618219255929146,0.20945116667863375,1.0027867224713187,0.5816640600869807,0.6928384680883589,0.21975509106885935,1.2171800885866542,0.4582394368152521,0.5838799401264491,0.248808165796652,0.793341015385827
A,5,7,all_native,600,2.220446049250313e-16,600,600,0,2.1260418083381825,1.1821368755508406,1.45041907494186,1.953182895789349,3.1782023914258177,4.421420357921014,7.6795079218388755,5.023056708929948,600,600,0,0.7082045468397138,0.47551322029754983,0.5362123236188535,0.7196715807259721,0.8560530400277728,0.9304101020364706,1.018084363180524,0.5118211506172992,600,600,0,0.1543366815703988,0.028340547059700856,0.04421888137672249,0.13278164137730472,0.3525544164607547,0.4465312328267728,0.5726686660943406,0.03277984687679805,600,600,0,0.47422632842835044,0.1125522905509091,0.24427510092583687,0.44933122008541093,0.8195000461557234,1.0635443859546443,1.8194385831605815,600,600,0,0.039120308699493456,-0.35911293696853175,-0.049823157099543935,0.018067571324146166,0.19934435588561067,0.3767480388773231,0.6119029289157176,600,600,0,0.03126700121844856,-0.23140404787623925,-0.06399318216783091,0.019097872826473516,0.16639703224542038,0.2581431356128495,0.34920185377123464,2.580093987264152,600,600,0,2.4828362538726236,1.4973627233103473,1.7770376094760587,2.3132748350119416,3.520047604961912,4.726918122740989,8.045765772146007,0.49716956520522965,0.6265268758365206,0.21523173670776438,0.863586966695169,0.521873751333226,0.6361105026451764,0.2509264422628722,0.9199667564153035,0.5236789231984553,0.6856030194219331,0.27922497855069284,0.8068560491139711,0.49716956450789707,0.6265268683250076,0.21523171994689455,0.8635869470017906,0.521873750678508,0.6361105049406495,0.250926443433706,0.9199667328825255,0.5236789238251243,0.6856030487600911,0.27922497545050906,0.8068560513103138
A,5,7,canonical,100,2.220446049250313e-16,100,100,0,2.0334611870925188,1.2403682426202804,1.3643946720131155,1.9082786678965329,2.923274402966807,3.903779149107885,4.204702762201524,4.4293394523345615,100,100,0,0.7082045468397137,0.47551322029754983,0.5362123236188535,0.719671580725971,0.856053040027773,0.9304101020364718,1.018084363180524,0.511821150617299,100,100,0,0.11218803990625485,0.03257281178366777,0.04900823958206136,0.1105432552393666,0.18265536052022036,0.22634366071372375,0.23382715480091695,0.014507171153553494,100,100,0,0.42906883710216953,0.1125522905509091,0.22278446213200748,0.41954242203809156,0.7025686772777484,0.9756087111200558,1.3558748787195896,100,100,0,-0.02813379249467938,-0.1347184172700177,-0.07138303520915609,-0.023922031153902415,0.007634838798100764,0.0509955465903522,0.16128098164299576,100,100,0,-0.046900488370226284,-0.13052817695206137,-0.10336682623225425,-0.042044615328900276,-0.01212497245379989,0.003888905938589637,0.08872197553481964,2.3798606863806,100,100,0,2.318466228865519,1.5213404487165751,1.6836226408601478,2.188715668300187,3.1608494378597904,4.298164593115546,4.4818677267284315,0.5636995138875834,0.6465579574922816,0.4114529813306606,0.7228182336595229,0.572333002295435,0.6490515238678086,0.4299832723821123,0.723604212235999,0.44663807862801314,0.5365404164574938,0.27922497855069284,0.6022302361554799,0.5636995132576434,0.6465579660603421,0.41145297076249837,0.7228182360331278,0.5723330015784382,0.649051528666834,0.42998326990601043,0.7236042143199504,0.44663807910892894,0.5365404134015628,0.27922497545050906,0.6022302460527069
A,5,7,augmented,500,2.220446049250313e-16,500,500,0,2.144557932587315,1.1821368755508406,1.4606293625176554,1.9600425470133738,3.192733047217858,5.429968027035067,7.6795079218388755,5.141800160249025,500,500,0,0.7082045468397138,0.47551322029754983,0.5362123236188535,0.7196715807259721,0.8560530400277728,0.9304101020364706,1.018084363180524,0.5118211506172992,500,500,0,0.16276640990322755,0.028340547059700856,0.04403463794952493,0.14401839389289894,0.3651629180355503,0.4637044252849229,0.5726686660943406,0.036434382021446964,500,500,0,0.4832578266935866,0.12409848630731457,0.24544554241186015,0.4607266509663299,0.8272041486237082,1.0639209387390325,1.8194385831605815,500,500,0,0.05257112893832802,-0.35911293696853175,-0.029193742662383997,0.033920436027650755,0.21254570677304643,0.3854904711914054,0.6119029289157176,500,500,0,0.046900499136183535,-0.23140404787623925,-0.03006656191671165,0.03614791732507662,0.1698719980583268,0.25951845018567604,0.34920185377123464,2.6183037643527856,500,500,0,2.5157102588740443,1.4973627233103473,1.8011968292903,2.34232726774658,3.5471765897889296,5.845889119920534,8.045765772146007,0.4838635754687589,0.6168597825557578,0.21523173670776438,0.863586966695169,0.5117819011407841,0.6245796650118335,0.2509264422628722,0.9199667564153035,0.5390870921125437,0.6956324246267285,0.28383309443894533,0.8068560491139711,0.4838635747579478,0.616859788927078,0.21523171994689455,0.8635869470017906,0.511781900498522,0.6245796520839102,0.250926443433706,0.9199667328825255,0.5390870927683633,0.6956324132346868,0.2838331045707741,0.8068560513103138
A,5,8,all_native,600,4.440892098500626e-16,600,600,0,2.7311895829761843,1.5992401309995976,1.8920125867983373,2.559297925782321,3.902966299023638,6.042279868037285,8.728435542475601,8.091384573192883,600,600,0,0.8468658122152074,0.5752372810056361,0.6119462087667523,0.8468834660620952,1.0622381795946394,1.104837187341927,1.1740790606190432,0.7349970439790527,600,600,0,0.15889311381757495,0.025854592549824862,0.043536229407237156,0.13646791956136964,0.3433108860247173,0.4958305798833153,0.5823321410982084,0.03496013476201434,600,600,0,0.9082116791109549,0.2920849969331486,0.43331659150694474,0.882867182786943,1.4502327765752354,1.8095219823678466,2.3285787758433614,600,600,0,0.1048721046821205,-0.2590616051722635,-0.10811368661109368,0.06619816746510433,0.45753269725774687,0.7869971556241858,1.0517475451153049,600,600,0,0.05810813273837642,-0.2052967991297477,-0.1077434313483028,0.05128203752226088,0.25303617704854015,0.3788979717563115,0.41285239846070465,3.317186395877816,600,600,0,3.217351077878362,1.8503051963340735,2.296324412304383,3.0658330007949446,4.431919146728764,6.506019766361853,9.110839865240639,0.412466762868517,0.6019429217579819,0.14721923877302098,0.7359568601896025,0.4373954956394677,0.606855900911764,0.19682539199966698,0.7399035441580635,0.6012305919903329,0.7798819607904531,0.27485184059499834,0.8707398199890843,0.4124667633938538,0.6019429355297835,0.14721925474165595,0.7359568669118428,0.4373954964756847,0.6068558895295241,0.1968253966026921,0.7399035521832146,0.6012305917411936,0.7798819625587275,0.2748518377410877,0.8707398275673239
A,5,8,canonical,100,4.440892098500626e-16,100,100,0,2.5645286019928215,1.679901799662319,1.8547799877320845,2.388199434830005,3.5583796732284187,4.5531029988851355,5.973001071799471,7.012317630982465,100,100,0,0.8468658122152074,0.5752372810056361,0.6119462087667522,0.8468834660620941,1.0622381795946398,1.1048371873419278,1.174079060619043,0.7349970439790526,100,100,0,0.13139589804994653,0.02744042842644668,0.0599102257871011,0.13266291270059807,0.2022115342746868,0.2323619078303998,0.3042559213147965,0.01951698574191419,100,100,0,0.7663477004939186,0.29573040395773686,0.35938267245282374,0.771455723847906,1.1995576261091325,1.4733413715581798,1.7091537026712333,100,100,0,-0.08512525238332107,-0.2590616051722635,-0.17198274384962192,-0.07476300490262106,-0.022702794430673023,-0.013829361393670907,-0.005971646510562061,100,100,0,-0.08716217739440182,-0.2052967991297477,-0.16555631008378274,-0.08041262674072512,-0.03135588295865426,-0.017144076938399484,-0.005884820783229929,2.992482615176874,100,100,0,2.9200653759859807,1.9087965669648665,2.12589421505979,2.762542799083942,3.9460320180206074,4.927171632645491,6.2512949819415775,0.5205439284768257,0.6504183530708435,0.30702982035788684,0.7359568601896025,0.5313402043187261,0.6533459860529104,0.3304677325184606,0.7399035441580635,0.48954554750770624,0.6509941863833753,0.27485184059499834,0.7151924240053242,0.5205439299808756,0.6504183610772275,0.3070298129341627,0.7359568669118428,0.5313402061720934,0.6533459946040416,0.330467727036116,0.7399035521832146,0.48954554645338777,0.6509942004544774,0.2748518377410877,0.715192427185112
A,5,8,augmented,500,4.440892098500626e-16,500,500,0,2.7645217791728567,1.5992401309995976,1.9193003395121828,2.582901717957,3.94008457489006,6.219773986078324,8.728435542475601,8.307197961634968,500,500,0,0.8468658122152075,0.5752372810056361,0.6119462087667523,0.8468834660620952,1.0622381795946394,1.104837187341927,1.1740790606190432,0.7349970439790529,500,500,0,0.1643925569711006,0.025854592549824862,0.04260380661921576,0.14076753625425636,0.3621573177482549,0.510699972881237,0.5823321410982084,0.038048764566034364,500,500,0,0.9365844748343621,0.2920849969331486,0.4566660159232911,0.9104643074127114,1.4581214236003142,1.9364486189276828,2.3285787758433614,500,500,0,0.1428715760952088,-0.12523294325757175,-0.04355914336894931,0.10374196965385564,0.47958706077164515,0.8362585656918969,1.0517475451153049,500,500,0,0.08716219476493206,-0.09622748020638461,-0.03917291244382283,0.07654852127443255,0.2838257676781044,0.39209885772922287,0.41285239846070465,3.3783842678962768,500,500,0,3.2768082182568383,1.8503051963340735,2.353757312804238,3.1313981866405713,4.460198100554802,6.595934293993426,9.110839865240639,0.39085132974685527,0.5760034425027886,0.14721923877302098,0.6846638756072938,0.418606553903616,0.5807045487440167,0.19682539199966698,0.6883605447552675,0.6235676008868583,0.7859874485913567,0.3232839129328604,0.8707398199890843,0.3908513300764494,0.5760034452315377,0.14721925474165595,0.684663880114736,0.41860655453640294,0.580704533838671,0.1968253966026921,0.688360548720287,0.6235676007987548,0.7859874479233061,0.3232839074328053,0.8707398275673239
B,1,4,all_native,600,3.469446951953614e-18,600,600,0,1.3924675621351673e-06,6.272512513228412e-07,1.1639815343793758e-06,1.3974250887059993e-06,1.6425225169567657e-06,2.024760934668095e-06,2.154268067225169e-06,1.977786666674032e-12,600,600,0,0.34318127559397654,0.22113983046955205,0.253037664611825,0.31601229884806936,0.5193841343606891,0.5807877097125064,0.653492040405298,0.1252967001394916,600,600,0,0.019770607210516218,0.002390488498803835,0.005864185193731723,0.015041324422930357,0.04986152547366503,0.0801187141293352,0.15019671519547584,0.0006507276402907159,600,600,0,-1.2941570489412505e-11,-2.5611003334253724e-08,-1.191384765707337e-08,-1.2416834406703184e-10,1.167499035537868e-08,1.8437395105116506e-08,2.6014220048848183e-08,600,600,0,1.2470001856249111e-12,-3.123186337232521e-09,-7.881830372297209e-10,-1.3162126955416286e-12,7.938368332047228e-10,1.5136670382499539e-09,4.2521817159911365e-09,600,600,0,0.0029436686433952754,-0.04285507756651903,-0.004981016781375954,0.0010825387055431596,0.01777084369564929,0.03705842693271133,0.09404340032406719,0.36309057416182194,600,600,0,0.35092815930450383,0.21344228073041063,0.25163102505632245,0.32292731614759596,0.544082425098937,0.6186426380775435,0.7985598031329737,0.6050498649425966,0.6856757748343628,0.34953267180464703,0.7403715626384815,0.6065008593357241,0.6862160929755534,0.35550161987176154,0.740493646950758,0.39702263002377547,0.5381341696110049,0.25997637565261683,0.6536941625272115,0.6050498652930784,0.6856757925028134,0.34953267070984495,0.7403715634829712,0.6065008596868704,0.6862161113517338,0.355501617736402,0.7404936479247816,0.39702262968215773,0.5381341663278241,0.2599763751786067,0.6536941630407213
B,1,4,canonical,100,3.469446951953614e-18,100,100,0,1.2650502947106391e-06,6.272512513228412e-07,6.919595462356598e-07,1.384451105381431e-06,1.646667401296074e-06,2.0282551790320554e-06,2.1129560238778274e-06,1.721732043954675e-12,100,100,0,0.34318127559397654,0.2211398304695521,0.253037664611825,0.3160122988480697,0.5193841343606891,0.5807877097125069,0.653492040405298,0.12529670013949157,100,100,0,0.014061851590514944,0.002390488498803835,0.004870193818087156,0.012029272915708947,0.02910431029459643,0.05571855551079819,0.06859449126025051,0.00030511157373482706,100,100,0,2.087069360741345e-11,-1.893666863465483e-08,-9.404008205431859e-09,4.644110132406336e-10,8.700309639966879e-09,1.4177155506514104e-08,1.811018602201174e-08,100,100,0,-1.285241690460778e-11,-1.3138375825509026e-09,-4.486723269457783e-10,1.6204909318106214e-11,4.5373598037417195e-10,6.23272632461228e-10,7.371499075928858e-10,100,100,0,-0.004415499056206795,-0.04285507756651903,-0.01314646256975931,-0.002907821317523362,-0.00036993579820830295,0.00029052501198821584,0.0013294694559133624,0.34171744705029483,100,100,0,0.3321046958851231,0.21653356806054136,0.243660490050313,0.3066402020572693,0.5034209045932853,0.5667351940408594,0.5882575079736427,0.6252476673718116,0.6938263031803988,0.4472058990958495,0.7403715626384815,0.6263801722917379,0.6942315349000552,0.45148590496913604,0.740493646950758,0.3766311232494013,0.48193310205766005,0.25997637565261683,0.5562622800389225,0.6252476696665076,0.6938263039004766,0.44720588821123214,0.7403715634829712,0.6263801745843007,0.6942315358596026,0.45148589367596176,0.7404936479247816,0.3766311209829529,0.481933107928587,0.2599763751786067,0.5562622904403259
B,1,4,augmented,500,3.469446951953614e-18,500,500,0,1.4179510156200727e-06,1.1591293726509964e-06,1.2562676434439596e-06,1.4012549593810981e-06,1.6422909314259728e-06,1.936381191660349e-06,2.154268067225169e-06,2.0289975912179036e-12,500,500,0,0.3431812755939766,0.22113983046955205,0.253037664611825,0.31601229884806936,0.5193841343606891,0.5807877097125064,0.653492040405298,0.1252967001394916,500,500,0,0.020912358334516472,0.0036834807401886103,0.00617327870638845,0.01570175061030387,0.05142820585658286,0.08114727303152872,0.15019671519547584,0.0007198508536018936,500,500,0,-1.9704023308777695e-11,-2.5611003334253724e-08,-1.2053845621458546e-08,-2.358240096231577e-10,1.1855228358743752e-08,1.858698242159908e-08,2.6014220048848183e-08,500,500,0,4.0668836036714494e-12,-3.123186337232521e-09,-8.396708058999272e-10,-6.672718399991625e-12,8.529105511861202e-10,1.5315611847073156e-09,4.2521817159911365e-09,500,500,0,0.00441550218331569,-0.022217326402320884,-0.002876201492824099,0.0021326392159650713,0.020169689513187178,0.037567994915000534,0.09404340032406719,0.36721595190089384,500,500,0,0.35469285198837996,0.21344228073041063,0.2564018662417093,0.32531639319667743,0.5473571383787925,0.627152679476221,0.7985598031329737,0.6010103044567536,0.6839853586368835,0.34953267180464703,0.738624581900492,0.6025249967445213,0.6844426566013423,0.35550161987176154,0.7387642769553148,0.40110093137865027,0.5412389130511994,0.2617699239873157,0.6536941625272115,0.6010103044183924,0.6839853604105692,0.34953267070984495,0.7386245820148573,0.6025249967073844,0.6844426586906015,0.355501617736402,0.738764277127207,0.40110093142199865,0.5412389083682495,0.2617699240355358,0.6536941630407213
B,1,5,all_native,600,5.551115123125783e-17,600,600,0,0.6896356326951467,0.37429732474413596,0.5295681550994382,0.6660139957280008,0.9291695556341854,1.0307906205074688,1.1535330907387473,0.4915487320006967,600,600,0,0.44686477661282387,0.2486463038979996,0.30200051964674873,0.4034063515701658,0.7373125897207552,0.7577928333056718,0.9718161094338326,0.21643753466122623,600,600,0,0.03697171823475324,0.006258027941377367,0.010855624383056366,0.027991967051072597,0.09447498316876266,0.12318165505637074,0.22310513881250638,0.002132175301745172,600,600,0,0.1557753313106793,0.04957750656072572,0.0848946803378067,0.13498503809895673,0.31246776718497243,0.39217169853438494,0.5308750057319065,600,600,0,0.0056229954563737335,-0.03970555428769462,-0.00917430093438797,0.002498969681009654,0.03206589199144229,0.047895312117694225,0.1145286936141083,600,600,0,0.007547941448238497,-0.08381348074306703,-0.014140345626965279,0.003121958314186885,0.04374902596296583,0.06704773647790539,0.20891870434392204,1.0237240733685278,600,600,0,1.0042406684133445,0.5725548619373915,0.7799424646856717,0.9494171435979317,1.3953943292321624,1.598681385836179,1.9480095288526298,0.591280185310357,0.6895456758655674,0.27071006051966445,0.7602213279770658,0.5938670870979034,0.6928706790992685,0.2808384618464959,0.7608851153081412,0.4118833705423329,0.5874241531365105,0.24187497337126893,0.7331098966819211,0.5912801858460887,0.6895456742088141,0.27071005861475006,0.760221331402097,0.5938670876524624,0.6928706625999496,0.2808384625612617,0.7608851189070552,0.41188337002728614,0.5874241555405144,0.241874970532318,0.7331098995541344
B,1,5,canonical,100,5.551115123125783e-17,100,100,0,0.6707916305352516,0.429620244407521,0.5184167670315271,0.6518817954328281,0.91071151793073,0.9561456889445407,0.9647727871248857,0.46315833221634356,100,100,0,0.4468647766128238,0.24864630389800063,0.30200051964674873,0.4034063515701646,0.7373125897207554,0.7577928333056725,0.9718161094338326,0.21643753466122617,100,100,0,0.027977816927030132,0.007083314656991563,0.008187236065861414,0.024641956964506866,0.059821261571637925,0.07158032923836798,0.09282362655895746,0.001029476360967989,100,100,0,0.1518405429716187,0.057987589273700985,0.08481896656177558,0.1329212309482233,0.30049994788748696,0.3656221795243718,0.44842584693928045,100,100,0,-0.007718003121203251,-0.03970555428769462,-0.019677906180017524,-0.006356467396305418,-0.0009207925630605955,-0.00018022486925327663,0.0007599775799247608,100,100,0,-0.011321905896902858,-0.08381348074306703,-0.03156585047440606,-0.008584600274518225,-0.0011423088505473314,-0.00010995896264630945,0.0006631804766620848,0.9727418008626765,100,100,0,0.9572469200649578,0.6244965706712036,0.7479318668315852,0.9240853762379724,1.3125023092896668,1.4604243221100701,1.5641556724856354,0.6238955480911548,0.708851670297462,0.41936777038611767,0.7602213279770658,0.6253914269914582,0.7126442826596645,0.4242884133797144,0.7608851153081412,0.37846986889190104,0.528400707035099,0.24187497337126893,0.5841961288437644,0.6238955493243461,0.7088516633778577,0.41936776391520986,0.760221331402097,0.6253914283216204,0.7126442730793664,0.42428840906624843,0.7608851189070552,0.3784698677600213,0.5284007124246568,0.241874970532318,0.5841961367875935
B,1,5,augmented,500,5.551115123125783e-17,500,500,0,0.6934044331271256,0.37429732474413596,0.5311034377070638,0.6681103546747174,0.9334141204643739,1.0540481724683133,1.1535330907387473,0.4972268119575673,500,500,0,0.4468647766128239,0.2486463038979996,0.30200051964674873,0.4034063515701658,0.7373125897207552,0.7577928333056718,0.9718161094338326,0.21643753466122626,500,500,0,0.03877049849629786,0.006258027941377367,0.011165221204661544,0.02830942137665944,0.10283347949772823,0.12686679379991472,0.22310513881250638,0.0023527150899006082,500,500,0,0.15656228897849142,0.04957750656072572,0.08506754077191743,0.1353330303657278,0.3131348586977378,0.39229359239683037,0.5308750057319065,500,500,0,0.008291195171889131,-0.014452791916098131,-0.003988091630610492,0.004941176838485808,0.03258753121097111,0.05098741641705695,0.1145286936141083,500,500,0,0.01132191091726677,-0.031552075024430803,-0.0052898571420296496,0.005600860666458327,0.04672845163771892,0.07874741569619706,0.20891870434392204,1.0336188136077964,500,500,0,1.0136394180830217,0.5725548619373915,0.7837023184866674,0.9594179753840123,1.4194735657058783,1.6139911729206438,1.9480095288526298,0.5847571127541975,0.6855478736398682,0.27071006051966445,0.7595789417274733,0.5875622191191924,0.6865829241022646,0.2808384618464959,0.7603310151018521,0.4185660708724193,0.5939104730485236,0.2427866739977019,0.7331098966819211,0.5847571131504371,0.6855478973169273,0.27071005861475006,0.759578934419658,0.5875622195186309,0.6865829259551364,0.2808384625612617,0.7603310069640338,0.4185660704807391,0.5939104624901987,0.24278667861236933,0.7331098995541344
B,1,6,all_native,600,1.1102230246251565e-16,600,600,0,1.5854796635589123,0.763420478462385,1.0875034082657018,1.4510244497683609,2.2752652241384106,3.889039304710607,5.84526042909994,2.8542358767636307,600,600,0,0.557188626582118,0.26924084138324406,0.3679016120928156,0.521085361381328,0.8642020030222892,1.0294256615656614,1.208095364921667,0.337474841513202,600,600,0,0.07142331577428912,0.01167455092710241,0.019414818335504742,0.05127882981904308,0.19606885145689837,0.2427393161487304,0.32514453224058804,0.0081483662823097,600,600,0,0.3611289259093293,0.12182068723741682,0.14606972302946508,0.312839479180017,0.8368381900989582,1.0314895985220112,1.41174577145512,600,600,0,0.017812954122020743,-0.09702620812222727,-0.0333884239725495,0.005051565682084593,0.11530286411035931,0.16535983093633336,0.3254347271947734,600,600,0,0.015077821967701193,-0.11262574726072368,-0.03021062961237749,0.005641607888798564,0.09163637065495231,0.14837193149419642,0.3263763360785885,1.9969723304435754,600,600,0,1.9054393265979597,1.0162634636514642,1.3405624246236745,1.7432993152707117,2.8049359553265276,4.129229716466711,5.968390646859578,0.6118000881978064,0.7296908665741576,0.24474162680638203,0.8357968798240017,0.6175799504854818,0.7315292217378528,0.25622951042401426,0.8385276998236763,0.3957766491294503,0.5784144135470453,0.17758080899574116,0.7590588306576544,0.6118000882061697,0.7296908591062564,0.24474162072696934,0.8357968693160018,0.6175799504209569,0.7315292136770426,0.2562295042169053,0.8385276907296444,0.39577664903271936,0.578414408249053,0.17758082522723684,0.7590588365715152
B,1,6,canonical,100,1.1102230246251565e-16,100,100,0,1.5167841146572965,0.864992158751666,1.0719829183751333,1.3881196650816396,2.156297433749994,3.171671980668723,5.397833328488065,2.590181858253365,100,100,0,0.5571886265821179,0.26924084138324406,0.3679016120928156,0.5210853613813291,0.8642020030222901,1.029425661565664,1.2080953649216652,0.337474841513202,100,100,0,0.05437539588662549,0.01167455092710241,0.015796494625366166,0.04305551842389033,0.1150299906782695,0.13783052251268282,0.14850355710891994,0.003947916657017076,100,100,0,0.3410187429520223,0.13013193331219555,0.1417248918417453,0.29729648410911247,0.8005563179837086,0.9412188146638361,1.1882220985707534,100,100,0,-0.02151779198427829,-0.09702620812222727,-0.0585705715195044,-0.015604151386444746,-0.0016547889021579847,0.002837383569156719,0.007622254739971416,100,100,0,-0.02261671743085609,-0.11262574726072368,-0.056859693613586074,-0.016000080812248803,-0.0025137031184514253,-0.00038026001843958536,0.0007937068711733955,1.877597689468476,100,100,0,1.797683178457714,1.0878709919552814,1.325879013450056,1.6387389261809768,2.5418478440086396,3.351494229961079,5.479910957875694,0.6517775761452889,0.7584773040455223,0.4291479105933084,0.8357968798240017,0.6540833474639395,0.7603697611446233,0.43235945037406465,0.8385276998236763,0.3527166275571745,0.504092658505421,0.17758080899574116,0.5732703316421898,0.6517775756444374,0.7584773182535319,0.4291479084523045,0.8357968693160018,0.6540833469109549,0.7603697749640621,0.43235944840188845,0.8385276907296444,0.3527166279626883,0.5040926574768797,0.17758082522723684,0.5732703338894976
B,1,6,augmented,500,1.1102230246251565e-16,500,500,0,1.5992187733392356,0.763420478462385,1.095176089583433,1.4668005550465173,2.3018704173732676,3.8895462313186475,5.84526042909994,2.9070466804656836,500,500,0,0.5571886265821179,0.26924084138324406,0.3679016120928156,0.521085361381328,0.8642020030222892,1.0294256615656614,1.208095364921667,0.337474841513202,500,500,0,0.07483289975182185,0.014381013741872967,0.02062474521756661,0.05309042127809301,0.20360460439193945,0.24752450519067892,0.32514453224058804,0.008988456207368226,500,500,0,0.36515096250079077,0.12182068723741682,0.14860017735313108,0.31813047126526817,0.8404304213587137,1.0322224510092846,1.41174577145512,500,500,0,0.025679103343280548,-0.08500628155504489,-0.02084690516961419,0.010876167296025654,0.12526229974663397,0.16635411952384904,0.3254347271947734,500,500,0,0.02261672984741265,-0.08194165631052223,-0.015860329965949327,0.010456657083752981,0.09845737362437207,0.15398599794953624,0.3263763360785885,2.020000883556545,500,500,0,1.9269905562260088,1.0162634636514642,1.3523052856337283,1.7554571881610834,2.8550763750445345,4.129802827512525,5.968390646859578,0.6038045906083099,0.7216887805301566,0.24474162680638203,0.7970022032247881,0.6102792710897903,0.7228566647180243,0.25622951042401426,0.7998405072831988,0.4043886534439055,0.6009934245918995,0.21387012564046534,0.7590588306576544,0.6038045907185161,0.7216887945872549,0.24474162072696934,0.7970021721669189,0.6102792711229573,0.7228566797095561,0.2562295042169053,0.7998404760684095,0.40438865324672557,0.6009934188750587,0.21387015412044336,0.7590588365715152
B,1,7,all_native,600,1.1102230246251565e-16,600,600,0,2.172162829756352,1.198642539818843,1.5014194738717042,2.0773789825294062,3.2189111031408753,4.062557660015902,4.907785228753713,5.043311074930851,600,600,0,0.678237878593944,0.3139881066809297,0.4724656982127088,0.6534879406372577,1.03970727059035,1.1184782697995932,1.2891422211934032,0.4859517711683447,600,600,0,0.10140638329374842,0.015782748098876295,0.031143528796895973,0.07805009909565896,0.2618667981618352,0.33723163427268144,0.4436780472211364,0.015533644349473335,600,600,0,0.5563667044224638,0.15435594508557485,0.21563376376335375,0.4862351969752374,1.3917744379296992,1.7323049715882197,2.31989828198569,600,600,0,0.02934981233460236,-0.1393077464658527,-0.0542193597626239,0.0035255532133140694,0.18859602068721493,0.3598475405543476,0.5756526509500404,600,600,0,0.019827464677761975,-0.13533967646278267,-0.04575027411569632,0.0033996808650693057,0.13267818701811676,0.22744935240073333,0.3967140380017867,2.5992084282177768,600,600,0,2.5259074822336256,1.4993181836526723,1.7497098468468812,2.410808616463758,3.710284220946877,4.597955145195966,4.991852608739724,0.6167933158238341,0.7313763739033491,0.25910718611615374,0.8962469291834886,0.6250302396965619,0.738025773815753,0.2745495404114228,0.9025727136726717,0.395792211992405,0.5585571267898571,0.14880740942397241,0.746433572334348,0.6167933158073996,0.7313763706285868,0.25910717674547623,0.896246913320709,0.6250302396574319,0.7380257630759841,0.2745495312968728,0.9025726994268259,0.39579221195638925,0.5585571280882011,0.14880742961696972,0.7464335815358126
B,1,7,canonical,100,1.1102230246251565e-16,100,100,0,2.044591765142921,1.3354686133836438,1.410895406103554,1.9267572717427095,3.0031339883450494,3.189015297065097,4.566152996228053,4.430639341221209,100,100,0,0.6782378785939441,0.3139881066809297,0.4724656982127088,0.6534879406372565,1.0397072705903507,1.1184782697995956,1.2891422211934023,0.48595177116834487,100,100,0,0.07117634784731731,0.019152649614355734,0.0270971070202769,0.06294172880166192,0.13956424486132762,0.14799336601731447,0.15062683468578839,0.00623440899552,100,100,0,0.5149460456583006,0.15435594508557485,0.19418377938816966,0.4462656949041398,1.2899281534595837,1.5396479621185084,1.879243464251921,100,100,0,-0.028512069033737354,-0.1393077464658527,-0.0803175901245376,-0.021797402841376365,0.0026218542670233325,0.016078397078940074,0.02101245528896884,100,100,0,-0.029741184689068133,-0.13533967646278267,-0.08040136512562435,-0.02177487876688562,-0.0028893462556039864,0.004921833927980063,0.007136692308395014,2.4158251396274655,100,100,0,2.357657442359597,1.5579299702683083,1.6806132652477486,2.212547684263778,3.411104705555297,3.79836626352258,4.597549904844438,0.6537316947617035,0.7369256735784407,0.44943062971638337,0.8962469291834886,0.6581406166979553,0.7449795021306228,0.4515284267817178,0.9025727136726717,0.35552938206201495,0.5022762134912393,0.14880740942397241,0.5527135669916943,0.6537316944222069,0.7369256707811896,0.44943062345204865,0.896246913320709,0.6581406163960759,0.7449794988086298,0.4515284200847809,0.9025726994268259,0.3555293825613726,0.5022762147072862,0.14880742961696972,0.5527135735636394
B,1,7,augmented,500,1.1102230246251565e-16,500,500,0,2.1976770426790386,1.198642539818843,1.5045001996994167,2.092767655952289,3.2612040574591172,4.062922869362583,4.907785228753713,5.1658454216727785,500,500,0,0.6782378785939439,0.3139881066809297,0.4724656982127088,0.6534879406372577,1.03970727059035,1.1184782697995932,1.2891422211934032,0.4859517711683447,500,500,0,0.10745239038303463,0.015782748098876295,0.03208389027840511,0.0812850341490037,0.2778317847381265,0.3496085033406698,0.4436780472211364,0.017393491420264,500,500,0,0.5646508361752965,0.1581724133853355,0.2162265927746037,0.49523271835355664,1.4022496146089236,1.7323049715882197,2.31989828198569,500,500,0,0.040922188608270293,-0.1037785993004818,-0.04166864005620388,0.014403984366218505,0.20977929446566115,0.3724102907593926,0.5756526509500404,500,500,0,0.029741194551127993,-0.08975134906115013,-0.029769011734224634,0.013784851979621978,0.14151777267559282,0.2337808982475043,0.3967140380017867,2.6343536442419375,500,500,0,2.559557490208431,1.4993181836526723,1.7671449990645338,2.4351681558085554,3.7188160660310374,4.6389488924696485,4.991852608739724,0.6094056400362603,0.7275026187764839,0.25910718611615374,0.8853857960518082,0.6184081642962832,0.7343791651967148,0.2745495404114228,0.8936116815617967,0.403844777978483,0.5651511144319074,0.16664406776145818,0.746433572334348,0.6094056400844381,0.7275026118797322,0.25910717674547623,0.8853857684611518,0.618408164309703,0.7343791594566338,0.2745495312968728,0.8936116533227456,0.40384477783539263,0.5651511059785933,0.16664408189884067,0.7464335815358126
B,1,8,all_native,600,2.220446049250313e-16,600,600,0,2.6952088937685867,1.5737688852398704,1.8718653674693269,2.5511164321001667,4.0246263314550985,4.9043151594075205,5.36334631539302,7.7301371160587635,600,600,0,0.7340306980370008,0.3210095102990112,0.43631076436893407,0.7223038771443357,1.0129052267408465,1.115357267267049,1.2608402303733797,0.5670976020597438,600,600,0,0.09337780715561762,0.014321734983457091,0.03018837673501093,0.07334917624720202,0.2273031446372077,0.3368431363787977,0.6831040480195838,0.013622508713980469,600,600,0,0.8220353922637965,0.1553011672253538,0.3443356995660928,0.7012738358691242,1.7279063458790491,2.351832816275127,3.1119500200476136,600,600,0,0.03910446716796797,-0.29973305121775595,-0.07243292959661285,0.006635399787206403,0.2651903244391371,0.48010850216645923,0.9875937984546214,600,600,0,0.018149619233725357,-0.2075377385635968,-0.0507196965409467,0.003818611994248506,0.12352395560909628,0.24873328918134324,0.40898710825806617,3.1732374925560594,600,600,0,3.087911895347963,1.6807958745988643,2.1754026836004696,2.952609953402966,4.557958996360672,5.209777245803863,6.1585720949909835,0.609437597560187,0.7448486556132076,0.2807272794433695,0.9301314945110661,0.6173087350376046,0.7494596614952455,0.2969245443210136,0.932696896165521,0.4022899648791835,0.5398866550175301,0.09828789902457077,0.7371171446810071,0.6094375974996965,0.7448486511125617,0.2807272723721003,0.9301314822419061,0.6173087349940045,0.7494596568812739,0.29692454753864894,0.9326968851046138,0.4022899649421502,0.5398866515185118,0.0982879188915737,0.7371171514847372
B,1,8,canonical,100,2.220446049250313e-16,100,100,0,2.4925862363280653,1.5737688852398704,1.7962878282909343,2.3210506751516764,3.645283371820569,3.9749213159338117,4.866715896923611,6.537842229613646,100,100,0,0.7340306980370006,0.3210095102990112,0.43631076436893396,0.7223038771443357,1.0129052267408485,1.1153572672670502,1.260840230373379,0.5670976020597436,100,100,0,0.06301840944675952,0.017276211982683937,0.02907406259548537,0.05414207710310988,0.11394768249698523,0.13543911930506922,0.16150707925977206,0.004834493403095359,100,100,0,0.7535043949368477,0.1553011672253538,0.3393594839536215,0.6633310289232535,1.5293530964036963,1.942481731837129,2.351758426748759,100,100,0,-0.03379030246112209,-0.22020206867629913,-0.09485877761933369,-0.025442735418017556,0.011838551214826614,0.038551561765687144,0.07909289199614662,100,100,0,-0.02722440708157094,-0.14888622816980948,-0.07310919308843772,-0.021359101842543846,0.001337903162825288,0.01632456271325661,0.044701953873765354,2.9145760748117033,100,100,0,2.8518713562367,1.6807958745988643,2.11649225558291,2.7414896072714052,4.008498833673361,4.649022914830533,5.048269284603341,0.6381155864561606,0.7771905197138104,0.4618530859982911,0.8705492847543308,0.6424373147607488,0.7791726760268528,0.46417007964673174,0.8801556483898293,0.3699928479072937,0.4872270615048859,0.18323590227861775,0.5415773396735516,0.6381155858069412,0.7771905160840251,0.4618530802339052,0.8705492991141037,0.6424373140211338,0.7791726714595129,0.46417007883822237,0.880155657471505,0.3699928482434599,0.4872270595174865,0.18323586753386903,0.541577345164595
B,1,8,augmented,500,2.220446049250313e-16,500,500,0,2.7357334252566905,1.5867967667472085,1.8842416031274598,2.581655188586761,4.110912837184576,4.9073328303312165,5.36334631539302,7.968596093347786,500,500,0,0.7340306980370008,0.3210095102990112,0.43631076436893407,0.7223038771443357,1.0129052267408465,1.115357267267049,1.2608402303733797,0.5670976020597438,500,500,0,0.09944968669738925,0.014321734983457091,0.03046014254799797,0.07742172769440703,0.2417276494563249,0.3420822926003847,0.6831040480195838,0.01538011177615749,500,500,0,0.8357415917291862,0.16303435685214085,0.3445642858774085,0.707146508560021,1.7325865764211843,2.3594042593482594,3.1119500200476136,500,500,0,0.05368342109378599,-0.29973305121775595,-0.057910701074950804,0.017177738099549617,0.29010337026055416,0.5327093470513969,0.9875937984546214,500,500,0,0.027224424496784614,-0.2075377385635968,-0.03460581158598204,0.011247460165591944,0.13539195081893715,0.2491472036673054,0.40898710825806617,3.222479275623538,500,500,0,3.1351200031702153,1.7297028552234233,2.184419758904309,3.009828226409965,4.602398790467562,5.227161701310415,6.1585720949909835,0.6037019997809923,0.737917701526752,0.2807272794433695,0.9301314945110661,0.6122830190929757,0.745326706617775,0.2969245443210136,0.932696896165521,0.40874938827356144,0.5443233002382158,0.09828789902457077,0.7371171446810071,0.6037019998382476,0.7379176917142559,0.2807272723721003,0.9301314822419061,0.6122830191885786,0.7453266992695045,0.29692454753864894,0.9326968851046138,0.4087493882818882,0.5443232945831805,0.0982879188915737,0.7371171514847372
B,2,4,all_native,600,3.469446951953614e-18,600,600,0,1.4248516108980215e-06,6.740589910238257e-07,1.2619166922124252e-06,1.4200045464896589e-06,1.638474230692184e-06,1.8847869177728077e-06,2.104067585705473e-06,2.056456774180655e-12,600,600,0,0.32476927988715476,0.2266199856954453,0.2452846938220743,0.29674520973460594,0.47281915383340267,0.534761462746873,0.6194801916005744,0.11137031391210515,600,600,0,0.020797080808405956,0.002191624748766367,0.004658543640996613,0.013562454834097895,0.06274978642254973,0.08947202448645225,0.12431933558962335,0.0007970263038730302,600,600,0,3.5207386505854847e-10,-1.8333652583802793e-08,-1.0581133711008313e-08,-3.216527503690733e-10,1.3164091974139066e-08,2.2840731888858084e-08,2.914210684099825e-08,600,600,0,1.1731230676192823e-11,-4.114721756930663e-09,-8.016996476392164e-10,-3.656481175051884e-12,8.919472960017007e-10,1.8262328584799974e-09,3.799925133791837e-09,600,600,0,0.002753086310810928,-0.036588869417126836,-0.006657483630932203,0.0006861061607779587,0.020293056581651255,0.03998546842737957,0.050769408421183417,0.34303573220186073,600,600,0,0.33265237125213204,0.21535250543496967,0.24559005864487338,0.29979031624378116,0.5181874886007795,0.6127213571051888,0.6401192933213897,0.6021232516270805,0.6771914704737493,0.35406828366913196,0.7343907486396652,0.6043566593325616,0.6776998404543318,0.36027322449487276,0.7349453758563685,0.4003371885906333,0.5454528969931544,0.26713893054612675,0.6493537009593994,0.6021232512679245,0.6771914824968224,0.3540682821733154,0.7343907349109936,0.6043566589679475,0.677699852319202,0.3602732243957181,0.7349453615222911,0.4003371889614027,0.5454528910922685,0.2671389425021066,0.6493537032079332
B,2,4,canonical,100,3.469446951953614e-18,100,100,0,1.362061095324899e-06,6.740589910238257e-07,7.302562704512435e-07,1.4242728964353826e-06,1.6524895338848723e-06,1.8520918835391986e-06,2.104067585705473e-06,1.935683485112569e-12,100,100,0,0.32476927988715487,0.22661998569544575,0.24528469382207424,0.29674520973460594,0.4728191538334043,0.5347614627468742,0.6194801916005732,0.11137031391210524,100,100,0,0.014602527605347734,0.002191624748766367,0.0030672756839649927,0.011142889526844864,0.03604242240406628,0.06902211703479388,0.07500727021005252,0.00037577270472437154,100,100,0,4.1994521816014775e-10,-1.527293439070323e-08,-1.068634055945669e-08,-1.977468003760021e-10,1.2443910289772539e-08,2.3570845577348443e-08,2.6348611336212435e-08,100,100,0,8.516127222169887e-12,-1.9521333621698313e-09,-5.314595432995045e-10,1.1360941870220195e-12,6.140396777553828e-10,1.0908111760377647e-09,1.8622507523617647e-09,100,100,0,-0.004129626188671206,-0.036588869417126836,-0.012252376484939716,-0.0024842317628310023,-0.00019561253474745528,5.745686539046042e-05,0.0032426302591730986,0.32169369763541467,100,100,0,0.3136152119706977,0.21914807068705452,0.23722915885243276,0.2921090396106817,0.4625332879328343,0.516218870554532,0.6105341965687624,0.6231776882622325,0.6971284826843978,0.42331113739474724,0.7329806686589877,0.6248368336808521,0.6974795478786502,0.4257639648731809,0.7335983322417299,0.3788064377709799,0.47828813259851044,0.2687102077515331,0.6052497985342283,0.6231776878236439,0.6971284822360849,0.42331114766287403,0.732980679391852,0.6248368332037733,0.6974795469016666,0.42576397391801707,0.7335983433864653,0.3788064382759114,0.4782881346754382,0.26871019823531495,0.6052497848646238
B,2,4,augmented,500,3.469446951953614e-18,500,500,0,1.437409714012646e-06,1.2076665329824026e-06,1.2800933621315335e-06,1.4177145739511812e-06,1.63511122910732e-06,1.8847869177728077e-06,1.9995851386269653e-06,2.080611431994272e-12,500,500,0,0.32476927988715476,0.2266199856954453,0.2452846938220743,0.29674520973460594,0.47281915383340267,0.534761462746873,0.6194801916005744,0.11137031391210514,500,500,0,0.022035991449017602,0.0027737454240536192,0.005321748878183951,0.014493908658439726,0.06369062049496499,0.09016881020105293,0.12431933558962335,0.0008812770237027618,500,500,0,3.3849959443822864e-10,-1.8333652583802793e-08,-1.0276108792344988e-08,-3.6655198271182796e-10,1.3287449007839609e-08,1.8098360021540365e-08,2.914210684099825e-08,500,500,0,1.2374251366997413e-11,-4.114721756930663e-09,-8.063165148547016e-10,-5.625983522030583e-12,9.543990466839477e-10,1.8280230877421946e-09,3.799925133791837e-09,500,500,0,0.004129628810707355,-0.02352137442796102,-0.0034367868293770413,0.0013628538321569118,0.022078837583916752,0.044507999777212814,0.050769408421183417,0.34714672583945094,500,500,0,0.3364598031084189,0.21535250543496967,0.24838034561867575,0.3034996972253212,0.5224138357387422,0.6149150781881804,0.6401192933213897,0.59791236430005,0.6745470299853293,0.35406828366913196,0.7343907486396652,0.6002606244629036,0.6749016691087328,0.36027322449487276,0.7349453758563685,0.40464333875456393,0.5457174602545787,0.26713893054612675,0.6493537009593994,0.5979123639567807,0.6745470343260592,0.3540682821733154,0.7343907349109936,0.6002606241207824,0.6749016737133018,0.3602732243957181,0.7349453615222911,0.4046433390985009,0.5457174742781007,0.2671389425021066,0.6493537032079332
B,2,5,all_native,600,5.551115123125783e-17,600,600,0,0.665931586258807,0.39042503292566766,0.4820037218934833,0.6286861438214555,0.972184763957656,1.2505850316013094,1.3317654490845936,0.4665432024783919,600,600,0,0.4177280272920314,0.26723930480934616,0.27954483730744045,0.39197396425367936,0.5963264593611086,0.6861769458610294,0.6976419844069385,0.1840285623774367,600,600,0,0.043944491794020754,0.005457061679683943,0.010045797291303,0.029818143383956705,0.11645078257528768,0.18424812424556747,0.276483815163774,0.0034294727324085798,600,600,0,0.12845243935590764,0.055590756531893944,0.07110533015493946,0.10989749191823514,0.23419938531524156,0.3132008723820741,0.3294471939962863,600,600,0,0.004583054599536354,-0.07669084549726077,-0.009328016572345122,0.00164851130189854,0.029759459304794133,0.05778453078290718,0.09600745377105105,600,600,0,0.006552151953408012,-0.12013921548036699,-0.014213840726782959,0.0025509885151083177,0.043256780702059364,0.07595406441085321,0.11409495403354672,0.9660106259280699,600,600,0,0.9482857742844311,0.5617692352597426,0.7083268811320765,0.8946245996344535,1.3513866076834704,1.5384446399944074,1.6943124967155774,0.5883714050298616,0.6916659205336495,0.3246869086714752,0.8253021011974772,0.5930297810068554,0.6929766312464224,0.3364129773048527,0.8255408301549185,0.41700830664351346,0.580577165462241,0.17582223937237773,0.6810285412199439,0.5883714056881141,0.6916659169086027,0.32468690260630045,0.8253021254756596,0.5930297816651812,0.6929766295287905,0.3364129737074281,0.825540854045155,0.4170083059911822,0.5805771596835144,0.1758222134608827,0.6810285483487998
B,2,5,canonical,100,5.551115123125783e-17,100,100,0,0.6459188089044244,0.39042503292566766,0.4655880044260521,0.6170366716104905,0.9118189205511132,1.1481149669236212,1.2357902441618545,0.4388661906856099,100,100,0,0.41772802729203135,0.26723930480934616,0.27954483730744045,0.39197396425367925,0.596326459361109,0.6861769458610296,0.6976419844069385,0.18402856237743667,100,100,0,0.03315845128572847,0.005457061679683943,0.007653726582053906,0.025482184780253346,0.0873012071245013,0.10605807656553289,0.13949695637470075,0.0017012670316955889,100,100,0,0.12608792400813812,0.05664971006621965,0.07142486526567957,0.11039670752205413,0.2233691260864409,0.2813754026940443,0.31787869225232757,100,100,0,-0.005900663862991607,-0.037095750714328156,-0.019067455269885993,-0.0044505583294522245,-0.0006657891349240449,0.010199848566187338,0.03959402251896392,100,100,0,-0.009828219548573663,-0.07085855137762646,-0.03136529274257663,-0.006832624972573518,-0.001166067610888641,0.0015899611654259672,0.05177740051088512,0.9194096482460297,100,100,0,0.9041620900482608,0.5617692352597426,0.6809557934973145,0.8564041460871568,1.2514895812698126,1.3766126057197814,1.3780650469762008,0.6195624923570314,0.7088605036545996,0.3476229685347341,0.8253021011974772,0.6212750659365128,0.7095827481666849,0.35104389908939,0.8255408301549185,0.38276260731287437,0.505259569201625,0.17582223937237773,0.6542062992805965,0.6195624934170888,0.70886051123887,0.3476229706348133,0.8253021254756596,0.6212750670671532,0.7095827556376768,0.35104390212217274,0.825540854045155,0.38276260629821957,0.5052595700914765,0.1758222134608827,0.6542062976978552
B,2,5,augmented,500,5.551115123125783e-17,500,500,0,0.6699341417296836,0.3984817662656228,0.4834819683673636,0.630926292263503,0.972184763957656,1.2523327671725244,1.3317654490845936,0.47207860483694836,500,500,0,0.4177280272920314,0.26723930480934616,0.27954483730744045,0.39197396425367936,0.5963264593611086,0.6861769458610294,0.6976419844069385,0.18402856237743673,500,500,0,0.04610169989567921,0.005734247221609484,0.010430612727592534,0.03186120963874027,0.12669452510924523,0.19381555116169893,0.276483815163774,0.003775113872551178,500,500,0,0.12892534242546153,0.055590756531893944,0.07077964268463002,0.10951760944880945,0.2363594617501634,0.3132008723820741,0.3294471939962863,500,500,0,0.006679798292041946,-0.07669084549726077,-0.0056422508865879,0.0030153185934422176,0.0324581006498255,0.06634011216942527,0.09600745377105105,500,500,0,0.009828226253804348,-0.12013921548036699,-0.007379655022838047,0.004747144331154147,0.047148741283713796,0.07633182479376154,0.11409495403354672,0.9750635953770154,500,500,0,0.9571105111316652,0.6296014127185489,0.7264587538445635,0.9049296954373485,1.3572782342196936,1.555819297111102,1.6943124967155774,0.5821331875644276,0.6824114955494678,0.3246869086714752,0.8105536502940653,0.5873807240209239,0.6841396721896573,0.3364129773048527,0.8107334007607088,0.4238574465096413,0.5878040757060432,0.1902139493330945,0.6810285412199439,0.5821331881423192,0.6824114980732054,0.32468690260630045,0.810553638598478,0.5873807245847867,0.6841396712550315,0.3364129737074281,0.8107333889251388,0.42385744592977476,0.5878040700423114,0.1902139603737969,0.6810285483487998
B,2,6,all_native,600,2.220446049250313e-16,600,600,0,1.5545076591802225,0.7208703865860642,1.0497645675458815,1.3681503445754877,2.7208196897812718,3.4742191486429093,3.977827950945632,2.7080911812518003,600,600,0,0.5177067863980107,0.2907116674635527,0.35492950729896705,0.5048094863169345,0.7533301805037602,0.7772850340153566,0.9063207552772042,0.28145120586867034,600,600,0,0.11413672142597685,0.011040018650801398,0.01994281007306648,0.07763242691294173,0.311428946459974,0.5027434245064348,0.68716943450495,0.023733109941227813,600,600,0,0.29295023193065767,0.0680613751430195,0.1251879830734394,0.24729135839943303,0.5949550672076444,0.7853388234703857,0.8452034317145881,600,600,0,0.0034594160014279765,-0.5924637637283173,-0.06631360977188988,0.0009861434445458596,0.09740006163933562,0.1468795477004963,0.24748782482338103,600,600,0,0.012683520349844782,-0.14348988491032041,-0.026968496240712556,0.003277800618611753,0.0836411224104618,0.13888773319562583,0.16503677415838344,1.905639481545646,600,600,0,1.8304659236857097,0.9788287628122692,1.3314389199509136,1.646647055489475,2.9606756105393504,3.6011739743814286,4.240952372769608,0.6022912853409844,0.7091026275509582,0.34905026400338496,0.8994803246097034,0.6225022341539345,0.723438972530815,0.3610128580970129,1.0121908201263043,0.42501670794313856,0.6081808730355983,0.22072634016460987,0.8118088367843532,0.6022912856271463,0.7091026489065915,0.34905026639559095,0.8994803302488482,0.6225022343645897,0.7234389715644521,0.3610128675083119,1.0121908176918195,0.42501670754235055,0.6081808762022786,0.22072632994533614,0.8118088401264756
B,2,6,canonical,100,2.220446049250313e-16,100,100,0,1.472523920322174,0.7208703865860642,1.010992578281979,1.326597721263839,2.4532313850726246,3.023661599147068,3.977827950945632,2.412809938120221,100,100,0,0.5177067863980107,0.2907116674635527,0.35492950729896694,0.5048094863169345,0.7533301805037603,0.7772850340153585,0.9063207552772042,0.2814512058686703,100,100,0,0.09480839700373746,0.011040018650801398,0.020579658876492577,0.07376810405564715,0.21906022274100537,0.28994685968725853,0.311061665489233,0.01376488920035716,100,100,0,0.2792420450469207,0.0714313341742562,0.12077723733787417,0.23683695559592366,0.5236827698291802,0.6482486087919178,0.8001597022430591,100,100,0,-0.0002901441035938785,-0.07857141494941286,-0.0451230549914833,-0.007138379596629007,0.06870431425278485,0.11992706306013855,0.14933713646979288,100,100,0,-0.019025276420682868,-0.11376241161256359,-0.05910459940307028,-0.015507654113360948,-0.0006194960526627921,0.025156441684187996,0.03253235041394251,1.7966299792206897,100,100,0,1.7291737800650895,0.9788287628122692,1.2954785753545048,1.5857845452309376,2.608579644600096,3.12802178838228,4.225929137157001,0.6279686829664424,0.7222973714968393,0.37629102921012125,0.7682266383491921,0.6310594469912374,0.7236169625284302,0.38108034428743814,0.768994397473928,0.37682143815724667,0.5026635653672294,0.23430558390252915,0.6266100624646798,0.6279686836019243,0.722297370516914,0.3762910142330751,0.7682266644349689,0.631059447654475,0.7236169616840702,0.3810803284669655,0.7689944227828049,0.376821437552968,0.5026635686239055,0.23430555563435035,0.6266100767449723
B,2,6,augmented,500,2.220446049250313e-16,500,500,0,1.5709044069518323,0.896802433706559,1.0571581933186809,1.381094119406815,2.742668679496447,3.4742191486429093,3.9739870486072926,2.767147429878116,500,500,0,0.5177067863980107,0.2907116674635527,0.35492950729896705,0.5048094863169345,0.7533301805037602,0.7772850340153566,0.9063207552772042,0.28145120586867034,500,500,0,0.11800238631042473,0.012348856433786446,0.019757463332185435,0.07845042513801778,0.3270725420864313,0.5305197905850106,0.68716943450495,0.02572675408940194,500,500,0,0.29569186930740504,0.0680613751430195,0.12698088126026816,0.2492342862057843,0.621018771543801,0.7853388234703857,0.8452034317145881,500,500,0,0.004209328022432348,-0.5924637637283173,-0.07048491368335784,0.0018576874653588068,0.0977528557492827,0.14700356393483852,0.24748782482338103,500,500,0,0.01902527970395031,-0.14348988491032041,-0.01588009807066386,0.008411315625373957,0.09151399490250572,0.14239284809644148,0.16503677415838344,1.926701415347942,500,500,0,1.8507243524098338,1.1547244825375602,1.3535010687463118,1.6592227049910373,2.9849273982855045,3.6011739743814286,4.240952372769608,0.5971558058158929,0.7030012732669735,0.34905026400338496,0.8994803246097034,0.6207907915864738,0.7174525377843377,0.3610128580970129,1.0121908201263043,0.43465576190031696,0.61681221454685,0.22072634016460987,0.8118088367843532,0.5971558060321907,0.7030012885981223,0.34905026639559095,0.8994803302488482,0.6207907917066126,0.717452530083493,0.3610128675083119,1.0121908176918195,0.43465576154022706,0.6168122267536764,0.22072632994533614,0.8118088401264756
B,2,7,all_native,600,1.1102230246251565e-16,600,600,0,2.119474752820741,1.2704867970251688,1.553798280903329,1.9733376105866784,3.1406728030911846,4.045693364751692,4.428397535251795,4.76976115211684,600,600,0,0.6384861031527261,0.2509981879652228,0.47413165295892795,0.6308204733918024,0.8530874234039444,0.9411695055052521,1.0194674029970683,0.42300574938419605,600,600,0,0.17877967736163433,0.021433563277966534,0.041419312982570136,0.13484345961102057,0.466063761693855,0.6379502963717514,0.9753311056216023,0.05178257002488863,600,600,0,0.4551330453977436,0.044897929360769764,0.20068262523009084,0.4130254983040204,0.8697691506076728,1.1082384554178,1.29128543153828,600,600,0,0.0371791255418438,-0.12536403144518365,-0.04376445068103432,0.010799652195037326,0.20832038139320044,0.32850245034519737,0.6159797929401882,600,600,0,0.020550910925172215,-0.1432923676139488,-0.04856671175776432,0.005165664913364782,0.13840300859657392,0.19520816005158426,0.244114043017928,2.5040518435638357,600,600,0,2.4461462798234597,1.6117347280173868,1.8765188305094715,2.3244100954064164,3.5156216191871783,4.316997312939668,4.562065001618081,0.5981828041998158,0.7176770903872843,0.3404376150226853,0.9555267654569164,0.6277337827859626,0.7607682544224551,0.36531357826947597,1.0415361160491692,0.4398006592713645,0.6459552651258766,0.1612608736059496,0.9170629750132626,0.5981828041115854,0.7176770843618708,0.3404376226124914,0.9555267773458677,0.6277337825843586,0.7607682520369444,0.36531356899868617,1.041536124829408,0.4398006590917753,0.6459552780674964,0.16126086298842335,0.9170629983018265
B,2,7,canonical,100,1.1102230246251565e-16,100,100,0,2.0454092658784164,1.3052260989125017,1.4891758789280403,1.8896369688642527,3.0420999528776513,4.192278072386113,4.373474628639757,4.461063789406788,100,100,0,0.6384861031527259,0.2509981879652233,0.4741316529589336,0.6308204733918024,0.8530874234039449,0.9411695055052515,1.0194674029970683,0.4230057493841958,100,100,0,0.13747950336299597,0.03224881032286473,0.040645389728774205,0.12347706146113326,0.27235679514657957,0.3372706441140749,0.4004436709376166,0.025443874586383534,100,100,0,0.4164008798910078,0.05421484962508434,0.1960801985064135,0.37946949488759013,0.8599937790368574,0.9491601813920733,0.9766814979389122,100,100,0,-0.0035348782243713604,-0.12536403144518365,-0.07032298914926273,-0.008234055211889996,0.08146920019087137,0.12189153916624432,0.1457602147655365,100,100,0,-0.030826357151791432,-0.1432923676139488,-0.08183113254599149,-0.02667524014684432,0.0034231849707717517,0.01588353870208548,0.03570043866488817,2.3819304570887576,100,100,0,2.32549420743922,1.6117347280173868,1.7900953363640366,2.1564786328204164,3.2503061422329083,4.414006654206898,4.465247757296093,0.6275897378954135,0.7159507706422358,0.39860351429862995,0.8673481236268585,0.6335792474732631,0.7220831343357402,0.4056685415896872,0.8721819286191792,0.3827684522537557,0.5138511330724679,0.1612608736059496,0.6061022496561483,0.6275897375794814,0.7159507654096295,0.3986035088574207,0.8673481255204131,0.6335792469077299,0.7220831373944945,0.4056685368745277,0.8721819288271211,0.38276845201860565,0.5138511330032414,0.16126086298842335,0.606102255477637
B,2,7,augmented,500,1.1102230246251565e-16,500,500,0,2.134287850209206,1.2704867970251688,1.5585212654070408,1.9765110808716557,3.160938597368208,3.9387602691328265,4.428397535251795,4.83150062465885,500,500,0,0.6384861031527261,0.2509981879652228,0.47413165295892795,0.6308204733918024,0.8530874234039444,0.9411695055052521,1.0194674029970683,0.4230057493841961,500,500,0,0.187039712161362,0.021433563277966534,0.04157684694220176,0.14035568925297287,0.48030230327399,0.6601684784633571,0.9753311056216023,0.05705030911258966,500,500,0,0.46287947849909067,0.044897929360769764,0.20091612115325966,0.419470943795946,0.8697691506076728,1.127249260500415,1.29128543153828,500,500,0,0.04532192629508683,-0.12323814524683607,-0.0413845380207365,0.016501765718371253,0.22298182357605537,0.3333761465939706,0.6159797929401882,500,500,0,0.030826364540564945,-0.12777752995258107,-0.031559876949636294,0.014725220027064792,0.14618109227466017,0.1965993725175206,0.244114043017928,2.5277682294516484,500,500,0,2.470276694300308,1.6664445314851493,1.8847087628931325,2.3445436830682977,3.5491328153723862,4.291303321456564,4.562065001618081,0.5923014174606963,0.7218751652808255,0.3404376150226853,0.9555267654569164,0.6265646898485024,0.7656781065980749,0.36531357826947597,1.0415361160491692,0.4512071006748863,0.6542645917279708,0.20182798764480722,0.9170629750132626,0.5923014174180062,0.7218751563571817,0.3404376226124914,0.9555267773458677,0.6265646897196844,0.7656781268507092,0.36531356899868617,1.041536124829408,0.4512071005064093,0.6542645975047954,0.20182799632882611,0.9170629983018265
B,2,8,all_native,600,2.220446049250313e-16,600,600,0,2.675667274083869,1.6103728097128358,1.9233203991698482,2.52863310716379,4.059432328830307,4.748865269955284,6.2866520465963545,7.6030465097340585,600,600,0,0.699291785707328,0.3774312148503118,0.5333339333855561,0.6960915709435754,0.8929449482493886,0.952292488075908,1.0476167140715493,0.5016276155947517,600,600,0,0.14806532299185365,0.016529925371936007,0.034614788824779155,0.10750718193110383,0.3492330109094451,0.5044852621401577,1.287359842369959,0.0388112214806368,600,600,0,0.682227238814882,0.12121526585135618,0.3173312061034547,0.6267517748191074,1.2231387402762424,1.5887819582452112,2.0099106707236762,600,600,0,0.0732426721962191,-1.559792405708882,-0.06713974394062028,0.018586177853544085,0.41297964234820606,0.617697929571324,1.6257893997402166,600,600,0,0.028891715337490104,-0.4754575371420356,-0.06947230677922862,0.007872710224174654,0.18024209309243266,0.2585301408193466,0.33432905654691014,3.1164416566826065,600,600,0,3.039374497070429,1.7641261621003985,2.2744228964562785,2.8819648346783078,4.439818888219582,5.144678553353789,6.653958911199216,0.5707168938132487,0.685416406340139,0.2783904187683927,1.4096999232189016,0.5896631835581202,0.6902709390604124,0.3644814935649435,1.435340678322618,0.45353789106015274,0.6368764250905896,0.28185045028559697,0.8342224590397046,0.5707168941966715,0.6854164006993843,0.2783904051209218,1.4096999367293028,0.5896631840006521,0.6902709290258607,0.3644814952589511,1.4353406846989303,0.45353789085094925,0.6368764288052647,0.2818504541004783,0.8342224799103907
B,2,8,canonical,100,2.220446049250313e-16,100,100,0,2.5499913936474816,1.6103728097128358,1.8863290770059722,2.389007983131406,3.599977574173285,4.996577469830429,6.183663930173206,6.975529877254425,100,100,0,0.6992917857073283,0.3774312148503121,0.533333933385556,0.6960915709435754,0.8929449482493887,0.9522924880759083,1.0476167140715493,0.5016276155947521,100,100,0,0.11270908160613695,0.02311694184233136,0.031180483612193884,0.09240224563869458,0.2234570562540069,0.26504840750199116,0.8214035621534388,0.021141499862257863,100,100,0,0.6050086230944465,0.12121526585135618,0.28945278230183014,0.5597619953316813,1.0834227720239633,1.4502049584321524,1.5494644309643197,100,100,0,-0.02376966987929787,-0.18701215091495918,-0.10737179064705754,-0.031561269898220154,0.0028762236739623007,0.06511883740278765,1.6257893997402166,100,100,0,-0.043337565922758496,-0.13950544217071761,-0.10860006295024797,-0.03934267671587806,-0.008479072222598949,0.010959205460268743,0.26443653552473034,2.9281567183633146,100,100,0,2.8463576358049205,1.7641261621003985,2.223346005530409,2.659276890644958,3.9257810189916236,5.25295897480217,6.653958911199216,0.6196815439531353,0.7020325237711913,0.405848201307174,0.731273684089954,0.624851021249352,0.7073727764080057,0.41224750145761724,0.7361976939016457,0.38880552974633575,0.47503692588041957,0.28185045028559697,0.5985412265196944,0.619681544327657,0.702032530910417,0.40584820425911816,0.7312736767383352,0.624851021473508,0.7073727853511657,0.4122475025277269,0.7361976853762285,0.3888055290935887,0.4750369253843637,0.2818504541004783,0.5985412223248386
B,2,8,augmented,500,2.220446049250313e-16,500,500,0,2.700802450171147,1.6184223797187365,1.9259558323179753,2.5529886399495743,4.0748422101212824,4.723782626287938,6.2866520465963545,7.728549836229985,500,500,0,0.699291785707328,0.3774312148503118,0.5333339333855561,0.6960915709435754,0.8929449482493886,0.952292488075908,1.0476167140715493,0.5016276155947517,500,500,0,0.15513657126899702,0.016529925371936007,0.03658924505820139,0.11248145776846258,0.35625484068199686,0.5044852621401577,1.287359842369959,0.04234516580431259,500,500,0,0.697670961958969,0.14270776281957348,0.33900654661758006,0.6381863079463928,1.240899772438688,1.6202455594862752,2.0099106707236762,500,500,0,0.0926451406113225,-1.559792405708882,-0.05133142624620783,0.03964014516876967,0.42817034347439353,0.617697929571324,0.7970903262330502,500,500,0,0.043337571589539825,-0.4754575371420356,-0.04469771325176131,0.02339879250686781,0.186524988538661,0.2585301408193466,0.33432905654691014,3.1527495882084753,500,500,0,3.0779778693235307,1.797278634394062,2.296440455706386,2.9197041375715886,4.455534993203566,5.143575888383941,6.461182183049224,0.5609239637852714,0.6792799338678513,0.2783904187683927,1.4096999232189016,0.5826256160198737,0.6841462490311375,0.3644814935649435,1.435340678322618,0.46648436332291615,0.6471726216266391,0.2890718638961458,0.8342224590397046,0.5609239641704743,0.6792799476105077,0.2783904051209218,1.4096999367293028,0.582625616506081,0.6841462617548367,0.3644814952589511,1.4353406846989303,0.4664843632024214,0.6471726293226482,0.2890718734203757,0.8342224799103907
B,3,4,all_native,600,3.469446951953614e-18,600,600,0,1.4094732922790555e-06,6.55719791972592e-07,1.1679998453344461e-06,1.4063590324569584e-06,1.6656719535881428e-06,1.845934830697166e-06,1.9474064540514133e-06,2.0208267970951575e-12,600,600,0,0.3163154187410691,0.22790430772749545,0.23735918448836577,0.2838343632212983,0.4809489142237735,0.5980901085300017,0.6657544072000122,0.10709429798647392,600,600,0,0.018702691452406897,0.0024248967672153916,0.00515907478575057,0.013978111860624953,0.04973958457633071,0.07938430970097338,0.11078473000998454,0.0005883113449891278,600,600,0,1.678455062724308e-10,-2.4383773257535857e-08,-1.0989625567980357e-08,-1.317329813148327e-10,1.2216782015578658e-08,1.8566586785125576e-08,3.082456754276179e-08,600,600,0,5.545470031728557e-12,-4.0020456672218024e-09,-8.113905233730707e-10,1.1643436026792313e-11,8.231868539081077e-10,1.6416795985606968e-09,2.6979116878588113e-09,600,600,0,0.002743826957877952,-0.0408609416752818,-0.005564419634706093,0.0011681509878732604,0.016011471496413368,0.032659532446518175,0.06542591020875807,0.33640788277925615,600,600,0,0.32406695799450697,0.2241832587641063,0.2373860272864061,0.2924277305280438,0.5161088768455306,0.6439265233970546,0.7649557031065695,0.5933200210495134,0.6793279347589867,0.2630985413936943,0.7230857972423529,0.5943568683387698,0.6798215442602503,0.26797142990733325,0.723611522249008,0.408034304048281,0.5897272752946492,0.27828410060012515,0.7386552676717283,0.5933200217288124,0.6793279460455249,0.26309854272846905,0.7230857916644021,0.5943568689803062,0.6798215553787447,0.26797143252305283,0.7236115167414937,0.4080343033270366,0.5897272776806488,0.2782841063232336,0.7386552668136329
B,3,4,canonical,100,3.469446951953614e-18,100,100,0,1.3100119210150769e-06,6.55719791972592e-07,7.060039735134534e-07,1.4009136485245202e-06,1.6829687151762226e-06,1.8445971750105065e-06,1.8703566057832005e-06,1.823359619300991e-12,100,100,0,0.31631541874106917,0.22790430772749545,0.23735918448836577,0.28383436322129796,0.480948914223774,0.5980901085300027,0.6657544072000122,0.10709429798647395,100,100,0,0.013613943320700116,0.0025903188468609658,0.004133866249495056,0.01060889155505637,0.03320879334049104,0.05226347584718356,0.06351448927739958,0.00029010949485889815,100,100,0,-2.972345239601417e-10,-1.3671349731506462e-08,-9.469277485807162e-09,-1.071992987673102e-09,1.0846008793309753e-08,1.856658678512559e-08,1.9500669568264022e-08,100,100,0,-6.8344663878233525e-12,-1.0658571932211745e-09,-6.210954193600198e-10,3.055787876262272e-11,4.112929511653077e-10,6.549386241228335e-10,8.218249526338354e-10,100,100,0,-0.004115737374976547,-0.0408609416752818,-0.013017339689958446,-0.0024123841705477387,-0.0003236612012571073,3.59615452738149e-05,0.0005222617714973693,0.31488558576896647,100,100,0,0.3051605963132782,0.2241832587641063,0.23430709633032937,0.2757921025550089,0.455465101520402,0.5761118478046476,0.6045999817922398,0.6160262715464387,0.6894757586687097,0.3339488179837947,0.7230857972423529,0.6168186695361486,0.6902486730773603,0.3349532495654497,0.723611522249008,0.3851869885595916,0.5456557967468688,0.27828410060012515,0.6665553566110358,0.616026271710267,0.689475756070244,0.3339488243836888,0.7230857916644021,0.6168186695143302,0.6902486698295759,0.33495325560438804,0.7236115167414937,0.3851869881085523,0.5456558014066143,0.2782841063232336,0.6665553500442414
B,3,4,augmented,500,3.469446951953614e-18,500,500,0,1.4293655665318514e-06,1.0913902423401687e-06,1.2554572351861345e-06,1.4077735516075795e-06,1.6592190552037414e-06,1.845934830697166e-06,1.9474064540514133e-06,2.0603202326539906e-12,500,500,0,0.3163154187410691,0.22790430772749545,0.23735918448836577,0.2838343632212983,0.4809489142237735,0.5980901085300017,0.6657544072000122,0.10709429798647392,500,500,0,0.019720441078748256,0.0024248967672153916,0.005604200104250234,0.014756517140701478,0.05170619149422256,0.08367878545585562,0.11078473000998454,0.0006479517150151737,500,500,0,2.608615123189453e-10,-2.4383773257535857e-08,-1.1691545617954728e-08,6.657601022883766e-11,1.2640161412526719e-08,1.779363549783835e-08,3.082456754276179e-08,500,500,0,8.021457315638938e-12,-4.0020456672218024e-09,-8.533366838092591e-10,1.9428551604438892e-12,8.841001622682396e-10,1.677634896456946e-09,2.6979116878588113e-09,500,500,0,0.004115739824448851,-0.01369415313127532,-0.0024750941566576454,0.001963843404281112,0.018537056154492238,0.03439128744276207,0.06542591020875807,0.3405491592857235,500,500,0,0.3278482303307528,0.2273985279495144,0.23794942388671025,0.29697250433876266,0.5181106269889919,0.6444719721567395,0.7649557031065695,0.5887787709501283,0.671954325059601,0.2630985413936943,0.7119458081290283,0.5898645080992939,0.6723593184662795,0.26797142990733325,0.7124390201578811,0.41260376714601893,0.5975844356610689,0.28927105141279713,0.7386552676717283,0.5887787717325214,0.6719543291409305,0.26309854272846905,0.7119457976334828,0.5898645088735015,0.6723593221219567,0.26797143252305283,0.7124390099747887,0.4126037663707335,0.5975844354624025,0.28927106261583024,0.7386552668136329
B,3,5,all_native,600,5.551115123125783e-17,600,600,0,0.6558294285715806,0.448603421995034,0.5046856493317017,0.6211661222685778,0.9784828825727028,1.0856685179626426,1.2453123286626613,0.44817602233623965,600,600,0,0.407548726971779,0.25086787337494326,0.27899727488103715,0.38313552820975505,0.6518828213726945,0.757955244871615,0.9137529153825855,0.17906401769374924,600,600,0,0.037925814689633616,0.004323394862051741,0.010508514912169085,0.028523491773244536,0.09514073288075373,0.15181935806419916,0.2191958871571184,0.0023079709212456404,600,600,0,0.12117975134362417,0.043823430507196615,0.06575992441644717,0.10641658583973551,0.26470218343522006,0.4080284785848048,0.48090165995698475,600,600,0,0.0037343308748349147,-0.040891480882860876,-0.008579111561803208,0.001352084797767585,0.022504896123435245,0.043057974412034725,0.09130692480794857,600,600,0,0.006101906489965048,-0.0816171828719034,-0.011893897310730138,0.0027298699829819517,0.03756022826333313,0.07210600913031145,0.16327758647500162,0.9442351340466435,600,600,0,0.9236812263885766,0.62756933091986,0.704634412144975,0.880767823035028,1.3583169182954442,1.6375312295647793,1.8304846496098406,0.5794544672135582,0.6735159420482842,0.19685023246002423,0.7278879227387505,0.582859132412968,0.6745133072042521,0.20660806707091547,0.7282915418715686,0.4244688682030984,0.6209885466854226,0.2731899055312366,0.8055969392064071,0.5794544680679734,0.6735159637295756,0.19685022920658923,0.7278879071481938,0.5828591332824715,0.674513328077904,0.2066080640656142,0.728291526292308,0.4244688673696194,0.6209885511176165,0.2731899210673627,0.8055969424741894
B,3,5,canonical,100,5.551115123125783e-17,100,100,0,0.6296675332289311,0.4518246164598089,0.4935541437120231,0.5964287341803932,0.8439836086698739,0.9887574247094323,1.0017848813171493,0.41005214386446676,100,100,0,0.407548726971779,0.25086787337494326,0.27899727488104026,0.38313552820975505,0.6518828213726935,0.7579552448716174,0.9137529153825855,0.17906401769374927,100,100,0,0.028191523773550862,0.007501952690029181,0.009957322922876662,0.02455264105178162,0.06090732996608492,0.08053120160762439,0.09601386660271521,0.0010502772206883505,100,100,0,0.11840678881574815,0.04549400880373689,0.06868709124073648,0.10368366457488151,0.2629822021765756,0.3938246764579052,0.43065513042898407,100,100,0,-0.00526570237368334,-0.040891480882860876,-0.013785456318593254,-0.0036275808449959656,7.858591486616074e-06,0.003758803141516047,0.004226583580995699,100,100,0,-0.009152856996494978,-0.0816171828719034,-0.026496909789404915,-0.005890274485456828,-0.0010808480912969406,0.0011870940072759675,0.0015340138671081308,0.8933884360512195,100,100,0,0.8774218603956457,0.62756933091986,0.6983151758894818,0.8457688465968948,1.267849654521471,1.5170460715622758,1.5191492110974911,0.6103960369701928,0.6905187596167227,0.3885041501148888,0.7278879227387505,0.6116656597861064,0.6915711743425438,0.39429101073058503,0.7282915418715686,0.39142581377798935,0.5821836757225054,0.2731899055312366,0.6151886709889648,0.6103960388448088,0.6905187848819812,0.3885041545754202,0.7278879071481938,0.611665661513234,0.6915711992498794,0.39429101421351354,0.728291526292308,0.39142581167607127,0.5821836701327725,0.2731899210673627,0.6151886659705954
B,3,5,augmented,500,5.551115123125783e-17,500,500,0,0.6610618076401105,0.448603421995034,0.508273436849077,0.6235191352681247,0.983684174890344,1.0884743829566115,1.2453123286626613,0.45580079803059426,500,500,0,0.40754872697177896,0.25086787337494326,0.27899727488103715,0.38313552820975505,0.6518828213726945,0.757955244871615,0.9137529153825855,0.17906401769374924,500,500,0,0.039872672872850165,0.004323394862051741,0.010841746475841723,0.029219014224213767,0.10738737033701208,0.1518422284590145,0.2191958871571184,0.002559509661357098,500,500,0,0.12173434384919936,0.043823430507196615,0.06572447938260752,0.10682936817162497,0.26470218343522006,0.40814369112542576,0.48090165995698475,500,500,0,0.0055343375245385665,-0.013782766147386452,-0.004013142795655371,0.0026359100804883703,0.02418917353118804,0.04676748890849,0.09130692480794857,500,500,0,0.009152859187257053,-0.018691909257183337,-0.005497131983779274,0.004469483277204193,0.04165038868551718,0.07429411501126425,0.16327758647500162,0.9540793502155314,500,500,0,0.9329330995871628,0.6382035931907557,0.7079298690197537,0.8870443051636563,1.3644767370864135,1.6540840143989335,1.8304846496098406,0.5732661532622312,0.6692723626044539,0.19685023246002423,0.716773414306035,0.5770978269383403,0.6715312306453936,0.20660806707091547,0.7171177448369742,0.4310774790881202,0.6325191243857948,0.2840968696554003,0.8055969392064071,0.5732661539126063,0.6692723230566914,0.19685022920658923,0.7167734194828623,0.577097827636319,0.6715311930363385,0.2066080640656142,0.7171177500710241,0.43107747850832906,0.6325191275676807,0.2840968646451477,0.8055969424741894
B,3,6,all_native,600,1.1102230246251565e-16,600,600,0,1.581168782281153,0.9257307613095042,1.0568029870193407,1.4349644592669633,2.611600362063507,3.4610922620872016,4.53857696452979,2.775051512088828,600,600,0,0.5146722978460716,0.3362291054898452,0.35313313240270566,0.4966660769201573,0.7823343508949493,0.9252582206387471,1.1994157570170483,0.2837627841795984,600,600,0,0.09555499672745423,0.010731648736837964,0.022948333041604454,0.07199375459014815,0.24661649721155007,0.3593134940938,0.567204795731809,0.014983638330413938,600,600,0,0.2786918710194618,0.061044687179575056,0.10818289766424344,0.23525594897436333,0.6653622143173793,1.0523040488838078,1.3168993900137447,600,600,0,0.0011576387650049408,-0.47001030439511476,-0.09209149128151749,0.0005284074654093277,0.08178962670248506,0.14825976960870263,0.3396591605495032,600,600,0,0.013360181622366216,-0.13031023171953413,-0.024929750725365768,0.005340435617705265,0.07533101651180685,0.13844224113167491,0.22994221661373535,1.9131694429434385,600,600,0,1.838717998091064,1.061493467729412,1.296534239415749,1.6734513811757457,2.975384314156411,3.5585110806544917,4.583791518393071,0.582729236647564,0.6869943258909349,0.20108269120400143,0.9669964819234111,0.5971548511646726,0.6983598470032396,0.20796401895299443,1.1008808824895042,0.43657615662228105,0.6346996447366916,0.23935789260664148,0.8006769952802932,0.5827292364200196,0.6869943231223463,0.20108269106024793,0.9669964758114569,0.597154850932789,0.6983598559507243,0.20796401733232073,1.1008808795996499,0.4365761568409806,0.6346996459428891,0.23935789860703943,0.8006769950388871
B,3,6,canonical,100,1.1102230246251565e-16,100,100,0,1.4799849085082935,0.9521926618944212,1.0517611685195614,1.3942050419533007,2.300075603560728,2.8365395832714477,3.2032530138241815,2.3554598584658475,100,100,0,0.5146722978460714,0.3362291054898463,0.35313313240270566,0.4966660769201574,0.7823343508949487,0.925258220638751,1.1994157570170483,0.28376278417959816,100,100,0,0.07539861990928828,0.01621646807703118,0.024187247664620812,0.05630384093997137,0.17718816558970996,0.20571747459080986,0.29928296716098274,0.00827250578561021,100,100,0,0.27017878069634477,0.07235426868135418,0.10918646564443722,0.22989133218578914,0.6395247842645363,1.0378492883621413,1.279970696462732,100,100,0,-0.0014843940770492392,-0.12650945253474427,-0.0318558231117515,-0.007863070265343433,0.05061267103980699,0.12529406564767567,0.3107214599402693,100,100,0,-0.020040271261210392,-0.13031023171953413,-0.05662062152169431,-0.015645183147357963,-0.0038873323079081945,0.002566059051764532,0.03721308163420464,1.7733593485662251,100,100,0,1.7202463119492897,1.0753480997378972,1.2824680998486497,1.6022890606554818,2.6240370536266733,3.0279022647552356,3.382651539797712,0.6180207533469353,0.7063902253015106,0.3694977038471007,0.763083524997292,0.6208080612290113,0.7077700525275666,0.3763659608127212,0.763845043675533,0.38617069140889837,0.5583874466410343,0.23935789260664148,0.6345517542047154,0.6180207535003506,0.7063902286675273,0.36949770298794454,0.7630835196460966,0.6208080614580042,0.707770055333419,0.3763659609588023,0.7638450385502092,0.3861706913283849,0.5583874378257151,0.23935789860703943,0.6345517556453167
B,3,6,augmented,500,1.1102230246251565e-16,500,500,0,1.6014055570357253,0.9257307613095042,1.0603060227641183,1.4451489350190845,2.714982301893036,3.574298170564021,4.53857696452979,2.858969842813424,500,500,0,0.5146722978460716,0.3362291054898452,0.35313313240270566,0.4966660769201573,0.7823343508949493,0.9252582206387471,1.1994157570170483,0.28376278417959844,500,500,0,0.09958627209108742,0.010731648736837964,0.02284498503668192,0.07574653731855849,0.2625859371482036,0.37955196274476954,0.567204795731809,0.01632586483937468,500,500,0,0.28039448908408526,0.061044687179575056,0.10753341310823704,0.2367448650137181,0.6655266912202263,1.0523040488838078,1.3168993900137447,500,500,0,0.0016860453334157767,-0.47001030439511476,-0.09970051022259278,0.0032111390127034884,0.08190634990245599,0.14825976960870263,0.3396591605495032,500,500,0,0.020040272199081537,-0.08147031505281196,-0.013196834986575454,0.00992355573231625,0.08194436031223952,0.14162880117111176,0.22994221661373535,1.9399227059513382,500,500,0,1.8624123353194189,1.061493467729412,1.3035910565124316,1.698092039518029,2.9997330812604863,3.816462627875683,4.583791518393071,0.5756709333076898,0.6795002341731899,0.20108269120400143,0.9669964819234111,0.5924242091518049,0.6925169225209195,0.20796401895299443,1.1008808824895042,0.44665724966495757,0.6441498967634023,0.3045774794770025,0.8006769952802932,0.5756709330039533,0.6795002378673732,0.20108269106024793,0.9669964758114569,0.5924242088277459,0.6925169189423049,0.20796401733232073,1.1008808795996499,0.4466572499434997,0.6441499011705684,0.3045774475225551,0.8006769950388871
B,3,7,all_native,600,2.220446049250313e-16,600,600,0,2.153098162874697,1.343234346731907,1.506330821447715,1.9962291181327705,3.391161686344511,3.9896976970825295,5.5488984197920805,4.976217009764469,600,600,0,0.6550827651098526,0.40467844336651254,0.47051653014877,0.6515950970111174,0.9053744400824854,1.0139035777561536,1.2918508461629694,0.447938256857196,600,600,0,0.15968977446610436,0.021702575940574228,0.04081538994764404,0.12517254942740766,0.39210357666237516,0.5145364281669774,0.6190903692755421,0.03866821005217588,600,600,0,0.4732885627020198,0.11228142019792556,0.2210494668785781,0.4156392372156848,0.8999585852765664,1.3556046349927895,2.752370377879332,600,600,0,0.03526573055044238,-0.17476722244866133,-0.04106011668490732,0.006936010688469461,0.20221422090690752,0.34455510331480793,0.6090471855145512,600,600,0,0.02473647703693476,-0.14689111349294967,-0.05147904418272657,0.007631457597506484,0.1390637134494816,0.22306813206545745,0.41162101840374943,2.5552700478134662,600,600,0,2.4824529909662654,1.5609863580122492,1.8298628047204597,2.3108010828516052,3.783103735113156,4.404628665135643,5.777951110189466,0.5568952849982285,0.6783800659482061,0.19707842764351047,0.8275140031802085,0.58298330958776,0.6988404937267402,0.20503076014167482,0.9205296019699925,0.4717546076433098,0.6759327298597749,0.2763923037839826,0.804910403285516,0.5568952844050236,0.6783800889161998,0.1970784328487165,0.8275139832371047,0.5829833089840883,0.6988404872278681,0.20503076497138034,0.9205296020468167,0.4717546081154223,0.6759327325835301,0.2763923087188626,0.8049103980489482
B,3,7,canonical,100,2.220446049250313e-16,100,100,0,2.0994078394816555,1.3552834506431957,1.458716467978896,1.9079123374132776,3.391161686344512,3.8620689067766163,4.114167765713043,4.74040095655457,100,100,0,0.6550827651098526,0.40467844336651254,0.4705165301487731,0.6515950970111174,0.9053744400824854,1.0139035777561576,1.2918508461629694,0.447938256857196,100,100,0,0.1164266692900477,0.026224106585372477,0.04514073222990371,0.09663109775468509,0.24745485165967832,0.3037489023693197,0.3238433378970703,0.017985585236125458,100,100,0,0.43693487782273577,0.11442394929793248,0.20767933737118538,0.3859289727715354,0.8202231286076787,1.3197003554197115,2.3999262507593233,100,100,0,-0.017026088484312165,-0.17476722244866133,-0.06668755343513728,-0.016835396873423218,0.02507690491275725,0.07204273010383053,0.13458057669023094,100,100,0,-0.03710470734892756,-0.14689111349294967,-0.09612324012835456,-0.02764683193838411,-0.00814221205886346,0.003013811689722251,0.01189253440179049,2.443753867030574,100,100,0,2.373249414625826,1.5768375398181695,1.7876971415131697,2.177212667486543,3.7704053634349575,4.192013714377747,4.510127188318685,0.6051420823934104,0.696993911421724,0.3684795695039465,0.7695168444884937,0.6116173762521755,0.6995229365542682,0.37206614920315295,0.8012771569720963,0.40481839012706117,0.550196862362861,0.2763923037839826,0.6336198232181265,0.6051420811920653,0.6969939152395498,0.3684795665313516,0.7695168460328283,0.61161737507884,0.6995229391549909,0.3720661458739596,0.8012771566077018,0.40481839130058506,0.5501968827266459,0.2763923087188626,0.6336198259546488
B,3,7,augmented,500,2.220446049250313e-16,500,500,0,2.163836227553305,1.343234346731907,1.50910081646145,2.013737479650783,3.3423770193700757,3.9913759394210877,5.5488984197920805,5.02338022040645,500,500,0,0.6550827651098526,0.40467844336651254,0.47051653014877,0.6515950970111174,0.9053744400824854,1.0139035777561536,1.2918508461629694,0.447938256857196,500,500,0,0.1683423955013157,0.021702575940574228,0.0399690444259092,0.13603654728669035,0.42042026400311466,0.5295925032299361,0.6190903692755421,0.04280473501538597,500,500,0,0.48055929967787664,0.11228142019792556,0.22182279413203695,0.4276417593328593,0.8999585852765664,1.3556046349927895,2.752370377879332,500,500,0,0.04572409435739329,-0.10346276593170549,-0.03351986287614129,0.02268940647409707,0.20765367405977625,0.34930470615860476,0.6090471855145512,500,500,0,0.037104713914107225,-0.06910624704363648,-0.026563947501309748,0.02200599962532123,0.1516932123626409,0.2378322397154762,0.41162101840374943,2.5769942623486353,500,500,0,2.5042937062343533,1.5609863580122492,1.834744842618683,2.331834369736473,3.783103735113156,4.404869851219635,5.777951110189466,0.5472459255191922,0.6741706966136491,0.19707842764351047,0.8275140031802085,0.5772564962548768,0.6959745145436957,0.20503076014167482,0.9205296019699925,0.4851418511465595,0.689266616929205,0.2868610177364801,0.804910403285516,0.5472459250476152,0.6741707055815856,0.1970784328487165,0.8275139832371047,0.577256495765138,0.6959745176436198,0.20503076497138034,0.9205296020468167,0.48514185147838973,0.6892666194598569,0.28686102945049036,0.8049103980489482
B,3,8,all_native,600,4.440892098500626e-16,600,600,0,2.663200888370507,1.6725295706272674,1.9501948096727173,2.4781208765363076,4.1008329913536175,4.732024530195774,6.019766487127391,7.540522421845579,600,600,0,0.7373555225906222,0.44936327425618383,0.5212238035551566,0.7308315478066123,0.9258069955682325,1.028798612312434,1.2317679373383674,0.5607428865261241,600,600,0,0.1449600348595708,0.02375092257709471,0.03633693565844012,0.11859855038617709,0.3405004770608853,0.4536769774538718,0.5966342906225445,0.030965410609779233,600,600,0,0.7485848357779094,0.17037541660390432,0.35227386228178414,0.6996533191086213,1.351508368698776,1.770925973401497,3.7466520857920225,600,600,0,0.08527467338682869,-0.25534474691827536,-0.07546043839273797,0.03403434525642739,0.4118624168060207,0.6752552066101175,1.1264416447669539,600,600,0,0.04159565576038411,-0.2091314016796617,-0.0766004453459959,0.020538102793291255,0.21119593168895548,0.2983499794908392,0.4794243266151962,3.143746339772299,600,600,0,3.0624728318269643,1.9617096623467314,2.31016431723859,2.8635784738234955,4.483883161214887,5.336057416620787,6.498965279589012,0.5076187615186325,0.6502528707382962,0.1961088598498199,0.7224550010152091,0.5284385079560571,0.6563384196144544,0.25124640630119444,0.7382323829609625,0.5087431539271721,0.7284999638985135,0.29550510618919346,0.8325261076601433,0.5076187622655208,0.650252861839254,0.19610885292026103,0.722454993292735,0.5284385084379074,0.6563384106950683,0.25124641302180134,0.7382323836975375,0.508743152993252,0.7284999660618904,0.29550511887078806,0.8325261158537941
B,3,8,canonical,100,4.440892098500626e-16,100,100,0,2.566470991045794,1.7737697718621301,1.912834152436003,2.3289261626855597,3.9946890449662216,4.661922865419886,4.731621180451682,7.006513380470751,100,100,0,0.7373555225906223,0.44936327425618655,0.5212238035551565,0.7308315478066131,0.9258069955682334,1.0287986123124369,1.2317679373383674,0.5607428865261244,100,100,0,0.11392135946344842,0.0254872484788108,0.04234364803335767,0.1036467304946016,0.22682970652816004,0.27493531252061093,0.2853055894863678,0.016622074572306612,100,100,0,0.6538153251087588,0.17037541660390432,0.32130888041997807,0.6052924499450792,1.1061169778060642,1.425308024042324,3.214942471578344,100,100,0,-0.058208512387154174,-0.25534474691827536,-0.1232557714368393,-0.04511573781124313,-0.017476558398461343,-0.010121828244280451,-0.0007112209404784343,100,100,0,-0.06239346180224259,-0.2091314016796617,-0.13882162948628968,-0.04901326548401799,-0.015411169589641976,-0.009751144203435192,-0.0013395846660248078,2.9411400924484887,100,100,0,2.868091960569339,2.04154427620943,2.23520496626903,2.6534048281068014,4.199612938745768,4.905025695625318,5.439331910336431,0.5896882787515242,0.680941180821961,0.40638571150964126,0.7224550010152091,0.5969037859320023,0.6818829491430805,0.4097524714315769,0.7321220543182451,0.42004187852103925,0.5374610700855196,0.29550510618919346,0.5959242106384021,0.5896882793273366,0.6809411836085723,0.4063857035065646,0.722454993292735,0.5969037861618371,0.6818829524847956,0.409752462043989,0.7321220426265932,0.42004187740309085,0.5374610729816361,0.29550511887078806,0.5959242176132645
B,3,8,augmented,500,4.440892098500626e-16,500,500,0,2.68254686783545,1.6725295706272674,1.9611413251308876,2.494535584880172,4.1008329913536175,4.772932688525642,6.019766487127391,7.647324230120543,500,500,0,0.7373555225906222,0.44936327425618383,0.5212238035551566,0.7308315478066123,0.9258069955682325,1.028798612312434,1.2317679373383674,0.5607428865261241,500,500,0,0.15116776993879527,0.02375092257709471,0.034823279574122006,0.12445669048467867,0.3565028472571251,0.46299155143720394,0.5966342906225445,0.03383407781727376,500,500,0,0.7675387379117394,0.17926136307732957,0.3644516441830972,0.7234751943555877,1.3599122974064972,1.770925973401497,3.7466520857920225,500,500,0,0.11397131054162526,-0.15325928619764495,-0.03737126655692481,0.06203647109624971,0.43865008311843395,0.6755442387646073,1.1264416447669539,500,500,0,0.062393479272909454,-0.08252465637609621,-0.03428719260660779,0.04061341161291061,0.23358019382009426,0.32312580031907734,0.4794243266151962,3.1827202594504738,500,500,0,3.101349006078489,1.9617096623467314,2.332413049145395,2.886585143769257,4.483883161214887,5.3382032868741085,6.498965279589012,0.49120485807205416,0.640175245621432,0.1961088598498199,0.7216632445362576,0.514745452360868,0.6441954155511549,0.25124640630119444,0.7382323829609625,0.5264834090083985,0.7343283266183207,0.3145065007343543,0.8325261076601433,0.4912048588531577,0.6401752410460166,0.19610885292026103,0.7216632298168649,0.5147454528931215,0.6441954158146768,0.25124641302180134,0.7382323836975375,0.5264834081112842,0.7343283183772684,0.31450649996585717,0.8325261158537941
B,4,4,all_native,600,3.469446951953614e-18,600,600,0,1.401142236702924e-06,6.566980705237133e-07,1.1861761079423388e-06,1.394027283788863e-06,1.6713260436033025e-06,1.7938593950185634e-06,1.990160256921834e-06,1.99454411518042e-12,600,600,0,0.2987180582390208,0.20856609980252266,0.22829420186958146,0.2784728983241348,0.4577561338516154,0.5340048840152645,0.5747089244305351,0.09421974677355587,600,600,0,0.017145968255333432,0.0021678012274614867,0.004783123396339597,0.01213183198882229,0.045219865470050684,0.07488440280220436,0.2648289060501991,0.0006284329493516469,600,600,0,4.86072225518819e-10,-2.4843968685977018e-08,-1.0372615748053838e-08,6.005799877441127e-10,1.2237081267016444e-08,1.746989460770633e-08,2.803852217810097e-08,600,600,0,8.126352081639582e-12,-3.2324162630780857e-09,-6.339841255778638e-10,6.013611527433789e-13,7.103175335820018e-10,1.5853459391406977e-09,4.117738788122223e-09,600,600,0,0.002140329998189897,-0.03461489190321048,-0.004382691941266599,0.0007597442024370164,0.013929719433542834,0.03061150949487878,0.10008447099712678,0.31484732920842606,600,600,0,0.30514017116805503,0.19257334625496972,0.2283573532708926,0.283857819227968,0.48769654278514957,0.5914356144562578,0.6449373990069928,0.6060720686606683,0.6887010925355489,0.27782581563183056,0.737120641203878,0.6070316845324197,0.6891359390512446,0.2813493133620206,0.7373338799138216,0.3952406878466505,0.5635463187085552,0.2634766935822097,0.723537010017884,0.6060720695078305,0.6887010919949013,0.27782582218068086,0.7371206396095801,0.6070316853461449,0.6891359385068517,0.28134931848464967,0.7373338783945551,0.3952406869714349,0.5635463249613265,0.26347669538157686,0.7235370029586706
B,4,4,canonical,100,3.469446951953614e-18,100,100,0,1.3096313089863989e-06,6.566980705237133e-07,7.13010322655292e-07,1.3848165007804839e-06,1.6810279764682865e-06,1.7914756415964348e-06,1.9560942803716774e-06,1.81209418972985e-12,100,100,0,0.2987180582390209,0.20856609980252266,0.22829420186958285,0.2784728983241348,0.45775613385161695,0.5340048840152651,0.5747089244305351,0.09421974677355592,100,100,0,0.011918367743130109,0.0021678012274614867,0.003888286832667157,0.008680627866149317,0.030622280454123515,0.060482650068499406,0.09343087445278536,0.00028387344637566194,100,100,0,-1.6465465736794363e-11,-1.8279139518710942e-08,-1.1785625674327863e-08,8.813464630311341e-10,9.729380081544933e-09,1.5005762856163422e-08,1.6616969432284184e-08,100,100,0,5.124668031187573e-11,-6.069379403530425e-10,-3.961996569697011e-10,-2.4338599759446817e-11,3.5812971701979055e-10,2.2308179692354727e-09,2.9625930381116477e-09,100,100,0,-0.0032104920701321016,-0.03461489190321048,-0.01044445992163767,-0.0018257455219071394,-0.0002087387384391372,0.0008677538043684808,0.003368052329375885,0.2967871900049628,100,100,0,0.28950858068753754,0.2099440479902418,0.22498211545458513,0.27191211539206034,0.43970907861748043,0.48893159676869563,0.5626223642231778,0.625113156924458,0.7009945693145249,0.3832843764618333,0.737120641203878,0.6258770853721982,0.7015960109835153,0.38403975576035587,0.7373338799138216,0.3760662949813476,0.5220743493402449,0.2634766935822097,0.6171853701124219,0.6251131574027442,0.7009945625562741,0.3832843777702519,0.7371206396095801,0.6258770858033939,0.701596003881497,0.38403975698161624,0.7373338783945551,0.3760662944614049,0.5220743418736139,0.26347669538157686,0.6171853687523667
B,4,4,augmented,500,3.469446951953614e-18,500,500,0,1.419444422246229e-06,1.0924135669124993e-06,1.262616890845017e-06,1.3945630940666402e-06,1.6579613303050811e-06,1.7938593950185634e-06,1.990160256921834e-06,2.0310341002705337e-12,500,500,0,0.29871805823902076,0.20856609980252266,0.22829420186958146,0.2784728983241348,0.4577561338516154,0.5340048840152645,0.5747089244305351,0.09421974677355585,500,500,0,0.018191488357774097,0.002820521917115086,0.005062573689560743,0.012818505982396464,0.046169363456795745,0.07490554619597627,0.2648289060501991,0.0006973448499468438,500,500,0,5.865797637699416e-10,-2.4843968685977018e-08,-9.701692629301898e-09,5.238791681963516e-10,1.2237081267016444e-08,1.8579270037957145e-08,2.803852217810097e-08,500,500,0,-4.97713564407647e-13,-3.2324162630780857e-09,-7.076356750986978e-10,3.981830151036401e-12,7.264452108870887e-10,1.4427126285040664e-09,4.117738788122223e-09,500,500,0,0.003210494411854297,-0.01371458313121822,-0.003001177192659945,0.0013219973214333883,0.01466199998729445,0.034389794753445335,0.10008447099712678,0.31833642836063614,500,500,0,0.30826648926415856,0.19257334625496972,0.22955352280733168,0.2868216433505161,0.5024438230218649,0.5916364272059328,0.6449373990069928,0.6022638510079104,0.6868304323520426,0.27782581563183056,0.7271422873285676,0.603262604364464,0.687212510828855,0.2813493133620206,0.7274773173956965,0.39907556641971115,0.5811473412503853,0.2737492879773455,0.723537010017884,0.6022638519288478,0.6868304288406527,0.27782582218068086,0.7271422841825632,0.6032626052546951,0.6872125072693728,0.28134931848464967,0.7274773141097663,0.39907556547344086,0.5811473284146081,0.27374929073740695,0.7235370029586706
B,4,5,all_native,600,5.551115123125783e-17,600,600,0,0.6557677215762309,0.36004892581106884,0.48598804971541926,0.628535485558108,0.9304663874996646,1.0869241293865806,1.3006890261162034,0.44996893233011886,600,600,0,0.3764345904882331,0.2229096700496417,0.2659073918591675,0.34754745906809625,0.5980229544642472,0.7157814833084035,0.7471379836317331,0.15187556960089896,600,600,0,0.03710994930331248,0.003725694582303285,0.010063900286990335,0.02659355177441374,0.09450956525120568,0.17320722583749482,0.339509062661429,0.002500383080137731,600,600,0,0.102983936004974,0.046856691546188614,0.05704657856626412,0.0928140450274182,0.21678617043514287,0.28756065865729824,0.3303267337009619,600,600,0,0.0030198535436545895,-0.03650935107043093,-0.00778063241865992,0.0006300984985612411,0.020919074456339233,0.05665657595378034,0.12465371946088662,600,600,0,0.005399189925829745,-0.06054574069963518,-0.010210717449317945,0.001918659348140581,0.02952222535000193,0.09847102916800803,0.18287677025395221,0.9094783361686369,600,600,0,0.8916783775684113,0.5522385278287133,0.6823925882327101,0.8541653213002145,1.2960674030957218,1.4642594794479677,1.8029136287907037,0.596314866769476,0.7099705336083858,0.20544111110647592,0.9022372799993376,0.5993133201335259,0.7104682809821082,0.21896668158197805,0.9024462628289451,0.40742121618288574,0.6082304162372614,0.09967295167323188,0.798163006803793,0.5963148669336665,0.7099705233257124,0.20544111698729245,0.9022372976642477,0.5993133203104023,0.7104682709951091,0.2189666854777389,0.9024462802507637,0.4074212160685762,0.6082304082685317,0.09967293218293588,0.7981630005046101
B,4,5,canonical,100,5.551115123125783e-17,100,100,0,0.6380501055164001,0.41419223230368746,0.47731228491600264,0.606214588071639,0.9172473797409907,1.0427743399770126,1.0920689669122714,0.42543064876461245,100,100,0,0.3764345904882329,0.2229096700496417,0.2659073918591675,0.3475474590680965,0.5980229544642479,0.715781483308404,0.7471379836317331,0.1518755696008988,100,100,0,0.02745387658166466,0.004399167744516359,0.009795525299175947,0.022367439472508868,0.061708347648728824,0.09328753466974864,0.11620506687984611,0.0011030525188348566,100,100,0,0.10114445729622888,0.046856691546188614,0.05781912768314812,0.09325780827425552,0.2064685382416096,0.2694188313332732,0.2875568827326609,100,100,0,-0.004255636728776843,-0.033899353814550025,-0.013407866622272259,-0.0029004977035141048,0.0005832444935859768,0.006158584574334281,0.013303930580433145,100,100,0,-0.008098780337805651,-0.06054574069963518,-0.02421641197647843,-0.005178287848116254,-0.0007922136709772593,0.00349150129723531,0.007527383304238751,0.8694764811906294,100,100,0,0.8551556074363007,0.5912634979344327,0.6628423988826776,0.8211713896970911,1.2148913436849131,1.3444955927298434,1.365600221314017,0.6262864241803221,0.7198748807975749,0.39087814043583047,0.8044298747103735,0.6274655876080852,0.7208807814253003,0.39190075802935825,0.804558333592302,0.3755351869229736,0.5656510628525945,0.19609783969252426,0.6097785854491159,0.6262864252720193,0.719874869550173,0.390878125842417,0.804429881306553,0.6274655888087394,0.7208807709730672,0.3919007442893725,0.8045583400514292,0.37553518597325275,0.5656510627208536,0.19609783255611266,0.6097786005508312
B,4,5,augmented,500,5.551115123125783e-17,500,500,0,0.659311244788197,0.36004892581106884,0.49307096079639495,0.6308184685937402,0.9404687732994964,1.086986877524927,1.3006890261162034,0.45487658904322015,500,500,0,0.37643459048823313,0.2229096700496417,0.2659073918591675,0.34754745906809625,0.5980229544642472,0.7157814833084035,0.7471379836317331,0.15187556960089899,500,500,0,0.039041163847642044,0.003725694582303285,0.010378115135864618,0.028296237073229008,0.09909294849689129,0.18635930291371738,0.339509062661429,0.0027798491923983065,500,500,0,0.10335183174672304,0.048043237822138506,0.05704275408965752,0.09263468698897721,0.21865805959098297,0.28796458316729945,0.3303267337009619,500,500,0,0.004474951598140877,-0.03650935107043093,-0.005817149444926207,0.0017751289747799277,0.021866273662667666,0.05829259428098264,0.12465371946088662,500,500,0,0.008098783978556824,-0.03937663059253672,-0.006844699590234227,0.0038201135101710603,0.032714526827206124,0.10305170806389759,0.18287677025395221,0.9172693947163827,500,500,0,0.8989829315948334,0.5522385278287133,0.6874091980307858,0.8597786720516665,1.3072492671664329,1.477954303326224,1.8029136287907037,0.5903205552873068,0.7029809400770031,0.20544111110647592,0.9022372799993376,0.5936828666386141,0.705324395743274,0.21896668158197805,0.9024462628289451,0.41379842203486816,0.6197836037823126,0.09967295167323188,0.798163006803793,0.590320555265996,0.7029809686435872,0.20544111698729245,0.9022372976642477,0.5936828666107349,0.7053244231180646,0.2189666854777389,0.9024462802507637,0.41379842208764084,0.6197835967758717,0.09967293218293588,0.7981630005046101
B,4,6,all_native,600,2.220446049250313e-16,600,600,0,1.5798792440109428,0.7371289184832436,1.0003642670033392,1.3998388133307142,2.756605331687423,3.381011711943034,4.781056413277324,2.804351988304648,600,600,0,0.4968969938683756,0.2101761970735012,0.35693721340710743,0.48846370074798073,0.7530680337883097,0.8821324873635159,0.9687014652734851,0.2619104911074121,600,600,0,0.08875755387242114,0.007041479757595217,0.02454563215759604,0.06979795179733,0.21697228739330437,0.3117790132346015,0.4160641405239857,0.011871935858985654,600,600,0,0.236976936013512,0.06601059157136693,0.10688298468610875,0.19969947092862314,0.5417732286903186,0.8137826319925713,1.2529607275896755,600,600,0,0.004246354944715483,-0.22351734106838916,-0.05706341174312449,0.001226459049792714,0.06977262359553403,0.14237966248573833,0.38709376380366745,600,600,0,0.011959462908993052,-0.08953164214702994,-0.026080734010393427,0.004503011654968572,0.06931554435852116,0.1533292628695021,0.21806865325157054,1.8932775610051176,600,600,0,1.8099111706715727,0.964508526987223,1.262077930844567,1.6222396303190785,2.941815511226833,3.6451050262104854,5.1485194556719245,0.5799578708462204,0.6973887750583093,0.20419382953081125,0.9513460341259018,0.5912535130032348,0.7012067158506878,0.21396765442990703,0.9543278421789371,0.43397575347663253,0.6155696472906165,0.08971935190416146,0.7983699005352178,0.5799578706477285,0.6973887754163303,0.20419383972767008,0.9513460397290756,0.5912535128044232,0.7012066989202698,0.21396766558628658,0.9543278463868249,0.43397575368073943,0.6155696297878998,0.08971933421043653,0.7983698907530925
B,4,6,canonical,100,2.220446049250313e-16,100,100,0,1.498434993658106,0.8247550490128771,1.004258976426925,1.3246841002009924,2.62128056230329,3.127307720667243,3.453856917747363,2.483203330298706,100,100,0,0.49689699386837566,0.2101761970735012,0.35693721340710743,0.48846370074798184,0.7530680337883098,0.8821324873635171,0.9687014652734851,0.26191049110741216,100,100,0,0.06527497101656006,0.011199801791858791,0.025560906201988306,0.057584371891591324,0.1299682090562819,0.14246578780319014,0.17726204765207537,0.005307397422957704,100,100,0,0.22462007090301442,0.06601059157136693,0.09924010373897896,0.19562468311564507,0.502456147407425,0.668737774583791,0.9500171895231136,100,100,0,-0.00492559387419114,-0.12467769006625365,-0.04023807240627314,-0.005914274218180551,0.03228065536798743,0.09059614183183683,0.09101430515345793,100,100,0,-0.017939192598772767,-0.08953164214702994,-0.0477238500320457,-0.013315710761610297,-0.0014058011239393808,0.00426034982569025,0.006319759873823799,1.7759312452032532,100,100,0,1.7086352506964682,1.0279633124370613,1.2494283545094125,1.5385878193015254,2.7883852134037976,3.2634100429736024,3.5791242682572078,0.6193817896363099,0.7113971332817218,0.36719639637553414,0.9513460341259018,0.6221924757048303,0.7124163954204009,0.37779688814303647,0.9543278421789371,0.38534881360163986,0.5374921984149922,0.08971935190416146,0.6390130639818671,0.6193817887505748,0.7113971303062501,0.36719638745677646,0.9513460397290756,0.6221924748070082,0.7124163919763908,0.377796879108468,0.9543278463868249,0.38534881435114493,0.5374921957256205,0.08971933421043653,0.6390130725975371
B,4,6,augmented,500,2.220446049250313e-16,500,500,0,1.5961680940815102,0.7371289184832436,1.0003642670033392,1.4103652398708544,2.7903101283101224,3.3815823478481586,4.781056413277324,2.868581719905836,500,500,0,0.4968969938683756,0.2101761970735012,0.35693721340710743,0.48846370074798073,0.7530680337883097,0.8821324873635159,0.9687014652734851,0.2619104911074121,500,500,0,0.09345407044359336,0.007041479757595217,0.024250293537806476,0.0739428980349052,0.22260770870136878,0.31525870513456555,0.4160641405239857,0.013184843546191243,500,500,0,0.23944830903561148,0.06658042754530044,0.10733133122082042,0.2006978783215044,0.5451063882233237,0.8146465938922037,1.2529607275896755,500,500,0,0.006080744708496808,-0.22351734106838916,-0.06067606862641266,0.0030374920244230145,0.07368853457076589,0.17534610865371283,0.38709376380366745,500,500,0,0.017939194010546212,-0.05983484308136948,-0.017288491845600162,0.010738688385254599,0.07473547334466772,0.16452936578988592,0.21806865325157054,1.9158845346389612,500,500,0,1.8301663546665938,0.964508526987223,1.2696809858474478,1.6429717490525915,2.9489438199286786,3.6920221705510756,5.1485194556719245,0.5720730870882026,0.6913253203912898,0.20419382953081125,0.7783366258199775,0.5850657204629158,0.6981609994871779,0.21396765442990703,0.8140056295493246,0.4437011414516311,0.6259998930510217,0.2336475791983935,0.7983699005352178,0.5720730870271593,0.6913253180906616,0.20419383972767008,0.7783366383702288,0.5850657204039063,0.6981610031536489,0.21396766558628658,0.8140056236115972,0.4437011415466584,0.6259998944327585,0.2336475929689644,0.7983698907530925
B,4,7,all_native,600,2.220446049250313e-16,600,600,0,2.0998906543622566,1.3025068492490757,1.5258402665525628,1.8984729863940975,3.380219476597063,4.440537840013667,5.258798851579826,4.784287073653822,600,600,0,0.6780208025061983,0.35789185393649364,0.5062068863345027,0.6626237208882653,0.8908538791935435,1.0299372733260748,1.095320198498256,0.4747082391760506,600,600,0,0.16046153220844245,0.029736005950293812,0.0497465603588511,0.1381271424122703,0.3367457245282617,0.4194080307335173,0.521394676429113,0.03451959997219514,600,600,0,0.4409905708095229,0.13485172592536793,0.18842443121623953,0.3781487379451473,0.9490086805894026,1.3982806465910123,1.8973386378612749,600,600,0,0.0310259553040541,-0.19429700423282908,-0.045854590078001786,0.009502051406742313,0.18664278277022994,0.32846181859591234,0.4132569070348896,600,600,0,0.026948554344997676,-0.15807311760742906,-0.05759934389382308,0.01346619284496951,0.16080496884103573,0.21389896800140876,0.3473285225266392,2.508275318564375,600,600,0,2.429937318905106,1.6413885053551494,1.8289758031511354,2.242806678226749,3.648138168649574,4.753337224551098,5.674309922502549,0.5274869241143229,0.6575134359678221,0.18200562005338644,0.852760468264442,0.5520371051082611,0.6692586810307883,0.2292111299997892,0.8542992587754148,0.49595501653025054,0.6865028258650664,0.15590473698813317,0.8460575163341719,0.5274869243401634,0.657513435950715,0.18200561394348289,0.852760471558043,0.5520371054684539,0.6692586868399553,0.22921112888626707,0.854299262563387,0.49595501638682427,0.6865028277654593,0.1559047366190682,0.8460575205943193
B,4,7,canonical,100,2.220446049250313e-16,100,100,0,2.0278660486592033,1.3623331919078174,1.4928253563795069,1.84931552987236,3.157684313176618,3.565636466521046,4.3643627775981,4.406021770964837,100,100,0,0.6780208025061981,0.35789185393649364,0.5062068863345027,0.6626237208882653,0.8908538791935402,1.0299372733260757,1.095320198498256,0.4747082391760504,100,100,0,0.11491617261579509,0.041546273959709924,0.050572502136369046,0.10754341206886897,0.1925693874911168,0.2313236004623851,0.2600318922089862,0.015247457904550142,100,100,0,0.40417212900075034,0.14627713175569715,0.17873523227103502,0.3556725679679455,0.8295005137821425,1.1093167981472007,1.6153829988484754,100,100,0,-0.01884220563329585,-0.10352881855791504,-0.08925605618706835,-0.015837512244295818,0.02041577518829564,0.07857943215096072,0.08859840344738974,100,100,0,-0.040422825430854764,-0.15807311760742906,-0.09731035414155487,-0.033864905480449854,-0.008843345148725808,0.003242006685028974,0.01639156318195601,2.363427947689254,100,100,0,2.2995568220064984,1.6737255087660325,1.7810101862226286,2.1262727886957284,3.4131922780726414,3.8684829847700235,4.8014808228905625,0.5837173456997135,0.6840638045291391,0.3665608758993277,0.852760468264442,0.5904427258278208,0.6876447518092287,0.37872777676712793,0.8542992587754148,0.4254461191462559,0.5298298959187786,0.15590473698813317,0.6405567711735752,0.5837173463691415,0.6840638153315008,0.3665608761555335,0.852760471558043,0.5904427266494963,0.6876447554911309,0.3787277787605032,0.854299262563387,0.4254461187472585,0.5298299017086016,0.1559047366190682,0.6405567719521802
B,4,7,augmented,500,2.220446049250313e-16,500,500,0,2.1142955755028674,1.3025068492490757,1.538710678361071,1.9082583964603232,3.39265652354033,4.516920202545627,5.258798851579826,4.8599401341916195,500,500,0,0.6780208025061982,0.35789185393649364,0.5062068863345027,0.6626237208882653,0.8908538791935435,1.0299372733260748,1.095320198498256,0.47470823917605065,500,500,0,0.16957060412697192,0.029736005950293812,0.0497465603588511,0.14729124799663104,0.3520466136779249,0.42446272672507374,0.521394676429113,0.03837402838572414,500,500,0,0.44835425917127747,0.13485172592536793,0.194980599118252,0.38378128493839725,0.9564681887897909,1.3989487603638833,1.8973386378612749,500,500,0,0.04099958749152409,-0.19429700423282908,-0.040605668944823294,0.020666033730083362,0.19728326166853516,0.33287087557516537,0.4132569070348896,500,500,0,0.04042283030016817,-0.10651551242323463,-0.03269265389333674,0.02691829752081937,0.16690375497995819,0.2412804936257232,0.3473285225266392,2.5362523052092696,500,500,0,2.4560134182848277,1.6413885053551494,1.846267891010775,2.265379167149275,3.6887109802322953,4.758001417284804,5.674309922502549,0.5162408397972447,0.646730016195755,0.18200562005338644,0.8395750219995679,0.5443559809643492,0.6585076658844551,0.2292111299997892,0.841271284027155,0.5100567960070495,0.6924398138725657,0.16907787948032318,0.8460575163341719,0.5162408399343679,0.6467300227584694,0.18200561394348289,0.839575021573624,0.5443559812322454,0.6585076792198479,0.22921112888626707,0.841271284438491,0.5100567959147374,0.6924398145839974,0.16907788404620067,0.8460575205943193
B,4,8,all_native,600,2.220446049250313e-16,600,600,0,2.660366908051182,1.704229331749476,1.9560586170617449,2.4418201883488786,4.153448414251415,5.4001256783021505,6.285871378740885,7.607765720845608,600,600,0,0.7876941758528152,0.5450538525535306,0.5974167872593649,0.7767603231827414,1.0370741940038075,1.1215865899319863,1.1740603058215393,0.6368765408103417,600,600,0,0.16044287584419295,0.02671071784543346,0.04469302977500934,0.1311866259530392,0.364721978081704,0.44845559645090793,0.6689831991820981,0.036340994156383706,600,600,0,0.7828721614458433,0.2986905230824595,0.38913526434180845,0.7022722811839799,1.358645871323252,1.9959251578801729,2.8486547926436896,600,600,0,0.09883766757297262,-0.38754039637021925,-0.10261135344833278,0.05087129785959675,0.4422925863176842,0.7595754589807412,1.0341665890815135,600,600,0,0.0538218534210941,-0.2782159518754268,-0.09360617767356762,0.04088817425542559,0.24744295491260154,0.3325114956728518,0.4303566239434145,3.1862276473428817,600,600,0,3.0978675946852023,2.1461687802812173,2.31929133550017,2.9081583179661736,4.587124398453653,5.88465923581694,6.997861882383469,0.454854692873085,0.6109354528478518,0.129068028683435,0.8450251510705679,0.4769576237599522,0.6180164428013739,0.19617299358727375,0.8498192577035563,0.5598304244469935,0.750111140257739,0.1792832078659002,0.8833729597662148,0.4548546926969711,0.6109354451239003,0.12906802311290605,0.8450251518261783,0.47695762340170056,0.618016431695518,0.1961729881853059,0.8498192584776941,0.559830424578219,0.7501111367280865,0.1792832073207678,0.8833729648725617
B,4,8,canonical,100,2.220446049250313e-16,100,100,0,2.547590901740245,1.7612711180092695,1.9227289632420712,2.304825052174996,3.9820001414208512,4.941272568874346,5.247835179652612,6.93776722204039,100,100,0,0.7876941758528153,0.5450538525535306,0.5974167872593649,0.7767603231827414,1.0370741940038082,1.121586589931987,1.1740603058215393,0.6368765408103421,100,100,0,0.1297587553454897,0.03659063583009428,0.05111965257647028,0.12083092764928414,0.23875292196027426,0.2983584578804836,0.3589343373742776,0.020376668658355572,100,100,0,0.6740337342597157,0.2986905230824595,0.34329027522435457,0.6076226899981649,1.2522683409674864,1.406858366214421,2.1588479345756455,100,100,0,-0.08085782780199248,-0.38754039637021925,-0.1518190929493693,-0.0665232832497922,-0.023271601257395653,-0.013901720195604164,-0.013106532735282533,100,100,0,-0.08073277769407015,-0.2782159518754268,-0.1887782210405248,-0.07259459209071688,-0.0220284119955302,-0.016979774942039855,-0.01351966374054981,2.935967760217471,100,100,0,2.8625417530968487,2.1461687802812173,2.254750555571001,2.6578839957515052,4.184295545595684,5.052175557626023,5.6549607783585225,0.5613364122338318,0.6703504793648757,0.3831749789827443,0.8450251510705679,0.5695220006979506,0.6746671616047248,0.40379994237011596,0.8498192577035563,0.44854378049638055,0.5804803241902354,0.1792832078659002,0.6298447709496525,0.5613364107339672,0.6703504760370863,0.3831749809196213,0.8450251518261783,0.5695219994587624,0.674667166244657,0.4037999423036527,0.8498192584776941,0.4485437822423549,0.5804803279939843,0.1792832073207678,0.6298447678318766
B,4,8,augmented,500,2.220446049250313e-16,500,500,0,2.682922109313369,1.704229331749476,1.9741300159604271,2.480664153823656,4.206995979638413,5.503892410457677,6.285871378740885,7.741765420606652,500,500,0,0.7876941758528152,0.5450538525535306,0.5974167872593649,0.7767603231827414,1.0370741940038075,1.1215865899319863,1.1740603058215393,0.6368765408103418,500,500,0,0.16657969994393362,0.02671071784543346,0.043154625401819684,0.13926198001634527,0.37700708996642385,0.45522117693864367,0.6689831991820981,0.03953385925598933,500,500,0,0.8046398468830688,0.31954865997752957,0.4148921255778712,0.7238933791637787,1.3915788387792702,1.9996926977730374,2.8486547926436896,500,500,0,0.13477676664796565,-0.1575891835387534,-0.04322149842821938,0.09237049540276114,0.4604832146008549,0.7600588087236609,1.0341665890815135,500,500,0,0.08073277964412695,-0.11138182094418682,-0.04186452435685407,0.0662552954177062,0.2571617768614386,0.3539648368366828,0.4303566239434145,3.2339564942997154,500,500,0,3.1449327630028727,2.219985488337052,2.3822565894205923,2.961782162606603,4.713120843252579,5.954379029482569,6.997861882383469,0.43355834900093565,0.5872151047727688,0.129068028683435,0.6993076077583096,0.45844474837235255,0.5905471564484746,0.19617299358727375,0.7002124124334089,0.582087753237116,0.7603396330632871,0.30279069835316147,0.8833729597662148,0.4335583490895719,0.5872151087700759,0.12906802311290605,0.6993075891385064,0.4584447481902882,0.5905471427900142,0.1961729881853059,0.7002123941160999,0.5820877530453917,0.7603396264053309,0.3027907174878181,0.8833729648725617
B,5,4,all_native,600,3.469446951953614e-18,600,600,0,1.432628758572396e-06,6.751165599694086e-07,1.2320394552969e-06,1.4106682006532758e-06,1.7783390905302703e-06,2.0220278916375976e-06,2.354715815395954e-06,2.093091466798276e-12,600,600,0,0.29180773990720665,0.2076286173361291,0.22710155669637414,0.2754576542595335,0.41548689564033925,0.5072829362849377,0.6687915517154367,0.08946038939459063,600,600,0,0.016483085816294974,0.0035346002435838347,0.005366283205655885,0.012588286587963893,0.03784817487307866,0.08009977539542132,0.16830258570888443,0.0004874906763386486,600,600,0,1.6026243406644444e-10,-2.403827485465663e-08,-1.1082273812740253e-08,-1.8062195329510803e-11,1.0641414447947179e-08,1.6629345723156222e-08,4.0920679191538673e-08,600,600,0,1.8507232726214432e-12,-4.8248859932270785e-09,-6.143650802226907e-10,-3.6028301619390334e-12,6.999351020920071e-10,1.2800092504278134e-09,1.8950676954146192e-09,600,600,0,0.0020219592852536925,-0.04863391482549841,-0.0038977956430775317,0.0009489082153813532,0.009709275646906969,0.035017115437994045,0.07200794943015051,0.30658081963449063,600,600,0,0.29804621504171713,0.20068903718000444,0.22752203948870545,0.27970975311902035,0.4208953788614306,0.5573468488235591,0.7772379245941639,0.6150475008581779,0.6871681322831832,0.29868663904565323,0.8303410655845451,0.6162135651736707,0.6896192716066988,0.30045033361167234,0.834943079702969,0.38698270244971,0.4656176718632953,0.1909131089652793,0.7020663251260943,0.6150475001513848,0.6871681281602634,0.2986866442302411,0.8303410656325411,0.6162135645014971,0.6896192839304193,0.30045033974467167,0.834943079159164,0.3869827031926345,0.4656176651134763,0.1909131063355882,0.7020663203659655
B,5,4,canonical,100,3.469446951953614e-18,100,100,0,1.3452784104258135e-06,6.751165599694086e-07,7.216926080059039e-07,1.4062248106141063e-06,1.759311719674612e-06,2.0220278916375997e-06,2.1619416659027146e-06,1.909904622623383e-12,100,100,0,0.29180773990720676,0.2076286173361291,0.22710155669637494,0.2754576542595335,0.41548689564033925,0.5072829362849395,0.6687915517154367,0.08946038939459068,100,100,0,0.011615917068314994,0.0035346002435838347,0.004422906034215822,0.009602073558506934,0.02198683554982176,0.07439017377252011,0.08000690820608522,0.00024353802448511788,100,100,0,4.290819483330409e-10,-1.5946629585840218e-08,-9.095156576702736e-09,4.473850454835613e-11,9.760929022529868e-09,1.507355006335188e-08,4.0920679191538673e-08,100,100,0,-5.702589244021984e-11,-4.8248859932270785e-09,-3.495091536604793e-10,7.087034044020738e-12,3.216515809055236e-10,6.22397523638326e-10,6.52720729970272e-10,100,100,0,-0.0030329359424213116,-0.04863391482549841,-0.005502804502843619,-0.002044868042241042,-0.0004791621760662953,0.00010132128337526617,0.001112769941108099,0.2892024486069494,100,100,0,0.2828909880177805,0.20068903718000444,0.22514413670514297,0.2687132821566588,0.40319697097412716,0.49594125641003745,0.5962716132138532,0.6339262170604583,0.6989889029160744,0.45466431348927083,0.7878292469077656,0.6350108093648759,0.6997126359539366,0.45537742457048613,0.7916849195505855,0.36811803658775266,0.4233510129986963,0.22606750767920114,0.5459303726940891,0.6339262177115804,0.6989888995379453,0.45466431211842945,0.7878292323448224,0.635010809973864,0.6997126321399956,0.45537742377116347,0.79168490500353,0.36811803585384567,0.42335101213669507,0.2260675211541972,0.5459303745383682
B,5,4,augmented,500,3.469446951953614e-18,500,500,0,1.4500988282017127e-06,1.0848432354732227e-06,1.2801412118490607e-06,1.4112691394171804e-06,1.7783390905302703e-06,2.01335283430229e-06,2.354715815395954e-06,2.1297288356332547e-12,500,500,0,0.29180773990720665,0.2076286173361291,0.22710155669637414,0.2754576542595335,0.41548689564033925,0.5072829362849377,0.6687915517154367,0.08946038939459063,500,500,0,0.017456519565890973,0.003892624578308876,0.005825009174755392,0.013786293916193808,0.038498098365636696,0.08937281247626419,0.16830258570888443,0.0005362812067093547,500,500,0,1.0649853121312513e-10,-2.403827485465663e-08,-1.1367635157157362e-08,-1.8062195329510803e-11,1.0893832956479493e-08,1.6629345723156222e-08,2.8669317441654872e-08,500,500,0,1.3626046415189698e-11,-2.743672358153781e-09,-6.471810949641974e-10,-4.725236964070993e-12,7.692864975281513e-10,1.328603380806635e-09,1.8950676954146192e-09,500,500,0,0.003032938330788693,-0.012707346239940805,-0.0024924238832888064,0.001697600992820877,0.01101198796959302,0.03646532570864762,0.07200794943015051,0.3099395868637245,500,500,0,0.30107726044650446,0.20887768363077572,0.22920867938398426,0.2822072947751658,0.42924583391498944,0.5584231910911166,0.7772379245941639,0.611271757617722,0.6866417890640572,0.29868663904565323,0.8303410655845451,0.6124541163354296,0.6895044042233383,0.30045033361167234,0.834943079702969,0.3907556356221014,0.4693511122546878,0.1909131089652793,0.7020663251260943,0.6112717566393455,0.6866418009323282,0.2986866442302411,0.8303410656325411,0.6124541154070238,0.6895044000519667,0.30045033974467167,0.834943079159164,0.3907556366603922,0.46935109984559925,0.1909131063355882,0.7020663203659655
B,5,5,all_native,600,1.1102230246251565e-16,600,600,0,0.6472654676455659,0.3056856518842108,0.45363989407999966,0.6127881910792106,0.9750847674681712,1.2124223024562149,1.6028599344411305,0.44807585396914507,600,600,0,0.3787229252328639,0.25015893079990775,0.27434692226209395,0.36606074974801317,0.4978670816190496,0.6549841086557867,0.8173952998622518,0.15071039339661293,600,600,0,0.03690657025166449,0.007897752913071753,0.011851160076855197,0.02769134601013579,0.09789331177803791,0.14568263628149813,0.25708478448021704,0.0022286039442163193,600,600,0,0.10052055209618212,0.04199387397020017,0.05389828260150072,0.08936960976709332,0.17190783527515632,0.2880346935676333,0.5147299935032844,600,600,0,0.002986767296322797,-0.03174210212148871,-0.006873360805805854,0.0009854231804522543,0.018027986887063044,0.03306868379030261,0.12712900853497983,600,600,0,0.005361133424371565,-0.062333807579830085,-0.009012741133206515,0.0026766916149678238,0.03001252138589611,0.05468070272733249,0.12060835555822458,0.9048490243923166,600,600,0,0.8833601782314232,0.5688008690438765,0.6723348075155353,0.8364823196938191,1.2219307034289044,1.6267049124896438,2.143599101862681,0.5962674857541755,0.6819132466701328,0.2403041453079166,0.7405495639734055,0.5995737129211139,0.6826117417766213,0.2447247227187595,0.7471144140909931,0.4083403585204755,0.5429068400306145,0.2776343274808017,0.7611057083572165,0.5962674860509213,0.6819132370784292,0.2403041485856317,0.7405495502036984,0.5995737132886346,0.6826117315611381,0.24472472442522406,0.7471144012650972,0.40834035833194193,0.5429068180058857,0.27763434256285413,0.7611057045993928
B,5,5,canonical,100,1.1102230246251565e-16,100,100,0,0.6218784454266855,0.3803275978669034,0.433485845819842,0.5914962822873107,0.9202127103945942,1.0152591591506084,1.082005012773201,0.4081853863237921,100,100,0,0.3787229252328639,0.25015893079990775,0.27434692226209395,0.36606074974801317,0.497867081619049,0.6549841086557889,0.8173952998622518,0.15071039339661293,100,100,0,0.027668527254342955,0.01020660324813737,0.012227841458391451,0.023032660479059115,0.05495261702321724,0.07465321162251064,0.1436746656011554,0.0010602790726514098,100,100,0,0.09775807871032638,0.04383153949086681,0.054317733111749616,0.08396573036016122,0.16100290847557913,0.28069344316641376,0.3991601391288399,100,100,0,-0.004214900488687097,-0.03174210212148871,-0.01109669774486682,-0.0032949119685224152,-0.00024753922591526134,0.0033226338650626437,0.004056644077174774,100,100,0,-0.008041696646437257,-0.062333807579830085,-0.018639523573660062,-0.005784879317878468,-0.0019604073448922193,-0.00038679932246752524,-0.00015269749887329614,0.8549614154705817,100,100,0,0.8391188381467641,0.5688008690438765,0.6541734572375277,0.7892985091010356,1.1126317703310056,1.3236159514458905,1.5703609837762396,0.6289258884747699,0.6994301976061529,0.41125345439468824,0.7251288778689057,0.6304699533962684,0.7023519083203467,0.41232716412715376,0.7297789796315837,0.37368834433343423,0.46679146891124407,0.27964963093013623,0.5894970580823659,0.6289258874682262,0.6994302206696373,0.4112534571418725,0.7251288907077468,0.6304699524893833,0.7023519150710372,0.41232716652487106,0.7297789919058675,0.37368834548085816,0.466791458560061,0.27964963369741447,0.5894970550992461
B,5,5,augmented,500,1.1102230246251565e-16,500,500,0,0.6523428720893418,0.3056856518842108,0.4549988682923035,0.6145926450478475,0.9770026303563538,1.247174318906285,1.6028599344411305,0.45605394749821565,500,500,0,0.37872292523286394,0.25015893079990775,0.27434692226209395,0.36606074974801317,0.4978670816190496,0.6549841086557867,0.8173952998622518,0.15071039339661293,500,500,0,0.0387541788511288,0.007897752913071753,0.011502530391657812,0.028436799320666034,0.0991990374332688,0.14693104929049008,0.25708478448021704,0.002462268918529301,500,500,0,0.10107304677335326,0.04199387397020017,0.05389828260150072,0.08961313453633049,0.17322594465889368,0.2882635433808556,0.5147299935032844,500,500,0,0.004427100853324775,-0.026318901853320684,-0.005302029623439219,0.002196057150815646,0.019010655314330372,0.03769638412699339,0.12712900853497983,500,500,0,0.00804169943853333,-0.018824973052735297,-0.004730025660907012,0.0045698013827508415,0.03254365329384555,0.05811313268395047,0.12060835555822458,0.914500029493592,500,500,0,0.892208446248355,0.5770370075812353,0.6754982901636036,0.8455283530661672,1.237354341756123,1.7626146546879708,2.143599101862681,0.5897358052100568,0.6692320576798587,0.2403041453079166,0.7405495639734055,0.5933944648260829,0.6714026110892325,0.2447247227187595,0.7471144140909931,0.4152707613578837,0.5448608213832467,0.2776343274808017,0.7611057083572165,0.5897358057674603,0.6692320452914524,0.2403041485856317,0.7405495502036984,0.5933944654484848,0.6714026050887365,0.24472472442522406,0.7471144012650972,0.4152707609021587,0.5448608297629682,0.27763434256285413,0.7611057045993928
B,5,6,all_native,600,2.220446049250313e-16,600,600,0,1.6063336037185878,0.757034337109056,0.9549926529328924,1.4119352252111597,2.886509666372927,4.573808201634993,7.255043155888442,3.1559250589491095,600,600,0,0.5126660819729978,0.30487179783042234,0.375462081016559,0.5071999323548916,0.6618534658767407,0.7753120647928391,0.9624299003319814,0.27272730225755587,600,600,0,0.10503468964371043,0.01586231311332322,0.025919925130294733,0.07943097319178927,0.28815550788044225,0.4229719931588128,0.8409480341929342,0.018816808558384773,600,600,0,0.23629925709807542,0.06467503391505922,0.11122065276445747,0.21125611307755493,0.44052157981762785,0.6146082844331243,1.5199114683736321,600,600,0,0.00748167202388767,-0.42204170003438524,-0.05497522748728023,0.003328318369781307,0.0702694323655695,0.14969629982970994,0.7327699613292027,600,600,0,0.01235052244334353,-0.12572684192777134,-0.027819427429194247,0.006393335267469352,0.07710242369299342,0.1231014031009994,0.17213890698413092,1.9899075538566267,600,600,0,1.846624097882722,1.0373790766743893,1.1928273193105998,1.6559951264306618,3.042765442446208,4.697574498842489,7.449361122506316,0.570261919994183,0.6693733032726914,0.21228335568261006,0.9748306969475271,0.5859166767711046,0.694052204716842,0.22373523554051794,1.2010737503196198,0.4503144762420938,0.5793336075366363,0.24270581323126347,0.7908797280605635,0.5702619199432201,0.6693732999054929,0.21228335286661523,0.9748307014695505,0.5859166764618381,0.6940522171223344,0.22373523497866596,1.2010737535714988,0.45031447578147116,0.5793336014892461,0.24270579888434946,0.7908797314622041
B,5,6,canonical,100,2.220446049250313e-16,100,100,0,1.4926924026737882,0.8605850324874541,0.9357180763013847,1.358285757953638,2.714291191387444,3.4593978363691447,4.573115167275675,2.5501461250741992,100,100,0,0.5126660819729978,0.30487179783042256,0.3754620810165589,0.5071999323548916,0.6618534658767415,0.7753120647928392,0.9624299003319814,0.27272730225755576,100,100,0,0.07164395026082737,0.01934501740542097,0.029239572034396095,0.06063385900116275,0.14176487435984517,0.2054078650922243,0.27083948296716237,0.006765012818306854,100,100,0,0.22056449644046114,0.06587902083237901,0.10039171689102754,0.20127500012537114,0.3683288927897219,0.6040123572947224,0.9377981599575417,100,100,0,-0.0054129791304322,-0.09094821434998551,-0.03121941816469727,-0.0071450548106292075,0.03608637602239473,0.0716726370582941,0.11479346852180433,100,100,0,-0.018525784624818614,-0.07487394079785004,-0.04371042742641798,-0.01540037491410197,-0.005413130184573448,0.015032590630550322,0.025358816356428792,1.7952409045920503,100,100,0,1.7071666132420051,1.0373790766743893,1.1914620673550684,1.5749682599108856,2.9247519957336197,3.577143106617024,4.69639084330776,0.6104450978880674,0.682786795346601,0.3901026069914672,0.7586179195582415,0.6149325855753852,0.6857411102974049,0.39409830557093445,0.7590401510412556,0.3963565367921329,0.4877721432321208,0.24270581323126347,0.6124608236213539,0.6104450984397074,0.6827867819434066,0.39010261383922484,0.7586179338418405,0.6149325858204884,0.6857411412886464,0.3940983116994981,0.7590401652717538,0.39635653567584667,0.4877721372567916,0.24270579888434946,0.6124608163841545
B,5,6,augmented,500,2.220446049250313e-16,500,500,0,1.629061843927548,0.757034337109056,0.9583309905653242,1.425009540314364,2.915490692414188,4.6460749847273375,7.255043155888442,3.277080845724092,500,500,0,0.5126660819729979,0.30487179783042234,0.375462081016559,0.5071999323548916,0.6618534658767407,0.7753120647928391,0.9624299003319814,0.27272730225755587,500,500,0,0.11171283752028706,0.01586231311332322,0.025648869537039532,0.08487978067025508,0.2966701577377987,0.43326378865627085,0.8409480341929342,0.02122716770640036,500,500,0,0.23944620922959828,0.06467503391505922,0.11335808827067191,0.2139794256087284,0.4683890274782511,0.615645845468693,1.5199114683736321,500,500,0,0.010060602254751643,-0.42204170003438524,-0.05810631404743496,0.0068048122863456385,0.07476473116381191,0.15202303076503934,0.7327699613292027,500,500,0,0.018525783856975956,-0.12572684192777134,-0.01740588214647326,0.012712886046754836,0.08213028517448874,0.12933375094954522,0.17213890698413092,2.02659825973741,500,500,0,1.8745155948108654,1.0490117784105977,1.210551103710725,1.6758442345282507,3.0665170118049225,4.820799236039557,7.449361122506316,0.562225284415406,0.6628419761540164,0.21228335568261006,0.9748306969475271,0.5801134950102484,0.6980578606549038,0.22373523554051794,1.2010737503196198,0.46110606413208605,0.600129309684294,0.26158713777436765,0.7908797280605635,0.5622252842439226,0.6628419763117046,0.21228335286661523,0.9748307014695505,0.5801134945901081,0.6980578607722021,0.22373523497866596,1.2010737535714988,0.461106063802596,0.6001293181347277,0.26158713230081054,0.7908797314622041
B,5,7,all_native,600,2.220446049250313e-16,600,600,0,2.124054597804945,1.1814601822706243,1.4347686114689093,1.9426078656242702,3.2728621737584596,4.98819969266663,7.796116360234496,5.028843552157895,600,600,0,0.7201421396682645,0.4786090818129918,0.5509724864962726,0.7304221655277997,0.8706541800745677,0.9451960490731487,1.0199407511166987,0.5290765479752879,600,600,0,0.15798771843975506,0.024190750324447986,0.044653788849143485,0.13722521899490167,0.36333846352515836,0.4440549473215146,0.6231794010431421,0.03433347814713122,600,600,0,0.4804762675886763,0.12230498163217823,0.24505688497271205,0.4567262222622139,0.834314475790473,1.0909501283700573,1.8049200863929977,600,600,0,0.039970341988013865,-0.43132300340416924,-0.04976956812098694,0.018172241085159753,0.19885975286457783,0.3522668362094159,0.6443017859201633,600,600,0,0.032286572585965005,-0.25776666456390296,-0.06843045218526579,0.021430042696707445,0.16742439026761816,0.26057967129879456,0.36020308525812733,2.587995352122106,600,600,0,2.4887759940411835,1.4898865224723328,1.7708922384745887,2.3151787721120205,3.631617246168561,5.216530490894606,8.152163702261202,0.4922093561384339,0.6264658137913104,0.2128529599293826,0.9041806843481576,0.5178996111692022,0.6318818715097734,0.2550020696525712,0.9633738631812917,0.5291387062751538,0.6968166136511711,0.29902412071823375,0.8058598279734216,0.4922093558180825,0.6264658160473979,0.21285295509949295,0.9041806751845397,0.5178996109933306,0.6318818946707973,0.25500206243127505,0.963373859389506,0.5291387066876928,0.69681661435563,0.2990241047104458,0.8058598310690901
B,5,7,canonical,100,2.220446049250313e-16,100,100,0,2.0291446605037318,1.2290783339030955,1.3643316979819604,1.8663542998770666,3.139681632091851,3.9846420928934343,4.121019052711414,4.428677368391895,100,100,0,0.7201421396682648,0.4786090818129918,0.5509724864962726,0.7304221655277997,0.8706541800745664,0.9451960490731498,1.0199407511166987,0.5290765479752882,100,100,0,0.11508729934780368,0.03153794671290008,0.048966119979182536,0.11385428040999866,0.1907142182815514,0.2322134355071262,0.2619240489971102,0.015335310000547844,100,100,0,0.4340855225616796,0.12230498163217823,0.22387187801208908,0.4185847694742001,0.7193174308531372,1.0018245823664973,1.3486569128506176,100,100,0,-0.027916022134595368,-0.13212336744339262,-0.07078747034534874,-0.022330457340905357,0.007907100917331584,0.05052723662718456,0.18661452179187293,100,100,0,-0.04842984344235615,-0.13324063831197752,-0.10335332564062746,-0.04410799601796529,-0.012335620497109817,-0.002747072455926194,0.10234643785138456,2.385072019947655,100,100,0,2.3206730749382376,1.500101367269251,1.7112657377388631,2.164666516751263,3.354362532839147,4.370699510939222,4.4134809941257265,0.5592222532863733,0.6450165697818264,0.41334184686556497,0.6849512760925529,0.5681362157699847,0.6478201152753015,0.4298285607095955,0.6876513972855824,0.451318956778501,0.5404421650509985,0.32087675516264563,0.6004657544717787,0.5592222521989199,0.6450165706605603,0.41334184553152664,0.6849512696266861,0.5681362149019703,0.6478201161248639,0.42982856189783347,0.6876513909856972,0.4513189579943459,0.5404421699833232,0.3208767618123696,0.6004657564636849
B,5,7,augmented,500,2.220446049250313e-16,500,500,0,2.143036585265188,1.1814601822706243,1.446722238966367,1.9504986089475596,3.2728621737584596,5.520064674242025,7.796116360234496,5.148876788911095,500,500,0,0.7201421396682645,0.4786090818129918,0.5509724864962726,0.7304221655277997,0.8706541800745677,0.9451960490731487,1.0199407511166987,0.5290765479752879,500,500,0,0.16656780225814535,0.024190750324447986,0.04442890110531818,0.14694505779257577,0.3816635538840728,0.45188128819102824,0.6231794010431421,0.038133111776447896,500,500,0,0.4897544165940756,0.12483032057202822,0.24879461912484296,0.4660866072615786,0.8351550983867913,1.091223036478435,1.8049200863929977,500,500,0,0.053547614812535706,-0.43132300340416924,-0.02933479742703694,0.034473675047137047,0.21639422188391566,0.35816763671583257,0.6443017859201633,500,500,0,0.048429855791629235,-0.25776666456390296,-0.030368418488942783,0.036334747316680294,0.17311441113138443,0.26200588361128047,0.36020308525812733,2.6266994923400184,500,500,0,2.522396577861773,1.4898865224723328,1.7863509651870508,2.3408759279282916,3.650149108492575,5.929796681450939,8.152163702261202,0.47880677670884597,0.6137065123296064,0.2128529599293826,0.9041806843481576,0.5078522902490458,0.6211278510273023,0.2550020696525712,0.9633738631812917,0.5447026561744844,0.7033232864515888,0.29902412071823375,0.8058598279734216,0.47880677654191506,0.6137065196253482,0.21285295509949295,0.9041806751845397,0.5078522902116027,0.621127857946762,0.25500206243127505,0.963373859389506,0.5447026564263622,0.703323289178316,0.2990241047104458,0.8058598310690901
B,5,8,all_native,600,4.440892098500626e-16,600,600,0,2.7379508076574304,1.609600469463112,1.9177814728139642,2.5450864699562086,3.9715329803153367,6.149518606785562,8.833631267535685,8.139920478447358,600,600,0,0.862548851433058,0.5809599455483644,0.6206482458384022,0.8604082315953048,1.0766280689651038,1.1077500026297833,1.1710029733935432,0.7625434856655477,600,600,0,0.16082552496070968,0.026612391157723937,0.044777227616129546,0.13827976314889484,0.34259985509889457,0.5210953442572276,0.6135256914035956,0.035925246863853344,600,600,0,0.930535231020396,0.30416392683115223,0.44104512154118514,0.901489074413355,1.4905460923757563,1.8621462824221413,2.3176295830060125,600,600,0,0.10688439147542067,-0.27297712720646194,-0.10506862136435645,0.07199200061845806,0.44998014537878483,0.7771685263642012,1.0977480774153703,600,600,0,0.05928415328756856,-0.21180509025856298,-0.10793982872217094,0.052574578875439246,0.25789019211994785,0.39136521233670307,0.4241083138725615,3.3364347382413357,600,600,0,3.2356508393878367,1.873516052947661,2.322819146957901,3.0740027838104664,4.487113583018011,6.465143545830799,9.209256266442265,0.4060531986220262,0.5951076201371246,0.14619512052260064,0.7863758301876566,0.4318535943201432,0.6005771771240097,0.19976415487035157,0.789716907268492,0.6077356553445541,0.7881584894287167,0.22561279496163095,0.8747405076703609,0.4060531984946775,0.5951076203756982,0.14619512096649642,0.7863758214842352,0.431853594234248,0.6005771612479411,0.1997641516322876,0.789716898166224,0.607735655492171,0.7881584833589522,0.2256128016775904,0.8747405074469282
B,5,8,canonical,100,4.440892098500626e-16,100,100,0,2.563499630452023,1.6963024378102558,1.8420370405798006,2.374266897964281,3.7838566331799655,4.630828200825622,5.910923928686372,7.023306533764336,100,100,0,0.862548851433058,0.5809599455483644,0.6206482458384022,0.8604082315953043,1.076628068965104,1.1077500026297844,1.1710029733935432,0.7625434856655476,100,100,0,0.13277362302233073,0.028470349410159367,0.06427220724919315,0.1337096003015646,0.20775461871480516,0.2337460653114199,0.3369519810529442,0.019992531197422777,100,100,0,0.7850818506009376,0.31235179295315996,0.3594865501144771,0.7969405640729958,1.2251496844301102,1.540687378325128,1.6977820575475397,100,100,0,-0.08625789652731539,-0.27297712720646194,-0.17431510885195087,-0.07341539843262468,-0.019524850420033546,-0.014791960202673985,-0.005856319667067932,100,100,0,-0.08892620783589758,-0.21180509025856298,-0.1635090762655209,-0.08210471562929864,-0.030965075057791128,-0.016770363260008733,-0.006075488289087755,3.004269968412086,100,100,0,2.9293415893401544,1.9229100598896929,2.1115773357974192,2.755669524464105,4.071181731756572,5.009623845897163,6.204897009917492,0.5138450940922176,0.649010273063327,0.3091421376022878,0.7863758301876566,0.5247798884415814,0.6518500119921324,0.33228986563646523,0.789716907268492,0.496062723579813,0.6597964238417029,0.22561279496163095,0.722492953139216,0.5138450945552802,0.6490102574831407,0.3091421350601773,0.7863758214842352,0.5247798888923967,0.6518499961782719,0.3322898642244747,0.789716898166224,0.4960627231846718,0.6597964234319635,0.2256128016775904,0.7224929174847928
B,5,8,augmented,500,4.440892098500626e-16,500,500,0,2.772841043098512,1.609600469463112,1.945587774071195,2.5725428959061962,4.02974579025567,6.175180448986454,8.833631267535685,8.363243267383963,500,500,0,0.8625488514330579,0.5809599455483644,0.6206482458384022,0.8604082315953048,1.0766280689651038,1.1077500026297833,1.1710029733935432,0.7625434856655477,500,500,0,0.16643590534838545,0.026612391157723937,0.04353404337118677,0.1420963541351083,0.36216439902210074,0.5216397140043972,0.6135256914035956,0.03911178999713946,500,500,0,0.9596259071042877,0.30416392683115223,0.4664655896188687,0.9353721863405992,1.503976549107996,1.9619122599266168,2.3176295830060125,500,500,0,0.1455128490759679,-0.12317117858692551,-0.042261757868344754,0.10188362490825548,0.4832902271521438,0.8078214726357508,1.0977480774153703,500,500,0,0.08892622551226179,-0.09613632297917724,-0.03888936470609125,0.07685625733738907,0.2858906281092235,0.3917131505465894,0.4241083138725615,3.398974625741076,500,500,0,3.2969126893973733,1.873516052947661,2.411906978063571,3.1275254826775027,4.545545314427605,6.632733056394678,9.209256266442265,0.3844948195279879,0.5701586840894692,0.14619512052260064,0.6802314806346288,0.4132683354958555,0.576638655868048,0.19976415487035157,0.6836183593300178,0.6300702416975023,0.7910258795270995,0.32691145581610886,0.8747405076703609,0.38449481928255697,0.5701586875683821,0.14619512096649642,0.6802314786446806,0.4132683353026183,0.5766386559687533,0.1997641516322876,0.6836183576839924,0.6300702419536709,0.7910258864378352,0.3269114584611523,0.8747405074469282
