scope,entry,branch,kind,seconds,reused,nested
writer events,50,NATIVE,stage_observer,91.40670441184193,True,within branch program_seconds; do not add parent
writer events,50,NATIVE,native_target,1.3832094334065914,True,within branch program_seconds; do not add parent
writer events,50,NATIVE,native_target,0.41146733425557613,True,within branch program_seconds; do not add parent
writer events,50,NATIVE,native_target,2.197025431320071,True,within branch program_seconds; do not add parent
writer events,50,NATIVE,native_target,1.495316424407065,True,within branch program_seconds; do not add parent
writer events,50,NATIVE,native_target,0.42675852589309216,True,within branch program_seconds; do not add parent
writer events,50,NATIVE,native_target,0.07917828019708395,True,within branch program_seconds; do not add parent
writer events,50,NATIVE,native_target,0.8772421553730965,True,within branch program_seconds; do not add parent
writer events,50,NATIVE,native_target,0.42812664154917,True,within branch program_seconds; do not add parent
writer events,50,NATIVE,native_target,0.45242724753916264,True,within branch program_seconds; do not add parent
writer events,50,NATIVE,native_target,0.3277840334922075,True,within branch program_seconds; do not add parent
writer events,50,NATIVE,native_target,0.5211086878553033,True,within branch program_seconds; do not add parent
writer events,50,NATIVE,native_target,0.33241256326436996,True,within branch program_seconds; do not add parent
writer events,50,NATIVE,native_target,0.20498423092067242,True,within branch program_seconds; do not add parent
writer events,50,NATIVE,native_target,0.42996999341994524,True,within branch program_seconds; do not add parent
writer events,50,NATIVE,native_target,0.7286199145019054,True,within branch program_seconds; do not add parent
writer events,50,NATIVE,native_target,3.0550805255770683,True,within branch program_seconds; do not add parent
writer events,50,NATIVE,native_target,0.4228357467800379,True,within branch program_seconds; do not add parent
writer events,50,NATIVE,native_target,0.45298662316054106,True,within branch program_seconds; do not add parent
writer events,50,NATIVE,native_target,0.8882220340892673,True,within branch program_seconds; do not add parent
writer events,50,NATIVE,native_target,0.4168656915426254,True,within branch program_seconds; do not add parent
writer events,50,NATIVE,native_target,0.45388910826295614,True,within branch program_seconds; do not add parent
writer events,50,NATIVE,native_target,0.7056351760402322,True,within branch program_seconds; do not add parent
writer events,50,NATIVE,native_target,0.6991039998829365,True,within branch program_seconds; do not add parent
writer events,50,NATIVE,native_target,1.823025074787438,True,within branch program_seconds; do not add parent
writer events,50,NATIVE,native_target,0.5773862451314926,True,within branch program_seconds; do not add parent
writer events,50,NATIVE,native_target,0.8247308162972331,True,within branch program_seconds; do not add parent
writer events,50,NATIVE,native_target,1.1217554081231356,True,within branch program_seconds; do not add parent
writer events,50,NATIVE,native_target,0.5973358349874616,True,within branch program_seconds; do not add parent
writer events,50,NATIVE,native_target,0.8243718342855573,True,within branch program_seconds; do not add parent
writer events,50,NATIVE,native_target,0.5946143185719848,True,within branch program_seconds; do not add parent
writer events,50,NATIVE,native_target,0.45143761951476336,True,within branch program_seconds; do not add parent
writer events,50,NATIVE,native_target,0.45240690000355244,True,within branch program_seconds; do not add parent
writer events,50,NATIVE,native_target,0.7935755774378777,True,within branch program_seconds; do not add parent
writer events,50,NATIVE,native_target,0.576039451174438,True,within branch program_seconds; do not add parent
writer events,50,NATIVE,native_target,0.3363675717264414,True,within branch program_seconds; do not add parent
writer events,50,NATIVE,native_target,0.33395123574882746,True,within branch program_seconds; do not add parent
writer events,50,NATIVE,native_target,2.145834538154304,True,within branch program_seconds; do not add parent
writer events,50,NATIVE,native_target,1.193059797398746,True,within branch program_seconds; do not add parent
writer events,50,NATIVE,native_target,0.4057992836460471,True,within branch program_seconds; do not add parent
writer events,50,NATIVE,native_target,0.7049854015931487,True,within branch program_seconds; do not add parent
writer events,50,NATIVE,native_target,0.7017165925353765,True,within branch program_seconds; do not add parent
writer events,50,NATIVE,native_target,0.9801065260544419,True,within branch program_seconds; do not add parent
writer events,50,NATIVE,native_target,0.426303930580616,True,within branch program_seconds; do not add parent
writer events,50,NATIVE,native_target,0.33604477532207966,True,within branch program_seconds; do not add parent
writer events,50,NATIVE,native_target,0.20391591638326645,True,within branch program_seconds; do not add parent
writer events,50,NATIVE,native_target,2.0839842334389687,True,within branch program_seconds; do not add parent
writer events,50,NATIVE,native_target,0.33816167153418064,True,within branch program_seconds; do not add parent
writer events,50,NATIVE,native_target,0.6122816121205688,True,within branch program_seconds; do not add parent
writer events,50,NATIVE,native_target,0.42242723144590855,True,within branch program_seconds; do not add parent
writer events,50,NATIVE,native_target,0.5740745151415467,True,within branch program_seconds; do not add parent
writer events,50,NATIVE,native_target,0.3267127024009824,True,within branch program_seconds; do not add parent
writer events,50,NATIVE,native_target,0.8209001021459699,True,within branch program_seconds; do not add parent
writer events,50,NATIVE,native_target,2.2498611360788345,True,within branch program_seconds; do not add parent
writer events,50,NATIVE,native_target,0.7918433332815766,True,within branch program_seconds; do not add parent
writer events,50,NATIVE,native_target,1.1568064400926232,True,within branch program_seconds; do not add parent
writer events,50,NATIVE,native_target,0.952136836014688,True,within branch program_seconds; do not add parent
writer events,50,NATIVE,native_target,0.4276305800303817,True,within branch program_seconds; do not add parent
writer events,50,NATIVE,native_target,0.24488849565386772,True,within branch program_seconds; do not add parent
writer events,50,NATIVE,native_target,0.4699772847816348,True,within branch program_seconds; do not add parent
writer events,50,NATIVE,native_target,0.688500301912427,True,within branch program_seconds; do not add parent
writer events,50,NATIVE,native_target,0.8200032440945506,True,within branch program_seconds; do not add parent
writer events,50,NATIVE,native_target,0.3232766855508089,True,within branch program_seconds; do not add parent
writer events,50,NATIVE,native_target,0.7045169193297625,True,within branch program_seconds; do not add parent
writer events,50,NATIVE,native_target,1.3851232826709747,True,within branch program_seconds; do not add parent
writer events,50,NATIVE,native_target,0.4242746261879802,True,within branch program_seconds; do not add parent
writer events,50,NATIVE,native_target,0.3375998018309474,True,within branch program_seconds; do not add parent
writer events,50,NATIVE,native_target,0.5820026267319918,True,within branch program_seconds; do not add parent
writer events,50,NATIVE,native_target,0.8790245670825243,True,within branch program_seconds; do not add parent
writer events,50,NATIVE,native_target,0.6134001286700368,True,within branch program_seconds; do not add parent
writer events,50,NATIVE,native_target,0.8241012450307608,True,within branch program_seconds; do not add parent
writer events,50,NATIVE,native_target,0.7731028283014894,True,within branch program_seconds; do not add parent
writer events,50,NATIVE,native_target,0.8202756950631738,True,within branch program_seconds; do not add parent
writer events,50,NATIVE,native_target,2.182545459829271,True,within branch program_seconds; do not add parent
writer events,50,NATIVE,native_target,1.200045583769679,True,within branch program_seconds; do not add parent
writer events,50,NATIVE,native_target,2.2694245791062713,True,within branch program_seconds; do not add parent
writer events,50,NATIVE,native_target,0.41599505115300417,True,within branch program_seconds; do not add parent
writer events,50,NATIVE,native_target,0.6980931181460619,True,within branch program_seconds; do not add parent
writer events,50,NATIVE,native_target,0.20310131553560495,True,within branch program_seconds; do not add parent
writer events,50,NATIVE,native_target,1.2425243323668838,True,within branch program_seconds; do not add parent
writer events,50,NATIVE,native_target,0.5744674177840352,True,within branch program_seconds; do not add parent
writer events,50,NATIVE,native_target,0.5034418003633618,True,within branch program_seconds; do not add parent
writer events,50,NATIVE,native_target,0.4284214023500681,True,within branch program_seconds; do not add parent
writer events,50,NATIVE,native_target,0.7017661454156041,True,within branch program_seconds; do not add parent
writer events,50,NATIVE,native_target,2.2656698068603873,True,within branch program_seconds; do not add parent
writer events,50,NATIVE,native_target,0.5219555869698524,True,within branch program_seconds; do not add parent
writer events,50,NATIVE,native_target,0.5760278515517712,True,within branch program_seconds; do not add parent
writer events,50,NATIVE,native_target,0.6971828667446971,True,within branch program_seconds; do not add parent
writer events,50,NATIVE,native_target,0.505382938310504,True,within branch program_seconds; do not add parent
writer events,50,NATIVE,native_target,3.0542735531926155,True,within branch program_seconds; do not add parent
writer events,50,NATIVE,native_target,0.43031629268079996,True,within branch program_seconds; do not add parent
writer events,50,NATIVE,native_target,2.268467316403985,True,within branch program_seconds; do not add parent
writer events,50,NATIVE,native_target,0.6136594926938415,True,within branch program_seconds; do not add parent
writer events,50,NATIVE,native_target,0.5765358209609985,True,within branch program_seconds; do not add parent
writer events,50,NATIVE,native_target,2.251313460059464,True,within branch program_seconds; do not add parent
writer events,50,NATIVE,native_target,1.3471054714173079,True,within branch program_seconds; do not add parent
writer events,50,NATIVE,native_target,1.0445669889450073,True,within branch program_seconds; do not add parent
writer events,50,NATIVE,native_target,0.7036260757595301,True,within branch program_seconds; do not add parent
writer events,50,NATIVE,native_target,3.065165693871677,True,within branch program_seconds; do not add parent
writer events,50,NATIVE,native_target,1.9511027606204152,True,within branch program_seconds; do not add parent
writer events,50,NATIVE,native_target,0.4239155286923051,True,within branch program_seconds; do not add parent
writer events,50,NATIVE,stage_observer,24.760210028849542,True,within branch program_seconds; do not add parent
writer events,50,NATIVE,native_key,3.507373142056167,True,within branch program_seconds; do not add parent
writer events,50,NATIVE,native_l8_residual_forward,0.37461716029793024,True,within branch program_seconds; do not add parent
writer events,50,NATIVE,history_operand_and_diagnostic_PK,0.10129286162555218,True,within branch program_seconds; do not add parent
writer events,50,NATIVE,native_direct_solve,0.16222778614610434,True,within branch program_seconds; do not add parent
writer events,50,NATIVE,diagnostic_response_factor,0.35160043835639954,True,within branch program_seconds; do not add parent
writer events,50,NATIVE,stage_observer,47.44772973842919,True,within branch program_seconds; do not add parent
writer events,50,NATIVE,native_key,3.5094260666519403,True,within branch program_seconds; do not add parent
writer events,50,NATIVE,native_l8_residual_forward,0.3751487834379077,True,within branch program_seconds; do not add parent
writer events,50,NATIVE,history_operand_and_diagnostic_PK,0.12339458800852299,True,within branch program_seconds; do not add parent
writer events,50,NATIVE,native_direct_solve,0.1189489085227251,True,within branch program_seconds; do not add parent
writer events,50,NATIVE,diagnostic_response_factor,0.3644530354067683,True,within branch program_seconds; do not add parent
writer events,50,NATIVE,stage_observer,102.93426188174635,True,within branch program_seconds; do not add parent
writer events,50,NATIVE,native_key,3.4969257367774844,True,within branch program_seconds; do not add parent
writer events,50,NATIVE,native_l8_residual_forward,0.37514456175267696,True,within branch program_seconds; do not add parent
writer events,50,NATIVE,history_operand_and_diagnostic_PK,0.12058215215802193,True,within branch program_seconds; do not add parent
writer events,50,NATIVE,native_direct_solve,0.11895550973713398,True,within branch program_seconds; do not add parent
writer events,50,NATIVE,diagnostic_response_factor,0.40909252129495144,True,within branch program_seconds; do not add parent
writer events,50,NATIVE,stage_observer,100.61791933793575,True,within branch program_seconds; do not add parent
writer events,50,NATIVE,native_key,3.5007517244666815,True,within branch program_seconds; do not add parent
writer events,50,NATIVE,native_l8_residual_forward,0.3739947807043791,True,within branch program_seconds; do not add parent
writer events,50,NATIVE,history_operand_and_diagnostic_PK,0.10911968816071749,True,within branch program_seconds; do not add parent
writer events,50,NATIVE,native_direct_solve,0.11897380836308002,True,within branch program_seconds; do not add parent
writer events,50,NATIVE,diagnostic_response_factor,0.374342517927289,True,within branch program_seconds; do not add parent
writer events,50,NATIVE,stage_observer,49.73615515977144,True,within branch program_seconds; do not add parent
writer events,50,NATIVE,native_key,3.5020970264449716,True,within branch program_seconds; do not add parent
writer events,50,NATIVE,native_l8_residual_forward,0.37390532717108727,True,within branch program_seconds; do not add parent
writer events,50,NATIVE,history_operand_and_diagnostic_PK,0.10195703152567148,True,within branch program_seconds; do not add parent
writer events,50,NATIVE,native_direct_solve,0.1197435250505805,True,within branch program_seconds; do not add parent
writer events,50,NATIVE,diagnostic_response_factor,0.3133367393165827,True,within branch program_seconds; do not add parent
writer events,50,NATIVE,stage_observer,84.77688632067293,True,within branch program_seconds; do not add parent
writer events,50,NATIVE,final_l8_residual_observer,0.397542298771441,True,within branch program_seconds; do not add parent
writer events,50,NATIVE,native_history_key_and_instrumentation,4.5998003631830215,True,within branch program_seconds; do not add parent
writer events,50,NATIVE,native_history_key_and_instrumentation,4.526366203092039,True,within branch program_seconds; do not add parent
writer events,50,NATIVE,native_history_key_and_instrumentation,4.045220924541354,True,within branch program_seconds; do not add parent
writer events,50,NATIVE,native_history_key_and_instrumentation,4.573539640754461,True,within branch program_seconds; do not add parent
writer events,50,NATIVE,native_history_key_and_instrumentation,4.612190766260028,True,within branch program_seconds; do not add parent
writer events,50,NATIVE,stage_observer,76.86253484990448,True,within branch program_seconds; do not add parent
writer events,50,SHAM,stage_observer,87.28398221451789,True,within branch program_seconds; do not add parent
writer events,50,SHAM,native_target_reuse,0.0014376258477568626,True,within branch program_seconds; do not add parent
writer events,50,SHAM,native_target_reuse,9.397231042385101e-05,True,within branch program_seconds; do not add parent
writer events,50,SHAM,native_target_reuse,5.360785871744156e-05,True,within branch program_seconds; do not add parent
writer events,50,SHAM,native_target_reuse,4.833843559026718e-05,True,within branch program_seconds; do not add parent
writer events,50,SHAM,native_target_reuse,7.307250052690506e-05,True,within branch program_seconds; do not add parent
writer events,50,SHAM,native_target_reuse,5.722418427467346e-05,True,within branch program_seconds; do not add parent
writer events,50,SHAM,native_target_reuse,5.14443963766098e-05,True,within branch program_seconds; do not add parent
writer events,50,SHAM,native_target_reuse,5.060900002717972e-05,True,within branch program_seconds; do not add parent
writer events,50,SHAM,native_target_reuse,6.643123924732208e-05,True,within branch program_seconds; do not add parent
writer events,50,SHAM,native_target_reuse,5.724094808101654e-05,True,within branch program_seconds; do not add parent
writer events,50,SHAM,native_target_reuse,4.557520151138306e-05,True,within branch program_seconds; do not add parent
writer events,50,SHAM,native_target_reuse,4.637427628040314e-05,True,within branch program_seconds; do not add parent
writer events,50,SHAM,native_target_reuse,5.629938095808029e-05,True,within branch program_seconds; do not add parent
writer events,50,SHAM,native_target_reuse,5.1227398216724396e-05,True,within branch program_seconds; do not add parent
writer events,50,SHAM,native_target_reuse,4.5184046030044556e-05,True,within branch program_seconds; do not add parent
writer events,50,SHAM,native_target_reuse,5.4790638387203217e-05,True,within branch program_seconds; do not add parent
writer events,50,SHAM,native_target_reuse,6.454717367887497e-05,True,within branch program_seconds; do not add parent
writer events,50,SHAM,native_target_reuse,5.431659519672394e-05,True,within branch program_seconds; do not add parent
writer events,50,SHAM,native_target_reuse,5.1233917474746704e-05,True,within branch program_seconds; do not add parent
writer events,50,SHAM,native_target_reuse,5.4533593356609344e-05,True,within branch program_seconds; do not add parent
writer events,50,SHAM,native_target_reuse,6.82855024933815e-05,True,within branch program_seconds; do not add parent
writer events,50,SHAM,native_target_reuse,4.9637630581855774e-05,True,within branch program_seconds; do not add parent
writer events,50,SHAM,native_target_reuse,4.381407052278519e-05,True,within branch program_seconds; do not add parent
writer events,50,SHAM,native_target_reuse,4.909280687570572e-05,True,within branch program_seconds; do not add parent
writer events,50,SHAM,native_target_reuse,5.568657070398331e-05,True,within branch program_seconds; do not add parent
writer events,50,SHAM,native_target_reuse,4.853028804063797e-05,True,within branch program_seconds; do not add parent
writer events,50,SHAM,native_target_reuse,5.4858624935150146e-05,True,within branch program_seconds; do not add parent
writer events,50,SHAM,native_target_reuse,5.656201392412186e-05,True,within branch program_seconds; do not add parent
writer events,50,SHAM,native_target_reuse,6.013642996549606e-05,True,within branch program_seconds; do not add parent
writer events,50,SHAM,native_target_reuse,5.5693089962005615e-05,True,within branch program_seconds; do not add parent
writer events,50,SHAM,native_target_reuse,5.58905303478241e-05,True,within branch program_seconds; do not add parent
writer events,50,SHAM,native_target_reuse,4.728883504867554e-05,True,within branch program_seconds; do not add parent
writer events,50,SHAM,native_target_reuse,5.61857596039772e-05,True,within branch program_seconds; do not add parent
writer events,50,SHAM,native_target_reuse,4.526693373918533e-05,True,within branch program_seconds; do not add parent
writer events,50,SHAM,native_target_reuse,4.984252154827118e-05,True,within branch program_seconds; do not add parent
writer events,50,SHAM,native_target_reuse,4.385877400636673e-05,True,within branch program_seconds; do not add parent
writer events,50,SHAM,native_target_reuse,5.59268519282341e-05,True,within branch program_seconds; do not add parent
writer events,50,SHAM,native_target_reuse,4.46271151304245e-05,True,within branch program_seconds; do not add parent
writer events,50,SHAM,native_target_reuse,4.9211084842681885e-05,True,within branch program_seconds; do not add parent
writer events,50,SHAM,native_target_reuse,4.758685827255249e-05,True,within branch program_seconds; do not add parent
writer events,50,SHAM,native_target_reuse,7.221195846796036e-05,True,within branch program_seconds; do not add parent
writer events,50,SHAM,native_target_reuse,5.237851291894913e-05,True,within branch program_seconds; do not add parent
writer events,50,SHAM,native_target_reuse,4.687439650297165e-05,True,within branch program_seconds; do not add parent
writer events,50,SHAM,native_target_reuse,5.1694922149181366e-05,True,within branch program_seconds; do not add parent
writer events,50,SHAM,native_target_reuse,5.557667464017868e-05,True,within branch program_seconds; do not add parent
writer events,50,SHAM,native_target_reuse,4.452001303434372e-05,True,within branch program_seconds; do not add parent
writer events,50,SHAM,native_target_reuse,5.284976214170456e-05,True,within branch program_seconds; do not add parent
writer events,50,SHAM,native_target_reuse,4.309229552745819e-05,True,within branch program_seconds; do not add parent
writer events,50,SHAM,native_target_reuse,5.417224019765854e-05,True,within branch program_seconds; do not add parent
writer events,50,SHAM,native_target_reuse,5.198828876018524e-05,True,within branch program_seconds; do not add parent
writer events,50,SHAM,native_target_reuse,4.8951245844364166e-05,True,within branch program_seconds; do not add parent
writer events,50,SHAM,native_target_reuse,4.575587809085846e-05,True,within branch program_seconds; do not add parent
writer events,50,SHAM,native_target_reuse,6.110779941082001e-05,True,within branch program_seconds; do not add parent
writer events,50,SHAM,native_target_reuse,5.014147609472275e-05,True,within branch program_seconds; do not add parent
writer events,50,SHAM,native_target_reuse,4.658009856939316e-05,True,within branch program_seconds; do not add parent
writer events,50,SHAM,native_target_reuse,4.674308001995087e-05,True,within branch program_seconds; do not add parent
writer events,50,SHAM,native_target_reuse,5.481671541929245e-05,True,within branch program_seconds; do not add parent
writer events,50,SHAM,native_target_reuse,6.0459598898887634e-05,True,within branch program_seconds; do not add parent
writer events,50,SHAM,native_target_reuse,4.5783817768096924e-05,True,within branch program_seconds; do not add parent
writer events,50,SHAM,native_target_reuse,4.319380968809128e-05,True,within branch program_seconds; do not add parent
writer events,50,SHAM,native_target_reuse,5.8366917073726654e-05,True,within branch program_seconds; do not add parent
writer events,50,SHAM,native_target_reuse,5.861558020114899e-05,True,within branch program_seconds; do not add parent
writer events,50,SHAM,native_target_reuse,5.148444324731827e-05,True,within branch program_seconds; do not add parent
writer events,50,SHAM,native_target_reuse,5.0797127187252045e-05,True,within branch program_seconds; do not add parent
writer events,50,SHAM,native_target_reuse,6.651412695646286e-05,True,within branch program_seconds; do not add parent
writer events,50,SHAM,native_target_reuse,5.024857819080353e-05,True,within branch program_seconds; do not add parent
writer events,50,SHAM,native_target_reuse,5.033891648054123e-05,True,within branch program_seconds; do not add parent
writer events,50,SHAM,native_target_reuse,4.462432116270065e-05,True,within branch program_seconds; do not add parent
writer events,50,SHAM,native_target_reuse,8.201226592063904e-05,True,within branch program_seconds; do not add parent
writer events,50,SHAM,native_target_reuse,4.792865365743637e-05,True,within branch program_seconds; do not add parent
writer events,50,SHAM,native_target_reuse,4.379451274871826e-05,True,within branch program_seconds; do not add parent
writer events,50,SHAM,native_target_reuse,4.3577514588832855e-05,True,within branch program_seconds; do not add parent
writer events,50,SHAM,native_target_reuse,5.4244883358478546e-05,True,within branch program_seconds; do not add parent
writer events,50,SHAM,native_target_reuse,4.787556827068329e-05,True,within branch program_seconds; do not add parent
writer events,50,SHAM,native_target_reuse,5.679856985807419e-05,True,within branch program_seconds; do not add parent
writer events,50,SHAM,native_target_reuse,4.658754914999008e-05,True,within branch program_seconds; do not add parent
writer events,50,SHAM,native_target_reuse,6.08004629611969e-05,True,within branch program_seconds; do not add parent
writer events,50,SHAM,native_target_reuse,6.135739386081696e-05,True,within branch program_seconds; do not add parent
writer events,50,SHAM,native_target_reuse,4.580989480018616e-05,True,within branch program_seconds; do not add parent
writer events,50,SHAM,native_target_reuse,5.2644871175289154e-05,True,within branch program_seconds; do not add parent
writer events,50,SHAM,native_target_reuse,6.173644214868546e-05,True,within branch program_seconds; do not add parent
writer events,50,SHAM,native_target_reuse,4.9413181841373444e-05,True,within branch program_seconds; do not add parent
writer events,50,SHAM,native_target_reuse,4.60771843791008e-05,True,within branch program_seconds; do not add parent
writer events,50,SHAM,native_target_reuse,4.483480006456375e-05,True,within branch program_seconds; do not add parent
writer events,50,SHAM,native_target_reuse,5.662534385919571e-05,True,within branch program_seconds; do not add parent
writer events,50,SHAM,native_target_reuse,4.6518631279468536e-05,True,within branch program_seconds; do not add parent
writer events,50,SHAM,native_target_reuse,4.774704575538635e-05,True,within branch program_seconds; do not add parent
writer events,50,SHAM,native_target_reuse,4.366505891084671e-05,True,within branch program_seconds; do not add parent
writer events,50,SHAM,native_target_reuse,5.972571671009064e-05,True,within branch program_seconds; do not add parent
writer events,50,SHAM,native_target_reuse,5.068536847829819e-05,True,within branch program_seconds; do not add parent
writer events,50,SHAM,native_target_reuse,4.53973188996315e-05,True,within branch program_seconds; do not add parent
writer events,50,SHAM,native_target_reuse,4.657823592424393e-05,True,within branch program_seconds; do not add parent
writer events,50,SHAM,native_target_reuse,5.7629309594631195e-05,True,within branch program_seconds; do not add parent
writer events,50,SHAM,native_target_reuse,4.595518112182617e-05,True,within branch program_seconds; do not add parent
writer events,50,SHAM,native_target_reuse,4.4357962906360626e-05,True,within branch program_seconds; do not add parent
writer events,50,SHAM,native_target_reuse,4.354305565357208e-05,True,within branch program_seconds; do not add parent
writer events,50,SHAM,native_target_reuse,5.460251122713089e-05,True,within branch program_seconds; do not add parent
writer events,50,SHAM,native_target_reuse,4.691816866397858e-05,True,within branch program_seconds; do not add parent
writer events,50,SHAM,native_target_reuse,4.969164729118347e-05,True,within branch program_seconds; do not add parent
writer events,50,SHAM,native_target_reuse,4.654843360185623e-05,True,within branch program_seconds; do not add parent
writer events,50,SHAM,stage_observer,26.192141690291464,True,within branch program_seconds; do not add parent
writer events,50,SHAM,native_key,3.499187151901424,True,within branch program_seconds; do not add parent
writer events,50,SHAM,native_l8_residual_forward,0.3725779624655843,True,within branch program_seconds; do not add parent
writer events,50,SHAM,history_operand_and_diagnostic_PK,0.2802730146795511,True,within branch program_seconds; do not add parent
writer events,50,SHAM,native_direct_solve,0.11904755514115095,True,within branch program_seconds; do not add parent
writer events,50,SHAM,diagnostic_response_factor,0.4167334781959653,True,within branch program_seconds; do not add parent
writer events,50,SHAM,stage_observer,47.44053710997105,True,within branch program_seconds; do not add parent
writer events,50,SHAM,native_key,3.519465879537165,True,within branch program_seconds; do not add parent
writer events,50,SHAM,native_l8_residual_forward,0.37357902247458696,True,within branch program_seconds; do not add parent
writer events,50,SHAM,history_operand_and_diagnostic_PK,0.2927318885922432,True,within branch program_seconds; do not add parent
writer events,50,SHAM,native_direct_solve,0.11880212556570768,True,within branch program_seconds; do not add parent
writer events,50,SHAM,diagnostic_response_factor,0.404027889482677,True,within branch program_seconds; do not add parent
writer events,50,SHAM,stage_observer,101.35458588413894,True,within branch program_seconds; do not add parent
writer events,50,SHAM,native_key,3.500222533941269,True,within branch program_seconds; do not add parent
writer events,50,SHAM,native_l8_residual_forward,0.37370083294808865,True,within branch program_seconds; do not add parent
writer events,50,SHAM,history_operand_and_diagnostic_PK,0.28176075778901577,True,within branch program_seconds; do not add parent
writer events,50,SHAM,native_direct_solve,0.11888712365180254,True,within branch program_seconds; do not add parent
writer events,50,SHAM,diagnostic_response_factor,0.3861453616991639,True,within branch program_seconds; do not add parent
writer events,50,SHAM,stage_observer,100.0994468042627,True,within branch program_seconds; do not add parent
writer events,50,SHAM,native_key,3.5099990908056498,True,within branch program_seconds; do not add parent
writer events,50,SHAM,native_l8_residual_forward,0.3745261449366808,True,within branch program_seconds; do not add parent
writer events,50,SHAM,history_operand_and_diagnostic_PK,0.2780080195516348,True,within branch program_seconds; do not add parent
writer events,50,SHAM,native_direct_solve,0.11917021498084068,True,within branch program_seconds; do not add parent
writer events,50,SHAM,diagnostic_response_factor,0.40466041304171085,True,within branch program_seconds; do not add parent
writer events,50,SHAM,stage_observer,48.25245927646756,True,within branch program_seconds; do not add parent
writer events,50,SHAM,native_key,3.5058409767225385,True,within branch program_seconds; do not add parent
writer events,50,SHAM,native_l8_residual_forward,0.3756588138639927,True,within branch program_seconds; do not add parent
writer events,50,SHAM,history_operand_and_diagnostic_PK,0.28497654665261507,True,within branch program_seconds; do not add parent
writer events,50,SHAM,native_direct_solve,0.11908369977027178,True,within branch program_seconds; do not add parent
writer events,50,SHAM,diagnostic_response_factor,0.5466594994068146,True,within branch program_seconds; do not add parent
writer events,50,SHAM,stage_observer,83.82614882010967,True,within branch program_seconds; do not add parent
writer events,50,SHAM,final_l8_residual_observer,0.39225909672677517,True,within branch program_seconds; do not add parent
writer events,50,SHAM,native_history_key_and_instrumentation,4.570057251490653,True,within branch program_seconds; do not add parent
writer events,50,SHAM,native_history_key_and_instrumentation,4.06334431655705,True,within branch program_seconds; do not add parent
writer events,50,SHAM,native_history_key_and_instrumentation,4.203183047473431,True,within branch program_seconds; do not add parent
writer events,50,SHAM,native_history_key_and_instrumentation,4.186784672550857,True,within branch program_seconds; do not add parent
writer events,50,SHAM,native_history_key_and_instrumentation,4.171130632981658,True,within branch program_seconds; do not add parent
writer events,50,SHAM,stage_observer,73.83467777073383,True,within branch program_seconds; do not add parent
writer events,50,H5,stage_observer,92.44839305616915,False,within branch program_seconds; do not add parent
writer events,50,H5,native_target_reuse,0.001435740850865841,False,within branch program_seconds; do not add parent
writer events,50,H5,native_target_reuse,8.933339267969131e-05,False,within branch program_seconds; do not add parent
writer events,50,H5,native_target_reuse,6.091408431529999e-05,False,within branch program_seconds; do not add parent
writer events,50,H5,native_target_reuse,5.686655640602112e-05,False,within branch program_seconds; do not add parent
writer events,50,H5,native_target_reuse,6.46151602268219e-05,False,within branch program_seconds; do not add parent
writer events,50,H5,native_target_reuse,4.703272134065628e-05,False,within branch program_seconds; do not add parent
writer events,50,H5,native_target_reuse,4.2304396629333496e-05,False,within branch program_seconds; do not add parent
writer events,50,H5,native_target_reuse,4.252791404724121e-05,False,within branch program_seconds; do not add parent
writer events,50,H5,native_target_reuse,0.0001241397112607956,False,within branch program_seconds; do not add parent
writer events,50,H5,native_target_reuse,6.367545574903488e-05,False,within branch program_seconds; do not add parent
writer events,50,H5,native_target_reuse,6.106123328208923e-05,False,within branch program_seconds; do not add parent
writer events,50,H5,native_target_reuse,5.074497312307358e-05,False,within branch program_seconds; do not add parent
writer events,50,H5,native_target_reuse,6.814021617174149e-05,False,within branch program_seconds; do not add parent
writer events,50,H5,native_target_reuse,7.664412260055542e-05,False,within branch program_seconds; do not add parent
writer events,50,H5,native_target_reuse,5.2751973271369934e-05,False,within branch program_seconds; do not add parent
writer events,50,H5,native_target_reuse,5.310866981744766e-05,False,within branch program_seconds; do not add parent
writer events,50,H5,native_target_reuse,7.599964737892151e-05,False,within branch program_seconds; do not add parent
writer events,50,H5,native_target_reuse,5.636084824800491e-05,False,within branch program_seconds; do not add parent
writer events,50,H5,native_target_reuse,4.6700239181518555e-05,False,within branch program_seconds; do not add parent
writer events,50,H5,native_target_reuse,5.816388875246048e-05,False,within branch program_seconds; do not add parent
writer events,50,H5,native_target_reuse,6.70459121465683e-05,False,within branch program_seconds; do not add parent
writer events,50,H5,native_target_reuse,5.664117634296417e-05,False,within branch program_seconds; do not add parent
writer events,50,H5,native_target_reuse,5.509704351425171e-05,False,within branch program_seconds; do not add parent
writer events,50,H5,native_target_reuse,5.260016769170761e-05,False,within branch program_seconds; do not add parent
writer events,50,H5,native_target_reuse,7.045548409223557e-05,False,within branch program_seconds; do not add parent
writer events,50,H5,native_target_reuse,5.4401345551013947e-05,False,within branch program_seconds; do not add parent
writer events,50,H5,native_target_reuse,4.872586578130722e-05,False,within branch program_seconds; do not add parent
writer events,50,H5,native_target_reuse,4.661642014980316e-05,False,within branch program_seconds; do not add parent
writer events,50,H5,native_target_reuse,5.9400685131549835e-05,False,within branch program_seconds; do not add parent
writer events,50,H5,native_target_reuse,4.968978464603424e-05,False,within branch program_seconds; do not add parent
writer events,50,H5,native_target_reuse,5.256570875644684e-05,False,within branch program_seconds; do not add parent
writer events,50,H5,native_target_reuse,4.876125603914261e-05,False,within branch program_seconds; do not add parent
writer events,50,H5,native_target_reuse,6.417743861675262e-05,False,within branch program_seconds; do not add parent
writer events,50,H5,native_target_reuse,5.494896322488785e-05,False,within branch program_seconds; do not add parent
writer events,50,H5,native_target_reuse,4.8288144171237946e-05,False,within branch program_seconds; do not add parent
writer events,50,H5,native_target_reuse,6.560049951076508e-05,False,within branch program_seconds; do not add parent
writer events,50,H5,native_target_reuse,6.4115971326828e-05,False,within branch program_seconds; do not add parent
writer events,50,H5,native_target_reuse,5.2741728723049164e-05,False,within branch program_seconds; do not add parent
writer events,50,H5,native_target_reuse,4.576239734888077e-05,False,within branch program_seconds; do not add parent
writer events,50,H5,native_target_reuse,4.138052463531494e-05,False,within branch program_seconds; do not add parent
writer events,50,H5,native_target_reuse,5.3962692618370056e-05,False,within branch program_seconds; do not add parent
writer events,50,H5,native_target_reuse,4.89894300699234e-05,False,within branch program_seconds; do not add parent
writer events,50,H5,native_target_reuse,4.543084651231766e-05,False,within branch program_seconds; do not add parent
writer events,50,H5,native_target_reuse,4.993751645088196e-05,False,within branch program_seconds; do not add parent
writer events,50,H5,native_target_reuse,6.51804730296135e-05,False,within branch program_seconds; do not add parent
writer events,50,H5,native_target_reuse,5.1439739763736725e-05,False,within branch program_seconds; do not add parent
writer events,50,H5,native_target_reuse,4.971493035554886e-05,False,within branch program_seconds; do not add parent
writer events,50,H5,native_target_reuse,5.200691521167755e-05,False,within branch program_seconds; do not add parent
writer events,50,H5,native_target_reuse,5.974993109703064e-05,False,within branch program_seconds; do not add parent
writer events,50,H5,native_target_reuse,4.8820860683918e-05,False,within branch program_seconds; do not add parent
writer events,50,H5,native_target_reuse,4.382152110338211e-05,False,within branch program_seconds; do not add parent
writer events,50,H5,native_target_reuse,4.325993359088898e-05,False,within branch program_seconds; do not add parent
writer events,50,H5,native_target_reuse,5.350634455680847e-05,False,within branch program_seconds; do not add parent
writer events,50,H5,native_target_reuse,4.87547367811203e-05,False,within branch program_seconds; do not add parent
writer events,50,H5,native_target_reuse,4.329439252614975e-05,False,within branch program_seconds; do not add parent
writer events,50,H5,native_target_reuse,5.1091425120830536e-05,False,within branch program_seconds; do not add parent
writer events,50,H5,native_target_reuse,6.270315498113632e-05,False,within branch program_seconds; do not add parent
writer events,50,H5,native_target_reuse,5.4477714002132416e-05,False,within branch program_seconds; do not add parent
writer events,50,H5,native_target_reuse,6.0597434639930725e-05,False,within branch program_seconds; do not add parent
writer events,50,H5,native_target_reuse,4.85200434923172e-05,False,within branch program_seconds; do not add parent
writer events,50,H5,native_target_reuse,6.361119449138641e-05,False,within branch program_seconds; do not add parent
writer events,50,H5,native_target_reuse,6.0099177062511444e-05,False,within branch program_seconds; do not add parent
writer events,50,H5,native_target_reuse,4.3516047298908234e-05,False,within branch program_seconds; do not add parent
writer events,50,H5,native_target_reuse,4.271324723958969e-05,False,within branch program_seconds; do not add parent
writer events,50,H5,native_target_reuse,7.419474422931671e-05,False,within branch program_seconds; do not add parent
writer events,50,H5,native_target_reuse,5.007348954677582e-05,False,within branch program_seconds; do not add parent
writer events,50,H5,native_target_reuse,4.415493458509445e-05,False,within branch program_seconds; do not add parent
writer events,50,H5,native_target_reuse,4.724971950054169e-05,False,within branch program_seconds; do not add parent
writer events,50,H5,native_target_reuse,5.9057027101516724e-05,False,within branch program_seconds; do not add parent
writer events,50,H5,native_target_reuse,4.824437201023102e-05,False,within branch program_seconds; do not add parent
writer events,50,H5,native_target_reuse,4.757009446620941e-05,False,within branch program_seconds; do not add parent
writer events,50,H5,native_target_reuse,4.442129284143448e-05,False,within branch program_seconds; do not add parent
writer events,50,H5,native_target_reuse,6.2527135014534e-05,False,within branch program_seconds; do not add parent
writer events,50,H5,native_target_reuse,5.305744707584381e-05,False,within branch program_seconds; do not add parent
writer events,50,H5,native_target_reuse,4.285760223865509e-05,False,within branch program_seconds; do not add parent
writer events,50,H5,native_target_reuse,4.15947288274765e-05,False,within branch program_seconds; do not add parent
writer events,50,H5,native_target_reuse,6.976630538702011e-05,False,within branch program_seconds; do not add parent
writer events,50,H5,native_target_reuse,4.6729110181331635e-05,False,within branch program_seconds; do not add parent
writer events,50,H5,native_target_reuse,4.091951996088028e-05,False,within branch program_seconds; do not add parent
writer events,50,H5,native_target_reuse,4.091579467058182e-05,False,within branch program_seconds; do not add parent
writer events,50,H5,native_target_reuse,5.422532558441162e-05,False,within branch program_seconds; do not add parent
writer events,50,H5,native_target_reuse,4.826020449399948e-05,False,within branch program_seconds; do not add parent
writer events,50,H5,native_target_reuse,5.86165115237236e-05,False,within branch program_seconds; do not add parent
writer events,50,H5,native_target_reuse,4.9892812967300415e-05,False,within branch program_seconds; do not add parent
writer events,50,H5,native_target_reuse,6.022583693265915e-05,False,within branch program_seconds; do not add parent
writer events,50,H5,native_target_reuse,4.598218947649002e-05,False,within branch program_seconds; do not add parent
writer events,50,H5,native_target_reuse,4.974938929080963e-05,False,within branch program_seconds; do not add parent
writer events,50,H5,native_target_reuse,4.382431507110596e-05,False,within branch program_seconds; do not add parent
writer events,50,H5,native_target_reuse,5.275662988424301e-05,False,within branch program_seconds; do not add parent
writer events,50,H5,native_target_reuse,4.790816456079483e-05,False,within branch program_seconds; do not add parent
writer events,50,H5,native_target_reuse,4.3594278395175934e-05,False,within branch program_seconds; do not add parent
writer events,50,H5,native_target_reuse,4.298891872167587e-05,False,within branch program_seconds; do not add parent
writer events,50,H5,native_target_reuse,5.383789539337158e-05,False,within branch program_seconds; do not add parent
writer events,50,H5,native_target_reuse,4.978198558092117e-05,False,within branch program_seconds; do not add parent
writer events,50,H5,native_target_reuse,4.766881465911865e-05,False,within branch program_seconds; do not add parent
writer events,50,H5,native_target_reuse,4.933960735797882e-05,False,within branch program_seconds; do not add parent
writer events,50,H5,native_target_reuse,5.8379024267196655e-05,False,within branch program_seconds; do not add parent
writer events,50,H5,native_target_reuse,4.688464105129242e-05,False,within branch program_seconds; do not add parent
writer events,50,H5,native_target_reuse,4.4082291424274445e-05,False,within branch program_seconds; do not add parent
writer events,50,H5,native_target_reuse,4.2990781366825104e-05,False,within branch program_seconds; do not add parent
writer events,50,H5,stage_observer,25.432199630886316,False,within branch program_seconds; do not add parent
writer events,50,H5,native_key,3.5050283456221223,False,within branch program_seconds; do not add parent
writer events,50,H5,native_l8_residual_forward,0.37221041694283485,False,within branch program_seconds; do not add parent
writer events,50,H5,history_operand_and_diagnostic_PK,0.10173791367560625,False,within branch program_seconds; do not add parent
writer events,50,H5,native_direct_solve,0.14704338926821947,False,within branch program_seconds; do not add parent
writer events,50,H5,diagnostic_response_factor,0.3248245660215616,False,within branch program_seconds; do not add parent
writer events,50,H5,stage_observer,47.45677337702364,False,within branch program_seconds; do not add parent
writer events,50,H5,native_key,3.493968363851309,False,within branch program_seconds; do not add parent
writer events,50,H5,native_l8_residual_forward,0.3912896681576967,False,within branch program_seconds; do not add parent
writer events,50,H5,history_operand_and_diagnostic_PK,6.1350332126021385,False,within branch program_seconds; do not add parent
writer events,50,H5,native_direct_solve,0.11895437259227037,False,within branch program_seconds; do not add parent
writer events,50,H5,diagnostic_response_factor,0.38495843950659037,False,within branch program_seconds; do not add parent
writer events,50,H5,stage_observer,99.30707681458443,False,within branch program_seconds; do not add parent
writer events,50,H5,native_key,3.513767975382507,False,within branch program_seconds; do not add parent
writer events,50,H5,native_l8_residual_forward,0.37342114746570587,False,within branch program_seconds; do not add parent
writer events,50,H5,history_operand_and_diagnostic_PK,0.10915044043213129,False,within branch program_seconds; do not add parent
writer events,50,H5,native_direct_solve,0.11871839314699173,False,within branch program_seconds; do not add parent
writer events,50,H5,diagnostic_response_factor,0.5437042759731412,False,within branch program_seconds; do not add parent
writer events,50,H5,stage_observer,99.97340397629887,False,within branch program_seconds; do not add parent
writer events,50,H5,native_key,3.4955271938815713,False,within branch program_seconds; do not add parent
writer events,50,H5,native_l8_residual_forward,0.3735476415604353,False,within branch program_seconds; do not add parent
writer events,50,H5,history_operand_and_diagnostic_PK,0.10347018390893936,False,within branch program_seconds; do not add parent
writer events,50,H5,native_direct_solve,0.11869619321078062,False,within branch program_seconds; do not add parent
writer events,50,H5,diagnostic_response_factor,0.38317110668867826,False,within branch program_seconds; do not add parent
writer events,50,H5,stage_observer,46.715332210063934,False,within branch program_seconds; do not add parent
writer events,50,H5,native_key,3.517959775403142,False,within branch program_seconds; do not add parent
writer events,50,H5,native_l8_residual_forward,0.37181727960705757,False,within branch program_seconds; do not add parent
writer events,50,H5,history_operand_and_diagnostic_PK,0.10761618986725807,False,within branch program_seconds; do not add parent
writer events,50,H5,native_direct_solve,0.11880754306912422,False,within branch program_seconds; do not add parent
writer events,50,H5,diagnostic_response_factor,0.4986722720786929,False,within branch program_seconds; do not add parent
writer events,50,H5,stage_observer,81.79055708181113,False,within branch program_seconds; do not add parent
writer events,50,H5,final_l8_residual_observer,0.3907552072778344,False,within branch program_seconds; do not add parent
writer events,50,H5,native_history_key_and_instrumentation,4.205517142079771,False,within branch program_seconds; do not add parent
writer events,50,H5,native_history_key_and_instrumentation,4.203477482311428,False,within branch program_seconds; do not add parent
writer events,50,H5,native_history_key_and_instrumentation,4.1703270468860865,False,within branch program_seconds; do not add parent
writer events,50,H5,native_history_key_and_instrumentation,4.196701121516526,False,within branch program_seconds; do not add parent
writer events,50,H5,native_history_key_and_instrumentation,4.159596419893205,False,within branch program_seconds; do not add parent
writer events,50,H5,stage_observer,73.19998787343502,False,within branch program_seconds; do not add parent
writer events,50,H6,stage_observer,93.12670180853456,False,within branch program_seconds; do not add parent
writer events,50,H6,native_target_reuse,0.0014792699366807938,False,within branch program_seconds; do not add parent
writer events,50,H6,native_target_reuse,6.539374589920044e-05,False,within branch program_seconds; do not add parent
writer events,50,H6,native_target_reuse,4.386715590953827e-05,False,within branch program_seconds; do not add parent
writer events,50,H6,native_target_reuse,4.372745752334595e-05,False,within branch program_seconds; do not add parent
writer events,50,H6,native_target_reuse,6.192456930875778e-05,False,within branch program_seconds; do not add parent
writer events,50,H6,native_target_reuse,4.3752603232860565e-05,False,within branch program_seconds; do not add parent
writer events,50,H6,native_target_reuse,4.1292980313301086e-05,False,within branch program_seconds; do not add parent
writer events,50,H6,native_target_reuse,3.940332680940628e-05,False,within branch program_seconds; do not add parent
writer events,50,H6,native_target_reuse,4.949700087308884e-05,False,within branch program_seconds; do not add parent
writer events,50,H6,native_target_reuse,4.479940980672836e-05,False,within branch program_seconds; do not add parent
writer events,50,H6,native_target_reuse,4.295818507671356e-05,False,within branch program_seconds; do not add parent
writer events,50,H6,native_target_reuse,3.9878301322460175e-05,False,within branch program_seconds; do not add parent
writer events,50,H6,native_target_reuse,4.819408059120178e-05,False,within branch program_seconds; do not add parent
writer events,50,H6,native_target_reuse,4.035141319036484e-05,False,within branch program_seconds; do not add parent
writer events,50,H6,native_target_reuse,3.5946257412433624e-05,False,within branch program_seconds; do not add parent
writer events,50,H6,native_target_reuse,3.72324138879776e-05,False,within branch program_seconds; do not add parent
writer events,50,H6,native_target_reuse,5.1159411668777466e-05,False,within branch program_seconds; do not add parent
writer events,50,H6,native_target_reuse,3.662332892417908e-05,False,within branch program_seconds; do not add parent
writer events,50,H6,native_target_reuse,6.332714110612869e-05,False,within branch program_seconds; do not add parent
writer events,50,H6,native_target_reuse,4.7011300921440125e-05,False,within branch program_seconds; do not add parent
writer events,50,H6,native_target_reuse,5.480274558067322e-05,False,within branch program_seconds; do not add parent
writer events,50,H6,native_target_reuse,4.466809332370758e-05,False,within branch program_seconds; do not add parent
writer events,50,H6,native_target_reuse,4.09027561545372e-05,False,within branch program_seconds; do not add parent
writer events,50,H6,native_target_reuse,3.931671380996704e-05,False,within branch program_seconds; do not add parent
writer events,50,H6,native_target_reuse,6.647501140832901e-05,False,within branch program_seconds; do not add parent
writer events,50,H6,native_target_reuse,4.034209996461868e-05,False,within branch program_seconds; do not add parent
writer events,50,H6,native_target_reuse,3.758445382118225e-05,False,within branch program_seconds; do not add parent
writer events,50,H6,native_target_reuse,3.697071224451065e-05,False,within branch program_seconds; do not add parent
writer events,50,H6,native_target_reuse,4.344247281551361e-05,False,within branch program_seconds; do not add parent
writer events,50,H6,native_target_reuse,3.789737820625305e-05,False,within branch program_seconds; do not add parent
writer events,50,H6,native_target_reuse,3.940332680940628e-05,False,within branch program_seconds; do not add parent
writer events,50,H6,native_target_reuse,4.8022717237472534e-05,False,within branch program_seconds; do not add parent
writer events,50,H6,native_target_reuse,4.786066710948944e-05,False,within branch program_seconds; do not add parent
writer events,50,H6,native_target_reuse,4.405062645673752e-05,False,within branch program_seconds; do not add parent
writer events,50,H6,native_target_reuse,3.951042890548706e-05,False,within branch program_seconds; do not add parent
writer events,50,H6,native_target_reuse,3.8358382880687714e-05,False,within branch program_seconds; do not add parent
writer events,50,H6,native_target_reuse,4.709325730800629e-05,False,within branch program_seconds; do not add parent
writer events,50,H6,native_target_reuse,4.208926111459732e-05,False,within branch program_seconds; do not add parent
writer events,50,H6,native_target_reuse,5.46993687748909e-05,False,within branch program_seconds; do not add parent
writer events,50,H6,native_target_reuse,3.905687481164932e-05,False,within branch program_seconds; do not add parent
writer events,50,H6,native_target_reuse,4.598218947649002e-05,False,within branch program_seconds; do not add parent
writer events,50,H6,native_target_reuse,3.997050225734711e-05,False,within branch program_seconds; do not add parent
writer events,50,H6,native_target_reuse,3.877561539411545e-05,False,within branch program_seconds; do not add parent
writer events,50,H6,native_target_reuse,3.779493272304535e-05,False,within branch program_seconds; do not add parent
writer events,50,H6,native_target_reuse,5.0195492804050446e-05,False,within branch program_seconds; do not add parent
writer events,50,H6,native_target_reuse,4.177261143922806e-05,False,within branch program_seconds; do not add parent
writer events,50,H6,native_target_reuse,3.984849900007248e-05,False,within branch program_seconds; do not add parent
writer events,50,H6,native_target_reuse,4.044920206069946e-05,False,within branch program_seconds; do not add parent
writer events,50,H6,native_target_reuse,5.210842937231064e-05,False,within branch program_seconds; do not add parent
writer events,50,H6,native_target_reuse,4.453212022781372e-05,False,within branch program_seconds; do not add parent
writer events,50,H6,native_target_reuse,4.011671990156174e-05,False,within branch program_seconds; do not add parent
writer events,50,H6,native_target_reuse,3.8897618651390076e-05,False,within branch program_seconds; do not add parent
writer events,50,H6,native_target_reuse,4.940293729305267e-05,False,within branch program_seconds; do not add parent
writer events,50,H6,native_target_reuse,4.1653402149677277e-05,False,within branch program_seconds; do not add parent
writer events,50,H6,native_target_reuse,4.0140002965927124e-05,False,within branch program_seconds; do not add parent
writer events,50,H6,native_target_reuse,3.917049616575241e-05,False,within branch program_seconds; do not add parent
writer events,50,H6,native_target_reuse,5.009956657886505e-05,False,within branch program_seconds; do not add parent
writer events,50,H6,native_target_reuse,3.9735808968544006e-05,False,within branch program_seconds; do not add parent
writer events,50,H6,native_target_reuse,3.8154423236846924e-05,False,within branch program_seconds; do not add parent
writer events,50,H6,native_target_reuse,4.0500424802303314e-05,False,within branch program_seconds; do not add parent
writer events,50,H6,native_target_reuse,5.0067901611328125e-05,False,within branch program_seconds; do not add parent
writer events,50,H6,native_target_reuse,4.350021481513977e-05,False,within branch program_seconds; do not add parent
writer events,50,H6,native_target_reuse,3.7799589335918427e-05,False,within branch program_seconds; do not add parent
writer events,50,H6,native_target_reuse,3.801099956035614e-05,False,within branch program_seconds; do not add parent
writer events,50,H6,native_target_reuse,5.130469799041748e-05,False,within branch program_seconds; do not add parent
writer events,50,H6,native_target_reuse,4.297308623790741e-05,False,within branch program_seconds; do not add parent
writer events,50,H6,native_target_reuse,4.0629878640174866e-05,False,within branch program_seconds; do not add parent
writer events,50,H6,native_target_reuse,3.998260945081711e-05,False,within branch program_seconds; do not add parent
writer events,50,H6,native_target_reuse,5.3141266107559204e-05,False,within branch program_seconds; do not add parent
writer events,50,H6,native_target_reuse,4.116911441087723e-05,False,within branch program_seconds; do not add parent
writer events,50,H6,native_target_reuse,4.163570702075958e-05,False,within branch program_seconds; do not add parent
writer events,50,H6,native_target_reuse,3.9272941648960114e-05,False,within branch program_seconds; do not add parent
writer events,50,H6,native_target_reuse,4.746764898300171e-05,False,within branch program_seconds; do not add parent
writer events,50,H6,native_target_reuse,4.556868225336075e-05,False,within branch program_seconds; do not add parent
writer events,50,H6,native_target_reuse,4.2185187339782715e-05,False,within branch program_seconds; do not add parent
writer events,50,H6,native_target_reuse,3.8607046008110046e-05,False,within branch program_seconds; do not add parent
writer events,50,H6,native_target_reuse,4.6389177441596985e-05,False,within branch program_seconds; do not add parent
writer events,50,H6,native_target_reuse,3.909505903720856e-05,False,within branch program_seconds; do not add parent
writer events,50,H6,native_target_reuse,3.8640573620796204e-05,False,within branch program_seconds; do not add parent
writer events,50,H6,native_target_reuse,4.8354268074035645e-05,False,within branch program_seconds; do not add parent
writer events,50,H6,native_target_reuse,4.593934863805771e-05,False,within branch program_seconds; do not add parent
writer events,50,H6,native_target_reuse,3.89590859413147e-05,False,within branch program_seconds; do not add parent
writer events,50,H6,native_target_reuse,4.024989902973175e-05,False,within branch program_seconds; do not add parent
writer events,50,H6,native_target_reuse,3.938097506761551e-05,False,within branch program_seconds; do not add parent
writer events,50,H6,native_target_reuse,4.971399903297424e-05,False,within branch program_seconds; do not add parent
writer events,50,H6,native_target_reuse,4.235096275806427e-05,False,within branch program_seconds; do not add parent
writer events,50,H6,native_target_reuse,4.898384213447571e-05,False,within branch program_seconds; do not add parent
writer events,50,H6,native_target_reuse,4.130229353904724e-05,False,within branch program_seconds; do not add parent
writer events,50,H6,native_target_reuse,4.99160960316658e-05,False,within branch program_seconds; do not add parent
writer events,50,H6,native_target_reuse,4.174280911684036e-05,False,within branch program_seconds; do not add parent
writer events,50,H6,native_target_reuse,3.9623118937015533e-05,False,within branch program_seconds; do not add parent
writer events,50,H6,native_target_reuse,3.827083855867386e-05,False,within branch program_seconds; do not add parent
writer events,50,H6,native_target_reuse,4.534609615802765e-05,False,within branch program_seconds; do not add parent
writer events,50,H6,native_target_reuse,4.0032900869846344e-05,False,within branch program_seconds; do not add parent
writer events,50,H6,native_target_reuse,3.974791616201401e-05,False,within branch program_seconds; do not add parent
writer events,50,H6,native_target_reuse,3.8146041333675385e-05,False,within branch program_seconds; do not add parent
writer events,50,H6,native_target_reuse,5.343928933143616e-05,False,within branch program_seconds; do not add parent
writer events,50,H6,native_target_reuse,4.142243415117264e-05,False,within branch program_seconds; do not add parent
writer events,50,H6,native_target_reuse,4.030205309391022e-05,False,within branch program_seconds; do not add parent
writer events,50,H6,native_target_reuse,3.908760845661163e-05,False,within branch program_seconds; do not add parent
writer events,50,H6,stage_observer,27.559983801096678,False,within branch program_seconds; do not add parent
writer events,50,H6,native_key,3.4972508354112506,False,within branch program_seconds; do not add parent
writer events,50,H6,native_l8_residual_forward,0.37182410527020693,False,within branch program_seconds; do not add parent
writer events,50,H6,history_operand_and_diagnostic_PK,0.10581459756940603,False,within branch program_seconds; do not add parent
writer events,50,H6,native_direct_solve,0.11865408718585968,False,within branch program_seconds; do not add parent
writer events,50,H6,diagnostic_response_factor,0.3558546854183078,False,within branch program_seconds; do not add parent
writer events,50,H6,stage_observer,45.67381654120982,False,within branch program_seconds; do not add parent
writer events,50,H6,native_key,3.507310187444091,False,within branch program_seconds; do not add parent
writer events,50,H6,native_l8_residual_forward,0.37451852206140757,False,within branch program_seconds; do not add parent
writer events,50,H6,history_operand_and_diagnostic_PK,0.1047005532309413,False,within branch program_seconds; do not add parent
writer events,50,H6,native_direct_solve,0.11848883610218763,False,within branch program_seconds; do not add parent
writer events,50,H6,diagnostic_response_factor,0.5525314025580883,False,within branch program_seconds; do not add parent
writer events,50,H6,stage_observer,104.70169383008033,False,within branch program_seconds; do not add parent
writer events,50,H6,native_key,3.495783420279622,False,within branch program_seconds; do not add parent
writer events,50,H6,native_l8_residual_forward,0.37665246427059174,False,within branch program_seconds; do not add parent
writer events,50,H6,history_operand_and_diagnostic_PK,6.3214489836245775,False,within branch program_seconds; do not add parent
writer events,50,H6,native_direct_solve,0.11856432445347309,False,within branch program_seconds; do not add parent
writer events,50,H6,diagnostic_response_factor,0.3922315835952759,False,within branch program_seconds; do not add parent
writer events,50,H6,stage_observer,98.65293577313423,False,within branch program_seconds; do not add parent
writer events,50,H6,native_key,3.542439503595233,False,within branch program_seconds; do not add parent
writer events,50,H6,native_l8_residual_forward,0.37468703370541334,False,within branch program_seconds; do not add parent
writer events,50,H6,history_operand_and_diagnostic_PK,0.11498700734227896,False,within branch program_seconds; do not add parent
writer events,50,H6,native_direct_solve,0.11848103534430265,False,within branch program_seconds; do not add parent
writer events,50,H6,diagnostic_response_factor,0.41679701395332813,False,within branch program_seconds; do not add parent
writer events,50,H6,stage_observer,48.10223286692053,False,within branch program_seconds; do not add parent
writer events,50,H6,native_key,3.499428720213473,False,within branch program_seconds; do not add parent
writer events,50,H6,native_l8_residual_forward,0.3831515097990632,False,within branch program_seconds; do not add parent
writer events,50,H6,history_operand_and_diagnostic_PK,0.1158054256811738,False,within branch program_seconds; do not add parent
writer events,50,H6,native_direct_solve,0.11860312335193157,False,within branch program_seconds; do not add parent
writer events,50,H6,diagnostic_response_factor,0.4295126646757126,False,within branch program_seconds; do not add parent
writer events,50,H6,stage_observer,80.46501550637186,False,within branch program_seconds; do not add parent
writer events,50,H6,final_l8_residual_observer,0.3921983502805233,False,within branch program_seconds; do not add parent
writer events,50,H6,native_history_key_and_instrumentation,4.537430180236697,False,within branch program_seconds; do not add parent
writer events,50,H6,native_history_key_and_instrumentation,4.1867661383003,False,within branch program_seconds; do not add parent
writer events,50,H6,native_history_key_and_instrumentation,4.199645152315497,False,within branch program_seconds; do not add parent
writer events,50,H6,native_history_key_and_instrumentation,4.213430094532669,False,within branch program_seconds; do not add parent
writer events,50,H6,native_history_key_and_instrumentation,4.208071501925588,False,within branch program_seconds; do not add parent
writer events,50,H6,stage_observer,76.02968063484877,False,within branch program_seconds; do not add parent
writer events,50,H56,stage_observer,93.44358749501407,False,within branch program_seconds; do not add parent
writer events,50,H56,native_target_reuse,0.001387195661664009,False,within branch program_seconds; do not add parent
writer events,50,H56,native_target_reuse,9.271129965782166e-05,False,within branch program_seconds; do not add parent
writer events,50,H56,native_target_reuse,6.881821900606155e-05,False,within branch program_seconds; do not add parent
writer events,50,H56,native_target_reuse,5.20097091794014e-05,False,within branch program_seconds; do not add parent
writer events,50,H56,native_target_reuse,6.60531222820282e-05,False,within branch program_seconds; do not add parent
writer events,50,H56,native_target_reuse,3.7838704884052277e-05,False,within branch program_seconds; do not add parent
writer events,50,H56,native_target_reuse,4.010554403066635e-05,False,within branch program_seconds; do not add parent
writer events,50,H56,native_target_reuse,3.734510391950607e-05,False,within branch program_seconds; do not add parent
writer events,50,H56,native_target_reuse,4.6856701374053955e-05,False,within branch program_seconds; do not add parent
writer events,50,H56,native_target_reuse,3.8846395909786224e-05,False,within branch program_seconds; do not add parent
writer events,50,H56,native_target_reuse,4.14261594414711e-05,False,within branch program_seconds; do not add parent
writer events,50,H56,native_target_reuse,3.7095509469509125e-05,False,within branch program_seconds; do not add parent
writer events,50,H56,native_target_reuse,4.66667115688324e-05,False,within branch program_seconds; do not add parent
writer events,50,H56,native_target_reuse,4.0560029447078705e-05,False,within branch program_seconds; do not add parent
writer events,50,H56,native_target_reuse,3.458559513092041e-05,False,within branch program_seconds; do not add parent
writer events,50,H56,native_target_reuse,3.6885030567646027e-05,False,within branch program_seconds; do not add parent
writer events,50,H56,native_target_reuse,4.738476127386093e-05,False,within branch program_seconds; do not add parent
writer events,50,H56,native_target_reuse,3.8295984268188477e-05,False,within branch program_seconds; do not add parent
writer events,50,H56,native_target_reuse,3.3629126846790314e-05,False,within branch program_seconds; do not add parent
writer events,50,H56,native_target_reuse,3.749225288629532e-05,False,within branch program_seconds; do not add parent
writer events,50,H56,native_target_reuse,4.465319216251373e-05,False,within branch program_seconds; do not add parent
writer events,50,H56,native_target_reuse,3.746245056390762e-05,False,within branch program_seconds; do not add parent
writer events,50,H56,native_target_reuse,3.880821168422699e-05,False,within branch program_seconds; do not add parent
writer events,50,H56,native_target_reuse,3.617629408836365e-05,False,within branch program_seconds; do not add parent
writer events,50,H56,native_target_reuse,4.410184919834137e-05,False,within branch program_seconds; do not add parent
writer events,50,H56,native_target_reuse,3.7396326661109924e-05,False,within branch program_seconds; do not add parent
writer events,50,H56,native_target_reuse,3.862660378217697e-05,False,within branch program_seconds; do not add parent
writer events,50,H56,native_target_reuse,3.742333501577377e-05,False,within branch program_seconds; do not add parent
writer events,50,H56,native_target_reuse,4.598218947649002e-05,False,within branch program_seconds; do not add parent
writer events,50,H56,native_target_reuse,4.62094321846962e-05,False,within branch program_seconds; do not add parent
writer events,50,H56,native_target_reuse,3.618467599153519e-05,False,within branch program_seconds; do not add parent
writer events,50,H56,native_target_reuse,3.719795495271683e-05,False,within branch program_seconds; do not add parent
writer events,50,H56,native_target_reuse,4.393048584461212e-05,False,within branch program_seconds; do not add parent
writer events,50,H56,native_target_reuse,3.793276846408844e-05,False,within branch program_seconds; do not add parent
writer events,50,H56,native_target_reuse,3.670714795589447e-05,False,within branch program_seconds; do not add parent
writer events,50,H56,native_target_reuse,4.007481038570404e-05,False,within branch program_seconds; do not add parent
writer events,50,H56,native_target_reuse,4.439614713191986e-05,False,within branch program_seconds; do not add parent
writer events,50,H56,native_target_reuse,3.8455240428447723e-05,False,within branch program_seconds; do not add parent
writer events,50,H56,native_target_reuse,4.08245250582695e-05,False,within branch program_seconds; do not add parent
writer events,50,H56,native_target_reuse,3.5381875932216644e-05,False,within branch program_seconds; do not add parent
writer events,50,H56,native_target_reuse,4.632212221622467e-05,False,within branch program_seconds; do not add parent
writer events,50,H56,native_target_reuse,3.774091601371765e-05,False,within branch program_seconds; do not add parent
writer events,50,H56,native_target_reuse,3.705359995365143e-05,False,within branch program_seconds; do not add parent
writer events,50,H56,native_target_reuse,3.6201439797878265e-05,False,within branch program_seconds; do not add parent
writer events,50,H56,native_target_reuse,4.411675035953522e-05,False,within branch program_seconds; do not add parent
writer events,50,H56,native_target_reuse,3.627687692642212e-05,False,within branch program_seconds; do not add parent
writer events,50,H56,native_target_reuse,3.925245255231857e-05,False,within branch program_seconds; do not add parent
writer events,50,H56,native_target_reuse,3.8127414882183075e-05,False,within branch program_seconds; do not add parent
writer events,50,H56,native_target_reuse,5.1837414503097534e-05,False,within branch program_seconds; do not add parent
writer events,50,H56,native_target_reuse,4.620105028152466e-05,False,within branch program_seconds; do not add parent
writer events,50,H56,native_target_reuse,3.843940794467926e-05,False,within branch program_seconds; do not add parent
writer events,50,H56,native_target_reuse,3.966130316257477e-05,False,within branch program_seconds; do not add parent
writer events,50,H56,native_target_reuse,5.254708230495453e-05,False,within branch program_seconds; do not add parent
writer events,50,H56,native_target_reuse,4.028063267469406e-05,False,within branch program_seconds; do not add parent
writer events,50,H56,native_target_reuse,3.9400532841682434e-05,False,within branch program_seconds; do not add parent
writer events,50,H56,native_target_reuse,4.725717008113861e-05,False,within branch program_seconds; do not add parent
writer events,50,H56,native_target_reuse,4.3295323848724365e-05,False,within branch program_seconds; do not add parent
writer events,50,H56,native_target_reuse,3.892090171575546e-05,False,within branch program_seconds; do not add parent
writer events,50,H56,native_target_reuse,4.302896559238434e-05,False,within branch program_seconds; do not add parent
writer events,50,H56,native_target_reuse,3.92422080039978e-05,False,within branch program_seconds; do not add parent
writer events,50,H56,native_target_reuse,5.0337985157966614e-05,False,within branch program_seconds; do not add parent
writer events,50,H56,native_target_reuse,3.8125552237033844e-05,False,within branch program_seconds; do not add parent
writer events,50,H56,native_target_reuse,3.9989128708839417e-05,False,within branch program_seconds; do not add parent
writer events,50,H56,native_target_reuse,3.7564896047115326e-05,False,within branch program_seconds; do not add parent
writer events,50,H56,native_target_reuse,4.507601261138916e-05,False,within branch program_seconds; do not add parent
writer events,50,H56,native_target_reuse,5.517154932022095e-05,False,within branch program_seconds; do not add parent
writer events,50,H56,native_target_reuse,4.0304847061634064e-05,False,within branch program_seconds; do not add parent
writer events,50,H56,native_target_reuse,3.802776336669922e-05,False,within branch program_seconds; do not add parent
writer events,50,H56,native_target_reuse,4.685018211603165e-05,False,within branch program_seconds; do not add parent
writer events,50,H56,native_target_reuse,4.1025690734386444e-05,False,within branch program_seconds; do not add parent
writer events,50,H56,native_target_reuse,4.350673407316208e-05,False,within branch program_seconds; do not add parent
writer events,50,H56,native_target_reuse,4.025455564260483e-05,False,within branch program_seconds; do not add parent
writer events,50,H56,native_target_reuse,5.0582922995090485e-05,False,within branch program_seconds; do not add parent
writer events,50,H56,native_target_reuse,3.8652680814266205e-05,False,within branch program_seconds; do not add parent
writer events,50,H56,native_target_reuse,3.631599247455597e-05,False,within branch program_seconds; do not add parent
writer events,50,H56,native_target_reuse,3.586523234844208e-05,False,within branch program_seconds; do not add parent
writer events,50,H56,native_target_reuse,4.620477557182312e-05,False,within branch program_seconds; do not add parent
writer events,50,H56,native_target_reuse,3.7171877920627594e-05,False,within branch program_seconds; do not add parent
writer events,50,H56,native_target_reuse,4.0502287447452545e-05,False,within branch program_seconds; do not add parent
writer events,50,H56,native_target_reuse,3.684684634208679e-05,False,within branch program_seconds; do not add parent
writer events,50,H56,native_target_reuse,4.425831139087677e-05,False,within branch program_seconds; do not add parent
writer events,50,H56,native_target_reuse,4.070065915584564e-05,False,within branch program_seconds; do not add parent
writer events,50,H56,native_target_reuse,3.6901794373989105e-05,False,within branch program_seconds; do not add parent
writer events,50,H56,native_target_reuse,3.7872232496738434e-05,False,within branch program_seconds; do not add parent
writer events,50,H56,native_target_reuse,4.755984991788864e-05,False,within branch program_seconds; do not add parent
writer events,50,H56,native_target_reuse,3.742333501577377e-05,False,within branch program_seconds; do not add parent
writer events,50,H56,native_target_reuse,3.6852434277534485e-05,False,within branch program_seconds; do not add parent
writer events,50,H56,native_target_reuse,4.844646900892258e-05,False,within branch program_seconds; do not add parent
writer events,50,H56,native_target_reuse,4.3730251491069794e-05,False,within branch program_seconds; do not add parent
writer events,50,H56,native_target_reuse,3.7408433854579926e-05,False,within branch program_seconds; do not add parent
writer events,50,H56,native_target_reuse,3.685988485813141e-05,False,within branch program_seconds; do not add parent
writer events,50,H56,native_target_reuse,3.7194229662418365e-05,False,within branch program_seconds; do not add parent
writer events,50,H56,native_target_reuse,4.4182874262332916e-05,False,within branch program_seconds; do not add parent
writer events,50,H56,native_target_reuse,3.74428927898407e-05,False,within branch program_seconds; do not add parent
writer events,50,H56,native_target_reuse,3.7719495594501495e-05,False,within branch program_seconds; do not add parent
writer events,50,H56,native_target_reuse,3.722682595252991e-05,False,within branch program_seconds; do not add parent
writer events,50,H56,native_target_reuse,4.135351628065109e-05,False,within branch program_seconds; do not add parent
writer events,50,H56,native_target_reuse,3.7357211112976074e-05,False,within branch program_seconds; do not add parent
writer events,50,H56,native_target_reuse,3.573019057512283e-05,False,within branch program_seconds; do not add parent
writer events,50,H56,native_target_reuse,3.611668944358826e-05,False,within branch program_seconds; do not add parent
writer events,50,H56,stage_observer,26.123068450950086,False,within branch program_seconds; do not add parent
writer events,50,H56,native_key,3.4995213570073247,False,within branch program_seconds; do not add parent
writer events,50,H56,native_l8_residual_forward,0.3727592108771205,False,within branch program_seconds; do not add parent
writer events,50,H56,history_operand_and_diagnostic_PK,0.10197735577821732,False,within branch program_seconds; do not add parent
writer events,50,H56,native_direct_solve,0.11847059428691864,False,within branch program_seconds; do not add parent
writer events,50,H56,diagnostic_response_factor,0.4232081053778529,False,within branch program_seconds; do not add parent
writer events,50,H56,stage_observer,47.185151477344334,False,within branch program_seconds; do not add parent
writer events,50,H56,native_key,3.5046757319942117,False,within branch program_seconds; do not add parent
writer events,50,H56,native_l8_residual_forward,0.37369835656136274,False,within branch program_seconds; do not add parent
writer events,50,H56,history_operand_and_diagnostic_PK,6.7930330298841,False,within branch program_seconds; do not add parent
writer events,50,H56,native_direct_solve,0.11896849237382412,False,within branch program_seconds; do not add parent
writer events,50,H56,diagnostic_response_factor,0.40333753544837236,False,within branch program_seconds; do not add parent
writer events,50,H56,stage_observer,100.5911289062351,False,within branch program_seconds; do not add parent
writer events,50,H56,native_key,3.502945687621832,False,within branch program_seconds; do not add parent
writer events,50,H56,native_l8_residual_forward,0.37475444469600916,False,within branch program_seconds; do not add parent
writer events,50,H56,history_operand_and_diagnostic_PK,6.16624940559268,False,within branch program_seconds; do not add parent
writer events,50,H56,native_direct_solve,0.1186168733984232,False,within branch program_seconds; do not add parent
writer events,50,H56,diagnostic_response_factor,0.41486866027116776,False,within branch program_seconds; do not add parent
writer events,50,H56,stage_observer,93.41174019593745,False,within branch program_seconds; do not add parent
writer events,50,H56,native_key,3.515772213228047,False,within branch program_seconds; do not add parent
writer events,50,H56,native_l8_residual_forward,0.3747839443385601,False,within branch program_seconds; do not add parent
writer events,50,H56,history_operand_and_diagnostic_PK,0.12133707664906979,False,within branch program_seconds; do not add parent
writer events,50,H56,native_direct_solve,0.11852746922522783,False,within branch program_seconds; do not add parent
writer events,50,H56,diagnostic_response_factor,0.3786698067560792,False,within branch program_seconds; do not add parent
writer events,50,H56,stage_observer,45.9368254058063,False,within branch program_seconds; do not add parent
writer events,50,H56,native_key,3.512054386548698,False,within branch program_seconds; do not add parent
writer events,50,H56,native_l8_residual_forward,0.374108063057065,False,within branch program_seconds; do not add parent
writer events,50,H56,history_operand_and_diagnostic_PK,0.11700140498578548,False,within branch program_seconds; do not add parent
writer events,50,H56,native_direct_solve,0.11865088529884815,False,within branch program_seconds; do not add parent
writer events,50,H56,diagnostic_response_factor,0.3610086804255843,False,within branch program_seconds; do not add parent
writer events,50,H56,stage_observer,83.37230477575213,False,within branch program_seconds; do not add parent
writer events,50,H56,final_l8_residual_observer,0.3973277807235718,False,within branch program_seconds; do not add parent
writer events,50,H56,native_history_key_and_instrumentation,4.226748386397958,False,within branch program_seconds; do not add parent
writer events,50,H56,native_history_key_and_instrumentation,4.163451924920082,False,within branch program_seconds; do not add parent
writer events,50,H56,native_history_key_and_instrumentation,4.210760178975761,False,within branch program_seconds; do not add parent
writer events,50,H56,native_history_key_and_instrumentation,4.206891030073166,False,within branch program_seconds; do not add parent
writer events,50,H56,native_history_key_and_instrumentation,4.16793193295598,False,within branch program_seconds; do not add parent
writer events,50,H56,stage_observer,72.43358185701072,False,within branch program_seconds; do not add parent
writer events,50,MASS56,stage_observer,94.80977685097605,False,within branch program_seconds; do not add parent
writer events,50,MASS56,native_target_reuse,0.0013914545997977257,False,within branch program_seconds; do not add parent
writer events,50,MASS56,native_target_reuse,9.435880929231644e-05,False,within branch program_seconds; do not add parent
writer events,50,MASS56,native_target_reuse,5.862116813659668e-05,False,within branch program_seconds; do not add parent
writer events,50,MASS56,native_target_reuse,5.962047725915909e-05,False,within branch program_seconds; do not add parent
writer events,50,MASS56,native_target_reuse,6.858911365270615e-05,False,within branch program_seconds; do not add parent
writer events,50,MASS56,native_target_reuse,4.812423139810562e-05,False,within branch program_seconds; do not add parent
writer events,50,MASS56,native_target_reuse,5.775224417448044e-05,False,within branch program_seconds; do not add parent
writer events,50,MASS56,native_target_reuse,5.096476525068283e-05,False,within branch program_seconds; do not add parent
writer events,50,MASS56,native_target_reuse,7.122848182916641e-05,False,within branch program_seconds; do not add parent
writer events,50,MASS56,native_target_reuse,6.116926670074463e-05,False,within branch program_seconds; do not add parent
writer events,50,MASS56,native_target_reuse,5.6862831115722656e-05,False,within branch program_seconds; do not add parent
writer events,50,MASS56,native_target_reuse,5.100574344396591e-05,False,within branch program_seconds; do not add parent
writer events,50,MASS56,native_target_reuse,6.88452273607254e-05,False,within branch program_seconds; do not add parent
writer events,50,MASS56,native_target_reuse,5.662534385919571e-05,False,within branch program_seconds; do not add parent
writer events,50,MASS56,native_target_reuse,4.3540261685848236e-05,False,within branch program_seconds; do not add parent
writer events,50,MASS56,native_target_reuse,4.5006163418293e-05,False,within branch program_seconds; do not add parent
writer events,50,MASS56,native_target_reuse,6.600003689527512e-05,False,within branch program_seconds; do not add parent
writer events,50,MASS56,native_target_reuse,4.806648939847946e-05,False,within branch program_seconds; do not add parent
writer events,50,MASS56,native_target_reuse,5.2080489695072174e-05,False,within branch program_seconds; do not add parent
writer events,50,MASS56,native_target_reuse,6.15948811173439e-05,False,within branch program_seconds; do not add parent
writer events,50,MASS56,native_target_reuse,6.3261017203331e-05,False,within branch program_seconds; do not add parent
writer events,50,MASS56,native_target_reuse,5.298294126987457e-05,False,within branch program_seconds; do not add parent
writer events,50,MASS56,native_target_reuse,4.984252154827118e-05,False,within branch program_seconds; do not add parent
writer events,50,MASS56,native_target_reuse,5.633477121591568e-05,False,within branch program_seconds; do not add parent
writer events,50,MASS56,native_target_reuse,6.776954978704453e-05,False,within branch program_seconds; do not add parent
writer events,50,MASS56,native_target_reuse,4.669744521379471e-05,False,within branch program_seconds; do not add parent
writer events,50,MASS56,native_target_reuse,5.586445331573486e-05,False,within branch program_seconds; do not add parent
writer events,50,MASS56,native_target_reuse,4.569534212350845e-05,False,within branch program_seconds; do not add parent
writer events,50,MASS56,native_target_reuse,5.840510129928589e-05,False,within branch program_seconds; do not add parent
writer events,50,MASS56,native_target_reuse,5.3933821618556976e-05,False,within branch program_seconds; do not add parent
writer events,50,MASS56,native_target_reuse,6.12037256360054e-05,False,within branch program_seconds; do not add parent
writer events,50,MASS56,native_target_reuse,4.8908405005931854e-05,False,within branch program_seconds; do not add parent
writer events,50,MASS56,native_target_reuse,6.246659904718399e-05,False,within branch program_seconds; do not add parent
writer events,50,MASS56,native_target_reuse,5.690287798643112e-05,False,within branch program_seconds; do not add parent
writer events,50,MASS56,native_target_reuse,5.3280964493751526e-05,False,within branch program_seconds; do not add parent
writer events,50,MASS56,native_target_reuse,4.617217928171158e-05,False,within branch program_seconds; do not add parent
writer events,50,MASS56,native_target_reuse,5.7773664593696594e-05,False,within branch program_seconds; do not add parent
writer events,50,MASS56,native_target_reuse,5.572661757469177e-05,False,within branch program_seconds; do not add parent
writer events,50,MASS56,native_target_reuse,4.4012442231178284e-05,False,within branch program_seconds; do not add parent
writer events,50,MASS56,native_target_reuse,4.4111162424087524e-05,False,within branch program_seconds; do not add parent
writer events,50,MASS56,native_target_reuse,7.52648338675499e-05,False,within branch program_seconds; do not add parent
writer events,50,MASS56,native_target_reuse,6.829481571912766e-05,False,within branch program_seconds; do not add parent
writer events,50,MASS56,native_target_reuse,5.0700269639492035e-05,False,within branch program_seconds; do not add parent
writer events,50,MASS56,native_target_reuse,4.83393669128418e-05,False,within branch program_seconds; do not add parent
writer events,50,MASS56,native_target_reuse,6.715953350067139e-05,False,within branch program_seconds; do not add parent
writer events,50,MASS56,native_target_reuse,5.844980478286743e-05,False,within branch program_seconds; do not add parent
writer events,50,MASS56,native_target_reuse,4.627835005521774e-05,False,within branch program_seconds; do not add parent
writer events,50,MASS56,native_target_reuse,5.5116601288318634e-05,False,within branch program_seconds; do not add parent
writer events,50,MASS56,native_target_reuse,5.667097866535187e-05,False,within branch program_seconds; do not add parent
writer events,50,MASS56,native_target_reuse,4.86886128783226e-05,False,within branch program_seconds; do not add parent
writer events,50,MASS56,native_target_reuse,4.398263990879059e-05,False,within branch program_seconds; do not add parent
writer events,50,MASS56,native_target_reuse,5.92060387134552e-05,False,within branch program_seconds; do not add parent
writer events,50,MASS56,native_target_reuse,6.508734077215195e-05,False,within branch program_seconds; do not add parent
writer events,50,MASS56,native_target_reuse,5.601905286312103e-05,False,within branch program_seconds; do not add parent
writer events,50,MASS56,native_target_reuse,6.0937367379665375e-05,False,within branch program_seconds; do not add parent
writer events,50,MASS56,native_target_reuse,4.9316324293613434e-05,False,within branch program_seconds; do not add parent
writer events,50,MASS56,native_target_reuse,8.011423051357269e-05,False,within branch program_seconds; do not add parent
writer events,50,MASS56,native_target_reuse,4.8696063458919525e-05,False,within branch program_seconds; do not add parent
writer events,50,MASS56,native_target_reuse,5.5023469030857086e-05,False,within branch program_seconds; do not add parent
writer events,50,MASS56,native_target_reuse,4.437565803527832e-05,False,within branch program_seconds; do not add parent
writer events,50,MASS56,native_target_reuse,6.411969661712646e-05,False,within branch program_seconds; do not add parent
writer events,50,MASS56,native_target_reuse,5.0518661737442017e-05,False,within branch program_seconds; do not add parent
writer events,50,MASS56,native_target_reuse,6.385147571563721e-05,False,within branch program_seconds; do not add parent
writer events,50,MASS56,native_target_reuse,6.545521318912506e-05,False,within branch program_seconds; do not add parent
writer events,50,MASS56,native_target_reuse,7.396284490823746e-05,False,within branch program_seconds; do not add parent
writer events,50,MASS56,native_target_reuse,6.483960896730423e-05,False,within branch program_seconds; do not add parent
writer events,50,MASS56,native_target_reuse,7.300637662410736e-05,False,within branch program_seconds; do not add parent
writer events,50,MASS56,native_target_reuse,5.438830703496933e-05,False,within branch program_seconds; do not add parent
writer events,50,MASS56,native_target_reuse,7.08429142832756e-05,False,within branch program_seconds; do not add parent
writer events,50,MASS56,native_target_reuse,5.275662988424301e-05,False,within branch program_seconds; do not add parent
writer events,50,MASS56,native_target_reuse,5.0253234803676605e-05,False,within branch program_seconds; do not add parent
writer events,50,MASS56,native_target_reuse,5.306769162416458e-05,False,within branch program_seconds; do not add parent
writer events,50,MASS56,native_target_reuse,7.547345012426376e-05,False,within branch program_seconds; do not add parent
writer events,50,MASS56,native_target_reuse,6.17094337940216e-05,False,within branch program_seconds; do not add parent
writer events,50,MASS56,native_target_reuse,6.944499909877777e-05,False,within branch program_seconds; do not add parent
writer events,50,MASS56,native_target_reuse,5.4921954870224e-05,False,within branch program_seconds; do not add parent
writer events,50,MASS56,native_target_reuse,7.853750139474869e-05,False,within branch program_seconds; do not add parent
writer events,50,MASS56,native_target_reuse,6.125960499048233e-05,False,within branch program_seconds; do not add parent
writer events,50,MASS56,native_target_reuse,4.552677273750305e-05,False,within branch program_seconds; do not add parent
writer events,50,MASS56,native_target_reuse,4.489533603191376e-05,False,within branch program_seconds; do not add parent
writer events,50,MASS56,native_target_reuse,6.250012665987015e-05,False,within branch program_seconds; do not add parent
writer events,50,MASS56,native_target_reuse,6.923545151948929e-05,False,within branch program_seconds; do not add parent
writer events,50,MASS56,native_target_reuse,5.712825804948807e-05,False,within branch program_seconds; do not add parent
writer events,50,MASS56,native_target_reuse,5.3863972425460815e-05,False,within branch program_seconds; do not add parent
writer events,50,MASS56,native_target_reuse,6.467103958129883e-05,False,within branch program_seconds; do not add parent
writer events,50,MASS56,native_target_reuse,5.8447010815143585e-05,False,within branch program_seconds; do not add parent
writer events,50,MASS56,native_target_reuse,6.0789287090301514e-05,False,within branch program_seconds; do not add parent
writer events,50,MASS56,native_target_reuse,5.2471645176410675e-05,False,within branch program_seconds; do not add parent
writer events,50,MASS56,native_target_reuse,6.0964375734329224e-05,False,within branch program_seconds; do not add parent
writer events,50,MASS56,native_target_reuse,4.735402762889862e-05,False,within branch program_seconds; do not add parent
writer events,50,MASS56,native_target_reuse,5.468074232339859e-05,False,within branch program_seconds; do not add parent
writer events,50,MASS56,native_target_reuse,4.7674402594566345e-05,False,within branch program_seconds; do not add parent
writer events,50,MASS56,native_target_reuse,5.726423114538193e-05,False,within branch program_seconds; do not add parent
writer events,50,MASS56,native_target_reuse,5.585700273513794e-05,False,within branch program_seconds; do not add parent
writer events,50,MASS56,native_target_reuse,4.9824826419353485e-05,False,within branch program_seconds; do not add parent
writer events,50,MASS56,native_target_reuse,4.953797906637192e-05,False,within branch program_seconds; do not add parent
writer events,50,MASS56,native_target_reuse,6.0976482927799225e-05,False,within branch program_seconds; do not add parent
writer events,50,MASS56,native_target_reuse,6.916746497154236e-05,False,within branch program_seconds; do not add parent
writer events,50,MASS56,native_target_reuse,5.077384412288666e-05,False,within branch program_seconds; do not add parent
writer events,50,MASS56,native_target_reuse,4.6756118535995483e-05,False,within branch program_seconds; do not add parent
writer events,50,MASS56,stage_observer,28.587304883636534,False,within branch program_seconds; do not add parent
writer events,50,MASS56,native_key,3.507767274044454,False,within branch program_seconds; do not add parent
writer events,50,MASS56,native_l8_residual_forward,0.3734536627307534,False,within branch program_seconds; do not add parent
writer events,50,MASS56,history_operand_and_diagnostic_PK,0.07001330330967903,False,within branch program_seconds; do not add parent
writer events,50,MASS56,native_direct_solve,0.11856577824801207,False,within branch program_seconds; do not add parent
writer events,50,MASS56,diagnostic_response_factor,0.38143371138721704,False,within branch program_seconds; do not add parent
writer events,50,MASS56,stage_observer,49.45092937536538,False,within branch program_seconds; do not add parent
writer events,50,MASS56,native_key,3.508347080089152,False,within branch program_seconds; do not add parent
writer events,50,MASS56,native_l8_residual_forward,0.3746965220198035,False,within branch program_seconds; do not add parent
writer events,50,MASS56,history_operand_and_diagnostic_PK,6.898051290772855,False,within branch program_seconds; do not add parent
writer events,50,MASS56,native_direct_solve,0.11976646725088358,False,within branch program_seconds; do not add parent
writer events,50,MASS56,diagnostic_response_factor,0.3494981788098812,False,within branch program_seconds; do not add parent
writer events,50,MASS56,stage_observer,101.84759758412838,False,within branch program_seconds; do not add parent
writer events,50,MASS56,native_key,3.5084557868540287,False,within branch program_seconds; do not add parent
writer events,50,MASS56,native_l8_residual_forward,0.37492360454052687,False,within branch program_seconds; do not add parent
writer events,50,MASS56,history_operand_and_diagnostic_PK,6.113322080112994,False,within branch program_seconds; do not add parent
writer events,50,MASS56,native_direct_solve,0.11884470749646425,False,within branch program_seconds; do not add parent
writer events,50,MASS56,diagnostic_response_factor,0.32939333841204643,False,within branch program_seconds; do not add parent
writer events,50,MASS56,stage_observer,100.28253427706659,False,within branch program_seconds; do not add parent
writer events,50,MASS56,native_key,3.5296679800376296,False,within branch program_seconds; do not add parent
writer events,50,MASS56,native_l8_residual_forward,0.37736180424690247,False,within branch program_seconds; do not add parent
writer events,50,MASS56,history_operand_and_diagnostic_PK,0.07008205074816942,False,within branch program_seconds; do not add parent
writer events,50,MASS56,native_direct_solve,0.11878176778554916,False,within branch program_seconds; do not add parent
writer events,50,MASS56,diagnostic_response_factor,0.3861017180606723,False,within branch program_seconds; do not add parent
writer events,50,MASS56,stage_observer,46.315641331486404,False,within branch program_seconds; do not add parent
writer events,50,MASS56,native_key,3.5008470471948385,False,within branch program_seconds; do not add parent
writer events,50,MASS56,native_l8_residual_forward,0.3735389653593302,False,within branch program_seconds; do not add parent
writer events,50,MASS56,history_operand_and_diagnostic_PK,0.06984632927924395,False,within branch program_seconds; do not add parent
writer events,50,MASS56,native_direct_solve,0.11852454207837582,False,within branch program_seconds; do not add parent
writer events,50,MASS56,diagnostic_response_factor,0.411619040183723,False,within branch program_seconds; do not add parent
writer events,50,MASS56,stage_observer,81.70515493489802,False,within branch program_seconds; do not add parent
writer events,50,MASS56,final_l8_residual_observer,0.3975238613784313,False,within branch program_seconds; do not add parent
writer events,50,MASS56,native_history_key_and_instrumentation,4.209026513621211,False,within branch program_seconds; do not add parent
writer events,50,MASS56,native_history_key_and_instrumentation,4.059233767911792,False,within branch program_seconds; do not add parent
writer events,50,MASS56,native_history_key_and_instrumentation,4.588457616977394,False,within branch program_seconds; do not add parent
writer events,50,MASS56,native_history_key_and_instrumentation,4.388435781002045,False,within branch program_seconds; do not add parent
writer events,50,MASS56,native_history_key_and_instrumentation,4.143551247194409,False,within branch program_seconds; do not add parent
writer events,50,MASS56,stage_observer,74.70250882208347,False,within branch program_seconds; do not add parent
writer events,70,NATIVE,stage_observer,92.91679468564689,False,within branch program_seconds; do not add parent
writer events,70,NATIVE,native_target,1.175233150832355,False,within branch program_seconds; do not add parent
writer events,70,NATIVE,native_target,0.695572393015027,False,within branch program_seconds; do not add parent
writer events,70,NATIVE,native_target,0.2019265191629529,False,within branch program_seconds; do not add parent
writer events,70,NATIVE,native_target,0.5709062665700912,False,within branch program_seconds; do not add parent
writer events,70,NATIVE,native_target,1.7496013157069683,False,within branch program_seconds; do not add parent
writer events,70,NATIVE,native_target,0.5104947993531823,False,within branch program_seconds; do not add parent
writer events,70,NATIVE,native_target,0.8721801843494177,False,within branch program_seconds; do not add parent
writer events,70,NATIVE,native_target,1.6798287751153111,False,within branch program_seconds; do not add parent
writer events,70,NATIVE,native_target,0.5135644320398569,False,within branch program_seconds; do not add parent
writer events,70,NATIVE,native_target,2.2028682539239526,False,within branch program_seconds; do not add parent
writer events,70,NATIVE,native_target,0.35279844608157873,False,within branch program_seconds; do not add parent
writer events,70,NATIVE,native_target,2.187562884762883,False,within branch program_seconds; do not add parent
writer events,70,NATIVE,native_target,0.6080857720226049,False,within branch program_seconds; do not add parent
writer events,70,NATIVE,native_target,0.4052266040816903,False,within branch program_seconds; do not add parent
writer events,70,NATIVE,native_target,0.4459549328312278,False,within branch program_seconds; do not add parent
writer events,70,NATIVE,native_target,0.4951146114617586,False,within branch program_seconds; do not add parent
writer events,70,NATIVE,native_target,0.24304932355880737,False,within branch program_seconds; do not add parent
writer events,70,NATIVE,native_target,0.33890333492308855,False,within branch program_seconds; do not add parent
writer events,70,NATIVE,native_target,0.15192795637995005,False,within branch program_seconds; do not add parent
writer events,70,NATIVE,native_target,0.3321053795516491,False,within branch program_seconds; do not add parent
writer events,70,NATIVE,native_target,0.5718759689480066,False,within branch program_seconds; do not add parent
writer events,70,NATIVE,native_target,1.929558638483286,False,within branch program_seconds; do not add parent
writer events,70,NATIVE,native_target,0.20158182363957167,False,within branch program_seconds; do not add parent
writer events,70,NATIVE,native_target,0.42131594754755497,False,within branch program_seconds; do not add parent
writer events,70,NATIVE,native_target,0.4512611338868737,False,within branch program_seconds; do not add parent
writer events,70,NATIVE,native_target,0.5763122122734785,False,within branch program_seconds; do not add parent
writer events,70,NATIVE,native_target,0.33455196022987366,False,within branch program_seconds; do not add parent
writer events,70,NATIVE,native_target,0.44797018077224493,False,within branch program_seconds; do not add parent
writer events,70,NATIVE,native_target,0.42473211977630854,False,within branch program_seconds; do not add parent
writer events,70,NATIVE,native_target,0.40768952388316393,False,within branch program_seconds; do not add parent
writer events,70,NATIVE,native_target,0.6001623133197427,False,within branch program_seconds; do not add parent
writer events,70,NATIVE,native_target,0.5911288596689701,False,within branch program_seconds; do not add parent
writer events,70,NATIVE,native_target,0.4135231766849756,False,within branch program_seconds; do not add parent
writer events,70,NATIVE,native_target,0.5937248291447759,False,within branch program_seconds; do not add parent
writer events,70,NATIVE,native_target,1.0712399780750275,False,within branch program_seconds; do not add parent
writer events,70,NATIVE,native_target,0.3258331138640642,False,within branch program_seconds; do not add parent
writer events,70,NATIVE,native_target,0.8711611591279507,False,within branch program_seconds; do not add parent
writer events,70,NATIVE,native_target,1.7001635897904634,False,within branch program_seconds; do not add parent
writer events,70,NATIVE,native_target,0.4214158207178116,False,within branch program_seconds; do not add parent
writer events,70,NATIVE,native_target,0.6020772960036993,False,within branch program_seconds; do not add parent
writer events,70,NATIVE,native_target,0.6937275407835841,False,within branch program_seconds; do not add parent
writer events,70,NATIVE,native_target,0.5665722824633121,False,within branch program_seconds; do not add parent
writer events,70,NATIVE,native_target,1.0619105445221066,False,within branch program_seconds; do not add parent
writer events,70,NATIVE,native_target,0.5170774441212416,False,within branch program_seconds; do not add parent
writer events,70,NATIVE,native_target,2.1831693490967155,False,within branch program_seconds; do not add parent
writer events,70,NATIVE,native_target,0.42279743682593107,False,within branch program_seconds; do not add parent
writer events,70,NATIVE,native_target,1.154267336241901,False,within branch program_seconds; do not add parent
writer events,70,NATIVE,native_target,0.24088166933506727,False,within branch program_seconds; do not add parent
writer events,70,NATIVE,native_target,0.5115162786096334,False,within branch program_seconds; do not add parent
writer events,70,NATIVE,native_target,0.42179567366838455,False,within branch program_seconds; do not add parent
writer events,70,NATIVE,native_target,0.0799262672662735,False,within branch program_seconds; do not add parent
writer events,70,NATIVE,native_target,0.6008004862815142,False,within branch program_seconds; do not add parent
writer events,70,NATIVE,native_target,1.1899098167195916,False,within branch program_seconds; do not add parent
writer events,70,NATIVE,native_target,0.692149200476706,False,within branch program_seconds; do not add parent
writer events,70,NATIVE,native_target,1.7370589887723327,False,within branch program_seconds; do not add parent
writer events,70,NATIVE,native_target,0.44872643891721964,False,within branch program_seconds; do not add parent
writer events,70,NATIVE,native_target,0.6031416309997439,False,within branch program_seconds; do not add parent
writer events,70,NATIVE,native_target,0.5166234970092773,False,within branch program_seconds; do not add parent
writer events,70,NATIVE,native_target,0.5007133018225431,False,within branch program_seconds; do not add parent
writer events,70,NATIVE,native_target,0.4128157813102007,False,within branch program_seconds; do not add parent
writer events,70,NATIVE,native_target,0.7001967206597328,False,within branch program_seconds; do not add parent
writer events,70,NATIVE,native_target,0.4208980044350028,False,within branch program_seconds; do not add parent
writer events,70,NATIVE,native_target,0.3301361361518502,False,within branch program_seconds; do not add parent
writer events,70,NATIVE,native_target,1.6782804280519485,False,within branch program_seconds; do not add parent
writer events,70,NATIVE,native_target,0.32486635632812977,False,within branch program_seconds; do not add parent
writer events,70,NATIVE,native_target,0.9321330497041345,False,within branch program_seconds; do not add parent
writer events,70,NATIVE,native_target,0.5718482062220573,False,within branch program_seconds; do not add parent
writer events,70,NATIVE,native_target,0.7232761215418577,False,within branch program_seconds; do not add parent
writer events,70,NATIVE,native_target,1.186532492749393,False,within branch program_seconds; do not add parent
writer events,70,NATIVE,native_target,0.41328998282551765,False,within branch program_seconds; do not add parent
writer events,70,NATIVE,native_target,0.24439473263919353,False,within branch program_seconds; do not add parent
writer events,70,NATIVE,native_target,1.1956004733219743,False,within branch program_seconds; do not add parent
writer events,70,NATIVE,native_target,0.44801051542162895,False,within branch program_seconds; do not add parent
writer events,70,NATIVE,native_target,0.42491508182138205,False,within branch program_seconds; do not add parent
writer events,70,NATIVE,native_target,0.6991902776062489,False,within branch program_seconds; do not add parent
writer events,70,NATIVE,native_target,0.1514202570542693,False,within branch program_seconds; do not add parent
writer events,70,NATIVE,native_target,0.23564686626195908,False,within branch program_seconds; do not add parent
writer events,70,NATIVE,native_target,0.7553601879626513,False,within branch program_seconds; do not add parent
writer events,70,NATIVE,native_target,0.5869377898052335,False,within branch program_seconds; do not add parent
writer events,70,NATIVE,native_target,0.5717062707990408,False,within branch program_seconds; do not add parent
writer events,70,NATIVE,native_target,1.0343423373997211,False,within branch program_seconds; do not add parent
writer events,70,NATIVE,native_target,0.8487258246168494,False,within branch program_seconds; do not add parent
writer events,70,NATIVE,native_target,0.8234484912827611,False,within branch program_seconds; do not add parent
writer events,70,NATIVE,native_target,0.691619111225009,False,within branch program_seconds; do not add parent
writer events,70,NATIVE,native_target,0.44784853234887123,False,within branch program_seconds; do not add parent
writer events,70,NATIVE,native_target,0.44845797680318356,False,within branch program_seconds; do not add parent
writer events,70,NATIVE,native_target,0.4209865126758814,False,within branch program_seconds; do not add parent
writer events,70,NATIVE,native_target,0.46405679266899824,False,within branch program_seconds; do not add parent
writer events,70,NATIVE,native_target,2.144729534164071,False,within branch program_seconds; do not add parent
writer events,70,NATIVE,native_target,0.6916030123829842,False,within branch program_seconds; do not add parent
writer events,70,NATIVE,native_target,0.5131522519513965,False,within branch program_seconds; do not add parent
writer events,70,NATIVE,native_target,0.5751332128420472,False,within branch program_seconds; do not add parent
writer events,70,NATIVE,native_target,1.0529302600771189,False,within branch program_seconds; do not add parent
writer events,70,NATIVE,native_target,0.4484403058886528,False,within branch program_seconds; do not add parent
writer events,70,NATIVE,native_target,0.823523098602891,False,within branch program_seconds; do not add parent
writer events,70,NATIVE,native_target,0.3254721527919173,False,within branch program_seconds; do not add parent
writer events,70,NATIVE,native_target,0.8807276301085949,False,within branch program_seconds; do not add parent
writer events,70,NATIVE,native_target,0.9721131790429354,False,within branch program_seconds; do not add parent
writer events,70,NATIVE,native_target,0.33376756217330694,False,within branch program_seconds; do not add parent
writer events,70,NATIVE,native_target,3.0243972185999155,False,within branch program_seconds; do not add parent
writer events,70,NATIVE,stage_observer,26.052718250080943,False,within branch program_seconds; do not add parent
writer events,70,NATIVE,native_key,3.6625053668394685,False,within branch program_seconds; do not add parent
writer events,70,NATIVE,native_l8_residual_forward,0.43768750224262476,False,within branch program_seconds; do not add parent
writer events,70,NATIVE,history_operand_and_diagnostic_PK,0.07011925149708986,False,within branch program_seconds; do not add parent
writer events,70,NATIVE,native_direct_solve,0.1184116704389453,False,within branch program_seconds; do not add parent
writer events,70,NATIVE,diagnostic_response_factor,0.4229131359606981,False,within branch program_seconds; do not add parent
writer events,70,NATIVE,stage_observer,48.85619178041816,False,within branch program_seconds; do not add parent
writer events,70,NATIVE,native_key,3.6580768786370754,False,within branch program_seconds; do not add parent
writer events,70,NATIVE,native_l8_residual_forward,0.4375517461448908,False,within branch program_seconds; do not add parent
writer events,70,NATIVE,history_operand_and_diagnostic_PK,0.07003145106136799,False,within branch program_seconds; do not add parent
writer events,70,NATIVE,native_direct_solve,0.11842360347509384,False,within branch program_seconds; do not add parent
writer events,70,NATIVE,diagnostic_response_factor,0.4142987933009863,False,within branch program_seconds; do not add parent
writer events,70,NATIVE,stage_observer,102.00038016214967,False,within branch program_seconds; do not add parent
writer events,70,NATIVE,native_key,3.6505253547802567,False,within branch program_seconds; do not add parent
writer events,70,NATIVE,native_l8_residual_forward,0.4407478291541338,False,within branch program_seconds; do not add parent
writer events,70,NATIVE,history_operand_and_diagnostic_PK,0.06959488708525896,False,within branch program_seconds; do not add parent
writer events,70,NATIVE,native_direct_solve,0.11866816133260727,False,within branch program_seconds; do not add parent
writer events,70,NATIVE,diagnostic_response_factor,0.34019784815609455,False,within branch program_seconds; do not add parent
writer events,70,NATIVE,stage_observer,100.88891291152686,False,within branch program_seconds; do not add parent
writer events,70,NATIVE,native_key,3.6470516324043274,False,within branch program_seconds; do not add parent
writer events,70,NATIVE,native_l8_residual_forward,0.44252624921500683,False,within branch program_seconds; do not add parent
writer events,70,NATIVE,history_operand_and_diagnostic_PK,0.0700873015448451,False,within branch program_seconds; do not add parent
writer events,70,NATIVE,native_direct_solve,0.11865353211760521,False,within branch program_seconds; do not add parent
writer events,70,NATIVE,diagnostic_response_factor,0.4006839245557785,False,within branch program_seconds; do not add parent
writer events,70,NATIVE,stage_observer,50.08946366421878,False,within branch program_seconds; do not add parent
writer events,70,NATIVE,native_key,3.6464484510943294,False,within branch program_seconds; do not add parent
writer events,70,NATIVE,native_l8_residual_forward,0.4425069000571966,False,within branch program_seconds; do not add parent
writer events,70,NATIVE,history_operand_and_diagnostic_PK,0.0703935194760561,False,within branch program_seconds; do not add parent
writer events,70,NATIVE,native_direct_solve,0.11857502162456512,False,within branch program_seconds; do not add parent
writer events,70,NATIVE,diagnostic_response_factor,0.3621262600645423,False,within branch program_seconds; do not add parent
writer events,70,NATIVE,stage_observer,85.46001545991749,False,within branch program_seconds; do not add parent
writer events,70,NATIVE,final_l8_residual_observer,0.46163061261177063,False,within branch program_seconds; do not add parent
writer events,70,NATIVE,native_history_key_and_instrumentation,4.698970226570964,False,within branch program_seconds; do not add parent
writer events,70,NATIVE,native_history_key_and_instrumentation,4.385839897207916,False,within branch program_seconds; do not add parent
writer events,70,NATIVE,native_history_key_and_instrumentation,4.726535975933075,False,within branch program_seconds; do not add parent
writer events,70,NATIVE,native_history_key_and_instrumentation,4.715703287161887,False,within branch program_seconds; do not add parent
writer events,70,NATIVE,native_history_key_and_instrumentation,4.68919051066041,False,within branch program_seconds; do not add parent
writer events,70,NATIVE,stage_observer,76.31625454965979,False,within branch program_seconds; do not add parent
writer events,70,SHAM,stage_observer,93.63986602053046,False,within branch program_seconds; do not add parent
writer events,70,SHAM,native_target_reuse,0.0014249151572585106,False,within branch program_seconds; do not add parent
writer events,70,SHAM,native_target_reuse,9.219814091920853e-05,False,within branch program_seconds; do not add parent
writer events,70,SHAM,native_target_reuse,5.7375989854335785e-05,False,within branch program_seconds; do not add parent
writer events,70,SHAM,native_target_reuse,5.279760807752609e-05,False,within branch program_seconds; do not add parent
writer events,70,SHAM,native_target_reuse,6.517954170703888e-05,False,within branch program_seconds; do not add parent
writer events,70,SHAM,native_target_reuse,5.012284964323044e-05,False,within branch program_seconds; do not add parent
writer events,70,SHAM,native_target_reuse,5.891826003789902e-05,False,within branch program_seconds; do not add parent
writer events,70,SHAM,native_target_reuse,5.424860864877701e-05,False,within branch program_seconds; do not add parent
writer events,70,SHAM,native_target_reuse,6.377790123224258e-05,False,within branch program_seconds; do not add parent
writer events,70,SHAM,native_target_reuse,5.182623863220215e-05,False,within branch program_seconds; do not add parent
writer events,70,SHAM,native_target_reuse,4.895403981208801e-05,False,within branch program_seconds; do not add parent
writer events,70,SHAM,native_target_reuse,5.2140094339847565e-05,False,within branch program_seconds; do not add parent
writer events,70,SHAM,native_target_reuse,5.385279655456543e-05,False,within branch program_seconds; do not add parent
writer events,70,SHAM,native_target_reuse,4.620291292667389e-05,False,within branch program_seconds; do not add parent
writer events,70,SHAM,native_target_reuse,4.443805664777756e-05,False,within branch program_seconds; do not add parent
writer events,70,SHAM,native_target_reuse,4.5573338866233826e-05,False,within branch program_seconds; do not add parent
writer events,70,SHAM,native_target_reuse,5.7755038142204285e-05,False,within branch program_seconds; do not add parent
writer events,70,SHAM,native_target_reuse,5.412288010120392e-05,False,within branch program_seconds; do not add parent
writer events,70,SHAM,native_target_reuse,5.229003727436066e-05,False,within branch program_seconds; do not add parent
writer events,70,SHAM,native_target_reuse,4.8038549721241e-05,False,within branch program_seconds; do not add parent
writer events,70,SHAM,native_target_reuse,5.843769758939743e-05,False,within branch program_seconds; do not add parent
writer events,70,SHAM,native_target_reuse,5.564652383327484e-05,False,within branch program_seconds; do not add parent
writer events,70,SHAM,native_target_reuse,6.565544754266739e-05,False,within branch program_seconds; do not add parent
writer events,70,SHAM,native_target_reuse,4.809722304344177e-05,False,within branch program_seconds; do not add parent
writer events,70,SHAM,native_target_reuse,6.289780139923096e-05,False,within branch program_seconds; do not add parent
writer events,70,SHAM,native_target_reuse,4.6749599277973175e-05,False,within branch program_seconds; do not add parent
writer events,70,SHAM,native_target_reuse,4.3810345232486725e-05,False,within branch program_seconds; do not add parent
writer events,70,SHAM,native_target_reuse,4.5330263674259186e-05,False,within branch program_seconds; do not add parent
writer events,70,SHAM,native_target_reuse,5.956273525953293e-05,False,within branch program_seconds; do not add parent
writer events,70,SHAM,native_target_reuse,5.275756120681763e-05,False,within branch program_seconds; do not add parent
writer events,70,SHAM,native_target_reuse,4.594307392835617e-05,False,within branch program_seconds; do not add parent
writer events,70,SHAM,native_target_reuse,4.50601801276207e-05,False,within branch program_seconds; do not add parent
writer events,70,SHAM,native_target_reuse,6.052851676940918e-05,False,within branch program_seconds; do not add parent
writer events,70,SHAM,native_target_reuse,4.9794092774391174e-05,False,within branch program_seconds; do not add parent
writer events,70,SHAM,native_target_reuse,5.077477544546127e-05,False,within branch program_seconds; do not add parent
writer events,70,SHAM,native_target_reuse,4.578847438097e-05,False,within branch program_seconds; do not add parent
writer events,70,SHAM,native_target_reuse,5.748402327299118e-05,False,within branch program_seconds; do not add parent
writer events,70,SHAM,native_target_reuse,4.380568861961365e-05,False,within branch program_seconds; do not add parent
writer events,70,SHAM,native_target_reuse,4.2399391531944275e-05,False,within branch program_seconds; do not add parent
writer events,70,SHAM,native_target_reuse,4.677474498748779e-05,False,within branch program_seconds; do not add parent
writer events,70,SHAM,native_target_reuse,6.443075835704803e-05,False,within branch program_seconds; do not add parent
writer events,70,SHAM,native_target_reuse,5.305372178554535e-05,False,within branch program_seconds; do not add parent
writer events,70,SHAM,native_target_reuse,4.8609450459480286e-05,False,within branch program_seconds; do not add parent
writer events,70,SHAM,native_target_reuse,5.00483438372612e-05,False,within branch program_seconds; do not add parent
writer events,70,SHAM,native_target_reuse,6.17755576968193e-05,False,within branch program_seconds; do not add parent
writer events,70,SHAM,native_target_reuse,5.592126399278641e-05,False,within branch program_seconds; do not add parent
writer events,70,SHAM,native_target_reuse,5.402322858572006e-05,False,within branch program_seconds; do not add parent
writer events,70,SHAM,native_target_reuse,4.871375858783722e-05,False,within branch program_seconds; do not add parent
writer events,70,SHAM,native_target_reuse,5.705002695322037e-05,False,within branch program_seconds; do not add parent
writer events,70,SHAM,native_target_reuse,4.584621638059616e-05,False,within branch program_seconds; do not add parent
writer events,70,SHAM,native_target_reuse,6.337743252515793e-05,False,within branch program_seconds; do not add parent
writer events,70,SHAM,native_target_reuse,4.567485302686691e-05,False,within branch program_seconds; do not add parent
writer events,70,SHAM,native_target_reuse,6.163958460092545e-05,False,within branch program_seconds; do not add parent
writer events,70,SHAM,native_target_reuse,6.04875385761261e-05,False,within branch program_seconds; do not add parent
writer events,70,SHAM,native_target_reuse,4.7594308853149414e-05,False,within branch program_seconds; do not add parent
writer events,70,SHAM,native_target_reuse,4.8774294555187225e-05,False,within branch program_seconds; do not add parent
writer events,70,SHAM,native_target_reuse,6.42482191324234e-05,False,within branch program_seconds; do not add parent
writer events,70,SHAM,native_target_reuse,5.246512591838837e-05,False,within branch program_seconds; do not add parent
writer events,70,SHAM,native_target_reuse,4.612281918525696e-05,False,within branch program_seconds; do not add parent
writer events,70,SHAM,native_target_reuse,4.329904913902283e-05,False,within branch program_seconds; do not add parent
writer events,70,SHAM,native_target_reuse,5.810055881738663e-05,False,within branch program_seconds; do not add parent
writer events,70,SHAM,native_target_reuse,5.7637691497802734e-05,False,within branch program_seconds; do not add parent
writer events,70,SHAM,native_target_reuse,4.4854357838630676e-05,False,within branch program_seconds; do not add parent
writer events,70,SHAM,native_target_reuse,4.405714571475983e-05,False,within branch program_seconds; do not add parent
writer events,70,SHAM,native_target_reuse,6.765779107809067e-05,False,within branch program_seconds; do not add parent
writer events,70,SHAM,native_target_reuse,5.402229726314545e-05,False,within branch program_seconds; do not add parent
writer events,70,SHAM,native_target_reuse,4.815682768821716e-05,False,within branch program_seconds; do not add parent
writer events,70,SHAM,native_target_reuse,6.07222318649292e-05,False,within branch program_seconds; do not add parent
writer events,70,SHAM,native_target_reuse,6.1744824051857e-05,False,within branch program_seconds; do not add parent
writer events,70,SHAM,native_target_reuse,5.070306360721588e-05,False,within branch program_seconds; do not add parent
writer events,70,SHAM,native_target_reuse,5.0975941121578217e-05,False,within branch program_seconds; do not add parent
writer events,70,SHAM,native_target_reuse,4.780665040016174e-05,False,within branch program_seconds; do not add parent
writer events,70,SHAM,native_target_reuse,5.9631653130054474e-05,False,within branch program_seconds; do not add parent
writer events,70,SHAM,native_target_reuse,5.2158720791339874e-05,False,within branch program_seconds; do not add parent
writer events,70,SHAM,native_target_reuse,4.503503441810608e-05,False,within branch program_seconds; do not add parent
writer events,70,SHAM,native_target_reuse,4.3626874685287476e-05,False,within branch program_seconds; do not add parent
writer events,70,SHAM,native_target_reuse,6.136111915111542e-05,False,within branch program_seconds; do not add parent
writer events,70,SHAM,native_target_reuse,5.5777840316295624e-05,False,within branch program_seconds; do not add parent
writer events,70,SHAM,native_target_reuse,4.542060196399689e-05,False,within branch program_seconds; do not add parent
writer events,70,SHAM,native_target_reuse,4.804693162441254e-05,False,within branch program_seconds; do not add parent
writer events,70,SHAM,native_target_reuse,6.324052810668945e-05,False,within branch program_seconds; do not add parent
writer events,70,SHAM,native_target_reuse,4.9252063035964966e-05,False,within branch program_seconds; do not add parent
writer events,70,SHAM,native_target_reuse,4.6877190470695496e-05,False,within branch program_seconds; do not add parent
writer events,70,SHAM,native_target_reuse,4.6693719923496246e-05,False,within branch program_seconds; do not add parent
writer events,70,SHAM,native_target_reuse,5.3270719945430756e-05,False,within branch program_seconds; do not add parent
writer events,70,SHAM,native_target_reuse,4.760269075632095e-05,False,within branch program_seconds; do not add parent
writer events,70,SHAM,native_target_reuse,4.609208554029465e-05,False,within branch program_seconds; do not add parent
writer events,70,SHAM,native_target_reuse,4.513375461101532e-05,False,within branch program_seconds; do not add parent
writer events,70,SHAM,native_target_reuse,5.272962152957916e-05,False,within branch program_seconds; do not add parent
writer events,70,SHAM,native_target_reuse,5.124043673276901e-05,False,within branch program_seconds; do not add parent
writer events,70,SHAM,native_target_reuse,4.659593105316162e-05,False,within branch program_seconds; do not add parent
writer events,70,SHAM,native_target_reuse,4.912912845611572e-05,False,within branch program_seconds; do not add parent
writer events,70,SHAM,native_target_reuse,6.184354424476624e-05,False,within branch program_seconds; do not add parent
writer events,70,SHAM,native_target_reuse,5.166511982679367e-05,False,within branch program_seconds; do not add parent
writer events,70,SHAM,native_target_reuse,4.784297198057175e-05,False,within branch program_seconds; do not add parent
writer events,70,SHAM,native_target_reuse,5.0290487706661224e-05,False,within branch program_seconds; do not add parent
writer events,70,SHAM,native_target_reuse,7.104035466909409e-05,False,within branch program_seconds; do not add parent
writer events,70,SHAM,native_target_reuse,4.53433021903038e-05,False,within branch program_seconds; do not add parent
writer events,70,SHAM,native_target_reuse,4.724971950054169e-05,False,within branch program_seconds; do not add parent
writer events,70,SHAM,native_target_reuse,4.31109219789505e-05,False,within branch program_seconds; do not add parent
writer events,70,SHAM,stage_observer,27.378340868279338,False,within branch program_seconds; do not add parent
writer events,70,SHAM,native_key,3.660929678939283,False,within branch program_seconds; do not add parent
writer events,70,SHAM,native_l8_residual_forward,0.43913070019334555,False,within branch program_seconds; do not add parent
writer events,70,SHAM,history_operand_and_diagnostic_PK,0.24530156794935465,False,within branch program_seconds; do not add parent
writer events,70,SHAM,native_direct_solve,0.118666160851717,False,within branch program_seconds; do not add parent
writer events,70,SHAM,diagnostic_response_factor,0.4261301402002573,False,within branch program_seconds; do not add parent
writer events,70,SHAM,stage_observer,47.99792592599988,False,within branch program_seconds; do not add parent
writer events,70,SHAM,native_key,3.6608642069622874,False,within branch program_seconds; do not add parent
writer events,70,SHAM,native_l8_residual_forward,0.438454014249146,False,within branch program_seconds; do not add parent
writer events,70,SHAM,history_operand_and_diagnostic_PK,0.24642526358366013,False,within branch program_seconds; do not add parent
writer events,70,SHAM,native_direct_solve,0.11860631126910448,False,within branch program_seconds; do not add parent
writer events,70,SHAM,diagnostic_response_factor,0.37363485526293516,False,within branch program_seconds; do not add parent
writer events,70,SHAM,stage_observer,102.3791588936001,False,within branch program_seconds; do not add parent
writer events,70,SHAM,native_key,3.6610655337572098,False,within branch program_seconds; do not add parent
writer events,70,SHAM,native_l8_residual_forward,0.4444080041721463,False,within branch program_seconds; do not add parent
writer events,70,SHAM,history_operand_and_diagnostic_PK,0.24735761433839798,False,within branch program_seconds; do not add parent
writer events,70,SHAM,native_direct_solve,0.11863486375659704,False,within branch program_seconds; do not add parent
writer events,70,SHAM,diagnostic_response_factor,0.4180668033659458,False,within branch program_seconds; do not add parent
writer events,70,SHAM,stage_observer,103.31605357583612,False,within branch program_seconds; do not add parent
writer events,70,SHAM,native_key,3.6541356667876244,False,within branch program_seconds; do not add parent
writer events,70,SHAM,native_l8_residual_forward,0.44050333742052317,False,within branch program_seconds; do not add parent
writer events,70,SHAM,history_operand_and_diagnostic_PK,0.26601793710142374,False,within branch program_seconds; do not add parent
writer events,70,SHAM,native_direct_solve,0.11863823886960745,False,within branch program_seconds; do not add parent
writer events,70,SHAM,diagnostic_response_factor,0.43149025179445744,False,within branch program_seconds; do not add parent
writer events,70,SHAM,stage_observer,50.358801420778036,False,within branch program_seconds; do not add parent
writer events,70,SHAM,native_key,3.677318509668112,False,within branch program_seconds; do not add parent
writer events,70,SHAM,native_l8_residual_forward,0.4424983458593488,False,within branch program_seconds; do not add parent
writer events,70,SHAM,history_operand_and_diagnostic_PK,0.24696783442050219,False,within branch program_seconds; do not add parent
writer events,70,SHAM,native_direct_solve,0.1184954410418868,False,within branch program_seconds; do not add parent
writer events,70,SHAM,diagnostic_response_factor,0.4156168531626463,False,within branch program_seconds; do not add parent
writer events,70,SHAM,stage_observer,81.88263713009655,False,within branch program_seconds; do not add parent
writer events,70,SHAM,final_l8_residual_observer,0.46198308002203703,False,within branch program_seconds; do not add parent
writer events,70,SHAM,native_history_key_and_instrumentation,4.666465994901955,False,within branch program_seconds; do not add parent
writer events,70,SHAM,native_history_key_and_instrumentation,4.754000275395811,False,within branch program_seconds; do not add parent
writer events,70,SHAM,native_history_key_and_instrumentation,4.681593326851726,False,within branch program_seconds; do not add parent
writer events,70,SHAM,native_history_key_and_instrumentation,4.294048306532204,False,within branch program_seconds; do not add parent
writer events,70,SHAM,native_history_key_and_instrumentation,4.3504159562289715,False,within branch program_seconds; do not add parent
writer events,70,SHAM,stage_observer,74.50942215695977,False,within branch program_seconds; do not add parent
writer events,70,H5,stage_observer,95.82553637865931,False,within branch program_seconds; do not add parent
writer events,70,H5,native_target_reuse,0.0014825565740466118,False,within branch program_seconds; do not add parent
writer events,70,H5,native_target_reuse,6.7124143242836e-05,False,within branch program_seconds; do not add parent
writer events,70,H5,native_target_reuse,4.3383799493312836e-05,False,within branch program_seconds; do not add parent
writer events,70,H5,native_target_reuse,4.091672599315643e-05,False,within branch program_seconds; do not add parent
writer events,70,H5,native_target_reuse,5.059223622083664e-05,False,within branch program_seconds; do not add parent
writer events,70,H5,native_target_reuse,4.5279040932655334e-05,False,within branch program_seconds; do not add parent
writer events,70,H5,native_target_reuse,3.788154572248459e-05,False,within branch program_seconds; do not add parent
writer events,70,H5,native_target_reuse,4.1035935282707214e-05,False,within branch program_seconds; do not add parent
writer events,70,H5,native_target_reuse,4.7800131142139435e-05,False,within branch program_seconds; do not add parent
writer events,70,H5,native_target_reuse,4.3476931750774384e-05,False,within branch program_seconds; do not add parent
writer events,70,H5,native_target_reuse,3.883149474859238e-05,False,within branch program_seconds; do not add parent
writer events,70,H5,native_target_reuse,4.9379654228687286e-05,False,within branch program_seconds; do not add parent
writer events,70,H5,native_target_reuse,4.229322075843811e-05,False,within branch program_seconds; do not add parent
writer events,70,H5,native_target_reuse,4.835985600948334e-05,False,within branch program_seconds; do not add parent
writer events,70,H5,native_target_reuse,3.7083402276039124e-05,False,within branch program_seconds; do not add parent
writer events,70,H5,native_target_reuse,3.4839846193790436e-05,False,within branch program_seconds; do not add parent
writer events,70,H5,native_target_reuse,4.295073449611664e-05,False,within branch program_seconds; do not add parent
writer events,70,H5,native_target_reuse,3.573764115571976e-05,False,within branch program_seconds; do not add parent
writer events,70,H5,native_target_reuse,3.523845225572586e-05,False,within branch program_seconds; do not add parent
writer events,70,H5,native_target_reuse,3.641843795776367e-05,False,within branch program_seconds; do not add parent
writer events,70,H5,native_target_reuse,4.237424582242966e-05,False,within branch program_seconds; do not add parent
writer events,70,H5,native_target_reuse,3.883149474859238e-05,False,within branch program_seconds; do not add parent
writer events,70,H5,native_target_reuse,3.7153251469135284e-05,False,within branch program_seconds; do not add parent
writer events,70,H5,native_target_reuse,3.498885780572891e-05,False,within branch program_seconds; do not add parent
writer events,70,H5,native_target_reuse,4.219170659780502e-05,False,within branch program_seconds; do not add parent
writer events,70,H5,native_target_reuse,3.470666706562042e-05,False,within branch program_seconds; do not add parent
writer events,70,H5,native_target_reuse,3.3766962587833405e-05,False,within branch program_seconds; do not add parent
writer events,70,H5,native_target_reuse,3.299955278635025e-05,False,within branch program_seconds; do not add parent
writer events,70,H5,native_target_reuse,5.0584785640239716e-05,False,within branch program_seconds; do not add parent
writer events,70,H5,native_target_reuse,3.431364893913269e-05,False,within branch program_seconds; do not add parent
writer events,70,H5,native_target_reuse,3.430340439081192e-05,False,within branch program_seconds; do not add parent
writer events,70,H5,native_target_reuse,3.482680767774582e-05,False,within branch program_seconds; do not add parent
writer events,70,H5,native_target_reuse,4.043988883495331e-05,False,within branch program_seconds; do not add parent
writer events,70,H5,native_target_reuse,3.376603126525879e-05,False,within branch program_seconds; do not add parent
writer events,70,H5,native_target_reuse,3.559142351150513e-05,False,within branch program_seconds; do not add parent
writer events,70,H5,native_target_reuse,3.7758611142635345e-05,False,within branch program_seconds; do not add parent
writer events,70,H5,native_target_reuse,4.353094846010208e-05,False,within branch program_seconds; do not add parent
writer events,70,H5,native_target_reuse,3.6514364182949066e-05,False,within branch program_seconds; do not add parent
writer events,70,H5,native_target_reuse,3.5400502383708954e-05,False,within branch program_seconds; do not add parent
writer events,70,H5,native_target_reuse,3.757420927286148e-05,False,within branch program_seconds; do not add parent
writer events,70,H5,native_target_reuse,4.183594137430191e-05,False,within branch program_seconds; do not add parent
writer events,70,H5,native_target_reuse,3.302842378616333e-05,False,within branch program_seconds; do not add parent
writer events,70,H5,native_target_reuse,3.2207928597927094e-05,False,within branch program_seconds; do not add parent
writer events,70,H5,native_target_reuse,3.429874777793884e-05,False,within branch program_seconds; do not add parent
writer events,70,H5,native_target_reuse,4.1103921830654144e-05,False,within branch program_seconds; do not add parent
writer events,70,H5,native_target_reuse,3.2996758818626404e-05,False,within branch program_seconds; do not add parent
writer events,70,H5,native_target_reuse,3.288872539997101e-05,False,within branch program_seconds; do not add parent
writer events,70,H5,native_target_reuse,3.756582736968994e-05,False,within branch program_seconds; do not add parent
writer events,70,H5,native_target_reuse,4.303921014070511e-05,False,within branch program_seconds; do not add parent
writer events,70,H5,native_target_reuse,3.587920218706131e-05,False,within branch program_seconds; do not add parent
writer events,70,H5,native_target_reuse,4.028435796499252e-05,False,within branch program_seconds; do not add parent
writer events,70,H5,native_target_reuse,3.6883167922496796e-05,False,within branch program_seconds; do not add parent
writer events,70,H5,native_target_reuse,4.36706468462944e-05,False,within branch program_seconds; do not add parent
writer events,70,H5,native_target_reuse,3.878306597471237e-05,False,within branch program_seconds; do not add parent
writer events,70,H5,native_target_reuse,3.609154373407364e-05,False,within branch program_seconds; do not add parent
writer events,70,H5,native_target_reuse,3.771856427192688e-05,False,within branch program_seconds; do not add parent
writer events,70,H5,native_target_reuse,4.5913271605968475e-05,False,within branch program_seconds; do not add parent
writer events,70,H5,native_target_reuse,3.844965249300003e-05,False,within branch program_seconds; do not add parent
writer events,70,H5,native_target_reuse,5.0154514610767365e-05,False,within branch program_seconds; do not add parent
writer events,70,H5,native_target_reuse,3.933068364858627e-05,False,within branch program_seconds; do not add parent
writer events,70,H5,native_target_reuse,4.364270716905594e-05,False,within branch program_seconds; do not add parent
writer events,70,H5,native_target_reuse,4.2265281081199646e-05,False,within branch program_seconds; do not add parent
writer events,70,H5,native_target_reuse,3.914441913366318e-05,False,within branch program_seconds; do not add parent
writer events,70,H5,native_target_reuse,3.774277865886688e-05,False,within branch program_seconds; do not add parent
writer events,70,H5,native_target_reuse,4.5311637222766876e-05,False,within branch program_seconds; do not add parent
writer events,70,H5,native_target_reuse,4.80087473988533e-05,False,within branch program_seconds; do not add parent
writer events,70,H5,native_target_reuse,3.8246624171733856e-05,False,within branch program_seconds; do not add parent
writer events,70,H5,native_target_reuse,3.6755576729774475e-05,False,within branch program_seconds; do not add parent
writer events,70,H5,native_target_reuse,4.434678703546524e-05,False,within branch program_seconds; do not add parent
writer events,70,H5,native_target_reuse,3.939773887395859e-05,False,within branch program_seconds; do not add parent
writer events,70,H5,native_target_reuse,3.672298043966293e-05,False,within branch program_seconds; do not add parent
writer events,70,H5,native_target_reuse,3.7686899304389954e-05,False,within branch program_seconds; do not add parent
writer events,70,H5,native_target_reuse,4.8704445362091064e-05,False,within branch program_seconds; do not add parent
writer events,70,H5,native_target_reuse,4.067085683345795e-05,False,within branch program_seconds; do not add parent
writer events,70,H5,native_target_reuse,3.7884339690208435e-05,False,within branch program_seconds; do not add parent
writer events,70,H5,native_target_reuse,3.7699006497859955e-05,False,within branch program_seconds; do not add parent
writer events,70,H5,native_target_reuse,4.568416625261307e-05,False,within branch program_seconds; do not add parent
writer events,70,H5,native_target_reuse,4.0539540350437164e-05,False,within branch program_seconds; do not add parent
writer events,70,H5,native_target_reuse,3.761611878871918e-05,False,within branch program_seconds; do not add parent
writer events,70,H5,native_target_reuse,3.730878233909607e-05,False,within branch program_seconds; do not add parent
writer events,70,H5,native_target_reuse,4.6975910663604736e-05,False,within branch program_seconds; do not add parent
writer events,70,H5,native_target_reuse,4.0407292544841766e-05,False,within branch program_seconds; do not add parent
writer events,70,H5,native_target_reuse,3.7962570786476135e-05,False,within branch program_seconds; do not add parent
writer events,70,H5,native_target_reuse,3.820005804300308e-05,False,within branch program_seconds; do not add parent
writer events,70,H5,native_target_reuse,4.744250327348709e-05,False,within branch program_seconds; do not add parent
writer events,70,H5,native_target_reuse,3.8689933717250824e-05,False,within branch program_seconds; do not add parent
writer events,70,H5,native_target_reuse,3.739073872566223e-05,False,within branch program_seconds; do not add parent
writer events,70,H5,native_target_reuse,4.195515066385269e-05,False,within branch program_seconds; do not add parent
writer events,70,H5,native_target_reuse,4.605669528245926e-05,False,within branch program_seconds; do not add parent
writer events,70,H5,native_target_reuse,3.956258296966553e-05,False,within branch program_seconds; do not add parent
writer events,70,H5,native_target_reuse,4.4308602809906006e-05,False,within branch program_seconds; do not add parent
writer events,70,H5,native_target_reuse,4.4502317905426025e-05,False,within branch program_seconds; do not add parent
writer events,70,H5,native_target_reuse,4.584435373544693e-05,False,within branch program_seconds; do not add parent
writer events,70,H5,native_target_reuse,3.9896927773952484e-05,False,within branch program_seconds; do not add parent
writer events,70,H5,native_target_reuse,4.540011286735535e-05,False,within branch program_seconds; do not add parent
writer events,70,H5,native_target_reuse,4.6642497181892395e-05,False,within branch program_seconds; do not add parent
writer events,70,H5,native_target_reuse,5.37969172000885e-05,False,within branch program_seconds; do not add parent
writer events,70,H5,native_target_reuse,4.715844988822937e-05,False,within branch program_seconds; do not add parent
writer events,70,H5,native_target_reuse,4.266854375600815e-05,False,within branch program_seconds; do not add parent
writer events,70,H5,native_target_reuse,4.248041659593582e-05,False,within branch program_seconds; do not add parent
writer events,70,H5,stage_observer,27.000117752701044,False,within branch program_seconds; do not add parent
writer events,70,H5,native_key,3.650320617482066,False,within branch program_seconds; do not add parent
writer events,70,H5,native_l8_residual_forward,0.4391065211966634,False,within branch program_seconds; do not add parent
writer events,70,H5,history_operand_and_diagnostic_PK,0.07049029972404242,False,within branch program_seconds; do not add parent
writer events,70,H5,native_direct_solve,0.11867147497832775,False,within branch program_seconds; do not add parent
writer events,70,H5,diagnostic_response_factor,0.36613409128040075,False,within branch program_seconds; do not add parent
writer events,70,H5,stage_observer,49.04834743775427,False,within branch program_seconds; do not add parent
writer events,70,H5,native_key,3.6660841833800077,False,within branch program_seconds; do not add parent
writer events,70,H5,native_l8_residual_forward,0.4354584161192179,False,within branch program_seconds; do not add parent
writer events,70,H5,history_operand_and_diagnostic_PK,9.514576183632016,False,within branch program_seconds; do not add parent
writer events,70,H5,native_direct_solve,0.11897035408765078,False,within branch program_seconds; do not add parent
writer events,70,H5,diagnostic_response_factor,0.6568003669381142,False,within branch program_seconds; do not add parent
writer events,70,H5,stage_observer,110.44156456179917,False,within branch program_seconds; do not add parent
writer events,70,H5,native_key,3.665060798637569,False,within branch program_seconds; do not add parent
writer events,70,H5,native_l8_residual_forward,0.4437064854428172,False,within branch program_seconds; do not add parent
writer events,70,H5,history_operand_and_diagnostic_PK,0.07052009087055922,False,within branch program_seconds; do not add parent
writer events,70,H5,native_direct_solve,0.11868128180503845,False,within branch program_seconds; do not add parent
writer events,70,H5,diagnostic_response_factor,0.4068011902272701,False,within branch program_seconds; do not add parent
writer events,70,H5,stage_observer,104.44563907384872,False,within branch program_seconds; do not add parent
writer events,70,H5,native_key,3.6611971985548735,False,within branch program_seconds; do not add parent
writer events,70,H5,native_l8_residual_forward,0.4440707126632333,False,within branch program_seconds; do not add parent
writer events,70,H5,history_operand_and_diagnostic_PK,0.07048006821423769,False,within branch program_seconds; do not add parent
writer events,70,H5,native_direct_solve,0.11855958309024572,False,within branch program_seconds; do not add parent
writer events,70,H5,diagnostic_response_factor,0.48336057271808386,False,within branch program_seconds; do not add parent
writer events,70,H5,stage_observer,49.53042131662369,False,within branch program_seconds; do not add parent
writer events,70,H5,native_key,3.674538834951818,False,within branch program_seconds; do not add parent
writer events,70,H5,native_l8_residual_forward,0.4415150713175535,False,within branch program_seconds; do not add parent
writer events,70,H5,history_operand_and_diagnostic_PK,0.07043506484478712,False,within branch program_seconds; do not add parent
writer events,70,H5,native_direct_solve,0.1187850870192051,False,within branch program_seconds; do not add parent
writer events,70,H5,diagnostic_response_factor,0.4372656485065818,False,within branch program_seconds; do not add parent
writer events,70,H5,stage_observer,83.44470669329166,False,within branch program_seconds; do not add parent
writer events,70,H5,final_l8_residual_observer,0.47355314157903194,False,within branch program_seconds; do not add parent
writer events,70,H5,native_history_key_and_instrumentation,4.196192579343915,False,within branch program_seconds; do not add parent
writer events,70,H5,native_history_key_and_instrumentation,4.73843324650079,False,within branch program_seconds; do not add parent
writer events,70,H5,native_history_key_and_instrumentation,4.719979602843523,False,within branch program_seconds; do not add parent
writer events,70,H5,native_history_key_and_instrumentation,4.164895446039736,False,within branch program_seconds; do not add parent
writer events,70,H5,native_history_key_and_instrumentation,4.392739310860634,False,within branch program_seconds; do not add parent
writer events,70,H5,stage_observer,75.14093928970397,False,within branch program_seconds; do not add parent
writer events,70,H6,stage_observer,94.8962397472933,False,within branch program_seconds; do not add parent
writer events,70,H6,native_target_reuse,0.0013967864215373993,False,within branch program_seconds; do not add parent
writer events,70,H6,native_target_reuse,9.488221257925034e-05,False,within branch program_seconds; do not add parent
writer events,70,H6,native_target_reuse,6.294064223766327e-05,False,within branch program_seconds; do not add parent
writer events,70,H6,native_target_reuse,5.0203874707221985e-05,False,within branch program_seconds; do not add parent
writer events,70,H6,native_target_reuse,6.947293877601624e-05,False,within branch program_seconds; do not add parent
writer events,70,H6,native_target_reuse,5.497317761182785e-05,False,within branch program_seconds; do not add parent
writer events,70,H6,native_target_reuse,4.8386864364147186e-05,False,within branch program_seconds; do not add parent
writer events,70,H6,native_target_reuse,4.656706005334854e-05,False,within branch program_seconds; do not add parent
writer events,70,H6,native_target_reuse,6.520655006170273e-05,False,within branch program_seconds; do not add parent
writer events,70,H6,native_target_reuse,5.807168781757355e-05,False,within branch program_seconds; do not add parent
writer events,70,H6,native_target_reuse,4.9822963774204254e-05,False,within branch program_seconds; do not add parent
writer events,70,H6,native_target_reuse,5.0702132284641266e-05,False,within branch program_seconds; do not add parent
writer events,70,H6,native_target_reuse,6.477627903223038e-05,False,within branch program_seconds; do not add parent
writer events,70,H6,native_target_reuse,5.870498716831207e-05,False,within branch program_seconds; do not add parent
writer events,70,H6,native_target_reuse,8.180923759937286e-05,False,within branch program_seconds; do not add parent
writer events,70,H6,native_target_reuse,4.5593827962875366e-05,False,within branch program_seconds; do not add parent
writer events,70,H6,native_target_reuse,5.773920565843582e-05,False,within branch program_seconds; do not add parent
writer events,70,H6,native_target_reuse,4.801154136657715e-05,False,within branch program_seconds; do not add parent
writer events,70,H6,native_target_reuse,4.434678703546524e-05,False,within branch program_seconds; do not add parent
writer events,70,H6,native_target_reuse,4.2331404983997345e-05,False,within branch program_seconds; do not add parent
writer events,70,H6,native_target_reuse,6.678514182567596e-05,False,within branch program_seconds; do not add parent
writer events,70,H6,native_target_reuse,5.70220872759819e-05,False,within branch program_seconds; do not add parent
writer events,70,H6,native_target_reuse,5.125720053911209e-05,False,within branch program_seconds; do not add parent
writer events,70,H6,native_target_reuse,5.04394993185997e-05,False,within branch program_seconds; do not add parent
writer events,70,H6,native_target_reuse,6.360281258821487e-05,False,within branch program_seconds; do not add parent
writer events,70,H6,native_target_reuse,5.4135918617248535e-05,False,within branch program_seconds; do not add parent
writer events,70,H6,native_target_reuse,4.759896546602249e-05,False,within branch program_seconds; do not add parent
writer events,70,H6,native_target_reuse,4.6479515731334686e-05,False,within branch program_seconds; do not add parent
writer events,70,H6,native_target_reuse,5.726516246795654e-05,False,within branch program_seconds; do not add parent
writer events,70,H6,native_target_reuse,4.7721900045871735e-05,False,within branch program_seconds; do not add parent
writer events,70,H6,native_target_reuse,6.265845149755478e-05,False,within branch program_seconds; do not add parent
writer events,70,H6,native_target_reuse,5.078595131635666e-05,False,within branch program_seconds; do not add parent
writer events,70,H6,native_target_reuse,6.285589188337326e-05,False,within branch program_seconds; do not add parent
writer events,70,H6,native_target_reuse,5.5897049605846405e-05,False,within branch program_seconds; do not add parent
writer events,70,H6,native_target_reuse,5.378667265176773e-05,False,within branch program_seconds; do not add parent
writer events,70,H6,native_target_reuse,4.8531219363212585e-05,False,within branch program_seconds; do not add parent
writer events,70,H6,native_target_reuse,6.342679262161255e-05,False,within branch program_seconds; do not add parent
writer events,70,H6,native_target_reuse,5.048047751188278e-05,False,within branch program_seconds; do not add parent
writer events,70,H6,native_target_reuse,4.486739635467529e-05,False,within branch program_seconds; do not add parent
writer events,70,H6,native_target_reuse,4.443805664777756e-05,False,within branch program_seconds; do not add parent
writer events,70,H6,native_target_reuse,6.282050162553787e-05,False,within branch program_seconds; do not add parent
writer events,70,H6,native_target_reuse,4.949793219566345e-05,False,within branch program_seconds; do not add parent
writer events,70,H6,native_target_reuse,5.385279655456543e-05,False,within branch program_seconds; do not add parent
writer events,70,H6,native_target_reuse,5.234871059656143e-05,False,within branch program_seconds; do not add parent
writer events,70,H6,native_target_reuse,6.774533540010452e-05,False,within branch program_seconds; do not add parent
writer events,70,H6,native_target_reuse,6.315112113952637e-05,False,within branch program_seconds; do not add parent
writer events,70,H6,native_target_reuse,5.487445741891861e-05,False,within branch program_seconds; do not add parent
writer events,70,H6,native_target_reuse,5.512591451406479e-05,False,within branch program_seconds; do not add parent
writer events,70,H6,native_target_reuse,5.609355866909027e-05,False,within branch program_seconds; do not add parent
writer events,70,H6,native_target_reuse,4.59328293800354e-05,False,within branch program_seconds; do not add parent
writer events,70,H6,native_target_reuse,4.723202437162399e-05,False,within branch program_seconds; do not add parent
writer events,70,H6,native_target_reuse,4.2961910367012024e-05,False,within branch program_seconds; do not add parent
writer events,70,H6,native_target_reuse,5.8162957429885864e-05,False,within branch program_seconds; do not add parent
writer events,70,H6,native_target_reuse,5.490053445100784e-05,False,within branch program_seconds; do not add parent
writer events,70,H6,native_target_reuse,4.9688853323459625e-05,False,within branch program_seconds; do not add parent
writer events,70,H6,native_target_reuse,4.953891038894653e-05,False,within branch program_seconds; do not add parent
writer events,70,H6,native_target_reuse,6.078742444515228e-05,False,within branch program_seconds; do not add parent
writer events,70,H6,native_target_reuse,5.96633180975914e-05,False,within branch program_seconds; do not add parent
writer events,70,H6,native_target_reuse,5.0887465476989746e-05,False,within branch program_seconds; do not add parent
writer events,70,H6,native_target_reuse,4.7316774725914e-05,False,within branch program_seconds; do not add parent
writer events,70,H6,native_target_reuse,6.0692429542541504e-05,False,within branch program_seconds; do not add parent
writer events,70,H6,native_target_reuse,5.2168965339660645e-05,False,within branch program_seconds; do not add parent
writer events,70,H6,native_target_reuse,6.217136979103088e-05,False,within branch program_seconds; do not add parent
writer events,70,H6,native_target_reuse,4.791002720594406e-05,False,within branch program_seconds; do not add parent
writer events,70,H6,native_target_reuse,7.165037095546722e-05,False,within branch program_seconds; do not add parent
writer events,70,H6,native_target_reuse,5.751848220825195e-05,False,within branch program_seconds; do not add parent
writer events,70,H6,native_target_reuse,5.3538940846920013e-05,False,within branch program_seconds; do not add parent
writer events,70,H6,native_target_reuse,7.874239236116409e-05,False,within branch program_seconds; do not add parent
writer events,70,H6,native_target_reuse,7.184036076068878e-05,False,within branch program_seconds; do not add parent
writer events,70,H6,native_target_reuse,5.92842698097229e-05,False,within branch program_seconds; do not add parent
writer events,70,H6,native_target_reuse,4.730932414531708e-05,False,within branch program_seconds; do not add parent
writer events,70,H6,native_target_reuse,4.928000271320343e-05,False,within branch program_seconds; do not add parent
writer events,70,H6,native_target_reuse,6.070919334888458e-05,False,within branch program_seconds; do not add parent
writer events,70,H6,native_target_reuse,5.357712507247925e-05,False,within branch program_seconds; do not add parent
writer events,70,H6,native_target_reuse,4.940759390592575e-05,False,within branch program_seconds; do not add parent
writer events,70,H6,native_target_reuse,5.163624882698059e-05,False,within branch program_seconds; do not add parent
writer events,70,H6,native_target_reuse,7.035117596387863e-05,False,within branch program_seconds; do not add parent
writer events,70,H6,native_target_reuse,6.137695163488388e-05,False,within branch program_seconds; do not add parent
writer events,70,H6,native_target_reuse,5.4428353905677795e-05,False,within branch program_seconds; do not add parent
writer events,70,H6,native_target_reuse,4.736427217721939e-05,False,within branch program_seconds; do not add parent
writer events,70,H6,native_target_reuse,7.138215005397797e-05,False,within branch program_seconds; do not add parent
writer events,70,H6,native_target_reuse,4.887580871582031e-05,False,within branch program_seconds; do not add parent
writer events,70,H6,native_target_reuse,4.706811159849167e-05,False,within branch program_seconds; do not add parent
writer events,70,H6,native_target_reuse,5.8906152844429016e-05,False,within branch program_seconds; do not add parent
writer events,70,H6,native_target_reuse,5.6128017604351044e-05,False,within branch program_seconds; do not add parent
writer events,70,H6,native_target_reuse,4.6902336180210114e-05,False,within branch program_seconds; do not add parent
writer events,70,H6,native_target_reuse,4.83999028801918e-05,False,within branch program_seconds; do not add parent
writer events,70,H6,native_target_reuse,5.172658711671829e-05,False,within branch program_seconds; do not add parent
writer events,70,H6,native_target_reuse,5.9402547776699066e-05,False,within branch program_seconds; do not add parent
writer events,70,H6,native_target_reuse,5.329214036464691e-05,False,within branch program_seconds; do not add parent
writer events,70,H6,native_target_reuse,5.339924246072769e-05,False,within branch program_seconds; do not add parent
writer events,70,H6,native_target_reuse,4.8832036554813385e-05,False,within branch program_seconds; do not add parent
writer events,70,H6,native_target_reuse,6.58063217997551e-05,False,within branch program_seconds; do not add parent
writer events,70,H6,native_target_reuse,5.32371923327446e-05,False,within branch program_seconds; do not add parent
writer events,70,H6,native_target_reuse,4.740618169307709e-05,False,within branch program_seconds; do not add parent
writer events,70,H6,native_target_reuse,4.72022220492363e-05,False,within branch program_seconds; do not add parent
writer events,70,H6,native_target_reuse,6.096716970205307e-05,False,within branch program_seconds; do not add parent
writer events,70,H6,native_target_reuse,5.3804367780685425e-05,False,within branch program_seconds; do not add parent
writer events,70,H6,native_target_reuse,5.8164820075035095e-05,False,within branch program_seconds; do not add parent
writer events,70,H6,native_target_reuse,5.5507756769657135e-05,False,within branch program_seconds; do not add parent
writer events,70,H6,stage_observer,27.365633062087,False,within branch program_seconds; do not add parent
writer events,70,H6,native_key,3.648601676337421,False,within branch program_seconds; do not add parent
writer events,70,H6,native_l8_residual_forward,0.4404088081791997,False,within branch program_seconds; do not add parent
writer events,70,H6,history_operand_and_diagnostic_PK,0.0699781347066164,False,within branch program_seconds; do not add parent
writer events,70,H6,native_direct_solve,0.11866241227835417,False,within branch program_seconds; do not add parent
writer events,70,H6,diagnostic_response_factor,0.42890682630240917,False,within branch program_seconds; do not add parent
writer events,70,H6,stage_observer,50.658797236159444,False,within branch program_seconds; do not add parent
writer events,70,H6,native_key,3.67090162076056,False,within branch program_seconds; do not add parent
writer events,70,H6,native_l8_residual_forward,0.43939152266830206,False,within branch program_seconds; do not add parent
writer events,70,H6,history_operand_and_diagnostic_PK,0.06980079878121614,False,within branch program_seconds; do not add parent
writer events,70,H6,native_direct_solve,0.11868725251406431,False,within branch program_seconds; do not add parent
writer events,70,H6,diagnostic_response_factor,0.4110035039484501,False,within branch program_seconds; do not add parent
writer events,70,H6,stage_observer,102.53534080926329,False,within branch program_seconds; do not add parent
writer events,70,H6,native_key,3.671670962125063,False,within branch program_seconds; do not add parent
writer events,70,H6,native_l8_residual_forward,0.4397926954552531,False,within branch program_seconds; do not add parent
writer events,70,H6,history_operand_and_diagnostic_PK,7.141258662566543,False,within branch program_seconds; do not add parent
writer events,70,H6,native_direct_solve,0.11894580814987421,False,within branch program_seconds; do not add parent
writer events,70,H6,diagnostic_response_factor,0.4444873593747616,False,within branch program_seconds; do not add parent
writer events,70,H6,stage_observer,102.6007729312405,False,within branch program_seconds; do not add parent
writer events,70,H6,native_key,3.662829508073628,False,within branch program_seconds; do not add parent
writer events,70,H6,native_l8_residual_forward,0.43861058447510004,False,within branch program_seconds; do not add parent
writer events,70,H6,history_operand_and_diagnostic_PK,0.0698936190456152,False,within branch program_seconds; do not add parent
writer events,70,H6,native_direct_solve,0.1185782216489315,False,within branch program_seconds; do not add parent
writer events,70,H6,diagnostic_response_factor,0.43239996302872896,False,within branch program_seconds; do not add parent
writer events,70,H6,stage_observer,49.832357372157276,False,within branch program_seconds; do not add parent
writer events,70,H6,native_key,3.6660397136583924,False,within branch program_seconds; do not add parent
writer events,70,H6,native_l8_residual_forward,0.43890151660889387,False,within branch program_seconds; do not add parent
writer events,70,H6,history_operand_and_diagnostic_PK,0.07011597044765949,False,within branch program_seconds; do not add parent
writer events,70,H6,native_direct_solve,0.11864625755697489,False,within branch program_seconds; do not add parent
writer events,70,H6,diagnostic_response_factor,0.4112611711025238,False,within branch program_seconds; do not add parent
writer events,70,H6,stage_observer,83.85730584338307,False,within branch program_seconds; do not add parent
writer events,70,H6,final_l8_residual_observer,0.460648400709033,False,within branch program_seconds; do not add parent
writer events,70,H6,native_history_key_and_instrumentation,4.393177376128733,False,within branch program_seconds; do not add parent
writer events,70,H6,native_history_key_and_instrumentation,4.65481826197356,False,within branch program_seconds; do not add parent
writer events,70,H6,native_history_key_and_instrumentation,4.3601995930075645,False,within branch program_seconds; do not add parent
writer events,70,H6,native_history_key_and_instrumentation,4.304129069671035,False,within branch program_seconds; do not add parent
writer events,70,H6,native_history_key_and_instrumentation,4.363313947804272,False,within branch program_seconds; do not add parent
writer events,70,H6,stage_observer,77.69197394698858,False,within branch program_seconds; do not add parent
writer events,70,H56,stage_observer,92.60787642095238,False,within branch program_seconds; do not add parent
writer events,70,H56,native_target_reuse,0.0013867700472474098,False,within branch program_seconds; do not add parent
writer events,70,H56,native_target_reuse,0.00010029040277004242,False,within branch program_seconds; do not add parent
writer events,70,H56,native_target_reuse,6.835535168647766e-05,False,within branch program_seconds; do not add parent
writer events,70,H56,native_target_reuse,5.260389298200607e-05,False,within branch program_seconds; do not add parent
writer events,70,H56,native_target_reuse,7.121730595827103e-05,False,within branch program_seconds; do not add parent
writer events,70,H56,native_target_reuse,6.796140223741531e-05,False,within branch program_seconds; do not add parent
writer events,70,H56,native_target_reuse,5.295220762491226e-05,False,within branch program_seconds; do not add parent
writer events,70,H56,native_target_reuse,4.919152706861496e-05,False,within branch program_seconds; do not add parent
writer events,70,H56,native_target_reuse,6.782542914152145e-05,False,within branch program_seconds; do not add parent
writer events,70,H56,native_target_reuse,5.712173879146576e-05,False,within branch program_seconds; do not add parent
writer events,70,H56,native_target_reuse,5.6697987020015717e-05,False,within branch program_seconds; do not add parent
writer events,70,H56,native_target_reuse,4.900060594081879e-05,False,within branch program_seconds; do not add parent
writer events,70,H56,native_target_reuse,6.387196481227875e-05,False,within branch program_seconds; do not add parent
writer events,70,H56,native_target_reuse,4.9835070967674255e-05,False,within branch program_seconds; do not add parent
writer events,70,H56,native_target_reuse,4.8576854169368744e-05,False,within branch program_seconds; do not add parent
writer events,70,H56,native_target_reuse,4.636775702238083e-05,False,within branch program_seconds; do not add parent
writer events,70,H56,native_target_reuse,6.623752415180206e-05,False,within branch program_seconds; do not add parent
writer events,70,H56,native_target_reuse,6.000977009534836e-05,False,within branch program_seconds; do not add parent
writer events,70,H56,native_target_reuse,5.006883293390274e-05,False,within branch program_seconds; do not add parent
writer events,70,H56,native_target_reuse,6.232038140296936e-05,False,within branch program_seconds; do not add parent
writer events,70,H56,native_target_reuse,5.9723854064941406e-05,False,within branch program_seconds; do not add parent
writer events,70,H56,native_target_reuse,5.133636295795441e-05,False,within branch program_seconds; do not add parent
writer events,70,H56,native_target_reuse,4.554353654384613e-05,False,within branch program_seconds; do not add parent
writer events,70,H56,native_target_reuse,4.776474088430405e-05,False,within branch program_seconds; do not add parent
writer events,70,H56,native_target_reuse,5.722604691982269e-05,False,within branch program_seconds; do not add parent
writer events,70,H56,native_target_reuse,4.985928535461426e-05,False,within branch program_seconds; do not add parent
writer events,70,H56,native_target_reuse,4.460662603378296e-05,False,within branch program_seconds; do not add parent
writer events,70,H56,native_target_reuse,4.922877997159958e-05,False,within branch program_seconds; do not add parent
writer events,70,H56,native_target_reuse,6.651785224676132e-05,False,within branch program_seconds; do not add parent
writer events,70,H56,native_target_reuse,5.3510069847106934e-05,False,within branch program_seconds; do not add parent
writer events,70,H56,native_target_reuse,5.412288010120392e-05,False,within branch program_seconds; do not add parent
writer events,70,H56,native_target_reuse,5.314219743013382e-05,False,within branch program_seconds; do not add parent
writer events,70,H56,native_target_reuse,6.718188524246216e-05,False,within branch program_seconds; do not add parent
writer events,70,H56,native_target_reuse,5.328189581632614e-05,False,within branch program_seconds; do not add parent
writer events,70,H56,native_target_reuse,4.506949335336685e-05,False,within branch program_seconds; do not add parent
writer events,70,H56,native_target_reuse,6.657745689153671e-05,False,within branch program_seconds; do not add parent
writer events,70,H56,native_target_reuse,5.568936467170715e-05,False,within branch program_seconds; do not add parent
writer events,70,H56,native_target_reuse,5.034543573856354e-05,False,within branch program_seconds; do not add parent
writer events,70,H56,native_target_reuse,4.8908405005931854e-05,False,within branch program_seconds; do not add parent
writer events,70,H56,native_target_reuse,4.865787923336029e-05,False,within branch program_seconds; do not add parent
writer events,70,H56,native_target_reuse,6.510317325592041e-05,False,within branch program_seconds; do not add parent
writer events,70,H56,native_target_reuse,5.7386234402656555e-05,False,within branch program_seconds; do not add parent
writer events,70,H56,native_target_reuse,4.984904080629349e-05,False,within branch program_seconds; do not add parent
writer events,70,H56,native_target_reuse,5.180761218070984e-05,False,within branch program_seconds; do not add parent
writer events,70,H56,native_target_reuse,5.725119262933731e-05,False,within branch program_seconds; do not add parent
writer events,70,H56,native_target_reuse,4.764273762702942e-05,False,within branch program_seconds; do not add parent
writer events,70,H56,native_target_reuse,4.489719867706299e-05,False,within branch program_seconds; do not add parent
writer events,70,H56,native_target_reuse,4.822295159101486e-05,False,within branch program_seconds; do not add parent
writer events,70,H56,native_target_reuse,5.723629146814346e-05,False,within branch program_seconds; do not add parent
writer events,70,H56,native_target_reuse,4.9425289034843445e-05,False,within branch program_seconds; do not add parent
writer events,70,H56,native_target_reuse,4.903692752122879e-05,False,within branch program_seconds; do not add parent
writer events,70,H56,native_target_reuse,4.8570334911346436e-05,False,within branch program_seconds; do not add parent
writer events,70,H56,native_target_reuse,7.048621773719788e-05,False,within branch program_seconds; do not add parent
writer events,70,H56,native_target_reuse,5.6294724345207214e-05,False,within branch program_seconds; do not add parent
writer events,70,H56,native_target_reuse,4.9406662583351135e-05,False,within branch program_seconds; do not add parent
writer events,70,H56,native_target_reuse,5.3962692618370056e-05,False,within branch program_seconds; do not add parent
writer events,70,H56,native_target_reuse,5.402602255344391e-05,False,within branch program_seconds; do not add parent
writer events,70,H56,native_target_reuse,4.704296588897705e-05,False,within branch program_seconds; do not add parent
writer events,70,H56,native_target_reuse,4.940200597047806e-05,False,within branch program_seconds; do not add parent
writer events,70,H56,native_target_reuse,4.549883306026459e-05,False,within branch program_seconds; do not add parent
writer events,70,H56,native_target_reuse,5.970429629087448e-05,False,within branch program_seconds; do not add parent
writer events,70,H56,native_target_reuse,5.639903247356415e-05,False,within branch program_seconds; do not add parent
writer events,70,H56,native_target_reuse,4.9612484872341156e-05,False,within branch program_seconds; do not add parent
writer events,70,H56,native_target_reuse,4.987511783838272e-05,False,within branch program_seconds; do not add parent
writer events,70,H56,native_target_reuse,6.768573075532913e-05,False,within branch program_seconds; do not add parent
writer events,70,H56,native_target_reuse,5.5868178606033325e-05,False,within branch program_seconds; do not add parent
writer events,70,H56,native_target_reuse,5.465559661388397e-05,False,within branch program_seconds; do not add parent
writer events,70,H56,native_target_reuse,4.523713141679764e-05,False,within branch program_seconds; do not add parent
writer events,70,H56,native_target_reuse,6.573647260665894e-05,False,within branch program_seconds; do not add parent
writer events,70,H56,native_target_reuse,5.109701305627823e-05,False,within branch program_seconds; do not add parent
writer events,70,H56,native_target_reuse,4.815496504306793e-05,False,within branch program_seconds; do not add parent
writer events,70,H56,native_target_reuse,4.70699742436409e-05,False,within branch program_seconds; do not add parent
writer events,70,H56,native_target_reuse,6.880145519971848e-05,False,within branch program_seconds; do not add parent
writer events,70,H56,native_target_reuse,5.8105215430259705e-05,False,within branch program_seconds; do not add parent
writer events,70,H56,native_target_reuse,5.4877251386642456e-05,False,within branch program_seconds; do not add parent
writer events,70,H56,native_target_reuse,5.224253982305527e-05,False,within branch program_seconds; do not add parent
writer events,70,H56,native_target_reuse,7.254350930452347e-05,False,within branch program_seconds; do not add parent
writer events,70,H56,native_target_reuse,5.9730373322963715e-05,False,within branch program_seconds; do not add parent
writer events,70,H56,native_target_reuse,4.957802593708038e-05,False,within branch program_seconds; do not add parent
writer events,70,H56,native_target_reuse,5.3097493946552277e-05,False,within branch program_seconds; do not add parent
writer events,70,H56,native_target_reuse,5.791615694761276e-05,False,within branch program_seconds; do not add parent
writer events,70,H56,native_target_reuse,4.691164940595627e-05,False,within branch program_seconds; do not add parent
writer events,70,H56,native_target_reuse,5.3104013204574585e-05,False,within branch program_seconds; do not add parent
writer events,70,H56,native_target_reuse,5.264207720756531e-05,False,within branch program_seconds; do not add parent
writer events,70,H56,native_target_reuse,8.056312799453735e-05,False,within branch program_seconds; do not add parent
writer events,70,H56,native_target_reuse,6.329454481601715e-05,False,within branch program_seconds; do not add parent
writer events,70,H56,native_target_reuse,5.286652594804764e-05,False,within branch program_seconds; do not add parent
writer events,70,H56,native_target_reuse,5.2453018724918365e-05,False,within branch program_seconds; do not add parent
writer events,70,H56,native_target_reuse,5.9791840612888336e-05,False,within branch program_seconds; do not add parent
writer events,70,H56,native_target_reuse,4.623830318450928e-05,False,within branch program_seconds; do not add parent
writer events,70,H56,native_target_reuse,4.6514905989170074e-05,False,within branch program_seconds; do not add parent
writer events,70,H56,native_target_reuse,4.673656076192856e-05,False,within branch program_seconds; do not add parent
writer events,70,H56,native_target_reuse,5.776155740022659e-05,False,within branch program_seconds; do not add parent
writer events,70,H56,native_target_reuse,5.0975941121578217e-05,False,within branch program_seconds; do not add parent
writer events,70,H56,native_target_reuse,5.3435564041137695e-05,False,within branch program_seconds; do not add parent
writer events,70,H56,native_target_reuse,5.687680095434189e-05,False,within branch program_seconds; do not add parent
writer events,70,H56,native_target_reuse,6.595626473426819e-05,False,within branch program_seconds; do not add parent
writer events,70,H56,native_target_reuse,5.458388477563858e-05,False,within branch program_seconds; do not add parent
writer events,70,H56,native_target_reuse,5.4195523262023926e-05,False,within branch program_seconds; do not add parent
writer events,70,H56,native_target_reuse,6.117112934589386e-05,False,within branch program_seconds; do not add parent
writer events,70,H56,stage_observer,28.055282743647695,False,within branch program_seconds; do not add parent
writer events,70,H56,native_key,3.6504886569455266,False,within branch program_seconds; do not add parent
writer events,70,H56,native_l8_residual_forward,0.4421520223841071,False,within branch program_seconds; do not add parent
writer events,70,H56,history_operand_and_diagnostic_PK,0.06976477894932032,False,within branch program_seconds; do not add parent
writer events,70,H56,native_direct_solve,0.11866222694516182,False,within branch program_seconds; do not add parent
writer events,70,H56,diagnostic_response_factor,0.4160594353452325,False,within branch program_seconds; do not add parent
writer events,70,H56,stage_observer,50.201258168555796,False,within branch program_seconds; do not add parent
writer events,70,H56,native_key,3.6618721708655357,False,within branch program_seconds; do not add parent
writer events,70,H56,native_l8_residual_forward,0.4383403118699789,False,within branch program_seconds; do not add parent
writer events,70,H56,history_operand_and_diagnostic_PK,6.007153767161071,False,within branch program_seconds; do not add parent
writer events,70,H56,native_direct_solve,0.11894380860030651,False,within branch program_seconds; do not add parent
writer events,70,H56,diagnostic_response_factor,0.4247078401967883,False,within branch program_seconds; do not add parent
writer events,70,H56,stage_observer,102.69891348388046,False,within branch program_seconds; do not add parent
writer events,70,H56,native_key,3.682825614698231,False,within branch program_seconds; do not add parent
writer events,70,H56,native_l8_residual_forward,0.43764156848192215,False,within branch program_seconds; do not add parent
writer events,70,H56,history_operand_and_diagnostic_PK,7.179740916006267,False,within branch program_seconds; do not add parent
writer events,70,H56,native_direct_solve,0.11878500878810883,False,within branch program_seconds; do not add parent
writer events,70,H56,diagnostic_response_factor,0.43228918965905905,False,within branch program_seconds; do not add parent
writer events,70,H56,stage_observer,103.67613427899778,False,within branch program_seconds; do not add parent
writer events,70,H56,native_key,3.6698945201933384,False,within branch program_seconds; do not add parent
writer events,70,H56,native_l8_residual_forward,0.43925755377858877,False,within branch program_seconds; do not add parent
writer events,70,H56,history_operand_and_diagnostic_PK,0.07291293982416391,False,within branch program_seconds; do not add parent
writer events,70,H56,native_direct_solve,0.11876118835061789,False,within branch program_seconds; do not add parent
writer events,70,H56,diagnostic_response_factor,0.36242537666112185,False,within branch program_seconds; do not add parent
writer events,70,H56,stage_observer,48.04521630704403,False,within branch program_seconds; do not add parent
writer events,70,H56,native_key,3.6759172305464745,False,within branch program_seconds; do not add parent
writer events,70,H56,native_l8_residual_forward,0.4398629143834114,False,within branch program_seconds; do not add parent
writer events,70,H56,history_operand_and_diagnostic_PK,0.07279185485094786,False,within branch program_seconds; do not add parent
writer events,70,H56,native_direct_solve,0.11863624583929777,False,within branch program_seconds; do not add parent
writer events,70,H56,diagnostic_response_factor,0.3652294157072902,False,within branch program_seconds; do not add parent
writer events,70,H56,stage_observer,82.59035000018775,False,within branch program_seconds; do not add parent
writer events,70,H56,final_l8_residual_observer,0.4615110456943512,False,within branch program_seconds; do not add parent
writer events,70,H56,native_history_key_and_instrumentation,4.7675238801166415,False,within branch program_seconds; do not add parent
writer events,70,H56,native_history_key_and_instrumentation,4.424008005298674,False,within branch program_seconds; do not add parent
writer events,70,H56,native_history_key_and_instrumentation,4.800215850584209,False,within branch program_seconds; do not add parent
writer events,70,H56,native_history_key_and_instrumentation,4.644372662529349,False,within branch program_seconds; do not add parent
writer events,70,H56,native_history_key_and_instrumentation,4.367553794756532,False,within branch program_seconds; do not add parent
writer events,70,H56,stage_observer,75.4804696785286,False,within branch program_seconds; do not add parent
writer events,70,MASS56,stage_observer,90.29581314418465,False,within branch program_seconds; do not add parent
writer events,70,MASS56,native_target_reuse,0.0014514019712805748,False,within branch program_seconds; do not add parent
writer events,70,MASS56,native_target_reuse,7.474329322576523e-05,False,within branch program_seconds; do not add parent
writer events,70,MASS56,native_target_reuse,5.142576992511749e-05,False,within branch program_seconds; do not add parent
writer events,70,MASS56,native_target_reuse,4.2051076889038086e-05,False,within branch program_seconds; do not add parent
writer events,70,MASS56,native_target_reuse,5.234871059656143e-05,False,within branch program_seconds; do not add parent
writer events,70,MASS56,native_target_reuse,4.82434406876564e-05,False,within branch program_seconds; do not add parent
writer events,70,MASS56,native_target_reuse,4.0007755160331726e-05,False,within branch program_seconds; do not add parent
writer events,70,MASS56,native_target_reuse,3.939960151910782e-05,False,within branch program_seconds; do not add parent
writer events,70,MASS56,native_target_reuse,5.163252353668213e-05,False,within branch program_seconds; do not add parent
writer events,70,MASS56,native_target_reuse,4.349462687969208e-05,False,within branch program_seconds; do not add parent
writer events,70,MASS56,native_target_reuse,4.1768886148929596e-05,False,within branch program_seconds; do not add parent
writer events,70,MASS56,native_target_reuse,4.2241066694259644e-05,False,within branch program_seconds; do not add parent
writer events,70,MASS56,native_target_reuse,5.100015550851822e-05,False,within branch program_seconds; do not add parent
writer events,70,MASS56,native_target_reuse,4.2535364627838135e-05,False,within branch program_seconds; do not add parent
writer events,70,MASS56,native_target_reuse,3.832392394542694e-05,False,within branch program_seconds; do not add parent
writer events,70,MASS56,native_target_reuse,4.2720697820186615e-05,False,within branch program_seconds; do not add parent
writer events,70,MASS56,native_target_reuse,5.064811557531357e-05,False,within branch program_seconds; do not add parent
writer events,70,MASS56,native_target_reuse,5.350075662136078e-05,False,within branch program_seconds; do not add parent
writer events,70,MASS56,native_target_reuse,4.38448041677475e-05,False,within branch program_seconds; do not add parent
writer events,70,MASS56,native_target_reuse,4.045851528644562e-05,False,within branch program_seconds; do not add parent
writer events,70,MASS56,native_target_reuse,5.169864743947983e-05,False,within branch program_seconds; do not add parent
writer events,70,MASS56,native_target_reuse,4.624761641025543e-05,False,within branch program_seconds; do not add parent
writer events,70,MASS56,native_target_reuse,4.0976330637931824e-05,False,within branch program_seconds; do not add parent
writer events,70,MASS56,native_target_reuse,4.28883358836174e-05,False,within branch program_seconds; do not add parent
writer events,70,MASS56,native_target_reuse,5.1788054406642914e-05,False,within branch program_seconds; do not add parent
writer events,70,MASS56,native_target_reuse,4.217959940433502e-05,False,within branch program_seconds; do not add parent
writer events,70,MASS56,native_target_reuse,4.324223846197128e-05,False,within branch program_seconds; do not add parent
writer events,70,MASS56,native_target_reuse,3.896281123161316e-05,False,within branch program_seconds; do not add parent
writer events,70,MASS56,native_target_reuse,4.9375928938388824e-05,False,within branch program_seconds; do not add parent
writer events,70,MASS56,native_target_reuse,3.87849286198616e-05,False,within branch program_seconds; do not add parent
writer events,70,MASS56,native_target_reuse,4.741176962852478e-05,False,within branch program_seconds; do not add parent
writer events,70,MASS56,native_target_reuse,4.0454789996147156e-05,False,within branch program_seconds; do not add parent
writer events,70,MASS56,native_target_reuse,4.702527076005936e-05,False,within branch program_seconds; do not add parent
writer events,70,MASS56,native_target_reuse,3.8880854845047e-05,False,within branch program_seconds; do not add parent
writer events,70,MASS56,native_target_reuse,4.004128277301788e-05,False,within branch program_seconds; do not add parent
writer events,70,MASS56,native_target_reuse,3.8982369005680084e-05,False,within branch program_seconds; do not add parent
writer events,70,MASS56,native_target_reuse,4.643760621547699e-05,False,within branch program_seconds; do not add parent
writer events,70,MASS56,native_target_reuse,0.0002915402874350548,False,within branch program_seconds; do not add parent
writer events,70,MASS56,native_target_reuse,4.4780783355236053e-05,False,within branch program_seconds; do not add parent
writer events,70,MASS56,native_target_reuse,4.0529295802116394e-05,False,within branch program_seconds; do not add parent
writer events,70,MASS56,native_target_reuse,5.296245217323303e-05,False,within branch program_seconds; do not add parent
writer events,70,MASS56,native_target_reuse,4.384014755487442e-05,False,within branch program_seconds; do not add parent
writer events,70,MASS56,native_target_reuse,4.2798928916454315e-05,False,within branch program_seconds; do not add parent
writer events,70,MASS56,native_target_reuse,4.09027561545372e-05,False,within branch program_seconds; do not add parent
writer events,70,MASS56,native_target_reuse,5.616340786218643e-05,False,within branch program_seconds; do not add parent
writer events,70,MASS56,native_target_reuse,4.4199638068675995e-05,False,within branch program_seconds; do not add parent
writer events,70,MASS56,native_target_reuse,4.161521792411804e-05,False,within branch program_seconds; do not add parent
writer events,70,MASS56,native_target_reuse,4.4899992644786835e-05,False,within branch program_seconds; do not add parent
writer events,70,MASS56,native_target_reuse,4.5571476221084595e-05,False,within branch program_seconds; do not add parent
writer events,70,MASS56,native_target_reuse,4.210136830806732e-05,False,within branch program_seconds; do not add parent
writer events,70,MASS56,native_target_reuse,4.84418123960495e-05,False,within branch program_seconds; do not add parent
writer events,70,MASS56,native_target_reuse,3.691762685775757e-05,False,within branch program_seconds; do not add parent
writer events,70,MASS56,native_target_reuse,4.4881366193294525e-05,False,within branch program_seconds; do not add parent
writer events,70,MASS56,native_target_reuse,4.449114203453064e-05,False,within branch program_seconds; do not add parent
writer events,70,MASS56,native_target_reuse,3.7890858948230743e-05,False,within branch program_seconds; do not add parent
writer events,70,MASS56,native_target_reuse,3.6549754440784454e-05,False,within branch program_seconds; do not add parent
writer events,70,MASS56,native_target_reuse,4.574377089738846e-05,False,within branch program_seconds; do not add parent
writer events,70,MASS56,native_target_reuse,5.1091425120830536e-05,False,within branch program_seconds; do not add parent
writer events,70,MASS56,native_target_reuse,3.888644278049469e-05,False,within branch program_seconds; do not add parent
writer events,70,MASS56,native_target_reuse,3.789924085140228e-05,False,within branch program_seconds; do not add parent
writer events,70,MASS56,native_target_reuse,5.742907524108887e-05,False,within branch program_seconds; do not add parent
writer events,70,MASS56,native_target_reuse,4.522036761045456e-05,False,within branch program_seconds; do not add parent
writer events,70,MASS56,native_target_reuse,3.971904516220093e-05,False,within branch program_seconds; do not add parent
writer events,70,MASS56,native_target_reuse,3.860238939523697e-05,False,within branch program_seconds; do not add parent
writer events,70,MASS56,native_target_reuse,5.766283720731735e-05,False,within branch program_seconds; do not add parent
writer events,70,MASS56,native_target_reuse,4.1847117245197296e-05,False,within branch program_seconds; do not add parent
writer events,70,MASS56,native_target_reuse,3.938470035791397e-05,False,within branch program_seconds; do not add parent
writer events,70,MASS56,native_target_reuse,4.1765160858631134e-05,False,within branch program_seconds; do not add parent
writer events,70,MASS56,native_target_reuse,5.4232776165008545e-05,False,within branch program_seconds; do not add parent
writer events,70,MASS56,native_target_reuse,4.6634115278720856e-05,False,within branch program_seconds; do not add parent
writer events,70,MASS56,native_target_reuse,5.7132914662361145e-05,False,within branch program_seconds; do not add parent
writer events,70,MASS56,native_target_reuse,4.4706277549266815e-05,False,within branch program_seconds; do not add parent
writer events,70,MASS56,native_target_reuse,5.348678678274155e-05,False,within branch program_seconds; do not add parent
writer events,70,MASS56,native_target_reuse,5.197804421186447e-05,False,within branch program_seconds; do not add parent
writer events,70,MASS56,native_target_reuse,4.64441254734993e-05,False,within branch program_seconds; do not add parent
writer events,70,MASS56,native_target_reuse,3.9859674870967865e-05,False,within branch program_seconds; do not add parent
writer events,70,MASS56,native_target_reuse,5.094613879919052e-05,False,within branch program_seconds; do not add parent
writer events,70,MASS56,native_target_reuse,4.4533051550388336e-05,False,within branch program_seconds; do not add parent
writer events,70,MASS56,native_target_reuse,4.745367914438248e-05,False,within branch program_seconds; do not add parent
writer events,70,MASS56,native_target_reuse,4.038587212562561e-05,False,within branch program_seconds; do not add parent
writer events,70,MASS56,native_target_reuse,5.12097030878067e-05,False,within branch program_seconds; do not add parent
writer events,70,MASS56,native_target_reuse,4.0928833186626434e-05,False,within branch program_seconds; do not add parent
writer events,70,MASS56,native_target_reuse,3.865174949169159e-05,False,within branch program_seconds; do not add parent
writer events,70,MASS56,native_target_reuse,4.709605127573013e-05,False,within branch program_seconds; do not add parent
writer events,70,MASS56,native_target_reuse,5.014706403017044e-05,False,within branch program_seconds; do not add parent
writer events,70,MASS56,native_target_reuse,4.081055521965027e-05,False,within branch program_seconds; do not add parent
writer events,70,MASS56,native_target_reuse,3.7476420402526855e-05,False,within branch program_seconds; do not add parent
writer events,70,MASS56,native_target_reuse,3.766641020774841e-05,False,within branch program_seconds; do not add parent
writer events,70,MASS56,native_target_reuse,4.5357272028923035e-05,False,within branch program_seconds; do not add parent
writer events,70,MASS56,native_target_reuse,4.362780600786209e-05,False,within branch program_seconds; do not add parent
writer events,70,MASS56,native_target_reuse,4.6879053115844727e-05,False,within branch program_seconds; do not add parent
writer events,70,MASS56,native_target_reuse,4.1534192860126495e-05,False,within branch program_seconds; do not add parent
writer events,70,MASS56,native_target_reuse,5.4663047194480896e-05,False,within branch program_seconds; do not add parent
writer events,70,MASS56,native_target_reuse,4.507414996623993e-05,False,within branch program_seconds; do not add parent
writer events,70,MASS56,native_target_reuse,4.547182470560074e-05,False,within branch program_seconds; do not add parent
writer events,70,MASS56,native_target_reuse,4.236306995153427e-05,False,within branch program_seconds; do not add parent
writer events,70,MASS56,native_target_reuse,4.7478824853897095e-05,False,within branch program_seconds; do not add parent
writer events,70,MASS56,native_target_reuse,3.981683403253555e-05,False,within branch program_seconds; do not add parent
writer events,70,MASS56,native_target_reuse,4.600454121828079e-05,False,within branch program_seconds; do not add parent
writer events,70,MASS56,native_target_reuse,3.909040242433548e-05,False,within branch program_seconds; do not add parent
writer events,70,MASS56,stage_observer,26.40128071140498,False,within branch program_seconds; do not add parent
writer events,70,MASS56,native_key,3.6465149261057377,False,within branch program_seconds; do not add parent
writer events,70,MASS56,native_l8_residual_forward,0.4386352598667145,False,within branch program_seconds; do not add parent
writer events,70,MASS56,history_operand_and_diagnostic_PK,0.07276988495141268,False,within branch program_seconds; do not add parent
writer events,70,MASS56,native_direct_solve,0.11842386331409216,False,within branch program_seconds; do not add parent
writer events,70,MASS56,diagnostic_response_factor,0.4289005780592561,False,within branch program_seconds; do not add parent
writer events,70,MASS56,stage_observer,44.8528738161549,False,within branch program_seconds; do not add parent
writer events,70,MASS56,native_key,3.6584990052506328,False,within branch program_seconds; do not add parent
writer events,70,MASS56,native_l8_residual_forward,0.4377329805865884,False,within branch program_seconds; do not add parent
writer events,70,MASS56,history_operand_and_diagnostic_PK,5.667935377918184,False,within branch program_seconds; do not add parent
writer events,70,MASS56,native_direct_solve,0.11876236274838448,False,within branch program_seconds; do not add parent
writer events,70,MASS56,diagnostic_response_factor,0.35105204302817583,False,within branch program_seconds; do not add parent
writer events,70,MASS56,stage_observer,99.48907040245831,False,within branch program_seconds; do not add parent
writer events,70,MASS56,native_key,3.674429414793849,False,within branch program_seconds; do not add parent
writer events,70,MASS56,native_l8_residual_forward,0.43957383185625076,False,within branch program_seconds; do not add parent
writer events,70,MASS56,history_operand_and_diagnostic_PK,6.287148738279939,False,within branch program_seconds; do not add parent
writer events,70,MASS56,native_direct_solve,0.11905316170305014,False,within branch program_seconds; do not add parent
writer events,70,MASS56,diagnostic_response_factor,0.4367297235876322,False,within branch program_seconds; do not add parent
writer events,70,MASS56,stage_observer,98.3519659312442,False,within branch program_seconds; do not add parent
writer events,70,MASS56,native_key,3.6638284623622894,False,within branch program_seconds; do not add parent
writer events,70,MASS56,native_l8_residual_forward,0.4387300657108426,False,within branch program_seconds; do not add parent
writer events,70,MASS56,history_operand_and_diagnostic_PK,0.07262161746621132,False,within branch program_seconds; do not add parent
writer events,70,MASS56,native_direct_solve,0.11865499056875706,False,within branch program_seconds; do not add parent
writer events,70,MASS56,diagnostic_response_factor,0.6101628402248025,False,within branch program_seconds; do not add parent
writer events,70,MASS56,stage_observer,49.058508574962616,False,within branch program_seconds; do not add parent
writer events,70,MASS56,native_key,3.6737332455813885,False,within branch program_seconds; do not add parent
writer events,70,MASS56,native_l8_residual_forward,0.43968686647713184,False,within branch program_seconds; do not add parent
writer events,70,MASS56,history_operand_and_diagnostic_PK,0.07250787410885096,False,within branch program_seconds; do not add parent
writer events,70,MASS56,native_direct_solve,0.1185792488977313,False,within branch program_seconds; do not add parent
writer events,70,MASS56,diagnostic_response_factor,0.4528323905542493,False,within branch program_seconds; do not add parent
writer events,70,MASS56,stage_observer,81.59553707391024,False,within branch program_seconds; do not add parent
writer events,70,MASS56,final_l8_residual_observer,0.4586459044367075,False,within branch program_seconds; do not add parent
writer events,70,MASS56,native_history_key_and_instrumentation,4.383482130244374,False,within branch program_seconds; do not add parent
writer events,70,MASS56,native_history_key_and_instrumentation,4.648766658268869,False,within branch program_seconds; do not add parent
writer events,70,MASS56,native_history_key_and_instrumentation,4.720822027884424,False,within branch program_seconds; do not add parent
writer events,70,MASS56,native_history_key_and_instrumentation,4.336094279773533,False,within branch program_seconds; do not add parent
writer events,70,MASS56,native_history_key_and_instrumentation,4.377378819510341,False,within branch program_seconds; do not add parent
writer events,70,MASS56,stage_observer,75.2551429932937,False,within branch program_seconds; do not add parent
writer events,80,NATIVE,stage_observer,92.25132525525987,False,within branch program_seconds; do not add parent
writer events,80,NATIVE,native_target,0.6944725969806314,False,within branch program_seconds; do not add parent
writer events,80,NATIVE,native_target,0.7588426312431693,False,within branch program_seconds; do not add parent
writer events,80,NATIVE,native_target,0.4262166107073426,False,within branch program_seconds; do not add parent
writer events,80,NATIVE,native_target,1.145050272345543,False,within branch program_seconds; do not add parent
writer events,80,NATIVE,native_target,0.8584172548726201,False,within branch program_seconds; do not add parent
writer events,80,NATIVE,native_target,1.0542090330272913,False,within branch program_seconds; do not add parent
writer events,80,NATIVE,native_target,3.1541039925068617,False,within branch program_seconds; do not add parent
writer events,80,NATIVE,native_target,0.598726624622941,False,within branch program_seconds; do not add parent
writer events,80,NATIVE,native_target,0.3248368613421917,False,within branch program_seconds; do not add parent
writer events,80,NATIVE,native_target,0.33479510340839624,False,within branch program_seconds; do not add parent
writer events,80,NATIVE,native_target,0.41328676231205463,False,within branch program_seconds; do not add parent
writer events,80,NATIVE,native_target,0.6926544765010476,False,within branch program_seconds; do not add parent
writer events,80,NATIVE,native_target,0.9457657914608717,False,within branch program_seconds; do not add parent
writer events,80,NATIVE,native_target,0.6085457121953368,False,within branch program_seconds; do not add parent
writer events,80,NATIVE,native_target,0.69891298096627,False,within branch program_seconds; do not add parent
writer events,80,NATIVE,native_target,0.5925419069826603,False,within branch program_seconds; do not add parent
writer events,80,NATIVE,native_target,0.8520433073863387,False,within branch program_seconds; do not add parent
writer events,80,NATIVE,native_target,1.1845973012968898,False,within branch program_seconds; do not add parent
writer events,80,NATIVE,native_target,0.9649036433547735,False,within branch program_seconds; do not add parent
writer events,80,NATIVE,native_target,1.0457967035472393,False,within branch program_seconds; do not add parent
writer events,80,NATIVE,native_target,0.6331580514088273,False,within branch program_seconds; do not add parent
writer events,80,NATIVE,native_target,0.4476275919005275,False,within branch program_seconds; do not add parent
writer events,80,NATIVE,native_target,0.7236287528648973,False,within branch program_seconds; do not add parent
writer events,80,NATIVE,native_target,0.6964011443778872,False,within branch program_seconds; do not add parent
writer events,80,NATIVE,native_target,1.0549341663718224,False,within branch program_seconds; do not add parent
writer events,80,NATIVE,native_target,0.2417325722053647,False,within branch program_seconds; do not add parent
writer events,80,NATIVE,native_target,1.2464828379452229,False,within branch program_seconds; do not add parent
writer events,80,NATIVE,native_target,0.7907755300402641,False,within branch program_seconds; do not add parent
writer events,80,NATIVE,native_target,1.0386325987055898,False,within branch program_seconds; do not add parent
writer events,80,NATIVE,native_target,0.5893620513379574,False,within branch program_seconds; do not add parent
writer events,80,NATIVE,native_target,3.0462778797373176,False,within branch program_seconds; do not add parent
writer events,80,NATIVE,native_target,0.9671071544289589,False,within branch program_seconds; do not add parent
writer events,80,NATIVE,native_target,0.8748911460861564,False,within branch program_seconds; do not add parent
writer events,80,NATIVE,native_target,0.6934730587527156,False,within branch program_seconds; do not add parent
writer events,80,NATIVE,native_target,1.3032454224303365,False,within branch program_seconds; do not add parent
writer events,80,NATIVE,native_target,0.4514264827594161,False,within branch program_seconds; do not add parent
writer events,80,NATIVE,native_target,0.6891025677323341,False,within branch program_seconds; do not add parent
writer events,80,NATIVE,native_target,0.8435086393728852,False,within branch program_seconds; do not add parent
writer events,80,NATIVE,native_target,0.426371430978179,False,within branch program_seconds; do not add parent
writer events,80,NATIVE,native_target,1.4155298918485641,False,within branch program_seconds; do not add parent
writer events,80,NATIVE,native_target,3.06230534799397,False,within branch program_seconds; do not add parent
writer events,80,NATIVE,native_target,0.5722213024273515,False,within branch program_seconds; do not add parent
writer events,80,NATIVE,native_target,0.6098029920831323,False,within branch program_seconds; do not add parent
writer events,80,NATIVE,native_target,0.5135076874867082,False,within branch program_seconds; do not add parent
writer events,80,NATIVE,native_target,1.2339971158653498,False,within branch program_seconds; do not add parent
writer events,80,NATIVE,native_target,0.8170752078294754,False,within branch program_seconds; do not add parent
writer events,80,NATIVE,native_target,0.5712521960958838,False,within branch program_seconds; do not add parent
writer events,80,NATIVE,native_target,0.4274316197261214,False,within branch program_seconds; do not add parent
writer events,80,NATIVE,native_target,0.4226631037890911,False,within branch program_seconds; do not add parent
writer events,80,NATIVE,native_target,0.9483953760936856,False,within branch program_seconds; do not add parent
writer events,80,NATIVE,native_target,0.7912229346111417,False,within branch program_seconds; do not add parent
writer events,80,NATIVE,native_target,0.8529226928949356,False,within branch program_seconds; do not add parent
writer events,80,NATIVE,native_target,1.1058409437537193,False,within branch program_seconds; do not add parent
writer events,80,NATIVE,native_target,0.42238874174654484,False,within branch program_seconds; do not add parent
writer events,80,NATIVE,native_target,1.235464877448976,False,within branch program_seconds; do not add parent
writer events,80,NATIVE,native_target,0.5712782489135861,False,within branch program_seconds; do not add parent
writer events,80,NATIVE,native_target,1.326994058676064,False,within branch program_seconds; do not add parent
writer events,80,NATIVE,native_target,1.2365797748789191,False,within branch program_seconds; do not add parent
writer events,80,NATIVE,native_target,0.33161299861967564,False,within branch program_seconds; do not add parent
writer events,80,NATIVE,native_target,0.9478734321892262,False,within branch program_seconds; do not add parent
writer events,80,NATIVE,native_target,0.5177055997774005,False,within branch program_seconds; do not add parent
writer events,80,NATIVE,native_target,2.253268616273999,False,within branch program_seconds; do not add parent
writer events,80,NATIVE,native_target,0.8189156884327531,False,within branch program_seconds; do not add parent
writer events,80,NATIVE,native_target,1.320213514380157,False,within branch program_seconds; do not add parent
writer events,80,NATIVE,native_target,0.209335096180439,False,within branch program_seconds; do not add parent
writer events,80,NATIVE,native_target,1.056085066869855,False,within branch program_seconds; do not add parent
writer events,80,NATIVE,native_target,0.6784967938438058,False,within branch program_seconds; do not add parent
writer events,80,NATIVE,native_target,0.42485747020691633,False,within branch program_seconds; do not add parent
writer events,80,NATIVE,native_target,0.5997401149943471,False,within branch program_seconds; do not add parent
writer events,80,NATIVE,native_target,2.2500369288027287,False,within branch program_seconds; do not add parent
writer events,80,NATIVE,native_target,0.572645247913897,False,within branch program_seconds; do not add parent
writer events,80,NATIVE,native_target,0.5763448541983962,False,within branch program_seconds; do not add parent
writer events,80,NATIVE,native_target,0.4509167727082968,False,within branch program_seconds; do not add parent
writer events,80,NATIVE,native_target,0.8114018142223358,False,within branch program_seconds; do not add parent
writer events,80,NATIVE,native_target,1.6813852693885565,False,within branch program_seconds; do not add parent
writer events,80,NATIVE,native_target,0.5184495570138097,False,within branch program_seconds; do not add parent
writer events,80,NATIVE,native_target,0.768144448287785,False,within branch program_seconds; do not add parent
writer events,80,NATIVE,native_target,0.5718489438295364,False,within branch program_seconds; do not add parent
writer events,80,NATIVE,native_target,0.3306012647226453,False,within branch program_seconds; do not add parent
writer events,80,NATIVE,native_target,0.7007765136659145,False,within branch program_seconds; do not add parent
writer events,80,NATIVE,native_target,0.9758796188980341,False,within branch program_seconds; do not add parent
writer events,80,NATIVE,native_target,0.9458648022264242,False,within branch program_seconds; do not add parent
writer events,80,NATIVE,native_target,0.8811738649383187,False,within branch program_seconds; do not add parent
writer events,80,NATIVE,native_target,1.6826821900904179,False,within branch program_seconds; do not add parent
writer events,80,NATIVE,native_target,0.6950716553255916,False,within branch program_seconds; do not add parent
writer events,80,NATIVE,native_target,0.8836710266768932,False,within branch program_seconds; do not add parent
writer events,80,NATIVE,native_target,0.33437198121100664,False,within branch program_seconds; do not add parent
writer events,80,NATIVE,native_target,2.1909647714346647,False,within branch program_seconds; do not add parent
writer events,80,NATIVE,native_target,3.1575604509562254,False,within branch program_seconds; do not add parent
writer events,80,NATIVE,native_target,0.6890603341162205,False,within branch program_seconds; do not add parent
writer events,80,NATIVE,native_target,0.6984688425436616,False,within branch program_seconds; do not add parent
writer events,80,NATIVE,native_target,2.2313788570463657,False,within branch program_seconds; do not add parent
writer events,80,NATIVE,native_target,0.4488797066733241,False,within branch program_seconds; do not add parent
writer events,80,NATIVE,native_target,0.4141437392681837,False,within branch program_seconds; do not add parent
writer events,80,NATIVE,native_target,0.7913056183606386,False,within branch program_seconds; do not add parent
writer events,80,NATIVE,native_target,0.44872612971812487,False,within branch program_seconds; do not add parent
writer events,80,NATIVE,native_target,2.2231884906068444,False,within branch program_seconds; do not add parent
writer events,80,NATIVE,native_target,2.930201635695994,False,within branch program_seconds; do not add parent
writer events,80,NATIVE,native_target,0.7926204167306423,False,within branch program_seconds; do not add parent
writer events,80,NATIVE,native_target,0.7003194568678737,False,within branch program_seconds; do not add parent
writer events,80,NATIVE,stage_observer,26.629973511211574,False,within branch program_seconds; do not add parent
writer events,80,NATIVE,native_key,4.055368904955685,False,within branch program_seconds; do not add parent
writer events,80,NATIVE,native_l8_residual_forward,0.4963739812374115,False,within branch program_seconds; do not add parent
writer events,80,NATIVE,history_operand_and_diagnostic_PK,0.06975680124014616,False,within branch program_seconds; do not add parent
writer events,80,NATIVE,native_direct_solve,0.11827868316322565,False,within branch program_seconds; do not add parent
writer events,80,NATIVE,diagnostic_response_factor,0.4031525840982795,False,within branch program_seconds; do not add parent
writer events,80,NATIVE,stage_observer,50.86785442661494,False,within branch program_seconds; do not add parent
writer events,80,NATIVE,native_key,4.061983465217054,False,within branch program_seconds; do not add parent
writer events,80,NATIVE,native_l8_residual_forward,0.49999696388840675,False,within branch program_seconds; do not add parent
writer events,80,NATIVE,history_operand_and_diagnostic_PK,0.0702716363593936,False,within branch program_seconds; do not add parent
writer events,80,NATIVE,native_direct_solve,0.1185742300003767,False,within branch program_seconds; do not add parent
writer events,80,NATIVE,diagnostic_response_factor,0.3905038656666875,False,within branch program_seconds; do not add parent
writer events,80,NATIVE,stage_observer,102.61217804811895,False,within branch program_seconds; do not add parent
writer events,80,NATIVE,native_key,4.068421182222664,False,within branch program_seconds; do not add parent
writer events,80,NATIVE,native_l8_residual_forward,0.49646057840436697,False,within branch program_seconds; do not add parent
writer events,80,NATIVE,history_operand_and_diagnostic_PK,0.07025665789842606,False,within branch program_seconds; do not add parent
writer events,80,NATIVE,native_direct_solve,0.11874133069068193,False,within branch program_seconds; do not add parent
writer events,80,NATIVE,diagnostic_response_factor,0.39783852361142635,False,within branch program_seconds; do not add parent
writer events,80,NATIVE,stage_observer,100.61008950136602,False,within branch program_seconds; do not add parent
writer events,80,NATIVE,native_key,4.068782013840973,False,within branch program_seconds; do not add parent
writer events,80,NATIVE,native_l8_residual_forward,0.4980514217168093,False,within branch program_seconds; do not add parent
writer events,80,NATIVE,history_operand_and_diagnostic_PK,0.07013153657317162,False,within branch program_seconds; do not add parent
writer events,80,NATIVE,native_direct_solve,0.11859851609915495,False,within branch program_seconds; do not add parent
writer events,80,NATIVE,diagnostic_response_factor,0.42246687039732933,False,within branch program_seconds; do not add parent
writer events,80,NATIVE,stage_observer,49.04866994265467,False,within branch program_seconds; do not add parent
writer events,80,NATIVE,native_key,4.072881956584752,False,within branch program_seconds; do not add parent
writer events,80,NATIVE,native_l8_residual_forward,0.5003589410334826,False,within branch program_seconds; do not add parent
writer events,80,NATIVE,history_operand_and_diagnostic_PK,0.07042319048196077,False,within branch program_seconds; do not add parent
writer events,80,NATIVE,native_direct_solve,0.11860413569957018,False,within branch program_seconds; do not add parent
writer events,80,NATIVE,diagnostic_response_factor,0.4114978266879916,False,within branch program_seconds; do not add parent
writer events,80,NATIVE,stage_observer,84.05530378036201,False,within branch program_seconds; do not add parent
writer events,80,NATIVE,final_l8_residual_observer,0.5202042674645782,False,within branch program_seconds; do not add parent
writer events,80,NATIVE,native_history_key_and_instrumentation,5.175405343994498,False,within branch program_seconds; do not add parent
writer events,80,NATIVE,native_history_key_and_instrumentation,5.179011254571378,False,within branch program_seconds; do not add parent
writer events,80,NATIVE,native_history_key_and_instrumentation,5.125262903980911,False,within branch program_seconds; do not add parent
writer events,80,NATIVE,native_history_key_and_instrumentation,4.581974753178656,False,within branch program_seconds; do not add parent
writer events,80,NATIVE,native_history_key_and_instrumentation,5.18497553281486,False,within branch program_seconds; do not add parent
writer events,80,NATIVE,stage_observer,76.18326334655285,False,within branch program_seconds; do not add parent
writer events,80,SHAM,stage_observer,93.00900449045002,False,within branch program_seconds; do not add parent
writer events,80,SHAM,native_target_reuse,0.0014755688607692719,False,within branch program_seconds; do not add parent
writer events,80,SHAM,native_target_reuse,6.656255573034286e-05,False,within branch program_seconds; do not add parent
writer events,80,SHAM,native_target_reuse,4.486553370952606e-05,False,within branch program_seconds; do not add parent
writer events,80,SHAM,native_target_reuse,3.9577484130859375e-05,False,within branch program_seconds; do not add parent
writer events,80,SHAM,native_target_reuse,4.979874938726425e-05,False,within branch program_seconds; do not add parent
writer events,80,SHAM,native_target_reuse,4.151836037635803e-05,False,within branch program_seconds; do not add parent
writer events,80,SHAM,native_target_reuse,3.7175603210926056e-05,False,within branch program_seconds; do not add parent
writer events,80,SHAM,native_target_reuse,3.670528531074524e-05,False,within branch program_seconds; do not add parent
writer events,80,SHAM,native_target_reuse,4.813447594642639e-05,False,within branch program_seconds; do not add parent
writer events,80,SHAM,native_target_reuse,3.666989505290985e-05,False,within branch program_seconds; do not add parent
writer events,80,SHAM,native_target_reuse,3.751087933778763e-05,False,within branch program_seconds; do not add parent
writer events,80,SHAM,native_target_reuse,3.766454756259918e-05,False,within branch program_seconds; do not add parent
writer events,80,SHAM,native_target_reuse,5.10532408952713e-05,False,within branch program_seconds; do not add parent
writer events,80,SHAM,native_target_reuse,4.1144900023937225e-05,False,within branch program_seconds; do not add parent
writer events,80,SHAM,native_target_reuse,3.7943944334983826e-05,False,within branch program_seconds; do not add parent
writer events,80,SHAM,native_target_reuse,3.706570714712143e-05,False,within branch program_seconds; do not add parent
writer events,80,SHAM,native_target_reuse,4.4208019971847534e-05,False,within branch program_seconds; do not add parent
writer events,80,SHAM,native_target_reuse,4.154164344072342e-05,False,within branch program_seconds; do not add parent
writer events,80,SHAM,native_target_reuse,4.234444350004196e-05,False,within branch program_seconds; do not add parent
writer events,80,SHAM,native_target_reuse,3.479607403278351e-05,False,within branch program_seconds; do not add parent
writer events,80,SHAM,native_target_reuse,4.377402365207672e-05,False,within branch program_seconds; do not add parent
writer events,80,SHAM,native_target_reuse,3.72203066945076e-05,False,within branch program_seconds; do not add parent
writer events,80,SHAM,native_target_reuse,3.60710546374321e-05,False,within branch program_seconds; do not add parent
writer events,80,SHAM,native_target_reuse,3.583170473575592e-05,False,within branch program_seconds; do not add parent
writer events,80,SHAM,native_target_reuse,4.617217928171158e-05,False,within branch program_seconds; do not add parent
writer events,80,SHAM,native_target_reuse,4.35560941696167e-05,False,within branch program_seconds; do not add parent
writer events,80,SHAM,native_target_reuse,3.6835670471191406e-05,False,within branch program_seconds; do not add parent
writer events,80,SHAM,native_target_reuse,3.6364421248435974e-05,False,within branch program_seconds; do not add parent
writer events,80,SHAM,native_target_reuse,4.605855792760849e-05,False,within branch program_seconds; do not add parent
writer events,80,SHAM,native_target_reuse,3.771018236875534e-05,False,within branch program_seconds; do not add parent
writer events,80,SHAM,native_target_reuse,3.491900861263275e-05,False,within branch program_seconds; do not add parent
writer events,80,SHAM,native_target_reuse,3.4807249903678894e-05,False,within branch program_seconds; do not add parent
writer events,80,SHAM,native_target_reuse,4.7111883759498596e-05,False,within branch program_seconds; do not add parent
writer events,80,SHAM,native_target_reuse,3.8127414882183075e-05,False,within branch program_seconds; do not add parent
writer events,80,SHAM,native_target_reuse,3.611389547586441e-05,False,within branch program_seconds; do not add parent
writer events,80,SHAM,native_target_reuse,3.724917769432068e-05,False,within branch program_seconds; do not add parent
writer events,80,SHAM,native_target_reuse,4.3801963329315186e-05,False,within branch program_seconds; do not add parent
writer events,80,SHAM,native_target_reuse,3.544427454471588e-05,False,within branch program_seconds; do not add parent
writer events,80,SHAM,native_target_reuse,4.100333899259567e-05,False,within branch program_seconds; do not add parent
writer events,80,SHAM,native_target_reuse,4.323199391365051e-05,False,within branch program_seconds; do not add parent
writer events,80,SHAM,native_target_reuse,4.4072046875953674e-05,False,within branch program_seconds; do not add parent
writer events,80,SHAM,native_target_reuse,3.7631019949913025e-05,False,within branch program_seconds; do not add parent
writer events,80,SHAM,native_target_reuse,3.653857856988907e-05,False,within branch program_seconds; do not add parent
writer events,80,SHAM,native_target_reuse,3.470294177532196e-05,False,within branch program_seconds; do not add parent
writer events,80,SHAM,native_target_reuse,4.327204078435898e-05,False,within branch program_seconds; do not add parent
writer events,80,SHAM,native_target_reuse,3.6852434277534485e-05,False,within branch program_seconds; do not add parent
writer events,80,SHAM,native_target_reuse,3.6864541471004486e-05,False,within branch program_seconds; do not add parent
writer events,80,SHAM,native_target_reuse,3.521237522363663e-05,False,within branch program_seconds; do not add parent
writer events,80,SHAM,native_target_reuse,4.145316779613495e-05,False,within branch program_seconds; do not add parent
writer events,80,SHAM,native_target_reuse,3.692973405122757e-05,False,within branch program_seconds; do not add parent
writer events,80,SHAM,native_target_reuse,3.63178551197052e-05,False,within branch program_seconds; do not add parent
writer events,80,SHAM,native_target_reuse,3.578700125217438e-05,False,within branch program_seconds; do not add parent
writer events,80,SHAM,native_target_reuse,4.329439252614975e-05,False,within branch program_seconds; do not add parent
writer events,80,SHAM,native_target_reuse,3.8363970816135406e-05,False,within branch program_seconds; do not add parent
writer events,80,SHAM,native_target_reuse,3.700237721204758e-05,False,within branch program_seconds; do not add parent
writer events,80,SHAM,native_target_reuse,3.600306808948517e-05,False,within branch program_seconds; do not add parent
writer events,80,SHAM,native_target_reuse,4.428252577781677e-05,False,within branch program_seconds; do not add parent
writer events,80,SHAM,native_target_reuse,3.6269426345825195e-05,False,within branch program_seconds; do not add parent
writer events,80,SHAM,native_target_reuse,3.527570515871048e-05,False,within branch program_seconds; do not add parent
writer events,80,SHAM,native_target_reuse,3.505684435367584e-05,False,within branch program_seconds; do not add parent
writer events,80,SHAM,native_target_reuse,4.6866945922374725e-05,False,within branch program_seconds; do not add parent
writer events,80,SHAM,native_target_reuse,3.7855468690395355e-05,False,within branch program_seconds; do not add parent
writer events,80,SHAM,native_target_reuse,3.747548907995224e-05,False,within branch program_seconds; do not add parent
writer events,80,SHAM,native_target_reuse,3.7834979593753815e-05,False,within branch program_seconds; do not add parent
writer events,80,SHAM,native_target_reuse,4.9647875130176544e-05,False,within branch program_seconds; do not add parent
writer events,80,SHAM,native_target_reuse,4.197191447019577e-05,False,within branch program_seconds; do not add parent
writer events,80,SHAM,native_target_reuse,3.995094448328018e-05,False,within branch program_seconds; do not add parent
writer events,80,SHAM,native_target_reuse,3.897864371538162e-05,False,within branch program_seconds; do not add parent
writer events,80,SHAM,native_target_reuse,4.955567419528961e-05,False,within branch program_seconds; do not add parent
writer events,80,SHAM,native_target_reuse,4.352722316980362e-05,False,within branch program_seconds; do not add parent
writer events,80,SHAM,native_target_reuse,3.783777356147766e-05,False,within branch program_seconds; do not add parent
writer events,80,SHAM,native_target_reuse,4.4187530875205994e-05,False,within branch program_seconds; do not add parent
writer events,80,SHAM,native_target_reuse,4.306528717279434e-05,False,within branch program_seconds; do not add parent
writer events,80,SHAM,native_target_reuse,3.5983510315418243e-05,False,within branch program_seconds; do not add parent
writer events,80,SHAM,native_target_reuse,3.587454557418823e-05,False,within branch program_seconds; do not add parent
writer events,80,SHAM,native_target_reuse,3.6640092730522156e-05,False,within branch program_seconds; do not add parent
writer events,80,SHAM,native_target_reuse,4.719942808151245e-05,False,within branch program_seconds; do not add parent
writer events,80,SHAM,native_target_reuse,3.752950578927994e-05,False,within branch program_seconds; do not add parent
writer events,80,SHAM,native_target_reuse,3.5645440220832825e-05,False,within branch program_seconds; do not add parent
writer events,80,SHAM,native_target_reuse,3.862753510475159e-05,False,within branch program_seconds; do not add parent
writer events,80,SHAM,native_target_reuse,4.448648542165756e-05,False,within branch program_seconds; do not add parent
writer events,80,SHAM,native_target_reuse,3.685802221298218e-05,False,within branch program_seconds; do not add parent
writer events,80,SHAM,native_target_reuse,3.577861934900284e-05,False,within branch program_seconds; do not add parent
writer events,80,SHAM,native_target_reuse,3.67993488907814e-05,False,within branch program_seconds; do not add parent
writer events,80,SHAM,native_target_reuse,4.561152309179306e-05,False,within branch program_seconds; do not add parent
writer events,80,SHAM,native_target_reuse,3.5975128412246704e-05,False,within branch program_seconds; do not add parent
writer events,80,SHAM,native_target_reuse,3.5045668482780457e-05,False,within branch program_seconds; do not add parent
writer events,80,SHAM,native_target_reuse,3.6912038922309875e-05,False,within branch program_seconds; do not add parent
writer events,80,SHAM,native_target_reuse,4.082731902599335e-05,False,within branch program_seconds; do not add parent
writer events,80,SHAM,native_target_reuse,3.5278499126434326e-05,False,within branch program_seconds; do not add parent
writer events,80,SHAM,native_target_reuse,3.5956501960754395e-05,False,within branch program_seconds; do not add parent
writer events,80,SHAM,native_target_reuse,3.611762076616287e-05,False,within branch program_seconds; do not add parent
writer events,80,SHAM,native_target_reuse,4.380568861961365e-05,False,within branch program_seconds; do not add parent
writer events,80,SHAM,native_target_reuse,3.556814044713974e-05,False,within branch program_seconds; do not add parent
writer events,80,SHAM,native_target_reuse,3.624614328145981e-05,False,within branch program_seconds; do not add parent
writer events,80,SHAM,native_target_reuse,3.535766154527664e-05,False,within branch program_seconds; do not add parent
writer events,80,SHAM,native_target_reuse,4.389416426420212e-05,False,within branch program_seconds; do not add parent
writer events,80,SHAM,native_target_reuse,3.589503467082977e-05,False,within branch program_seconds; do not add parent
writer events,80,SHAM,native_target_reuse,3.70517373085022e-05,False,within branch program_seconds; do not add parent
writer events,80,SHAM,native_target_reuse,3.6199577152729034e-05,False,within branch program_seconds; do not add parent
writer events,80,SHAM,stage_observer,24.615476614795625,False,within branch program_seconds; do not add parent
writer events,80,SHAM,native_key,4.063885250128806,False,within branch program_seconds; do not add parent
writer events,80,SHAM,native_l8_residual_forward,0.4988978737965226,False,within branch program_seconds; do not add parent
writer events,80,SHAM,history_operand_and_diagnostic_PK,0.24617383256554604,False,within branch program_seconds; do not add parent
writer events,80,SHAM,native_direct_solve,0.11847992800176144,False,within branch program_seconds; do not add parent
writer events,80,SHAM,diagnostic_response_factor,0.403993071988225,False,within branch program_seconds; do not add parent
writer events,80,SHAM,stage_observer,47.573210711590946,False,within branch program_seconds; do not add parent
writer events,80,SHAM,native_key,4.076477834023535,False,within branch program_seconds; do not add parent
writer events,80,SHAM,native_l8_residual_forward,0.4956598514690995,False,within branch program_seconds; do not add parent
writer events,80,SHAM,history_operand_and_diagnostic_PK,0.24596166890114546,False,within branch program_seconds; do not add parent
writer events,80,SHAM,native_direct_solve,0.11851483210921288,False,within branch program_seconds; do not add parent
writer events,80,SHAM,diagnostic_response_factor,0.4187065390869975,False,within branch program_seconds; do not add parent
writer events,80,SHAM,stage_observer,103.83403510414064,False,within branch program_seconds; do not add parent
writer events,80,SHAM,native_key,4.071856379508972,False,within branch program_seconds; do not add parent
writer events,80,SHAM,native_l8_residual_forward,0.49649104196578264,False,within branch program_seconds; do not add parent
writer events,80,SHAM,history_operand_and_diagnostic_PK,0.2521447632461786,False,within branch program_seconds; do not add parent
writer events,80,SHAM,native_direct_solve,0.11876644007861614,False,within branch program_seconds; do not add parent
writer events,80,SHAM,diagnostic_response_factor,0.44870926067233086,False,within branch program_seconds; do not add parent
writer events,80,SHAM,stage_observer,101.72437928523868,False,within branch program_seconds; do not add parent
writer events,80,SHAM,native_key,4.074987621046603,False,within branch program_seconds; do not add parent
writer events,80,SHAM,native_l8_residual_forward,0.49819881096482277,False,within branch program_seconds; do not add parent
writer events,80,SHAM,history_operand_and_diagnostic_PK,0.25154832005500793,False,within branch program_seconds; do not add parent
writer events,80,SHAM,native_direct_solve,0.11857881397008896,False,within branch program_seconds; do not add parent
writer events,80,SHAM,diagnostic_response_factor,0.42581171821802855,False,within branch program_seconds; do not add parent
writer events,80,SHAM,stage_observer,46.22269346192479,False,within branch program_seconds; do not add parent
writer events,80,SHAM,native_key,4.073604901321232,False,within branch program_seconds; do not add parent
writer events,80,SHAM,native_l8_residual_forward,0.49613947607576847,False,within branch program_seconds; do not add parent
writer events,80,SHAM,history_operand_and_diagnostic_PK,0.2527226796373725,False,within branch program_seconds; do not add parent
writer events,80,SHAM,native_direct_solve,0.11867495439946651,False,within branch program_seconds; do not add parent
writer events,80,SHAM,diagnostic_response_factor,0.43009038269519806,False,within branch program_seconds; do not add parent
writer events,80,SHAM,stage_observer,82.80921526066959,False,within branch program_seconds; do not add parent
writer events,80,SHAM,final_l8_residual_observer,0.5146296247839928,False,within branch program_seconds; do not add parent
writer events,80,SHAM,native_history_key_and_instrumentation,5.111746171489358,False,within branch program_seconds; do not add parent
writer events,80,SHAM,native_history_key_and_instrumentation,5.136651684530079,False,within branch program_seconds; do not add parent
writer events,80,SHAM,native_history_key_and_instrumentation,5.184758834540844,False,within branch program_seconds; do not add parent
writer events,80,SHAM,native_history_key_and_instrumentation,4.788806110620499,False,within branch program_seconds; do not add parent
writer events,80,SHAM,native_history_key_and_instrumentation,4.765185907483101,False,within branch program_seconds; do not add parent
writer events,80,SHAM,stage_observer,76.78671758063138,False,within branch program_seconds; do not add parent
writer events,80,H5,stage_observer,97.87860821280628,False,within branch program_seconds; do not add parent
writer events,80,H5,native_target_reuse,0.0014735683798789978,False,within branch program_seconds; do not add parent
writer events,80,H5,native_target_reuse,6.948038935661316e-05,False,within branch program_seconds; do not add parent
writer events,80,H5,native_target_reuse,5.414057523012161e-05,False,within branch program_seconds; do not add parent
writer events,80,H5,native_target_reuse,4.0951184928417206e-05,False,within branch program_seconds; do not add parent
writer events,80,H5,native_target_reuse,5.277339369058609e-05,False,within branch program_seconds; do not add parent
writer events,80,H5,native_target_reuse,3.975164145231247e-05,False,within branch program_seconds; do not add parent
writer events,80,H5,native_target_reuse,3.8069672882556915e-05,False,within branch program_seconds; do not add parent
writer events,80,H5,native_target_reuse,3.810599446296692e-05,False,within branch program_seconds; do not add parent
writer events,80,H5,native_target_reuse,5.082227289676666e-05,False,within branch program_seconds; do not add parent
writer events,80,H5,native_target_reuse,4.3200328946113586e-05,False,within branch program_seconds; do not add parent
writer events,80,H5,native_target_reuse,3.70098277926445e-05,False,within branch program_seconds; do not add parent
writer events,80,H5,native_target_reuse,3.925058990716934e-05,False,within branch program_seconds; do not add parent
writer events,80,H5,native_target_reuse,4.678592085838318e-05,False,within branch program_seconds; do not add parent
writer events,80,H5,native_target_reuse,4.21302393078804e-05,False,within branch program_seconds; do not add parent
writer events,80,H5,native_target_reuse,3.4051015973091125e-05,False,within branch program_seconds; do not add parent
writer events,80,H5,native_target_reuse,4.0650367736816406e-05,False,within branch program_seconds; do not add parent
writer events,80,H5,native_target_reuse,4.558824002742767e-05,False,within branch program_seconds; do not add parent
writer events,80,H5,native_target_reuse,4.016514867544174e-05,False,within branch program_seconds; do not add parent
writer events,80,H5,native_target_reuse,3.7925317883491516e-05,False,within branch program_seconds; do not add parent
writer events,80,H5,native_target_reuse,3.6492012441158295e-05,False,within branch program_seconds; do not add parent
writer events,80,H5,native_target_reuse,4.660803824663162e-05,False,within branch program_seconds; do not add parent
writer events,80,H5,native_target_reuse,4.1044317185878754e-05,False,within branch program_seconds; do not add parent
writer events,80,H5,native_target_reuse,4.9960799515247345e-05,False,within branch program_seconds; do not add parent
writer events,80,H5,native_target_reuse,4.002731293439865e-05,False,within branch program_seconds; do not add parent
writer events,80,H5,native_target_reuse,4.970468580722809e-05,False,within branch program_seconds; do not add parent
writer events,80,H5,native_target_reuse,3.95188108086586e-05,False,within branch program_seconds; do not add parent
writer events,80,H5,native_target_reuse,3.619678318500519e-05,False,within branch program_seconds; do not add parent
writer events,80,H5,native_target_reuse,3.642868250608444e-05,False,within branch program_seconds; do not add parent
writer events,80,H5,native_target_reuse,4.496239125728607e-05,False,within branch program_seconds; do not add parent
writer events,80,H5,native_target_reuse,4.228763282299042e-05,False,within branch program_seconds; do not add parent
writer events,80,H5,native_target_reuse,4.031229764223099e-05,False,within branch program_seconds; do not add parent
writer events,80,H5,native_target_reuse,4.3266452848911285e-05,False,within branch program_seconds; do not add parent
writer events,80,H5,native_target_reuse,5.096755921840668e-05,False,within branch program_seconds; do not add parent
writer events,80,H5,native_target_reuse,4.6016648411750793e-05,False,within branch program_seconds; do not add parent
writer events,80,H5,native_target_reuse,4.39714640378952e-05,False,within branch program_seconds; do not add parent
writer events,80,H5,native_target_reuse,4.1719526052474976e-05,False,within branch program_seconds; do not add parent
writer events,80,H5,native_target_reuse,5.1137059926986694e-05,False,within branch program_seconds; do not add parent
writer events,80,H5,native_target_reuse,4.522502422332764e-05,False,within branch program_seconds; do not add parent
writer events,80,H5,native_target_reuse,4.319939762353897e-05,False,within branch program_seconds; do not add parent
writer events,80,H5,native_target_reuse,3.8895756006240845e-05,False,within branch program_seconds; do not add parent
writer events,80,H5,native_target_reuse,4.686787724494934e-05,False,within branch program_seconds; do not add parent
writer events,80,H5,native_target_reuse,3.9890408515930176e-05,False,within branch program_seconds; do not add parent
writer events,80,H5,native_target_reuse,4.280451685190201e-05,False,within branch program_seconds; do not add parent
writer events,80,H5,native_target_reuse,4.1583552956581116e-05,False,within branch program_seconds; do not add parent
writer events,80,H5,native_target_reuse,5.049072206020355e-05,False,within branch program_seconds; do not add parent
writer events,80,H5,native_target_reuse,4.475656896829605e-05,False,within branch program_seconds; do not add parent
writer events,80,H5,native_target_reuse,4.5455992221832275e-05,False,within branch program_seconds; do not add parent
writer events,80,H5,native_target_reuse,4.353094846010208e-05,False,within branch program_seconds; do not add parent
writer events,80,H5,native_target_reuse,5.751755088567734e-05,False,within branch program_seconds; do not add parent
writer events,80,H5,native_target_reuse,4.530511796474457e-05,False,within branch program_seconds; do not add parent
writer events,80,H5,native_target_reuse,4.575587809085846e-05,False,within branch program_seconds; do not add parent
writer events,80,H5,native_target_reuse,4.1600316762924194e-05,False,within branch program_seconds; do not add parent
writer events,80,H5,native_target_reuse,4.785694181919098e-05,False,within branch program_seconds; do not add parent
writer events,80,H5,native_target_reuse,4.3754465878009796e-05,False,within branch program_seconds; do not add parent
writer events,80,H5,native_target_reuse,3.8294121623039246e-05,False,within branch program_seconds; do not add parent
writer events,80,H5,native_target_reuse,4.174094647169113e-05,False,within branch program_seconds; do not add parent
writer events,80,H5,native_target_reuse,5.3629279136657715e-05,False,within branch program_seconds; do not add parent
writer events,80,H5,native_target_reuse,3.917329013347626e-05,False,within branch program_seconds; do not add parent
writer events,80,H5,native_target_reuse,3.976188600063324e-05,False,within branch program_seconds; do not add parent
writer events,80,H5,native_target_reuse,4.387367516756058e-05,False,within branch program_seconds; do not add parent
writer events,80,H5,native_target_reuse,5.641486495733261e-05,False,within branch program_seconds; do not add parent
writer events,80,H5,native_target_reuse,5.02830371260643e-05,False,within branch program_seconds; do not add parent
writer events,80,H5,native_target_reuse,4.2001716792583466e-05,False,within branch program_seconds; do not add parent
writer events,80,H5,native_target_reuse,4.49158251285553e-05,False,within branch program_seconds; do not add parent
writer events,80,H5,native_target_reuse,6.710551679134369e-05,False,within branch program_seconds; do not add parent
writer events,80,H5,native_target_reuse,5.5546872317790985e-05,False,within branch program_seconds; do not add parent
writer events,80,H5,native_target_reuse,4.627276211977005e-05,False,within branch program_seconds; do not add parent
writer events,80,H5,native_target_reuse,5.317665636539459e-05,False,within branch program_seconds; do not add parent
writer events,80,H5,native_target_reuse,6.341654807329178e-05,False,within branch program_seconds; do not add parent
writer events,80,H5,native_target_reuse,5.5342912673950195e-05,False,within branch program_seconds; do not add parent
writer events,80,H5,native_target_reuse,4.442688077688217e-05,False,within branch program_seconds; do not add parent
writer events,80,H5,native_target_reuse,4.440639168024063e-05,False,within branch program_seconds; do not add parent
writer events,80,H5,native_target_reuse,7.226504385471344e-05,False,within branch program_seconds; do not add parent
writer events,80,H5,native_target_reuse,4.7227367758750916e-05,False,within branch program_seconds; do not add parent
writer events,80,H5,native_target_reuse,4.319101572036743e-05,False,within branch program_seconds; do not add parent
writer events,80,H5,native_target_reuse,4.464201629161835e-05,False,within branch program_seconds; do not add parent
writer events,80,H5,native_target_reuse,6.208103150129318e-05,False,within branch program_seconds; do not add parent
writer events,80,H5,native_target_reuse,5.480088293552399e-05,False,within branch program_seconds; do not add parent
writer events,80,H5,native_target_reuse,5.7524070143699646e-05,False,within branch program_seconds; do not add parent
writer events,80,H5,native_target_reuse,5.198922008275986e-05,False,within branch program_seconds; do not add parent
writer events,80,H5,native_target_reuse,6.578303873538971e-05,False,within branch program_seconds; do not add parent
writer events,80,H5,native_target_reuse,5.3826719522476196e-05,False,within branch program_seconds; do not add parent
writer events,80,H5,native_target_reuse,4.588812589645386e-05,False,within branch program_seconds; do not add parent
writer events,80,H5,native_target_reuse,5.198176950216293e-05,False,within branch program_seconds; do not add parent
writer events,80,H5,native_target_reuse,6.094295531511307e-05,False,within branch program_seconds; do not add parent
writer events,80,H5,native_target_reuse,4.7977082431316376e-05,False,within branch program_seconds; do not add parent
writer events,80,H5,native_target_reuse,4.7944486141204834e-05,False,within branch program_seconds; do not add parent
writer events,80,H5,native_target_reuse,4.9987807869911194e-05,False,within branch program_seconds; do not add parent
writer events,80,H5,native_target_reuse,6.46030530333519e-05,False,within branch program_seconds; do not add parent
writer events,80,H5,native_target_reuse,5.985051393508911e-05,False,within branch program_seconds; do not add parent
writer events,80,H5,native_target_reuse,4.9874186515808105e-05,False,within branch program_seconds; do not add parent
writer events,80,H5,native_target_reuse,4.8150308430194855e-05,False,within branch program_seconds; do not add parent
writer events,80,H5,native_target_reuse,5.938485264778137e-05,False,within branch program_seconds; do not add parent
writer events,80,H5,native_target_reuse,5.031004548072815e-05,False,within branch program_seconds; do not add parent
writer events,80,H5,native_target_reuse,4.383642226457596e-05,False,within branch program_seconds; do not add parent
writer events,80,H5,native_target_reuse,4.628580063581467e-05,False,within branch program_seconds; do not add parent
writer events,80,H5,native_target_reuse,5.56260347366333e-05,False,within branch program_seconds; do not add parent
writer events,80,H5,native_target_reuse,4.734564572572708e-05,False,within branch program_seconds; do not add parent
writer events,80,H5,native_target_reuse,4.45488840341568e-05,False,within branch program_seconds; do not add parent
writer events,80,H5,native_target_reuse,4.808977246284485e-05,False,within branch program_seconds; do not add parent
writer events,80,H5,stage_observer,27.579930220730603,False,within branch program_seconds; do not add parent
writer events,80,H5,native_key,4.053852600045502,False,within branch program_seconds; do not add parent
writer events,80,H5,native_l8_residual_forward,0.4966400880366564,False,within branch program_seconds; do not add parent
writer events,80,H5,history_operand_and_diagnostic_PK,0.07015424687415361,False,within branch program_seconds; do not add parent
writer events,80,H5,native_direct_solve,0.11865414772182703,False,within branch program_seconds; do not add parent
writer events,80,H5,diagnostic_response_factor,0.42492569610476494,False,within branch program_seconds; do not add parent
writer events,80,H5,stage_observer,51.14580202847719,False,within branch program_seconds; do not add parent
writer events,80,H5,native_key,4.0685516353696585,False,within branch program_seconds; do not add parent
writer events,80,H5,native_l8_residual_forward,0.4967585988342762,False,within branch program_seconds; do not add parent
writer events,80,H5,history_operand_and_diagnostic_PK,7.3585902554914355,False,within branch program_seconds; do not add parent
writer events,80,H5,native_direct_solve,0.11899274960160255,False,within branch program_seconds; do not add parent
writer events,80,H5,diagnostic_response_factor,0.4175048414617777,False,within branch program_seconds; do not add parent
writer events,80,H5,stage_observer,106.7163263624534,False,within branch program_seconds; do not add parent
writer events,80,H5,native_key,4.087456388399005,False,within branch program_seconds; do not add parent
writer events,80,H5,native_l8_residual_forward,0.49722022842615843,False,within branch program_seconds; do not add parent
writer events,80,H5,history_operand_and_diagnostic_PK,0.07025361340492964,False,within branch program_seconds; do not add parent
writer events,80,H5,native_direct_solve,0.11875554267317057,False,within branch program_seconds; do not add parent
writer events,80,H5,diagnostic_response_factor,0.4534148583188653,False,within branch program_seconds; do not add parent
writer events,80,H5,stage_observer,105.93427337799221,False,within branch program_seconds; do not add parent
writer events,80,H5,native_key,4.080604420043528,False,within branch program_seconds; do not add parent
writer events,80,H5,native_l8_residual_forward,0.5006815046072006,False,within branch program_seconds; do not add parent
writer events,80,H5,history_operand_and_diagnostic_PK,0.07269384525716305,False,within branch program_seconds; do not add parent
writer events,80,H5,native_direct_solve,0.11857219785451889,False,within branch program_seconds; do not add parent
writer events,80,H5,diagnostic_response_factor,0.4949264330789447,False,within branch program_seconds; do not add parent
writer events,80,H5,stage_observer,54.93627209123224,False,within branch program_seconds; do not add parent
writer events,80,H5,native_key,4.079611213877797,False,within branch program_seconds; do not add parent
writer events,80,H5,native_l8_residual_forward,0.5015553515404463,False,within branch program_seconds; do not add parent
writer events,80,H5,history_operand_and_diagnostic_PK,0.07248466648161411,False,within branch program_seconds; do not add parent
writer events,80,H5,native_direct_solve,0.11867451760917902,False,within branch program_seconds; do not add parent
writer events,80,H5,diagnostic_response_factor,0.47267814725637436,False,within branch program_seconds; do not add parent
writer events,80,H5,stage_observer,84.57772937137634,False,within branch program_seconds; do not add parent
writer events,80,H5,final_l8_residual_observer,0.5216443259268999,False,within branch program_seconds; do not add parent
writer events,80,H5,native_history_key_and_instrumentation,4.7923084469512105,False,within branch program_seconds; do not add parent
writer events,80,H5,native_history_key_and_instrumentation,4.788462022319436,False,within branch program_seconds; do not add parent
writer events,80,H5,native_history_key_and_instrumentation,4.784163611009717,False,within branch program_seconds; do not add parent
writer events,80,H5,native_history_key_and_instrumentation,4.78784138802439,False,within branch program_seconds; do not add parent
writer events,80,H5,native_history_key_and_instrumentation,4.7834573136642575,False,within branch program_seconds; do not add parent
writer events,80,H5,stage_observer,75.23961951117963,False,within branch program_seconds; do not add parent
writer events,80,H6,stage_observer,96.55128552671522,False,within branch program_seconds; do not add parent
writer events,80,H6,native_target_reuse,0.0014345571398735046,False,within branch program_seconds; do not add parent
writer events,80,H6,native_target_reuse,9.471829980611801e-05,False,within branch program_seconds; do not add parent
writer events,80,H6,native_target_reuse,6.565451622009277e-05,False,within branch program_seconds; do not add parent
writer events,80,H6,native_target_reuse,6.200093775987625e-05,False,within branch program_seconds; do not add parent
writer events,80,H6,native_target_reuse,6.889831274747849e-05,False,within branch program_seconds; do not add parent
writer events,80,H6,native_target_reuse,5.2959658205509186e-05,False,within branch program_seconds; do not add parent
writer events,80,H6,native_target_reuse,5.539786070585251e-05,False,within branch program_seconds; do not add parent
writer events,80,H6,native_target_reuse,5.132146179676056e-05,False,within branch program_seconds; do not add parent
writer events,80,H6,native_target_reuse,6.808899343013763e-05,False,within branch program_seconds; do not add parent
writer events,80,H6,native_target_reuse,5.5584125220775604e-05,False,within branch program_seconds; do not add parent
writer events,80,H6,native_target_reuse,5.8708712458610535e-05,False,within branch program_seconds; do not add parent
writer events,80,H6,native_target_reuse,6.338488310575485e-05,False,within branch program_seconds; do not add parent
writer events,80,H6,native_target_reuse,6.762053817510605e-05,False,within branch program_seconds; do not add parent
writer events,80,H6,native_target_reuse,6.615929305553436e-05,False,within branch program_seconds; do not add parent
writer events,80,H6,native_target_reuse,4.613958299160004e-05,False,within branch program_seconds; do not add parent
writer events,80,H6,native_target_reuse,4.5680440962314606e-05,False,within branch program_seconds; do not add parent
writer events,80,H6,native_target_reuse,7.596611976623535e-05,False,within branch program_seconds; do not add parent
writer events,80,H6,native_target_reuse,5.511194467544556e-05,False,within branch program_seconds; do not add parent
writer events,80,H6,native_target_reuse,4.521012306213379e-05,False,within branch program_seconds; do not add parent
writer events,80,H6,native_target_reuse,5.0459057092666626e-05,False,within branch program_seconds; do not add parent
writer events,80,H6,native_target_reuse,6.693974137306213e-05,False,within branch program_seconds; do not add parent
writer events,80,H6,native_target_reuse,7.598940283060074e-05,False,within branch program_seconds; do not add parent
writer events,80,H6,native_target_reuse,5.574710667133331e-05,False,within branch program_seconds; do not add parent
writer events,80,H6,native_target_reuse,5.0620175898075104e-05,False,within branch program_seconds; do not add parent
writer events,80,H6,native_target_reuse,6.608013063669205e-05,False,within branch program_seconds; do not add parent
writer events,80,H6,native_target_reuse,4.6620145440101624e-05,False,within branch program_seconds; do not add parent
writer events,80,H6,native_target_reuse,4.979688674211502e-05,False,within branch program_seconds; do not add parent
writer events,80,H6,native_target_reuse,5.640089511871338e-05,False,within branch program_seconds; do not add parent
writer events,80,H6,native_target_reuse,6.048940122127533e-05,False,within branch program_seconds; do not add parent
writer events,80,H6,native_target_reuse,5.286186933517456e-05,False,within branch program_seconds; do not add parent
writer events,80,H6,native_target_reuse,5.40614128112793e-05,False,within branch program_seconds; do not add parent
writer events,80,H6,native_target_reuse,6.693322211503983e-05,False,within branch program_seconds; do not add parent
writer events,80,H6,native_target_reuse,6.562937051057816e-05,False,within branch program_seconds; do not add parent
writer events,80,H6,native_target_reuse,5.373358726501465e-05,False,within branch program_seconds; do not add parent
writer events,80,H6,native_target_reuse,5.611591041088104e-05,False,within branch program_seconds; do not add parent
writer events,80,H6,native_target_reuse,4.4832006096839905e-05,False,within branch program_seconds; do not add parent
writer events,80,H6,native_target_reuse,7.256306707859039e-05,False,within branch program_seconds; do not add parent
writer events,80,H6,native_target_reuse,5.489680916070938e-05,False,within branch program_seconds; do not add parent
writer events,80,H6,native_target_reuse,4.626624286174774e-05,False,within branch program_seconds; do not add parent
writer events,80,H6,native_target_reuse,4.594773054122925e-05,False,within branch program_seconds; do not add parent
writer events,80,H6,native_target_reuse,6.503798067569733e-05,False,within branch program_seconds; do not add parent
writer events,80,H6,native_target_reuse,8.49943608045578e-05,False,within branch program_seconds; do not add parent
writer events,80,H6,native_target_reuse,5.1184557378292084e-05,False,within branch program_seconds; do not add parent
writer events,80,H6,native_target_reuse,4.907231777906418e-05,False,within branch program_seconds; do not add parent
writer events,80,H6,native_target_reuse,7.407180964946747e-05,False,within branch program_seconds; do not add parent
writer events,80,H6,native_target_reuse,5.030352622270584e-05,False,within branch program_seconds; do not add parent
writer events,80,H6,native_target_reuse,5.443114787340164e-05,False,within branch program_seconds; do not add parent
writer events,80,H6,native_target_reuse,4.474911838769913e-05,False,within branch program_seconds; do not add parent
writer events,80,H6,native_target_reuse,6.350036710500717e-05,False,within branch program_seconds; do not add parent
writer events,80,H6,native_target_reuse,4.6924687922000885e-05,False,within branch program_seconds; do not add parent
writer events,80,H6,native_target_reuse,5.2901916205883026e-05,False,within branch program_seconds; do not add parent
writer events,80,H6,native_target_reuse,4.7218985855579376e-05,False,within branch program_seconds; do not add parent
writer events,80,H6,native_target_reuse,7.226690649986267e-05,False,within branch program_seconds; do not add parent
writer events,80,H6,native_target_reuse,5.094986408948898e-05,False,within branch program_seconds; do not add parent
writer events,80,H6,native_target_reuse,4.588719457387924e-05,False,within branch program_seconds; do not add parent
writer events,80,H6,native_target_reuse,5.635339766740799e-05,False,within branch program_seconds; do not add parent
writer events,80,H6,native_target_reuse,5.561206489801407e-05,False,within branch program_seconds; do not add parent
writer events,80,H6,native_target_reuse,4.688836634159088e-05,False,within branch program_seconds; do not add parent
writer events,80,H6,native_target_reuse,4.6554021537303925e-05,False,within branch program_seconds; do not add parent
writer events,80,H6,native_target_reuse,5.109421908855438e-05,False,within branch program_seconds; do not add parent
writer events,80,H6,native_target_reuse,5.950126796960831e-05,False,within branch program_seconds; do not add parent
writer events,80,H6,native_target_reuse,6.709061563014984e-05,False,within branch program_seconds; do not add parent
writer events,80,H6,native_target_reuse,6.14626333117485e-05,False,within branch program_seconds; do not add parent
writer events,80,H6,native_target_reuse,5.911197513341904e-05,False,within branch program_seconds; do not add parent
writer events,80,H6,native_target_reuse,6.85257837176323e-05,False,within branch program_seconds; do not add parent
writer events,80,H6,native_target_reuse,5.2663497626781464e-05,False,within branch program_seconds; do not add parent
writer events,80,H6,native_target_reuse,5.2587129175662994e-05,False,within branch program_seconds; do not add parent
writer events,80,H6,native_target_reuse,6.390362977981567e-05,False,within branch program_seconds; do not add parent
writer events,80,H6,native_target_reuse,5.8885663747787476e-05,False,within branch program_seconds; do not add parent
writer events,80,H6,native_target_reuse,4.625413566827774e-05,False,within branch program_seconds; do not add parent
writer events,80,H6,native_target_reuse,5.3666532039642334e-05,False,within branch program_seconds; do not add parent
writer events,80,H6,native_target_reuse,4.4755637645721436e-05,False,within branch program_seconds; do not add parent
writer events,80,H6,native_target_reuse,6.497837603092194e-05,False,within branch program_seconds; do not add parent
writer events,80,H6,native_target_reuse,5.7598575949668884e-05,False,within branch program_seconds; do not add parent
writer events,80,H6,native_target_reuse,6.0517340898513794e-05,False,within branch program_seconds; do not add parent
writer events,80,H6,native_target_reuse,4.694238305091858e-05,False,within branch program_seconds; do not add parent
writer events,80,H6,native_target_reuse,6.218161433935165e-05,False,within branch program_seconds; do not add parent
writer events,80,H6,native_target_reuse,5.409959703683853e-05,False,within branch program_seconds; do not add parent
writer events,80,H6,native_target_reuse,7.426738739013672e-05,False,within branch program_seconds; do not add parent
writer events,80,H6,native_target_reuse,5.465000867843628e-05,False,within branch program_seconds; do not add parent
writer events,80,H6,native_target_reuse,6.375741213560104e-05,False,within branch program_seconds; do not add parent
writer events,80,H6,native_target_reuse,6.5547414124012e-05,False,within branch program_seconds; do not add parent
writer events,80,H6,native_target_reuse,4.758499562740326e-05,False,within branch program_seconds; do not add parent
writer events,80,H6,native_target_reuse,6.235484033823013e-05,False,within branch program_seconds; do not add parent
writer events,80,H6,native_target_reuse,6.905663758516312e-05,False,within branch program_seconds; do not add parent
writer events,80,H6,native_target_reuse,6.067100912332535e-05,False,within branch program_seconds; do not add parent
writer events,80,H6,native_target_reuse,6.66910782456398e-05,False,within branch program_seconds; do not add parent
writer events,80,H6,native_target_reuse,5.449913442134857e-05,False,within branch program_seconds; do not add parent
writer events,80,H6,native_target_reuse,6.53732568025589e-05,False,within branch program_seconds; do not add parent
writer events,80,H6,native_target_reuse,4.93926927447319e-05,False,within branch program_seconds; do not add parent
writer events,80,H6,native_target_reuse,5.149655044078827e-05,False,within branch program_seconds; do not add parent
writer events,80,H6,native_target_reuse,4.495866596698761e-05,False,within branch program_seconds; do not add parent
writer events,80,H6,native_target_reuse,5.8360397815704346e-05,False,within branch program_seconds; do not add parent
writer events,80,H6,native_target_reuse,5.664769560098648e-05,False,within branch program_seconds; do not add parent
writer events,80,H6,native_target_reuse,6.472505629062653e-05,False,within branch program_seconds; do not add parent
writer events,80,H6,native_target_reuse,5.36404550075531e-05,False,within branch program_seconds; do not add parent
writer events,80,H6,native_target_reuse,6.684008985757828e-05,False,within branch program_seconds; do not add parent
writer events,80,H6,native_target_reuse,6.03795051574707e-05,False,within branch program_seconds; do not add parent
writer events,80,H6,native_target_reuse,5.40195032954216e-05,False,within branch program_seconds; do not add parent
writer events,80,H6,native_target_reuse,4.6650879085063934e-05,False,within branch program_seconds; do not add parent
writer events,80,H6,stage_observer,28.98718507308513,False,within branch program_seconds; do not add parent
writer events,80,H6,native_key,4.055073703639209,False,within branch program_seconds; do not add parent
writer events,80,H6,native_l8_residual_forward,0.4965677820146084,False,within branch program_seconds; do not add parent
writer events,80,H6,history_operand_and_diagnostic_PK,0.0700233643874526,False,within branch program_seconds; do not add parent
writer events,80,H6,native_direct_solve,0.1186076682060957,False,within branch program_seconds; do not add parent
writer events,80,H6,diagnostic_response_factor,0.41652311384677887,False,within branch program_seconds; do not add parent
writer events,80,H6,stage_observer,51.009612794965506,False,within branch program_seconds; do not add parent
writer events,80,H6,native_key,4.065992125310004,False,within branch program_seconds; do not add parent
writer events,80,H6,native_l8_residual_forward,0.4962593447417021,False,within branch program_seconds; do not add parent
writer events,80,H6,history_operand_and_diagnostic_PK,0.06997717171907425,False,within branch program_seconds; do not add parent
writer events,80,H6,native_direct_solve,0.11857064720243216,False,within branch program_seconds; do not add parent
writer events,80,H6,diagnostic_response_factor,0.43948061019182205,False,within branch program_seconds; do not add parent
writer events,80,H6,stage_observer,104.50066302996129,False,within branch program_seconds; do not add parent
writer events,80,H6,native_key,4.084519192576408,False,within branch program_seconds; do not add parent
writer events,80,H6,native_l8_residual_forward,0.497285277582705,False,within branch program_seconds; do not add parent
writer events,80,H6,history_operand_and_diagnostic_PK,6.158861990086734,False,within branch program_seconds; do not add parent
writer events,80,H6,native_direct_solve,0.118682362139225,False,within branch program_seconds; do not add parent
writer events,80,H6,diagnostic_response_factor,0.45618768967688084,False,within branch program_seconds; do not add parent
writer events,80,H6,stage_observer,104.46014406625181,False,within branch program_seconds; do not add parent
writer events,80,H6,native_key,4.07519082352519,False,within branch program_seconds; do not add parent
writer events,80,H6,native_l8_residual_forward,0.5000649616122246,False,within branch program_seconds; do not add parent
writer events,80,H6,history_operand_and_diagnostic_PK,0.07667449116706848,False,within branch program_seconds; do not add parent
writer events,80,H6,native_direct_solve,0.1185208186507225,False,within branch program_seconds; do not add parent
writer events,80,H6,diagnostic_response_factor,0.5105507150292397,False,within branch program_seconds; do not add parent
writer events,80,H6,stage_observer,51.679441679269075,False,within branch program_seconds; do not add parent
writer events,80,H6,native_key,4.083455038256943,False,within branch program_seconds; do not add parent
writer events,80,H6,native_l8_residual_forward,0.5012747440487146,False,within branch program_seconds; do not add parent
writer events,80,H6,history_operand_and_diagnostic_PK,0.0707275215536356,False,within branch program_seconds; do not add parent
writer events,80,H6,native_direct_solve,0.11866345629096031,False,within branch program_seconds; do not add parent
writer events,80,H6,diagnostic_response_factor,0.4582285527139902,False,within branch program_seconds; do not add parent
writer events,80,H6,stage_observer,86.82689021341503,False,within branch program_seconds; do not add parent
writer events,80,H6,final_l8_residual_observer,0.5196942500770092,False,within branch program_seconds; do not add parent
writer events,80,H6,native_history_key_and_instrumentation,5.108013500459492,False,within branch program_seconds; do not add parent
writer events,80,H6,native_history_key_and_instrumentation,5.1720794048160315,False,within branch program_seconds; do not add parent
writer events,80,H6,native_history_key_and_instrumentation,5.100596698001027,False,within branch program_seconds; do not add parent
writer events,80,H6,native_history_key_and_instrumentation,5.161918378435075,False,within branch program_seconds; do not add parent
writer events,80,H6,native_history_key_and_instrumentation,5.082561574876308,False,within branch program_seconds; do not add parent
writer events,80,H6,stage_observer,79.30754925124347,False,within branch program_seconds; do not add parent
writer events,80,H56,stage_observer,99.20985619165003,False,within branch program_seconds; do not add parent
writer events,80,H56,native_target_reuse,0.0014213500544428825,False,within branch program_seconds; do not add parent
writer events,80,H56,native_target_reuse,8.856505155563354e-05,False,within branch program_seconds; do not add parent
writer events,80,H56,native_target_reuse,5.3454190492630005e-05,False,within branch program_seconds; do not add parent
writer events,80,H56,native_target_reuse,8.845794945955276e-05,False,within branch program_seconds; do not add parent
writer events,80,H56,native_target_reuse,6.825476884841919e-05,False,within branch program_seconds; do not add parent
writer events,80,H56,native_target_reuse,5.389563739299774e-05,False,within branch program_seconds; do not add parent
writer events,80,H56,native_target_reuse,4.685111343860626e-05,False,within branch program_seconds; do not add parent
writer events,80,H56,native_target_reuse,4.50843945145607e-05,False,within branch program_seconds; do not add parent
writer events,80,H56,native_target_reuse,8.282903581857681e-05,False,within branch program_seconds; do not add parent
writer events,80,H56,native_target_reuse,5.8026984333992004e-05,False,within branch program_seconds; do not add parent
writer events,80,H56,native_target_reuse,5.0360336899757385e-05,False,within branch program_seconds; do not add parent
writer events,80,H56,native_target_reuse,5.02951443195343e-05,False,within branch program_seconds; do not add parent
writer events,80,H56,native_target_reuse,6.920658051967621e-05,False,within branch program_seconds; do not add parent
writer events,80,H56,native_target_reuse,6.322935223579407e-05,False,within branch program_seconds; do not add parent
writer events,80,H56,native_target_reuse,4.6836212277412415e-05,False,within branch program_seconds; do not add parent
writer events,80,H56,native_target_reuse,4.44827601313591e-05,False,within branch program_seconds; do not add parent
writer events,80,H56,native_target_reuse,6.30747526884079e-05,False,within branch program_seconds; do not add parent
writer events,80,H56,native_target_reuse,4.8702582716941833e-05,False,within branch program_seconds; do not add parent
writer events,80,H56,native_target_reuse,4.82192263007164e-05,False,within branch program_seconds; do not add parent
writer events,80,H56,native_target_reuse,6.083119660615921e-05,False,within branch program_seconds; do not add parent
writer events,80,H56,native_target_reuse,6.795115768909454e-05,False,within branch program_seconds; do not add parent
writer events,80,H56,native_target_reuse,5.436129868030548e-05,False,within branch program_seconds; do not add parent
writer events,80,H56,native_target_reuse,4.9938447773456573e-05,False,within branch program_seconds; do not add parent
writer events,80,H56,native_target_reuse,4.52650710940361e-05,False,within branch program_seconds; do not add parent
writer events,80,H56,native_target_reuse,6.204936653375626e-05,False,within branch program_seconds; do not add parent
writer events,80,H56,native_target_reuse,4.6727247536182404e-05,False,within branch program_seconds; do not add parent
writer events,80,H56,native_target_reuse,4.356168210506439e-05,False,within branch program_seconds; do not add parent
writer events,80,H56,native_target_reuse,4.666019231081009e-05,False,within branch program_seconds; do not add parent
writer events,80,H56,native_target_reuse,6.334111094474792e-05,False,within branch program_seconds; do not add parent
writer events,80,H56,native_target_reuse,6.075482815504074e-05,False,within branch program_seconds; do not add parent
writer events,80,H56,native_target_reuse,4.921574145555496e-05,False,within branch program_seconds; do not add parent
writer events,80,H56,native_target_reuse,5.737971514463425e-05,False,within branch program_seconds; do not add parent
writer events,80,H56,native_target_reuse,6.274878978729248e-05,False,within branch program_seconds; do not add parent
writer events,80,H56,native_target_reuse,5.2595511078834534e-05,False,within branch program_seconds; do not add parent
writer events,80,H56,native_target_reuse,5.170423537492752e-05,False,within branch program_seconds; do not add parent
writer events,80,H56,native_target_reuse,5.721580237150192e-05,False,within branch program_seconds; do not add parent
writer events,80,H56,native_target_reuse,5.542486906051636e-05,False,within branch program_seconds; do not add parent
writer events,80,H56,native_target_reuse,4.612281918525696e-05,False,within branch program_seconds; do not add parent
writer events,80,H56,native_target_reuse,4.819314926862717e-05,False,within branch program_seconds; do not add parent
writer events,80,H56,native_target_reuse,4.4294632971286774e-05,False,within branch program_seconds; do not add parent
writer events,80,H56,native_target_reuse,7.294490933418274e-05,False,within branch program_seconds; do not add parent
writer events,80,H56,native_target_reuse,5.945097655057907e-05,False,within branch program_seconds; do not add parent
writer events,80,H56,native_target_reuse,4.782527685165405e-05,False,within branch program_seconds; do not add parent
writer events,80,H56,native_target_reuse,4.756823182106018e-05,False,within branch program_seconds; do not add parent
writer events,80,H56,native_target_reuse,6.092339754104614e-05,False,within branch program_seconds; do not add parent
writer events,80,H56,native_target_reuse,5.708448588848114e-05,False,within branch program_seconds; do not add parent
writer events,80,H56,native_target_reuse,4.466623067855835e-05,False,within branch program_seconds; do not add parent
writer events,80,H56,native_target_reuse,4.317332059144974e-05,False,within branch program_seconds; do not add parent
writer events,80,H56,native_target_reuse,5.511380732059479e-05,False,within branch program_seconds; do not add parent
writer events,80,H56,native_target_reuse,4.9890950322151184e-05,False,within branch program_seconds; do not add parent
writer events,80,H56,native_target_reuse,4.302244633436203e-05,False,within branch program_seconds; do not add parent
writer events,80,H56,native_target_reuse,5.3661875426769257e-05,False,within branch program_seconds; do not add parent
writer events,80,H56,native_target_reuse,6.607174873352051e-05,False,within branch program_seconds; do not add parent
writer events,80,H56,native_target_reuse,5.1487237215042114e-05,False,within branch program_seconds; do not add parent
writer events,80,H56,native_target_reuse,4.640500992536545e-05,False,within branch program_seconds; do not add parent
writer events,80,H56,native_target_reuse,4.621781408786774e-05,False,within branch program_seconds; do not add parent
writer events,80,H56,native_target_reuse,6.0245394706726074e-05,False,within branch program_seconds; do not add parent
writer events,80,H56,native_target_reuse,4.996359348297119e-05,False,within branch program_seconds; do not add parent
writer events,80,H56,native_target_reuse,4.3550506234169006e-05,False,within branch program_seconds; do not add parent
writer events,80,H56,native_target_reuse,4.584901034832001e-05,False,within branch program_seconds; do not add parent
writer events,80,H56,native_target_reuse,5.8244913816452026e-05,False,within branch program_seconds; do not add parent
writer events,80,H56,native_target_reuse,4.8955902457237244e-05,False,within branch program_seconds; do not add parent
writer events,80,H56,native_target_reuse,4.765298217535019e-05,False,within branch program_seconds; do not add parent
writer events,80,H56,native_target_reuse,5.137734115123749e-05,False,within branch program_seconds; do not add parent
writer events,80,H56,native_target_reuse,6.687827408313751e-05,False,within branch program_seconds; do not add parent
writer events,80,H56,native_target_reuse,5.50542026758194e-05,False,within branch program_seconds; do not add parent
writer events,80,H56,native_target_reuse,4.6582892537117004e-05,False,within branch program_seconds; do not add parent
writer events,80,H56,native_target_reuse,4.951842129230499e-05,False,within branch program_seconds; do not add parent
writer events,80,H56,native_target_reuse,7.037259638309479e-05,False,within branch program_seconds; do not add parent
writer events,80,H56,native_target_reuse,4.9639493227005005e-05,False,within branch program_seconds; do not add parent
writer events,80,H56,native_target_reuse,4.628952592611313e-05,False,within branch program_seconds; do not add parent
writer events,80,H56,native_target_reuse,4.340801388025284e-05,False,within branch program_seconds; do not add parent
writer events,80,H56,native_target_reuse,6.31650909781456e-05,False,within branch program_seconds; do not add parent
writer events,80,H56,native_target_reuse,4.664622247219086e-05,False,within branch program_seconds; do not add parent
writer events,80,H56,native_target_reuse,4.4372864067554474e-05,False,within branch program_seconds; do not add parent
writer events,80,H56,native_target_reuse,4.5301392674446106e-05,False,within branch program_seconds; do not add parent
writer events,80,H56,native_target_reuse,6.050523370504379e-05,False,within branch program_seconds; do not add parent
writer events,80,H56,native_target_reuse,4.8611313104629517e-05,False,within branch program_seconds; do not add parent
writer events,80,H56,native_target_reuse,5.015730857849121e-05,False,within branch program_seconds; do not add parent
writer events,80,H56,native_target_reuse,5.179643630981445e-05,False,within branch program_seconds; do not add parent
writer events,80,H56,native_target_reuse,6.824173033237457e-05,False,within branch program_seconds; do not add parent
writer events,80,H56,native_target_reuse,4.91458922624588e-05,False,within branch program_seconds; do not add parent
writer events,80,H56,native_target_reuse,4.6498142182826996e-05,False,within branch program_seconds; do not add parent
writer events,80,H56,native_target_reuse,4.575587809085846e-05,False,within branch program_seconds; do not add parent
writer events,80,H56,native_target_reuse,6.008613854646683e-05,False,within branch program_seconds; do not add parent
writer events,80,H56,native_target_reuse,5.293171852827072e-05,False,within branch program_seconds; do not add parent
writer events,80,H56,native_target_reuse,5.136243999004364e-05,False,within branch program_seconds; do not add parent
writer events,80,H56,native_target_reuse,5.05177304148674e-05,False,within branch program_seconds; do not add parent
writer events,80,H56,native_target_reuse,6.563961505889893e-05,False,within branch program_seconds; do not add parent
writer events,80,H56,native_target_reuse,5.006883293390274e-05,False,within branch program_seconds; do not add parent
writer events,80,H56,native_target_reuse,4.9960799515247345e-05,False,within branch program_seconds; do not add parent
writer events,80,H56,native_target_reuse,4.9105845391750336e-05,False,within branch program_seconds; do not add parent
writer events,80,H56,native_target_reuse,5.534011870622635e-05,False,within branch program_seconds; do not add parent
writer events,80,H56,native_target_reuse,4.903972148895264e-05,False,within branch program_seconds; do not add parent
writer events,80,H56,native_target_reuse,4.752259701490402e-05,False,within branch program_seconds; do not add parent
writer events,80,H56,native_target_reuse,4.562456160783768e-05,False,within branch program_seconds; do not add parent
writer events,80,H56,native_target_reuse,6.357207894325256e-05,False,within branch program_seconds; do not add parent
writer events,80,H56,native_target_reuse,4.667788743972778e-05,False,within branch program_seconds; do not add parent
writer events,80,H56,native_target_reuse,4.83635812997818e-05,False,within branch program_seconds; do not add parent
writer events,80,H56,native_target_reuse,5.363579839468002e-05,False,within branch program_seconds; do not add parent
writer events,80,H56,stage_observer,28.145261687226593,False,within branch program_seconds; do not add parent
writer events,80,H56,native_key,4.064628567546606,False,within branch program_seconds; do not add parent
writer events,80,H56,native_l8_residual_forward,0.4974110694602132,False,within branch program_seconds; do not add parent
writer events,80,H56,history_operand_and_diagnostic_PK,0.07283804565668106,False,within branch program_seconds; do not add parent
writer events,80,H56,native_direct_solve,0.11866557691246271,False,within branch program_seconds; do not add parent
writer events,80,H56,diagnostic_response_factor,0.4330712575465441,False,within branch program_seconds; do not add parent
writer events,80,H56,stage_observer,49.82724247965962,False,within branch program_seconds; do not add parent
writer events,80,H56,native_key,4.080037096515298,False,within branch program_seconds; do not add parent
writer events,80,H56,native_l8_residual_forward,0.4973681066185236,False,within branch program_seconds; do not add parent
writer events,80,H56,history_operand_and_diagnostic_PK,7.833467869088054,False,within branch program_seconds; do not add parent
writer events,80,H56,native_direct_solve,0.12020788714289665,False,within branch program_seconds; do not add parent
writer events,80,H56,diagnostic_response_factor,0.43466055300086737,False,within branch program_seconds; do not add parent
writer events,80,H56,stage_observer,104.62036312837154,False,within branch program_seconds; do not add parent
writer events,80,H56,native_key,4.08607998304069,False,within branch program_seconds; do not add parent
writer events,80,H56,native_l8_residual_forward,0.4975248882547021,False,within branch program_seconds; do not add parent
writer events,80,H56,history_operand_and_diagnostic_PK,6.8654002929106355,False,within branch program_seconds; do not add parent
writer events,80,H56,native_direct_solve,0.1189650222659111,False,within branch program_seconds; do not add parent
writer events,80,H56,diagnostic_response_factor,0.48864219058305025,False,within branch program_seconds; do not add parent
writer events,80,H56,stage_observer,107.71318124234676,False,within branch program_seconds; do not add parent
writer events,80,H56,native_key,4.088983718305826,False,within branch program_seconds; do not add parent
writer events,80,H56,native_l8_residual_forward,0.5014191148802638,False,within branch program_seconds; do not add parent
writer events,80,H56,history_operand_and_diagnostic_PK,0.07308030035346746,False,within branch program_seconds; do not add parent
writer events,80,H56,native_direct_solve,0.11866171844303608,False,within branch program_seconds; do not add parent
writer events,80,H56,diagnostic_response_factor,0.4915261063724756,False,within branch program_seconds; do not add parent
writer events,80,H56,stage_observer,49.95673547498882,False,within branch program_seconds; do not add parent
writer events,80,H56,native_key,4.0836978321895,False,within branch program_seconds; do not add parent
writer events,80,H56,native_l8_residual_forward,0.5017855865880847,False,within branch program_seconds; do not add parent
writer events,80,H56,history_operand_and_diagnostic_PK,0.07250983454287052,False,within branch program_seconds; do not add parent
writer events,80,H56,native_direct_solve,0.1186740854755044,False,within branch program_seconds; do not add parent
writer events,80,H56,diagnostic_response_factor,0.4539229292422533,False,within branch program_seconds; do not add parent
writer events,80,H56,stage_observer,86.36313260532916,False,within branch program_seconds; do not add parent
writer events,80,H56,final_l8_residual_observer,0.5227036131545901,False,within branch program_seconds; do not add parent
writer events,80,H56,native_history_key_and_instrumentation,5.173264202661812,False,within branch program_seconds; do not add parent
writer events,80,H56,native_history_key_and_instrumentation,5.196122927591205,False,within branch program_seconds; do not add parent
writer events,80,H56,native_history_key_and_instrumentation,5.192685183137655,False,within branch program_seconds; do not add parent
writer events,80,H56,native_history_key_and_instrumentation,5.188432723283768,False,within branch program_seconds; do not add parent
writer events,80,H56,native_history_key_and_instrumentation,5.191556333564222,False,within branch program_seconds; do not add parent
writer events,80,H56,stage_observer,77.87944262009114,False,within branch program_seconds; do not add parent
writer events,80,MASS56,stage_observer,98.46925535425544,False,within branch program_seconds; do not add parent
writer events,80,MASS56,native_target_reuse,0.0014208108186721802,False,within branch program_seconds; do not add parent
writer events,80,MASS56,native_target_reuse,0.0001346943899989128,False,within branch program_seconds; do not add parent
writer events,80,MASS56,native_target_reuse,6.723590195178986e-05,False,within branch program_seconds; do not add parent
writer events,80,MASS56,native_target_reuse,5.0737522542476654e-05,False,within branch program_seconds; do not add parent
writer events,80,MASS56,native_target_reuse,7.115211337804794e-05,False,within branch program_seconds; do not add parent
writer events,80,MASS56,native_target_reuse,5.2498653531074524e-05,False,within branch program_seconds; do not add parent
writer events,80,MASS56,native_target_reuse,4.634261131286621e-05,False,within branch program_seconds; do not add parent
writer events,80,MASS56,native_target_reuse,4.929862916469574e-05,False,within branch program_seconds; do not add parent
writer events,80,MASS56,native_target_reuse,6.69620931148529e-05,False,within branch program_seconds; do not add parent
writer events,80,MASS56,native_target_reuse,5.290564149618149e-05,False,within branch program_seconds; do not add parent
writer events,80,MASS56,native_target_reuse,5.275476723909378e-05,False,within branch program_seconds; do not add parent
writer events,80,MASS56,native_target_reuse,4.639569669961929e-05,False,within branch program_seconds; do not add parent
writer events,80,MASS56,native_target_reuse,6.34361058473587e-05,False,within branch program_seconds; do not add parent
writer events,80,MASS56,native_target_reuse,5.345325917005539e-05,False,within branch program_seconds; do not add parent
writer events,80,MASS56,native_target_reuse,4.646368324756622e-05,False,within branch program_seconds; do not add parent
writer events,80,MASS56,native_target_reuse,6.0142017900943756e-05,False,within branch program_seconds; do not add parent
writer events,80,MASS56,native_target_reuse,6.130989640951157e-05,False,within branch program_seconds; do not add parent
writer events,80,MASS56,native_target_reuse,7.223151624202728e-05,False,within branch program_seconds; do not add parent
writer events,80,MASS56,native_target_reuse,4.85200434923172e-05,False,within branch program_seconds; do not add parent
writer events,80,MASS56,native_target_reuse,5.104672163724899e-05,False,within branch program_seconds; do not add parent
writer events,80,MASS56,native_target_reuse,8.94889235496521e-05,False,within branch program_seconds; do not add parent
writer events,80,MASS56,native_target_reuse,5.634967237710953e-05,False,within branch program_seconds; do not add parent
writer events,80,MASS56,native_target_reuse,5.0640664994716644e-05,False,within branch program_seconds; do not add parent
writer events,80,MASS56,native_target_reuse,4.758499562740326e-05,False,within branch program_seconds; do not add parent
writer events,80,MASS56,native_target_reuse,6.514787673950195e-05,False,within branch program_seconds; do not add parent
writer events,80,MASS56,native_target_reuse,0.00010133720934391022,False,within branch program_seconds; do not add parent
writer events,80,MASS56,native_target_reuse,4.6523287892341614e-05,False,within branch program_seconds; do not add parent
writer events,80,MASS56,native_target_reuse,4.4024549424648285e-05,False,within branch program_seconds; do not add parent
writer events,80,MASS56,native_target_reuse,5.5761076509952545e-05,False,within branch program_seconds; do not add parent
writer events,80,MASS56,native_target_reuse,4.854518920183182e-05,False,within branch program_seconds; do not add parent
writer events,80,MASS56,native_target_reuse,4.920829087495804e-05,False,within branch program_seconds; do not add parent
writer events,80,MASS56,native_target_reuse,5.01386821269989e-05,False,within branch program_seconds; do not add parent
writer events,80,MASS56,native_target_reuse,6.147194653749466e-05,False,within branch program_seconds; do not add parent
writer events,80,MASS56,native_target_reuse,5.4943375289440155e-05,False,within branch program_seconds; do not add parent
writer events,80,MASS56,native_target_reuse,4.773959517478943e-05,False,within branch program_seconds; do not add parent
writer events,80,MASS56,native_target_reuse,4.766695201396942e-05,False,within branch program_seconds; do not add parent
writer events,80,MASS56,native_target_reuse,6.934069097042084e-05,False,within branch program_seconds; do not add parent
writer events,80,MASS56,native_target_reuse,4.419032484292984e-05,False,within branch program_seconds; do not add parent
writer events,80,MASS56,native_target_reuse,4.4405460357666016e-05,False,within branch program_seconds; do not add parent
writer events,80,MASS56,native_target_reuse,4.328135401010513e-05,False,within branch program_seconds; do not add parent
writer events,80,MASS56,native_target_reuse,5.841348320245743e-05,False,within branch program_seconds; do not add parent
writer events,80,MASS56,native_target_reuse,4.2409636080265045e-05,False,within branch program_seconds; do not add parent
writer events,80,MASS56,native_target_reuse,4.9775466322898865e-05,False,within branch program_seconds; do not add parent
writer events,80,MASS56,native_target_reuse,5.115382373332977e-05,False,within branch program_seconds; do not add parent
writer events,80,MASS56,native_target_reuse,6.188172847032547e-05,False,within branch program_seconds; do not add parent
writer events,80,MASS56,native_target_reuse,4.9435533583164215e-05,False,within branch program_seconds; do not add parent
writer events,80,MASS56,native_target_reuse,4.928000271320343e-05,False,within branch program_seconds; do not add parent
writer events,80,MASS56,native_target_reuse,4.6844594180583954e-05,False,within branch program_seconds; do not add parent
writer events,80,MASS56,native_target_reuse,5.530286580324173e-05,False,within branch program_seconds; do not add parent
writer events,80,MASS56,native_target_reuse,4.9105845391750336e-05,False,within branch program_seconds; do not add parent
writer events,80,MASS56,native_target_reuse,4.259031265974045e-05,False,within branch program_seconds; do not add parent
writer events,80,MASS56,native_target_reuse,4.390347748994827e-05,False,within branch program_seconds; do not add parent
writer events,80,MASS56,native_target_reuse,5.3758732974529266e-05,False,within branch program_seconds; do not add parent
writer events,80,MASS56,native_target_reuse,5.896110087633133e-05,False,within branch program_seconds; do not add parent
writer events,80,MASS56,native_target_reuse,4.5291148126125336e-05,False,within branch program_seconds; do not add parent
writer events,80,MASS56,native_target_reuse,4.668626934289932e-05,False,within branch program_seconds; do not add parent
writer events,80,MASS56,native_target_reuse,5.882326513528824e-05,False,within branch program_seconds; do not add parent
writer events,80,MASS56,native_target_reuse,5.2595511078834534e-05,False,within branch program_seconds; do not add parent
writer events,80,MASS56,native_target_reuse,4.587136209011078e-05,False,within branch program_seconds; do not add parent
writer events,80,MASS56,native_target_reuse,4.6856701374053955e-05,False,within branch program_seconds; do not add parent
writer events,80,MASS56,native_target_reuse,5.798041820526123e-05,False,within branch program_seconds; do not add parent
writer events,80,MASS56,native_target_reuse,5.332473665475845e-05,False,within branch program_seconds; do not add parent
writer events,80,MASS56,native_target_reuse,4.766695201396942e-05,False,within branch program_seconds; do not add parent
writer events,80,MASS56,native_target_reuse,4.5243650674819946e-05,False,within branch program_seconds; do not add parent
writer events,80,MASS56,native_target_reuse,6.101932376623154e-05,False,within branch program_seconds; do not add parent
writer events,80,MASS56,native_target_reuse,4.729814827442169e-05,False,within branch program_seconds; do not add parent
writer events,80,MASS56,native_target_reuse,5.1917508244514465e-05,False,within branch program_seconds; do not add parent
writer events,80,MASS56,native_target_reuse,5.4086558520793915e-05,False,within branch program_seconds; do not add parent
writer events,80,MASS56,native_target_reuse,5.937647074460983e-05,False,within branch program_seconds; do not add parent
writer events,80,MASS56,native_target_reuse,5.140434950590134e-05,False,within branch program_seconds; do not add parent
writer events,80,MASS56,native_target_reuse,5.969870835542679e-05,False,within branch program_seconds; do not add parent
writer events,80,MASS56,native_target_reuse,5.522090941667557e-05,False,within branch program_seconds; do not add parent
writer events,80,MASS56,native_target_reuse,5.9709884226322174e-05,False,within branch program_seconds; do not add parent
writer events,80,MASS56,native_target_reuse,4.505366086959839e-05,False,within branch program_seconds; do not add parent
writer events,80,MASS56,native_target_reuse,4.352349787950516e-05,False,within branch program_seconds; do not add parent
writer events,80,MASS56,native_target_reuse,4.621874541044235e-05,False,within branch program_seconds; do not add parent
writer events,80,MASS56,native_target_reuse,5.7316385209560394e-05,False,within branch program_seconds; do not add parent
writer events,80,MASS56,native_target_reuse,5.068536847829819e-05,False,within branch program_seconds; do not add parent
writer events,80,MASS56,native_target_reuse,5.4115429520606995e-05,False,within branch program_seconds; do not add parent
writer events,80,MASS56,native_target_reuse,5.366094410419464e-05,False,within branch program_seconds; do not add parent
writer events,80,MASS56,native_target_reuse,6.134621798992157e-05,False,within branch program_seconds; do not add parent
writer events,80,MASS56,native_target_reuse,5.039013922214508e-05,False,within branch program_seconds; do not add parent
writer events,80,MASS56,native_target_reuse,5.596131086349487e-05,False,within branch program_seconds; do not add parent
writer events,80,MASS56,native_target_reuse,5.84358349442482e-05,False,within branch program_seconds; do not add parent
writer events,80,MASS56,native_target_reuse,5.54695725440979e-05,False,within branch program_seconds; do not add parent
writer events,80,MASS56,native_target_reuse,4.5238062739372253e-05,False,within branch program_seconds; do not add parent
writer events,80,MASS56,native_target_reuse,5.117151886224747e-05,False,within branch program_seconds; do not add parent
writer events,80,MASS56,native_target_reuse,5.8924779295921326e-05,False,within branch program_seconds; do not add parent
writer events,80,MASS56,native_target_reuse,6.032921373844147e-05,False,within branch program_seconds; do not add parent
writer events,80,MASS56,native_target_reuse,5.713198333978653e-05,False,within branch program_seconds; do not add parent
writer events,80,MASS56,native_target_reuse,4.888605326414108e-05,False,within branch program_seconds; do not add parent
writer events,80,MASS56,native_target_reuse,4.764460027217865e-05,False,within branch program_seconds; do not add parent
writer events,80,MASS56,native_target_reuse,5.680229514837265e-05,False,within branch program_seconds; do not add parent
writer events,80,MASS56,native_target_reuse,5.5235810577869415e-05,False,within branch program_seconds; do not add parent
writer events,80,MASS56,native_target_reuse,4.7293491661548615e-05,False,within branch program_seconds; do not add parent
writer events,80,MASS56,native_target_reuse,4.625041037797928e-05,False,within branch program_seconds; do not add parent
writer events,80,MASS56,native_target_reuse,6.200931966304779e-05,False,within branch program_seconds; do not add parent
writer events,80,MASS56,native_target_reuse,4.69917431473732e-05,False,within branch program_seconds; do not add parent
writer events,80,MASS56,native_target_reuse,5.7884491980075836e-05,False,within branch program_seconds; do not add parent
writer events,80,MASS56,native_target_reuse,4.593934863805771e-05,False,within branch program_seconds; do not add parent
writer events,80,MASS56,stage_observer,28.113348834216595,False,within branch program_seconds; do not add parent
writer events,80,MASS56,native_key,4.060891542583704,False,within branch program_seconds; do not add parent
writer events,80,MASS56,native_l8_residual_forward,0.496825372800231,False,within branch program_seconds; do not add parent
writer events,80,MASS56,history_operand_and_diagnostic_PK,0.07043788116425276,False,within branch program_seconds; do not add parent
writer events,80,MASS56,native_direct_solve,0.11868400312960148,False,within branch program_seconds; do not add parent
writer events,80,MASS56,diagnostic_response_factor,0.4318425990641117,False,within branch program_seconds; do not add parent
writer events,80,MASS56,stage_observer,52.1119322758168,False,within branch program_seconds; do not add parent
writer events,80,MASS56,native_key,4.0719899432733655,False,within branch program_seconds; do not add parent
writer events,80,MASS56,native_l8_residual_forward,0.49776270147413015,False,within branch program_seconds; do not add parent
writer events,80,MASS56,history_operand_and_diagnostic_PK,7.7717213137075305,False,within branch program_seconds; do not add parent
writer events,80,MASS56,native_direct_solve,0.11884774919599295,False,within branch program_seconds; do not add parent
writer events,80,MASS56,diagnostic_response_factor,0.42725320905447006,False,within branch program_seconds; do not add parent
writer events,80,MASS56,stage_observer,107.90585743263364,False,within branch program_seconds; do not add parent
writer events,80,MASS56,native_key,4.085552163422108,False,within branch program_seconds; do not add parent
writer events,80,MASS56,native_l8_residual_forward,0.4980853144079447,False,within branch program_seconds; do not add parent
writer events,80,MASS56,history_operand_and_diagnostic_PK,7.522091872990131,False,within branch program_seconds; do not add parent
writer events,80,MASS56,native_direct_solve,0.1190075483173132,False,within branch program_seconds; do not add parent
writer events,80,MASS56,diagnostic_response_factor,0.49801917746663094,False,within branch program_seconds; do not add parent
writer events,80,MASS56,stage_observer,107.61885852273554,False,within branch program_seconds; do not add parent
writer events,80,MASS56,native_key,4.081434726715088,False,within branch program_seconds; do not add parent
writer events,80,MASS56,native_l8_residual_forward,0.5018348153680563,False,within branch program_seconds; do not add parent
writer events,80,MASS56,history_operand_and_diagnostic_PK,0.07132402714341879,False,within branch program_seconds; do not add parent
writer events,80,MASS56,native_direct_solve,0.11868075281381607,False,within branch program_seconds; do not add parent
writer events,80,MASS56,diagnostic_response_factor,0.4657852314412594,False,within branch program_seconds; do not add parent
writer events,80,MASS56,stage_observer,51.98648926522583,False,within branch program_seconds; do not add parent
writer events,80,MASS56,native_key,4.0811508391052485,False,within branch program_seconds; do not add parent
writer events,80,MASS56,native_l8_residual_forward,0.5021745776757598,False,within branch program_seconds; do not add parent
writer events,80,MASS56,history_operand_and_diagnostic_PK,0.07064707390964031,False,within branch program_seconds; do not add parent
writer events,80,MASS56,native_direct_solve,0.11855952348560095,False,within branch program_seconds; do not add parent
writer events,80,MASS56,diagnostic_response_factor,0.4653768530115485,False,within branch program_seconds; do not add parent
writer events,80,MASS56,stage_observer,83.54768197704107,False,within branch program_seconds; do not add parent
writer events,80,MASS56,final_l8_residual_observer,0.5225326493382454,False,within branch program_seconds; do not add parent
writer events,80,MASS56,native_history_key_and_instrumentation,7.077882198616862,False,within branch program_seconds; do not add parent
writer events,80,MASS56,native_history_key_and_instrumentation,4.770025345496833,False,within branch program_seconds; do not add parent
writer events,80,MASS56,native_history_key_and_instrumentation,4.787792871706188,False,within branch program_seconds; do not add parent
writer events,80,MASS56,native_history_key_and_instrumentation,4.786345669068396,False,within branch program_seconds; do not add parent
writer events,80,MASS56,native_history_key_and_instrumentation,4.765509098768234,False,within branch program_seconds; do not add parent
writer events,80,MASS56,stage_observer,76.22924043890089,False,within branch program_seconds; do not add parent
writer events,90,NATIVE,stage_observer,93.62705790624022,False,within branch program_seconds; do not add parent
writer events,90,NATIVE,native_target,2.2536403397098184,False,within branch program_seconds; do not add parent
writer events,90,NATIVE,native_target,0.4478981113061309,False,within branch program_seconds; do not add parent
writer events,90,NATIVE,native_target,0.7834741622209549,False,within branch program_seconds; do not add parent
writer events,90,NATIVE,native_target,0.9415219156071544,False,within branch program_seconds; do not add parent
writer events,90,NATIVE,native_target,0.6031139669939876,False,within branch program_seconds; do not add parent
writer events,90,NATIVE,native_target,0.42583321686834097,False,within branch program_seconds; do not add parent
writer events,90,NATIVE,native_target,1.1841785069555044,False,within branch program_seconds; do not add parent
writer events,90,NATIVE,native_target,0.45046931877732277,False,within branch program_seconds; do not add parent
writer events,90,NATIVE,native_target,0.42475554905831814,False,within branch program_seconds; do not add parent
writer events,90,NATIVE,native_target,0.6949538802728057,False,within branch program_seconds; do not add parent
writer events,90,NATIVE,native_target,0.6952554751187563,False,within branch program_seconds; do not add parent
writer events,90,NATIVE,native_target,0.873194133862853,False,within branch program_seconds; do not add parent
writer events,90,NATIVE,native_target,0.5166233293712139,False,within branch program_seconds; do not add parent
writer events,90,NATIVE,native_target,1.3195701064541936,False,within branch program_seconds; do not add parent
writer events,90,NATIVE,native_target,1.6117123635485768,False,within branch program_seconds; do not add parent
writer events,90,NATIVE,native_target,0.5904901772737503,False,within branch program_seconds; do not add parent
writer events,90,NATIVE,native_target,0.5753642469644547,False,within branch program_seconds; do not add parent
writer events,90,NATIVE,native_target,0.7236758433282375,False,within branch program_seconds; do not add parent
writer events,90,NATIVE,native_target,0.5777861680835485,False,within branch program_seconds; do not add parent
writer events,90,NATIVE,native_target,0.24051733128726482,False,within branch program_seconds; do not add parent
writer events,90,NATIVE,native_target,2.24463673774153,False,within branch program_seconds; do not add parent
writer events,90,NATIVE,native_target,0.8571756277233362,False,within branch program_seconds; do not add parent
writer events,90,NATIVE,native_target,1.2548301322385669,False,within branch program_seconds; do not add parent
writer events,90,NATIVE,native_target,1.5684541091322899,False,within branch program_seconds; do not add parent
writer events,90,NATIVE,native_target,3.0678745480254292,False,within branch program_seconds; do not add parent
writer events,90,NATIVE,native_target,1.4301867159083486,False,within branch program_seconds; do not add parent
writer events,90,NATIVE,native_target,0.32538705598562956,False,within branch program_seconds; do not add parent
writer events,90,NATIVE,native_target,0.8828480038791895,False,within branch program_seconds; do not add parent
writer events,90,NATIVE,native_target,0.2032776167616248,False,within branch program_seconds; do not add parent
writer events,90,NATIVE,native_target,0.8231410812586546,False,within branch program_seconds; do not add parent
writer events,90,NATIVE,native_target,1.03650186304003,False,within branch program_seconds; do not add parent
writer events,90,NATIVE,native_target,0.855007360689342,False,within branch program_seconds; do not add parent
writer events,90,NATIVE,native_target,0.6998536149039865,False,within branch program_seconds; do not add parent
writer events,90,NATIVE,native_target,1.8187526846304536,False,within branch program_seconds; do not add parent
writer events,90,NATIVE,native_target,0.5928975529968739,False,within branch program_seconds; do not add parent
writer events,90,NATIVE,native_target,2.251835181377828,False,within branch program_seconds; do not add parent
writer events,90,NATIVE,native_target,0.4136132141575217,False,within branch program_seconds; do not add parent
writer events,90,NATIVE,native_target,0.69333091750741,False,within branch program_seconds; do not add parent
writer events,90,NATIVE,native_target,0.6991404164582491,False,within branch program_seconds; do not add parent
writer events,90,NATIVE,native_target,0.6959693431854248,False,within branch program_seconds; do not add parent
writer events,90,NATIVE,native_target,2.188410844653845,False,within branch program_seconds; do not add parent
writer events,90,NATIVE,native_target,1.066440056078136,False,within branch program_seconds; do not add parent
writer events,90,NATIVE,native_target,1.3086799457669258,False,within branch program_seconds; do not add parent
writer events,90,NATIVE,native_target,0.24391046911478043,False,within branch program_seconds; do not add parent
writer events,90,NATIVE,native_target,1.1971875997260213,False,within branch program_seconds; do not add parent
writer events,90,NATIVE,native_target,0.42661491595208645,False,within branch program_seconds; do not add parent
writer events,90,NATIVE,native_target,0.3253801502287388,False,within branch program_seconds; do not add parent
writer events,90,NATIVE,native_target,0.3319696467369795,False,within branch program_seconds; do not add parent
writer events,90,NATIVE,native_target,1.186493657529354,False,within branch program_seconds; do not add parent
writer events,90,NATIVE,native_target,0.7847580490633845,False,within branch program_seconds; do not add parent
writer events,90,NATIVE,native_target,0.8243671832606196,False,within branch program_seconds; do not add parent
writer events,90,NATIVE,native_target,1.444807373918593,False,within branch program_seconds; do not add parent
writer events,90,NATIVE,native_target,0.694697018712759,False,within branch program_seconds; do not add parent
writer events,90,NATIVE,native_target,0.5929201198741794,False,within branch program_seconds; do not add parent
writer events,90,NATIVE,native_target,2.2289927285164595,False,within branch program_seconds; do not add parent
writer events,90,NATIVE,native_target,2.252574859187007,False,within branch program_seconds; do not add parent
writer events,90,NATIVE,native_target,0.32551172841340303,False,within branch program_seconds; do not add parent
writer events,90,NATIVE,native_target,0.5957586318254471,False,within branch program_seconds; do not add parent
writer events,90,NATIVE,native_target,0.5721075376495719,False,within branch program_seconds; do not add parent
writer events,90,NATIVE,native_target,0.5163605101406574,False,within branch program_seconds; do not add parent
writer events,90,NATIVE,native_target,0.8187201740220189,False,within branch program_seconds; do not add parent
writer events,90,NATIVE,native_target,0.9381175916641951,False,within branch program_seconds; do not add parent
writer events,90,NATIVE,native_target,0.6033543534576893,False,within branch program_seconds; do not add parent
writer events,90,NATIVE,native_target,0.5122881354764104,False,within branch program_seconds; do not add parent
writer events,90,NATIVE,native_target,1.1227116165682673,False,within branch program_seconds; do not add parent
writer events,90,NATIVE,native_target,0.3350984761491418,False,within branch program_seconds; do not add parent
writer events,90,NATIVE,native_target,1.157751752063632,False,within branch program_seconds; do not add parent
writer events,90,NATIVE,native_target,0.6998619632795453,False,within branch program_seconds; do not add parent
writer events,90,NATIVE,native_target,1.0671309130266309,False,within branch program_seconds; do not add parent
writer events,90,NATIVE,native_target,3.277413927949965,False,within branch program_seconds; do not add parent
writer events,90,NATIVE,native_target,0.8760639326646924,False,within branch program_seconds; do not add parent
writer events,90,NATIVE,native_target,2.1910786582157016,False,within branch program_seconds; do not add parent
writer events,90,NATIVE,native_target,0.33782595582306385,False,within branch program_seconds; do not add parent
writer events,90,NATIVE,native_target,0.6938105970621109,False,within branch program_seconds; do not add parent
writer events,90,NATIVE,native_target,1.8038684464991093,False,within branch program_seconds; do not add parent
writer events,90,NATIVE,native_target,0.7011634735390544,False,within branch program_seconds; do not add parent
writer events,90,NATIVE,native_target,1.3423839071765542,False,within branch program_seconds; do not add parent
writer events,90,NATIVE,native_target,0.236740511842072,False,within branch program_seconds; do not add parent
writer events,90,NATIVE,native_target,0.6941562788560987,False,within branch program_seconds; do not add parent
writer events,90,NATIVE,native_target,0.4479765873402357,False,within branch program_seconds; do not add parent
writer events,90,NATIVE,native_target,0.8181514730677009,False,within branch program_seconds; do not add parent
writer events,90,NATIVE,native_target,0.3255170229822397,False,within branch program_seconds; do not add parent
writer events,90,NATIVE,native_target,1.1856336006894708,False,within branch program_seconds; do not add parent
writer events,90,NATIVE,native_target,0.6092836828902364,False,within branch program_seconds; do not add parent
writer events,90,NATIVE,native_target,0.5172852873802185,False,within branch program_seconds; do not add parent
writer events,90,NATIVE,native_target,0.7848238218575716,False,within branch program_seconds; do not add parent
writer events,90,NATIVE,native_target,0.5025557754561305,False,within branch program_seconds; do not add parent
writer events,90,NATIVE,native_target,2.240414159372449,False,within branch program_seconds; do not add parent
writer events,90,NATIVE,native_target,1.7809240650385618,False,within branch program_seconds; do not add parent
writer events,90,NATIVE,native_target,0.5122467931360006,False,within branch program_seconds; do not add parent
writer events,90,NATIVE,native_target,0.5712335798889399,False,within branch program_seconds; do not add parent
writer events,90,NATIVE,native_target,0.62396389991045,False,within branch program_seconds; do not add parent
writer events,90,NATIVE,native_target,1.9323861189186573,False,within branch program_seconds; do not add parent
writer events,90,NATIVE,native_target,0.5011047655716538,False,within branch program_seconds; do not add parent
writer events,90,NATIVE,native_target,0.9761038571596146,False,within branch program_seconds; do not add parent
writer events,90,NATIVE,native_target,0.5709927808493376,False,within branch program_seconds; do not add parent
writer events,90,NATIVE,native_target,0.6034202091395855,False,within branch program_seconds; do not add parent
writer events,90,NATIVE,native_target,0.4521360853686929,False,within branch program_seconds; do not add parent
writer events,90,NATIVE,native_target,0.32763412967324257,False,within branch program_seconds; do not add parent
writer events,90,NATIVE,native_target,2.389771696180105,False,within branch program_seconds; do not add parent
writer events,90,NATIVE,stage_observer,25.95739200618118,False,within branch program_seconds; do not add parent
writer events,90,NATIVE,native_key,3.7228558361530304,False,within branch program_seconds; do not add parent
writer events,90,NATIVE,native_l8_residual_forward,0.4757803864777088,False,within branch program_seconds; do not add parent
writer events,90,NATIVE,history_operand_and_diagnostic_PK,0.07032462395727634,False,within branch program_seconds; do not add parent
writer events,90,NATIVE,native_direct_solve,0.11863115429878235,False,within branch program_seconds; do not add parent
writer events,90,NATIVE,diagnostic_response_factor,0.40735752135515213,False,within branch program_seconds; do not add parent
writer events,90,NATIVE,stage_observer,50.84454154036939,False,within branch program_seconds; do not add parent
writer events,90,NATIVE,native_key,3.7294070553034544,False,within branch program_seconds; do not add parent
writer events,90,NATIVE,native_l8_residual_forward,0.4752340242266655,False,within branch program_seconds; do not add parent
writer events,90,NATIVE,history_operand_and_diagnostic_PK,0.07167182676494122,False,within branch program_seconds; do not add parent
writer events,90,NATIVE,native_direct_solve,0.1187488166615367,False,within branch program_seconds; do not add parent
writer events,90,NATIVE,diagnostic_response_factor,0.43215970415621996,False,within branch program_seconds; do not add parent
writer events,90,NATIVE,stage_observer,104.47150557208806,False,within branch program_seconds; do not add parent
writer events,90,NATIVE,native_key,3.727597647346556,False,within branch program_seconds; do not add parent
writer events,90,NATIVE,native_l8_residual_forward,0.4748584823682904,False,within branch program_seconds; do not add parent
writer events,90,NATIVE,history_operand_and_diagnostic_PK,0.07199396472424269,False,within branch program_seconds; do not add parent
writer events,90,NATIVE,native_direct_solve,0.11866686213761568,False,within branch program_seconds; do not add parent
writer events,90,NATIVE,diagnostic_response_factor,0.4388473741710186,False,within branch program_seconds; do not add parent
writer events,90,NATIVE,stage_observer,104.32458039093763,False,within branch program_seconds; do not add parent
writer events,90,NATIVE,native_key,3.738128432072699,False,within branch program_seconds; do not add parent
writer events,90,NATIVE,native_l8_residual_forward,0.4725939445197582,False,within branch program_seconds; do not add parent
writer events,90,NATIVE,history_operand_and_diagnostic_PK,0.07253667991608381,False,within branch program_seconds; do not add parent
writer events,90,NATIVE,native_direct_solve,0.11867668107151985,False,within branch program_seconds; do not add parent
writer events,90,NATIVE,diagnostic_response_factor,0.45413076411932707,False,within branch program_seconds; do not add parent
writer events,90,NATIVE,stage_observer,51.18090006057173,False,within branch program_seconds; do not add parent
writer events,90,NATIVE,native_key,3.7250981191173196,False,within branch program_seconds; do not add parent
writer events,90,NATIVE,native_l8_residual_forward,0.4756534779444337,False,within branch program_seconds; do not add parent
writer events,90,NATIVE,history_operand_and_diagnostic_PK,0.07112937048077583,False,within branch program_seconds; do not add parent
writer events,90,NATIVE,native_direct_solve,0.1186702586710453,False,within branch program_seconds; do not add parent
writer events,90,NATIVE,diagnostic_response_factor,0.42277972772717476,False,within branch program_seconds; do not add parent
writer events,90,NATIVE,stage_observer,84.33072365168482,False,within branch program_seconds; do not add parent
writer events,90,NATIVE,final_l8_residual_observer,0.49434096831828356,False,within branch program_seconds; do not add parent
writer events,90,NATIVE,native_history_key_and_instrumentation,4.425840930081904,False,within branch program_seconds; do not add parent
writer events,90,NATIVE,native_history_key_and_instrumentation,4.438111810013652,False,within branch program_seconds; do not add parent
writer events,90,NATIVE,native_history_key_and_instrumentation,4.423735154792666,False,within branch program_seconds; do not add parent
writer events,90,NATIVE,native_history_key_and_instrumentation,4.419708056375384,False,within branch program_seconds; do not add parent
writer events,90,NATIVE,native_history_key_and_instrumentation,4.430219718255103,False,within branch program_seconds; do not add parent
writer events,90,NATIVE,stage_observer,75.53184847533703,False,within branch program_seconds; do not add parent
writer events,90,SHAM,stage_observer,98.46763464808464,False,within branch program_seconds; do not add parent
writer events,90,SHAM,native_target_reuse,0.0014209989458322525,False,within branch program_seconds; do not add parent
writer events,90,SHAM,native_target_reuse,0.0001012338325381279,False,within branch program_seconds; do not add parent
writer events,90,SHAM,native_target_reuse,5.844421684741974e-05,False,within branch program_seconds; do not add parent
writer events,90,SHAM,native_target_reuse,6.30328431725502e-05,False,within branch program_seconds; do not add parent
writer events,90,SHAM,native_target_reuse,6.893742829561234e-05,False,within branch program_seconds; do not add parent
writer events,90,SHAM,native_target_reuse,5.1149167120456696e-05,False,within branch program_seconds; do not add parent
writer events,90,SHAM,native_target_reuse,4.839897155761719e-05,False,within branch program_seconds; do not add parent
writer events,90,SHAM,native_target_reuse,4.725717008113861e-05,False,within branch program_seconds; do not add parent
writer events,90,SHAM,native_target_reuse,7.621757686138153e-05,False,within branch program_seconds; do not add parent
writer events,90,SHAM,native_target_reuse,7.211696356534958e-05,False,within branch program_seconds; do not add parent
writer events,90,SHAM,native_target_reuse,5.2803196012973785e-05,False,within branch program_seconds; do not add parent
writer events,90,SHAM,native_target_reuse,5.172565579414368e-05,False,within branch program_seconds; do not add parent
writer events,90,SHAM,native_target_reuse,8.488353341817856e-05,False,within branch program_seconds; do not add parent
writer events,90,SHAM,native_target_reuse,4.8908405005931854e-05,False,within branch program_seconds; do not add parent
writer events,90,SHAM,native_target_reuse,4.908163100481033e-05,False,within branch program_seconds; do not add parent
writer events,90,SHAM,native_target_reuse,4.2914412915706635e-05,False,within branch program_seconds; do not add parent
writer events,90,SHAM,native_target_reuse,6.258394569158554e-05,False,within branch program_seconds; do not add parent
writer events,90,SHAM,native_target_reuse,8.540414273738861e-05,False,within branch program_seconds; do not add parent
writer events,90,SHAM,native_target_reuse,5.4428353905677795e-05,False,within branch program_seconds; do not add parent
writer events,90,SHAM,native_target_reuse,5.306117236614227e-05,False,within branch program_seconds; do not add parent
writer events,90,SHAM,native_target_reuse,7.097888737916946e-05,False,within branch program_seconds; do not add parent
writer events,90,SHAM,native_target_reuse,7.286295294761658e-05,False,within branch program_seconds; do not add parent
writer events,90,SHAM,native_target_reuse,5.1558949053287506e-05,False,within branch program_seconds; do not add parent
writer events,90,SHAM,native_target_reuse,4.688091576099396e-05,False,within branch program_seconds; do not add parent
writer events,90,SHAM,native_target_reuse,6.67087733745575e-05,False,within branch program_seconds; do not add parent
writer events,90,SHAM,native_target_reuse,4.984904080629349e-05,False,within branch program_seconds; do not add parent
writer events,90,SHAM,native_target_reuse,4.7987326979637146e-05,False,within branch program_seconds; do not add parent
writer events,90,SHAM,native_target_reuse,5.380529910326004e-05,False,within branch program_seconds; do not add parent
writer events,90,SHAM,native_target_reuse,6.630457937717438e-05,False,within branch program_seconds; do not add parent
writer events,90,SHAM,native_target_reuse,5.882885307073593e-05,False,within branch program_seconds; do not add parent
writer events,90,SHAM,native_target_reuse,5.1884911954402924e-05,False,within branch program_seconds; do not add parent
writer events,90,SHAM,native_target_reuse,5.071330815553665e-05,False,within branch program_seconds; do not add parent
writer events,90,SHAM,native_target_reuse,7.899198681116104e-05,False,within branch program_seconds; do not add parent
writer events,90,SHAM,native_target_reuse,4.9484893679618835e-05,False,within branch program_seconds; do not add parent
writer events,90,SHAM,native_target_reuse,4.5435503125190735e-05,False,within branch program_seconds; do not add parent
writer events,90,SHAM,native_target_reuse,4.415493458509445e-05,False,within branch program_seconds; do not add parent
writer events,90,SHAM,native_target_reuse,5.5485405027866364e-05,False,within branch program_seconds; do not add parent
writer events,90,SHAM,native_target_reuse,4.771910607814789e-05,False,within branch program_seconds; do not add parent
writer events,90,SHAM,native_target_reuse,5.200039595365524e-05,False,within branch program_seconds; do not add parent
writer events,90,SHAM,native_target_reuse,6.103329360485077e-05,False,within branch program_seconds; do not add parent
writer events,90,SHAM,native_target_reuse,6.449781358242035e-05,False,within branch program_seconds; do not add parent
writer events,90,SHAM,native_target_reuse,5.4980628192424774e-05,False,within branch program_seconds; do not add parent
writer events,90,SHAM,native_target_reuse,4.9632973968982697e-05,False,within branch program_seconds; do not add parent
writer events,90,SHAM,native_target_reuse,5.94286248087883e-05,False,within branch program_seconds; do not add parent
writer events,90,SHAM,native_target_reuse,5.7093799114227295e-05,False,within branch program_seconds; do not add parent
writer events,90,SHAM,native_target_reuse,4.800315946340561e-05,False,within branch program_seconds; do not add parent
writer events,90,SHAM,native_target_reuse,4.745647311210632e-05,False,within branch program_seconds; do not add parent
writer events,90,SHAM,native_target_reuse,6.187334656715393e-05,False,within branch program_seconds; do not add parent
writer events,90,SHAM,native_target_reuse,5.911383777856827e-05,False,within branch program_seconds; do not add parent
writer events,90,SHAM,native_target_reuse,5.484931170940399e-05,False,within branch program_seconds; do not add parent
writer events,90,SHAM,native_target_reuse,5.418434739112854e-05,False,within branch program_seconds; do not add parent
writer events,90,SHAM,native_target_reuse,4.970375448465347e-05,False,within branch program_seconds; do not add parent
writer events,90,SHAM,native_target_reuse,7.80327245593071e-05,False,within branch program_seconds; do not add parent
writer events,90,SHAM,native_target_reuse,6.274320185184479e-05,False,within branch program_seconds; do not add parent
writer events,90,SHAM,native_target_reuse,4.625227302312851e-05,False,within branch program_seconds; do not add parent
writer events,90,SHAM,native_target_reuse,4.4343993067741394e-05,False,within branch program_seconds; do not add parent
writer events,90,SHAM,native_target_reuse,6.020721048116684e-05,False,within branch program_seconds; do not add parent
writer events,90,SHAM,native_target_reuse,4.7421082854270935e-05,False,within branch program_seconds; do not add parent
writer events,90,SHAM,native_target_reuse,4.5620836317539215e-05,False,within branch program_seconds; do not add parent
writer events,90,SHAM,native_target_reuse,4.977639764547348e-05,False,within branch program_seconds; do not add parent
writer events,90,SHAM,native_target_reuse,6.423518061637878e-05,False,within branch program_seconds; do not add parent
writer events,90,SHAM,native_target_reuse,6.070826202630997e-05,False,within branch program_seconds; do not add parent
writer events,90,SHAM,native_target_reuse,5.12637197971344e-05,False,within branch program_seconds; do not add parent
writer events,90,SHAM,native_target_reuse,6.325263530015945e-05,False,within branch program_seconds; do not add parent
writer events,90,SHAM,native_target_reuse,6.68177381157875e-05,False,within branch program_seconds; do not add parent
writer events,90,SHAM,native_target_reuse,5.771499127149582e-05,False,within branch program_seconds; do not add parent
writer events,90,SHAM,native_target_reuse,4.6242959797382355e-05,False,within branch program_seconds; do not add parent
writer events,90,SHAM,native_target_reuse,4.847254604101181e-05,False,within branch program_seconds; do not add parent
writer events,90,SHAM,native_target_reuse,6.7075714468956e-05,False,within branch program_seconds; do not add parent
writer events,90,SHAM,native_target_reuse,5.826633423566818e-05,False,within branch program_seconds; do not add parent
writer events,90,SHAM,native_target_reuse,5.962885916233063e-05,False,within branch program_seconds; do not add parent
writer events,90,SHAM,native_target_reuse,5.587376654148102e-05,False,within branch program_seconds; do not add parent
writer events,90,SHAM,native_target_reuse,7.88448378443718e-05,False,within branch program_seconds; do not add parent
writer events,90,SHAM,native_target_reuse,7.472652941942215e-05,False,within branch program_seconds; do not add parent
writer events,90,SHAM,native_target_reuse,5.946587771177292e-05,False,within branch program_seconds; do not add parent
writer events,90,SHAM,native_target_reuse,6.21601939201355e-05,False,within branch program_seconds; do not add parent
writer events,90,SHAM,native_target_reuse,6.202422082424164e-05,False,within branch program_seconds; do not add parent
writer events,90,SHAM,native_target_reuse,5.0605274736881256e-05,False,within branch program_seconds; do not add parent
writer events,90,SHAM,native_target_reuse,4.690699279308319e-05,False,within branch program_seconds; do not add parent
writer events,90,SHAM,native_target_reuse,4.869513213634491e-05,False,within branch program_seconds; do not add parent
writer events,90,SHAM,native_target_reuse,6.191432476043701e-05,False,within branch program_seconds; do not add parent
writer events,90,SHAM,native_target_reuse,4.577171057462692e-05,False,within branch program_seconds; do not add parent
writer events,90,SHAM,native_target_reuse,4.614051431417465e-05,False,within branch program_seconds; do not add parent
writer events,90,SHAM,native_target_reuse,4.4697895646095276e-05,False,within branch program_seconds; do not add parent
writer events,90,SHAM,native_target_reuse,7.150787860155106e-05,False,within branch program_seconds; do not add parent
writer events,90,SHAM,native_target_reuse,4.622805863618851e-05,False,within branch program_seconds; do not add parent
writer events,90,SHAM,native_target_reuse,4.7292560338974e-05,False,within branch program_seconds; do not add parent
writer events,90,SHAM,native_target_reuse,4.778429865837097e-05,False,within branch program_seconds; do not add parent
writer events,90,SHAM,native_target_reuse,6.860122084617615e-05,False,within branch program_seconds; do not add parent
writer events,90,SHAM,native_target_reuse,5.3612515330314636e-05,False,within branch program_seconds; do not add parent
writer events,90,SHAM,native_target_reuse,5.42178750038147e-05,False,within branch program_seconds; do not add parent
writer events,90,SHAM,native_target_reuse,5.019642412662506e-05,False,within branch program_seconds; do not add parent
writer events,90,SHAM,native_target_reuse,6.0920603573322296e-05,False,within branch program_seconds; do not add parent
writer events,90,SHAM,native_target_reuse,4.9676746129989624e-05,False,within branch program_seconds; do not add parent
writer events,90,SHAM,native_target_reuse,4.622805863618851e-05,False,within branch program_seconds; do not add parent
writer events,90,SHAM,native_target_reuse,4.711933434009552e-05,False,within branch program_seconds; do not add parent
writer events,90,SHAM,native_target_reuse,6.27022236585617e-05,False,within branch program_seconds; do not add parent
writer events,90,SHAM,native_target_reuse,4.636403173208237e-05,False,within branch program_seconds; do not add parent
writer events,90,SHAM,native_target_reuse,5.1509588956832886e-05,False,within branch program_seconds; do not add parent
writer events,90,SHAM,native_target_reuse,5.0756148993968964e-05,False,within branch program_seconds; do not add parent
writer events,90,SHAM,stage_observer,30.360411471687257,False,within branch program_seconds; do not add parent
writer events,90,SHAM,native_key,3.734270179644227,False,within branch program_seconds; do not add parent
writer events,90,SHAM,native_l8_residual_forward,0.4734585266560316,False,within branch program_seconds; do not add parent
writer events,90,SHAM,history_operand_and_diagnostic_PK,0.25100121460855007,False,within branch program_seconds; do not add parent
writer events,90,SHAM,native_direct_solve,0.1186866220086813,False,within branch program_seconds; do not add parent
writer events,90,SHAM,diagnostic_response_factor,0.42059855069965124,False,within branch program_seconds; do not add parent
writer events,90,SHAM,stage_observer,53.392972365021706,False,within branch program_seconds; do not add parent
writer events,90,SHAM,native_key,3.7508702278137207,False,within branch program_seconds; do not add parent
writer events,90,SHAM,native_l8_residual_forward,0.4728674003854394,False,within branch program_seconds; do not add parent
writer events,90,SHAM,history_operand_and_diagnostic_PK,0.24811104591935873,False,within branch program_seconds; do not add parent
writer events,90,SHAM,native_direct_solve,0.11870101932436228,False,within branch program_seconds; do not add parent
writer events,90,SHAM,diagnostic_response_factor,0.4165058033540845,False,within branch program_seconds; do not add parent
writer events,90,SHAM,stage_observer,108.66080071683973,False,within branch program_seconds; do not add parent
writer events,90,SHAM,native_key,3.7442504968494177,False,within branch program_seconds; do not add parent
writer events,90,SHAM,native_l8_residual_forward,0.471839745528996,False,within branch program_seconds; do not add parent
writer events,90,SHAM,history_operand_and_diagnostic_PK,0.25331545528024435,False,within branch program_seconds; do not add parent
writer events,90,SHAM,native_direct_solve,0.1185462148860097,False,within branch program_seconds; do not add parent
writer events,90,SHAM,diagnostic_response_factor,0.5082713421434164,False,within branch program_seconds; do not add parent
writer events,90,SHAM,stage_observer,106.51123356167227,False,within branch program_seconds; do not add parent
writer events,90,SHAM,native_key,3.7561905216425657,False,within branch program_seconds; do not add parent
writer events,90,SHAM,native_l8_residual_forward,0.47703880351036787,False,within branch program_seconds; do not add parent
writer events,90,SHAM,history_operand_and_diagnostic_PK,0.26092663779854774,False,within branch program_seconds; do not add parent
writer events,90,SHAM,native_direct_solve,0.11866016872227192,False,within branch program_seconds; do not add parent
writer events,90,SHAM,diagnostic_response_factor,0.44493313133716583,False,within branch program_seconds; do not add parent
writer events,90,SHAM,stage_observer,51.75383640266955,False,within branch program_seconds; do not add parent
writer events,90,SHAM,native_key,3.7506761718541384,False,within branch program_seconds; do not add parent
writer events,90,SHAM,native_l8_residual_forward,0.47267275024205446,False,within branch program_seconds; do not add parent
writer events,90,SHAM,history_operand_and_diagnostic_PK,0.2528265854343772,False,within branch program_seconds; do not add parent
writer events,90,SHAM,native_direct_solve,0.11869126092642546,False,within branch program_seconds; do not add parent
writer events,90,SHAM,diagnostic_response_factor,0.4481120752170682,False,within branch program_seconds; do not add parent
writer events,90,SHAM,stage_observer,87.62383636459708,False,within branch program_seconds; do not add parent
writer events,90,SHAM,final_l8_residual_observer,0.4920557616278529,False,within branch program_seconds; do not add parent
writer events,90,SHAM,native_history_key_and_instrumentation,4.788533558137715,False,within branch program_seconds; do not add parent
writer events,90,SHAM,native_history_key_and_instrumentation,4.771391182206571,False,within branch program_seconds; do not add parent
writer events,90,SHAM,native_history_key_and_instrumentation,4.808972679078579,False,within branch program_seconds; do not add parent
writer events,90,SHAM,native_history_key_and_instrumentation,4.843214040622115,False,within branch program_seconds; do not add parent
writer events,90,SHAM,native_history_key_and_instrumentation,4.78850437887013,False,within branch program_seconds; do not add parent
writer events,90,SHAM,stage_observer,79.66256288532168,False,within branch program_seconds; do not add parent
writer events,90,H5,stage_observer,97.66334756463766,False,within branch program_seconds; do not add parent
writer events,90,H5,native_target_reuse,0.0014545619487762451,False,within branch program_seconds; do not add parent
writer events,90,H5,native_target_reuse,9.171664714813232e-05,False,within branch program_seconds; do not add parent
writer events,90,H5,native_target_reuse,6.222259253263474e-05,False,within branch program_seconds; do not add parent
writer events,90,H5,native_target_reuse,5.007069557905197e-05,False,within branch program_seconds; do not add parent
writer events,90,H5,native_target_reuse,6.85565173625946e-05,False,within branch program_seconds; do not add parent
writer events,90,H5,native_target_reuse,5.985423922538757e-05,False,within branch program_seconds; do not add parent
writer events,90,H5,native_target_reuse,4.8551708459854126e-05,False,within branch program_seconds; do not add parent
writer events,90,H5,native_target_reuse,5.00725582242012e-05,False,within branch program_seconds; do not add parent
writer events,90,H5,native_target_reuse,6.568990647792816e-05,False,within branch program_seconds; do not add parent
writer events,90,H5,native_target_reuse,6.234180182218552e-05,False,within branch program_seconds; do not add parent
writer events,90,H5,native_target_reuse,4.950817674398422e-05,False,within branch program_seconds; do not add parent
writer events,90,H5,native_target_reuse,4.9794092774391174e-05,False,within branch program_seconds; do not add parent
writer events,90,H5,native_target_reuse,7.401406764984131e-05,False,within branch program_seconds; do not add parent
writer events,90,H5,native_target_reuse,5.05177304148674e-05,False,within branch program_seconds; do not add parent
writer events,90,H5,native_target_reuse,4.672817885875702e-05,False,within branch program_seconds; do not add parent
writer events,90,H5,native_target_reuse,4.56739217042923e-05,False,within branch program_seconds; do not add parent
writer events,90,H5,native_target_reuse,6.435811519622803e-05,False,within branch program_seconds; do not add parent
writer events,90,H5,native_target_reuse,5.012471228837967e-05,False,within branch program_seconds; do not add parent
writer events,90,H5,native_target_reuse,5.4513104259967804e-05,False,within branch program_seconds; do not add parent
writer events,90,H5,native_target_reuse,5.570612847805023e-05,False,within branch program_seconds; do not add parent
writer events,90,H5,native_target_reuse,6.446335464715958e-05,False,within branch program_seconds; do not add parent
writer events,90,H5,native_target_reuse,5.519203841686249e-05,False,within branch program_seconds; do not add parent
writer events,90,H5,native_target_reuse,5.54332509636879e-05,False,within branch program_seconds; do not add parent
writer events,90,H5,native_target_reuse,4.7490932047367096e-05,False,within branch program_seconds; do not add parent
writer events,90,H5,native_target_reuse,7.938873022794724e-05,False,within branch program_seconds; do not add parent
writer events,90,H5,native_target_reuse,5.163811147212982e-05,False,within branch program_seconds; do not add parent
writer events,90,H5,native_target_reuse,4.329439252614975e-05,False,within branch program_seconds; do not add parent
writer events,90,H5,native_target_reuse,5.220714956521988e-05,False,within branch program_seconds; do not add parent
writer events,90,H5,native_target_reuse,6.418675184249878e-05,False,within branch program_seconds; do not add parent
writer events,90,H5,native_target_reuse,6.68773427605629e-05,False,within branch program_seconds; do not add parent
writer events,90,H5,native_target_reuse,5.9614889323711395e-05,False,within branch program_seconds; do not add parent
writer events,90,H5,native_target_reuse,5.0152651965618134e-05,False,within branch program_seconds; do not add parent
writer events,90,H5,native_target_reuse,6.1805360019207e-05,False,within branch program_seconds; do not add parent
writer events,90,H5,native_target_reuse,5.801394581794739e-05,False,within branch program_seconds; do not add parent
writer events,90,H5,native_target_reuse,4.824437201023102e-05,False,within branch program_seconds; do not add parent
writer events,90,H5,native_target_reuse,4.640873521566391e-05,False,within branch program_seconds; do not add parent
writer events,90,H5,native_target_reuse,5.477573722600937e-05,False,within branch program_seconds; do not add parent
writer events,90,H5,native_target_reuse,4.68716025352478e-05,False,within branch program_seconds; do not add parent
writer events,90,H5,native_target_reuse,4.4288113713264465e-05,False,within branch program_seconds; do not add parent
writer events,90,H5,native_target_reuse,5.515851080417633e-05,False,within branch program_seconds; do not add parent
writer events,90,H5,native_target_reuse,6.539467722177505e-05,False,within branch program_seconds; do not add parent
writer events,90,H5,native_target_reuse,5.668681114912033e-05,False,within branch program_seconds; do not add parent
writer events,90,H5,native_target_reuse,5.395803600549698e-05,False,within branch program_seconds; do not add parent
writer events,90,H5,native_target_reuse,5.018617957830429e-05,False,within branch program_seconds; do not add parent
writer events,90,H5,native_target_reuse,6.313063204288483e-05,False,within branch program_seconds; do not add parent
writer events,90,H5,native_target_reuse,5.225837230682373e-05,False,within branch program_seconds; do not add parent
writer events,90,H5,native_target_reuse,4.299916326999664e-05,False,within branch program_seconds; do not add parent
writer events,90,H5,native_target_reuse,4.337728023529053e-05,False,within branch program_seconds; do not add parent
writer events,90,H5,native_target_reuse,5.964469164609909e-05,False,within branch program_seconds; do not add parent
writer events,90,H5,native_target_reuse,4.766322672367096e-05,False,within branch program_seconds; do not add parent
writer events,90,H5,native_target_reuse,4.686135798692703e-05,False,within branch program_seconds; do not add parent
writer events,90,H5,native_target_reuse,5.2708201110363007e-05,False,within branch program_seconds; do not add parent
writer events,90,H5,native_target_reuse,6.603728979825974e-05,False,within branch program_seconds; do not add parent
writer events,90,H5,native_target_reuse,5.1058828830718994e-05,False,within branch program_seconds; do not add parent
writer events,90,H5,native_target_reuse,4.910770803689957e-05,False,within branch program_seconds; do not add parent
writer events,90,H5,native_target_reuse,5.35622239112854e-05,False,within branch program_seconds; do not add parent
writer events,90,H5,native_target_reuse,5.8484263718128204e-05,False,within branch program_seconds; do not add parent
writer events,90,H5,native_target_reuse,4.655960947275162e-05,False,within branch program_seconds; do not add parent
writer events,90,H5,native_target_reuse,4.194770008325577e-05,False,within branch program_seconds; do not add parent
writer events,90,H5,native_target_reuse,4.336796700954437e-05,False,within branch program_seconds; do not add parent
writer events,90,H5,native_target_reuse,6.55241310596466e-05,False,within branch program_seconds; do not add parent
writer events,90,H5,native_target_reuse,6.90193846821785e-05,False,within branch program_seconds; do not add parent
writer events,90,H5,native_target_reuse,4.9977563321590424e-05,False,within branch program_seconds; do not add parent
writer events,90,H5,native_target_reuse,5.374383181333542e-05,False,within branch program_seconds; do not add parent
writer events,90,H5,native_target_reuse,6.391387432813644e-05,False,within branch program_seconds; do not add parent
writer events,90,H5,native_target_reuse,5.223974585533142e-05,False,within branch program_seconds; do not add parent
writer events,90,H5,native_target_reuse,4.765018820762634e-05,False,within branch program_seconds; do not add parent
writer events,90,H5,native_target_reuse,5.0016678869724274e-05,False,within branch program_seconds; do not add parent
writer events,90,H5,native_target_reuse,6.0653313994407654e-05,False,within branch program_seconds; do not add parent
writer events,90,H5,native_target_reuse,4.5923516154289246e-05,False,within branch program_seconds; do not add parent
writer events,90,H5,native_target_reuse,5.207676440477371e-05,False,within branch program_seconds; do not add parent
writer events,90,H5,native_target_reuse,4.41577285528183e-05,False,within branch program_seconds; do not add parent
writer events,90,H5,native_target_reuse,6.270129233598709e-05,False,within branch program_seconds; do not add parent
writer events,90,H5,native_target_reuse,5.2860938012599945e-05,False,within branch program_seconds; do not add parent
writer events,90,H5,native_target_reuse,5.326513200998306e-05,False,within branch program_seconds; do not add parent
writer events,90,H5,native_target_reuse,4.895217716693878e-05,False,within branch program_seconds; do not add parent
writer events,90,H5,native_target_reuse,6.040092557668686e-05,False,within branch program_seconds; do not add parent
writer events,90,H5,native_target_reuse,5.993060767650604e-05,False,within branch program_seconds; do not add parent
writer events,90,H5,native_target_reuse,5.664397031068802e-05,False,within branch program_seconds; do not add parent
writer events,90,H5,native_target_reuse,4.483573138713837e-05,False,within branch program_seconds; do not add parent
writer events,90,H5,native_target_reuse,5.985051393508911e-05,False,within branch program_seconds; do not add parent
writer events,90,H5,native_target_reuse,5.4098665714263916e-05,False,within branch program_seconds; do not add parent
writer events,90,H5,native_target_reuse,4.661083221435547e-05,False,within branch program_seconds; do not add parent
writer events,90,H5,native_target_reuse,4.621967673301697e-05,False,within branch program_seconds; do not add parent
writer events,90,H5,native_target_reuse,6.700679659843445e-05,False,within branch program_seconds; do not add parent
writer events,90,H5,native_target_reuse,5.433894693851471e-05,False,within branch program_seconds; do not add parent
writer events,90,H5,native_target_reuse,5.16548752784729e-05,False,within branch program_seconds; do not add parent
writer events,90,H5,native_target_reuse,5.942489951848984e-05,False,within branch program_seconds; do not add parent
writer events,90,H5,native_target_reuse,6.785057485103607e-05,False,within branch program_seconds; do not add parent
writer events,90,H5,native_target_reuse,6.376951932907104e-05,False,within branch program_seconds; do not add parent
writer events,90,H5,native_target_reuse,4.8129819333553314e-05,False,within branch program_seconds; do not add parent
writer events,90,H5,native_target_reuse,4.660710692405701e-05,False,within branch program_seconds; do not add parent
writer events,90,H5,native_target_reuse,5.9419311583042145e-05,False,within branch program_seconds; do not add parent
writer events,90,H5,native_target_reuse,4.7476962208747864e-05,False,within branch program_seconds; do not add parent
writer events,90,H5,native_target_reuse,6.418488919734955e-05,False,within branch program_seconds; do not add parent
writer events,90,H5,native_target_reuse,4.938337951898575e-05,False,within branch program_seconds; do not add parent
writer events,90,H5,native_target_reuse,6.304308772087097e-05,False,within branch program_seconds; do not add parent
writer events,90,H5,native_target_reuse,5.130283534526825e-05,False,within branch program_seconds; do not add parent
writer events,90,H5,native_target_reuse,5.0477683544158936e-05,False,within branch program_seconds; do not add parent
writer events,90,H5,native_target_reuse,5.0623901188373566e-05,False,within branch program_seconds; do not add parent
writer events,90,H5,stage_observer,28.09662044234574,False,within branch program_seconds; do not add parent
writer events,90,H5,native_key,3.73046594299376,False,within branch program_seconds; do not add parent
writer events,90,H5,native_l8_residual_forward,0.47326504345983267,False,within branch program_seconds; do not add parent
writer events,90,H5,history_operand_and_diagnostic_PK,0.07836251705884933,False,within branch program_seconds; do not add parent
writer events,90,H5,native_direct_solve,0.11862007435411215,False,within branch program_seconds; do not add parent
writer events,90,H5,diagnostic_response_factor,0.4355279505252838,False,within branch program_seconds; do not add parent
writer events,90,H5,stage_observer,50.523798467591405,False,within branch program_seconds; do not add parent
writer events,90,H5,native_key,3.7490926645696163,False,within branch program_seconds; do not add parent
writer events,90,H5,native_l8_residual_forward,0.47271267138421535,False,within branch program_seconds; do not add parent
writer events,90,H5,history_operand_and_diagnostic_PK,7.638944015838206,False,within branch program_seconds; do not add parent
writer events,90,H5,native_direct_solve,0.11889842804521322,False,within branch program_seconds; do not add parent
writer events,90,H5,diagnostic_response_factor,0.42451073974370956,False,within branch program_seconds; do not add parent
writer events,90,H5,stage_observer,105.04101366363466,False,within branch program_seconds; do not add parent
writer events,90,H5,native_key,3.7556165223941207,False,within branch program_seconds; do not add parent
writer events,90,H5,native_l8_residual_forward,0.47683211509138346,False,within branch program_seconds; do not add parent
writer events,90,H5,history_operand_and_diagnostic_PK,0.07225014455616474,False,within branch program_seconds; do not add parent
writer events,90,H5,native_direct_solve,0.11866946425288916,False,within branch program_seconds; do not add parent
writer events,90,H5,diagnostic_response_factor,0.4584229486063123,False,within branch program_seconds; do not add parent
writer events,90,H5,stage_observer,104.09350454993546,False,within branch program_seconds; do not add parent
writer events,90,H5,native_key,4.699831169098616,False,within branch program_seconds; do not add parent
writer events,90,H5,native_l8_residual_forward,0.47308770567178726,False,within branch program_seconds; do not add parent
writer events,90,H5,history_operand_and_diagnostic_PK,0.07262464705854654,False,within branch program_seconds; do not add parent
writer events,90,H5,native_direct_solve,0.11865631584078074,False,within branch program_seconds; do not add parent
writer events,90,H5,diagnostic_response_factor,0.4738146821036935,False,within branch program_seconds; do not add parent
writer events,90,H5,stage_observer,50.153691831976175,False,within branch program_seconds; do not add parent
writer events,90,H5,native_key,3.7552992263808846,False,within branch program_seconds; do not add parent
writer events,90,H5,native_l8_residual_forward,0.4746837913990021,False,within branch program_seconds; do not add parent
writer events,90,H5,history_operand_and_diagnostic_PK,0.07270624209195375,False,within branch program_seconds; do not add parent
writer events,90,H5,native_direct_solve,0.1186812361702323,False,within branch program_seconds; do not add parent
writer events,90,H5,diagnostic_response_factor,0.4693578453734517,False,within branch program_seconds; do not add parent
writer events,90,H5,stage_observer,84.73043835535645,False,within branch program_seconds; do not add parent
writer events,90,H5,final_l8_residual_observer,0.4968812931329012,False,within branch program_seconds; do not add parent
writer events,90,H5,native_history_key_and_instrumentation,4.472149837762117,False,within branch program_seconds; do not add parent
writer events,90,H5,native_history_key_and_instrumentation,4.44696206972003,False,within branch program_seconds; do not add parent
writer events,90,H5,native_history_key_and_instrumentation,4.451163779012859,False,within branch program_seconds; do not add parent
writer events,90,H5,native_history_key_and_instrumentation,4.453930004499853,False,within branch program_seconds; do not add parent
writer events,90,H5,native_history_key_and_instrumentation,4.474905783310533,False,within branch program_seconds; do not add parent
writer events,90,H5,stage_observer,76.42695870064199,False,within branch program_seconds; do not add parent
writer events,90,H6,stage_observer,96.39852296374738,False,within branch program_seconds; do not add parent
writer events,90,H6,native_target_reuse,0.0014424826949834824,False,within branch program_seconds; do not add parent
writer events,90,H6,native_target_reuse,9.746663272380829e-05,False,within branch program_seconds; do not add parent
writer events,90,H6,native_target_reuse,6.309431046247482e-05,False,within branch program_seconds; do not add parent
writer events,90,H6,native_target_reuse,4.9958936870098114e-05,False,within branch program_seconds; do not add parent
writer events,90,H6,native_target_reuse,6.813835352659225e-05,False,within branch program_seconds; do not add parent
writer events,90,H6,native_target_reuse,5.4108910262584686e-05,False,within branch program_seconds; do not add parent
writer events,90,H6,native_target_reuse,5.009118467569351e-05,False,within branch program_seconds; do not add parent
writer events,90,H6,native_target_reuse,4.625041037797928e-05,False,within branch program_seconds; do not add parent
writer events,90,H6,native_target_reuse,6.722006946802139e-05,False,within branch program_seconds; do not add parent
writer events,90,H6,native_target_reuse,6.16069883108139e-05,False,within branch program_seconds; do not add parent
writer events,90,H6,native_target_reuse,4.977453500032425e-05,False,within branch program_seconds; do not add parent
writer events,90,H6,native_target_reuse,5.3569674491882324e-05,False,within branch program_seconds; do not add parent
writer events,90,H6,native_target_reuse,6.58128410577774e-05,False,within branch program_seconds; do not add parent
writer events,90,H6,native_target_reuse,5.001388490200043e-05,False,within branch program_seconds; do not add parent
writer events,90,H6,native_target_reuse,4.5903027057647705e-05,False,within branch program_seconds; do not add parent
writer events,90,H6,native_target_reuse,4.7099776566028595e-05,False,within branch program_seconds; do not add parent
writer events,90,H6,native_target_reuse,7.7100470662117e-05,False,within branch program_seconds; do not add parent
writer events,90,H6,native_target_reuse,5.138572305440903e-05,False,within branch program_seconds; do not add parent
writer events,90,H6,native_target_reuse,5.265604704618454e-05,False,within branch program_seconds; do not add parent
writer events,90,H6,native_target_reuse,4.920829087495804e-05,False,within branch program_seconds; do not add parent
writer events,90,H6,native_target_reuse,6.944313645362854e-05,False,within branch program_seconds; do not add parent
writer events,90,H6,native_target_reuse,6.780959665775299e-05,False,within branch program_seconds; do not add parent
writer events,90,H6,native_target_reuse,5.337502807378769e-05,False,within branch program_seconds; do not add parent
writer events,90,H6,native_target_reuse,5.5254437029361725e-05,False,within branch program_seconds; do not add parent
writer events,90,H6,native_target_reuse,5.819275975227356e-05,False,within branch program_seconds; do not add parent
writer events,90,H6,native_target_reuse,4.9602240324020386e-05,False,within branch program_seconds; do not add parent
writer events,90,H6,native_target_reuse,4.548579454421997e-05,False,within branch program_seconds; do not add parent
writer events,90,H6,native_target_reuse,4.631839692592621e-05,False,within branch program_seconds; do not add parent
writer events,90,H6,native_target_reuse,6.093177944421768e-05,False,within branch program_seconds; do not add parent
writer events,90,H6,native_target_reuse,4.988908767700195e-05,False,within branch program_seconds; do not add parent
writer events,90,H6,native_target_reuse,4.6214088797569275e-05,False,within branch program_seconds; do not add parent
writer events,90,H6,native_target_reuse,4.719197750091553e-05,False,within branch program_seconds; do not add parent
writer events,90,H6,native_target_reuse,0.0003205137327313423,False,within branch program_seconds; do not add parent
writer events,90,H6,native_target_reuse,7.726065814495087e-05,False,within branch program_seconds; do not add parent
writer events,90,H6,native_target_reuse,4.93805855512619e-05,False,within branch program_seconds; do not add parent
writer events,90,H6,native_target_reuse,4.573352634906769e-05,False,within branch program_seconds; do not add parent
writer events,90,H6,native_target_reuse,5.874689668416977e-05,False,within branch program_seconds; do not add parent
writer events,90,H6,native_target_reuse,5.179643630981445e-05,False,within branch program_seconds; do not add parent
writer events,90,H6,native_target_reuse,4.682410508394241e-05,False,within branch program_seconds; do not add parent
writer events,90,H6,native_target_reuse,4.86765056848526e-05,False,within branch program_seconds; do not add parent
writer events,90,H6,native_target_reuse,7.11614266037941e-05,False,within branch program_seconds; do not add parent
writer events,90,H6,native_target_reuse,5.569867789745331e-05,False,within branch program_seconds; do not add parent
writer events,90,H6,native_target_reuse,4.9549154937267303e-05,False,within branch program_seconds; do not add parent
writer events,90,H6,native_target_reuse,5.236547440290451e-05,False,within branch program_seconds; do not add parent
writer events,90,H6,native_target_reuse,6.973464041948318e-05,False,within branch program_seconds; do not add parent
writer events,90,H6,native_target_reuse,4.7800131142139435e-05,False,within branch program_seconds; do not add parent
writer events,90,H6,native_target_reuse,4.437845200300217e-05,False,within branch program_seconds; do not add parent
writer events,90,H6,native_target_reuse,4.7725625336170197e-05,False,within branch program_seconds; do not add parent
writer events,90,H6,native_target_reuse,5.405489355325699e-05,False,within branch program_seconds; do not add parent
writer events,90,H6,native_target_reuse,4.7869980335235596e-05,False,within branch program_seconds; do not add parent
writer events,90,H6,native_target_reuse,4.541315138339996e-05,False,within branch program_seconds; do not add parent
writer events,90,H6,native_target_reuse,5.274079740047455e-05,False,within branch program_seconds; do not add parent
writer events,90,H6,native_target_reuse,6.677396595478058e-05,False,within branch program_seconds; do not add parent
writer events,90,H6,native_target_reuse,5.3802505135536194e-05,False,within branch program_seconds; do not add parent
writer events,90,H6,native_target_reuse,5.378667265176773e-05,False,within branch program_seconds; do not add parent
writer events,90,H6,native_target_reuse,5.0770118832588196e-05,False,within branch program_seconds; do not add parent
writer events,90,H6,native_target_reuse,5.735456943511963e-05,False,within branch program_seconds; do not add parent
writer events,90,H6,native_target_reuse,4.836078733205795e-05,False,within branch program_seconds; do not add parent
writer events,90,H6,native_target_reuse,4.526600241661072e-05,False,within branch program_seconds; do not add parent
writer events,90,H6,native_target_reuse,4.496332257986069e-05,False,within branch program_seconds; do not add parent
writer events,90,H6,native_target_reuse,6.471481174230576e-05,False,within branch program_seconds; do not add parent
writer events,90,H6,native_target_reuse,5.9410929679870605e-05,False,within branch program_seconds; do not add parent
writer events,90,H6,native_target_reuse,5.066394805908203e-05,False,within branch program_seconds; do not add parent
writer events,90,H6,native_target_reuse,5.6871213018894196e-05,False,within branch program_seconds; do not add parent
writer events,90,H6,native_target_reuse,6.497092545032501e-05,False,within branch program_seconds; do not add parent
writer events,90,H6,native_target_reuse,5.1373615860939026e-05,False,within branch program_seconds; do not add parent
writer events,90,H6,native_target_reuse,5.044136196374893e-05,False,within branch program_seconds; do not add parent
writer events,90,H6,native_target_reuse,5.047675222158432e-05,False,within branch program_seconds; do not add parent
writer events,90,H6,native_target_reuse,6.18835911154747e-05,False,within branch program_seconds; do not add parent
writer events,90,H6,native_target_reuse,5.095824599266052e-05,False,within branch program_seconds; do not add parent
writer events,90,H6,native_target_reuse,4.360266029834747e-05,False,within branch program_seconds; do not add parent
writer events,90,H6,native_target_reuse,4.5925378799438477e-05,False,within branch program_seconds; do not add parent
writer events,90,H6,native_target_reuse,5.840696394443512e-05,False,within branch program_seconds; do not add parent
writer events,90,H6,native_target_reuse,5.558133125305176e-05,False,within branch program_seconds; do not add parent
writer events,90,H6,native_target_reuse,6.21667131781578e-05,False,within branch program_seconds; do not add parent
writer events,90,H6,native_target_reuse,4.849955439567566e-05,False,within branch program_seconds; do not add parent
writer events,90,H6,native_target_reuse,6.174948066473007e-05,False,within branch program_seconds; do not add parent
writer events,90,H6,native_target_reuse,5.4193660616874695e-05,False,within branch program_seconds; do not add parent
writer events,90,H6,native_target_reuse,5.625654011964798e-05,False,within branch program_seconds; do not add parent
writer events,90,H6,native_target_reuse,4.476308822631836e-05,False,within branch program_seconds; do not add parent
writer events,90,H6,native_target_reuse,6.0634687542915344e-05,False,within branch program_seconds; do not add parent
writer events,90,H6,native_target_reuse,5.086231976747513e-05,False,within branch program_seconds; do not add parent
writer events,90,H6,native_target_reuse,4.405993968248367e-05,False,within branch program_seconds; do not add parent
writer events,90,H6,native_target_reuse,4.20277938246727e-05,False,within branch program_seconds; do not add parent
writer events,90,H6,native_target_reuse,5.59808686375618e-05,False,within branch program_seconds; do not add parent
writer events,90,H6,native_target_reuse,5.798507481813431e-05,False,within branch program_seconds; do not add parent
writer events,90,H6,native_target_reuse,5.546119064092636e-05,False,within branch program_seconds; do not add parent
writer events,90,H6,native_target_reuse,5.030352622270584e-05,False,within branch program_seconds; do not add parent
writer events,90,H6,native_target_reuse,6.681308150291443e-05,False,within branch program_seconds; do not add parent
writer events,90,H6,native_target_reuse,5.751848220825195e-05,False,within branch program_seconds; do not add parent
writer events,90,H6,native_target_reuse,5.3116120398044586e-05,False,within branch program_seconds; do not add parent
writer events,90,H6,native_target_reuse,4.6421773731708527e-05,False,within branch program_seconds; do not add parent
writer events,90,H6,native_target_reuse,5.912128835916519e-05,False,within branch program_seconds; do not add parent
writer events,90,H6,native_target_reuse,4.7890469431877136e-05,False,within branch program_seconds; do not add parent
writer events,90,H6,native_target_reuse,4.509929567575455e-05,False,within branch program_seconds; do not add parent
writer events,90,H6,native_target_reuse,5.016755312681198e-05,False,within branch program_seconds; do not add parent
writer events,90,H6,native_target_reuse,7.834378629922867e-05,False,within branch program_seconds; do not add parent
writer events,90,H6,native_target_reuse,5.627050995826721e-05,False,within branch program_seconds; do not add parent
writer events,90,H6,native_target_reuse,5.2055343985557556e-05,False,within branch program_seconds; do not add parent
writer events,90,H6,native_target_reuse,5.2813440561294556e-05,False,within branch program_seconds; do not add parent
writer events,90,H6,stage_observer,28.135009192861617,False,within branch program_seconds; do not add parent
writer events,90,H6,native_key,3.7488703783601522,False,within branch program_seconds; do not add parent
writer events,90,H6,native_l8_residual_forward,0.47399282921105623,False,within branch program_seconds; do not add parent
writer events,90,H6,history_operand_and_diagnostic_PK,0.0782925970852375,False,within branch program_seconds; do not add parent
writer events,90,H6,native_direct_solve,0.11868850328028202,False,within branch program_seconds; do not add parent
writer events,90,H6,diagnostic_response_factor,0.46656179055571556,False,within branch program_seconds; do not add parent
writer events,90,H6,stage_observer,50.232208103872836,False,within branch program_seconds; do not add parent
writer events,90,H6,native_key,3.7619595071300864,False,within branch program_seconds; do not add parent
writer events,90,H6,native_l8_residual_forward,0.4789768308401108,False,within branch program_seconds; do not add parent
writer events,90,H6,history_operand_and_diagnostic_PK,0.07280158810317516,False,within branch program_seconds; do not add parent
writer events,90,H6,native_direct_solve,0.11867891903966665,False,within branch program_seconds; do not add parent
writer events,90,H6,diagnostic_response_factor,0.4284992376342416,False,within branch program_seconds; do not add parent
writer events,90,H6,stage_observer,106.99067171942443,False,within branch program_seconds; do not add parent
writer events,90,H6,native_key,3.7565008429810405,False,within branch program_seconds; do not add parent
writer events,90,H6,native_l8_residual_forward,0.4716927642002702,False,within branch program_seconds; do not add parent
writer events,90,H6,history_operand_and_diagnostic_PK,7.260866443626583,False,within branch program_seconds; do not add parent
writer events,90,H6,native_direct_solve,0.11913456488400698,False,within branch program_seconds; do not add parent
writer events,90,H6,diagnostic_response_factor,0.44862424954771996,False,within branch program_seconds; do not add parent
writer events,90,H6,stage_observer,108.94576654024422,False,within branch program_seconds; do not add parent
writer events,90,H6,native_key,3.762274593114853,False,within branch program_seconds; do not add parent
writer events,90,H6,native_l8_residual_forward,0.4794715717434883,False,within branch program_seconds; do not add parent
writer events,90,H6,history_operand_and_diagnostic_PK,0.07290213834494352,False,within branch program_seconds; do not add parent
writer events,90,H6,native_direct_solve,0.11869978159666061,False,within branch program_seconds; do not add parent
writer events,90,H6,diagnostic_response_factor,0.51044518686831,False,within branch program_seconds; do not add parent
writer events,90,H6,stage_observer,52.561281368136406,False,within branch program_seconds; do not add parent
writer events,90,H6,native_key,3.74044450558722,False,within branch program_seconds; do not add parent
writer events,90,H6,native_l8_residual_forward,0.47225893568247557,False,within branch program_seconds; do not add parent
writer events,90,H6,history_operand_and_diagnostic_PK,0.0700167091563344,False,within branch program_seconds; do not add parent
writer events,90,H6,native_direct_solve,0.11865496262907982,False,within branch program_seconds; do not add parent
writer events,90,H6,diagnostic_response_factor,0.5007713446393609,False,within branch program_seconds; do not add parent
writer events,90,H6,stage_observer,84.02939314767718,False,within branch program_seconds; do not add parent
writer events,90,H6,final_l8_residual_observer,0.4915623366832733,False,within branch program_seconds; do not add parent
writer events,90,H6,native_history_key_and_instrumentation,4.460209003649652,False,within branch program_seconds; do not add parent
writer events,90,H6,native_history_key_and_instrumentation,4.460186650045216,False,within branch program_seconds; do not add parent
writer events,90,H6,native_history_key_and_instrumentation,4.433013875968754,False,within branch program_seconds; do not add parent
writer events,90,H6,native_history_key_and_instrumentation,4.446367745287716,False,within branch program_seconds; do not add parent
writer events,90,H6,native_history_key_and_instrumentation,4.428210184909403,False,within branch program_seconds; do not add parent
writer events,90,H6,stage_observer,77.50467189587653,False,within branch program_seconds; do not add parent
writer events,90,H56,stage_observer,96.28804567549378,False,within branch program_seconds; do not add parent
writer events,90,H56,native_target_reuse,0.001413838006556034,False,within branch program_seconds; do not add parent
writer events,90,H56,native_target_reuse,0.00010026898235082626,False,within branch program_seconds; do not add parent
writer events,90,H56,native_target_reuse,5.625654011964798e-05,False,within branch program_seconds; do not add parent
writer events,90,H56,native_target_reuse,5.21903857588768e-05,False,within branch program_seconds; do not add parent
writer events,90,H56,native_target_reuse,6.668642163276672e-05,False,within branch program_seconds; do not add parent
writer events,90,H56,native_target_reuse,5.0312839448451996e-05,False,within branch program_seconds; do not add parent
writer events,90,H56,native_target_reuse,4.747509956359863e-05,False,within branch program_seconds; do not add parent
writer events,90,H56,native_target_reuse,4.9797818064689636e-05,False,within branch program_seconds; do not add parent
writer events,90,H56,native_target_reuse,6.370618939399719e-05,False,within branch program_seconds; do not add parent
writer events,90,H56,native_target_reuse,5.28944656252861e-05,False,within branch program_seconds; do not add parent
writer events,90,H56,native_target_reuse,5.377642810344696e-05,False,within branch program_seconds; do not add parent
writer events,90,H56,native_target_reuse,5.5004842579364777e-05,False,within branch program_seconds; do not add parent
writer events,90,H56,native_target_reuse,6.580445915460587e-05,False,within branch program_seconds; do not add parent
writer events,90,H56,native_target_reuse,5.023367702960968e-05,False,within branch program_seconds; do not add parent
writer events,90,H56,native_target_reuse,4.351511597633362e-05,False,within branch program_seconds; do not add parent
writer events,90,H56,native_target_reuse,5.000550299882889e-05,False,within branch program_seconds; do not add parent
writer events,90,H56,native_target_reuse,6.668549031019211e-05,False,within branch program_seconds; do not add parent
writer events,90,H56,native_target_reuse,4.93442639708519e-05,False,within branch program_seconds; do not add parent
writer events,90,H56,native_target_reuse,4.625599831342697e-05,False,within branch program_seconds; do not add parent
writer events,90,H56,native_target_reuse,5.2560120820999146e-05,False,within branch program_seconds; do not add parent
writer events,90,H56,native_target_reuse,6.521865725517273e-05,False,within branch program_seconds; do not add parent
writer events,90,H56,native_target_reuse,5.580950528383255e-05,False,within branch program_seconds; do not add parent
writer events,90,H56,native_target_reuse,5.306769162416458e-05,False,within branch program_seconds; do not add parent
writer events,90,H56,native_target_reuse,4.780665040016174e-05,False,within branch program_seconds; do not add parent
writer events,90,H56,native_target_reuse,5.92181459069252e-05,False,within branch program_seconds; do not add parent
writer events,90,H56,native_target_reuse,4.5309774577617645e-05,False,within branch program_seconds; do not add parent
writer events,90,H56,native_target_reuse,4.0611252188682556e-05,False,within branch program_seconds; do not add parent
writer events,90,H56,native_target_reuse,5.6957826018333435e-05,False,within branch program_seconds; do not add parent
writer events,90,H56,native_target_reuse,6.173364818096161e-05,False,within branch program_seconds; do not add parent
writer events,90,H56,native_target_reuse,4.454236477613449e-05,False,within branch program_seconds; do not add parent
writer events,90,H56,native_target_reuse,4.469510167837143e-05,False,within branch program_seconds; do not add parent
writer events,90,H56,native_target_reuse,5.410425364971161e-05,False,within branch program_seconds; do not add parent
writer events,90,H56,native_target_reuse,6.034504622220993e-05,False,within branch program_seconds; do not add parent
writer events,90,H56,native_target_reuse,5.2712857723236084e-05,False,within branch program_seconds; do not add parent
writer events,90,H56,native_target_reuse,4.912726581096649e-05,False,within branch program_seconds; do not add parent
writer events,90,H56,native_target_reuse,4.6790577471256256e-05,False,within branch program_seconds; do not add parent
writer events,90,H56,native_target_reuse,5.588959902524948e-05,False,within branch program_seconds; do not add parent
writer events,90,H56,native_target_reuse,4.999060183763504e-05,False,within branch program_seconds; do not add parent
writer events,90,H56,native_target_reuse,5.1009468734264374e-05,False,within branch program_seconds; do not add parent
writer events,90,H56,native_target_reuse,4.597194492816925e-05,False,within branch program_seconds; do not add parent
writer events,90,H56,native_target_reuse,5.834084004163742e-05,False,within branch program_seconds; do not add parent
writer events,90,H56,native_target_reuse,4.893261939287186e-05,False,within branch program_seconds; do not add parent
writer events,90,H56,native_target_reuse,4.9374066293239594e-05,False,within branch program_seconds; do not add parent
writer events,90,H56,native_target_reuse,4.826486110687256e-05,False,within branch program_seconds; do not add parent
writer events,90,H56,native_target_reuse,6.38989731669426e-05,False,within branch program_seconds; do not add parent
writer events,90,H56,native_target_reuse,4.7451816499233246e-05,False,within branch program_seconds; do not add parent
writer events,90,H56,native_target_reuse,4.8333778977394104e-05,False,within branch program_seconds; do not add parent
writer events,90,H56,native_target_reuse,4.6679750084877014e-05,False,within branch program_seconds; do not add parent
writer events,90,H56,native_target_reuse,5.0650909543037415e-05,False,within branch program_seconds; do not add parent
writer events,90,H56,native_target_reuse,4.5173801481723785e-05,False,within branch program_seconds; do not add parent
writer events,90,H56,native_target_reuse,5.063135176897049e-05,False,within branch program_seconds; do not add parent
writer events,90,H56,native_target_reuse,4.3371692299842834e-05,False,within branch program_seconds; do not add parent
writer events,90,H56,native_target_reuse,5.5373646318912506e-05,False,within branch program_seconds; do not add parent
writer events,90,H56,native_target_reuse,5.684420466423035e-05,False,within branch program_seconds; do not add parent
writer events,90,H56,native_target_reuse,4.536658525466919e-05,False,within branch program_seconds; do not add parent
writer events,90,H56,native_target_reuse,5.5612996220588684e-05,False,within branch program_seconds; do not add parent
writer events,90,H56,native_target_reuse,6.043631583452225e-05,False,within branch program_seconds; do not add parent
writer events,90,H56,native_target_reuse,5.012191832065582e-05,False,within branch program_seconds; do not add parent
writer events,90,H56,native_target_reuse,4.693120718002319e-05,False,within branch program_seconds; do not add parent
writer events,90,H56,native_target_reuse,4.7274865210056305e-05,False,within branch program_seconds; do not add parent
writer events,90,H56,native_target_reuse,5.535036325454712e-05,False,within branch program_seconds; do not add parent
writer events,90,H56,native_target_reuse,5.857925862073898e-05,False,within branch program_seconds; do not add parent
writer events,90,H56,native_target_reuse,4.7429464757442474e-05,False,within branch program_seconds; do not add parent
writer events,90,H56,native_target_reuse,4.658568650484085e-05,False,within branch program_seconds; do not add parent
writer events,90,H56,native_target_reuse,5.801394581794739e-05,False,within branch program_seconds; do not add parent
writer events,90,H56,native_target_reuse,5.0690025091171265e-05,False,within branch program_seconds; do not add parent
writer events,90,H56,native_target_reuse,4.714168608188629e-05,False,within branch program_seconds; do not add parent
writer events,90,H56,native_target_reuse,5.3705647587776184e-05,False,within branch program_seconds; do not add parent
writer events,90,H56,native_target_reuse,7.028691470623016e-05,False,within branch program_seconds; do not add parent
writer events,90,H56,native_target_reuse,4.987884312868118e-05,False,within branch program_seconds; do not add parent
writer events,90,H56,native_target_reuse,4.613213241100311e-05,False,within branch program_seconds; do not add parent
writer events,90,H56,native_target_reuse,4.311557859182358e-05,False,within branch program_seconds; do not add parent
writer events,90,H56,native_target_reuse,6.804242730140686e-05,False,within branch program_seconds; do not add parent
writer events,90,H56,native_target_reuse,4.6623870730400085e-05,False,within branch program_seconds; do not add parent
writer events,90,H56,native_target_reuse,4.194118082523346e-05,False,within branch program_seconds; do not add parent
writer events,90,H56,native_target_reuse,4.5816414058208466e-05,False,within branch program_seconds; do not add parent
writer events,90,H56,native_target_reuse,5.7445839047431946e-05,False,within branch program_seconds; do not add parent
writer events,90,H56,native_target_reuse,5.271937698125839e-05,False,within branch program_seconds; do not add parent
writer events,90,H56,native_target_reuse,6.498768925666809e-05,False,within branch program_seconds; do not add parent
writer events,90,H56,native_target_reuse,5.303695797920227e-05,False,within branch program_seconds; do not add parent
writer events,90,H56,native_target_reuse,6.041117012500763e-05,False,within branch program_seconds; do not add parent
writer events,90,H56,native_target_reuse,4.861410707235336e-05,False,within branch program_seconds; do not add parent
writer events,90,H56,native_target_reuse,4.723202437162399e-05,False,within branch program_seconds; do not add parent
writer events,90,H56,native_target_reuse,4.6445056796073914e-05,False,within branch program_seconds; do not add parent
writer events,90,H56,native_target_reuse,5.85261732339859e-05,False,within branch program_seconds; do not add parent
writer events,90,H56,native_target_reuse,4.637148231267929e-05,False,within branch program_seconds; do not add parent
writer events,90,H56,native_target_reuse,5.067232996225357e-05,False,within branch program_seconds; do not add parent
writer events,90,H56,native_target_reuse,4.452187567949295e-05,False,within branch program_seconds; do not add parent
writer events,90,H56,native_target_reuse,5.702953785657883e-05,False,within branch program_seconds; do not add parent
writer events,90,H56,native_target_reuse,5.439482629299164e-05,False,within branch program_seconds; do not add parent
writer events,90,H56,native_target_reuse,5.288608372211456e-05,False,within branch program_seconds; do not add parent
writer events,90,H56,native_target_reuse,4.909839481115341e-05,False,within branch program_seconds; do not add parent
writer events,90,H56,native_target_reuse,6.304122507572174e-05,False,within branch program_seconds; do not add parent
writer events,90,H56,native_target_reuse,5.272775888442993e-05,False,within branch program_seconds; do not add parent
writer events,90,H56,native_target_reuse,4.975404590368271e-05,False,within branch program_seconds; do not add parent
writer events,90,H56,native_target_reuse,4.8910267651081085e-05,False,within branch program_seconds; do not add parent
writer events,90,H56,native_target_reuse,5.739182233810425e-05,False,within branch program_seconds; do not add parent
writer events,90,H56,native_target_reuse,5.1895156502723694e-05,False,within branch program_seconds; do not add parent
writer events,90,H56,native_target_reuse,4.570186138153076e-05,False,within branch program_seconds; do not add parent
writer events,90,H56,native_target_reuse,4.3410807847976685e-05,False,within branch program_seconds; do not add parent
writer events,90,H56,stage_observer,27.522405549883842,False,within branch program_seconds; do not add parent
writer events,90,H56,native_key,3.7428459702059627,False,within branch program_seconds; do not add parent
writer events,90,H56,native_l8_residual_forward,0.4731957484036684,False,within branch program_seconds; do not add parent
writer events,90,H56,history_operand_and_diagnostic_PK,0.06994292233139277,False,within branch program_seconds; do not add parent
writer events,90,H56,native_direct_solve,0.11861931253224611,False,within branch program_seconds; do not add parent
writer events,90,H56,diagnostic_response_factor,0.4289469113573432,False,within branch program_seconds; do not add parent
writer events,90,H56,stage_observer,52.19533231947571,False,within branch program_seconds; do not add parent
writer events,90,H56,native_key,3.7615368152037263,False,within branch program_seconds; do not add parent
writer events,90,H56,native_l8_residual_forward,0.477847533300519,False,within branch program_seconds; do not add parent
writer events,90,H56,history_operand_and_diagnostic_PK,7.594668368808925,False,within branch program_seconds; do not add parent
writer events,90,H56,native_direct_solve,0.11902360804378986,False,within branch program_seconds; do not add parent
writer events,90,H56,diagnostic_response_factor,0.43008623644709587,False,within branch program_seconds; do not add parent
writer events,90,H56,stage_observer,106.94730307161808,False,within branch program_seconds; do not add parent
writer events,90,H56,native_key,3.7570445276796818,False,within branch program_seconds; do not add parent
writer events,90,H56,native_l8_residual_forward,0.4724892610684037,False,within branch program_seconds; do not add parent
writer events,90,H56,history_operand_and_diagnostic_PK,7.4473009360954165,False,within branch program_seconds; do not add parent
writer events,90,H56,native_direct_solve,0.11893260013312101,False,within branch program_seconds; do not add parent
writer events,90,H56,diagnostic_response_factor,0.4949173703789711,False,within branch program_seconds; do not add parent
writer events,90,H56,stage_observer,106.83186126872897,False,within branch program_seconds; do not add parent
writer events,90,H56,native_key,3.7476772563531995,False,within branch program_seconds; do not add parent
writer events,90,H56,native_l8_residual_forward,0.4834697749465704,False,within branch program_seconds; do not add parent
writer events,90,H56,history_operand_and_diagnostic_PK,0.07022163737565279,False,within branch program_seconds; do not add parent
writer events,90,H56,native_direct_solve,0.11866835132241249,False,within branch program_seconds; do not add parent
writer events,90,H56,diagnostic_response_factor,0.49665067344903946,False,within branch program_seconds; do not add parent
writer events,90,H56,stage_observer,46.52956582605839,False,within branch program_seconds; do not add parent
writer events,90,H56,native_key,3.745625370182097,False,within branch program_seconds; do not add parent
writer events,90,H56,native_l8_residual_forward,0.472376411780715,False,within branch program_seconds; do not add parent
writer events,90,H56,history_operand_and_diagnostic_PK,0.06969020701944828,False,within branch program_seconds; do not add parent
writer events,90,H56,native_direct_solve,0.11867206543684006,False,within branch program_seconds; do not add parent
writer events,90,H56,diagnostic_response_factor,0.419231285341084,False,within branch program_seconds; do not add parent
writer events,90,H56,stage_observer,85.01226590201259,False,within branch program_seconds; do not add parent
writer events,90,H56,final_l8_residual_observer,0.4930885713547468,False,within branch program_seconds; do not add parent
writer events,90,H56,native_history_key_and_instrumentation,4.468421995639801,False,within branch program_seconds; do not add parent
writer events,90,H56,native_history_key_and_instrumentation,4.462249623611569,False,within branch program_seconds; do not add parent
writer events,90,H56,native_history_key_and_instrumentation,4.449178183451295,False,within branch program_seconds; do not add parent
writer events,90,H56,native_history_key_and_instrumentation,4.460880432277918,False,within branch program_seconds; do not add parent
writer events,90,H56,native_history_key_and_instrumentation,4.453570221550763,False,within branch program_seconds; do not add parent
writer events,90,H56,stage_observer,77.15539397019893,False,within branch program_seconds; do not add parent
writer events,90,MASS56,stage_observer,96.816466470249,False,within branch program_seconds; do not add parent
writer events,90,MASS56,native_target_reuse,0.0014381520450115204,False,within branch program_seconds; do not add parent
writer events,90,MASS56,native_target_reuse,9.614136070013046e-05,False,within branch program_seconds; do not add parent
writer events,90,MASS56,native_target_reuse,5.8642588555812836e-05,False,within branch program_seconds; do not add parent
writer events,90,MASS56,native_target_reuse,5.576014518737793e-05,False,within branch program_seconds; do not add parent
writer events,90,MASS56,native_target_reuse,6.486941128969193e-05,False,within branch program_seconds; do not add parent
writer events,90,MASS56,native_target_reuse,4.770420491695404e-05,False,within branch program_seconds; do not add parent
writer events,90,MASS56,native_target_reuse,4.926323890686035e-05,False,within branch program_seconds; do not add parent
writer events,90,MASS56,native_target_reuse,4.734843969345093e-05,False,within branch program_seconds; do not add parent
writer events,90,MASS56,native_target_reuse,6.654206663370132e-05,False,within branch program_seconds; do not add parent
writer events,90,MASS56,native_target_reuse,5.6677497923374176e-05,False,within branch program_seconds; do not add parent
writer events,90,MASS56,native_target_reuse,4.893448203802109e-05,False,within branch program_seconds; do not add parent
writer events,90,MASS56,native_target_reuse,4.725530743598938e-05,False,within branch program_seconds; do not add parent
writer events,90,MASS56,native_target_reuse,6.577745079994202e-05,False,within branch program_seconds; do not add parent
writer events,90,MASS56,native_target_reuse,6.081722676753998e-05,False,within branch program_seconds; do not add parent
writer events,90,MASS56,native_target_reuse,4.516728222370148e-05,False,within branch program_seconds; do not add parent
writer events,90,MASS56,native_target_reuse,4.787743091583252e-05,False,within branch program_seconds; do not add parent
writer events,90,MASS56,native_target_reuse,5.7241879403591156e-05,False,within branch program_seconds; do not add parent
writer events,90,MASS56,native_target_reuse,6.419140845537186e-05,False,within branch program_seconds; do not add parent
writer events,90,MASS56,native_target_reuse,4.68110665678978e-05,False,within branch program_seconds; do not add parent
writer events,90,MASS56,native_target_reuse,4.871934652328491e-05,False,within branch program_seconds; do not add parent
writer events,90,MASS56,native_target_reuse,6.261654198169708e-05,False,within branch program_seconds; do not add parent
writer events,90,MASS56,native_target_reuse,5.447492003440857e-05,False,within branch program_seconds; do not add parent
writer events,90,MASS56,native_target_reuse,5.2032992243766785e-05,False,within branch program_seconds; do not add parent
writer events,90,MASS56,native_target_reuse,5.054101347923279e-05,False,within branch program_seconds; do not add parent
writer events,90,MASS56,native_target_reuse,7.032789289951324e-05,False,within branch program_seconds; do not add parent
writer events,90,MASS56,native_target_reuse,5.2568502724170685e-05,False,within branch program_seconds; do not add parent
writer events,90,MASS56,native_target_reuse,4.402082413434982e-05,False,within branch program_seconds; do not add parent
writer events,90,MASS56,native_target_reuse,4.6078115701675415e-05,False,within branch program_seconds; do not add parent
writer events,90,MASS56,native_target_reuse,7.724016904830933e-05,False,within branch program_seconds; do not add parent
writer events,90,MASS56,native_target_reuse,4.6028755605220795e-05,False,within branch program_seconds; do not add parent
writer events,90,MASS56,native_target_reuse,5.202367901802063e-05,False,within branch program_seconds; do not add parent
writer events,90,MASS56,native_target_reuse,4.903227090835571e-05,False,within branch program_seconds; do not add parent
writer events,90,MASS56,native_target_reuse,6.415322422981262e-05,False,within branch program_seconds; do not add parent
writer events,90,MASS56,native_target_reuse,6.738118827342987e-05,False,within branch program_seconds; do not add parent
writer events,90,MASS56,native_target_reuse,4.766974598169327e-05,False,within branch program_seconds; do not add parent
writer events,90,MASS56,native_target_reuse,4.463270306587219e-05,False,within branch program_seconds; do not add parent
writer events,90,MASS56,native_target_reuse,5.2974559366703033e-05,False,within branch program_seconds; do not add parent
writer events,90,MASS56,native_target_reuse,4.7798268496990204e-05,False,within branch program_seconds; do not add parent
writer events,90,MASS56,native_target_reuse,4.2008236050605774e-05,False,within branch program_seconds; do not add parent
writer events,90,MASS56,native_target_reuse,5.865376442670822e-05,False,within branch program_seconds; do not add parent
writer events,90,MASS56,native_target_reuse,5.807168781757355e-05,False,within branch program_seconds; do not add parent
writer events,90,MASS56,native_target_reuse,4.7856010496616364e-05,False,within branch program_seconds; do not add parent
writer events,90,MASS56,native_target_reuse,4.7380104660987854e-05,False,within branch program_seconds; do not add parent
writer events,90,MASS56,native_target_reuse,4.8869289457798004e-05,False,within branch program_seconds; do not add parent
writer events,90,MASS56,native_target_reuse,6.212294101715088e-05,False,within branch program_seconds; do not add parent
writer events,90,MASS56,native_target_reuse,5.284138023853302e-05,False,within branch program_seconds; do not add parent
writer events,90,MASS56,native_target_reuse,5.2041374146938324e-05,False,within branch program_seconds; do not add parent
writer events,90,MASS56,native_target_reuse,5.384441465139389e-05,False,within branch program_seconds; do not add parent
writer events,90,MASS56,native_target_reuse,5.434546619653702e-05,False,within branch program_seconds; do not add parent
writer events,90,MASS56,native_target_reuse,5.0298869609832764e-05,False,within branch program_seconds; do not add parent
writer events,90,MASS56,native_target_reuse,6.019230931997299e-05,False,within branch program_seconds; do not add parent
writer events,90,MASS56,native_target_reuse,4.4679269194602966e-05,False,within branch program_seconds; do not add parent
writer events,90,MASS56,native_target_reuse,5.959346890449524e-05,False,within branch program_seconds; do not add parent
writer events,90,MASS56,native_target_reuse,5.669146776199341e-05,False,within branch program_seconds; do not add parent
writer events,90,MASS56,native_target_reuse,5.067698657512665e-05,False,within branch program_seconds; do not add parent
writer events,90,MASS56,native_target_reuse,5.1528215408325195e-05,False,within branch program_seconds; do not add parent
writer events,90,MASS56,native_target_reuse,6.33634626865387e-05,False,within branch program_seconds; do not add parent
writer events,90,MASS56,native_target_reuse,5.134660750627518e-05,False,within branch program_seconds; do not add parent
writer events,90,MASS56,native_target_reuse,4.6552158892154694e-05,False,within branch program_seconds; do not add parent
writer events,90,MASS56,native_target_reuse,4.9180351197719574e-05,False,within branch program_seconds; do not add parent
writer events,90,MASS56,native_target_reuse,5.6998804211616516e-05,False,within branch program_seconds; do not add parent
writer events,90,MASS56,native_target_reuse,6.287824362516403e-05,False,within branch program_seconds; do not add parent
writer events,90,MASS56,native_target_reuse,4.5388005673885345e-05,False,within branch program_seconds; do not add parent
writer events,90,MASS56,native_target_reuse,4.577077925205231e-05,False,within branch program_seconds; do not add parent
writer events,90,MASS56,native_target_reuse,6.012897938489914e-05,False,within branch program_seconds; do not add parent
writer events,90,MASS56,native_target_reuse,5.049072206020355e-05,False,within branch program_seconds; do not add parent
writer events,90,MASS56,native_target_reuse,4.8362649977207184e-05,False,within branch program_seconds; do not add parent
writer events,90,MASS56,native_target_reuse,5.529727786779404e-05,False,within branch program_seconds; do not add parent
writer events,90,MASS56,native_target_reuse,6.864592432975769e-05,False,within branch program_seconds; do not add parent
writer events,90,MASS56,native_target_reuse,5.0086528062820435e-05,False,within branch program_seconds; do not add parent
writer events,90,MASS56,native_target_reuse,4.54876571893692e-05,False,within branch program_seconds; do not add parent
writer events,90,MASS56,native_target_reuse,4.4570304453372955e-05,False,within branch program_seconds; do not add parent
writer events,90,MASS56,native_target_reuse,6.313621997833252e-05,False,within branch program_seconds; do not add parent
writer events,90,MASS56,native_target_reuse,4.956405609846115e-05,False,within branch program_seconds; do not add parent
writer events,90,MASS56,native_target_reuse,4.368741065263748e-05,False,within branch program_seconds; do not add parent
writer events,90,MASS56,native_target_reuse,4.261825233697891e-05,False,within branch program_seconds; do not add parent
writer events,90,MASS56,native_target_reuse,5.975831300020218e-05,False,within branch program_seconds; do not add parent
writer events,90,MASS56,native_target_reuse,5.471333861351013e-05,False,within branch program_seconds; do not add parent
writer events,90,MASS56,native_target_reuse,7.59689137339592e-05,False,within branch program_seconds; do not add parent
writer events,90,MASS56,native_target_reuse,4.957802593708038e-05,False,within branch program_seconds; do not add parent
writer events,90,MASS56,native_target_reuse,6.050150841474533e-05,False,within branch program_seconds; do not add parent
writer events,90,MASS56,native_target_reuse,4.833005368709564e-05,False,within branch program_seconds; do not add parent
writer events,90,MASS56,native_target_reuse,5.9069134294986725e-05,False,within branch program_seconds; do not add parent
writer events,90,MASS56,native_target_reuse,4.384387284517288e-05,False,within branch program_seconds; do not add parent
writer events,90,MASS56,native_target_reuse,5.852244794368744e-05,False,within branch program_seconds; do not add parent
writer events,90,MASS56,native_target_reuse,4.916917532682419e-05,False,within branch program_seconds; do not add parent
writer events,90,MASS56,native_target_reuse,4.3842941522598267e-05,False,within branch program_seconds; do not add parent
writer events,90,MASS56,native_target_reuse,4.394259303808212e-05,False,within branch program_seconds; do not add parent
writer events,90,MASS56,native_target_reuse,5.701277405023575e-05,False,within branch program_seconds; do not add parent
writer events,90,MASS56,native_target_reuse,5.893688648939133e-05,False,within branch program_seconds; do not add parent
writer events,90,MASS56,native_target_reuse,5.157943814992905e-05,False,within branch program_seconds; do not add parent
writer events,90,MASS56,native_target_reuse,4.839058965444565e-05,False,within branch program_seconds; do not add parent
writer events,90,MASS56,native_target_reuse,5.9077516198158264e-05,False,within branch program_seconds; do not add parent
writer events,90,MASS56,native_target_reuse,5.862582474946976e-05,False,within branch program_seconds; do not add parent
writer events,90,MASS56,native_target_reuse,5.299411714076996e-05,False,within branch program_seconds; do not add parent
writer events,90,MASS56,native_target_reuse,5.989335477352142e-05,False,within branch program_seconds; do not add parent
writer events,90,MASS56,native_target_reuse,6.097089499235153e-05,False,within branch program_seconds; do not add parent
writer events,90,MASS56,native_target_reuse,4.5522116124629974e-05,False,within branch program_seconds; do not add parent
writer events,90,MASS56,native_target_reuse,4.6586617827415466e-05,False,within branch program_seconds; do not add parent
writer events,90,MASS56,native_target_reuse,4.5736320316791534e-05,False,within branch program_seconds; do not add parent
writer events,90,MASS56,stage_observer,27.33344363886863,False,within branch program_seconds; do not add parent
writer events,90,MASS56,native_key,3.75194856710732,False,within branch program_seconds; do not add parent
writer events,90,MASS56,native_l8_residual_forward,0.4741713320836425,False,within branch program_seconds; do not add parent
writer events,90,MASS56,history_operand_and_diagnostic_PK,0.06975642871111631,False,within branch program_seconds; do not add parent
writer events,90,MASS56,native_direct_solve,0.11868686974048615,False,within branch program_seconds; do not add parent
writer events,90,MASS56,diagnostic_response_factor,0.4169612154364586,False,within branch program_seconds; do not add parent
writer events,90,MASS56,stage_observer,52.77890292555094,False,within branch program_seconds; do not add parent
writer events,90,MASS56,native_key,3.7639823239296675,False,within branch program_seconds; do not add parent
writer events,90,MASS56,native_l8_residual_forward,0.47787637636065483,False,within branch program_seconds; do not add parent
writer events,90,MASS56,history_operand_and_diagnostic_PK,7.489573928527534,False,within branch program_seconds; do not add parent
writer events,90,MASS56,native_direct_solve,0.11895509902387857,False,within branch program_seconds; do not add parent
writer events,90,MASS56,diagnostic_response_factor,0.4272124618291855,False,within branch program_seconds; do not add parent
writer events,90,MASS56,stage_observer,107.9240388404578,False,within branch program_seconds; do not add parent
writer events,90,MASS56,native_key,3.756837347522378,False,within branch program_seconds; do not add parent
writer events,90,MASS56,native_l8_residual_forward,0.4711380722001195,False,within branch program_seconds; do not add parent
writer events,90,MASS56,history_operand_and_diagnostic_PK,7.584377753548324,False,within branch program_seconds; do not add parent
writer events,90,MASS56,native_direct_solve,0.11963414959609509,False,within branch program_seconds; do not add parent
writer events,90,MASS56,diagnostic_response_factor,0.46966414526104927,False,within branch program_seconds; do not add parent
writer events,90,MASS56,stage_observer,106.5627968031913,False,within branch program_seconds; do not add parent
writer events,90,MASS56,native_key,3.7631774861365557,False,within branch program_seconds; do not add parent
writer events,90,MASS56,native_l8_residual_forward,0.4782194187864661,False,within branch program_seconds; do not add parent
writer events,90,MASS56,history_operand_and_diagnostic_PK,0.07045626919716597,False,within branch program_seconds; do not add parent
writer events,90,MASS56,native_direct_solve,0.11867901869118214,False,within branch program_seconds; do not add parent
writer events,90,MASS56,diagnostic_response_factor,0.46978664956986904,False,within branch program_seconds; do not add parent
writer events,90,MASS56,stage_observer,50.38102946151048,False,within branch program_seconds; do not add parent
writer events,90,MASS56,native_key,3.7544634267687798,False,within branch program_seconds; do not add parent
writer events,90,MASS56,native_l8_residual_forward,0.4731229580938816,False,within branch program_seconds; do not add parent
writer events,90,MASS56,history_operand_and_diagnostic_PK,0.07059657108038664,False,within branch program_seconds; do not add parent
writer events,90,MASS56,native_direct_solve,0.11871546693146229,False,within branch program_seconds; do not add parent
writer events,90,MASS56,diagnostic_response_factor,0.4423058209940791,False,within branch program_seconds; do not add parent
writer events,90,MASS56,stage_observer,84.06483895983547,False,within branch program_seconds; do not add parent
writer events,90,MASS56,final_l8_residual_observer,0.49386007245630026,False,within branch program_seconds; do not add parent
writer events,90,MASS56,native_history_key_and_instrumentation,4.452109711244702,False,within branch program_seconds; do not add parent
writer events,90,MASS56,native_history_key_and_instrumentation,4.481318186037242,False,within branch program_seconds; do not add parent
writer events,90,MASS56,native_history_key_and_instrumentation,4.466402509249747,False,within branch program_seconds; do not add parent
writer events,90,MASS56,native_history_key_and_instrumentation,4.454351915977895,False,within branch program_seconds; do not add parent
writer events,90,MASS56,native_history_key_and_instrumentation,4.4583594696596265,False,within branch program_seconds; do not add parent
writer events,90,MASS56,stage_observer,75.03888677246869,False,within branch program_seconds; do not add parent
geometry,,,capture_inclusive,12.993604330345988,False,runtime_seconds nested inside capture
geometry,0,,cpu_geometry_inclusive,144.74795083981007,False,runtime_seconds nested inside capture
geometry,,,capture_inclusive,11.366351189091802,False,runtime_seconds nested inside capture
geometry,0,,cpu_geometry_inclusive,93.94310106523335,False,runtime_seconds nested inside capture
geometry,,,capture_inclusive,11.38569280039519,False,runtime_seconds nested inside capture
geometry,0,,cpu_geometry_inclusive,92.5589064117521,False,runtime_seconds nested inside capture
geometry,,,capture_inclusive,11.514422280713916,False,runtime_seconds nested inside capture
geometry,0,,cpu_geometry_inclusive,93.70227589271963,False,runtime_seconds nested inside capture
geometry,,,capture_inclusive,11.561737311072648,False,runtime_seconds nested inside capture
geometry,10,,cpu_geometry_inclusive,330.75301807001233,False,runtime_seconds nested inside capture
geometry,,,capture_inclusive,11.458696015179157,False,runtime_seconds nested inside capture
geometry,10,,cpu_geometry_inclusive,414.23662695195526,False,runtime_seconds nested inside capture
geometry,,,capture_inclusive,11.573190883733332,False,runtime_seconds nested inside capture
geometry,10,,cpu_geometry_inclusive,215.4813507637009,False,runtime_seconds nested inside capture
geometry,,,capture_inclusive,12.023151695728302,False,runtime_seconds nested inside capture
geometry,10,,cpu_geometry_inclusive,310.5728769954294,False,runtime_seconds nested inside capture
geometry,,,capture_inclusive,11.552980809472501,False,runtime_seconds nested inside capture
geometry,50,,cpu_geometry_inclusive,291.5953111499548,False,runtime_seconds nested inside capture
geometry,,,capture_inclusive,11.273486286401749,False,runtime_seconds nested inside capture
geometry,50,,cpu_geometry_inclusive,448.6145329615101,False,runtime_seconds nested inside capture
geometry,,,capture_inclusive,11.29293176624924,False,runtime_seconds nested inside capture
geometry,50,,cpu_geometry_inclusive,209.33043880574405,False,runtime_seconds nested inside capture
geometry,,,capture_inclusive,11.553410314954817,False,runtime_seconds nested inside capture
geometry,50,,cpu_geometry_inclusive,220.92715785186738,False,runtime_seconds nested inside capture
geometry,,,capture_inclusive,11.487704456783831,False,runtime_seconds nested inside capture
geometry,70,,cpu_geometry_inclusive,209.26048190146685,False,runtime_seconds nested inside capture
geometry,,,capture_inclusive,11.219463340006769,False,runtime_seconds nested inside capture
geometry,70,,cpu_geometry_inclusive,229.48644948657602,False,runtime_seconds nested inside capture
geometry,,,capture_inclusive,11.295864685438573,False,runtime_seconds nested inside capture
geometry,70,,cpu_geometry_inclusive,219.19032879546285,False,runtime_seconds nested inside capture
geometry,,,capture_inclusive,11.575565277598798,False,runtime_seconds nested inside capture
geometry,70,,cpu_geometry_inclusive,213.56198895908892,False,runtime_seconds nested inside capture
geometry,,,capture_inclusive,11.39474495779723,False,runtime_seconds nested inside capture
geometry,80,,cpu_geometry_inclusive,218.65145363565534,False,runtime_seconds nested inside capture
geometry,,,capture_inclusive,11.195262297056615,False,runtime_seconds nested inside capture
geometry,80,,cpu_geometry_inclusive,555.1052933773026,False,runtime_seconds nested inside capture
geometry,,,capture_inclusive,11.567223081365228,False,runtime_seconds nested inside capture
geometry,80,,cpu_geometry_inclusive,350.96177396085113,False,runtime_seconds nested inside capture
geometry,,,capture_inclusive,11.368508164770901,False,runtime_seconds nested inside capture
geometry,80,,cpu_geometry_inclusive,240.44034726545215,False,runtime_seconds nested inside capture
geometry,,,capture_inclusive,11.408303009346128,False,runtime_seconds nested inside capture
geometry,90,,cpu_geometry_inclusive,231.30658648815006,False,runtime_seconds nested inside capture
geometry,,,capture_inclusive,11.266907968558371,False,runtime_seconds nested inside capture
geometry,90,,cpu_geometry_inclusive,270.15379623975605,False,runtime_seconds nested inside capture
geometry,,,capture_inclusive,11.497121504507959,False,runtime_seconds nested inside capture
geometry,90,,cpu_geometry_inclusive,305.84608189202845,False,runtime_seconds nested inside capture
geometry,,,capture_inclusive,11.405337898992002,False,runtime_seconds nested inside capture
geometry,90,,cpu_geometry_inclusive,212.60478558763862,False,runtime_seconds nested inside capture
geometry,,,capture_inclusive,11.429396291263402,False,runtime_seconds nested inside capture
geometry,100,,cpu_geometry_inclusive,427.9063643794507,False,runtime_seconds nested inside capture
geometry,,,capture_inclusive,11.29918978177011,False,runtime_seconds nested inside capture
geometry,100,,cpu_geometry_inclusive,460.3855956280604,False,runtime_seconds nested inside capture
geometry,,,capture_inclusive,11.630194566212595,False,runtime_seconds nested inside capture
geometry,100,,cpu_geometry_inclusive,659.4618202941492,False,runtime_seconds nested inside capture
geometry,,,capture_inclusive,11.386444116942585,False,runtime_seconds nested inside capture
geometry,100,,cpu_geometry_inclusive,949.8112549474463,False,runtime_seconds nested inside capture
geometry,,,capture_inclusive,8.359208307228982,False,runtime_seconds nested inside capture
geometry,,,capture_inclusive,8.14152907859534,False,runtime_seconds nested inside capture
geometry,80,,cpu_geometry_inclusive,91.05046891234815,False,runtime_seconds nested inside capture
geometry,,,capture_inclusive,9.855102200992405,False,runtime_seconds nested inside capture
geometry,80,,cpu_geometry_inclusive,73.52609699871391,False,runtime_seconds nested inside capture
geometry,,,capture_inclusive,9.712429053150117,False,runtime_seconds nested inside capture
geometry,80,,cpu_geometry_inclusive,73.4721884476021,False,runtime_seconds nested inside capture
geometry,,,capture_inclusive,9.594693597406149,False,runtime_seconds nested inside capture
geometry,80,,cpu_geometry_inclusive,72.11904829274863,False,runtime_seconds nested inside capture
geometry,,,capture_inclusive,9.726479832082987,False,runtime_seconds nested inside capture
geometry,80,,cpu_geometry_inclusive,71.88743277080357,False,runtime_seconds nested inside capture
geometry,,,capture_inclusive,6.864507012069225,False,runtime_seconds nested inside capture
geometry,80,,cpu_geometry_inclusive,89.46019113063812,False,runtime_seconds nested inside capture
geometry,,,capture_inclusive,9.928022181615233,False,runtime_seconds nested inside capture
geometry,80,,cpu_geometry_inclusive,73.33074937667698,False,runtime_seconds nested inside capture
geometry,,,capture_inclusive,9.856393598020077,False,runtime_seconds nested inside capture
geometry,80,,cpu_geometry_inclusive,73.15230152383447,False,runtime_seconds nested inside capture
geometry,,,capture_inclusive,9.706110700033605,False,runtime_seconds nested inside capture
geometry,80,,cpu_geometry_inclusive,73.01411473657936,False,runtime_seconds nested inside capture
geometry,,,capture_inclusive,9.769203093834221,False,runtime_seconds nested inside capture
geometry,80,,cpu_geometry_inclusive,73.22033757995814,False,runtime_seconds nested inside capture
geometry,,,capture_inclusive,7.167621701024473,False,runtime_seconds nested inside capture
geometry,80,,cpu_geometry_inclusive,90.1239160951227,False,runtime_seconds nested inside capture
geometry,,,capture_inclusive,9.84719087742269,False,runtime_seconds nested inside capture
geometry,80,,cpu_geometry_inclusive,73.44180880393833,False,runtime_seconds nested inside capture
geometry,,,capture_inclusive,9.797871166840196,False,runtime_seconds nested inside capture
geometry,80,,cpu_geometry_inclusive,73.09635175671428,False,runtime_seconds nested inside capture
geometry,,,capture_inclusive,9.71019288431853,False,runtime_seconds nested inside capture
geometry,80,,cpu_geometry_inclusive,71.75963658094406,False,runtime_seconds nested inside capture
geometry,,,capture_inclusive,9.740162586793303,False,runtime_seconds nested inside capture
geometry,80,,cpu_geometry_inclusive,71.68158323597163,False,runtime_seconds nested inside capture
geometry,,,capture_inclusive,6.863124143332243,False,runtime_seconds nested inside capture
geometry,80,,cpu_geometry_inclusive,90.38079394679517,False,runtime_seconds nested inside capture
geometry,,,capture_inclusive,9.864795596338809,False,runtime_seconds nested inside capture
geometry,80,,cpu_geometry_inclusive,73.2448151698336,False,runtime_seconds nested inside capture
geometry,,,capture_inclusive,9.888361105695367,False,runtime_seconds nested inside capture
geometry,80,,cpu_geometry_inclusive,73.17939471267164,False,runtime_seconds nested inside capture
geometry,,,capture_inclusive,9.704813326708972,False,runtime_seconds nested inside capture
geometry,80,,cpu_geometry_inclusive,71.76280433312058,False,runtime_seconds nested inside capture
geometry,,,capture_inclusive,9.75327711738646,False,runtime_seconds nested inside capture
geometry,80,,cpu_geometry_inclusive,71.8290082840249,False,runtime_seconds nested inside capture
geometry,,,capture_inclusive,6.878847222775221,False,runtime_seconds nested inside capture
geometry,80,,cpu_geometry_inclusive,95.69063911493868,False,runtime_seconds nested inside capture
geometry,,,capture_inclusive,9.874434819445014,False,runtime_seconds nested inside capture
geometry,80,,cpu_geometry_inclusive,83.22454473003745,False,runtime_seconds nested inside capture
geometry,,,capture_inclusive,9.784631196409464,False,runtime_seconds nested inside capture
geometry,80,,cpu_geometry_inclusive,85.0452382080257,False,runtime_seconds nested inside capture
geometry,,,capture_inclusive,9.704778287559748,False,runtime_seconds nested inside capture
geometry,80,,cpu_geometry_inclusive,205.04789752606302,False,runtime_seconds nested inside capture
geometry,,,capture_inclusive,9.797235293313861,False,runtime_seconds nested inside capture
geometry,80,,cpu_geometry_inclusive,83.78634170349687,False,runtime_seconds nested inside capture
geometry,,,capture_inclusive,7.0104289231821895,False,runtime_seconds nested inside capture
geometry,80,,cpu_geometry_inclusive,94.51518074329942,False,runtime_seconds nested inside capture
geometry,,,capture_inclusive,9.914390440098941,False,runtime_seconds nested inside capture
geometry,80,,cpu_geometry_inclusive,80.72637006267905,False,runtime_seconds nested inside capture
geometry,,,capture_inclusive,9.984883700497448,False,runtime_seconds nested inside capture
geometry,80,,cpu_geometry_inclusive,78.84922078158706,False,runtime_seconds nested inside capture
geometry,,,capture_inclusive,10.017647850327194,False,runtime_seconds nested inside capture
geometry,80,,cpu_geometry_inclusive,83.30573309026659,False,runtime_seconds nested inside capture
geometry,,,capture_inclusive,9.783847376704216,False,runtime_seconds nested inside capture
geometry,80,,cpu_geometry_inclusive,82.88635097071528,False,runtime_seconds nested inside capture
geometry,,,capture_inclusive,6.947444500401616,False,runtime_seconds nested inside capture
geometry,80,,cpu_geometry_inclusive,97.65301731415093,False,runtime_seconds nested inside capture
geometry,,,capture_inclusive,9.877527767792344,False,runtime_seconds nested inside capture
geometry,80,,cpu_geometry_inclusive,135.26954276300967,False,runtime_seconds nested inside capture
geometry,,,capture_inclusive,9.878289923071861,False,runtime_seconds nested inside capture
geometry,80,,cpu_geometry_inclusive,134.71107273735106,False,runtime_seconds nested inside capture
geometry,,,capture_inclusive,9.803329661488533,False,runtime_seconds nested inside capture
geometry,80,,cpu_geometry_inclusive,131.93487070128322,False,runtime_seconds nested inside capture
geometry,,,capture_inclusive,9.872914754785597,False,runtime_seconds nested inside capture
geometry,80,,cpu_geometry_inclusive,135.68111607339233,False,runtime_seconds nested inside capture
geometry,,,capture_inclusive,7.126475180499256,False,runtime_seconds nested inside capture
geometry,80,,cpu_geometry_inclusive,121.08742729946971,False,runtime_seconds nested inside capture
geometry,,,capture_inclusive,10.17153653781861,False,runtime_seconds nested inside capture
geometry,80,,cpu_geometry_inclusive,98.78644720371813,False,runtime_seconds nested inside capture
geometry,,,capture_inclusive,9.63089972641319,False,runtime_seconds nested inside capture
geometry,80,,cpu_geometry_inclusive,98.36216692440212,False,runtime_seconds nested inside capture
geometry,,,capture_inclusive,9.694553634151816,False,runtime_seconds nested inside capture
geometry,80,,cpu_geometry_inclusive,98.10809275507927,False,runtime_seconds nested inside capture
geometry,,,capture_inclusive,9.886886589229107,False,runtime_seconds nested inside capture
geometry,80,,cpu_geometry_inclusive,100.09034677781165,False,runtime_seconds nested inside capture
geometry,,,capture_inclusive,5.831236059777439,False,runtime_seconds nested inside capture
geometry,80,,cpu_geometry_inclusive,43.70211588125676,False,runtime_seconds nested inside capture
geometry,,,capture_inclusive,10.145894731394947,False,runtime_seconds nested inside capture
geometry,80,,cpu_geometry_inclusive,105.40196921583265,False,runtime_seconds nested inside capture
geometry,,,capture_inclusive,9.634650028310716,False,runtime_seconds nested inside capture
geometry,80,,cpu_geometry_inclusive,105.8150151502341,False,runtime_seconds nested inside capture
geometry,,,capture_inclusive,9.700752734206617,False,runtime_seconds nested inside capture
geometry,80,,cpu_geometry_inclusive,103.71996834874153,False,runtime_seconds nested inside capture
geometry,,,capture_inclusive,9.83052831236273,False,runtime_seconds nested inside capture
geometry,80,,cpu_geometry_inclusive,105.63942381553352,False,runtime_seconds nested inside capture
geometry,,,capture_inclusive,6.98437459114939,False,runtime_seconds nested inside capture
geometry,100,,cpu_geometry_inclusive,93.14513641037047,False,runtime_seconds nested inside capture
geometry,,,capture_inclusive,10.076767422258854,False,runtime_seconds nested inside capture
geometry,100,,cpu_geometry_inclusive,120.12681231461465,False,runtime_seconds nested inside capture
geometry,,,capture_inclusive,9.604883722029626,False,runtime_seconds nested inside capture
geometry,100,,cpu_geometry_inclusive,118.94823995791376,False,runtime_seconds nested inside capture
geometry,,,capture_inclusive,9.752295979298651,False,runtime_seconds nested inside capture
geometry,100,,cpu_geometry_inclusive,122.56343323085457,False,runtime_seconds nested inside capture
geometry,,,capture_inclusive,9.792741473764181,False,runtime_seconds nested inside capture
geometry,100,,cpu_geometry_inclusive,450.74931573402137,False,runtime_seconds nested inside capture
geometry,,,capture_inclusive,7.205067662522197,False,runtime_seconds nested inside capture
geometry,100,,cpu_geometry_inclusive,97.92041340935975,False,runtime_seconds nested inside capture
geometry,,,capture_inclusive,10.115489459596574,False,runtime_seconds nested inside capture
geometry,100,,cpu_geometry_inclusive,170.45016247220337,False,runtime_seconds nested inside capture
geometry,,,capture_inclusive,9.622195929288864,False,runtime_seconds nested inside capture
geometry,100,,cpu_geometry_inclusive,106.83810362406075,False,runtime_seconds nested inside capture
geometry,,,capture_inclusive,9.715787957422435,False,runtime_seconds nested inside capture
geometry,100,,cpu_geometry_inclusive,107.66637193318456,False,runtime_seconds nested inside capture
geometry,,,capture_inclusive,9.838422832079232,False,runtime_seconds nested inside capture
geometry,100,,cpu_geometry_inclusive,108.90445918682963,False,runtime_seconds nested inside capture
geometry,,,capture_inclusive,7.009847386740148,False,runtime_seconds nested inside capture
geometry,100,,cpu_geometry_inclusive,90.17886287532747,False,runtime_seconds nested inside capture
geometry,,,capture_inclusive,9.837643206119537,False,runtime_seconds nested inside capture
geometry,100,,cpu_geometry_inclusive,109.44327594712377,False,runtime_seconds nested inside capture
geometry,,,capture_inclusive,9.690518981777132,False,runtime_seconds nested inside capture
geometry,100,,cpu_geometry_inclusive,110.33916305098683,False,runtime_seconds nested inside capture
geometry,,,capture_inclusive,9.730059227906168,False,runtime_seconds nested inside capture
geometry,100,,cpu_geometry_inclusive,109.97566494252533,False,runtime_seconds nested inside capture
geometry,,,capture_inclusive,9.883319319225848,False,runtime_seconds nested inside capture
geometry,100,,cpu_geometry_inclusive,114.43598686158657,False,runtime_seconds nested inside capture
geometry,,,capture_inclusive,7.114023723639548,False,runtime_seconds nested inside capture
geometry,100,,cpu_geometry_inclusive,91.33551242668182,False,runtime_seconds nested inside capture
geometry,,,capture_inclusive,10.119836919941008,False,runtime_seconds nested inside capture
geometry,100,,cpu_geometry_inclusive,118.46884353458881,False,runtime_seconds nested inside capture
geometry,,,capture_inclusive,9.626960446126759,False,runtime_seconds nested inside capture
geometry,100,,cpu_geometry_inclusive,86.56801859103143,False,runtime_seconds nested inside capture
geometry,,,capture_inclusive,9.726606694981456,False,runtime_seconds nested inside capture
geometry,100,,cpu_geometry_inclusive,86.3330188523978,False,runtime_seconds nested inside capture
geometry,,,capture_inclusive,9.830800690688193,False,runtime_seconds nested inside capture
geometry,100,,cpu_geometry_inclusive,86.5134459277615,False,runtime_seconds nested inside capture
geometry,,,capture_inclusive,7.025748662650585,False,runtime_seconds nested inside capture
geometry,100,,cpu_geometry_inclusive,89.34826501831412,False,runtime_seconds nested inside capture
geometry,,,capture_inclusive,9.824574354104698,False,runtime_seconds nested inside capture
geometry,100,,cpu_geometry_inclusive,101.03242196887732,False,runtime_seconds nested inside capture
geometry,,,capture_inclusive,9.833885298110545,False,runtime_seconds nested inside capture
geometry,100,,cpu_geometry_inclusive,104.55840054247528,False,runtime_seconds nested inside capture
geometry,,,capture_inclusive,9.790776662528515,False,runtime_seconds nested inside capture
geometry,100,,cpu_geometry_inclusive,102.76723887305707,False,runtime_seconds nested inside capture
geometry,,,capture_inclusive,9.934555609710515,False,runtime_seconds nested inside capture
geometry,100,,cpu_geometry_inclusive,99.90606784168631,False,runtime_seconds nested inside capture
geometry,,,capture_inclusive,7.111800342798233,False,runtime_seconds nested inside capture
geometry,100,,cpu_geometry_inclusive,89.76089491974562,False,runtime_seconds nested inside capture
geometry,,,capture_inclusive,9.889083340764046,False,runtime_seconds nested inside capture
geometry,100,,cpu_geometry_inclusive,136.9388377359137,False,runtime_seconds nested inside capture
geometry,,,capture_inclusive,9.640087745152414,False,runtime_seconds nested inside capture
geometry,100,,cpu_geometry_inclusive,154.68175160884857,False,runtime_seconds nested inside capture
geometry,,,capture_inclusive,9.662829853594303,False,runtime_seconds nested inside capture
geometry,100,,cpu_geometry_inclusive,102.67990339640528,False,runtime_seconds nested inside capture
geometry,,,capture_inclusive,9.739625196903944,False,runtime_seconds nested inside capture
geometry,100,,cpu_geometry_inclusive,103.0161376092583,False,runtime_seconds nested inside capture
geometry,,,capture_inclusive,7.006646107882261,False,runtime_seconds nested inside capture
geometry,100,,cpu_geometry_inclusive,96.92596564814448,False,runtime_seconds nested inside capture
geometry,,,capture_inclusive,10.11462858133018,False,runtime_seconds nested inside capture
geometry,100,,cpu_geometry_inclusive,108.83350334130228,False,runtime_seconds nested inside capture
geometry,,,capture_inclusive,9.622066549956799,False,runtime_seconds nested inside capture
geometry,100,,cpu_geometry_inclusive,108.65435195527971,False,runtime_seconds nested inside capture
geometry,,,capture_inclusive,9.669328698888421,False,runtime_seconds nested inside capture
geometry,100,,cpu_geometry_inclusive,109.2070000320673,False,runtime_seconds nested inside capture
geometry,,,capture_inclusive,9.907452156767249,False,runtime_seconds nested inside capture
geometry,100,,cpu_geometry_inclusive,146.92552088852972,False,runtime_seconds nested inside capture
geometry,,,capture_inclusive,7.077985981479287,False,runtime_seconds nested inside capture
geometry,100,,cpu_geometry_inclusive,86.79103542026132,False,runtime_seconds nested inside capture
geometry,,,capture_inclusive,10.083677677437663,False,runtime_seconds nested inside capture
geometry,100,,cpu_geometry_inclusive,76.73344003781676,False,runtime_seconds nested inside capture
geometry,,,capture_inclusive,9.59917252138257,False,runtime_seconds nested inside capture
geometry,100,,cpu_geometry_inclusive,75.47507202159613,False,runtime_seconds nested inside capture
geometry,,,capture_inclusive,9.681452302262187,False,runtime_seconds nested inside capture
geometry,100,,cpu_geometry_inclusive,75.5219145109877,False,runtime_seconds nested inside capture
geometry,,,capture_inclusive,9.777440786361694,False,runtime_seconds nested inside capture
geometry,100,,cpu_geometry_inclusive,75.64482494350523,False,runtime_seconds nested inside capture
geometry,,,capture_inclusive,5.860267619602382,False,runtime_seconds nested inside capture
geometry,100,,cpu_geometry_inclusive,40.33304920233786,False,runtime_seconds nested inside capture
geometry,,,capture_inclusive,10.072029376402497,False,runtime_seconds nested inside capture
geometry,100,,cpu_geometry_inclusive,76.95534223876894,False,runtime_seconds nested inside capture
geometry,,,capture_inclusive,9.599353362806141,False,runtime_seconds nested inside capture
geometry,100,,cpu_geometry_inclusive,77.9640921484679,False,runtime_seconds nested inside capture
geometry,,,capture_inclusive,9.683787387795746,False,runtime_seconds nested inside capture
geometry,100,,cpu_geometry_inclusive,77.44510533194989,False,runtime_seconds nested inside capture
geometry,,,capture_inclusive,9.76350314822048,False,runtime_seconds nested inside capture
geometry,100,,cpu_geometry_inclusive,77.51411563158035,False,runtime_seconds nested inside capture
components,50,,mean_and_full_parity,1.5088375629857183,False,within component seconds_inclusive
components,50,,KR_four_original_solves,0.825279975309968,False,within component seconds_inclusive
components,50,,mean_and_full_parity,1.6962991720065475,False,within component seconds_inclusive
components,50,,KR_four_original_solves,0.825145723298192,False,within component seconds_inclusive
components,70,,mean_and_full_parity,1.5106292879208922,False,within component seconds_inclusive
components,70,,KR_four_original_solves,0.8239635042846203,False,within component seconds_inclusive
components,70,,mean_and_full_parity,1.668102690950036,False,within component seconds_inclusive
components,70,,KR_four_original_solves,0.8252657363191247,False,within component seconds_inclusive
components,80,,mean_and_full_parity,1.5059515228495002,False,within component seconds_inclusive
components,80,,KR_four_original_solves,0.8252917220816016,False,within component seconds_inclusive
components,80,,mean_and_full_parity,1.715897573158145,False,within component seconds_inclusive
components,80,,KR_four_original_solves,0.8253571949899197,False,within component seconds_inclusive
components,90,,mean_and_full_parity,1.5453381380066276,False,within component seconds_inclusive
components,90,,KR_four_original_solves,0.8253055661916733,False,within component seconds_inclusive
components,90,,mean_and_full_parity,1.5716871786862612,False,within component seconds_inclusive
components,90,,KR_four_original_solves,0.825359994545579,False,within component seconds_inclusive
