state,panel,metric,population,field,aggregation_unit,n,mean,median,q25,q75,iqr,p90,p95,p99,min,max
W0,current,RS,ALL,new_nll,PROMPT,100,11.241732957363128,11.09211015701294,8.452204465866089,14.045443058013916,5.593238592147827,16.304654312133792,17.32651672363281,19.208521308898927,2.88885498046875,19.474620819091797
W0,current,RS,ALL,new_nll,REQUEST_CLUSTER_MEAN,100,11.241732957363128,11.09211015701294,8.452204465866089,14.045443058013916,5.593238592147827,16.304654312133792,17.32651672363281,19.208521308898927,2.88885498046875,19.474620819091797
W0,current,RS,ALL,true_nll,PROMPT,100,4.874904799982906,4.527947902679443,1.7210404872894287,6.929975986480713,5.208935499191284,10.947201442718509,11.919894075393676,13.934454660415652,0.030132435262203217,14.372886657714844
W0,current,RS,ALL,true_nll,REQUEST_CLUSTER_MEAN,100,4.874904799982906,4.527947902679443,1.7210404872894287,6.929975986480713,5.208935499191284,10.947201442718509,11.919894075393676,13.934454660415652,0.030132435262203217,14.372886657714844
W0,current,RS,ALL,desired_margin,PROMPT,100,-6.3668281573802235,-6.400444149971008,-9.752329707145691,-3.1116985380649567,6.640631169080734,0.5673120498657247,2.0263422012329086,4.659451251029969,-19.340492710471153,4.874880313873291
W0,current,RS,ALL,desired_margin,REQUEST_CLUSTER_MEAN,100,-6.3668281573802235,-6.400444149971008,-9.752329707145691,-3.1116985380649567,6.640631169080734,0.5673120498657247,2.0263422012329086,4.659451251029969,-19.340492710471153,4.874880313873291
W0,current,PS,ALL,new_nll,PROMPT,200,10.389654680490494,10.59860897064209,8.353801250457764,12.71971607208252,4.365914821624756,14.176502513885499,15.278189992904663,18.370822067260736,2.712240695953369,19.797948837280273
W0,current,PS,ALL,new_nll,REQUEST_CLUSTER_MEAN,100,10.389654680490494,10.52040719985962,8.638694822788239,12.507049441337585,3.868354618549347,14.016680240631104,14.39126455783844,17.287553668022163,3.0384541749954224,18.637422561645508
W0,current,PS,ALL,true_nll,PROMPT,200,4.8357819443009795,4.198382139205933,2.10300350189209,7.380491375923157,5.277487874031067,10.31320629119873,11.431196784973144,14.542870512008665,0.02423902601003647,14.774577140808105
W0,current,PS,ALL,true_nll,REQUEST_CLUSTER_MEAN,100,4.8357819443009795,4.010129824280739,2.48819911852479,6.8758673667907715,4.387668248265982,8.838400340080268,10.667065143585205,12.88182852745057,0.03935342654585838,14.658292293548584
W0,current,PS,ALL,desired_margin,PROMPT,200,-5.553872736189515,-5.420810952782631,-9.294972717761993,-2.374342441558838,6.9206302762031555,0.8176097869873036,2.388980960845943,5.380613026618947,-15.83889651298523,6.777425765991211
W0,current,PS,ALL,desired_margin,REQUEST_CLUSTER_MEAN,100,-5.553872736189515,-5.259051263332367,-9.074628424830735,-2.84245228767395,6.2321761371567845,0.15151295661926362,1.511256957054136,5.172687854766848,-15.65786349773407,5.579076766967773
W0,current,NS,ALL,new_nll,PROMPT,1000,11.361978705316782,11.208077907562256,8.536255836486816,14.178375244140625,5.642119407653809,16.515522766113282,17.761508655548088,20.436280555725098,0.16010120511054993,24.71312141418457
W0,current,NS,ALL,new_nll,REQUEST_CLUSTER_MEAN,100,11.361978705316783,11.487697052955628,9.402180337905882,13.547928476333619,4.145748138427736,15.132881860733033,15.728897728919982,17.47828331375123,3.32767516374588,19.565809631347655
W0,current,NS,ALL,true_nll,PROMPT,1000,5.07017115744474,4.350452899932861,2.1363399624824524,7.427531123161316,5.2911911606788635,10.505224704742432,12.211072254180905,14.008834810256957,0.0003831844369415194,17.919025421142578
W0,current,NS,ALL,true_nll,REQUEST_CLUSTER_MEAN,100,5.07017115744474,4.636480396986007,3.2876636378467086,6.451856994628907,3.164193356782198,8.74279570579529,9.790803245306014,11.085574143409735,1.091836293041706,12.22484540939331
W0,current,NS,ALL,desired_margin,PROMPT,1000,6.291807547872042,6.330618739128113,2.4178640842437744,9.950462341308594,7.532598257064819,13.025057841837405,15.06796108558774,17.764823392927646,-9.157251358032227,21.17821717262268
W0,current,NS,ALL,desired_margin,REQUEST_CLUSTER_MEAN,100,6.291807547872042,6.442543065547943,3.4173037081956865,8.856842248979955,5.439538540784269,11.1674141967285,13.12006169989705,14.036397043422651,-4.367015409469604,14.384181089777849
W0,historical,RS,ALL,new_nll,PROMPT,128,11.453532995656133,11.023032188415527,8.367786884307861,13.82417917251587,5.456392288208008,17.712614440917967,18.77217617034912,21.07104331970215,0.684359073638916,22.080007553100586
W0,historical,RS,ALL,new_nll,REQUEST_CLUSTER_MEAN,128,11.453532995656133,11.023032188415527,8.367786884307861,13.82417917251587,5.456392288208008,17.712614440917967,18.77217617034912,21.07104331970215,0.684359073638916,22.080007553100586
W0,historical,RS,ALL,true_nll,PROMPT,128,4.272893797730831,3.5482094287872314,1.4164971709251404,6.043344736099243,4.626847565174103,9.224645614624023,10.870604562759398,13.454799442291261,0.0010795724811032414,14.049670219421387
W0,historical,RS,ALL,true_nll,REQUEST_CLUSTER_MEAN,128,4.272893797730831,3.5482094287872314,1.4164971709251404,6.043344736099243,4.626847565174103,9.224645614624023,10.870604562759398,13.454799442291261,0.0010795724811032414,14.049670219421387
W0,historical,RS,ALL,desired_margin,PROMPT,128,-7.180639197925302,-6.836951822042465,-10.31807703198865,-3.625672221183777,6.692404810804874,-0.8269638061523448,1.1483217239379881,2.7384411525726335,-21.1201190816937,3.4847936630249023
W0,historical,RS,ALL,desired_margin,REQUEST_CLUSTER_MEAN,128,-7.180639197925302,-6.836951822042465,-10.31807703198865,-3.625672221183777,6.692404810804874,-0.8269638061523448,1.1483217239379881,2.7384411525726335,-21.1201190816937,3.4847936630249023
W0,historical,RS,ACTIVE_TARGET,new_nll,PROMPT,124,11.4297120667273,11.023032188415527,8.242249965667725,13.82417917251587,5.5819292068481445,17.588228034973145,18.835102653503416,21.078473739624023,0.684359073638916,22.080007553100586
W0,historical,RS,ACTIVE_TARGET,new_nll,REQUEST_CLUSTER_MEAN,124,11.4297120667273,11.023032188415527,8.242249965667725,13.82417917251587,5.5819292068481445,17.588228034973145,18.835102653503416,21.078473739624023,0.684359073638916,22.080007553100586
W0,historical,RS,ACTIVE_TARGET,true_nll,PROMPT,124,4.127928987754727,3.450158476829529,1.3582330644130707,5.873901009559631,4.515667945146561,8.950303936004639,10.570230102539062,13.461596698760985,0.0010795724811032414,14.049670219421387
W0,historical,RS,ACTIVE_TARGET,true_nll,REQUEST_CLUSTER_MEAN,124,4.127928987754727,3.450158476829529,1.3582330644130707,5.873901009559631,4.515667945146561,8.950303936004639,10.570230102539062,13.461596698760985,0.0010795724811032414,14.049670219421387
W0,historical,RS,ACTIVE_TARGET,desired_margin,PROMPT,124,-7.301783078972573,-7.087960958480835,-10.31807703198865,-4.0143091678619385,6.303767864126712,-1.1951668739318833,1.1062879085540755,2.534752426147455,-21.1201190816937,3.4847936630249023
W0,historical,RS,ACTIVE_TARGET,desired_margin,REQUEST_CLUSTER_MEAN,124,-7.301783078972573,-7.087960958480835,-10.31807703198865,-4.0143091678619385,6.303767864126712,-1.1951668739318833,1.1062879085540755,2.534752426147455,-21.1201190816937,3.4847936630249023
W0,historical,RS,SUPERSEDED,new_nll,PROMPT,4,12.191981792449951,11.031893730163574,10.126081466674805,13.09779405593872,2.971712589263916,15.89413471221924,16.826248264312742,17.571939105987546,8.945777893066406,17.75836181640625
W0,historical,RS,SUPERSEDED,new_nll,REQUEST_CLUSTER_MEAN,4,12.191981792449951,11.031893730163574,10.126081466674805,13.09779405593872,2.971712589263916,15.89413471221924,16.826248264312742,17.571939105987546,8.945777893066406,17.75836181640625
W0,historical,RS,SUPERSEDED,true_nll,PROMPT,4,8.766802906990051,9.781615734100342,7.1147767305374146,11.433641910552979,4.318865180015564,11.57292537689209,11.619353199005127,11.656495456695557,3.8381991386413574,11.665781021118164
W0,historical,RS,SUPERSEDED,true_nll,REQUEST_CLUSTER_MEAN,4,8.766802906990051,9.781615734100342,7.1147767305374146,11.433641910552979,4.318865180015564,11.57292537689209,11.619353199005127,11.656495456695557,3.8381991386413574,11.665781021118164
W0,historical,RS,SUPERSEDED,desired_margin,PROMPT,4,-3.4251788854599,-1.0955185890197754,-5.214450716972351,0.6937532424926758,5.908203959465027,1.723791885375977,2.0671380996704096,2.3418150711059567,-13.920162677764893,2.4104843139648438
W0,historical,RS,SUPERSEDED,desired_margin,REQUEST_CLUSTER_MEAN,4,-3.4251788854599,-1.0955185890197754,-5.214450716972351,0.6937532424926758,5.908203959465027,1.723791885375977,2.0671380996704096,2.3418150711059567,-13.920162677764893,2.4104843139648438
W0,historical,PS,ALL,new_nll,PROMPT,256,9.970785930054262,9.651021480560303,7.352511405944824,12.63112187385559,5.278610467910767,14.851738929748535,16.571145057678223,17.8559720993042,0.5275643467903137,18.483152389526367
W0,historical,PS,ALL,new_nll,REQUEST_CLUSTER_MEAN,128,9.970785930054262,9.469661116600037,7.899713307619095,12.31978166103363,4.4200683534145355,14.875782108306884,15.88596920967102,17.29130728721619,1.8865423202514648,17.53760814666748
W0,historical,PS,ALL,true_nll,PROMPT,256,4.271188481077843,3.668803572654724,1.5127469301223755,6.352547883987427,4.839800953865051,8.99672269821167,10.451818466186523,12.694046020507807,0.01350022666156292,17.066370010375977
W0,historical,PS,ALL,true_nll,REQUEST_CLUSTER_MEAN,128,4.271188481077843,4.1231138706207275,2.1609467919915915,6.018297612667084,3.8573508206754923,7.667446875572204,9.752926397323604,11.586784539222718,0.11632125824689865,12.386458396911621
W0,historical,PS,ALL,desired_margin,PROMPT,256,-5.699597448976419,-5.317392110824585,-8.352609045803547,-2.765389807522297,5.58721923828125,-0.13089847564697266,1.1679913997650146,4.012457358837126,-17.886848436668515,6.038210093975067
W0,historical,PS,ALL,desired_margin,REQUEST_CLUSTER_MEAN,128,-5.699597448976419,-5.410258054733276,-8.376603914424777,-2.7635397762060165,5.6130641382187605,-0.018509602546691963,1.0184357285499555,2.1372201284766206,-16.66018868330866,3.29194974899292
W0,historical,PS,ACTIVE_TARGET,new_nll,PROMPT,248,9.913279896061267,9.546545505523682,7.352511405944824,12.439234018325806,5.0867226123809814,14.835692405700685,16.576108741760255,17.86242687225342,0.5275643467903137,18.483152389526367
W0,historical,PS,ACTIVE_TARGET,new_nll,REQUEST_CLUSTER_MEAN,124,9.913279896061267,9.452523708343506,7.884717583656311,12.087876319885254,4.203158736228943,14.841177606582642,15.920316171646117,17.299305601119993,1.8865423202514648,17.53760814666748
W0,historical,PS,ACTIVE_TARGET,true_nll,PROMPT,248,4.1279873043494,3.6031769514083862,1.4962136149406433,6.075190186500549,4.578976571559906,8.714023303985597,10.336530208587643,12.57558539390564,0.01350022666156292,17.066370010375977
W0,historical,PS,ACTIVE_TARGET,true_nll,REQUEST_CLUSTER_MEAN,124,4.1279873043494,3.9833234548568726,2.0188447181135416,5.539508879184723,3.5206641610711813,7.370838952064514,9.30602227449417,11.592505993843078,0.11632125824689865,12.386458396911621
W0,historical,PS,ACTIVE_TARGET,desired_margin,PROMPT,248,-5.785292591711867,-5.345603406429291,-8.352609045803547,-2.9331517219543457,5.419457323849201,-0.261409568786621,1.081662225723263,4.02347021818161,-17.886848436668515,6.038210093975067
W0,historical,PS,ACTIVE_TARGET,desired_margin,REQUEST_CLUSTER_MEAN,124,-5.785292591711867,-5.488824665546417,-8.376603914424777,-2.959801010787487,5.41680290363729,-0.33187713623046866,1.0611010670661913,2.1469270297884933,-16.66018868330866,3.29194974899292
W0,historical,PS,SUPERSEDED,new_nll,PROMPT,8,11.753472983837128,12.65749454498291,9.558310627937317,13.685232639312744,4.126922011375427,15.247506237030029,15.823703336715697,16.284661016464234,6.701302528381348,16.399900436401367
W0,historical,PS,SUPERSEDED,new_nll,REQUEST_CLUSTER_MEAN,4,11.753472983837128,11.45519244670868,9.82135409116745,13.387311339378357,3.565957248210907,14.700981569290162,15.138871645927427,15.489183707237244,8.526745319366455,15.576761722564697
W0,historical,PS,SUPERSEDED,true_nll,PROMPT,8,8.710424959659576,9.150249481201172,7.504738450050354,10.25071120262146,2.745972752571106,11.355120277404785,11.92229013442993,12.376026020050048,3.9875688552856445,12.489459991455078
W0,historical,PS,SUPERSEDED,true_nll,REQUEST_CLUSTER_MEAN,4,8.710424959659576,9.79616928100586,8.2515167593956,10.255077481269836,2.003560721874237,10.26169695854187,10.26390345096588,10.265668644905091,4.983251333236694,10.266109943389893
W0,historical,PS,SUPERSEDED,desired_margin,PROMPT,8,-3.0430480241775513,-1.4123544692993164,-4.291949391365051,-0.021508097648620605,4.270441293716431,1.166448640823364,1.5511999368667597,1.8590009737014768,-12.412331581115723,1.9359512329101562
W0,historical,PS,SUPERSEDED,desired_margin,REQUEST_CLUSTER_MEAN,4,-3.0430480241775513,-1.1964374780654907,-4.441916048526764,0.20243054628372192,4.644346594810486,0.5694881677627565,0.6918407082557675,0.7897227406501768,-10.593510389328003,0.8141932487487793
W0,historical,NS,ALL,new_nll,PROMPT,1280,11.052745598170441,10.796677589416504,7.9620362520217896,13.705802917480469,5.743766665458679,16.57700366973877,18.501877403259275,21.292243270874025,0.004071993753314018,26.75540542602539
W0,historical,NS,ALL,new_nll,REQUEST_CLUSTER_MEAN,128,11.052745598170441,10.429042053222656,8.886599737405778,13.22447452545166,4.337874788045882,15.445378198623656,17.140881233215328,19.195255418777464,4.594098874926567,21.388424110412597
W0,historical,NS,ALL,true_nll,PROMPT,1280,4.842468365493187,4.400563478469849,1.47190922498703,7.188157558441162,5.716248333454132,10.457870769500735,11.872038507461546,14.16768774032593,0.0013396107824519277,16.946914672851562
W0,historical,NS,ALL,true_nll,REQUEST_CLUSTER_MEAN,128,4.842468365493187,4.862701688427478,2.7945879191160206,6.627142471075057,3.8325545519590367,8.544997310638427,9.805335738658904,10.323681278705596,0.09142977595329285,10.682698345184326
W0,historical,NS,ALL,desired_margin,PROMPT,1280,6.210277232677254,6.0827866196632385,2.1710489988327026,9.782731056213379,7.611682057380676,13.236247611045838,15.386807622015473,19.216838104724886,-9.999268919229507,26.66301816701889
W0,historical,NS,ALL,desired_margin,REQUEST_CLUSTER_MEAN,128,6.210277232677254,6.0507137268781666,2.8183319032192227,8.865183769166471,6.046851865947248,11.646853933915263,13.467472182810303,16.869030393004422,-3.1619458198547363,18.5653446841985
W0,historical,NS,ACTIVE_TARGET,new_nll,PROMPT,1240,10.997775003398138,10.779850959777832,7.943145990371704,13.665896892547607,5.722750902175903,16.439456176757812,18.203662300109862,20.71544515609741,0.004071993753314018,26.75540542602539
W0,historical,NS,ACTIVE_TARGET,new_nll,REQUEST_CLUSTER_MEAN,124,10.997775003398138,10.429042053222656,8.886599737405778,13.22447452545166,4.337874788045882,15.360754833221435,16.837891488075254,18.950251151084895,4.594098874926567,19.222874069213866
W0,historical,NS,ACTIVE_TARGET,true_nll,PROMPT,1240,4.725505129393986,4.288391590118408,1.4122925698757172,7.053492188453674,5.641199618577957,10.091516685485841,11.529838800430293,13.912338371276853,0.0013396107824519277,16.946914672851562
W0,historical,NS,ACTIVE_TARGET,true_nll,REQUEST_CLUSTER_MEAN,124,4.725505129393986,4.83798226537183,2.715784206241369,6.5503917813301085,3.8346075750887394,8.280508613586425,9.139803786277767,10.238962559700012,0.09142977595329285,10.336822605133056
W0,historical,NS,ACTIVE_TARGET,desired_margin,PROMPT,1240,6.272269874004151,6.190894067287445,2.3189849853515625,9.782731056213379,7.463746070861816,13.176505269296468,14.890158262173644,19.095792554831128,-9.999268919229507,26.66301816701889
W0,historical,NS,ACTIVE_TARGET,desired_margin,REQUEST_CLUSTER_MEAN,124,6.272269874004151,6.130037419497967,3.1378949306905266,8.865183769166471,5.727288838475944,11.571672381386161,13.201384740248322,15.92590932129696,-3.1619458198547363,18.5653446841985
W0,historical,NS,SUPERSEDED,new_nll,PROMPT,40,12.756834036111831,11.373211860656738,9.404070854187012,15.834085464477539,6.430014610290527,21.982763671875,22.32479362487793,22.374211921691895,1.936826467514038,22.38742446899414
W0,historical,NS,SUPERSEDED,new_nll,REQUEST_CLUSTER_MEAN,4,12.756834036111831,10.382903969287874,9.304541832208635,13.83519617319107,4.530654340982435,18.367132935523987,19.87777852296829,21.086294992923733,8.873104095458984,21.388424110412597
W0,historical,NS,SUPERSEDED,true_nll,PROMPT,40,8.468328684568405,8.690545558929443,5.456454515457153,11.444152593612671,5.987698078155518,13.150960350036621,14.230188941955566,14.924030590057372,2.631237745285034,15.178146362304688
W0,historical,NS,SUPERSEDED,true_nll,REQUEST_CLUSTER_MEAN,4,8.468328684568405,9.505922317504883,8.018267077207566,9.955983924865722,1.9377168476581552,10.392012577056885,10.537355461120605,10.653629768371582,4.178771758079529,10.682698345184326
W0,historical,NS,SUPERSEDED,desired_margin,PROMPT,40,4.288505351543426,0.8928484916687012,-0.9745829105377197,8.348694324493408,9.323277235031128,16.949660921096804,19.026781105995177,19.28161185979843,-8.04928994178772,19.29708194732666
W0,historical,NS,SUPERSEDED,desired_margin,REQUEST_CLUSTER_MEAN,4,4.288505351543427,0.5893564939498901,-0.9390672504901886,5.816929095983506,6.755996346473694,12.652563049793246,14.931107701063151,16.753943422079082,-1.234343934059143,17.20965235233307
ENTRY,current,RS,ALL,new_nll,PROMPT,100,8.809953603446484,8.733422756195068,6.517977952957153,10.95683741569519,4.438859462738037,14.37582025527954,15.258213758468628,16.27731920242312,0.40506359934806824,20.463838577270508
ENTRY,current,RS,ALL,new_nll,REQUEST_CLUSTER_MEAN,100,8.809953603446484,8.733422756195068,6.517977952957153,10.95683741569519,4.438859462738037,14.37582025527954,15.258213758468628,16.27731920242312,0.40506359934806824,20.463838577270508
ENTRY,current,RS,ALL,true_nll,PROMPT,100,6.173868208415806,5.765416145324707,3.578728199005127,8.54229736328125,4.963569164276123,11.013451766967776,12.479167652130126,14.13607233047487,0.06109865382313728,17.022884368896484
ENTRY,current,RS,ALL,true_nll,REQUEST_CLUSTER_MEAN,100,6.173868208415806,5.765416145324707,3.578728199005127,8.54229736328125,4.963569164276123,11.013451766967776,12.479167652130126,14.13607233047487,0.06109865382313728,17.022884368896484
ENTRY,current,RS,ALL,desired_margin,PROMPT,100,-2.6360853950306775,-2.9957361221313477,-5.249564290046692,0.7380857467651367,5.987650036811829,2.6411880970001245,4.44202697277069,8.559682922363292,-13.736421585083008,10.466093063354492
ENTRY,current,RS,ALL,desired_margin,REQUEST_CLUSTER_MEAN,100,-2.6360853950306775,-2.9957361221313477,-5.249564290046692,0.7380857467651367,5.987650036811829,2.6411880970001245,4.44202697277069,8.559682922363292,-13.736421585083008,10.466093063354492
ENTRY,current,PS,ALL,new_nll,PROMPT,200,8.648566964268685,8.551684379577637,6.344346880912781,11.16171669960022,4.817369818687439,12.910844898223877,13.981482267379757,17.049680213928216,0.24995553493499756,18.11484718322754
ENTRY,current,PS,ALL,new_nll,REQUEST_CLUSTER_MEAN,100,8.648566964268685,8.865166664123535,6.180946052074432,10.936911225318909,4.755965173244476,12.343655729293824,13.39086730480194,16.631982622146612,0.7697216272354126,17.992844581604004
ENTRY,current,PS,ALL,true_nll,PROMPT,200,6.087803373113275,6.092065811157227,3.164005756378174,8.419433355331421,5.255427598953247,10.721856021881104,11.691597127914422,14.578580884933466,0.07348473370075226,16.301836013793945
ENTRY,current,PS,ALL,true_nll,REQUEST_CLUSTER_MEAN,100,6.087803373113275,5.9166330099105835,3.5973864644765854,7.918055057525635,4.320668593049049,10.332081794738771,10.917671060562133,13.797137808799746,0.5854191780090332,14.368725776672363
ENTRY,current,PS,ALL,desired_margin,PROMPT,200,-2.5607635911554096,-2.587461471557617,-5.380847930908203,0.16858816146850586,5.549436092376709,2.4737676143646232,4.5688508510589525,7.517211751937866,-16.264317750930786,9.036357879638672
ENTRY,current,PS,ALL,desired_margin,REQUEST_CLUSTER_MEAN,100,-2.5607635911554096,-2.7473001927137375,-5.535052299499512,0.42146289348602295,5.956515192985535,2.3150729119777687,4.138341665267944,6.818842322826393,-15.536249279975891,8.276770830154419
ENTRY,current,NS,ALL,new_nll,PROMPT,1000,8.623838392591104,8.654337882995605,5.718198299407959,11.58647632598877,5.8682780265808105,13.931093502044678,15.39059567451477,17.464895820617674,0.017962170764803886,21.66168975830078
ENTRY,current,NS,ALL,new_nll,REQUEST_CLUSTER_MEAN,100,8.623838392591104,9.148752057552338,6.321486952155829,10.870077335834504,4.5485903836786745,12.630069618225098,13.643906936645507,15.43278530597687,1.7836209535598755,15.865217781066894
ENTRY,current,NS,ALL,true_nll,PROMPT,1000,5.89743422966823,5.3866798877716064,3.1838794350624084,8.26066541671753,5.076785981655121,10.766437244415282,12.368444299697874,15.603526973724364,0.012413030490279198,21.42369842529297
ENTRY,current,NS,ALL,true_nll,REQUEST_CLUSTER_MEAN,100,5.89743422966823,5.760010778903961,3.8175220012664792,7.372795620560646,3.555273619294167,9.077582631111145,10.057264430522917,11.956114916801468,1.978912831656635,14.835758590698243
ENTRY,current,NS,ALL,desired_margin,PROMPT,1000,2.726404162922874,2.838191509246826,-0.4338730573654175,6.083918035030365,6.5177910923957825,8.891166305541992,10.55742484331131,14.121353047788142,-13.705384539440274,16.63895446062088
ENTRY,current,NS,ALL,desired_margin,REQUEST_CLUSTER_MEAN,100,2.726404162922874,3.2315427735447884,0.3804741233587265,5.21077589392662,4.8303017705678934,7.761646939292554,8.685055971741676,10.309623126775028,-7.316032993793487,10.671863496303558
ENTRY,historical,RS,ALL,new_nll,PROMPT,128,0.2375088222689783,0.0022749039344489574,0.0010096971673192456,0.007574852905236185,0.006565155737916939,0.0930466830730436,0.6447996348142616,6.333099399805093,0.00010692501382436603,13.89968490600586
ENTRY,historical,RS,ALL,new_nll,REQUEST_CLUSTER_MEAN,128,0.2375088222689783,0.0022749039344489574,0.0010096971673192456,0.007574852905236185,0.006565155737916939,0.0930466830730436,0.6447996348142616,6.333099399805093,0.00010692501382436603,13.89968490600586
ENTRY,historical,RS,ALL,true_nll,PROMPT,128,12.833935402333736,12.261953353881836,10.009867668151855,15.967551946640015,5.957684278488159,17.57101020812988,18.476153182983396,22.18305715560913,4.308664321899414,23.476993560791016
ENTRY,historical,RS,ALL,true_nll,REQUEST_CLUSTER_MEAN,128,12.833935402333736,12.261953353881836,10.009867668151855,15.967551946640015,5.957684278488159,17.57101020812988,18.476153182983396,22.18305715560913,4.308664321899414,23.476993560791016
ENTRY,historical,RS,ALL,desired_margin,PROMPT,128,12.596426580064758,12.152066681184806,9.844126450887416,15.583870840608142,5.739744389720727,17.570584710946424,18.47570203456998,22.18235517983267,2.8833361864089966,23.473798853578046
ENTRY,historical,RS,ALL,desired_margin,REQUEST_CLUSTER_MEAN,128,12.596426580064758,12.152066681184806,9.844126450887416,15.583870840608142,5.739744389720727,17.570584710946424,18.47570203456998,22.18235517983267,2.8833361864089966,23.473798853578046
ENTRY,historical,RS,ACTIVE_TARGET,new_nll,PROMPT,124,0.10299089314397744,0.002256765612401068,0.0008923303394112736,0.006395815755240619,0.005503485415829346,0.023592248372733618,0.28807163238525324,1.1732259678840613,0.00010692501382436603,7.963271141052246
ENTRY,historical,RS,ACTIVE_TARGET,new_nll,REQUEST_CLUSTER_MEAN,124,0.10299089314397744,0.002256765612401068,0.0008923303394112736,0.006395815755240619,0.005503485415829346,0.023592248372733618,0.28807163238525324,1.1732259678840613,0.00010692501382436603,7.963271141052246
ENTRY,historical,RS,ACTIVE_TARGET,true_nll,PROMPT,124,12.935897265711139,12.356385707855225,10.31129503250122,15.967551946640015,5.656256914138794,17.630592727661135,18.55365104675293,22.198115978240967,5.393238067626953,23.476993560791016
ENTRY,historical,RS,ACTIVE_TARGET,true_nll,REQUEST_CLUSTER_MEAN,124,12.935897265711139,12.356385707855225,10.31129503250122,15.967551946640015,5.656256914138794,17.630592727661135,18.55365104675293,22.198115978240967,5.393238067626953,23.476993560791016
ENTRY,historical,RS,ACTIVE_TARGET,desired_margin,PROMPT,124,12.83290637256716,12.351327599550132,10.00475577160978,15.965789298359596,5.961033526749816,17.629971305318758,18.5531594795626,22.19738607969775,3.1400794982910156,23.473798853578046
ENTRY,historical,RS,ACTIVE_TARGET,desired_margin,REQUEST_CLUSTER_MEAN,124,12.83290637256716,12.351327599550132,10.00475577160978,15.965789298359596,5.961033526749816,17.629971305318758,18.5531594795626,22.19738607969775,3.1400794982910156,23.473798853578046
ENTRY,historical,RS,SUPERSEDED,new_nll,PROMPT,4,4.407564625144005,1.675463080406189,1.1639079600572586,4.919119745492935,3.7552117854356766,10.307458841800692,12.10357187390327,13.54046229958534,0.379647433757782,13.89968490600586
ENTRY,historical,RS,SUPERSEDED,new_nll,REQUEST_CLUSTER_MEAN,4,4.407564625144005,1.675463080406189,1.1639079600572586,4.919119745492935,3.7552117854356766,10.307458841800692,12.10357187390327,13.54046229958534,0.379647433757782,13.89968490600586
ENTRY,historical,RS,SUPERSEDED,true_nll,PROMPT,4,9.673117637634277,8.789340019226074,7.171936750411987,11.290520906448364,4.118584156036377,14.599284076690676,15.702205133438108,16.584541978836057,4.308664321899414,16.805126190185547
ENTRY,historical,RS,SUPERSEDED,true_nll,REQUEST_CLUSTER_MEAN,4,9.673117637634277,8.789340019226074,7.171936750411987,11.290520906448364,4.118584156036377,14.599284076690676,15.702205133438108,16.584541978836057,4.308664321899414,16.805126190185547
ENTRY,historical,RS,SUPERSEDED,desired_margin,PROMPT,4,5.2655530124902725,5.216081202030182,2.8999150097370148,7.58171920478344,4.681804195046425,7.6807157576084135,7.713714608550072,7.740113689303398,2.8833361864089966,7.74671345949173
ENTRY,historical,RS,SUPERSEDED,desired_margin,REQUEST_CLUSTER_MEAN,4,5.2655530124902725,5.216081202030182,2.8999150097370148,7.58171920478344,4.681804195046425,7.6807157576084135,7.713714608550072,7.740113689303398,2.8833361864089966,7.74671345949173
ENTRY,historical,PS,ALL,new_nll,PROMPT,256,1.5081436916773328,0.2431219294667244,0.04417211562395096,1.7908064424991608,1.7466343268752098,4.484297275543213,6.626962900161743,12.255049371719345,0.00037865620106458664,15.597543716430664
ENTRY,historical,PS,ALL,new_nll,REQUEST_CLUSTER_MEAN,128,1.5081436916773328,0.6846229080110788,0.11034571402706206,2.125862394226715,2.015516680199653,3.6908471465110773,5.42559076398611,9.779001634120945,0.002884712244849652,15.522789001464844
ENTRY,historical,PS,ALL,true_nll,PROMPT,256,9.719271576963365,9.171185493469238,7.088579297065735,12.121567964553833,5.032988667488098,14.234714984893799,16.04091215133667,20.274951934814453,2.6497936248779297,21.314359664916992
ENTRY,historical,PS,ALL,true_nll,REQUEST_CLUSTER_MEAN,128,9.719271576963365,9.117337703704834,7.326942503452301,12.124924302101135,4.797981798648834,13.76404457092285,14.270178294181823,19.896315097808845,3.6184327602386475,20.282480239868164
ENTRY,historical,PS,ALL,desired_margin,PROMPT,256,8.211127885286032,7.842465937137604,5.389723032712936,11.042071621865034,5.652348589152098,13.68814263632521,15.806418829713948,20.26975725336233,-4.496556758880615,21.30778310401365
ENTRY,historical,PS,ALL,desired_margin,REQUEST_CLUSTER_MEAN,128,8.211127885286032,7.96280095318798,5.857055388391018,10.792362767388113,4.935307378997095,12.956144873355514,13.97857438046485,19.70500819153473,-0.7578632831573486,20.27714098652359
ENTRY,historical,PS,ACTIVE_TARGET,new_nll,PROMPT,248,1.2914097658623735,0.204504556953907,0.04290499445050955,1.57222118973732,1.5293161952868104,4.1726894855499275,5.4965569972991934,10.878026914596559,0.00037865620106458664,13.002678871154785
ENTRY,historical,PS,ACTIVE_TARGET,new_nll,REQUEST_CLUSTER_MEAN,124,1.2914097658623735,0.6340564385172911,0.10844401130452752,1.8781216461211443,1.7696776348166168,3.21913480758667,4.500578184425829,8.643855744600291,0.002884712244849652,10.102918863296509
ENTRY,historical,PS,ACTIVE_TARGET,true_nll,PROMPT,248,9.721580767823804,9.272243976593018,7.1367411613464355,12.121567964553833,4.9848268032073975,14.146918964385987,15.92314701080322,20.28699722290039,2.6497936248779297,21.314359664916992
ENTRY,historical,PS,ACTIVE_TARGET,true_nll,REQUEST_CLUSTER_MEAN,124,9.721580767823804,9.190630793571472,7.361997544765472,12.124924302101135,4.762926757335663,13.699257278442383,14.209523510932922,19.951900959014885,3.6184327602386475,20.282480239868164
ENTRY,historical,PS,ACTIVE_TARGET,desired_margin,PROMPT,248,8.43017100196143,8.065448158886284,5.551873046904802,11.14857096876949,5.596697921864688,13.787018927745523,15.815037269634194,20.281571226420347,-4.496556758880615,21.30778310401365
ENTRY,historical,PS,ACTIVE_TARGET,desired_margin,REQUEST_CLUSTER_MEAN,124,8.43017100196143,8.096034068148583,6.018606943194754,10.835984431731049,4.8173774885362945,13.016510671400466,13.990280074812471,19.75370127556583,-0.7578632831573486,20.27714098652359
ENTRY,historical,PS,SUPERSEDED,new_nll,PROMPT,8,8.22689539194107,7.880641222000122,3.3107835054397583,12.242240905761719,8.93145740032196,15.492887115478515,15.54521541595459,15.58707805633545,1.649073600769043,15.597543716430664
ENTRY,historical,PS,SUPERSEDED,new_nll,REQUEST_CLUSTER_MEAN,4,8.22689539194107,6.600103139877319,5.759880632162094,9.067117899656296,3.3072372674942017,12.940520560741426,14.231654781103131,15.2645621573925,4.1845862865448,15.522789001464844
ENTRY,historical,PS,SUPERSEDED,true_nll,PROMPT,8,9.647686660289764,8.271653175354004,6.337739109992981,10.465950727462769,4.128211617469788,17.014529418945312,18.139476394653318,19.039433975219726,4.457440376281738,19.264423370361328
ENTRY,historical,PS,SUPERSEDED,true_nll,REQUEST_CLUSTER_MEAN,4,9.647686660289764,7.218997597694397,6.771388411521912,10.09529584646225,3.323907434940338,14.63253209590912,16.144944179058072,17.354873845577238,6.495395183563232,17.65735626220703
ENTRY,historical,PS,SUPERSEDED,desired_margin,PROMPT,8,1.4207912683486938,1.2014416456222534,-0.3893458843231201,2.5577513575553894,2.9470972418785095,4.653445053100585,5.804438018798827,6.725232391357421,-2.6402931213378906,6.95543098449707
ENTRY,historical,PS,SUPERSEDED,desired_margin,REQUEST_CLUSTER_MEAN,4,1.4207912683486938,1.3564873337745667,0.3288474678993225,2.448431134223938,2.1195836663246155,3.013386106491089,3.201704430580139,3.352359089851379,-0.41983234882354736,3.3900227546691895
ENTRY,historical,NS,ALL,new_nll,PROMPT,1280,8.045933089994673,7.933874845504761,5.179504990577698,10.816713809967041,5.637208819389343,13.497628974914551,15.290706491470331,18.195588760375983,0.00047267231275327504,21.170085906982422
ENTRY,historical,NS,ALL,new_nll,REQUEST_CLUSTER_MEAN,128,8.045933089994673,7.911562001705169,5.706083685159683,9.996943187713622,4.290859502553939,11.90618064045906,13.614168636798855,15.383495823860173,1.5617672173306345,19.15416202545166
ENTRY,historical,NS,ALL,true_nll,PROMPT,1280,5.848915242297517,5.482693672180176,3.219595491886139,8.3132004737854,5.0936049818992615,10.778323841094972,12.152723217010497,14.343235111236574,0.006611023098230362,19.001386642456055
ENTRY,historical,NS,ALL,true_nll,REQUEST_CLUSTER_MEAN,128,5.848915242297517,5.745757001638412,3.899663607776165,7.6304390847682955,3.7307754769921306,8.932804572582246,9.304090282917022,10.780922284126284,1.4651797987520694,11.421172428131104
ENTRY,historical,NS,ALL,desired_margin,PROMPT,1280,2.1970178476971567,2.1402100324630737,-0.6486937999725342,5.042303401976824,5.690997201949358,7.992445611953738,10.367005281150336,14.379587053954607,-13.705384070053697,17.430798888206482
ENTRY,historical,NS,ALL,desired_margin,REQUEST_CLUSTER_MEAN,128,2.1970178476971567,1.900477409362793,-0.04479918577708304,4.783021384477616,4.827820570254699,6.38425927489996,7.7945072493143375,12.035997707605368,-7.486765459366143,14.234455037117005
ENTRY,historical,NS,ACTIVE_TARGET,new_nll,PROMPT,1240,7.95475289094144,7.916535139083862,5.1397621631622314,10.771531343460083,5.631769180297852,13.342736721038818,14.95284390449524,17.058136692047114,0.00047267231275327504,21.023591995239258
ENTRY,historical,NS,ACTIVE_TARGET,new_nll,REQUEST_CLUSTER_MEAN,124,7.954752890941441,7.820702755451203,5.649042576551437,9.996943187713622,4.347900611162185,11.87338730931282,13.262693684101102,14.429071727752685,1.5617672173306345,15.718617343902588
ENTRY,historical,NS,ACTIVE_TARGET,true_nll,PROMPT,1240,5.78660636533262,5.438697099685669,3.1297865509986877,8.267906188964844,5.138119637966156,10.65565414428712,12.152723217010497,14.156567554473831,0.006611023098230362,19.001386642456055
ENTRY,historical,NS,ACTIVE_TARGET,true_nll,REQUEST_CLUSTER_MEAN,124,5.786606365332621,5.675655317306519,3.87117209136486,7.326628637313843,3.4554565459489828,8.908963947296144,9.304724791049956,10.7866859292984,1.4651797987520694,11.421172428131104
ENTRY,historical,NS,ACTIVE_TARGET,desired_margin,PROMPT,1240,2.1681465256088197,2.1774492263793945,-0.6101522445678711,5.042303401976824,5.652455646544695,7.8514066517353065,10.003435027599334,13.370987393558014,-13.705384070053697,17.430798888206482
ENTRY,historical,NS,ACTIVE_TARGET,desired_margin,REQUEST_CLUSTER_MEAN,124,2.1681465256088197,1.999323382973671,-0.04479918577708304,4.783021384477616,4.827820570254699,6.336837376952172,7.699952685367314,10.373235146284092,-7.486765459366143,12.420619869232178
ENTRY,historical,NS,SUPERSEDED,new_nll,PROMPT,40,10.872519260644912,8.904407978057861,7.152831435203552,16.705585479736328,9.552754044532776,19.260037422180176,19.54563884735107,20.715013256072996,2.5855770111083984,21.170085906982422
ENTRY,historical,NS,SUPERSEDED,new_nll,REQUEST_CLUSTER_MEAN,4,10.872519260644914,8.964968514442443,8.155812186002732,11.681675589084625,3.5258634030818925,16.16516745090485,17.65966473817825,18.855262567996977,6.405977988243103,19.15416202545166
ENTRY,historical,NS,SUPERSEDED,true_nll,PROMPT,40,7.780490428209305,7.444312334060669,5.382139086723328,10.232245445251465,4.850106358528137,11.308788585662843,11.852071380615229,15.595264596939085,2.8772082328796387,16.899892807006836
ENTRY,historical,NS,SUPERSEDED,true_nll,REQUEST_CLUSTER_MEAN,4,7.780490428209305,8.470886301994323,7.404115086793899,8.847261643409729,1.4431465566158295,9.095193929672241,9.177838025093079,9.243953301429748,4.919706988334656,9.260482120513917
ENTRY,historical,NS,SUPERSEDED,desired_margin,PROMPT,40,3.092028832435608,1.0377693176269531,-1.9031381607055664,6.364055335521698,8.267193496227264,14.556261253356935,14.92055045366287,15.720795924663543,-8.697487831115723,15.751391410827637
ENTRY,historical,NS,SUPERSEDED,desired_margin,REQUEST_CLUSTER_MEAN,4,3.092028832435608,0.4940822124481201,-0.6914494574069976,4.277560502290726,4.969009959697724,10.251697223186495,12.243076130151744,13.83617925572395,-2.854504132270813,14.234455037117005
N4,current,RS,ALL,new_nll,PROMPT,100,0.026668974810672808,0.0013931221910752356,0.0006748840387444943,0.0042547243647277355,0.003579840325983241,0.006594723602756865,0.01496555432677267,0.19543291285635014,2.932505594799295e-05,2.0812087059020996
N4,current,RS,ALL,new_nll,REQUEST_CLUSTER_MEAN,100,0.026668974810672808,0.0013931221910752356,0.0006748840387444943,0.0042547243647277355,0.003579840325983241,0.006594723602756865,0.01496555432677267,0.19543291285635014,2.932505594799295e-05,2.0812087059020996
N4,current,RS,ALL,true_nll,PROMPT,100,14.25408718109131,14.046898365020752,11.499413251876831,16.46285057067871,4.96343731880188,19.951498985290527,21.14013786315918,22.2813425064087,5.0800395011901855,23.32017707824707
N4,current,RS,ALL,true_nll,REQUEST_CLUSTER_MEAN,100,14.25408718109131,14.046898365020752,11.499413251876831,16.46285057067871,4.96343731880188,19.951498985290527,21.14013786315918,22.2813425064087,5.0800395011901855,23.32017707824707
N4,current,RS,ALL,desired_margin,PROMPT,100,14.227418206280635,14.046267173747765,11.498853838180366,16.461779017336085,4.962925179155718,19.950037480564788,21.13947051543582,22.279394653871428,4.769098281860352,23.319139780360274
N4,current,RS,ALL,desired_margin,REQUEST_CLUSTER_MEAN,100,14.227418206280635,14.046267173747765,11.498853838180366,16.461779017336085,4.962925179155718,19.950037480564788,21.13947051543582,22.279394653871428,4.769098281860352,23.319139780360274
N4,current,PS,ALL,new_nll,PROMPT,200,1.1944203835295049,0.15750379860401154,0.03397020325064659,1.478140115737915,1.4441699124872684,3.8236852884292576,6.361820340156552,9.00049101829528,0.0007128558354452252,9.980753898620605
N4,current,PS,ALL,new_nll,REQUEST_CLUSTER_MEAN,100,1.1944203835295049,0.33055382454767823,0.05642853956669569,1.7071416527032852,1.6507131131365895,3.8048590481281286,4.572114992141723,6.214346513748182,0.0026130429469048977,8.679618120193481
N4,current,PS,ALL,true_nll,PROMPT,200,10.573926992416382,10.447765350341797,7.896134734153748,13.051297187805176,5.155162453651428,15.138758945465089,16.33977136611938,20.40692026138305,2.055201530456543,22.599929809570312
N4,current,PS,ALL,true_nll,REQUEST_CLUSTER_MEAN,100,10.573926992416382,10.938202381134033,8.235634803771973,12.642068862915039,4.406434059143066,15.333359479904178,16.247933292388915,17.947441329956074,2.4968947172164917,21.85175609588623
N4,current,PS,ALL,desired_margin,PROMPT,200,9.379506608886878,9.451734725385904,6.067334802821279,12.505641185678542,6.438306382857263,15.077803825121373,16.271347151789815,20.40563624324509,-4.696284294128418,22.587824477814138
N4,current,PS,ALL,desired_margin,REQUEST_CLUSTER_MEAN,100,9.379506608886878,9.687478847801685,6.414365150034428,11.759316363953985,5.344951213919558,15.224852822953839,16.240452912764155,17.921522305649727,-1.3400096893310547,21.844854903407395
N4,current,NS,ALL,new_nll,PROMPT,1000,8.478977541178464,8.530216693878174,5.59169864654541,11.475743532180786,5.884044885635376,13.88793649673462,15.334273815155026,17.44063642501831,0.018377743661403656,21.45707130432129
N4,current,NS,ALL,new_nll,REQUEST_CLUSTER_MEAN,100,8.478977541178464,9.023168241977693,6.183482635952532,10.8314390540123,4.647956418059768,12.386615142822267,13.115929245948792,15.477689499855044,1.7657777160406112,15.995222759246825
N4,current,NS,ALL,true_nll,PROMPT,1000,5.960385535078124,5.453323602676392,3.2015156745910645,8.327372074127197,5.125856399536133,10.82564926147461,12.417059278488159,15.7279812335968,0.014199178665876389,21.415830612182617
N4,current,NS,ALL,true_nll,REQUEST_CLUSTER_MEAN,100,5.960385535078124,5.813966585695743,3.768217547237873,7.440528899431229,3.6723113521933555,9.166023285388947,10.138315749168395,11.98042941665651,1.9134380439296366,14.913577461242676
N4,current,NS,ALL,desired_margin,PROMPT,1000,2.5185920061003415,2.7384570837020874,-0.6544275283813477,5.992511123418808,6.646938651800156,8.75967152118683,10.200558774173258,14.002574082612991,-13.430453814566135,17.050587236881256
N4,current,NS,ALL,desired_margin,REQUEST_CLUSTER_MEAN,100,2.518592006100342,2.9179289020597934,0.2853608146309853,5.026659959554673,4.741299144923687,7.360266648232944,8.77546476662159,9.600687800586224,-7.44933811724186,9.929013288021087
N4,historical,RS,ALL,new_nll,PROMPT,128,0.2323517794548593,0.002506151795387268,0.0009639679919928312,0.0081733965780586,0.007209428586065769,0.10876782163977605,0.5210265547037116,6.579598098993327,8.40390202938579e-05,13.910602569580078
N4,historical,RS,ALL,new_nll,REQUEST_CLUSTER_MEAN,128,0.2323517794548593,0.002506151795387268,0.0009639679919928312,0.0081733965780586,0.007209428586065769,0.10876782163977605,0.5210265547037116,6.579598098993327,8.40390202938579e-05,13.910602569580078
N4,historical,RS,ALL,true_nll,PROMPT,128,12.81493541970849,12.253590106964111,9.98072600364685,15.564793348312378,5.584067344665527,17.578415870666504,18.629217243194578,22.229232692718508,4.233462333679199,23.541820526123047
N4,historical,RS,ALL,true_nll,REQUEST_CLUSTER_MEAN,128,12.81493541970849,12.253590106964111,9.98072600364685,15.564793348312378,5.584067344665527,17.578415870666504,18.629217243194578,22.229232692718508,4.233462333679199,23.541820526123047
N4,historical,RS,ALL,desired_margin,PROMPT,128,12.582583640253631,12.223286935826764,9.774986752308905,15.420320574310608,5.645333822001703,17.577318693487904,18.627929957292505,22.22846978510919,2.796626091003418,23.53831239696592
N4,historical,RS,ALL,desired_margin,REQUEST_CLUSTER_MEAN,128,12.582583640253631,12.223286935826764,9.774986752308905,15.420320574310608,5.645333822001703,17.577318693487904,18.627929957292505,22.22846978510919,2.796626091003418,23.53831239696592
N4,historical,RS,ACTIVE_TARGET,new_nll,PROMPT,124,0.10130754183521803,0.0023250349331647158,0.0009305318526457995,0.00700807967223227,0.006077547819586471,0.021513481996953496,0.22689336687326414,0.9611491137742986,8.40390202938579e-05,8.304216384887695
N4,historical,RS,ACTIVE_TARGET,new_nll,REQUEST_CLUSTER_MEAN,124,0.10130754183521803,0.0023250349331647158,0.0009305318526457995,0.00700807967223227,0.006077547819586471,0.021513481996953496,0.22689336687326414,0.9611491137742986,8.40390202938579e-05,8.304216384887695
N4,historical,RS,ACTIVE_TARGET,true_nll,PROMPT,124,12.915171811657567,12.282243728637695,10.035894393920898,15.564793348312378,5.5288989543914795,17.581486701965332,18.69592752456665,22.23611555099487,5.19934606552124,23.541820526123047
N4,historical,RS,ACTIVE_TARGET,true_nll,REQUEST_CLUSTER_MEAN,124,12.915171811657567,12.282243728637695,10.035894393920898,15.564793348312378,5.5288989543914795,17.581486701965332,18.69592752456665,22.23611555099487,5.19934606552124,23.541820526123047
N4,historical,RS,ACTIVE_TARGET,desired_margin,PROMPT,124,12.81386426982235,12.267616415396333,9.974741797690513,15.562294764327817,5.587552966637304,17.58084832064342,18.69500102329766,22.235320761462354,2.796626091003418,23.53831239696592
N4,historical,RS,ACTIVE_TARGET,desired_margin,REQUEST_CLUSTER_MEAN,124,12.81386426982235,12.267616415396333,9.974741797690513,15.562294764327817,5.587552966637304,17.58084832064342,18.69500102329766,22.235320761462354,2.796626091003418,23.53831239696592
N4,historical,RS,SUPERSEDED,new_nll,PROMPT,4,4.294723145663738,1.464427411556244,0.8439439758658409,4.915206581354141,4.0712626054883,10.312444174289706,12.111523371934886,13.550786730051037,0.3394351899623871,13.910602569580078
N4,historical,RS,SUPERSEDED,new_nll,REQUEST_CLUSTER_MEAN,4,4.294723145663738,1.464427411556244,0.8439439758658409,4.915206581354141,4.0712626054883,10.312444174289706,12.111523371934886,13.550786730051037,0.3394351899623871,13.910602569580078
N4,historical,RS,SUPERSEDED,true_nll,PROMPT,4,9.70760726928711,8.906458377838135,7.355291128158569,11.258774518966675,3.9034833908081055,14.573939800262451,15.678994894027706,16.563038969039916,4.233462333679199,16.78404998779297
N4,historical,RS,SUPERSEDED,true_nll,REQUEST_CLUSTER_MEAN,4,9.70760726928711,8.906458377838135,7.355291128158569,11.258774518966675,3.9034833908081055,14.573939800262451,15.678994894027706,16.563038969039916,4.233462333679199,16.78404998779297
N4,historical,RS,SUPERSEDED,desired_margin,PROMPT,4,5.412884123623371,5.360811769962311,3.134373426437378,7.639322467148304,4.504949040710926,7.889608308672905,7.973036922514439,8.039779813587666,2.8734474182128906,8.056465536355972
N4,historical,RS,SUPERSEDED,desired_margin,REQUEST_CLUSTER_MEAN,4,5.412884123623371,5.360811769962311,3.134373426437378,7.639322467148304,4.504949040710926,7.889608308672905,7.973036922514439,8.039779813587666,2.8734474182128906,8.056465536355972
N4,historical,PS,ALL,new_nll,PROMPT,256,1.519728416739781,0.23767512291669846,0.04251539707183838,1.7464739084243774,1.703958511352539,4.342031478881836,6.783138036727905,12.37994070053099,0.0003978414461016655,15.797654151916504
N4,historical,PS,ALL,new_nll,REQUEST_CLUSTER_MEAN,128,1.519728416739781,0.682945853099227,0.11198945646174252,2.0792573215439916,1.967267865082249,3.784305513277649,5.648643475770948,9.800114083290104,0.0033594407723285258,15.580547332763672
N4,historical,PS,ALL,true_nll,PROMPT,256,9.714681752026081,9.159221172332764,6.951607823371887,11.910686492919922,4.959078669548035,14.103091716766357,15.93384575843811,20.26284170150757,2.703822612762451,21.45576286315918
N4,historical,PS,ALL,true_nll,REQUEST_CLUSTER_MEAN,128,9.714681752026081,9.129552125930786,7.359051764011383,12.110785007476807,4.751733243465424,13.787729549407958,14.352648377418516,19.913295335769657,3.8530614376068115,20.286372184753418
N4,historical,PS,ALL,desired_margin,PROMPT,256,8.1949533352863,7.857655793428421,5.234742820262909,10.937048684805632,5.702305864542723,13.707009818404913,15.650191274937242,20.180517788475846,-4.6480302810668945,21.449192934203893
N4,historical,PS,ALL,desired_margin,REQUEST_CLUSTER_MEAN,128,8.1949533352863,7.859006163896993,5.894324456981849,10.875702554360032,4.981378097378183,12.844831475871615,14.024152440996838,19.70161511364859,-0.8121852874755859,20.281241053598933
N4,historical,PS,ACTIVE_TARGET,new_nll,PROMPT,248,1.3026853397727058,0.20908904075622559,0.03717729542404413,1.6164042949676514,1.5792269995436072,4.123961067199708,5.649360680580134,10.970824899673463,0.0003978414461016655,13.210186958312988
N4,historical,PS,ACTIVE_TARGET,new_nll,REQUEST_CLUSTER_MEAN,124,1.3026853397727058,0.648237619549036,0.09594113449566066,2.051819673157297,1.9558785386616364,3.2265557289123534,4.533731682598589,8.659398589134213,0.0033594407723285258,10.135078430175781
N4,historical,PS,ACTIVE_TARGET,true_nll,PROMPT,248,9.717803793568764,9.213181018829346,6.999987483024597,11.910686492919922,4.910699009895325,14.061766624450684,15.880679130554196,20.275368404388427,2.703822612762451,21.45576286315918
N4,historical,PS,ACTIVE_TARGET,true_nll,REQUEST_CLUSTER_MEAN,124,9.717803793568764,9.142729997634888,7.398442983627319,12.110785007476807,4.712342023849487,13.718087530136108,14.210684251785278,19.966239862442013,3.8530614376068115,20.286372184753418
N4,historical,PS,ACTIVE_TARGET,desired_margin,PROMPT,248,8.41511845379606,8.120619535446167,5.441614955663681,11.125541558489203,5.683926602825522,13.748155095195399,15.711574089433995,20.18217501353705,-4.6480302810668945,21.449192934203893
N4,historical,PS,ACTIVE_TARGET,desired_margin,REQUEST_CLUSTER_MEAN,124,8.41511845379606,7.904008314013481,6.011462079361081,10.889580117538571,4.87811803817749,12.957109416252933,14.094995999196541,19.74637797323521,-0.8121852874755859,20.281241053598933
N4,historical,PS,SUPERSEDED,new_nll,PROMPT,8,8.248063802719116,8.034840106964111,3.363589107990265,12.014973640441895,8.65138453245163,15.49370460510254,15.645679378509522,15.767259197235107,1.6541121006011963,15.797654151916504
N4,historical,PS,SUPERSEDED,new_nll,REQUEST_CLUSTER_MEAN,4,8.248063802719116,6.602559983730316,5.903168976306915,8.947454810142517,3.044285833835602,12.927310323715211,14.253928828239438,15.315223631858823,4.206587910652161,15.580547332763672
N4,historical,PS,SUPERSEDED,true_nll,PROMPT,8,9.61789846420288,8.285263538360596,6.258612155914307,10.376468181610107,4.117856025695801,16.93654203414917,18.15835738182068,19.135809659957886,4.454590797424316,19.380172729492188
N4,historical,PS,SUPERSEDED,true_nll,REQUEST_CLUSTER_MEAN,4,9.61789846420288,7.258382558822632,6.842145919799805,10.034135103225708,3.1919891834259033,14.594487380981448,16.11460480690002,17.330698747634884,6.320106506347656,17.634722232818604
N4,historical,PS,SUPERSEDED,desired_margin,PROMPT,8,1.3698346614837646,1.2031960487365723,-0.4539668560028076,2.4111079573631287,2.8650748133659363,4.57318947315216,5.728972184658049,6.653598353862762,-2.71319580078125,6.88475489616394
N4,historical,PS,SUPERSEDED,desired_margin,REQUEST_CLUSTER_MEAN,4,1.3698346614837646,1.3008189797401428,0.30651792883872986,2.3641357123851776,2.0576177835464478,2.9220651745796205,3.1080416619777678,3.2568228518962856,-0.4163174629211426,3.2940181493759155
N4,historical,NS,ALL,new_nll,PROMPT,1280,8.02043007699308,7.9179770946502686,5.197667956352234,10.773231506347656,5.575563549995422,13.520577239990235,15.19818663597107,18.341244564056407,0.0005958688561804593,21.32379722595215
N4,historical,NS,ALL,new_nll,REQUEST_CLUSTER_MEAN,128,8.02043007699308,7.8478340864181515,5.687067866325378,10.019147801399232,4.332079935073853,11.917393178939818,13.482487382888792,15.351355570793157,1.2163844408467412,19.350190544128417
N4,historical,NS,ALL,true_nll,PROMPT,1280,5.866765133322042,5.5464208126068115,3.236964464187622,8.35713243484497,5.120167970657349,10.765612697601327,12.208933210372921,13.98306945800783,0.00568297877907753,18.902942657470703
N4,historical,NS,ALL,true_nll,REQUEST_CLUSTER_MEAN,128,5.866765133322042,5.756911706924439,3.903605471551418,7.633510810136795,3.729905338585377,9.041807515621185,9.402490198612213,10.788711055994034,1.4961641244590282,11.42833104133606
N4,historical,NS,ALL,desired_margin,PROMPT,1280,2.153664943671038,2.144567370414734,-0.6999461650848389,4.91531828045845,5.615264445543289,8.080521535873418,10.446472322940823,14.530033164024362,-13.43045393191278,16.512583076953888
N4,historical,NS,ALL,desired_margin,REQUEST_CLUSTER_MEAN,128,2.153664943671038,1.8713940378278493,-0.020493021607398985,4.780215939879417,4.800708961486816,6.3935530057549474,7.68650429965928,11.948014096535747,-7.929708568379283,14.404068446159362
N4,historical,NS,ACTIVE_TARGET,new_nll,PROMPT,1240,7.928404375175324,7.904845952987671,5.1180925369262695,10.72995638847351,5.611863851547241,13.295692825317388,14.962726974487305,16.896270885467526,0.0005958688561804593,20.651355743408203
N4,historical,NS,ACTIVE_TARGET,new_nll,REQUEST_CLUSTER_MEAN,124,7.928404375175324,7.8291614055633545,5.644275243580342,10.019147801399232,4.37487255781889,11.901943499445915,13.197984561920164,14.278595561027526,1.2163844408467412,15.730924701690673
N4,historical,NS,ACTIVE_TARGET,true_nll,PROMPT,1240,5.806216207851145,5.497286319732666,3.1902899742126465,8.322837591171265,5.132547616958618,10.731025886535646,12.208933210372921,13.87071983337402,0.00568297877907753,18.902942657470703
N4,historical,NS,ACTIVE_TARGET,true_nll,REQUEST_CLUSTER_MEAN,124,5.806216207851145,5.708019018173218,3.8793708994984626,7.47055920958519,3.5911883100867272,9.026778858453037,9.408150684833526,10.79296212506294,1.4961641244590282,11.42833104133606
N4,historical,NS,ACTIVE_TARGET,desired_margin,PROMPT,1240,2.122188167324179,2.191312074661255,-0.6551401615142822,4.91531828045845,5.5704584419727325,7.847886323928844,10.12864577770233,12.975651377439489,-13.43045393191278,16.512583076953888
N4,historical,NS,ACTIVE_TARGET,desired_margin,REQUEST_CLUSTER_MEAN,124,2.122188167324179,1.9286317612975836,-0.020493021607398985,4.780215939879417,4.800708961486816,6.358049192428589,7.514798849020153,10.427921145081509,-7.929708568379283,12.279538271576167
N4,historical,NS,SUPERSEDED,new_nll,PROMPT,40,10.873226833343505,8.943634510040283,6.986384630203247,16.242077350616455,9.255692720413208,19.385547256469728,19.860805892944335,20.94725748062134,2.092811107635498,21.32379722595215
N4,historical,NS,SUPERSEDED,new_nll,REQUEST_CLUSTER_MEAN,4,10.873226833343505,8.926440811157228,8.062639141082764,11.737028503417969,3.674389362335205,16.30492572784424,17.827558135986322,19.045664062499995,6.2898351669311525,19.350190544128417
N4,historical,NS,SUPERSEDED,true_nll,PROMPT,40,7.743781822919845,7.1362481117248535,5.382960557937622,10.31992483139038,4.936964273452759,11.139058303833009,12.006891965866084,15.115913476943968,2.828174591064453,16.151809692382812
N4,historical,NS,SUPERSEDED,true_nll,REQUEST_CLUSTER_MEAN,4,7.743781822919845,8.415431880950926,7.41081159710884,8.748402106761931,1.337590509653091,9.018245701789855,9.108193566799162,9.18015185880661,4.946122097969055,9.198141431808471
N4,historical,NS,SUPERSEDED,desired_margin,PROMPT,40,3.12944501042366,1.1737239360809326,-1.9143521785736084,6.5547661781311035,8.469118356704712,14.726101303100586,14.949470651149747,16.010850055217745,-8.96795129776001,16.053916454315186
N4,historical,NS,SUPERSEDED,desired_margin,REQUEST_CLUSTER_MEAN,4,3.12944501042366,0.5110089302062989,-0.6857629656791686,4.326216906309128,5.011979871988297,10.372927830219272,12.388498138189311,14.00095438456535,-2.9083062648773192,14.404068446159362
S875,current,RS,ALL,new_nll,PROMPT,100,0.05778689134094748,0.0030682632932439446,0.0012012056249659508,0.008424274623394012,0.007223068998428062,0.015356511529535058,0.029692245926707883,0.6385370516777216,3.2782016205601394e-05,4.067821979522705
S875,current,RS,ALL,new_nll,REQUEST_CLUSTER_MEAN,100,0.05778689134094748,0.0030682632932439446,0.0012012056249659508,0.008424274623394012,0.007223068998428062,0.015356511529535058,0.029692245926707883,0.6385370516777216,3.2782016205601394e-05,4.067821979522705
S875,current,RS,ALL,true_nll,PROMPT,100,13.506934480667114,13.468998908996582,10.703125238418579,15.527446985244751,4.824321746826172,19.50630130767822,20.628199291229247,21.788233432769776,4.706395149230957,21.955219268798828
S875,current,RS,ALL,true_nll,REQUEST_CLUSTER_MEAN,100,13.506934480667114,13.468998908996582,10.703125238418579,15.527446985244751,4.824321746826172,19.50630130767822,20.628199291229247,21.788233432769776,4.706395149230957,21.955219268798828
S875,current,RS,ALL,desired_margin,PROMPT,100,13.449147589326166,13.463674951926805,10.702104531170335,15.525683697225759,4.823579166055424,19.503764882683754,20.623264679079874,21.786800025185805,2.740596294403076,21.9530326211825
S875,current,RS,ALL,desired_margin,REQUEST_CLUSTER_MEAN,100,13.449147589326166,13.463674951926805,10.702104531170335,15.525683697225759,4.823579166055424,19.503764882683754,20.623264679079874,21.786800025185805,2.740596294403076,21.9530326211825
S875,current,PS,ALL,new_nll,PROMPT,200,1.321036658702651,0.22279299795627594,0.04566751420497894,1.9002406001091003,1.8545730859041214,4.163514232635496,6.996810698509215,9.0309084701538,0.0008122005965560675,10.547284126281738
S875,current,PS,ALL,new_nll,REQUEST_CLUSTER_MEAN,100,1.321036658702651,0.44653299637138844,0.08675472508184612,1.978060768917203,1.8913060438353568,4.164384406805039,4.991914588212967,6.277963389754309,0.002724008576478809,8.77614450454712
S875,current,PS,ALL,true_nll,PROMPT,200,10.244305750727653,10.334671020507812,7.484621644020081,12.636829137802124,5.1522074937820435,14.825956439971923,16.071557044982907,20.129157600402824,1.9825977087020874,21.6749210357666
S875,current,PS,ALL,true_nll,REQUEST_CLUSTER_MEAN,100,10.244305750727653,10.520977258682251,7.982347667217255,12.353039860725403,4.370692193508148,15.154616641998295,15.775111818313599,17.460995392799397,2.2945844531059265,21.268532752990723
S875,current,PS,ALL,desired_margin,PROMPT,200,8.923269092025002,8.87042394746095,5.584164030849934,11.84346766024828,6.259303629398346,14.739449730329214,15.97001648234436,20.12730650552548,-5.13410758972168,21.66627212241292
S875,current,PS,ALL,desired_margin,REQUEST_CLUSTER_MEAN,100,8.923269092025002,9.185160055756569,5.8880395805463195,11.198920600581914,5.310881020035595,15.038564086449338,15.76180477484595,17.45488144794481,-1.9571076035499573,21.263273972959723
S875,current,NS,ALL,new_nll,PROMPT,1000,8.497426052032038,8.54236125946045,5.597214460372925,11.463851690292358,5.866637229919434,13.895535564422607,15.38297505378723,17.4340576171875,0.01825999654829502,21.487760543823242
S875,current,NS,ALL,new_nll,REQUEST_CLUSTER_MEAN,100,8.497426052032038,9.030302500724792,6.206966654956341,10.827188611030579,4.6202219560742375,12.373722047805787,13.189800219535828,15.47588851451874,1.775496950186789,15.980735397338867
S875,current,NS,ALL,true_nll,PROMPT,1000,5.950677468022332,5.445899486541748,3.2096054553985596,8.322863340377808,5.113257884979248,10.800764179229736,12.411034202575681,15.714527225494384,0.013897906988859177,21.4215145111084
S875,current,NS,ALL,true_nll,REQUEST_CLUSTER_MEAN,100,5.950677468022332,5.82072697430849,3.7865651763975623,7.365872573852538,3.579307397454976,9.158050901889801,10.129357485771179,11.977017409324661,1.9189242595806717,14.910075855255126
S875,current,NS,ALL,desired_margin,PROMPT,1000,2.546748584009707,2.7178330421447754,-0.6251668930053711,6.0463476330041885,6.67151452600956,8.767321157455445,10.237059223651885,14.057856400907038,-13.466899877414107,17.006772130727768
S875,current,NS,ALL,desired_margin,REQUEST_CLUSTER_MEAN,100,2.546748584009707,2.9595861792564393,0.2845045355148614,5.052441632747651,4.76793709723279,7.417450164854533,8.761993199288845,9.685263606339694,-7.421270618401468,10.052121186256409
S875,historical,RS,ALL,new_nll,PROMPT,128,0.23278650113343247,0.0025140587240457535,0.0009610206034267321,0.008118115365505219,0.007157094762078486,0.10644158348441105,0.5316396445035929,6.546983385086085,8.642300235806033e-05,13.907676696777344
S875,historical,RS,ALL,new_nll,REQUEST_CLUSTER_MEAN,128,0.23278650113343247,0.0025140587240457535,0.0009610206034267321,0.008118115365505219,0.007157094762078486,0.10644158348441105,0.5316396445035929,6.546983385086085,8.642300235806033e-05,13.907676696777344
S875,historical,RS,ALL,true_nll,PROMPT,128,12.818971421569586,12.234408378601074,10.005157470703125,15.587016820907593,5.581859350204468,17.560779190063478,18.64863882064819,22.226250171661377,4.232433319091797,23.536102294921875
S875,historical,RS,ALL,true_nll,REQUEST_CLUSTER_MEAN,128,12.818971421569586,12.234408378601074,10.005157470703125,15.587016820907593,5.581859350204468,17.560779190063478,18.64863882064819,22.226250171661377,4.232433319091797,23.536102294921875
S875,historical,RS,ALL,desired_margin,PROMPT,128,12.586184920436153,12.21197869576281,9.794081506726798,15.471212418633513,5.6771309119067155,17.559668931941268,18.64735505901917,22.22549761309958,2.842418670654297,23.53262968524359
S875,historical,RS,ALL,desired_margin,REQUEST_CLUSTER_MEAN,128,12.586184920436153,12.21197869576281,9.794081506726798,15.471212418633513,5.6771309119067155,17.559668931941268,18.64735505901917,22.22549761309958,2.842418670654297,23.53262968524359
S875,historical,RS,ACTIVE_TARGET,new_nll,PROMPT,124,0.10135282006916485,0.002335619181394577,0.0009443768649362028,0.006905628368258476,0.0059612515033222735,0.021862065605819235,0.23685829564928984,0.981475304365157,8.642300235806033e-05,8.260130882263184
S875,historical,RS,ACTIVE_TARGET,new_nll,REQUEST_CLUSTER_MEAN,124,0.10135282006916485,0.002335619181394577,0.0009443768649362028,0.006905628368258476,0.0059612515033222735,0.021862065605819235,0.23685829564928984,0.981475304365157,8.642300235806033e-05,8.260130882263184
S875,historical,RS,ACTIVE_TARGET,true_nll,PROMPT,124,12.91961310371276,12.274163246154785,10.091584205627441,15.587016820907593,5.495432615280151,17.5708927154541,18.73147382736206,22.23431634902954,5.226105690002441,23.536102294921875
S875,historical,RS,ACTIVE_TARGET,true_nll,REQUEST_CLUSTER_MEAN,124,12.91961310371276,12.274163246154785,10.091584205627441,15.587016820907593,5.495432615280151,17.5708927154541,18.73147382736206,22.23431634902954,5.226105690002441,23.536102294921875
S875,historical,RS,ACTIVE_TARGET,desired_margin,PROMPT,124,12.818260283643594,12.259769820608199,10.00312938450952,15.58463271940127,5.5815033348917495,17.570250634796686,18.7305509468395,22.233532527862987,2.842418670654297,23.53262968524359
S875,historical,RS,ACTIVE_TARGET,desired_margin,REQUEST_CLUSTER_MEAN,124,12.818260283643594,12.259769820608199,10.00312938450952,15.58463271940127,5.5815033348917495,17.570250634796686,18.7305509468395,22.233532527862987,2.842418670654297,23.53262968524359
S875,historical,RS,SUPERSEDED,new_nll,PROMPT,4,4.307230614125729,1.4887906312942505,0.8827469572424889,4.91327428817749,4.030527330935001,10.309915733337405,12.10879621505737,13.547900600433346,0.3436644971370697,13.907676696777344
S875,historical,RS,SUPERSEDED,new_nll,REQUEST_CLUSTER_MEAN,4,4.307230614125729,1.4887906312942505,0.8827469572424889,4.91327428817749,4.030527330935001,10.309915733337405,12.10879621505737,13.547900600433346,0.3436644971370697,13.907676696777344
S875,historical,RS,SUPERSEDED,true_nll,PROMPT,4,9.699079275131226,8.889552593231201,7.327146768569946,11.26148509979248,3.934338331222534,14.575461196899415,15.680119895935057,16.563846855163572,4.232433319091797,16.784778594970703
S875,historical,RS,SUPERSEDED,true_nll,REQUEST_CLUSTER_MEAN,4,9.699079275131226,8.889552593231201,7.327146768569946,11.26148509979248,3.934338331222534,14.575461196899415,15.680119895935057,16.563846855163572,4.232433319091797,16.784778594970703
S875,historical,RS,SUPERSEDED,desired_margin,PROMPT,4,5.391848661005497,5.337619662284851,3.096769630908966,7.632698692381382,4.535929061472416,7.862111529707908,7.938582475483417,7.999759232103824,2.8771018981933594,8.015053421258926
S875,historical,RS,SUPERSEDED,desired_margin,REQUEST_CLUSTER_MEAN,4,5.391848661005497,5.337619662284851,3.096769630908966,7.632698692381382,4.535929061472416,7.862111529707908,7.938582475483417,7.999759232103824,2.8771018981933594,8.015053421258926
S875,historical,PS,ALL,new_nll,PROMPT,256,1.5177116878923016,0.23971593379974365,0.04308341257274151,1.7593533098697662,1.7162698972970247,4.337734937667847,6.772306561470032,12.371113252639754,0.0003953390696551651,15.775421142578125
S875,historical,PS,ALL,new_nll,REQUEST_CLUSTER_MEAN,128,1.5177116878923016,0.6793527631089091,0.1100059759337455,2.0800106030656025,1.970004627131857,3.7666127696633334,5.603129482269286,9.797747128009801,0.0032882553641684353,15.573012351989746
S875,historical,PS,ALL,true_nll,PROMPT,256,9.716022115200758,9.17228889465332,6.955303072929382,11.927663087844849,4.972360014915466,14.108597755432129,15.939153671264648,20.269684314727783,2.728428602218628,21.437007904052734
S875,historical,PS,ALL,true_nll,REQUEST_CLUSTER_MEAN,128,9.716022115200758,9.12853217124939,7.3237186670303345,12.142679333686829,4.818960666656494,13.797143745422362,14.341818952560423,19.91295540809632,3.827891707420349,20.28773307800293
S875,historical,PS,ALL,desired_margin,PROMPT,256,8.198310427308456,7.846972227096558,5.238209158182144,10.93072564387694,5.692516485694796,13.697791684418917,15.68113225698471,20.200817525046293,-4.628668308258057,21.43042696127668
S875,historical,PS,ALL,desired_margin,REQUEST_CLUSTER_MEAN,128,8.198310427308456,7.85959573276341,5.874788039247505,10.867308039218187,4.992519999970682,12.848651895951479,14.01407483112998,19.70258324503404,-0.7979280948638916,20.282585892477073
S875,historical,PS,ACTIVE_TARGET,new_nll,PROMPT,248,1.3007135002493846,0.20643851906061172,0.03844573814421892,1.6267784237861633,1.5883326856419444,4.128522777557373,5.624031019210811,10.96223168373108,0.0003953390696551651,13.193048477172852
S875,historical,PS,ACTIVE_TARGET,new_nll,REQUEST_CLUSTER_MEAN,124,1.3007135002493846,0.6414165981113911,0.09676867863163352,2.066398764960468,1.9696300863288343,3.217060625553131,4.528148352354763,8.65401136398315,0.0032882553641684353,10.133503198623657
S875,historical,PS,ACTIVE_TARGET,true_nll,PROMPT,248,9.719100831016418,9.222470760345459,6.992090821266174,11.927663087844849,4.935572266578674,14.056235790252686,15.893548679351804,20.276887226104737,2.728428602218628,21.437007904052734
S875,historical,PS,ACTIVE_TARGET,true_nll,REQUEST_CLUSTER_MEAN,124,9.719100831016418,9.150703191757202,7.384704887866974,12.142679333686829,4.757974445819855,13.730450439453126,14.204069185256959,19.96647107124328,3.827891707420349,20.28773307800293
S875,historical,PS,ACTIVE_TARGET,desired_margin,PROMPT,248,8.418387330767032,8.145498871803284,5.4806202724576,11.092494877055287,5.611874604597688,13.77285941313021,15.752338445186611,20.20487363037595,-4.628668308258057,21.43042696127668
S875,historical,PS,ACTIVE_TARGET,desired_margin,REQUEST_CLUSTER_MEAN,124,8.418387330767032,7.906435953453183,6.012553067877889,10.914515596814454,4.901962528936565,12.971524491254241,14.074545264849437,19.74801696980692,-0.7979280948638916,20.282585892477073
S875,historical,PS,SUPERSEDED,new_nll,PROMPT,8,8.244655504822731,8.014919519424438,3.359457492828369,12.040121793746948,8.680664300918579,15.492048835754394,15.633734989166259,15.747083911895752,1.651288628578186,15.775421142578125
S875,historical,PS,SUPERSEDED,new_nll,REQUEST_CLUSTER_MEAN,4,8.244655504822731,6.601366758346558,5.886053457856178,8.95996880531311,3.073915347456932,12.927794933319094,14.250403642654415,15.308490610122679,4.202876150608063,15.573012351989746
S875,historical,PS,SUPERSEDED,true_nll,PROMPT,8,9.620581924915314,8.282039642333984,6.262295365333557,10.38952922821045,4.127233862876892,16.94656982421875,18.158062171936034,19.127256050109864,4.450676918029785,19.36955451965332
S875,historical,PS,SUPERSEDED,true_nll,REQUEST_CLUSTER_MEAN,4,9.620581924915314,7.251928687095642,6.832744002342224,10.039766609668732,3.2070226073265076,14.599217343330384,16.119034254550932,17.33488778352737,6.339619159698486,17.638851165771484
S875,historical,PS,SUPERSEDED,desired_margin,PROMPT,8,1.3759264200925827,1.203470230102539,-0.45319676399230957,2.428436040878296,2.8816328048706055,4.585503685474395,5.742102378606795,6.667381333112716,-2.701399803161621,6.898701071739197
S875,historical,PS,SUPERSEDED,desired_margin,REQUEST_CLUSTER_MEAN,4,1.3759264200925827,1.307922601699829,0.3085043430328369,2.375344678759575,2.066840335726738,2.932455235719681,3.118158754706382,3.266721569895744,-0.4160017967224121,3.3038622736930847
S875,historical,NS,ALL,new_nll,PROMPT,1280,8.022889871786266,7.912545919418335,5.186988949775696,10.775529384613037,5.588540434837341,13.50383863449097,15.189736318588254,18.339219017028817,0.0005727558163926005,21.311798095703125
S875,historical,NS,ALL,new_nll,REQUEST_CLUSTER_MEAN,128,8.022889871786266,7.850306463241577,5.687902569770813,10.010008597373963,4.32210602760315,11.904920949935912,13.503729672431943,15.355794168472295,1.2487487038597465,19.329049110412598
S875,historical,NS,ALL,true_nll,PROMPT,1280,5.863148202008597,5.546988487243652,3.2230764627456665,8.35840368270874,5.135327219963074,10.784674644470215,12.227975845336912,13.988440713882463,0.005770453251898289,18.91696548461914
S875,historical,NS,ALL,true_nll,REQUEST_CLUSTER_MEAN,128,5.863148202008597,5.736805385351181,3.902573588490486,7.646927666664124,3.7443540781736377,9.001269757598639,9.369828748703004,10.787032311439516,1.4928654570132494,11.427166318893432
S875,historical,NS,ALL,desired_margin,PROMPT,1280,2.159741669777668,2.126641273498535,-0.6820530891418457,4.926509976387024,5.60856306552887,8.069482135772706,10.45409798622131,14.5217199420929,-13.466899642720819,16.474648237228394
S875,historical,NS,ALL,desired_margin,REQUEST_CLUSTER_MEAN,128,2.159741669777668,1.8773222334682942,-0.023272052407264716,4.790557273477316,4.813829325884581,6.407877907454967,7.697243361179715,11.962820867270237,-7.882747455686331,14.387298011779786
S875,historical,NS,ACTIVE_TARGET,new_nll,PROMPT,1240,7.930918241588253,7.90354323387146,5.125288009643555,10.72077202796936,5.595484018325806,13.34501104354859,14.931763935089112,16.879641170501703,0.0005727558163926005,20.714214324951172
S875,historical,NS,ACTIVE_TARGET,new_nll,REQUEST_CLUSTER_MEAN,124,7.930918241588252,7.828633272647858,5.639570733159781,10.010008597373963,4.370437864214182,11.886991330385207,13.20574231624603,14.29449370765686,1.2487487038597465,15.730771160125732
S875,historical,NS,ACTIVE_TARGET,true_nll,PROMPT,1240,5.802287377087369,5.488086462020874,3.176544725894928,8.323949098587036,5.147404372692108,10.739814853668213,12.227975845336912,13.8717503452301,0.005770453251898289,18.91696548461914
S875,historical,NS,ACTIVE_TARGET,true_nll,REQUEST_CLUSTER_MEAN,124,5.802287377087369,5.684181708097458,3.8790098085999487,7.450584375858307,3.5715745672583585,8.988366100639105,9.370028448104858,10.791611248970032,1.4928654570132494,11.427166318893432
S875,historical,NS,ACTIVE_TARGET,desired_margin,PROMPT,1240,2.128630864500883,2.166033625602722,-0.6545383930206299,4.926509976387024,5.581048369407654,7.900237774848939,10.107440738379955,13.069939697980866,-13.466899642720819,16.474648237228394
S875,historical,NS,ACTIVE_TARGET,desired_margin,REQUEST_CLUSTER_MEAN,124,2.1286308645008827,1.9494557701051236,-0.023272052407264716,4.790557273477316,4.813829325884581,6.360475518107414,7.53806846096646,10.423076374053945,-7.882747455686331,12.301388093829155
S875,historical,NS,SUPERSEDED,new_nll,PROMPT,40,10.874010407924652,8.941991806030273,7.011233687400818,16.31775164604187,9.306517958641052,19.354026794433594,19.82816295623779,20.928658771514893,2.1425867080688477,21.311798095703125
S875,historical,NS,SUPERSEDED,new_nll,REQUEST_CLUSTER_MEAN,4,10.874010407924652,8.93150246143341,8.074144876003265,11.731367993354798,3.657223117351533,16.289976663589478,17.809512887001034,19.025141865730284,6.303987598419189,19.329049110412598
S875,historical,NS,SUPERSEDED,true_nll,PROMPT,40,7.749833774566651,7.176996469497681,5.365848779678345,10.378698587417603,5.012849807739258,11.175541019439699,11.932545280456539,15.18380027770996,2.8261733055114746,16.258201599121094
S875,historical,NS,SUPERSEDED,true_nll,REQUEST_CLUSTER_MEAN,4,7.749833774566651,8.42379472255707,7.411815047264099,8.76181344985962,1.3499984025955207,9.03072211265564,9.120358333587646,9.192067310333252,4.941751098632812,9.209994554519653
S875,historical,NS,SUPERSEDED,desired_margin,PROMPT,40,3.124176633358002,1.1521499156951904,-1.9429922103881836,6.529564261436462,8.472556471824646,14.669963026046753,14.949669861793515,15.979067559242248,-8.959369659423828,16.01598358154297
S875,historical,NS,SUPERSEDED,desired_margin,REQUEST_CLUSTER_MEAN,4,3.124176633358002,0.5077077388763428,-0.6876685738563535,4.319552946090698,5.007221519947052,10.360199985504153,12.373748998641963,13.98458820915222,-2.906006956100464,14.387298011779786
S75,current,RS,ALL,new_nll,PROMPT,100,0.11508265619082522,0.007918857969343662,0.002569105359725654,0.019921849481761456,0.0173527441220358,0.034509984776377706,0.08608783446252312,1.9185683465004197,3.957670196541585e-05,6.382448196411133
S75,current,RS,ALL,new_nll,REQUEST_CLUSTER_MEAN,100,0.11508265619082522,0.007918857969343662,0.002569105359725654,0.019921849481761456,0.0173527441220358,0.034509984776377706,0.08608783446252312,1.9185683465004197,3.957670196541585e-05,6.382448196411133
S75,current,RS,ALL,true_nll,PROMPT,100,12.54534154176712,12.429634094238281,9.837040662765503,14.886596441268921,5.049555778503418,18.54860324859619,19.50895195007324,21.113926219940186,3.856567621231079,21.278423309326172
S75,current,RS,ALL,true_nll,REQUEST_CLUSTER_MEAN,100,12.54534154176712,12.429634094238281,9.837040662765503,14.886596441268921,5.049555778503418,18.54860324859619,19.50895195007324,21.113926219940186,3.856567621231079,21.278423309326172
S75,current,RS,ALL,desired_margin,PROMPT,100,12.430258885576295,12.423417665297166,9.819374370912556,14.882148566422984,5.062774195510428,18.54331413670443,19.506348158454056,21.112925416452345,0.5797553062438965,21.27519948943518
S75,current,RS,ALL,desired_margin,REQUEST_CLUSTER_MEAN,100,12.430258885576295,12.423417665297166,9.819374370912556,14.882148566422984,5.062774195510428,18.54331413670443,19.506348158454056,21.112925416452345,0.5797553062438965,21.27519948943518
S75,current,PS,ALL,new_nll,PROMPT,200,1.5216781071329024,0.3075401037931442,0.07040535379201174,2.2534911036491394,2.1830857498571277,4.58808512687683,7.167050671577447,9.037286224365225,0.0010723085142672062,11.01869010925293
S75,current,PS,ALL,new_nll,REQUEST_CLUSTER_MEAN,100,1.5216781071329024,0.602729395031929,0.1340871441643685,2.1491963500157,2.0151092058513314,4.533214402198793,5.499965626001357,6.883127962350856,0.0035325909266248345,8.873668432235718
S75,current,PS,ALL,true_nll,PROMPT,200,9.825820414423942,9.782357692718506,7.155932426452637,12.199065685272217,5.04313325881958,14.494364070892333,15.595345449447631,19.353892040252685,1.906401515007019,19.924198150634766
S75,current,PS,ALL,true_nll,REQUEST_CLUSTER_MEAN,100,9.825820414423942,10.015562057495117,7.829743206501007,11.752102136611938,3.9223589301109314,14.7452760219574,15.265933442115783,16.74429797172548,2.036736786365509,19.63864517211914
S75,current,PS,ALL,desired_margin,PROMPT,200,8.30414230729104,8.243843823671341,5.047893814742565,11.221273444592953,6.173379629850388,14.212853542901573,15.55844600845594,19.343569177803584,-5.470116138458252,19.921050738543272
S75,current,PS,ALL,desired_margin,REQUEST_CLUSTER_MEAN,100,8.30414230729104,8.130266904830933,5.229983527213335,10.60307753860252,5.373094011389185,14.712683050706984,15.240844954084604,16.73486949008658,-2.62129807472229,19.63187628891319
S75,current,NS,ALL,new_nll,PROMPT,1000,8.515065994713455,8.542992115020752,5.662993311882019,11.46480655670166,5.801813244819641,13.89385175704956,15.430702209472656,17.4405885887146,0.01816599816083908,21.517009735107422
S75,current,NS,ALL,new_nll,REQUEST_CLUSTER_MEAN,100,8.515065994713456,9.120297336578368,6.231099517457187,10.828671598434449,4.597572080977262,12.393783884048462,13.261324257850648,15.473122333526614,1.7861249051988124,15.96561508178711
S75,current,NS,ALL,true_nll,PROMPT,1000,5.940792204659433,5.459062099456787,3.2133249044418335,8.347516298294067,5.134191393852234,10.795512008666993,12.405743503570555,15.70064769744873,0.013621006160974503,21.425994873046875
S75,current,NS,ALL,true_nll,REQUEST_CLUSTER_MEAN,100,5.940792204659432,5.828216136991978,3.805757051706314,7.355428498983383,3.549671447277069,9.150953280925751,10.120049121379852,11.973678106784837,1.9251683980226517,14.90508313179016
S75,current,NS,ALL,desired_margin,PROMPT,1000,2.5742737900540233,2.7308108806610107,-0.6367208957672119,6.10642409324646,6.743144989013672,8.80071349143982,10.296164929866789,14.112881443500518,-13.50228650122881,16.96069970726967
S75,current,NS,ALL,desired_margin,REQUEST_CLUSTER_MEAN,100,2.5742737900540233,3.0007183998823166,0.2782501521520317,5.07744922041893,4.799199068266899,7.471470296531923,8.74672500833869,9.771637485802176,-7.392306748777628,10.165497887134553
S75,historical,RS,ALL,new_nll,PROMPT,128,0.23328146173980713,0.002485045464709401,0.0009721856185933575,0.00802721781656146,0.007055032197968103,0.10425759106874447,0.5431079536676403,6.514623496532465,8.892617915989831e-05,13.90523910522461
S75,historical,RS,ALL,new_nll,REQUEST_CLUSTER_MEAN,128,0.23328146173980713,0.002485045464709401,0.0009721856185933575,0.00802721781656146,0.007055032197968103,0.10425759106874447,0.5431079536676403,6.514623496532465,8.892617915989831e-05,13.90523910522461
S75,historical,RS,ALL,true_nll,PROMPT,128,12.822522025555372,12.220771312713623,9.980289220809937,15.659493684768677,5.67920446395874,17.542304611206056,18.668349456787105,22.22236343383789,4.234640598297119,23.529478073120117
S75,historical,RS,ALL,true_nll,REQUEST_CLUSTER_MEAN,128,12.822522025555372,12.220771312713623,9.980289220809937,15.659493684768677,5.67920446395874,17.542304611206056,18.668349456787105,22.22236343383789,4.234640598297119,23.529478073120117
S75,historical,RS,ALL,desired_margin,PROMPT,128,12.589240563815565,12.20266449439805,9.811802542419173,15.484571246546693,5.67276870412752,17.54118070102995,18.66714928821311,22.221620409836177,2.8808326721191406,23.526041815523058
S75,historical,RS,ALL,desired_margin,REQUEST_CLUSTER_MEAN,128,12.589240563815565,12.20266449439805,9.811802542419173,15.484571246546693,5.67276870412752,17.54118070102995,18.66714928821311,22.221620409836177,2.8808326721191406,23.526041815523058
S75,historical,RS,ACTIVE_TARGET,new_nll,PROMPT,124,0.10144305828491211,0.0023477489594370127,0.0009386005549458787,0.006805472890846431,0.005866872335900553,0.02219459265470506,0.24704166203737227,1.0033183091878877,8.892617915989831e-05,8.216127395629883
S75,historical,RS,ACTIVE_TARGET,new_nll,REQUEST_CLUSTER_MEAN,124,0.10144305828491211,0.0023477489594370127,0.0009386005549458787,0.006805472890846431,0.005866872335900553,0.02219459265470506,0.24704166203737227,1.0033183091878877,8.892617915989831e-05,8.216127395629883
S75,historical,RS,ACTIVE_TARGET,true_nll,PROMPT,124,12.923514158495012,12.265931606292725,10.166186809539795,15.659493684768677,5.493306875228882,17.55962028503418,18.76751022338867,22.231539764404296,5.252519607543945,23.529478073120117
S75,historical,RS,ACTIVE_TARGET,true_nll,REQUEST_CLUSTER_MEAN,124,12.923514158495012,12.265931606292725,10.166186809539795,15.659493684768677,5.493306875228882,17.55962028503418,18.76751022338867,22.231539764404296,5.252519607543945,23.529478073120117
S75,historical,RS,ACTIVE_TARGET,desired_margin,PROMPT,124,12.822071100210099,12.25513105513528,9.978249387087999,15.656945618393365,5.678696231305366,17.558974124107046,18.766696217778367,22.23076605901646,2.8879451751708984,23.526041815523058
S75,historical,RS,ACTIVE_TARGET,desired_margin,REQUEST_CLUSTER_MEAN,124,12.822071100210099,12.25513105513528,9.978249387087999,15.656945618393365,5.678696231305366,17.558974124107046,18.766696217778367,22.23076605901646,2.8879451751708984,23.526041815523058
S75,historical,RS,SUPERSEDED,new_nll,PROMPT,4,4.320271968841553,1.5138630270957947,0.9221293926239014,4.912005603313446,3.9898762106895447,10.307945704460145,12.106592404842372,13.545509765148159,0.3481227159500122,13.90523910522461
S75,historical,RS,SUPERSEDED,new_nll,REQUEST_CLUSTER_MEAN,4,4.320271968841553,1.5138630270957947,0.9221293926239014,4.912005603313446,3.9898762106895447,10.307945704460145,12.106592404842372,13.545509765148159,0.3481227159500122,13.90523910522461
S75,historical,RS,SUPERSEDED,true_nll,PROMPT,4,9.691765904426575,8.873175621032715,7.3003844022750854,11.264557123184204,3.9641727209091187,14.577465915679934,15.681768846511838,16.565211191177365,4.234640598297119,16.78607177734375
S75,historical,RS,SUPERSEDED,true_nll,REQUEST_CLUSTER_MEAN,4,9.691765904426575,8.873175621032715,7.3003844022750854,11.264557123184204,3.9641727209091187,14.577465915679934,15.681768846511838,16.565211191177365,4.234640598297119,16.78607177734375
S75,historical,RS,SUPERSEDED,desired_margin,PROMPT,4,5.371493935585022,5.315483391284943,3.061089903116226,7.625887423753738,4.564797520637512,7.834860742092133,7.904518514871597,7.960244733095169,2.8808326721191406,7.974176287651062
S75,historical,RS,SUPERSEDED,desired_margin,REQUEST_CLUSTER_MEAN,4,5.371493935585022,5.315483391284943,3.061089903116226,7.625887423753738,4.564797520637512,7.834860742092133,7.904518514871597,7.960244733095169,2.8808326721191406,7.974176287651062
S75,historical,PS,ALL,new_nll,PROMPT,256,1.515842519363332,0.23915045708417892,0.043640414252877235,1.7719197869300842,1.728279372677207,4.333601474761963,6.7611143589019775,12.360174751281722,0.00039295581518672407,15.752362251281738
S75,historical,PS,ALL,new_nll,REQUEST_CLUSTER_MEAN,128,1.515842519363332,0.6799730313941836,0.10802825563587248,2.091566590417642,1.9835383347817697,3.7493569582700723,5.558090329170226,9.795190100669865,0.0032209744094870985,15.56546401977539
S75,historical,PS,ALL,true_nll,PROMPT,256,9.71710966527462,9.176278114318848,6.9817386865615845,11.946227312088013,4.964488625526428,14.147826194763184,15.943928003311157,20.275580883026123,2.7145631313323975,21.418941497802734
S75,historical,PS,ALL,true_nll,REQUEST_CLUSTER_MEAN,128,9.71710966527462,9.127542734146118,7.280843496322632,12.148357152938843,4.867513656616211,13.806421327590941,14.332704639434812,19.912131347656256,3.801809072494507,20.288551330566406
S75,historical,PS,ALL,desired_margin,PROMPT,256,8.201267145911288,7.851959764957428,5.241835325956345,10.940698978723958,5.6988636527676135,13.700600575190037,15.705228425562382,20.220574565931745,-4.609489917755127,21.412353804334998
S75,historical,PS,ALL,desired_margin,REQUEST_CLUSTER_MEAN,128,8.201267145911288,7.861592517234385,5.88047862437088,10.84956395253539,4.96908532816451,12.85149721612688,14.005383138637988,19.703443669540725,-0.7857966423034668,20.283384826616384
S75,historical,PS,ACTIVE_TARGET,new_nll,PROMPT,248,1.298889292957263,0.2038450464606285,0.039834641851484776,1.6296113729476929,1.589776731096208,4.160441160202026,5.601020026206967,10.952756624221804,0.00039295581518672407,13.172966003417969
S75,historical,PS,ACTIVE_TARGET,new_nll,REQUEST_CLUSTER_MEAN,124,1.298889292957263,0.6304843332618475,0.09779140446335077,2.039505088701844,1.9417136842384934,3.2074780344963076,4.522807946056126,8.649868934154506,0.0032209744094870985,10.130964517593384
S75,historical,PS,ACTIVE_TARGET,true_nll,PROMPT,248,9.72012826896483,9.243819236755371,6.990490436553955,11.946227312088013,4.955736875534058,14.097730445861817,15.907413005828856,20.277331829071045,2.7145631313323975,21.418941497802734
S75,historical,PS,ACTIVE_TARGET,true_nll,REQUEST_CLUSTER_MEAN,124,9.72012826896483,9.157967686653137,7.381476700305939,12.148357152938843,4.766880452632904,13.74259033203125,14.202089047431945,19.966137847900384,3.801809072494507,20.288551330566406
S75,historical,PS,ACTIVE_TARGET,desired_margin,PROMPT,248,8.421238976007565,8.154658196261153,5.488196589052677,11.024414094630629,5.536217505577952,13.797172027686612,15.775911296904082,20.22707571738778,-4.609489917755127,21.412353804334998
S75,historical,PS,ACTIVE_TARGET,desired_margin,REQUEST_CLUSTER_MEAN,124,8.421238976007565,7.93280497007072,6.0133327804505825,10.949242514558136,4.935909734107554,12.984485523100012,14.05635409792885,19.74948661083777,-0.7857966423034668,20.283384826616384
S75,historical,PS,SUPERSEDED,new_nll,PROMPT,8,8.24139253795147,7.995116710662842,3.3544687032699585,12.066182851791382,8.711714148521423,15.49070472717285,15.621533489227295,15.72619649887085,1.6490954160690308,15.752362251281738
S75,historical,PS,SUPERSEDED,new_nll,REQUEST_CLUSTER_MEAN,4,8.24139253795147,6.600375056266785,5.8686415404081345,8.97312605381012,3.104484513401985,12.928528833389283,14.246996426582333,15.301770501136778,4.199356019496918,15.56546401977539
S75,historical,PS,SUPERSEDED,true_nll,PROMPT,8,9.623532950878143,8.279161930084229,6.267780423164368,10.402113437652588,4.13433301448822,16.95659284591675,18.157171392440794,19.117634229660034,4.447927474975586,19.357749938964844
S75,historical,PS,SUPERSEDED,true_nll,REQUEST_CLUSTER_MEAN,4,9.623532950878143,7.245865225791931,6.823367536067963,10.046030640602112,3.222663104534149,14.60399489402771,16.12331631183624,17.338773446083067,6.3597636222839355,17.642637729644775
S75,historical,PS,SUPERSEDED,desired_margin,PROMPT,8,1.382140412926674,1.2037911415100098,-0.45017528533935547,2.446014642715454,2.8961899280548096,4.597135579586029,5.754174786806105,6.6798061525821675,-2.690455436706543,6.911213994026184
S75,historical,PS,SUPERSEDED,desired_margin,REQUEST_CLUSTER_MEAN,4,1.382140412926674,1.3150029182434082,0.3106449842453003,2.386498346924782,2.0758533626794815,2.9432826936244965,3.1288774758577342,3.2773533016443253,-0.41591644287109375,3.314472258090973
S75,historical,NS,ALL,new_nll,PROMPT,1280,8.025460431697457,7.91347336769104,5.201939702033997,10.787441968917847,5.58550226688385,13.52137441635132,15.193559837341304,18.337341995239264,0.0005519058904610574,21.297500610351562
S75,historical,NS,ALL,new_nll,REQUEST_CLUSTER_MEAN,128,8.025460431697457,7.852965533733368,5.68912513256073,10.000915634632111,4.311790502071381,11.898546174764633,13.524290990829465,15.36016445446015,1.2838304599747061,19.30683364868164
S75,historical,NS,ALL,true_nll,PROMPT,1280,5.85983508664358,5.537590026855469,3.2107869386672974,8.358256340026855,5.147469401359558,10.755715560913087,12.203462648391724,13.992428035736102,0.005867281928658485,18.930461883544922
S75,historical,NS,ALL,true_nll,REQUEST_CLUSTER_MEAN,128,5.85983508664358,5.7171701192855835,3.901700387895107,7.6583051741123205,3.7566047862172134,8.989399760961533,9.357001190185548,10.785529119968414,1.4893568724393844,11.42608904838562
S75,historical,NS,ALL,desired_margin,PROMPT,1280,2.165625345053877,2.1198806762695312,-0.6721169948577881,4.954872280359268,5.626989275217056,8.025996541976935,10.459767575562,14.50547245681286,-13.502286383882165,16.500109791755676
S75,historical,NS,ALL,desired_margin,REQUEST_CLUSTER_MEAN,128,2.165625345053877,1.882380459830165,-0.026003947854042052,4.801237111538649,4.827241059392691,6.420039413571358,7.708453176142646,11.976561304487294,-7.832954060845077,14.369077587127686
S75,historical,NS,ACTIVE_TARGET,new_nll,PROMPT,1240,7.9335551709615935,7.894729375839233,5.122840046882629,10.727885484695435,5.605045437812805,13.34218454360962,14.901196098327636,16.903122787475585,0.0005519058904610574,20.772703170776367
S75,historical,NS,ACTIVE_TARGET,new_nll,REQUEST_CLUSTER_MEAN,124,7.9335551709615935,7.827710127830505,5.6350067973136895,10.000915634632111,4.365908837318422,11.876424158811568,13.212933058738706,14.311515799522398,1.2838304599747061,15.730183410644532
S75,historical,NS,ACTIVE_TARGET,true_nll,PROMPT,1240,5.7986851883241,5.4950010776519775,3.15799343585968,8.347087860107422,5.189094424247742,10.693459796905524,12.203462648391724,13.87195199012756,0.005867281928658485,18.930461883544922
S75,historical,NS,ACTIVE_TARGET,true_nll,REQUEST_CLUSTER_MEAN,124,5.7986851883241,5.6643880814313885,3.878288675844669,7.426697957515716,3.5484092816710473,8.967465327978134,9.357421417236328,10.790395157337189,1.4893568724393844,11.42608904838562
S75,historical,NS,ACTIVE_TARGET,desired_margin,PROMPT,1240,2.1348699826374933,2.1502051949501038,-0.6482312679290771,4.954872280359268,5.603103548288345,7.901410126686097,10.203132754564285,13.159606593847258,-13.502286383882165,16.500109791755676
S75,historical,NS,ACTIVE_TARGET,desired_margin,REQUEST_CLUSTER_MEAN,124,2.1348699826374933,1.9543426513671875,-0.026003947854042052,4.801237111538649,4.827241059392691,6.361160458922386,7.561168323298915,10.41758740723132,-7.832954060845077,12.322088441997767
S75,historical,NS,SUPERSEDED,new_nll,PROMPT,40,10.874523514509201,8.94287395477295,7.034808993339539,16.388644695281982,9.353835701942444,19.321356773376465,19.793441200256346,20.906802864074706,2.195943593978882,21.297500610351562
S75,historical,NS,SUPERSEDED,new_nll,REQUEST_CLUSTER_MEAN,4,10.874523514509201,8.93648362159729,8.08569547533989,11.725311660766602,3.6396161854267124,16.274224853515626,17.790529251098626,19.003572769165036,6.318293166160584,19.30683364868164
S75,historical,NS,SUPERSEDED,true_nll,PROMPT,40,7.755481934547424,7.217880010604858,5.348740100860596,10.335587501525879,4.986847400665283,11.201639842987062,11.914677572250362,15.249736423492429,2.8263230323791504,16.361459732055664
S75,historical,NS,SUPERSEDED,true_nll,REQUEST_CLUSTER_MEAN,4,7.755481934547424,8.431742858886718,7.412287497520446,8.774937295913695,1.3626497983932486,9.04238649368286,9.131536226272583,9.20285601234436,4.937756061553955,9.220685958862305
S75,historical,NS,SUPERSEDED,desired_margin,PROMPT,40,3.1190415799617766,1.1318655014038086,-1.9432759284973145,6.504684329032898,8.447960257530212,14.610697650909424,14.948604726791379,15.945712904930115,-8.94343876838684,15.977831363677979
S75,historical,NS,SUPERSEDED,desired_margin,REQUEST_CLUSTER_MEAN,4,3.119041579961777,0.5047407627105712,-0.6892418205738067,4.313024163246155,5.002265983819962,10.346656217575076,12.357866902351375,13.966835450172422,-2.902392792701721,14.369077587127686
FULL8,current,RS,ALL,new_nll,PROMPT,100,0.0024656325837895563,0.0013107407721690834,0.0005777298065368086,0.0037407837226055562,0.0031630539160687476,0.00585286980494857,0.0068962453864514816,0.014769186573103095,2.8371408916427754e-05,0.01937815733253956
FULL8,current,RS,ALL,new_nll,REQUEST_CLUSTER_MEAN,100,0.0024656325837895563,0.0013107407721690834,0.0005777298065368086,0.0037407837226055562,0.0031630539160687476,0.00585286980494857,0.0068962453864514816,0.014769186573103095,2.8371408916427754e-05,0.01937815733253956
FULL8,current,RS,ALL,true_nll,PROMPT,100,14.750487179756165,14.232162475585938,12.375657320022583,16.78856325149536,4.412905931472778,20.37694778442383,21.696442127227783,22.414387149810796,5.108382225036621,23.458642959594727
FULL8,current,RS,ALL,true_nll,REQUEST_CLUSTER_MEAN,100,14.750487179756165,14.232162475585938,12.375657320022583,16.78856325149536,4.412905931472778,20.37694778442383,21.696442127227783,22.414387149810796,5.108382225036621,23.458642959594727
FULL8,current,RS,ALL,desired_margin,PROMPT,100,14.748021547172375,14.231380425553652,12.37373352391296,16.785250216533314,4.411516692620353,20.376656268927036,21.696404696215268,22.412524525494668,5.1072540688328445,23.457671041891444
FULL8,current,RS,ALL,desired_margin,REQUEST_CLUSTER_MEAN,100,14.748021547172375,14.231380425553652,12.37373352391296,16.785250216533314,4.411516692620353,20.376656268927036,21.696404696215268,22.412524525494668,5.1072540688328445,23.457671041891444
FULL8,current,PS,ALL,new_nll,PROMPT,200,1.0751901517908846,0.11157064512372017,0.028316162060946226,1.2202564477920532,1.191940285731107,3.7621458292007444,4.760592484474178,8.1271468925476,0.0002975021197926253,9.147446632385254
FULL8,current,PS,ALL,new_nll,REQUEST_CLUSTER_MEAN,100,1.0751901517908846,0.2799450494349003,0.05354163015726954,1.5906153181567788,1.5370736879995093,3.5571164079010495,4.280365560948848,6.169395009279261,0.00045425073767546564,8.079707860946655
FULL8,current,PS,ALL,true_nll,PROMPT,200,10.770316265821457,10.649258136749268,8.137352228164673,13.145363330841064,5.008011102676392,15.237362098693847,16.77345876693725,20.930387268066408,2.026034116744995,22.723594665527344
FULL8,current,PS,ALL,true_nll,REQUEST_CLUSTER_MEAN,100,10.770316265821457,11.046238422393799,8.287462651729584,12.88545572757721,4.597993075847626,15.648624658584597,16.963452649116515,19.030302524566665,2.4711735248565674,21.835665702819824
FULL8,current,PS,ALL,desired_margin,PROMPT,200,9.695126114030572,9.689533330500126,6.400774196721613,12.718657901044935,6.317883704323322,15.213973585050553,16.740279529243704,20.930073366780707,-0.9848685264587402,22.712663296610117
FULL8,current,PS,ALL,desired_margin,REQUEST_CLUSTER_MEAN,100,9.695126114030572,9.741021230816841,6.529947298578918,11.803396635805257,5.273449337226339,15.645097850065214,16.950066817438348,19.029788472398227,1.0435253977775574,21.82923130900599
FULL8,current,NS,ALL,new_nll,PROMPT,1000,8.446174103123486,8.487210273742676,5.56173300743103,11.388423919677734,5.826690912246704,13.881246566772461,15.380477809906006,17.53409889221191,0.0014751992421224713,21.41274070739746
FULL8,current,NS,ALL,new_nll,REQUEST_CLUSTER_MEAN,100,8.446174103123486,8.96239902973175,6.125156507268548,10.822980403900146,4.697823896631599,12.372028694152833,13.137104229927061,15.363582013130191,1.7757914923131466,15.99835147857666
FULL8,current,NS,ALL,true_nll,PROMPT,1000,5.9778614546656605,5.460423231124878,3.2251649498939514,8.385008096694946,5.159843146800995,10.877838611602783,12.47443857192993,15.826129598617554,0.014319637790322304,21.26267433166504
FULL8,current,NS,ALL,true_nll,REQUEST_CLUSTER_MEAN,100,5.9778614546656605,5.8259962730109685,3.7622008278965953,7.411283242702484,3.6490824148058887,9.137461960315706,10.208614023327826,12.022359262466445,1.9118837071582675,14.86576042175293
FULL8,current,NS,ALL,desired_margin,PROMPT,1000,2.4683126484578244,2.7071309089660645,-0.6321423053741455,6.0059506595134735,6.638092964887619,8.769387066364292,10.163632762432098,14.067503515537828,-17.92272676608991,17.05875191092491
FULL8,current,NS,ALL,desired_margin,REQUEST_CLUSTER_MEAN,100,2.468312648457824,2.973854302614927,0.3109679758548736,5.022553753852844,4.71158577799797,7.376147980093962,8.731989752501248,9.566985081583262,-7.440132532268763,9.9147359251976
FULL8,historical,RS,ALL,new_nll,PROMPT,128,0.23437753924912386,0.0025291615165770054,0.0009345214930362999,0.008125930093228817,0.007191408600192517,0.10746814608573899,0.4400576561689374,6.618109111785913,8.010543388081715e-05,13.950508117675781
FULL8,historical,RS,ALL,new_nll,REQUEST_CLUSTER_MEAN,128,0.23437753924912386,0.0025291615165770054,0.0009345214930362999,0.008125930093228817,0.007191408600192517,0.10746814608573899,0.4400576561689374,6.618109111785913,8.010543388081715e-05,13.950508117675781
FULL8,historical,RS,ALL,true_nll,PROMPT,128,12.845471113920212,12.328753471374512,10.048117399215698,15.615842342376709,5.567724943161011,17.59528694152832,18.66730403900146,22.24800157546997,4.306939125061035,23.557889938354492
FULL8,historical,RS,ALL,true_nll,REQUEST_CLUSTER_MEAN,128,12.845471113920212,12.328753471374512,10.048117399215698,15.615842342376709,5.567724943161011,17.59528694152832,18.66730403900146,22.24800157546997,4.306939125061035,23.557889938354492
FULL8,historical,RS,ALL,desired_margin,PROMPT,128,12.611093574671088,12.273127311374992,9.792699973098934,15.496409382263664,5.7037094091647305,17.595143940988784,18.61165690773341,22.247603906650184,2.817676544189453,23.554361971095204
FULL8,historical,RS,ALL,desired_margin,REQUEST_CLUSTER_MEAN,128,12.611093574671088,12.273127311374992,9.792699973098934,15.496409382263664,5.7037094091647305,17.595143940988784,18.61165690773341,22.247603906650184,2.817676544189453,23.554361971095204
FULL8,historical,RS,ACTIVE_TARGET,new_nll,PROMPT,124,0.09985786219564738,0.002421900164335966,0.0008985235908767208,0.007254119613207877,0.006355596022331156,0.02159438282251359,0.22615133598446807,0.9674516522884357,8.010543388081715e-05,8.305662155151367
FULL8,historical,RS,ACTIVE_TARGET,new_nll,REQUEST_CLUSTER_MEAN,124,0.09985786219564738,0.002421900164335966,0.0008985235908767208,0.007254119613207877,0.006355596022331156,0.02159438282251359,0.22615133598446807,0.9674516522884357,8.010543388081715e-05,8.305662155151367
FULL8,historical,RS,ACTIVE_TARGET,true_nll,PROMPT,124,12.949634544311031,12.368165016174316,10.088342189788818,15.615842342376709,5.527500152587891,17.602600479125975,18.720561027526855,22.249407291412354,5.2048821449279785,23.557889938354492
FULL8,historical,RS,ACTIVE_TARGET,true_nll,REQUEST_CLUSTER_MEAN,124,12.949634544311031,12.368165016174316,10.088342189788818,15.615842342376709,5.527500152587891,17.602600479125975,18.720561027526855,22.249407291412354,5.2048821449279785,23.557889938354492
FULL8,historical,RS,ACTIVE_TARGET,desired_margin,PROMPT,124,12.849776682115383,12.367364052712219,10.013221300323494,15.613081679737661,5.599860379414167,17.60237361844556,18.69638517220446,22.24904337222266,2.8478965759277344,23.554361971095204
FULL8,historical,RS,ACTIVE_TARGET,desired_margin,REQUEST_CLUSTER_MEAN,124,12.849776682115383,12.367364052712219,10.013221300323494,15.613081679737661,5.599860379414167,17.60237361844556,18.69638517220446,22.24904337222266,2.8478965759277344,23.554361971095204
FULL8,historical,RS,SUPERSEDED,new_nll,PROMPT,4,4.404487527906895,1.628197729587555,1.0034589543938637,5.029226303100586,4.025767348706722,10.381995391845706,12.166251754760738,13.59365684509277,0.4110465347766876,13.950508117675781
FULL8,historical,RS,SUPERSEDED,new_nll,REQUEST_CLUSTER_MEAN,4,4.404487527906895,1.628197729587555,1.0034589543938637,5.029226303100586,4.025767348706722,10.381995391845706,12.166251754760738,13.59365684509277,0.4110465347766876,13.950508117675781
FULL8,historical,RS,SUPERSEDED,true_nll,PROMPT,4,9.61640477180481,8.695247650146484,7.155888557434082,11.155763864517212,3.99987530708313,14.523216342926027,15.645700502395627,16.54368782997131,4.306939125061035,16.768184661865234
FULL8,historical,RS,SUPERSEDED,true_nll,REQUEST_CLUSTER_MEAN,4,9.61640477180481,8.695247650146484,7.155888557434082,11.155763864517212,3.99987530708313,14.523216342926027,15.645700502395627,16.54368782997131,4.306939125061035,16.768184661865234
FULL8,historical,RS,SUPERSEDED,desired_margin,PROMPT,4,5.211917243897915,5.167750298976898,3.033926159143448,7.345741383731365,4.311815224587917,7.554991653561592,7.624741743505001,7.680541815459728,2.817676544189453,7.69449183344841
FULL8,historical,RS,SUPERSEDED,desired_margin,REQUEST_CLUSTER_MEAN,4,5.211917243897915,5.167750298976898,3.033926159143448,7.345741383731365,4.311815224587917,7.554991653561592,7.624741743505001,7.680541815459728,2.817676544189453,7.69449183344841
FULL8,historical,PS,ALL,new_nll,PROMPT,256,1.5231060107021221,0.2225450873374939,0.04384886007755995,1.745113730430603,1.701264870353043,4.3954222202301025,6.78381085395813,12.274606513977036,0.0003829461056739092,15.66052532196045
FULL8,historical,PS,ALL,new_nll,REQUEST_CLUSTER_MEAN,128,1.5231060107021221,0.6862804619595408,0.11233062483370304,2.0908165387809277,1.9784859139472246,3.8053948925808063,5.7719985723495455,9.722078788280491,0.003248662513215095,15.48537302017212
FULL8,historical,PS,ALL,true_nll,PROMPT,256,9.717936811037362,9.160308361053467,6.94537889957428,11.970057487487793,5.024678587913513,14.034164905548096,15.950686693191528,20.25352506637573,2.719027280807495,21.537817001342773
FULL8,historical,PS,ALL,true_nll,REQUEST_CLUSTER_MEAN,128,9.717936811037362,9.147093534469604,7.407543241977692,12.162291646003723,4.7547484040260315,13.709576749801634,14.406681609153747,19.88920818328858,3.85176944732666,20.28013801574707
FULL8,historical,PS,ALL,desired_margin,PROMPT,256,8.19483080033524,7.912665277719498,5.171935494989157,11.054497493198141,5.882561998208985,13.670764265116304,15.700225925538689,20.112256101035744,-4.75076150894165,21.53143764194101
FULL8,historical,PS,ALL,desired_margin,REQUEST_CLUSTER_MEAN,128,8.19483080033524,7.78298612346407,5.886407851125114,10.744402380776592,4.857994529651478,12.840292020794003,14.120789372920985,19.682905905943485,-0.9029405117034912,20.2169358197134
FULL8,historical,PS,ACTIVE_TARGET,new_nll,PROMPT,248,1.307230968222176,0.20209159702062607,0.03983598109334707,1.5654438436031342,1.525607862509787,4.110004949569702,5.735071301460264,11.10245668411255,0.0003829461056739092,12.995132446289062
FULL8,historical,PS,ACTIVE_TARGET,new_nll,REQUEST_CLUSTER_MEAN,124,1.307230968222176,0.6431815403047949,0.10491213761270046,2.0512122673681006,1.9463001297554001,3.2610560178756716,4.583532048016785,8.642320346832271,0.003248662513215095,10.018343687057495
FULL8,historical,PS,ACTIVE_TARGET,true_nll,PROMPT,248,9.721465271326803,9.22726058959961,6.968576192855835,11.970057487487793,5.001481294631958,14.016164016723632,15.804800558090207,20.270088024139405,2.719027280807495,21.537817001342773
FULL8,historical,PS,ACTIVE_TARGET,true_nll,REQUEST_CLUSTER_MEAN,124,9.721465271326803,9.174310445785522,7.432649374008179,12.162291646003723,4.729642271995544,13.645961475372314,14.360153937339783,19.93857158660888,3.85176944732666,20.28013801574707
FULL8,historical,PS,ACTIVE_TARGET,desired_margin,PROMPT,248,8.414234303104628,8.04628187417984,5.446374535560608,11.103375416249037,5.657000880688429,13.703658495750279,15.701751384977252,20.11918301106547,-4.75076150894165,21.53143764194101
FULL8,historical,PS,ACTIVE_TARGET,desired_margin,REQUEST_CLUSTER_MEAN,124,8.414234303104628,7.872952009551227,6.039566634222865,10.800475785508752,4.760909151285887,12.968550010491164,14.228048025071617,19.72438590917794,-0.9029405117034912,20.2169358197134
FULL8,historical,PS,SUPERSEDED,new_nll,PROMPT,8,8.215232327580452,7.927772760391235,3.515622913837433,11.873709440231323,8.35808652639389,15.415312099456788,15.537918710708619,15.636003999710082,1.6430848836898804,15.66052532196045
FULL8,historical,PS,SUPERSEDED,new_nll,REQUEST_CLUSTER_MEAN,4,8.215232327580452,6.590738475322723,5.878362074494362,8.927608728408813,3.0492466539144516,12.862267303466798,14.173820161819455,15.223062448501585,4.194079339504242,15.48537302017212
FULL8,historical,PS,SUPERSEDED,true_nll,PROMPT,8,9.608554542064667,8.182951927185059,6.204684376716614,10.410489082336426,4.205804705619812,17.005423641204832,18.180806684494016,19.121113119125365,4.60072135925293,19.356189727783203
FULL8,historical,PS,SUPERSEDED,true_nll,REQUEST_CLUSTER_MEAN,4,9.608554542064667,7.199507355690002,6.779718041419983,10.028343856334686,3.2486258149147034,14.61758019924164,16.147325646877285,17.371122004985807,6.358132362365723,17.67707109451294
FULL8,historical,PS,SUPERSEDED,desired_margin,PROMPT,8,1.3933222144842148,1.2543784379959106,-0.46668195724487305,2.3080804347991943,2.7747623920440674,4.658440005779266,5.781678205728529,6.680268765687941,-2.6126623153686523,6.904916405677795
FULL8,historical,PS,SUPERSEDED,desired_margin,REQUEST_CLUSTER_MEAN,4,1.3933222144842148,1.3360775113105774,0.2644539773464203,2.464945748448372,2.2004917711019516,2.956791561841965,3.1207401663064953,3.25189904987812,-0.38355493545532227,3.2846887707710266
FULL8,historical,NS,ALL,new_nll,PROMPT,1280,8.027388316716406,7.95292329788208,5.2072426080703735,10.819255113601685,5.612012505531311,13.464871120452884,15.249119472503661,18.367210826873794,0.0005469018360599875,21.328203201293945
FULL8,historical,NS,ALL,new_nll,REQUEST_CLUSTER_MEAN,128,8.027388316716406,7.91074925661087,5.705524963140488,10.05959848165512,4.354073518514633,11.880848655700683,13.49501229524612,15.3294487028122,1.2770122395828367,19.37768688201904
FULL8,historical,NS,ALL,true_nll,PROMPT,1280,5.869963908365025,5.5283167362213135,3.203236401081085,8.364797353744507,5.161560952663422,10.794250202178956,12.227371168136596,14.089739036560077,0.0054043857380747795,18.944732666015625
FULL8,historical,NS,ALL,true_nll,REQUEST_CLUSTER_MEAN,128,5.869963908365025,5.760207426548004,3.899828590452671,7.605739742517471,3.7059111520648003,9.059630966186525,9.412305595874788,10.767683716773988,1.5344153948128223,11.488125324249268
FULL8,historical,NS,ALL,desired_margin,PROMPT,1280,2.1574244083513805,2.1223350018262863,-0.6987884342670441,4.93506395816803,5.633852392435074,8.13145492076874,10.460361099243162,14.461211673617367,-13.360674062510952,16.60105788707733
FULL8,historical,NS,ALL,desired_margin,REQUEST_CLUSTER_MEAN,128,2.1574244083513805,1.8514910422265531,-0.04619080545380712,4.833451275154948,4.879642080608755,6.418608803451061,7.6968189617013545,11.966100080937153,-7.9244305660948156,14.417475938796997
FULL8,historical,NS,ACTIVE_TARGET,new_nll,PROMPT,1240,7.93398323957705,7.92194128036499,5.125059485435486,10.755019664764404,5.6299601793289185,13.28171539306641,14.894200468063355,17.01773242950439,0.0005469018360599875,20.868465423583984
FULL8,historical,NS,ACTIVE_TARGET,new_nll,REQUEST_CLUSTER_MEAN,124,7.933983239577051,7.878463196754455,5.629951534420252,10.05959848165512,4.429646947234868,11.837898120880126,13.116432912349698,14.271252769470214,1.2770122395828367,15.708732223510742
FULL8,historical,NS,ACTIVE_TARGET,true_nll,PROMPT,1240,5.8084281480908695,5.491623401641846,3.1339322328567505,8.326274394989014,5.192342162132263,10.751770210266118,12.227371168136596,13.902180585861187,0.0054043857380747795,18.944732666015625
FULL8,historical,NS,ACTIVE_TARGET,true_nll,REQUEST_CLUSTER_MEAN,124,5.8084281480908695,5.713170653581619,3.870942214131355,7.545969766378402,3.675027552247047,9.041322276294233,9.412912485599518,10.772616986274718,1.5344153948128223,11.488125324249268
FULL8,historical,NS,ACTIVE_TARGET,desired_margin,PROMPT,1240,2.125555091486181,2.175663471221924,-0.6488398313522339,4.93506395816803,5.583903789520264,7.9565683364868205,10.149388982355593,13.062607357203957,-13.360674062510952,16.60105788707733
FULL8,historical,NS,ACTIVE_TARGET,desired_margin,REQUEST_CLUSTER_MEAN,124,2.1255550914861807,1.9107571814209223,-0.04619080545380712,4.833451275154948,4.879642080608755,6.370814502239227,7.595124131464399,10.414082320690145,-7.9244305660948156,12.317262551188469
FULL8,historical,NS,SUPERSEDED,new_nll,PROMPT,40,10.922945708036423,9.0413498878479,7.0673511028289795,16.093186855316162,9.025835752487183,19.376855278015135,19.955175113677978,20.955650577545164,2.082810878753662,21.328203201293945
FULL8,historical,NS,SUPERSEDED,new_nll,REQUEST_CLUSTER_MEAN,4,10.922945708036423,8.934099268913268,8.135478752851487,11.721566224098206,3.586087471246719,16.31523861885071,17.84646275043487,19.071442055702207,6.44589741230011,19.37768688201904
FULL8,historical,NS,SUPERSEDED,true_nll,PROMPT,40,7.777572476863861,7.2085347175598145,5.41567075252533,10.310808897018433,4.895138144493103,11.275896072387697,12.1349663734436,14.973962831497191,2.904768943786621,15.844139099121094
FULL8,historical,NS,SUPERSEDED,true_nll,REQUEST_CLUSTER_MEAN,4,7.777572476863861,8.437849736213684,7.372390389442444,8.843031823635101,1.4706414341926575,9.10184042453766,9.188109958171845,9.257125585079192,4.960210943222046,9.27437949180603
FULL8,historical,NS,SUPERSEDED,desired_margin,PROMPT,40,3.1453732311725617,1.0849103927612305,-1.8731579780578613,6.533283829689026,8.406441807746887,14.657903337478638,14.966130781173703,16.054697532653808,-8.711049556732178,16.09913682937622
FULL8,historical,NS,SUPERSEDED,desired_margin,REQUEST_CLUSTER_MEAN,4,3.1453732311725617,0.49624953269958494,-0.7075530707836153,4.349175834655762,5.056728905439377,10.390155897140506,12.403815917968744,14.014743934631344,-2.8284820795059202,14.417475938796997
RES8,current,RS,ALL,new_nll,PROMPT,100,0.011580593005564879,0.005233154632151127,0.0012839515984524041,0.014319644076749682,0.013035692478297278,0.030985238216817382,0.03708783201873301,0.0760434609651566,1.2397689715726301e-05,0.08507218956947327
RES8,current,RS,ALL,new_nll,REQUEST_CLUSTER_MEAN,100,0.011580593005564879,0.005233154632151127,0.0012839515984524041,0.014319644076749682,0.013035692478297278,0.030985238216817382,0.03708783201873301,0.0760434609651566,1.2397689715726301e-05,0.08507218956947327
RES8,current,RS,ALL,true_nll,PROMPT,100,13.25048816204071,12.948678016662598,10.369277238845825,15.962569236755371,5.593291997909546,18.808694458007814,19.901788997650147,21.076171741485595,4.255069255828857,21.27801513671875
RES8,current,RS,ALL,true_nll,REQUEST_CLUSTER_MEAN,100,13.25048816204071,12.948678016662598,10.369277238845825,15.962569236755371,5.593291997909546,18.808694458007814,19.901788997650147,21.076171741485595,4.255069255828857,21.27801513671875
RES8,current,RS,ALL,desired_margin,PROMPT,100,13.238907569035145,12.93605319827293,10.350630838889629,15.957943506306037,5.607312667416409,18.807899259246188,19.900101085023923,21.075113879436394,4.250528883654624,21.274367318022996
RES8,current,RS,ALL,desired_margin,REQUEST_CLUSTER_MEAN,100,13.238907569035145,12.93605319827293,10.350630838889629,15.957943506306037,5.607312667416409,18.807899259246188,19.900101085023923,21.075113879436394,4.250528883654624,21.274367318022996
RES8,current,PS,ALL,new_nll,PROMPT,200,1.3514726489626627,0.25397543609142303,0.04634756129235029,1.8587380945682526,1.8123905332759023,4.4665271759033205,6.233568692207335,8.385672121047968,5.23315102327615e-05,9.922391891479492
RES8,current,PS,ALL,new_nll,REQUEST_CLUSTER_MEAN,100,1.3514726489626627,0.5240119653753936,0.11274409713223577,2.1571774259209633,2.0444333287887275,3.8678116194903853,4.732932579517364,6.288774832487118,0.00011347893450874835,8.71473479270935
RES8,current,PS,ALL,true_nll,PROMPT,200,10.192449815273285,10.120477199554443,7.5992714166641235,12.699682712554932,5.100411295890808,14.914697551727294,16.09116840362548,19.5801229095459,2.0258448123931885,22.47995376586914
RES8,current,PS,ALL,true_nll,REQUEST_CLUSTER_MEAN,100,10.192449815273285,10.254299402236938,7.9294819831848145,12.35230278968811,4.422820806503296,14.96337170600891,15.490803813934326,19.6134889125824,2.0324838161468506,20.31807518005371
RES8,current,PS,ALL,desired_margin,PROMPT,200,8.840977166310623,8.468670943751931,5.312018506228924,11.883428967557847,6.571410461328924,14.87442932408303,16.04555656947195,19.57654890684411,-1.4669828414916992,22.479901434358908
RES8,current,PS,ALL,desired_margin,REQUEST_CLUSTER_MEAN,100,8.840977166310623,8.322133448673412,5.71184500772506,10.98929462581873,5.277449618093669,14.893430282454938,15.479058087254815,19.606824330020903,0.7979573905467987,20.317961701119202
RES8,current,NS,ALL,new_nll,PROMPT,1000,8.469381428731605,8.473042011260986,5.584129333496094,11.434752941131592,5.850623607635498,13.879580307006837,15.371740198135376,17.510819301605224,0.018592720851302147,21.385730743408203
RES8,current,NS,ALL,new_nll,REQUEST_CLUSTER_MEAN,100,8.469381428731605,9.022634315490723,6.036520505137742,10.809811890125275,4.773291384987533,12.342550792694093,13.174694976806641,15.354281839370731,1.7664684792980552,15.984865093231202
RES8,current,NS,ALL,true_nll,PROMPT,1000,5.968197553480976,5.491685628890991,3.192858397960663,8.373840093612671,5.180981695652008,10.951379489898683,12.482838773727417,15.753422536849975,0.013975261710584164,21.241270065307617
RES8,current,NS,ALL,true_nll,REQUEST_CLUSTER_MEAN,100,5.968197553480975,5.8676148250699045,3.7776792488992212,7.397821265459061,3.62014201655984,9.149351224899293,10.236837383508682,11.999116296768204,2.0132098242640497,14.860737800598145
RES8,current,NS,ALL,desired_margin,PROMPT,1000,2.50118387525063,2.7181689739227295,-0.5629937648773193,6.0418068170547485,6.604800581932068,8.757226181030276,10.238507866859432,14.034879137277603,-15.597879368811846,17.06515285372734
RES8,current,NS,ALL,desired_margin,REQUEST_CLUSTER_MEAN,100,2.5011838752506304,3.031070017814636,0.278036402631551,5.055784368515015,4.777747965883464,7.375516032278544,8.713582602143287,9.666719651445748,-7.390264993906021,10.061708331108093
RES8,historical,RS,ALL,new_nll,PROMPT,128,0.2361971290655447,0.002436111564747989,0.0009677791385911405,0.007966981967911124,0.006999202829319984,0.11107514202594741,0.5319804757833473,6.6109216403961435,8.463501580990851e-05,13.912384033203125
RES8,historical,RS,ALL,new_nll,REQUEST_CLUSTER_MEAN,128,0.2361971290655447,0.002436111564747989,0.0009677791385911405,0.007966981967911124,0.006999202829319984,0.11107514202594741,0.5319804757833473,6.6109216403961435,8.463501580990851e-05,13.912384033203125
RES8,historical,RS,ALL,true_nll,PROMPT,128,12.850654508918524,12.309191703796387,9.999860763549805,15.677550077438354,5.67768931388855,17.52187576293945,18.748093891143792,22.359246578216553,4.321012496948242,23.618730545043945
RES8,historical,RS,ALL,true_nll,REQUEST_CLUSTER_MEAN,128,12.850654508918524,12.309191703796387,9.999860763549805,15.677550077438354,5.67768931388855,17.52187576293945,18.748093891143792,22.359246578216553,4.321012496948242,23.618730545043945
RES8,historical,RS,ALL,desired_margin,PROMPT,128,12.614457379852979,12.252665179723408,9.862153966212645,15.51383671455551,5.651682748342864,17.521728626376717,18.73062760754837,22.358870343605957,2.8428220748901367,23.615577072370797
RES8,historical,RS,ALL,desired_margin,REQUEST_CLUSTER_MEAN,128,12.614457379852979,12.252665179723408,9.862153966212645,15.51383671455551,5.651682748342864,17.521728626376717,18.73062760754837,22.358870343605957,2.8428220748901367,23.615577072370797
RES8,historical,RS,ACTIVE_TARGET,new_nll,PROMPT,124,0.10252547450258018,0.002325689303688705,0.0009485751361353323,0.007097330642864108,0.006148755506728776,0.026245887018740182,0.25185688436031295,1.0507592654228195,8.463501580990851e-05,8.311746597290039
RES8,historical,RS,ACTIVE_TARGET,new_nll,REQUEST_CLUSTER_MEAN,124,0.10252547450258018,0.002325689303688705,0.0009485751361353323,0.007097330642864108,0.006148755506728776,0.026245887018740182,0.25185688436031295,1.0507592654228195,8.463501580990851e-05,8.311746597290039
RES8,historical,RS,ACTIVE_TARGET,true_nll,PROMPT,124,12.95447652955209,12.371837139129639,10.16471242904663,15.677550077438354,5.512837648391724,17.54063186645508,18.87144632339477,22.36264768600464,5.266877174377441,23.618730545043945
RES8,historical,RS,ACTIVE_TARGET,true_nll,REQUEST_CLUSTER_MEAN,124,12.95447652955209,12.371837139129639,10.16471242904663,15.677550077438354,5.512837648391724,17.54063186645508,18.87144632339477,22.36264768600464,5.266877174377441,23.618730545043945
RES8,historical,RS,ACTIVE_TARGET,desired_margin,PROMPT,124,12.85195105504951,12.365175005514175,9.997840151103446,15.674729803111404,5.676889652007958,17.54040139449644,18.863661261805095,22.362304992098217,2.8428220748901367,23.615577072370797
RES8,historical,RS,ACTIVE_TARGET,desired_margin,REQUEST_CLUSTER_MEAN,124,12.85195105504951,12.365175005514175,9.997840151103446,15.674729803111404,5.676889652007958,17.54040139449644,18.863661261805095,22.362304992098217,2.8428220748901367,23.615577072370797
RES8,historical,RS,SUPERSEDED,new_nll,PROMPT,4,4.380018420517445,1.6278156638145447,1.020441897213459,4.98739218711853,3.9669502899050713,10.342387294769289,12.127385663986201,13.555384359359739,0.3520583212375641,13.912384033203125
RES8,historical,RS,SUPERSEDED,new_nll,REQUEST_CLUSTER_MEAN,4,4.380018420517445,1.6278156638145447,1.020441897213459,4.98739218711853,3.9669502899050713,10.342387294769289,12.127385663986201,13.555384359359739,0.3520583212375641,13.912384033203125
RES8,historical,RS,SUPERSEDED,true_nll,PROMPT,4,9.632171869277954,8.703488826751709,7.255942106246948,11.079718589782715,3.8237764835357666,14.512305831909181,15.656501579284665,16.571858177185057,4.321012496948242,16.800697326660156
RES8,historical,RS,SUPERSEDED,true_nll,REQUEST_CLUSTER_MEAN,4,9.632171869277954,8.703488826751709,7.255942106246948,11.079718589782715,3.8237764835357666,14.512305831909181,15.656501579284665,16.571858177185057,4.321012496948242,16.800697326660156
RES8,historical,RS,SUPERSEDED,desired_margin,PROMPT,4,5.2521534487605095,5.119053423404694,3.0304103791713715,7.340796492993832,4.31038611382246,7.665634790062905,7.773914222419261,7.860537768304348,2.8883132934570312,7.8821936547756195
RES8,historical,RS,SUPERSEDED,desired_margin,REQUEST_CLUSTER_MEAN,4,5.2521534487605095,5.119053423404694,3.0304103791713715,7.340796492993832,4.31038611382246,7.665634790062905,7.773914222419261,7.860537768304348,2.8883132934570312,7.8821936547756195
RES8,historical,PS,ALL,new_nll,PROMPT,256,1.5196316029636137,0.241280697286129,0.040103656239807606,1.7556816339492798,1.7155779777094722,4.310168743133545,6.841895699501038,12.36971497535704,0.0004094000905752182,15.62861442565918
RES8,historical,PS,ALL,new_nll,REQUEST_CLUSTER_MEAN,128,1.5196316029636137,0.6850570403039455,0.11111324629746377,2.1285194088704884,2.0174061625730246,3.725699502602219,5.618650341033934,9.830346612930303,0.0032388531835749745,15.487003326416016
RES8,historical,PS,ALL,true_nll,PROMPT,256,9.714068042114377,9.189818859100342,6.913331151008606,12.072192430496216,5.15886127948761,14.106215476989746,15.957074165344238,20.18102464675903,2.6824886798858643,21.598234176635742
RES8,historical,PS,ALL,true_nll,REQUEST_CLUSTER_MEAN,128,9.714068042114377,9.029551029205322,7.3230226039886475,12.158403277397156,4.835380673408508,13.887393569946289,14.358028960227966,19.840778770446782,3.8086061477661133,20.205309867858887
RES8,historical,PS,ALL,desired_margin,PROMPT,256,8.194436439150763,7.898900017142296,5.274171318858862,11.042256828863174,5.768085510004312,13.730486182961613,15.714795787702315,20.076065116901006,-4.780649662017822,21.59279350982979
RES8,historical,PS,ALL,desired_margin,REQUEST_CLUSTER_MEAN,128,8.194436439150763,7.827942474745214,5.8795329460990615,10.77320765319746,4.893674707098398,12.898002928053028,14.165890701941677,19.662489165783775,-1.080456018447876,20.118460420984775
RES8,historical,PS,ACTIVE_TARGET,new_nll,PROMPT,248,1.30192689229807,0.2031182497739792,0.0373840918764472,1.5303094387054443,1.4929253468289971,4.139456319808961,5.676325011253352,11.071415262222292,0.0004094000905752182,13.14750862121582
RES8,historical,PS,ACTIVE_TARGET,new_nll,REQUEST_CLUSTER_MEAN,124,1.30192689229807,0.6095773112028837,0.10366509016603231,2.0404663739027455,1.9368012837367132,3.2081928968429567,4.531861089915036,8.738224272727962,0.0032388531835749745,10.124907493591309
RES8,historical,PS,ACTIVE_TARGET,true_nll,PROMPT,248,9.717820896256354,9.248673915863037,6.982913255691528,12.072192430496216,5.0892791748046875,14.099252033233643,15.94890809059143,20.187355365753174,2.6824886798858643,21.598234176635742
RES8,historical,PS,ACTIVE_TARGET,true_nll,REQUEST_CLUSTER_MEAN,124,9.717820896256354,9.162524938583374,7.397990703582764,12.158403277397156,4.760412573814392,13.776575565338135,14.275843977928162,19.88276821136474,3.8086061477661133,20.205309867858887
RES8,historical,PS,ACTIVE_TARGET,desired_margin,PROMPT,248,8.415894003958284,8.063412431627512,5.506283514201641,11.187920558732003,5.681637044530362,13.90153441047296,15.79523067984264,20.08608293682948,-4.780649662017822,21.59279350982979
RES8,historical,PS,ACTIVE_TARGET,desired_margin,REQUEST_CLUSTER_MEAN,124,8.415894003958284,7.93258237070404,6.0734058518428355,10.802487604902126,4.72908175305929,13.022137847566047,14.218568299186881,19.698043695091762,-1.080456018447876,20.118460420984775
RES8,historical,PS,SUPERSEDED,new_nll,PROMPT,8,8.268477633595467,8.02680492401123,3.3752641677856445,12.04491114616394,8.669646978378296,15.43035888671875,15.529486656188965,15.608788871765137,1.7554560899734497,15.62861442565918
RES8,historical,PS,SUPERSEDED,new_nll,REQUEST_CLUSTER_MEAN,4,8.268477633595467,6.63974392414093,5.852388605475426,9.055832952260971,3.2034443467855453,12.914535176754,14.200769251585005,15.229756511449812,4.3074193596839905,15.487003326416016
RES8,historical,PS,SUPERSEDED,true_nll,PROMPT,8,9.597729563713074,8.1583571434021,6.246864318847656,10.448558330535889,4.201694011688232,16.933531475067138,18.144072866439817,19.112505979537964,4.520641326904297,19.3546142578125
RES8,historical,PS,SUPERSEDED,true_nll,REQUEST_CLUSTER_MEAN,4,9.597729563713074,7.180597543716431,6.711042761802673,10.067284345626831,3.3562415838241577,14.602075386047364,16.113672399520873,17.322950010299678,6.404453754425049,17.625269412994385
RES8,historical,PS,SUPERSEDED,desired_margin,PROMPT,8,1.3292519301176071,1.0958527326583862,-0.5886249542236328,2.4746254086494446,3.0632503628730774,4.671393930912017,5.774353712797163,6.656721538305282,-2.656484603881836,6.877313494682312
RES8,historical,PS,SUPERSEDED,desired_margin,REQUEST_CLUSTER_MEAN,4,1.3292519301176071,1.2920634150505066,0.20748162269592285,2.413833722472191,2.206352099776268,2.90985546708107,3.0751960486173626,3.207468513846397,-0.5076557397842407,3.240536630153656
RES8,historical,NS,ALL,new_nll,PROMPT,1280,8.027796090065886,7.931741714477539,5.2038668394088745,10.7788245677948,5.574957728385925,13.455115985870364,15.107575893402098,18.379946594238287,0.000633992429357022,21.17835235595703
RES8,historical,NS,ALL,new_nll,REQUEST_CLUSTER_MEAN,128,8.027796090065886,7.910318887233734,5.699783754348755,10.031514835357665,4.33173108100891,11.87750053882599,13.51610443115234,15.347294106483465,1.3770009510219097,19.26046962738037
RES8,historical,NS,ALL,true_nll,PROMPT,1280,5.861854149317514,5.496659755706787,3.1706531047821045,8.373557329177856,5.202904224395752,10.748855590820314,12.195573711395264,14.051237268447899,0.005657612346112728,18.986038208007812
RES8,historical,NS,ALL,true_nll,REQUEST_CLUSTER_MEAN,128,5.861854149317514,5.72615173459053,3.9264723941683766,7.55512889623642,3.6286565020680435,8.981777073144913,9.38057673215866,10.7269126868248,1.4852961428463458,11.501205205917358
RES8,historical,NS,ALL,desired_margin,PROMPT,1280,2.165941940748371,2.1144614219665527,-0.6701138019561768,4.9435915350914,5.613705337047577,8.096022862195971,10.450458457693458,14.295355734825138,-13.46652626246214,16.63722538948059
RES8,historical,NS,ALL,desired_margin,REQUEST_CLUSTER_MEAN,128,2.165941940748371,1.899386976659298,-0.08201621007174253,4.8768283821642395,4.958844592235982,6.429637629985809,7.7544415143458165,12.009061785854405,-7.795974331535399,14.271160817146301
RES8,historical,NS,ACTIVE_TARGET,new_nll,PROMPT,1240,7.9358148746407915,7.917285203933716,5.064786672592163,10.743669509887695,5.678882837295532,13.277367877960208,14.93134365081787,17.10283311843871,0.000633992429357022,20.9124755859375
RES8,historical,NS,ACTIVE_TARGET,new_nll,REQUEST_CLUSTER_MEAN,124,7.9358148746407915,7.893155503273011,5.624650257825851,10.031514835357665,4.406864577531814,11.855657458305359,13.143985271453854,14.278262598037719,1.3770009510219097,15.739032363891601
RES8,historical,NS,ACTIVE_TARGET,true_nll,PROMPT,1240,5.800275907314743,5.429981708526611,3.1300275921821594,8.316272258758545,5.1862446665763855,10.741571426391602,12.195573711395264,13.90825461387634,0.005657612346112728,18.986038208007812
RES8,historical,NS,ACTIVE_TARGET,true_nll,REQUEST_CLUSTER_MEAN,124,5.800275907314743,5.699912816286087,3.8824221953749656,7.478723311424256,3.59630111604929,8.97670858860016,9.393763253688812,10.73156836271286,1.4852961428463458,11.501205205917358
RES8,historical,NS,ACTIVE_TARGET,desired_margin,PROMPT,1240,2.1355389673260485,2.1348753571510315,-0.6246387660503387,4.9435915350914,5.568230301141739,7.992180633544923,10.140180599689483,13.186954461336136,-13.46652626246214,16.63722538948059
RES8,historical,NS,ACTIVE_TARGET,desired_margin,REQUEST_CLUSTER_MEAN,124,2.1355389673260485,1.9538927793502807,-0.08201621007174253,4.8768283821642395,4.958844592235982,6.356199369430542,7.682877545622175,10.455566349387158,-7.795974331535399,12.353877363353968
RES8,historical,NS,SUPERSEDED,new_nll,PROMPT,40,10.87921376824379,8.968414783477783,7.011738061904907,16.274003267288208,9.2622652053833,19.359098815917967,19.76924819946289,20.76459030151367,2.1857967376708984,21.17835235595703
RES8,historical,NS,SUPERSEDED,new_nll,REQUEST_CLUSTER_MEAN,4,10.87921376824379,8.94482605457306,8.122436386346818,11.701603436470032,3.579167050123214,16.236923151016235,17.7486963891983,18.958114979743954,6.36673333644867,19.26046962738037
RES8,historical,NS,SUPERSEDED,true_nll,PROMPT,40,7.770779651403427,7.295823335647583,5.4637815952301025,10.303447246551514,4.839665651321411,11.246604728698731,11.916552209854121,15.129995260238646,2.784116506576538,16.25688934326172
RES8,historical,NS,SUPERSEDED,true_nll,REQUEST_CLUSTER_MEAN,4,7.770779651403427,8.395896983146667,7.334920263290405,8.83175637125969,1.4968361079692851,9.113912045955658,9.207963937520981,9.28320545077324,4.9893088102340695,9.302015829086304
RES8,historical,NS,SUPERSEDED,desired_margin,PROMPT,40,3.1084341168403626,1.3063898086547852,-1.9007370471954346,6.393094301223755,8.29383134841919,14.42073359489441,14.864583158493039,15.831126329898835,-8.851949691772461,15.872346639633179
RES8,historical,NS,SUPERSEDED,desired_margin,REQUEST_CLUSTER_MEAN,4,3.1084341168403626,0.5489290714263916,-0.7093199849128724,4.366683173179626,5.076003158092499,10.309369759559633,12.29026528835296,13.874981711387631,-2.935282492637634,14.271160817146301
REFIT4,current,RS,ALL,new_nll,PROMPT,100,0.013840942334300053,0.005464315181598067,0.0015878545527812093,0.01423772843554616,0.01264987388276495,0.029358677379786976,0.03644207529723641,0.08016618020832644,2.7179348762729205e-05,0.28385764360427856
REFIT4,current,RS,ALL,new_nll,REQUEST_CLUSTER_MEAN,100,0.013840942334300053,0.005464315181598067,0.0015878545527812093,0.01423772843554616,0.01264987388276495,0.029358677379786976,0.03644207529723641,0.08016618020832644,2.7179348762729205e-05,0.28385764360427856
REFIT4,current,RS,ALL,true_nll,PROMPT,100,13.176105818748475,12.906182765960693,10.163681983947754,15.923287630081177,5.759605646133423,18.666104316711426,19.969367885589598,21.155979022979736,4.303812503814697,21.38331413269043
REFIT4,current,RS,ALL,true_nll,REQUEST_CLUSTER_MEAN,100,13.176105818748475,12.906182765960693,10.163681983947754,15.923287630081177,5.759605646133423,18.666104316711426,19.969367885589598,21.155979022979736,4.303812503814697,21.38331413269043
REFIT4,current,RS,ALL,desired_margin,PROMPT,100,13.162264876414174,12.886964458972216,10.129415669100126,15.917708294815384,5.788292625715258,18.664334711973787,19.96735761516611,21.15500230153848,4.299395080190152,21.38019940070808
REFIT4,current,RS,ALL,desired_margin,REQUEST_CLUSTER_MEAN,100,13.162264876414174,12.886964458972216,10.129415669100126,15.917708294815384,5.788292625715258,18.664334711973787,19.96735761516611,21.15500230153848,4.299395080190152,21.38019940070808
REFIT4,current,PS,ALL,new_nll,PROMPT,200,1.3314119159366238,0.27031056582927704,0.05506106652319431,1.7424946129322052,1.6874335464090109,4.284719133377075,6.111426186561583,8.328020915985102,0.00034707720624282956,9.724790573120117
REFIT4,current,PS,ALL,new_nll,REQUEST_CLUSTER_MEAN,100,1.3314119159366238,0.5077131716534495,0.12058094330132008,1.978904198971577,1.858323255670257,3.8682254098355773,4.587228280305861,6.215043745040905,0.002317142701940611,8.519042491912842
REFIT4,current,PS,ALL,true_nll,PROMPT,200,10.085192205905914,10.012608051300049,7.413543701171875,12.565572023391724,5.152028322219849,14.692932033538817,15.828334569931025,19.47530860900879,1.9671697616577148,19.944467544555664
REFIT4,current,PS,ALL,true_nll,REQUEST_CLUSTER_MEAN,100,10.085192205905914,10.241360664367676,7.820373058319092,12.318352103233337,4.497979044914246,15.119017934799194,15.401774024963379,16.780323615074174,2.087683320045471,19.709710121154785
REFIT4,current,PS,ALL,desired_margin,PROMPT,200,8.75378028996929,8.476866245269775,5.370551824569702,11.743984781205654,6.373432956635952,14.55260743596591,15.824374060542318,19.465988365963568,-1.0602717399597168,19.941284007392824
REFIT4,current,PS,ALL,desired_margin,REQUEST_CLUSTER_MEAN,100,8.75378028996929,8.390294659882784,5.546570969745517,11.103706596972188,5.557135627226671,15.013402877841145,15.351423843298106,16.770748636455988,0.7934098541736603,19.703428962733597
REFIT4,current,NS,ALL,new_nll,PROMPT,1000,8.475828631661832,8.579268455505371,5.522135019302368,11.509747743606567,5.987612724304199,13.824235630035401,15.418411302566527,17.459931354522706,0.018964402377605438,21.41968536376953
REFIT4,current,NS,ALL,new_nll,REQUEST_CLUSTER_MEAN,100,8.475828631661832,9.076681971549988,6.14364804700017,10.808179962635041,4.664531915634871,12.363455858230592,13.238508224487305,15.231056343078617,1.8003317594528199,15.93683090209961
REFIT4,current,NS,ALL,true_nll,PROMPT,1000,5.948565918871202,5.432502508163452,3.2335188388824463,8.367514371871948,5.133995532989502,10.884672737121583,12.478566455841063,15.695514354705809,0.01407917495816946,21.188358306884766
REFIT4,current,NS,ALL,true_nll,REQUEST_CLUSTER_MEAN,100,5.948565918871202,5.838070413470268,3.765484969317913,7.348887699842454,3.583402730524541,9.09532871723175,10.271414965391159,11.97300994586946,1.8867060178890824,14.847189140319824
REFIT4,current,NS,ALL,desired_margin,PROMPT,1000,2.527262712790631,2.760293960571289,-0.6794497966766357,6.094581246376038,6.774031043052673,8.781693840026858,10.296103230118751,13.887917635440825,-13.75050774216652,16.925367385149002
REFIT4,current,NS,ALL,desired_margin,REQUEST_CLUSTER_MEAN,100,2.527262712790631,2.948647890239954,0.3070942487567663,5.054921638965607,4.74782739020884,7.513127335011964,8.723061592280866,9.67052004271746,-7.375223362445832,10.173323392868042
REFIT4,historical,RS,ALL,new_nll,PROMPT,128,0.23343521848823912,0.002390386420302093,0.000982993296929635,0.007907586288638413,0.006924592991708778,0.09885157942771892,0.557917968928813,6.589749028682734,8.725739462533966e-05,13.879898071289062
REFIT4,historical,RS,ALL,new_nll,REQUEST_CLUSTER_MEAN,128,0.23343521848823912,0.002390386420302093,0.000982993296929635,0.007907586288638413,0.006924592991708778,0.09885157942771892,0.557917968928813,6.589749028682734,8.725739462533966e-05,13.879898071289062
REFIT4,historical,RS,ALL,true_nll,PROMPT,128,12.833272632211447,12.206848621368408,9.953116416931152,15.725619077682495,5.772502660751343,17.554430198669433,18.73500747680664,22.431431941986084,4.279806613922119,23.482107162475586
REFIT4,historical,RS,ALL,true_nll,REQUEST_CLUSTER_MEAN,128,12.833272632211447,12.206848621368408,9.953116416931152,15.725619077682495,5.772502660751343,17.554430198669433,18.73500747680664,22.431431941986084,4.279806613922119,23.482107162475586
REFIT4,historical,RS,ALL,desired_margin,PROMPT,128,12.599837413723208,12.179327415244188,9.780776089522988,15.553308700502384,5.772532610979397,17.553775722059072,18.683460950638977,22.430718521114322,2.791841506958008,23.478588817175478
REFIT4,historical,RS,ALL,desired_margin,REQUEST_CLUSTER_MEAN,128,12.599837413723208,12.179327415244188,9.780776089522988,15.553308700502384,5.772532610979397,17.553775722059072,18.683460950638977,22.430718521114322,2.791841506958008,23.478588817175478
REFIT4,historical,RS,ACTIVE_TARGET,new_nll,PROMPT,124,0.10104905360687201,0.0023333000717684627,0.0009616754978196695,0.006885550683364272,0.005923875185544603,0.02500179018825293,0.23258485719561534,0.9619361746311176,8.725739462533966e-05,8.309218406677246
REFIT4,historical,RS,ACTIVE_TARGET,new_nll,REQUEST_CLUSTER_MEAN,124,0.10104905360687201,0.0023333000717684627,0.0009616754978196695,0.006885550683364272,0.005923875185544603,0.02500179018825293,0.23258485719561534,0.9619361746311176,8.725739462533966e-05,8.309218406677246
REFIT4,historical,RS,ACTIVE_TARGET,true_nll,PROMPT,124,12.933764334647886,12.260427951812744,10.187721490859985,15.725619077682495,5.53789758682251,17.576782035827637,18.783783721923825,22.43349058151245,5.262665748596191,23.482107162475586
REFIT4,historical,RS,ACTIVE_TARGET,true_nll,REQUEST_CLUSTER_MEAN,124,12.933764334647886,12.260427951812744,10.187721490859985,15.725619077682495,5.53789758682251,17.576782035827637,18.783783721923825,22.43349058151245,5.262665748596191,23.482107162475586
REFIT4,historical,RS,ACTIVE_TARGET,desired_margin,PROMPT,124,12.832715281041015,12.253405684838071,9.95138229992881,15.72351240948774,5.77213010955893,17.57563157188997,18.761399310090926,22.43274842788407,2.791841506958008,23.478588817175478
REFIT4,historical,RS,ACTIVE_TARGET,desired_margin,REQUEST_CLUSTER_MEAN,124,12.832715281041015,12.253405684838071,9.95138229992881,15.72351240948774,5.77213010955893,17.57563157188997,18.761399310090926,22.43274842788407,2.791841506958008,23.478588817175478
REFIT4,historical,RS,SUPERSEDED,new_nll,PROMPT,4,4.337406329810619,1.5693191289901733,0.9811409637331963,4.925584495067596,3.9444435313344,10.298172640800479,12.089035356044764,13.5217255282402,0.33108898997306824,13.879898071289062
REFIT4,historical,RS,SUPERSEDED,new_nll,REQUEST_CLUSTER_MEAN,4,4.337406329810619,1.5693191289901733,0.9811409637331963,4.925584495067596,3.9444435313344,10.298172640800479,12.089035356044764,13.5217255282402,0.33108898997306824,13.879898071289062
REFIT4,historical,RS,SUPERSEDED,true_nll,PROMPT,4,9.718029856681824,8.906877040863037,7.382919669151306,11.241987228393555,3.8590675592422485,14.563930130004884,15.67124443054199,16.55709587097168,4.279806613922119,16.7785587310791
REFIT4,historical,RS,SUPERSEDED,true_nll,REQUEST_CLUSTER_MEAN,4,9.718029856681824,8.906877040863037,7.382919669151306,11.241987228393555,3.8590675592422485,14.563930130004884,15.67124443054199,16.55709587097168,4.279806613922119,16.7785587310791
REFIT4,historical,RS,SUPERSEDED,desired_margin,PROMPT,4,5.380623526871204,5.268815875053406,3.03615140914917,7.61328799277544,4.57713658362627,7.897036215662956,7.991618956625461,8.067285149395465,2.898660659790039,8.086201697587967
REFIT4,historical,RS,SUPERSEDED,desired_margin,REQUEST_CLUSTER_MEAN,4,5.380623526871204,5.268815875053406,3.03615140914917,7.61328799277544,4.57713658362627,7.897036215662956,7.991618956625461,8.067285149395465,2.898660659790039,8.086201697587967
REFIT4,historical,PS,ALL,new_nll,PROMPT,256,1.5134958123103388,0.2501290664076805,0.04375999700278044,1.7141000926494598,1.6703400956466794,4.367841720581055,6.623252749443054,12.338902950286851,0.00038425691309385,15.763310432434082
REFIT4,historical,PS,ALL,new_nll,REQUEST_CLUSTER_MEAN,128,1.5134958123103388,0.6740990383550525,0.1048592901788652,2.097770665830467,1.9929113756516017,3.726196854189037,5.653738093376158,9.734803321361547,0.0029211271321401,15.589749336242676
REFIT4,historical,PS,ALL,true_nll,PROMPT,256,9.723211362026632,9.225995540618896,7.045782089233398,12.014045238494873,4.968263149261475,14.090104103088379,15.891658306121826,20.290623569488524,2.773115873336792,21.457416534423828
REFIT4,historical,PS,ALL,true_nll,REQUEST_CLUSTER_MEAN,128,9.723211362026632,9.079972624778748,7.370812177658081,12.194985032081604,4.824172854423523,13.806839561462402,14.241738629341125,19.89647944450379,3.8352845907211304,20.29599094390869
REFIT4,historical,PS,ALL,desired_margin,PROMPT,256,8.209715549716293,7.862814962863922,5.212013594806194,10.947139291092753,5.735125696286559,13.768996123690158,15.675093968166038,20.211021930071,-4.5200114250183105,21.45102450111881
REFIT4,historical,PS,ALL,desired_margin,REQUEST_CLUSTER_MEAN,128,8.209715549716293,7.951843963586725,5.958013622381259,10.769980146549642,4.811966524168383,12.840946258651092,13.901173671428111,19.739408228858235,-0.7057228088378906,20.24251393112354
REFIT4,historical,PS,ACTIVE_TARGET,new_nll,PROMPT,248,1.2967095674300049,0.19377899169921875,0.040667793713510036,1.6509328484535217,1.6102650547400117,4.177985000610351,5.654519629478453,10.84734082221985,0.00038425691309385,12.995723724365234
REFIT4,historical,PS,ACTIVE_TARGET,new_nll,REQUEST_CLUSTER_MEAN,124,1.2967095674300049,0.630647225305438,0.09445503354072571,1.9740060605108738,1.879551026970148,3.195110487937927,4.569641210138796,8.625943748950954,0.0029211271321401,10.070205211639404
REFIT4,historical,PS,ACTIVE_TARGET,true_nll,PROMPT,248,9.726102981836565,9.276055812835693,7.084898114204407,12.014045238494873,4.929147124290466,14.05408754348755,15.818961429595944,20.29921136856079,2.773115873336792,21.457416534423828
REFIT4,historical,PS,ACTIVE_TARGET,true_nll,REQUEST_CLUSTER_MEAN,124,9.726102981836565,9.156564474105835,7.401690363883972,12.194985032081604,4.793294668197632,13.712186336517334,14.170224714279174,19.94853369712829,3.8352845907211304,20.29599094390869
REFIT4,historical,PS,ACTIVE_TARGET,desired_margin,PROMPT,248,8.42939341440656,8.140244711190462,5.540770649909973,11.048087543342263,5.507316893432289,13.825178768392652,15.700521722016855,20.231121806163284,-4.5200114250183105,21.45102450111881
REFIT4,historical,PS,ACTIVE_TARGET,desired_margin,REQUEST_CLUSTER_MEAN,124,8.42939341440656,8.040151776745915,6.094429034739733,10.842219486832619,4.747790452092886,12.99351446875371,13.948848040122538,19.786381053812068,-0.7057228088378906,20.24251393112354
REFIT4,historical,PS,SUPERSEDED,new_nll,PROMPT,8,8.233869403600693,7.972382068634033,3.365405321121216,12.048282861709595,8.682877540588379,15.520324897766113,15.641817665100097,15.739011878967284,1.616544485092163,15.763310432434082
REFIT4,historical,PS,SUPERSEDED,new_nll,REQUEST_CLUSTER_MEAN,4,8.233869403600693,6.619098663330078,5.89243546128273,8.96053260564804,3.0680971443653107,12.938062644004823,14.263905990123746,15.324580667018887,4.107530951499939,15.589749336242676
REFIT4,historical,PS,SUPERSEDED,true_nll,PROMPT,8,9.633571147918701,8.257482051849365,6.320162892341614,10.44922399520874,4.1290611028671265,16.9637580871582,18.161686706542966,19.12002960205078,4.443106174468994,19.359615325927734
REFIT4,historical,PS,SUPERSEDED,true_nll,REQUEST_CLUSTER_MEAN,4,9.633571147918701,7.268695712089539,6.803945183753967,10.098321676254272,3.294376492500305,14.628301906585694,16.138295316696166,17.346290044784546,6.348604440689087,17.64828872680664
REFIT4,historical,PS,SUPERSEDED,desired_margin,PROMPT,8,1.3997017443180084,1.1939702033996582,-0.31271886825561523,2.415597915649414,2.7283167839050293,4.618443465232849,5.810938465595243,6.764934465885162,-2.6715450286865234,7.003433465957642
REFIT4,historical,PS,SUPERSEDED,desired_margin,REQUEST_CLUSTER_MEAN,4,1.3997017443180084,1.2634305953979492,0.25069403648376465,2.412438303232193,2.1617442667484283,3.049456346035004,3.26179569363594,3.43166717171669,-0.4021892547607422,3.4741350412368774
REFIT4,historical,NS,ALL,new_nll,PROMPT,1280,8.01883160779371,7.883772850036621,5.149771094322205,10.801229000091553,5.651457905769348,13.466263198852543,15.255450916290282,18.114798927307145,0.0004969792207702994,21.0653076171875
REFIT4,historical,NS,ALL,new_nll,REQUEST_CLUSTER_MEAN,128,8.01883160779371,7.860755002498626,5.673065561056137,10.015579426288605,4.342513865232468,11.924144750237465,13.564397432804103,15.404720580101019,1.2756926991045474,19.243685150146483
REFIT4,historical,NS,ALL,true_nll,PROMPT,1280,5.857322878930427,5.549118757247925,3.2051013112068176,8.3254075050354,5.120306193828583,10.828535461425783,12.248902845382688,14.119608144760146,0.005900109186768532,18.93317222595215
REFIT4,historical,NS,ALL,true_nll,REQUEST_CLUSTER_MEAN,128,5.857322878930427,5.724670684337616,3.9020981296896937,7.629100799560547,3.727002669870853,8.965933224409818,9.416302018165588,10.776142966270447,1.4928281761705875,11.41995997428894
REFIT4,historical,NS,ALL,desired_margin,PROMPT,1280,2.161508728863282,2.10677383095026,-0.7118856906890869,4.994276642799377,5.706162333488464,8.05354660749436,10.404675939306616,14.449598270058631,-13.435065634548664,16.726407885551453
REFIT4,historical,NS,ALL,desired_margin,REQUEST_CLUSTER_MEAN,128,2.161508728863282,1.8810185693204402,-0.04603471849113703,4.814983538165689,4.861018256656826,6.36955672621727,7.754142484562469,11.940902907207613,-7.8254877358675,14.306886386871337
REFIT4,historical,NS,ACTIVE_TARGET,new_nll,PROMPT,1240,7.926866650101898,7.867661237716675,5.1103233098983765,10.737337589263916,5.6270142793655396,13.315955162048343,14.918860578536984,16.88548501968383,0.0004969792207702994,20.801362991333008
REFIT4,historical,NS,ACTIVE_TARGET,new_nll,REQUEST_CLUSTER_MEAN,124,7.926866650101897,7.799072527885437,5.618090346455574,10.015579426288605,4.397489079833031,11.9128968334198,13.22107906579971,14.301786057472228,1.2756926991045474,15.792187404632568
REFIT4,historical,NS,ACTIVE_TARGET,true_nll,PROMPT,1240,5.7951663716951565,5.471859693527222,3.137344717979431,8.291268110275269,5.153923392295837,10.770033931732184,12.248902845382688,13.965863609313947,0.005900109186768532,18.93317222595215
REFIT4,historical,NS,ACTIVE_TARGET,true_nll,REQUEST_CLUSTER_MEAN,124,5.7951663716951565,5.674309262633324,3.860799703001976,7.424512422084808,3.563712719082832,8.958481049537658,9.428885312080382,10.77870155620575,1.4928281761705875,11.41995997428894
REFIT4,historical,NS,ACTIVE_TARGET,desired_margin,PROMPT,1240,2.131700278406741,2.135891407728195,-0.6695406436920166,4.994276642799377,5.663817286491394,7.818885445594793,10.112791448831556,13.121642689704888,-13.435065634548664,16.726407885551453
REFIT4,historical,NS,ACTIVE_TARGET,desired_margin,REQUEST_CLUSTER_MEAN,124,2.131700278406741,1.9561784148216246,-0.04603471849113703,4.814983538165689,4.861018256656826,6.288384385593235,7.525245588971302,10.472244300961483,-7.8254877358675,12.253061933815479
REFIT4,historical,NS,SUPERSEDED,new_nll,PROMPT,40,10.869745296239852,8.964703559875488,7.049457669258118,16.238195657730103,9.188737988471985,19.295595359802245,19.843859481811524,20.6844482421875,2.1976253986358643,21.0653076171875
REFIT4,historical,NS,SUPERSEDED,new_nll,REQUEST_CLUSTER_MEAN,4,10.869745296239852,8.946424531936646,8.109537070989608,11.70663275718689,3.5970956861972816,16.228864192962646,17.73627467155456,18.9422030544281,6.342446970939636,19.243685150146483
REFIT4,historical,NS,SUPERSEDED,true_nll,PROMPT,40,7.784174603223801,7.239790916442871,5.417147159576416,10.358190536499023,4.941043376922607,11.299672317504884,11.92358813285827,15.242181615829466,2.849262237548828,16.237140655517578
REFIT4,historical,NS,SUPERSEDED,true_nll,REQUEST_CLUSTER_MEAN,4,7.784174603223801,8.46861251592636,7.426168304681777,8.826618814468384,1.400450509786607,9.088252296447754,9.175463457107544,9.245232385635376,4.936798763275147,9.262674617767335
REFIT4,historical,NS,SUPERSEDED,desired_margin,PROMPT,40,3.0855706930160522,1.1539654731750488,-1.864168643951416,6.374435484409332,8.238604128360748,14.511657619476319,14.902160906791684,15.89069808959961,-8.993211507797241,15.948486804962158
REFIT4,historical,NS,SUPERSEDED,desired_margin,REQUEST_CLUSTER_MEAN,4,3.0855706930160522,0.4778120160102844,-0.7170817434787748,4.280464452505112,4.997546195983887,10.296317613124849,12.301601999998088,13.905829509496686,-2.9202276468276978,14.306886386871337
