arm,batch,cohort,metric,numerator,denominator,rate
BASE_MEMIT,1,1,RS,100,100,1.0
BASE_MEMIT,2,1,RS,100,100,1.0
BASE_MEMIT,2,2,RS,97,100,0.97
BASE_MEMIT,3,1,RS,100,100,1.0
BASE_MEMIT,3,2,RS,98,100,0.98
BASE_MEMIT,3,3,RS,99,100,0.99
BASE_MEMIT,4,1,RS,100,100,1.0
BASE_MEMIT,4,2,RS,98,100,0.98
BASE_MEMIT,4,3,RS,100,100,1.0
BASE_MEMIT,4,4,RS,99,100,0.99
BASE_MEMIT,5,1,RS,99,100,0.99
BASE_MEMIT,5,2,RS,98,100,0.98
BASE_MEMIT,5,3,RS,99,100,0.99
BASE_MEMIT,5,4,RS,99,100,0.99
BASE_MEMIT,5,5,RS,99,100,0.99
BASE_MEMIT,6,1,RS,98,100,0.98
BASE_MEMIT,6,2,RS,98,100,0.98
BASE_MEMIT,6,3,RS,98,100,0.98
BASE_MEMIT,6,4,RS,99,100,0.99
BASE_MEMIT,6,5,RS,100,100,1.0
BASE_MEMIT,6,6,RS,100,100,1.0
BASE_MEMIT,7,1,RS,96,100,0.96
BASE_MEMIT,7,2,RS,97,100,0.97
BASE_MEMIT,7,3,RS,98,100,0.98
BASE_MEMIT,7,4,RS,99,100,0.99
BASE_MEMIT,7,5,RS,100,100,1.0
BASE_MEMIT,7,6,RS,100,100,1.0
BASE_MEMIT,7,7,RS,99,100,0.99
BASE_MEMIT,8,1,RS,96,100,0.96
BASE_MEMIT,8,2,RS,95,100,0.95
BASE_MEMIT,8,3,RS,98,100,0.98
BASE_MEMIT,8,4,RS,99,100,0.99
BASE_MEMIT,8,5,RS,100,100,1.0
BASE_MEMIT,8,6,RS,100,100,1.0
BASE_MEMIT,8,7,RS,99,100,0.99
BASE_MEMIT,8,8,RS,100,100,1.0
BASE_MEMIT,9,1,RS,92,100,0.92
BASE_MEMIT,9,2,RS,93,100,0.93
BASE_MEMIT,9,3,RS,96,100,0.96
BASE_MEMIT,9,4,RS,99,100,0.99
BASE_MEMIT,9,5,RS,100,100,1.0
BASE_MEMIT,9,6,RS,100,100,1.0
BASE_MEMIT,9,7,RS,100,100,1.0
BASE_MEMIT,9,8,RS,99,100,0.99
BASE_MEMIT,9,9,RS,100,100,1.0
BASE_MEMIT,10,1,RS,84,100,0.84
BASE_MEMIT,10,2,RS,90,100,0.9
BASE_MEMIT,10,3,RS,90,100,0.9
BASE_MEMIT,10,4,RS,98,100,0.98
BASE_MEMIT,10,5,RS,93,100,0.93
BASE_MEMIT,10,6,RS,97,100,0.97
BASE_MEMIT,10,7,RS,98,100,0.98
BASE_MEMIT,10,8,RS,99,100,0.99
BASE_MEMIT,10,9,RS,100,100,1.0
BASE_MEMIT,10,10,RS,100,100,1.0
BASE_MEMIT,11,1,RS,75,100,0.75
BASE_MEMIT,11,2,RS,83,100,0.83
BASE_MEMIT,11,3,RS,83,100,0.83
BASE_MEMIT,11,4,RS,91,100,0.91
BASE_MEMIT,11,5,RS,86,100,0.86
BASE_MEMIT,11,6,RS,92,100,0.92
BASE_MEMIT,11,7,RS,93,100,0.93
BASE_MEMIT,11,8,RS,95,100,0.95
BASE_MEMIT,11,9,RS,100,100,1.0
BASE_MEMIT,11,10,RS,100,100,1.0
BASE_MEMIT,11,11,RS,99,100,0.99
BASE_MEMIT,12,1,RS,70,100,0.7
BASE_MEMIT,12,2,RS,69,100,0.69
BASE_MEMIT,12,3,RS,69,100,0.69
BASE_MEMIT,12,4,RS,78,100,0.78
BASE_MEMIT,12,5,RS,77,100,0.77
BASE_MEMIT,12,6,RS,83,100,0.83
BASE_MEMIT,12,7,RS,87,100,0.87
BASE_MEMIT,12,8,RS,80,100,0.8
BASE_MEMIT,12,9,RS,96,100,0.96
BASE_MEMIT,12,10,RS,96,100,0.96
BASE_MEMIT,12,11,RS,99,100,0.99
BASE_MEMIT,12,12,RS,99,100,0.99
BASE_MEMIT,13,1,RS,57,100,0.57
BASE_MEMIT,13,2,RS,57,100,0.57
BASE_MEMIT,13,3,RS,57,100,0.57
BASE_MEMIT,13,4,RS,70,100,0.7
BASE_MEMIT,13,5,RS,68,100,0.68
BASE_MEMIT,13,6,RS,69,100,0.69
BASE_MEMIT,13,7,RS,76,100,0.76
BASE_MEMIT,13,8,RS,70,100,0.7
BASE_MEMIT,13,9,RS,87,100,0.87
BASE_MEMIT,13,10,RS,94,100,0.94
BASE_MEMIT,13,11,RS,96,100,0.96
BASE_MEMIT,13,12,RS,99,100,0.99
BASE_MEMIT,13,13,RS,100,100,1.0
BASE_MEMIT,14,1,RS,46,100,0.46
BASE_MEMIT,14,2,RS,52,100,0.52
BASE_MEMIT,14,3,RS,52,100,0.52
BASE_MEMIT,14,4,RS,66,100,0.66
BASE_MEMIT,14,5,RS,62,100,0.62
BASE_MEMIT,14,6,RS,60,100,0.6
BASE_MEMIT,14,7,RS,64,100,0.64
BASE_MEMIT,14,8,RS,60,100,0.6
BASE_MEMIT,14,9,RS,84,100,0.84
BASE_MEMIT,14,10,RS,83,100,0.83
BASE_MEMIT,14,11,RS,90,100,0.9
BASE_MEMIT,14,12,RS,99,100,0.99
BASE_MEMIT,14,13,RS,99,100,0.99
BASE_MEMIT,14,14,RS,100,100,1.0
BASE_MEMIT,15,1,RS,49,100,0.49
BASE_MEMIT,15,2,RS,54,100,0.54
BASE_MEMIT,15,3,RS,45,100,0.45
BASE_MEMIT,15,4,RS,57,100,0.57
BASE_MEMIT,15,5,RS,54,100,0.54
BASE_MEMIT,15,6,RS,59,100,0.59
BASE_MEMIT,15,7,RS,63,100,0.63
BASE_MEMIT,15,8,RS,56,100,0.56
BASE_MEMIT,15,9,RS,72,100,0.72
BASE_MEMIT,15,10,RS,69,100,0.69
BASE_MEMIT,15,11,RS,87,100,0.87
BASE_MEMIT,15,12,RS,92,100,0.92
BASE_MEMIT,15,13,RS,97,100,0.97
BASE_MEMIT,15,14,RS,98,100,0.98
BASE_MEMIT,15,15,RS,99,100,0.99
BASE_MEMIT,16,1,RS,48,100,0.48
BASE_MEMIT,16,2,RS,47,100,0.47
BASE_MEMIT,16,3,RS,39,100,0.39
BASE_MEMIT,16,4,RS,58,100,0.58
BASE_MEMIT,16,5,RS,44,100,0.44
BASE_MEMIT,16,6,RS,52,100,0.52
BASE_MEMIT,16,7,RS,54,100,0.54
BASE_MEMIT,16,8,RS,45,100,0.45
BASE_MEMIT,16,9,RS,67,100,0.67
BASE_MEMIT,16,10,RS,65,100,0.65
BASE_MEMIT,16,11,RS,74,100,0.74
BASE_MEMIT,16,12,RS,74,100,0.74
BASE_MEMIT,16,13,RS,91,100,0.91
BASE_MEMIT,16,14,RS,98,100,0.98
BASE_MEMIT,16,15,RS,97,100,0.97
BASE_MEMIT,16,16,RS,100,100,1.0
BASE_MEMIT,17,1,RS,48,100,0.48
BASE_MEMIT,17,2,RS,51,100,0.51
BASE_MEMIT,17,3,RS,46,100,0.46
BASE_MEMIT,17,4,RS,60,100,0.6
BASE_MEMIT,17,5,RS,43,100,0.43
BASE_MEMIT,17,6,RS,54,100,0.54
BASE_MEMIT,17,7,RS,49,100,0.49
BASE_MEMIT,17,8,RS,47,100,0.47
BASE_MEMIT,17,9,RS,59,100,0.59
BASE_MEMIT,17,10,RS,61,100,0.61
BASE_MEMIT,17,11,RS,60,100,0.6
BASE_MEMIT,17,12,RS,63,100,0.63
BASE_MEMIT,17,13,RS,72,100,0.72
BASE_MEMIT,17,14,RS,80,100,0.8
BASE_MEMIT,17,15,RS,86,100,0.86
BASE_MEMIT,17,16,RS,94,100,0.94
BASE_MEMIT,17,17,RS,100,100,1.0
BASE_MEMIT,18,1,RS,50,100,0.5
BASE_MEMIT,18,2,RS,45,100,0.45
BASE_MEMIT,18,3,RS,45,100,0.45
BASE_MEMIT,18,4,RS,63,100,0.63
BASE_MEMIT,18,5,RS,45,100,0.45
BASE_MEMIT,18,6,RS,53,100,0.53
BASE_MEMIT,18,7,RS,50,100,0.5
BASE_MEMIT,18,8,RS,42,100,0.42
BASE_MEMIT,18,9,RS,52,100,0.52
BASE_MEMIT,18,10,RS,60,100,0.6
BASE_MEMIT,18,11,RS,60,100,0.6
BASE_MEMIT,18,12,RS,62,100,0.62
BASE_MEMIT,18,13,RS,63,100,0.63
BASE_MEMIT,18,14,RS,77,100,0.77
BASE_MEMIT,18,15,RS,78,100,0.78
BASE_MEMIT,18,16,RS,90,100,0.9
BASE_MEMIT,18,17,RS,99,100,0.99
BASE_MEMIT,18,18,RS,99,100,0.99
BASE_MEMIT,19,1,RS,51,100,0.51
BASE_MEMIT,19,2,RS,46,100,0.46
BASE_MEMIT,19,3,RS,42,100,0.42
BASE_MEMIT,19,4,RS,62,100,0.62
BASE_MEMIT,19,5,RS,45,100,0.45
BASE_MEMIT,19,6,RS,51,100,0.51
BASE_MEMIT,19,7,RS,49,100,0.49
BASE_MEMIT,19,8,RS,51,100,0.51
BASE_MEMIT,19,9,RS,55,100,0.55
BASE_MEMIT,19,10,RS,58,100,0.58
BASE_MEMIT,19,11,RS,55,100,0.55
BASE_MEMIT,19,12,RS,57,100,0.57
BASE_MEMIT,19,13,RS,64,100,0.64
BASE_MEMIT,19,14,RS,65,100,0.65
BASE_MEMIT,19,15,RS,77,100,0.77
BASE_MEMIT,19,16,RS,85,100,0.85
BASE_MEMIT,19,17,RS,95,100,0.95
BASE_MEMIT,19,18,RS,98,100,0.98
BASE_MEMIT,19,19,RS,100,100,1.0
BASE_MEMIT,20,1,RS,53,100,0.53
BASE_MEMIT,20,2,RS,47,100,0.47
BASE_MEMIT,20,3,RS,47,100,0.47
BASE_MEMIT,20,4,RS,52,100,0.52
BASE_MEMIT,20,5,RS,50,100,0.5
BASE_MEMIT,20,6,RS,52,100,0.52
BASE_MEMIT,20,7,RS,52,100,0.52
BASE_MEMIT,20,8,RS,50,100,0.5
BASE_MEMIT,20,9,RS,53,100,0.53
BASE_MEMIT,20,10,RS,56,100,0.56
BASE_MEMIT,20,11,RS,58,100,0.58
BASE_MEMIT,20,12,RS,57,100,0.57
BASE_MEMIT,20,13,RS,64,100,0.64
BASE_MEMIT,20,14,RS,68,100,0.68
BASE_MEMIT,20,15,RS,75,100,0.75
BASE_MEMIT,20,16,RS,80,100,0.8
BASE_MEMIT,20,17,RS,86,100,0.86
BASE_MEMIT,20,18,RS,97,100,0.97
BASE_MEMIT,20,19,RS,98,100,0.98
BASE_MEMIT,20,20,RS,100,100,1.0
BASE_MEMIT,21,1,RS,51,100,0.51
BASE_MEMIT,21,2,RS,49,100,0.49
BASE_MEMIT,21,3,RS,50,100,0.5
BASE_MEMIT,21,4,RS,51,100,0.51
BASE_MEMIT,21,5,RS,51,100,0.51
BASE_MEMIT,21,6,RS,45,100,0.45
BASE_MEMIT,21,7,RS,54,100,0.54
BASE_MEMIT,21,8,RS,55,100,0.55
BASE_MEMIT,21,9,RS,56,100,0.56
BASE_MEMIT,21,10,RS,57,100,0.57
BASE_MEMIT,21,11,RS,62,100,0.62
BASE_MEMIT,21,12,RS,55,100,0.55
BASE_MEMIT,21,13,RS,63,100,0.63
BASE_MEMIT,21,14,RS,67,100,0.67
BASE_MEMIT,21,15,RS,76,100,0.76
BASE_MEMIT,21,16,RS,74,100,0.74
BASE_MEMIT,21,17,RS,83,100,0.83
BASE_MEMIT,21,18,RS,92,100,0.92
BASE_MEMIT,21,19,RS,96,100,0.96
BASE_MEMIT,21,20,RS,99,100,0.99
BASE_MEMIT,21,21,RS,99,100,0.99
BASE_MEMIT,22,1,RS,52,100,0.52
BASE_MEMIT,22,2,RS,45,100,0.45
BASE_MEMIT,22,3,RS,48,100,0.48
BASE_MEMIT,22,4,RS,54,100,0.54
BASE_MEMIT,22,5,RS,51,100,0.51
BASE_MEMIT,22,6,RS,41,100,0.41
BASE_MEMIT,22,7,RS,51,100,0.51
BASE_MEMIT,22,8,RS,47,100,0.47
BASE_MEMIT,22,9,RS,57,100,0.57
BASE_MEMIT,22,10,RS,55,100,0.55
BASE_MEMIT,22,11,RS,62,100,0.62
BASE_MEMIT,22,12,RS,53,100,0.53
BASE_MEMIT,22,13,RS,57,100,0.57
BASE_MEMIT,22,14,RS,63,100,0.63
BASE_MEMIT,22,15,RS,69,100,0.69
BASE_MEMIT,22,16,RS,70,100,0.7
BASE_MEMIT,22,17,RS,80,100,0.8
BASE_MEMIT,22,18,RS,82,100,0.82
BASE_MEMIT,22,19,RS,93,100,0.93
BASE_MEMIT,22,20,RS,97,100,0.97
BASE_MEMIT,22,21,RS,98,100,0.98
BASE_MEMIT,22,22,RS,99,100,0.99
BASE_MEMIT,23,1,RS,49,100,0.49
BASE_MEMIT,23,2,RS,48,100,0.48
BASE_MEMIT,23,3,RS,46,100,0.46
BASE_MEMIT,23,4,RS,50,100,0.5
BASE_MEMIT,23,5,RS,47,100,0.47
BASE_MEMIT,23,6,RS,43,100,0.43
BASE_MEMIT,23,7,RS,53,100,0.53
BASE_MEMIT,23,8,RS,50,100,0.5
BASE_MEMIT,23,9,RS,56,100,0.56
BASE_MEMIT,23,10,RS,55,100,0.55
BASE_MEMIT,23,11,RS,58,100,0.58
BASE_MEMIT,23,12,RS,56,100,0.56
BASE_MEMIT,23,13,RS,56,100,0.56
BASE_MEMIT,23,14,RS,58,100,0.58
BASE_MEMIT,23,15,RS,67,100,0.67
BASE_MEMIT,23,16,RS,71,100,0.71
BASE_MEMIT,23,17,RS,76,100,0.76
BASE_MEMIT,23,18,RS,78,100,0.78
BASE_MEMIT,23,19,RS,93,100,0.93
BASE_MEMIT,23,20,RS,93,100,0.93
BASE_MEMIT,23,21,RS,96,100,0.96
BASE_MEMIT,23,22,RS,99,100,0.99
BASE_MEMIT,23,23,RS,98,100,0.98
BASE_MEMIT,24,1,RS,50,100,0.5
BASE_MEMIT,24,2,RS,50,100,0.5
BASE_MEMIT,24,3,RS,46,100,0.46
BASE_MEMIT,24,4,RS,46,100,0.46
BASE_MEMIT,24,5,RS,49,100,0.49
BASE_MEMIT,24,6,RS,47,100,0.47
BASE_MEMIT,24,7,RS,52,100,0.52
BASE_MEMIT,24,8,RS,43,100,0.43
BASE_MEMIT,24,9,RS,56,100,0.56
BASE_MEMIT,24,10,RS,54,100,0.54
BASE_MEMIT,24,11,RS,60,100,0.6
BASE_MEMIT,24,12,RS,52,100,0.52
BASE_MEMIT,24,13,RS,57,100,0.57
BASE_MEMIT,24,14,RS,56,100,0.56
BASE_MEMIT,24,15,RS,69,100,0.69
BASE_MEMIT,24,16,RS,70,100,0.7
BASE_MEMIT,24,17,RS,74,100,0.74
BASE_MEMIT,24,18,RS,80,100,0.8
BASE_MEMIT,24,19,RS,89,100,0.89
BASE_MEMIT,24,20,RS,92,100,0.92
BASE_MEMIT,24,21,RS,89,100,0.89
BASE_MEMIT,24,22,RS,93,100,0.93
BASE_MEMIT,24,23,RS,98,100,0.98
BASE_MEMIT,24,24,RS,97,100,0.97
BASE_MEMIT,25,1,RS,49,100,0.49
BASE_MEMIT,25,2,RS,42,100,0.42
BASE_MEMIT,25,3,RS,47,100,0.47
BASE_MEMIT,25,4,RS,48,100,0.48
BASE_MEMIT,25,5,RS,53,100,0.53
BASE_MEMIT,25,6,RS,45,100,0.45
BASE_MEMIT,25,7,RS,49,100,0.49
BASE_MEMIT,25,8,RS,48,100,0.48
BASE_MEMIT,25,9,RS,54,100,0.54
BASE_MEMIT,25,10,RS,55,100,0.55
BASE_MEMIT,25,11,RS,59,100,0.59
BASE_MEMIT,25,12,RS,51,100,0.51
BASE_MEMIT,25,13,RS,52,100,0.52
BASE_MEMIT,25,14,RS,52,100,0.52
BASE_MEMIT,25,15,RS,66,100,0.66
BASE_MEMIT,25,16,RS,68,100,0.68
BASE_MEMIT,25,17,RS,77,100,0.77
BASE_MEMIT,25,18,RS,81,100,0.81
BASE_MEMIT,25,19,RS,90,100,0.9
BASE_MEMIT,25,20,RS,93,100,0.93
BASE_MEMIT,25,21,RS,83,100,0.83
BASE_MEMIT,25,22,RS,91,100,0.91
BASE_MEMIT,25,23,RS,95,100,0.95
BASE_MEMIT,25,24,RS,93,100,0.93
BASE_MEMIT,25,25,RS,97,100,0.97
BASE_MEMIT,26,1,RS,47,100,0.47
BASE_MEMIT,26,2,RS,41,100,0.41
BASE_MEMIT,26,3,RS,46,100,0.46
BASE_MEMIT,26,4,RS,54,100,0.54
BASE_MEMIT,26,5,RS,52,100,0.52
BASE_MEMIT,26,6,RS,50,100,0.5
BASE_MEMIT,26,7,RS,53,100,0.53
BASE_MEMIT,26,8,RS,38,100,0.38
BASE_MEMIT,26,9,RS,57,100,0.57
BASE_MEMIT,26,10,RS,51,100,0.51
BASE_MEMIT,26,11,RS,60,100,0.6
BASE_MEMIT,26,12,RS,48,100,0.48
BASE_MEMIT,26,13,RS,55,100,0.55
BASE_MEMIT,26,14,RS,52,100,0.52
BASE_MEMIT,26,15,RS,66,100,0.66
BASE_MEMIT,26,16,RS,66,100,0.66
BASE_MEMIT,26,17,RS,72,100,0.72
BASE_MEMIT,26,18,RS,72,100,0.72
BASE_MEMIT,26,19,RS,82,100,0.82
BASE_MEMIT,26,20,RS,86,100,0.86
BASE_MEMIT,26,21,RS,80,100,0.8
BASE_MEMIT,26,22,RS,85,100,0.85
BASE_MEMIT,26,23,RS,91,100,0.91
BASE_MEMIT,26,24,RS,93,100,0.93
BASE_MEMIT,26,25,RS,94,100,0.94
BASE_MEMIT,26,26,RS,91,100,0.91
BASE_MEMIT,27,1,RS,48,100,0.48
BASE_MEMIT,27,2,RS,39,100,0.39
BASE_MEMIT,27,3,RS,47,100,0.47
BASE_MEMIT,27,4,RS,51,100,0.51
BASE_MEMIT,27,5,RS,49,100,0.49
BASE_MEMIT,27,6,RS,50,100,0.5
BASE_MEMIT,27,7,RS,54,100,0.54
BASE_MEMIT,27,8,RS,42,100,0.42
BASE_MEMIT,27,9,RS,57,100,0.57
BASE_MEMIT,27,10,RS,53,100,0.53
BASE_MEMIT,27,11,RS,58,100,0.58
BASE_MEMIT,27,12,RS,47,100,0.47
BASE_MEMIT,27,13,RS,54,100,0.54
BASE_MEMIT,27,14,RS,50,100,0.5
BASE_MEMIT,27,15,RS,59,100,0.59
BASE_MEMIT,27,16,RS,62,100,0.62
BASE_MEMIT,27,17,RS,72,100,0.72
BASE_MEMIT,27,18,RS,73,100,0.73
BASE_MEMIT,27,19,RS,82,100,0.82
BASE_MEMIT,27,20,RS,86,100,0.86
BASE_MEMIT,27,21,RS,78,100,0.78
BASE_MEMIT,27,22,RS,87,100,0.87
BASE_MEMIT,27,23,RS,85,100,0.85
BASE_MEMIT,27,24,RS,87,100,0.87
BASE_MEMIT,27,25,RS,91,100,0.91
BASE_MEMIT,27,26,RS,90,100,0.9
BASE_MEMIT,27,27,RS,96,100,0.96
BASE_MEMIT,28,1,RS,44,100,0.44
BASE_MEMIT,28,2,RS,47,100,0.47
BASE_MEMIT,28,3,RS,45,100,0.45
BASE_MEMIT,28,4,RS,55,100,0.55
BASE_MEMIT,28,5,RS,55,100,0.55
BASE_MEMIT,28,6,RS,48,100,0.48
BASE_MEMIT,28,7,RS,58,100,0.58
BASE_MEMIT,28,8,RS,41,100,0.41
BASE_MEMIT,28,9,RS,58,100,0.58
BASE_MEMIT,28,10,RS,49,100,0.49
BASE_MEMIT,28,11,RS,60,100,0.6
BASE_MEMIT,28,12,RS,43,100,0.43
BASE_MEMIT,28,13,RS,56,100,0.56
BASE_MEMIT,28,14,RS,52,100,0.52
BASE_MEMIT,28,15,RS,60,100,0.6
BASE_MEMIT,28,16,RS,65,100,0.65
BASE_MEMIT,28,17,RS,70,100,0.7
BASE_MEMIT,28,18,RS,71,100,0.71
BASE_MEMIT,28,19,RS,83,100,0.83
BASE_MEMIT,28,20,RS,83,100,0.83
BASE_MEMIT,28,21,RS,78,100,0.78
BASE_MEMIT,28,22,RS,84,100,0.84
BASE_MEMIT,28,23,RS,84,100,0.84
BASE_MEMIT,28,24,RS,85,100,0.85
BASE_MEMIT,28,25,RS,90,100,0.9
BASE_MEMIT,28,26,RS,87,100,0.87
BASE_MEMIT,28,27,RS,93,100,0.93
BASE_MEMIT,28,28,RS,94,100,0.94
BASE_MEMIT,29,1,RS,47,100,0.47
BASE_MEMIT,29,2,RS,43,100,0.43
BASE_MEMIT,29,3,RS,48,100,0.48
BASE_MEMIT,29,4,RS,54,100,0.54
BASE_MEMIT,29,5,RS,50,100,0.5
BASE_MEMIT,29,6,RS,52,100,0.52
BASE_MEMIT,29,7,RS,56,100,0.56
BASE_MEMIT,29,8,RS,46,100,0.46
BASE_MEMIT,29,9,RS,56,100,0.56
BASE_MEMIT,29,10,RS,52,100,0.52
BASE_MEMIT,29,11,RS,62,100,0.62
BASE_MEMIT,29,12,RS,44,100,0.44
BASE_MEMIT,29,13,RS,61,100,0.61
BASE_MEMIT,29,14,RS,53,100,0.53
BASE_MEMIT,29,15,RS,60,100,0.6
BASE_MEMIT,29,16,RS,66,100,0.66
BASE_MEMIT,29,17,RS,69,100,0.69
BASE_MEMIT,29,18,RS,73,100,0.73
BASE_MEMIT,29,19,RS,83,100,0.83
BASE_MEMIT,29,20,RS,80,100,0.8
BASE_MEMIT,29,21,RS,74,100,0.74
BASE_MEMIT,29,22,RS,85,100,0.85
BASE_MEMIT,29,23,RS,86,100,0.86
BASE_MEMIT,29,24,RS,82,100,0.82
BASE_MEMIT,29,25,RS,88,100,0.88
BASE_MEMIT,29,26,RS,88,100,0.88
BASE_MEMIT,29,27,RS,90,100,0.9
BASE_MEMIT,29,28,RS,91,100,0.91
BASE_MEMIT,29,29,RS,93,100,0.93
BASE_MEMIT,30,1,RS,49,100,0.49
BASE_MEMIT,30,2,RS,43,100,0.43
BASE_MEMIT,30,3,RS,48,100,0.48
BASE_MEMIT,30,4,RS,56,100,0.56
BASE_MEMIT,30,5,RS,57,100,0.57
BASE_MEMIT,30,6,RS,54,100,0.54
BASE_MEMIT,30,7,RS,56,100,0.56
BASE_MEMIT,30,8,RS,45,100,0.45
BASE_MEMIT,30,9,RS,52,100,0.52
BASE_MEMIT,30,10,RS,53,100,0.53
BASE_MEMIT,30,11,RS,63,100,0.63
BASE_MEMIT,30,12,RS,42,100,0.42
BASE_MEMIT,30,13,RS,59,100,0.59
BASE_MEMIT,30,14,RS,53,100,0.53
BASE_MEMIT,30,15,RS,62,100,0.62
BASE_MEMIT,30,16,RS,67,100,0.67
BASE_MEMIT,30,17,RS,68,100,0.68
BASE_MEMIT,30,18,RS,74,100,0.74
BASE_MEMIT,30,19,RS,78,100,0.78
BASE_MEMIT,30,20,RS,79,100,0.79
BASE_MEMIT,30,21,RS,74,100,0.74
BASE_MEMIT,30,22,RS,79,100,0.79
BASE_MEMIT,30,23,RS,86,100,0.86
BASE_MEMIT,30,24,RS,82,100,0.82
BASE_MEMIT,30,25,RS,84,100,0.84
BASE_MEMIT,30,26,RS,85,100,0.85
BASE_MEMIT,30,27,RS,87,100,0.87
BASE_MEMIT,30,28,RS,87,100,0.87
BASE_MEMIT,30,29,RS,93,100,0.93
BASE_MEMIT,30,30,RS,92,100,0.92
BASE_MEMIT,31,1,RS,48,100,0.48
BASE_MEMIT,31,2,RS,43,100,0.43
BASE_MEMIT,31,3,RS,53,100,0.53
BASE_MEMIT,31,4,RS,57,100,0.57
BASE_MEMIT,31,5,RS,55,100,0.55
BASE_MEMIT,31,6,RS,51,100,0.51
BASE_MEMIT,31,7,RS,56,100,0.56
BASE_MEMIT,31,8,RS,44,100,0.44
BASE_MEMIT,31,9,RS,57,100,0.57
BASE_MEMIT,31,10,RS,52,100,0.52
BASE_MEMIT,31,11,RS,60,100,0.6
BASE_MEMIT,31,12,RS,35,100,0.35
BASE_MEMIT,31,13,RS,54,100,0.54
BASE_MEMIT,31,14,RS,51,100,0.51
BASE_MEMIT,31,15,RS,59,100,0.59
BASE_MEMIT,31,16,RS,57,100,0.57
BASE_MEMIT,31,17,RS,64,100,0.64
BASE_MEMIT,31,18,RS,69,100,0.69
BASE_MEMIT,31,19,RS,76,100,0.76
BASE_MEMIT,31,20,RS,76,100,0.76
BASE_MEMIT,31,21,RS,74,100,0.74
BASE_MEMIT,31,22,RS,73,100,0.73
BASE_MEMIT,31,23,RS,77,100,0.77
BASE_MEMIT,31,24,RS,78,100,0.78
BASE_MEMIT,31,25,RS,75,100,0.75
BASE_MEMIT,31,26,RS,76,100,0.76
BASE_MEMIT,31,27,RS,84,100,0.84
BASE_MEMIT,31,28,RS,82,100,0.82
BASE_MEMIT,31,29,RS,85,100,0.85
BASE_MEMIT,31,30,RS,87,100,0.87
BASE_MEMIT,31,31,RS,88,100,0.88
BASE_MEMIT,32,1,RS,49,100,0.49
BASE_MEMIT,32,2,RS,43,100,0.43
BASE_MEMIT,32,3,RS,54,100,0.54
BASE_MEMIT,32,4,RS,60,100,0.6
BASE_MEMIT,32,5,RS,53,100,0.53
BASE_MEMIT,32,6,RS,50,100,0.5
BASE_MEMIT,32,7,RS,56,100,0.56
BASE_MEMIT,32,8,RS,48,100,0.48
BASE_MEMIT,32,9,RS,55,100,0.55
BASE_MEMIT,32,10,RS,56,100,0.56
BASE_MEMIT,32,11,RS,58,100,0.58
BASE_MEMIT,32,12,RS,37,100,0.37
BASE_MEMIT,32,13,RS,52,100,0.52
BASE_MEMIT,32,14,RS,49,100,0.49
BASE_MEMIT,32,15,RS,60,100,0.6
BASE_MEMIT,32,16,RS,60,100,0.6
BASE_MEMIT,32,17,RS,65,100,0.65
BASE_MEMIT,32,18,RS,68,100,0.68
BASE_MEMIT,32,19,RS,72,100,0.72
BASE_MEMIT,32,20,RS,76,100,0.76
BASE_MEMIT,32,21,RS,73,100,0.73
BASE_MEMIT,32,22,RS,74,100,0.74
BASE_MEMIT,32,23,RS,79,100,0.79
BASE_MEMIT,32,24,RS,74,100,0.74
BASE_MEMIT,32,25,RS,73,100,0.73
BASE_MEMIT,32,26,RS,75,100,0.75
BASE_MEMIT,32,27,RS,81,100,0.81
BASE_MEMIT,32,28,RS,77,100,0.77
BASE_MEMIT,32,29,RS,84,100,0.84
BASE_MEMIT,32,30,RS,83,100,0.83
BASE_MEMIT,32,31,RS,84,100,0.84
BASE_MEMIT,32,32,RS,85,100,0.85
BASE_MEMIT,33,1,RS,48,100,0.48
BASE_MEMIT,33,2,RS,49,100,0.49
BASE_MEMIT,33,3,RS,56,100,0.56
BASE_MEMIT,33,4,RS,57,100,0.57
BASE_MEMIT,33,5,RS,53,100,0.53
BASE_MEMIT,33,6,RS,53,100,0.53
BASE_MEMIT,33,7,RS,53,100,0.53
BASE_MEMIT,33,8,RS,47,100,0.47
BASE_MEMIT,33,9,RS,53,100,0.53
BASE_MEMIT,33,10,RS,52,100,0.52
BASE_MEMIT,33,11,RS,64,100,0.64
BASE_MEMIT,33,12,RS,33,100,0.33
BASE_MEMIT,33,13,RS,49,100,0.49
BASE_MEMIT,33,14,RS,48,100,0.48
BASE_MEMIT,33,15,RS,56,100,0.56
BASE_MEMIT,33,16,RS,60,100,0.6
BASE_MEMIT,33,17,RS,64,100,0.64
BASE_MEMIT,33,18,RS,67,100,0.67
BASE_MEMIT,33,19,RS,72,100,0.72
BASE_MEMIT,33,20,RS,72,100,0.72
BASE_MEMIT,33,21,RS,72,100,0.72
BASE_MEMIT,33,22,RS,73,100,0.73
BASE_MEMIT,33,23,RS,80,100,0.8
BASE_MEMIT,33,24,RS,71,100,0.71
BASE_MEMIT,33,25,RS,71,100,0.71
BASE_MEMIT,33,26,RS,72,100,0.72
BASE_MEMIT,33,27,RS,77,100,0.77
BASE_MEMIT,33,28,RS,70,100,0.7
BASE_MEMIT,33,29,RS,80,100,0.8
BASE_MEMIT,33,30,RS,81,100,0.81
BASE_MEMIT,33,31,RS,80,100,0.8
BASE_MEMIT,33,32,RS,81,100,0.81
BASE_MEMIT,33,33,RS,86,100,0.86
BASE_MEMIT,34,1,RS,48,100,0.48
BASE_MEMIT,34,2,RS,45,100,0.45
BASE_MEMIT,34,3,RS,51,100,0.51
BASE_MEMIT,34,4,RS,54,100,0.54
BASE_MEMIT,34,5,RS,51,100,0.51
BASE_MEMIT,34,6,RS,58,100,0.58
BASE_MEMIT,34,7,RS,51,100,0.51
BASE_MEMIT,34,8,RS,46,100,0.46
BASE_MEMIT,34,9,RS,52,100,0.52
BASE_MEMIT,34,10,RS,51,100,0.51
BASE_MEMIT,34,11,RS,58,100,0.58
BASE_MEMIT,34,12,RS,35,100,0.35
BASE_MEMIT,34,13,RS,44,100,0.44
BASE_MEMIT,34,14,RS,48,100,0.48
BASE_MEMIT,34,15,RS,60,100,0.6
BASE_MEMIT,34,16,RS,59,100,0.59
BASE_MEMIT,34,17,RS,60,100,0.6
BASE_MEMIT,34,18,RS,65,100,0.65
BASE_MEMIT,34,19,RS,68,100,0.68
BASE_MEMIT,34,20,RS,68,100,0.68
BASE_MEMIT,34,21,RS,69,100,0.69
BASE_MEMIT,34,22,RS,68,100,0.68
BASE_MEMIT,34,23,RS,78,100,0.78
BASE_MEMIT,34,24,RS,69,100,0.69
BASE_MEMIT,34,25,RS,69,100,0.69
BASE_MEMIT,34,26,RS,67,100,0.67
BASE_MEMIT,34,27,RS,70,100,0.7
BASE_MEMIT,34,28,RS,68,100,0.68
BASE_MEMIT,34,29,RS,74,100,0.74
BASE_MEMIT,34,30,RS,77,100,0.77
BASE_MEMIT,34,31,RS,77,100,0.77
BASE_MEMIT,34,32,RS,78,100,0.78
BASE_MEMIT,34,33,RS,84,100,0.84
BASE_MEMIT,34,34,RS,80,100,0.8
BASE_MEMIT,35,1,RS,51,100,0.51
BASE_MEMIT,35,2,RS,45,100,0.45
BASE_MEMIT,35,3,RS,54,100,0.54
BASE_MEMIT,35,4,RS,56,100,0.56
BASE_MEMIT,35,5,RS,52,100,0.52
BASE_MEMIT,35,6,RS,52,100,0.52
BASE_MEMIT,35,7,RS,51,100,0.51
BASE_MEMIT,35,8,RS,45,100,0.45
BASE_MEMIT,35,9,RS,55,100,0.55
BASE_MEMIT,35,10,RS,54,100,0.54
BASE_MEMIT,35,11,RS,56,100,0.56
BASE_MEMIT,35,12,RS,34,100,0.34
BASE_MEMIT,35,13,RS,49,100,0.49
BASE_MEMIT,35,14,RS,49,100,0.49
BASE_MEMIT,35,15,RS,60,100,0.6
BASE_MEMIT,35,16,RS,58,100,0.58
BASE_MEMIT,35,17,RS,59,100,0.59
BASE_MEMIT,35,18,RS,64,100,0.64
BASE_MEMIT,35,19,RS,70,100,0.7
BASE_MEMIT,35,20,RS,67,100,0.67
BASE_MEMIT,35,21,RS,70,100,0.7
BASE_MEMIT,35,22,RS,67,100,0.67
BASE_MEMIT,35,23,RS,77,100,0.77
BASE_MEMIT,35,24,RS,69,100,0.69
BASE_MEMIT,35,25,RS,68,100,0.68
BASE_MEMIT,35,26,RS,65,100,0.65
BASE_MEMIT,35,27,RS,69,100,0.69
BASE_MEMIT,35,28,RS,65,100,0.65
BASE_MEMIT,35,29,RS,73,100,0.73
BASE_MEMIT,35,30,RS,75,100,0.75
BASE_MEMIT,35,31,RS,73,100,0.73
BASE_MEMIT,35,32,RS,73,100,0.73
BASE_MEMIT,35,33,RS,83,100,0.83
BASE_MEMIT,35,34,RS,75,100,0.75
BASE_MEMIT,35,35,RS,86,100,0.86
BASE_MEMIT,36,1,RS,51,100,0.51
BASE_MEMIT,36,2,RS,46,100,0.46
BASE_MEMIT,36,3,RS,55,100,0.55
BASE_MEMIT,36,4,RS,55,100,0.55
BASE_MEMIT,36,5,RS,55,100,0.55
BASE_MEMIT,36,6,RS,54,100,0.54
BASE_MEMIT,36,7,RS,51,100,0.51
BASE_MEMIT,36,8,RS,48,100,0.48
BASE_MEMIT,36,9,RS,53,100,0.53
BASE_MEMIT,36,10,RS,53,100,0.53
BASE_MEMIT,36,11,RS,61,100,0.61
BASE_MEMIT,36,12,RS,40,100,0.4
BASE_MEMIT,36,13,RS,46,100,0.46
BASE_MEMIT,36,14,RS,48,100,0.48
BASE_MEMIT,36,15,RS,59,100,0.59
BASE_MEMIT,36,16,RS,57,100,0.57
BASE_MEMIT,36,17,RS,60,100,0.6
BASE_MEMIT,36,18,RS,66,100,0.66
BASE_MEMIT,36,19,RS,66,100,0.66
BASE_MEMIT,36,20,RS,66,100,0.66
BASE_MEMIT,36,21,RS,65,100,0.65
BASE_MEMIT,36,22,RS,67,100,0.67
BASE_MEMIT,36,23,RS,73,100,0.73
BASE_MEMIT,36,24,RS,66,100,0.66
BASE_MEMIT,36,25,RS,68,100,0.68
BASE_MEMIT,36,26,RS,64,100,0.64
BASE_MEMIT,36,27,RS,65,100,0.65
BASE_MEMIT,36,28,RS,64,100,0.64
BASE_MEMIT,36,29,RS,67,100,0.67
BASE_MEMIT,36,30,RS,72,100,0.72
BASE_MEMIT,36,31,RS,70,100,0.7
BASE_MEMIT,36,32,RS,70,100,0.7
BASE_MEMIT,36,33,RS,76,100,0.76
BASE_MEMIT,36,34,RS,73,100,0.73
BASE_MEMIT,36,35,RS,81,100,0.81
BASE_MEMIT,36,36,RS,79,100,0.79
BASE_MEMIT,37,1,RS,49,100,0.49
BASE_MEMIT,37,2,RS,47,100,0.47
BASE_MEMIT,37,3,RS,57,100,0.57
BASE_MEMIT,37,4,RS,55,100,0.55
BASE_MEMIT,37,5,RS,54,100,0.54
BASE_MEMIT,37,6,RS,56,100,0.56
BASE_MEMIT,37,7,RS,53,100,0.53
BASE_MEMIT,37,8,RS,49,100,0.49
BASE_MEMIT,37,9,RS,52,100,0.52
BASE_MEMIT,37,10,RS,54,100,0.54
BASE_MEMIT,37,11,RS,58,100,0.58
BASE_MEMIT,37,12,RS,41,100,0.41
BASE_MEMIT,37,13,RS,46,100,0.46
BASE_MEMIT,37,14,RS,47,100,0.47
BASE_MEMIT,37,15,RS,55,100,0.55
BASE_MEMIT,37,16,RS,57,100,0.57
BASE_MEMIT,37,17,RS,58,100,0.58
BASE_MEMIT,37,18,RS,64,100,0.64
BASE_MEMIT,37,19,RS,65,100,0.65
BASE_MEMIT,37,20,RS,66,100,0.66
BASE_MEMIT,37,21,RS,70,100,0.7
BASE_MEMIT,37,22,RS,65,100,0.65
BASE_MEMIT,37,23,RS,75,100,0.75
BASE_MEMIT,37,24,RS,67,100,0.67
BASE_MEMIT,37,25,RS,66,100,0.66
BASE_MEMIT,37,26,RS,66,100,0.66
BASE_MEMIT,37,27,RS,64,100,0.64
BASE_MEMIT,37,28,RS,64,100,0.64
BASE_MEMIT,37,29,RS,66,100,0.66
BASE_MEMIT,37,30,RS,67,100,0.67
BASE_MEMIT,37,31,RS,64,100,0.64
BASE_MEMIT,37,32,RS,68,100,0.68
BASE_MEMIT,37,33,RS,74,100,0.74
BASE_MEMIT,37,34,RS,71,100,0.71
BASE_MEMIT,37,35,RS,78,100,0.78
BASE_MEMIT,37,36,RS,74,100,0.74
BASE_MEMIT,37,37,RS,76,100,0.76
BASE_MEMIT,38,1,RS,52,100,0.52
BASE_MEMIT,38,2,RS,42,100,0.42
BASE_MEMIT,38,3,RS,58,100,0.58
BASE_MEMIT,38,4,RS,55,100,0.55
BASE_MEMIT,38,5,RS,54,100,0.54
BASE_MEMIT,38,6,RS,56,100,0.56
BASE_MEMIT,38,7,RS,54,100,0.54
BASE_MEMIT,38,8,RS,48,100,0.48
BASE_MEMIT,38,9,RS,53,100,0.53
BASE_MEMIT,38,10,RS,54,100,0.54
BASE_MEMIT,38,11,RS,58,100,0.58
BASE_MEMIT,38,12,RS,43,100,0.43
BASE_MEMIT,38,13,RS,49,100,0.49
BASE_MEMIT,38,14,RS,48,100,0.48
BASE_MEMIT,38,15,RS,54,100,0.54
BASE_MEMIT,38,16,RS,52,100,0.52
BASE_MEMIT,38,17,RS,53,100,0.53
BASE_MEMIT,38,18,RS,61,100,0.61
BASE_MEMIT,38,19,RS,62,100,0.62
BASE_MEMIT,38,20,RS,62,100,0.62
BASE_MEMIT,38,21,RS,67,100,0.67
BASE_MEMIT,38,22,RS,64,100,0.64
BASE_MEMIT,38,23,RS,70,100,0.7
BASE_MEMIT,38,24,RS,64,100,0.64
BASE_MEMIT,38,25,RS,65,100,0.65
BASE_MEMIT,38,26,RS,60,100,0.6
BASE_MEMIT,38,27,RS,57,100,0.57
BASE_MEMIT,38,28,RS,62,100,0.62
BASE_MEMIT,38,29,RS,63,100,0.63
BASE_MEMIT,38,30,RS,66,100,0.66
BASE_MEMIT,38,31,RS,60,100,0.6
BASE_MEMIT,38,32,RS,65,100,0.65
BASE_MEMIT,38,33,RS,73,100,0.73
BASE_MEMIT,38,34,RS,64,100,0.64
BASE_MEMIT,38,35,RS,70,100,0.7
BASE_MEMIT,38,36,RS,70,100,0.7
BASE_MEMIT,38,37,RS,74,100,0.74
BASE_MEMIT,38,38,RS,77,100,0.77
BASE_MEMIT,39,1,RS,50,100,0.5
BASE_MEMIT,39,2,RS,45,100,0.45
BASE_MEMIT,39,3,RS,59,100,0.59
BASE_MEMIT,39,4,RS,52,100,0.52
BASE_MEMIT,39,5,RS,53,100,0.53
BASE_MEMIT,39,6,RS,56,100,0.56
BASE_MEMIT,39,7,RS,56,100,0.56
BASE_MEMIT,39,8,RS,48,100,0.48
BASE_MEMIT,39,9,RS,55,100,0.55
BASE_MEMIT,39,10,RS,52,100,0.52
BASE_MEMIT,39,11,RS,59,100,0.59
BASE_MEMIT,39,12,RS,42,100,0.42
BASE_MEMIT,39,13,RS,54,100,0.54
BASE_MEMIT,39,14,RS,48,100,0.48
BASE_MEMIT,39,15,RS,54,100,0.54
BASE_MEMIT,39,16,RS,51,100,0.51
BASE_MEMIT,39,17,RS,53,100,0.53
BASE_MEMIT,39,18,RS,62,100,0.62
BASE_MEMIT,39,19,RS,62,100,0.62
BASE_MEMIT,39,20,RS,60,100,0.6
BASE_MEMIT,39,21,RS,61,100,0.61
BASE_MEMIT,39,22,RS,65,100,0.65
BASE_MEMIT,39,23,RS,67,100,0.67
BASE_MEMIT,39,24,RS,64,100,0.64
BASE_MEMIT,39,25,RS,61,100,0.61
BASE_MEMIT,39,26,RS,60,100,0.6
BASE_MEMIT,39,27,RS,60,100,0.6
BASE_MEMIT,39,28,RS,61,100,0.61
BASE_MEMIT,39,29,RS,61,100,0.61
BASE_MEMIT,39,30,RS,65,100,0.65
BASE_MEMIT,39,31,RS,57,100,0.57
BASE_MEMIT,39,32,RS,63,100,0.63
BASE_MEMIT,39,33,RS,71,100,0.71
BASE_MEMIT,39,34,RS,61,100,0.61
BASE_MEMIT,39,35,RS,70,100,0.7
BASE_MEMIT,39,36,RS,69,100,0.69
BASE_MEMIT,39,37,RS,70,100,0.7
BASE_MEMIT,39,38,RS,75,100,0.75
BASE_MEMIT,39,39,RS,71,100,0.71
BASE_MEMIT,40,1,RS,50,100,0.5
BASE_MEMIT,40,2,RS,44,100,0.44
BASE_MEMIT,40,3,RS,55,100,0.55
BASE_MEMIT,40,4,RS,52,100,0.52
BASE_MEMIT,40,5,RS,53,100,0.53
BASE_MEMIT,40,6,RS,56,100,0.56
BASE_MEMIT,40,7,RS,57,100,0.57
BASE_MEMIT,40,8,RS,50,100,0.5
BASE_MEMIT,40,9,RS,53,100,0.53
BASE_MEMIT,40,10,RS,50,100,0.5
BASE_MEMIT,40,11,RS,54,100,0.54
BASE_MEMIT,40,12,RS,41,100,0.41
BASE_MEMIT,40,13,RS,52,100,0.52
BASE_MEMIT,40,14,RS,47,100,0.47
BASE_MEMIT,40,15,RS,54,100,0.54
BASE_MEMIT,40,16,RS,53,100,0.53
BASE_MEMIT,40,17,RS,54,100,0.54
BASE_MEMIT,40,18,RS,62,100,0.62
BASE_MEMIT,40,19,RS,64,100,0.64
BASE_MEMIT,40,20,RS,58,100,0.58
BASE_MEMIT,40,21,RS,62,100,0.62
BASE_MEMIT,40,22,RS,64,100,0.64
BASE_MEMIT,40,23,RS,67,100,0.67
BASE_MEMIT,40,24,RS,61,100,0.61
BASE_MEMIT,40,25,RS,61,100,0.61
BASE_MEMIT,40,26,RS,58,100,0.58
BASE_MEMIT,40,27,RS,62,100,0.62
BASE_MEMIT,40,28,RS,58,100,0.58
BASE_MEMIT,40,29,RS,59,100,0.59
BASE_MEMIT,40,30,RS,63,100,0.63
BASE_MEMIT,40,31,RS,58,100,0.58
BASE_MEMIT,40,32,RS,61,100,0.61
BASE_MEMIT,40,33,RS,65,100,0.65
BASE_MEMIT,40,34,RS,61,100,0.61
BASE_MEMIT,40,35,RS,68,100,0.68
BASE_MEMIT,40,36,RS,68,100,0.68
BASE_MEMIT,40,37,RS,68,100,0.68
BASE_MEMIT,40,38,RS,68,100,0.68
BASE_MEMIT,40,39,RS,68,100,0.68
BASE_MEMIT,40,40,RS,82,100,0.82
BASE_MEMIT,41,1,RS,49,100,0.49
BASE_MEMIT,41,2,RS,45,100,0.45
BASE_MEMIT,41,3,RS,57,100,0.57
BASE_MEMIT,41,4,RS,55,100,0.55
BASE_MEMIT,41,5,RS,51,100,0.51
BASE_MEMIT,41,6,RS,59,100,0.59
BASE_MEMIT,41,7,RS,56,100,0.56
BASE_MEMIT,41,8,RS,48,100,0.48
BASE_MEMIT,41,9,RS,56,100,0.56
BASE_MEMIT,41,10,RS,51,100,0.51
BASE_MEMIT,41,11,RS,51,100,0.51
BASE_MEMIT,41,12,RS,42,100,0.42
BASE_MEMIT,41,13,RS,52,100,0.52
BASE_MEMIT,41,14,RS,47,100,0.47
BASE_MEMIT,41,15,RS,54,100,0.54
BASE_MEMIT,41,16,RS,58,100,0.58
BASE_MEMIT,41,17,RS,54,100,0.54
BASE_MEMIT,41,18,RS,62,100,0.62
BASE_MEMIT,41,19,RS,63,100,0.63
BASE_MEMIT,41,20,RS,59,100,0.59
BASE_MEMIT,41,21,RS,64,100,0.64
BASE_MEMIT,41,22,RS,64,100,0.64
BASE_MEMIT,41,23,RS,68,100,0.68
BASE_MEMIT,41,24,RS,61,100,0.61
BASE_MEMIT,41,25,RS,64,100,0.64
BASE_MEMIT,41,26,RS,59,100,0.59
BASE_MEMIT,41,27,RS,60,100,0.6
BASE_MEMIT,41,28,RS,57,100,0.57
BASE_MEMIT,41,29,RS,62,100,0.62
BASE_MEMIT,41,30,RS,61,100,0.61
BASE_MEMIT,41,31,RS,61,100,0.61
BASE_MEMIT,41,32,RS,60,100,0.6
BASE_MEMIT,41,33,RS,69,100,0.69
BASE_MEMIT,41,34,RS,62,100,0.62
BASE_MEMIT,41,35,RS,66,100,0.66
BASE_MEMIT,41,36,RS,63,100,0.63
BASE_MEMIT,41,37,RS,66,100,0.66
BASE_MEMIT,41,38,RS,66,100,0.66
BASE_MEMIT,41,39,RS,66,100,0.66
BASE_MEMIT,41,40,RS,76,100,0.76
BASE_MEMIT,41,41,RS,80,100,0.8
BASE_MEMIT,42,1,RS,50,100,0.5
BASE_MEMIT,42,2,RS,43,100,0.43
BASE_MEMIT,42,3,RS,59,100,0.59
BASE_MEMIT,42,4,RS,54,100,0.54
BASE_MEMIT,42,5,RS,49,100,0.49
BASE_MEMIT,42,6,RS,58,100,0.58
BASE_MEMIT,42,7,RS,58,100,0.58
BASE_MEMIT,42,8,RS,50,100,0.5
BASE_MEMIT,42,9,RS,55,100,0.55
BASE_MEMIT,42,10,RS,53,100,0.53
BASE_MEMIT,42,11,RS,47,100,0.47
BASE_MEMIT,42,12,RS,39,100,0.39
BASE_MEMIT,42,13,RS,55,100,0.55
BASE_MEMIT,42,14,RS,47,100,0.47
BASE_MEMIT,42,15,RS,54,100,0.54
BASE_MEMIT,42,16,RS,61,100,0.61
BASE_MEMIT,42,17,RS,56,100,0.56
BASE_MEMIT,42,18,RS,63,100,0.63
BASE_MEMIT,42,19,RS,64,100,0.64
BASE_MEMIT,42,20,RS,61,100,0.61
BASE_MEMIT,42,21,RS,60,100,0.6
BASE_MEMIT,42,22,RS,62,100,0.62
BASE_MEMIT,42,23,RS,65,100,0.65
BASE_MEMIT,42,24,RS,62,100,0.62
BASE_MEMIT,42,25,RS,60,100,0.6
BASE_MEMIT,42,26,RS,59,100,0.59
BASE_MEMIT,42,27,RS,58,100,0.58
BASE_MEMIT,42,28,RS,58,100,0.58
BASE_MEMIT,42,29,RS,61,100,0.61
BASE_MEMIT,42,30,RS,60,100,0.6
BASE_MEMIT,42,31,RS,59,100,0.59
BASE_MEMIT,42,32,RS,60,100,0.6
BASE_MEMIT,42,33,RS,68,100,0.68
BASE_MEMIT,42,34,RS,57,100,0.57
BASE_MEMIT,42,35,RS,63,100,0.63
BASE_MEMIT,42,36,RS,60,100,0.6
BASE_MEMIT,42,37,RS,65,100,0.65
BASE_MEMIT,42,38,RS,64,100,0.64
BASE_MEMIT,42,39,RS,63,100,0.63
BASE_MEMIT,42,40,RS,76,100,0.76
BASE_MEMIT,42,41,RS,76,100,0.76
BASE_MEMIT,42,42,RS,72,100,0.72
BASE_MEMIT,43,1,RS,48,100,0.48
BASE_MEMIT,43,2,RS,42,100,0.42
BASE_MEMIT,43,3,RS,57,100,0.57
BASE_MEMIT,43,4,RS,56,100,0.56
BASE_MEMIT,43,5,RS,48,100,0.48
BASE_MEMIT,43,6,RS,56,100,0.56
BASE_MEMIT,43,7,RS,56,100,0.56
BASE_MEMIT,43,8,RS,47,100,0.47
BASE_MEMIT,43,9,RS,54,100,0.54
BASE_MEMIT,43,10,RS,53,100,0.53
BASE_MEMIT,43,11,RS,52,100,0.52
BASE_MEMIT,43,12,RS,41,100,0.41
BASE_MEMIT,43,13,RS,53,100,0.53
BASE_MEMIT,43,14,RS,46,100,0.46
BASE_MEMIT,43,15,RS,54,100,0.54
BASE_MEMIT,43,16,RS,57,100,0.57
BASE_MEMIT,43,17,RS,57,100,0.57
BASE_MEMIT,43,18,RS,64,100,0.64
BASE_MEMIT,43,19,RS,60,100,0.6
BASE_MEMIT,43,20,RS,60,100,0.6
BASE_MEMIT,43,21,RS,58,100,0.58
BASE_MEMIT,43,22,RS,63,100,0.63
BASE_MEMIT,43,23,RS,63,100,0.63
BASE_MEMIT,43,24,RS,60,100,0.6
BASE_MEMIT,43,25,RS,60,100,0.6
BASE_MEMIT,43,26,RS,56,100,0.56
BASE_MEMIT,43,27,RS,57,100,0.57
BASE_MEMIT,43,28,RS,58,100,0.58
BASE_MEMIT,43,29,RS,59,100,0.59
BASE_MEMIT,43,30,RS,65,100,0.65
BASE_MEMIT,43,31,RS,60,100,0.6
BASE_MEMIT,43,32,RS,60,100,0.6
BASE_MEMIT,43,33,RS,61,100,0.61
BASE_MEMIT,43,34,RS,57,100,0.57
BASE_MEMIT,43,35,RS,59,100,0.59
BASE_MEMIT,43,36,RS,62,100,0.62
BASE_MEMIT,43,37,RS,61,100,0.61
BASE_MEMIT,43,38,RS,60,100,0.6
BASE_MEMIT,43,39,RS,60,100,0.6
BASE_MEMIT,43,40,RS,74,100,0.74
BASE_MEMIT,43,41,RS,69,100,0.69
BASE_MEMIT,43,42,RS,70,100,0.7
BASE_MEMIT,43,43,RS,79,100,0.79
BASE_MEMIT,44,1,RS,44,100,0.44
BASE_MEMIT,44,2,RS,41,100,0.41
BASE_MEMIT,44,3,RS,61,100,0.61
BASE_MEMIT,44,4,RS,55,100,0.55
BASE_MEMIT,44,5,RS,50,100,0.5
BASE_MEMIT,44,6,RS,54,100,0.54
BASE_MEMIT,44,7,RS,53,100,0.53
BASE_MEMIT,44,8,RS,44,100,0.44
BASE_MEMIT,44,9,RS,54,100,0.54
BASE_MEMIT,44,10,RS,52,100,0.52
BASE_MEMIT,44,11,RS,51,100,0.51
BASE_MEMIT,44,12,RS,41,100,0.41
BASE_MEMIT,44,13,RS,51,100,0.51
BASE_MEMIT,44,14,RS,45,100,0.45
BASE_MEMIT,44,15,RS,55,100,0.55
BASE_MEMIT,44,16,RS,54,100,0.54
BASE_MEMIT,44,17,RS,57,100,0.57
BASE_MEMIT,44,18,RS,63,100,0.63
BASE_MEMIT,44,19,RS,62,100,0.62
BASE_MEMIT,44,20,RS,60,100,0.6
BASE_MEMIT,44,21,RS,61,100,0.61
BASE_MEMIT,44,22,RS,63,100,0.63
BASE_MEMIT,44,23,RS,63,100,0.63
BASE_MEMIT,44,24,RS,62,100,0.62
BASE_MEMIT,44,25,RS,56,100,0.56
BASE_MEMIT,44,26,RS,59,100,0.59
BASE_MEMIT,44,27,RS,58,100,0.58
BASE_MEMIT,44,28,RS,61,100,0.61
BASE_MEMIT,44,29,RS,61,100,0.61
BASE_MEMIT,44,30,RS,64,100,0.64
BASE_MEMIT,44,31,RS,59,100,0.59
BASE_MEMIT,44,32,RS,58,100,0.58
BASE_MEMIT,44,33,RS,60,100,0.6
BASE_MEMIT,44,34,RS,58,100,0.58
BASE_MEMIT,44,35,RS,58,100,0.58
BASE_MEMIT,44,36,RS,60,100,0.6
BASE_MEMIT,44,37,RS,57,100,0.57
BASE_MEMIT,44,38,RS,61,100,0.61
BASE_MEMIT,44,39,RS,57,100,0.57
BASE_MEMIT,44,40,RS,74,100,0.74
BASE_MEMIT,44,41,RS,69,100,0.69
BASE_MEMIT,44,42,RS,67,100,0.67
BASE_MEMIT,44,43,RS,78,100,0.78
BASE_MEMIT,44,44,RS,80,100,0.8
BASE_MEMIT,45,1,RS,46,100,0.46
BASE_MEMIT,45,2,RS,49,100,0.49
BASE_MEMIT,45,3,RS,57,100,0.57
BASE_MEMIT,45,4,RS,60,100,0.6
BASE_MEMIT,45,5,RS,46,100,0.46
BASE_MEMIT,45,6,RS,53,100,0.53
BASE_MEMIT,45,7,RS,53,100,0.53
BASE_MEMIT,45,8,RS,49,100,0.49
BASE_MEMIT,45,9,RS,54,100,0.54
BASE_MEMIT,45,10,RS,51,100,0.51
BASE_MEMIT,45,11,RS,47,100,0.47
BASE_MEMIT,45,12,RS,41,100,0.41
BASE_MEMIT,45,13,RS,58,100,0.58
BASE_MEMIT,45,14,RS,47,100,0.47
BASE_MEMIT,45,15,RS,53,100,0.53
BASE_MEMIT,45,16,RS,56,100,0.56
BASE_MEMIT,45,17,RS,58,100,0.58
BASE_MEMIT,45,18,RS,68,100,0.68
BASE_MEMIT,45,19,RS,61,100,0.61
BASE_MEMIT,45,20,RS,61,100,0.61
BASE_MEMIT,45,21,RS,63,100,0.63
BASE_MEMIT,45,22,RS,63,100,0.63
BASE_MEMIT,45,23,RS,62,100,0.62
BASE_MEMIT,45,24,RS,63,100,0.63
BASE_MEMIT,45,25,RS,56,100,0.56
BASE_MEMIT,45,26,RS,56,100,0.56
BASE_MEMIT,45,27,RS,56,100,0.56
BASE_MEMIT,45,28,RS,58,100,0.58
BASE_MEMIT,45,29,RS,59,100,0.59
BASE_MEMIT,45,30,RS,62,100,0.62
BASE_MEMIT,45,31,RS,58,100,0.58
BASE_MEMIT,45,32,RS,59,100,0.59
BASE_MEMIT,45,33,RS,57,100,0.57
BASE_MEMIT,45,34,RS,56,100,0.56
BASE_MEMIT,45,35,RS,57,100,0.57
BASE_MEMIT,45,36,RS,58,100,0.58
BASE_MEMIT,45,37,RS,57,100,0.57
BASE_MEMIT,45,38,RS,58,100,0.58
BASE_MEMIT,45,39,RS,57,100,0.57
BASE_MEMIT,45,40,RS,71,100,0.71
BASE_MEMIT,45,41,RS,66,100,0.66
BASE_MEMIT,45,42,RS,66,100,0.66
BASE_MEMIT,45,43,RS,81,100,0.81
BASE_MEMIT,45,44,RS,78,100,0.78
BASE_MEMIT,45,45,RS,84,100,0.84
BASE_MEMIT,46,1,RS,47,100,0.47
BASE_MEMIT,46,2,RS,47,100,0.47
BASE_MEMIT,46,3,RS,56,100,0.56
BASE_MEMIT,46,4,RS,59,100,0.59
BASE_MEMIT,46,5,RS,49,100,0.49
BASE_MEMIT,46,6,RS,53,100,0.53
BASE_MEMIT,46,7,RS,57,100,0.57
BASE_MEMIT,46,8,RS,49,100,0.49
BASE_MEMIT,46,9,RS,56,100,0.56
BASE_MEMIT,46,10,RS,53,100,0.53
BASE_MEMIT,46,11,RS,50,100,0.5
BASE_MEMIT,46,12,RS,43,100,0.43
BASE_MEMIT,46,13,RS,58,100,0.58
BASE_MEMIT,46,14,RS,48,100,0.48
BASE_MEMIT,46,15,RS,52,100,0.52
BASE_MEMIT,46,16,RS,57,100,0.57
BASE_MEMIT,46,17,RS,60,100,0.6
BASE_MEMIT,46,18,RS,65,100,0.65
BASE_MEMIT,46,19,RS,62,100,0.62
BASE_MEMIT,46,20,RS,58,100,0.58
BASE_MEMIT,46,21,RS,66,100,0.66
BASE_MEMIT,46,22,RS,62,100,0.62
BASE_MEMIT,46,23,RS,62,100,0.62
BASE_MEMIT,46,24,RS,64,100,0.64
BASE_MEMIT,46,25,RS,55,100,0.55
BASE_MEMIT,46,26,RS,58,100,0.58
BASE_MEMIT,46,27,RS,56,100,0.56
BASE_MEMIT,46,28,RS,59,100,0.59
BASE_MEMIT,46,29,RS,63,100,0.63
BASE_MEMIT,46,30,RS,65,100,0.65
BASE_MEMIT,46,31,RS,59,100,0.59
BASE_MEMIT,46,32,RS,62,100,0.62
BASE_MEMIT,46,33,RS,54,100,0.54
BASE_MEMIT,46,34,RS,55,100,0.55
BASE_MEMIT,46,35,RS,57,100,0.57
BASE_MEMIT,46,36,RS,56,100,0.56
BASE_MEMIT,46,37,RS,56,100,0.56
BASE_MEMIT,46,38,RS,61,100,0.61
BASE_MEMIT,46,39,RS,56,100,0.56
BASE_MEMIT,46,40,RS,71,100,0.71
BASE_MEMIT,46,41,RS,67,100,0.67
BASE_MEMIT,46,42,RS,65,100,0.65
BASE_MEMIT,46,43,RS,79,100,0.79
BASE_MEMIT,46,44,RS,76,100,0.76
BASE_MEMIT,46,45,RS,84,100,0.84
BASE_MEMIT,46,46,RS,85,100,0.85
BASE_MEMIT,47,1,RS,51,100,0.51
BASE_MEMIT,47,2,RS,46,100,0.46
BASE_MEMIT,47,3,RS,55,100,0.55
BASE_MEMIT,47,4,RS,58,100,0.58
BASE_MEMIT,47,5,RS,53,100,0.53
BASE_MEMIT,47,6,RS,57,100,0.57
BASE_MEMIT,47,7,RS,55,100,0.55
BASE_MEMIT,47,8,RS,45,100,0.45
BASE_MEMIT,47,9,RS,60,100,0.6
BASE_MEMIT,47,10,RS,53,100,0.53
BASE_MEMIT,47,11,RS,50,100,0.5
BASE_MEMIT,47,12,RS,45,100,0.45
BASE_MEMIT,47,13,RS,58,100,0.58
BASE_MEMIT,47,14,RS,48,100,0.48
BASE_MEMIT,47,15,RS,52,100,0.52
BASE_MEMIT,47,16,RS,56,100,0.56
BASE_MEMIT,47,17,RS,62,100,0.62
BASE_MEMIT,47,18,RS,63,100,0.63
BASE_MEMIT,47,19,RS,60,100,0.6
BASE_MEMIT,47,20,RS,60,100,0.6
BASE_MEMIT,47,21,RS,64,100,0.64
BASE_MEMIT,47,22,RS,62,100,0.62
BASE_MEMIT,47,23,RS,61,100,0.61
BASE_MEMIT,47,24,RS,63,100,0.63
BASE_MEMIT,47,25,RS,56,100,0.56
BASE_MEMIT,47,26,RS,55,100,0.55
BASE_MEMIT,47,27,RS,55,100,0.55
BASE_MEMIT,47,28,RS,58,100,0.58
BASE_MEMIT,47,29,RS,60,100,0.6
BASE_MEMIT,47,30,RS,63,100,0.63
BASE_MEMIT,47,31,RS,57,100,0.57
BASE_MEMIT,47,32,RS,62,100,0.62
BASE_MEMIT,47,33,RS,53,100,0.53
BASE_MEMIT,47,34,RS,58,100,0.58
BASE_MEMIT,47,35,RS,57,100,0.57
BASE_MEMIT,47,36,RS,58,100,0.58
BASE_MEMIT,47,37,RS,54,100,0.54
BASE_MEMIT,47,38,RS,59,100,0.59
BASE_MEMIT,47,39,RS,55,100,0.55
BASE_MEMIT,47,40,RS,70,100,0.7
BASE_MEMIT,47,41,RS,67,100,0.67
BASE_MEMIT,47,42,RS,66,100,0.66
BASE_MEMIT,47,43,RS,78,100,0.78
BASE_MEMIT,47,44,RS,74,100,0.74
BASE_MEMIT,47,45,RS,82,100,0.82
BASE_MEMIT,47,46,RS,83,100,0.83
BASE_MEMIT,47,47,RS,84,100,0.84
BASE_MEMIT,48,1,RS,51,100,0.51
BASE_MEMIT,48,2,RS,46,100,0.46
BASE_MEMIT,48,3,RS,58,100,0.58
BASE_MEMIT,48,4,RS,56,100,0.56
BASE_MEMIT,48,5,RS,50,100,0.5
BASE_MEMIT,48,6,RS,57,100,0.57
BASE_MEMIT,48,7,RS,59,100,0.59
BASE_MEMIT,48,8,RS,48,100,0.48
BASE_MEMIT,48,9,RS,59,100,0.59
BASE_MEMIT,48,10,RS,54,100,0.54
BASE_MEMIT,48,11,RS,52,100,0.52
BASE_MEMIT,48,12,RS,48,100,0.48
BASE_MEMIT,48,13,RS,59,100,0.59
BASE_MEMIT,48,14,RS,48,100,0.48
BASE_MEMIT,48,15,RS,53,100,0.53
BASE_MEMIT,48,16,RS,58,100,0.58
BASE_MEMIT,48,17,RS,62,100,0.62
BASE_MEMIT,48,18,RS,63,100,0.63
BASE_MEMIT,48,19,RS,62,100,0.62
BASE_MEMIT,48,20,RS,57,100,0.57
BASE_MEMIT,48,21,RS,65,100,0.65
BASE_MEMIT,48,22,RS,61,100,0.61
BASE_MEMIT,48,23,RS,65,100,0.65
BASE_MEMIT,48,24,RS,63,100,0.63
BASE_MEMIT,48,25,RS,56,100,0.56
BASE_MEMIT,48,26,RS,60,100,0.6
BASE_MEMIT,48,27,RS,56,100,0.56
BASE_MEMIT,48,28,RS,59,100,0.59
BASE_MEMIT,48,29,RS,59,100,0.59
BASE_MEMIT,48,30,RS,61,100,0.61
BASE_MEMIT,48,31,RS,61,100,0.61
BASE_MEMIT,48,32,RS,62,100,0.62
BASE_MEMIT,48,33,RS,57,100,0.57
BASE_MEMIT,48,34,RS,56,100,0.56
BASE_MEMIT,48,35,RS,57,100,0.57
BASE_MEMIT,48,36,RS,60,100,0.6
BASE_MEMIT,48,37,RS,54,100,0.54
BASE_MEMIT,48,38,RS,60,100,0.6
BASE_MEMIT,48,39,RS,56,100,0.56
BASE_MEMIT,48,40,RS,71,100,0.71
BASE_MEMIT,48,41,RS,66,100,0.66
BASE_MEMIT,48,42,RS,64,100,0.64
BASE_MEMIT,48,43,RS,76,100,0.76
BASE_MEMIT,48,44,RS,74,100,0.74
BASE_MEMIT,48,45,RS,83,100,0.83
BASE_MEMIT,48,46,RS,83,100,0.83
BASE_MEMIT,48,47,RS,79,100,0.79
BASE_MEMIT,48,48,RS,83,100,0.83
BASE_MEMIT,49,1,RS,53,100,0.53
BASE_MEMIT,49,2,RS,48,100,0.48
BASE_MEMIT,49,3,RS,54,100,0.54
BASE_MEMIT,49,4,RS,53,100,0.53
BASE_MEMIT,49,5,RS,52,100,0.52
BASE_MEMIT,49,6,RS,57,100,0.57
BASE_MEMIT,49,7,RS,56,100,0.56
BASE_MEMIT,49,8,RS,49,100,0.49
BASE_MEMIT,49,9,RS,58,100,0.58
BASE_MEMIT,49,10,RS,49,100,0.49
BASE_MEMIT,49,11,RS,52,100,0.52
BASE_MEMIT,49,12,RS,46,100,0.46
BASE_MEMIT,49,13,RS,57,100,0.57
BASE_MEMIT,49,14,RS,50,100,0.5
BASE_MEMIT,49,15,RS,54,100,0.54
BASE_MEMIT,49,16,RS,56,100,0.56
BASE_MEMIT,49,17,RS,61,100,0.61
BASE_MEMIT,49,18,RS,65,100,0.65
BASE_MEMIT,49,19,RS,62,100,0.62
BASE_MEMIT,49,20,RS,59,100,0.59
BASE_MEMIT,49,21,RS,60,100,0.6
BASE_MEMIT,49,22,RS,62,100,0.62
BASE_MEMIT,49,23,RS,66,100,0.66
BASE_MEMIT,49,24,RS,59,100,0.59
BASE_MEMIT,49,25,RS,62,100,0.62
BASE_MEMIT,49,26,RS,57,100,0.57
BASE_MEMIT,49,27,RS,55,100,0.55
BASE_MEMIT,49,28,RS,58,100,0.58
BASE_MEMIT,49,29,RS,61,100,0.61
BASE_MEMIT,49,30,RS,65,100,0.65
BASE_MEMIT,49,31,RS,60,100,0.6
BASE_MEMIT,49,32,RS,62,100,0.62
BASE_MEMIT,49,33,RS,56,100,0.56
BASE_MEMIT,49,34,RS,60,100,0.6
BASE_MEMIT,49,35,RS,56,100,0.56
BASE_MEMIT,49,36,RS,56,100,0.56
BASE_MEMIT,49,37,RS,55,100,0.55
BASE_MEMIT,49,38,RS,57,100,0.57
BASE_MEMIT,49,39,RS,56,100,0.56
BASE_MEMIT,49,40,RS,69,100,0.69
BASE_MEMIT,49,41,RS,69,100,0.69
BASE_MEMIT,49,42,RS,67,100,0.67
BASE_MEMIT,49,43,RS,76,100,0.76
BASE_MEMIT,49,44,RS,77,100,0.77
BASE_MEMIT,49,45,RS,87,100,0.87
BASE_MEMIT,49,46,RS,84,100,0.84
BASE_MEMIT,49,47,RS,81,100,0.81
BASE_MEMIT,49,48,RS,84,100,0.84
BASE_MEMIT,49,49,RS,82,100,0.82
BASE_MEMIT,50,1,RS,54,100,0.54
BASE_MEMIT,50,2,RS,47,100,0.47
BASE_MEMIT,50,3,RS,54,100,0.54
BASE_MEMIT,50,4,RS,52,100,0.52
BASE_MEMIT,50,5,RS,51,100,0.51
BASE_MEMIT,50,6,RS,55,100,0.55
BASE_MEMIT,50,7,RS,54,100,0.54
BASE_MEMIT,50,8,RS,46,100,0.46
BASE_MEMIT,50,9,RS,58,100,0.58
BASE_MEMIT,50,10,RS,53,100,0.53
BASE_MEMIT,50,11,RS,55,100,0.55
BASE_MEMIT,50,12,RS,48,100,0.48
BASE_MEMIT,50,13,RS,58,100,0.58
BASE_MEMIT,50,14,RS,47,100,0.47
BASE_MEMIT,50,15,RS,54,100,0.54
BASE_MEMIT,50,16,RS,55,100,0.55
BASE_MEMIT,50,17,RS,61,100,0.61
BASE_MEMIT,50,18,RS,64,100,0.64
BASE_MEMIT,50,19,RS,61,100,0.61
BASE_MEMIT,50,20,RS,61,100,0.61
BASE_MEMIT,50,21,RS,55,100,0.55
BASE_MEMIT,50,22,RS,62,100,0.62
BASE_MEMIT,50,23,RS,67,100,0.67
BASE_MEMIT,50,24,RS,67,100,0.67
BASE_MEMIT,50,25,RS,64,100,0.64
BASE_MEMIT,50,26,RS,56,100,0.56
BASE_MEMIT,50,27,RS,55,100,0.55
BASE_MEMIT,50,28,RS,57,100,0.57
BASE_MEMIT,50,29,RS,60,100,0.6
BASE_MEMIT,50,30,RS,67,100,0.67
BASE_MEMIT,50,31,RS,56,100,0.56
BASE_MEMIT,50,32,RS,62,100,0.62
BASE_MEMIT,50,33,RS,58,100,0.58
BASE_MEMIT,50,34,RS,57,100,0.57
BASE_MEMIT,50,35,RS,55,100,0.55
BASE_MEMIT,50,36,RS,57,100,0.57
BASE_MEMIT,50,37,RS,55,100,0.55
BASE_MEMIT,50,38,RS,55,100,0.55
BASE_MEMIT,50,39,RS,56,100,0.56
BASE_MEMIT,50,40,RS,67,100,0.67
BASE_MEMIT,50,41,RS,65,100,0.65
BASE_MEMIT,50,42,RS,64,100,0.64
BASE_MEMIT,50,43,RS,79,100,0.79
BASE_MEMIT,50,44,RS,74,100,0.74
BASE_MEMIT,50,45,RS,85,100,0.85
BASE_MEMIT,50,46,RS,82,100,0.82
BASE_MEMIT,50,47,RS,81,100,0.81
BASE_MEMIT,50,48,RS,81,100,0.81
BASE_MEMIT,50,49,RS,82,100,0.82
BASE_MEMIT,50,50,RS,84,100,0.84
BASE_MEMIT,51,1,RS,51,100,0.51
BASE_MEMIT,51,2,RS,47,100,0.47
BASE_MEMIT,51,3,RS,52,100,0.52
BASE_MEMIT,51,4,RS,55,100,0.55
BASE_MEMIT,51,5,RS,54,100,0.54
BASE_MEMIT,51,6,RS,55,100,0.55
BASE_MEMIT,51,7,RS,54,100,0.54
BASE_MEMIT,51,8,RS,41,100,0.41
BASE_MEMIT,51,9,RS,55,100,0.55
BASE_MEMIT,51,10,RS,54,100,0.54
BASE_MEMIT,51,11,RS,53,100,0.53
BASE_MEMIT,51,12,RS,51,100,0.51
BASE_MEMIT,51,13,RS,57,100,0.57
BASE_MEMIT,51,14,RS,46,100,0.46
BASE_MEMIT,51,15,RS,56,100,0.56
BASE_MEMIT,51,16,RS,60,100,0.6
BASE_MEMIT,51,17,RS,62,100,0.62
BASE_MEMIT,51,18,RS,61,100,0.61
BASE_MEMIT,51,19,RS,61,100,0.61
BASE_MEMIT,51,20,RS,62,100,0.62
BASE_MEMIT,51,21,RS,56,100,0.56
BASE_MEMIT,51,22,RS,67,100,0.67
BASE_MEMIT,51,23,RS,66,100,0.66
BASE_MEMIT,51,24,RS,65,100,0.65
BASE_MEMIT,51,25,RS,61,100,0.61
BASE_MEMIT,51,26,RS,57,100,0.57
BASE_MEMIT,51,27,RS,55,100,0.55
BASE_MEMIT,51,28,RS,60,100,0.6
BASE_MEMIT,51,29,RS,57,100,0.57
BASE_MEMIT,51,30,RS,69,100,0.69
BASE_MEMIT,51,31,RS,56,100,0.56
BASE_MEMIT,51,32,RS,64,100,0.64
BASE_MEMIT,51,33,RS,56,100,0.56
BASE_MEMIT,51,34,RS,62,100,0.62
BASE_MEMIT,51,35,RS,56,100,0.56
BASE_MEMIT,51,36,RS,56,100,0.56
BASE_MEMIT,51,37,RS,57,100,0.57
BASE_MEMIT,51,38,RS,56,100,0.56
BASE_MEMIT,51,39,RS,62,100,0.62
BASE_MEMIT,51,40,RS,67,100,0.67
BASE_MEMIT,51,41,RS,66,100,0.66
BASE_MEMIT,51,42,RS,64,100,0.64
BASE_MEMIT,51,43,RS,78,100,0.78
BASE_MEMIT,51,44,RS,78,100,0.78
BASE_MEMIT,51,45,RS,85,100,0.85
BASE_MEMIT,51,46,RS,79,100,0.79
BASE_MEMIT,51,47,RS,82,100,0.82
BASE_MEMIT,51,48,RS,79,100,0.79
BASE_MEMIT,51,49,RS,82,100,0.82
BASE_MEMIT,51,50,RS,83,100,0.83
BASE_MEMIT,51,51,RS,81,100,0.81
BASE_MEMIT,52,1,RS,49,100,0.49
BASE_MEMIT,52,2,RS,50,100,0.5
BASE_MEMIT,52,3,RS,52,100,0.52
BASE_MEMIT,52,4,RS,54,100,0.54
BASE_MEMIT,52,5,RS,52,100,0.52
BASE_MEMIT,52,6,RS,57,100,0.57
BASE_MEMIT,52,7,RS,57,100,0.57
BASE_MEMIT,52,8,RS,44,100,0.44
BASE_MEMIT,52,9,RS,54,100,0.54
BASE_MEMIT,52,10,RS,56,100,0.56
BASE_MEMIT,52,11,RS,51,100,0.51
BASE_MEMIT,52,12,RS,46,100,0.46
BASE_MEMIT,52,13,RS,57,100,0.57
BASE_MEMIT,52,14,RS,47,100,0.47
BASE_MEMIT,52,15,RS,56,100,0.56
BASE_MEMIT,52,16,RS,60,100,0.6
BASE_MEMIT,52,17,RS,61,100,0.61
BASE_MEMIT,52,18,RS,58,100,0.58
BASE_MEMIT,52,19,RS,61,100,0.61
BASE_MEMIT,52,20,RS,63,100,0.63
BASE_MEMIT,52,21,RS,54,100,0.54
BASE_MEMIT,52,22,RS,65,100,0.65
BASE_MEMIT,52,23,RS,68,100,0.68
BASE_MEMIT,52,24,RS,61,100,0.61
BASE_MEMIT,52,25,RS,62,100,0.62
BASE_MEMIT,52,26,RS,56,100,0.56
BASE_MEMIT,52,27,RS,54,100,0.54
BASE_MEMIT,52,28,RS,55,100,0.55
BASE_MEMIT,52,29,RS,59,100,0.59
BASE_MEMIT,52,30,RS,66,100,0.66
BASE_MEMIT,52,31,RS,56,100,0.56
BASE_MEMIT,52,32,RS,60,100,0.6
BASE_MEMIT,52,33,RS,59,100,0.59
BASE_MEMIT,52,34,RS,58,100,0.58
BASE_MEMIT,52,35,RS,55,100,0.55
BASE_MEMIT,52,36,RS,56,100,0.56
BASE_MEMIT,52,37,RS,53,100,0.53
BASE_MEMIT,52,38,RS,58,100,0.58
BASE_MEMIT,52,39,RS,59,100,0.59
BASE_MEMIT,52,40,RS,67,100,0.67
BASE_MEMIT,52,41,RS,65,100,0.65
BASE_MEMIT,52,42,RS,65,100,0.65
BASE_MEMIT,52,43,RS,76,100,0.76
BASE_MEMIT,52,44,RS,76,100,0.76
BASE_MEMIT,52,45,RS,81,100,0.81
BASE_MEMIT,52,46,RS,79,100,0.79
BASE_MEMIT,52,47,RS,79,100,0.79
BASE_MEMIT,52,48,RS,76,100,0.76
BASE_MEMIT,52,49,RS,82,100,0.82
BASE_MEMIT,52,50,RS,83,100,0.83
BASE_MEMIT,52,51,RS,80,100,0.8
BASE_MEMIT,52,52,RS,83,100,0.83
BASE_MEMIT,53,1,RS,46,100,0.46
BASE_MEMIT,53,2,RS,49,100,0.49
BASE_MEMIT,53,3,RS,53,100,0.53
BASE_MEMIT,53,4,RS,54,100,0.54
BASE_MEMIT,53,5,RS,54,100,0.54
BASE_MEMIT,53,6,RS,55,100,0.55
BASE_MEMIT,53,7,RS,52,100,0.52
BASE_MEMIT,53,8,RS,47,100,0.47
BASE_MEMIT,53,9,RS,55,100,0.55
BASE_MEMIT,53,10,RS,54,100,0.54
BASE_MEMIT,53,11,RS,47,100,0.47
BASE_MEMIT,53,12,RS,48,100,0.48
BASE_MEMIT,53,13,RS,56,100,0.56
BASE_MEMIT,53,14,RS,43,100,0.43
BASE_MEMIT,53,15,RS,54,100,0.54
BASE_MEMIT,53,16,RS,60,100,0.6
BASE_MEMIT,53,17,RS,65,100,0.65
BASE_MEMIT,53,18,RS,62,100,0.62
BASE_MEMIT,53,19,RS,63,100,0.63
BASE_MEMIT,53,20,RS,66,100,0.66
BASE_MEMIT,53,21,RS,59,100,0.59
BASE_MEMIT,53,22,RS,64,100,0.64
BASE_MEMIT,53,23,RS,70,100,0.7
BASE_MEMIT,53,24,RS,55,100,0.55
BASE_MEMIT,53,25,RS,65,100,0.65
BASE_MEMIT,53,26,RS,54,100,0.54
BASE_MEMIT,53,27,RS,57,100,0.57
BASE_MEMIT,53,28,RS,57,100,0.57
BASE_MEMIT,53,29,RS,60,100,0.6
BASE_MEMIT,53,30,RS,63,100,0.63
BASE_MEMIT,53,31,RS,54,100,0.54
BASE_MEMIT,53,32,RS,59,100,0.59
BASE_MEMIT,53,33,RS,60,100,0.6
BASE_MEMIT,53,34,RS,58,100,0.58
BASE_MEMIT,53,35,RS,55,100,0.55
BASE_MEMIT,53,36,RS,58,100,0.58
BASE_MEMIT,53,37,RS,51,100,0.51
BASE_MEMIT,53,38,RS,60,100,0.6
BASE_MEMIT,53,39,RS,59,100,0.59
BASE_MEMIT,53,40,RS,68,100,0.68
BASE_MEMIT,53,41,RS,62,100,0.62
BASE_MEMIT,53,42,RS,62,100,0.62
BASE_MEMIT,53,43,RS,73,100,0.73
BASE_MEMIT,53,44,RS,76,100,0.76
BASE_MEMIT,53,45,RS,83,100,0.83
BASE_MEMIT,53,46,RS,75,100,0.75
BASE_MEMIT,53,47,RS,78,100,0.78
BASE_MEMIT,53,48,RS,72,100,0.72
BASE_MEMIT,53,49,RS,83,100,0.83
BASE_MEMIT,53,50,RS,82,100,0.82
BASE_MEMIT,53,51,RS,79,100,0.79
BASE_MEMIT,53,52,RS,79,100,0.79
BASE_MEMIT,53,53,RS,83,100,0.83
BASE_MEMIT,54,1,RS,49,100,0.49
BASE_MEMIT,54,2,RS,51,100,0.51
BASE_MEMIT,54,3,RS,53,100,0.53
BASE_MEMIT,54,4,RS,54,100,0.54
BASE_MEMIT,54,5,RS,52,100,0.52
BASE_MEMIT,54,6,RS,59,100,0.59
BASE_MEMIT,54,7,RS,53,100,0.53
BASE_MEMIT,54,8,RS,46,100,0.46
BASE_MEMIT,54,9,RS,55,100,0.55
BASE_MEMIT,54,10,RS,50,100,0.5
BASE_MEMIT,54,11,RS,48,100,0.48
BASE_MEMIT,54,12,RS,44,100,0.44
BASE_MEMIT,54,13,RS,57,100,0.57
BASE_MEMIT,54,14,RS,45,100,0.45
BASE_MEMIT,54,15,RS,54,100,0.54
BASE_MEMIT,54,16,RS,63,100,0.63
BASE_MEMIT,54,17,RS,62,100,0.62
BASE_MEMIT,54,18,RS,61,100,0.61
BASE_MEMIT,54,19,RS,63,100,0.63
BASE_MEMIT,54,20,RS,65,100,0.65
BASE_MEMIT,54,21,RS,57,100,0.57
BASE_MEMIT,54,22,RS,63,100,0.63
BASE_MEMIT,54,23,RS,70,100,0.7
BASE_MEMIT,54,24,RS,59,100,0.59
BASE_MEMIT,54,25,RS,63,100,0.63
BASE_MEMIT,54,26,RS,57,100,0.57
BASE_MEMIT,54,27,RS,55,100,0.55
BASE_MEMIT,54,28,RS,58,100,0.58
BASE_MEMIT,54,29,RS,61,100,0.61
BASE_MEMIT,54,30,RS,67,100,0.67
BASE_MEMIT,54,31,RS,55,100,0.55
BASE_MEMIT,54,32,RS,59,100,0.59
BASE_MEMIT,54,33,RS,61,100,0.61
BASE_MEMIT,54,34,RS,57,100,0.57
BASE_MEMIT,54,35,RS,54,100,0.54
BASE_MEMIT,54,36,RS,55,100,0.55
BASE_MEMIT,54,37,RS,54,100,0.54
BASE_MEMIT,54,38,RS,61,100,0.61
BASE_MEMIT,54,39,RS,58,100,0.58
BASE_MEMIT,54,40,RS,69,100,0.69
BASE_MEMIT,54,41,RS,65,100,0.65
BASE_MEMIT,54,42,RS,60,100,0.6
BASE_MEMIT,54,43,RS,75,100,0.75
BASE_MEMIT,54,44,RS,73,100,0.73
BASE_MEMIT,54,45,RS,82,100,0.82
BASE_MEMIT,54,46,RS,80,100,0.8
BASE_MEMIT,54,47,RS,76,100,0.76
BASE_MEMIT,54,48,RS,72,100,0.72
BASE_MEMIT,54,49,RS,81,100,0.81
BASE_MEMIT,54,50,RS,83,100,0.83
BASE_MEMIT,54,51,RS,78,100,0.78
BASE_MEMIT,54,52,RS,78,100,0.78
BASE_MEMIT,54,53,RS,84,100,0.84
BASE_MEMIT,54,54,RS,90,100,0.9
BASE_MEMIT,55,1,RS,49,100,0.49
BASE_MEMIT,55,2,RS,50,100,0.5
BASE_MEMIT,55,3,RS,56,100,0.56
BASE_MEMIT,55,4,RS,48,100,0.48
BASE_MEMIT,55,5,RS,50,100,0.5
BASE_MEMIT,55,6,RS,60,100,0.6
BASE_MEMIT,55,7,RS,61,100,0.61
BASE_MEMIT,55,8,RS,43,100,0.43
BASE_MEMIT,55,9,RS,58,100,0.58
BASE_MEMIT,55,10,RS,52,100,0.52
BASE_MEMIT,55,11,RS,52,100,0.52
BASE_MEMIT,55,12,RS,43,100,0.43
BASE_MEMIT,55,13,RS,57,100,0.57
BASE_MEMIT,55,14,RS,47,100,0.47
BASE_MEMIT,55,15,RS,54,100,0.54
BASE_MEMIT,55,16,RS,59,100,0.59
BASE_MEMIT,55,17,RS,63,100,0.63
BASE_MEMIT,55,18,RS,62,100,0.62
BASE_MEMIT,55,19,RS,63,100,0.63
BASE_MEMIT,55,20,RS,65,100,0.65
BASE_MEMIT,55,21,RS,57,100,0.57
BASE_MEMIT,55,22,RS,66,100,0.66
BASE_MEMIT,55,23,RS,68,100,0.68
BASE_MEMIT,55,24,RS,57,100,0.57
BASE_MEMIT,55,25,RS,61,100,0.61
BASE_MEMIT,55,26,RS,58,100,0.58
BASE_MEMIT,55,27,RS,56,100,0.56
BASE_MEMIT,55,28,RS,58,100,0.58
BASE_MEMIT,55,29,RS,61,100,0.61
BASE_MEMIT,55,30,RS,67,100,0.67
BASE_MEMIT,55,31,RS,54,100,0.54
BASE_MEMIT,55,32,RS,61,100,0.61
BASE_MEMIT,55,33,RS,57,100,0.57
BASE_MEMIT,55,34,RS,55,100,0.55
BASE_MEMIT,55,35,RS,53,100,0.53
BASE_MEMIT,55,36,RS,57,100,0.57
BASE_MEMIT,55,37,RS,53,100,0.53
BASE_MEMIT,55,38,RS,56,100,0.56
BASE_MEMIT,55,39,RS,59,100,0.59
BASE_MEMIT,55,40,RS,67,100,0.67
BASE_MEMIT,55,41,RS,66,100,0.66
BASE_MEMIT,55,42,RS,59,100,0.59
BASE_MEMIT,55,43,RS,72,100,0.72
BASE_MEMIT,55,44,RS,73,100,0.73
BASE_MEMIT,55,45,RS,75,100,0.75
BASE_MEMIT,55,46,RS,76,100,0.76
BASE_MEMIT,55,47,RS,74,100,0.74
BASE_MEMIT,55,48,RS,75,100,0.75
BASE_MEMIT,55,49,RS,79,100,0.79
BASE_MEMIT,55,50,RS,79,100,0.79
BASE_MEMIT,55,51,RS,78,100,0.78
BASE_MEMIT,55,52,RS,77,100,0.77
BASE_MEMIT,55,53,RS,84,100,0.84
BASE_MEMIT,55,54,RS,84,100,0.84
BASE_MEMIT,55,55,RS,88,100,0.88
BASE_MEMIT,56,1,RS,50,100,0.5
BASE_MEMIT,56,2,RS,50,100,0.5
BASE_MEMIT,56,3,RS,58,100,0.58
BASE_MEMIT,56,4,RS,49,100,0.49
BASE_MEMIT,56,5,RS,52,100,0.52
BASE_MEMIT,56,6,RS,60,100,0.6
BASE_MEMIT,56,7,RS,54,100,0.54
BASE_MEMIT,56,8,RS,40,100,0.4
BASE_MEMIT,56,9,RS,58,100,0.58
BASE_MEMIT,56,10,RS,50,100,0.5
BASE_MEMIT,56,11,RS,48,100,0.48
BASE_MEMIT,56,12,RS,47,100,0.47
BASE_MEMIT,56,13,RS,57,100,0.57
BASE_MEMIT,56,14,RS,44,100,0.44
BASE_MEMIT,56,15,RS,53,100,0.53
BASE_MEMIT,56,16,RS,60,100,0.6
BASE_MEMIT,56,17,RS,61,100,0.61
BASE_MEMIT,56,18,RS,61,100,0.61
BASE_MEMIT,56,19,RS,63,100,0.63
BASE_MEMIT,56,20,RS,61,100,0.61
BASE_MEMIT,56,21,RS,55,100,0.55
BASE_MEMIT,56,22,RS,61,100,0.61
BASE_MEMIT,56,23,RS,66,100,0.66
BASE_MEMIT,56,24,RS,59,100,0.59
BASE_MEMIT,56,25,RS,63,100,0.63
BASE_MEMIT,56,26,RS,57,100,0.57
BASE_MEMIT,56,27,RS,57,100,0.57
BASE_MEMIT,56,28,RS,56,100,0.56
BASE_MEMIT,56,29,RS,59,100,0.59
BASE_MEMIT,56,30,RS,64,100,0.64
BASE_MEMIT,56,31,RS,54,100,0.54
BASE_MEMIT,56,32,RS,60,100,0.6
BASE_MEMIT,56,33,RS,59,100,0.59
BASE_MEMIT,56,34,RS,53,100,0.53
BASE_MEMIT,56,35,RS,51,100,0.51
BASE_MEMIT,56,36,RS,54,100,0.54
BASE_MEMIT,56,37,RS,52,100,0.52
BASE_MEMIT,56,38,RS,59,100,0.59
BASE_MEMIT,56,39,RS,59,100,0.59
BASE_MEMIT,56,40,RS,63,100,0.63
BASE_MEMIT,56,41,RS,64,100,0.64
BASE_MEMIT,56,42,RS,57,100,0.57
BASE_MEMIT,56,43,RS,70,100,0.7
BASE_MEMIT,56,44,RS,69,100,0.69
BASE_MEMIT,56,45,RS,74,100,0.74
BASE_MEMIT,56,46,RS,73,100,0.73
BASE_MEMIT,56,47,RS,72,100,0.72
BASE_MEMIT,56,48,RS,75,100,0.75
BASE_MEMIT,56,49,RS,76,100,0.76
BASE_MEMIT,56,50,RS,76,100,0.76
BASE_MEMIT,56,51,RS,74,100,0.74
BASE_MEMIT,56,52,RS,77,100,0.77
BASE_MEMIT,56,53,RS,83,100,0.83
BASE_MEMIT,56,54,RS,81,100,0.81
BASE_MEMIT,56,55,RS,87,100,0.87
BASE_MEMIT,56,56,RS,85,100,0.85
BASE_MEMIT,57,1,RS,50,100,0.5
BASE_MEMIT,57,2,RS,49,100,0.49
BASE_MEMIT,57,3,RS,58,100,0.58
BASE_MEMIT,57,4,RS,53,100,0.53
BASE_MEMIT,57,5,RS,50,100,0.5
BASE_MEMIT,57,6,RS,57,100,0.57
BASE_MEMIT,57,7,RS,54,100,0.54
BASE_MEMIT,57,8,RS,43,100,0.43
BASE_MEMIT,57,9,RS,54,100,0.54
BASE_MEMIT,57,10,RS,50,100,0.5
BASE_MEMIT,57,11,RS,48,100,0.48
BASE_MEMIT,57,12,RS,44,100,0.44
BASE_MEMIT,57,13,RS,54,100,0.54
BASE_MEMIT,57,14,RS,47,100,0.47
BASE_MEMIT,57,15,RS,54,100,0.54
BASE_MEMIT,57,16,RS,57,100,0.57
BASE_MEMIT,57,17,RS,60,100,0.6
BASE_MEMIT,57,18,RS,60,100,0.6
BASE_MEMIT,57,19,RS,60,100,0.6
BASE_MEMIT,57,20,RS,63,100,0.63
BASE_MEMIT,57,21,RS,53,100,0.53
BASE_MEMIT,57,22,RS,59,100,0.59
BASE_MEMIT,57,23,RS,62,100,0.62
BASE_MEMIT,57,24,RS,56,100,0.56
BASE_MEMIT,57,25,RS,62,100,0.62
BASE_MEMIT,57,26,RS,53,100,0.53
BASE_MEMIT,57,27,RS,55,100,0.55
BASE_MEMIT,57,28,RS,56,100,0.56
BASE_MEMIT,57,29,RS,56,100,0.56
BASE_MEMIT,57,30,RS,61,100,0.61
BASE_MEMIT,57,31,RS,57,100,0.57
BASE_MEMIT,57,32,RS,55,100,0.55
BASE_MEMIT,57,33,RS,57,100,0.57
BASE_MEMIT,57,34,RS,54,100,0.54
BASE_MEMIT,57,35,RS,54,100,0.54
BASE_MEMIT,57,36,RS,52,100,0.52
BASE_MEMIT,57,37,RS,50,100,0.5
BASE_MEMIT,57,38,RS,63,100,0.63
BASE_MEMIT,57,39,RS,58,100,0.58
BASE_MEMIT,57,40,RS,62,100,0.62
BASE_MEMIT,57,41,RS,65,100,0.65
BASE_MEMIT,57,42,RS,59,100,0.59
BASE_MEMIT,57,43,RS,72,100,0.72
BASE_MEMIT,57,44,RS,65,100,0.65
BASE_MEMIT,57,45,RS,73,100,0.73
BASE_MEMIT,57,46,RS,73,100,0.73
BASE_MEMIT,57,47,RS,71,100,0.71
BASE_MEMIT,57,48,RS,76,100,0.76
BASE_MEMIT,57,49,RS,76,100,0.76
BASE_MEMIT,57,50,RS,73,100,0.73
BASE_MEMIT,57,51,RS,76,100,0.76
BASE_MEMIT,57,52,RS,77,100,0.77
BASE_MEMIT,57,53,RS,79,100,0.79
BASE_MEMIT,57,54,RS,83,100,0.83
BASE_MEMIT,57,55,RS,86,100,0.86
BASE_MEMIT,57,56,RS,85,100,0.85
BASE_MEMIT,57,57,RS,89,100,0.89
BASE_MEMIT,58,1,RS,49,100,0.49
BASE_MEMIT,58,2,RS,46,100,0.46
BASE_MEMIT,58,3,RS,59,100,0.59
BASE_MEMIT,58,4,RS,53,100,0.53
BASE_MEMIT,58,5,RS,51,100,0.51
BASE_MEMIT,58,6,RS,56,100,0.56
BASE_MEMIT,58,7,RS,54,100,0.54
BASE_MEMIT,58,8,RS,46,100,0.46
BASE_MEMIT,58,9,RS,57,100,0.57
BASE_MEMIT,58,10,RS,49,100,0.49
BASE_MEMIT,58,11,RS,51,100,0.51
BASE_MEMIT,58,12,RS,45,100,0.45
BASE_MEMIT,58,13,RS,56,100,0.56
BASE_MEMIT,58,14,RS,50,100,0.5
BASE_MEMIT,58,15,RS,52,100,0.52
BASE_MEMIT,58,16,RS,55,100,0.55
BASE_MEMIT,58,17,RS,59,100,0.59
BASE_MEMIT,58,18,RS,63,100,0.63
BASE_MEMIT,58,19,RS,58,100,0.58
BASE_MEMIT,58,20,RS,63,100,0.63
BASE_MEMIT,58,21,RS,55,100,0.55
BASE_MEMIT,58,22,RS,60,100,0.6
BASE_MEMIT,58,23,RS,61,100,0.61
BASE_MEMIT,58,24,RS,58,100,0.58
BASE_MEMIT,58,25,RS,61,100,0.61
BASE_MEMIT,58,26,RS,53,100,0.53
BASE_MEMIT,58,27,RS,55,100,0.55
BASE_MEMIT,58,28,RS,54,100,0.54
BASE_MEMIT,58,29,RS,57,100,0.57
BASE_MEMIT,58,30,RS,63,100,0.63
BASE_MEMIT,58,31,RS,52,100,0.52
BASE_MEMIT,58,32,RS,57,100,0.57
BASE_MEMIT,58,33,RS,57,100,0.57
BASE_MEMIT,58,34,RS,54,100,0.54
BASE_MEMIT,58,35,RS,55,100,0.55
BASE_MEMIT,58,36,RS,53,100,0.53
BASE_MEMIT,58,37,RS,53,100,0.53
BASE_MEMIT,58,38,RS,60,100,0.6
BASE_MEMIT,58,39,RS,60,100,0.6
BASE_MEMIT,58,40,RS,63,100,0.63
BASE_MEMIT,58,41,RS,61,100,0.61
BASE_MEMIT,58,42,RS,57,100,0.57
BASE_MEMIT,58,43,RS,70,100,0.7
BASE_MEMIT,58,44,RS,66,100,0.66
BASE_MEMIT,58,45,RS,73,100,0.73
BASE_MEMIT,58,46,RS,70,100,0.7
BASE_MEMIT,58,47,RS,75,100,0.75
BASE_MEMIT,58,48,RS,74,100,0.74
BASE_MEMIT,58,49,RS,73,100,0.73
BASE_MEMIT,58,50,RS,70,100,0.7
BASE_MEMIT,58,51,RS,73,100,0.73
BASE_MEMIT,58,52,RS,77,100,0.77
BASE_MEMIT,58,53,RS,78,100,0.78
BASE_MEMIT,58,54,RS,84,100,0.84
BASE_MEMIT,58,55,RS,86,100,0.86
BASE_MEMIT,58,56,RS,85,100,0.85
BASE_MEMIT,58,57,RS,90,100,0.9
BASE_MEMIT,58,58,RS,89,100,0.89
BASE_MEMIT,59,1,RS,49,100,0.49
BASE_MEMIT,59,2,RS,50,100,0.5
BASE_MEMIT,59,3,RS,57,100,0.57
BASE_MEMIT,59,4,RS,52,100,0.52
BASE_MEMIT,59,5,RS,48,100,0.48
BASE_MEMIT,59,6,RS,54,100,0.54
BASE_MEMIT,59,7,RS,57,100,0.57
BASE_MEMIT,59,8,RS,44,100,0.44
BASE_MEMIT,59,9,RS,59,100,0.59
BASE_MEMIT,59,10,RS,45,100,0.45
BASE_MEMIT,59,11,RS,51,100,0.51
BASE_MEMIT,59,12,RS,44,100,0.44
BASE_MEMIT,59,13,RS,58,100,0.58
BASE_MEMIT,59,14,RS,50,100,0.5
BASE_MEMIT,59,15,RS,51,100,0.51
BASE_MEMIT,59,16,RS,59,100,0.59
BASE_MEMIT,59,17,RS,61,100,0.61
BASE_MEMIT,59,18,RS,59,100,0.59
BASE_MEMIT,59,19,RS,58,100,0.58
BASE_MEMIT,59,20,RS,63,100,0.63
BASE_MEMIT,59,21,RS,52,100,0.52
BASE_MEMIT,59,22,RS,59,100,0.59
BASE_MEMIT,59,23,RS,61,100,0.61
BASE_MEMIT,59,24,RS,60,100,0.6
BASE_MEMIT,59,25,RS,61,100,0.61
BASE_MEMIT,59,26,RS,53,100,0.53
BASE_MEMIT,59,27,RS,51,100,0.51
BASE_MEMIT,59,28,RS,53,100,0.53
BASE_MEMIT,59,29,RS,59,100,0.59
BASE_MEMIT,59,30,RS,62,100,0.62
BASE_MEMIT,59,31,RS,52,100,0.52
BASE_MEMIT,59,32,RS,56,100,0.56
BASE_MEMIT,59,33,RS,56,100,0.56
BASE_MEMIT,59,34,RS,54,100,0.54
BASE_MEMIT,59,35,RS,49,100,0.49
BASE_MEMIT,59,36,RS,55,100,0.55
BASE_MEMIT,59,37,RS,51,100,0.51
BASE_MEMIT,59,38,RS,62,100,0.62
BASE_MEMIT,59,39,RS,60,100,0.6
BASE_MEMIT,59,40,RS,63,100,0.63
BASE_MEMIT,59,41,RS,60,100,0.6
BASE_MEMIT,59,42,RS,58,100,0.58
BASE_MEMIT,59,43,RS,68,100,0.68
BASE_MEMIT,59,44,RS,66,100,0.66
BASE_MEMIT,59,45,RS,74,100,0.74
BASE_MEMIT,59,46,RS,68,100,0.68
BASE_MEMIT,59,47,RS,73,100,0.73
BASE_MEMIT,59,48,RS,68,100,0.68
BASE_MEMIT,59,49,RS,77,100,0.77
BASE_MEMIT,59,50,RS,70,100,0.7
BASE_MEMIT,59,51,RS,71,100,0.71
BASE_MEMIT,59,52,RS,75,100,0.75
BASE_MEMIT,59,53,RS,79,100,0.79
BASE_MEMIT,59,54,RS,83,100,0.83
BASE_MEMIT,59,55,RS,83,100,0.83
BASE_MEMIT,59,56,RS,81,100,0.81
BASE_MEMIT,59,57,RS,89,100,0.89
BASE_MEMIT,59,58,RS,85,100,0.85
BASE_MEMIT,59,59,RS,94,100,0.94
BASE_MEMIT,60,1,RS,48,100,0.48
BASE_MEMIT,60,2,RS,46,100,0.46
BASE_MEMIT,60,3,RS,58,100,0.58
BASE_MEMIT,60,4,RS,47,100,0.47
BASE_MEMIT,60,5,RS,50,100,0.5
BASE_MEMIT,60,6,RS,49,100,0.49
BASE_MEMIT,60,7,RS,56,100,0.56
BASE_MEMIT,60,8,RS,42,100,0.42
BASE_MEMIT,60,9,RS,59,100,0.59
BASE_MEMIT,60,10,RS,48,100,0.48
BASE_MEMIT,60,11,RS,51,100,0.51
BASE_MEMIT,60,12,RS,45,100,0.45
BASE_MEMIT,60,13,RS,48,100,0.48
BASE_MEMIT,60,14,RS,48,100,0.48
BASE_MEMIT,60,15,RS,50,100,0.5
BASE_MEMIT,60,16,RS,55,100,0.55
BASE_MEMIT,60,17,RS,57,100,0.57
BASE_MEMIT,60,18,RS,58,100,0.58
BASE_MEMIT,60,19,RS,56,100,0.56
BASE_MEMIT,60,20,RS,63,100,0.63
BASE_MEMIT,60,21,RS,56,100,0.56
BASE_MEMIT,60,22,RS,59,100,0.59
BASE_MEMIT,60,23,RS,62,100,0.62
BASE_MEMIT,60,24,RS,58,100,0.58
BASE_MEMIT,60,25,RS,58,100,0.58
BASE_MEMIT,60,26,RS,55,100,0.55
BASE_MEMIT,60,27,RS,51,100,0.51
BASE_MEMIT,60,28,RS,52,100,0.52
BASE_MEMIT,60,29,RS,57,100,0.57
BASE_MEMIT,60,30,RS,60,100,0.6
BASE_MEMIT,60,31,RS,58,100,0.58
BASE_MEMIT,60,32,RS,56,100,0.56
BASE_MEMIT,60,33,RS,53,100,0.53
BASE_MEMIT,60,34,RS,53,100,0.53
BASE_MEMIT,60,35,RS,53,100,0.53
BASE_MEMIT,60,36,RS,55,100,0.55
BASE_MEMIT,60,37,RS,49,100,0.49
BASE_MEMIT,60,38,RS,61,100,0.61
BASE_MEMIT,60,39,RS,58,100,0.58
BASE_MEMIT,60,40,RS,62,100,0.62
BASE_MEMIT,60,41,RS,59,100,0.59
BASE_MEMIT,60,42,RS,58,100,0.58
BASE_MEMIT,60,43,RS,66,100,0.66
BASE_MEMIT,60,44,RS,65,100,0.65
BASE_MEMIT,60,45,RS,73,100,0.73
BASE_MEMIT,60,46,RS,71,100,0.71
BASE_MEMIT,60,47,RS,65,100,0.65
BASE_MEMIT,60,48,RS,72,100,0.72
BASE_MEMIT,60,49,RS,75,100,0.75
BASE_MEMIT,60,50,RS,67,100,0.67
BASE_MEMIT,60,51,RS,67,100,0.67
BASE_MEMIT,60,52,RS,69,100,0.69
BASE_MEMIT,60,53,RS,77,100,0.77
BASE_MEMIT,60,54,RS,83,100,0.83
BASE_MEMIT,60,55,RS,81,100,0.81
BASE_MEMIT,60,56,RS,81,100,0.81
BASE_MEMIT,60,57,RS,86,100,0.86
BASE_MEMIT,60,58,RS,85,100,0.85
BASE_MEMIT,60,59,RS,92,100,0.92
BASE_MEMIT,60,60,RS,88,100,0.88
BASE_MEMIT,61,1,RS,49,100,0.49
BASE_MEMIT,61,2,RS,52,100,0.52
BASE_MEMIT,61,3,RS,56,100,0.56
BASE_MEMIT,61,4,RS,50,100,0.5
BASE_MEMIT,61,5,RS,49,100,0.49
BASE_MEMIT,61,6,RS,51,100,0.51
BASE_MEMIT,61,7,RS,59,100,0.59
BASE_MEMIT,61,8,RS,48,100,0.48
BASE_MEMIT,61,9,RS,61,100,0.61
BASE_MEMIT,61,10,RS,53,100,0.53
BASE_MEMIT,61,11,RS,50,100,0.5
BASE_MEMIT,61,12,RS,43,100,0.43
BASE_MEMIT,61,13,RS,47,100,0.47
BASE_MEMIT,61,14,RS,48,100,0.48
BASE_MEMIT,61,15,RS,51,100,0.51
BASE_MEMIT,61,16,RS,57,100,0.57
BASE_MEMIT,61,17,RS,58,100,0.58
BASE_MEMIT,61,18,RS,55,100,0.55
BASE_MEMIT,61,19,RS,61,100,0.61
BASE_MEMIT,61,20,RS,63,100,0.63
BASE_MEMIT,61,21,RS,51,100,0.51
BASE_MEMIT,61,22,RS,62,100,0.62
BASE_MEMIT,61,23,RS,59,100,0.59
BASE_MEMIT,61,24,RS,57,100,0.57
BASE_MEMIT,61,25,RS,62,100,0.62
BASE_MEMIT,61,26,RS,51,100,0.51
BASE_MEMIT,61,27,RS,55,100,0.55
BASE_MEMIT,61,28,RS,50,100,0.5
BASE_MEMIT,61,29,RS,61,100,0.61
BASE_MEMIT,61,30,RS,63,100,0.63
BASE_MEMIT,61,31,RS,55,100,0.55
BASE_MEMIT,61,32,RS,53,100,0.53
BASE_MEMIT,61,33,RS,54,100,0.54
BASE_MEMIT,61,34,RS,50,100,0.5
BASE_MEMIT,61,35,RS,51,100,0.51
BASE_MEMIT,61,36,RS,56,100,0.56
BASE_MEMIT,61,37,RS,50,100,0.5
BASE_MEMIT,61,38,RS,61,100,0.61
BASE_MEMIT,61,39,RS,58,100,0.58
BASE_MEMIT,61,40,RS,59,100,0.59
BASE_MEMIT,61,41,RS,58,100,0.58
BASE_MEMIT,61,42,RS,57,100,0.57
BASE_MEMIT,61,43,RS,68,100,0.68
BASE_MEMIT,61,44,RS,64,100,0.64
BASE_MEMIT,61,45,RS,71,100,0.71
BASE_MEMIT,61,46,RS,68,100,0.68
BASE_MEMIT,61,47,RS,67,100,0.67
BASE_MEMIT,61,48,RS,68,100,0.68
BASE_MEMIT,61,49,RS,72,100,0.72
BASE_MEMIT,61,50,RS,69,100,0.69
BASE_MEMIT,61,51,RS,68,100,0.68
BASE_MEMIT,61,52,RS,69,100,0.69
BASE_MEMIT,61,53,RS,72,100,0.72
BASE_MEMIT,61,54,RS,81,100,0.81
BASE_MEMIT,61,55,RS,77,100,0.77
BASE_MEMIT,61,56,RS,77,100,0.77
BASE_MEMIT,61,57,RS,85,100,0.85
BASE_MEMIT,61,58,RS,84,100,0.84
BASE_MEMIT,61,59,RS,92,100,0.92
BASE_MEMIT,61,60,RS,88,100,0.88
BASE_MEMIT,61,61,RS,86,100,0.86
BASE_MEMIT,62,1,RS,48,100,0.48
BASE_MEMIT,62,2,RS,51,100,0.51
BASE_MEMIT,62,3,RS,54,100,0.54
BASE_MEMIT,62,4,RS,52,100,0.52
BASE_MEMIT,62,5,RS,47,100,0.47
BASE_MEMIT,62,6,RS,50,100,0.5
BASE_MEMIT,62,7,RS,55,100,0.55
BASE_MEMIT,62,8,RS,45,100,0.45
BASE_MEMIT,62,9,RS,60,100,0.6
BASE_MEMIT,62,10,RS,52,100,0.52
BASE_MEMIT,62,11,RS,48,100,0.48
BASE_MEMIT,62,12,RS,43,100,0.43
BASE_MEMIT,62,13,RS,53,100,0.53
BASE_MEMIT,62,14,RS,46,100,0.46
BASE_MEMIT,62,15,RS,47,100,0.47
BASE_MEMIT,62,16,RS,53,100,0.53
BASE_MEMIT,62,17,RS,56,100,0.56
BASE_MEMIT,62,18,RS,60,100,0.6
BASE_MEMIT,62,19,RS,56,100,0.56
BASE_MEMIT,62,20,RS,60,100,0.6
BASE_MEMIT,62,21,RS,48,100,0.48
BASE_MEMIT,62,22,RS,57,100,0.57
BASE_MEMIT,62,23,RS,60,100,0.6
BASE_MEMIT,62,24,RS,55,100,0.55
BASE_MEMIT,62,25,RS,55,100,0.55
BASE_MEMIT,62,26,RS,54,100,0.54
BASE_MEMIT,62,27,RS,53,100,0.53
BASE_MEMIT,62,28,RS,55,100,0.55
BASE_MEMIT,62,29,RS,58,100,0.58
BASE_MEMIT,62,30,RS,62,100,0.62
BASE_MEMIT,62,31,RS,52,100,0.52
BASE_MEMIT,62,32,RS,49,100,0.49
BASE_MEMIT,62,33,RS,54,100,0.54
BASE_MEMIT,62,34,RS,50,100,0.5
BASE_MEMIT,62,35,RS,53,100,0.53
BASE_MEMIT,62,36,RS,53,100,0.53
BASE_MEMIT,62,37,RS,50,100,0.5
BASE_MEMIT,62,38,RS,58,100,0.58
BASE_MEMIT,62,39,RS,53,100,0.53
BASE_MEMIT,62,40,RS,61,100,0.61
BASE_MEMIT,62,41,RS,60,100,0.6
BASE_MEMIT,62,42,RS,57,100,0.57
BASE_MEMIT,62,43,RS,68,100,0.68
BASE_MEMIT,62,44,RS,61,100,0.61
BASE_MEMIT,62,45,RS,67,100,0.67
BASE_MEMIT,62,46,RS,71,100,0.71
BASE_MEMIT,62,47,RS,66,100,0.66
BASE_MEMIT,62,48,RS,69,100,0.69
BASE_MEMIT,62,49,RS,71,100,0.71
BASE_MEMIT,62,50,RS,66,100,0.66
BASE_MEMIT,62,51,RS,63,100,0.63
BASE_MEMIT,62,52,RS,68,100,0.68
BASE_MEMIT,62,53,RS,71,100,0.71
BASE_MEMIT,62,54,RS,77,100,0.77
BASE_MEMIT,62,55,RS,74,100,0.74
BASE_MEMIT,62,56,RS,79,100,0.79
BASE_MEMIT,62,57,RS,83,100,0.83
BASE_MEMIT,62,58,RS,82,100,0.82
BASE_MEMIT,62,59,RS,90,100,0.9
BASE_MEMIT,62,60,RS,84,100,0.84
BASE_MEMIT,62,61,RS,84,100,0.84
BASE_MEMIT,62,62,RS,88,100,0.88
BASE_MEMIT,63,1,RS,48,100,0.48
BASE_MEMIT,63,2,RS,51,100,0.51
BASE_MEMIT,63,3,RS,53,100,0.53
BASE_MEMIT,63,4,RS,50,100,0.5
BASE_MEMIT,63,5,RS,49,100,0.49
BASE_MEMIT,63,6,RS,51,100,0.51
BASE_MEMIT,63,7,RS,56,100,0.56
BASE_MEMIT,63,8,RS,42,100,0.42
BASE_MEMIT,63,9,RS,61,100,0.61
BASE_MEMIT,63,10,RS,53,100,0.53
BASE_MEMIT,63,11,RS,50,100,0.5
BASE_MEMIT,63,12,RS,42,100,0.42
BASE_MEMIT,63,13,RS,55,100,0.55
BASE_MEMIT,63,14,RS,46,100,0.46
BASE_MEMIT,63,15,RS,46,100,0.46
BASE_MEMIT,63,16,RS,51,100,0.51
BASE_MEMIT,63,17,RS,56,100,0.56
BASE_MEMIT,63,18,RS,62,100,0.62
BASE_MEMIT,63,19,RS,54,100,0.54
BASE_MEMIT,63,20,RS,62,100,0.62
BASE_MEMIT,63,21,RS,49,100,0.49
BASE_MEMIT,63,22,RS,56,100,0.56
BASE_MEMIT,63,23,RS,61,100,0.61
BASE_MEMIT,63,24,RS,55,100,0.55
BASE_MEMIT,63,25,RS,58,100,0.58
BASE_MEMIT,63,26,RS,55,100,0.55
BASE_MEMIT,63,27,RS,53,100,0.53
BASE_MEMIT,63,28,RS,50,100,0.5
BASE_MEMIT,63,29,RS,58,100,0.58
BASE_MEMIT,63,30,RS,60,100,0.6
BASE_MEMIT,63,31,RS,52,100,0.52
BASE_MEMIT,63,32,RS,54,100,0.54
BASE_MEMIT,63,33,RS,56,100,0.56
BASE_MEMIT,63,34,RS,53,100,0.53
BASE_MEMIT,63,35,RS,51,100,0.51
BASE_MEMIT,63,36,RS,52,100,0.52
BASE_MEMIT,63,37,RS,54,100,0.54
BASE_MEMIT,63,38,RS,56,100,0.56
BASE_MEMIT,63,39,RS,54,100,0.54
BASE_MEMIT,63,40,RS,61,100,0.61
BASE_MEMIT,63,41,RS,60,100,0.6
BASE_MEMIT,63,42,RS,54,100,0.54
BASE_MEMIT,63,43,RS,69,100,0.69
BASE_MEMIT,63,44,RS,63,100,0.63
BASE_MEMIT,63,45,RS,67,100,0.67
BASE_MEMIT,63,46,RS,67,100,0.67
BASE_MEMIT,63,47,RS,66,100,0.66
BASE_MEMIT,63,48,RS,69,100,0.69
BASE_MEMIT,63,49,RS,69,100,0.69
BASE_MEMIT,63,50,RS,65,100,0.65
BASE_MEMIT,63,51,RS,64,100,0.64
BASE_MEMIT,63,52,RS,65,100,0.65
BASE_MEMIT,63,53,RS,73,100,0.73
BASE_MEMIT,63,54,RS,76,100,0.76
BASE_MEMIT,63,55,RS,69,100,0.69
BASE_MEMIT,63,56,RS,76,100,0.76
BASE_MEMIT,63,57,RS,79,100,0.79
BASE_MEMIT,63,58,RS,83,100,0.83
BASE_MEMIT,63,59,RS,90,100,0.9
BASE_MEMIT,63,60,RS,82,100,0.82
BASE_MEMIT,63,61,RS,82,100,0.82
BASE_MEMIT,63,62,RS,86,100,0.86
BASE_MEMIT,63,63,RS,87,100,0.87
BASE_MEMIT,64,1,RS,50,100,0.5
BASE_MEMIT,64,2,RS,53,100,0.53
BASE_MEMIT,64,3,RS,49,100,0.49
BASE_MEMIT,64,4,RS,51,100,0.51
BASE_MEMIT,64,5,RS,46,100,0.46
BASE_MEMIT,64,6,RS,50,100,0.5
BASE_MEMIT,64,7,RS,53,100,0.53
BASE_MEMIT,64,8,RS,40,100,0.4
BASE_MEMIT,64,9,RS,58,100,0.58
BASE_MEMIT,64,10,RS,49,100,0.49
BASE_MEMIT,64,11,RS,49,100,0.49
BASE_MEMIT,64,12,RS,43,100,0.43
BASE_MEMIT,64,13,RS,53,100,0.53
BASE_MEMIT,64,14,RS,49,100,0.49
BASE_MEMIT,64,15,RS,47,100,0.47
BASE_MEMIT,64,16,RS,51,100,0.51
BASE_MEMIT,64,17,RS,55,100,0.55
BASE_MEMIT,64,18,RS,59,100,0.59
BASE_MEMIT,64,19,RS,54,100,0.54
BASE_MEMIT,64,20,RS,61,100,0.61
BASE_MEMIT,64,21,RS,49,100,0.49
BASE_MEMIT,64,22,RS,58,100,0.58
BASE_MEMIT,64,23,RS,59,100,0.59
BASE_MEMIT,64,24,RS,57,100,0.57
BASE_MEMIT,64,25,RS,57,100,0.57
BASE_MEMIT,64,26,RS,57,100,0.57
BASE_MEMIT,64,27,RS,51,100,0.51
BASE_MEMIT,64,28,RS,49,100,0.49
BASE_MEMIT,64,29,RS,59,100,0.59
BASE_MEMIT,64,30,RS,63,100,0.63
BASE_MEMIT,64,31,RS,56,100,0.56
BASE_MEMIT,64,32,RS,54,100,0.54
BASE_MEMIT,64,33,RS,55,100,0.55
BASE_MEMIT,64,34,RS,55,100,0.55
BASE_MEMIT,64,35,RS,48,100,0.48
BASE_MEMIT,64,36,RS,53,100,0.53
BASE_MEMIT,64,37,RS,51,100,0.51
BASE_MEMIT,64,38,RS,59,100,0.59
BASE_MEMIT,64,39,RS,53,100,0.53
BASE_MEMIT,64,40,RS,59,100,0.59
BASE_MEMIT,64,41,RS,62,100,0.62
BASE_MEMIT,64,42,RS,55,100,0.55
BASE_MEMIT,64,43,RS,66,100,0.66
BASE_MEMIT,64,44,RS,63,100,0.63
BASE_MEMIT,64,45,RS,67,100,0.67
BASE_MEMIT,64,46,RS,64,100,0.64
BASE_MEMIT,64,47,RS,64,100,0.64
BASE_MEMIT,64,48,RS,69,100,0.69
BASE_MEMIT,64,49,RS,67,100,0.67
BASE_MEMIT,64,50,RS,64,100,0.64
BASE_MEMIT,64,51,RS,64,100,0.64
BASE_MEMIT,64,52,RS,67,100,0.67
BASE_MEMIT,64,53,RS,72,100,0.72
BASE_MEMIT,64,54,RS,77,100,0.77
BASE_MEMIT,64,55,RS,67,100,0.67
BASE_MEMIT,64,56,RS,77,100,0.77
BASE_MEMIT,64,57,RS,79,100,0.79
BASE_MEMIT,64,58,RS,80,100,0.8
BASE_MEMIT,64,59,RS,87,100,0.87
BASE_MEMIT,64,60,RS,83,100,0.83
BASE_MEMIT,64,61,RS,83,100,0.83
BASE_MEMIT,64,62,RS,83,100,0.83
BASE_MEMIT,64,63,RS,87,100,0.87
BASE_MEMIT,64,64,RS,91,100,0.91
BASE_MEMIT,65,1,RS,48,100,0.48
BASE_MEMIT,65,2,RS,53,100,0.53
BASE_MEMIT,65,3,RS,50,100,0.5
BASE_MEMIT,65,4,RS,49,100,0.49
BASE_MEMIT,65,5,RS,46,100,0.46
BASE_MEMIT,65,6,RS,51,100,0.51
BASE_MEMIT,65,7,RS,52,100,0.52
BASE_MEMIT,65,8,RS,43,100,0.43
BASE_MEMIT,65,9,RS,60,100,0.6
BASE_MEMIT,65,10,RS,48,100,0.48
BASE_MEMIT,65,11,RS,49,100,0.49
BASE_MEMIT,65,12,RS,42,100,0.42
BASE_MEMIT,65,13,RS,51,100,0.51
BASE_MEMIT,65,14,RS,48,100,0.48
BASE_MEMIT,65,15,RS,51,100,0.51
BASE_MEMIT,65,16,RS,51,100,0.51
BASE_MEMIT,65,17,RS,55,100,0.55
BASE_MEMIT,65,18,RS,59,100,0.59
BASE_MEMIT,65,19,RS,54,100,0.54
BASE_MEMIT,65,20,RS,63,100,0.63
BASE_MEMIT,65,21,RS,50,100,0.5
BASE_MEMIT,65,22,RS,55,100,0.55
BASE_MEMIT,65,23,RS,58,100,0.58
BASE_MEMIT,65,24,RS,57,100,0.57
BASE_MEMIT,65,25,RS,57,100,0.57
BASE_MEMIT,65,26,RS,58,100,0.58
BASE_MEMIT,65,27,RS,51,100,0.51
BASE_MEMIT,65,28,RS,48,100,0.48
BASE_MEMIT,65,29,RS,60,100,0.6
BASE_MEMIT,65,30,RS,63,100,0.63
BASE_MEMIT,65,31,RS,56,100,0.56
BASE_MEMIT,65,32,RS,52,100,0.52
BASE_MEMIT,65,33,RS,54,100,0.54
BASE_MEMIT,65,34,RS,53,100,0.53
BASE_MEMIT,65,35,RS,49,100,0.49
BASE_MEMIT,65,36,RS,52,100,0.52
BASE_MEMIT,65,37,RS,50,100,0.5
BASE_MEMIT,65,38,RS,59,100,0.59
BASE_MEMIT,65,39,RS,55,100,0.55
BASE_MEMIT,65,40,RS,60,100,0.6
BASE_MEMIT,65,41,RS,65,100,0.65
BASE_MEMIT,65,42,RS,55,100,0.55
BASE_MEMIT,65,43,RS,70,100,0.7
BASE_MEMIT,65,44,RS,60,100,0.6
BASE_MEMIT,65,45,RS,67,100,0.67
BASE_MEMIT,65,46,RS,65,100,0.65
BASE_MEMIT,65,47,RS,64,100,0.64
BASE_MEMIT,65,48,RS,67,100,0.67
BASE_MEMIT,65,49,RS,65,100,0.65
BASE_MEMIT,65,50,RS,65,100,0.65
BASE_MEMIT,65,51,RS,63,100,0.63
BASE_MEMIT,65,52,RS,67,100,0.67
BASE_MEMIT,65,53,RS,70,100,0.7
BASE_MEMIT,65,54,RS,78,100,0.78
BASE_MEMIT,65,55,RS,68,100,0.68
BASE_MEMIT,65,56,RS,74,100,0.74
BASE_MEMIT,65,57,RS,77,100,0.77
BASE_MEMIT,65,58,RS,79,100,0.79
BASE_MEMIT,65,59,RS,81,100,0.81
BASE_MEMIT,65,60,RS,76,100,0.76
BASE_MEMIT,65,61,RS,82,100,0.82
BASE_MEMIT,65,62,RS,83,100,0.83
BASE_MEMIT,65,63,RS,85,100,0.85
BASE_MEMIT,65,64,RS,90,100,0.9
BASE_MEMIT,65,65,RS,88,100,0.88
BASE_MEMIT,66,1,RS,48,100,0.48
BASE_MEMIT,66,2,RS,52,100,0.52
BASE_MEMIT,66,3,RS,53,100,0.53
BASE_MEMIT,66,4,RS,48,100,0.48
BASE_MEMIT,66,5,RS,49,100,0.49
BASE_MEMIT,66,6,RS,50,100,0.5
BASE_MEMIT,66,7,RS,52,100,0.52
BASE_MEMIT,66,8,RS,40,100,0.4
BASE_MEMIT,66,9,RS,58,100,0.58
BASE_MEMIT,66,10,RS,54,100,0.54
BASE_MEMIT,66,11,RS,48,100,0.48
BASE_MEMIT,66,12,RS,43,100,0.43
BASE_MEMIT,66,13,RS,52,100,0.52
BASE_MEMIT,66,14,RS,48,100,0.48
BASE_MEMIT,66,15,RS,52,100,0.52
BASE_MEMIT,66,16,RS,49,100,0.49
BASE_MEMIT,66,17,RS,60,100,0.6
BASE_MEMIT,66,18,RS,56,100,0.56
BASE_MEMIT,66,19,RS,58,100,0.58
BASE_MEMIT,66,20,RS,60,100,0.6
BASE_MEMIT,66,21,RS,49,100,0.49
BASE_MEMIT,66,22,RS,57,100,0.57
BASE_MEMIT,66,23,RS,57,100,0.57
BASE_MEMIT,66,24,RS,58,100,0.58
BASE_MEMIT,66,25,RS,56,100,0.56
BASE_MEMIT,66,26,RS,59,100,0.59
BASE_MEMIT,66,27,RS,52,100,0.52
BASE_MEMIT,66,28,RS,48,100,0.48
BASE_MEMIT,66,29,RS,61,100,0.61
BASE_MEMIT,66,30,RS,59,100,0.59
BASE_MEMIT,66,31,RS,52,100,0.52
BASE_MEMIT,66,32,RS,57,100,0.57
BASE_MEMIT,66,33,RS,56,100,0.56
BASE_MEMIT,66,34,RS,52,100,0.52
BASE_MEMIT,66,35,RS,48,100,0.48
BASE_MEMIT,66,36,RS,54,100,0.54
BASE_MEMIT,66,37,RS,52,100,0.52
BASE_MEMIT,66,38,RS,55,100,0.55
BASE_MEMIT,66,39,RS,56,100,0.56
BASE_MEMIT,66,40,RS,67,100,0.67
BASE_MEMIT,66,41,RS,64,100,0.64
BASE_MEMIT,66,42,RS,59,100,0.59
BASE_MEMIT,66,43,RS,67,100,0.67
BASE_MEMIT,66,44,RS,60,100,0.6
BASE_MEMIT,66,45,RS,62,100,0.62
BASE_MEMIT,66,46,RS,65,100,0.65
BASE_MEMIT,66,47,RS,64,100,0.64
BASE_MEMIT,66,48,RS,65,100,0.65
BASE_MEMIT,66,49,RS,71,100,0.71
BASE_MEMIT,66,50,RS,63,100,0.63
BASE_MEMIT,66,51,RS,63,100,0.63
BASE_MEMIT,66,52,RS,67,100,0.67
BASE_MEMIT,66,53,RS,74,100,0.74
BASE_MEMIT,66,54,RS,73,100,0.73
BASE_MEMIT,66,55,RS,68,100,0.68
BASE_MEMIT,66,56,RS,75,100,0.75
BASE_MEMIT,66,57,RS,77,100,0.77
BASE_MEMIT,66,58,RS,77,100,0.77
BASE_MEMIT,66,59,RS,80,100,0.8
BASE_MEMIT,66,60,RS,77,100,0.77
BASE_MEMIT,66,61,RS,79,100,0.79
BASE_MEMIT,66,62,RS,82,100,0.82
BASE_MEMIT,66,63,RS,85,100,0.85
BASE_MEMIT,66,64,RS,88,100,0.88
BASE_MEMIT,66,65,RS,87,100,0.87
BASE_MEMIT,66,66,RS,90,100,0.9
BASE_MEMIT,67,1,RS,44,100,0.44
BASE_MEMIT,67,2,RS,52,100,0.52
BASE_MEMIT,67,3,RS,52,100,0.52
BASE_MEMIT,67,4,RS,50,100,0.5
BASE_MEMIT,67,5,RS,48,100,0.48
BASE_MEMIT,67,6,RS,50,100,0.5
BASE_MEMIT,67,7,RS,53,100,0.53
BASE_MEMIT,67,8,RS,39,100,0.39
BASE_MEMIT,67,9,RS,60,100,0.6
BASE_MEMIT,67,10,RS,49,100,0.49
BASE_MEMIT,67,11,RS,47,100,0.47
BASE_MEMIT,67,12,RS,44,100,0.44
BASE_MEMIT,67,13,RS,60,100,0.6
BASE_MEMIT,67,14,RS,47,100,0.47
BASE_MEMIT,67,15,RS,54,100,0.54
BASE_MEMIT,67,16,RS,51,100,0.51
BASE_MEMIT,67,17,RS,59,100,0.59
BASE_MEMIT,67,18,RS,58,100,0.58
BASE_MEMIT,67,19,RS,59,100,0.59
BASE_MEMIT,67,20,RS,63,100,0.63
BASE_MEMIT,67,21,RS,53,100,0.53
BASE_MEMIT,67,22,RS,56,100,0.56
BASE_MEMIT,67,23,RS,58,100,0.58
BASE_MEMIT,67,24,RS,60,100,0.6
BASE_MEMIT,67,25,RS,59,100,0.59
BASE_MEMIT,67,26,RS,56,100,0.56
BASE_MEMIT,67,27,RS,54,100,0.54
BASE_MEMIT,67,28,RS,52,100,0.52
BASE_MEMIT,67,29,RS,61,100,0.61
BASE_MEMIT,67,30,RS,61,100,0.61
BASE_MEMIT,67,31,RS,54,100,0.54
BASE_MEMIT,67,32,RS,58,100,0.58
BASE_MEMIT,67,33,RS,57,100,0.57
BASE_MEMIT,67,34,RS,55,100,0.55
BASE_MEMIT,67,35,RS,49,100,0.49
BASE_MEMIT,67,36,RS,54,100,0.54
BASE_MEMIT,67,37,RS,53,100,0.53
BASE_MEMIT,67,38,RS,55,100,0.55
BASE_MEMIT,67,39,RS,56,100,0.56
BASE_MEMIT,67,40,RS,67,100,0.67
BASE_MEMIT,67,41,RS,63,100,0.63
BASE_MEMIT,67,42,RS,57,100,0.57
BASE_MEMIT,67,43,RS,69,100,0.69
BASE_MEMIT,67,44,RS,62,100,0.62
BASE_MEMIT,67,45,RS,66,100,0.66
BASE_MEMIT,67,46,RS,63,100,0.63
BASE_MEMIT,67,47,RS,66,100,0.66
BASE_MEMIT,67,48,RS,70,100,0.7
BASE_MEMIT,67,49,RS,69,100,0.69
BASE_MEMIT,67,50,RS,64,100,0.64
BASE_MEMIT,67,51,RS,64,100,0.64
BASE_MEMIT,67,52,RS,68,100,0.68
BASE_MEMIT,67,53,RS,71,100,0.71
BASE_MEMIT,67,54,RS,77,100,0.77
BASE_MEMIT,67,55,RS,68,100,0.68
BASE_MEMIT,67,56,RS,73,100,0.73
BASE_MEMIT,67,57,RS,78,100,0.78
BASE_MEMIT,67,58,RS,77,100,0.77
BASE_MEMIT,67,59,RS,76,100,0.76
BASE_MEMIT,67,60,RS,75,100,0.75
BASE_MEMIT,67,61,RS,77,100,0.77
BASE_MEMIT,67,62,RS,81,100,0.81
BASE_MEMIT,67,63,RS,88,100,0.88
BASE_MEMIT,67,64,RS,85,100,0.85
BASE_MEMIT,67,65,RS,86,100,0.86
BASE_MEMIT,67,66,RS,90,100,0.9
BASE_MEMIT,67,67,RS,91,100,0.91
BASE_MEMIT,68,1,RS,47,100,0.47
BASE_MEMIT,68,2,RS,52,100,0.52
BASE_MEMIT,68,3,RS,51,100,0.51
BASE_MEMIT,68,4,RS,49,100,0.49
BASE_MEMIT,68,5,RS,50,100,0.5
BASE_MEMIT,68,6,RS,52,100,0.52
BASE_MEMIT,68,7,RS,52,100,0.52
BASE_MEMIT,68,8,RS,40,100,0.4
BASE_MEMIT,68,9,RS,60,100,0.6
BASE_MEMIT,68,10,RS,52,100,0.52
BASE_MEMIT,68,11,RS,44,100,0.44
BASE_MEMIT,68,12,RS,45,100,0.45
BASE_MEMIT,68,13,RS,57,100,0.57
BASE_MEMIT,68,14,RS,48,100,0.48
BASE_MEMIT,68,15,RS,54,100,0.54
BASE_MEMIT,68,16,RS,51,100,0.51
BASE_MEMIT,68,17,RS,62,100,0.62
BASE_MEMIT,68,18,RS,64,100,0.64
BASE_MEMIT,68,19,RS,62,100,0.62
BASE_MEMIT,68,20,RS,61,100,0.61
BASE_MEMIT,68,21,RS,56,100,0.56
BASE_MEMIT,68,22,RS,56,100,0.56
BASE_MEMIT,68,23,RS,59,100,0.59
BASE_MEMIT,68,24,RS,60,100,0.6
BASE_MEMIT,68,25,RS,58,100,0.58
BASE_MEMIT,68,26,RS,54,100,0.54
BASE_MEMIT,68,27,RS,55,100,0.55
BASE_MEMIT,68,28,RS,48,100,0.48
BASE_MEMIT,68,29,RS,61,100,0.61
BASE_MEMIT,68,30,RS,58,100,0.58
BASE_MEMIT,68,31,RS,50,100,0.5
BASE_MEMIT,68,32,RS,58,100,0.58
BASE_MEMIT,68,33,RS,60,100,0.6
BASE_MEMIT,68,34,RS,52,100,0.52
BASE_MEMIT,68,35,RS,49,100,0.49
BASE_MEMIT,68,36,RS,53,100,0.53
BASE_MEMIT,68,37,RS,56,100,0.56
BASE_MEMIT,68,38,RS,56,100,0.56
BASE_MEMIT,68,39,RS,54,100,0.54
BASE_MEMIT,68,40,RS,66,100,0.66
BASE_MEMIT,68,41,RS,66,100,0.66
BASE_MEMIT,68,42,RS,58,100,0.58
BASE_MEMIT,68,43,RS,66,100,0.66
BASE_MEMIT,68,44,RS,59,100,0.59
BASE_MEMIT,68,45,RS,66,100,0.66
BASE_MEMIT,68,46,RS,62,100,0.62
BASE_MEMIT,68,47,RS,62,100,0.62
BASE_MEMIT,68,48,RS,68,100,0.68
BASE_MEMIT,68,49,RS,71,100,0.71
BASE_MEMIT,68,50,RS,62,100,0.62
BASE_MEMIT,68,51,RS,65,100,0.65
BASE_MEMIT,68,52,RS,72,100,0.72
BASE_MEMIT,68,53,RS,70,100,0.7
BASE_MEMIT,68,54,RS,75,100,0.75
BASE_MEMIT,68,55,RS,69,100,0.69
BASE_MEMIT,68,56,RS,77,100,0.77
BASE_MEMIT,68,57,RS,79,100,0.79
BASE_MEMIT,68,58,RS,75,100,0.75
BASE_MEMIT,68,59,RS,75,100,0.75
BASE_MEMIT,68,60,RS,78,100,0.78
BASE_MEMIT,68,61,RS,77,100,0.77
BASE_MEMIT,68,62,RS,79,100,0.79
BASE_MEMIT,68,63,RS,86,100,0.86
BASE_MEMIT,68,64,RS,84,100,0.84
BASE_MEMIT,68,65,RS,87,100,0.87
BASE_MEMIT,68,66,RS,90,100,0.9
BASE_MEMIT,68,67,RS,90,100,0.9
BASE_MEMIT,68,68,RS,89,100,0.89
BASE_MEMIT,69,1,RS,49,100,0.49
BASE_MEMIT,69,2,RS,55,100,0.55
BASE_MEMIT,69,3,RS,52,100,0.52
BASE_MEMIT,69,4,RS,53,100,0.53
BASE_MEMIT,69,5,RS,50,100,0.5
BASE_MEMIT,69,6,RS,54,100,0.54
BASE_MEMIT,69,7,RS,51,100,0.51
BASE_MEMIT,69,8,RS,39,100,0.39
BASE_MEMIT,69,9,RS,61,100,0.61
BASE_MEMIT,69,10,RS,51,100,0.51
BASE_MEMIT,69,11,RS,45,100,0.45
BASE_MEMIT,69,12,RS,44,100,0.44
BASE_MEMIT,69,13,RS,56,100,0.56
BASE_MEMIT,69,14,RS,52,100,0.52
BASE_MEMIT,69,15,RS,54,100,0.54
BASE_MEMIT,69,16,RS,56,100,0.56
BASE_MEMIT,69,17,RS,58,100,0.58
BASE_MEMIT,69,18,RS,58,100,0.58
BASE_MEMIT,69,19,RS,58,100,0.58
BASE_MEMIT,69,20,RS,63,100,0.63
BASE_MEMIT,69,21,RS,53,100,0.53
BASE_MEMIT,69,22,RS,56,100,0.56
BASE_MEMIT,69,23,RS,57,100,0.57
BASE_MEMIT,69,24,RS,55,100,0.55
BASE_MEMIT,69,25,RS,60,100,0.6
BASE_MEMIT,69,26,RS,52,100,0.52
BASE_MEMIT,69,27,RS,52,100,0.52
BASE_MEMIT,69,28,RS,46,100,0.46
BASE_MEMIT,69,29,RS,59,100,0.59
BASE_MEMIT,69,30,RS,58,100,0.58
BASE_MEMIT,69,31,RS,50,100,0.5
BASE_MEMIT,69,32,RS,58,100,0.58
BASE_MEMIT,69,33,RS,60,100,0.6
BASE_MEMIT,69,34,RS,56,100,0.56
BASE_MEMIT,69,35,RS,49,100,0.49
BASE_MEMIT,69,36,RS,52,100,0.52
BASE_MEMIT,69,37,RS,54,100,0.54
BASE_MEMIT,69,38,RS,57,100,0.57
BASE_MEMIT,69,39,RS,54,100,0.54
BASE_MEMIT,69,40,RS,65,100,0.65
BASE_MEMIT,69,41,RS,66,100,0.66
BASE_MEMIT,69,42,RS,57,100,0.57
BASE_MEMIT,69,43,RS,64,100,0.64
BASE_MEMIT,69,44,RS,59,100,0.59
BASE_MEMIT,69,45,RS,64,100,0.64
BASE_MEMIT,69,46,RS,62,100,0.62
BASE_MEMIT,69,47,RS,63,100,0.63
BASE_MEMIT,69,48,RS,67,100,0.67
BASE_MEMIT,69,49,RS,73,100,0.73
BASE_MEMIT,69,50,RS,61,100,0.61
BASE_MEMIT,69,51,RS,63,100,0.63
BASE_MEMIT,69,52,RS,70,100,0.7
BASE_MEMIT,69,53,RS,68,100,0.68
BASE_MEMIT,69,54,RS,74,100,0.74
BASE_MEMIT,69,55,RS,68,100,0.68
BASE_MEMIT,69,56,RS,72,100,0.72
BASE_MEMIT,69,57,RS,72,100,0.72
BASE_MEMIT,69,58,RS,72,100,0.72
BASE_MEMIT,69,59,RS,72,100,0.72
BASE_MEMIT,69,60,RS,76,100,0.76
BASE_MEMIT,69,61,RS,76,100,0.76
BASE_MEMIT,69,62,RS,81,100,0.81
BASE_MEMIT,69,63,RS,82,100,0.82
BASE_MEMIT,69,64,RS,81,100,0.81
BASE_MEMIT,69,65,RS,86,100,0.86
BASE_MEMIT,69,66,RS,88,100,0.88
BASE_MEMIT,69,67,RS,89,100,0.89
BASE_MEMIT,69,68,RS,88,100,0.88
BASE_MEMIT,69,69,RS,90,100,0.9
BASE_MEMIT,70,1,RS,49,100,0.49
BASE_MEMIT,70,2,RS,53,100,0.53
BASE_MEMIT,70,3,RS,53,100,0.53
BASE_MEMIT,70,4,RS,53,100,0.53
BASE_MEMIT,70,5,RS,50,100,0.5
BASE_MEMIT,70,6,RS,56,100,0.56
BASE_MEMIT,70,7,RS,51,100,0.51
BASE_MEMIT,70,8,RS,40,100,0.4
BASE_MEMIT,70,9,RS,56,100,0.56
BASE_MEMIT,70,10,RS,53,100,0.53
BASE_MEMIT,70,11,RS,49,100,0.49
BASE_MEMIT,70,12,RS,43,100,0.43
BASE_MEMIT,70,13,RS,58,100,0.58
BASE_MEMIT,70,14,RS,51,100,0.51
BASE_MEMIT,70,15,RS,53,100,0.53
BASE_MEMIT,70,16,RS,57,100,0.57
BASE_MEMIT,70,17,RS,60,100,0.6
BASE_MEMIT,70,18,RS,58,100,0.58
BASE_MEMIT,70,19,RS,56,100,0.56
BASE_MEMIT,70,20,RS,61,100,0.61
BASE_MEMIT,70,21,RS,51,100,0.51
BASE_MEMIT,70,22,RS,59,100,0.59
BASE_MEMIT,70,23,RS,60,100,0.6
BASE_MEMIT,70,24,RS,54,100,0.54
BASE_MEMIT,70,25,RS,60,100,0.6
BASE_MEMIT,70,26,RS,55,100,0.55
BASE_MEMIT,70,27,RS,51,100,0.51
BASE_MEMIT,70,28,RS,51,100,0.51
BASE_MEMIT,70,29,RS,63,100,0.63
BASE_MEMIT,70,30,RS,60,100,0.6
BASE_MEMIT,70,31,RS,53,100,0.53
BASE_MEMIT,70,32,RS,59,100,0.59
BASE_MEMIT,70,33,RS,59,100,0.59
BASE_MEMIT,70,34,RS,61,100,0.61
BASE_MEMIT,70,35,RS,53,100,0.53
BASE_MEMIT,70,36,RS,52,100,0.52
BASE_MEMIT,70,37,RS,54,100,0.54
BASE_MEMIT,70,38,RS,58,100,0.58
BASE_MEMIT,70,39,RS,54,100,0.54
BASE_MEMIT,70,40,RS,67,100,0.67
BASE_MEMIT,70,41,RS,61,100,0.61
BASE_MEMIT,70,42,RS,55,100,0.55
BASE_MEMIT,70,43,RS,64,100,0.64
BASE_MEMIT,70,44,RS,59,100,0.59
BASE_MEMIT,70,45,RS,65,100,0.65
BASE_MEMIT,70,46,RS,67,100,0.67
BASE_MEMIT,70,47,RS,62,100,0.62
BASE_MEMIT,70,48,RS,65,100,0.65
BASE_MEMIT,70,49,RS,68,100,0.68
BASE_MEMIT,70,50,RS,57,100,0.57
BASE_MEMIT,70,51,RS,63,100,0.63
BASE_MEMIT,70,52,RS,69,100,0.69
BASE_MEMIT,70,53,RS,69,100,0.69
BASE_MEMIT,70,54,RS,74,100,0.74
BASE_MEMIT,70,55,RS,66,100,0.66
BASE_MEMIT,70,56,RS,76,100,0.76
BASE_MEMIT,70,57,RS,74,100,0.74
BASE_MEMIT,70,58,RS,72,100,0.72
BASE_MEMIT,70,59,RS,74,100,0.74
BASE_MEMIT,70,60,RS,72,100,0.72
BASE_MEMIT,70,61,RS,75,100,0.75
BASE_MEMIT,70,62,RS,82,100,0.82
BASE_MEMIT,70,63,RS,86,100,0.86
BASE_MEMIT,70,64,RS,80,100,0.8
BASE_MEMIT,70,65,RS,83,100,0.83
BASE_MEMIT,70,66,RS,86,100,0.86
BASE_MEMIT,70,67,RS,91,100,0.91
BASE_MEMIT,70,68,RS,89,100,0.89
BASE_MEMIT,70,69,RS,89,100,0.89
BASE_MEMIT,70,70,RS,93,100,0.93
BASE_MEMIT,71,1,RS,50,100,0.5
BASE_MEMIT,71,2,RS,57,100,0.57
BASE_MEMIT,71,3,RS,56,100,0.56
BASE_MEMIT,71,4,RS,51,100,0.51
BASE_MEMIT,71,5,RS,54,100,0.54
BASE_MEMIT,71,6,RS,61,100,0.61
BASE_MEMIT,71,7,RS,54,100,0.54
BASE_MEMIT,71,8,RS,38,100,0.38
BASE_MEMIT,71,9,RS,62,100,0.62
BASE_MEMIT,71,10,RS,55,100,0.55
BASE_MEMIT,71,11,RS,55,100,0.55
BASE_MEMIT,71,12,RS,44,100,0.44
BASE_MEMIT,71,13,RS,54,100,0.54
BASE_MEMIT,71,14,RS,53,100,0.53
BASE_MEMIT,71,15,RS,55,100,0.55
BASE_MEMIT,71,16,RS,58,100,0.58
BASE_MEMIT,71,17,RS,57,100,0.57
BASE_MEMIT,71,18,RS,63,100,0.63
BASE_MEMIT,71,19,RS,58,100,0.58
BASE_MEMIT,71,20,RS,65,100,0.65
BASE_MEMIT,71,21,RS,49,100,0.49
BASE_MEMIT,71,22,RS,59,100,0.59
BASE_MEMIT,71,23,RS,62,100,0.62
BASE_MEMIT,71,24,RS,58,100,0.58
BASE_MEMIT,71,25,RS,59,100,0.59
BASE_MEMIT,71,26,RS,52,100,0.52
BASE_MEMIT,71,27,RS,57,100,0.57
BASE_MEMIT,71,28,RS,47,100,0.47
BASE_MEMIT,71,29,RS,62,100,0.62
BASE_MEMIT,71,30,RS,60,100,0.6
BASE_MEMIT,71,31,RS,54,100,0.54
BASE_MEMIT,71,32,RS,58,100,0.58
BASE_MEMIT,71,33,RS,56,100,0.56
BASE_MEMIT,71,34,RS,59,100,0.59
BASE_MEMIT,71,35,RS,50,100,0.5
BASE_MEMIT,71,36,RS,48,100,0.48
BASE_MEMIT,71,37,RS,50,100,0.5
BASE_MEMIT,71,38,RS,58,100,0.58
BASE_MEMIT,71,39,RS,53,100,0.53
BASE_MEMIT,71,40,RS,68,100,0.68
BASE_MEMIT,71,41,RS,65,100,0.65
BASE_MEMIT,71,42,RS,59,100,0.59
BASE_MEMIT,71,43,RS,64,100,0.64
BASE_MEMIT,71,44,RS,60,100,0.6
BASE_MEMIT,71,45,RS,61,100,0.61
BASE_MEMIT,71,46,RS,61,100,0.61
BASE_MEMIT,71,47,RS,66,100,0.66
BASE_MEMIT,71,48,RS,61,100,0.61
BASE_MEMIT,71,49,RS,66,100,0.66
BASE_MEMIT,71,50,RS,59,100,0.59
BASE_MEMIT,71,51,RS,66,100,0.66
BASE_MEMIT,71,52,RS,73,100,0.73
BASE_MEMIT,71,53,RS,69,100,0.69
BASE_MEMIT,71,54,RS,75,100,0.75
BASE_MEMIT,71,55,RS,66,100,0.66
BASE_MEMIT,71,56,RS,75,100,0.75
BASE_MEMIT,71,57,RS,74,100,0.74
BASE_MEMIT,71,58,RS,74,100,0.74
BASE_MEMIT,71,59,RS,71,100,0.71
BASE_MEMIT,71,60,RS,75,100,0.75
BASE_MEMIT,71,61,RS,75,100,0.75
BASE_MEMIT,71,62,RS,81,100,0.81
BASE_MEMIT,71,63,RS,84,100,0.84
BASE_MEMIT,71,64,RS,80,100,0.8
BASE_MEMIT,71,65,RS,83,100,0.83
BASE_MEMIT,71,66,RS,86,100,0.86
BASE_MEMIT,71,67,RS,90,100,0.9
BASE_MEMIT,71,68,RS,90,100,0.9
BASE_MEMIT,71,69,RS,88,100,0.88
BASE_MEMIT,71,70,RS,94,100,0.94
BASE_MEMIT,71,71,RS,90,100,0.9
BASE_MEMIT,72,1,RS,52,100,0.52
BASE_MEMIT,72,2,RS,58,100,0.58
BASE_MEMIT,72,3,RS,56,100,0.56
BASE_MEMIT,72,4,RS,51,100,0.51
BASE_MEMIT,72,5,RS,54,100,0.54
BASE_MEMIT,72,6,RS,53,100,0.53
BASE_MEMIT,72,7,RS,53,100,0.53
BASE_MEMIT,72,8,RS,41,100,0.41
BASE_MEMIT,72,9,RS,58,100,0.58
BASE_MEMIT,72,10,RS,52,100,0.52
BASE_MEMIT,72,11,RS,55,100,0.55
BASE_MEMIT,72,12,RS,47,100,0.47
BASE_MEMIT,72,13,RS,58,100,0.58
BASE_MEMIT,72,14,RS,50,100,0.5
BASE_MEMIT,72,15,RS,57,100,0.57
BASE_MEMIT,72,16,RS,59,100,0.59
BASE_MEMIT,72,17,RS,58,100,0.58
BASE_MEMIT,72,18,RS,61,100,0.61
BASE_MEMIT,72,19,RS,57,100,0.57
BASE_MEMIT,72,20,RS,66,100,0.66
BASE_MEMIT,72,21,RS,54,100,0.54
BASE_MEMIT,72,22,RS,58,100,0.58
BASE_MEMIT,72,23,RS,61,100,0.61
BASE_MEMIT,72,24,RS,58,100,0.58
BASE_MEMIT,72,25,RS,57,100,0.57
BASE_MEMIT,72,26,RS,54,100,0.54
BASE_MEMIT,72,27,RS,51,100,0.51
BASE_MEMIT,72,28,RS,49,100,0.49
BASE_MEMIT,72,29,RS,64,100,0.64
BASE_MEMIT,72,30,RS,62,100,0.62
BASE_MEMIT,72,31,RS,55,100,0.55
BASE_MEMIT,72,32,RS,57,100,0.57
BASE_MEMIT,72,33,RS,57,100,0.57
BASE_MEMIT,72,34,RS,60,100,0.6
BASE_MEMIT,72,35,RS,51,100,0.51
BASE_MEMIT,72,36,RS,49,100,0.49
BASE_MEMIT,72,37,RS,51,100,0.51
BASE_MEMIT,72,38,RS,59,100,0.59
BASE_MEMIT,72,39,RS,52,100,0.52
BASE_MEMIT,72,40,RS,68,100,0.68
BASE_MEMIT,72,41,RS,61,100,0.61
BASE_MEMIT,72,42,RS,61,100,0.61
BASE_MEMIT,72,43,RS,66,100,0.66
BASE_MEMIT,72,44,RS,64,100,0.64
BASE_MEMIT,72,45,RS,65,100,0.65
BASE_MEMIT,72,46,RS,67,100,0.67
BASE_MEMIT,72,47,RS,65,100,0.65
BASE_MEMIT,72,48,RS,61,100,0.61
BASE_MEMIT,72,49,RS,69,100,0.69
BASE_MEMIT,72,50,RS,58,100,0.58
BASE_MEMIT,72,51,RS,65,100,0.65
BASE_MEMIT,72,52,RS,77,100,0.77
BASE_MEMIT,72,53,RS,69,100,0.69
BASE_MEMIT,72,54,RS,76,100,0.76
BASE_MEMIT,72,55,RS,64,100,0.64
BASE_MEMIT,72,56,RS,72,100,0.72
BASE_MEMIT,72,57,RS,73,100,0.73
BASE_MEMIT,72,58,RS,76,100,0.76
BASE_MEMIT,72,59,RS,69,100,0.69
BASE_MEMIT,72,60,RS,71,100,0.71
BASE_MEMIT,72,61,RS,76,100,0.76
BASE_MEMIT,72,62,RS,82,100,0.82
BASE_MEMIT,72,63,RS,82,100,0.82
BASE_MEMIT,72,64,RS,77,100,0.77
BASE_MEMIT,72,65,RS,81,100,0.81
BASE_MEMIT,72,66,RS,83,100,0.83
BASE_MEMIT,72,67,RS,90,100,0.9
BASE_MEMIT,72,68,RS,89,100,0.89
BASE_MEMIT,72,69,RS,89,100,0.89
BASE_MEMIT,72,70,RS,95,100,0.95
BASE_MEMIT,72,71,RS,89,100,0.89
BASE_MEMIT,72,72,RS,95,100,0.95
BASE_MEMIT,73,1,RS,49,100,0.49
BASE_MEMIT,73,2,RS,55,100,0.55
BASE_MEMIT,73,3,RS,52,100,0.52
BASE_MEMIT,73,4,RS,49,100,0.49
BASE_MEMIT,73,5,RS,55,100,0.55
BASE_MEMIT,73,6,RS,58,100,0.58
BASE_MEMIT,73,7,RS,53,100,0.53
BASE_MEMIT,73,8,RS,42,100,0.42
BASE_MEMIT,73,9,RS,59,100,0.59
BASE_MEMIT,73,10,RS,55,100,0.55
BASE_MEMIT,73,11,RS,54,100,0.54
BASE_MEMIT,73,12,RS,46,100,0.46
BASE_MEMIT,73,13,RS,61,100,0.61
BASE_MEMIT,73,14,RS,54,100,0.54
BASE_MEMIT,73,15,RS,56,100,0.56
BASE_MEMIT,73,16,RS,60,100,0.6
BASE_MEMIT,73,17,RS,60,100,0.6
BASE_MEMIT,73,18,RS,62,100,0.62
BASE_MEMIT,73,19,RS,58,100,0.58
BASE_MEMIT,73,20,RS,67,100,0.67
BASE_MEMIT,73,21,RS,55,100,0.55
BASE_MEMIT,73,22,RS,56,100,0.56
BASE_MEMIT,73,23,RS,59,100,0.59
BASE_MEMIT,73,24,RS,56,100,0.56
BASE_MEMIT,73,25,RS,58,100,0.58
BASE_MEMIT,73,26,RS,54,100,0.54
BASE_MEMIT,73,27,RS,54,100,0.54
BASE_MEMIT,73,28,RS,52,100,0.52
BASE_MEMIT,73,29,RS,66,100,0.66
BASE_MEMIT,73,30,RS,59,100,0.59
BASE_MEMIT,73,31,RS,54,100,0.54
BASE_MEMIT,73,32,RS,58,100,0.58
BASE_MEMIT,73,33,RS,56,100,0.56
BASE_MEMIT,73,34,RS,58,100,0.58
BASE_MEMIT,73,35,RS,55,100,0.55
BASE_MEMIT,73,36,RS,48,100,0.48
BASE_MEMIT,73,37,RS,55,100,0.55
BASE_MEMIT,73,38,RS,60,100,0.6
BASE_MEMIT,73,39,RS,52,100,0.52
BASE_MEMIT,73,40,RS,67,100,0.67
BASE_MEMIT,73,41,RS,65,100,0.65
BASE_MEMIT,73,42,RS,63,100,0.63
BASE_MEMIT,73,43,RS,66,100,0.66
BASE_MEMIT,73,44,RS,66,100,0.66
BASE_MEMIT,73,45,RS,65,100,0.65
BASE_MEMIT,73,46,RS,64,100,0.64
BASE_MEMIT,73,47,RS,64,100,0.64
BASE_MEMIT,73,48,RS,60,100,0.6
BASE_MEMIT,73,49,RS,70,100,0.7
BASE_MEMIT,73,50,RS,61,100,0.61
BASE_MEMIT,73,51,RS,67,100,0.67
BASE_MEMIT,73,52,RS,73,100,0.73
BASE_MEMIT,73,53,RS,67,100,0.67
BASE_MEMIT,73,54,RS,79,100,0.79
BASE_MEMIT,73,55,RS,68,100,0.68
BASE_MEMIT,73,56,RS,71,100,0.71
BASE_MEMIT,73,57,RS,66,100,0.66
BASE_MEMIT,73,58,RS,73,100,0.73
BASE_MEMIT,73,59,RS,68,100,0.68
BASE_MEMIT,73,60,RS,70,100,0.7
BASE_MEMIT,73,61,RS,74,100,0.74
BASE_MEMIT,73,62,RS,80,100,0.8
BASE_MEMIT,73,63,RS,80,100,0.8
BASE_MEMIT,73,64,RS,79,100,0.79
BASE_MEMIT,73,65,RS,83,100,0.83
BASE_MEMIT,73,66,RS,87,100,0.87
BASE_MEMIT,73,67,RS,88,100,0.88
BASE_MEMIT,73,68,RS,86,100,0.86
BASE_MEMIT,73,69,RS,90,100,0.9
BASE_MEMIT,73,70,RS,94,100,0.94
BASE_MEMIT,73,71,RS,90,100,0.9
BASE_MEMIT,73,72,RS,95,100,0.95
BASE_MEMIT,73,73,RS,94,100,0.94
BASE_MEMIT,74,1,RS,57,100,0.57
BASE_MEMIT,74,2,RS,58,100,0.58
BASE_MEMIT,74,3,RS,55,100,0.55
BASE_MEMIT,74,4,RS,48,100,0.48
BASE_MEMIT,74,5,RS,55,100,0.55
BASE_MEMIT,74,6,RS,58,100,0.58
BASE_MEMIT,74,7,RS,52,100,0.52
BASE_MEMIT,74,8,RS,42,100,0.42
BASE_MEMIT,74,9,RS,54,100,0.54
BASE_MEMIT,74,10,RS,50,100,0.5
BASE_MEMIT,74,11,RS,55,100,0.55
BASE_MEMIT,74,12,RS,44,100,0.44
BASE_MEMIT,74,13,RS,63,100,0.63
BASE_MEMIT,74,14,RS,51,100,0.51
BASE_MEMIT,74,15,RS,56,100,0.56
BASE_MEMIT,74,16,RS,56,100,0.56
BASE_MEMIT,74,17,RS,58,100,0.58
BASE_MEMIT,74,18,RS,64,100,0.64
BASE_MEMIT,74,19,RS,60,100,0.6
BASE_MEMIT,74,20,RS,69,100,0.69
BASE_MEMIT,74,21,RS,54,100,0.54
BASE_MEMIT,74,22,RS,57,100,0.57
BASE_MEMIT,74,23,RS,59,100,0.59
BASE_MEMIT,74,24,RS,58,100,0.58
BASE_MEMIT,74,25,RS,61,100,0.61
BASE_MEMIT,74,26,RS,55,100,0.55
BASE_MEMIT,74,27,RS,55,100,0.55
BASE_MEMIT,74,28,RS,49,100,0.49
BASE_MEMIT,74,29,RS,56,100,0.56
BASE_MEMIT,74,30,RS,63,100,0.63
BASE_MEMIT,74,31,RS,55,100,0.55
BASE_MEMIT,74,32,RS,62,100,0.62
BASE_MEMIT,74,33,RS,56,100,0.56
BASE_MEMIT,74,34,RS,59,100,0.59
BASE_MEMIT,74,35,RS,54,100,0.54
BASE_MEMIT,74,36,RS,50,100,0.5
BASE_MEMIT,74,37,RS,55,100,0.55
BASE_MEMIT,74,38,RS,62,100,0.62
BASE_MEMIT,74,39,RS,54,100,0.54
BASE_MEMIT,74,40,RS,66,100,0.66
BASE_MEMIT,74,41,RS,65,100,0.65
BASE_MEMIT,74,42,RS,63,100,0.63
BASE_MEMIT,74,43,RS,64,100,0.64
BASE_MEMIT,74,44,RS,60,100,0.6
BASE_MEMIT,74,45,RS,63,100,0.63
BASE_MEMIT,74,46,RS,70,100,0.7
BASE_MEMIT,74,47,RS,64,100,0.64
BASE_MEMIT,74,48,RS,56,100,0.56
BASE_MEMIT,74,49,RS,69,100,0.69
BASE_MEMIT,74,50,RS,61,100,0.61
BASE_MEMIT,74,51,RS,65,100,0.65
BASE_MEMIT,74,52,RS,71,100,0.71
BASE_MEMIT,74,53,RS,68,100,0.68
BASE_MEMIT,74,54,RS,76,100,0.76
BASE_MEMIT,74,55,RS,65,100,0.65
BASE_MEMIT,74,56,RS,67,100,0.67
BASE_MEMIT,74,57,RS,67,100,0.67
BASE_MEMIT,74,58,RS,74,100,0.74
BASE_MEMIT,74,59,RS,71,100,0.71
BASE_MEMIT,74,60,RS,71,100,0.71
BASE_MEMIT,74,61,RS,73,100,0.73
BASE_MEMIT,74,62,RS,78,100,0.78
BASE_MEMIT,74,63,RS,80,100,0.8
BASE_MEMIT,74,64,RS,82,100,0.82
BASE_MEMIT,74,65,RS,83,100,0.83
BASE_MEMIT,74,66,RS,84,100,0.84
BASE_MEMIT,74,67,RS,87,100,0.87
BASE_MEMIT,74,68,RS,85,100,0.85
BASE_MEMIT,74,69,RS,87,100,0.87
BASE_MEMIT,74,70,RS,94,100,0.94
BASE_MEMIT,74,71,RS,88,100,0.88
BASE_MEMIT,74,72,RS,92,100,0.92
BASE_MEMIT,74,73,RS,94,100,0.94
BASE_MEMIT,74,74,RS,94,100,0.94
BASE_MEMIT,75,1,RS,54,100,0.54
BASE_MEMIT,75,2,RS,54,100,0.54
BASE_MEMIT,75,3,RS,56,100,0.56
BASE_MEMIT,75,4,RS,46,100,0.46
BASE_MEMIT,75,5,RS,53,100,0.53
BASE_MEMIT,75,6,RS,61,100,0.61
BASE_MEMIT,75,7,RS,53,100,0.53
BASE_MEMIT,75,8,RS,41,100,0.41
BASE_MEMIT,75,9,RS,63,100,0.63
BASE_MEMIT,75,10,RS,48,100,0.48
BASE_MEMIT,75,11,RS,58,100,0.58
BASE_MEMIT,75,12,RS,44,100,0.44
BASE_MEMIT,75,13,RS,64,100,0.64
BASE_MEMIT,75,14,RS,55,100,0.55
BASE_MEMIT,75,15,RS,54,100,0.54
BASE_MEMIT,75,16,RS,56,100,0.56
BASE_MEMIT,75,17,RS,57,100,0.57
BASE_MEMIT,75,18,RS,61,100,0.61
BASE_MEMIT,75,19,RS,60,100,0.6
BASE_MEMIT,75,20,RS,67,100,0.67
BASE_MEMIT,75,21,RS,58,100,0.58
BASE_MEMIT,75,22,RS,61,100,0.61
BASE_MEMIT,75,23,RS,59,100,0.59
BASE_MEMIT,75,24,RS,61,100,0.61
BASE_MEMIT,75,25,RS,63,100,0.63
BASE_MEMIT,75,26,RS,56,100,0.56
BASE_MEMIT,75,27,RS,58,100,0.58
BASE_MEMIT,75,28,RS,47,100,0.47
BASE_MEMIT,75,29,RS,58,100,0.58
BASE_MEMIT,75,30,RS,59,100,0.59
BASE_MEMIT,75,31,RS,56,100,0.56
BASE_MEMIT,75,32,RS,59,100,0.59
BASE_MEMIT,75,33,RS,57,100,0.57
BASE_MEMIT,75,34,RS,63,100,0.63
BASE_MEMIT,75,35,RS,55,100,0.55
BASE_MEMIT,75,36,RS,46,100,0.46
BASE_MEMIT,75,37,RS,56,100,0.56
BASE_MEMIT,75,38,RS,58,100,0.58
BASE_MEMIT,75,39,RS,56,100,0.56
BASE_MEMIT,75,40,RS,66,100,0.66
BASE_MEMIT,75,41,RS,64,100,0.64
BASE_MEMIT,75,42,RS,64,100,0.64
BASE_MEMIT,75,43,RS,67,100,0.67
BASE_MEMIT,75,44,RS,64,100,0.64
BASE_MEMIT,75,45,RS,64,100,0.64
BASE_MEMIT,75,46,RS,67,100,0.67
BASE_MEMIT,75,47,RS,64,100,0.64
BASE_MEMIT,75,48,RS,59,100,0.59
BASE_MEMIT,75,49,RS,69,100,0.69
BASE_MEMIT,75,50,RS,61,100,0.61
BASE_MEMIT,75,51,RS,66,100,0.66
BASE_MEMIT,75,52,RS,69,100,0.69
BASE_MEMIT,75,53,RS,67,100,0.67
BASE_MEMIT,75,54,RS,76,100,0.76
BASE_MEMIT,75,55,RS,63,100,0.63
BASE_MEMIT,75,56,RS,68,100,0.68
BASE_MEMIT,75,57,RS,68,100,0.68
BASE_MEMIT,75,58,RS,69,100,0.69
BASE_MEMIT,75,59,RS,67,100,0.67
BASE_MEMIT,75,60,RS,66,100,0.66
BASE_MEMIT,75,61,RS,73,100,0.73
BASE_MEMIT,75,62,RS,76,100,0.76
BASE_MEMIT,75,63,RS,79,100,0.79
BASE_MEMIT,75,64,RS,81,100,0.81
BASE_MEMIT,75,65,RS,81,100,0.81
BASE_MEMIT,75,66,RS,83,100,0.83
BASE_MEMIT,75,67,RS,87,100,0.87
BASE_MEMIT,75,68,RS,83,100,0.83
BASE_MEMIT,75,69,RS,88,100,0.88
BASE_MEMIT,75,70,RS,89,100,0.89
BASE_MEMIT,75,71,RS,88,100,0.88
BASE_MEMIT,75,72,RS,94,100,0.94
BASE_MEMIT,75,73,RS,91,100,0.91
BASE_MEMIT,75,74,RS,92,100,0.92
BASE_MEMIT,75,75,RS,94,100,0.94
BASE_MEMIT,76,1,RS,56,100,0.56
BASE_MEMIT,76,2,RS,50,100,0.5
BASE_MEMIT,76,3,RS,50,100,0.5
BASE_MEMIT,76,4,RS,48,100,0.48
BASE_MEMIT,76,5,RS,55,100,0.55
BASE_MEMIT,76,6,RS,58,100,0.58
BASE_MEMIT,76,7,RS,55,100,0.55
BASE_MEMIT,76,8,RS,46,100,0.46
BASE_MEMIT,76,9,RS,60,100,0.6
BASE_MEMIT,76,10,RS,51,100,0.51
BASE_MEMIT,76,11,RS,62,100,0.62
BASE_MEMIT,76,12,RS,47,100,0.47
BASE_MEMIT,76,13,RS,63,100,0.63
BASE_MEMIT,76,14,RS,47,100,0.47
BASE_MEMIT,76,15,RS,52,100,0.52
BASE_MEMIT,76,16,RS,56,100,0.56
BASE_MEMIT,76,17,RS,61,100,0.61
BASE_MEMIT,76,18,RS,64,100,0.64
BASE_MEMIT,76,19,RS,60,100,0.6
BASE_MEMIT,76,20,RS,70,100,0.7
BASE_MEMIT,76,21,RS,57,100,0.57
BASE_MEMIT,76,22,RS,61,100,0.61
BASE_MEMIT,76,23,RS,60,100,0.6
BASE_MEMIT,76,24,RS,64,100,0.64
BASE_MEMIT,76,25,RS,63,100,0.63
BASE_MEMIT,76,26,RS,57,100,0.57
BASE_MEMIT,76,27,RS,56,100,0.56
BASE_MEMIT,76,28,RS,45,100,0.45
BASE_MEMIT,76,29,RS,61,100,0.61
BASE_MEMIT,76,30,RS,60,100,0.6
BASE_MEMIT,76,31,RS,57,100,0.57
BASE_MEMIT,76,32,RS,60,100,0.6
BASE_MEMIT,76,33,RS,59,100,0.59
BASE_MEMIT,76,34,RS,60,100,0.6
BASE_MEMIT,76,35,RS,55,100,0.55
BASE_MEMIT,76,36,RS,48,100,0.48
BASE_MEMIT,76,37,RS,57,100,0.57
BASE_MEMIT,76,38,RS,62,100,0.62
BASE_MEMIT,76,39,RS,50,100,0.5
BASE_MEMIT,76,40,RS,65,100,0.65
BASE_MEMIT,76,41,RS,63,100,0.63
BASE_MEMIT,76,42,RS,62,100,0.62
BASE_MEMIT,76,43,RS,61,100,0.61
BASE_MEMIT,76,44,RS,63,100,0.63
BASE_MEMIT,76,45,RS,64,100,0.64
BASE_MEMIT,76,46,RS,67,100,0.67
BASE_MEMIT,76,47,RS,64,100,0.64
BASE_MEMIT,76,48,RS,53,100,0.53
BASE_MEMIT,76,49,RS,69,100,0.69
BASE_MEMIT,76,50,RS,59,100,0.59
BASE_MEMIT,76,51,RS,63,100,0.63
BASE_MEMIT,76,52,RS,67,100,0.67
BASE_MEMIT,76,53,RS,66,100,0.66
BASE_MEMIT,76,54,RS,75,100,0.75
BASE_MEMIT,76,55,RS,65,100,0.65
BASE_MEMIT,76,56,RS,68,100,0.68
BASE_MEMIT,76,57,RS,71,100,0.71
BASE_MEMIT,76,58,RS,71,100,0.71
BASE_MEMIT,76,59,RS,69,100,0.69
BASE_MEMIT,76,60,RS,70,100,0.7
BASE_MEMIT,76,61,RS,73,100,0.73
BASE_MEMIT,76,62,RS,75,100,0.75
BASE_MEMIT,76,63,RS,77,100,0.77
BASE_MEMIT,76,64,RS,78,100,0.78
BASE_MEMIT,76,65,RS,79,100,0.79
BASE_MEMIT,76,66,RS,80,100,0.8
BASE_MEMIT,76,67,RS,86,100,0.86
BASE_MEMIT,76,68,RS,83,100,0.83
BASE_MEMIT,76,69,RS,85,100,0.85
BASE_MEMIT,76,70,RS,90,100,0.9
BASE_MEMIT,76,71,RS,87,100,0.87
BASE_MEMIT,76,72,RS,92,100,0.92
BASE_MEMIT,76,73,RS,93,100,0.93
BASE_MEMIT,76,74,RS,94,100,0.94
BASE_MEMIT,76,75,RS,93,100,0.93
BASE_MEMIT,76,76,RS,90,100,0.9
BASE_MEMIT,77,1,RS,53,100,0.53
BASE_MEMIT,77,2,RS,49,100,0.49
BASE_MEMIT,77,3,RS,54,100,0.54
BASE_MEMIT,77,4,RS,47,100,0.47
BASE_MEMIT,77,5,RS,53,100,0.53
BASE_MEMIT,77,6,RS,60,100,0.6
BASE_MEMIT,77,7,RS,56,100,0.56
BASE_MEMIT,77,8,RS,45,100,0.45
BASE_MEMIT,77,9,RS,61,100,0.61
BASE_MEMIT,77,10,RS,47,100,0.47
BASE_MEMIT,77,11,RS,59,100,0.59
BASE_MEMIT,77,12,RS,46,100,0.46
BASE_MEMIT,77,13,RS,62,100,0.62
BASE_MEMIT,77,14,RS,51,100,0.51
BASE_MEMIT,77,15,RS,54,100,0.54
BASE_MEMIT,77,16,RS,55,100,0.55
BASE_MEMIT,77,17,RS,59,100,0.59
BASE_MEMIT,77,18,RS,63,100,0.63
BASE_MEMIT,77,19,RS,56,100,0.56
BASE_MEMIT,77,20,RS,67,100,0.67
BASE_MEMIT,77,21,RS,60,100,0.6
BASE_MEMIT,77,22,RS,61,100,0.61
BASE_MEMIT,77,23,RS,59,100,0.59
BASE_MEMIT,77,24,RS,64,100,0.64
BASE_MEMIT,77,25,RS,63,100,0.63
BASE_MEMIT,77,26,RS,58,100,0.58
BASE_MEMIT,77,27,RS,54,100,0.54
BASE_MEMIT,77,28,RS,47,100,0.47
BASE_MEMIT,77,29,RS,60,100,0.6
BASE_MEMIT,77,30,RS,60,100,0.6
BASE_MEMIT,77,31,RS,55,100,0.55
BASE_MEMIT,77,32,RS,62,100,0.62
BASE_MEMIT,77,33,RS,56,100,0.56
BASE_MEMIT,77,34,RS,60,100,0.6
BASE_MEMIT,77,35,RS,52,100,0.52
BASE_MEMIT,77,36,RS,50,100,0.5
BASE_MEMIT,77,37,RS,56,100,0.56
BASE_MEMIT,77,38,RS,57,100,0.57
BASE_MEMIT,77,39,RS,51,100,0.51
BASE_MEMIT,77,40,RS,62,100,0.62
BASE_MEMIT,77,41,RS,64,100,0.64
BASE_MEMIT,77,42,RS,60,100,0.6
BASE_MEMIT,77,43,RS,64,100,0.64
BASE_MEMIT,77,44,RS,62,100,0.62
BASE_MEMIT,77,45,RS,66,100,0.66
BASE_MEMIT,77,46,RS,69,100,0.69
BASE_MEMIT,77,47,RS,70,100,0.7
BASE_MEMIT,77,48,RS,52,100,0.52
BASE_MEMIT,77,49,RS,66,100,0.66
BASE_MEMIT,77,50,RS,57,100,0.57
BASE_MEMIT,77,51,RS,64,100,0.64
BASE_MEMIT,77,52,RS,69,100,0.69
BASE_MEMIT,77,53,RS,68,100,0.68
BASE_MEMIT,77,54,RS,77,100,0.77
BASE_MEMIT,77,55,RS,66,100,0.66
BASE_MEMIT,77,56,RS,66,100,0.66
BASE_MEMIT,77,57,RS,68,100,0.68
BASE_MEMIT,77,58,RS,65,100,0.65
BASE_MEMIT,77,59,RS,69,100,0.69
BASE_MEMIT,77,60,RS,68,100,0.68
BASE_MEMIT,77,61,RS,71,100,0.71
BASE_MEMIT,77,62,RS,74,100,0.74
BASE_MEMIT,77,63,RS,77,100,0.77
BASE_MEMIT,77,64,RS,77,100,0.77
BASE_MEMIT,77,65,RS,78,100,0.78
BASE_MEMIT,77,66,RS,78,100,0.78
BASE_MEMIT,77,67,RS,84,100,0.84
BASE_MEMIT,77,68,RS,83,100,0.83
BASE_MEMIT,77,69,RS,84,100,0.84
BASE_MEMIT,77,70,RS,88,100,0.88
BASE_MEMIT,77,71,RS,86,100,0.86
BASE_MEMIT,77,72,RS,91,100,0.91
BASE_MEMIT,77,73,RS,93,100,0.93
BASE_MEMIT,77,74,RS,91,100,0.91
BASE_MEMIT,77,75,RS,92,100,0.92
BASE_MEMIT,77,76,RS,90,100,0.9
BASE_MEMIT,77,77,RS,93,100,0.93
BASE_MEMIT,78,1,RS,52,100,0.52
BASE_MEMIT,78,2,RS,50,100,0.5
BASE_MEMIT,78,3,RS,55,100,0.55
BASE_MEMIT,78,4,RS,49,100,0.49
BASE_MEMIT,78,5,RS,56,100,0.56
BASE_MEMIT,78,6,RS,55,100,0.55
BASE_MEMIT,78,7,RS,54,100,0.54
BASE_MEMIT,78,8,RS,45,100,0.45
BASE_MEMIT,78,9,RS,61,100,0.61
BASE_MEMIT,78,10,RS,50,100,0.5
BASE_MEMIT,78,11,RS,59,100,0.59
BASE_MEMIT,78,12,RS,45,100,0.45
BASE_MEMIT,78,13,RS,64,100,0.64
BASE_MEMIT,78,14,RS,51,100,0.51
BASE_MEMIT,78,15,RS,56,100,0.56
BASE_MEMIT,78,16,RS,57,100,0.57
BASE_MEMIT,78,17,RS,58,100,0.58
BASE_MEMIT,78,18,RS,66,100,0.66
BASE_MEMIT,78,19,RS,58,100,0.58
BASE_MEMIT,78,20,RS,67,100,0.67
BASE_MEMIT,78,21,RS,57,100,0.57
BASE_MEMIT,78,22,RS,59,100,0.59
BASE_MEMIT,78,23,RS,57,100,0.57
BASE_MEMIT,78,24,RS,65,100,0.65
BASE_MEMIT,78,25,RS,64,100,0.64
BASE_MEMIT,78,26,RS,52,100,0.52
BASE_MEMIT,78,27,RS,51,100,0.51
BASE_MEMIT,78,28,RS,44,100,0.44
BASE_MEMIT,78,29,RS,60,100,0.6
BASE_MEMIT,78,30,RS,60,100,0.6
BASE_MEMIT,78,31,RS,56,100,0.56
BASE_MEMIT,78,32,RS,61,100,0.61
BASE_MEMIT,78,33,RS,54,100,0.54
BASE_MEMIT,78,34,RS,60,100,0.6
BASE_MEMIT,78,35,RS,55,100,0.55
BASE_MEMIT,78,36,RS,51,100,0.51
BASE_MEMIT,78,37,RS,55,100,0.55
BASE_MEMIT,78,38,RS,59,100,0.59
BASE_MEMIT,78,39,RS,52,100,0.52
BASE_MEMIT,78,40,RS,62,100,0.62
BASE_MEMIT,78,41,RS,61,100,0.61
BASE_MEMIT,78,42,RS,61,100,0.61
BASE_MEMIT,78,43,RS,65,100,0.65
BASE_MEMIT,78,44,RS,62,100,0.62
BASE_MEMIT,78,45,RS,63,100,0.63
BASE_MEMIT,78,46,RS,65,100,0.65
BASE_MEMIT,78,47,RS,67,100,0.67
BASE_MEMIT,78,48,RS,56,100,0.56
BASE_MEMIT,78,49,RS,66,100,0.66
BASE_MEMIT,78,50,RS,59,100,0.59
BASE_MEMIT,78,51,RS,64,100,0.64
BASE_MEMIT,78,52,RS,69,100,0.69
BASE_MEMIT,78,53,RS,66,100,0.66
BASE_MEMIT,78,54,RS,77,100,0.77
BASE_MEMIT,78,55,RS,61,100,0.61
BASE_MEMIT,78,56,RS,66,100,0.66
BASE_MEMIT,78,57,RS,64,100,0.64
BASE_MEMIT,78,58,RS,69,100,0.69
BASE_MEMIT,78,59,RS,71,100,0.71
BASE_MEMIT,78,60,RS,65,100,0.65
BASE_MEMIT,78,61,RS,69,100,0.69
BASE_MEMIT,78,62,RS,74,100,0.74
BASE_MEMIT,78,63,RS,74,100,0.74
BASE_MEMIT,78,64,RS,76,100,0.76
BASE_MEMIT,78,65,RS,77,100,0.77
BASE_MEMIT,78,66,RS,80,100,0.8
BASE_MEMIT,78,67,RS,85,100,0.85
BASE_MEMIT,78,68,RS,82,100,0.82
BASE_MEMIT,78,69,RS,84,100,0.84
BASE_MEMIT,78,70,RS,85,100,0.85
BASE_MEMIT,78,71,RS,83,100,0.83
BASE_MEMIT,78,72,RS,92,100,0.92
BASE_MEMIT,78,73,RS,90,100,0.9
BASE_MEMIT,78,74,RS,91,100,0.91
BASE_MEMIT,78,75,RS,92,100,0.92
BASE_MEMIT,78,76,RS,90,100,0.9
BASE_MEMIT,78,77,RS,92,100,0.92
BASE_MEMIT,78,78,RS,96,100,0.96
BASE_MEMIT,79,1,RS,52,100,0.52
BASE_MEMIT,79,2,RS,50,100,0.5
BASE_MEMIT,79,3,RS,58,100,0.58
BASE_MEMIT,79,4,RS,51,100,0.51
BASE_MEMIT,79,5,RS,51,100,0.51
BASE_MEMIT,79,6,RS,54,100,0.54
BASE_MEMIT,79,7,RS,52,100,0.52
BASE_MEMIT,79,8,RS,47,100,0.47
BASE_MEMIT,79,9,RS,59,100,0.59
BASE_MEMIT,79,10,RS,52,100,0.52
BASE_MEMIT,79,11,RS,55,100,0.55
BASE_MEMIT,79,12,RS,45,100,0.45
BASE_MEMIT,79,13,RS,67,100,0.67
BASE_MEMIT,79,14,RS,54,100,0.54
BASE_MEMIT,79,15,RS,54,100,0.54
BASE_MEMIT,79,16,RS,57,100,0.57
BASE_MEMIT,79,17,RS,56,100,0.56
BASE_MEMIT,79,18,RS,65,100,0.65
BASE_MEMIT,79,19,RS,59,100,0.59
BASE_MEMIT,79,20,RS,63,100,0.63
BASE_MEMIT,79,21,RS,58,100,0.58
BASE_MEMIT,79,22,RS,55,100,0.55
BASE_MEMIT,79,23,RS,58,100,0.58
BASE_MEMIT,79,24,RS,65,100,0.65
BASE_MEMIT,79,25,RS,61,100,0.61
BASE_MEMIT,79,26,RS,54,100,0.54
BASE_MEMIT,79,27,RS,48,100,0.48
BASE_MEMIT,79,28,RS,46,100,0.46
BASE_MEMIT,79,29,RS,59,100,0.59
BASE_MEMIT,79,30,RS,59,100,0.59
BASE_MEMIT,79,31,RS,56,100,0.56
BASE_MEMIT,79,32,RS,61,100,0.61
BASE_MEMIT,79,33,RS,52,100,0.52
BASE_MEMIT,79,34,RS,57,100,0.57
BASE_MEMIT,79,35,RS,54,100,0.54
BASE_MEMIT,79,36,RS,52,100,0.52
BASE_MEMIT,79,37,RS,54,100,0.54
BASE_MEMIT,79,38,RS,60,100,0.6
BASE_MEMIT,79,39,RS,55,100,0.55
BASE_MEMIT,79,40,RS,62,100,0.62
BASE_MEMIT,79,41,RS,65,100,0.65
BASE_MEMIT,79,42,RS,59,100,0.59
BASE_MEMIT,79,43,RS,63,100,0.63
BASE_MEMIT,79,44,RS,61,100,0.61
BASE_MEMIT,79,45,RS,62,100,0.62
BASE_MEMIT,79,46,RS,63,100,0.63
BASE_MEMIT,79,47,RS,67,100,0.67
BASE_MEMIT,79,48,RS,53,100,0.53
BASE_MEMIT,79,49,RS,63,100,0.63
BASE_MEMIT,79,50,RS,58,100,0.58
BASE_MEMIT,79,51,RS,64,100,0.64
BASE_MEMIT,79,52,RS,68,100,0.68
BASE_MEMIT,79,53,RS,64,100,0.64
BASE_MEMIT,79,54,RS,73,100,0.73
BASE_MEMIT,79,55,RS,62,100,0.62
BASE_MEMIT,79,56,RS,63,100,0.63
BASE_MEMIT,79,57,RS,61,100,0.61
BASE_MEMIT,79,58,RS,64,100,0.64
BASE_MEMIT,79,59,RS,69,100,0.69
BASE_MEMIT,79,60,RS,67,100,0.67
BASE_MEMIT,79,61,RS,73,100,0.73
BASE_MEMIT,79,62,RS,71,100,0.71
BASE_MEMIT,79,63,RS,76,100,0.76
BASE_MEMIT,79,64,RS,74,100,0.74
BASE_MEMIT,79,65,RS,77,100,0.77
BASE_MEMIT,79,66,RS,77,100,0.77
BASE_MEMIT,79,67,RS,84,100,0.84
BASE_MEMIT,79,68,RS,78,100,0.78
BASE_MEMIT,79,69,RS,85,100,0.85
BASE_MEMIT,79,70,RS,85,100,0.85
BASE_MEMIT,79,71,RS,82,100,0.82
BASE_MEMIT,79,72,RS,92,100,0.92
BASE_MEMIT,79,73,RS,90,100,0.9
BASE_MEMIT,79,74,RS,92,100,0.92
BASE_MEMIT,79,75,RS,92,100,0.92
BASE_MEMIT,79,76,RS,89,100,0.89
BASE_MEMIT,79,77,RS,90,100,0.9
BASE_MEMIT,79,78,RS,95,100,0.95
BASE_MEMIT,79,79,RS,91,100,0.91
BASE_MEMIT,80,1,RS,54,100,0.54
BASE_MEMIT,80,2,RS,53,100,0.53
BASE_MEMIT,80,3,RS,56,100,0.56
BASE_MEMIT,80,4,RS,49,100,0.49
BASE_MEMIT,80,5,RS,51,100,0.51
BASE_MEMIT,80,6,RS,53,100,0.53
BASE_MEMIT,80,7,RS,53,100,0.53
BASE_MEMIT,80,8,RS,42,100,0.42
BASE_MEMIT,80,9,RS,58,100,0.58
BASE_MEMIT,80,10,RS,47,100,0.47
BASE_MEMIT,80,11,RS,60,100,0.6
BASE_MEMIT,80,12,RS,43,100,0.43
BASE_MEMIT,80,13,RS,62,100,0.62
BASE_MEMIT,80,14,RS,51,100,0.51
BASE_MEMIT,80,15,RS,57,100,0.57
BASE_MEMIT,80,16,RS,59,100,0.59
BASE_MEMIT,80,17,RS,56,100,0.56
BASE_MEMIT,80,18,RS,63,100,0.63
BASE_MEMIT,80,19,RS,60,100,0.6
BASE_MEMIT,80,20,RS,65,100,0.65
BASE_MEMIT,80,21,RS,62,100,0.62
BASE_MEMIT,80,22,RS,55,100,0.55
BASE_MEMIT,80,23,RS,58,100,0.58
BASE_MEMIT,80,24,RS,64,100,0.64
BASE_MEMIT,80,25,RS,60,100,0.6
BASE_MEMIT,80,26,RS,55,100,0.55
BASE_MEMIT,80,27,RS,52,100,0.52
BASE_MEMIT,80,28,RS,48,100,0.48
BASE_MEMIT,80,29,RS,57,100,0.57
BASE_MEMIT,80,30,RS,56,100,0.56
BASE_MEMIT,80,31,RS,55,100,0.55
BASE_MEMIT,80,32,RS,60,100,0.6
BASE_MEMIT,80,33,RS,52,100,0.52
BASE_MEMIT,80,34,RS,58,100,0.58
BASE_MEMIT,80,35,RS,53,100,0.53
BASE_MEMIT,80,36,RS,49,100,0.49
BASE_MEMIT,80,37,RS,55,100,0.55
BASE_MEMIT,80,38,RS,58,100,0.58
BASE_MEMIT,80,39,RS,53,100,0.53
BASE_MEMIT,80,40,RS,60,100,0.6
BASE_MEMIT,80,41,RS,63,100,0.63
BASE_MEMIT,80,42,RS,59,100,0.59
BASE_MEMIT,80,43,RS,63,100,0.63
BASE_MEMIT,80,44,RS,64,100,0.64
BASE_MEMIT,80,45,RS,61,100,0.61
BASE_MEMIT,80,46,RS,64,100,0.64
BASE_MEMIT,80,47,RS,64,100,0.64
BASE_MEMIT,80,48,RS,50,100,0.5
BASE_MEMIT,80,49,RS,64,100,0.64
BASE_MEMIT,80,50,RS,58,100,0.58
BASE_MEMIT,80,51,RS,64,100,0.64
BASE_MEMIT,80,52,RS,69,100,0.69
BASE_MEMIT,80,53,RS,66,100,0.66
BASE_MEMIT,80,54,RS,74,100,0.74
BASE_MEMIT,80,55,RS,64,100,0.64
BASE_MEMIT,80,56,RS,65,100,0.65
BASE_MEMIT,80,57,RS,62,100,0.62
BASE_MEMIT,80,58,RS,65,100,0.65
BASE_MEMIT,80,59,RS,69,100,0.69
BASE_MEMIT,80,60,RS,64,100,0.64
BASE_MEMIT,80,61,RS,71,100,0.71
BASE_MEMIT,80,62,RS,70,100,0.7
BASE_MEMIT,80,63,RS,75,100,0.75
BASE_MEMIT,80,64,RS,72,100,0.72
BASE_MEMIT,80,65,RS,75,100,0.75
BASE_MEMIT,80,66,RS,77,100,0.77
BASE_MEMIT,80,67,RS,82,100,0.82
BASE_MEMIT,80,68,RS,81,100,0.81
BASE_MEMIT,80,69,RS,85,100,0.85
BASE_MEMIT,80,70,RS,87,100,0.87
BASE_MEMIT,80,71,RS,80,100,0.8
BASE_MEMIT,80,72,RS,92,100,0.92
BASE_MEMIT,80,73,RS,92,100,0.92
BASE_MEMIT,80,74,RS,91,100,0.91
BASE_MEMIT,80,75,RS,92,100,0.92
BASE_MEMIT,80,76,RS,86,100,0.86
BASE_MEMIT,80,77,RS,89,100,0.89
BASE_MEMIT,80,78,RS,93,100,0.93
BASE_MEMIT,80,79,RS,90,100,0.9
BASE_MEMIT,80,80,RS,94,100,0.94
BASE_MEMIT,81,1,RS,54,100,0.54
BASE_MEMIT,81,2,RS,52,100,0.52
BASE_MEMIT,81,3,RS,55,100,0.55
BASE_MEMIT,81,4,RS,45,100,0.45
BASE_MEMIT,81,5,RS,51,100,0.51
BASE_MEMIT,81,6,RS,53,100,0.53
BASE_MEMIT,81,7,RS,52,100,0.52
BASE_MEMIT,81,8,RS,46,100,0.46
BASE_MEMIT,81,9,RS,58,100,0.58
BASE_MEMIT,81,10,RS,46,100,0.46
BASE_MEMIT,81,11,RS,59,100,0.59
BASE_MEMIT,81,12,RS,44,100,0.44
BASE_MEMIT,81,13,RS,63,100,0.63
BASE_MEMIT,81,14,RS,48,100,0.48
BASE_MEMIT,81,15,RS,56,100,0.56
BASE_MEMIT,81,16,RS,61,100,0.61
BASE_MEMIT,81,17,RS,58,100,0.58
BASE_MEMIT,81,18,RS,62,100,0.62
BASE_MEMIT,81,19,RS,58,100,0.58
BASE_MEMIT,81,20,RS,62,100,0.62
BASE_MEMIT,81,21,RS,61,100,0.61
BASE_MEMIT,81,22,RS,58,100,0.58
BASE_MEMIT,81,23,RS,59,100,0.59
BASE_MEMIT,81,24,RS,62,100,0.62
BASE_MEMIT,81,25,RS,62,100,0.62
BASE_MEMIT,81,26,RS,61,100,0.61
BASE_MEMIT,81,27,RS,56,100,0.56
BASE_MEMIT,81,28,RS,47,100,0.47
BASE_MEMIT,81,29,RS,59,100,0.59
BASE_MEMIT,81,30,RS,58,100,0.58
BASE_MEMIT,81,31,RS,56,100,0.56
BASE_MEMIT,81,32,RS,60,100,0.6
BASE_MEMIT,81,33,RS,52,100,0.52
BASE_MEMIT,81,34,RS,57,100,0.57
BASE_MEMIT,81,35,RS,58,100,0.58
BASE_MEMIT,81,36,RS,51,100,0.51
BASE_MEMIT,81,37,RS,55,100,0.55
BASE_MEMIT,81,38,RS,59,100,0.59
BASE_MEMIT,81,39,RS,53,100,0.53
BASE_MEMIT,81,40,RS,60,100,0.6
BASE_MEMIT,81,41,RS,63,100,0.63
BASE_MEMIT,81,42,RS,59,100,0.59
BASE_MEMIT,81,43,RS,65,100,0.65
BASE_MEMIT,81,44,RS,67,100,0.67
BASE_MEMIT,81,45,RS,68,100,0.68
BASE_MEMIT,81,46,RS,64,100,0.64
BASE_MEMIT,81,47,RS,70,100,0.7
BASE_MEMIT,81,48,RS,52,100,0.52
BASE_MEMIT,81,49,RS,61,100,0.61
BASE_MEMIT,81,50,RS,60,100,0.6
BASE_MEMIT,81,51,RS,66,100,0.66
BASE_MEMIT,81,52,RS,70,100,0.7
BASE_MEMIT,81,53,RS,68,100,0.68
BASE_MEMIT,81,54,RS,75,100,0.75
BASE_MEMIT,81,55,RS,68,100,0.68
BASE_MEMIT,81,56,RS,63,100,0.63
BASE_MEMIT,81,57,RS,63,100,0.63
BASE_MEMIT,81,58,RS,64,100,0.64
BASE_MEMIT,81,59,RS,74,100,0.74
BASE_MEMIT,81,60,RS,68,100,0.68
BASE_MEMIT,81,61,RS,76,100,0.76
BASE_MEMIT,81,62,RS,73,100,0.73
BASE_MEMIT,81,63,RS,75,100,0.75
BASE_MEMIT,81,64,RS,71,100,0.71
BASE_MEMIT,81,65,RS,78,100,0.78
BASE_MEMIT,81,66,RS,80,100,0.8
BASE_MEMIT,81,67,RS,82,100,0.82
BASE_MEMIT,81,68,RS,81,100,0.81
BASE_MEMIT,81,69,RS,84,100,0.84
BASE_MEMIT,81,70,RS,86,100,0.86
BASE_MEMIT,81,71,RS,80,100,0.8
BASE_MEMIT,81,72,RS,91,100,0.91
BASE_MEMIT,81,73,RS,92,100,0.92
BASE_MEMIT,81,74,RS,92,100,0.92
BASE_MEMIT,81,75,RS,92,100,0.92
BASE_MEMIT,81,76,RS,87,100,0.87
BASE_MEMIT,81,77,RS,89,100,0.89
BASE_MEMIT,81,78,RS,94,100,0.94
BASE_MEMIT,81,79,RS,92,100,0.92
BASE_MEMIT,81,80,RS,92,100,0.92
BASE_MEMIT,81,81,RS,95,100,0.95
BASE_MEMIT,82,1,RS,52,100,0.52
BASE_MEMIT,82,2,RS,53,100,0.53
BASE_MEMIT,82,3,RS,55,100,0.55
BASE_MEMIT,82,4,RS,47,100,0.47
BASE_MEMIT,82,5,RS,52,100,0.52
BASE_MEMIT,82,6,RS,52,100,0.52
BASE_MEMIT,82,7,RS,52,100,0.52
BASE_MEMIT,82,8,RS,42,100,0.42
BASE_MEMIT,82,9,RS,61,100,0.61
BASE_MEMIT,82,10,RS,47,100,0.47
BASE_MEMIT,82,11,RS,62,100,0.62
BASE_MEMIT,82,12,RS,42,100,0.42
BASE_MEMIT,82,13,RS,63,100,0.63
BASE_MEMIT,82,14,RS,51,100,0.51
BASE_MEMIT,82,15,RS,57,100,0.57
BASE_MEMIT,82,16,RS,61,100,0.61
BASE_MEMIT,82,17,RS,59,100,0.59
BASE_MEMIT,82,18,RS,62,100,0.62
BASE_MEMIT,82,19,RS,55,100,0.55
BASE_MEMIT,82,20,RS,61,100,0.61
BASE_MEMIT,82,21,RS,56,100,0.56
BASE_MEMIT,82,22,RS,55,100,0.55
BASE_MEMIT,82,23,RS,62,100,0.62
BASE_MEMIT,82,24,RS,62,100,0.62
BASE_MEMIT,82,25,RS,64,100,0.64
BASE_MEMIT,82,26,RS,58,100,0.58
BASE_MEMIT,82,27,RS,52,100,0.52
BASE_MEMIT,82,28,RS,52,100,0.52
BASE_MEMIT,82,29,RS,57,100,0.57
BASE_MEMIT,82,30,RS,58,100,0.58
BASE_MEMIT,82,31,RS,61,100,0.61
BASE_MEMIT,82,32,RS,61,100,0.61
BASE_MEMIT,82,33,RS,50,100,0.5
BASE_MEMIT,82,34,RS,62,100,0.62
BASE_MEMIT,82,35,RS,53,100,0.53
BASE_MEMIT,82,36,RS,49,100,0.49
BASE_MEMIT,82,37,RS,54,100,0.54
BASE_MEMIT,82,38,RS,58,100,0.58
BASE_MEMIT,82,39,RS,56,100,0.56
BASE_MEMIT,82,40,RS,60,100,0.6
BASE_MEMIT,82,41,RS,61,100,0.61
BASE_MEMIT,82,42,RS,57,100,0.57
BASE_MEMIT,82,43,RS,63,100,0.63
BASE_MEMIT,82,44,RS,63,100,0.63
BASE_MEMIT,82,45,RS,64,100,0.64
BASE_MEMIT,82,46,RS,61,100,0.61
BASE_MEMIT,82,47,RS,69,100,0.69
BASE_MEMIT,82,48,RS,53,100,0.53
BASE_MEMIT,82,49,RS,55,100,0.55
BASE_MEMIT,82,50,RS,61,100,0.61
BASE_MEMIT,82,51,RS,65,100,0.65
BASE_MEMIT,82,52,RS,68,100,0.68
BASE_MEMIT,82,53,RS,66,100,0.66
BASE_MEMIT,82,54,RS,76,100,0.76
BASE_MEMIT,82,55,RS,68,100,0.68
BASE_MEMIT,82,56,RS,64,100,0.64
BASE_MEMIT,82,57,RS,63,100,0.63
BASE_MEMIT,82,58,RS,61,100,0.61
BASE_MEMIT,82,59,RS,73,100,0.73
BASE_MEMIT,82,60,RS,63,100,0.63
BASE_MEMIT,82,61,RS,72,100,0.72
BASE_MEMIT,82,62,RS,71,100,0.71
BASE_MEMIT,82,63,RS,75,100,0.75
BASE_MEMIT,82,64,RS,69,100,0.69
BASE_MEMIT,82,65,RS,78,100,0.78
BASE_MEMIT,82,66,RS,76,100,0.76
BASE_MEMIT,82,67,RS,83,100,0.83
BASE_MEMIT,82,68,RS,77,100,0.77
BASE_MEMIT,82,69,RS,82,100,0.82
BASE_MEMIT,82,70,RS,84,100,0.84
BASE_MEMIT,82,71,RS,81,100,0.81
BASE_MEMIT,82,72,RS,90,100,0.9
BASE_MEMIT,82,73,RS,91,100,0.91
BASE_MEMIT,82,74,RS,88,100,0.88
BASE_MEMIT,82,75,RS,93,100,0.93
BASE_MEMIT,82,76,RS,89,100,0.89
BASE_MEMIT,82,77,RS,91,100,0.91
BASE_MEMIT,82,78,RS,92,100,0.92
BASE_MEMIT,82,79,RS,90,100,0.9
BASE_MEMIT,82,80,RS,93,100,0.93
BASE_MEMIT,82,81,RS,94,100,0.94
BASE_MEMIT,82,82,RS,92,100,0.92
BASE_MEMIT,83,1,RS,55,100,0.55
BASE_MEMIT,83,2,RS,54,100,0.54
BASE_MEMIT,83,3,RS,52,100,0.52
BASE_MEMIT,83,4,RS,44,100,0.44
BASE_MEMIT,83,5,RS,53,100,0.53
BASE_MEMIT,83,6,RS,50,100,0.5
BASE_MEMIT,83,7,RS,53,100,0.53
BASE_MEMIT,83,8,RS,43,100,0.43
BASE_MEMIT,83,9,RS,60,100,0.6
BASE_MEMIT,83,10,RS,47,100,0.47
BASE_MEMIT,83,11,RS,61,100,0.61
BASE_MEMIT,83,12,RS,42,100,0.42
BASE_MEMIT,83,13,RS,64,100,0.64
BASE_MEMIT,83,14,RS,51,100,0.51
BASE_MEMIT,83,15,RS,58,100,0.58
BASE_MEMIT,83,16,RS,64,100,0.64
BASE_MEMIT,83,17,RS,57,100,0.57
BASE_MEMIT,83,18,RS,60,100,0.6
BASE_MEMIT,83,19,RS,57,100,0.57
BASE_MEMIT,83,20,RS,59,100,0.59
BASE_MEMIT,83,21,RS,52,100,0.52
BASE_MEMIT,83,22,RS,56,100,0.56
BASE_MEMIT,83,23,RS,61,100,0.61
BASE_MEMIT,83,24,RS,62,100,0.62
BASE_MEMIT,83,25,RS,65,100,0.65
BASE_MEMIT,83,26,RS,56,100,0.56
BASE_MEMIT,83,27,RS,52,100,0.52
BASE_MEMIT,83,28,RS,49,100,0.49
BASE_MEMIT,83,29,RS,57,100,0.57
BASE_MEMIT,83,30,RS,58,100,0.58
BASE_MEMIT,83,31,RS,56,100,0.56
BASE_MEMIT,83,32,RS,63,100,0.63
BASE_MEMIT,83,33,RS,51,100,0.51
BASE_MEMIT,83,34,RS,58,100,0.58
BASE_MEMIT,83,35,RS,52,100,0.52
BASE_MEMIT,83,36,RS,50,100,0.5
BASE_MEMIT,83,37,RS,50,100,0.5
BASE_MEMIT,83,38,RS,58,100,0.58
BASE_MEMIT,83,39,RS,52,100,0.52
BASE_MEMIT,83,40,RS,56,100,0.56
BASE_MEMIT,83,41,RS,62,100,0.62
BASE_MEMIT,83,42,RS,57,100,0.57
BASE_MEMIT,83,43,RS,60,100,0.6
BASE_MEMIT,83,44,RS,62,100,0.62
BASE_MEMIT,83,45,RS,64,100,0.64
BASE_MEMIT,83,46,RS,62,100,0.62
BASE_MEMIT,83,47,RS,66,100,0.66
BASE_MEMIT,83,48,RS,53,100,0.53
BASE_MEMIT,83,49,RS,60,100,0.6
BASE_MEMIT,83,50,RS,61,100,0.61
BASE_MEMIT,83,51,RS,65,100,0.65
BASE_MEMIT,83,52,RS,66,100,0.66
BASE_MEMIT,83,53,RS,70,100,0.7
BASE_MEMIT,83,54,RS,76,100,0.76
BASE_MEMIT,83,55,RS,67,100,0.67
BASE_MEMIT,83,56,RS,60,100,0.6
BASE_MEMIT,83,57,RS,62,100,0.62
BASE_MEMIT,83,58,RS,63,100,0.63
BASE_MEMIT,83,59,RS,74,100,0.74
BASE_MEMIT,83,60,RS,65,100,0.65
BASE_MEMIT,83,61,RS,74,100,0.74
BASE_MEMIT,83,62,RS,69,100,0.69
BASE_MEMIT,83,63,RS,72,100,0.72
BASE_MEMIT,83,64,RS,67,100,0.67
BASE_MEMIT,83,65,RS,75,100,0.75
BASE_MEMIT,83,66,RS,73,100,0.73
BASE_MEMIT,83,67,RS,78,100,0.78
BASE_MEMIT,83,68,RS,76,100,0.76
BASE_MEMIT,83,69,RS,83,100,0.83
BASE_MEMIT,83,70,RS,84,100,0.84
BASE_MEMIT,83,71,RS,80,100,0.8
BASE_MEMIT,83,72,RS,90,100,0.9
BASE_MEMIT,83,73,RS,89,100,0.89
BASE_MEMIT,83,74,RS,87,100,0.87
BASE_MEMIT,83,75,RS,90,100,0.9
BASE_MEMIT,83,76,RS,84,100,0.84
BASE_MEMIT,83,77,RS,89,100,0.89
BASE_MEMIT,83,78,RS,89,100,0.89
BASE_MEMIT,83,79,RS,87,100,0.87
BASE_MEMIT,83,80,RS,89,100,0.89
BASE_MEMIT,83,81,RS,95,100,0.95
BASE_MEMIT,83,82,RS,91,100,0.91
BASE_MEMIT,83,83,RS,94,100,0.94
BASE_MEMIT,84,1,RS,53,100,0.53
BASE_MEMIT,84,2,RS,57,100,0.57
BASE_MEMIT,84,3,RS,51,100,0.51
BASE_MEMIT,84,4,RS,45,100,0.45
BASE_MEMIT,84,5,RS,51,100,0.51
BASE_MEMIT,84,6,RS,52,100,0.52
BASE_MEMIT,84,7,RS,54,100,0.54
BASE_MEMIT,84,8,RS,41,100,0.41
BASE_MEMIT,84,9,RS,57,100,0.57
BASE_MEMIT,84,10,RS,48,100,0.48
BASE_MEMIT,84,11,RS,59,100,0.59
BASE_MEMIT,84,12,RS,42,100,0.42
BASE_MEMIT,84,13,RS,62,100,0.62
BASE_MEMIT,84,14,RS,49,100,0.49
BASE_MEMIT,84,15,RS,60,100,0.6
BASE_MEMIT,84,16,RS,63,100,0.63
BASE_MEMIT,84,17,RS,64,100,0.64
BASE_MEMIT,84,18,RS,61,100,0.61
BASE_MEMIT,84,19,RS,57,100,0.57
BASE_MEMIT,84,20,RS,58,100,0.58
BASE_MEMIT,84,21,RS,56,100,0.56
BASE_MEMIT,84,22,RS,55,100,0.55
BASE_MEMIT,84,23,RS,65,100,0.65
BASE_MEMIT,84,24,RS,66,100,0.66
BASE_MEMIT,84,25,RS,65,100,0.65
BASE_MEMIT,84,26,RS,59,100,0.59
BASE_MEMIT,84,27,RS,52,100,0.52
BASE_MEMIT,84,28,RS,55,100,0.55
BASE_MEMIT,84,29,RS,57,100,0.57
BASE_MEMIT,84,30,RS,58,100,0.58
BASE_MEMIT,84,31,RS,55,100,0.55
BASE_MEMIT,84,32,RS,61,100,0.61
BASE_MEMIT,84,33,RS,50,100,0.5
BASE_MEMIT,84,34,RS,64,100,0.64
BASE_MEMIT,84,35,RS,54,100,0.54
BASE_MEMIT,84,36,RS,50,100,0.5
BASE_MEMIT,84,37,RS,53,100,0.53
BASE_MEMIT,84,38,RS,56,100,0.56
BASE_MEMIT,84,39,RS,55,100,0.55
BASE_MEMIT,84,40,RS,57,100,0.57
BASE_MEMIT,84,41,RS,62,100,0.62
BASE_MEMIT,84,42,RS,58,100,0.58
BASE_MEMIT,84,43,RS,62,100,0.62
BASE_MEMIT,84,44,RS,61,100,0.61
BASE_MEMIT,84,45,RS,65,100,0.65
BASE_MEMIT,84,46,RS,63,100,0.63
BASE_MEMIT,84,47,RS,67,100,0.67
BASE_MEMIT,84,48,RS,56,100,0.56
BASE_MEMIT,84,49,RS,59,100,0.59
BASE_MEMIT,84,50,RS,57,100,0.57
BASE_MEMIT,84,51,RS,64,100,0.64
BASE_MEMIT,84,52,RS,65,100,0.65
BASE_MEMIT,84,53,RS,68,100,0.68
BASE_MEMIT,84,54,RS,76,100,0.76
BASE_MEMIT,84,55,RS,64,100,0.64
BASE_MEMIT,84,56,RS,59,100,0.59
BASE_MEMIT,84,57,RS,58,100,0.58
BASE_MEMIT,84,58,RS,64,100,0.64
BASE_MEMIT,84,59,RS,71,100,0.71
BASE_MEMIT,84,60,RS,65,100,0.65
BASE_MEMIT,84,61,RS,71,100,0.71
BASE_MEMIT,84,62,RS,71,100,0.71
BASE_MEMIT,84,63,RS,70,100,0.7
BASE_MEMIT,84,64,RS,66,100,0.66
BASE_MEMIT,84,65,RS,76,100,0.76
BASE_MEMIT,84,66,RS,74,100,0.74
BASE_MEMIT,84,67,RS,82,100,0.82
BASE_MEMIT,84,68,RS,77,100,0.77
BASE_MEMIT,84,69,RS,80,100,0.8
BASE_MEMIT,84,70,RS,86,100,0.86
BASE_MEMIT,84,71,RS,80,100,0.8
BASE_MEMIT,84,72,RS,88,100,0.88
BASE_MEMIT,84,73,RS,90,100,0.9
BASE_MEMIT,84,74,RS,86,100,0.86
BASE_MEMIT,84,75,RS,89,100,0.89
BASE_MEMIT,84,76,RS,85,100,0.85
BASE_MEMIT,84,77,RS,87,100,0.87
BASE_MEMIT,84,78,RS,90,100,0.9
BASE_MEMIT,84,79,RS,87,100,0.87
BASE_MEMIT,84,80,RS,89,100,0.89
BASE_MEMIT,84,81,RS,93,100,0.93
BASE_MEMIT,84,82,RS,92,100,0.92
BASE_MEMIT,84,83,RS,91,100,0.91
BASE_MEMIT,84,84,RS,89,100,0.89
BASE_MEMIT,85,1,RS,54,100,0.54
BASE_MEMIT,85,2,RS,55,100,0.55
BASE_MEMIT,85,3,RS,54,100,0.54
BASE_MEMIT,85,4,RS,46,100,0.46
BASE_MEMIT,85,5,RS,50,100,0.5
BASE_MEMIT,85,6,RS,54,100,0.54
BASE_MEMIT,85,7,RS,53,100,0.53
BASE_MEMIT,85,8,RS,42,100,0.42
BASE_MEMIT,85,9,RS,63,100,0.63
BASE_MEMIT,85,10,RS,51,100,0.51
BASE_MEMIT,85,11,RS,56,100,0.56
BASE_MEMIT,85,12,RS,42,100,0.42
BASE_MEMIT,85,13,RS,64,100,0.64
BASE_MEMIT,85,14,RS,50,100,0.5
BASE_MEMIT,85,15,RS,59,100,0.59
BASE_MEMIT,85,16,RS,60,100,0.6
BASE_MEMIT,85,17,RS,63,100,0.63
BASE_MEMIT,85,18,RS,64,100,0.64
BASE_MEMIT,85,19,RS,54,100,0.54
BASE_MEMIT,85,20,RS,55,100,0.55
BASE_MEMIT,85,21,RS,54,100,0.54
BASE_MEMIT,85,22,RS,58,100,0.58
BASE_MEMIT,85,23,RS,65,100,0.65
BASE_MEMIT,85,24,RS,65,100,0.65
BASE_MEMIT,85,25,RS,63,100,0.63
BASE_MEMIT,85,26,RS,58,100,0.58
BASE_MEMIT,85,27,RS,52,100,0.52
BASE_MEMIT,85,28,RS,50,100,0.5
BASE_MEMIT,85,29,RS,55,100,0.55
BASE_MEMIT,85,30,RS,60,100,0.6
BASE_MEMIT,85,31,RS,53,100,0.53
BASE_MEMIT,85,32,RS,62,100,0.62
BASE_MEMIT,85,33,RS,50,100,0.5
BASE_MEMIT,85,34,RS,59,100,0.59
BASE_MEMIT,85,35,RS,52,100,0.52
BASE_MEMIT,85,36,RS,47,100,0.47
BASE_MEMIT,85,37,RS,51,100,0.51
BASE_MEMIT,85,38,RS,55,100,0.55
BASE_MEMIT,85,39,RS,52,100,0.52
BASE_MEMIT,85,40,RS,58,100,0.58
BASE_MEMIT,85,41,RS,61,100,0.61
BASE_MEMIT,85,42,RS,57,100,0.57
BASE_MEMIT,85,43,RS,63,100,0.63
BASE_MEMIT,85,44,RS,60,100,0.6
BASE_MEMIT,85,45,RS,63,100,0.63
BASE_MEMIT,85,46,RS,60,100,0.6
BASE_MEMIT,85,47,RS,63,100,0.63
BASE_MEMIT,85,48,RS,56,100,0.56
BASE_MEMIT,85,49,RS,57,100,0.57
BASE_MEMIT,85,50,RS,59,100,0.59
BASE_MEMIT,85,51,RS,60,100,0.6
BASE_MEMIT,85,52,RS,65,100,0.65
BASE_MEMIT,85,53,RS,71,100,0.71
BASE_MEMIT,85,54,RS,75,100,0.75
BASE_MEMIT,85,55,RS,62,100,0.62
BASE_MEMIT,85,56,RS,58,100,0.58
BASE_MEMIT,85,57,RS,56,100,0.56
BASE_MEMIT,85,58,RS,61,100,0.61
BASE_MEMIT,85,59,RS,68,100,0.68
BASE_MEMIT,85,60,RS,64,100,0.64
BASE_MEMIT,85,61,RS,67,100,0.67
BASE_MEMIT,85,62,RS,76,100,0.76
BASE_MEMIT,85,63,RS,69,100,0.69
BASE_MEMIT,85,64,RS,66,100,0.66
BASE_MEMIT,85,65,RS,74,100,0.74
BASE_MEMIT,85,66,RS,74,100,0.74
BASE_MEMIT,85,67,RS,75,100,0.75
BASE_MEMIT,85,68,RS,79,100,0.79
BASE_MEMIT,85,69,RS,78,100,0.78
BASE_MEMIT,85,70,RS,83,100,0.83
BASE_MEMIT,85,71,RS,79,100,0.79
BASE_MEMIT,85,72,RS,86,100,0.86
BASE_MEMIT,85,73,RS,87,100,0.87
BASE_MEMIT,85,74,RS,82,100,0.82
BASE_MEMIT,85,75,RS,88,100,0.88
BASE_MEMIT,85,76,RS,83,100,0.83
BASE_MEMIT,85,77,RS,86,100,0.86
BASE_MEMIT,85,78,RS,85,100,0.85
BASE_MEMIT,85,79,RS,85,100,0.85
BASE_MEMIT,85,80,RS,84,100,0.84
BASE_MEMIT,85,81,RS,92,100,0.92
BASE_MEMIT,85,82,RS,88,100,0.88
BASE_MEMIT,85,83,RS,92,100,0.92
BASE_MEMIT,85,84,RS,89,100,0.89
BASE_MEMIT,85,85,RS,96,100,0.96
BASE_MEMIT,86,1,RS,53,100,0.53
BASE_MEMIT,86,2,RS,56,100,0.56
BASE_MEMIT,86,3,RS,54,100,0.54
BASE_MEMIT,86,4,RS,44,100,0.44
BASE_MEMIT,86,5,RS,49,100,0.49
BASE_MEMIT,86,6,RS,51,100,0.51
BASE_MEMIT,86,7,RS,53,100,0.53
BASE_MEMIT,86,8,RS,44,100,0.44
BASE_MEMIT,86,9,RS,59,100,0.59
BASE_MEMIT,86,10,RS,50,100,0.5
BASE_MEMIT,86,11,RS,61,100,0.61
BASE_MEMIT,86,12,RS,49,100,0.49
BASE_MEMIT,86,13,RS,65,100,0.65
BASE_MEMIT,86,14,RS,48,100,0.48
BASE_MEMIT,86,15,RS,57,100,0.57
BASE_MEMIT,86,16,RS,60,100,0.6
BASE_MEMIT,86,17,RS,65,100,0.65
BASE_MEMIT,86,18,RS,63,100,0.63
BASE_MEMIT,86,19,RS,59,100,0.59
BASE_MEMIT,86,20,RS,58,100,0.58
BASE_MEMIT,86,21,RS,53,100,0.53
BASE_MEMIT,86,22,RS,60,100,0.6
BASE_MEMIT,86,23,RS,66,100,0.66
BASE_MEMIT,86,24,RS,67,100,0.67
BASE_MEMIT,86,25,RS,67,100,0.67
BASE_MEMIT,86,26,RS,57,100,0.57
BASE_MEMIT,86,27,RS,49,100,0.49
BASE_MEMIT,86,28,RS,54,100,0.54
BASE_MEMIT,86,29,RS,60,100,0.6
BASE_MEMIT,86,30,RS,55,100,0.55
BASE_MEMIT,86,31,RS,54,100,0.54
BASE_MEMIT,86,32,RS,60,100,0.6
BASE_MEMIT,86,33,RS,53,100,0.53
BASE_MEMIT,86,34,RS,61,100,0.61
BASE_MEMIT,86,35,RS,58,100,0.58
BASE_MEMIT,86,36,RS,47,100,0.47
BASE_MEMIT,86,37,RS,49,100,0.49
BASE_MEMIT,86,38,RS,54,100,0.54
BASE_MEMIT,86,39,RS,55,100,0.55
BASE_MEMIT,86,40,RS,61,100,0.61
BASE_MEMIT,86,41,RS,57,100,0.57
BASE_MEMIT,86,42,RS,56,100,0.56
BASE_MEMIT,86,43,RS,62,100,0.62
BASE_MEMIT,86,44,RS,60,100,0.6
BASE_MEMIT,86,45,RS,61,100,0.61
BASE_MEMIT,86,46,RS,61,100,0.61
BASE_MEMIT,86,47,RS,64,100,0.64
BASE_MEMIT,86,48,RS,57,100,0.57
BASE_MEMIT,86,49,RS,58,100,0.58
BASE_MEMIT,86,50,RS,61,100,0.61
BASE_MEMIT,86,51,RS,64,100,0.64
BASE_MEMIT,86,52,RS,61,100,0.61
BASE_MEMIT,86,53,RS,68,100,0.68
BASE_MEMIT,86,54,RS,74,100,0.74
BASE_MEMIT,86,55,RS,62,100,0.62
BASE_MEMIT,86,56,RS,59,100,0.59
BASE_MEMIT,86,57,RS,58,100,0.58
BASE_MEMIT,86,58,RS,63,100,0.63
BASE_MEMIT,86,59,RS,68,100,0.68
BASE_MEMIT,86,60,RS,62,100,0.62
BASE_MEMIT,86,61,RS,70,100,0.7
BASE_MEMIT,86,62,RS,73,100,0.73
BASE_MEMIT,86,63,RS,71,100,0.71
BASE_MEMIT,86,64,RS,69,100,0.69
BASE_MEMIT,86,65,RS,76,100,0.76
BASE_MEMIT,86,66,RS,73,100,0.73
BASE_MEMIT,86,67,RS,78,100,0.78
BASE_MEMIT,86,68,RS,77,100,0.77
BASE_MEMIT,86,69,RS,79,100,0.79
BASE_MEMIT,86,70,RS,83,100,0.83
BASE_MEMIT,86,71,RS,78,100,0.78
BASE_MEMIT,86,72,RS,87,100,0.87
BASE_MEMIT,86,73,RS,84,100,0.84
BASE_MEMIT,86,74,RS,79,100,0.79
BASE_MEMIT,86,75,RS,87,100,0.87
BASE_MEMIT,86,76,RS,83,100,0.83
BASE_MEMIT,86,77,RS,86,100,0.86
BASE_MEMIT,86,78,RS,84,100,0.84
BASE_MEMIT,86,79,RS,84,100,0.84
BASE_MEMIT,86,80,RS,83,100,0.83
BASE_MEMIT,86,81,RS,91,100,0.91
BASE_MEMIT,86,82,RS,89,100,0.89
BASE_MEMIT,86,83,RS,90,100,0.9
BASE_MEMIT,86,84,RS,89,100,0.89
BASE_MEMIT,86,85,RS,93,100,0.93
BASE_MEMIT,86,86,RS,89,100,0.89
BASE_MEMIT,87,1,RS,53,100,0.53
BASE_MEMIT,87,2,RS,56,100,0.56
BASE_MEMIT,87,3,RS,53,100,0.53
BASE_MEMIT,87,4,RS,43,100,0.43
BASE_MEMIT,87,5,RS,46,100,0.46
BASE_MEMIT,87,6,RS,54,100,0.54
BASE_MEMIT,87,7,RS,56,100,0.56
BASE_MEMIT,87,8,RS,41,100,0.41
BASE_MEMIT,87,9,RS,59,100,0.59
BASE_MEMIT,87,10,RS,52,100,0.52
BASE_MEMIT,87,11,RS,59,100,0.59
BASE_MEMIT,87,12,RS,46,100,0.46
BASE_MEMIT,87,13,RS,64,100,0.64
BASE_MEMIT,87,14,RS,54,100,0.54
BASE_MEMIT,87,15,RS,57,100,0.57
BASE_MEMIT,87,16,RS,56,100,0.56
BASE_MEMIT,87,17,RS,63,100,0.63
BASE_MEMIT,87,18,RS,61,100,0.61
BASE_MEMIT,87,19,RS,57,100,0.57
BASE_MEMIT,87,20,RS,57,100,0.57
BASE_MEMIT,87,21,RS,52,100,0.52
BASE_MEMIT,87,22,RS,59,100,0.59
BASE_MEMIT,87,23,RS,61,100,0.61
BASE_MEMIT,87,24,RS,61,100,0.61
BASE_MEMIT,87,25,RS,67,100,0.67
BASE_MEMIT,87,26,RS,60,100,0.6
BASE_MEMIT,87,27,RS,50,100,0.5
BASE_MEMIT,87,28,RS,49,100,0.49
BASE_MEMIT,87,29,RS,56,100,0.56
BASE_MEMIT,87,30,RS,60,100,0.6
BASE_MEMIT,87,31,RS,53,100,0.53
BASE_MEMIT,87,32,RS,63,100,0.63
BASE_MEMIT,87,33,RS,52,100,0.52
BASE_MEMIT,87,34,RS,58,100,0.58
BASE_MEMIT,87,35,RS,55,100,0.55
BASE_MEMIT,87,36,RS,48,100,0.48
BASE_MEMIT,87,37,RS,48,100,0.48
BASE_MEMIT,87,38,RS,54,100,0.54
BASE_MEMIT,87,39,RS,57,100,0.57
BASE_MEMIT,87,40,RS,63,100,0.63
BASE_MEMIT,87,41,RS,57,100,0.57
BASE_MEMIT,87,42,RS,58,100,0.58
BASE_MEMIT,87,43,RS,60,100,0.6
BASE_MEMIT,87,44,RS,58,100,0.58
BASE_MEMIT,87,45,RS,62,100,0.62
BASE_MEMIT,87,46,RS,59,100,0.59
BASE_MEMIT,87,47,RS,61,100,0.61
BASE_MEMIT,87,48,RS,56,100,0.56
BASE_MEMIT,87,49,RS,59,100,0.59
BASE_MEMIT,87,50,RS,59,100,0.59
BASE_MEMIT,87,51,RS,63,100,0.63
BASE_MEMIT,87,52,RS,57,100,0.57
BASE_MEMIT,87,53,RS,65,100,0.65
BASE_MEMIT,87,54,RS,73,100,0.73
BASE_MEMIT,87,55,RS,62,100,0.62
BASE_MEMIT,87,56,RS,58,100,0.58
BASE_MEMIT,87,57,RS,57,100,0.57
BASE_MEMIT,87,58,RS,53,100,0.53
BASE_MEMIT,87,59,RS,70,100,0.7
BASE_MEMIT,87,60,RS,63,100,0.63
BASE_MEMIT,87,61,RS,65,100,0.65
BASE_MEMIT,87,62,RS,70,100,0.7
BASE_MEMIT,87,63,RS,68,100,0.68
BASE_MEMIT,87,64,RS,68,100,0.68
BASE_MEMIT,87,65,RS,73,100,0.73
BASE_MEMIT,87,66,RS,70,100,0.7
BASE_MEMIT,87,67,RS,72,100,0.72
BASE_MEMIT,87,68,RS,78,100,0.78
BASE_MEMIT,87,69,RS,77,100,0.77
BASE_MEMIT,87,70,RS,79,100,0.79
BASE_MEMIT,87,71,RS,79,100,0.79
BASE_MEMIT,87,72,RS,82,100,0.82
BASE_MEMIT,87,73,RS,81,100,0.81
BASE_MEMIT,87,74,RS,78,100,0.78
BASE_MEMIT,87,75,RS,87,100,0.87
BASE_MEMIT,87,76,RS,80,100,0.8
BASE_MEMIT,87,77,RS,85,100,0.85
BASE_MEMIT,87,78,RS,85,100,0.85
BASE_MEMIT,87,79,RS,84,100,0.84
BASE_MEMIT,87,80,RS,84,100,0.84
BASE_MEMIT,87,81,RS,85,100,0.85
BASE_MEMIT,87,82,RS,88,100,0.88
BASE_MEMIT,87,83,RS,87,100,0.87
BASE_MEMIT,87,84,RS,88,100,0.88
BASE_MEMIT,87,85,RS,93,100,0.93
BASE_MEMIT,87,86,RS,88,100,0.88
BASE_MEMIT,87,87,RS,87,100,0.87
BASE_MEMIT,88,1,RS,52,100,0.52
BASE_MEMIT,88,2,RS,51,100,0.51
BASE_MEMIT,88,3,RS,53,100,0.53
BASE_MEMIT,88,4,RS,45,100,0.45
BASE_MEMIT,88,5,RS,48,100,0.48
BASE_MEMIT,88,6,RS,53,100,0.53
BASE_MEMIT,88,7,RS,56,100,0.56
BASE_MEMIT,88,8,RS,44,100,0.44
BASE_MEMIT,88,9,RS,60,100,0.6
BASE_MEMIT,88,10,RS,52,100,0.52
BASE_MEMIT,88,11,RS,56,100,0.56
BASE_MEMIT,88,12,RS,50,100,0.5
BASE_MEMIT,88,13,RS,63,100,0.63
BASE_MEMIT,88,14,RS,50,100,0.5
BASE_MEMIT,88,15,RS,61,100,0.61
BASE_MEMIT,88,16,RS,57,100,0.57
BASE_MEMIT,88,17,RS,62,100,0.62
BASE_MEMIT,88,18,RS,62,100,0.62
BASE_MEMIT,88,19,RS,55,100,0.55
BASE_MEMIT,88,20,RS,58,100,0.58
BASE_MEMIT,88,21,RS,53,100,0.53
BASE_MEMIT,88,22,RS,58,100,0.58
BASE_MEMIT,88,23,RS,61,100,0.61
BASE_MEMIT,88,24,RS,63,100,0.63
BASE_MEMIT,88,25,RS,65,100,0.65
BASE_MEMIT,88,26,RS,59,100,0.59
BASE_MEMIT,88,27,RS,51,100,0.51
BASE_MEMIT,88,28,RS,49,100,0.49
BASE_MEMIT,88,29,RS,59,100,0.59
BASE_MEMIT,88,30,RS,61,100,0.61
BASE_MEMIT,88,31,RS,52,100,0.52
BASE_MEMIT,88,32,RS,66,100,0.66
BASE_MEMIT,88,33,RS,51,100,0.51
BASE_MEMIT,88,34,RS,60,100,0.6
BASE_MEMIT,88,35,RS,58,100,0.58
BASE_MEMIT,88,36,RS,47,100,0.47
BASE_MEMIT,88,37,RS,55,100,0.55
BASE_MEMIT,88,38,RS,56,100,0.56
BASE_MEMIT,88,39,RS,56,100,0.56
BASE_MEMIT,88,40,RS,59,100,0.59
BASE_MEMIT,88,41,RS,56,100,0.56
BASE_MEMIT,88,42,RS,55,100,0.55
BASE_MEMIT,88,43,RS,62,100,0.62
BASE_MEMIT,88,44,RS,60,100,0.6
BASE_MEMIT,88,45,RS,59,100,0.59
BASE_MEMIT,88,46,RS,61,100,0.61
BASE_MEMIT,88,47,RS,66,100,0.66
BASE_MEMIT,88,48,RS,57,100,0.57
BASE_MEMIT,88,49,RS,60,100,0.6
BASE_MEMIT,88,50,RS,58,100,0.58
BASE_MEMIT,88,51,RS,61,100,0.61
BASE_MEMIT,88,52,RS,58,100,0.58
BASE_MEMIT,88,53,RS,67,100,0.67
BASE_MEMIT,88,54,RS,71,100,0.71
BASE_MEMIT,88,55,RS,64,100,0.64
BASE_MEMIT,88,56,RS,54,100,0.54
BASE_MEMIT,88,57,RS,59,100,0.59
BASE_MEMIT,88,58,RS,56,100,0.56
BASE_MEMIT,88,59,RS,69,100,0.69
BASE_MEMIT,88,60,RS,63,100,0.63
BASE_MEMIT,88,61,RS,69,100,0.69
BASE_MEMIT,88,62,RS,69,100,0.69
BASE_MEMIT,88,63,RS,70,100,0.7
BASE_MEMIT,88,64,RS,67,100,0.67
BASE_MEMIT,88,65,RS,74,100,0.74
BASE_MEMIT,88,66,RS,72,100,0.72
BASE_MEMIT,88,67,RS,73,100,0.73
BASE_MEMIT,88,68,RS,77,100,0.77
BASE_MEMIT,88,69,RS,73,100,0.73
BASE_MEMIT,88,70,RS,82,100,0.82
BASE_MEMIT,88,71,RS,78,100,0.78
BASE_MEMIT,88,72,RS,86,100,0.86
BASE_MEMIT,88,73,RS,81,100,0.81
BASE_MEMIT,88,74,RS,79,100,0.79
BASE_MEMIT,88,75,RS,85,100,0.85
BASE_MEMIT,88,76,RS,77,100,0.77
BASE_MEMIT,88,77,RS,85,100,0.85
BASE_MEMIT,88,78,RS,83,100,0.83
BASE_MEMIT,88,79,RS,82,100,0.82
BASE_MEMIT,88,80,RS,82,100,0.82
BASE_MEMIT,88,81,RS,84,100,0.84
BASE_MEMIT,88,82,RS,86,100,0.86
BASE_MEMIT,88,83,RS,86,100,0.86
BASE_MEMIT,88,84,RS,88,100,0.88
BASE_MEMIT,88,85,RS,91,100,0.91
BASE_MEMIT,88,86,RS,83,100,0.83
BASE_MEMIT,88,87,RS,85,100,0.85
BASE_MEMIT,88,88,RS,81,100,0.81
BASE_MEMIT,89,1,RS,50,100,0.5
BASE_MEMIT,89,2,RS,53,100,0.53
BASE_MEMIT,89,3,RS,49,100,0.49
BASE_MEMIT,89,4,RS,42,100,0.42
BASE_MEMIT,89,5,RS,46,100,0.46
BASE_MEMIT,89,6,RS,54,100,0.54
BASE_MEMIT,89,7,RS,56,100,0.56
BASE_MEMIT,89,8,RS,44,100,0.44
BASE_MEMIT,89,9,RS,58,100,0.58
BASE_MEMIT,89,10,RS,51,100,0.51
BASE_MEMIT,89,11,RS,51,100,0.51
BASE_MEMIT,89,12,RS,46,100,0.46
BASE_MEMIT,89,13,RS,62,100,0.62
BASE_MEMIT,89,14,RS,56,100,0.56
BASE_MEMIT,89,15,RS,59,100,0.59
BASE_MEMIT,89,16,RS,60,100,0.6
BASE_MEMIT,89,17,RS,59,100,0.59
BASE_MEMIT,89,18,RS,61,100,0.61
BASE_MEMIT,89,19,RS,57,100,0.57
BASE_MEMIT,89,20,RS,60,100,0.6
BASE_MEMIT,89,21,RS,54,100,0.54
BASE_MEMIT,89,22,RS,57,100,0.57
BASE_MEMIT,89,23,RS,60,100,0.6
BASE_MEMIT,89,24,RS,58,100,0.58
BASE_MEMIT,89,25,RS,62,100,0.62
BASE_MEMIT,89,26,RS,57,100,0.57
BASE_MEMIT,89,27,RS,50,100,0.5
BASE_MEMIT,89,28,RS,48,100,0.48
BASE_MEMIT,89,29,RS,60,100,0.6
BASE_MEMIT,89,30,RS,58,100,0.58
BASE_MEMIT,89,31,RS,51,100,0.51
BASE_MEMIT,89,32,RS,65,100,0.65
BASE_MEMIT,89,33,RS,47,100,0.47
BASE_MEMIT,89,34,RS,56,100,0.56
BASE_MEMIT,89,35,RS,55,100,0.55
BASE_MEMIT,89,36,RS,50,100,0.5
BASE_MEMIT,89,37,RS,51,100,0.51
BASE_MEMIT,89,38,RS,55,100,0.55
BASE_MEMIT,89,39,RS,54,100,0.54
BASE_MEMIT,89,40,RS,65,100,0.65
BASE_MEMIT,89,41,RS,58,100,0.58
BASE_MEMIT,89,42,RS,54,100,0.54
BASE_MEMIT,89,43,RS,62,100,0.62
BASE_MEMIT,89,44,RS,62,100,0.62
BASE_MEMIT,89,45,RS,58,100,0.58
BASE_MEMIT,89,46,RS,56,100,0.56
BASE_MEMIT,89,47,RS,66,100,0.66
BASE_MEMIT,89,48,RS,53,100,0.53
BASE_MEMIT,89,49,RS,59,100,0.59
BASE_MEMIT,89,50,RS,62,100,0.62
BASE_MEMIT,89,51,RS,56,100,0.56
BASE_MEMIT,89,52,RS,60,100,0.6
BASE_MEMIT,89,53,RS,66,100,0.66
BASE_MEMIT,89,54,RS,65,100,0.65
BASE_MEMIT,89,55,RS,62,100,0.62
BASE_MEMIT,89,56,RS,58,100,0.58
BASE_MEMIT,89,57,RS,56,100,0.56
BASE_MEMIT,89,58,RS,55,100,0.55
BASE_MEMIT,89,59,RS,68,100,0.68
BASE_MEMIT,89,60,RS,62,100,0.62
BASE_MEMIT,89,61,RS,64,100,0.64
BASE_MEMIT,89,62,RS,68,100,0.68
BASE_MEMIT,89,63,RS,65,100,0.65
BASE_MEMIT,89,64,RS,66,100,0.66
BASE_MEMIT,89,65,RS,71,100,0.71
BASE_MEMIT,89,66,RS,67,100,0.67
BASE_MEMIT,89,67,RS,70,100,0.7
BASE_MEMIT,89,68,RS,72,100,0.72
BASE_MEMIT,89,69,RS,74,100,0.74
BASE_MEMIT,89,70,RS,78,100,0.78
BASE_MEMIT,89,71,RS,75,100,0.75
BASE_MEMIT,89,72,RS,84,100,0.84
BASE_MEMIT,89,73,RS,74,100,0.74
BASE_MEMIT,89,74,RS,78,100,0.78
BASE_MEMIT,89,75,RS,83,100,0.83
BASE_MEMIT,89,76,RS,79,100,0.79
BASE_MEMIT,89,77,RS,82,100,0.82
BASE_MEMIT,89,78,RS,82,100,0.82
BASE_MEMIT,89,79,RS,77,100,0.77
BASE_MEMIT,89,80,RS,79,100,0.79
BASE_MEMIT,89,81,RS,80,100,0.8
BASE_MEMIT,89,82,RS,82,100,0.82
BASE_MEMIT,89,83,RS,86,100,0.86
BASE_MEMIT,89,84,RS,86,100,0.86
BASE_MEMIT,89,85,RS,89,100,0.89
BASE_MEMIT,89,86,RS,79,100,0.79
BASE_MEMIT,89,87,RS,77,100,0.77
BASE_MEMIT,89,88,RS,81,100,0.81
BASE_MEMIT,89,89,RS,86,100,0.86
BASE_MEMIT,90,1,RS,52,100,0.52
BASE_MEMIT,90,2,RS,52,100,0.52
BASE_MEMIT,90,3,RS,49,100,0.49
BASE_MEMIT,90,4,RS,42,100,0.42
BASE_MEMIT,90,5,RS,50,100,0.5
BASE_MEMIT,90,6,RS,54,100,0.54
BASE_MEMIT,90,7,RS,59,100,0.59
BASE_MEMIT,90,8,RS,44,100,0.44
BASE_MEMIT,90,9,RS,59,100,0.59
BASE_MEMIT,90,10,RS,53,100,0.53
BASE_MEMIT,90,11,RS,56,100,0.56
BASE_MEMIT,90,12,RS,46,100,0.46
BASE_MEMIT,90,13,RS,61,100,0.61
BASE_MEMIT,90,14,RS,54,100,0.54
BASE_MEMIT,90,15,RS,58,100,0.58
BASE_MEMIT,90,16,RS,58,100,0.58
BASE_MEMIT,90,17,RS,59,100,0.59
BASE_MEMIT,90,18,RS,61,100,0.61
BASE_MEMIT,90,19,RS,59,100,0.59
BASE_MEMIT,90,20,RS,60,100,0.6
BASE_MEMIT,90,21,RS,54,100,0.54
BASE_MEMIT,90,22,RS,61,100,0.61
BASE_MEMIT,90,23,RS,60,100,0.6
BASE_MEMIT,90,24,RS,63,100,0.63
BASE_MEMIT,90,25,RS,64,100,0.64
BASE_MEMIT,90,26,RS,56,100,0.56
BASE_MEMIT,90,27,RS,53,100,0.53
BASE_MEMIT,90,28,RS,52,100,0.52
BASE_MEMIT,90,29,RS,62,100,0.62
BASE_MEMIT,90,30,RS,59,100,0.59
BASE_MEMIT,90,31,RS,47,100,0.47
BASE_MEMIT,90,32,RS,66,100,0.66
BASE_MEMIT,90,33,RS,47,100,0.47
BASE_MEMIT,90,34,RS,57,100,0.57
BASE_MEMIT,90,35,RS,55,100,0.55
BASE_MEMIT,90,36,RS,50,100,0.5
BASE_MEMIT,90,37,RS,53,100,0.53
BASE_MEMIT,90,38,RS,59,100,0.59
BASE_MEMIT,90,39,RS,51,100,0.51
BASE_MEMIT,90,40,RS,65,100,0.65
BASE_MEMIT,90,41,RS,58,100,0.58
BASE_MEMIT,90,42,RS,54,100,0.54
BASE_MEMIT,90,43,RS,58,100,0.58
BASE_MEMIT,90,44,RS,60,100,0.6
BASE_MEMIT,90,45,RS,62,100,0.62
BASE_MEMIT,90,46,RS,58,100,0.58
BASE_MEMIT,90,47,RS,66,100,0.66
BASE_MEMIT,90,48,RS,56,100,0.56
BASE_MEMIT,90,49,RS,58,100,0.58
BASE_MEMIT,90,50,RS,63,100,0.63
BASE_MEMIT,90,51,RS,62,100,0.62
BASE_MEMIT,90,52,RS,59,100,0.59
BASE_MEMIT,90,53,RS,68,100,0.68
BASE_MEMIT,90,54,RS,66,100,0.66
BASE_MEMIT,90,55,RS,59,100,0.59
BASE_MEMIT,90,56,RS,58,100,0.58
BASE_MEMIT,90,57,RS,60,100,0.6
BASE_MEMIT,90,58,RS,58,100,0.58
BASE_MEMIT,90,59,RS,67,100,0.67
BASE_MEMIT,90,60,RS,61,100,0.61
BASE_MEMIT,90,61,RS,68,100,0.68
BASE_MEMIT,90,62,RS,69,100,0.69
BASE_MEMIT,90,63,RS,67,100,0.67
BASE_MEMIT,90,64,RS,69,100,0.69
BASE_MEMIT,90,65,RS,72,100,0.72
BASE_MEMIT,90,66,RS,66,100,0.66
BASE_MEMIT,90,67,RS,69,100,0.69
BASE_MEMIT,90,68,RS,74,100,0.74
BASE_MEMIT,90,69,RS,69,100,0.69
BASE_MEMIT,90,70,RS,78,100,0.78
BASE_MEMIT,90,71,RS,79,100,0.79
BASE_MEMIT,90,72,RS,83,100,0.83
BASE_MEMIT,90,73,RS,76,100,0.76
BASE_MEMIT,90,74,RS,74,100,0.74
BASE_MEMIT,90,75,RS,84,100,0.84
BASE_MEMIT,90,76,RS,74,100,0.74
BASE_MEMIT,90,77,RS,81,100,0.81
BASE_MEMIT,90,78,RS,82,100,0.82
BASE_MEMIT,90,79,RS,80,100,0.8
BASE_MEMIT,90,80,RS,74,100,0.74
BASE_MEMIT,90,81,RS,78,100,0.78
BASE_MEMIT,90,82,RS,84,100,0.84
BASE_MEMIT,90,83,RS,85,100,0.85
BASE_MEMIT,90,84,RS,85,100,0.85
BASE_MEMIT,90,85,RS,91,100,0.91
BASE_MEMIT,90,86,RS,79,100,0.79
BASE_MEMIT,90,87,RS,79,100,0.79
BASE_MEMIT,90,88,RS,79,100,0.79
BASE_MEMIT,90,89,RS,86,100,0.86
BASE_MEMIT,90,90,RS,87,100,0.87
BASE_MEMIT,91,1,RS,50,100,0.5
BASE_MEMIT,91,2,RS,54,100,0.54
BASE_MEMIT,91,3,RS,51,100,0.51
BASE_MEMIT,91,4,RS,43,100,0.43
BASE_MEMIT,91,5,RS,52,100,0.52
BASE_MEMIT,91,6,RS,56,100,0.56
BASE_MEMIT,91,7,RS,59,100,0.59
BASE_MEMIT,91,8,RS,42,100,0.42
BASE_MEMIT,91,9,RS,61,100,0.61
BASE_MEMIT,91,10,RS,52,100,0.52
BASE_MEMIT,91,11,RS,59,100,0.59
BASE_MEMIT,91,12,RS,52,100,0.52
BASE_MEMIT,91,13,RS,59,100,0.59
BASE_MEMIT,91,14,RS,53,100,0.53
BASE_MEMIT,91,15,RS,61,100,0.61
BASE_MEMIT,91,16,RS,58,100,0.58
BASE_MEMIT,91,17,RS,61,100,0.61
BASE_MEMIT,91,18,RS,62,100,0.62
BASE_MEMIT,91,19,RS,55,100,0.55
BASE_MEMIT,91,20,RS,63,100,0.63
BASE_MEMIT,91,21,RS,49,100,0.49
BASE_MEMIT,91,22,RS,56,100,0.56
BASE_MEMIT,91,23,RS,59,100,0.59
BASE_MEMIT,91,24,RS,57,100,0.57
BASE_MEMIT,91,25,RS,61,100,0.61
BASE_MEMIT,91,26,RS,55,100,0.55
BASE_MEMIT,91,27,RS,50,100,0.5
BASE_MEMIT,91,28,RS,52,100,0.52
BASE_MEMIT,91,29,RS,58,100,0.58
BASE_MEMIT,91,30,RS,59,100,0.59
BASE_MEMIT,91,31,RS,50,100,0.5
BASE_MEMIT,91,32,RS,65,100,0.65
BASE_MEMIT,91,33,RS,50,100,0.5
BASE_MEMIT,91,34,RS,61,100,0.61
BASE_MEMIT,91,35,RS,56,100,0.56
BASE_MEMIT,91,36,RS,50,100,0.5
BASE_MEMIT,91,37,RS,55,100,0.55
BASE_MEMIT,91,38,RS,61,100,0.61
BASE_MEMIT,91,39,RS,54,100,0.54
BASE_MEMIT,91,40,RS,63,100,0.63
BASE_MEMIT,91,41,RS,56,100,0.56
BASE_MEMIT,91,42,RS,54,100,0.54
BASE_MEMIT,91,43,RS,59,100,0.59
BASE_MEMIT,91,44,RS,61,100,0.61
BASE_MEMIT,91,45,RS,60,100,0.6
BASE_MEMIT,91,46,RS,59,100,0.59
BASE_MEMIT,91,47,RS,63,100,0.63
BASE_MEMIT,91,48,RS,55,100,0.55
BASE_MEMIT,91,49,RS,51,100,0.51
BASE_MEMIT,91,50,RS,60,100,0.6
BASE_MEMIT,91,51,RS,62,100,0.62
BASE_MEMIT,91,52,RS,60,100,0.6
BASE_MEMIT,91,53,RS,64,100,0.64
BASE_MEMIT,91,54,RS,68,100,0.68
BASE_MEMIT,91,55,RS,61,100,0.61
BASE_MEMIT,91,56,RS,56,100,0.56
BASE_MEMIT,91,57,RS,60,100,0.6
BASE_MEMIT,91,58,RS,53,100,0.53
BASE_MEMIT,91,59,RS,62,100,0.62
BASE_MEMIT,91,60,RS,59,100,0.59
BASE_MEMIT,91,61,RS,66,100,0.66
BASE_MEMIT,91,62,RS,69,100,0.69
BASE_MEMIT,91,63,RS,64,100,0.64
BASE_MEMIT,91,64,RS,65,100,0.65
BASE_MEMIT,91,65,RS,73,100,0.73
BASE_MEMIT,91,66,RS,67,100,0.67
BASE_MEMIT,91,67,RS,69,100,0.69
BASE_MEMIT,91,68,RS,75,100,0.75
BASE_MEMIT,91,69,RS,69,100,0.69
BASE_MEMIT,91,70,RS,77,100,0.77
BASE_MEMIT,91,71,RS,76,100,0.76
BASE_MEMIT,91,72,RS,83,100,0.83
BASE_MEMIT,91,73,RS,74,100,0.74
BASE_MEMIT,91,74,RS,72,100,0.72
BASE_MEMIT,91,75,RS,83,100,0.83
BASE_MEMIT,91,76,RS,75,100,0.75
BASE_MEMIT,91,77,RS,79,100,0.79
BASE_MEMIT,91,78,RS,81,100,0.81
BASE_MEMIT,91,79,RS,78,100,0.78
BASE_MEMIT,91,80,RS,75,100,0.75
BASE_MEMIT,91,81,RS,75,100,0.75
BASE_MEMIT,91,82,RS,80,100,0.8
BASE_MEMIT,91,83,RS,86,100,0.86
BASE_MEMIT,91,84,RS,86,100,0.86
BASE_MEMIT,91,85,RS,91,100,0.91
BASE_MEMIT,91,86,RS,78,100,0.78
BASE_MEMIT,91,87,RS,79,100,0.79
BASE_MEMIT,91,88,RS,80,100,0.8
BASE_MEMIT,91,89,RS,84,100,0.84
BASE_MEMIT,91,90,RS,86,100,0.86
BASE_MEMIT,91,91,RS,86,100,0.86
BASE_MEMIT,92,1,RS,50,100,0.5
BASE_MEMIT,92,2,RS,55,100,0.55
BASE_MEMIT,92,3,RS,47,100,0.47
BASE_MEMIT,92,4,RS,44,100,0.44
BASE_MEMIT,92,5,RS,50,100,0.5
BASE_MEMIT,92,6,RS,54,100,0.54
BASE_MEMIT,92,7,RS,58,100,0.58
BASE_MEMIT,92,8,RS,43,100,0.43
BASE_MEMIT,92,9,RS,60,100,0.6
BASE_MEMIT,92,10,RS,55,100,0.55
BASE_MEMIT,92,11,RS,55,100,0.55
BASE_MEMIT,92,12,RS,49,100,0.49
BASE_MEMIT,92,13,RS,60,100,0.6
BASE_MEMIT,92,14,RS,52,100,0.52
BASE_MEMIT,92,15,RS,59,100,0.59
BASE_MEMIT,92,16,RS,55,100,0.55
BASE_MEMIT,92,17,RS,63,100,0.63
BASE_MEMIT,92,18,RS,61,100,0.61
BASE_MEMIT,92,19,RS,57,100,0.57
BASE_MEMIT,92,20,RS,65,100,0.65
BASE_MEMIT,92,21,RS,53,100,0.53
BASE_MEMIT,92,22,RS,56,100,0.56
BASE_MEMIT,92,23,RS,60,100,0.6
BASE_MEMIT,92,24,RS,58,100,0.58
BASE_MEMIT,92,25,RS,61,100,0.61
BASE_MEMIT,92,26,RS,52,100,0.52
BASE_MEMIT,92,27,RS,52,100,0.52
BASE_MEMIT,92,28,RS,49,100,0.49
BASE_MEMIT,92,29,RS,58,100,0.58
BASE_MEMIT,92,30,RS,59,100,0.59
BASE_MEMIT,92,31,RS,47,100,0.47
BASE_MEMIT,92,32,RS,61,100,0.61
BASE_MEMIT,92,33,RS,48,100,0.48
BASE_MEMIT,92,34,RS,59,100,0.59
BASE_MEMIT,92,35,RS,57,100,0.57
BASE_MEMIT,92,36,RS,49,100,0.49
BASE_MEMIT,92,37,RS,52,100,0.52
BASE_MEMIT,92,38,RS,57,100,0.57
BASE_MEMIT,92,39,RS,53,100,0.53
BASE_MEMIT,92,40,RS,65,100,0.65
BASE_MEMIT,92,41,RS,59,100,0.59
BASE_MEMIT,92,42,RS,53,100,0.53
BASE_MEMIT,92,43,RS,61,100,0.61
BASE_MEMIT,92,44,RS,61,100,0.61
BASE_MEMIT,92,45,RS,60,100,0.6
BASE_MEMIT,92,46,RS,59,100,0.59
BASE_MEMIT,92,47,RS,65,100,0.65
BASE_MEMIT,92,48,RS,54,100,0.54
BASE_MEMIT,92,49,RS,54,100,0.54
BASE_MEMIT,92,50,RS,60,100,0.6
BASE_MEMIT,92,51,RS,62,100,0.62
BASE_MEMIT,92,52,RS,60,100,0.6
BASE_MEMIT,92,53,RS,65,100,0.65
BASE_MEMIT,92,54,RS,66,100,0.66
BASE_MEMIT,92,55,RS,64,100,0.64
BASE_MEMIT,92,56,RS,55,100,0.55
BASE_MEMIT,92,57,RS,61,100,0.61
BASE_MEMIT,92,58,RS,57,100,0.57
BASE_MEMIT,92,59,RS,65,100,0.65
BASE_MEMIT,92,60,RS,57,100,0.57
BASE_MEMIT,92,61,RS,67,100,0.67
BASE_MEMIT,92,62,RS,69,100,0.69
BASE_MEMIT,92,63,RS,64,100,0.64
BASE_MEMIT,92,64,RS,66,100,0.66
BASE_MEMIT,92,65,RS,75,100,0.75
BASE_MEMIT,92,66,RS,65,100,0.65
BASE_MEMIT,92,67,RS,66,100,0.66
BASE_MEMIT,92,68,RS,70,100,0.7
BASE_MEMIT,92,69,RS,69,100,0.69
BASE_MEMIT,92,70,RS,80,100,0.8
BASE_MEMIT,92,71,RS,79,100,0.79
BASE_MEMIT,92,72,RS,79,100,0.79
BASE_MEMIT,92,73,RS,69,100,0.69
BASE_MEMIT,92,74,RS,74,100,0.74
BASE_MEMIT,92,75,RS,80,100,0.8
BASE_MEMIT,92,76,RS,73,100,0.73
BASE_MEMIT,92,77,RS,78,100,0.78
BASE_MEMIT,92,78,RS,82,100,0.82
BASE_MEMIT,92,79,RS,77,100,0.77
BASE_MEMIT,92,80,RS,74,100,0.74
BASE_MEMIT,92,81,RS,76,100,0.76
BASE_MEMIT,92,82,RS,79,100,0.79
BASE_MEMIT,92,83,RS,85,100,0.85
BASE_MEMIT,92,84,RS,84,100,0.84
BASE_MEMIT,92,85,RS,90,100,0.9
BASE_MEMIT,92,86,RS,79,100,0.79
BASE_MEMIT,92,87,RS,75,100,0.75
BASE_MEMIT,92,88,RS,76,100,0.76
BASE_MEMIT,92,89,RS,83,100,0.83
BASE_MEMIT,92,90,RS,84,100,0.84
BASE_MEMIT,92,91,RS,85,100,0.85
BASE_MEMIT,92,92,RS,86,100,0.86
BASE_MEMIT,93,1,RS,53,100,0.53
BASE_MEMIT,93,2,RS,58,100,0.58
BASE_MEMIT,93,3,RS,46,100,0.46
BASE_MEMIT,93,4,RS,46,100,0.46
BASE_MEMIT,93,5,RS,45,100,0.45
BASE_MEMIT,93,6,RS,55,100,0.55
BASE_MEMIT,93,7,RS,54,100,0.54
BASE_MEMIT,93,8,RS,42,100,0.42
BASE_MEMIT,93,9,RS,61,100,0.61
BASE_MEMIT,93,10,RS,52,100,0.52
BASE_MEMIT,93,11,RS,57,100,0.57
BASE_MEMIT,93,12,RS,48,100,0.48
BASE_MEMIT,93,13,RS,63,100,0.63
BASE_MEMIT,93,14,RS,56,100,0.56
BASE_MEMIT,93,15,RS,57,100,0.57
BASE_MEMIT,93,16,RS,58,100,0.58
BASE_MEMIT,93,17,RS,61,100,0.61
BASE_MEMIT,93,18,RS,62,100,0.62
BASE_MEMIT,93,19,RS,58,100,0.58
BASE_MEMIT,93,20,RS,63,100,0.63
BASE_MEMIT,93,21,RS,55,100,0.55
BASE_MEMIT,93,22,RS,55,100,0.55
BASE_MEMIT,93,23,RS,61,100,0.61
BASE_MEMIT,93,24,RS,59,100,0.59
BASE_MEMIT,93,25,RS,65,100,0.65
BASE_MEMIT,93,26,RS,52,100,0.52
BASE_MEMIT,93,27,RS,50,100,0.5
BASE_MEMIT,93,28,RS,48,100,0.48
BASE_MEMIT,93,29,RS,59,100,0.59
BASE_MEMIT,93,30,RS,63,100,0.63
BASE_MEMIT,93,31,RS,45,100,0.45
BASE_MEMIT,93,32,RS,60,100,0.6
BASE_MEMIT,93,33,RS,48,100,0.48
BASE_MEMIT,93,34,RS,58,100,0.58
BASE_MEMIT,93,35,RS,61,100,0.61
BASE_MEMIT,93,36,RS,50,100,0.5
BASE_MEMIT,93,37,RS,52,100,0.52
BASE_MEMIT,93,38,RS,59,100,0.59
BASE_MEMIT,93,39,RS,54,100,0.54
BASE_MEMIT,93,40,RS,65,100,0.65
BASE_MEMIT,93,41,RS,56,100,0.56
BASE_MEMIT,93,42,RS,54,100,0.54
BASE_MEMIT,93,43,RS,60,100,0.6
BASE_MEMIT,93,44,RS,60,100,0.6
BASE_MEMIT,93,45,RS,60,100,0.6
BASE_MEMIT,93,46,RS,59,100,0.59
BASE_MEMIT,93,47,RS,66,100,0.66
BASE_MEMIT,93,48,RS,56,100,0.56
BASE_MEMIT,93,49,RS,53,100,0.53
BASE_MEMIT,93,50,RS,57,100,0.57
BASE_MEMIT,93,51,RS,61,100,0.61
BASE_MEMIT,93,52,RS,57,100,0.57
BASE_MEMIT,93,53,RS,64,100,0.64
BASE_MEMIT,93,54,RS,67,100,0.67
BASE_MEMIT,93,55,RS,61,100,0.61
BASE_MEMIT,93,56,RS,55,100,0.55
BASE_MEMIT,93,57,RS,60,100,0.6
BASE_MEMIT,93,58,RS,55,100,0.55
BASE_MEMIT,93,59,RS,63,100,0.63
BASE_MEMIT,93,60,RS,55,100,0.55
BASE_MEMIT,93,61,RS,67,100,0.67
BASE_MEMIT,93,62,RS,70,100,0.7
BASE_MEMIT,93,63,RS,63,100,0.63
BASE_MEMIT,93,64,RS,66,100,0.66
BASE_MEMIT,93,65,RS,72,100,0.72
BASE_MEMIT,93,66,RS,67,100,0.67
BASE_MEMIT,93,67,RS,69,100,0.69
BASE_MEMIT,93,68,RS,71,100,0.71
BASE_MEMIT,93,69,RS,66,100,0.66
BASE_MEMIT,93,70,RS,78,100,0.78
BASE_MEMIT,93,71,RS,75,100,0.75
BASE_MEMIT,93,72,RS,82,100,0.82
BASE_MEMIT,93,73,RS,70,100,0.7
BASE_MEMIT,93,74,RS,75,100,0.75
BASE_MEMIT,93,75,RS,80,100,0.8
BASE_MEMIT,93,76,RS,73,100,0.73
BASE_MEMIT,93,77,RS,79,100,0.79
BASE_MEMIT,93,78,RS,80,100,0.8
BASE_MEMIT,93,79,RS,76,100,0.76
BASE_MEMIT,93,80,RS,74,100,0.74
BASE_MEMIT,93,81,RS,74,100,0.74
BASE_MEMIT,93,82,RS,78,100,0.78
BASE_MEMIT,93,83,RS,83,100,0.83
BASE_MEMIT,93,84,RS,85,100,0.85
BASE_MEMIT,93,85,RS,89,100,0.89
BASE_MEMIT,93,86,RS,78,100,0.78
BASE_MEMIT,93,87,RS,75,100,0.75
BASE_MEMIT,93,88,RS,75,100,0.75
BASE_MEMIT,93,89,RS,83,100,0.83
BASE_MEMIT,93,90,RS,84,100,0.84
BASE_MEMIT,93,91,RS,84,100,0.84
BASE_MEMIT,93,92,RS,85,100,0.85
BASE_MEMIT,93,93,RS,78,100,0.78
BASE_MEMIT,94,1,RS,52,100,0.52
BASE_MEMIT,94,2,RS,56,100,0.56
BASE_MEMIT,94,3,RS,45,100,0.45
BASE_MEMIT,94,4,RS,44,100,0.44
BASE_MEMIT,94,5,RS,45,100,0.45
BASE_MEMIT,94,6,RS,51,100,0.51
BASE_MEMIT,94,7,RS,58,100,0.58
BASE_MEMIT,94,8,RS,40,100,0.4
BASE_MEMIT,94,9,RS,66,100,0.66
BASE_MEMIT,94,10,RS,51,100,0.51
BASE_MEMIT,94,11,RS,56,100,0.56
BASE_MEMIT,94,12,RS,45,100,0.45
BASE_MEMIT,94,13,RS,59,100,0.59
BASE_MEMIT,94,14,RS,49,100,0.49
BASE_MEMIT,94,15,RS,56,100,0.56
BASE_MEMIT,94,16,RS,51,100,0.51
BASE_MEMIT,94,17,RS,61,100,0.61
BASE_MEMIT,94,18,RS,59,100,0.59
BASE_MEMIT,94,19,RS,61,100,0.61
BASE_MEMIT,94,20,RS,63,100,0.63
BASE_MEMIT,94,21,RS,51,100,0.51
BASE_MEMIT,94,22,RS,55,100,0.55
BASE_MEMIT,94,23,RS,59,100,0.59
BASE_MEMIT,94,24,RS,55,100,0.55
BASE_MEMIT,94,25,RS,63,100,0.63
BASE_MEMIT,94,26,RS,53,100,0.53
BASE_MEMIT,94,27,RS,54,100,0.54
BASE_MEMIT,94,28,RS,48,100,0.48
BASE_MEMIT,94,29,RS,60,100,0.6
BASE_MEMIT,94,30,RS,61,100,0.61
BASE_MEMIT,94,31,RS,48,100,0.48
BASE_MEMIT,94,32,RS,63,100,0.63
BASE_MEMIT,94,33,RS,47,100,0.47
BASE_MEMIT,94,34,RS,59,100,0.59
BASE_MEMIT,94,35,RS,57,100,0.57
BASE_MEMIT,94,36,RS,52,100,0.52
BASE_MEMIT,94,37,RS,52,100,0.52
BASE_MEMIT,94,38,RS,58,100,0.58
BASE_MEMIT,94,39,RS,54,100,0.54
BASE_MEMIT,94,40,RS,65,100,0.65
BASE_MEMIT,94,41,RS,56,100,0.56
BASE_MEMIT,94,42,RS,53,100,0.53
BASE_MEMIT,94,43,RS,60,100,0.6
BASE_MEMIT,94,44,RS,61,100,0.61
BASE_MEMIT,94,45,RS,61,100,0.61
BASE_MEMIT,94,46,RS,64,100,0.64
BASE_MEMIT,94,47,RS,67,100,0.67
BASE_MEMIT,94,48,RS,56,100,0.56
BASE_MEMIT,94,49,RS,55,100,0.55
BASE_MEMIT,94,50,RS,59,100,0.59
BASE_MEMIT,94,51,RS,58,100,0.58
BASE_MEMIT,94,52,RS,57,100,0.57
BASE_MEMIT,94,53,RS,66,100,0.66
BASE_MEMIT,94,54,RS,64,100,0.64
BASE_MEMIT,94,55,RS,61,100,0.61
BASE_MEMIT,94,56,RS,57,100,0.57
BASE_MEMIT,94,57,RS,55,100,0.55
BASE_MEMIT,94,58,RS,58,100,0.58
BASE_MEMIT,94,59,RS,65,100,0.65
BASE_MEMIT,94,60,RS,55,100,0.55
BASE_MEMIT,94,61,RS,68,100,0.68
BASE_MEMIT,94,62,RS,66,100,0.66
BASE_MEMIT,94,63,RS,60,100,0.6
BASE_MEMIT,94,64,RS,65,100,0.65
BASE_MEMIT,94,65,RS,70,100,0.7
BASE_MEMIT,94,66,RS,63,100,0.63
BASE_MEMIT,94,67,RS,65,100,0.65
BASE_MEMIT,94,68,RS,68,100,0.68
BASE_MEMIT,94,69,RS,69,100,0.69
BASE_MEMIT,94,70,RS,76,100,0.76
BASE_MEMIT,94,71,RS,76,100,0.76
BASE_MEMIT,94,72,RS,81,100,0.81
BASE_MEMIT,94,73,RS,70,100,0.7
BASE_MEMIT,94,74,RS,77,100,0.77
BASE_MEMIT,94,75,RS,77,100,0.77
BASE_MEMIT,94,76,RS,70,100,0.7
BASE_MEMIT,94,77,RS,79,100,0.79
BASE_MEMIT,94,78,RS,76,100,0.76
BASE_MEMIT,94,79,RS,76,100,0.76
BASE_MEMIT,94,80,RS,77,100,0.77
BASE_MEMIT,94,81,RS,72,100,0.72
BASE_MEMIT,94,82,RS,79,100,0.79
BASE_MEMIT,94,83,RS,84,100,0.84
BASE_MEMIT,94,84,RS,84,100,0.84
BASE_MEMIT,94,85,RS,87,100,0.87
BASE_MEMIT,94,86,RS,77,100,0.77
BASE_MEMIT,94,87,RS,74,100,0.74
BASE_MEMIT,94,88,RS,77,100,0.77
BASE_MEMIT,94,89,RS,84,100,0.84
BASE_MEMIT,94,90,RS,81,100,0.81
BASE_MEMIT,94,91,RS,81,100,0.81
BASE_MEMIT,94,92,RS,84,100,0.84
BASE_MEMIT,94,93,RS,79,100,0.79
BASE_MEMIT,94,94,RS,82,100,0.82
BASE_MEMIT,95,1,RS,51,100,0.51
BASE_MEMIT,95,2,RS,55,100,0.55
BASE_MEMIT,95,3,RS,48,100,0.48
BASE_MEMIT,95,4,RS,42,100,0.42
BASE_MEMIT,95,5,RS,47,100,0.47
BASE_MEMIT,95,6,RS,54,100,0.54
BASE_MEMIT,95,7,RS,58,100,0.58
BASE_MEMIT,95,8,RS,42,100,0.42
BASE_MEMIT,95,9,RS,63,100,0.63
BASE_MEMIT,95,10,RS,49,100,0.49
BASE_MEMIT,95,11,RS,56,100,0.56
BASE_MEMIT,95,12,RS,47,100,0.47
BASE_MEMIT,95,13,RS,57,100,0.57
BASE_MEMIT,95,14,RS,51,100,0.51
BASE_MEMIT,95,15,RS,57,100,0.57
BASE_MEMIT,95,16,RS,51,100,0.51
BASE_MEMIT,95,17,RS,63,100,0.63
BASE_MEMIT,95,18,RS,62,100,0.62
BASE_MEMIT,95,19,RS,59,100,0.59
BASE_MEMIT,95,20,RS,61,100,0.61
BASE_MEMIT,95,21,RS,52,100,0.52
BASE_MEMIT,95,22,RS,55,100,0.55
BASE_MEMIT,95,23,RS,56,100,0.56
BASE_MEMIT,95,24,RS,54,100,0.54
BASE_MEMIT,95,25,RS,67,100,0.67
BASE_MEMIT,95,26,RS,53,100,0.53
BASE_MEMIT,95,27,RS,52,100,0.52
BASE_MEMIT,95,28,RS,50,100,0.5
BASE_MEMIT,95,29,RS,56,100,0.56
BASE_MEMIT,95,30,RS,55,100,0.55
BASE_MEMIT,95,31,RS,49,100,0.49
BASE_MEMIT,95,32,RS,61,100,0.61
BASE_MEMIT,95,33,RS,46,100,0.46
BASE_MEMIT,95,34,RS,54,100,0.54
BASE_MEMIT,95,35,RS,58,100,0.58
BASE_MEMIT,95,36,RS,51,100,0.51
BASE_MEMIT,95,37,RS,51,100,0.51
BASE_MEMIT,95,38,RS,58,100,0.58
BASE_MEMIT,95,39,RS,51,100,0.51
BASE_MEMIT,95,40,RS,65,100,0.65
BASE_MEMIT,95,41,RS,55,100,0.55
BASE_MEMIT,95,42,RS,55,100,0.55
BASE_MEMIT,95,43,RS,61,100,0.61
BASE_MEMIT,95,44,RS,60,100,0.6
BASE_MEMIT,95,45,RS,59,100,0.59
BASE_MEMIT,95,46,RS,62,100,0.62
BASE_MEMIT,95,47,RS,66,100,0.66
BASE_MEMIT,95,48,RS,55,100,0.55
BASE_MEMIT,95,49,RS,55,100,0.55
BASE_MEMIT,95,50,RS,58,100,0.58
BASE_MEMIT,95,51,RS,59,100,0.59
BASE_MEMIT,95,52,RS,55,100,0.55
BASE_MEMIT,95,53,RS,66,100,0.66
BASE_MEMIT,95,54,RS,64,100,0.64
BASE_MEMIT,95,55,RS,62,100,0.62
BASE_MEMIT,95,56,RS,57,100,0.57
BASE_MEMIT,95,57,RS,61,100,0.61
BASE_MEMIT,95,58,RS,56,100,0.56
BASE_MEMIT,95,59,RS,64,100,0.64
BASE_MEMIT,95,60,RS,60,100,0.6
BASE_MEMIT,95,61,RS,65,100,0.65
BASE_MEMIT,95,62,RS,66,100,0.66
BASE_MEMIT,95,63,RS,62,100,0.62
BASE_MEMIT,95,64,RS,62,100,0.62
BASE_MEMIT,95,65,RS,70,100,0.7
BASE_MEMIT,95,66,RS,64,100,0.64
BASE_MEMIT,95,67,RS,67,100,0.67
BASE_MEMIT,95,68,RS,70,100,0.7
BASE_MEMIT,95,69,RS,67,100,0.67
BASE_MEMIT,95,70,RS,75,100,0.75
BASE_MEMIT,95,71,RS,73,100,0.73
BASE_MEMIT,95,72,RS,81,100,0.81
BASE_MEMIT,95,73,RS,72,100,0.72
BASE_MEMIT,95,74,RS,73,100,0.73
BASE_MEMIT,95,75,RS,80,100,0.8
BASE_MEMIT,95,76,RS,70,100,0.7
BASE_MEMIT,95,77,RS,82,100,0.82
BASE_MEMIT,95,78,RS,77,100,0.77
BASE_MEMIT,95,79,RS,79,100,0.79
BASE_MEMIT,95,80,RS,75,100,0.75
BASE_MEMIT,95,81,RS,74,100,0.74
BASE_MEMIT,95,82,RS,78,100,0.78
BASE_MEMIT,95,83,RS,84,100,0.84
BASE_MEMIT,95,84,RS,80,100,0.8
BASE_MEMIT,95,85,RS,90,100,0.9
BASE_MEMIT,95,86,RS,78,100,0.78
BASE_MEMIT,95,87,RS,76,100,0.76
BASE_MEMIT,95,88,RS,79,100,0.79
BASE_MEMIT,95,89,RS,84,100,0.84
BASE_MEMIT,95,90,RS,80,100,0.8
BASE_MEMIT,95,91,RS,82,100,0.82
BASE_MEMIT,95,92,RS,86,100,0.86
BASE_MEMIT,95,93,RS,79,100,0.79
BASE_MEMIT,95,94,RS,81,100,0.81
BASE_MEMIT,95,95,RS,82,100,0.82
BASE_MEMIT,96,1,RS,49,100,0.49
BASE_MEMIT,96,2,RS,56,100,0.56
BASE_MEMIT,96,3,RS,50,100,0.5
BASE_MEMIT,96,4,RS,44,100,0.44
BASE_MEMIT,96,5,RS,47,100,0.47
BASE_MEMIT,96,6,RS,59,100,0.59
BASE_MEMIT,96,7,RS,56,100,0.56
BASE_MEMIT,96,8,RS,46,100,0.46
BASE_MEMIT,96,9,RS,61,100,0.61
BASE_MEMIT,96,10,RS,50,100,0.5
BASE_MEMIT,96,11,RS,55,100,0.55
BASE_MEMIT,96,12,RS,49,100,0.49
BASE_MEMIT,96,13,RS,57,100,0.57
BASE_MEMIT,96,14,RS,56,100,0.56
BASE_MEMIT,96,15,RS,56,100,0.56
BASE_MEMIT,96,16,RS,49,100,0.49
BASE_MEMIT,96,17,RS,64,100,0.64
BASE_MEMIT,96,18,RS,61,100,0.61
BASE_MEMIT,96,19,RS,59,100,0.59
BASE_MEMIT,96,20,RS,61,100,0.61
BASE_MEMIT,96,21,RS,52,100,0.52
BASE_MEMIT,96,22,RS,57,100,0.57
BASE_MEMIT,96,23,RS,58,100,0.58
BASE_MEMIT,96,24,RS,57,100,0.57
BASE_MEMIT,96,25,RS,70,100,0.7
BASE_MEMIT,96,26,RS,52,100,0.52
BASE_MEMIT,96,27,RS,56,100,0.56
BASE_MEMIT,96,28,RS,51,100,0.51
BASE_MEMIT,96,29,RS,58,100,0.58
BASE_MEMIT,96,30,RS,58,100,0.58
BASE_MEMIT,96,31,RS,45,100,0.45
BASE_MEMIT,96,32,RS,58,100,0.58
BASE_MEMIT,96,33,RS,50,100,0.5
BASE_MEMIT,96,34,RS,56,100,0.56
BASE_MEMIT,96,35,RS,60,100,0.6
BASE_MEMIT,96,36,RS,51,100,0.51
BASE_MEMIT,96,37,RS,51,100,0.51
BASE_MEMIT,96,38,RS,58,100,0.58
BASE_MEMIT,96,39,RS,52,100,0.52
BASE_MEMIT,96,40,RS,64,100,0.64
BASE_MEMIT,96,41,RS,57,100,0.57
BASE_MEMIT,96,42,RS,56,100,0.56
BASE_MEMIT,96,43,RS,57,100,0.57
BASE_MEMIT,96,44,RS,60,100,0.6
BASE_MEMIT,96,45,RS,63,100,0.63
BASE_MEMIT,96,46,RS,62,100,0.62
BASE_MEMIT,96,47,RS,68,100,0.68
BASE_MEMIT,96,48,RS,54,100,0.54
BASE_MEMIT,96,49,RS,53,100,0.53
BASE_MEMIT,96,50,RS,60,100,0.6
BASE_MEMIT,96,51,RS,57,100,0.57
BASE_MEMIT,96,52,RS,56,100,0.56
BASE_MEMIT,96,53,RS,66,100,0.66
BASE_MEMIT,96,54,RS,65,100,0.65
BASE_MEMIT,96,55,RS,61,100,0.61
BASE_MEMIT,96,56,RS,57,100,0.57
BASE_MEMIT,96,57,RS,59,100,0.59
BASE_MEMIT,96,58,RS,57,100,0.57
BASE_MEMIT,96,59,RS,66,100,0.66
BASE_MEMIT,96,60,RS,61,100,0.61
BASE_MEMIT,96,61,RS,70,100,0.7
BASE_MEMIT,96,62,RS,66,100,0.66
BASE_MEMIT,96,63,RS,67,100,0.67
BASE_MEMIT,96,64,RS,67,100,0.67
BASE_MEMIT,96,65,RS,69,100,0.69
BASE_MEMIT,96,66,RS,66,100,0.66
BASE_MEMIT,96,67,RS,69,100,0.69
BASE_MEMIT,96,68,RS,70,100,0.7
BASE_MEMIT,96,69,RS,69,100,0.69
BASE_MEMIT,96,70,RS,78,100,0.78
BASE_MEMIT,96,71,RS,78,100,0.78
BASE_MEMIT,96,72,RS,81,100,0.81
BASE_MEMIT,96,73,RS,74,100,0.74
BASE_MEMIT,96,74,RS,74,100,0.74
BASE_MEMIT,96,75,RS,81,100,0.81
BASE_MEMIT,96,76,RS,71,100,0.71
BASE_MEMIT,96,77,RS,81,100,0.81
BASE_MEMIT,96,78,RS,78,100,0.78
BASE_MEMIT,96,79,RS,81,100,0.81
BASE_MEMIT,96,80,RS,75,100,0.75
BASE_MEMIT,96,81,RS,71,100,0.71
BASE_MEMIT,96,82,RS,79,100,0.79
BASE_MEMIT,96,83,RS,82,100,0.82
BASE_MEMIT,96,84,RS,84,100,0.84
BASE_MEMIT,96,85,RS,89,100,0.89
BASE_MEMIT,96,86,RS,78,100,0.78
BASE_MEMIT,96,87,RS,77,100,0.77
BASE_MEMIT,96,88,RS,77,100,0.77
BASE_MEMIT,96,89,RS,85,100,0.85
BASE_MEMIT,96,90,RS,84,100,0.84
BASE_MEMIT,96,91,RS,82,100,0.82
BASE_MEMIT,96,92,RS,86,100,0.86
BASE_MEMIT,96,93,RS,77,100,0.77
BASE_MEMIT,96,94,RS,80,100,0.8
BASE_MEMIT,96,95,RS,85,100,0.85
BASE_MEMIT,96,96,RS,88,100,0.88
BASE_MEMIT,97,1,RS,55,100,0.55
BASE_MEMIT,97,2,RS,57,100,0.57
BASE_MEMIT,97,3,RS,45,100,0.45
BASE_MEMIT,97,4,RS,43,100,0.43
BASE_MEMIT,97,5,RS,45,100,0.45
BASE_MEMIT,97,6,RS,55,100,0.55
BASE_MEMIT,97,7,RS,58,100,0.58
BASE_MEMIT,97,8,RS,46,100,0.46
BASE_MEMIT,97,9,RS,57,100,0.57
BASE_MEMIT,97,10,RS,54,100,0.54
BASE_MEMIT,97,11,RS,53,100,0.53
BASE_MEMIT,97,12,RS,47,100,0.47
BASE_MEMIT,97,13,RS,60,100,0.6
BASE_MEMIT,97,14,RS,55,100,0.55
BASE_MEMIT,97,15,RS,55,100,0.55
BASE_MEMIT,97,16,RS,52,100,0.52
BASE_MEMIT,97,17,RS,62,100,0.62
BASE_MEMIT,97,18,RS,60,100,0.6
BASE_MEMIT,97,19,RS,59,100,0.59
BASE_MEMIT,97,20,RS,63,100,0.63
BASE_MEMIT,97,21,RS,54,100,0.54
BASE_MEMIT,97,22,RS,58,100,0.58
BASE_MEMIT,97,23,RS,59,100,0.59
BASE_MEMIT,97,24,RS,61,100,0.61
BASE_MEMIT,97,25,RS,71,100,0.71
BASE_MEMIT,97,26,RS,58,100,0.58
BASE_MEMIT,97,27,RS,57,100,0.57
BASE_MEMIT,97,28,RS,51,100,0.51
BASE_MEMIT,97,29,RS,58,100,0.58
BASE_MEMIT,97,30,RS,61,100,0.61
BASE_MEMIT,97,31,RS,47,100,0.47
BASE_MEMIT,97,32,RS,59,100,0.59
BASE_MEMIT,97,33,RS,51,100,0.51
BASE_MEMIT,97,34,RS,59,100,0.59
BASE_MEMIT,97,35,RS,59,100,0.59
BASE_MEMIT,97,36,RS,49,100,0.49
BASE_MEMIT,97,37,RS,58,100,0.58
BASE_MEMIT,97,38,RS,61,100,0.61
BASE_MEMIT,97,39,RS,52,100,0.52
BASE_MEMIT,97,40,RS,64,100,0.64
BASE_MEMIT,97,41,RS,54,100,0.54
BASE_MEMIT,97,42,RS,58,100,0.58
BASE_MEMIT,97,43,RS,57,100,0.57
BASE_MEMIT,97,44,RS,60,100,0.6
BASE_MEMIT,97,45,RS,64,100,0.64
BASE_MEMIT,97,46,RS,65,100,0.65
BASE_MEMIT,97,47,RS,66,100,0.66
BASE_MEMIT,97,48,RS,56,100,0.56
BASE_MEMIT,97,49,RS,60,100,0.6
BASE_MEMIT,97,50,RS,58,100,0.58
BASE_MEMIT,97,51,RS,56,100,0.56
BASE_MEMIT,97,52,RS,58,100,0.58
BASE_MEMIT,97,53,RS,68,100,0.68
BASE_MEMIT,97,54,RS,69,100,0.69
BASE_MEMIT,97,55,RS,63,100,0.63
BASE_MEMIT,97,56,RS,57,100,0.57
BASE_MEMIT,97,57,RS,60,100,0.6
BASE_MEMIT,97,58,RS,54,100,0.54
BASE_MEMIT,97,59,RS,67,100,0.67
BASE_MEMIT,97,60,RS,62,100,0.62
BASE_MEMIT,97,61,RS,68,100,0.68
BASE_MEMIT,97,62,RS,70,100,0.7
BASE_MEMIT,97,63,RS,67,100,0.67
BASE_MEMIT,97,64,RS,68,100,0.68
BASE_MEMIT,97,65,RS,72,100,0.72
BASE_MEMIT,97,66,RS,65,100,0.65
BASE_MEMIT,97,67,RS,68,100,0.68
BASE_MEMIT,97,68,RS,69,100,0.69
BASE_MEMIT,97,69,RS,71,100,0.71
BASE_MEMIT,97,70,RS,80,100,0.8
BASE_MEMIT,97,71,RS,77,100,0.77
BASE_MEMIT,97,72,RS,80,100,0.8
BASE_MEMIT,97,73,RS,76,100,0.76
BASE_MEMIT,97,74,RS,74,100,0.74
BASE_MEMIT,97,75,RS,84,100,0.84
BASE_MEMIT,97,76,RS,74,100,0.74
BASE_MEMIT,97,77,RS,81,100,0.81
BASE_MEMIT,97,78,RS,79,100,0.79
BASE_MEMIT,97,79,RS,77,100,0.77
BASE_MEMIT,97,80,RS,73,100,0.73
BASE_MEMIT,97,81,RS,75,100,0.75
BASE_MEMIT,97,82,RS,80,100,0.8
BASE_MEMIT,97,83,RS,83,100,0.83
BASE_MEMIT,97,84,RS,82,100,0.82
BASE_MEMIT,97,85,RS,87,100,0.87
BASE_MEMIT,97,86,RS,78,100,0.78
BASE_MEMIT,97,87,RS,74,100,0.74
BASE_MEMIT,97,88,RS,76,100,0.76
BASE_MEMIT,97,89,RS,84,100,0.84
BASE_MEMIT,97,90,RS,82,100,0.82
BASE_MEMIT,97,91,RS,84,100,0.84
BASE_MEMIT,97,92,RS,88,100,0.88
BASE_MEMIT,97,93,RS,78,100,0.78
BASE_MEMIT,97,94,RS,78,100,0.78
BASE_MEMIT,97,95,RS,85,100,0.85
BASE_MEMIT,97,96,RS,84,100,0.84
BASE_MEMIT,97,97,RS,92,100,0.92
BASE_MEMIT,98,1,RS,50,100,0.5
BASE_MEMIT,98,2,RS,53,100,0.53
BASE_MEMIT,98,3,RS,51,100,0.51
BASE_MEMIT,98,4,RS,44,100,0.44
BASE_MEMIT,98,5,RS,43,100,0.43
BASE_MEMIT,98,6,RS,54,100,0.54
BASE_MEMIT,98,7,RS,60,100,0.6
BASE_MEMIT,98,8,RS,42,100,0.42
BASE_MEMIT,98,9,RS,60,100,0.6
BASE_MEMIT,98,10,RS,51,100,0.51
BASE_MEMIT,98,11,RS,55,100,0.55
BASE_MEMIT,98,12,RS,47,100,0.47
BASE_MEMIT,98,13,RS,61,100,0.61
BASE_MEMIT,98,14,RS,51,100,0.51
BASE_MEMIT,98,15,RS,58,100,0.58
BASE_MEMIT,98,16,RS,53,100,0.53
BASE_MEMIT,98,17,RS,62,100,0.62
BASE_MEMIT,98,18,RS,61,100,0.61
BASE_MEMIT,98,19,RS,59,100,0.59
BASE_MEMIT,98,20,RS,62,100,0.62
BASE_MEMIT,98,21,RS,55,100,0.55
BASE_MEMIT,98,22,RS,58,100,0.58
BASE_MEMIT,98,23,RS,56,100,0.56
BASE_MEMIT,98,24,RS,58,100,0.58
BASE_MEMIT,98,25,RS,70,100,0.7
BASE_MEMIT,98,26,RS,55,100,0.55
BASE_MEMIT,98,27,RS,55,100,0.55
BASE_MEMIT,98,28,RS,49,100,0.49
BASE_MEMIT,98,29,RS,53,100,0.53
BASE_MEMIT,98,30,RS,61,100,0.61
BASE_MEMIT,98,31,RS,50,100,0.5
BASE_MEMIT,98,32,RS,61,100,0.61
BASE_MEMIT,98,33,RS,48,100,0.48
BASE_MEMIT,98,34,RS,56,100,0.56
BASE_MEMIT,98,35,RS,57,100,0.57
BASE_MEMIT,98,36,RS,51,100,0.51
BASE_MEMIT,98,37,RS,55,100,0.55
BASE_MEMIT,98,38,RS,59,100,0.59
BASE_MEMIT,98,39,RS,54,100,0.54
BASE_MEMIT,98,40,RS,63,100,0.63
BASE_MEMIT,98,41,RS,54,100,0.54
BASE_MEMIT,98,42,RS,62,100,0.62
BASE_MEMIT,98,43,RS,59,100,0.59
BASE_MEMIT,98,44,RS,62,100,0.62
BASE_MEMIT,98,45,RS,63,100,0.63
BASE_MEMIT,98,46,RS,60,100,0.6
BASE_MEMIT,98,47,RS,64,100,0.64
BASE_MEMIT,98,48,RS,56,100,0.56
BASE_MEMIT,98,49,RS,62,100,0.62
BASE_MEMIT,98,50,RS,56,100,0.56
BASE_MEMIT,98,51,RS,53,100,0.53
BASE_MEMIT,98,52,RS,61,100,0.61
BASE_MEMIT,98,53,RS,68,100,0.68
BASE_MEMIT,98,54,RS,66,100,0.66
BASE_MEMIT,98,55,RS,63,100,0.63
BASE_MEMIT,98,56,RS,58,100,0.58
BASE_MEMIT,98,57,RS,58,100,0.58
BASE_MEMIT,98,58,RS,55,100,0.55
BASE_MEMIT,98,59,RS,64,100,0.64
BASE_MEMIT,98,60,RS,57,100,0.57
BASE_MEMIT,98,61,RS,70,100,0.7
BASE_MEMIT,98,62,RS,68,100,0.68
BASE_MEMIT,98,63,RS,65,100,0.65
BASE_MEMIT,98,64,RS,62,100,0.62
BASE_MEMIT,98,65,RS,71,100,0.71
BASE_MEMIT,98,66,RS,64,100,0.64
BASE_MEMIT,98,67,RS,69,100,0.69
BASE_MEMIT,98,68,RS,70,100,0.7
BASE_MEMIT,98,69,RS,70,100,0.7
BASE_MEMIT,98,70,RS,78,100,0.78
BASE_MEMIT,98,71,RS,75,100,0.75
BASE_MEMIT,98,72,RS,81,100,0.81
BASE_MEMIT,98,73,RS,72,100,0.72
BASE_MEMIT,98,74,RS,72,100,0.72
BASE_MEMIT,98,75,RS,80,100,0.8
BASE_MEMIT,98,76,RS,73,100,0.73
BASE_MEMIT,98,77,RS,80,100,0.8
BASE_MEMIT,98,78,RS,74,100,0.74
BASE_MEMIT,98,79,RS,78,100,0.78
BASE_MEMIT,98,80,RS,74,100,0.74
BASE_MEMIT,98,81,RS,74,100,0.74
BASE_MEMIT,98,82,RS,74,100,0.74
BASE_MEMIT,98,83,RS,81,100,0.81
BASE_MEMIT,98,84,RS,82,100,0.82
BASE_MEMIT,98,85,RS,87,100,0.87
BASE_MEMIT,98,86,RS,76,100,0.76
BASE_MEMIT,98,87,RS,75,100,0.75
BASE_MEMIT,98,88,RS,74,100,0.74
BASE_MEMIT,98,89,RS,84,100,0.84
BASE_MEMIT,98,90,RS,80,100,0.8
BASE_MEMIT,98,91,RS,81,100,0.81
BASE_MEMIT,98,92,RS,85,100,0.85
BASE_MEMIT,98,93,RS,75,100,0.75
BASE_MEMIT,98,94,RS,79,100,0.79
BASE_MEMIT,98,95,RS,80,100,0.8
BASE_MEMIT,98,96,RS,80,100,0.8
BASE_MEMIT,98,97,RS,89,100,0.89
BASE_MEMIT,98,98,RS,80,100,0.8
BASE_MEMIT,99,1,RS,53,100,0.53
BASE_MEMIT,99,2,RS,54,100,0.54
BASE_MEMIT,99,3,RS,54,100,0.54
BASE_MEMIT,99,4,RS,44,100,0.44
BASE_MEMIT,99,5,RS,46,100,0.46
BASE_MEMIT,99,6,RS,55,100,0.55
BASE_MEMIT,99,7,RS,56,100,0.56
BASE_MEMIT,99,8,RS,39,100,0.39
BASE_MEMIT,99,9,RS,57,100,0.57
BASE_MEMIT,99,10,RS,49,100,0.49
BASE_MEMIT,99,11,RS,59,100,0.59
BASE_MEMIT,99,12,RS,48,100,0.48
BASE_MEMIT,99,13,RS,64,100,0.64
BASE_MEMIT,99,14,RS,54,100,0.54
BASE_MEMIT,99,15,RS,56,100,0.56
BASE_MEMIT,99,16,RS,58,100,0.58
BASE_MEMIT,99,17,RS,64,100,0.64
BASE_MEMIT,99,18,RS,58,100,0.58
BASE_MEMIT,99,19,RS,60,100,0.6
BASE_MEMIT,99,20,RS,63,100,0.63
BASE_MEMIT,99,21,RS,50,100,0.5
BASE_MEMIT,99,22,RS,56,100,0.56
BASE_MEMIT,99,23,RS,57,100,0.57
BASE_MEMIT,99,24,RS,64,100,0.64
BASE_MEMIT,99,25,RS,70,100,0.7
BASE_MEMIT,99,26,RS,55,100,0.55
BASE_MEMIT,99,27,RS,55,100,0.55
BASE_MEMIT,99,28,RS,52,100,0.52
BASE_MEMIT,99,29,RS,60,100,0.6
BASE_MEMIT,99,30,RS,63,100,0.63
BASE_MEMIT,99,31,RS,52,100,0.52
BASE_MEMIT,99,32,RS,63,100,0.63
BASE_MEMIT,99,33,RS,47,100,0.47
BASE_MEMIT,99,34,RS,56,100,0.56
BASE_MEMIT,99,35,RS,60,100,0.6
BASE_MEMIT,99,36,RS,55,100,0.55
BASE_MEMIT,99,37,RS,55,100,0.55
BASE_MEMIT,99,38,RS,60,100,0.6
BASE_MEMIT,99,39,RS,57,100,0.57
BASE_MEMIT,99,40,RS,62,100,0.62
BASE_MEMIT,99,41,RS,56,100,0.56
BASE_MEMIT,99,42,RS,62,100,0.62
BASE_MEMIT,99,43,RS,58,100,0.58
BASE_MEMIT,99,44,RS,61,100,0.61
BASE_MEMIT,99,45,RS,62,100,0.62
BASE_MEMIT,99,46,RS,62,100,0.62
BASE_MEMIT,99,47,RS,68,100,0.68
BASE_MEMIT,99,48,RS,58,100,0.58
BASE_MEMIT,99,49,RS,59,100,0.59
BASE_MEMIT,99,50,RS,56,100,0.56
BASE_MEMIT,99,51,RS,54,100,0.54
BASE_MEMIT,99,52,RS,63,100,0.63
BASE_MEMIT,99,53,RS,64,100,0.64
BASE_MEMIT,99,54,RS,72,100,0.72
BASE_MEMIT,99,55,RS,64,100,0.64
BASE_MEMIT,99,56,RS,59,100,0.59
BASE_MEMIT,99,57,RS,61,100,0.61
BASE_MEMIT,99,58,RS,56,100,0.56
BASE_MEMIT,99,59,RS,63,100,0.63
BASE_MEMIT,99,60,RS,59,100,0.59
BASE_MEMIT,99,61,RS,71,100,0.71
BASE_MEMIT,99,62,RS,69,100,0.69
BASE_MEMIT,99,63,RS,63,100,0.63
BASE_MEMIT,99,64,RS,60,100,0.6
BASE_MEMIT,99,65,RS,72,100,0.72
BASE_MEMIT,99,66,RS,66,100,0.66
BASE_MEMIT,99,67,RS,70,100,0.7
BASE_MEMIT,99,68,RS,70,100,0.7
BASE_MEMIT,99,69,RS,67,100,0.67
BASE_MEMIT,99,70,RS,77,100,0.77
BASE_MEMIT,99,71,RS,77,100,0.77
BASE_MEMIT,99,72,RS,82,100,0.82
BASE_MEMIT,99,73,RS,79,100,0.79
BASE_MEMIT,99,74,RS,76,100,0.76
BASE_MEMIT,99,75,RS,83,100,0.83
BASE_MEMIT,99,76,RS,72,100,0.72
BASE_MEMIT,99,77,RS,80,100,0.8
BASE_MEMIT,99,78,RS,79,100,0.79
BASE_MEMIT,99,79,RS,78,100,0.78
BASE_MEMIT,99,80,RS,72,100,0.72
BASE_MEMIT,99,81,RS,77,100,0.77
BASE_MEMIT,99,82,RS,78,100,0.78
BASE_MEMIT,99,83,RS,83,100,0.83
BASE_MEMIT,99,84,RS,82,100,0.82
BASE_MEMIT,99,85,RS,87,100,0.87
BASE_MEMIT,99,86,RS,80,100,0.8
BASE_MEMIT,99,87,RS,75,100,0.75
BASE_MEMIT,99,88,RS,77,100,0.77
BASE_MEMIT,99,89,RS,82,100,0.82
BASE_MEMIT,99,90,RS,80,100,0.8
BASE_MEMIT,99,91,RS,81,100,0.81
BASE_MEMIT,99,92,RS,87,100,0.87
BASE_MEMIT,99,93,RS,77,100,0.77
BASE_MEMIT,99,94,RS,76,100,0.76
BASE_MEMIT,99,95,RS,82,100,0.82
BASE_MEMIT,99,96,RS,83,100,0.83
BASE_MEMIT,99,97,RS,89,100,0.89
BASE_MEMIT,99,98,RS,82,100,0.82
BASE_MEMIT,99,99,RS,91,100,0.91
BASE_MEMIT,100,1,RS,54,100,0.54
BASE_MEMIT,100,2,RS,54,100,0.54
BASE_MEMIT,100,3,RS,50,100,0.5
BASE_MEMIT,100,4,RS,43,100,0.43
BASE_MEMIT,100,5,RS,49,100,0.49
BASE_MEMIT,100,6,RS,56,100,0.56
BASE_MEMIT,100,7,RS,57,100,0.57
BASE_MEMIT,100,8,RS,44,100,0.44
BASE_MEMIT,100,9,RS,57,100,0.57
BASE_MEMIT,100,10,RS,49,100,0.49
BASE_MEMIT,100,11,RS,58,100,0.58
BASE_MEMIT,100,12,RS,46,100,0.46
BASE_MEMIT,100,13,RS,63,100,0.63
BASE_MEMIT,100,14,RS,55,100,0.55
BASE_MEMIT,100,15,RS,55,100,0.55
BASE_MEMIT,100,16,RS,56,100,0.56
BASE_MEMIT,100,17,RS,62,100,0.62
BASE_MEMIT,100,18,RS,61,100,0.61
BASE_MEMIT,100,19,RS,58,100,0.58
BASE_MEMIT,100,20,RS,62,100,0.62
BASE_MEMIT,100,21,RS,51,100,0.51
BASE_MEMIT,100,22,RS,55,100,0.55
BASE_MEMIT,100,23,RS,56,100,0.56
BASE_MEMIT,100,24,RS,61,100,0.61
BASE_MEMIT,100,25,RS,66,100,0.66
BASE_MEMIT,100,26,RS,53,100,0.53
BASE_MEMIT,100,27,RS,53,100,0.53
BASE_MEMIT,100,28,RS,50,100,0.5
BASE_MEMIT,100,29,RS,61,100,0.61
BASE_MEMIT,100,30,RS,57,100,0.57
BASE_MEMIT,100,31,RS,46,100,0.46
BASE_MEMIT,100,32,RS,63,100,0.63
BASE_MEMIT,100,33,RS,51,100,0.51
BASE_MEMIT,100,34,RS,55,100,0.55
BASE_MEMIT,100,35,RS,61,100,0.61
BASE_MEMIT,100,36,RS,53,100,0.53
BASE_MEMIT,100,37,RS,58,100,0.58
BASE_MEMIT,100,38,RS,62,100,0.62
BASE_MEMIT,100,39,RS,51,100,0.51
BASE_MEMIT,100,40,RS,64,100,0.64
BASE_MEMIT,100,41,RS,57,100,0.57
BASE_MEMIT,100,42,RS,62,100,0.62
BASE_MEMIT,100,43,RS,58,100,0.58
BASE_MEMIT,100,44,RS,62,100,0.62
BASE_MEMIT,100,45,RS,65,100,0.65
BASE_MEMIT,100,46,RS,61,100,0.61
BASE_MEMIT,100,47,RS,64,100,0.64
BASE_MEMIT,100,48,RS,60,100,0.6
BASE_MEMIT,100,49,RS,59,100,0.59
BASE_MEMIT,100,50,RS,57,100,0.57
BASE_MEMIT,100,51,RS,50,100,0.5
BASE_MEMIT,100,52,RS,61,100,0.61
BASE_MEMIT,100,53,RS,64,100,0.64
BASE_MEMIT,100,54,RS,70,100,0.7
BASE_MEMIT,100,55,RS,61,100,0.61
BASE_MEMIT,100,56,RS,59,100,0.59
BASE_MEMIT,100,57,RS,59,100,0.59
BASE_MEMIT,100,58,RS,54,100,0.54
BASE_MEMIT,100,59,RS,64,100,0.64
BASE_MEMIT,100,60,RS,57,100,0.57
BASE_MEMIT,100,61,RS,73,100,0.73
BASE_MEMIT,100,62,RS,67,100,0.67
BASE_MEMIT,100,63,RS,60,100,0.6
BASE_MEMIT,100,64,RS,63,100,0.63
BASE_MEMIT,100,65,RS,74,100,0.74
BASE_MEMIT,100,66,RS,66,100,0.66
BASE_MEMIT,100,67,RS,68,100,0.68
BASE_MEMIT,100,68,RS,66,100,0.66
BASE_MEMIT,100,69,RS,68,100,0.68
BASE_MEMIT,100,70,RS,77,100,0.77
BASE_MEMIT,100,71,RS,77,100,0.77
BASE_MEMIT,100,72,RS,82,100,0.82
BASE_MEMIT,100,73,RS,76,100,0.76
BASE_MEMIT,100,74,RS,74,100,0.74
BASE_MEMIT,100,75,RS,82,100,0.82
BASE_MEMIT,100,76,RS,69,100,0.69
BASE_MEMIT,100,77,RS,82,100,0.82
BASE_MEMIT,100,78,RS,72,100,0.72
BASE_MEMIT,100,79,RS,73,100,0.73
BASE_MEMIT,100,80,RS,71,100,0.71
BASE_MEMIT,100,81,RS,70,100,0.7
BASE_MEMIT,100,82,RS,75,100,0.75
BASE_MEMIT,100,83,RS,82,100,0.82
BASE_MEMIT,100,84,RS,81,100,0.81
BASE_MEMIT,100,85,RS,83,100,0.83
BASE_MEMIT,100,86,RS,78,100,0.78
BASE_MEMIT,100,87,RS,75,100,0.75
BASE_MEMIT,100,88,RS,76,100,0.76
BASE_MEMIT,100,89,RS,81,100,0.81
BASE_MEMIT,100,90,RS,80,100,0.8
BASE_MEMIT,100,91,RS,81,100,0.81
BASE_MEMIT,100,92,RS,84,100,0.84
BASE_MEMIT,100,93,RS,74,100,0.74
BASE_MEMIT,100,94,RS,76,100,0.76
BASE_MEMIT,100,95,RS,80,100,0.8
BASE_MEMIT,100,96,RS,82,100,0.82
BASE_MEMIT,100,97,RS,85,100,0.85
BASE_MEMIT,100,98,RS,80,100,0.8
BASE_MEMIT,100,99,RS,89,100,0.89
BASE_MEMIT,100,100,RS,81,100,0.81
BASE_ALPHAEDIT,1,1,RS,100,100,1.0
BASE_ALPHAEDIT,2,1,RS,100,100,1.0
BASE_ALPHAEDIT,2,2,RS,97,100,0.97
BASE_ALPHAEDIT,3,1,RS,100,100,1.0
BASE_ALPHAEDIT,3,2,RS,97,100,0.97
BASE_ALPHAEDIT,3,3,RS,98,100,0.98
BASE_ALPHAEDIT,4,1,RS,100,100,1.0
BASE_ALPHAEDIT,4,2,RS,97,100,0.97
BASE_ALPHAEDIT,4,3,RS,99,100,0.99
BASE_ALPHAEDIT,4,4,RS,100,100,1.0
BASE_ALPHAEDIT,5,1,RS,99,100,0.99
BASE_ALPHAEDIT,5,2,RS,97,100,0.97
BASE_ALPHAEDIT,5,3,RS,98,100,0.98
BASE_ALPHAEDIT,5,4,RS,100,100,1.0
BASE_ALPHAEDIT,5,5,RS,99,100,0.99
BASE_ALPHAEDIT,6,1,RS,99,100,0.99
BASE_ALPHAEDIT,6,2,RS,97,100,0.97
BASE_ALPHAEDIT,6,3,RS,98,100,0.98
BASE_ALPHAEDIT,6,4,RS,100,100,1.0
BASE_ALPHAEDIT,6,5,RS,99,100,0.99
BASE_ALPHAEDIT,6,6,RS,100,100,1.0
BASE_ALPHAEDIT,7,1,RS,97,100,0.97
BASE_ALPHAEDIT,7,2,RS,98,100,0.98
BASE_ALPHAEDIT,7,3,RS,99,100,0.99
BASE_ALPHAEDIT,7,4,RS,100,100,1.0
BASE_ALPHAEDIT,7,5,RS,100,100,1.0
BASE_ALPHAEDIT,7,6,RS,100,100,1.0
BASE_ALPHAEDIT,7,7,RS,99,100,0.99
BASE_ALPHAEDIT,8,1,RS,97,100,0.97
BASE_ALPHAEDIT,8,2,RS,97,100,0.97
BASE_ALPHAEDIT,8,3,RS,99,100,0.99
BASE_ALPHAEDIT,8,4,RS,100,100,1.0
BASE_ALPHAEDIT,8,5,RS,100,100,1.0
BASE_ALPHAEDIT,8,6,RS,100,100,1.0
BASE_ALPHAEDIT,8,7,RS,99,100,0.99
BASE_ALPHAEDIT,8,8,RS,100,100,1.0
BASE_ALPHAEDIT,9,1,RS,97,100,0.97
BASE_ALPHAEDIT,9,2,RS,98,100,0.98
BASE_ALPHAEDIT,9,3,RS,99,100,0.99
BASE_ALPHAEDIT,9,4,RS,100,100,1.0
BASE_ALPHAEDIT,9,5,RS,100,100,1.0
BASE_ALPHAEDIT,9,6,RS,99,100,0.99
BASE_ALPHAEDIT,9,7,RS,100,100,1.0
BASE_ALPHAEDIT,9,8,RS,100,100,1.0
BASE_ALPHAEDIT,9,9,RS,100,100,1.0
BASE_ALPHAEDIT,10,1,RS,94,100,0.94
BASE_ALPHAEDIT,10,2,RS,98,100,0.98
BASE_ALPHAEDIT,10,3,RS,99,100,0.99
BASE_ALPHAEDIT,10,4,RS,100,100,1.0
BASE_ALPHAEDIT,10,5,RS,99,100,0.99
BASE_ALPHAEDIT,10,6,RS,99,100,0.99
BASE_ALPHAEDIT,10,7,RS,100,100,1.0
BASE_ALPHAEDIT,10,8,RS,100,100,1.0
BASE_ALPHAEDIT,10,9,RS,100,100,1.0
BASE_ALPHAEDIT,10,10,RS,100,100,1.0
BASE_ALPHAEDIT,11,1,RS,96,100,0.96
BASE_ALPHAEDIT,11,2,RS,97,100,0.97
BASE_ALPHAEDIT,11,3,RS,99,100,0.99
BASE_ALPHAEDIT,11,4,RS,100,100,1.0
BASE_ALPHAEDIT,11,5,RS,99,100,0.99
BASE_ALPHAEDIT,11,6,RS,100,100,1.0
BASE_ALPHAEDIT,11,7,RS,100,100,1.0
BASE_ALPHAEDIT,11,8,RS,100,100,1.0
BASE_ALPHAEDIT,11,9,RS,100,100,1.0
BASE_ALPHAEDIT,11,10,RS,100,100,1.0
BASE_ALPHAEDIT,11,11,RS,100,100,1.0
BASE_ALPHAEDIT,12,1,RS,95,100,0.95
BASE_ALPHAEDIT,12,2,RS,97,100,0.97
BASE_ALPHAEDIT,12,3,RS,99,100,0.99
BASE_ALPHAEDIT,12,4,RS,100,100,1.0
BASE_ALPHAEDIT,12,5,RS,99,100,0.99
BASE_ALPHAEDIT,12,6,RS,100,100,1.0
BASE_ALPHAEDIT,12,7,RS,100,100,1.0
BASE_ALPHAEDIT,12,8,RS,100,100,1.0
BASE_ALPHAEDIT,12,9,RS,100,100,1.0
BASE_ALPHAEDIT,12,10,RS,100,100,1.0
BASE_ALPHAEDIT,12,11,RS,100,100,1.0
BASE_ALPHAEDIT,12,12,RS,100,100,1.0
BASE_ALPHAEDIT,13,1,RS,96,100,0.96
BASE_ALPHAEDIT,13,2,RS,97,100,0.97
BASE_ALPHAEDIT,13,3,RS,99,100,0.99
BASE_ALPHAEDIT,13,4,RS,100,100,1.0
BASE_ALPHAEDIT,13,5,RS,98,100,0.98
BASE_ALPHAEDIT,13,6,RS,99,100,0.99
BASE_ALPHAEDIT,13,7,RS,100,100,1.0
BASE_ALPHAEDIT,13,8,RS,100,100,1.0
BASE_ALPHAEDIT,13,9,RS,100,100,1.0
BASE_ALPHAEDIT,13,10,RS,100,100,1.0
BASE_ALPHAEDIT,13,11,RS,100,100,1.0
BASE_ALPHAEDIT,13,12,RS,100,100,1.0
BASE_ALPHAEDIT,13,13,RS,100,100,1.0
BASE_ALPHAEDIT,14,1,RS,96,100,0.96
BASE_ALPHAEDIT,14,2,RS,97,100,0.97
BASE_ALPHAEDIT,14,3,RS,99,100,0.99
BASE_ALPHAEDIT,14,4,RS,100,100,1.0
BASE_ALPHAEDIT,14,5,RS,98,100,0.98
BASE_ALPHAEDIT,14,6,RS,100,100,1.0
BASE_ALPHAEDIT,14,7,RS,100,100,1.0
BASE_ALPHAEDIT,14,8,RS,100,100,1.0
BASE_ALPHAEDIT,14,9,RS,100,100,1.0
BASE_ALPHAEDIT,14,10,RS,100,100,1.0
BASE_ALPHAEDIT,14,11,RS,100,100,1.0
BASE_ALPHAEDIT,14,12,RS,100,100,1.0
BASE_ALPHAEDIT,14,13,RS,100,100,1.0
BASE_ALPHAEDIT,14,14,RS,100,100,1.0
BASE_ALPHAEDIT,15,1,RS,97,100,0.97
BASE_ALPHAEDIT,15,2,RS,97,100,0.97
BASE_ALPHAEDIT,15,3,RS,99,100,0.99
BASE_ALPHAEDIT,15,4,RS,100,100,1.0
BASE_ALPHAEDIT,15,5,RS,99,100,0.99
BASE_ALPHAEDIT,15,6,RS,100,100,1.0
BASE_ALPHAEDIT,15,7,RS,99,100,0.99
BASE_ALPHAEDIT,15,8,RS,100,100,1.0
BASE_ALPHAEDIT,15,9,RS,100,100,1.0
BASE_ALPHAEDIT,15,10,RS,99,100,0.99
BASE_ALPHAEDIT,15,11,RS,100,100,1.0
BASE_ALPHAEDIT,15,12,RS,100,100,1.0
BASE_ALPHAEDIT,15,13,RS,100,100,1.0
BASE_ALPHAEDIT,15,14,RS,100,100,1.0
BASE_ALPHAEDIT,15,15,RS,100,100,1.0
BASE_ALPHAEDIT,16,1,RS,97,100,0.97
BASE_ALPHAEDIT,16,2,RS,97,100,0.97
BASE_ALPHAEDIT,16,3,RS,98,100,0.98
BASE_ALPHAEDIT,16,4,RS,100,100,1.0
BASE_ALPHAEDIT,16,5,RS,99,100,0.99
BASE_ALPHAEDIT,16,6,RS,100,100,1.0
BASE_ALPHAEDIT,16,7,RS,100,100,1.0
BASE_ALPHAEDIT,16,8,RS,100,100,1.0
BASE_ALPHAEDIT,16,9,RS,100,100,1.0
BASE_ALPHAEDIT,16,10,RS,99,100,0.99
BASE_ALPHAEDIT,16,11,RS,100,100,1.0
BASE_ALPHAEDIT,16,12,RS,100,100,1.0
BASE_ALPHAEDIT,16,13,RS,100,100,1.0
BASE_ALPHAEDIT,16,14,RS,100,100,1.0
BASE_ALPHAEDIT,16,15,RS,100,100,1.0
BASE_ALPHAEDIT,16,16,RS,100,100,1.0
BASE_ALPHAEDIT,17,1,RS,97,100,0.97
BASE_ALPHAEDIT,17,2,RS,97,100,0.97
BASE_ALPHAEDIT,17,3,RS,97,100,0.97
BASE_ALPHAEDIT,17,4,RS,100,100,1.0
BASE_ALPHAEDIT,17,5,RS,99,100,0.99
BASE_ALPHAEDIT,17,6,RS,100,100,1.0
BASE_ALPHAEDIT,17,7,RS,99,100,0.99
BASE_ALPHAEDIT,17,8,RS,100,100,1.0
BASE_ALPHAEDIT,17,9,RS,100,100,1.0
BASE_ALPHAEDIT,17,10,RS,99,100,0.99
BASE_ALPHAEDIT,17,11,RS,100,100,1.0
BASE_ALPHAEDIT,17,12,RS,100,100,1.0
BASE_ALPHAEDIT,17,13,RS,100,100,1.0
BASE_ALPHAEDIT,17,14,RS,100,100,1.0
BASE_ALPHAEDIT,17,15,RS,100,100,1.0
BASE_ALPHAEDIT,17,16,RS,100,100,1.0
BASE_ALPHAEDIT,17,17,RS,100,100,1.0
BASE_ALPHAEDIT,18,1,RS,97,100,0.97
BASE_ALPHAEDIT,18,2,RS,97,100,0.97
BASE_ALPHAEDIT,18,3,RS,97,100,0.97
BASE_ALPHAEDIT,18,4,RS,100,100,1.0
BASE_ALPHAEDIT,18,5,RS,99,100,0.99
BASE_ALPHAEDIT,18,6,RS,100,100,1.0
BASE_ALPHAEDIT,18,7,RS,100,100,1.0
BASE_ALPHAEDIT,18,8,RS,100,100,1.0
BASE_ALPHAEDIT,18,9,RS,100,100,1.0
BASE_ALPHAEDIT,18,10,RS,99,100,0.99
BASE_ALPHAEDIT,18,11,RS,100,100,1.0
BASE_ALPHAEDIT,18,12,RS,100,100,1.0
BASE_ALPHAEDIT,18,13,RS,100,100,1.0
BASE_ALPHAEDIT,18,14,RS,100,100,1.0
BASE_ALPHAEDIT,18,15,RS,100,100,1.0
BASE_ALPHAEDIT,18,16,RS,100,100,1.0
BASE_ALPHAEDIT,18,17,RS,100,100,1.0
BASE_ALPHAEDIT,18,18,RS,100,100,1.0
BASE_ALPHAEDIT,19,1,RS,97,100,0.97
BASE_ALPHAEDIT,19,2,RS,96,100,0.96
BASE_ALPHAEDIT,19,3,RS,97,100,0.97
BASE_ALPHAEDIT,19,4,RS,100,100,1.0
BASE_ALPHAEDIT,19,5,RS,99,100,0.99
BASE_ALPHAEDIT,19,6,RS,100,100,1.0
BASE_ALPHAEDIT,19,7,RS,99,100,0.99
BASE_ALPHAEDIT,19,8,RS,100,100,1.0
BASE_ALPHAEDIT,19,9,RS,100,100,1.0
BASE_ALPHAEDIT,19,10,RS,99,100,0.99
BASE_ALPHAEDIT,19,11,RS,100,100,1.0
BASE_ALPHAEDIT,19,12,RS,100,100,1.0
BASE_ALPHAEDIT,19,13,RS,100,100,1.0
BASE_ALPHAEDIT,19,14,RS,99,100,0.99
BASE_ALPHAEDIT,19,15,RS,100,100,1.0
BASE_ALPHAEDIT,19,16,RS,100,100,1.0
BASE_ALPHAEDIT,19,17,RS,100,100,1.0
BASE_ALPHAEDIT,19,18,RS,100,100,1.0
BASE_ALPHAEDIT,19,19,RS,100,100,1.0
BASE_ALPHAEDIT,20,1,RS,97,100,0.97
BASE_ALPHAEDIT,20,2,RS,96,100,0.96
BASE_ALPHAEDIT,20,3,RS,97,100,0.97
BASE_ALPHAEDIT,20,4,RS,100,100,1.0
BASE_ALPHAEDIT,20,5,RS,99,100,0.99
BASE_ALPHAEDIT,20,6,RS,99,100,0.99
BASE_ALPHAEDIT,20,7,RS,100,100,1.0
BASE_ALPHAEDIT,20,8,RS,100,100,1.0
BASE_ALPHAEDIT,20,9,RS,100,100,1.0
BASE_ALPHAEDIT,20,10,RS,99,100,0.99
BASE_ALPHAEDIT,20,11,RS,100,100,1.0
BASE_ALPHAEDIT,20,12,RS,100,100,1.0
BASE_ALPHAEDIT,20,13,RS,100,100,1.0
BASE_ALPHAEDIT,20,14,RS,99,100,0.99
BASE_ALPHAEDIT,20,15,RS,100,100,1.0
BASE_ALPHAEDIT,20,16,RS,100,100,1.0
BASE_ALPHAEDIT,20,17,RS,100,100,1.0
BASE_ALPHAEDIT,20,18,RS,100,100,1.0
BASE_ALPHAEDIT,20,19,RS,100,100,1.0
BASE_ALPHAEDIT,20,20,RS,100,100,1.0
BASE_ALPHAEDIT,21,1,RS,97,100,0.97
BASE_ALPHAEDIT,21,2,RS,96,100,0.96
BASE_ALPHAEDIT,21,3,RS,96,100,0.96
BASE_ALPHAEDIT,21,4,RS,100,100,1.0
BASE_ALPHAEDIT,21,5,RS,99,100,0.99
BASE_ALPHAEDIT,21,6,RS,99,100,0.99
BASE_ALPHAEDIT,21,7,RS,99,100,0.99
BASE_ALPHAEDIT,21,8,RS,100,100,1.0
BASE_ALPHAEDIT,21,9,RS,100,100,1.0
BASE_ALPHAEDIT,21,10,RS,98,100,0.98
BASE_ALPHAEDIT,21,11,RS,100,100,1.0
BASE_ALPHAEDIT,21,12,RS,100,100,1.0
BASE_ALPHAEDIT,21,13,RS,100,100,1.0
BASE_ALPHAEDIT,21,14,RS,99,100,0.99
BASE_ALPHAEDIT,21,15,RS,100,100,1.0
BASE_ALPHAEDIT,21,16,RS,100,100,1.0
BASE_ALPHAEDIT,21,17,RS,100,100,1.0
BASE_ALPHAEDIT,21,18,RS,100,100,1.0
BASE_ALPHAEDIT,21,19,RS,100,100,1.0
BASE_ALPHAEDIT,21,20,RS,100,100,1.0
BASE_ALPHAEDIT,21,21,RS,100,100,1.0
BASE_ALPHAEDIT,22,1,RS,97,100,0.97
BASE_ALPHAEDIT,22,2,RS,95,100,0.95
BASE_ALPHAEDIT,22,3,RS,95,100,0.95
BASE_ALPHAEDIT,22,4,RS,100,100,1.0
BASE_ALPHAEDIT,22,5,RS,99,100,0.99
BASE_ALPHAEDIT,22,6,RS,99,100,0.99
BASE_ALPHAEDIT,22,7,RS,100,100,1.0
BASE_ALPHAEDIT,22,8,RS,100,100,1.0
BASE_ALPHAEDIT,22,9,RS,100,100,1.0
BASE_ALPHAEDIT,22,10,RS,99,100,0.99
BASE_ALPHAEDIT,22,11,RS,100,100,1.0
BASE_ALPHAEDIT,22,12,RS,100,100,1.0
BASE_ALPHAEDIT,22,13,RS,100,100,1.0
BASE_ALPHAEDIT,22,14,RS,99,100,0.99
BASE_ALPHAEDIT,22,15,RS,100,100,1.0
BASE_ALPHAEDIT,22,16,RS,100,100,1.0
BASE_ALPHAEDIT,22,17,RS,100,100,1.0
BASE_ALPHAEDIT,22,18,RS,100,100,1.0
BASE_ALPHAEDIT,22,19,RS,100,100,1.0
BASE_ALPHAEDIT,22,20,RS,100,100,1.0
BASE_ALPHAEDIT,22,21,RS,100,100,1.0
BASE_ALPHAEDIT,22,22,RS,100,100,1.0
BASE_ALPHAEDIT,23,1,RS,97,100,0.97
BASE_ALPHAEDIT,23,2,RS,95,100,0.95
BASE_ALPHAEDIT,23,3,RS,96,100,0.96
BASE_ALPHAEDIT,23,4,RS,100,100,1.0
BASE_ALPHAEDIT,23,5,RS,99,100,0.99
BASE_ALPHAEDIT,23,6,RS,98,100,0.98
BASE_ALPHAEDIT,23,7,RS,99,100,0.99
BASE_ALPHAEDIT,23,8,RS,100,100,1.0
BASE_ALPHAEDIT,23,9,RS,100,100,1.0
BASE_ALPHAEDIT,23,10,RS,98,100,0.98
BASE_ALPHAEDIT,23,11,RS,100,100,1.0
BASE_ALPHAEDIT,23,12,RS,100,100,1.0
BASE_ALPHAEDIT,23,13,RS,100,100,1.0
BASE_ALPHAEDIT,23,14,RS,99,100,0.99
BASE_ALPHAEDIT,23,15,RS,100,100,1.0
BASE_ALPHAEDIT,23,16,RS,100,100,1.0
BASE_ALPHAEDIT,23,17,RS,100,100,1.0
BASE_ALPHAEDIT,23,18,RS,99,100,0.99
BASE_ALPHAEDIT,23,19,RS,100,100,1.0
BASE_ALPHAEDIT,23,20,RS,100,100,1.0
BASE_ALPHAEDIT,23,21,RS,100,100,1.0
BASE_ALPHAEDIT,23,22,RS,100,100,1.0
BASE_ALPHAEDIT,23,23,RS,100,100,1.0
BASE_ALPHAEDIT,24,1,RS,96,100,0.96
BASE_ALPHAEDIT,24,2,RS,93,100,0.93
BASE_ALPHAEDIT,24,3,RS,96,100,0.96
BASE_ALPHAEDIT,24,4,RS,99,100,0.99
BASE_ALPHAEDIT,24,5,RS,99,100,0.99
BASE_ALPHAEDIT,24,6,RS,98,100,0.98
BASE_ALPHAEDIT,24,7,RS,99,100,0.99
BASE_ALPHAEDIT,24,8,RS,100,100,1.0
BASE_ALPHAEDIT,24,9,RS,100,100,1.0
BASE_ALPHAEDIT,24,10,RS,97,100,0.97
BASE_ALPHAEDIT,24,11,RS,100,100,1.0
BASE_ALPHAEDIT,24,12,RS,100,100,1.0
BASE_ALPHAEDIT,24,13,RS,100,100,1.0
BASE_ALPHAEDIT,24,14,RS,99,100,0.99
BASE_ALPHAEDIT,24,15,RS,100,100,1.0
BASE_ALPHAEDIT,24,16,RS,100,100,1.0
BASE_ALPHAEDIT,24,17,RS,100,100,1.0
BASE_ALPHAEDIT,24,18,RS,100,100,1.0
BASE_ALPHAEDIT,24,19,RS,100,100,1.0
BASE_ALPHAEDIT,24,20,RS,100,100,1.0
BASE_ALPHAEDIT,24,21,RS,100,100,1.0
BASE_ALPHAEDIT,24,22,RS,100,100,1.0
BASE_ALPHAEDIT,24,23,RS,100,100,1.0
BASE_ALPHAEDIT,24,24,RS,100,100,1.0
BASE_ALPHAEDIT,25,1,RS,96,100,0.96
BASE_ALPHAEDIT,25,2,RS,92,100,0.92
BASE_ALPHAEDIT,25,3,RS,97,100,0.97
BASE_ALPHAEDIT,25,4,RS,98,100,0.98
BASE_ALPHAEDIT,25,5,RS,99,100,0.99
BASE_ALPHAEDIT,25,6,RS,98,100,0.98
BASE_ALPHAEDIT,25,7,RS,99,100,0.99
BASE_ALPHAEDIT,25,8,RS,100,100,1.0
BASE_ALPHAEDIT,25,9,RS,100,100,1.0
BASE_ALPHAEDIT,25,10,RS,97,100,0.97
BASE_ALPHAEDIT,25,11,RS,100,100,1.0
BASE_ALPHAEDIT,25,12,RS,99,100,0.99
BASE_ALPHAEDIT,25,13,RS,100,100,1.0
BASE_ALPHAEDIT,25,14,RS,99,100,0.99
BASE_ALPHAEDIT,25,15,RS,100,100,1.0
BASE_ALPHAEDIT,25,16,RS,100,100,1.0
BASE_ALPHAEDIT,25,17,RS,100,100,1.0
BASE_ALPHAEDIT,25,18,RS,100,100,1.0
BASE_ALPHAEDIT,25,19,RS,100,100,1.0
BASE_ALPHAEDIT,25,20,RS,100,100,1.0
BASE_ALPHAEDIT,25,21,RS,100,100,1.0
BASE_ALPHAEDIT,25,22,RS,100,100,1.0
BASE_ALPHAEDIT,25,23,RS,100,100,1.0
BASE_ALPHAEDIT,25,24,RS,100,100,1.0
BASE_ALPHAEDIT,25,25,RS,100,100,1.0
BASE_ALPHAEDIT,26,1,RS,96,100,0.96
BASE_ALPHAEDIT,26,2,RS,92,100,0.92
BASE_ALPHAEDIT,26,3,RS,96,100,0.96
BASE_ALPHAEDIT,26,4,RS,98,100,0.98
BASE_ALPHAEDIT,26,5,RS,99,100,0.99
BASE_ALPHAEDIT,26,6,RS,99,100,0.99
BASE_ALPHAEDIT,26,7,RS,99,100,0.99
BASE_ALPHAEDIT,26,8,RS,100,100,1.0
BASE_ALPHAEDIT,26,9,RS,100,100,1.0
BASE_ALPHAEDIT,26,10,RS,97,100,0.97
BASE_ALPHAEDIT,26,11,RS,100,100,1.0
BASE_ALPHAEDIT,26,12,RS,99,100,0.99
BASE_ALPHAEDIT,26,13,RS,100,100,1.0
BASE_ALPHAEDIT,26,14,RS,99,100,0.99
BASE_ALPHAEDIT,26,15,RS,100,100,1.0
BASE_ALPHAEDIT,26,16,RS,100,100,1.0
BASE_ALPHAEDIT,26,17,RS,100,100,1.0
BASE_ALPHAEDIT,26,18,RS,100,100,1.0
BASE_ALPHAEDIT,26,19,RS,100,100,1.0
BASE_ALPHAEDIT,26,20,RS,100,100,1.0
BASE_ALPHAEDIT,26,21,RS,100,100,1.0
BASE_ALPHAEDIT,26,22,RS,100,100,1.0
BASE_ALPHAEDIT,26,23,RS,100,100,1.0
BASE_ALPHAEDIT,26,24,RS,100,100,1.0
BASE_ALPHAEDIT,26,25,RS,100,100,1.0
BASE_ALPHAEDIT,26,26,RS,100,100,1.0
BASE_ALPHAEDIT,27,1,RS,96,100,0.96
BASE_ALPHAEDIT,27,2,RS,91,100,0.91
BASE_ALPHAEDIT,27,3,RS,97,100,0.97
BASE_ALPHAEDIT,27,4,RS,99,100,0.99
BASE_ALPHAEDIT,27,5,RS,99,100,0.99
BASE_ALPHAEDIT,27,6,RS,98,100,0.98
BASE_ALPHAEDIT,27,7,RS,98,100,0.98
BASE_ALPHAEDIT,27,8,RS,100,100,1.0
BASE_ALPHAEDIT,27,9,RS,100,100,1.0
BASE_ALPHAEDIT,27,10,RS,99,100,0.99
BASE_ALPHAEDIT,27,11,RS,100,100,1.0
BASE_ALPHAEDIT,27,12,RS,99,100,0.99
BASE_ALPHAEDIT,27,13,RS,100,100,1.0
BASE_ALPHAEDIT,27,14,RS,99,100,0.99
BASE_ALPHAEDIT,27,15,RS,100,100,1.0
BASE_ALPHAEDIT,27,16,RS,100,100,1.0
BASE_ALPHAEDIT,27,17,RS,100,100,1.0
BASE_ALPHAEDIT,27,18,RS,100,100,1.0
BASE_ALPHAEDIT,27,19,RS,100,100,1.0
BASE_ALPHAEDIT,27,20,RS,100,100,1.0
BASE_ALPHAEDIT,27,21,RS,100,100,1.0
BASE_ALPHAEDIT,27,22,RS,100,100,1.0
BASE_ALPHAEDIT,27,23,RS,100,100,1.0
BASE_ALPHAEDIT,27,24,RS,100,100,1.0
BASE_ALPHAEDIT,27,25,RS,100,100,1.0
BASE_ALPHAEDIT,27,26,RS,100,100,1.0
BASE_ALPHAEDIT,27,27,RS,100,100,1.0
BASE_ALPHAEDIT,28,1,RS,96,100,0.96
BASE_ALPHAEDIT,28,2,RS,90,100,0.9
BASE_ALPHAEDIT,28,3,RS,97,100,0.97
BASE_ALPHAEDIT,28,4,RS,99,100,0.99
BASE_ALPHAEDIT,28,5,RS,99,100,0.99
BASE_ALPHAEDIT,28,6,RS,98,100,0.98
BASE_ALPHAEDIT,28,7,RS,98,100,0.98
BASE_ALPHAEDIT,28,8,RS,100,100,1.0
BASE_ALPHAEDIT,28,9,RS,100,100,1.0
BASE_ALPHAEDIT,28,10,RS,97,100,0.97
BASE_ALPHAEDIT,28,11,RS,100,100,1.0
BASE_ALPHAEDIT,28,12,RS,99,100,0.99
BASE_ALPHAEDIT,28,13,RS,100,100,1.0
BASE_ALPHAEDIT,28,14,RS,99,100,0.99
BASE_ALPHAEDIT,28,15,RS,100,100,1.0
BASE_ALPHAEDIT,28,16,RS,100,100,1.0
BASE_ALPHAEDIT,28,17,RS,100,100,1.0
BASE_ALPHAEDIT,28,18,RS,100,100,1.0
BASE_ALPHAEDIT,28,19,RS,100,100,1.0
BASE_ALPHAEDIT,28,20,RS,100,100,1.0
BASE_ALPHAEDIT,28,21,RS,100,100,1.0
BASE_ALPHAEDIT,28,22,RS,100,100,1.0
BASE_ALPHAEDIT,28,23,RS,100,100,1.0
BASE_ALPHAEDIT,28,24,RS,100,100,1.0
BASE_ALPHAEDIT,28,25,RS,100,100,1.0
BASE_ALPHAEDIT,28,26,RS,100,100,1.0
BASE_ALPHAEDIT,28,27,RS,100,100,1.0
BASE_ALPHAEDIT,28,28,RS,100,100,1.0
BASE_ALPHAEDIT,29,1,RS,94,100,0.94
BASE_ALPHAEDIT,29,2,RS,90,100,0.9
BASE_ALPHAEDIT,29,3,RS,97,100,0.97
BASE_ALPHAEDIT,29,4,RS,99,100,0.99
BASE_ALPHAEDIT,29,5,RS,99,100,0.99
BASE_ALPHAEDIT,29,6,RS,97,100,0.97
BASE_ALPHAEDIT,29,7,RS,99,100,0.99
BASE_ALPHAEDIT,29,8,RS,100,100,1.0
BASE_ALPHAEDIT,29,9,RS,100,100,1.0
BASE_ALPHAEDIT,29,10,RS,97,100,0.97
BASE_ALPHAEDIT,29,11,RS,99,100,0.99
BASE_ALPHAEDIT,29,12,RS,99,100,0.99
BASE_ALPHAEDIT,29,13,RS,100,100,1.0
BASE_ALPHAEDIT,29,14,RS,99,100,0.99
BASE_ALPHAEDIT,29,15,RS,100,100,1.0
BASE_ALPHAEDIT,29,16,RS,100,100,1.0
BASE_ALPHAEDIT,29,17,RS,100,100,1.0
BASE_ALPHAEDIT,29,18,RS,100,100,1.0
BASE_ALPHAEDIT,29,19,RS,100,100,1.0
BASE_ALPHAEDIT,29,20,RS,100,100,1.0
BASE_ALPHAEDIT,29,21,RS,100,100,1.0
BASE_ALPHAEDIT,29,22,RS,100,100,1.0
BASE_ALPHAEDIT,29,23,RS,100,100,1.0
BASE_ALPHAEDIT,29,24,RS,100,100,1.0
BASE_ALPHAEDIT,29,25,RS,100,100,1.0
BASE_ALPHAEDIT,29,26,RS,100,100,1.0
BASE_ALPHAEDIT,29,27,RS,100,100,1.0
BASE_ALPHAEDIT,29,28,RS,100,100,1.0
BASE_ALPHAEDIT,29,29,RS,100,100,1.0
BASE_ALPHAEDIT,30,1,RS,94,100,0.94
BASE_ALPHAEDIT,30,2,RS,88,100,0.88
BASE_ALPHAEDIT,30,3,RS,95,100,0.95
BASE_ALPHAEDIT,30,4,RS,99,100,0.99
BASE_ALPHAEDIT,30,5,RS,98,100,0.98
BASE_ALPHAEDIT,30,6,RS,97,100,0.97
BASE_ALPHAEDIT,30,7,RS,100,100,1.0
BASE_ALPHAEDIT,30,8,RS,100,100,1.0
BASE_ALPHAEDIT,30,9,RS,100,100,1.0
BASE_ALPHAEDIT,30,10,RS,98,100,0.98
BASE_ALPHAEDIT,30,11,RS,99,100,0.99
BASE_ALPHAEDIT,30,12,RS,99,100,0.99
BASE_ALPHAEDIT,30,13,RS,100,100,1.0
BASE_ALPHAEDIT,30,14,RS,99,100,0.99
BASE_ALPHAEDIT,30,15,RS,100,100,1.0
BASE_ALPHAEDIT,30,16,RS,100,100,1.0
BASE_ALPHAEDIT,30,17,RS,100,100,1.0
BASE_ALPHAEDIT,30,18,RS,99,100,0.99
BASE_ALPHAEDIT,30,19,RS,99,100,0.99
BASE_ALPHAEDIT,30,20,RS,100,100,1.0
BASE_ALPHAEDIT,30,21,RS,100,100,1.0
BASE_ALPHAEDIT,30,22,RS,100,100,1.0
BASE_ALPHAEDIT,30,23,RS,100,100,1.0
BASE_ALPHAEDIT,30,24,RS,100,100,1.0
BASE_ALPHAEDIT,30,25,RS,100,100,1.0
BASE_ALPHAEDIT,30,26,RS,100,100,1.0
BASE_ALPHAEDIT,30,27,RS,100,100,1.0
BASE_ALPHAEDIT,30,28,RS,100,100,1.0
BASE_ALPHAEDIT,30,29,RS,100,100,1.0
BASE_ALPHAEDIT,30,30,RS,100,100,1.0
BASE_ALPHAEDIT,31,1,RS,93,100,0.93
BASE_ALPHAEDIT,31,2,RS,87,100,0.87
BASE_ALPHAEDIT,31,3,RS,96,100,0.96
BASE_ALPHAEDIT,31,4,RS,99,100,0.99
BASE_ALPHAEDIT,31,5,RS,98,100,0.98
BASE_ALPHAEDIT,31,6,RS,97,100,0.97
BASE_ALPHAEDIT,31,7,RS,100,100,1.0
BASE_ALPHAEDIT,31,8,RS,99,100,0.99
BASE_ALPHAEDIT,31,9,RS,99,100,0.99
BASE_ALPHAEDIT,31,10,RS,98,100,0.98
BASE_ALPHAEDIT,31,11,RS,100,100,1.0
BASE_ALPHAEDIT,31,12,RS,98,100,0.98
BASE_ALPHAEDIT,31,13,RS,100,100,1.0
BASE_ALPHAEDIT,31,14,RS,99,100,0.99
BASE_ALPHAEDIT,31,15,RS,100,100,1.0
BASE_ALPHAEDIT,31,16,RS,100,100,1.0
BASE_ALPHAEDIT,31,17,RS,100,100,1.0
BASE_ALPHAEDIT,31,18,RS,100,100,1.0
BASE_ALPHAEDIT,31,19,RS,99,100,0.99
BASE_ALPHAEDIT,31,20,RS,100,100,1.0
BASE_ALPHAEDIT,31,21,RS,100,100,1.0
BASE_ALPHAEDIT,31,22,RS,100,100,1.0
BASE_ALPHAEDIT,31,23,RS,100,100,1.0
BASE_ALPHAEDIT,31,24,RS,100,100,1.0
BASE_ALPHAEDIT,31,25,RS,100,100,1.0
BASE_ALPHAEDIT,31,26,RS,100,100,1.0
BASE_ALPHAEDIT,31,27,RS,100,100,1.0
BASE_ALPHAEDIT,31,28,RS,100,100,1.0
BASE_ALPHAEDIT,31,29,RS,100,100,1.0
BASE_ALPHAEDIT,31,30,RS,100,100,1.0
BASE_ALPHAEDIT,31,31,RS,100,100,1.0
BASE_ALPHAEDIT,32,1,RS,94,100,0.94
BASE_ALPHAEDIT,32,2,RS,87,100,0.87
BASE_ALPHAEDIT,32,3,RS,95,100,0.95
BASE_ALPHAEDIT,32,4,RS,99,100,0.99
BASE_ALPHAEDIT,32,5,RS,97,100,0.97
BASE_ALPHAEDIT,32,6,RS,97,100,0.97
BASE_ALPHAEDIT,32,7,RS,99,100,0.99
BASE_ALPHAEDIT,32,8,RS,99,100,0.99
BASE_ALPHAEDIT,32,9,RS,99,100,0.99
BASE_ALPHAEDIT,32,10,RS,98,100,0.98
BASE_ALPHAEDIT,32,11,RS,100,100,1.0
BASE_ALPHAEDIT,32,12,RS,98,100,0.98
BASE_ALPHAEDIT,32,13,RS,100,100,1.0
BASE_ALPHAEDIT,32,14,RS,99,100,0.99
BASE_ALPHAEDIT,32,15,RS,100,100,1.0
BASE_ALPHAEDIT,32,16,RS,100,100,1.0
BASE_ALPHAEDIT,32,17,RS,100,100,1.0
BASE_ALPHAEDIT,32,18,RS,99,100,0.99
BASE_ALPHAEDIT,32,19,RS,99,100,0.99
BASE_ALPHAEDIT,32,20,RS,100,100,1.0
BASE_ALPHAEDIT,32,21,RS,100,100,1.0
BASE_ALPHAEDIT,32,22,RS,100,100,1.0
BASE_ALPHAEDIT,32,23,RS,100,100,1.0
BASE_ALPHAEDIT,32,24,RS,100,100,1.0
BASE_ALPHAEDIT,32,25,RS,100,100,1.0
BASE_ALPHAEDIT,32,26,RS,100,100,1.0
BASE_ALPHAEDIT,32,27,RS,100,100,1.0
BASE_ALPHAEDIT,32,28,RS,100,100,1.0
BASE_ALPHAEDIT,32,29,RS,100,100,1.0
BASE_ALPHAEDIT,32,30,RS,100,100,1.0
BASE_ALPHAEDIT,32,31,RS,100,100,1.0
BASE_ALPHAEDIT,32,32,RS,100,100,1.0
BASE_ALPHAEDIT,33,1,RS,94,100,0.94
BASE_ALPHAEDIT,33,2,RS,85,100,0.85
BASE_ALPHAEDIT,33,3,RS,96,100,0.96
BASE_ALPHAEDIT,33,4,RS,98,100,0.98
BASE_ALPHAEDIT,33,5,RS,97,100,0.97
BASE_ALPHAEDIT,33,6,RS,97,100,0.97
BASE_ALPHAEDIT,33,7,RS,99,100,0.99
BASE_ALPHAEDIT,33,8,RS,100,100,1.0
BASE_ALPHAEDIT,33,9,RS,100,100,1.0
BASE_ALPHAEDIT,33,10,RS,98,100,0.98
BASE_ALPHAEDIT,33,11,RS,100,100,1.0
BASE_ALPHAEDIT,33,12,RS,97,100,0.97
BASE_ALPHAEDIT,33,13,RS,100,100,1.0
BASE_ALPHAEDIT,33,14,RS,99,100,0.99
BASE_ALPHAEDIT,33,15,RS,100,100,1.0
BASE_ALPHAEDIT,33,16,RS,100,100,1.0
BASE_ALPHAEDIT,33,17,RS,100,100,1.0
BASE_ALPHAEDIT,33,18,RS,99,100,0.99
BASE_ALPHAEDIT,33,19,RS,99,100,0.99
BASE_ALPHAEDIT,33,20,RS,100,100,1.0
BASE_ALPHAEDIT,33,21,RS,100,100,1.0
BASE_ALPHAEDIT,33,22,RS,100,100,1.0
BASE_ALPHAEDIT,33,23,RS,100,100,1.0
BASE_ALPHAEDIT,33,24,RS,100,100,1.0
BASE_ALPHAEDIT,33,25,RS,100,100,1.0
BASE_ALPHAEDIT,33,26,RS,100,100,1.0
BASE_ALPHAEDIT,33,27,RS,100,100,1.0
BASE_ALPHAEDIT,33,28,RS,100,100,1.0
BASE_ALPHAEDIT,33,29,RS,99,100,0.99
BASE_ALPHAEDIT,33,30,RS,100,100,1.0
BASE_ALPHAEDIT,33,31,RS,100,100,1.0
BASE_ALPHAEDIT,33,32,RS,100,100,1.0
BASE_ALPHAEDIT,33,33,RS,100,100,1.0
BASE_ALPHAEDIT,34,1,RS,92,100,0.92
BASE_ALPHAEDIT,34,2,RS,84,100,0.84
BASE_ALPHAEDIT,34,3,RS,96,100,0.96
BASE_ALPHAEDIT,34,4,RS,99,100,0.99
BASE_ALPHAEDIT,34,5,RS,97,100,0.97
BASE_ALPHAEDIT,34,6,RS,97,100,0.97
BASE_ALPHAEDIT,34,7,RS,99,100,0.99
BASE_ALPHAEDIT,34,8,RS,100,100,1.0
BASE_ALPHAEDIT,34,9,RS,99,100,0.99
BASE_ALPHAEDIT,34,10,RS,98,100,0.98
BASE_ALPHAEDIT,34,11,RS,100,100,1.0
BASE_ALPHAEDIT,34,12,RS,97,100,0.97
BASE_ALPHAEDIT,34,13,RS,100,100,1.0
BASE_ALPHAEDIT,34,14,RS,99,100,0.99
BASE_ALPHAEDIT,34,15,RS,100,100,1.0
BASE_ALPHAEDIT,34,16,RS,100,100,1.0
BASE_ALPHAEDIT,34,17,RS,100,100,1.0
BASE_ALPHAEDIT,34,18,RS,99,100,0.99
BASE_ALPHAEDIT,34,19,RS,99,100,0.99
BASE_ALPHAEDIT,34,20,RS,100,100,1.0
BASE_ALPHAEDIT,34,21,RS,100,100,1.0
BASE_ALPHAEDIT,34,22,RS,100,100,1.0
BASE_ALPHAEDIT,34,23,RS,100,100,1.0
BASE_ALPHAEDIT,34,24,RS,100,100,1.0
BASE_ALPHAEDIT,34,25,RS,100,100,1.0
BASE_ALPHAEDIT,34,26,RS,100,100,1.0
BASE_ALPHAEDIT,34,27,RS,100,100,1.0
BASE_ALPHAEDIT,34,28,RS,100,100,1.0
BASE_ALPHAEDIT,34,29,RS,99,100,0.99
BASE_ALPHAEDIT,34,30,RS,100,100,1.0
BASE_ALPHAEDIT,34,31,RS,100,100,1.0
BASE_ALPHAEDIT,34,32,RS,100,100,1.0
BASE_ALPHAEDIT,34,33,RS,100,100,1.0
BASE_ALPHAEDIT,34,34,RS,100,100,1.0
BASE_ALPHAEDIT,35,1,RS,91,100,0.91
BASE_ALPHAEDIT,35,2,RS,86,100,0.86
BASE_ALPHAEDIT,35,3,RS,96,100,0.96
BASE_ALPHAEDIT,35,4,RS,99,100,0.99
BASE_ALPHAEDIT,35,5,RS,97,100,0.97
BASE_ALPHAEDIT,35,6,RS,97,100,0.97
BASE_ALPHAEDIT,35,7,RS,98,100,0.98
BASE_ALPHAEDIT,35,8,RS,100,100,1.0
BASE_ALPHAEDIT,35,9,RS,99,100,0.99
BASE_ALPHAEDIT,35,10,RS,98,100,0.98
BASE_ALPHAEDIT,35,11,RS,99,100,0.99
BASE_ALPHAEDIT,35,12,RS,97,100,0.97
BASE_ALPHAEDIT,35,13,RS,100,100,1.0
BASE_ALPHAEDIT,35,14,RS,99,100,0.99
BASE_ALPHAEDIT,35,15,RS,100,100,1.0
BASE_ALPHAEDIT,35,16,RS,100,100,1.0
BASE_ALPHAEDIT,35,17,RS,100,100,1.0
BASE_ALPHAEDIT,35,18,RS,99,100,0.99
BASE_ALPHAEDIT,35,19,RS,99,100,0.99
BASE_ALPHAEDIT,35,20,RS,100,100,1.0
BASE_ALPHAEDIT,35,21,RS,100,100,1.0
BASE_ALPHAEDIT,35,22,RS,100,100,1.0
BASE_ALPHAEDIT,35,23,RS,100,100,1.0
BASE_ALPHAEDIT,35,24,RS,100,100,1.0
BASE_ALPHAEDIT,35,25,RS,100,100,1.0
BASE_ALPHAEDIT,35,26,RS,100,100,1.0
BASE_ALPHAEDIT,35,27,RS,100,100,1.0
BASE_ALPHAEDIT,35,28,RS,100,100,1.0
BASE_ALPHAEDIT,35,29,RS,99,100,0.99
BASE_ALPHAEDIT,35,30,RS,100,100,1.0
BASE_ALPHAEDIT,35,31,RS,100,100,1.0
BASE_ALPHAEDIT,35,32,RS,100,100,1.0
BASE_ALPHAEDIT,35,33,RS,100,100,1.0
BASE_ALPHAEDIT,35,34,RS,100,100,1.0
BASE_ALPHAEDIT,35,35,RS,100,100,1.0
BASE_ALPHAEDIT,36,1,RS,92,100,0.92
BASE_ALPHAEDIT,36,2,RS,86,100,0.86
BASE_ALPHAEDIT,36,3,RS,95,100,0.95
BASE_ALPHAEDIT,36,4,RS,99,100,0.99
BASE_ALPHAEDIT,36,5,RS,97,100,0.97
BASE_ALPHAEDIT,36,6,RS,96,100,0.96
BASE_ALPHAEDIT,36,7,RS,98,100,0.98
BASE_ALPHAEDIT,36,8,RS,100,100,1.0
BASE_ALPHAEDIT,36,9,RS,100,100,1.0
BASE_ALPHAEDIT,36,10,RS,98,100,0.98
BASE_ALPHAEDIT,36,11,RS,99,100,0.99
BASE_ALPHAEDIT,36,12,RS,97,100,0.97
BASE_ALPHAEDIT,36,13,RS,100,100,1.0
BASE_ALPHAEDIT,36,14,RS,99,100,0.99
BASE_ALPHAEDIT,36,15,RS,99,100,0.99
BASE_ALPHAEDIT,36,16,RS,100,100,1.0
BASE_ALPHAEDIT,36,17,RS,100,100,1.0
BASE_ALPHAEDIT,36,18,RS,99,100,0.99
BASE_ALPHAEDIT,36,19,RS,99,100,0.99
BASE_ALPHAEDIT,36,20,RS,100,100,1.0
BASE_ALPHAEDIT,36,21,RS,100,100,1.0
BASE_ALPHAEDIT,36,22,RS,100,100,1.0
BASE_ALPHAEDIT,36,23,RS,100,100,1.0
BASE_ALPHAEDIT,36,24,RS,100,100,1.0
BASE_ALPHAEDIT,36,25,RS,100,100,1.0
BASE_ALPHAEDIT,36,26,RS,100,100,1.0
BASE_ALPHAEDIT,36,27,RS,100,100,1.0
BASE_ALPHAEDIT,36,28,RS,99,100,0.99
BASE_ALPHAEDIT,36,29,RS,99,100,0.99
BASE_ALPHAEDIT,36,30,RS,100,100,1.0
BASE_ALPHAEDIT,36,31,RS,100,100,1.0
BASE_ALPHAEDIT,36,32,RS,100,100,1.0
BASE_ALPHAEDIT,36,33,RS,100,100,1.0
BASE_ALPHAEDIT,36,34,RS,100,100,1.0
BASE_ALPHAEDIT,36,35,RS,100,100,1.0
BASE_ALPHAEDIT,36,36,RS,100,100,1.0
BASE_ALPHAEDIT,37,1,RS,93,100,0.93
BASE_ALPHAEDIT,37,2,RS,86,100,0.86
BASE_ALPHAEDIT,37,3,RS,95,100,0.95
BASE_ALPHAEDIT,37,4,RS,98,100,0.98
BASE_ALPHAEDIT,37,5,RS,97,100,0.97
BASE_ALPHAEDIT,37,6,RS,95,100,0.95
BASE_ALPHAEDIT,37,7,RS,98,100,0.98
BASE_ALPHAEDIT,37,8,RS,99,100,0.99
BASE_ALPHAEDIT,37,9,RS,99,100,0.99
BASE_ALPHAEDIT,37,10,RS,98,100,0.98
BASE_ALPHAEDIT,37,11,RS,99,100,0.99
BASE_ALPHAEDIT,37,12,RS,97,100,0.97
BASE_ALPHAEDIT,37,13,RS,100,100,1.0
BASE_ALPHAEDIT,37,14,RS,99,100,0.99
BASE_ALPHAEDIT,37,15,RS,99,100,0.99
BASE_ALPHAEDIT,37,16,RS,100,100,1.0
BASE_ALPHAEDIT,37,17,RS,100,100,1.0
BASE_ALPHAEDIT,37,18,RS,99,100,0.99
BASE_ALPHAEDIT,37,19,RS,99,100,0.99
BASE_ALPHAEDIT,37,20,RS,100,100,1.0
BASE_ALPHAEDIT,37,21,RS,100,100,1.0
BASE_ALPHAEDIT,37,22,RS,100,100,1.0
BASE_ALPHAEDIT,37,23,RS,100,100,1.0
BASE_ALPHAEDIT,37,24,RS,100,100,1.0
BASE_ALPHAEDIT,37,25,RS,100,100,1.0
BASE_ALPHAEDIT,37,26,RS,100,100,1.0
BASE_ALPHAEDIT,37,27,RS,100,100,1.0
BASE_ALPHAEDIT,37,28,RS,100,100,1.0
BASE_ALPHAEDIT,37,29,RS,99,100,0.99
BASE_ALPHAEDIT,37,30,RS,100,100,1.0
BASE_ALPHAEDIT,37,31,RS,100,100,1.0
BASE_ALPHAEDIT,37,32,RS,100,100,1.0
BASE_ALPHAEDIT,37,33,RS,100,100,1.0
BASE_ALPHAEDIT,37,34,RS,100,100,1.0
BASE_ALPHAEDIT,37,35,RS,100,100,1.0
BASE_ALPHAEDIT,37,36,RS,100,100,1.0
BASE_ALPHAEDIT,37,37,RS,100,100,1.0
BASE_ALPHAEDIT,38,1,RS,92,100,0.92
BASE_ALPHAEDIT,38,2,RS,84,100,0.84
BASE_ALPHAEDIT,38,3,RS,94,100,0.94
BASE_ALPHAEDIT,38,4,RS,98,100,0.98
BASE_ALPHAEDIT,38,5,RS,97,100,0.97
BASE_ALPHAEDIT,38,6,RS,96,100,0.96
BASE_ALPHAEDIT,38,7,RS,97,100,0.97
BASE_ALPHAEDIT,38,8,RS,99,100,0.99
BASE_ALPHAEDIT,38,9,RS,99,100,0.99
BASE_ALPHAEDIT,38,10,RS,98,100,0.98
BASE_ALPHAEDIT,38,11,RS,99,100,0.99
BASE_ALPHAEDIT,38,12,RS,97,100,0.97
BASE_ALPHAEDIT,38,13,RS,99,100,0.99
BASE_ALPHAEDIT,38,14,RS,99,100,0.99
BASE_ALPHAEDIT,38,15,RS,99,100,0.99
BASE_ALPHAEDIT,38,16,RS,99,100,0.99
BASE_ALPHAEDIT,38,17,RS,98,100,0.98
BASE_ALPHAEDIT,38,18,RS,99,100,0.99
BASE_ALPHAEDIT,38,19,RS,99,100,0.99
BASE_ALPHAEDIT,38,20,RS,100,100,1.0
BASE_ALPHAEDIT,38,21,RS,100,100,1.0
BASE_ALPHAEDIT,38,22,RS,100,100,1.0
BASE_ALPHAEDIT,38,23,RS,100,100,1.0
BASE_ALPHAEDIT,38,24,RS,100,100,1.0
BASE_ALPHAEDIT,38,25,RS,100,100,1.0
BASE_ALPHAEDIT,38,26,RS,100,100,1.0
BASE_ALPHAEDIT,38,27,RS,100,100,1.0
BASE_ALPHAEDIT,38,28,RS,100,100,1.0
BASE_ALPHAEDIT,38,29,RS,99,100,0.99
BASE_ALPHAEDIT,38,30,RS,100,100,1.0
BASE_ALPHAEDIT,38,31,RS,99,100,0.99
BASE_ALPHAEDIT,38,32,RS,100,100,1.0
BASE_ALPHAEDIT,38,33,RS,100,100,1.0
BASE_ALPHAEDIT,38,34,RS,100,100,1.0
BASE_ALPHAEDIT,38,35,RS,100,100,1.0
BASE_ALPHAEDIT,38,36,RS,100,100,1.0
BASE_ALPHAEDIT,38,37,RS,100,100,1.0
BASE_ALPHAEDIT,38,38,RS,100,100,1.0
BASE_ALPHAEDIT,39,1,RS,91,100,0.91
BASE_ALPHAEDIT,39,2,RS,84,100,0.84
BASE_ALPHAEDIT,39,3,RS,95,100,0.95
BASE_ALPHAEDIT,39,4,RS,98,100,0.98
BASE_ALPHAEDIT,39,5,RS,97,100,0.97
BASE_ALPHAEDIT,39,6,RS,95,100,0.95
BASE_ALPHAEDIT,39,7,RS,96,100,0.96
BASE_ALPHAEDIT,39,8,RS,99,100,0.99
BASE_ALPHAEDIT,39,9,RS,99,100,0.99
BASE_ALPHAEDIT,39,10,RS,97,100,0.97
BASE_ALPHAEDIT,39,11,RS,98,100,0.98
BASE_ALPHAEDIT,39,12,RS,97,100,0.97
BASE_ALPHAEDIT,39,13,RS,99,100,0.99
BASE_ALPHAEDIT,39,14,RS,99,100,0.99
BASE_ALPHAEDIT,39,15,RS,98,100,0.98
BASE_ALPHAEDIT,39,16,RS,100,100,1.0
BASE_ALPHAEDIT,39,17,RS,98,100,0.98
BASE_ALPHAEDIT,39,18,RS,99,100,0.99
BASE_ALPHAEDIT,39,19,RS,99,100,0.99
BASE_ALPHAEDIT,39,20,RS,100,100,1.0
BASE_ALPHAEDIT,39,21,RS,100,100,1.0
BASE_ALPHAEDIT,39,22,RS,100,100,1.0
BASE_ALPHAEDIT,39,23,RS,100,100,1.0
BASE_ALPHAEDIT,39,24,RS,100,100,1.0
BASE_ALPHAEDIT,39,25,RS,100,100,1.0
BASE_ALPHAEDIT,39,26,RS,100,100,1.0
BASE_ALPHAEDIT,39,27,RS,99,100,0.99
BASE_ALPHAEDIT,39,28,RS,100,100,1.0
BASE_ALPHAEDIT,39,29,RS,99,100,0.99
BASE_ALPHAEDIT,39,30,RS,100,100,1.0
BASE_ALPHAEDIT,39,31,RS,99,100,0.99
BASE_ALPHAEDIT,39,32,RS,100,100,1.0
BASE_ALPHAEDIT,39,33,RS,100,100,1.0
BASE_ALPHAEDIT,39,34,RS,100,100,1.0
BASE_ALPHAEDIT,39,35,RS,100,100,1.0
BASE_ALPHAEDIT,39,36,RS,100,100,1.0
BASE_ALPHAEDIT,39,37,RS,100,100,1.0
BASE_ALPHAEDIT,39,38,RS,100,100,1.0
BASE_ALPHAEDIT,39,39,RS,100,100,1.0
BASE_ALPHAEDIT,40,1,RS,92,100,0.92
BASE_ALPHAEDIT,40,2,RS,83,100,0.83
BASE_ALPHAEDIT,40,3,RS,95,100,0.95
BASE_ALPHAEDIT,40,4,RS,97,100,0.97
BASE_ALPHAEDIT,40,5,RS,97,100,0.97
BASE_ALPHAEDIT,40,6,RS,94,100,0.94
BASE_ALPHAEDIT,40,7,RS,97,100,0.97
BASE_ALPHAEDIT,40,8,RS,99,100,0.99
BASE_ALPHAEDIT,40,9,RS,99,100,0.99
BASE_ALPHAEDIT,40,10,RS,96,100,0.96
BASE_ALPHAEDIT,40,11,RS,98,100,0.98
BASE_ALPHAEDIT,40,12,RS,97,100,0.97
BASE_ALPHAEDIT,40,13,RS,99,100,0.99
BASE_ALPHAEDIT,40,14,RS,99,100,0.99
BASE_ALPHAEDIT,40,15,RS,98,100,0.98
BASE_ALPHAEDIT,40,16,RS,100,100,1.0
BASE_ALPHAEDIT,40,17,RS,99,100,0.99
BASE_ALPHAEDIT,40,18,RS,99,100,0.99
BASE_ALPHAEDIT,40,19,RS,99,100,0.99
BASE_ALPHAEDIT,40,20,RS,100,100,1.0
BASE_ALPHAEDIT,40,21,RS,100,100,1.0
BASE_ALPHAEDIT,40,22,RS,100,100,1.0
BASE_ALPHAEDIT,40,23,RS,100,100,1.0
BASE_ALPHAEDIT,40,24,RS,100,100,1.0
BASE_ALPHAEDIT,40,25,RS,100,100,1.0
BASE_ALPHAEDIT,40,26,RS,100,100,1.0
BASE_ALPHAEDIT,40,27,RS,99,100,0.99
BASE_ALPHAEDIT,40,28,RS,100,100,1.0
BASE_ALPHAEDIT,40,29,RS,99,100,0.99
BASE_ALPHAEDIT,40,30,RS,100,100,1.0
BASE_ALPHAEDIT,40,31,RS,99,100,0.99
BASE_ALPHAEDIT,40,32,RS,100,100,1.0
BASE_ALPHAEDIT,40,33,RS,100,100,1.0
BASE_ALPHAEDIT,40,34,RS,100,100,1.0
BASE_ALPHAEDIT,40,35,RS,100,100,1.0
BASE_ALPHAEDIT,40,36,RS,100,100,1.0
BASE_ALPHAEDIT,40,37,RS,100,100,1.0
BASE_ALPHAEDIT,40,38,RS,100,100,1.0
BASE_ALPHAEDIT,40,39,RS,100,100,1.0
BASE_ALPHAEDIT,40,40,RS,100,100,1.0
BASE_ALPHAEDIT,41,1,RS,90,100,0.9
BASE_ALPHAEDIT,41,2,RS,82,100,0.82
BASE_ALPHAEDIT,41,3,RS,94,100,0.94
BASE_ALPHAEDIT,41,4,RS,97,100,0.97
BASE_ALPHAEDIT,41,5,RS,97,100,0.97
BASE_ALPHAEDIT,41,6,RS,95,100,0.95
BASE_ALPHAEDIT,41,7,RS,95,100,0.95
BASE_ALPHAEDIT,41,8,RS,99,100,0.99
BASE_ALPHAEDIT,41,9,RS,98,100,0.98
BASE_ALPHAEDIT,41,10,RS,97,100,0.97
BASE_ALPHAEDIT,41,11,RS,98,100,0.98
BASE_ALPHAEDIT,41,12,RS,96,100,0.96
BASE_ALPHAEDIT,41,13,RS,99,100,0.99
BASE_ALPHAEDIT,41,14,RS,99,100,0.99
BASE_ALPHAEDIT,41,15,RS,99,100,0.99
BASE_ALPHAEDIT,41,16,RS,100,100,1.0
BASE_ALPHAEDIT,41,17,RS,98,100,0.98
BASE_ALPHAEDIT,41,18,RS,99,100,0.99
BASE_ALPHAEDIT,41,19,RS,98,100,0.98
BASE_ALPHAEDIT,41,20,RS,100,100,1.0
BASE_ALPHAEDIT,41,21,RS,100,100,1.0
BASE_ALPHAEDIT,41,22,RS,100,100,1.0
BASE_ALPHAEDIT,41,23,RS,100,100,1.0
BASE_ALPHAEDIT,41,24,RS,99,100,0.99
BASE_ALPHAEDIT,41,25,RS,100,100,1.0
BASE_ALPHAEDIT,41,26,RS,100,100,1.0
BASE_ALPHAEDIT,41,27,RS,99,100,0.99
BASE_ALPHAEDIT,41,28,RS,100,100,1.0
BASE_ALPHAEDIT,41,29,RS,99,100,0.99
BASE_ALPHAEDIT,41,30,RS,100,100,1.0
BASE_ALPHAEDIT,41,31,RS,99,100,0.99
BASE_ALPHAEDIT,41,32,RS,100,100,1.0
BASE_ALPHAEDIT,41,33,RS,100,100,1.0
BASE_ALPHAEDIT,41,34,RS,100,100,1.0
BASE_ALPHAEDIT,41,35,RS,100,100,1.0
BASE_ALPHAEDIT,41,36,RS,100,100,1.0
BASE_ALPHAEDIT,41,37,RS,100,100,1.0
BASE_ALPHAEDIT,41,38,RS,100,100,1.0
BASE_ALPHAEDIT,41,39,RS,100,100,1.0
BASE_ALPHAEDIT,41,40,RS,100,100,1.0
BASE_ALPHAEDIT,41,41,RS,100,100,1.0
BASE_ALPHAEDIT,42,1,RS,87,100,0.87
BASE_ALPHAEDIT,42,2,RS,81,100,0.81
BASE_ALPHAEDIT,42,3,RS,93,100,0.93
BASE_ALPHAEDIT,42,4,RS,96,100,0.96
BASE_ALPHAEDIT,42,5,RS,97,100,0.97
BASE_ALPHAEDIT,42,6,RS,94,100,0.94
BASE_ALPHAEDIT,42,7,RS,94,100,0.94
BASE_ALPHAEDIT,42,8,RS,99,100,0.99
BASE_ALPHAEDIT,42,9,RS,98,100,0.98
BASE_ALPHAEDIT,42,10,RS,97,100,0.97
BASE_ALPHAEDIT,42,11,RS,98,100,0.98
BASE_ALPHAEDIT,42,12,RS,97,100,0.97
BASE_ALPHAEDIT,42,13,RS,99,100,0.99
BASE_ALPHAEDIT,42,14,RS,99,100,0.99
BASE_ALPHAEDIT,42,15,RS,98,100,0.98
BASE_ALPHAEDIT,42,16,RS,99,100,0.99
BASE_ALPHAEDIT,42,17,RS,98,100,0.98
BASE_ALPHAEDIT,42,18,RS,99,100,0.99
BASE_ALPHAEDIT,42,19,RS,99,100,0.99
BASE_ALPHAEDIT,42,20,RS,100,100,1.0
BASE_ALPHAEDIT,42,21,RS,100,100,1.0
BASE_ALPHAEDIT,42,22,RS,100,100,1.0
BASE_ALPHAEDIT,42,23,RS,100,100,1.0
BASE_ALPHAEDIT,42,24,RS,99,100,0.99
BASE_ALPHAEDIT,42,25,RS,100,100,1.0
BASE_ALPHAEDIT,42,26,RS,100,100,1.0
BASE_ALPHAEDIT,42,27,RS,99,100,0.99
BASE_ALPHAEDIT,42,28,RS,100,100,1.0
BASE_ALPHAEDIT,42,29,RS,99,100,0.99
BASE_ALPHAEDIT,42,30,RS,100,100,1.0
BASE_ALPHAEDIT,42,31,RS,99,100,0.99
BASE_ALPHAEDIT,42,32,RS,100,100,1.0
BASE_ALPHAEDIT,42,33,RS,100,100,1.0
BASE_ALPHAEDIT,42,34,RS,100,100,1.0
BASE_ALPHAEDIT,42,35,RS,100,100,1.0
BASE_ALPHAEDIT,42,36,RS,100,100,1.0
BASE_ALPHAEDIT,42,37,RS,100,100,1.0
BASE_ALPHAEDIT,42,38,RS,100,100,1.0
BASE_ALPHAEDIT,42,39,RS,100,100,1.0
BASE_ALPHAEDIT,42,40,RS,100,100,1.0
BASE_ALPHAEDIT,42,41,RS,100,100,1.0
BASE_ALPHAEDIT,42,42,RS,100,100,1.0
BASE_ALPHAEDIT,43,1,RS,86,100,0.86
BASE_ALPHAEDIT,43,2,RS,82,100,0.82
BASE_ALPHAEDIT,43,3,RS,94,100,0.94
BASE_ALPHAEDIT,43,4,RS,98,100,0.98
BASE_ALPHAEDIT,43,5,RS,96,100,0.96
BASE_ALPHAEDIT,43,6,RS,93,100,0.93
BASE_ALPHAEDIT,43,7,RS,93,100,0.93
BASE_ALPHAEDIT,43,8,RS,99,100,0.99
BASE_ALPHAEDIT,43,9,RS,97,100,0.97
BASE_ALPHAEDIT,43,10,RS,96,100,0.96
BASE_ALPHAEDIT,43,11,RS,97,100,0.97
BASE_ALPHAEDIT,43,12,RS,96,100,0.96
BASE_ALPHAEDIT,43,13,RS,99,100,0.99
BASE_ALPHAEDIT,43,14,RS,99,100,0.99
BASE_ALPHAEDIT,43,15,RS,98,100,0.98
BASE_ALPHAEDIT,43,16,RS,100,100,1.0
BASE_ALPHAEDIT,43,17,RS,98,100,0.98
BASE_ALPHAEDIT,43,18,RS,99,100,0.99
BASE_ALPHAEDIT,43,19,RS,98,100,0.98
BASE_ALPHAEDIT,43,20,RS,100,100,1.0
BASE_ALPHAEDIT,43,21,RS,100,100,1.0
BASE_ALPHAEDIT,43,22,RS,100,100,1.0
BASE_ALPHAEDIT,43,23,RS,100,100,1.0
BASE_ALPHAEDIT,43,24,RS,99,100,0.99
BASE_ALPHAEDIT,43,25,RS,100,100,1.0
BASE_ALPHAEDIT,43,26,RS,100,100,1.0
BASE_ALPHAEDIT,43,27,RS,99,100,0.99
BASE_ALPHAEDIT,43,28,RS,100,100,1.0
BASE_ALPHAEDIT,43,29,RS,99,100,0.99
BASE_ALPHAEDIT,43,30,RS,100,100,1.0
BASE_ALPHAEDIT,43,31,RS,99,100,0.99
BASE_ALPHAEDIT,43,32,RS,100,100,1.0
BASE_ALPHAEDIT,43,33,RS,100,100,1.0
BASE_ALPHAEDIT,43,34,RS,100,100,1.0
BASE_ALPHAEDIT,43,35,RS,100,100,1.0
BASE_ALPHAEDIT,43,36,RS,100,100,1.0
BASE_ALPHAEDIT,43,37,RS,100,100,1.0
BASE_ALPHAEDIT,43,38,RS,100,100,1.0
BASE_ALPHAEDIT,43,39,RS,100,100,1.0
BASE_ALPHAEDIT,43,40,RS,100,100,1.0
BASE_ALPHAEDIT,43,41,RS,100,100,1.0
BASE_ALPHAEDIT,43,42,RS,100,100,1.0
BASE_ALPHAEDIT,43,43,RS,100,100,1.0
BASE_ALPHAEDIT,44,1,RS,85,100,0.85
BASE_ALPHAEDIT,44,2,RS,84,100,0.84
BASE_ALPHAEDIT,44,3,RS,92,100,0.92
BASE_ALPHAEDIT,44,4,RS,97,100,0.97
BASE_ALPHAEDIT,44,5,RS,95,100,0.95
BASE_ALPHAEDIT,44,6,RS,93,100,0.93
BASE_ALPHAEDIT,44,7,RS,92,100,0.92
BASE_ALPHAEDIT,44,8,RS,99,100,0.99
BASE_ALPHAEDIT,44,9,RS,97,100,0.97
BASE_ALPHAEDIT,44,10,RS,97,100,0.97
BASE_ALPHAEDIT,44,11,RS,96,100,0.96
BASE_ALPHAEDIT,44,12,RS,96,100,0.96
BASE_ALPHAEDIT,44,13,RS,99,100,0.99
BASE_ALPHAEDIT,44,14,RS,99,100,0.99
BASE_ALPHAEDIT,44,15,RS,96,100,0.96
BASE_ALPHAEDIT,44,16,RS,99,100,0.99
BASE_ALPHAEDIT,44,17,RS,98,100,0.98
BASE_ALPHAEDIT,44,18,RS,98,100,0.98
BASE_ALPHAEDIT,44,19,RS,98,100,0.98
BASE_ALPHAEDIT,44,20,RS,100,100,1.0
BASE_ALPHAEDIT,44,21,RS,100,100,1.0
BASE_ALPHAEDIT,44,22,RS,100,100,1.0
BASE_ALPHAEDIT,44,23,RS,100,100,1.0
BASE_ALPHAEDIT,44,24,RS,99,100,0.99
BASE_ALPHAEDIT,44,25,RS,100,100,1.0
BASE_ALPHAEDIT,44,26,RS,99,100,0.99
BASE_ALPHAEDIT,44,27,RS,99,100,0.99
BASE_ALPHAEDIT,44,28,RS,99,100,0.99
BASE_ALPHAEDIT,44,29,RS,99,100,0.99
BASE_ALPHAEDIT,44,30,RS,100,100,1.0
BASE_ALPHAEDIT,44,31,RS,99,100,0.99
BASE_ALPHAEDIT,44,32,RS,100,100,1.0
BASE_ALPHAEDIT,44,33,RS,100,100,1.0
BASE_ALPHAEDIT,44,34,RS,100,100,1.0
BASE_ALPHAEDIT,44,35,RS,100,100,1.0
BASE_ALPHAEDIT,44,36,RS,100,100,1.0
BASE_ALPHAEDIT,44,37,RS,100,100,1.0
BASE_ALPHAEDIT,44,38,RS,100,100,1.0
BASE_ALPHAEDIT,44,39,RS,100,100,1.0
BASE_ALPHAEDIT,44,40,RS,100,100,1.0
BASE_ALPHAEDIT,44,41,RS,100,100,1.0
BASE_ALPHAEDIT,44,42,RS,100,100,1.0
BASE_ALPHAEDIT,44,43,RS,100,100,1.0
BASE_ALPHAEDIT,44,44,RS,100,100,1.0
BASE_ALPHAEDIT,45,1,RS,86,100,0.86
BASE_ALPHAEDIT,45,2,RS,85,100,0.85
BASE_ALPHAEDIT,45,3,RS,91,100,0.91
BASE_ALPHAEDIT,45,4,RS,94,100,0.94
BASE_ALPHAEDIT,45,5,RS,95,100,0.95
BASE_ALPHAEDIT,45,6,RS,93,100,0.93
BASE_ALPHAEDIT,45,7,RS,92,100,0.92
BASE_ALPHAEDIT,45,8,RS,99,100,0.99
BASE_ALPHAEDIT,45,9,RS,97,100,0.97
BASE_ALPHAEDIT,45,10,RS,96,100,0.96
BASE_ALPHAEDIT,45,11,RS,96,100,0.96
BASE_ALPHAEDIT,45,12,RS,95,100,0.95
BASE_ALPHAEDIT,45,13,RS,99,100,0.99
BASE_ALPHAEDIT,45,14,RS,99,100,0.99
BASE_ALPHAEDIT,45,15,RS,96,100,0.96
BASE_ALPHAEDIT,45,16,RS,99,100,0.99
BASE_ALPHAEDIT,45,17,RS,97,100,0.97
BASE_ALPHAEDIT,45,18,RS,99,100,0.99
BASE_ALPHAEDIT,45,19,RS,98,100,0.98
BASE_ALPHAEDIT,45,20,RS,100,100,1.0
BASE_ALPHAEDIT,45,21,RS,99,100,0.99
BASE_ALPHAEDIT,45,22,RS,99,100,0.99
BASE_ALPHAEDIT,45,23,RS,100,100,1.0
BASE_ALPHAEDIT,45,24,RS,99,100,0.99
BASE_ALPHAEDIT,45,25,RS,100,100,1.0
BASE_ALPHAEDIT,45,26,RS,99,100,0.99
BASE_ALPHAEDIT,45,27,RS,99,100,0.99
BASE_ALPHAEDIT,45,28,RS,99,100,0.99
BASE_ALPHAEDIT,45,29,RS,99,100,0.99
BASE_ALPHAEDIT,45,30,RS,100,100,1.0
BASE_ALPHAEDIT,45,31,RS,99,100,0.99
BASE_ALPHAEDIT,45,32,RS,100,100,1.0
BASE_ALPHAEDIT,45,33,RS,100,100,1.0
BASE_ALPHAEDIT,45,34,RS,100,100,1.0
BASE_ALPHAEDIT,45,35,RS,100,100,1.0
BASE_ALPHAEDIT,45,36,RS,100,100,1.0
BASE_ALPHAEDIT,45,37,RS,100,100,1.0
BASE_ALPHAEDIT,45,38,RS,100,100,1.0
BASE_ALPHAEDIT,45,39,RS,100,100,1.0
BASE_ALPHAEDIT,45,40,RS,100,100,1.0
BASE_ALPHAEDIT,45,41,RS,100,100,1.0
BASE_ALPHAEDIT,45,42,RS,100,100,1.0
BASE_ALPHAEDIT,45,43,RS,100,100,1.0
BASE_ALPHAEDIT,45,44,RS,100,100,1.0
BASE_ALPHAEDIT,45,45,RS,100,100,1.0
BASE_ALPHAEDIT,46,1,RS,85,100,0.85
BASE_ALPHAEDIT,46,2,RS,84,100,0.84
BASE_ALPHAEDIT,46,3,RS,91,100,0.91
BASE_ALPHAEDIT,46,4,RS,93,100,0.93
BASE_ALPHAEDIT,46,5,RS,95,100,0.95
BASE_ALPHAEDIT,46,6,RS,93,100,0.93
BASE_ALPHAEDIT,46,7,RS,92,100,0.92
BASE_ALPHAEDIT,46,8,RS,98,100,0.98
BASE_ALPHAEDIT,46,9,RS,96,100,0.96
BASE_ALPHAEDIT,46,10,RS,95,100,0.95
BASE_ALPHAEDIT,46,11,RS,97,100,0.97
BASE_ALPHAEDIT,46,12,RS,96,100,0.96
BASE_ALPHAEDIT,46,13,RS,97,100,0.97
BASE_ALPHAEDIT,46,14,RS,99,100,0.99
BASE_ALPHAEDIT,46,15,RS,96,100,0.96
BASE_ALPHAEDIT,46,16,RS,98,100,0.98
BASE_ALPHAEDIT,46,17,RS,98,100,0.98
BASE_ALPHAEDIT,46,18,RS,98,100,0.98
BASE_ALPHAEDIT,46,19,RS,97,100,0.97
BASE_ALPHAEDIT,46,20,RS,100,100,1.0
BASE_ALPHAEDIT,46,21,RS,99,100,0.99
BASE_ALPHAEDIT,46,22,RS,99,100,0.99
BASE_ALPHAEDIT,46,23,RS,100,100,1.0
BASE_ALPHAEDIT,46,24,RS,99,100,0.99
BASE_ALPHAEDIT,46,25,RS,100,100,1.0
BASE_ALPHAEDIT,46,26,RS,99,100,0.99
BASE_ALPHAEDIT,46,27,RS,98,100,0.98
BASE_ALPHAEDIT,46,28,RS,99,100,0.99
BASE_ALPHAEDIT,46,29,RS,99,100,0.99
BASE_ALPHAEDIT,46,30,RS,100,100,1.0
BASE_ALPHAEDIT,46,31,RS,99,100,0.99
BASE_ALPHAEDIT,46,32,RS,100,100,1.0
BASE_ALPHAEDIT,46,33,RS,100,100,1.0
BASE_ALPHAEDIT,46,34,RS,100,100,1.0
BASE_ALPHAEDIT,46,35,RS,100,100,1.0
BASE_ALPHAEDIT,46,36,RS,100,100,1.0
BASE_ALPHAEDIT,46,37,RS,100,100,1.0
BASE_ALPHAEDIT,46,38,RS,100,100,1.0
BASE_ALPHAEDIT,46,39,RS,100,100,1.0
BASE_ALPHAEDIT,46,40,RS,100,100,1.0
BASE_ALPHAEDIT,46,41,RS,100,100,1.0
BASE_ALPHAEDIT,46,42,RS,100,100,1.0
BASE_ALPHAEDIT,46,43,RS,100,100,1.0
BASE_ALPHAEDIT,46,44,RS,100,100,1.0
BASE_ALPHAEDIT,46,45,RS,100,100,1.0
BASE_ALPHAEDIT,46,46,RS,100,100,1.0
BASE_ALPHAEDIT,47,1,RS,81,100,0.81
BASE_ALPHAEDIT,47,2,RS,83,100,0.83
BASE_ALPHAEDIT,47,3,RS,91,100,0.91
BASE_ALPHAEDIT,47,4,RS,92,100,0.92
BASE_ALPHAEDIT,47,5,RS,95,100,0.95
BASE_ALPHAEDIT,47,6,RS,93,100,0.93
BASE_ALPHAEDIT,47,7,RS,92,100,0.92
BASE_ALPHAEDIT,47,8,RS,98,100,0.98
BASE_ALPHAEDIT,47,9,RS,96,100,0.96
BASE_ALPHAEDIT,47,10,RS,95,100,0.95
BASE_ALPHAEDIT,47,11,RS,96,100,0.96
BASE_ALPHAEDIT,47,12,RS,96,100,0.96
BASE_ALPHAEDIT,47,13,RS,96,100,0.96
BASE_ALPHAEDIT,47,14,RS,99,100,0.99
BASE_ALPHAEDIT,47,15,RS,96,100,0.96
BASE_ALPHAEDIT,47,16,RS,97,100,0.97
BASE_ALPHAEDIT,47,17,RS,98,100,0.98
BASE_ALPHAEDIT,47,18,RS,98,100,0.98
BASE_ALPHAEDIT,47,19,RS,97,100,0.97
BASE_ALPHAEDIT,47,20,RS,100,100,1.0
BASE_ALPHAEDIT,47,21,RS,99,100,0.99
BASE_ALPHAEDIT,47,22,RS,99,100,0.99
BASE_ALPHAEDIT,47,23,RS,100,100,1.0
BASE_ALPHAEDIT,47,24,RS,99,100,0.99
BASE_ALPHAEDIT,47,25,RS,100,100,1.0
BASE_ALPHAEDIT,47,26,RS,99,100,0.99
BASE_ALPHAEDIT,47,27,RS,97,100,0.97
BASE_ALPHAEDIT,47,28,RS,99,100,0.99
BASE_ALPHAEDIT,47,29,RS,99,100,0.99
BASE_ALPHAEDIT,47,30,RS,100,100,1.0
BASE_ALPHAEDIT,47,31,RS,99,100,0.99
BASE_ALPHAEDIT,47,32,RS,100,100,1.0
BASE_ALPHAEDIT,47,33,RS,100,100,1.0
BASE_ALPHAEDIT,47,34,RS,100,100,1.0
BASE_ALPHAEDIT,47,35,RS,100,100,1.0
BASE_ALPHAEDIT,47,36,RS,100,100,1.0
BASE_ALPHAEDIT,47,37,RS,100,100,1.0
BASE_ALPHAEDIT,47,38,RS,100,100,1.0
BASE_ALPHAEDIT,47,39,RS,100,100,1.0
BASE_ALPHAEDIT,47,40,RS,100,100,1.0
BASE_ALPHAEDIT,47,41,RS,100,100,1.0
BASE_ALPHAEDIT,47,42,RS,100,100,1.0
BASE_ALPHAEDIT,47,43,RS,100,100,1.0
BASE_ALPHAEDIT,47,44,RS,100,100,1.0
BASE_ALPHAEDIT,47,45,RS,100,100,1.0
BASE_ALPHAEDIT,47,46,RS,100,100,1.0
BASE_ALPHAEDIT,47,47,RS,100,100,1.0
BASE_ALPHAEDIT,48,1,RS,83,100,0.83
BASE_ALPHAEDIT,48,2,RS,79,100,0.79
BASE_ALPHAEDIT,48,3,RS,93,100,0.93
BASE_ALPHAEDIT,48,4,RS,92,100,0.92
BASE_ALPHAEDIT,48,5,RS,95,100,0.95
BASE_ALPHAEDIT,48,6,RS,92,100,0.92
BASE_ALPHAEDIT,48,7,RS,93,100,0.93
BASE_ALPHAEDIT,48,8,RS,98,100,0.98
BASE_ALPHAEDIT,48,9,RS,95,100,0.95
BASE_ALPHAEDIT,48,10,RS,95,100,0.95
BASE_ALPHAEDIT,48,11,RS,96,100,0.96
BASE_ALPHAEDIT,48,12,RS,97,100,0.97
BASE_ALPHAEDIT,48,13,RS,96,100,0.96
BASE_ALPHAEDIT,48,14,RS,99,100,0.99
BASE_ALPHAEDIT,48,15,RS,96,100,0.96
BASE_ALPHAEDIT,48,16,RS,98,100,0.98
BASE_ALPHAEDIT,48,17,RS,97,100,0.97
BASE_ALPHAEDIT,48,18,RS,97,100,0.97
BASE_ALPHAEDIT,48,19,RS,96,100,0.96
BASE_ALPHAEDIT,48,20,RS,99,100,0.99
BASE_ALPHAEDIT,48,21,RS,99,100,0.99
BASE_ALPHAEDIT,48,22,RS,98,100,0.98
BASE_ALPHAEDIT,48,23,RS,99,100,0.99
BASE_ALPHAEDIT,48,24,RS,99,100,0.99
BASE_ALPHAEDIT,48,25,RS,98,100,0.98
BASE_ALPHAEDIT,48,26,RS,99,100,0.99
BASE_ALPHAEDIT,48,27,RS,97,100,0.97
BASE_ALPHAEDIT,48,28,RS,99,100,0.99
BASE_ALPHAEDIT,48,29,RS,99,100,0.99
BASE_ALPHAEDIT,48,30,RS,100,100,1.0
BASE_ALPHAEDIT,48,31,RS,99,100,0.99
BASE_ALPHAEDIT,48,32,RS,100,100,1.0
BASE_ALPHAEDIT,48,33,RS,100,100,1.0
BASE_ALPHAEDIT,48,34,RS,100,100,1.0
BASE_ALPHAEDIT,48,35,RS,100,100,1.0
BASE_ALPHAEDIT,48,36,RS,100,100,1.0
BASE_ALPHAEDIT,48,37,RS,100,100,1.0
BASE_ALPHAEDIT,48,38,RS,100,100,1.0
BASE_ALPHAEDIT,48,39,RS,100,100,1.0
BASE_ALPHAEDIT,48,40,RS,100,100,1.0
BASE_ALPHAEDIT,48,41,RS,100,100,1.0
BASE_ALPHAEDIT,48,42,RS,100,100,1.0
BASE_ALPHAEDIT,48,43,RS,100,100,1.0
BASE_ALPHAEDIT,48,44,RS,100,100,1.0
BASE_ALPHAEDIT,48,45,RS,100,100,1.0
BASE_ALPHAEDIT,48,46,RS,100,100,1.0
BASE_ALPHAEDIT,48,47,RS,100,100,1.0
BASE_ALPHAEDIT,48,48,RS,100,100,1.0
BASE_ALPHAEDIT,49,1,RS,83,100,0.83
BASE_ALPHAEDIT,49,2,RS,82,100,0.82
BASE_ALPHAEDIT,49,3,RS,89,100,0.89
BASE_ALPHAEDIT,49,4,RS,92,100,0.92
BASE_ALPHAEDIT,49,5,RS,94,100,0.94
BASE_ALPHAEDIT,49,6,RS,92,100,0.92
BASE_ALPHAEDIT,49,7,RS,92,100,0.92
BASE_ALPHAEDIT,49,8,RS,96,100,0.96
BASE_ALPHAEDIT,49,9,RS,95,100,0.95
BASE_ALPHAEDIT,49,10,RS,95,100,0.95
BASE_ALPHAEDIT,49,11,RS,96,100,0.96
BASE_ALPHAEDIT,49,12,RS,96,100,0.96
BASE_ALPHAEDIT,49,13,RS,95,100,0.95
BASE_ALPHAEDIT,49,14,RS,99,100,0.99
BASE_ALPHAEDIT,49,15,RS,97,100,0.97
BASE_ALPHAEDIT,49,16,RS,98,100,0.98
BASE_ALPHAEDIT,49,17,RS,95,100,0.95
BASE_ALPHAEDIT,49,18,RS,97,100,0.97
BASE_ALPHAEDIT,49,19,RS,96,100,0.96
BASE_ALPHAEDIT,49,20,RS,98,100,0.98
BASE_ALPHAEDIT,49,21,RS,99,100,0.99
BASE_ALPHAEDIT,49,22,RS,98,100,0.98
BASE_ALPHAEDIT,49,23,RS,99,100,0.99
BASE_ALPHAEDIT,49,24,RS,99,100,0.99
BASE_ALPHAEDIT,49,25,RS,99,100,0.99
BASE_ALPHAEDIT,49,26,RS,99,100,0.99
BASE_ALPHAEDIT,49,27,RS,95,100,0.95
BASE_ALPHAEDIT,49,28,RS,99,100,0.99
BASE_ALPHAEDIT,49,29,RS,99,100,0.99
BASE_ALPHAEDIT,49,30,RS,100,100,1.0
BASE_ALPHAEDIT,49,31,RS,98,100,0.98
BASE_ALPHAEDIT,49,32,RS,100,100,1.0
BASE_ALPHAEDIT,49,33,RS,100,100,1.0
BASE_ALPHAEDIT,49,34,RS,100,100,1.0
BASE_ALPHAEDIT,49,35,RS,99,100,0.99
BASE_ALPHAEDIT,49,36,RS,100,100,1.0
BASE_ALPHAEDIT,49,37,RS,100,100,1.0
BASE_ALPHAEDIT,49,38,RS,99,100,0.99
BASE_ALPHAEDIT,49,39,RS,100,100,1.0
BASE_ALPHAEDIT,49,40,RS,100,100,1.0
BASE_ALPHAEDIT,49,41,RS,100,100,1.0
BASE_ALPHAEDIT,49,42,RS,100,100,1.0
BASE_ALPHAEDIT,49,43,RS,100,100,1.0
BASE_ALPHAEDIT,49,44,RS,100,100,1.0
BASE_ALPHAEDIT,49,45,RS,99,100,0.99
BASE_ALPHAEDIT,49,46,RS,100,100,1.0
BASE_ALPHAEDIT,49,47,RS,100,100,1.0
BASE_ALPHAEDIT,49,48,RS,100,100,1.0
BASE_ALPHAEDIT,49,49,RS,100,100,1.0
BASE_ALPHAEDIT,50,1,RS,84,100,0.84
BASE_ALPHAEDIT,50,2,RS,83,100,0.83
BASE_ALPHAEDIT,50,3,RS,88,100,0.88
BASE_ALPHAEDIT,50,4,RS,92,100,0.92
BASE_ALPHAEDIT,50,5,RS,94,100,0.94
BASE_ALPHAEDIT,50,6,RS,92,100,0.92
BASE_ALPHAEDIT,50,7,RS,93,100,0.93
BASE_ALPHAEDIT,50,8,RS,95,100,0.95
BASE_ALPHAEDIT,50,9,RS,96,100,0.96
BASE_ALPHAEDIT,50,10,RS,94,100,0.94
BASE_ALPHAEDIT,50,11,RS,96,100,0.96
BASE_ALPHAEDIT,50,12,RS,96,100,0.96
BASE_ALPHAEDIT,50,13,RS,95,100,0.95
BASE_ALPHAEDIT,50,14,RS,99,100,0.99
BASE_ALPHAEDIT,50,15,RS,96,100,0.96
BASE_ALPHAEDIT,50,16,RS,98,100,0.98
BASE_ALPHAEDIT,50,17,RS,96,100,0.96
BASE_ALPHAEDIT,50,18,RS,97,100,0.97
BASE_ALPHAEDIT,50,19,RS,96,100,0.96
BASE_ALPHAEDIT,50,20,RS,99,100,0.99
BASE_ALPHAEDIT,50,21,RS,99,100,0.99
BASE_ALPHAEDIT,50,22,RS,99,100,0.99
BASE_ALPHAEDIT,50,23,RS,99,100,0.99
BASE_ALPHAEDIT,50,24,RS,99,100,0.99
BASE_ALPHAEDIT,50,25,RS,99,100,0.99
BASE_ALPHAEDIT,50,26,RS,99,100,0.99
BASE_ALPHAEDIT,50,27,RS,95,100,0.95
BASE_ALPHAEDIT,50,28,RS,99,100,0.99
BASE_ALPHAEDIT,50,29,RS,99,100,0.99
BASE_ALPHAEDIT,50,30,RS,100,100,1.0
BASE_ALPHAEDIT,50,31,RS,99,100,0.99
BASE_ALPHAEDIT,50,32,RS,100,100,1.0
BASE_ALPHAEDIT,50,33,RS,100,100,1.0
BASE_ALPHAEDIT,50,34,RS,100,100,1.0
BASE_ALPHAEDIT,50,35,RS,99,100,0.99
BASE_ALPHAEDIT,50,36,RS,100,100,1.0
BASE_ALPHAEDIT,50,37,RS,100,100,1.0
BASE_ALPHAEDIT,50,38,RS,99,100,0.99
BASE_ALPHAEDIT,50,39,RS,100,100,1.0
BASE_ALPHAEDIT,50,40,RS,100,100,1.0
BASE_ALPHAEDIT,50,41,RS,100,100,1.0
BASE_ALPHAEDIT,50,42,RS,100,100,1.0
BASE_ALPHAEDIT,50,43,RS,100,100,1.0
BASE_ALPHAEDIT,50,44,RS,100,100,1.0
BASE_ALPHAEDIT,50,45,RS,99,100,0.99
BASE_ALPHAEDIT,50,46,RS,100,100,1.0
BASE_ALPHAEDIT,50,47,RS,100,100,1.0
BASE_ALPHAEDIT,50,48,RS,100,100,1.0
BASE_ALPHAEDIT,50,49,RS,100,100,1.0
BASE_ALPHAEDIT,50,50,RS,100,100,1.0
BASE_ALPHAEDIT,51,1,RS,84,100,0.84
BASE_ALPHAEDIT,51,2,RS,83,100,0.83
BASE_ALPHAEDIT,51,3,RS,89,100,0.89
BASE_ALPHAEDIT,51,4,RS,92,100,0.92
BASE_ALPHAEDIT,51,5,RS,93,100,0.93
BASE_ALPHAEDIT,51,6,RS,92,100,0.92
BASE_ALPHAEDIT,51,7,RS,92,100,0.92
BASE_ALPHAEDIT,51,8,RS,95,100,0.95
BASE_ALPHAEDIT,51,9,RS,95,100,0.95
BASE_ALPHAEDIT,51,10,RS,94,100,0.94
BASE_ALPHAEDIT,51,11,RS,96,100,0.96
BASE_ALPHAEDIT,51,12,RS,96,100,0.96
BASE_ALPHAEDIT,51,13,RS,94,100,0.94
BASE_ALPHAEDIT,51,14,RS,99,100,0.99
BASE_ALPHAEDIT,51,15,RS,96,100,0.96
BASE_ALPHAEDIT,51,16,RS,97,100,0.97
BASE_ALPHAEDIT,51,17,RS,95,100,0.95
BASE_ALPHAEDIT,51,18,RS,97,100,0.97
BASE_ALPHAEDIT,51,19,RS,96,100,0.96
BASE_ALPHAEDIT,51,20,RS,98,100,0.98
BASE_ALPHAEDIT,51,21,RS,99,100,0.99
BASE_ALPHAEDIT,51,22,RS,98,100,0.98
BASE_ALPHAEDIT,51,23,RS,98,100,0.98
BASE_ALPHAEDIT,51,24,RS,99,100,0.99
BASE_ALPHAEDIT,51,25,RS,99,100,0.99
BASE_ALPHAEDIT,51,26,RS,99,100,0.99
BASE_ALPHAEDIT,51,27,RS,97,100,0.97
BASE_ALPHAEDIT,51,28,RS,98,100,0.98
BASE_ALPHAEDIT,51,29,RS,99,100,0.99
BASE_ALPHAEDIT,51,30,RS,99,100,0.99
BASE_ALPHAEDIT,51,31,RS,99,100,0.99
BASE_ALPHAEDIT,51,32,RS,100,100,1.0
BASE_ALPHAEDIT,51,33,RS,100,100,1.0
BASE_ALPHAEDIT,51,34,RS,100,100,1.0
BASE_ALPHAEDIT,51,35,RS,99,100,0.99
BASE_ALPHAEDIT,51,36,RS,100,100,1.0
BASE_ALPHAEDIT,51,37,RS,99,100,0.99
BASE_ALPHAEDIT,51,38,RS,99,100,0.99
BASE_ALPHAEDIT,51,39,RS,100,100,1.0
BASE_ALPHAEDIT,51,40,RS,100,100,1.0
BASE_ALPHAEDIT,51,41,RS,100,100,1.0
BASE_ALPHAEDIT,51,42,RS,100,100,1.0
BASE_ALPHAEDIT,51,43,RS,100,100,1.0
BASE_ALPHAEDIT,51,44,RS,100,100,1.0
BASE_ALPHAEDIT,51,45,RS,99,100,0.99
BASE_ALPHAEDIT,51,46,RS,100,100,1.0
BASE_ALPHAEDIT,51,47,RS,100,100,1.0
BASE_ALPHAEDIT,51,48,RS,100,100,1.0
BASE_ALPHAEDIT,51,49,RS,100,100,1.0
BASE_ALPHAEDIT,51,50,RS,100,100,1.0
BASE_ALPHAEDIT,51,51,RS,100,100,1.0
BASE_ALPHAEDIT,52,1,RS,83,100,0.83
BASE_ALPHAEDIT,52,2,RS,82,100,0.82
BASE_ALPHAEDIT,52,3,RS,88,100,0.88
BASE_ALPHAEDIT,52,4,RS,92,100,0.92
BASE_ALPHAEDIT,52,5,RS,93,100,0.93
BASE_ALPHAEDIT,52,6,RS,91,100,0.91
BASE_ALPHAEDIT,52,7,RS,91,100,0.91
BASE_ALPHAEDIT,52,8,RS,94,100,0.94
BASE_ALPHAEDIT,52,9,RS,95,100,0.95
BASE_ALPHAEDIT,52,10,RS,95,100,0.95
BASE_ALPHAEDIT,52,11,RS,95,100,0.95
BASE_ALPHAEDIT,52,12,RS,94,100,0.94
BASE_ALPHAEDIT,52,13,RS,94,100,0.94
BASE_ALPHAEDIT,52,14,RS,99,100,0.99
BASE_ALPHAEDIT,52,15,RS,96,100,0.96
BASE_ALPHAEDIT,52,16,RS,95,100,0.95
BASE_ALPHAEDIT,52,17,RS,94,100,0.94
BASE_ALPHAEDIT,52,18,RS,97,100,0.97
BASE_ALPHAEDIT,52,19,RS,96,100,0.96
BASE_ALPHAEDIT,52,20,RS,98,100,0.98
BASE_ALPHAEDIT,52,21,RS,99,100,0.99
BASE_ALPHAEDIT,52,22,RS,98,100,0.98
BASE_ALPHAEDIT,52,23,RS,99,100,0.99
BASE_ALPHAEDIT,52,24,RS,99,100,0.99
BASE_ALPHAEDIT,52,25,RS,99,100,0.99
BASE_ALPHAEDIT,52,26,RS,98,100,0.98
BASE_ALPHAEDIT,52,27,RS,96,100,0.96
BASE_ALPHAEDIT,52,28,RS,98,100,0.98
BASE_ALPHAEDIT,52,29,RS,99,100,0.99
BASE_ALPHAEDIT,52,30,RS,97,100,0.97
BASE_ALPHAEDIT,52,31,RS,99,100,0.99
BASE_ALPHAEDIT,52,32,RS,100,100,1.0
BASE_ALPHAEDIT,52,33,RS,100,100,1.0
BASE_ALPHAEDIT,52,34,RS,100,100,1.0
BASE_ALPHAEDIT,52,35,RS,99,100,0.99
BASE_ALPHAEDIT,52,36,RS,100,100,1.0
BASE_ALPHAEDIT,52,37,RS,99,100,0.99
BASE_ALPHAEDIT,52,38,RS,99,100,0.99
BASE_ALPHAEDIT,52,39,RS,100,100,1.0
BASE_ALPHAEDIT,52,40,RS,100,100,1.0
BASE_ALPHAEDIT,52,41,RS,100,100,1.0
BASE_ALPHAEDIT,52,42,RS,100,100,1.0
BASE_ALPHAEDIT,52,43,RS,100,100,1.0
BASE_ALPHAEDIT,52,44,RS,100,100,1.0
BASE_ALPHAEDIT,52,45,RS,99,100,0.99
BASE_ALPHAEDIT,52,46,RS,100,100,1.0
BASE_ALPHAEDIT,52,47,RS,100,100,1.0
BASE_ALPHAEDIT,52,48,RS,100,100,1.0
BASE_ALPHAEDIT,52,49,RS,100,100,1.0
BASE_ALPHAEDIT,52,50,RS,100,100,1.0
BASE_ALPHAEDIT,52,51,RS,100,100,1.0
BASE_ALPHAEDIT,52,52,RS,100,100,1.0
BASE_ALPHAEDIT,53,1,RS,83,100,0.83
BASE_ALPHAEDIT,53,2,RS,79,100,0.79
BASE_ALPHAEDIT,53,3,RS,87,100,0.87
BASE_ALPHAEDIT,53,4,RS,92,100,0.92
BASE_ALPHAEDIT,53,5,RS,92,100,0.92
BASE_ALPHAEDIT,53,6,RS,92,100,0.92
BASE_ALPHAEDIT,53,7,RS,93,100,0.93
BASE_ALPHAEDIT,53,8,RS,96,100,0.96
BASE_ALPHAEDIT,53,9,RS,94,100,0.94
BASE_ALPHAEDIT,53,10,RS,93,100,0.93
BASE_ALPHAEDIT,53,11,RS,96,100,0.96
BASE_ALPHAEDIT,53,12,RS,94,100,0.94
BASE_ALPHAEDIT,53,13,RS,94,100,0.94
BASE_ALPHAEDIT,53,14,RS,99,100,0.99
BASE_ALPHAEDIT,53,15,RS,96,100,0.96
BASE_ALPHAEDIT,53,16,RS,95,100,0.95
BASE_ALPHAEDIT,53,17,RS,95,100,0.95
BASE_ALPHAEDIT,53,18,RS,96,100,0.96
BASE_ALPHAEDIT,53,19,RS,96,100,0.96
BASE_ALPHAEDIT,53,20,RS,97,100,0.97
BASE_ALPHAEDIT,53,21,RS,99,100,0.99
BASE_ALPHAEDIT,53,22,RS,98,100,0.98
BASE_ALPHAEDIT,53,23,RS,99,100,0.99
BASE_ALPHAEDIT,53,24,RS,99,100,0.99
BASE_ALPHAEDIT,53,25,RS,99,100,0.99
BASE_ALPHAEDIT,53,26,RS,98,100,0.98
BASE_ALPHAEDIT,53,27,RS,96,100,0.96
BASE_ALPHAEDIT,53,28,RS,98,100,0.98
BASE_ALPHAEDIT,53,29,RS,98,100,0.98
BASE_ALPHAEDIT,53,30,RS,98,100,0.98
BASE_ALPHAEDIT,53,31,RS,99,100,0.99
BASE_ALPHAEDIT,53,32,RS,100,100,1.0
BASE_ALPHAEDIT,53,33,RS,99,100,0.99
BASE_ALPHAEDIT,53,34,RS,100,100,1.0
BASE_ALPHAEDIT,53,35,RS,99,100,0.99
BASE_ALPHAEDIT,53,36,RS,99,100,0.99
BASE_ALPHAEDIT,53,37,RS,99,100,0.99
BASE_ALPHAEDIT,53,38,RS,99,100,0.99
BASE_ALPHAEDIT,53,39,RS,100,100,1.0
BASE_ALPHAEDIT,53,40,RS,100,100,1.0
BASE_ALPHAEDIT,53,41,RS,100,100,1.0
BASE_ALPHAEDIT,53,42,RS,100,100,1.0
BASE_ALPHAEDIT,53,43,RS,100,100,1.0
BASE_ALPHAEDIT,53,44,RS,100,100,1.0
BASE_ALPHAEDIT,53,45,RS,99,100,0.99
BASE_ALPHAEDIT,53,46,RS,100,100,1.0
BASE_ALPHAEDIT,53,47,RS,100,100,1.0
BASE_ALPHAEDIT,53,48,RS,100,100,1.0
BASE_ALPHAEDIT,53,49,RS,100,100,1.0
BASE_ALPHAEDIT,53,50,RS,100,100,1.0
BASE_ALPHAEDIT,53,51,RS,100,100,1.0
BASE_ALPHAEDIT,53,52,RS,100,100,1.0
BASE_ALPHAEDIT,53,53,RS,100,100,1.0
BASE_ALPHAEDIT,54,1,RS,81,100,0.81
BASE_ALPHAEDIT,54,2,RS,79,100,0.79
BASE_ALPHAEDIT,54,3,RS,89,100,0.89
BASE_ALPHAEDIT,54,4,RS,91,100,0.91
BASE_ALPHAEDIT,54,5,RS,92,100,0.92
BASE_ALPHAEDIT,54,6,RS,90,100,0.9
BASE_ALPHAEDIT,54,7,RS,91,100,0.91
BASE_ALPHAEDIT,54,8,RS,96,100,0.96
BASE_ALPHAEDIT,54,9,RS,93,100,0.93
BASE_ALPHAEDIT,54,10,RS,94,100,0.94
BASE_ALPHAEDIT,54,11,RS,94,100,0.94
BASE_ALPHAEDIT,54,12,RS,94,100,0.94
BASE_ALPHAEDIT,54,13,RS,95,100,0.95
BASE_ALPHAEDIT,54,14,RS,99,100,0.99
BASE_ALPHAEDIT,54,15,RS,95,100,0.95
BASE_ALPHAEDIT,54,16,RS,95,100,0.95
BASE_ALPHAEDIT,54,17,RS,93,100,0.93
BASE_ALPHAEDIT,54,18,RS,96,100,0.96
BASE_ALPHAEDIT,54,19,RS,94,100,0.94
BASE_ALPHAEDIT,54,20,RS,98,100,0.98
BASE_ALPHAEDIT,54,21,RS,99,100,0.99
BASE_ALPHAEDIT,54,22,RS,97,100,0.97
BASE_ALPHAEDIT,54,23,RS,99,100,0.99
BASE_ALPHAEDIT,54,24,RS,99,100,0.99
BASE_ALPHAEDIT,54,25,RS,99,100,0.99
BASE_ALPHAEDIT,54,26,RS,99,100,0.99
BASE_ALPHAEDIT,54,27,RS,97,100,0.97
BASE_ALPHAEDIT,54,28,RS,98,100,0.98
BASE_ALPHAEDIT,54,29,RS,98,100,0.98
BASE_ALPHAEDIT,54,30,RS,97,100,0.97
BASE_ALPHAEDIT,54,31,RS,98,100,0.98
BASE_ALPHAEDIT,54,32,RS,100,100,1.0
BASE_ALPHAEDIT,54,33,RS,99,100,0.99
BASE_ALPHAEDIT,54,34,RS,99,100,0.99
BASE_ALPHAEDIT,54,35,RS,99,100,0.99
BASE_ALPHAEDIT,54,36,RS,99,100,0.99
BASE_ALPHAEDIT,54,37,RS,99,100,0.99
BASE_ALPHAEDIT,54,38,RS,99,100,0.99
BASE_ALPHAEDIT,54,39,RS,100,100,1.0
BASE_ALPHAEDIT,54,40,RS,100,100,1.0
BASE_ALPHAEDIT,54,41,RS,100,100,1.0
BASE_ALPHAEDIT,54,42,RS,100,100,1.0
BASE_ALPHAEDIT,54,43,RS,100,100,1.0
BASE_ALPHAEDIT,54,44,RS,100,100,1.0
BASE_ALPHAEDIT,54,45,RS,99,100,0.99
BASE_ALPHAEDIT,54,46,RS,100,100,1.0
BASE_ALPHAEDIT,54,47,RS,100,100,1.0
BASE_ALPHAEDIT,54,48,RS,100,100,1.0
BASE_ALPHAEDIT,54,49,RS,100,100,1.0
BASE_ALPHAEDIT,54,50,RS,100,100,1.0
BASE_ALPHAEDIT,54,51,RS,100,100,1.0
BASE_ALPHAEDIT,54,52,RS,100,100,1.0
BASE_ALPHAEDIT,54,53,RS,100,100,1.0
BASE_ALPHAEDIT,54,54,RS,100,100,1.0
BASE_ALPHAEDIT,55,1,RS,82,100,0.82
BASE_ALPHAEDIT,55,2,RS,77,100,0.77
BASE_ALPHAEDIT,55,3,RS,87,100,0.87
BASE_ALPHAEDIT,55,4,RS,91,100,0.91
BASE_ALPHAEDIT,55,5,RS,91,100,0.91
BASE_ALPHAEDIT,55,6,RS,90,100,0.9
BASE_ALPHAEDIT,55,7,RS,89,100,0.89
BASE_ALPHAEDIT,55,8,RS,97,100,0.97
BASE_ALPHAEDIT,55,9,RS,93,100,0.93
BASE_ALPHAEDIT,55,10,RS,96,100,0.96
BASE_ALPHAEDIT,55,11,RS,94,100,0.94
BASE_ALPHAEDIT,55,12,RS,94,100,0.94
BASE_ALPHAEDIT,55,13,RS,93,100,0.93
BASE_ALPHAEDIT,55,14,RS,99,100,0.99
BASE_ALPHAEDIT,55,15,RS,94,100,0.94
BASE_ALPHAEDIT,55,16,RS,93,100,0.93
BASE_ALPHAEDIT,55,17,RS,93,100,0.93
BASE_ALPHAEDIT,55,18,RS,96,100,0.96
BASE_ALPHAEDIT,55,19,RS,94,100,0.94
BASE_ALPHAEDIT,55,20,RS,98,100,0.98
BASE_ALPHAEDIT,55,21,RS,100,100,1.0
BASE_ALPHAEDIT,55,22,RS,97,100,0.97
BASE_ALPHAEDIT,55,23,RS,99,100,0.99
BASE_ALPHAEDIT,55,24,RS,98,100,0.98
BASE_ALPHAEDIT,55,25,RS,99,100,0.99
BASE_ALPHAEDIT,55,26,RS,98,100,0.98
BASE_ALPHAEDIT,55,27,RS,96,100,0.96
BASE_ALPHAEDIT,55,28,RS,98,100,0.98
BASE_ALPHAEDIT,55,29,RS,98,100,0.98
BASE_ALPHAEDIT,55,30,RS,97,100,0.97
BASE_ALPHAEDIT,55,31,RS,98,100,0.98
BASE_ALPHAEDIT,55,32,RS,100,100,1.0
BASE_ALPHAEDIT,55,33,RS,99,100,0.99
BASE_ALPHAEDIT,55,34,RS,100,100,1.0
BASE_ALPHAEDIT,55,35,RS,99,100,0.99
BASE_ALPHAEDIT,55,36,RS,99,100,0.99
BASE_ALPHAEDIT,55,37,RS,99,100,0.99
BASE_ALPHAEDIT,55,38,RS,99,100,0.99
BASE_ALPHAEDIT,55,39,RS,100,100,1.0
BASE_ALPHAEDIT,55,40,RS,100,100,1.0
BASE_ALPHAEDIT,55,41,RS,100,100,1.0
BASE_ALPHAEDIT,55,42,RS,100,100,1.0
BASE_ALPHAEDIT,55,43,RS,100,100,1.0
BASE_ALPHAEDIT,55,44,RS,100,100,1.0
BASE_ALPHAEDIT,55,45,RS,99,100,0.99
BASE_ALPHAEDIT,55,46,RS,100,100,1.0
BASE_ALPHAEDIT,55,47,RS,100,100,1.0
BASE_ALPHAEDIT,55,48,RS,100,100,1.0
BASE_ALPHAEDIT,55,49,RS,100,100,1.0
BASE_ALPHAEDIT,55,50,RS,100,100,1.0
BASE_ALPHAEDIT,55,51,RS,100,100,1.0
BASE_ALPHAEDIT,55,52,RS,100,100,1.0
BASE_ALPHAEDIT,55,53,RS,100,100,1.0
BASE_ALPHAEDIT,55,54,RS,100,100,1.0
BASE_ALPHAEDIT,55,55,RS,100,100,1.0
BASE_ALPHAEDIT,56,1,RS,81,100,0.81
BASE_ALPHAEDIT,56,2,RS,77,100,0.77
BASE_ALPHAEDIT,56,3,RS,84,100,0.84
BASE_ALPHAEDIT,56,4,RS,91,100,0.91
BASE_ALPHAEDIT,56,5,RS,90,100,0.9
BASE_ALPHAEDIT,56,6,RS,88,100,0.88
BASE_ALPHAEDIT,56,7,RS,89,100,0.89
BASE_ALPHAEDIT,56,8,RS,95,100,0.95
BASE_ALPHAEDIT,56,9,RS,94,100,0.94
BASE_ALPHAEDIT,56,10,RS,95,100,0.95
BASE_ALPHAEDIT,56,11,RS,93,100,0.93
BASE_ALPHAEDIT,56,12,RS,93,100,0.93
BASE_ALPHAEDIT,56,13,RS,93,100,0.93
BASE_ALPHAEDIT,56,14,RS,99,100,0.99
BASE_ALPHAEDIT,56,15,RS,93,100,0.93
BASE_ALPHAEDIT,56,16,RS,94,100,0.94
BASE_ALPHAEDIT,56,17,RS,93,100,0.93
BASE_ALPHAEDIT,56,18,RS,95,100,0.95
BASE_ALPHAEDIT,56,19,RS,95,100,0.95
BASE_ALPHAEDIT,56,20,RS,98,100,0.98
BASE_ALPHAEDIT,56,21,RS,99,100,0.99
BASE_ALPHAEDIT,56,22,RS,97,100,0.97
BASE_ALPHAEDIT,56,23,RS,99,100,0.99
BASE_ALPHAEDIT,56,24,RS,98,100,0.98
BASE_ALPHAEDIT,56,25,RS,99,100,0.99
BASE_ALPHAEDIT,56,26,RS,98,100,0.98
BASE_ALPHAEDIT,56,27,RS,95,100,0.95
BASE_ALPHAEDIT,56,28,RS,98,100,0.98
BASE_ALPHAEDIT,56,29,RS,98,100,0.98
BASE_ALPHAEDIT,56,30,RS,96,100,0.96
BASE_ALPHAEDIT,56,31,RS,97,100,0.97
BASE_ALPHAEDIT,56,32,RS,99,100,0.99
BASE_ALPHAEDIT,56,33,RS,98,100,0.98
BASE_ALPHAEDIT,56,34,RS,100,100,1.0
BASE_ALPHAEDIT,56,35,RS,99,100,0.99
BASE_ALPHAEDIT,56,36,RS,99,100,0.99
BASE_ALPHAEDIT,56,37,RS,99,100,0.99
BASE_ALPHAEDIT,56,38,RS,99,100,0.99
BASE_ALPHAEDIT,56,39,RS,100,100,1.0
BASE_ALPHAEDIT,56,40,RS,100,100,1.0
BASE_ALPHAEDIT,56,41,RS,100,100,1.0
BASE_ALPHAEDIT,56,42,RS,100,100,1.0
BASE_ALPHAEDIT,56,43,RS,100,100,1.0
BASE_ALPHAEDIT,56,44,RS,100,100,1.0
BASE_ALPHAEDIT,56,45,RS,99,100,0.99
BASE_ALPHAEDIT,56,46,RS,100,100,1.0
BASE_ALPHAEDIT,56,47,RS,100,100,1.0
BASE_ALPHAEDIT,56,48,RS,100,100,1.0
BASE_ALPHAEDIT,56,49,RS,100,100,1.0
BASE_ALPHAEDIT,56,50,RS,100,100,1.0
BASE_ALPHAEDIT,56,51,RS,100,100,1.0
BASE_ALPHAEDIT,56,52,RS,100,100,1.0
BASE_ALPHAEDIT,56,53,RS,100,100,1.0
BASE_ALPHAEDIT,56,54,RS,100,100,1.0
BASE_ALPHAEDIT,56,55,RS,100,100,1.0
BASE_ALPHAEDIT,56,56,RS,100,100,1.0
BASE_ALPHAEDIT,57,1,RS,82,100,0.82
BASE_ALPHAEDIT,57,2,RS,75,100,0.75
BASE_ALPHAEDIT,57,3,RS,82,100,0.82
BASE_ALPHAEDIT,57,4,RS,91,100,0.91
BASE_ALPHAEDIT,57,5,RS,90,100,0.9
BASE_ALPHAEDIT,57,6,RS,87,100,0.87
BASE_ALPHAEDIT,57,7,RS,90,100,0.9
BASE_ALPHAEDIT,57,8,RS,95,100,0.95
BASE_ALPHAEDIT,57,9,RS,94,100,0.94
BASE_ALPHAEDIT,57,10,RS,94,100,0.94
BASE_ALPHAEDIT,57,11,RS,93,100,0.93
BASE_ALPHAEDIT,57,12,RS,93,100,0.93
BASE_ALPHAEDIT,57,13,RS,92,100,0.92
BASE_ALPHAEDIT,57,14,RS,99,100,0.99
BASE_ALPHAEDIT,57,15,RS,93,100,0.93
BASE_ALPHAEDIT,57,16,RS,94,100,0.94
BASE_ALPHAEDIT,57,17,RS,92,100,0.92
BASE_ALPHAEDIT,57,18,RS,95,100,0.95
BASE_ALPHAEDIT,57,19,RS,93,100,0.93
BASE_ALPHAEDIT,57,20,RS,98,100,0.98
BASE_ALPHAEDIT,57,21,RS,98,100,0.98
BASE_ALPHAEDIT,57,22,RS,97,100,0.97
BASE_ALPHAEDIT,57,23,RS,98,100,0.98
BASE_ALPHAEDIT,57,24,RS,98,100,0.98
BASE_ALPHAEDIT,57,25,RS,99,100,0.99
BASE_ALPHAEDIT,57,26,RS,97,100,0.97
BASE_ALPHAEDIT,57,27,RS,95,100,0.95
BASE_ALPHAEDIT,57,28,RS,98,100,0.98
BASE_ALPHAEDIT,57,29,RS,98,100,0.98
BASE_ALPHAEDIT,57,30,RS,96,100,0.96
BASE_ALPHAEDIT,57,31,RS,97,100,0.97
BASE_ALPHAEDIT,57,32,RS,100,100,1.0
BASE_ALPHAEDIT,57,33,RS,98,100,0.98
BASE_ALPHAEDIT,57,34,RS,100,100,1.0
BASE_ALPHAEDIT,57,35,RS,99,100,0.99
BASE_ALPHAEDIT,57,36,RS,99,100,0.99
BASE_ALPHAEDIT,57,37,RS,99,100,0.99
BASE_ALPHAEDIT,57,38,RS,99,100,0.99
BASE_ALPHAEDIT,57,39,RS,100,100,1.0
BASE_ALPHAEDIT,57,40,RS,100,100,1.0
BASE_ALPHAEDIT,57,41,RS,99,100,0.99
BASE_ALPHAEDIT,57,42,RS,100,100,1.0
BASE_ALPHAEDIT,57,43,RS,100,100,1.0
BASE_ALPHAEDIT,57,44,RS,100,100,1.0
BASE_ALPHAEDIT,57,45,RS,99,100,0.99
BASE_ALPHAEDIT,57,46,RS,100,100,1.0
BASE_ALPHAEDIT,57,47,RS,100,100,1.0
BASE_ALPHAEDIT,57,48,RS,100,100,1.0
BASE_ALPHAEDIT,57,49,RS,100,100,1.0
BASE_ALPHAEDIT,57,50,RS,100,100,1.0
BASE_ALPHAEDIT,57,51,RS,100,100,1.0
BASE_ALPHAEDIT,57,52,RS,100,100,1.0
BASE_ALPHAEDIT,57,53,RS,100,100,1.0
BASE_ALPHAEDIT,57,54,RS,100,100,1.0
BASE_ALPHAEDIT,57,55,RS,100,100,1.0
BASE_ALPHAEDIT,57,56,RS,100,100,1.0
BASE_ALPHAEDIT,57,57,RS,100,100,1.0
BASE_ALPHAEDIT,58,1,RS,80,100,0.8
BASE_ALPHAEDIT,58,2,RS,78,100,0.78
BASE_ALPHAEDIT,58,3,RS,82,100,0.82
BASE_ALPHAEDIT,58,4,RS,91,100,0.91
BASE_ALPHAEDIT,58,5,RS,89,100,0.89
BASE_ALPHAEDIT,58,6,RS,87,100,0.87
BASE_ALPHAEDIT,58,7,RS,88,100,0.88
BASE_ALPHAEDIT,58,8,RS,94,100,0.94
BASE_ALPHAEDIT,58,9,RS,94,100,0.94
BASE_ALPHAEDIT,58,10,RS,92,100,0.92
BASE_ALPHAEDIT,58,11,RS,92,100,0.92
BASE_ALPHAEDIT,58,12,RS,89,100,0.89
BASE_ALPHAEDIT,58,13,RS,92,100,0.92
BASE_ALPHAEDIT,58,14,RS,98,100,0.98
BASE_ALPHAEDIT,58,15,RS,93,100,0.93
BASE_ALPHAEDIT,58,16,RS,94,100,0.94
BASE_ALPHAEDIT,58,17,RS,90,100,0.9
BASE_ALPHAEDIT,58,18,RS,94,100,0.94
BASE_ALPHAEDIT,58,19,RS,93,100,0.93
BASE_ALPHAEDIT,58,20,RS,98,100,0.98
BASE_ALPHAEDIT,58,21,RS,98,100,0.98
BASE_ALPHAEDIT,58,22,RS,95,100,0.95
BASE_ALPHAEDIT,58,23,RS,96,100,0.96
BASE_ALPHAEDIT,58,24,RS,97,100,0.97
BASE_ALPHAEDIT,58,25,RS,99,100,0.99
BASE_ALPHAEDIT,58,26,RS,96,100,0.96
BASE_ALPHAEDIT,58,27,RS,95,100,0.95
BASE_ALPHAEDIT,58,28,RS,98,100,0.98
BASE_ALPHAEDIT,58,29,RS,98,100,0.98
BASE_ALPHAEDIT,58,30,RS,96,100,0.96
BASE_ALPHAEDIT,58,31,RS,97,100,0.97
BASE_ALPHAEDIT,58,32,RS,99,100,0.99
BASE_ALPHAEDIT,58,33,RS,98,100,0.98
BASE_ALPHAEDIT,58,34,RS,100,100,1.0
BASE_ALPHAEDIT,58,35,RS,99,100,0.99
BASE_ALPHAEDIT,58,36,RS,99,100,0.99
BASE_ALPHAEDIT,58,37,RS,99,100,0.99
BASE_ALPHAEDIT,58,38,RS,99,100,0.99
BASE_ALPHAEDIT,58,39,RS,100,100,1.0
BASE_ALPHAEDIT,58,40,RS,100,100,1.0
BASE_ALPHAEDIT,58,41,RS,99,100,0.99
BASE_ALPHAEDIT,58,42,RS,100,100,1.0
BASE_ALPHAEDIT,58,43,RS,100,100,1.0
BASE_ALPHAEDIT,58,44,RS,100,100,1.0
BASE_ALPHAEDIT,58,45,RS,98,100,0.98
BASE_ALPHAEDIT,58,46,RS,100,100,1.0
BASE_ALPHAEDIT,58,47,RS,100,100,1.0
BASE_ALPHAEDIT,58,48,RS,100,100,1.0
BASE_ALPHAEDIT,58,49,RS,100,100,1.0
BASE_ALPHAEDIT,58,50,RS,100,100,1.0
BASE_ALPHAEDIT,58,51,RS,100,100,1.0
BASE_ALPHAEDIT,58,52,RS,100,100,1.0
BASE_ALPHAEDIT,58,53,RS,100,100,1.0
BASE_ALPHAEDIT,58,54,RS,100,100,1.0
BASE_ALPHAEDIT,58,55,RS,100,100,1.0
BASE_ALPHAEDIT,58,56,RS,100,100,1.0
BASE_ALPHAEDIT,58,57,RS,100,100,1.0
BASE_ALPHAEDIT,58,58,RS,100,100,1.0
BASE_ALPHAEDIT,59,1,RS,79,100,0.79
BASE_ALPHAEDIT,59,2,RS,79,100,0.79
BASE_ALPHAEDIT,59,3,RS,81,100,0.81
BASE_ALPHAEDIT,59,4,RS,91,100,0.91
BASE_ALPHAEDIT,59,5,RS,85,100,0.85
BASE_ALPHAEDIT,59,6,RS,85,100,0.85
BASE_ALPHAEDIT,59,7,RS,87,100,0.87
BASE_ALPHAEDIT,59,8,RS,93,100,0.93
BASE_ALPHAEDIT,59,9,RS,93,100,0.93
BASE_ALPHAEDIT,59,10,RS,92,100,0.92
BASE_ALPHAEDIT,59,11,RS,91,100,0.91
BASE_ALPHAEDIT,59,12,RS,88,100,0.88
BASE_ALPHAEDIT,59,13,RS,91,100,0.91
BASE_ALPHAEDIT,59,14,RS,97,100,0.97
BASE_ALPHAEDIT,59,15,RS,92,100,0.92
BASE_ALPHAEDIT,59,16,RS,91,100,0.91
BASE_ALPHAEDIT,59,17,RS,91,100,0.91
BASE_ALPHAEDIT,59,18,RS,93,100,0.93
BASE_ALPHAEDIT,59,19,RS,92,100,0.92
BASE_ALPHAEDIT,59,20,RS,98,100,0.98
BASE_ALPHAEDIT,59,21,RS,97,100,0.97
BASE_ALPHAEDIT,59,22,RS,96,100,0.96
BASE_ALPHAEDIT,59,23,RS,97,100,0.97
BASE_ALPHAEDIT,59,24,RS,96,100,0.96
BASE_ALPHAEDIT,59,25,RS,99,100,0.99
BASE_ALPHAEDIT,59,26,RS,96,100,0.96
BASE_ALPHAEDIT,59,27,RS,96,100,0.96
BASE_ALPHAEDIT,59,28,RS,96,100,0.96
BASE_ALPHAEDIT,59,29,RS,98,100,0.98
BASE_ALPHAEDIT,59,30,RS,96,100,0.96
BASE_ALPHAEDIT,59,31,RS,96,100,0.96
BASE_ALPHAEDIT,59,32,RS,99,100,0.99
BASE_ALPHAEDIT,59,33,RS,98,100,0.98
BASE_ALPHAEDIT,59,34,RS,100,100,1.0
BASE_ALPHAEDIT,59,35,RS,99,100,0.99
BASE_ALPHAEDIT,59,36,RS,99,100,0.99
BASE_ALPHAEDIT,59,37,RS,98,100,0.98
BASE_ALPHAEDIT,59,38,RS,99,100,0.99
BASE_ALPHAEDIT,59,39,RS,100,100,1.0
BASE_ALPHAEDIT,59,40,RS,99,100,0.99
BASE_ALPHAEDIT,59,41,RS,98,100,0.98
BASE_ALPHAEDIT,59,42,RS,100,100,1.0
BASE_ALPHAEDIT,59,43,RS,100,100,1.0
BASE_ALPHAEDIT,59,44,RS,100,100,1.0
BASE_ALPHAEDIT,59,45,RS,98,100,0.98
BASE_ALPHAEDIT,59,46,RS,100,100,1.0
BASE_ALPHAEDIT,59,47,RS,100,100,1.0
BASE_ALPHAEDIT,59,48,RS,100,100,1.0
BASE_ALPHAEDIT,59,49,RS,100,100,1.0
BASE_ALPHAEDIT,59,50,RS,100,100,1.0
BASE_ALPHAEDIT,59,51,RS,100,100,1.0
BASE_ALPHAEDIT,59,52,RS,100,100,1.0
BASE_ALPHAEDIT,59,53,RS,100,100,1.0
BASE_ALPHAEDIT,59,54,RS,100,100,1.0
BASE_ALPHAEDIT,59,55,RS,100,100,1.0
BASE_ALPHAEDIT,59,56,RS,100,100,1.0
BASE_ALPHAEDIT,59,57,RS,100,100,1.0
BASE_ALPHAEDIT,59,58,RS,100,100,1.0
BASE_ALPHAEDIT,59,59,RS,100,100,1.0
BASE_ALPHAEDIT,60,1,RS,81,100,0.81
BASE_ALPHAEDIT,60,2,RS,76,100,0.76
BASE_ALPHAEDIT,60,3,RS,82,100,0.82
BASE_ALPHAEDIT,60,4,RS,90,100,0.9
BASE_ALPHAEDIT,60,5,RS,86,100,0.86
BASE_ALPHAEDIT,60,6,RS,85,100,0.85
BASE_ALPHAEDIT,60,7,RS,86,100,0.86
BASE_ALPHAEDIT,60,8,RS,93,100,0.93
BASE_ALPHAEDIT,60,9,RS,93,100,0.93
BASE_ALPHAEDIT,60,10,RS,90,100,0.9
BASE_ALPHAEDIT,60,11,RS,90,100,0.9
BASE_ALPHAEDIT,60,12,RS,89,100,0.89
BASE_ALPHAEDIT,60,13,RS,92,100,0.92
BASE_ALPHAEDIT,60,14,RS,97,100,0.97
BASE_ALPHAEDIT,60,15,RS,94,100,0.94
BASE_ALPHAEDIT,60,16,RS,91,100,0.91
BASE_ALPHAEDIT,60,17,RS,89,100,0.89
BASE_ALPHAEDIT,60,18,RS,92,100,0.92
BASE_ALPHAEDIT,60,19,RS,92,100,0.92
BASE_ALPHAEDIT,60,20,RS,96,100,0.96
BASE_ALPHAEDIT,60,21,RS,96,100,0.96
BASE_ALPHAEDIT,60,22,RS,95,100,0.95
BASE_ALPHAEDIT,60,23,RS,95,100,0.95
BASE_ALPHAEDIT,60,24,RS,96,100,0.96
BASE_ALPHAEDIT,60,25,RS,96,100,0.96
BASE_ALPHAEDIT,60,26,RS,95,100,0.95
BASE_ALPHAEDIT,60,27,RS,94,100,0.94
BASE_ALPHAEDIT,60,28,RS,96,100,0.96
BASE_ALPHAEDIT,60,29,RS,98,100,0.98
BASE_ALPHAEDIT,60,30,RS,94,100,0.94
BASE_ALPHAEDIT,60,31,RS,96,100,0.96
BASE_ALPHAEDIT,60,32,RS,98,100,0.98
BASE_ALPHAEDIT,60,33,RS,98,100,0.98
BASE_ALPHAEDIT,60,34,RS,99,100,0.99
BASE_ALPHAEDIT,60,35,RS,100,100,1.0
BASE_ALPHAEDIT,60,36,RS,100,100,1.0
BASE_ALPHAEDIT,60,37,RS,98,100,0.98
BASE_ALPHAEDIT,60,38,RS,99,100,0.99
BASE_ALPHAEDIT,60,39,RS,100,100,1.0
BASE_ALPHAEDIT,60,40,RS,99,100,0.99
BASE_ALPHAEDIT,60,41,RS,98,100,0.98
BASE_ALPHAEDIT,60,42,RS,99,100,0.99
BASE_ALPHAEDIT,60,43,RS,100,100,1.0
BASE_ALPHAEDIT,60,44,RS,100,100,1.0
BASE_ALPHAEDIT,60,45,RS,98,100,0.98
BASE_ALPHAEDIT,60,46,RS,100,100,1.0
BASE_ALPHAEDIT,60,47,RS,100,100,1.0
BASE_ALPHAEDIT,60,48,RS,100,100,1.0
BASE_ALPHAEDIT,60,49,RS,99,100,0.99
BASE_ALPHAEDIT,60,50,RS,100,100,1.0
BASE_ALPHAEDIT,60,51,RS,100,100,1.0
BASE_ALPHAEDIT,60,52,RS,100,100,1.0
BASE_ALPHAEDIT,60,53,RS,100,100,1.0
BASE_ALPHAEDIT,60,54,RS,100,100,1.0
BASE_ALPHAEDIT,60,55,RS,100,100,1.0
BASE_ALPHAEDIT,60,56,RS,100,100,1.0
BASE_ALPHAEDIT,60,57,RS,100,100,1.0
BASE_ALPHAEDIT,60,58,RS,100,100,1.0
BASE_ALPHAEDIT,60,59,RS,99,100,0.99
BASE_ALPHAEDIT,60,60,RS,100,100,1.0
BASE_ALPHAEDIT,61,1,RS,80,100,0.8
BASE_ALPHAEDIT,61,2,RS,77,100,0.77
BASE_ALPHAEDIT,61,3,RS,83,100,0.83
BASE_ALPHAEDIT,61,4,RS,89,100,0.89
BASE_ALPHAEDIT,61,5,RS,84,100,0.84
BASE_ALPHAEDIT,61,6,RS,84,100,0.84
BASE_ALPHAEDIT,61,7,RS,87,100,0.87
BASE_ALPHAEDIT,61,8,RS,92,100,0.92
BASE_ALPHAEDIT,61,9,RS,93,100,0.93
BASE_ALPHAEDIT,61,10,RS,91,100,0.91
BASE_ALPHAEDIT,61,11,RS,91,100,0.91
BASE_ALPHAEDIT,61,12,RS,89,100,0.89
BASE_ALPHAEDIT,61,13,RS,91,100,0.91
BASE_ALPHAEDIT,61,14,RS,97,100,0.97
BASE_ALPHAEDIT,61,15,RS,91,100,0.91
BASE_ALPHAEDIT,61,16,RS,88,100,0.88
BASE_ALPHAEDIT,61,17,RS,88,100,0.88
BASE_ALPHAEDIT,61,18,RS,91,100,0.91
BASE_ALPHAEDIT,61,19,RS,93,100,0.93
BASE_ALPHAEDIT,61,20,RS,95,100,0.95
BASE_ALPHAEDIT,61,21,RS,95,100,0.95
BASE_ALPHAEDIT,61,22,RS,94,100,0.94
BASE_ALPHAEDIT,61,23,RS,95,100,0.95
BASE_ALPHAEDIT,61,24,RS,96,100,0.96
BASE_ALPHAEDIT,61,25,RS,96,100,0.96
BASE_ALPHAEDIT,61,26,RS,95,100,0.95
BASE_ALPHAEDIT,61,27,RS,94,100,0.94
BASE_ALPHAEDIT,61,28,RS,97,100,0.97
BASE_ALPHAEDIT,61,29,RS,98,100,0.98
BASE_ALPHAEDIT,61,30,RS,94,100,0.94
BASE_ALPHAEDIT,61,31,RS,95,100,0.95
BASE_ALPHAEDIT,61,32,RS,98,100,0.98
BASE_ALPHAEDIT,61,33,RS,98,100,0.98
BASE_ALPHAEDIT,61,34,RS,98,100,0.98
BASE_ALPHAEDIT,61,35,RS,98,100,0.98
BASE_ALPHAEDIT,61,36,RS,99,100,0.99
BASE_ALPHAEDIT,61,37,RS,97,100,0.97
BASE_ALPHAEDIT,61,38,RS,98,100,0.98
BASE_ALPHAEDIT,61,39,RS,99,100,0.99
BASE_ALPHAEDIT,61,40,RS,99,100,0.99
BASE_ALPHAEDIT,61,41,RS,97,100,0.97
BASE_ALPHAEDIT,61,42,RS,99,100,0.99
BASE_ALPHAEDIT,61,43,RS,100,100,1.0
BASE_ALPHAEDIT,61,44,RS,100,100,1.0
BASE_ALPHAEDIT,61,45,RS,98,100,0.98
BASE_ALPHAEDIT,61,46,RS,99,100,0.99
BASE_ALPHAEDIT,61,47,RS,100,100,1.0
BASE_ALPHAEDIT,61,48,RS,100,100,1.0
BASE_ALPHAEDIT,61,49,RS,99,100,0.99
BASE_ALPHAEDIT,61,50,RS,100,100,1.0
BASE_ALPHAEDIT,61,51,RS,100,100,1.0
BASE_ALPHAEDIT,61,52,RS,100,100,1.0
BASE_ALPHAEDIT,61,53,RS,100,100,1.0
BASE_ALPHAEDIT,61,54,RS,100,100,1.0
BASE_ALPHAEDIT,61,55,RS,100,100,1.0
BASE_ALPHAEDIT,61,56,RS,100,100,1.0
BASE_ALPHAEDIT,61,57,RS,100,100,1.0
BASE_ALPHAEDIT,61,58,RS,100,100,1.0
BASE_ALPHAEDIT,61,59,RS,100,100,1.0
BASE_ALPHAEDIT,61,60,RS,100,100,1.0
BASE_ALPHAEDIT,61,61,RS,100,100,1.0
BASE_ALPHAEDIT,62,1,RS,80,100,0.8
BASE_ALPHAEDIT,62,2,RS,75,100,0.75
BASE_ALPHAEDIT,62,3,RS,81,100,0.81
BASE_ALPHAEDIT,62,4,RS,88,100,0.88
BASE_ALPHAEDIT,62,5,RS,83,100,0.83
BASE_ALPHAEDIT,62,6,RS,81,100,0.81
BASE_ALPHAEDIT,62,7,RS,87,100,0.87
BASE_ALPHAEDIT,62,8,RS,91,100,0.91
BASE_ALPHAEDIT,62,9,RS,92,100,0.92
BASE_ALPHAEDIT,62,10,RS,90,100,0.9
BASE_ALPHAEDIT,62,11,RS,92,100,0.92
BASE_ALPHAEDIT,62,12,RS,89,100,0.89
BASE_ALPHAEDIT,62,13,RS,88,100,0.88
BASE_ALPHAEDIT,62,14,RS,96,100,0.96
BASE_ALPHAEDIT,62,15,RS,90,100,0.9
BASE_ALPHAEDIT,62,16,RS,88,100,0.88
BASE_ALPHAEDIT,62,17,RS,89,100,0.89
BASE_ALPHAEDIT,62,18,RS,89,100,0.89
BASE_ALPHAEDIT,62,19,RS,94,100,0.94
BASE_ALPHAEDIT,62,20,RS,94,100,0.94
BASE_ALPHAEDIT,62,21,RS,96,100,0.96
BASE_ALPHAEDIT,62,22,RS,91,100,0.91
BASE_ALPHAEDIT,62,23,RS,93,100,0.93
BASE_ALPHAEDIT,62,24,RS,96,100,0.96
BASE_ALPHAEDIT,62,25,RS,95,100,0.95
BASE_ALPHAEDIT,62,26,RS,94,100,0.94
BASE_ALPHAEDIT,62,27,RS,94,100,0.94
BASE_ALPHAEDIT,62,28,RS,96,100,0.96
BASE_ALPHAEDIT,62,29,RS,97,100,0.97
BASE_ALPHAEDIT,62,30,RS,92,100,0.92
BASE_ALPHAEDIT,62,31,RS,95,100,0.95
BASE_ALPHAEDIT,62,32,RS,99,100,0.99
BASE_ALPHAEDIT,62,33,RS,98,100,0.98
BASE_ALPHAEDIT,62,34,RS,98,100,0.98
BASE_ALPHAEDIT,62,35,RS,99,100,0.99
BASE_ALPHAEDIT,62,36,RS,99,100,0.99
BASE_ALPHAEDIT,62,37,RS,97,100,0.97
BASE_ALPHAEDIT,62,38,RS,99,100,0.99
BASE_ALPHAEDIT,62,39,RS,100,100,1.0
BASE_ALPHAEDIT,62,40,RS,99,100,0.99
BASE_ALPHAEDIT,62,41,RS,97,100,0.97
BASE_ALPHAEDIT,62,42,RS,99,100,0.99
BASE_ALPHAEDIT,62,43,RS,100,100,1.0
BASE_ALPHAEDIT,62,44,RS,100,100,1.0
BASE_ALPHAEDIT,62,45,RS,98,100,0.98
BASE_ALPHAEDIT,62,46,RS,99,100,0.99
BASE_ALPHAEDIT,62,47,RS,100,100,1.0
BASE_ALPHAEDIT,62,48,RS,100,100,1.0
BASE_ALPHAEDIT,62,49,RS,100,100,1.0
BASE_ALPHAEDIT,62,50,RS,100,100,1.0
BASE_ALPHAEDIT,62,51,RS,100,100,1.0
BASE_ALPHAEDIT,62,52,RS,100,100,1.0
BASE_ALPHAEDIT,62,53,RS,100,100,1.0
BASE_ALPHAEDIT,62,54,RS,100,100,1.0
BASE_ALPHAEDIT,62,55,RS,100,100,1.0
BASE_ALPHAEDIT,62,56,RS,100,100,1.0
BASE_ALPHAEDIT,62,57,RS,100,100,1.0
BASE_ALPHAEDIT,62,58,RS,100,100,1.0
BASE_ALPHAEDIT,62,59,RS,100,100,1.0
BASE_ALPHAEDIT,62,60,RS,100,100,1.0
BASE_ALPHAEDIT,62,61,RS,100,100,1.0
BASE_ALPHAEDIT,62,62,RS,100,100,1.0
BASE_ALPHAEDIT,63,1,RS,80,100,0.8
BASE_ALPHAEDIT,63,2,RS,75,100,0.75
BASE_ALPHAEDIT,63,3,RS,80,100,0.8
BASE_ALPHAEDIT,63,4,RS,87,100,0.87
BASE_ALPHAEDIT,63,5,RS,82,100,0.82
BASE_ALPHAEDIT,63,6,RS,83,100,0.83
BASE_ALPHAEDIT,63,7,RS,86,100,0.86
BASE_ALPHAEDIT,63,8,RS,90,100,0.9
BASE_ALPHAEDIT,63,9,RS,92,100,0.92
BASE_ALPHAEDIT,63,10,RS,88,100,0.88
BASE_ALPHAEDIT,63,11,RS,92,100,0.92
BASE_ALPHAEDIT,63,12,RS,85,100,0.85
BASE_ALPHAEDIT,63,13,RS,87,100,0.87
BASE_ALPHAEDIT,63,14,RS,96,100,0.96
BASE_ALPHAEDIT,63,15,RS,88,100,0.88
BASE_ALPHAEDIT,63,16,RS,88,100,0.88
BASE_ALPHAEDIT,63,17,RS,87,100,0.87
BASE_ALPHAEDIT,63,18,RS,90,100,0.9
BASE_ALPHAEDIT,63,19,RS,93,100,0.93
BASE_ALPHAEDIT,63,20,RS,93,100,0.93
BASE_ALPHAEDIT,63,21,RS,93,100,0.93
BASE_ALPHAEDIT,63,22,RS,91,100,0.91
BASE_ALPHAEDIT,63,23,RS,93,100,0.93
BASE_ALPHAEDIT,63,24,RS,94,100,0.94
BASE_ALPHAEDIT,63,25,RS,94,100,0.94
BASE_ALPHAEDIT,63,26,RS,93,100,0.93
BASE_ALPHAEDIT,63,27,RS,95,100,0.95
BASE_ALPHAEDIT,63,28,RS,95,100,0.95
BASE_ALPHAEDIT,63,29,RS,96,100,0.96
BASE_ALPHAEDIT,63,30,RS,93,100,0.93
BASE_ALPHAEDIT,63,31,RS,94,100,0.94
BASE_ALPHAEDIT,63,32,RS,99,100,0.99
BASE_ALPHAEDIT,63,33,RS,97,100,0.97
BASE_ALPHAEDIT,63,34,RS,96,100,0.96
BASE_ALPHAEDIT,63,35,RS,99,100,0.99
BASE_ALPHAEDIT,63,36,RS,99,100,0.99
BASE_ALPHAEDIT,63,37,RS,97,100,0.97
BASE_ALPHAEDIT,63,38,RS,97,100,0.97
BASE_ALPHAEDIT,63,39,RS,99,100,0.99
BASE_ALPHAEDIT,63,40,RS,99,100,0.99
BASE_ALPHAEDIT,63,41,RS,96,100,0.96
BASE_ALPHAEDIT,63,42,RS,99,100,0.99
BASE_ALPHAEDIT,63,43,RS,100,100,1.0
BASE_ALPHAEDIT,63,44,RS,100,100,1.0
BASE_ALPHAEDIT,63,45,RS,97,100,0.97
BASE_ALPHAEDIT,63,46,RS,99,100,0.99
BASE_ALPHAEDIT,63,47,RS,100,100,1.0
BASE_ALPHAEDIT,63,48,RS,100,100,1.0
BASE_ALPHAEDIT,63,49,RS,100,100,1.0
BASE_ALPHAEDIT,63,50,RS,100,100,1.0
BASE_ALPHAEDIT,63,51,RS,98,100,0.98
BASE_ALPHAEDIT,63,52,RS,100,100,1.0
BASE_ALPHAEDIT,63,53,RS,100,100,1.0
BASE_ALPHAEDIT,63,54,RS,100,100,1.0
BASE_ALPHAEDIT,63,55,RS,100,100,1.0
BASE_ALPHAEDIT,63,56,RS,100,100,1.0
BASE_ALPHAEDIT,63,57,RS,100,100,1.0
BASE_ALPHAEDIT,63,58,RS,100,100,1.0
BASE_ALPHAEDIT,63,59,RS,99,100,0.99
BASE_ALPHAEDIT,63,60,RS,100,100,1.0
BASE_ALPHAEDIT,63,61,RS,100,100,1.0
BASE_ALPHAEDIT,63,62,RS,100,100,1.0
BASE_ALPHAEDIT,63,63,RS,100,100,1.0
BASE_ALPHAEDIT,64,1,RS,79,100,0.79
BASE_ALPHAEDIT,64,2,RS,76,100,0.76
BASE_ALPHAEDIT,64,3,RS,79,100,0.79
BASE_ALPHAEDIT,64,4,RS,86,100,0.86
BASE_ALPHAEDIT,64,5,RS,83,100,0.83
BASE_ALPHAEDIT,64,6,RS,81,100,0.81
BASE_ALPHAEDIT,64,7,RS,86,100,0.86
BASE_ALPHAEDIT,64,8,RS,88,100,0.88
BASE_ALPHAEDIT,64,9,RS,91,100,0.91
BASE_ALPHAEDIT,64,10,RS,88,100,0.88
BASE_ALPHAEDIT,64,11,RS,90,100,0.9
BASE_ALPHAEDIT,64,12,RS,84,100,0.84
BASE_ALPHAEDIT,64,13,RS,85,100,0.85
BASE_ALPHAEDIT,64,14,RS,95,100,0.95
BASE_ALPHAEDIT,64,15,RS,87,100,0.87
BASE_ALPHAEDIT,64,16,RS,88,100,0.88
BASE_ALPHAEDIT,64,17,RS,85,100,0.85
BASE_ALPHAEDIT,64,18,RS,89,100,0.89
BASE_ALPHAEDIT,64,19,RS,91,100,0.91
BASE_ALPHAEDIT,64,20,RS,92,100,0.92
BASE_ALPHAEDIT,64,21,RS,91,100,0.91
BASE_ALPHAEDIT,64,22,RS,90,100,0.9
BASE_ALPHAEDIT,64,23,RS,92,100,0.92
BASE_ALPHAEDIT,64,24,RS,94,100,0.94
BASE_ALPHAEDIT,64,25,RS,93,100,0.93
BASE_ALPHAEDIT,64,26,RS,93,100,0.93
BASE_ALPHAEDIT,64,27,RS,92,100,0.92
BASE_ALPHAEDIT,64,28,RS,96,100,0.96
BASE_ALPHAEDIT,64,29,RS,96,100,0.96
BASE_ALPHAEDIT,64,30,RS,92,100,0.92
BASE_ALPHAEDIT,64,31,RS,95,100,0.95
BASE_ALPHAEDIT,64,32,RS,98,100,0.98
BASE_ALPHAEDIT,64,33,RS,97,100,0.97
BASE_ALPHAEDIT,64,34,RS,97,100,0.97
BASE_ALPHAEDIT,64,35,RS,99,100,0.99
BASE_ALPHAEDIT,64,36,RS,99,100,0.99
BASE_ALPHAEDIT,64,37,RS,97,100,0.97
BASE_ALPHAEDIT,64,38,RS,96,100,0.96
BASE_ALPHAEDIT,64,39,RS,97,100,0.97
BASE_ALPHAEDIT,64,40,RS,99,100,0.99
BASE_ALPHAEDIT,64,41,RS,96,100,0.96
BASE_ALPHAEDIT,64,42,RS,99,100,0.99
BASE_ALPHAEDIT,64,43,RS,99,100,0.99
BASE_ALPHAEDIT,64,44,RS,100,100,1.0
BASE_ALPHAEDIT,64,45,RS,97,100,0.97
BASE_ALPHAEDIT,64,46,RS,99,100,0.99
BASE_ALPHAEDIT,64,47,RS,100,100,1.0
BASE_ALPHAEDIT,64,48,RS,100,100,1.0
BASE_ALPHAEDIT,64,49,RS,99,100,0.99
BASE_ALPHAEDIT,64,50,RS,100,100,1.0
BASE_ALPHAEDIT,64,51,RS,98,100,0.98
BASE_ALPHAEDIT,64,52,RS,100,100,1.0
BASE_ALPHAEDIT,64,53,RS,100,100,1.0
BASE_ALPHAEDIT,64,54,RS,99,100,0.99
BASE_ALPHAEDIT,64,55,RS,100,100,1.0
BASE_ALPHAEDIT,64,56,RS,100,100,1.0
BASE_ALPHAEDIT,64,57,RS,100,100,1.0
BASE_ALPHAEDIT,64,58,RS,100,100,1.0
BASE_ALPHAEDIT,64,59,RS,98,100,0.98
BASE_ALPHAEDIT,64,60,RS,100,100,1.0
BASE_ALPHAEDIT,64,61,RS,100,100,1.0
BASE_ALPHAEDIT,64,62,RS,100,100,1.0
BASE_ALPHAEDIT,64,63,RS,100,100,1.0
BASE_ALPHAEDIT,64,64,RS,100,100,1.0
BASE_ALPHAEDIT,65,1,RS,80,100,0.8
BASE_ALPHAEDIT,65,2,RS,75,100,0.75
BASE_ALPHAEDIT,65,3,RS,77,100,0.77
BASE_ALPHAEDIT,65,4,RS,87,100,0.87
BASE_ALPHAEDIT,65,5,RS,82,100,0.82
BASE_ALPHAEDIT,65,6,RS,79,100,0.79
BASE_ALPHAEDIT,65,7,RS,85,100,0.85
BASE_ALPHAEDIT,65,8,RS,88,100,0.88
BASE_ALPHAEDIT,65,9,RS,89,100,0.89
BASE_ALPHAEDIT,65,10,RS,89,100,0.89
BASE_ALPHAEDIT,65,11,RS,88,100,0.88
BASE_ALPHAEDIT,65,12,RS,83,100,0.83
BASE_ALPHAEDIT,65,13,RS,85,100,0.85
BASE_ALPHAEDIT,65,14,RS,93,100,0.93
BASE_ALPHAEDIT,65,15,RS,90,100,0.9
BASE_ALPHAEDIT,65,16,RS,89,100,0.89
BASE_ALPHAEDIT,65,17,RS,84,100,0.84
BASE_ALPHAEDIT,65,18,RS,90,100,0.9
BASE_ALPHAEDIT,65,19,RS,90,100,0.9
BASE_ALPHAEDIT,65,20,RS,88,100,0.88
BASE_ALPHAEDIT,65,21,RS,92,100,0.92
BASE_ALPHAEDIT,65,22,RS,91,100,0.91
BASE_ALPHAEDIT,65,23,RS,91,100,0.91
BASE_ALPHAEDIT,65,24,RS,94,100,0.94
BASE_ALPHAEDIT,65,25,RS,88,100,0.88
BASE_ALPHAEDIT,65,26,RS,90,100,0.9
BASE_ALPHAEDIT,65,27,RS,92,100,0.92
BASE_ALPHAEDIT,65,28,RS,92,100,0.92
BASE_ALPHAEDIT,65,29,RS,96,100,0.96
BASE_ALPHAEDIT,65,30,RS,92,100,0.92
BASE_ALPHAEDIT,65,31,RS,93,100,0.93
BASE_ALPHAEDIT,65,32,RS,94,100,0.94
BASE_ALPHAEDIT,65,33,RS,94,100,0.94
BASE_ALPHAEDIT,65,34,RS,96,100,0.96
BASE_ALPHAEDIT,65,35,RS,99,100,0.99
BASE_ALPHAEDIT,65,36,RS,98,100,0.98
BASE_ALPHAEDIT,65,37,RS,97,100,0.97
BASE_ALPHAEDIT,65,38,RS,96,100,0.96
BASE_ALPHAEDIT,65,39,RS,97,100,0.97
BASE_ALPHAEDIT,65,40,RS,99,100,0.99
BASE_ALPHAEDIT,65,41,RS,95,100,0.95
BASE_ALPHAEDIT,65,42,RS,99,100,0.99
BASE_ALPHAEDIT,65,43,RS,100,100,1.0
BASE_ALPHAEDIT,65,44,RS,100,100,1.0
BASE_ALPHAEDIT,65,45,RS,98,100,0.98
BASE_ALPHAEDIT,65,46,RS,99,100,0.99
BASE_ALPHAEDIT,65,47,RS,99,100,0.99
BASE_ALPHAEDIT,65,48,RS,100,100,1.0
BASE_ALPHAEDIT,65,49,RS,100,100,1.0
BASE_ALPHAEDIT,65,50,RS,100,100,1.0
BASE_ALPHAEDIT,65,51,RS,100,100,1.0
BASE_ALPHAEDIT,65,52,RS,100,100,1.0
BASE_ALPHAEDIT,65,53,RS,100,100,1.0
BASE_ALPHAEDIT,65,54,RS,98,100,0.98
BASE_ALPHAEDIT,65,55,RS,100,100,1.0
BASE_ALPHAEDIT,65,56,RS,99,100,0.99
BASE_ALPHAEDIT,65,57,RS,100,100,1.0
BASE_ALPHAEDIT,65,58,RS,100,100,1.0
BASE_ALPHAEDIT,65,59,RS,99,100,0.99
BASE_ALPHAEDIT,65,60,RS,100,100,1.0
BASE_ALPHAEDIT,65,61,RS,100,100,1.0
BASE_ALPHAEDIT,65,62,RS,100,100,1.0
BASE_ALPHAEDIT,65,63,RS,100,100,1.0
BASE_ALPHAEDIT,65,64,RS,100,100,1.0
BASE_ALPHAEDIT,65,65,RS,100,100,1.0
BASE_ALPHAEDIT,66,1,RS,76,100,0.76
BASE_ALPHAEDIT,66,2,RS,71,100,0.71
BASE_ALPHAEDIT,66,3,RS,74,100,0.74
BASE_ALPHAEDIT,66,4,RS,84,100,0.84
BASE_ALPHAEDIT,66,5,RS,82,100,0.82
BASE_ALPHAEDIT,66,6,RS,80,100,0.8
BASE_ALPHAEDIT,66,7,RS,84,100,0.84
BASE_ALPHAEDIT,66,8,RS,87,100,0.87
BASE_ALPHAEDIT,66,9,RS,89,100,0.89
BASE_ALPHAEDIT,66,10,RS,88,100,0.88
BASE_ALPHAEDIT,66,11,RS,87,100,0.87
BASE_ALPHAEDIT,66,12,RS,82,100,0.82
BASE_ALPHAEDIT,66,13,RS,86,100,0.86
BASE_ALPHAEDIT,66,14,RS,89,100,0.89
BASE_ALPHAEDIT,66,15,RS,89,100,0.89
BASE_ALPHAEDIT,66,16,RS,87,100,0.87
BASE_ALPHAEDIT,66,17,RS,84,100,0.84
BASE_ALPHAEDIT,66,18,RS,88,100,0.88
BASE_ALPHAEDIT,66,19,RS,89,100,0.89
BASE_ALPHAEDIT,66,20,RS,85,100,0.85
BASE_ALPHAEDIT,66,21,RS,87,100,0.87
BASE_ALPHAEDIT,66,22,RS,91,100,0.91
BASE_ALPHAEDIT,66,23,RS,89,100,0.89
BASE_ALPHAEDIT,66,24,RS,94,100,0.94
BASE_ALPHAEDIT,66,25,RS,88,100,0.88
BASE_ALPHAEDIT,66,26,RS,90,100,0.9
BASE_ALPHAEDIT,66,27,RS,86,100,0.86
BASE_ALPHAEDIT,66,28,RS,92,100,0.92
BASE_ALPHAEDIT,66,29,RS,95,100,0.95
BASE_ALPHAEDIT,66,30,RS,92,100,0.92
BASE_ALPHAEDIT,66,31,RS,92,100,0.92
BASE_ALPHAEDIT,66,32,RS,93,100,0.93
BASE_ALPHAEDIT,66,33,RS,94,100,0.94
BASE_ALPHAEDIT,66,34,RS,94,100,0.94
BASE_ALPHAEDIT,66,35,RS,94,100,0.94
BASE_ALPHAEDIT,66,36,RS,97,100,0.97
BASE_ALPHAEDIT,66,37,RS,97,100,0.97
BASE_ALPHAEDIT,66,38,RS,95,100,0.95
BASE_ALPHAEDIT,66,39,RS,97,100,0.97
BASE_ALPHAEDIT,66,40,RS,98,100,0.98
BASE_ALPHAEDIT,66,41,RS,95,100,0.95
BASE_ALPHAEDIT,66,42,RS,98,100,0.98
BASE_ALPHAEDIT,66,43,RS,100,100,1.0
BASE_ALPHAEDIT,66,44,RS,100,100,1.0
BASE_ALPHAEDIT,66,45,RS,96,100,0.96
BASE_ALPHAEDIT,66,46,RS,98,100,0.98
BASE_ALPHAEDIT,66,47,RS,99,100,0.99
BASE_ALPHAEDIT,66,48,RS,100,100,1.0
BASE_ALPHAEDIT,66,49,RS,98,100,0.98
BASE_ALPHAEDIT,66,50,RS,100,100,1.0
BASE_ALPHAEDIT,66,51,RS,99,100,0.99
BASE_ALPHAEDIT,66,52,RS,100,100,1.0
BASE_ALPHAEDIT,66,53,RS,100,100,1.0
BASE_ALPHAEDIT,66,54,RS,98,100,0.98
BASE_ALPHAEDIT,66,55,RS,100,100,1.0
BASE_ALPHAEDIT,66,56,RS,100,100,1.0
BASE_ALPHAEDIT,66,57,RS,100,100,1.0
BASE_ALPHAEDIT,66,58,RS,100,100,1.0
BASE_ALPHAEDIT,66,59,RS,98,100,0.98
BASE_ALPHAEDIT,66,60,RS,100,100,1.0
BASE_ALPHAEDIT,66,61,RS,100,100,1.0
BASE_ALPHAEDIT,66,62,RS,100,100,1.0
BASE_ALPHAEDIT,66,63,RS,100,100,1.0
BASE_ALPHAEDIT,66,64,RS,100,100,1.0
BASE_ALPHAEDIT,66,65,RS,100,100,1.0
BASE_ALPHAEDIT,66,66,RS,100,100,1.0
BASE_ALPHAEDIT,67,1,RS,78,100,0.78
BASE_ALPHAEDIT,67,2,RS,71,100,0.71
BASE_ALPHAEDIT,67,3,RS,74,100,0.74
BASE_ALPHAEDIT,67,4,RS,82,100,0.82
BASE_ALPHAEDIT,67,5,RS,82,100,0.82
BASE_ALPHAEDIT,67,6,RS,76,100,0.76
BASE_ALPHAEDIT,67,7,RS,83,100,0.83
BASE_ALPHAEDIT,67,8,RS,84,100,0.84
BASE_ALPHAEDIT,67,9,RS,88,100,0.88
BASE_ALPHAEDIT,67,10,RS,83,100,0.83
BASE_ALPHAEDIT,67,11,RS,85,100,0.85
BASE_ALPHAEDIT,67,12,RS,82,100,0.82
BASE_ALPHAEDIT,67,13,RS,85,100,0.85
BASE_ALPHAEDIT,67,14,RS,89,100,0.89
BASE_ALPHAEDIT,67,15,RS,88,100,0.88
BASE_ALPHAEDIT,67,16,RS,89,100,0.89
BASE_ALPHAEDIT,67,17,RS,78,100,0.78
BASE_ALPHAEDIT,67,18,RS,87,100,0.87
BASE_ALPHAEDIT,67,19,RS,89,100,0.89
BASE_ALPHAEDIT,67,20,RS,85,100,0.85
BASE_ALPHAEDIT,67,21,RS,85,100,0.85
BASE_ALPHAEDIT,67,22,RS,89,100,0.89
BASE_ALPHAEDIT,67,23,RS,88,100,0.88
BASE_ALPHAEDIT,67,24,RS,91,100,0.91
BASE_ALPHAEDIT,67,25,RS,86,100,0.86
BASE_ALPHAEDIT,67,26,RS,89,100,0.89
BASE_ALPHAEDIT,67,27,RS,87,100,0.87
BASE_ALPHAEDIT,67,28,RS,88,100,0.88
BASE_ALPHAEDIT,67,29,RS,95,100,0.95
BASE_ALPHAEDIT,67,30,RS,94,100,0.94
BASE_ALPHAEDIT,67,31,RS,92,100,0.92
BASE_ALPHAEDIT,67,32,RS,93,100,0.93
BASE_ALPHAEDIT,67,33,RS,95,100,0.95
BASE_ALPHAEDIT,67,34,RS,95,100,0.95
BASE_ALPHAEDIT,67,35,RS,94,100,0.94
BASE_ALPHAEDIT,67,36,RS,96,100,0.96
BASE_ALPHAEDIT,67,37,RS,96,100,0.96
BASE_ALPHAEDIT,67,38,RS,92,100,0.92
BASE_ALPHAEDIT,67,39,RS,96,100,0.96
BASE_ALPHAEDIT,67,40,RS,97,100,0.97
BASE_ALPHAEDIT,67,41,RS,95,100,0.95
BASE_ALPHAEDIT,67,42,RS,99,100,0.99
BASE_ALPHAEDIT,67,43,RS,99,100,0.99
BASE_ALPHAEDIT,67,44,RS,100,100,1.0
BASE_ALPHAEDIT,67,45,RS,94,100,0.94
BASE_ALPHAEDIT,67,46,RS,98,100,0.98
BASE_ALPHAEDIT,67,47,RS,99,100,0.99
BASE_ALPHAEDIT,67,48,RS,99,100,0.99
BASE_ALPHAEDIT,67,49,RS,97,100,0.97
BASE_ALPHAEDIT,67,50,RS,99,100,0.99
BASE_ALPHAEDIT,67,51,RS,98,100,0.98
BASE_ALPHAEDIT,67,52,RS,100,100,1.0
BASE_ALPHAEDIT,67,53,RS,99,100,0.99
BASE_ALPHAEDIT,67,54,RS,97,100,0.97
BASE_ALPHAEDIT,67,55,RS,100,100,1.0
BASE_ALPHAEDIT,67,56,RS,100,100,1.0
BASE_ALPHAEDIT,67,57,RS,100,100,1.0
BASE_ALPHAEDIT,67,58,RS,99,100,0.99
BASE_ALPHAEDIT,67,59,RS,98,100,0.98
BASE_ALPHAEDIT,67,60,RS,100,100,1.0
BASE_ALPHAEDIT,67,61,RS,100,100,1.0
BASE_ALPHAEDIT,67,62,RS,99,100,0.99
BASE_ALPHAEDIT,67,63,RS,100,100,1.0
BASE_ALPHAEDIT,67,64,RS,100,100,1.0
BASE_ALPHAEDIT,67,65,RS,100,100,1.0
BASE_ALPHAEDIT,67,66,RS,100,100,1.0
BASE_ALPHAEDIT,67,67,RS,100,100,1.0
BASE_ALPHAEDIT,68,1,RS,78,100,0.78
BASE_ALPHAEDIT,68,2,RS,72,100,0.72
BASE_ALPHAEDIT,68,3,RS,73,100,0.73
BASE_ALPHAEDIT,68,4,RS,81,100,0.81
BASE_ALPHAEDIT,68,5,RS,79,100,0.79
BASE_ALPHAEDIT,68,6,RS,73,100,0.73
BASE_ALPHAEDIT,68,7,RS,83,100,0.83
BASE_ALPHAEDIT,68,8,RS,85,100,0.85
BASE_ALPHAEDIT,68,9,RS,89,100,0.89
BASE_ALPHAEDIT,68,10,RS,85,100,0.85
BASE_ALPHAEDIT,68,11,RS,85,100,0.85
BASE_ALPHAEDIT,68,12,RS,82,100,0.82
BASE_ALPHAEDIT,68,13,RS,84,100,0.84
BASE_ALPHAEDIT,68,14,RS,89,100,0.89
BASE_ALPHAEDIT,68,15,RS,87,100,0.87
BASE_ALPHAEDIT,68,16,RS,86,100,0.86
BASE_ALPHAEDIT,68,17,RS,78,100,0.78
BASE_ALPHAEDIT,68,18,RS,88,100,0.88
BASE_ALPHAEDIT,68,19,RS,86,100,0.86
BASE_ALPHAEDIT,68,20,RS,88,100,0.88
BASE_ALPHAEDIT,68,21,RS,85,100,0.85
BASE_ALPHAEDIT,68,22,RS,90,100,0.9
BASE_ALPHAEDIT,68,23,RS,89,100,0.89
BASE_ALPHAEDIT,68,24,RS,91,100,0.91
BASE_ALPHAEDIT,68,25,RS,88,100,0.88
BASE_ALPHAEDIT,68,26,RS,88,100,0.88
BASE_ALPHAEDIT,68,27,RS,89,100,0.89
BASE_ALPHAEDIT,68,28,RS,92,100,0.92
BASE_ALPHAEDIT,68,29,RS,95,100,0.95
BASE_ALPHAEDIT,68,30,RS,93,100,0.93
BASE_ALPHAEDIT,68,31,RS,90,100,0.9
BASE_ALPHAEDIT,68,32,RS,93,100,0.93
BASE_ALPHAEDIT,68,33,RS,95,100,0.95
BASE_ALPHAEDIT,68,34,RS,95,100,0.95
BASE_ALPHAEDIT,68,35,RS,93,100,0.93
BASE_ALPHAEDIT,68,36,RS,96,100,0.96
BASE_ALPHAEDIT,68,37,RS,95,100,0.95
BASE_ALPHAEDIT,68,38,RS,92,100,0.92
BASE_ALPHAEDIT,68,39,RS,95,100,0.95
BASE_ALPHAEDIT,68,40,RS,97,100,0.97
BASE_ALPHAEDIT,68,41,RS,93,100,0.93
BASE_ALPHAEDIT,68,42,RS,98,100,0.98
BASE_ALPHAEDIT,68,43,RS,99,100,0.99
BASE_ALPHAEDIT,68,44,RS,100,100,1.0
BASE_ALPHAEDIT,68,45,RS,94,100,0.94
BASE_ALPHAEDIT,68,46,RS,98,100,0.98
BASE_ALPHAEDIT,68,47,RS,99,100,0.99
BASE_ALPHAEDIT,68,48,RS,99,100,0.99
BASE_ALPHAEDIT,68,49,RS,95,100,0.95
BASE_ALPHAEDIT,68,50,RS,99,100,0.99
BASE_ALPHAEDIT,68,51,RS,98,100,0.98
BASE_ALPHAEDIT,68,52,RS,100,100,1.0
BASE_ALPHAEDIT,68,53,RS,99,100,0.99
BASE_ALPHAEDIT,68,54,RS,96,100,0.96
BASE_ALPHAEDIT,68,55,RS,100,100,1.0
BASE_ALPHAEDIT,68,56,RS,99,100,0.99
BASE_ALPHAEDIT,68,57,RS,100,100,1.0
BASE_ALPHAEDIT,68,58,RS,99,100,0.99
BASE_ALPHAEDIT,68,59,RS,99,100,0.99
BASE_ALPHAEDIT,68,60,RS,100,100,1.0
BASE_ALPHAEDIT,68,61,RS,100,100,1.0
BASE_ALPHAEDIT,68,62,RS,99,100,0.99
BASE_ALPHAEDIT,68,63,RS,100,100,1.0
BASE_ALPHAEDIT,68,64,RS,100,100,1.0
BASE_ALPHAEDIT,68,65,RS,100,100,1.0
BASE_ALPHAEDIT,68,66,RS,100,100,1.0
BASE_ALPHAEDIT,68,67,RS,100,100,1.0
BASE_ALPHAEDIT,68,68,RS,100,100,1.0
BASE_ALPHAEDIT,69,1,RS,78,100,0.78
BASE_ALPHAEDIT,69,2,RS,71,100,0.71
BASE_ALPHAEDIT,69,3,RS,69,100,0.69
BASE_ALPHAEDIT,69,4,RS,81,100,0.81
BASE_ALPHAEDIT,69,5,RS,75,100,0.75
BASE_ALPHAEDIT,69,6,RS,74,100,0.74
BASE_ALPHAEDIT,69,7,RS,80,100,0.8
BASE_ALPHAEDIT,69,8,RS,82,100,0.82
BASE_ALPHAEDIT,69,9,RS,87,100,0.87
BASE_ALPHAEDIT,69,10,RS,80,100,0.8
BASE_ALPHAEDIT,69,11,RS,81,100,0.81
BASE_ALPHAEDIT,69,12,RS,81,100,0.81
BASE_ALPHAEDIT,69,13,RS,84,100,0.84
BASE_ALPHAEDIT,69,14,RS,86,100,0.86
BASE_ALPHAEDIT,69,15,RS,86,100,0.86
BASE_ALPHAEDIT,69,16,RS,86,100,0.86
BASE_ALPHAEDIT,69,17,RS,77,100,0.77
BASE_ALPHAEDIT,69,18,RS,85,100,0.85
BASE_ALPHAEDIT,69,19,RS,88,100,0.88
BASE_ALPHAEDIT,69,20,RS,86,100,0.86
BASE_ALPHAEDIT,69,21,RS,86,100,0.86
BASE_ALPHAEDIT,69,22,RS,87,100,0.87
BASE_ALPHAEDIT,69,23,RS,89,100,0.89
BASE_ALPHAEDIT,69,24,RS,88,100,0.88
BASE_ALPHAEDIT,69,25,RS,86,100,0.86
BASE_ALPHAEDIT,69,26,RS,88,100,0.88
BASE_ALPHAEDIT,69,27,RS,88,100,0.88
BASE_ALPHAEDIT,69,28,RS,90,100,0.9
BASE_ALPHAEDIT,69,29,RS,91,100,0.91
BASE_ALPHAEDIT,69,30,RS,92,100,0.92
BASE_ALPHAEDIT,69,31,RS,90,100,0.9
BASE_ALPHAEDIT,69,32,RS,92,100,0.92
BASE_ALPHAEDIT,69,33,RS,91,100,0.91
BASE_ALPHAEDIT,69,34,RS,95,100,0.95
BASE_ALPHAEDIT,69,35,RS,93,100,0.93
BASE_ALPHAEDIT,69,36,RS,95,100,0.95
BASE_ALPHAEDIT,69,37,RS,97,100,0.97
BASE_ALPHAEDIT,69,38,RS,91,100,0.91
BASE_ALPHAEDIT,69,39,RS,94,100,0.94
BASE_ALPHAEDIT,69,40,RS,96,100,0.96
BASE_ALPHAEDIT,69,41,RS,89,100,0.89
BASE_ALPHAEDIT,69,42,RS,97,100,0.97
BASE_ALPHAEDIT,69,43,RS,99,100,0.99
BASE_ALPHAEDIT,69,44,RS,97,100,0.97
BASE_ALPHAEDIT,69,45,RS,93,100,0.93
BASE_ALPHAEDIT,69,46,RS,96,100,0.96
BASE_ALPHAEDIT,69,47,RS,99,100,0.99
BASE_ALPHAEDIT,69,48,RS,98,100,0.98
BASE_ALPHAEDIT,69,49,RS,96,100,0.96
BASE_ALPHAEDIT,69,50,RS,99,100,0.99
BASE_ALPHAEDIT,69,51,RS,98,100,0.98
BASE_ALPHAEDIT,69,52,RS,100,100,1.0
BASE_ALPHAEDIT,69,53,RS,98,100,0.98
BASE_ALPHAEDIT,69,54,RS,98,100,0.98
BASE_ALPHAEDIT,69,55,RS,100,100,1.0
BASE_ALPHAEDIT,69,56,RS,99,100,0.99
BASE_ALPHAEDIT,69,57,RS,99,100,0.99
BASE_ALPHAEDIT,69,58,RS,99,100,0.99
BASE_ALPHAEDIT,69,59,RS,99,100,0.99
BASE_ALPHAEDIT,69,60,RS,100,100,1.0
BASE_ALPHAEDIT,69,61,RS,99,100,0.99
BASE_ALPHAEDIT,69,62,RS,99,100,0.99
BASE_ALPHAEDIT,69,63,RS,100,100,1.0
BASE_ALPHAEDIT,69,64,RS,99,100,0.99
BASE_ALPHAEDIT,69,65,RS,100,100,1.0
BASE_ALPHAEDIT,69,66,RS,100,100,1.0
BASE_ALPHAEDIT,69,67,RS,100,100,1.0
BASE_ALPHAEDIT,69,68,RS,100,100,1.0
BASE_ALPHAEDIT,69,69,RS,100,100,1.0
BASE_ALPHAEDIT,70,1,RS,77,100,0.77
BASE_ALPHAEDIT,70,2,RS,72,100,0.72
BASE_ALPHAEDIT,70,3,RS,73,100,0.73
BASE_ALPHAEDIT,70,4,RS,80,100,0.8
BASE_ALPHAEDIT,70,5,RS,73,100,0.73
BASE_ALPHAEDIT,70,6,RS,68,100,0.68
BASE_ALPHAEDIT,70,7,RS,77,100,0.77
BASE_ALPHAEDIT,70,8,RS,78,100,0.78
BASE_ALPHAEDIT,70,9,RS,88,100,0.88
BASE_ALPHAEDIT,70,10,RS,78,100,0.78
BASE_ALPHAEDIT,70,11,RS,81,100,0.81
BASE_ALPHAEDIT,70,12,RS,81,100,0.81
BASE_ALPHAEDIT,70,13,RS,82,100,0.82
BASE_ALPHAEDIT,70,14,RS,87,100,0.87
BASE_ALPHAEDIT,70,15,RS,86,100,0.86
BASE_ALPHAEDIT,70,16,RS,84,100,0.84
BASE_ALPHAEDIT,70,17,RS,77,100,0.77
BASE_ALPHAEDIT,70,18,RS,85,100,0.85
BASE_ALPHAEDIT,70,19,RS,85,100,0.85
BASE_ALPHAEDIT,70,20,RS,88,100,0.88
BASE_ALPHAEDIT,70,21,RS,85,100,0.85
BASE_ALPHAEDIT,70,22,RS,83,100,0.83
BASE_ALPHAEDIT,70,23,RS,89,100,0.89
BASE_ALPHAEDIT,70,24,RS,87,100,0.87
BASE_ALPHAEDIT,70,25,RS,86,100,0.86
BASE_ALPHAEDIT,70,26,RS,88,100,0.88
BASE_ALPHAEDIT,70,27,RS,83,100,0.83
BASE_ALPHAEDIT,70,28,RS,86,100,0.86
BASE_ALPHAEDIT,70,29,RS,92,100,0.92
BASE_ALPHAEDIT,70,30,RS,90,100,0.9
BASE_ALPHAEDIT,70,31,RS,89,100,0.89
BASE_ALPHAEDIT,70,32,RS,93,100,0.93
BASE_ALPHAEDIT,70,33,RS,91,100,0.91
BASE_ALPHAEDIT,70,34,RS,95,100,0.95
BASE_ALPHAEDIT,70,35,RS,91,100,0.91
BASE_ALPHAEDIT,70,36,RS,94,100,0.94
BASE_ALPHAEDIT,70,37,RS,95,100,0.95
BASE_ALPHAEDIT,70,38,RS,90,100,0.9
BASE_ALPHAEDIT,70,39,RS,94,100,0.94
BASE_ALPHAEDIT,70,40,RS,96,100,0.96
BASE_ALPHAEDIT,70,41,RS,91,100,0.91
BASE_ALPHAEDIT,70,42,RS,97,100,0.97
BASE_ALPHAEDIT,70,43,RS,97,100,0.97
BASE_ALPHAEDIT,70,44,RS,96,100,0.96
BASE_ALPHAEDIT,70,45,RS,93,100,0.93
BASE_ALPHAEDIT,70,46,RS,95,100,0.95
BASE_ALPHAEDIT,70,47,RS,100,100,1.0
BASE_ALPHAEDIT,70,48,RS,98,100,0.98
BASE_ALPHAEDIT,70,49,RS,96,100,0.96
BASE_ALPHAEDIT,70,50,RS,99,100,0.99
BASE_ALPHAEDIT,70,51,RS,98,100,0.98
BASE_ALPHAEDIT,70,52,RS,100,100,1.0
BASE_ALPHAEDIT,70,53,RS,97,100,0.97
BASE_ALPHAEDIT,70,54,RS,97,100,0.97
BASE_ALPHAEDIT,70,55,RS,100,100,1.0
BASE_ALPHAEDIT,70,56,RS,100,100,1.0
BASE_ALPHAEDIT,70,57,RS,99,100,0.99
BASE_ALPHAEDIT,70,58,RS,99,100,0.99
BASE_ALPHAEDIT,70,59,RS,98,100,0.98
BASE_ALPHAEDIT,70,60,RS,100,100,1.0
BASE_ALPHAEDIT,70,61,RS,98,100,0.98
BASE_ALPHAEDIT,70,62,RS,99,100,0.99
BASE_ALPHAEDIT,70,63,RS,100,100,1.0
BASE_ALPHAEDIT,70,64,RS,99,100,0.99
BASE_ALPHAEDIT,70,65,RS,100,100,1.0
BASE_ALPHAEDIT,70,66,RS,99,100,0.99
BASE_ALPHAEDIT,70,67,RS,100,100,1.0
BASE_ALPHAEDIT,70,68,RS,100,100,1.0
BASE_ALPHAEDIT,70,69,RS,100,100,1.0
BASE_ALPHAEDIT,70,70,RS,100,100,1.0
BASE_ALPHAEDIT,71,1,RS,73,100,0.73
BASE_ALPHAEDIT,71,2,RS,70,100,0.7
BASE_ALPHAEDIT,71,3,RS,73,100,0.73
BASE_ALPHAEDIT,71,4,RS,79,100,0.79
BASE_ALPHAEDIT,71,5,RS,73,100,0.73
BASE_ALPHAEDIT,71,6,RS,69,100,0.69
BASE_ALPHAEDIT,71,7,RS,79,100,0.79
BASE_ALPHAEDIT,71,8,RS,77,100,0.77
BASE_ALPHAEDIT,71,9,RS,87,100,0.87
BASE_ALPHAEDIT,71,10,RS,81,100,0.81
BASE_ALPHAEDIT,71,11,RS,80,100,0.8
BASE_ALPHAEDIT,71,12,RS,82,100,0.82
BASE_ALPHAEDIT,71,13,RS,81,100,0.81
BASE_ALPHAEDIT,71,14,RS,85,100,0.85
BASE_ALPHAEDIT,71,15,RS,85,100,0.85
BASE_ALPHAEDIT,71,16,RS,84,100,0.84
BASE_ALPHAEDIT,71,17,RS,75,100,0.75
BASE_ALPHAEDIT,71,18,RS,83,100,0.83
BASE_ALPHAEDIT,71,19,RS,81,100,0.81
BASE_ALPHAEDIT,71,20,RS,87,100,0.87
BASE_ALPHAEDIT,71,21,RS,86,100,0.86
BASE_ALPHAEDIT,71,22,RS,80,100,0.8
BASE_ALPHAEDIT,71,23,RS,89,100,0.89
BASE_ALPHAEDIT,71,24,RS,85,100,0.85
BASE_ALPHAEDIT,71,25,RS,84,100,0.84
BASE_ALPHAEDIT,71,26,RS,85,100,0.85
BASE_ALPHAEDIT,71,27,RS,82,100,0.82
BASE_ALPHAEDIT,71,28,RS,86,100,0.86
BASE_ALPHAEDIT,71,29,RS,90,100,0.9
BASE_ALPHAEDIT,71,30,RS,91,100,0.91
BASE_ALPHAEDIT,71,31,RS,86,100,0.86
BASE_ALPHAEDIT,71,32,RS,93,100,0.93
BASE_ALPHAEDIT,71,33,RS,90,100,0.9
BASE_ALPHAEDIT,71,34,RS,94,100,0.94
BASE_ALPHAEDIT,71,35,RS,91,100,0.91
BASE_ALPHAEDIT,71,36,RS,94,100,0.94
BASE_ALPHAEDIT,71,37,RS,95,100,0.95
BASE_ALPHAEDIT,71,38,RS,89,100,0.89
BASE_ALPHAEDIT,71,39,RS,93,100,0.93
BASE_ALPHAEDIT,71,40,RS,95,100,0.95
BASE_ALPHAEDIT,71,41,RS,91,100,0.91
BASE_ALPHAEDIT,71,42,RS,94,100,0.94
BASE_ALPHAEDIT,71,43,RS,96,100,0.96
BASE_ALPHAEDIT,71,44,RS,94,100,0.94
BASE_ALPHAEDIT,71,45,RS,93,100,0.93
BASE_ALPHAEDIT,71,46,RS,95,100,0.95
BASE_ALPHAEDIT,71,47,RS,98,100,0.98
BASE_ALPHAEDIT,71,48,RS,96,100,0.96
BASE_ALPHAEDIT,71,49,RS,95,100,0.95
BASE_ALPHAEDIT,71,50,RS,98,100,0.98
BASE_ALPHAEDIT,71,51,RS,97,100,0.97
BASE_ALPHAEDIT,71,52,RS,99,100,0.99
BASE_ALPHAEDIT,71,53,RS,97,100,0.97
BASE_ALPHAEDIT,71,54,RS,96,100,0.96
BASE_ALPHAEDIT,71,55,RS,100,100,1.0
BASE_ALPHAEDIT,71,56,RS,99,100,0.99
BASE_ALPHAEDIT,71,57,RS,99,100,0.99
BASE_ALPHAEDIT,71,58,RS,99,100,0.99
BASE_ALPHAEDIT,71,59,RS,98,100,0.98
BASE_ALPHAEDIT,71,60,RS,100,100,1.0
BASE_ALPHAEDIT,71,61,RS,98,100,0.98
BASE_ALPHAEDIT,71,62,RS,99,100,0.99
BASE_ALPHAEDIT,71,63,RS,99,100,0.99
BASE_ALPHAEDIT,71,64,RS,99,100,0.99
BASE_ALPHAEDIT,71,65,RS,100,100,1.0
BASE_ALPHAEDIT,71,66,RS,99,100,0.99
BASE_ALPHAEDIT,71,67,RS,100,100,1.0
BASE_ALPHAEDIT,71,68,RS,100,100,1.0
BASE_ALPHAEDIT,71,69,RS,100,100,1.0
BASE_ALPHAEDIT,71,70,RS,100,100,1.0
BASE_ALPHAEDIT,71,71,RS,100,100,1.0
BASE_ALPHAEDIT,72,1,RS,72,100,0.72
BASE_ALPHAEDIT,72,2,RS,69,100,0.69
BASE_ALPHAEDIT,72,3,RS,67,100,0.67
BASE_ALPHAEDIT,72,4,RS,80,100,0.8
BASE_ALPHAEDIT,72,5,RS,72,100,0.72
BASE_ALPHAEDIT,72,6,RS,68,100,0.68
BASE_ALPHAEDIT,72,7,RS,77,100,0.77
BASE_ALPHAEDIT,72,8,RS,78,100,0.78
BASE_ALPHAEDIT,72,9,RS,90,100,0.9
BASE_ALPHAEDIT,72,10,RS,79,100,0.79
BASE_ALPHAEDIT,72,11,RS,74,100,0.74
BASE_ALPHAEDIT,72,12,RS,81,100,0.81
BASE_ALPHAEDIT,72,13,RS,81,100,0.81
BASE_ALPHAEDIT,72,14,RS,81,100,0.81
BASE_ALPHAEDIT,72,15,RS,83,100,0.83
BASE_ALPHAEDIT,72,16,RS,84,100,0.84
BASE_ALPHAEDIT,72,17,RS,74,100,0.74
BASE_ALPHAEDIT,72,18,RS,82,100,0.82
BASE_ALPHAEDIT,72,19,RS,81,100,0.81
BASE_ALPHAEDIT,72,20,RS,84,100,0.84
BASE_ALPHAEDIT,72,21,RS,86,100,0.86
BASE_ALPHAEDIT,72,22,RS,81,100,0.81
BASE_ALPHAEDIT,72,23,RS,89,100,0.89
BASE_ALPHAEDIT,72,24,RS,84,100,0.84
BASE_ALPHAEDIT,72,25,RS,85,100,0.85
BASE_ALPHAEDIT,72,26,RS,85,100,0.85
BASE_ALPHAEDIT,72,27,RS,81,100,0.81
BASE_ALPHAEDIT,72,28,RS,85,100,0.85
BASE_ALPHAEDIT,72,29,RS,89,100,0.89
BASE_ALPHAEDIT,72,30,RS,90,100,0.9
BASE_ALPHAEDIT,72,31,RS,87,100,0.87
BASE_ALPHAEDIT,72,32,RS,91,100,0.91
BASE_ALPHAEDIT,72,33,RS,87,100,0.87
BASE_ALPHAEDIT,72,34,RS,91,100,0.91
BASE_ALPHAEDIT,72,35,RS,90,100,0.9
BASE_ALPHAEDIT,72,36,RS,93,100,0.93
BASE_ALPHAEDIT,72,37,RS,96,100,0.96
BASE_ALPHAEDIT,72,38,RS,89,100,0.89
BASE_ALPHAEDIT,72,39,RS,92,100,0.92
BASE_ALPHAEDIT,72,40,RS,93,100,0.93
BASE_ALPHAEDIT,72,41,RS,90,100,0.9
BASE_ALPHAEDIT,72,42,RS,93,100,0.93
BASE_ALPHAEDIT,72,43,RS,95,100,0.95
BASE_ALPHAEDIT,72,44,RS,93,100,0.93
BASE_ALPHAEDIT,72,45,RS,93,100,0.93
BASE_ALPHAEDIT,72,46,RS,94,100,0.94
BASE_ALPHAEDIT,72,47,RS,97,100,0.97
BASE_ALPHAEDIT,72,48,RS,97,100,0.97
BASE_ALPHAEDIT,72,49,RS,94,100,0.94
BASE_ALPHAEDIT,72,50,RS,95,100,0.95
BASE_ALPHAEDIT,72,51,RS,97,100,0.97
BASE_ALPHAEDIT,72,52,RS,98,100,0.98
BASE_ALPHAEDIT,72,53,RS,97,100,0.97
BASE_ALPHAEDIT,72,54,RS,96,100,0.96
BASE_ALPHAEDIT,72,55,RS,99,100,0.99
BASE_ALPHAEDIT,72,56,RS,99,100,0.99
BASE_ALPHAEDIT,72,57,RS,99,100,0.99
BASE_ALPHAEDIT,72,58,RS,98,100,0.98
BASE_ALPHAEDIT,72,59,RS,97,100,0.97
BASE_ALPHAEDIT,72,60,RS,100,100,1.0
BASE_ALPHAEDIT,72,61,RS,96,100,0.96
BASE_ALPHAEDIT,72,62,RS,99,100,0.99
BASE_ALPHAEDIT,72,63,RS,99,100,0.99
BASE_ALPHAEDIT,72,64,RS,99,100,0.99
BASE_ALPHAEDIT,72,65,RS,100,100,1.0
BASE_ALPHAEDIT,72,66,RS,99,100,0.99
BASE_ALPHAEDIT,72,67,RS,100,100,1.0
BASE_ALPHAEDIT,72,68,RS,100,100,1.0
BASE_ALPHAEDIT,72,69,RS,100,100,1.0
BASE_ALPHAEDIT,72,70,RS,100,100,1.0
BASE_ALPHAEDIT,72,71,RS,100,100,1.0
BASE_ALPHAEDIT,72,72,RS,100,100,1.0
BASE_ALPHAEDIT,73,1,RS,70,100,0.7
BASE_ALPHAEDIT,73,2,RS,67,100,0.67
BASE_ALPHAEDIT,73,3,RS,68,100,0.68
BASE_ALPHAEDIT,73,4,RS,79,100,0.79
BASE_ALPHAEDIT,73,5,RS,71,100,0.71
BASE_ALPHAEDIT,73,6,RS,68,100,0.68
BASE_ALPHAEDIT,73,7,RS,75,100,0.75
BASE_ALPHAEDIT,73,8,RS,75,100,0.75
BASE_ALPHAEDIT,73,9,RS,89,100,0.89
BASE_ALPHAEDIT,73,10,RS,76,100,0.76
BASE_ALPHAEDIT,73,11,RS,74,100,0.74
BASE_ALPHAEDIT,73,12,RS,80,100,0.8
BASE_ALPHAEDIT,73,13,RS,79,100,0.79
BASE_ALPHAEDIT,73,14,RS,79,100,0.79
BASE_ALPHAEDIT,73,15,RS,81,100,0.81
BASE_ALPHAEDIT,73,16,RS,84,100,0.84
BASE_ALPHAEDIT,73,17,RS,70,100,0.7
BASE_ALPHAEDIT,73,18,RS,81,100,0.81
BASE_ALPHAEDIT,73,19,RS,83,100,0.83
BASE_ALPHAEDIT,73,20,RS,84,100,0.84
BASE_ALPHAEDIT,73,21,RS,85,100,0.85
BASE_ALPHAEDIT,73,22,RS,79,100,0.79
BASE_ALPHAEDIT,73,23,RS,87,100,0.87
BASE_ALPHAEDIT,73,24,RS,82,100,0.82
BASE_ALPHAEDIT,73,25,RS,81,100,0.81
BASE_ALPHAEDIT,73,26,RS,85,100,0.85
BASE_ALPHAEDIT,73,27,RS,81,100,0.81
BASE_ALPHAEDIT,73,28,RS,86,100,0.86
BASE_ALPHAEDIT,73,29,RS,88,100,0.88
BASE_ALPHAEDIT,73,30,RS,87,100,0.87
BASE_ALPHAEDIT,73,31,RS,87,100,0.87
BASE_ALPHAEDIT,73,32,RS,89,100,0.89
BASE_ALPHAEDIT,73,33,RS,87,100,0.87
BASE_ALPHAEDIT,73,34,RS,91,100,0.91
BASE_ALPHAEDIT,73,35,RS,85,100,0.85
BASE_ALPHAEDIT,73,36,RS,90,100,0.9
BASE_ALPHAEDIT,73,37,RS,92,100,0.92
BASE_ALPHAEDIT,73,38,RS,87,100,0.87
BASE_ALPHAEDIT,73,39,RS,92,100,0.92
BASE_ALPHAEDIT,73,40,RS,93,100,0.93
BASE_ALPHAEDIT,73,41,RS,87,100,0.87
BASE_ALPHAEDIT,73,42,RS,92,100,0.92
BASE_ALPHAEDIT,73,43,RS,95,100,0.95
BASE_ALPHAEDIT,73,44,RS,92,100,0.92
BASE_ALPHAEDIT,73,45,RS,93,100,0.93
BASE_ALPHAEDIT,73,46,RS,93,100,0.93
BASE_ALPHAEDIT,73,47,RS,97,100,0.97
BASE_ALPHAEDIT,73,48,RS,97,100,0.97
BASE_ALPHAEDIT,73,49,RS,93,100,0.93
BASE_ALPHAEDIT,73,50,RS,94,100,0.94
BASE_ALPHAEDIT,73,51,RS,98,100,0.98
BASE_ALPHAEDIT,73,52,RS,97,100,0.97
BASE_ALPHAEDIT,73,53,RS,96,100,0.96
BASE_ALPHAEDIT,73,54,RS,96,100,0.96
BASE_ALPHAEDIT,73,55,RS,98,100,0.98
BASE_ALPHAEDIT,73,56,RS,98,100,0.98
BASE_ALPHAEDIT,73,57,RS,98,100,0.98
BASE_ALPHAEDIT,73,58,RS,97,100,0.97
BASE_ALPHAEDIT,73,59,RS,97,100,0.97
BASE_ALPHAEDIT,73,60,RS,100,100,1.0
BASE_ALPHAEDIT,73,61,RS,97,100,0.97
BASE_ALPHAEDIT,73,62,RS,99,100,0.99
BASE_ALPHAEDIT,73,63,RS,98,100,0.98
BASE_ALPHAEDIT,73,64,RS,99,100,0.99
BASE_ALPHAEDIT,73,65,RS,100,100,1.0
BASE_ALPHAEDIT,73,66,RS,99,100,0.99
BASE_ALPHAEDIT,73,67,RS,100,100,1.0
BASE_ALPHAEDIT,73,68,RS,100,100,1.0
BASE_ALPHAEDIT,73,69,RS,100,100,1.0
BASE_ALPHAEDIT,73,70,RS,100,100,1.0
BASE_ALPHAEDIT,73,71,RS,100,100,1.0
BASE_ALPHAEDIT,73,72,RS,100,100,1.0
BASE_ALPHAEDIT,73,73,RS,100,100,1.0
BASE_ALPHAEDIT,74,1,RS,73,100,0.73
BASE_ALPHAEDIT,74,2,RS,68,100,0.68
BASE_ALPHAEDIT,74,3,RS,66,100,0.66
BASE_ALPHAEDIT,74,4,RS,76,100,0.76
BASE_ALPHAEDIT,74,5,RS,68,100,0.68
BASE_ALPHAEDIT,74,6,RS,67,100,0.67
BASE_ALPHAEDIT,74,7,RS,74,100,0.74
BASE_ALPHAEDIT,74,8,RS,73,100,0.73
BASE_ALPHAEDIT,74,9,RS,87,100,0.87
BASE_ALPHAEDIT,74,10,RS,75,100,0.75
BASE_ALPHAEDIT,74,11,RS,72,100,0.72
BASE_ALPHAEDIT,74,12,RS,76,100,0.76
BASE_ALPHAEDIT,74,13,RS,75,100,0.75
BASE_ALPHAEDIT,74,14,RS,79,100,0.79
BASE_ALPHAEDIT,74,15,RS,77,100,0.77
BASE_ALPHAEDIT,74,16,RS,82,100,0.82
BASE_ALPHAEDIT,74,17,RS,71,100,0.71
BASE_ALPHAEDIT,74,18,RS,81,100,0.81
BASE_ALPHAEDIT,74,19,RS,80,100,0.8
BASE_ALPHAEDIT,74,20,RS,79,100,0.79
BASE_ALPHAEDIT,74,21,RS,77,100,0.77
BASE_ALPHAEDIT,74,22,RS,77,100,0.77
BASE_ALPHAEDIT,74,23,RS,82,100,0.82
BASE_ALPHAEDIT,74,24,RS,81,100,0.81
BASE_ALPHAEDIT,74,25,RS,82,100,0.82
BASE_ALPHAEDIT,74,26,RS,81,100,0.81
BASE_ALPHAEDIT,74,27,RS,83,100,0.83
BASE_ALPHAEDIT,74,28,RS,88,100,0.88
BASE_ALPHAEDIT,74,29,RS,87,100,0.87
BASE_ALPHAEDIT,74,30,RS,87,100,0.87
BASE_ALPHAEDIT,74,31,RS,82,100,0.82
BASE_ALPHAEDIT,74,32,RS,90,100,0.9
BASE_ALPHAEDIT,74,33,RS,85,100,0.85
BASE_ALPHAEDIT,74,34,RS,87,100,0.87
BASE_ALPHAEDIT,74,35,RS,85,100,0.85
BASE_ALPHAEDIT,74,36,RS,86,100,0.86
BASE_ALPHAEDIT,74,37,RS,90,100,0.9
BASE_ALPHAEDIT,74,38,RS,87,100,0.87
BASE_ALPHAEDIT,74,39,RS,88,100,0.88
BASE_ALPHAEDIT,74,40,RS,94,100,0.94
BASE_ALPHAEDIT,74,41,RS,85,100,0.85
BASE_ALPHAEDIT,74,42,RS,95,100,0.95
BASE_ALPHAEDIT,74,43,RS,94,100,0.94
BASE_ALPHAEDIT,74,44,RS,92,100,0.92
BASE_ALPHAEDIT,74,45,RS,92,100,0.92
BASE_ALPHAEDIT,74,46,RS,90,100,0.9
BASE_ALPHAEDIT,74,47,RS,96,100,0.96
BASE_ALPHAEDIT,74,48,RS,96,100,0.96
BASE_ALPHAEDIT,74,49,RS,94,100,0.94
BASE_ALPHAEDIT,74,50,RS,93,100,0.93
BASE_ALPHAEDIT,74,51,RS,96,100,0.96
BASE_ALPHAEDIT,74,52,RS,97,100,0.97
BASE_ALPHAEDIT,74,53,RS,96,100,0.96
BASE_ALPHAEDIT,74,54,RS,96,100,0.96
BASE_ALPHAEDIT,74,55,RS,98,100,0.98
BASE_ALPHAEDIT,74,56,RS,98,100,0.98
BASE_ALPHAEDIT,74,57,RS,97,100,0.97
BASE_ALPHAEDIT,74,58,RS,96,100,0.96
BASE_ALPHAEDIT,74,59,RS,96,100,0.96
BASE_ALPHAEDIT,74,60,RS,100,100,1.0
BASE_ALPHAEDIT,74,61,RS,96,100,0.96
BASE_ALPHAEDIT,74,62,RS,99,100,0.99
BASE_ALPHAEDIT,74,63,RS,98,100,0.98
BASE_ALPHAEDIT,74,64,RS,99,100,0.99
BASE_ALPHAEDIT,74,65,RS,100,100,1.0
BASE_ALPHAEDIT,74,66,RS,99,100,0.99
BASE_ALPHAEDIT,74,67,RS,100,100,1.0
BASE_ALPHAEDIT,74,68,RS,100,100,1.0
BASE_ALPHAEDIT,74,69,RS,100,100,1.0
BASE_ALPHAEDIT,74,70,RS,100,100,1.0
BASE_ALPHAEDIT,74,71,RS,100,100,1.0
BASE_ALPHAEDIT,74,72,RS,100,100,1.0
BASE_ALPHAEDIT,74,73,RS,100,100,1.0
BASE_ALPHAEDIT,74,74,RS,100,100,1.0
BASE_ALPHAEDIT,75,1,RS,66,100,0.66
BASE_ALPHAEDIT,75,2,RS,69,100,0.69
BASE_ALPHAEDIT,75,3,RS,65,100,0.65
BASE_ALPHAEDIT,75,4,RS,78,100,0.78
BASE_ALPHAEDIT,75,5,RS,70,100,0.7
BASE_ALPHAEDIT,75,6,RS,68,100,0.68
BASE_ALPHAEDIT,75,7,RS,75,100,0.75
BASE_ALPHAEDIT,75,8,RS,72,100,0.72
BASE_ALPHAEDIT,75,9,RS,82,100,0.82
BASE_ALPHAEDIT,75,10,RS,74,100,0.74
BASE_ALPHAEDIT,75,11,RS,74,100,0.74
BASE_ALPHAEDIT,75,12,RS,74,100,0.74
BASE_ALPHAEDIT,75,13,RS,76,100,0.76
BASE_ALPHAEDIT,75,14,RS,78,100,0.78
BASE_ALPHAEDIT,75,15,RS,77,100,0.77
BASE_ALPHAEDIT,75,16,RS,80,100,0.8
BASE_ALPHAEDIT,75,17,RS,67,100,0.67
BASE_ALPHAEDIT,75,18,RS,77,100,0.77
BASE_ALPHAEDIT,75,19,RS,79,100,0.79
BASE_ALPHAEDIT,75,20,RS,77,100,0.77
BASE_ALPHAEDIT,75,21,RS,78,100,0.78
BASE_ALPHAEDIT,75,22,RS,75,100,0.75
BASE_ALPHAEDIT,75,23,RS,81,100,0.81
BASE_ALPHAEDIT,75,24,RS,79,100,0.79
BASE_ALPHAEDIT,75,25,RS,82,100,0.82
BASE_ALPHAEDIT,75,26,RS,81,100,0.81
BASE_ALPHAEDIT,75,27,RS,82,100,0.82
BASE_ALPHAEDIT,75,28,RS,87,100,0.87
BASE_ALPHAEDIT,75,29,RS,90,100,0.9
BASE_ALPHAEDIT,75,30,RS,84,100,0.84
BASE_ALPHAEDIT,75,31,RS,83,100,0.83
BASE_ALPHAEDIT,75,32,RS,89,100,0.89
BASE_ALPHAEDIT,75,33,RS,85,100,0.85
BASE_ALPHAEDIT,75,34,RS,90,100,0.9
BASE_ALPHAEDIT,75,35,RS,83,100,0.83
BASE_ALPHAEDIT,75,36,RS,85,100,0.85
BASE_ALPHAEDIT,75,37,RS,88,100,0.88
BASE_ALPHAEDIT,75,38,RS,86,100,0.86
BASE_ALPHAEDIT,75,39,RS,87,100,0.87
BASE_ALPHAEDIT,75,40,RS,92,100,0.92
BASE_ALPHAEDIT,75,41,RS,85,100,0.85
BASE_ALPHAEDIT,75,42,RS,93,100,0.93
BASE_ALPHAEDIT,75,43,RS,94,100,0.94
BASE_ALPHAEDIT,75,44,RS,92,100,0.92
BASE_ALPHAEDIT,75,45,RS,95,100,0.95
BASE_ALPHAEDIT,75,46,RS,88,100,0.88
BASE_ALPHAEDIT,75,47,RS,96,100,0.96
BASE_ALPHAEDIT,75,48,RS,97,100,0.97
BASE_ALPHAEDIT,75,49,RS,93,100,0.93
BASE_ALPHAEDIT,75,50,RS,92,100,0.92
BASE_ALPHAEDIT,75,51,RS,95,100,0.95
BASE_ALPHAEDIT,75,52,RS,95,100,0.95
BASE_ALPHAEDIT,75,53,RS,95,100,0.95
BASE_ALPHAEDIT,75,54,RS,95,100,0.95
BASE_ALPHAEDIT,75,55,RS,100,100,1.0
BASE_ALPHAEDIT,75,56,RS,96,100,0.96
BASE_ALPHAEDIT,75,57,RS,98,100,0.98
BASE_ALPHAEDIT,75,58,RS,94,100,0.94
BASE_ALPHAEDIT,75,59,RS,96,100,0.96
BASE_ALPHAEDIT,75,60,RS,98,100,0.98
BASE_ALPHAEDIT,75,61,RS,97,100,0.97
BASE_ALPHAEDIT,75,62,RS,98,100,0.98
BASE_ALPHAEDIT,75,63,RS,98,100,0.98
BASE_ALPHAEDIT,75,64,RS,100,100,1.0
BASE_ALPHAEDIT,75,65,RS,100,100,1.0
BASE_ALPHAEDIT,75,66,RS,99,100,0.99
BASE_ALPHAEDIT,75,67,RS,100,100,1.0
BASE_ALPHAEDIT,75,68,RS,100,100,1.0
BASE_ALPHAEDIT,75,69,RS,100,100,1.0
BASE_ALPHAEDIT,75,70,RS,100,100,1.0
BASE_ALPHAEDIT,75,71,RS,100,100,1.0
BASE_ALPHAEDIT,75,72,RS,100,100,1.0
BASE_ALPHAEDIT,75,73,RS,100,100,1.0
BASE_ALPHAEDIT,75,74,RS,100,100,1.0
BASE_ALPHAEDIT,75,75,RS,100,100,1.0
BASE_ALPHAEDIT,76,1,RS,66,100,0.66
BASE_ALPHAEDIT,76,2,RS,64,100,0.64
BASE_ALPHAEDIT,76,3,RS,64,100,0.64
BASE_ALPHAEDIT,76,4,RS,75,100,0.75
BASE_ALPHAEDIT,76,5,RS,67,100,0.67
BASE_ALPHAEDIT,76,6,RS,65,100,0.65
BASE_ALPHAEDIT,76,7,RS,75,100,0.75
BASE_ALPHAEDIT,76,8,RS,66,100,0.66
BASE_ALPHAEDIT,76,9,RS,83,100,0.83
BASE_ALPHAEDIT,76,10,RS,71,100,0.71
BASE_ALPHAEDIT,76,11,RS,69,100,0.69
BASE_ALPHAEDIT,76,12,RS,70,100,0.7
BASE_ALPHAEDIT,76,13,RS,77,100,0.77
BASE_ALPHAEDIT,76,14,RS,78,100,0.78
BASE_ALPHAEDIT,76,15,RS,76,100,0.76
BASE_ALPHAEDIT,76,16,RS,77,100,0.77
BASE_ALPHAEDIT,76,17,RS,64,100,0.64
BASE_ALPHAEDIT,76,18,RS,74,100,0.74
BASE_ALPHAEDIT,76,19,RS,74,100,0.74
BASE_ALPHAEDIT,76,20,RS,73,100,0.73
BASE_ALPHAEDIT,76,21,RS,79,100,0.79
BASE_ALPHAEDIT,76,22,RS,70,100,0.7
BASE_ALPHAEDIT,76,23,RS,78,100,0.78
BASE_ALPHAEDIT,76,24,RS,79,100,0.79
BASE_ALPHAEDIT,76,25,RS,78,100,0.78
BASE_ALPHAEDIT,76,26,RS,78,100,0.78
BASE_ALPHAEDIT,76,27,RS,81,100,0.81
BASE_ALPHAEDIT,76,28,RS,88,100,0.88
BASE_ALPHAEDIT,76,29,RS,84,100,0.84
BASE_ALPHAEDIT,76,30,RS,81,100,0.81
BASE_ALPHAEDIT,76,31,RS,78,100,0.78
BASE_ALPHAEDIT,76,32,RS,89,100,0.89
BASE_ALPHAEDIT,76,33,RS,82,100,0.82
BASE_ALPHAEDIT,76,34,RS,86,100,0.86
BASE_ALPHAEDIT,76,35,RS,79,100,0.79
BASE_ALPHAEDIT,76,36,RS,84,100,0.84
BASE_ALPHAEDIT,76,37,RS,85,100,0.85
BASE_ALPHAEDIT,76,38,RS,83,100,0.83
BASE_ALPHAEDIT,76,39,RS,87,100,0.87
BASE_ALPHAEDIT,76,40,RS,91,100,0.91
BASE_ALPHAEDIT,76,41,RS,83,100,0.83
BASE_ALPHAEDIT,76,42,RS,91,100,0.91
BASE_ALPHAEDIT,76,43,RS,92,100,0.92
BASE_ALPHAEDIT,76,44,RS,89,100,0.89
BASE_ALPHAEDIT,76,45,RS,95,100,0.95
BASE_ALPHAEDIT,76,46,RS,89,100,0.89
BASE_ALPHAEDIT,76,47,RS,92,100,0.92
BASE_ALPHAEDIT,76,48,RS,93,100,0.93
BASE_ALPHAEDIT,76,49,RS,92,100,0.92
BASE_ALPHAEDIT,76,50,RS,92,100,0.92
BASE_ALPHAEDIT,76,51,RS,96,100,0.96
BASE_ALPHAEDIT,76,52,RS,95,100,0.95
BASE_ALPHAEDIT,76,53,RS,95,100,0.95
BASE_ALPHAEDIT,76,54,RS,94,100,0.94
BASE_ALPHAEDIT,76,55,RS,99,100,0.99
BASE_ALPHAEDIT,76,56,RS,95,100,0.95
BASE_ALPHAEDIT,76,57,RS,95,100,0.95
BASE_ALPHAEDIT,76,58,RS,93,100,0.93
BASE_ALPHAEDIT,76,59,RS,96,100,0.96
BASE_ALPHAEDIT,76,60,RS,98,100,0.98
BASE_ALPHAEDIT,76,61,RS,97,100,0.97
BASE_ALPHAEDIT,76,62,RS,97,100,0.97
BASE_ALPHAEDIT,76,63,RS,98,100,0.98
BASE_ALPHAEDIT,76,64,RS,100,100,1.0
BASE_ALPHAEDIT,76,65,RS,99,100,0.99
BASE_ALPHAEDIT,76,66,RS,99,100,0.99
BASE_ALPHAEDIT,76,67,RS,99,100,0.99
BASE_ALPHAEDIT,76,68,RS,100,100,1.0
BASE_ALPHAEDIT,76,69,RS,100,100,1.0
BASE_ALPHAEDIT,76,70,RS,100,100,1.0
BASE_ALPHAEDIT,76,71,RS,100,100,1.0
BASE_ALPHAEDIT,76,72,RS,100,100,1.0
BASE_ALPHAEDIT,76,73,RS,100,100,1.0
BASE_ALPHAEDIT,76,74,RS,100,100,1.0
BASE_ALPHAEDIT,76,75,RS,100,100,1.0
BASE_ALPHAEDIT,76,76,RS,99,100,0.99
BASE_ALPHAEDIT,77,1,RS,63,100,0.63
BASE_ALPHAEDIT,77,2,RS,66,100,0.66
BASE_ALPHAEDIT,77,3,RS,60,100,0.6
BASE_ALPHAEDIT,77,4,RS,75,100,0.75
BASE_ALPHAEDIT,77,5,RS,64,100,0.64
BASE_ALPHAEDIT,77,6,RS,64,100,0.64
BASE_ALPHAEDIT,77,7,RS,70,100,0.7
BASE_ALPHAEDIT,77,8,RS,67,100,0.67
BASE_ALPHAEDIT,77,9,RS,82,100,0.82
BASE_ALPHAEDIT,77,10,RS,72,100,0.72
BASE_ALPHAEDIT,77,11,RS,70,100,0.7
BASE_ALPHAEDIT,77,12,RS,72,100,0.72
BASE_ALPHAEDIT,77,13,RS,74,100,0.74
BASE_ALPHAEDIT,77,14,RS,77,100,0.77
BASE_ALPHAEDIT,77,15,RS,76,100,0.76
BASE_ALPHAEDIT,77,16,RS,81,100,0.81
BASE_ALPHAEDIT,77,17,RS,60,100,0.6
BASE_ALPHAEDIT,77,18,RS,78,100,0.78
BASE_ALPHAEDIT,77,19,RS,75,100,0.75
BASE_ALPHAEDIT,77,20,RS,71,100,0.71
BASE_ALPHAEDIT,77,21,RS,78,100,0.78
BASE_ALPHAEDIT,77,22,RS,73,100,0.73
BASE_ALPHAEDIT,77,23,RS,77,100,0.77
BASE_ALPHAEDIT,77,24,RS,78,100,0.78
BASE_ALPHAEDIT,77,25,RS,78,100,0.78
BASE_ALPHAEDIT,77,26,RS,75,100,0.75
BASE_ALPHAEDIT,77,27,RS,81,100,0.81
BASE_ALPHAEDIT,77,28,RS,83,100,0.83
BASE_ALPHAEDIT,77,29,RS,86,100,0.86
BASE_ALPHAEDIT,77,30,RS,84,100,0.84
BASE_ALPHAEDIT,77,31,RS,80,100,0.8
BASE_ALPHAEDIT,77,32,RS,86,100,0.86
BASE_ALPHAEDIT,77,33,RS,82,100,0.82
BASE_ALPHAEDIT,77,34,RS,85,100,0.85
BASE_ALPHAEDIT,77,35,RS,81,100,0.81
BASE_ALPHAEDIT,77,36,RS,82,100,0.82
BASE_ALPHAEDIT,77,37,RS,87,100,0.87
BASE_ALPHAEDIT,77,38,RS,85,100,0.85
BASE_ALPHAEDIT,77,39,RS,87,100,0.87
BASE_ALPHAEDIT,77,40,RS,92,100,0.92
BASE_ALPHAEDIT,77,41,RS,83,100,0.83
BASE_ALPHAEDIT,77,42,RS,92,100,0.92
BASE_ALPHAEDIT,77,43,RS,92,100,0.92
BASE_ALPHAEDIT,77,44,RS,90,100,0.9
BASE_ALPHAEDIT,77,45,RS,96,100,0.96
BASE_ALPHAEDIT,77,46,RS,87,100,0.87
BASE_ALPHAEDIT,77,47,RS,90,100,0.9
BASE_ALPHAEDIT,77,48,RS,93,100,0.93
BASE_ALPHAEDIT,77,49,RS,92,100,0.92
BASE_ALPHAEDIT,77,50,RS,92,100,0.92
BASE_ALPHAEDIT,77,51,RS,95,100,0.95
BASE_ALPHAEDIT,77,52,RS,95,100,0.95
BASE_ALPHAEDIT,77,53,RS,95,100,0.95
BASE_ALPHAEDIT,77,54,RS,91,100,0.91
BASE_ALPHAEDIT,77,55,RS,99,100,0.99
BASE_ALPHAEDIT,77,56,RS,96,100,0.96
BASE_ALPHAEDIT,77,57,RS,94,100,0.94
BASE_ALPHAEDIT,77,58,RS,92,100,0.92
BASE_ALPHAEDIT,77,59,RS,95,100,0.95
BASE_ALPHAEDIT,77,60,RS,98,100,0.98
BASE_ALPHAEDIT,77,61,RS,95,100,0.95
BASE_ALPHAEDIT,77,62,RS,97,100,0.97
BASE_ALPHAEDIT,77,63,RS,96,100,0.96
BASE_ALPHAEDIT,77,64,RS,100,100,1.0
BASE_ALPHAEDIT,77,65,RS,99,100,0.99
BASE_ALPHAEDIT,77,66,RS,98,100,0.98
BASE_ALPHAEDIT,77,67,RS,99,100,0.99
BASE_ALPHAEDIT,77,68,RS,100,100,1.0
BASE_ALPHAEDIT,77,69,RS,100,100,1.0
BASE_ALPHAEDIT,77,70,RS,100,100,1.0
BASE_ALPHAEDIT,77,71,RS,100,100,1.0
BASE_ALPHAEDIT,77,72,RS,99,100,0.99
BASE_ALPHAEDIT,77,73,RS,100,100,1.0
BASE_ALPHAEDIT,77,74,RS,100,100,1.0
BASE_ALPHAEDIT,77,75,RS,100,100,1.0
BASE_ALPHAEDIT,77,76,RS,99,100,0.99
BASE_ALPHAEDIT,77,77,RS,99,100,0.99
BASE_ALPHAEDIT,78,1,RS,63,100,0.63
BASE_ALPHAEDIT,78,2,RS,65,100,0.65
BASE_ALPHAEDIT,78,3,RS,61,100,0.61
BASE_ALPHAEDIT,78,4,RS,70,100,0.7
BASE_ALPHAEDIT,78,5,RS,67,100,0.67
BASE_ALPHAEDIT,78,6,RS,67,100,0.67
BASE_ALPHAEDIT,78,7,RS,69,100,0.69
BASE_ALPHAEDIT,78,8,RS,67,100,0.67
BASE_ALPHAEDIT,78,9,RS,78,100,0.78
BASE_ALPHAEDIT,78,10,RS,72,100,0.72
BASE_ALPHAEDIT,78,11,RS,73,100,0.73
BASE_ALPHAEDIT,78,12,RS,70,100,0.7
BASE_ALPHAEDIT,78,13,RS,74,100,0.74
BASE_ALPHAEDIT,78,14,RS,79,100,0.79
BASE_ALPHAEDIT,78,15,RS,73,100,0.73
BASE_ALPHAEDIT,78,16,RS,82,100,0.82
BASE_ALPHAEDIT,78,17,RS,60,100,0.6
BASE_ALPHAEDIT,78,18,RS,73,100,0.73
BASE_ALPHAEDIT,78,19,RS,74,100,0.74
BASE_ALPHAEDIT,78,20,RS,71,100,0.71
BASE_ALPHAEDIT,78,21,RS,74,100,0.74
BASE_ALPHAEDIT,78,22,RS,69,100,0.69
BASE_ALPHAEDIT,78,23,RS,74,100,0.74
BASE_ALPHAEDIT,78,24,RS,76,100,0.76
BASE_ALPHAEDIT,78,25,RS,77,100,0.77
BASE_ALPHAEDIT,78,26,RS,75,100,0.75
BASE_ALPHAEDIT,78,27,RS,79,100,0.79
BASE_ALPHAEDIT,78,28,RS,83,100,0.83
BASE_ALPHAEDIT,78,29,RS,86,100,0.86
BASE_ALPHAEDIT,78,30,RS,81,100,0.81
BASE_ALPHAEDIT,78,31,RS,79,100,0.79
BASE_ALPHAEDIT,78,32,RS,86,100,0.86
BASE_ALPHAEDIT,78,33,RS,81,100,0.81
BASE_ALPHAEDIT,78,34,RS,88,100,0.88
BASE_ALPHAEDIT,78,35,RS,82,100,0.82
BASE_ALPHAEDIT,78,36,RS,81,100,0.81
BASE_ALPHAEDIT,78,37,RS,84,100,0.84
BASE_ALPHAEDIT,78,38,RS,82,100,0.82
BASE_ALPHAEDIT,78,39,RS,87,100,0.87
BASE_ALPHAEDIT,78,40,RS,92,100,0.92
BASE_ALPHAEDIT,78,41,RS,84,100,0.84
BASE_ALPHAEDIT,78,42,RS,86,100,0.86
BASE_ALPHAEDIT,78,43,RS,90,100,0.9
BASE_ALPHAEDIT,78,44,RS,90,100,0.9
BASE_ALPHAEDIT,78,45,RS,95,100,0.95
BASE_ALPHAEDIT,78,46,RS,90,100,0.9
BASE_ALPHAEDIT,78,47,RS,90,100,0.9
BASE_ALPHAEDIT,78,48,RS,93,100,0.93
BASE_ALPHAEDIT,78,49,RS,90,100,0.9
BASE_ALPHAEDIT,78,50,RS,90,100,0.9
BASE_ALPHAEDIT,78,51,RS,93,100,0.93
BASE_ALPHAEDIT,78,52,RS,93,100,0.93
BASE_ALPHAEDIT,78,53,RS,95,100,0.95
BASE_ALPHAEDIT,78,54,RS,92,100,0.92
BASE_ALPHAEDIT,78,55,RS,97,100,0.97
BASE_ALPHAEDIT,78,56,RS,95,100,0.95
BASE_ALPHAEDIT,78,57,RS,94,100,0.94
BASE_ALPHAEDIT,78,58,RS,92,100,0.92
BASE_ALPHAEDIT,78,59,RS,95,100,0.95
BASE_ALPHAEDIT,78,60,RS,96,100,0.96
BASE_ALPHAEDIT,78,61,RS,96,100,0.96
BASE_ALPHAEDIT,78,62,RS,97,100,0.97
BASE_ALPHAEDIT,78,63,RS,97,100,0.97
BASE_ALPHAEDIT,78,64,RS,99,100,0.99
BASE_ALPHAEDIT,78,65,RS,98,100,0.98
BASE_ALPHAEDIT,78,66,RS,98,100,0.98
BASE_ALPHAEDIT,78,67,RS,100,100,1.0
BASE_ALPHAEDIT,78,68,RS,100,100,1.0
BASE_ALPHAEDIT,78,69,RS,100,100,1.0
BASE_ALPHAEDIT,78,70,RS,100,100,1.0
BASE_ALPHAEDIT,78,71,RS,99,100,0.99
BASE_ALPHAEDIT,78,72,RS,100,100,1.0
BASE_ALPHAEDIT,78,73,RS,100,100,1.0
BASE_ALPHAEDIT,78,74,RS,100,100,1.0
BASE_ALPHAEDIT,78,75,RS,100,100,1.0
BASE_ALPHAEDIT,78,76,RS,100,100,1.0
BASE_ALPHAEDIT,78,77,RS,99,100,0.99
BASE_ALPHAEDIT,78,78,RS,100,100,1.0
BASE_ALPHAEDIT,79,1,RS,58,100,0.58
BASE_ALPHAEDIT,79,2,RS,64,100,0.64
BASE_ALPHAEDIT,79,3,RS,55,100,0.55
BASE_ALPHAEDIT,79,4,RS,68,100,0.68
BASE_ALPHAEDIT,79,5,RS,68,100,0.68
BASE_ALPHAEDIT,79,6,RS,64,100,0.64
BASE_ALPHAEDIT,79,7,RS,68,100,0.68
BASE_ALPHAEDIT,79,8,RS,63,100,0.63
BASE_ALPHAEDIT,79,9,RS,76,100,0.76
BASE_ALPHAEDIT,79,10,RS,70,100,0.7
BASE_ALPHAEDIT,79,11,RS,69,100,0.69
BASE_ALPHAEDIT,79,12,RS,68,100,0.68
BASE_ALPHAEDIT,79,13,RS,73,100,0.73
BASE_ALPHAEDIT,79,14,RS,76,100,0.76
BASE_ALPHAEDIT,79,15,RS,74,100,0.74
BASE_ALPHAEDIT,79,16,RS,82,100,0.82
BASE_ALPHAEDIT,79,17,RS,62,100,0.62
BASE_ALPHAEDIT,79,18,RS,69,100,0.69
BASE_ALPHAEDIT,79,19,RS,74,100,0.74
BASE_ALPHAEDIT,79,20,RS,73,100,0.73
BASE_ALPHAEDIT,79,21,RS,74,100,0.74
BASE_ALPHAEDIT,79,22,RS,71,100,0.71
BASE_ALPHAEDIT,79,23,RS,74,100,0.74
BASE_ALPHAEDIT,79,24,RS,76,100,0.76
BASE_ALPHAEDIT,79,25,RS,78,100,0.78
BASE_ALPHAEDIT,79,26,RS,73,100,0.73
BASE_ALPHAEDIT,79,27,RS,77,100,0.77
BASE_ALPHAEDIT,79,28,RS,81,100,0.81
BASE_ALPHAEDIT,79,29,RS,84,100,0.84
BASE_ALPHAEDIT,79,30,RS,82,100,0.82
BASE_ALPHAEDIT,79,31,RS,80,100,0.8
BASE_ALPHAEDIT,79,32,RS,86,100,0.86
BASE_ALPHAEDIT,79,33,RS,77,100,0.77
BASE_ALPHAEDIT,79,34,RS,85,100,0.85
BASE_ALPHAEDIT,79,35,RS,82,100,0.82
BASE_ALPHAEDIT,79,36,RS,80,100,0.8
BASE_ALPHAEDIT,79,37,RS,87,100,0.87
BASE_ALPHAEDIT,79,38,RS,83,100,0.83
BASE_ALPHAEDIT,79,39,RS,85,100,0.85
BASE_ALPHAEDIT,79,40,RS,91,100,0.91
BASE_ALPHAEDIT,79,41,RS,84,100,0.84
BASE_ALPHAEDIT,79,42,RS,86,100,0.86
BASE_ALPHAEDIT,79,43,RS,93,100,0.93
BASE_ALPHAEDIT,79,44,RS,91,100,0.91
BASE_ALPHAEDIT,79,45,RS,95,100,0.95
BASE_ALPHAEDIT,79,46,RS,88,100,0.88
BASE_ALPHAEDIT,79,47,RS,93,100,0.93
BASE_ALPHAEDIT,79,48,RS,94,100,0.94
BASE_ALPHAEDIT,79,49,RS,89,100,0.89
BASE_ALPHAEDIT,79,50,RS,91,100,0.91
BASE_ALPHAEDIT,79,51,RS,97,100,0.97
BASE_ALPHAEDIT,79,52,RS,91,100,0.91
BASE_ALPHAEDIT,79,53,RS,94,100,0.94
BASE_ALPHAEDIT,79,54,RS,89,100,0.89
BASE_ALPHAEDIT,79,55,RS,95,100,0.95
BASE_ALPHAEDIT,79,56,RS,92,100,0.92
BASE_ALPHAEDIT,79,57,RS,94,100,0.94
BASE_ALPHAEDIT,79,58,RS,93,100,0.93
BASE_ALPHAEDIT,79,59,RS,95,100,0.95
BASE_ALPHAEDIT,79,60,RS,93,100,0.93
BASE_ALPHAEDIT,79,61,RS,93,100,0.93
BASE_ALPHAEDIT,79,62,RS,97,100,0.97
BASE_ALPHAEDIT,79,63,RS,97,100,0.97
BASE_ALPHAEDIT,79,64,RS,100,100,1.0
BASE_ALPHAEDIT,79,65,RS,98,100,0.98
BASE_ALPHAEDIT,79,66,RS,98,100,0.98
BASE_ALPHAEDIT,79,67,RS,100,100,1.0
BASE_ALPHAEDIT,79,68,RS,100,100,1.0
BASE_ALPHAEDIT,79,69,RS,100,100,1.0
BASE_ALPHAEDIT,79,70,RS,100,100,1.0
BASE_ALPHAEDIT,79,71,RS,99,100,0.99
BASE_ALPHAEDIT,79,72,RS,100,100,1.0
BASE_ALPHAEDIT,79,73,RS,100,100,1.0
BASE_ALPHAEDIT,79,74,RS,100,100,1.0
BASE_ALPHAEDIT,79,75,RS,100,100,1.0
BASE_ALPHAEDIT,79,76,RS,100,100,1.0
BASE_ALPHAEDIT,79,77,RS,98,100,0.98
BASE_ALPHAEDIT,79,78,RS,99,100,0.99
BASE_ALPHAEDIT,79,79,RS,100,100,1.0
BASE_ALPHAEDIT,80,1,RS,59,100,0.59
BASE_ALPHAEDIT,80,2,RS,62,100,0.62
BASE_ALPHAEDIT,80,3,RS,57,100,0.57
BASE_ALPHAEDIT,80,4,RS,69,100,0.69
BASE_ALPHAEDIT,80,5,RS,64,100,0.64
BASE_ALPHAEDIT,80,6,RS,64,100,0.64
BASE_ALPHAEDIT,80,7,RS,66,100,0.66
BASE_ALPHAEDIT,80,8,RS,64,100,0.64
BASE_ALPHAEDIT,80,9,RS,71,100,0.71
BASE_ALPHAEDIT,80,10,RS,69,100,0.69
BASE_ALPHAEDIT,80,11,RS,68,100,0.68
BASE_ALPHAEDIT,80,12,RS,67,100,0.67
BASE_ALPHAEDIT,80,13,RS,72,100,0.72
BASE_ALPHAEDIT,80,14,RS,81,100,0.81
BASE_ALPHAEDIT,80,15,RS,75,100,0.75
BASE_ALPHAEDIT,80,16,RS,78,100,0.78
BASE_ALPHAEDIT,80,17,RS,60,100,0.6
BASE_ALPHAEDIT,80,18,RS,67,100,0.67
BASE_ALPHAEDIT,80,19,RS,75,100,0.75
BASE_ALPHAEDIT,80,20,RS,71,100,0.71
BASE_ALPHAEDIT,80,21,RS,75,100,0.75
BASE_ALPHAEDIT,80,22,RS,73,100,0.73
BASE_ALPHAEDIT,80,23,RS,73,100,0.73
BASE_ALPHAEDIT,80,24,RS,75,100,0.75
BASE_ALPHAEDIT,80,25,RS,77,100,0.77
BASE_ALPHAEDIT,80,26,RS,73,100,0.73
BASE_ALPHAEDIT,80,27,RS,75,100,0.75
BASE_ALPHAEDIT,80,28,RS,80,100,0.8
BASE_ALPHAEDIT,80,29,RS,85,100,0.85
BASE_ALPHAEDIT,80,30,RS,81,100,0.81
BASE_ALPHAEDIT,80,31,RS,77,100,0.77
BASE_ALPHAEDIT,80,32,RS,84,100,0.84
BASE_ALPHAEDIT,80,33,RS,74,100,0.74
BASE_ALPHAEDIT,80,34,RS,81,100,0.81
BASE_ALPHAEDIT,80,35,RS,82,100,0.82
BASE_ALPHAEDIT,80,36,RS,82,100,0.82
BASE_ALPHAEDIT,80,37,RS,84,100,0.84
BASE_ALPHAEDIT,80,38,RS,79,100,0.79
BASE_ALPHAEDIT,80,39,RS,84,100,0.84
BASE_ALPHAEDIT,80,40,RS,90,100,0.9
BASE_ALPHAEDIT,80,41,RS,79,100,0.79
BASE_ALPHAEDIT,80,42,RS,83,100,0.83
BASE_ALPHAEDIT,80,43,RS,90,100,0.9
BASE_ALPHAEDIT,80,44,RS,85,100,0.85
BASE_ALPHAEDIT,80,45,RS,94,100,0.94
BASE_ALPHAEDIT,80,46,RS,84,100,0.84
BASE_ALPHAEDIT,80,47,RS,92,100,0.92
BASE_ALPHAEDIT,80,48,RS,94,100,0.94
BASE_ALPHAEDIT,80,49,RS,93,100,0.93
BASE_ALPHAEDIT,80,50,RS,89,100,0.89
BASE_ALPHAEDIT,80,51,RS,95,100,0.95
BASE_ALPHAEDIT,80,52,RS,89,100,0.89
BASE_ALPHAEDIT,80,53,RS,91,100,0.91
BASE_ALPHAEDIT,80,54,RS,88,100,0.88
BASE_ALPHAEDIT,80,55,RS,95,100,0.95
BASE_ALPHAEDIT,80,56,RS,92,100,0.92
BASE_ALPHAEDIT,80,57,RS,92,100,0.92
BASE_ALPHAEDIT,80,58,RS,91,100,0.91
BASE_ALPHAEDIT,80,59,RS,92,100,0.92
BASE_ALPHAEDIT,80,60,RS,94,100,0.94
BASE_ALPHAEDIT,80,61,RS,92,100,0.92
BASE_ALPHAEDIT,80,62,RS,97,100,0.97
BASE_ALPHAEDIT,80,63,RS,96,100,0.96
BASE_ALPHAEDIT,80,64,RS,99,100,0.99
BASE_ALPHAEDIT,80,65,RS,97,100,0.97
BASE_ALPHAEDIT,80,66,RS,97,100,0.97
BASE_ALPHAEDIT,80,67,RS,100,100,1.0
BASE_ALPHAEDIT,80,68,RS,99,100,0.99
BASE_ALPHAEDIT,80,69,RS,99,100,0.99
BASE_ALPHAEDIT,80,70,RS,99,100,0.99
BASE_ALPHAEDIT,80,71,RS,98,100,0.98
BASE_ALPHAEDIT,80,72,RS,99,100,0.99
BASE_ALPHAEDIT,80,73,RS,100,100,1.0
BASE_ALPHAEDIT,80,74,RS,100,100,1.0
BASE_ALPHAEDIT,80,75,RS,99,100,0.99
BASE_ALPHAEDIT,80,76,RS,99,100,0.99
BASE_ALPHAEDIT,80,77,RS,100,100,1.0
BASE_ALPHAEDIT,80,78,RS,99,100,0.99
BASE_ALPHAEDIT,80,79,RS,100,100,1.0
BASE_ALPHAEDIT,80,80,RS,100,100,1.0
BASE_ALPHAEDIT,81,1,RS,56,100,0.56
BASE_ALPHAEDIT,81,2,RS,66,100,0.66
BASE_ALPHAEDIT,81,3,RS,60,100,0.6
BASE_ALPHAEDIT,81,4,RS,72,100,0.72
BASE_ALPHAEDIT,81,5,RS,61,100,0.61
BASE_ALPHAEDIT,81,6,RS,60,100,0.6
BASE_ALPHAEDIT,81,7,RS,69,100,0.69
BASE_ALPHAEDIT,81,8,RS,65,100,0.65
BASE_ALPHAEDIT,81,9,RS,69,100,0.69
BASE_ALPHAEDIT,81,10,RS,69,100,0.69
BASE_ALPHAEDIT,81,11,RS,68,100,0.68
BASE_ALPHAEDIT,81,12,RS,61,100,0.61
BASE_ALPHAEDIT,81,13,RS,70,100,0.7
BASE_ALPHAEDIT,81,14,RS,80,100,0.8
BASE_ALPHAEDIT,81,15,RS,74,100,0.74
BASE_ALPHAEDIT,81,16,RS,70,100,0.7
BASE_ALPHAEDIT,81,17,RS,56,100,0.56
BASE_ALPHAEDIT,81,18,RS,68,100,0.68
BASE_ALPHAEDIT,81,19,RS,70,100,0.7
BASE_ALPHAEDIT,81,20,RS,67,100,0.67
BASE_ALPHAEDIT,81,21,RS,69,100,0.69
BASE_ALPHAEDIT,81,22,RS,75,100,0.75
BASE_ALPHAEDIT,81,23,RS,66,100,0.66
BASE_ALPHAEDIT,81,24,RS,74,100,0.74
BASE_ALPHAEDIT,81,25,RS,75,100,0.75
BASE_ALPHAEDIT,81,26,RS,69,100,0.69
BASE_ALPHAEDIT,81,27,RS,77,100,0.77
BASE_ALPHAEDIT,81,28,RS,76,100,0.76
BASE_ALPHAEDIT,81,29,RS,83,100,0.83
BASE_ALPHAEDIT,81,30,RS,79,100,0.79
BASE_ALPHAEDIT,81,31,RS,74,100,0.74
BASE_ALPHAEDIT,81,32,RS,81,100,0.81
BASE_ALPHAEDIT,81,33,RS,71,100,0.71
BASE_ALPHAEDIT,81,34,RS,79,100,0.79
BASE_ALPHAEDIT,81,35,RS,78,100,0.78
BASE_ALPHAEDIT,81,36,RS,79,100,0.79
BASE_ALPHAEDIT,81,37,RS,83,100,0.83
BASE_ALPHAEDIT,81,38,RS,79,100,0.79
BASE_ALPHAEDIT,81,39,RS,79,100,0.79
BASE_ALPHAEDIT,81,40,RS,89,100,0.89
BASE_ALPHAEDIT,81,41,RS,81,100,0.81
BASE_ALPHAEDIT,81,42,RS,80,100,0.8
BASE_ALPHAEDIT,81,43,RS,88,100,0.88
BASE_ALPHAEDIT,81,44,RS,85,100,0.85
BASE_ALPHAEDIT,81,45,RS,92,100,0.92
BASE_ALPHAEDIT,81,46,RS,84,100,0.84
BASE_ALPHAEDIT,81,47,RS,89,100,0.89
BASE_ALPHAEDIT,81,48,RS,90,100,0.9
BASE_ALPHAEDIT,81,49,RS,92,100,0.92
BASE_ALPHAEDIT,81,50,RS,89,100,0.89
BASE_ALPHAEDIT,81,51,RS,92,100,0.92
BASE_ALPHAEDIT,81,52,RS,87,100,0.87
BASE_ALPHAEDIT,81,53,RS,88,100,0.88
BASE_ALPHAEDIT,81,54,RS,86,100,0.86
BASE_ALPHAEDIT,81,55,RS,94,100,0.94
BASE_ALPHAEDIT,81,56,RS,88,100,0.88
BASE_ALPHAEDIT,81,57,RS,89,100,0.89
BASE_ALPHAEDIT,81,58,RS,91,100,0.91
BASE_ALPHAEDIT,81,59,RS,91,100,0.91
BASE_ALPHAEDIT,81,60,RS,91,100,0.91
BASE_ALPHAEDIT,81,61,RS,91,100,0.91
BASE_ALPHAEDIT,81,62,RS,96,100,0.96
BASE_ALPHAEDIT,81,63,RS,96,100,0.96
BASE_ALPHAEDIT,81,64,RS,95,100,0.95
BASE_ALPHAEDIT,81,65,RS,97,100,0.97
BASE_ALPHAEDIT,81,66,RS,97,100,0.97
BASE_ALPHAEDIT,81,67,RS,99,100,0.99
BASE_ALPHAEDIT,81,68,RS,100,100,1.0
BASE_ALPHAEDIT,81,69,RS,98,100,0.98
BASE_ALPHAEDIT,81,70,RS,100,100,1.0
BASE_ALPHAEDIT,81,71,RS,98,100,0.98
BASE_ALPHAEDIT,81,72,RS,100,100,1.0
BASE_ALPHAEDIT,81,73,RS,100,100,1.0
BASE_ALPHAEDIT,81,74,RS,99,100,0.99
BASE_ALPHAEDIT,81,75,RS,100,100,1.0
BASE_ALPHAEDIT,81,76,RS,99,100,0.99
BASE_ALPHAEDIT,81,77,RS,98,100,0.98
BASE_ALPHAEDIT,81,78,RS,99,100,0.99
BASE_ALPHAEDIT,81,79,RS,100,100,1.0
BASE_ALPHAEDIT,81,80,RS,100,100,1.0
BASE_ALPHAEDIT,81,81,RS,100,100,1.0
BASE_ALPHAEDIT,82,1,RS,56,100,0.56
BASE_ALPHAEDIT,82,2,RS,58,100,0.58
BASE_ALPHAEDIT,82,3,RS,58,100,0.58
BASE_ALPHAEDIT,82,4,RS,74,100,0.74
BASE_ALPHAEDIT,82,5,RS,62,100,0.62
BASE_ALPHAEDIT,82,6,RS,64,100,0.64
BASE_ALPHAEDIT,82,7,RS,68,100,0.68
BASE_ALPHAEDIT,82,8,RS,60,100,0.6
BASE_ALPHAEDIT,82,9,RS,70,100,0.7
BASE_ALPHAEDIT,82,10,RS,69,100,0.69
BASE_ALPHAEDIT,82,11,RS,66,100,0.66
BASE_ALPHAEDIT,82,12,RS,63,100,0.63
BASE_ALPHAEDIT,82,13,RS,66,100,0.66
BASE_ALPHAEDIT,82,14,RS,82,100,0.82
BASE_ALPHAEDIT,82,15,RS,72,100,0.72
BASE_ALPHAEDIT,82,16,RS,72,100,0.72
BASE_ALPHAEDIT,82,17,RS,57,100,0.57
BASE_ALPHAEDIT,82,18,RS,64,100,0.64
BASE_ALPHAEDIT,82,19,RS,68,100,0.68
BASE_ALPHAEDIT,82,20,RS,63,100,0.63
BASE_ALPHAEDIT,82,21,RS,69,100,0.69
BASE_ALPHAEDIT,82,22,RS,74,100,0.74
BASE_ALPHAEDIT,82,23,RS,69,100,0.69
BASE_ALPHAEDIT,82,24,RS,73,100,0.73
BASE_ALPHAEDIT,82,25,RS,71,100,0.71
BASE_ALPHAEDIT,82,26,RS,68,100,0.68
BASE_ALPHAEDIT,82,27,RS,75,100,0.75
BASE_ALPHAEDIT,82,28,RS,74,100,0.74
BASE_ALPHAEDIT,82,29,RS,83,100,0.83
BASE_ALPHAEDIT,82,30,RS,80,100,0.8
BASE_ALPHAEDIT,82,31,RS,74,100,0.74
BASE_ALPHAEDIT,82,32,RS,81,100,0.81
BASE_ALPHAEDIT,82,33,RS,75,100,0.75
BASE_ALPHAEDIT,82,34,RS,80,100,0.8
BASE_ALPHAEDIT,82,35,RS,77,100,0.77
BASE_ALPHAEDIT,82,36,RS,77,100,0.77
BASE_ALPHAEDIT,82,37,RS,78,100,0.78
BASE_ALPHAEDIT,82,38,RS,78,100,0.78
BASE_ALPHAEDIT,82,39,RS,83,100,0.83
BASE_ALPHAEDIT,82,40,RS,88,100,0.88
BASE_ALPHAEDIT,82,41,RS,76,100,0.76
BASE_ALPHAEDIT,82,42,RS,78,100,0.78
BASE_ALPHAEDIT,82,43,RS,86,100,0.86
BASE_ALPHAEDIT,82,44,RS,85,100,0.85
BASE_ALPHAEDIT,82,45,RS,92,100,0.92
BASE_ALPHAEDIT,82,46,RS,86,100,0.86
BASE_ALPHAEDIT,82,47,RS,89,100,0.89
BASE_ALPHAEDIT,82,48,RS,91,100,0.91
BASE_ALPHAEDIT,82,49,RS,88,100,0.88
BASE_ALPHAEDIT,82,50,RS,87,100,0.87
BASE_ALPHAEDIT,82,51,RS,90,100,0.9
BASE_ALPHAEDIT,82,52,RS,86,100,0.86
BASE_ALPHAEDIT,82,53,RS,88,100,0.88
BASE_ALPHAEDIT,82,54,RS,87,100,0.87
BASE_ALPHAEDIT,82,55,RS,89,100,0.89
BASE_ALPHAEDIT,82,56,RS,90,100,0.9
BASE_ALPHAEDIT,82,57,RS,90,100,0.9
BASE_ALPHAEDIT,82,58,RS,87,100,0.87
BASE_ALPHAEDIT,82,59,RS,90,100,0.9
BASE_ALPHAEDIT,82,60,RS,88,100,0.88
BASE_ALPHAEDIT,82,61,RS,90,100,0.9
BASE_ALPHAEDIT,82,62,RS,94,100,0.94
BASE_ALPHAEDIT,82,63,RS,93,100,0.93
BASE_ALPHAEDIT,82,64,RS,94,100,0.94
BASE_ALPHAEDIT,82,65,RS,96,100,0.96
BASE_ALPHAEDIT,82,66,RS,95,100,0.95
BASE_ALPHAEDIT,82,67,RS,97,100,0.97
BASE_ALPHAEDIT,82,68,RS,99,100,0.99
BASE_ALPHAEDIT,82,69,RS,98,100,0.98
BASE_ALPHAEDIT,82,70,RS,99,100,0.99
BASE_ALPHAEDIT,82,71,RS,95,100,0.95
BASE_ALPHAEDIT,82,72,RS,99,100,0.99
BASE_ALPHAEDIT,82,73,RS,98,100,0.98
BASE_ALPHAEDIT,82,74,RS,98,100,0.98
BASE_ALPHAEDIT,82,75,RS,99,100,0.99
BASE_ALPHAEDIT,82,76,RS,99,100,0.99
BASE_ALPHAEDIT,82,77,RS,99,100,0.99
BASE_ALPHAEDIT,82,78,RS,99,100,0.99
BASE_ALPHAEDIT,82,79,RS,100,100,1.0
BASE_ALPHAEDIT,82,80,RS,100,100,1.0
BASE_ALPHAEDIT,82,81,RS,100,100,1.0
BASE_ALPHAEDIT,82,82,RS,99,100,0.99
BASE_ALPHAEDIT,83,1,RS,55,100,0.55
BASE_ALPHAEDIT,83,2,RS,55,100,0.55
BASE_ALPHAEDIT,83,3,RS,61,100,0.61
BASE_ALPHAEDIT,83,4,RS,67,100,0.67
BASE_ALPHAEDIT,83,5,RS,62,100,0.62
BASE_ALPHAEDIT,83,6,RS,60,100,0.6
BASE_ALPHAEDIT,83,7,RS,64,100,0.64
BASE_ALPHAEDIT,83,8,RS,58,100,0.58
BASE_ALPHAEDIT,83,9,RS,71,100,0.71
BASE_ALPHAEDIT,83,10,RS,69,100,0.69
BASE_ALPHAEDIT,83,11,RS,71,100,0.71
BASE_ALPHAEDIT,83,12,RS,58,100,0.58
BASE_ALPHAEDIT,83,13,RS,70,100,0.7
BASE_ALPHAEDIT,83,14,RS,79,100,0.79
BASE_ALPHAEDIT,83,15,RS,70,100,0.7
BASE_ALPHAEDIT,83,16,RS,73,100,0.73
BASE_ALPHAEDIT,83,17,RS,54,100,0.54
BASE_ALPHAEDIT,83,18,RS,63,100,0.63
BASE_ALPHAEDIT,83,19,RS,70,100,0.7
BASE_ALPHAEDIT,83,20,RS,62,100,0.62
BASE_ALPHAEDIT,83,21,RS,71,100,0.71
BASE_ALPHAEDIT,83,22,RS,70,100,0.7
BASE_ALPHAEDIT,83,23,RS,65,100,0.65
BASE_ALPHAEDIT,83,24,RS,71,100,0.71
BASE_ALPHAEDIT,83,25,RS,71,100,0.71
BASE_ALPHAEDIT,83,26,RS,66,100,0.66
BASE_ALPHAEDIT,83,27,RS,74,100,0.74
BASE_ALPHAEDIT,83,28,RS,75,100,0.75
BASE_ALPHAEDIT,83,29,RS,81,100,0.81
BASE_ALPHAEDIT,83,30,RS,77,100,0.77
BASE_ALPHAEDIT,83,31,RS,71,100,0.71
BASE_ALPHAEDIT,83,32,RS,80,100,0.8
BASE_ALPHAEDIT,83,33,RS,73,100,0.73
BASE_ALPHAEDIT,83,34,RS,80,100,0.8
BASE_ALPHAEDIT,83,35,RS,76,100,0.76
BASE_ALPHAEDIT,83,36,RS,76,100,0.76
BASE_ALPHAEDIT,83,37,RS,78,100,0.78
BASE_ALPHAEDIT,83,38,RS,75,100,0.75
BASE_ALPHAEDIT,83,39,RS,80,100,0.8
BASE_ALPHAEDIT,83,40,RS,83,100,0.83
BASE_ALPHAEDIT,83,41,RS,76,100,0.76
BASE_ALPHAEDIT,83,42,RS,79,100,0.79
BASE_ALPHAEDIT,83,43,RS,87,100,0.87
BASE_ALPHAEDIT,83,44,RS,84,100,0.84
BASE_ALPHAEDIT,83,45,RS,90,100,0.9
BASE_ALPHAEDIT,83,46,RS,81,100,0.81
BASE_ALPHAEDIT,83,47,RS,85,100,0.85
BASE_ALPHAEDIT,83,48,RS,90,100,0.9
BASE_ALPHAEDIT,83,49,RS,86,100,0.86
BASE_ALPHAEDIT,83,50,RS,87,100,0.87
BASE_ALPHAEDIT,83,51,RS,89,100,0.89
BASE_ALPHAEDIT,83,52,RS,89,100,0.89
BASE_ALPHAEDIT,83,53,RS,87,100,0.87
BASE_ALPHAEDIT,83,54,RS,87,100,0.87
BASE_ALPHAEDIT,83,55,RS,89,100,0.89
BASE_ALPHAEDIT,83,56,RS,87,100,0.87
BASE_ALPHAEDIT,83,57,RS,90,100,0.9
BASE_ALPHAEDIT,83,58,RS,85,100,0.85
BASE_ALPHAEDIT,83,59,RS,90,100,0.9
BASE_ALPHAEDIT,83,60,RS,90,100,0.9
BASE_ALPHAEDIT,83,61,RS,89,100,0.89
BASE_ALPHAEDIT,83,62,RS,94,100,0.94
BASE_ALPHAEDIT,83,63,RS,92,100,0.92
BASE_ALPHAEDIT,83,64,RS,96,100,0.96
BASE_ALPHAEDIT,83,65,RS,96,100,0.96
BASE_ALPHAEDIT,83,66,RS,94,100,0.94
BASE_ALPHAEDIT,83,67,RS,96,100,0.96
BASE_ALPHAEDIT,83,68,RS,97,100,0.97
BASE_ALPHAEDIT,83,69,RS,98,100,0.98
BASE_ALPHAEDIT,83,70,RS,97,100,0.97
BASE_ALPHAEDIT,83,71,RS,94,100,0.94
BASE_ALPHAEDIT,83,72,RS,100,100,1.0
BASE_ALPHAEDIT,83,73,RS,98,100,0.98
BASE_ALPHAEDIT,83,74,RS,98,100,0.98
BASE_ALPHAEDIT,83,75,RS,99,100,0.99
BASE_ALPHAEDIT,83,76,RS,99,100,0.99
BASE_ALPHAEDIT,83,77,RS,99,100,0.99
BASE_ALPHAEDIT,83,78,RS,99,100,0.99
BASE_ALPHAEDIT,83,79,RS,99,100,0.99
BASE_ALPHAEDIT,83,80,RS,100,100,1.0
BASE_ALPHAEDIT,83,81,RS,100,100,1.0
BASE_ALPHAEDIT,83,82,RS,99,100,0.99
BASE_ALPHAEDIT,83,83,RS,100,100,1.0
BASE_ALPHAEDIT,84,1,RS,52,100,0.52
BASE_ALPHAEDIT,84,2,RS,54,100,0.54
BASE_ALPHAEDIT,84,3,RS,57,100,0.57
BASE_ALPHAEDIT,84,4,RS,68,100,0.68
BASE_ALPHAEDIT,84,5,RS,57,100,0.57
BASE_ALPHAEDIT,84,6,RS,57,100,0.57
BASE_ALPHAEDIT,84,7,RS,66,100,0.66
BASE_ALPHAEDIT,84,8,RS,58,100,0.58
BASE_ALPHAEDIT,84,9,RS,70,100,0.7
BASE_ALPHAEDIT,84,10,RS,67,100,0.67
BASE_ALPHAEDIT,84,11,RS,68,100,0.68
BASE_ALPHAEDIT,84,12,RS,59,100,0.59
BASE_ALPHAEDIT,84,13,RS,69,100,0.69
BASE_ALPHAEDIT,84,14,RS,77,100,0.77
BASE_ALPHAEDIT,84,15,RS,69,100,0.69
BASE_ALPHAEDIT,84,16,RS,78,100,0.78
BASE_ALPHAEDIT,84,17,RS,52,100,0.52
BASE_ALPHAEDIT,84,18,RS,67,100,0.67
BASE_ALPHAEDIT,84,19,RS,68,100,0.68
BASE_ALPHAEDIT,84,20,RS,61,100,0.61
BASE_ALPHAEDIT,84,21,RS,66,100,0.66
BASE_ALPHAEDIT,84,22,RS,68,100,0.68
BASE_ALPHAEDIT,84,23,RS,65,100,0.65
BASE_ALPHAEDIT,84,24,RS,66,100,0.66
BASE_ALPHAEDIT,84,25,RS,72,100,0.72
BASE_ALPHAEDIT,84,26,RS,69,100,0.69
BASE_ALPHAEDIT,84,27,RS,74,100,0.74
BASE_ALPHAEDIT,84,28,RS,74,100,0.74
BASE_ALPHAEDIT,84,29,RS,80,100,0.8
BASE_ALPHAEDIT,84,30,RS,78,100,0.78
BASE_ALPHAEDIT,84,31,RS,70,100,0.7
BASE_ALPHAEDIT,84,32,RS,80,100,0.8
BASE_ALPHAEDIT,84,33,RS,69,100,0.69
BASE_ALPHAEDIT,84,34,RS,77,100,0.77
BASE_ALPHAEDIT,84,35,RS,79,100,0.79
BASE_ALPHAEDIT,84,36,RS,79,100,0.79
BASE_ALPHAEDIT,84,37,RS,73,100,0.73
BASE_ALPHAEDIT,84,38,RS,77,100,0.77
BASE_ALPHAEDIT,84,39,RS,77,100,0.77
BASE_ALPHAEDIT,84,40,RS,84,100,0.84
BASE_ALPHAEDIT,84,41,RS,76,100,0.76
BASE_ALPHAEDIT,84,42,RS,81,100,0.81
BASE_ALPHAEDIT,84,43,RS,87,100,0.87
BASE_ALPHAEDIT,84,44,RS,84,100,0.84
BASE_ALPHAEDIT,84,45,RS,87,100,0.87
BASE_ALPHAEDIT,84,46,RS,81,100,0.81
BASE_ALPHAEDIT,84,47,RS,83,100,0.83
BASE_ALPHAEDIT,84,48,RS,88,100,0.88
BASE_ALPHAEDIT,84,49,RS,85,100,0.85
BASE_ALPHAEDIT,84,50,RS,89,100,0.89
BASE_ALPHAEDIT,84,51,RS,86,100,0.86
BASE_ALPHAEDIT,84,52,RS,84,100,0.84
BASE_ALPHAEDIT,84,53,RS,86,100,0.86
BASE_ALPHAEDIT,84,54,RS,88,100,0.88
BASE_ALPHAEDIT,84,55,RS,88,100,0.88
BASE_ALPHAEDIT,84,56,RS,86,100,0.86
BASE_ALPHAEDIT,84,57,RS,90,100,0.9
BASE_ALPHAEDIT,84,58,RS,87,100,0.87
BASE_ALPHAEDIT,84,59,RS,90,100,0.9
BASE_ALPHAEDIT,84,60,RS,91,100,0.91
BASE_ALPHAEDIT,84,61,RS,88,100,0.88
BASE_ALPHAEDIT,84,62,RS,95,100,0.95
BASE_ALPHAEDIT,84,63,RS,91,100,0.91
BASE_ALPHAEDIT,84,64,RS,95,100,0.95
BASE_ALPHAEDIT,84,65,RS,96,100,0.96
BASE_ALPHAEDIT,84,66,RS,92,100,0.92
BASE_ALPHAEDIT,84,67,RS,96,100,0.96
BASE_ALPHAEDIT,84,68,RS,99,100,0.99
BASE_ALPHAEDIT,84,69,RS,97,100,0.97
BASE_ALPHAEDIT,84,70,RS,97,100,0.97
BASE_ALPHAEDIT,84,71,RS,93,100,0.93
BASE_ALPHAEDIT,84,72,RS,100,100,1.0
BASE_ALPHAEDIT,84,73,RS,98,100,0.98
BASE_ALPHAEDIT,84,74,RS,97,100,0.97
BASE_ALPHAEDIT,84,75,RS,99,100,0.99
BASE_ALPHAEDIT,84,76,RS,98,100,0.98
BASE_ALPHAEDIT,84,77,RS,99,100,0.99
BASE_ALPHAEDIT,84,78,RS,99,100,0.99
BASE_ALPHAEDIT,84,79,RS,99,100,0.99
BASE_ALPHAEDIT,84,80,RS,100,100,1.0
BASE_ALPHAEDIT,84,81,RS,100,100,1.0
BASE_ALPHAEDIT,84,82,RS,99,100,0.99
BASE_ALPHAEDIT,84,83,RS,100,100,1.0
BASE_ALPHAEDIT,84,84,RS,100,100,1.0
BASE_ALPHAEDIT,85,1,RS,53,100,0.53
BASE_ALPHAEDIT,85,2,RS,54,100,0.54
BASE_ALPHAEDIT,85,3,RS,57,100,0.57
BASE_ALPHAEDIT,85,4,RS,66,100,0.66
BASE_ALPHAEDIT,85,5,RS,62,100,0.62
BASE_ALPHAEDIT,85,6,RS,60,100,0.6
BASE_ALPHAEDIT,85,7,RS,70,100,0.7
BASE_ALPHAEDIT,85,8,RS,58,100,0.58
BASE_ALPHAEDIT,85,9,RS,70,100,0.7
BASE_ALPHAEDIT,85,10,RS,69,100,0.69
BASE_ALPHAEDIT,85,11,RS,71,100,0.71
BASE_ALPHAEDIT,85,12,RS,60,100,0.6
BASE_ALPHAEDIT,85,13,RS,67,100,0.67
BASE_ALPHAEDIT,85,14,RS,77,100,0.77
BASE_ALPHAEDIT,85,15,RS,69,100,0.69
BASE_ALPHAEDIT,85,16,RS,76,100,0.76
BASE_ALPHAEDIT,85,17,RS,54,100,0.54
BASE_ALPHAEDIT,85,18,RS,63,100,0.63
BASE_ALPHAEDIT,85,19,RS,70,100,0.7
BASE_ALPHAEDIT,85,20,RS,58,100,0.58
BASE_ALPHAEDIT,85,21,RS,63,100,0.63
BASE_ALPHAEDIT,85,22,RS,68,100,0.68
BASE_ALPHAEDIT,85,23,RS,62,100,0.62
BASE_ALPHAEDIT,85,24,RS,65,100,0.65
BASE_ALPHAEDIT,85,25,RS,71,100,0.71
BASE_ALPHAEDIT,85,26,RS,69,100,0.69
BASE_ALPHAEDIT,85,27,RS,75,100,0.75
BASE_ALPHAEDIT,85,28,RS,73,100,0.73
BASE_ALPHAEDIT,85,29,RS,78,100,0.78
BASE_ALPHAEDIT,85,30,RS,73,100,0.73
BASE_ALPHAEDIT,85,31,RS,72,100,0.72
BASE_ALPHAEDIT,85,32,RS,78,100,0.78
BASE_ALPHAEDIT,85,33,RS,69,100,0.69
BASE_ALPHAEDIT,85,34,RS,76,100,0.76
BASE_ALPHAEDIT,85,35,RS,82,100,0.82
BASE_ALPHAEDIT,85,36,RS,77,100,0.77
BASE_ALPHAEDIT,85,37,RS,74,100,0.74
BASE_ALPHAEDIT,85,38,RS,74,100,0.74
BASE_ALPHAEDIT,85,39,RS,77,100,0.77
BASE_ALPHAEDIT,85,40,RS,81,100,0.81
BASE_ALPHAEDIT,85,41,RS,76,100,0.76
BASE_ALPHAEDIT,85,42,RS,79,100,0.79
BASE_ALPHAEDIT,85,43,RS,84,100,0.84
BASE_ALPHAEDIT,85,44,RS,82,100,0.82
BASE_ALPHAEDIT,85,45,RS,84,100,0.84
BASE_ALPHAEDIT,85,46,RS,80,100,0.8
BASE_ALPHAEDIT,85,47,RS,80,100,0.8
BASE_ALPHAEDIT,85,48,RS,89,100,0.89
BASE_ALPHAEDIT,85,49,RS,85,100,0.85
BASE_ALPHAEDIT,85,50,RS,86,100,0.86
BASE_ALPHAEDIT,85,51,RS,86,100,0.86
BASE_ALPHAEDIT,85,52,RS,85,100,0.85
BASE_ALPHAEDIT,85,53,RS,84,100,0.84
BASE_ALPHAEDIT,85,54,RS,87,100,0.87
BASE_ALPHAEDIT,85,55,RS,87,100,0.87
BASE_ALPHAEDIT,85,56,RS,85,100,0.85
BASE_ALPHAEDIT,85,57,RS,89,100,0.89
BASE_ALPHAEDIT,85,58,RS,85,100,0.85
BASE_ALPHAEDIT,85,59,RS,88,100,0.88
BASE_ALPHAEDIT,85,60,RS,91,100,0.91
BASE_ALPHAEDIT,85,61,RS,89,100,0.89
BASE_ALPHAEDIT,85,62,RS,94,100,0.94
BASE_ALPHAEDIT,85,63,RS,91,100,0.91
BASE_ALPHAEDIT,85,64,RS,93,100,0.93
BASE_ALPHAEDIT,85,65,RS,96,100,0.96
BASE_ALPHAEDIT,85,66,RS,92,100,0.92
BASE_ALPHAEDIT,85,67,RS,96,100,0.96
BASE_ALPHAEDIT,85,68,RS,98,100,0.98
BASE_ALPHAEDIT,85,69,RS,96,100,0.96
BASE_ALPHAEDIT,85,70,RS,97,100,0.97
BASE_ALPHAEDIT,85,71,RS,95,100,0.95
BASE_ALPHAEDIT,85,72,RS,100,100,1.0
BASE_ALPHAEDIT,85,73,RS,97,100,0.97
BASE_ALPHAEDIT,85,74,RS,97,100,0.97
BASE_ALPHAEDIT,85,75,RS,99,100,0.99
BASE_ALPHAEDIT,85,76,RS,98,100,0.98
BASE_ALPHAEDIT,85,77,RS,100,100,1.0
BASE_ALPHAEDIT,85,78,RS,98,100,0.98
BASE_ALPHAEDIT,85,79,RS,99,100,0.99
BASE_ALPHAEDIT,85,80,RS,100,100,1.0
BASE_ALPHAEDIT,85,81,RS,100,100,1.0
BASE_ALPHAEDIT,85,82,RS,99,100,0.99
BASE_ALPHAEDIT,85,83,RS,100,100,1.0
BASE_ALPHAEDIT,85,84,RS,100,100,1.0
BASE_ALPHAEDIT,85,85,RS,100,100,1.0
BASE_ALPHAEDIT,86,1,RS,55,100,0.55
BASE_ALPHAEDIT,86,2,RS,56,100,0.56
BASE_ALPHAEDIT,86,3,RS,57,100,0.57
BASE_ALPHAEDIT,86,4,RS,65,100,0.65
BASE_ALPHAEDIT,86,5,RS,58,100,0.58
BASE_ALPHAEDIT,86,6,RS,59,100,0.59
BASE_ALPHAEDIT,86,7,RS,66,100,0.66
BASE_ALPHAEDIT,86,8,RS,54,100,0.54
BASE_ALPHAEDIT,86,9,RS,70,100,0.7
BASE_ALPHAEDIT,86,10,RS,66,100,0.66
BASE_ALPHAEDIT,86,11,RS,63,100,0.63
BASE_ALPHAEDIT,86,12,RS,61,100,0.61
BASE_ALPHAEDIT,86,13,RS,68,100,0.68
BASE_ALPHAEDIT,86,14,RS,76,100,0.76
BASE_ALPHAEDIT,86,15,RS,68,100,0.68
BASE_ALPHAEDIT,86,16,RS,70,100,0.7
BASE_ALPHAEDIT,86,17,RS,51,100,0.51
BASE_ALPHAEDIT,86,18,RS,65,100,0.65
BASE_ALPHAEDIT,86,19,RS,69,100,0.69
BASE_ALPHAEDIT,86,20,RS,58,100,0.58
BASE_ALPHAEDIT,86,21,RS,64,100,0.64
BASE_ALPHAEDIT,86,22,RS,67,100,0.67
BASE_ALPHAEDIT,86,23,RS,61,100,0.61
BASE_ALPHAEDIT,86,24,RS,69,100,0.69
BASE_ALPHAEDIT,86,25,RS,74,100,0.74
BASE_ALPHAEDIT,86,26,RS,66,100,0.66
BASE_ALPHAEDIT,86,27,RS,70,100,0.7
BASE_ALPHAEDIT,86,28,RS,68,100,0.68
BASE_ALPHAEDIT,86,29,RS,81,100,0.81
BASE_ALPHAEDIT,86,30,RS,76,100,0.76
BASE_ALPHAEDIT,86,31,RS,72,100,0.72
BASE_ALPHAEDIT,86,32,RS,74,100,0.74
BASE_ALPHAEDIT,86,33,RS,67,100,0.67
BASE_ALPHAEDIT,86,34,RS,76,100,0.76
BASE_ALPHAEDIT,86,35,RS,75,100,0.75
BASE_ALPHAEDIT,86,36,RS,73,100,0.73
BASE_ALPHAEDIT,86,37,RS,69,100,0.69
BASE_ALPHAEDIT,86,38,RS,73,100,0.73
BASE_ALPHAEDIT,86,39,RS,73,100,0.73
BASE_ALPHAEDIT,86,40,RS,81,100,0.81
BASE_ALPHAEDIT,86,41,RS,77,100,0.77
BASE_ALPHAEDIT,86,42,RS,79,100,0.79
BASE_ALPHAEDIT,86,43,RS,85,100,0.85
BASE_ALPHAEDIT,86,44,RS,80,100,0.8
BASE_ALPHAEDIT,86,45,RS,86,100,0.86
BASE_ALPHAEDIT,86,46,RS,79,100,0.79
BASE_ALPHAEDIT,86,47,RS,80,100,0.8
BASE_ALPHAEDIT,86,48,RS,86,100,0.86
BASE_ALPHAEDIT,86,49,RS,85,100,0.85
BASE_ALPHAEDIT,86,50,RS,83,100,0.83
BASE_ALPHAEDIT,86,51,RS,85,100,0.85
BASE_ALPHAEDIT,86,52,RS,85,100,0.85
BASE_ALPHAEDIT,86,53,RS,84,100,0.84
BASE_ALPHAEDIT,86,54,RS,86,100,0.86
BASE_ALPHAEDIT,86,55,RS,86,100,0.86
BASE_ALPHAEDIT,86,56,RS,86,100,0.86
BASE_ALPHAEDIT,86,57,RS,89,100,0.89
BASE_ALPHAEDIT,86,58,RS,85,100,0.85
BASE_ALPHAEDIT,86,59,RS,87,100,0.87
BASE_ALPHAEDIT,86,60,RS,92,100,0.92
BASE_ALPHAEDIT,86,61,RS,85,100,0.85
BASE_ALPHAEDIT,86,62,RS,91,100,0.91
BASE_ALPHAEDIT,86,63,RS,91,100,0.91
BASE_ALPHAEDIT,86,64,RS,93,100,0.93
BASE_ALPHAEDIT,86,65,RS,96,100,0.96
BASE_ALPHAEDIT,86,66,RS,89,100,0.89
BASE_ALPHAEDIT,86,67,RS,94,100,0.94
BASE_ALPHAEDIT,86,68,RS,98,100,0.98
BASE_ALPHAEDIT,86,69,RS,95,100,0.95
BASE_ALPHAEDIT,86,70,RS,96,100,0.96
BASE_ALPHAEDIT,86,71,RS,94,100,0.94
BASE_ALPHAEDIT,86,72,RS,99,100,0.99
BASE_ALPHAEDIT,86,73,RS,96,100,0.96
BASE_ALPHAEDIT,86,74,RS,97,100,0.97
BASE_ALPHAEDIT,86,75,RS,100,100,1.0
BASE_ALPHAEDIT,86,76,RS,97,100,0.97
BASE_ALPHAEDIT,86,77,RS,99,100,0.99
BASE_ALPHAEDIT,86,78,RS,98,100,0.98
BASE_ALPHAEDIT,86,79,RS,99,100,0.99
BASE_ALPHAEDIT,86,80,RS,100,100,1.0
BASE_ALPHAEDIT,86,81,RS,99,100,0.99
BASE_ALPHAEDIT,86,82,RS,99,100,0.99
BASE_ALPHAEDIT,86,83,RS,100,100,1.0
BASE_ALPHAEDIT,86,84,RS,100,100,1.0
BASE_ALPHAEDIT,86,85,RS,98,100,0.98
BASE_ALPHAEDIT,86,86,RS,100,100,1.0
BASE_ALPHAEDIT,87,1,RS,52,100,0.52
BASE_ALPHAEDIT,87,2,RS,51,100,0.51
BASE_ALPHAEDIT,87,3,RS,54,100,0.54
BASE_ALPHAEDIT,87,4,RS,68,100,0.68
BASE_ALPHAEDIT,87,5,RS,59,100,0.59
BASE_ALPHAEDIT,87,6,RS,59,100,0.59
BASE_ALPHAEDIT,87,7,RS,65,100,0.65
BASE_ALPHAEDIT,87,8,RS,53,100,0.53
BASE_ALPHAEDIT,87,9,RS,62,100,0.62
BASE_ALPHAEDIT,87,10,RS,65,100,0.65
BASE_ALPHAEDIT,87,11,RS,63,100,0.63
BASE_ALPHAEDIT,87,12,RS,58,100,0.58
BASE_ALPHAEDIT,87,13,RS,66,100,0.66
BASE_ALPHAEDIT,87,14,RS,72,100,0.72
BASE_ALPHAEDIT,87,15,RS,64,100,0.64
BASE_ALPHAEDIT,87,16,RS,72,100,0.72
BASE_ALPHAEDIT,87,17,RS,53,100,0.53
BASE_ALPHAEDIT,87,18,RS,63,100,0.63
BASE_ALPHAEDIT,87,19,RS,65,100,0.65
BASE_ALPHAEDIT,87,20,RS,57,100,0.57
BASE_ALPHAEDIT,87,21,RS,62,100,0.62
BASE_ALPHAEDIT,87,22,RS,67,100,0.67
BASE_ALPHAEDIT,87,23,RS,59,100,0.59
BASE_ALPHAEDIT,87,24,RS,64,100,0.64
BASE_ALPHAEDIT,87,25,RS,69,100,0.69
BASE_ALPHAEDIT,87,26,RS,64,100,0.64
BASE_ALPHAEDIT,87,27,RS,72,100,0.72
BASE_ALPHAEDIT,87,28,RS,70,100,0.7
BASE_ALPHAEDIT,87,29,RS,75,100,0.75
BASE_ALPHAEDIT,87,30,RS,75,100,0.75
BASE_ALPHAEDIT,87,31,RS,70,100,0.7
BASE_ALPHAEDIT,87,32,RS,72,100,0.72
BASE_ALPHAEDIT,87,33,RS,66,100,0.66
BASE_ALPHAEDIT,87,34,RS,77,100,0.77
BASE_ALPHAEDIT,87,35,RS,76,100,0.76
BASE_ALPHAEDIT,87,36,RS,72,100,0.72
BASE_ALPHAEDIT,87,37,RS,72,100,0.72
BASE_ALPHAEDIT,87,38,RS,74,100,0.74
BASE_ALPHAEDIT,87,39,RS,75,100,0.75
BASE_ALPHAEDIT,87,40,RS,79,100,0.79
BASE_ALPHAEDIT,87,41,RS,70,100,0.7
BASE_ALPHAEDIT,87,42,RS,79,100,0.79
BASE_ALPHAEDIT,87,43,RS,85,100,0.85
BASE_ALPHAEDIT,87,44,RS,82,100,0.82
BASE_ALPHAEDIT,87,45,RS,83,100,0.83
BASE_ALPHAEDIT,87,46,RS,76,100,0.76
BASE_ALPHAEDIT,87,47,RS,77,100,0.77
BASE_ALPHAEDIT,87,48,RS,82,100,0.82
BASE_ALPHAEDIT,87,49,RS,85,100,0.85
BASE_ALPHAEDIT,87,50,RS,85,100,0.85
BASE_ALPHAEDIT,87,51,RS,84,100,0.84
BASE_ALPHAEDIT,87,52,RS,85,100,0.85
BASE_ALPHAEDIT,87,53,RS,83,100,0.83
BASE_ALPHAEDIT,87,54,RS,84,100,0.84
BASE_ALPHAEDIT,87,55,RS,87,100,0.87
BASE_ALPHAEDIT,87,56,RS,81,100,0.81
BASE_ALPHAEDIT,87,57,RS,88,100,0.88
BASE_ALPHAEDIT,87,58,RS,79,100,0.79
BASE_ALPHAEDIT,87,59,RS,87,100,0.87
BASE_ALPHAEDIT,87,60,RS,87,100,0.87
BASE_ALPHAEDIT,87,61,RS,84,100,0.84
BASE_ALPHAEDIT,87,62,RS,92,100,0.92
BASE_ALPHAEDIT,87,63,RS,88,100,0.88
BASE_ALPHAEDIT,87,64,RS,90,100,0.9
BASE_ALPHAEDIT,87,65,RS,94,100,0.94
BASE_ALPHAEDIT,87,66,RS,89,100,0.89
BASE_ALPHAEDIT,87,67,RS,92,100,0.92
BASE_ALPHAEDIT,87,68,RS,97,100,0.97
BASE_ALPHAEDIT,87,69,RS,95,100,0.95
BASE_ALPHAEDIT,87,70,RS,95,100,0.95
BASE_ALPHAEDIT,87,71,RS,94,100,0.94
BASE_ALPHAEDIT,87,72,RS,97,100,0.97
BASE_ALPHAEDIT,87,73,RS,98,100,0.98
BASE_ALPHAEDIT,87,74,RS,97,100,0.97
BASE_ALPHAEDIT,87,75,RS,100,100,1.0
BASE_ALPHAEDIT,87,76,RS,96,100,0.96
BASE_ALPHAEDIT,87,77,RS,98,100,0.98
BASE_ALPHAEDIT,87,78,RS,98,100,0.98
BASE_ALPHAEDIT,87,79,RS,97,100,0.97
BASE_ALPHAEDIT,87,80,RS,100,100,1.0
BASE_ALPHAEDIT,87,81,RS,100,100,1.0
BASE_ALPHAEDIT,87,82,RS,99,100,0.99
BASE_ALPHAEDIT,87,83,RS,100,100,1.0
BASE_ALPHAEDIT,87,84,RS,100,100,1.0
BASE_ALPHAEDIT,87,85,RS,99,100,0.99
BASE_ALPHAEDIT,87,86,RS,100,100,1.0
BASE_ALPHAEDIT,87,87,RS,100,100,1.0
BASE_ALPHAEDIT,88,1,RS,51,100,0.51
BASE_ALPHAEDIT,88,2,RS,51,100,0.51
BASE_ALPHAEDIT,88,3,RS,57,100,0.57
BASE_ALPHAEDIT,88,4,RS,68,100,0.68
BASE_ALPHAEDIT,88,5,RS,57,100,0.57
BASE_ALPHAEDIT,88,6,RS,58,100,0.58
BASE_ALPHAEDIT,88,7,RS,63,100,0.63
BASE_ALPHAEDIT,88,8,RS,53,100,0.53
BASE_ALPHAEDIT,88,9,RS,65,100,0.65
BASE_ALPHAEDIT,88,10,RS,67,100,0.67
BASE_ALPHAEDIT,88,11,RS,58,100,0.58
BASE_ALPHAEDIT,88,12,RS,56,100,0.56
BASE_ALPHAEDIT,88,13,RS,62,100,0.62
BASE_ALPHAEDIT,88,14,RS,71,100,0.71
BASE_ALPHAEDIT,88,15,RS,63,100,0.63
BASE_ALPHAEDIT,88,16,RS,67,100,0.67
BASE_ALPHAEDIT,88,17,RS,48,100,0.48
BASE_ALPHAEDIT,88,18,RS,62,100,0.62
BASE_ALPHAEDIT,88,19,RS,65,100,0.65
BASE_ALPHAEDIT,88,20,RS,54,100,0.54
BASE_ALPHAEDIT,88,21,RS,60,100,0.6
BASE_ALPHAEDIT,88,22,RS,69,100,0.69
BASE_ALPHAEDIT,88,23,RS,57,100,0.57
BASE_ALPHAEDIT,88,24,RS,66,100,0.66
BASE_ALPHAEDIT,88,25,RS,70,100,0.7
BASE_ALPHAEDIT,88,26,RS,66,100,0.66
BASE_ALPHAEDIT,88,27,RS,69,100,0.69
BASE_ALPHAEDIT,88,28,RS,69,100,0.69
BASE_ALPHAEDIT,88,29,RS,70,100,0.7
BASE_ALPHAEDIT,88,30,RS,72,100,0.72
BASE_ALPHAEDIT,88,31,RS,72,100,0.72
BASE_ALPHAEDIT,88,32,RS,73,100,0.73
BASE_ALPHAEDIT,88,33,RS,66,100,0.66
BASE_ALPHAEDIT,88,34,RS,73,100,0.73
BASE_ALPHAEDIT,88,35,RS,76,100,0.76
BASE_ALPHAEDIT,88,36,RS,74,100,0.74
BASE_ALPHAEDIT,88,37,RS,70,100,0.7
BASE_ALPHAEDIT,88,38,RS,74,100,0.74
BASE_ALPHAEDIT,88,39,RS,70,100,0.7
BASE_ALPHAEDIT,88,40,RS,75,100,0.75
BASE_ALPHAEDIT,88,41,RS,71,100,0.71
BASE_ALPHAEDIT,88,42,RS,76,100,0.76
BASE_ALPHAEDIT,88,43,RS,83,100,0.83
BASE_ALPHAEDIT,88,44,RS,80,100,0.8
BASE_ALPHAEDIT,88,45,RS,81,100,0.81
BASE_ALPHAEDIT,88,46,RS,74,100,0.74
BASE_ALPHAEDIT,88,47,RS,75,100,0.75
BASE_ALPHAEDIT,88,48,RS,81,100,0.81
BASE_ALPHAEDIT,88,49,RS,84,100,0.84
BASE_ALPHAEDIT,88,50,RS,83,100,0.83
BASE_ALPHAEDIT,88,51,RS,84,100,0.84
BASE_ALPHAEDIT,88,52,RS,80,100,0.8
BASE_ALPHAEDIT,88,53,RS,81,100,0.81
BASE_ALPHAEDIT,88,54,RS,84,100,0.84
BASE_ALPHAEDIT,88,55,RS,86,100,0.86
BASE_ALPHAEDIT,88,56,RS,84,100,0.84
BASE_ALPHAEDIT,88,57,RS,86,100,0.86
BASE_ALPHAEDIT,88,58,RS,83,100,0.83
BASE_ALPHAEDIT,88,59,RS,86,100,0.86
BASE_ALPHAEDIT,88,60,RS,90,100,0.9
BASE_ALPHAEDIT,88,61,RS,84,100,0.84
BASE_ALPHAEDIT,88,62,RS,91,100,0.91
BASE_ALPHAEDIT,88,63,RS,88,100,0.88
BASE_ALPHAEDIT,88,64,RS,94,100,0.94
BASE_ALPHAEDIT,88,65,RS,92,100,0.92
BASE_ALPHAEDIT,88,66,RS,86,100,0.86
BASE_ALPHAEDIT,88,67,RS,96,100,0.96
BASE_ALPHAEDIT,88,68,RS,95,100,0.95
BASE_ALPHAEDIT,88,69,RS,95,100,0.95
BASE_ALPHAEDIT,88,70,RS,93,100,0.93
BASE_ALPHAEDIT,88,71,RS,94,100,0.94
BASE_ALPHAEDIT,88,72,RS,94,100,0.94
BASE_ALPHAEDIT,88,73,RS,97,100,0.97
BASE_ALPHAEDIT,88,74,RS,96,100,0.96
BASE_ALPHAEDIT,88,75,RS,100,100,1.0
BASE_ALPHAEDIT,88,76,RS,95,100,0.95
BASE_ALPHAEDIT,88,77,RS,98,100,0.98
BASE_ALPHAEDIT,88,78,RS,96,100,0.96
BASE_ALPHAEDIT,88,79,RS,97,100,0.97
BASE_ALPHAEDIT,88,80,RS,100,100,1.0
BASE_ALPHAEDIT,88,81,RS,100,100,1.0
BASE_ALPHAEDIT,88,82,RS,99,100,0.99
BASE_ALPHAEDIT,88,83,RS,100,100,1.0
BASE_ALPHAEDIT,88,84,RS,100,100,1.0
BASE_ALPHAEDIT,88,85,RS,97,100,0.97
BASE_ALPHAEDIT,88,86,RS,100,100,1.0
BASE_ALPHAEDIT,88,87,RS,100,100,1.0
BASE_ALPHAEDIT,88,88,RS,100,100,1.0
BASE_ALPHAEDIT,89,1,RS,49,100,0.49
BASE_ALPHAEDIT,89,2,RS,53,100,0.53
BASE_ALPHAEDIT,89,3,RS,54,100,0.54
BASE_ALPHAEDIT,89,4,RS,68,100,0.68
BASE_ALPHAEDIT,89,5,RS,61,100,0.61
BASE_ALPHAEDIT,89,6,RS,55,100,0.55
BASE_ALPHAEDIT,89,7,RS,58,100,0.58
BASE_ALPHAEDIT,89,8,RS,53,100,0.53
BASE_ALPHAEDIT,89,9,RS,67,100,0.67
BASE_ALPHAEDIT,89,10,RS,68,100,0.68
BASE_ALPHAEDIT,89,11,RS,60,100,0.6
BASE_ALPHAEDIT,89,12,RS,60,100,0.6
BASE_ALPHAEDIT,89,13,RS,59,100,0.59
BASE_ALPHAEDIT,89,14,RS,69,100,0.69
BASE_ALPHAEDIT,89,15,RS,61,100,0.61
BASE_ALPHAEDIT,89,16,RS,65,100,0.65
BASE_ALPHAEDIT,89,17,RS,49,100,0.49
BASE_ALPHAEDIT,89,18,RS,62,100,0.62
BASE_ALPHAEDIT,89,19,RS,63,100,0.63
BASE_ALPHAEDIT,89,20,RS,56,100,0.56
BASE_ALPHAEDIT,89,21,RS,60,100,0.6
BASE_ALPHAEDIT,89,22,RS,68,100,0.68
BASE_ALPHAEDIT,89,23,RS,57,100,0.57
BASE_ALPHAEDIT,89,24,RS,65,100,0.65
BASE_ALPHAEDIT,89,25,RS,71,100,0.71
BASE_ALPHAEDIT,89,26,RS,62,100,0.62
BASE_ALPHAEDIT,89,27,RS,69,100,0.69
BASE_ALPHAEDIT,89,28,RS,69,100,0.69
BASE_ALPHAEDIT,89,29,RS,69,100,0.69
BASE_ALPHAEDIT,89,30,RS,69,100,0.69
BASE_ALPHAEDIT,89,31,RS,72,100,0.72
BASE_ALPHAEDIT,89,32,RS,71,100,0.71
BASE_ALPHAEDIT,89,33,RS,68,100,0.68
BASE_ALPHAEDIT,89,34,RS,72,100,0.72
BASE_ALPHAEDIT,89,35,RS,73,100,0.73
BASE_ALPHAEDIT,89,36,RS,72,100,0.72
BASE_ALPHAEDIT,89,37,RS,71,100,0.71
BASE_ALPHAEDIT,89,38,RS,69,100,0.69
BASE_ALPHAEDIT,89,39,RS,70,100,0.7
BASE_ALPHAEDIT,89,40,RS,75,100,0.75
BASE_ALPHAEDIT,89,41,RS,73,100,0.73
BASE_ALPHAEDIT,89,42,RS,73,100,0.73
BASE_ALPHAEDIT,89,43,RS,79,100,0.79
BASE_ALPHAEDIT,89,44,RS,84,100,0.84
BASE_ALPHAEDIT,89,45,RS,79,100,0.79
BASE_ALPHAEDIT,89,46,RS,72,100,0.72
BASE_ALPHAEDIT,89,47,RS,75,100,0.75
BASE_ALPHAEDIT,89,48,RS,80,100,0.8
BASE_ALPHAEDIT,89,49,RS,82,100,0.82
BASE_ALPHAEDIT,89,50,RS,79,100,0.79
BASE_ALPHAEDIT,89,51,RS,81,100,0.81
BASE_ALPHAEDIT,89,52,RS,82,100,0.82
BASE_ALPHAEDIT,89,53,RS,79,100,0.79
BASE_ALPHAEDIT,89,54,RS,84,100,0.84
BASE_ALPHAEDIT,89,55,RS,84,100,0.84
BASE_ALPHAEDIT,89,56,RS,82,100,0.82
BASE_ALPHAEDIT,89,57,RS,85,100,0.85
BASE_ALPHAEDIT,89,58,RS,86,100,0.86
BASE_ALPHAEDIT,89,59,RS,84,100,0.84
BASE_ALPHAEDIT,89,60,RS,86,100,0.86
BASE_ALPHAEDIT,89,61,RS,84,100,0.84
BASE_ALPHAEDIT,89,62,RS,87,100,0.87
BASE_ALPHAEDIT,89,63,RS,87,100,0.87
BASE_ALPHAEDIT,89,64,RS,92,100,0.92
BASE_ALPHAEDIT,89,65,RS,93,100,0.93
BASE_ALPHAEDIT,89,66,RS,84,100,0.84
BASE_ALPHAEDIT,89,67,RS,94,100,0.94
BASE_ALPHAEDIT,89,68,RS,94,100,0.94
BASE_ALPHAEDIT,89,69,RS,93,100,0.93
BASE_ALPHAEDIT,89,70,RS,92,100,0.92
BASE_ALPHAEDIT,89,71,RS,92,100,0.92
BASE_ALPHAEDIT,89,72,RS,94,100,0.94
BASE_ALPHAEDIT,89,73,RS,96,100,0.96
BASE_ALPHAEDIT,89,74,RS,95,100,0.95
BASE_ALPHAEDIT,89,75,RS,99,100,0.99
BASE_ALPHAEDIT,89,76,RS,95,100,0.95
BASE_ALPHAEDIT,89,77,RS,98,100,0.98
BASE_ALPHAEDIT,89,78,RS,95,100,0.95
BASE_ALPHAEDIT,89,79,RS,96,100,0.96
BASE_ALPHAEDIT,89,80,RS,99,100,0.99
BASE_ALPHAEDIT,89,81,RS,99,100,0.99
BASE_ALPHAEDIT,89,82,RS,99,100,0.99
BASE_ALPHAEDIT,89,83,RS,99,100,0.99
BASE_ALPHAEDIT,89,84,RS,100,100,1.0
BASE_ALPHAEDIT,89,85,RS,97,100,0.97
BASE_ALPHAEDIT,89,86,RS,100,100,1.0
BASE_ALPHAEDIT,89,87,RS,100,100,1.0
BASE_ALPHAEDIT,89,88,RS,100,100,1.0
BASE_ALPHAEDIT,89,89,RS,100,100,1.0
BASE_ALPHAEDIT,90,1,RS,50,100,0.5
BASE_ALPHAEDIT,90,2,RS,50,100,0.5
BASE_ALPHAEDIT,90,3,RS,57,100,0.57
BASE_ALPHAEDIT,90,4,RS,63,100,0.63
BASE_ALPHAEDIT,90,5,RS,58,100,0.58
BASE_ALPHAEDIT,90,6,RS,58,100,0.58
BASE_ALPHAEDIT,90,7,RS,59,100,0.59
BASE_ALPHAEDIT,90,8,RS,49,100,0.49
BASE_ALPHAEDIT,90,9,RS,62,100,0.62
BASE_ALPHAEDIT,90,10,RS,69,100,0.69
BASE_ALPHAEDIT,90,11,RS,58,100,0.58
BASE_ALPHAEDIT,90,12,RS,59,100,0.59
BASE_ALPHAEDIT,90,13,RS,62,100,0.62
BASE_ALPHAEDIT,90,14,RS,70,100,0.7
BASE_ALPHAEDIT,90,15,RS,62,100,0.62
BASE_ALPHAEDIT,90,16,RS,65,100,0.65
BASE_ALPHAEDIT,90,17,RS,50,100,0.5
BASE_ALPHAEDIT,90,18,RS,61,100,0.61
BASE_ALPHAEDIT,90,19,RS,62,100,0.62
BASE_ALPHAEDIT,90,20,RS,55,100,0.55
BASE_ALPHAEDIT,90,21,RS,59,100,0.59
BASE_ALPHAEDIT,90,22,RS,68,100,0.68
BASE_ALPHAEDIT,90,23,RS,58,100,0.58
BASE_ALPHAEDIT,90,24,RS,66,100,0.66
BASE_ALPHAEDIT,90,25,RS,71,100,0.71
BASE_ALPHAEDIT,90,26,RS,66,100,0.66
BASE_ALPHAEDIT,90,27,RS,66,100,0.66
BASE_ALPHAEDIT,90,28,RS,68,100,0.68
BASE_ALPHAEDIT,90,29,RS,67,100,0.67
BASE_ALPHAEDIT,90,30,RS,70,100,0.7
BASE_ALPHAEDIT,90,31,RS,71,100,0.71
BASE_ALPHAEDIT,90,32,RS,71,100,0.71
BASE_ALPHAEDIT,90,33,RS,61,100,0.61
BASE_ALPHAEDIT,90,34,RS,72,100,0.72
BASE_ALPHAEDIT,90,35,RS,69,100,0.69
BASE_ALPHAEDIT,90,36,RS,73,100,0.73
BASE_ALPHAEDIT,90,37,RS,68,100,0.68
BASE_ALPHAEDIT,90,38,RS,65,100,0.65
BASE_ALPHAEDIT,90,39,RS,69,100,0.69
BASE_ALPHAEDIT,90,40,RS,74,100,0.74
BASE_ALPHAEDIT,90,41,RS,69,100,0.69
BASE_ALPHAEDIT,90,42,RS,79,100,0.79
BASE_ALPHAEDIT,90,43,RS,76,100,0.76
BASE_ALPHAEDIT,90,44,RS,79,100,0.79
BASE_ALPHAEDIT,90,45,RS,80,100,0.8
BASE_ALPHAEDIT,90,46,RS,71,100,0.71
BASE_ALPHAEDIT,90,47,RS,73,100,0.73
BASE_ALPHAEDIT,90,48,RS,82,100,0.82
BASE_ALPHAEDIT,90,49,RS,81,100,0.81
BASE_ALPHAEDIT,90,50,RS,80,100,0.8
BASE_ALPHAEDIT,90,51,RS,82,100,0.82
BASE_ALPHAEDIT,90,52,RS,81,100,0.81
BASE_ALPHAEDIT,90,53,RS,79,100,0.79
BASE_ALPHAEDIT,90,54,RS,82,100,0.82
BASE_ALPHAEDIT,90,55,RS,80,100,0.8
BASE_ALPHAEDIT,90,56,RS,83,100,0.83
BASE_ALPHAEDIT,90,57,RS,83,100,0.83
BASE_ALPHAEDIT,90,58,RS,79,100,0.79
BASE_ALPHAEDIT,90,59,RS,83,100,0.83
BASE_ALPHAEDIT,90,60,RS,86,100,0.86
BASE_ALPHAEDIT,90,61,RS,84,100,0.84
BASE_ALPHAEDIT,90,62,RS,89,100,0.89
BASE_ALPHAEDIT,90,63,RS,88,100,0.88
BASE_ALPHAEDIT,90,64,RS,92,100,0.92
BASE_ALPHAEDIT,90,65,RS,89,100,0.89
BASE_ALPHAEDIT,90,66,RS,85,100,0.85
BASE_ALPHAEDIT,90,67,RS,91,100,0.91
BASE_ALPHAEDIT,90,68,RS,94,100,0.94
BASE_ALPHAEDIT,90,69,RS,92,100,0.92
BASE_ALPHAEDIT,90,70,RS,94,100,0.94
BASE_ALPHAEDIT,90,71,RS,92,100,0.92
BASE_ALPHAEDIT,90,72,RS,91,100,0.91
BASE_ALPHAEDIT,90,73,RS,96,100,0.96
BASE_ALPHAEDIT,90,74,RS,97,100,0.97
BASE_ALPHAEDIT,90,75,RS,99,100,0.99
BASE_ALPHAEDIT,90,76,RS,96,100,0.96
BASE_ALPHAEDIT,90,77,RS,98,100,0.98
BASE_ALPHAEDIT,90,78,RS,96,100,0.96
BASE_ALPHAEDIT,90,79,RS,95,100,0.95
BASE_ALPHAEDIT,90,80,RS,99,100,0.99
BASE_ALPHAEDIT,90,81,RS,99,100,0.99
BASE_ALPHAEDIT,90,82,RS,99,100,0.99
BASE_ALPHAEDIT,90,83,RS,100,100,1.0
BASE_ALPHAEDIT,90,84,RS,100,100,1.0
BASE_ALPHAEDIT,90,85,RS,98,100,0.98
BASE_ALPHAEDIT,90,86,RS,100,100,1.0
BASE_ALPHAEDIT,90,87,RS,100,100,1.0
BASE_ALPHAEDIT,90,88,RS,100,100,1.0
BASE_ALPHAEDIT,90,89,RS,100,100,1.0
BASE_ALPHAEDIT,90,90,RS,100,100,1.0
BASE_ALPHAEDIT,91,1,RS,50,100,0.5
BASE_ALPHAEDIT,91,2,RS,53,100,0.53
BASE_ALPHAEDIT,91,3,RS,57,100,0.57
BASE_ALPHAEDIT,91,4,RS,61,100,0.61
BASE_ALPHAEDIT,91,5,RS,55,100,0.55
BASE_ALPHAEDIT,91,6,RS,58,100,0.58
BASE_ALPHAEDIT,91,7,RS,61,100,0.61
BASE_ALPHAEDIT,91,8,RS,52,100,0.52
BASE_ALPHAEDIT,91,9,RS,61,100,0.61
BASE_ALPHAEDIT,91,10,RS,64,100,0.64
BASE_ALPHAEDIT,91,11,RS,57,100,0.57
BASE_ALPHAEDIT,91,12,RS,61,100,0.61
BASE_ALPHAEDIT,91,13,RS,61,100,0.61
BASE_ALPHAEDIT,91,14,RS,72,100,0.72
BASE_ALPHAEDIT,91,15,RS,61,100,0.61
BASE_ALPHAEDIT,91,16,RS,67,100,0.67
BASE_ALPHAEDIT,91,17,RS,56,100,0.56
BASE_ALPHAEDIT,91,18,RS,61,100,0.61
BASE_ALPHAEDIT,91,19,RS,54,100,0.54
BASE_ALPHAEDIT,91,20,RS,55,100,0.55
BASE_ALPHAEDIT,91,21,RS,61,100,0.61
BASE_ALPHAEDIT,91,22,RS,68,100,0.68
BASE_ALPHAEDIT,91,23,RS,57,100,0.57
BASE_ALPHAEDIT,91,24,RS,64,100,0.64
BASE_ALPHAEDIT,91,25,RS,67,100,0.67
BASE_ALPHAEDIT,91,26,RS,65,100,0.65
BASE_ALPHAEDIT,91,27,RS,66,100,0.66
BASE_ALPHAEDIT,91,28,RS,67,100,0.67
BASE_ALPHAEDIT,91,29,RS,66,100,0.66
BASE_ALPHAEDIT,91,30,RS,70,100,0.7
BASE_ALPHAEDIT,91,31,RS,75,100,0.75
BASE_ALPHAEDIT,91,32,RS,69,100,0.69
BASE_ALPHAEDIT,91,33,RS,63,100,0.63
BASE_ALPHAEDIT,91,34,RS,74,100,0.74
BASE_ALPHAEDIT,91,35,RS,69,100,0.69
BASE_ALPHAEDIT,91,36,RS,70,100,0.7
BASE_ALPHAEDIT,91,37,RS,64,100,0.64
BASE_ALPHAEDIT,91,38,RS,63,100,0.63
BASE_ALPHAEDIT,91,39,RS,67,100,0.67
BASE_ALPHAEDIT,91,40,RS,74,100,0.74
BASE_ALPHAEDIT,91,41,RS,67,100,0.67
BASE_ALPHAEDIT,91,42,RS,72,100,0.72
BASE_ALPHAEDIT,91,43,RS,75,100,0.75
BASE_ALPHAEDIT,91,44,RS,84,100,0.84
BASE_ALPHAEDIT,91,45,RS,77,100,0.77
BASE_ALPHAEDIT,91,46,RS,72,100,0.72
BASE_ALPHAEDIT,91,47,RS,76,100,0.76
BASE_ALPHAEDIT,91,48,RS,84,100,0.84
BASE_ALPHAEDIT,91,49,RS,79,100,0.79
BASE_ALPHAEDIT,91,50,RS,81,100,0.81
BASE_ALPHAEDIT,91,51,RS,81,100,0.81
BASE_ALPHAEDIT,91,52,RS,75,100,0.75
BASE_ALPHAEDIT,91,53,RS,76,100,0.76
BASE_ALPHAEDIT,91,54,RS,81,100,0.81
BASE_ALPHAEDIT,91,55,RS,76,100,0.76
BASE_ALPHAEDIT,91,56,RS,81,100,0.81
BASE_ALPHAEDIT,91,57,RS,84,100,0.84
BASE_ALPHAEDIT,91,58,RS,81,100,0.81
BASE_ALPHAEDIT,91,59,RS,82,100,0.82
BASE_ALPHAEDIT,91,60,RS,86,100,0.86
BASE_ALPHAEDIT,91,61,RS,85,100,0.85
BASE_ALPHAEDIT,91,62,RS,86,100,0.86
BASE_ALPHAEDIT,91,63,RS,87,100,0.87
BASE_ALPHAEDIT,91,64,RS,90,100,0.9
BASE_ALPHAEDIT,91,65,RS,90,100,0.9
BASE_ALPHAEDIT,91,66,RS,82,100,0.82
BASE_ALPHAEDIT,91,67,RS,90,100,0.9
BASE_ALPHAEDIT,91,68,RS,93,100,0.93
BASE_ALPHAEDIT,91,69,RS,91,100,0.91
BASE_ALPHAEDIT,91,70,RS,91,100,0.91
BASE_ALPHAEDIT,91,71,RS,91,100,0.91
BASE_ALPHAEDIT,91,72,RS,91,100,0.91
BASE_ALPHAEDIT,91,73,RS,93,100,0.93
BASE_ALPHAEDIT,91,74,RS,95,100,0.95
BASE_ALPHAEDIT,91,75,RS,96,100,0.96
BASE_ALPHAEDIT,91,76,RS,93,100,0.93
BASE_ALPHAEDIT,91,77,RS,97,100,0.97
BASE_ALPHAEDIT,91,78,RS,96,100,0.96
BASE_ALPHAEDIT,91,79,RS,96,100,0.96
BASE_ALPHAEDIT,91,80,RS,100,100,1.0
BASE_ALPHAEDIT,91,81,RS,99,100,0.99
BASE_ALPHAEDIT,91,82,RS,99,100,0.99
BASE_ALPHAEDIT,91,83,RS,99,100,0.99
BASE_ALPHAEDIT,91,84,RS,100,100,1.0
BASE_ALPHAEDIT,91,85,RS,98,100,0.98
BASE_ALPHAEDIT,91,86,RS,100,100,1.0
BASE_ALPHAEDIT,91,87,RS,100,100,1.0
BASE_ALPHAEDIT,91,88,RS,100,100,1.0
BASE_ALPHAEDIT,91,89,RS,100,100,1.0
BASE_ALPHAEDIT,91,90,RS,100,100,1.0
BASE_ALPHAEDIT,91,91,RS,100,100,1.0
BASE_ALPHAEDIT,92,1,RS,49,100,0.49
BASE_ALPHAEDIT,92,2,RS,52,100,0.52
BASE_ALPHAEDIT,92,3,RS,59,100,0.59
BASE_ALPHAEDIT,92,4,RS,61,100,0.61
BASE_ALPHAEDIT,92,5,RS,58,100,0.58
BASE_ALPHAEDIT,92,6,RS,58,100,0.58
BASE_ALPHAEDIT,92,7,RS,60,100,0.6
BASE_ALPHAEDIT,92,8,RS,54,100,0.54
BASE_ALPHAEDIT,92,9,RS,61,100,0.61
BASE_ALPHAEDIT,92,10,RS,63,100,0.63
BASE_ALPHAEDIT,92,11,RS,61,100,0.61
BASE_ALPHAEDIT,92,12,RS,60,100,0.6
BASE_ALPHAEDIT,92,13,RS,65,100,0.65
BASE_ALPHAEDIT,92,14,RS,69,100,0.69
BASE_ALPHAEDIT,92,15,RS,61,100,0.61
BASE_ALPHAEDIT,92,16,RS,62,100,0.62
BASE_ALPHAEDIT,92,17,RS,51,100,0.51
BASE_ALPHAEDIT,92,18,RS,61,100,0.61
BASE_ALPHAEDIT,92,19,RS,55,100,0.55
BASE_ALPHAEDIT,92,20,RS,52,100,0.52
BASE_ALPHAEDIT,92,21,RS,57,100,0.57
BASE_ALPHAEDIT,92,22,RS,64,100,0.64
BASE_ALPHAEDIT,92,23,RS,60,100,0.6
BASE_ALPHAEDIT,92,24,RS,67,100,0.67
BASE_ALPHAEDIT,92,25,RS,66,100,0.66
BASE_ALPHAEDIT,92,26,RS,62,100,0.62
BASE_ALPHAEDIT,92,27,RS,66,100,0.66
BASE_ALPHAEDIT,92,28,RS,66,100,0.66
BASE_ALPHAEDIT,92,29,RS,65,100,0.65
BASE_ALPHAEDIT,92,30,RS,66,100,0.66
BASE_ALPHAEDIT,92,31,RS,69,100,0.69
BASE_ALPHAEDIT,92,32,RS,67,100,0.67
BASE_ALPHAEDIT,92,33,RS,62,100,0.62
BASE_ALPHAEDIT,92,34,RS,68,100,0.68
BASE_ALPHAEDIT,92,35,RS,67,100,0.67
BASE_ALPHAEDIT,92,36,RS,70,100,0.7
BASE_ALPHAEDIT,92,37,RS,60,100,0.6
BASE_ALPHAEDIT,92,38,RS,65,100,0.65
BASE_ALPHAEDIT,92,39,RS,67,100,0.67
BASE_ALPHAEDIT,92,40,RS,72,100,0.72
BASE_ALPHAEDIT,92,41,RS,69,100,0.69
BASE_ALPHAEDIT,92,42,RS,73,100,0.73
BASE_ALPHAEDIT,92,43,RS,74,100,0.74
BASE_ALPHAEDIT,92,44,RS,79,100,0.79
BASE_ALPHAEDIT,92,45,RS,73,100,0.73
BASE_ALPHAEDIT,92,46,RS,71,100,0.71
BASE_ALPHAEDIT,92,47,RS,76,100,0.76
BASE_ALPHAEDIT,92,48,RS,78,100,0.78
BASE_ALPHAEDIT,92,49,RS,76,100,0.76
BASE_ALPHAEDIT,92,50,RS,81,100,0.81
BASE_ALPHAEDIT,92,51,RS,82,100,0.82
BASE_ALPHAEDIT,92,52,RS,78,100,0.78
BASE_ALPHAEDIT,92,53,RS,72,100,0.72
BASE_ALPHAEDIT,92,54,RS,80,100,0.8
BASE_ALPHAEDIT,92,55,RS,74,100,0.74
BASE_ALPHAEDIT,92,56,RS,79,100,0.79
BASE_ALPHAEDIT,92,57,RS,84,100,0.84
BASE_ALPHAEDIT,92,58,RS,79,100,0.79
BASE_ALPHAEDIT,92,59,RS,79,100,0.79
BASE_ALPHAEDIT,92,60,RS,84,100,0.84
BASE_ALPHAEDIT,92,61,RS,84,100,0.84
BASE_ALPHAEDIT,92,62,RS,83,100,0.83
BASE_ALPHAEDIT,92,63,RS,85,100,0.85
BASE_ALPHAEDIT,92,64,RS,88,100,0.88
BASE_ALPHAEDIT,92,65,RS,85,100,0.85
BASE_ALPHAEDIT,92,66,RS,80,100,0.8
BASE_ALPHAEDIT,92,67,RS,90,100,0.9
BASE_ALPHAEDIT,92,68,RS,92,100,0.92
BASE_ALPHAEDIT,92,69,RS,88,100,0.88
BASE_ALPHAEDIT,92,70,RS,94,100,0.94
BASE_ALPHAEDIT,92,71,RS,91,100,0.91
BASE_ALPHAEDIT,92,72,RS,93,100,0.93
BASE_ALPHAEDIT,92,73,RS,94,100,0.94
BASE_ALPHAEDIT,92,74,RS,97,100,0.97
BASE_ALPHAEDIT,92,75,RS,96,100,0.96
BASE_ALPHAEDIT,92,76,RS,93,100,0.93
BASE_ALPHAEDIT,92,77,RS,97,100,0.97
BASE_ALPHAEDIT,92,78,RS,94,100,0.94
BASE_ALPHAEDIT,92,79,RS,95,100,0.95
BASE_ALPHAEDIT,92,80,RS,99,100,0.99
BASE_ALPHAEDIT,92,81,RS,99,100,0.99
BASE_ALPHAEDIT,92,82,RS,100,100,1.0
BASE_ALPHAEDIT,92,83,RS,99,100,0.99
BASE_ALPHAEDIT,92,84,RS,99,100,0.99
BASE_ALPHAEDIT,92,85,RS,98,100,0.98
BASE_ALPHAEDIT,92,86,RS,99,100,0.99
BASE_ALPHAEDIT,92,87,RS,99,100,0.99
BASE_ALPHAEDIT,92,88,RS,100,100,1.0
BASE_ALPHAEDIT,92,89,RS,100,100,1.0
BASE_ALPHAEDIT,92,90,RS,100,100,1.0
BASE_ALPHAEDIT,92,91,RS,100,100,1.0
BASE_ALPHAEDIT,92,92,RS,100,100,1.0
BASE_ALPHAEDIT,93,1,RS,48,100,0.48
BASE_ALPHAEDIT,93,2,RS,54,100,0.54
BASE_ALPHAEDIT,93,3,RS,59,100,0.59
BASE_ALPHAEDIT,93,4,RS,61,100,0.61
BASE_ALPHAEDIT,93,5,RS,56,100,0.56
BASE_ALPHAEDIT,93,6,RS,56,100,0.56
BASE_ALPHAEDIT,93,7,RS,58,100,0.58
BASE_ALPHAEDIT,93,8,RS,48,100,0.48
BASE_ALPHAEDIT,93,9,RS,61,100,0.61
BASE_ALPHAEDIT,93,10,RS,66,100,0.66
BASE_ALPHAEDIT,93,11,RS,56,100,0.56
BASE_ALPHAEDIT,93,12,RS,61,100,0.61
BASE_ALPHAEDIT,93,13,RS,61,100,0.61
BASE_ALPHAEDIT,93,14,RS,65,100,0.65
BASE_ALPHAEDIT,93,15,RS,60,100,0.6
BASE_ALPHAEDIT,93,16,RS,63,100,0.63
BASE_ALPHAEDIT,93,17,RS,56,100,0.56
BASE_ALPHAEDIT,93,18,RS,62,100,0.62
BASE_ALPHAEDIT,93,19,RS,54,100,0.54
BASE_ALPHAEDIT,93,20,RS,53,100,0.53
BASE_ALPHAEDIT,93,21,RS,58,100,0.58
BASE_ALPHAEDIT,93,22,RS,60,100,0.6
BASE_ALPHAEDIT,93,23,RS,56,100,0.56
BASE_ALPHAEDIT,93,24,RS,72,100,0.72
BASE_ALPHAEDIT,93,25,RS,65,100,0.65
BASE_ALPHAEDIT,93,26,RS,66,100,0.66
BASE_ALPHAEDIT,93,27,RS,64,100,0.64
BASE_ALPHAEDIT,93,28,RS,64,100,0.64
BASE_ALPHAEDIT,93,29,RS,62,100,0.62
BASE_ALPHAEDIT,93,30,RS,63,100,0.63
BASE_ALPHAEDIT,93,31,RS,70,100,0.7
BASE_ALPHAEDIT,93,32,RS,66,100,0.66
BASE_ALPHAEDIT,93,33,RS,63,100,0.63
BASE_ALPHAEDIT,93,34,RS,70,100,0.7
BASE_ALPHAEDIT,93,35,RS,65,100,0.65
BASE_ALPHAEDIT,93,36,RS,68,100,0.68
BASE_ALPHAEDIT,93,37,RS,59,100,0.59
BASE_ALPHAEDIT,93,38,RS,62,100,0.62
BASE_ALPHAEDIT,93,39,RS,64,100,0.64
BASE_ALPHAEDIT,93,40,RS,73,100,0.73
BASE_ALPHAEDIT,93,41,RS,71,100,0.71
BASE_ALPHAEDIT,93,42,RS,73,100,0.73
BASE_ALPHAEDIT,93,43,RS,74,100,0.74
BASE_ALPHAEDIT,93,44,RS,80,100,0.8
BASE_ALPHAEDIT,93,45,RS,72,100,0.72
BASE_ALPHAEDIT,93,46,RS,70,100,0.7
BASE_ALPHAEDIT,93,47,RS,75,100,0.75
BASE_ALPHAEDIT,93,48,RS,73,100,0.73
BASE_ALPHAEDIT,93,49,RS,76,100,0.76
BASE_ALPHAEDIT,93,50,RS,76,100,0.76
BASE_ALPHAEDIT,93,51,RS,83,100,0.83
BASE_ALPHAEDIT,93,52,RS,79,100,0.79
BASE_ALPHAEDIT,93,53,RS,70,100,0.7
BASE_ALPHAEDIT,93,54,RS,77,100,0.77
BASE_ALPHAEDIT,93,55,RS,73,100,0.73
BASE_ALPHAEDIT,93,56,RS,76,100,0.76
BASE_ALPHAEDIT,93,57,RS,86,100,0.86
BASE_ALPHAEDIT,93,58,RS,80,100,0.8
BASE_ALPHAEDIT,93,59,RS,81,100,0.81
BASE_ALPHAEDIT,93,60,RS,83,100,0.83
BASE_ALPHAEDIT,93,61,RS,85,100,0.85
BASE_ALPHAEDIT,93,62,RS,85,100,0.85
BASE_ALPHAEDIT,93,63,RS,86,100,0.86
BASE_ALPHAEDIT,93,64,RS,82,100,0.82
BASE_ALPHAEDIT,93,65,RS,86,100,0.86
BASE_ALPHAEDIT,93,66,RS,81,100,0.81
BASE_ALPHAEDIT,93,67,RS,88,100,0.88
BASE_ALPHAEDIT,93,68,RS,92,100,0.92
BASE_ALPHAEDIT,93,69,RS,90,100,0.9
BASE_ALPHAEDIT,93,70,RS,92,100,0.92
BASE_ALPHAEDIT,93,71,RS,90,100,0.9
BASE_ALPHAEDIT,93,72,RS,93,100,0.93
BASE_ALPHAEDIT,93,73,RS,93,100,0.93
BASE_ALPHAEDIT,93,74,RS,95,100,0.95
BASE_ALPHAEDIT,93,75,RS,97,100,0.97
BASE_ALPHAEDIT,93,76,RS,91,100,0.91
BASE_ALPHAEDIT,93,77,RS,98,100,0.98
BASE_ALPHAEDIT,93,78,RS,94,100,0.94
BASE_ALPHAEDIT,93,79,RS,94,100,0.94
BASE_ALPHAEDIT,93,80,RS,99,100,0.99
BASE_ALPHAEDIT,93,81,RS,98,100,0.98
BASE_ALPHAEDIT,93,82,RS,100,100,1.0
BASE_ALPHAEDIT,93,83,RS,100,100,1.0
BASE_ALPHAEDIT,93,84,RS,99,100,0.99
BASE_ALPHAEDIT,93,85,RS,97,100,0.97
BASE_ALPHAEDIT,93,86,RS,99,100,0.99
BASE_ALPHAEDIT,93,87,RS,99,100,0.99
BASE_ALPHAEDIT,93,88,RS,100,100,1.0
BASE_ALPHAEDIT,93,89,RS,100,100,1.0
BASE_ALPHAEDIT,93,90,RS,100,100,1.0
BASE_ALPHAEDIT,93,91,RS,100,100,1.0
BASE_ALPHAEDIT,93,92,RS,100,100,1.0
BASE_ALPHAEDIT,93,93,RS,100,100,1.0
BASE_ALPHAEDIT,94,1,RS,52,100,0.52
BASE_ALPHAEDIT,94,2,RS,54,100,0.54
BASE_ALPHAEDIT,94,3,RS,58,100,0.58
BASE_ALPHAEDIT,94,4,RS,58,100,0.58
BASE_ALPHAEDIT,94,5,RS,53,100,0.53
BASE_ALPHAEDIT,94,6,RS,54,100,0.54
BASE_ALPHAEDIT,94,7,RS,57,100,0.57
BASE_ALPHAEDIT,94,8,RS,50,100,0.5
BASE_ALPHAEDIT,94,9,RS,61,100,0.61
BASE_ALPHAEDIT,94,10,RS,62,100,0.62
BASE_ALPHAEDIT,94,11,RS,54,100,0.54
BASE_ALPHAEDIT,94,12,RS,59,100,0.59
BASE_ALPHAEDIT,94,13,RS,61,100,0.61
BASE_ALPHAEDIT,94,14,RS,71,100,0.71
BASE_ALPHAEDIT,94,15,RS,59,100,0.59
BASE_ALPHAEDIT,94,16,RS,64,100,0.64
BASE_ALPHAEDIT,94,17,RS,55,100,0.55
BASE_ALPHAEDIT,94,18,RS,61,100,0.61
BASE_ALPHAEDIT,94,19,RS,55,100,0.55
BASE_ALPHAEDIT,94,20,RS,55,100,0.55
BASE_ALPHAEDIT,94,21,RS,54,100,0.54
BASE_ALPHAEDIT,94,22,RS,61,100,0.61
BASE_ALPHAEDIT,94,23,RS,55,100,0.55
BASE_ALPHAEDIT,94,24,RS,68,100,0.68
BASE_ALPHAEDIT,94,25,RS,63,100,0.63
BASE_ALPHAEDIT,94,26,RS,63,100,0.63
BASE_ALPHAEDIT,94,27,RS,64,100,0.64
BASE_ALPHAEDIT,94,28,RS,71,100,0.71
BASE_ALPHAEDIT,94,29,RS,60,100,0.6
BASE_ALPHAEDIT,94,30,RS,64,100,0.64
BASE_ALPHAEDIT,94,31,RS,70,100,0.7
BASE_ALPHAEDIT,94,32,RS,68,100,0.68
BASE_ALPHAEDIT,94,33,RS,65,100,0.65
BASE_ALPHAEDIT,94,34,RS,70,100,0.7
BASE_ALPHAEDIT,94,35,RS,63,100,0.63
BASE_ALPHAEDIT,94,36,RS,66,100,0.66
BASE_ALPHAEDIT,94,37,RS,58,100,0.58
BASE_ALPHAEDIT,94,38,RS,63,100,0.63
BASE_ALPHAEDIT,94,39,RS,65,100,0.65
BASE_ALPHAEDIT,94,40,RS,70,100,0.7
BASE_ALPHAEDIT,94,41,RS,67,100,0.67
BASE_ALPHAEDIT,94,42,RS,71,100,0.71
BASE_ALPHAEDIT,94,43,RS,78,100,0.78
BASE_ALPHAEDIT,94,44,RS,78,100,0.78
BASE_ALPHAEDIT,94,45,RS,71,100,0.71
BASE_ALPHAEDIT,94,46,RS,66,100,0.66
BASE_ALPHAEDIT,94,47,RS,75,100,0.75
BASE_ALPHAEDIT,94,48,RS,73,100,0.73
BASE_ALPHAEDIT,94,49,RS,73,100,0.73
BASE_ALPHAEDIT,94,50,RS,78,100,0.78
BASE_ALPHAEDIT,94,51,RS,84,100,0.84
BASE_ALPHAEDIT,94,52,RS,78,100,0.78
BASE_ALPHAEDIT,94,53,RS,70,100,0.7
BASE_ALPHAEDIT,94,54,RS,78,100,0.78
BASE_ALPHAEDIT,94,55,RS,75,100,0.75
BASE_ALPHAEDIT,94,56,RS,79,100,0.79
BASE_ALPHAEDIT,94,57,RS,83,100,0.83
BASE_ALPHAEDIT,94,58,RS,74,100,0.74
BASE_ALPHAEDIT,94,59,RS,82,100,0.82
BASE_ALPHAEDIT,94,60,RS,83,100,0.83
BASE_ALPHAEDIT,94,61,RS,81,100,0.81
BASE_ALPHAEDIT,94,62,RS,83,100,0.83
BASE_ALPHAEDIT,94,63,RS,85,100,0.85
BASE_ALPHAEDIT,94,64,RS,82,100,0.82
BASE_ALPHAEDIT,94,65,RS,83,100,0.83
BASE_ALPHAEDIT,94,66,RS,80,100,0.8
BASE_ALPHAEDIT,94,67,RS,88,100,0.88
BASE_ALPHAEDIT,94,68,RS,90,100,0.9
BASE_ALPHAEDIT,94,69,RS,93,100,0.93
BASE_ALPHAEDIT,94,70,RS,92,100,0.92
BASE_ALPHAEDIT,94,71,RS,89,100,0.89
BASE_ALPHAEDIT,94,72,RS,94,100,0.94
BASE_ALPHAEDIT,94,73,RS,93,100,0.93
BASE_ALPHAEDIT,94,74,RS,96,100,0.96
BASE_ALPHAEDIT,94,75,RS,98,100,0.98
BASE_ALPHAEDIT,94,76,RS,94,100,0.94
BASE_ALPHAEDIT,94,77,RS,94,100,0.94
BASE_ALPHAEDIT,94,78,RS,95,100,0.95
BASE_ALPHAEDIT,94,79,RS,93,100,0.93
BASE_ALPHAEDIT,94,80,RS,99,100,0.99
BASE_ALPHAEDIT,94,81,RS,97,100,0.97
BASE_ALPHAEDIT,94,82,RS,100,100,1.0
BASE_ALPHAEDIT,94,83,RS,100,100,1.0
BASE_ALPHAEDIT,94,84,RS,99,100,0.99
BASE_ALPHAEDIT,94,85,RS,97,100,0.97
BASE_ALPHAEDIT,94,86,RS,100,100,1.0
BASE_ALPHAEDIT,94,87,RS,99,100,0.99
BASE_ALPHAEDIT,94,88,RS,100,100,1.0
BASE_ALPHAEDIT,94,89,RS,100,100,1.0
BASE_ALPHAEDIT,94,90,RS,100,100,1.0
BASE_ALPHAEDIT,94,91,RS,99,100,0.99
BASE_ALPHAEDIT,94,92,RS,100,100,1.0
BASE_ALPHAEDIT,94,93,RS,99,100,0.99
BASE_ALPHAEDIT,94,94,RS,100,100,1.0
BASE_ALPHAEDIT,95,1,RS,55,100,0.55
BASE_ALPHAEDIT,95,2,RS,51,100,0.51
BASE_ALPHAEDIT,95,3,RS,55,100,0.55
BASE_ALPHAEDIT,95,4,RS,58,100,0.58
BASE_ALPHAEDIT,95,5,RS,49,100,0.49
BASE_ALPHAEDIT,95,6,RS,53,100,0.53
BASE_ALPHAEDIT,95,7,RS,58,100,0.58
BASE_ALPHAEDIT,95,8,RS,43,100,0.43
BASE_ALPHAEDIT,95,9,RS,61,100,0.61
BASE_ALPHAEDIT,95,10,RS,63,100,0.63
BASE_ALPHAEDIT,95,11,RS,55,100,0.55
BASE_ALPHAEDIT,95,12,RS,62,100,0.62
BASE_ALPHAEDIT,95,13,RS,61,100,0.61
BASE_ALPHAEDIT,95,14,RS,67,100,0.67
BASE_ALPHAEDIT,95,15,RS,57,100,0.57
BASE_ALPHAEDIT,95,16,RS,57,100,0.57
BASE_ALPHAEDIT,95,17,RS,52,100,0.52
BASE_ALPHAEDIT,95,18,RS,62,100,0.62
BASE_ALPHAEDIT,95,19,RS,60,100,0.6
BASE_ALPHAEDIT,95,20,RS,53,100,0.53
BASE_ALPHAEDIT,95,21,RS,58,100,0.58
BASE_ALPHAEDIT,95,22,RS,60,100,0.6
BASE_ALPHAEDIT,95,23,RS,54,100,0.54
BASE_ALPHAEDIT,95,24,RS,64,100,0.64
BASE_ALPHAEDIT,95,25,RS,64,100,0.64
BASE_ALPHAEDIT,95,26,RS,63,100,0.63
BASE_ALPHAEDIT,95,27,RS,64,100,0.64
BASE_ALPHAEDIT,95,28,RS,69,100,0.69
BASE_ALPHAEDIT,95,29,RS,58,100,0.58
BASE_ALPHAEDIT,95,30,RS,60,100,0.6
BASE_ALPHAEDIT,95,31,RS,70,100,0.7
BASE_ALPHAEDIT,95,32,RS,69,100,0.69
BASE_ALPHAEDIT,95,33,RS,61,100,0.61
BASE_ALPHAEDIT,95,34,RS,67,100,0.67
BASE_ALPHAEDIT,95,35,RS,64,100,0.64
BASE_ALPHAEDIT,95,36,RS,65,100,0.65
BASE_ALPHAEDIT,95,37,RS,58,100,0.58
BASE_ALPHAEDIT,95,38,RS,60,100,0.6
BASE_ALPHAEDIT,95,39,RS,64,100,0.64
BASE_ALPHAEDIT,95,40,RS,70,100,0.7
BASE_ALPHAEDIT,95,41,RS,66,100,0.66
BASE_ALPHAEDIT,95,42,RS,72,100,0.72
BASE_ALPHAEDIT,95,43,RS,75,100,0.75
BASE_ALPHAEDIT,95,44,RS,77,100,0.77
BASE_ALPHAEDIT,95,45,RS,69,100,0.69
BASE_ALPHAEDIT,95,46,RS,67,100,0.67
BASE_ALPHAEDIT,95,47,RS,75,100,0.75
BASE_ALPHAEDIT,95,48,RS,71,100,0.71
BASE_ALPHAEDIT,95,49,RS,76,100,0.76
BASE_ALPHAEDIT,95,50,RS,77,100,0.77
BASE_ALPHAEDIT,95,51,RS,84,100,0.84
BASE_ALPHAEDIT,95,52,RS,80,100,0.8
BASE_ALPHAEDIT,95,53,RS,71,100,0.71
BASE_ALPHAEDIT,95,54,RS,77,100,0.77
BASE_ALPHAEDIT,95,55,RS,75,100,0.75
BASE_ALPHAEDIT,95,56,RS,78,100,0.78
BASE_ALPHAEDIT,95,57,RS,85,100,0.85
BASE_ALPHAEDIT,95,58,RS,75,100,0.75
BASE_ALPHAEDIT,95,59,RS,82,100,0.82
BASE_ALPHAEDIT,95,60,RS,85,100,0.85
BASE_ALPHAEDIT,95,61,RS,81,100,0.81
BASE_ALPHAEDIT,95,62,RS,81,100,0.81
BASE_ALPHAEDIT,95,63,RS,81,100,0.81
BASE_ALPHAEDIT,95,64,RS,80,100,0.8
BASE_ALPHAEDIT,95,65,RS,82,100,0.82
BASE_ALPHAEDIT,95,66,RS,79,100,0.79
BASE_ALPHAEDIT,95,67,RS,86,100,0.86
BASE_ALPHAEDIT,95,68,RS,90,100,0.9
BASE_ALPHAEDIT,95,69,RS,92,100,0.92
BASE_ALPHAEDIT,95,70,RS,92,100,0.92
BASE_ALPHAEDIT,95,71,RS,89,100,0.89
BASE_ALPHAEDIT,95,72,RS,93,100,0.93
BASE_ALPHAEDIT,95,73,RS,90,100,0.9
BASE_ALPHAEDIT,95,74,RS,94,100,0.94
BASE_ALPHAEDIT,95,75,RS,97,100,0.97
BASE_ALPHAEDIT,95,76,RS,95,100,0.95
BASE_ALPHAEDIT,95,77,RS,94,100,0.94
BASE_ALPHAEDIT,95,78,RS,95,100,0.95
BASE_ALPHAEDIT,95,79,RS,93,100,0.93
BASE_ALPHAEDIT,95,80,RS,97,100,0.97
BASE_ALPHAEDIT,95,81,RS,98,100,0.98
BASE_ALPHAEDIT,95,82,RS,100,100,1.0
BASE_ALPHAEDIT,95,83,RS,100,100,1.0
BASE_ALPHAEDIT,95,84,RS,98,100,0.98
BASE_ALPHAEDIT,95,85,RS,97,100,0.97
BASE_ALPHAEDIT,95,86,RS,100,100,1.0
BASE_ALPHAEDIT,95,87,RS,99,100,0.99
BASE_ALPHAEDIT,95,88,RS,100,100,1.0
BASE_ALPHAEDIT,95,89,RS,100,100,1.0
BASE_ALPHAEDIT,95,90,RS,100,100,1.0
BASE_ALPHAEDIT,95,91,RS,99,100,0.99
BASE_ALPHAEDIT,95,92,RS,100,100,1.0
BASE_ALPHAEDIT,95,93,RS,99,100,0.99
BASE_ALPHAEDIT,95,94,RS,100,100,1.0
BASE_ALPHAEDIT,95,95,RS,100,100,1.0
BASE_ALPHAEDIT,96,1,RS,57,100,0.57
BASE_ALPHAEDIT,96,2,RS,43,100,0.43
BASE_ALPHAEDIT,96,3,RS,55,100,0.55
BASE_ALPHAEDIT,96,4,RS,58,100,0.58
BASE_ALPHAEDIT,96,5,RS,56,100,0.56
BASE_ALPHAEDIT,96,6,RS,52,100,0.52
BASE_ALPHAEDIT,96,7,RS,58,100,0.58
BASE_ALPHAEDIT,96,8,RS,47,100,0.47
BASE_ALPHAEDIT,96,9,RS,60,100,0.6
BASE_ALPHAEDIT,96,10,RS,62,100,0.62
BASE_ALPHAEDIT,96,11,RS,52,100,0.52
BASE_ALPHAEDIT,96,12,RS,61,100,0.61
BASE_ALPHAEDIT,96,13,RS,59,100,0.59
BASE_ALPHAEDIT,96,14,RS,63,100,0.63
BASE_ALPHAEDIT,96,15,RS,56,100,0.56
BASE_ALPHAEDIT,96,16,RS,55,100,0.55
BASE_ALPHAEDIT,96,17,RS,52,100,0.52
BASE_ALPHAEDIT,96,18,RS,62,100,0.62
BASE_ALPHAEDIT,96,19,RS,57,100,0.57
BASE_ALPHAEDIT,96,20,RS,53,100,0.53
BASE_ALPHAEDIT,96,21,RS,57,100,0.57
BASE_ALPHAEDIT,96,22,RS,61,100,0.61
BASE_ALPHAEDIT,96,23,RS,56,100,0.56
BASE_ALPHAEDIT,96,24,RS,64,100,0.64
BASE_ALPHAEDIT,96,25,RS,59,100,0.59
BASE_ALPHAEDIT,96,26,RS,60,100,0.6
BASE_ALPHAEDIT,96,27,RS,62,100,0.62
BASE_ALPHAEDIT,96,28,RS,66,100,0.66
BASE_ALPHAEDIT,96,29,RS,58,100,0.58
BASE_ALPHAEDIT,96,30,RS,61,100,0.61
BASE_ALPHAEDIT,96,31,RS,69,100,0.69
BASE_ALPHAEDIT,96,32,RS,65,100,0.65
BASE_ALPHAEDIT,96,33,RS,62,100,0.62
BASE_ALPHAEDIT,96,34,RS,68,100,0.68
BASE_ALPHAEDIT,96,35,RS,63,100,0.63
BASE_ALPHAEDIT,96,36,RS,64,100,0.64
BASE_ALPHAEDIT,96,37,RS,58,100,0.58
BASE_ALPHAEDIT,96,38,RS,64,100,0.64
BASE_ALPHAEDIT,96,39,RS,64,100,0.64
BASE_ALPHAEDIT,96,40,RS,70,100,0.7
BASE_ALPHAEDIT,96,41,RS,64,100,0.64
BASE_ALPHAEDIT,96,42,RS,74,100,0.74
BASE_ALPHAEDIT,96,43,RS,71,100,0.71
BASE_ALPHAEDIT,96,44,RS,73,100,0.73
BASE_ALPHAEDIT,96,45,RS,77,100,0.77
BASE_ALPHAEDIT,96,46,RS,64,100,0.64
BASE_ALPHAEDIT,96,47,RS,75,100,0.75
BASE_ALPHAEDIT,96,48,RS,74,100,0.74
BASE_ALPHAEDIT,96,49,RS,73,100,0.73
BASE_ALPHAEDIT,96,50,RS,76,100,0.76
BASE_ALPHAEDIT,96,51,RS,80,100,0.8
BASE_ALPHAEDIT,96,52,RS,76,100,0.76
BASE_ALPHAEDIT,96,53,RS,63,100,0.63
BASE_ALPHAEDIT,96,54,RS,73,100,0.73
BASE_ALPHAEDIT,96,55,RS,73,100,0.73
BASE_ALPHAEDIT,96,56,RS,74,100,0.74
BASE_ALPHAEDIT,96,57,RS,82,100,0.82
BASE_ALPHAEDIT,96,58,RS,75,100,0.75
BASE_ALPHAEDIT,96,59,RS,79,100,0.79
BASE_ALPHAEDIT,96,60,RS,81,100,0.81
BASE_ALPHAEDIT,96,61,RS,83,100,0.83
BASE_ALPHAEDIT,96,62,RS,80,100,0.8
BASE_ALPHAEDIT,96,63,RS,80,100,0.8
BASE_ALPHAEDIT,96,64,RS,81,100,0.81
BASE_ALPHAEDIT,96,65,RS,84,100,0.84
BASE_ALPHAEDIT,96,66,RS,79,100,0.79
BASE_ALPHAEDIT,96,67,RS,85,100,0.85
BASE_ALPHAEDIT,96,68,RS,88,100,0.88
BASE_ALPHAEDIT,96,69,RS,92,100,0.92
BASE_ALPHAEDIT,96,70,RS,93,100,0.93
BASE_ALPHAEDIT,96,71,RS,89,100,0.89
BASE_ALPHAEDIT,96,72,RS,92,100,0.92
BASE_ALPHAEDIT,96,73,RS,87,100,0.87
BASE_ALPHAEDIT,96,74,RS,93,100,0.93
BASE_ALPHAEDIT,96,75,RS,97,100,0.97
BASE_ALPHAEDIT,96,76,RS,94,100,0.94
BASE_ALPHAEDIT,96,77,RS,94,100,0.94
BASE_ALPHAEDIT,96,78,RS,93,100,0.93
BASE_ALPHAEDIT,96,79,RS,93,100,0.93
BASE_ALPHAEDIT,96,80,RS,96,100,0.96
BASE_ALPHAEDIT,96,81,RS,95,100,0.95
BASE_ALPHAEDIT,96,82,RS,99,100,0.99
BASE_ALPHAEDIT,96,83,RS,98,100,0.98
BASE_ALPHAEDIT,96,84,RS,98,100,0.98
BASE_ALPHAEDIT,96,85,RS,97,100,0.97
BASE_ALPHAEDIT,96,86,RS,99,100,0.99
BASE_ALPHAEDIT,96,87,RS,98,100,0.98
BASE_ALPHAEDIT,96,88,RS,99,100,0.99
BASE_ALPHAEDIT,96,89,RS,100,100,1.0
BASE_ALPHAEDIT,96,90,RS,99,100,0.99
BASE_ALPHAEDIT,96,91,RS,99,100,0.99
BASE_ALPHAEDIT,96,92,RS,100,100,1.0
BASE_ALPHAEDIT,96,93,RS,100,100,1.0
BASE_ALPHAEDIT,96,94,RS,100,100,1.0
BASE_ALPHAEDIT,96,95,RS,100,100,1.0
BASE_ALPHAEDIT,96,96,RS,100,100,1.0
BASE_ALPHAEDIT,97,1,RS,56,100,0.56
BASE_ALPHAEDIT,97,2,RS,48,100,0.48
BASE_ALPHAEDIT,97,3,RS,56,100,0.56
BASE_ALPHAEDIT,97,4,RS,56,100,0.56
BASE_ALPHAEDIT,97,5,RS,52,100,0.52
BASE_ALPHAEDIT,97,6,RS,51,100,0.51
BASE_ALPHAEDIT,97,7,RS,58,100,0.58
BASE_ALPHAEDIT,97,8,RS,50,100,0.5
BASE_ALPHAEDIT,97,9,RS,59,100,0.59
BASE_ALPHAEDIT,97,10,RS,63,100,0.63
BASE_ALPHAEDIT,97,11,RS,53,100,0.53
BASE_ALPHAEDIT,97,12,RS,61,100,0.61
BASE_ALPHAEDIT,97,13,RS,59,100,0.59
BASE_ALPHAEDIT,97,14,RS,66,100,0.66
BASE_ALPHAEDIT,97,15,RS,58,100,0.58
BASE_ALPHAEDIT,97,16,RS,59,100,0.59
BASE_ALPHAEDIT,97,17,RS,54,100,0.54
BASE_ALPHAEDIT,97,18,RS,64,100,0.64
BASE_ALPHAEDIT,97,19,RS,55,100,0.55
BASE_ALPHAEDIT,97,20,RS,49,100,0.49
BASE_ALPHAEDIT,97,21,RS,58,100,0.58
BASE_ALPHAEDIT,97,22,RS,53,100,0.53
BASE_ALPHAEDIT,97,23,RS,55,100,0.55
BASE_ALPHAEDIT,97,24,RS,62,100,0.62
BASE_ALPHAEDIT,97,25,RS,60,100,0.6
BASE_ALPHAEDIT,97,26,RS,59,100,0.59
BASE_ALPHAEDIT,97,27,RS,60,100,0.6
BASE_ALPHAEDIT,97,28,RS,66,100,0.66
BASE_ALPHAEDIT,97,29,RS,62,100,0.62
BASE_ALPHAEDIT,97,30,RS,63,100,0.63
BASE_ALPHAEDIT,97,31,RS,68,100,0.68
BASE_ALPHAEDIT,97,32,RS,66,100,0.66
BASE_ALPHAEDIT,97,33,RS,61,100,0.61
BASE_ALPHAEDIT,97,34,RS,67,100,0.67
BASE_ALPHAEDIT,97,35,RS,65,100,0.65
BASE_ALPHAEDIT,97,36,RS,59,100,0.59
BASE_ALPHAEDIT,97,37,RS,56,100,0.56
BASE_ALPHAEDIT,97,38,RS,59,100,0.59
BASE_ALPHAEDIT,97,39,RS,65,100,0.65
BASE_ALPHAEDIT,97,40,RS,67,100,0.67
BASE_ALPHAEDIT,97,41,RS,61,100,0.61
BASE_ALPHAEDIT,97,42,RS,69,100,0.69
BASE_ALPHAEDIT,97,43,RS,71,100,0.71
BASE_ALPHAEDIT,97,44,RS,71,100,0.71
BASE_ALPHAEDIT,97,45,RS,73,100,0.73
BASE_ALPHAEDIT,97,46,RS,63,100,0.63
BASE_ALPHAEDIT,97,47,RS,73,100,0.73
BASE_ALPHAEDIT,97,48,RS,73,100,0.73
BASE_ALPHAEDIT,97,49,RS,71,100,0.71
BASE_ALPHAEDIT,97,50,RS,76,100,0.76
BASE_ALPHAEDIT,97,51,RS,78,100,0.78
BASE_ALPHAEDIT,97,52,RS,75,100,0.75
BASE_ALPHAEDIT,97,53,RS,67,100,0.67
BASE_ALPHAEDIT,97,54,RS,70,100,0.7
BASE_ALPHAEDIT,97,55,RS,69,100,0.69
BASE_ALPHAEDIT,97,56,RS,70,100,0.7
BASE_ALPHAEDIT,97,57,RS,83,100,0.83
BASE_ALPHAEDIT,97,58,RS,73,100,0.73
BASE_ALPHAEDIT,97,59,RS,76,100,0.76
BASE_ALPHAEDIT,97,60,RS,78,100,0.78
BASE_ALPHAEDIT,97,61,RS,83,100,0.83
BASE_ALPHAEDIT,97,62,RS,75,100,0.75
BASE_ALPHAEDIT,97,63,RS,79,100,0.79
BASE_ALPHAEDIT,97,64,RS,77,100,0.77
BASE_ALPHAEDIT,97,65,RS,80,100,0.8
BASE_ALPHAEDIT,97,66,RS,74,100,0.74
BASE_ALPHAEDIT,97,67,RS,84,100,0.84
BASE_ALPHAEDIT,97,68,RS,87,100,0.87
BASE_ALPHAEDIT,97,69,RS,92,100,0.92
BASE_ALPHAEDIT,97,70,RS,93,100,0.93
BASE_ALPHAEDIT,97,71,RS,83,100,0.83
BASE_ALPHAEDIT,97,72,RS,91,100,0.91
BASE_ALPHAEDIT,97,73,RS,87,100,0.87
BASE_ALPHAEDIT,97,74,RS,91,100,0.91
BASE_ALPHAEDIT,97,75,RS,95,100,0.95
BASE_ALPHAEDIT,97,76,RS,91,100,0.91
BASE_ALPHAEDIT,97,77,RS,93,100,0.93
BASE_ALPHAEDIT,97,78,RS,91,100,0.91
BASE_ALPHAEDIT,97,79,RS,93,100,0.93
BASE_ALPHAEDIT,97,80,RS,95,100,0.95
BASE_ALPHAEDIT,97,81,RS,94,100,0.94
BASE_ALPHAEDIT,97,82,RS,99,100,0.99
BASE_ALPHAEDIT,97,83,RS,99,100,0.99
BASE_ALPHAEDIT,97,84,RS,98,100,0.98
BASE_ALPHAEDIT,97,85,RS,96,100,0.96
BASE_ALPHAEDIT,97,86,RS,98,100,0.98
BASE_ALPHAEDIT,97,87,RS,99,100,0.99
BASE_ALPHAEDIT,97,88,RS,99,100,0.99
BASE_ALPHAEDIT,97,89,RS,99,100,0.99
BASE_ALPHAEDIT,97,90,RS,99,100,0.99
BASE_ALPHAEDIT,97,91,RS,98,100,0.98
BASE_ALPHAEDIT,97,92,RS,100,100,1.0
BASE_ALPHAEDIT,97,93,RS,99,100,0.99
BASE_ALPHAEDIT,97,94,RS,100,100,1.0
BASE_ALPHAEDIT,97,95,RS,100,100,1.0
BASE_ALPHAEDIT,97,96,RS,100,100,1.0
BASE_ALPHAEDIT,97,97,RS,100,100,1.0
BASE_ALPHAEDIT,98,1,RS,54,100,0.54
BASE_ALPHAEDIT,98,2,RS,48,100,0.48
BASE_ALPHAEDIT,98,3,RS,56,100,0.56
BASE_ALPHAEDIT,98,4,RS,58,100,0.58
BASE_ALPHAEDIT,98,5,RS,51,100,0.51
BASE_ALPHAEDIT,98,6,RS,56,100,0.56
BASE_ALPHAEDIT,98,7,RS,54,100,0.54
BASE_ALPHAEDIT,98,8,RS,49,100,0.49
BASE_ALPHAEDIT,98,9,RS,65,100,0.65
BASE_ALPHAEDIT,98,10,RS,59,100,0.59
BASE_ALPHAEDIT,98,11,RS,54,100,0.54
BASE_ALPHAEDIT,98,12,RS,60,100,0.6
BASE_ALPHAEDIT,98,13,RS,54,100,0.54
BASE_ALPHAEDIT,98,14,RS,66,100,0.66
BASE_ALPHAEDIT,98,15,RS,51,100,0.51
BASE_ALPHAEDIT,98,16,RS,59,100,0.59
BASE_ALPHAEDIT,98,17,RS,54,100,0.54
BASE_ALPHAEDIT,98,18,RS,61,100,0.61
BASE_ALPHAEDIT,98,19,RS,54,100,0.54
BASE_ALPHAEDIT,98,20,RS,48,100,0.48
BASE_ALPHAEDIT,98,21,RS,55,100,0.55
BASE_ALPHAEDIT,98,22,RS,54,100,0.54
BASE_ALPHAEDIT,98,23,RS,55,100,0.55
BASE_ALPHAEDIT,98,24,RS,62,100,0.62
BASE_ALPHAEDIT,98,25,RS,61,100,0.61
BASE_ALPHAEDIT,98,26,RS,55,100,0.55
BASE_ALPHAEDIT,98,27,RS,59,100,0.59
BASE_ALPHAEDIT,98,28,RS,65,100,0.65
BASE_ALPHAEDIT,98,29,RS,64,100,0.64
BASE_ALPHAEDIT,98,30,RS,60,100,0.6
BASE_ALPHAEDIT,98,31,RS,64,100,0.64
BASE_ALPHAEDIT,98,32,RS,67,100,0.67
BASE_ALPHAEDIT,98,33,RS,63,100,0.63
BASE_ALPHAEDIT,98,34,RS,67,100,0.67
BASE_ALPHAEDIT,98,35,RS,64,100,0.64
BASE_ALPHAEDIT,98,36,RS,59,100,0.59
BASE_ALPHAEDIT,98,37,RS,57,100,0.57
BASE_ALPHAEDIT,98,38,RS,59,100,0.59
BASE_ALPHAEDIT,98,39,RS,63,100,0.63
BASE_ALPHAEDIT,98,40,RS,68,100,0.68
BASE_ALPHAEDIT,98,41,RS,62,100,0.62
BASE_ALPHAEDIT,98,42,RS,73,100,0.73
BASE_ALPHAEDIT,98,43,RS,71,100,0.71
BASE_ALPHAEDIT,98,44,RS,73,100,0.73
BASE_ALPHAEDIT,98,45,RS,75,100,0.75
BASE_ALPHAEDIT,98,46,RS,61,100,0.61
BASE_ALPHAEDIT,98,47,RS,75,100,0.75
BASE_ALPHAEDIT,98,48,RS,70,100,0.7
BASE_ALPHAEDIT,98,49,RS,73,100,0.73
BASE_ALPHAEDIT,98,50,RS,73,100,0.73
BASE_ALPHAEDIT,98,51,RS,77,100,0.77
BASE_ALPHAEDIT,98,52,RS,71,100,0.71
BASE_ALPHAEDIT,98,53,RS,64,100,0.64
BASE_ALPHAEDIT,98,54,RS,74,100,0.74
BASE_ALPHAEDIT,98,55,RS,70,100,0.7
BASE_ALPHAEDIT,98,56,RS,73,100,0.73
BASE_ALPHAEDIT,98,57,RS,84,100,0.84
BASE_ALPHAEDIT,98,58,RS,73,100,0.73
BASE_ALPHAEDIT,98,59,RS,74,100,0.74
BASE_ALPHAEDIT,98,60,RS,78,100,0.78
BASE_ALPHAEDIT,98,61,RS,81,100,0.81
BASE_ALPHAEDIT,98,62,RS,75,100,0.75
BASE_ALPHAEDIT,98,63,RS,81,100,0.81
BASE_ALPHAEDIT,98,64,RS,75,100,0.75
BASE_ALPHAEDIT,98,65,RS,85,100,0.85
BASE_ALPHAEDIT,98,66,RS,76,100,0.76
BASE_ALPHAEDIT,98,67,RS,85,100,0.85
BASE_ALPHAEDIT,98,68,RS,88,100,0.88
BASE_ALPHAEDIT,98,69,RS,88,100,0.88
BASE_ALPHAEDIT,98,70,RS,93,100,0.93
BASE_ALPHAEDIT,98,71,RS,80,100,0.8
BASE_ALPHAEDIT,98,72,RS,90,100,0.9
BASE_ALPHAEDIT,98,73,RS,88,100,0.88
BASE_ALPHAEDIT,98,74,RS,90,100,0.9
BASE_ALPHAEDIT,98,75,RS,93,100,0.93
BASE_ALPHAEDIT,98,76,RS,88,100,0.88
BASE_ALPHAEDIT,98,77,RS,93,100,0.93
BASE_ALPHAEDIT,98,78,RS,92,100,0.92
BASE_ALPHAEDIT,98,79,RS,94,100,0.94
BASE_ALPHAEDIT,98,80,RS,94,100,0.94
BASE_ALPHAEDIT,98,81,RS,94,100,0.94
BASE_ALPHAEDIT,98,82,RS,98,100,0.98
BASE_ALPHAEDIT,98,83,RS,97,100,0.97
BASE_ALPHAEDIT,98,84,RS,98,100,0.98
BASE_ALPHAEDIT,98,85,RS,96,100,0.96
BASE_ALPHAEDIT,98,86,RS,98,100,0.98
BASE_ALPHAEDIT,98,87,RS,96,100,0.96
BASE_ALPHAEDIT,98,88,RS,96,100,0.96
BASE_ALPHAEDIT,98,89,RS,100,100,1.0
BASE_ALPHAEDIT,98,90,RS,99,100,0.99
BASE_ALPHAEDIT,98,91,RS,98,100,0.98
BASE_ALPHAEDIT,98,92,RS,100,100,1.0
BASE_ALPHAEDIT,98,93,RS,99,100,0.99
BASE_ALPHAEDIT,98,94,RS,100,100,1.0
BASE_ALPHAEDIT,98,95,RS,100,100,1.0
BASE_ALPHAEDIT,98,96,RS,100,100,1.0
BASE_ALPHAEDIT,98,97,RS,99,100,0.99
BASE_ALPHAEDIT,98,98,RS,100,100,1.0
BASE_ALPHAEDIT,99,1,RS,54,100,0.54
BASE_ALPHAEDIT,99,2,RS,47,100,0.47
BASE_ALPHAEDIT,99,3,RS,53,100,0.53
BASE_ALPHAEDIT,99,4,RS,59,100,0.59
BASE_ALPHAEDIT,99,5,RS,54,100,0.54
BASE_ALPHAEDIT,99,6,RS,54,100,0.54
BASE_ALPHAEDIT,99,7,RS,55,100,0.55
BASE_ALPHAEDIT,99,8,RS,46,100,0.46
BASE_ALPHAEDIT,99,9,RS,62,100,0.62
BASE_ALPHAEDIT,99,10,RS,61,100,0.61
BASE_ALPHAEDIT,99,11,RS,55,100,0.55
BASE_ALPHAEDIT,99,12,RS,63,100,0.63
BASE_ALPHAEDIT,99,13,RS,54,100,0.54
BASE_ALPHAEDIT,99,14,RS,66,100,0.66
BASE_ALPHAEDIT,99,15,RS,51,100,0.51
BASE_ALPHAEDIT,99,16,RS,60,100,0.6
BASE_ALPHAEDIT,99,17,RS,53,100,0.53
BASE_ALPHAEDIT,99,18,RS,57,100,0.57
BASE_ALPHAEDIT,99,19,RS,57,100,0.57
BASE_ALPHAEDIT,99,20,RS,51,100,0.51
BASE_ALPHAEDIT,99,21,RS,52,100,0.52
BASE_ALPHAEDIT,99,22,RS,54,100,0.54
BASE_ALPHAEDIT,99,23,RS,52,100,0.52
BASE_ALPHAEDIT,99,24,RS,59,100,0.59
BASE_ALPHAEDIT,99,25,RS,60,100,0.6
BASE_ALPHAEDIT,99,26,RS,54,100,0.54
BASE_ALPHAEDIT,99,27,RS,56,100,0.56
BASE_ALPHAEDIT,99,28,RS,66,100,0.66
BASE_ALPHAEDIT,99,29,RS,69,100,0.69
BASE_ALPHAEDIT,99,30,RS,58,100,0.58
BASE_ALPHAEDIT,99,31,RS,67,100,0.67
BASE_ALPHAEDIT,99,32,RS,67,100,0.67
BASE_ALPHAEDIT,99,33,RS,57,100,0.57
BASE_ALPHAEDIT,99,34,RS,68,100,0.68
BASE_ALPHAEDIT,99,35,RS,63,100,0.63
BASE_ALPHAEDIT,99,36,RS,58,100,0.58
BASE_ALPHAEDIT,99,37,RS,52,100,0.52
BASE_ALPHAEDIT,99,38,RS,56,100,0.56
BASE_ALPHAEDIT,99,39,RS,62,100,0.62
BASE_ALPHAEDIT,99,40,RS,64,100,0.64
BASE_ALPHAEDIT,99,41,RS,63,100,0.63
BASE_ALPHAEDIT,99,42,RS,73,100,0.73
BASE_ALPHAEDIT,99,43,RS,71,100,0.71
BASE_ALPHAEDIT,99,44,RS,72,100,0.72
BASE_ALPHAEDIT,99,45,RS,72,100,0.72
BASE_ALPHAEDIT,99,46,RS,61,100,0.61
BASE_ALPHAEDIT,99,47,RS,73,100,0.73
BASE_ALPHAEDIT,99,48,RS,72,100,0.72
BASE_ALPHAEDIT,99,49,RS,69,100,0.69
BASE_ALPHAEDIT,99,50,RS,71,100,0.71
BASE_ALPHAEDIT,99,51,RS,76,100,0.76
BASE_ALPHAEDIT,99,52,RS,69,100,0.69
BASE_ALPHAEDIT,99,53,RS,66,100,0.66
BASE_ALPHAEDIT,99,54,RS,68,100,0.68
BASE_ALPHAEDIT,99,55,RS,71,100,0.71
BASE_ALPHAEDIT,99,56,RS,71,100,0.71
BASE_ALPHAEDIT,99,57,RS,85,100,0.85
BASE_ALPHAEDIT,99,58,RS,71,100,0.71
BASE_ALPHAEDIT,99,59,RS,72,100,0.72
BASE_ALPHAEDIT,99,60,RS,76,100,0.76
BASE_ALPHAEDIT,99,61,RS,81,100,0.81
BASE_ALPHAEDIT,99,62,RS,74,100,0.74
BASE_ALPHAEDIT,99,63,RS,78,100,0.78
BASE_ALPHAEDIT,99,64,RS,73,100,0.73
BASE_ALPHAEDIT,99,65,RS,83,100,0.83
BASE_ALPHAEDIT,99,66,RS,76,100,0.76
BASE_ALPHAEDIT,99,67,RS,85,100,0.85
BASE_ALPHAEDIT,99,68,RS,88,100,0.88
BASE_ALPHAEDIT,99,69,RS,87,100,0.87
BASE_ALPHAEDIT,99,70,RS,91,100,0.91
BASE_ALPHAEDIT,99,71,RS,77,100,0.77
BASE_ALPHAEDIT,99,72,RS,89,100,0.89
BASE_ALPHAEDIT,99,73,RS,88,100,0.88
BASE_ALPHAEDIT,99,74,RS,88,100,0.88
BASE_ALPHAEDIT,99,75,RS,93,100,0.93
BASE_ALPHAEDIT,99,76,RS,86,100,0.86
BASE_ALPHAEDIT,99,77,RS,93,100,0.93
BASE_ALPHAEDIT,99,78,RS,90,100,0.9
BASE_ALPHAEDIT,99,79,RS,93,100,0.93
BASE_ALPHAEDIT,99,80,RS,92,100,0.92
BASE_ALPHAEDIT,99,81,RS,94,100,0.94
BASE_ALPHAEDIT,99,82,RS,98,100,0.98
BASE_ALPHAEDIT,99,83,RS,98,100,0.98
BASE_ALPHAEDIT,99,84,RS,98,100,0.98
BASE_ALPHAEDIT,99,85,RS,96,100,0.96
BASE_ALPHAEDIT,99,86,RS,98,100,0.98
BASE_ALPHAEDIT,99,87,RS,97,100,0.97
BASE_ALPHAEDIT,99,88,RS,95,100,0.95
BASE_ALPHAEDIT,99,89,RS,100,100,1.0
BASE_ALPHAEDIT,99,90,RS,99,100,0.99
BASE_ALPHAEDIT,99,91,RS,97,100,0.97
BASE_ALPHAEDIT,99,92,RS,100,100,1.0
BASE_ALPHAEDIT,99,93,RS,100,100,1.0
BASE_ALPHAEDIT,99,94,RS,100,100,1.0
BASE_ALPHAEDIT,99,95,RS,100,100,1.0
BASE_ALPHAEDIT,99,96,RS,100,100,1.0
BASE_ALPHAEDIT,99,97,RS,100,100,1.0
BASE_ALPHAEDIT,99,98,RS,100,100,1.0
BASE_ALPHAEDIT,99,99,RS,100,100,1.0
BASE_ALPHAEDIT,100,1,RS,56,100,0.56
BASE_ALPHAEDIT,100,2,RS,48,100,0.48
BASE_ALPHAEDIT,100,3,RS,54,100,0.54
BASE_ALPHAEDIT,100,4,RS,61,100,0.61
BASE_ALPHAEDIT,100,5,RS,53,100,0.53
BASE_ALPHAEDIT,100,6,RS,56,100,0.56
BASE_ALPHAEDIT,100,7,RS,55,100,0.55
BASE_ALPHAEDIT,100,8,RS,50,100,0.5
BASE_ALPHAEDIT,100,9,RS,61,100,0.61
BASE_ALPHAEDIT,100,10,RS,60,100,0.6
BASE_ALPHAEDIT,100,11,RS,55,100,0.55
BASE_ALPHAEDIT,100,12,RS,58,100,0.58
BASE_ALPHAEDIT,100,13,RS,56,100,0.56
BASE_ALPHAEDIT,100,14,RS,65,100,0.65
BASE_ALPHAEDIT,100,15,RS,53,100,0.53
BASE_ALPHAEDIT,100,16,RS,57,100,0.57
BASE_ALPHAEDIT,100,17,RS,48,100,0.48
BASE_ALPHAEDIT,100,18,RS,61,100,0.61
BASE_ALPHAEDIT,100,19,RS,56,100,0.56
BASE_ALPHAEDIT,100,20,RS,47,100,0.47
BASE_ALPHAEDIT,100,21,RS,53,100,0.53
BASE_ALPHAEDIT,100,22,RS,55,100,0.55
BASE_ALPHAEDIT,100,23,RS,53,100,0.53
BASE_ALPHAEDIT,100,24,RS,59,100,0.59
BASE_ALPHAEDIT,100,25,RS,61,100,0.61
BASE_ALPHAEDIT,100,26,RS,56,100,0.56
BASE_ALPHAEDIT,100,27,RS,54,100,0.54
BASE_ALPHAEDIT,100,28,RS,66,100,0.66
BASE_ALPHAEDIT,100,29,RS,65,100,0.65
BASE_ALPHAEDIT,100,30,RS,59,100,0.59
BASE_ALPHAEDIT,100,31,RS,62,100,0.62
BASE_ALPHAEDIT,100,32,RS,65,100,0.65
BASE_ALPHAEDIT,100,33,RS,58,100,0.58
BASE_ALPHAEDIT,100,34,RS,68,100,0.68
BASE_ALPHAEDIT,100,35,RS,64,100,0.64
BASE_ALPHAEDIT,100,36,RS,55,100,0.55
BASE_ALPHAEDIT,100,37,RS,54,100,0.54
BASE_ALPHAEDIT,100,38,RS,52,100,0.52
BASE_ALPHAEDIT,100,39,RS,60,100,0.6
BASE_ALPHAEDIT,100,40,RS,62,100,0.62
BASE_ALPHAEDIT,100,41,RS,60,100,0.6
BASE_ALPHAEDIT,100,42,RS,73,100,0.73
BASE_ALPHAEDIT,100,43,RS,70,100,0.7
BASE_ALPHAEDIT,100,44,RS,73,100,0.73
BASE_ALPHAEDIT,100,45,RS,70,100,0.7
BASE_ALPHAEDIT,100,46,RS,61,100,0.61
BASE_ALPHAEDIT,100,47,RS,70,100,0.7
BASE_ALPHAEDIT,100,48,RS,69,100,0.69
BASE_ALPHAEDIT,100,49,RS,67,100,0.67
BASE_ALPHAEDIT,100,50,RS,69,100,0.69
BASE_ALPHAEDIT,100,51,RS,74,100,0.74
BASE_ALPHAEDIT,100,52,RS,71,100,0.71
BASE_ALPHAEDIT,100,53,RS,62,100,0.62
BASE_ALPHAEDIT,100,54,RS,70,100,0.7
BASE_ALPHAEDIT,100,55,RS,71,100,0.71
BASE_ALPHAEDIT,100,56,RS,72,100,0.72
BASE_ALPHAEDIT,100,57,RS,81,100,0.81
BASE_ALPHAEDIT,100,58,RS,66,100,0.66
BASE_ALPHAEDIT,100,59,RS,74,100,0.74
BASE_ALPHAEDIT,100,60,RS,73,100,0.73
BASE_ALPHAEDIT,100,61,RS,82,100,0.82
BASE_ALPHAEDIT,100,62,RS,75,100,0.75
BASE_ALPHAEDIT,100,63,RS,76,100,0.76
BASE_ALPHAEDIT,100,64,RS,71,100,0.71
BASE_ALPHAEDIT,100,65,RS,82,100,0.82
BASE_ALPHAEDIT,100,66,RS,73,100,0.73
BASE_ALPHAEDIT,100,67,RS,84,100,0.84
BASE_ALPHAEDIT,100,68,RS,85,100,0.85
BASE_ALPHAEDIT,100,69,RS,92,100,0.92
BASE_ALPHAEDIT,100,70,RS,87,100,0.87
BASE_ALPHAEDIT,100,71,RS,80,100,0.8
BASE_ALPHAEDIT,100,72,RS,87,100,0.87
BASE_ALPHAEDIT,100,73,RS,84,100,0.84
BASE_ALPHAEDIT,100,74,RS,89,100,0.89
BASE_ALPHAEDIT,100,75,RS,94,100,0.94
BASE_ALPHAEDIT,100,76,RS,89,100,0.89
BASE_ALPHAEDIT,100,77,RS,91,100,0.91
BASE_ALPHAEDIT,100,78,RS,90,100,0.9
BASE_ALPHAEDIT,100,79,RS,91,100,0.91
BASE_ALPHAEDIT,100,80,RS,92,100,0.92
BASE_ALPHAEDIT,100,81,RS,93,100,0.93
BASE_ALPHAEDIT,100,82,RS,96,100,0.96
BASE_ALPHAEDIT,100,83,RS,96,100,0.96
BASE_ALPHAEDIT,100,84,RS,96,100,0.96
BASE_ALPHAEDIT,100,85,RS,94,100,0.94
BASE_ALPHAEDIT,100,86,RS,98,100,0.98
BASE_ALPHAEDIT,100,87,RS,99,100,0.99
BASE_ALPHAEDIT,100,88,RS,97,100,0.97
BASE_ALPHAEDIT,100,89,RS,99,100,0.99
BASE_ALPHAEDIT,100,90,RS,99,100,0.99
BASE_ALPHAEDIT,100,91,RS,97,100,0.97
BASE_ALPHAEDIT,100,92,RS,100,100,1.0
BASE_ALPHAEDIT,100,93,RS,100,100,1.0
BASE_ALPHAEDIT,100,94,RS,100,100,1.0
BASE_ALPHAEDIT,100,95,RS,100,100,1.0
BASE_ALPHAEDIT,100,96,RS,100,100,1.0
BASE_ALPHAEDIT,100,97,RS,99,100,0.99
BASE_ALPHAEDIT,100,98,RS,99,100,0.99
BASE_ALPHAEDIT,100,99,RS,100,100,1.0
BASE_ALPHAEDIT,100,100,RS,100,100,1.0
