cluster_count,comparator,comparator_failure_denominator,comparator_numerator,comparator_success_denominator,denominator,endpoint,entry,loss,margin_delta_max,margin_delta_mean,margin_delta_median,margin_delta_p90,metric,new_nll_delta_ci95,new_nll_delta_max,new_nll_delta_mean,new_nll_delta_median,new_nll_delta_p90,numerator,panel,recovery,repetitions,resolution,scope,stage,success_delta,success_delta_ci95,true_nll_delta_max,true_nll_delta_mean,true_nll_delta_median,true_nll_delta_p90
100,Continue/eval-002,59,141,141,200,FrozenGlobal/eval-002,Middle,0,0.10947728157043457,-0.012912723636254668,-0.010667920112609863,0.015144109725952147,NS,"[0.0016381920538842678, 0.008310444392263886]",0.11685943603515625,0.0048934160172939304,0.005807399749755859,0.02915551662445068,141,Current100,0,2000,curve,panel sampling variability; not edit-order or optimizer-seed variability,C,0.0,"[0.0, 0.0]",0.1137685775756836,-0.008019307618960738,-0.0054607391357421875,0.013747835159301756
100,Continue/eval-002,3,197,197,200,FrozenGlobal/eval-002,Middle,0,0.05634711519815028,-0.021482566843624228,-0.02036607265472412,0.003040220774710176,PS,"[0.003189219252060866, 0.006639616961343562]",0.05641460418701172,0.004890531550045125,0.0011062007397413254,0.016445207595825184,197,Current100,0,2000,curve,panel sampling variability; not edit-order or optimizer-seed variability,C,0.0,"[0.0, 0.0]",0.05632781982421875,-0.0165920352935791,-0.014750480651855469,0.006999111175537108
100,Continue/eval-002,0,100,100,100,FrozenGlobal/eval-002,Middle,0,0.03555328492075205,-0.024298858288420887,-0.022068327816668898,0.002621006936533382,RS,"[4.912165170480876e-05, 0.0003499311726727683]",0.006699800491333008,0.00017410242904588813,2.3156986571848392e-05,0.00016061114147305493,100,Current100,0,2000,curve,panel sampling variability; not edit-order or optimizer-seed variability,C,0.0,"[0.0, 0.0]",0.03538703918457031,-0.024124755859375,-0.022013187408447266,0.0026208877563476617
100,Continue/eval-002,56,144,144,200,FrozenGlobal/eval-002,Middle,0,0.10945785045623779,-0.013773171303328127,-0.009858012199401855,0.014096620306372636,NS,"[-0.00015860363841056822, 0.0068122235648334]",0.0769195556640625,0.0033447939157485963,0.0034568309783935547,0.030326318740844724,144,Fixed100,0,2000,curve,panel sampling variability; not edit-order or optimizer-seed variability,C,0.0,"[0.0, 0.0]",0.08339405059814453,-0.01042837738757953,-0.006189823150634766,0.01301226615905761
100,Continue/eval-002,0,100,100,100,FrozenGlobal/eval-002,Middle,0,0.16245543956756592,-0.006236199696941185,-0.007483285677153617,0.03873184396652506,RS,"[-0.004455497638529778, 0.0011851912918828015]",0.054443359375,-0.0013067275682260514,1.1649040970951319e-05,0.0003879163414239905,100,Fixed100,0,2000,curve,panel sampling variability; not edit-order or optimizer-seed variability,C,0.0,"[0.0, 0.0]",0.11185264587402344,-0.007542927265167237,-0.007932186126708984,0.03387050628662114
100,Continue/eval-002,63,137,137,200,FrozenGlobal/eval-002,Middle,0,0.04206228256225586,-0.01615022207435686,-0.012430667877197266,0.011900454759597773,NS,"[0.0032392815267667176, 0.009114370458206393]",0.09732246398925781,0.006149363301810809,0.005366086959838867,0.0318150520324707,137,Past100,0,2000,curve,panel sampling variability; not edit-order or optimizer-seed variability,C,0.0,"[0.0, 0.0]",0.07563591003417969,-0.010000858772546053,-0.009590744972229004,0.013841199874877926
100,Continue/eval-002,0,100,100,100,FrozenGlobal/eval-002,Middle,0,0.1534029133617878,-0.015211931585727144,-0.016764974512625486,0.021133264270611112,RS,"[-0.0015117647006991318, 3.329085947916606e-05]",0.003377079963684082,-0.0004899250274320366,2.1152663975954056e-05,0.0001242190133780241,100,Past100,0,2000,curve,panel sampling variability; not edit-order or optimizer-seed variability,C,0.0,"[0.0, 0.0]",0.152862548828125,-0.01570185661315918,-0.01674938201904297,0.016860389709472692
100,Continue/eval-002,59,141,141,200,RefreshedGlobal/eval-002,Middle,0,0.10954093933105469,-0.01289621639996767,-0.010659098625183105,0.015108561515808104,NS,"[0.0016348346155136825, 0.008299428792670368]",0.11678695678710938,0.0048809262365102765,0.005816936492919922,0.029111361503601073,141,Current100,0,2000,curve,panel sampling variability; not edit-order or optimizer-seed variability,C,0.0,"[0.0, 0.0]",0.11366081237792969,-0.008015290163457393,-0.005458354949951172,0.01375354528427124
100,Continue/eval-002,3,197,197,200,RefreshedGlobal/eval-002,Middle,0,0.05635474459268153,-0.021419101143837906,-0.020359590649604797,0.0030533936806023095,PS,"[0.003179110562312417, 0.006617290201756987]",0.05641007423400879,0.004870543862343766,0.0011040866374969482,0.016420316696166982,197,Current100,0,2000,curve,panel sampling variability; not edit-order or optimizer-seed variability,C,0.0,"[0.0, 0.0]",0.05633544921875,-0.01654855728149414,-0.014725208282470703,0.00702381134033203
100,Continue/eval-002,0,100,100,100,RefreshedGlobal/eval-002,Middle,0,0.035577716305851936,-0.024180212572719028,-0.02200002159224823,0.002638292254414415,RS,"[4.8838938429071277e-05, 0.00035101971534641047]",0.0069332122802734375,0.00017461831917898964,2.3156986571848392e-05,0.00016012438572943216,100,Current100,0,2000,curve,panel sampling variability; not edit-order or optimizer-seed variability,C,0.0,"[0.0, 0.0]",0.03541088104248047,-0.024005594253540038,-0.02194499969482422,0.002638053894042974
100,Continue/eval-002,56,144,144,200,RefreshedGlobal/eval-002,Middle,0,0.1095132827758789,-0.013774172735866159,-0.009857043623924255,0.014086034521460528,NS,"[-0.000148544181138277, 0.0068177298791706545]",0.07690143585205078,0.003351813480257988,0.003446817398071289,0.03032135963439941,144,Fixed100,0,2000,curve,panel sampling variability; not edit-order or optimizer-seed variability,C,0.0,"[0.0, 0.0]",0.08344268798828125,-0.010422359255608171,-0.006194114685058594,0.0129953384399414
100,Continue/eval-002,0,100,100,100,RefreshedGlobal/eval-002,Middle,0,0.16231846809387207,-0.0062428522796108155,-0.007489007723052055,0.03872163965133952,RS,"[-0.00444908329680402, 0.0011890519156913788]",0.054514408111572266,-0.0013019966393039795,1.1589669156819582e-05,0.0003897016867995284,100,Fixed100,0,2000,curve,panel sampling variability; not edit-order or optimizer-seed variability,C,0.0,"[0.0, 0.0]",0.1117544174194336,-0.007544848918914795,-0.00794076919555664,0.03387947082519536
100,Continue/eval-002,63,137,137,200,RefreshedGlobal/eval-002,Middle,0,0.04207324981689453,-0.01614714509632904,-0.012442469596862793,0.011891895532608027,NS,"[0.0032334827901795505, 0.009112142861267785]",0.09728240966796875,0.006146087579545565,0.005354642868041992,0.03180704116821289,137,Past100,0,2000,curve,panel sampling variability; not edit-order or optimizer-seed variability,C,0.0,"[0.0, 0.0]",0.0755772590637207,-0.010001057516783476,-0.009587883949279785,0.013844180107116695
100,Continue/eval-002,0,100,100,100,RefreshedGlobal/eval-002,Middle,0,0.15333222318440676,-0.015194837510571234,-0.016770696558523923,0.021136820432730023,RS,"[-0.001511251580202952, 3.329373005544764e-05]",0.0033777952194213867,-0.0004896956086304272,2.1152663975954056e-05,0.0001242190133780241,100,Past100,0,2000,curve,panel sampling variability; not edit-order or optimizer-seed variability,C,0.0,"[0.0, 0.0]",0.15279197692871094,-0.01568453311920166,-0.016755104064941406,0.016889858245849643
100,Continue/eval-002,59,141,141,200,RefreshedLocal/eval-002,Middle,0,0.03342103958129883,-0.004355892278254032,-0.001560300588607788,0.009998130798339843,NS,"[0.00040623464807868, 0.007858015943318595]",0.22270989418029785,0.00336417555809021,0.0010190010070800781,0.013792634010314938,141,Current100,0,2000,curve,panel sampling variability; not edit-order or optimizer-seed variability,C,0.0,"[0.0, 0.0]",0.042327880859375,-0.0009917167201638221,-0.00048536062240600586,0.008899354934692382
100,Continue/eval-002,3,197,197,200,RefreshedLocal/eval-002,Middle,0,0.09576579183340073,-0.0691732648803736,-0.056580618023872375,0.01962476074695585,PS,"[0.011822699589538388, 0.026022082057621437]",0.2763233184814453,0.018259274144365917,0.003850892186164856,0.06334435343742367,197,Current100,0,2000,curve,panel sampling variability; not edit-order or optimizer-seed variability,C,0.0,"[0.0, 0.0]",0.09667587280273438,-0.05091399073600769,-0.0430452823638916,0.02493791580200195
100,Continue/eval-002,0,100,100,100,RefreshedLocal/eval-002,Middle,0,0.17017560079693794,-0.1113053781283088,-0.09889724061940797,-0.01766042084491342,RS,"[0.0002746577219731989, 0.003749194911571975]",0.10011804103851318,0.0015355617296881974,0.0001364495838060975,0.00079648296814412,100,Current100,0,2000,curve,panel sampling variability; not edit-order or optimizer-seed variability,C,0.0,"[0.0, 0.0]",0.1701803207397461,-0.1097698163986206,-0.09728860855102539,-0.01764965057373043
100,Continue/eval-002,56,144,144,200,RefreshedLocal/eval-002,Middle,0,0.03341519832611084,-0.00015684691024944186,0.0001857280731201172,0.012185382843017577,NS,"[-0.00053339331317693, 0.003336593983694908]",0.11073589324951172,0.001248080860823393,-5.741417407989502e-05,0.012042331695556638,144,Fixed100,0,2000,curve,panel sampling variability; not edit-order or optimizer-seed variability,C,0.0,"[0.0, 0.0]",0.11576032638549805,0.001091233950573951,0.00022992491722106934,0.011526978015899653
100,Continue/eval-002,0,100,100,100,RefreshedLocal/eval-002,Middle,0,0.03984832763671875,0.006746321200917009,0.005187434609979391,0.02120581048657187,RS,"[-0.001655568294081604, 6.686977711069561e-06]",0.01781463623046875,-0.000756065129826311,-1.704343594610691e-05,1.8311198800802272e-06,100,Fixed100,0,2000,curve,panel sampling variability; not edit-order or optimizer-seed variability,C,0.0,"[0.0, 0.0]",0.0300750732421875,0.005990256071090699,0.005066871643066406,0.017281246185302735
100,Continue/eval-002,63,137,137,200,RefreshedLocal/eval-002,Middle,0,0.03689408302307129,-0.0010398574266582727,0.0008592307567596436,0.011706328392028807,NS,"[-0.00037175507331267, 0.002788422166602682]",0.03416919708251953,0.0011872887145727873,0.0004680156707763672,0.015564537048339844,137,Past100,0,2000,curve,panel sampling variability; not edit-order or optimizer-seed variability,C,0.0,"[0.0, 0.0]",0.04518604278564453,0.00014743128791451455,0.00015783309936523438,0.009722423553466794
100,Continue/eval-002,0,100,100,100,RefreshedLocal/eval-002,Middle,0,0.05663859844207764,0.0077899479614279695,0.00588695821352303,0.021458604000508787,RS,"[-0.0013927867454949588, -3.5744512315432226e-05]",0.0011121109127998352,-0.0004962086425803137,-9.104376658797264e-06,1.0364514309912991e-06,100,Past100,0,2000,curve,panel sampling variability; not edit-order or optimizer-seed variability,C,0.0,"[0.0, 0.0]",0.052681922912597656,0.007293739318847656,0.005825042724609375,0.019960117340087905
100,Continue/eval-002,59,141,141,200,SoftGlobal/eval-002,Middle,0,0.10663068294525146,-0.012831399152055382,-0.010704517364501953,0.01565725058317184,NS,"[0.001580206833779812, 0.008286869116127487]",0.11764717102050781,0.004829089120030403,0.005586177110671997,0.02866435050964355,141,Current100,0,2000,curve,panel sampling variability; not edit-order or optimizer-seed variability,C,0.0,"[0.0, 0.0]",0.11471748352050781,-0.00800231003202498,-0.005689144134521484,0.014217472076416016
100,Continue/eval-002,3,197,197,200,SoftGlobal/eval-002,Middle,0,0.05452558398246765,-0.023198410005425104,-0.02116676268633455,0.002966263890266418,PS,"[0.003440809696272481, 0.007002111350222547]",0.06014299392700195,0.0051802382181631405,0.001257389783859253,0.017403736710548394,197,Current100,0,2000,curve,panel sampling variability; not edit-order or optimizer-seed variability,C,0.0,"[0.0, 0.0]",0.05249500274658203,-0.018018171787261963,-0.015534043312072754,0.006423187255859374
100,Continue/eval-002,0,100,100,100,SoftGlobal/eval-002,Middle,0,0.030941283330321312,-0.028105071798381686,-0.026166092429775745,-0.00020874618203376848,RS,"[6.156395987454745e-05, 0.00049488392477906]",0.00979769229888916,0.00024381519895541715,2.5940884370356798e-05,0.0001749516464769841,100,Current100,0,2000,curve,panel sampling variability; not edit-order or optimizer-seed variability,C,0.0,"[0.0, 0.0]",0.030862808227539062,-0.02786125659942627,-0.026098251342773438,-0.00020713806152341385
100,Continue/eval-002,56,144,144,200,SoftGlobal/eval-002,Middle,0,0.10660064220428467,-0.013693669715430588,-0.010117769241333008,0.013696465268731113,NS,"[-0.00032082421518862244, 0.00667531672120094]",0.07681751251220703,0.0032065880671143534,0.0031409263610839844,0.03071603775024414,144,Fixed100,0,2000,curve,panel sampling variability; not edit-order or optimizer-seed variability,C,0.0,"[0.0, 0.0]",0.08119773864746094,-0.010487081648316235,-0.006244301795959473,0.013373327255249022
100,Continue/eval-002,0,100,100,100,SoftGlobal/eval-002,Middle,0,0.15915733575820923,-0.00705904271453619,-0.008270862803328782,0.03644673847302332,RS,"[-0.00437504520398943, 0.0011736548290937206]",0.0538325309753418,-0.0012729666009545326,1.2555276043713093e-05,0.0005311831831932076,100,Fixed100,0,2000,curve,panel sampling variability; not edit-order or optimizer-seed variability,C,0.0,"[0.0, 0.0]",0.1093902587890625,-0.008332009315490723,-0.008857250213623047,0.03234882354736331
100,Continue/eval-002,63,137,137,200,SoftGlobal/eval-002,Middle,0,0.04187202453613281,-0.016105681699118576,-0.01279294490814209,0.01210728287696838,NS,"[0.0032038482185453173, 0.009073674439699968]",0.09688568115234375,0.006123743694624864,0.005127429962158203,0.0318359375,137,Past100,0,2000,curve,panel sampling variability; not edit-order or optimizer-seed variability,C,0.0,"[0.0, 0.0]",0.0752100944519043,-0.009981938004493714,-0.009546637535095215,0.013647174835205073
100,Continue/eval-002,0,100,100,100,SoftGlobal/eval-002,Middle,0,0.1542150774039328,-0.0160763145663077,-0.01758956105913967,0.020285188429988926,RS,"[-0.001467015194684791, 4.099242712254634e-05]",0.003470391035079956,-0.0004727243207162246,2.345070242881775e-05,0.0001257834490388632,100,Past100,0,2000,curve,panel sampling variability; not edit-order or optimizer-seed variability,C,0.0,"[0.0, 0.0]",0.1536731719970703,-0.016549038887023925,-0.0175628662109375,0.01637248992919924
100,FrozenGlobal/eval-002,59,141,141,200,RefreshedGlobal/eval-002,Middle,0,0.0024039745330810547,1.6507236286997794e-05,-1.9073486328125e-06,2.0276568830013274e-05,NS,"[-4.077791608870029e-05, 3.922054544091222e-06]",8.20159912109375e-05,-1.2489780783653259e-05,-9.5367431640625e-07,3.0517578125e-05,141,Current100,0,2000,curve,panel sampling variability; not edit-order or optimizer-seed variability,C,0.0,"[0.0, 0.0]",0.0005340576171875,4.017455503344536e-06,4.12575900554657e-07,2.4366378784179685e-05
100,FrozenGlobal/eval-002,3,197,197,200,RefreshedGlobal/eval-002,Middle,0,0.0047228336334228516,6.346569978632032e-05,2.0742416381835938e-05,7.56631139665842e-05,PS,"[-5.185939228977077e-05, -1.0925741371465952e-06]",0.0001989603042602539,-1.998768770135939e-05,-1.2293457984924316e-06,1.1563301086425734e-06,197,Current100,0,2000,curve,panel sampling variability; not edit-order or optimizer-seed variability,C,0.0,"[0.0, 0.0]",0.00377655029296875,4.347801208496094e-05,1.6450881958007812e-05,6.198883056640625e-05
100,FrozenGlobal/eval-002,0,100,100,100,RefreshedGlobal/eval-002,Middle,0,0.004621048457920551,0.00011864571570185944,3.910064697265625e-05,0.00017854030011221783,RS,"[-3.737863866263069e-06, 6.326134192931931e-06]",0.0002334117889404297,5.158901331014931e-07,-1.1874362826347351e-07,0.0,100,Current100,0,2000,curve,panel sampling variability; not edit-order or optimizer-seed variability,C,0.0,"[0.0, 0.0]",0.0045719146728515625,0.00011916160583496094,3.910064697265625e-05,0.00017566680908203143
100,FrozenGlobal/eval-002,56,144,144,200,RefreshedGlobal/eval-002,Middle,0,0.0002079010009765625,-1.0014325380325317e-06,9.5367431640625e-07,2.970695495605468e-05,NS,"[-4.5653432607650756e-07, 1.5980547294020643e-05]",0.0004215240478515625,7.0195645093917845e-06,9.5367431640625e-07,3.1042098999023435e-05,144,Fixed100,0,2000,curve,panel sampling variability; not edit-order or optimizer-seed variability,C,0.0,"[0.0, 0.0]",0.0002703666687011719,6.018131971359253e-06,1.5720725059509277e-06,3.0279159545898424e-05
100,FrozenGlobal/eval-002,0,100,100,100,RefreshedGlobal/eval-002,Middle,0,0.0001621246337890625,-6.652582669630647e-06,1.9669532775878906e-06,2.9872590675950058e-05,RS,"[9.889345383271577e-07, 9.408846293808887e-06]",0.0001468658447265625,4.730928922072053e-06,0.0,2.4110078811645607e-06,100,Fixed100,0,2000,curve,panel sampling variability; not edit-order or optimizer-seed variability,C,0.0,"[0.0, 0.0]",0.000308990478515625,-1.921653747558594e-06,5.245208740234375e-06,2.9659271240234383e-05
100,FrozenGlobal/eval-002,63,137,137,200,RefreshedGlobal/eval-002,Middle,0,0.00014209747314453125,3.0769780278205873e-06,3.5762786865234375e-07,2.6488304138183592e-05,NS,"[-7.254041731357574e-06, 1.1704303324222486e-07]",5.9604644775390625e-05,-3.2757222652435305e-06,-1.3262033462524414e-06,1.71661376953125e-05,137,Past100,0,2000,curve,panel sampling variability; not edit-order or optimizer-seed variability,C,0.0,"[0.0, 0.0]",6.580352783203125e-05,-1.9874423742294312e-07,0.0,2.8181076049804685e-05
100,FrozenGlobal/eval-002,0,100,100,100,RefreshedGlobal/eval-002,Middle,0,0.00026021990925073624,1.7094075155910103e-05,1.293327659368515e-05,5.753027508035304e-05,RS,"[-3.6102639569435266e-08, 6.017476916895236e-07]",1.33514404296875e-05,2.2941880160942675e-07,0.0,1.1874362826347351e-07,100,Past100,0,2000,curve,panel sampling variability; not edit-order or optimizer-seed variability,C,0.0,"[0.0, 0.0]",0.00025844573974609375,1.732349395751953e-05,1.33514404296875e-05,5.7411193847656266e-05
100,RefreshedLocal/eval-002,59,141,141,200,RefreshedGlobal/eval-002,Middle,0,0.20848846435546875,-0.008540324121713638,-0.010401487350463867,0.02175397872924804,NS,"[-0.003075096435844898, 0.005809195065870881]",0.0857696533203125,0.0015167506784200667,0.0031266212463378906,0.027497148513793944,141,Current100,0,2000,curve,panel sampling variability; not edit-order or optimizer-seed variability,C,0.0,"[0.0, 0.0]",0.07133293151855469,-0.007023573443293571,-0.0038604289293289185,0.016716289520263664
100,RefreshedLocal/eval-002,3,197,197,200,RefreshedGlobal/eval-002,Middle,0,0.3263794966042042,0.0477541637365357,0.039730553049594164,0.1412126948183868,PS,"[-0.020127821429610778, -0.0077728135199067825]",0.06341814994812012,-0.013388730282022152,-0.00226641446352005,0.006416186690330498,197,Current100,0,2000,curve,panel sampling variability; not edit-order or optimizer-seed variability,C,0.0,"[0.0, 0.0]",0.3201446533203125,0.03436543345451355,0.028322219848632812,0.10901350975036621
100,RefreshedLocal/eval-002,0,100,100,100,RefreshedGlobal/eval-002,Middle,0,0.28771966556087136,0.08712516555558977,0.08005712882732041,0.18280537666287275,RS,"[-0.0033923953126250126, -0.00022409688424704664]",0.00018511060625314713,-0.0013609434105092077,-0.00010591058526188135,-6.755084905307727e-06,100,Current100,0,2000,curve,panel sampling variability; not edit-order or optimizer-seed variability,C,0.0,"[0.0, 0.0]",0.2868480682373047,0.08576422214508056,0.07930564880371094,0.1826812744140625
100,RefreshedLocal/eval-002,56,144,144,200,RefreshedGlobal/eval-002,Middle,0,0.07610678672790527,-0.013617325825616717,-0.01125490665435791,0.012511909008026121,NS,"[-0.0019334766999818385, 0.006048252920154481]",0.0697927474975586,0.0021037326194345953,0.0045588016510009766,0.030926942825317383,144,Fixed100,0,2000,curve,panel sampling variability; not edit-order or optimizer-seed variability,C,0.0,"[0.0, 0.0]",0.07430267333984375,-0.011513593206182123,-0.007993340492248535,0.012934589385986326
100,RefreshedLocal/eval-002,0,100,100,100,RefreshedGlobal/eval-002,Middle,0,0.14425987005233765,-0.012989173480527826,-0.014866927871480584,0.02663302684086384,RS,"[-0.0032171331753997946, 0.001849872105694885]",0.06060218811035156,-0.0005459315094776684,2.361001679673791e-05,0.0009280249476432801,100,Fixed100,0,2000,curve,panel sampling variability; not edit-order or optimizer-seed variability,C,0.0,"[0.0, 0.0]",0.09906482696533203,-0.013535104990005493,-0.015073776245117188,0.02241048812866214
100,RefreshedLocal/eval-002,63,137,137,200,RefreshedGlobal/eval-002,Middle,0,0.05472922325134277,-0.015107287669670767,-0.010870695114135742,0.01406102180480957,NS,"[0.001803727852719021, 0.008051710999992792]",0.10842323303222656,0.004958798864972778,0.004077911376953125,0.0315648078918457,137,Past100,0,2000,curve,panel sampling variability; not edit-order or optimizer-seed variability,C,0.0,"[0.0, 0.0]",0.09039735794067383,-0.010148488804697991,-0.007636547088623047,0.01562259197235107
100,RefreshedLocal/eval-002,0,100,100,100,RefreshedGlobal/eval-002,Middle,0,0.16207324247807264,-0.022984785471999204,-0.02018327871337533,0.011540874151978653,RS,"[-0.00018852253562909028, 0.0001884477246385355]",0.004801392555236816,6.513033949886448e-06,3.3022311981767416e-05,0.0002310215495526791,100,Past100,0,2000,curve,panel sampling variability; not edit-order or optimizer-seed variability,C,0.0,"[0.0, 0.0]",0.1615142822265625,-0.022978272438049317,-0.020128250122070312,0.009787940979003922
100,SoftGlobal/eval-002,59,141,141,200,RefreshedGlobal/eval-002,Middle,0,0.0074100494384765625,-6.481724791228772e-05,-7.43865966796875e-05,0.00044584274291992166,NS,"[-7.803338766098021e-05, 0.00016090998053550713]",0.0023183822631835938,5.183711647987366e-05,2.0265579223632812e-05,0.0008083343505859374,141,Current100,0,2000,curve,panel sampling variability; not edit-order or optimizer-seed variability,C,0.0,"[0.0, 0.0]",0.002232074737548828,-1.2980131432414054e-05,-8.52346420288086e-05,0.0006742000579833984
100,SoftGlobal/eval-002,3,197,197,200,RefreshedGlobal/eval-002,Middle,0,0.015851445496082306,0.0017793088615871966,0.0007899105548858643,0.0041342683136463155,PS,"[-0.00046709740141523073, -0.00018293675516179068]",0.0008287429809570312,-0.0003096943558193743,-7.95125961303711e-05,-7.141497917473316e-07,197,Current100,0,2000,curve,panel sampling variability; not edit-order or optimizer-seed variability,C,0.0,"[0.0, 0.0]",0.01567840576171875,0.0014696145057678223,0.0006389617919921875,0.003200626373291015
100,SoftGlobal/eval-002,0,100,100,100,RefreshedGlobal/eval-002,Middle,0,0.02882471727207303,0.003924859225662658,0.0018755783967208117,0.011739085288718342,RS,"[-0.000142814604598243, -1.3239143645478189e-05]",0.0,-6.919687977642752e-05,-2.379587385803461e-06,-2.383545506745577e-07,100,Current100,0,2000,curve,panel sampling variability; not edit-order or optimizer-seed variability,C,0.0,"[0.0, 0.0]",0.02875041961669922,0.0038556623458862304,0.0018744468688964844,0.011634731292724609
100,SoftGlobal/eval-002,56,144,144,200,RefreshedGlobal/eval-002,Middle,0,0.003757476806640625,-8.050302043557168e-05,-7.009506225585938e-05,0.00046257972717285146,NS,"[4.7472506761550904e-05, 0.00024823124520480635]",0.004092216491699219,0.0001452254131436348,7.867813110351562e-05,0.0008175849914550781,144,Fixed100,0,2000,curve,panel sampling variability; not edit-order or optimizer-seed variability,C,0.0,"[0.0, 0.0]",0.0040476322174072266,6.472239270806313e-05,-6.983056664466858e-06,0.0006105422973632811
100,SoftGlobal/eval-002,0,100,100,100,RefreshedGlobal/eval-002,Middle,0,0.00439791101962328,0.0008161904349253745,0.0005789342103525996,0.0017027910798788092,RS,"[-9.168350499567169e-05, 2.46029313875624e-05]",0.0014066696166992188,-2.903003834944684e-05,-3.2051466405391693e-06,0.0,100,Fixed100,0,2000,curve,panel sampling variability; not edit-order or optimizer-seed variability,C,0.0,"[0.0, 0.0]",0.004382133483886719,0.0007871603965759278,0.0005755424499511719,0.001700592041015627
100,SoftGlobal/eval-002,63,137,137,200,RefreshedGlobal/eval-002,Middle,0,0.00199127197265625,-4.146339721046388e-05,-7.176399230957031e-05,0.0005001246929168699,NS,"[-6.485764161334372e-05, 0.00011154207875370036]",0.0024204254150390625,2.2343884920701386e-05,4.1961669921875e-05,0.0005808830261230468,137,Past100,0,2000,curve,panel sampling variability; not edit-order or optimizer-seed variability,C,0.0,"[0.0, 0.0]",0.004214286804199219,-1.9119512289762495e-05,-2.3603439331054688e-05,0.0004915237426757809
100,SoftGlobal/eval-002,0,100,100,100,RefreshedGlobal/eval-002,Middle,0,0.0059964777901768684,0.0008814770557364682,0.0006944760680198669,0.001969428511802108,RS,"[-4.0299279133250824e-05, -5.024514577598898e-06]",7.353723049163818e-06,-1.6971287914202547e-05,-1.2501986930146813e-06,-1.0707881301641363e-07,100,Past100,0,2000,curve,panel sampling variability; not edit-order or optimizer-seed variability,C,0.0,"[0.0, 0.0]",0.0059680938720703125,0.0008645057678222656,0.0006732940673828125,0.001965808868408204
100,Continue/eval-004,59,141,141,200,FrozenGlobal/eval-004,Middle,0,0.21873688697814941,-0.025487688882276417,-0.021166563034057617,0.029829031229019164,NS,"[0.0030837989877909424, 0.01628227860853076]",0.23072433471679688,0.009534943625330925,0.011157989501953125,0.05772948265075683,141,Current100,0,2000,curve,panel sampling variability; not edit-order or optimizer-seed variability,C,0.0,"[0.0, 0.0]",0.2251434326171875,-0.01595274525694549,-0.010691165924072266,0.026999521255493163
100,Continue/eval-004,3,197,197,200,FrozenGlobal/eval-004,Middle,0,0.1137833291431889,-0.042527150246314704,-0.04041323438286781,0.006004733219742768,PS,"[0.006376373205828713, 0.013169988891298997]",0.11384916305541992,0.009714554878883064,0.002170378342270851,0.0319936990737915,197,Current100,0,2000,curve,panel sampling variability; not edit-order or optimizer-seed variability,C,0.0,"[0.0, 0.0]",0.11374664306640625,-0.03281259536743164,-0.029472827911376953,0.01331691741943359
100,Continue/eval-004,0,100,100,100,FrozenGlobal/eval-004,Middle,0,0.06775226816534996,-0.047184133222745006,-0.04449247778393328,0.005094468907918789,RS,"[8.549143623758937e-05, 0.0002883324370227455]",0.003904581069946289,0.0001741596967440273,4.643294960260391e-05,0.00031047724187374117,100,Current100,0,2000,curve,panel sampling variability; not edit-order or optimizer-seed variability,C,0.0,"[0.0, 0.0]",0.06748199462890625,-0.047009973526000975,-0.04426407814025879,0.005095005035400398
100,Continue/eval-004,56,144,144,200,FrozenGlobal/eval-004,Middle,0,0.21874737739562988,-0.02738598640775308,-0.020005464553833008,0.027686218172311768,NS,"[-0.0003094956502318382, 0.013443483738228675]",0.15161705017089844,0.006609642431139946,0.007103919982910156,0.059574127197265625,144,Fixed100,0,2000,curve,panel sampling variability; not edit-order or optimizer-seed variability,C,0.0,"[0.0, 0.0]",0.16796112060546875,-0.020776343976613133,-0.012571990489959717,0.025263738632202135
100,Continue/eval-004,0,100,100,100,FrozenGlobal/eval-004,Middle,1,0.3081935942173004,-0.013564489322816372,-0.015179191424977034,0.06413810574449608,RS,"[-0.007969105523905454, 0.0025062187043513387]",0.10969400405883789,-0.002161390346373082,2.4145818315446377e-05,0.0007348932325840044,99,Fixed100,0,2000,curve,panel sampling variability; not edit-order or optimizer-seed variability,C,-0.01,"[-0.03, 0.0]",0.21868038177490234,-0.015725879669189452,-0.015655517578125,0.05902681350708011
100,Continue/eval-004,63,137,137,200,FrozenGlobal/eval-004,Middle,0,0.08271408081054688,-0.032095732744201085,-0.0240328311920166,0.022770452499389637,NS,"[0.006466743332784972, 0.01805675122269895]",0.19092464447021484,0.012199561800225639,0.01103508472442627,0.0627317428588867,137,Past100,0,2000,curve,panel sampling variability; not edit-order or optimizer-seed variability,C,0.0,"[0.0, 0.0]",0.14919137954711914,-0.019896170943975448,-0.018437623977661133,0.026727914810180654
100,Continue/eval-004,0,100,100,100,FrozenGlobal/eval-004,Middle,0,0.2972670723684132,-0.03087681692399201,-0.0333988455531653,0.041765707870945336,RS,"[-0.0028712801982910606, 7.696273570036269e-05]",0.0067632198333740234,-0.0009245832606393378,4.26030601374805e-05,0.0002479456597939134,100,Past100,0,2000,curve,panel sampling variability; not edit-order or optimizer-seed variability,C,0.0,"[0.0, 0.0]",0.29625701904296875,-0.031801400184631345,-0.033338069915771484,0.03372945785522468
100,Continue/eval-004,59,141,141,200,RefreshedGlobal/eval-004,Middle,0,0.21937775611877441,-0.025385341327637433,-0.021174073219299316,0.02973687648773193,NS,"[0.003044474571943283, 0.016171168655157088]",0.2300424575805664,0.00947753071784973,0.011074066162109375,0.057604956626892086,141,Current100,0,2000,curve,panel sampling variability; not edit-order or optimizer-seed variability,C,0.0,"[0.0, 0.0]",0.22427749633789062,-0.0159078106097877,-0.010892629623413086,0.02681035995483398
100,Continue/eval-004,3,197,197,200,RefreshedGlobal/eval-004,Middle,0,0.11364981473889202,-0.04212688553350745,-0.03993367403745651,0.00611985931172966,PS,"[0.006311237993606483, 0.013045543533109593]",0.1122291088104248,0.009632753014739138,0.0021475907415151596,0.03191715776920319,197,Current100,0,2000,curve,panel sampling variability; not edit-order or optimizer-seed variability,C,0.0,"[0.0, 0.0]",0.11361312866210938,-0.03249413251876831,-0.02938985824584961,0.01355037689208984
100,Continue/eval-004,0,100,100,100,RefreshedGlobal/eval-004,Middle,0,0.06777513958513737,-0.04630215307011895,-0.04371383675606921,0.005138540576444947,RS,"[8.370182505314006e-05, 0.0002743049084533593]",0.0037555694580078125,0.00016694684758476795,4.481401992961764e-05,0.00030773514881730083,100,Current100,0,2000,curve,panel sampling variability; not edit-order or optimizer-seed variability,C,0.0,"[0.0, 0.0]",0.06750297546386719,-0.04613520622253418,-0.04360628128051758,0.005139064788818368
100,Continue/eval-004,56,144,144,200,RefreshedGlobal/eval-004,Middle,0,0.21934163570404053,-0.027402553292922675,-0.020681321620941162,0.027629957720637307,NS,"[-0.00021239016950130458, 0.013462853125296523]",0.15153884887695312,0.006667197905480862,0.0071070194244384766,0.059533834457397454,144,Fixed100,0,2000,curve,panel sampling variability; not edit-order or optimizer-seed variability,C,0.0,"[0.0, 0.0]",0.16842222213745117,-0.020735355387441815,-0.01229492574930191,0.025161886215209945
100,Continue/eval-004,0,100,100,100,RefreshedGlobal/eval-004,Middle,1,0.3067472577095032,-0.013617773604564717,-0.01503903022967279,0.06409180373884747,RS,"[-0.00788563497969335, 0.002530382502634892]",0.10925769805908203,-0.002130498337573954,2.3748958483338356e-05,0.0007478684186935471,99,Fixed100,0,2000,curve,panel sampling variability; not edit-order or optimizer-seed variability,C,-0.01,"[-0.03, 0.0]",0.21757030487060547,-0.01574827194213867,-0.015549182891845703,0.05414142608642586
100,Continue/eval-004,63,137,137,200,RefreshedGlobal/eval-004,Middle,0,0.08269023895263672,-0.032066110335872505,-0.024175047874450684,0.022646921873092637,NS,"[0.0064444979312975196, 0.018036961277597584]",0.1905355453491211,0.012182367388741113,0.010999977588653564,0.06270256042480468,137,Past100,0,2000,curve,panel sampling variability; not edit-order or optimizer-seed variability,C,0.0,"[0.0, 0.0]",0.14879751205444336,-0.019883742947131397,-0.018404245376586914,0.026665091514587392
100,Continue/eval-004,0,100,100,100,RefreshedGlobal/eval-004,Middle,0,0.2965514715760946,-0.03078448071661114,-0.03335456014610827,0.041806309064850215,RS,"[-0.0028729014437121805, 7.736480648418353e-05]",0.0067736804485321045,-0.0009241317254054592,4.2840198148041964e-05,0.0002468438120558858,100,Past100,0,2000,curve,panel sampling variability; not edit-order or optimizer-seed variability,C,0.0,"[0.0, 0.0]",0.2955436706542969,-0.0317086124420166,-0.0332942008972168,0.0338243484497071
100,Continue/eval-004,59,141,141,200,RefreshedLocal/eval-004,Middle,0,0.07279789447784424,-0.008275693487375975,-0.003043234348297119,0.019895648956298827,NS,"[0.000716276179999113, 0.015119345739483828]",0.42134547233581543,0.0065455915778875355,0.0023250579833984375,0.028174257278442378,141,Current100,0,2000,curve,panel sampling variability; not edit-order or optimizer-seed variability,C,0.0,"[0.0, 0.0]",0.08091163635253906,-0.0017301019094884396,-0.0008193086832761765,0.017225170135498045
100,Continue/eval-004,3,197,197,200,RefreshedLocal/eval-004,Middle,0,0.19758866727352142,-0.14020506758155535,-0.11461055278778076,0.039355677366256676,PS,"[0.024428575507408824, 0.05257038853035918]",0.5325620174407959,0.03736873406829545,0.007637456059455872,0.13255242109298698,197,Current100,0,2000,curve,panel sampling variability; not edit-order or optimizer-seed variability,C,0.0,"[0.0, 0.0]",0.19947147369384766,-0.10283633351325988,-0.08547806739807129,0.04984998703002929
100,Continue/eval-004,0,100,100,100,RefreshedLocal/eval-004,Middle,0,0.3341349484398961,-0.22132661972404094,-0.19538373535033315,-0.03979947741609063,RS,"[0.0005125437580836661, 0.0035837111536079647]",0.08637261390686035,0.0016269699132499228,0.0002949039335362613,0.0016416609054431348,100,Current100,0,2000,curve,panel sampling variability; not edit-order or optimizer-seed variability,C,0.0,"[0.0, 0.0]",0.33416175842285156,-0.21969964981079101,-0.1948528289794922,-0.03936042785644528
100,Continue/eval-004,56,144,144,200,RefreshedLocal/eval-004,Middle,0,0.07281816005706787,-0.0005252748355269433,0.00018596649169921875,0.0256289929151535,NS,"[-0.0007707684971392154, 0.007590749589260662]",0.2423410415649414,0.003093543704599142,-2.3679807782173157e-05,0.025100803375244136,144,Fixed100,0,2000,curve,panel sampling variability; not edit-order or optimizer-seed variability,C,0.0,"[0.0, 0.0]",0.25971221923828125,0.002568268869072199,6.127357482910156e-05,0.023378789424896233
100,Continue/eval-004,0,100,100,100,RefreshedLocal/eval-004,Middle,0,0.07707023620605469,0.012978176336182513,0.01028495898208348,0.04394076166208834,RS,"[-0.0030018335933855267, 0.0003144479512993712]",0.04582834243774414,-0.001274339418305317,-3.082479815930128e-05,5.138275446370256e-06,100,Fixed100,0,2000,curve,panel sampling variability; not edit-order or optimizer-seed variability,C,0.0,"[0.0, 0.0]",0.06056022644042969,0.011703836917877197,0.009983062744140625,0.03439426422119141
100,Continue/eval-004,63,137,137,200,RefreshedLocal/eval-004,Middle,0,0.07516151666641235,-0.0019203427789034322,0.0016040802001953125,0.022756153345108027,NS,"[-0.0008725348995503736, 0.0055352131622057625]",0.0733633041381836,0.0022976343502523378,0.0008666515350341797,0.03130545616149902,137,Past100,0,2000,curve,panel sampling variability; not edit-order or optimizer-seed variability,C,0.0,"[0.0, 0.0]",0.09213733673095703,0.00037729157134890555,0.00032508373260498047,0.02024663686752319
100,Continue/eval-004,0,100,100,100,RefreshedLocal/eval-004,Middle,0,0.11376768350601196,0.015986962581810076,0.012517414463218302,0.04055887011345476,RS,"[-0.002755512237315997, -6.528362607059542e-05]",0.0024331212043762207,-0.0009780934106674976,-1.8859922420233488e-05,1.9537576008588217e-06,100,Past100,0,2000,curve,panel sampling variability; not edit-order or optimizer-seed variability,C,0.0,"[0.0, 0.0]",0.10488700866699219,0.015008869171142579,0.012012243270874023,0.03953113555908204
100,Continue/eval-004,59,141,141,200,SoftGlobal/eval-004,Middle,0,0.21259522438049316,-0.02527502590790391,-0.021921992301940918,0.03086068630218505,NS,"[0.002909701727330685, 0.016105955973267538]",0.2317337989807129,0.009388136714696883,0.010883331298828125,0.05717344284057616,141,Current100,0,2000,curve,panel sampling variability; not edit-order or optimizer-seed variability,C,0.0,"[0.0, 0.0]",0.22653675079345703,-0.015886889193207025,-0.010951519012451172,0.027987861633300783
100,Continue/eval-004,3,197,197,200,SoftGlobal/eval-004,Middle,0,0.10981950908899307,-0.04579633646149887,-0.041733608581125736,0.005304110050201413,PS,"[0.006845310746350151, 0.013856935991054338]",0.12325286865234375,0.010244144727184903,0.0022736825048923492,0.03274939954280852,197,Current100,0,2000,curve,panel sampling variability; not edit-order or optimizer-seed variability,C,0.0,"[0.0, 0.0]",0.10580062866210938,-0.03555219173431397,-0.031064391136169434,0.012832450866699218
100,Continue/eval-004,0,100,100,100,SoftGlobal/eval-004,Middle,0,0.0569743812084198,-0.05445674334578143,-0.049580140272155404,-0.00045493594661815925,RS,"[0.00010966495246930208, 0.00042927684179812754]",0.006284832954406738,0.000250476942583191,5.0872331485152245e-05,0.00034332787618041044,100,Current100,0,2000,curve,panel sampling variability; not edit-order or optimizer-seed variability,C,0.0,"[0.0, 0.0]",0.056839942932128906,-0.05420626640319824,-0.04952287673950195,-0.00045127868652338995
100,Continue/eval-004,56,144,144,200,SoftGlobal/eval-004,Middle,0,0.21256637573242188,-0.02718493089079857,-0.020085453987121582,0.026959922909736624,NS,"[-0.0006340086814016104, 0.013172681504860518]",0.1511240005493164,0.006322770975530147,0.0062792301177978516,0.05988674163818359,144,Fixed100,0,2000,curve,panel sampling variability; not edit-order or optimizer-seed variability,C,0.0,"[0.0, 0.0]",0.16319656372070312,-0.02086215991526842,-0.012711524963378906,0.025901079177856442
100,Continue/eval-004,0,100,100,100,SoftGlobal/eval-004,Middle,1,0.3015708923339844,-0.015138989610495628,-0.016522698540939018,0.06135571899358191,RS,"[-0.007822039363385555, 0.0024979189719415438]",0.10799694061279297,-0.0020954073240136493,2.591474913060665e-05,0.0010162398219108605,99,Fixed100,0,2000,curve,panel sampling variability; not edit-order or optimizer-seed variability,C,-0.01,"[-0.03, 0.0]",0.21359825134277344,-0.017234396934509278,-0.017592430114746094,0.05886297225952149
100,Continue/eval-004,63,137,137,200,SoftGlobal/eval-004,Middle,0,0.08219337463378906,-0.03193692268163431,-0.024575114250183105,0.02314225435256957,NS,"[0.006372611993298051, 0.017879784032513266]",0.18978595733642578,0.012112192933564074,0.010683536529541016,0.06281461715698242,137,Past100,0,2000,curve,panel sampling variability; not edit-order or optimizer-seed variability,C,0.0,"[0.0, 0.0]",0.14819049835205078,-0.01982472974807024,-0.018321514129638672,0.02707602977752685
100,Continue/eval-004,0,100,100,100,SoftGlobal/eval-004,Middle,0,0.29817961528897285,-0.03247526313491107,-0.03490118507761508,0.03966769527178258,RS,"[-0.002780798121337284, 9.18075565914477e-05]",0.0069329142570495605,-0.0008898768263316015,4.667718894779682e-05,0.000247887964360416,100,Past100,0,2000,curve,panel sampling variability; not edit-order or optimizer-seed variability,C,0.0,"[0.0, 0.0]",0.2971687316894531,-0.03336513996124268,-0.03484773635864258,0.03212232589721684
100,FrozenGlobal/eval-004,59,141,141,200,RefreshedGlobal/eval-004,Middle,0,0.01093602180480957,0.00010234755463898182,-1.1920928955078125e-06,0.00014104843139648435,NS,"[-0.0001824196670204401, 2.141290903091426e-05]",0.0006160736083984375,-5.741290748119354e-05,1.6689300537109375e-06,0.00017638206481933582,141,Current100,0,2000,curve,panel sampling variability; not edit-order or optimizer-seed variability,C,0.0,"[0.0, 0.0]",0.004245758056640625,4.4934647157788276e-05,-1.9073486328125e-06,0.00018615722656249993
100,FrozenGlobal/eval-004,3,197,197,200,RefreshedGlobal/eval-004,Middle,0,0.02320631593465805,0.00040026471280725674,0.0001777235884219408,0.000550544075667858,PS,"[-0.00019678765373828356, 1.7021574458339714e-06]",0.002750396728515625,-8.180186414392665e-05,-1.2411735951900482e-05,2.3823231458663915e-06,197,Current100,0,2000,curve,panel sampling variability; not edit-order or optimizer-seed variability,C,0.0,"[0.0, 0.0]",0.02158069610595703,0.0003184628486633301,0.000148773193359375,0.00047287940979003887
100,FrozenGlobal/eval-004,0,100,100,100,RefreshedGlobal/eval-004,Middle,0,0.025110607501119375,0.0008819801526260562,0.00036931020440533757,0.0016123708803206683,RS,"[-1.5282844371540705e-05, -1.228640223416733e-06]",1.4796853065490723e-05,-7.212849159259349e-06,-4.1635939851403236e-07,0.0,100,Current100,0,2000,curve,panel sampling variability; not edit-order or optimizer-seed variability,C,0.0,"[0.0, 0.0]",0.024997711181640625,0.0008747673034667969,0.00036907196044921875,0.0016054153442382813
100,FrozenGlobal/eval-004,56,144,144,200,RefreshedGlobal/eval-004,Middle,0,0.002176046371459961,-1.656688516959548e-05,-7.152557373046875e-06,0.00015864372253417965,NS,"[-1.5295408666133877e-06, 0.00012457412481307976]",0.0032329559326171875,5.755547434091568e-05,5.7220458984375e-06,0.00021009445190429686,144,Fixed100,0,2000,curve,panel sampling variability; not edit-order or optimizer-seed variability,C,0.0,"[0.0, 0.0]",0.0020117759704589844,4.09885891713202e-05,6.198883056640625e-06,0.00020055770874023436
100,FrozenGlobal/eval-004,1,99,99,100,RefreshedGlobal/eval-004,Middle,0,0.000732421875,-5.3284281748346984e-05,2.2743362933397293e-05,0.00026212059892714027,RS,"[-3.6018445098306976e-07, 7.181912583473601e-05]",0.0014505386352539062,3.089200879912824e-05,-1.1897645890712738e-07,1.2854207307100312e-05,99,Fixed100,0,2000,curve,panel sampling variability; not edit-order or optimizer-seed variability,C,0.0,"[0.0, 0.0]",0.0021829605102539062,-2.239227294921875e-05,2.3603439331054688e-05,0.0002595901489257813
100,FrozenGlobal/eval-004,63,137,137,200,RefreshedGlobal/eval-004,Middle,0,0.0013580322265625,2.9622408328577875e-05,-5.558133125305176e-06,0.000189298391342163,NS,"[-4.5219892723253e-05, 5.677806417224925e-06]",0.0005550384521484375,-1.7194411484524607e-05,-3.915280103683472e-06,0.00010581016540527341,137,Past100,0,2000,curve,panel sampling variability; not edit-order or optimizer-seed variability,C,0.0,"[0.0, 0.0]",0.0006723403930664062,1.2427996844053268e-05,-3.5762786865234375e-07,0.00016496181488037106
100,FrozenGlobal/eval-004,0,100,100,100,RefreshedGlobal/eval-004,Middle,0,0.0011666365899145603,9.233620738086757e-05,9.7629614174366e-05,0.00030548509676009417,RS,"[-1.0828687118191738e-06, 2.1838100383320123e-06]",5.739927291870117e-05,4.5153523387853055e-07,-1.1897645890712738e-07,7.539987564086966e-07,100,Past100,0,2000,curve,panel sampling variability; not edit-order or optimizer-seed variability,C,0.0,"[0.0, 0.0]",0.0011577606201171875,9.27877426147461e-05,9.72747802734375e-05,0.00030517578125
100,RefreshedLocal/eval-004,59,141,141,200,RefreshedGlobal/eval-004,Middle,0,0.3792135715484619,-0.01710964784026146,-0.02098822593688965,0.04158580303192137,NS,"[-0.005811125505715608, 0.011325138391926875]",0.1709909439086914,0.0029319391399621965,0.005947589874267578,0.05395607948303221,141,Current100,0,2000,curve,panel sampling variability; not edit-order or optimizer-seed variability,C,0.0,"[0.0, 0.0]",0.14336585998535156,-0.014177708700299264,-0.0077628493309021,0.033969283103942864
100,RefreshedLocal/eval-004,3,197,197,200,RefreshedGlobal/eval-004,Middle,0,0.6921927556395531,0.0980781820480479,0.08302909269696102,0.29859194755554197,PS,"[-0.04119328199947631, -0.01633614514641523]",0.12381714582443237,-0.027735981053556315,-0.0049084872007369995,0.012527096271514883,197,Current100,0,2000,curve,panel sampling variability; not edit-order or optimizer-seed variability,C,0.0,"[0.0, 0.0]",0.6773643493652344,0.07034220099449158,0.05614185333251953,0.2235234260559082
100,RefreshedLocal/eval-004,0,100,100,100,RefreshedGlobal/eval-004,Middle,0,0.5872833686880767,0.175024466653922,0.1594712286023423,0.358903659589123,RS,"[-0.003295300197012693, -0.00042435653516986353]",0.00030819978564977646,-0.0014600230656651547,-0.00023226550547406077,-1.5285275003407115e-05,100,Current100,0,2000,curve,panel sampling variability; not edit-order or optimizer-seed variability,C,0.0,"[0.0, 0.0]",0.5853652954101562,0.17356444358825684,0.15483808517456055,0.3585968971252442
100,RefreshedLocal/eval-004,56,144,144,200,RefreshedGlobal/eval-004,Middle,0,0.14652347564697266,-0.026877278457395733,-0.02179187349975109,0.02666234970092771,NS,"[-0.0048035597018897536, 0.011614663612097498]",0.13858699798583984,0.0035736542008817196,0.008897125720977783,0.06100907325744629,144,Fixed100,0,2000,curve,panel sampling variability; not edit-order or optimizer-seed variability,C,0.0,"[0.0, 0.0]",0.14594078063964844,-0.023303624256514013,-0.015650272369384766,0.02562761306762695
100,RefreshedLocal/eval-004,0,100,100,100,RefreshedGlobal/eval-004,Middle,1,0.2810341417789459,-0.02659594994074723,-0.030982372467406094,0.052347361302236245,RS,"[-0.005975619884571642, 0.0037859363991374225]",0.12343072891235352,-0.000856158919268637,4.8053974751383066e-05,0.001858913339674473,99,Fixed100,0,2000,curve,panel sampling variability; not edit-order or optimizer-seed variability,C,-0.01,"[-0.03, 0.0]",0.19931888580322266,-0.02745210886001587,-0.031693458557128906,0.044252490997314514
100,RefreshedLocal/eval-004,63,137,137,200,RefreshedGlobal/eval-004,Middle,0,0.11056232452392578,-0.030145767556969075,-0.022068500518798828,0.02806122303009033,NS,"[0.0035857303817756476, 0.01603477898065466]",0.21746158599853516,0.009884733038488776,0.007819890975952148,0.06165058612823486,137,Past100,0,2000,curve,panel sampling variability; not edit-order or optimizer-seed variability,C,0.0,"[0.0, 0.0]",0.18223142623901367,-0.0202610345184803,-0.01488351821899414,0.031148767471313468
100,RefreshedLocal/eval-004,0,100,100,100,RefreshedGlobal/eval-004,Middle,0,0.316875500138849,-0.04677144329842122,-0.04204677790403366,0.022291224607033686,RS,"[-0.0003259359303629026, 0.0004366485180580639]",0.009584188461303711,5.396168526203837e-05,6.652169395238161e-05,0.0004385944688692689,100,Past100,0,2000,curve,panel sampling variability; not edit-order or optimizer-seed variability,C,0.0,"[0.0, 0.0]",0.31581878662109375,-0.04671748161315918,-0.04181814193725586,0.019384956359863304
100,SoftGlobal/eval-004,59,141,141,200,RefreshedGlobal/eval-004,Middle,0,0.02152729034423828,-0.00011031541973352432,-0.00019550323486328125,0.0008765578269958495,NS,"[-0.00021659643948078154, 0.0003303114399313925]",0.004448890686035156,8.939400315284729e-05,5.924701690673828e-05,0.001590681076049804,141,Current100,0,2000,curve,panel sampling variability; not edit-order or optimizer-seed variability,C,0.0,"[0.0, 0.0]",0.006926536560058594,-2.0921416580677033e-05,-0.00016188621520996094,0.001267552375793457
100,SoftGlobal/eval-004,3,197,197,200,RefreshedGlobal/eval-004,Middle,0,0.041964344680309296,0.00366945092799142,0.001687854528427124,0.008268034458160397,PS,"[-0.0009243572893028614, -0.00035710272952564994]",0.0017249584197998047,-0.0006113917124457658,-0.00015312805771827698,-1.8629711121320745e-06,197,Current100,0,2000,curve,panel sampling variability; not edit-order or optimizer-seed variability,C,0.0,"[0.0, 0.0]",0.038741111755371094,0.0030580592155456544,0.0012884140014648438,0.0067152023315429675
100,SoftGlobal/eval-004,0,100,100,100,RefreshedGlobal/eval-004,Middle,0,0.05826420243829489,0.008154590275662486,0.0037737957027275115,0.024728066520765424,RS,"[-0.0001581581677273789, -2.5080172483285457e-05]",0.0,-8.353009499842301e-05,-4.705303581431508e-06,-5.958805559203028e-07,100,Current100,0,2000,curve,panel sampling variability; not edit-order or optimizer-seed variability,C,0.0,"[0.0, 0.0]",0.05811500549316406,0.008071060180664063,0.0037674903869628906,0.02461862564086914
100,SoftGlobal/eval-004,56,144,144,200,RefreshedGlobal/eval-004,Middle,0,0.007784724235534668,-0.00021762240212410688,-0.00021314620971679688,0.0007780075073242187,NS,"[0.00013752151653170585, 0.0005661908574402332]",0.007990837097167969,0.0003444269299507141,0.00017595291137695312,0.001658248901367187,144,Fixed100,0,2000,curve,panel sampling variability; not edit-order or optimizer-seed variability,C,0.0,"[0.0, 0.0]",0.007491588592529297,0.00012680452782660724,-3.7319958209991455e-05,0.0012691497802734372
100,SoftGlobal/eval-004,1,99,99,100,RefreshedGlobal/eval-004,Middle,0,0.008869499433785677,0.00152121600593091,0.001072602317435667,0.0033889009151607764,RS,"[-0.00014313975176992244, 6.977362961697508e-05]",0.0031528472900390625,-3.5091013560304416e-05,-4.516332410275936e-06,0.0,99,Fixed100,0,2000,curve,panel sampling variability; not edit-order or optimizer-seed variability,C,0.0,"[0.0, 0.0]",0.008838653564453125,0.0014861249923706055,0.0010347366333007812,0.003400325775146487
100,SoftGlobal/eval-004,63,137,137,200,RefreshedGlobal/eval-004,Middle,0,0.004113197326660156,-0.00012918765423819423,-0.00018700212240219116,0.0008616298437118526,NS,"[-9.735735040158033e-05, 0.0002415138400974677]",0.0045909881591796875,7.01744551770389e-05,8.463859558105469e-05,0.0010772705078125,137,Past100,0,2000,curve,panel sampling variability; not edit-order or optimizer-seed variability,C,0.0,"[0.0, 0.0]",0.008374214172363281,-5.901319906115532e-05,-8.547306060791016e-05,0.000892257690429687
100,SoftGlobal/eval-004,0,100,100,100,RefreshedGlobal/eval-004,Middle,0,0.009084530174732208,0.001690782418299932,0.0014044626150280237,0.0037902283365838256,RS,"[-8.468075723067158e-05, -9.295734482293495e-06]",2.831965684890747e-05,-3.425489907385782e-05,-2.620043233036995e-06,-2.3830216377973557e-07,100,Past100,0,2000,curve,panel sampling variability; not edit-order or optimizer-seed variability,C,0.0,"[0.0, 0.0]",0.009044647216796875,0.0016565275192260741,0.0013794898986816406,0.0037839889526367215
100,Continue/eval-008,59,141,141,200,FrozenGlobal/eval-008,Middle,0,0.4291895627975464,-0.048813014831393955,-0.04484093189239502,0.05663552284240722,NS,"[0.005517128616571426, 0.030729781175032257]",0.4357028007507324,0.017899617329239847,0.019989490509033203,0.10929894447326659,142,Current100,1,2000,curve,panel sampling variability; not edit-order or optimizer-seed variability,C,0.005,"[0.0, 0.015]",0.4284849166870117,-0.030913397502154112,-0.020129680633544922,0.050002527236938474
100,Continue/eval-008,3,197,197,200,FrozenGlobal/eval-008,Middle,0,0.2359793859650381,-0.08132204021298094,-0.07640013471245766,0.016624427679926147,PS,"[0.012206877209435333, 0.0261853696148828]",0.30448293685913086,0.019026628387800882,0.003818640485405922,0.06142770946025848,197,Current100,0,2000,curve,panel sampling variability; not edit-order or optimizer-seed variability,C,0.0,"[0.0, 0.0]",0.23591232299804688,-0.06229541182518005,-0.056232571601867676,0.02748498916625974
100,Continue/eval-008,0,100,100,100,FrozenGlobal/eval-008,Middle,0,0.11943234712816775,-0.08869263754755594,-0.08371883304789662,0.007836359077191457,RS,"[0.00013751156802482002, 0.0003781273705462808]",0.005729347467422485,0.00023362742334938957,8.787671686150134e-05,0.0005208231508731846,100,Current100,0,2000,curve,panel sampling variability; not edit-order or optimizer-seed variability,C,0.0,"[0.0, 0.0]",0.1194610595703125,-0.08845901012420654,-0.0833282470703125,0.007845401763916028
100,Continue/eval-008,56,144,144,200,FrozenGlobal/eval-008,Middle,0,0.42924052476882935,-0.05324732008506544,-0.03911733627319336,0.051751518249511685,NS,"[-0.0003228890150785446, 0.025941122435033322]",0.2897195816040039,0.01286882072687149,0.012513160705566406,0.1072728633880615,145,Fixed100,1,2000,curve,panel sampling variability; not edit-order or optimizer-seed variability,C,0.005,"[0.0, 0.015]",0.3355717658996582,-0.04037849935819395,-0.024719715118408203,0.04582018852233884
100,Continue/eval-008,1,99,99,100,FrozenGlobal/eval-008,Middle,0,0.5531964004039764,-0.029952082493691704,-0.031697480008006096,0.10277256828267156,RS,"[-0.012727038442531922, 0.005447700388438529]",0.21993541717529297,-0.002875404498190619,5.564931780099869e-05,0.002269962430000307,99,Fixed100,0,2000,curve,panel sampling variability; not edit-order or optimizer-seed variability,C,0.0,"[0.0, 0.0]",0.4102621078491211,-0.03282748699188232,-0.0333704948425293,0.0875509262084962
100,Continue/eval-008,63,137,137,200,FrozenGlobal/eval-008,Middle,0,0.15824127197265625,-0.06253707641270012,-0.04981434345245361,0.04513082504272461,NS,"[0.013024907557410188, 0.03502925884141587]",0.3629446029663086,0.02388015143107623,0.022987067699432373,0.12025352716445921,137,Past100,0,2000,curve,panel sampling variability; not edit-order or optimizer-seed variability,C,0.0,"[0.0, 0.0]",0.2869572639465332,-0.03865692498162389,-0.0348469614982605,0.050585579872131345
100,Continue/eval-008,0,100,100,100,FrozenGlobal/eval-008,Middle,0,0.5492579056881368,-0.06185161091932969,-0.06936503160977736,0.07876481986604633,RS,"[-0.005118178997168797, 0.00019761168824334154]",0.013437360525131226,-0.0016291525160340825,8.491275366395712e-05,0.0004718122538179162,100,Past100,0,2000,curve,panel sampling variability; not edit-order or optimizer-seed variability,C,0.0,"[0.0, 0.0]",0.5474948883056641,-0.06348076343536377,-0.06920528411865234,0.06791849136352546
100,Continue/eval-008,290,710,710,1000,FrozenGlobal/eval-008,Middle,1,0.4291895627975464,-0.05293511807080358,-0.04215049743652344,0.05588541030883789,NS,"[0.008654039587080479, 0.02337693516658619]",0.46157264709472656,0.016067999113351106,0.01572108268737793,0.10532584190368653,714,Current100,5,2000,full,panel sampling variability; not edit-order or optimizer-seed variability,C,0.004,"[-0.001, 0.01]",0.4284849166870117,-0.036867118957452476,-0.023250341415405273,0.050614118576049826
100,Continue/eval-008,3,197,197,200,FrozenGlobal/eval-008,Middle,0,0.2359793859650381,-0.08132204021298094,-0.07640013471245766,0.016624427679926147,PS,"[0.012206877209435333, 0.0261853696148828]",0.30448293685913086,0.019026628387800882,0.003818640485405922,0.06142770946025848,197,Current100,0,2000,full,panel sampling variability; not edit-order or optimizer-seed variability,C,0.0,"[0.0, 0.0]",0.23591232299804688,-0.06229541182518005,-0.056232571601867676,0.02748498916625974
100,Continue/eval-008,0,100,100,100,FrozenGlobal/eval-008,Middle,0,0.11943234712816775,-0.08869263754755594,-0.08371883304789662,0.007836359077191457,RS,"[0.00013751156802482002, 0.0003781273705462808]",0.005729347467422485,0.00023362742334938957,8.787671686150134e-05,0.0005208231508731846,100,Current100,0,2000,full,panel sampling variability; not edit-order or optimizer-seed variability,C,0.0,"[0.0, 0.0]",0.1194610595703125,-0.08845901012420654,-0.0833282470703125,0.007845401763916028
100,Continue/eval-008,303,697,697,1000,FrozenGlobal/eval-008,Middle,0,0.42924052476882935,-0.05607164293550886,-0.04328717291355133,0.048242950439453126,NS,"[0.00783834951648023, 0.022619548458931965]",0.3821067810058594,0.014969684441573919,0.014240503311157227,0.10165510177612311,702,Fixed100,5,2000,full,panel sampling variability; not edit-order or optimizer-seed variability,C,0.005,"[0.001, 0.01]",0.3355717658996582,-0.04110195849393494,-0.026481032371520996,0.05415949821472173
100,Continue/eval-008,5,195,195,200,FrozenGlobal/eval-008,Middle,1,0.38729781843721867,-0.06159436990536051,-0.06713736057281494,0.08240076340734956,PS,"[0.00857167169474269, 0.02539389638012653]",0.38576602935791016,0.01659907509601908,0.002841152250766754,0.0836998403072357,194,Fixed100,0,2000,full,panel sampling variability; not edit-order or optimizer-seed variability,C,-0.005,"[-0.015, 0.0]",0.3818321228027344,-0.04499529480934143,-0.0499727725982666,0.06055850982666011
100,Continue/eval-008,1,99,99,100,FrozenGlobal/eval-008,Middle,0,0.5531964004039764,-0.029952082493691704,-0.031697480008006096,0.10277256828267156,RS,"[-0.012727038442531922, 0.005447700388438529]",0.21993541717529297,-0.002875404498190619,5.564931780099869e-05,0.002269962430000307,99,Fixed100,0,2000,full,panel sampling variability; not edit-order or optimizer-seed variability,C,0.0,"[0.0, 0.0]",0.4102621078491211,-0.03282748699188232,-0.0333704948425293,0.0875509262084962
100,Continue/eval-008,314,686,686,1000,FrozenGlobal/eval-008,Middle,1,0.223236083984375,-0.060501898524351415,-0.046352386474609375,0.04786430597305298,NS,"[0.012832391498191282, 0.028617461996292698]",0.6259427070617676,0.020782665942795573,0.018594413995742798,0.11931509971618652,691,Past100,6,2000,full,panel sampling variability; not edit-order or optimizer-seed variability,C,0.005,"[0.0, 0.011]",0.2869572639465332,-0.039719232581555845,-0.0288236141204834,0.053828001022338874
100,Continue/eval-008,7,193,193,200,FrozenGlobal/eval-008,Middle,0,0.15472650527954102,-0.08162689685937949,-0.06515264511108398,0.027751278877258256,PS,"[0.008754010908480268, 0.02216683060951618]",0.20647430419921875,0.015235673488350586,0.002783961594104767,0.07242872714996337,193,Past100,0,2000,full,panel sampling variability; not edit-order or optimizer-seed variability,C,0.0,"[0.0, 0.0]",0.14652156829833984,-0.0663912233710289,-0.04652118682861328,0.031687355041503905
100,Continue/eval-008,0,100,100,100,FrozenGlobal/eval-008,Middle,0,0.5492579056881368,-0.06185161091932969,-0.06936503160977736,0.07876481986604633,RS,"[-0.005118178997168797, 0.00019761168824334154]",0.013437360525131226,-0.0016291525160340825,8.491275366395712e-05,0.0004718122538179162,100,Past100,0,2000,full,panel sampling variability; not edit-order or optimizer-seed variability,C,0.0,"[0.0, 0.0]",0.5474948883056641,-0.06348076343536377,-0.06920528411865234,0.06791849136352546
100,Continue/eval-008,59,141,141,200,RefreshedGlobal/eval-008,Middle,0,0.4318714141845703,-0.04865928569808602,-0.04308605194091797,0.05650739669799803,NS,"[0.005573629405349493, 0.030685353577136983]",0.43242883682250977,0.017931772992014886,0.01991558074951172,0.10897083282470701,142,Current100,1,2000,curve,panel sampling variability; not edit-order or optimizer-seed variability,C,0.005,"[0.0, 0.015]",0.42450714111328125,-0.030727512706071138,-0.020214319229125977,0.050130558013916006
100,Continue/eval-008,3,197,197,200,RefreshedGlobal/eval-008,Middle,0,0.2356612161383964,-0.07989587187214056,-0.074887779308483,0.01785983741283416,PS,"[0.012105135411999072, 0.026263138848422383]",0.33012962341308594,0.018941633695794734,0.003737162798643112,0.061380764842033385,197,Current100,0,2000,curve,panel sampling variability; not edit-order or optimizer-seed variability,C,0.0,"[0.0, 0.0]",0.2355937957763672,-0.06095423817634583,-0.055213212966918945,0.028251361846923805
100,Continue/eval-008,0,100,100,100,RefreshedGlobal/eval-008,Middle,0,0.12076224567135796,-0.08444540927661365,-0.08281240920769051,0.009664964610419711,RS,"[0.00012588044491485562, 0.00035891370106537566]",0.005537807941436768,0.00021991203082507126,7.850484689697623e-05,0.00045495980884879844,100,Current100,0,2000,curve,panel sampling variability; not edit-order or optimizer-seed variability,C,0.0,"[0.0, 0.0]",0.12079048156738281,-0.08422549724578858,-0.08270549774169922,0.009664440155029305
100,Continue/eval-008,56,144,144,200,RefreshedGlobal/eval-008,Middle,0,0.4318990111351013,-0.05329872288391926,-0.0391310453414917,0.051397132873535124,NS,"[7.00751664116979e-05, 0.026074526912067072]",0.28911304473876953,0.013105486277490854,0.013170242309570312,0.10733876228332516,145,Fixed100,1,2000,curve,panel sampling variability; not edit-order or optimizer-seed variability,C,0.005,"[0.0, 0.015]",0.33781909942626953,-0.0401932366064284,-0.02399304509162903,0.04564723968505856
100,Continue/eval-008,1,99,99,100,RefreshedGlobal/eval-008,Middle,0,0.5479787886142731,-0.029907827358983924,-0.03226395673118532,0.10246715657413036,RS,"[-0.012602648013034923, 0.005459403488115638]",0.2154707908630371,-0.0028022337143193,5.2263145335018635e-05,0.0022596655413508445,99,Fixed100,0,2000,curve,panel sampling variability; not edit-order or optimizer-seed variability,C,0.0,"[0.0, 0.0]",0.40607452392578125,-0.03271006107330322,-0.03331613540649414,0.08707342147827159
100,Continue/eval-008,63,137,137,200,RefreshedGlobal/eval-008,Middle,0,0.1582508087158203,-0.062416335509042256,-0.04977273941040039,0.04489641189575195,NS,"[0.013039060646522558, 0.03498186194710433]",0.36150360107421875,0.023876181986997834,0.023290634155273438,0.1201743960380554,137,Past100,0,2000,curve,panel sampling variability; not edit-order or optimizer-seed variability,C,0.0,"[0.0, 0.0]",0.28553009033203125,-0.03854015352204442,-0.03511133790016174,0.050295102596282955
100,Continue/eval-008,0,100,100,100,RefreshedGlobal/eval-008,Middle,0,0.5465496173128486,-0.06138675120906555,-0.06866102901403792,0.07786240852437916,RS,"[-0.005138917890497396, 0.00019754293515870786]",0.01348644495010376,-0.0016306171075848397,8.460821118205786e-05,0.0004717646865174176,100,Past100,0,2000,curve,panel sampling variability; not edit-order or optimizer-seed variability,C,0.0,"[0.0, 0.0]",0.5447921752929688,-0.06301736831665039,-0.0686025619506836,0.06844406127929693
100,Continue/eval-008,290,710,710,1000,RefreshedGlobal/eval-008,Middle,1,0.4318714141845703,-0.05277497346233576,-0.041393160820007324,0.055667543411254884,NS,"[0.008751142583368347, 0.023420157981570804]",0.4586172103881836,0.016121128203347327,0.015345513820648193,0.10603103637695313,714,Current100,5,2000,full,panel sampling variability; not edit-order or optimizer-seed variability,C,0.004,"[-0.001, 0.01]",0.42450714111328125,-0.03665384525898844,-0.023300647735595703,0.05121970176696778
100,Continue/eval-008,3,197,197,200,RefreshedGlobal/eval-008,Middle,0,0.2356612161383964,-0.07989587187214056,-0.074887779308483,0.01785983741283416,PS,"[0.012105135411999072, 0.026263138848422383]",0.33012962341308594,0.018941633695794734,0.003737162798643112,0.061380764842033385,197,Current100,0,2000,full,panel sampling variability; not edit-order or optimizer-seed variability,C,0.0,"[0.0, 0.0]",0.2355937957763672,-0.06095423817634583,-0.055213212966918945,0.028251361846923805
100,Continue/eval-008,0,100,100,100,RefreshedGlobal/eval-008,Middle,0,0.12076224567135796,-0.08444540927661365,-0.08281240920769051,0.009664964610419711,RS,"[0.00012588044491485562, 0.00035891370106537566]",0.005537807941436768,0.00021991203082507126,7.850484689697623e-05,0.00045495980884879844,100,Current100,0,2000,full,panel sampling variability; not edit-order or optimizer-seed variability,C,0.0,"[0.0, 0.0]",0.12079048156738281,-0.08422549724578858,-0.08270549774169922,0.009664440155029305
100,Continue/eval-008,303,697,697,1000,RefreshedGlobal/eval-008,Middle,0,0.4318990111351013,-0.05599811740522273,-0.04355931282043457,0.0481777310371399,NS,"[0.008019980470789598, 0.02277892449488863]",0.3802661895751953,0.015137025035917758,0.014386653900146484,0.10296173095703126,702,Fixed100,5,2000,full,panel sampling variability; not edit-order or optimizer-seed variability,C,0.005,"[0.001, 0.01]",0.33781909942626953,-0.04086109236930497,-0.026394367218017578,0.05374870300292969
100,Continue/eval-008,5,195,195,200,RefreshedGlobal/eval-008,Middle,1,0.38547156751155853,-0.06107207057240885,-0.066232830286026,0.08258897364139554,PS,"[0.008775029917494976, 0.02532435010447805]",0.3796653747558594,0.016691790196928194,0.003126479685306549,0.08517675399780272,194,Fixed100,0,2000,full,panel sampling variability; not edit-order or optimizer-seed variability,C,-0.005,"[-0.015, 0.0]",0.3800315856933594,-0.044380280375480655,-0.049674034118652344,0.06005058288574213
100,Continue/eval-008,1,99,99,100,RefreshedGlobal/eval-008,Middle,0,0.5479787886142731,-0.029907827358983924,-0.03226395673118532,0.10246715657413036,RS,"[-0.012602648013034923, 0.005459403488115638]",0.2154707908630371,-0.0028022337143193,5.2263145335018635e-05,0.0022596655413508445,99,Fixed100,0,2000,full,panel sampling variability; not edit-order or optimizer-seed variability,C,0.0,"[0.0, 0.0]",0.40607452392578125,-0.03271006107330322,-0.03331613540649414,0.08707342147827159
100,Continue/eval-008,314,686,686,1000,RefreshedGlobal/eval-008,Middle,1,0.22151565551757812,-0.06041493700852152,-0.046527761965990067,0.04766435623168946,NS,"[0.012935612283964292, 0.028676802720810517]",0.6251389980316162,0.020847222619107923,0.018767952919006348,0.11847782135009767,691,Past100,6,2000,full,panel sampling variability; not edit-order or optimizer-seed variability,C,0.005,"[0.0, 0.011]",0.28553009033203125,-0.039567714389413595,-0.02880716323852539,0.053395748138427734
100,Continue/eval-008,7,193,193,200,RefreshedGlobal/eval-008,Middle,0,0.15388870239257812,-0.08120085921604187,-0.06470566987991333,0.027669334411621057,PS,"[0.008727795271071955, 0.022106262139262978]",0.20497655868530273,0.015216613081283867,0.0027575623244047165,0.07273746728897094,193,Past100,0,2000,full,panel sampling variability; not edit-order or optimizer-seed variability,C,0.0,"[0.0, 0.0]",0.14531755447387695,-0.06598424613475799,-0.04606807231903076,0.03175373077392577
100,Continue/eval-008,0,100,100,100,RefreshedGlobal/eval-008,Middle,0,0.5465496173128486,-0.06138675120906555,-0.06866102901403792,0.07786240852437916,RS,"[-0.005138917890497396, 0.00019754293515870786]",0.01348644495010376,-0.0016306171075848397,8.460821118205786e-05,0.0004717646865174176,100,Past100,0,2000,full,panel sampling variability; not edit-order or optimizer-seed variability,C,0.0,"[0.0, 0.0]",0.5447921752929688,-0.06301736831665039,-0.0686025619506836,0.06844406127929693
100,Continue/eval-008,59,141,141,200,RefreshedLocal/eval-008,Middle,0,0.16557979583740234,-0.01623160671442747,-0.0055999755859375,0.04018042087554931,NS,"[0.002384652031585574, 0.031295580498874175]",0.8625741004943848,0.01418163813650608,0.00580596923828125,0.05867805480957031,141,Current100,0,2000,curve,panel sampling variability; not edit-order or optimizer-seed variability,C,0.0,"[0.0, 0.0]",0.15021705627441406,-0.0020499685779213905,-0.0011415183544158936,0.03788304328918456
100,Continue/eval-008,3,197,197,200,RefreshedLocal/eval-008,Middle,0,0.4189344886690378,-0.2902672834775876,-0.23572123795747757,0.08004797026515002,PS,"[0.05352377996969153, 0.11359680054993797]",1.0848093032836914,0.08149781540851109,0.014620264992117882,0.283198434114456,197,Current100,0,2000,curve,panel sampling variability; not edit-order or optimizer-seed variability,C,0.0,"[0.0, 0.0]",0.4230518341064453,-0.20876946806907654,-0.18757200241088867,0.10390386581420895
100,Continue/eval-008,0,100,100,100,RefreshedLocal/eval-008,Middle,0,0.601153178140521,-0.4411080932493314,-0.3967590003449004,-0.0947914092073915,RS,"[0.0009340305719479147, 0.0029428927247722634]",0.05485588312149048,0.001683006274233776,0.0006680402148049325,0.002616077964194122,100,Current100,0,2000,curve,panel sampling variability; not edit-order or optimizer-seed variability,C,0.0,"[0.0, 0.0]",0.6014423370361328,-0.43942508697509763,-0.3966212272644043,-0.09474296569824213
100,Continue/eval-008,56,144,144,200,RefreshedLocal/eval-008,Middle,0,0.16670989990234375,-0.0014217266032937913,-0.00073280930519104,0.05707955360412597,NS,"[4.7303921543061815e-05, 0.018384674061089748]",0.5362987518310547,0.008389500565826893,0.0013054609298706055,0.054172801971435536,144,Fixed100,0,2000,curve,panel sampling variability; not edit-order or optimizer-seed variability,C,0.0,"[0.0, 0.0]",0.599388599395752,0.006967773962533102,0.0003731772303581238,0.050078153610229485
100,Continue/eval-008,1,99,99,100,RefreshedLocal/eval-008,Middle,0,0.14894533157348633,0.028606878772479832,0.02659904630854726,0.08462082389160064,RS,"[-0.005660861095411746, 0.0009811019492917692]",0.10465240478515625,-0.0023067786843603243,-6.444798782467842e-05,1.0871631093323245e-05,99,Fixed100,0,2000,curve,panel sampling variability; not edit-order or optimizer-seed variability,C,0.0,"[0.0, 0.0]",0.1318683624267578,0.026300100088119508,0.02497720718383789,0.07332630157470711
100,Continue/eval-008,63,137,137,200,RefreshedLocal/eval-008,Middle,0,0.15519088506698608,-0.003588887630030513,0.0036358237266540527,0.044704282283782946,NS,"[-0.0012873066160827874, 0.01167916187015362]",0.167938232421875,0.005177117371931672,0.001474618911743164,0.06217317581176756,137,Past100,0,2000,curve,panel sampling variability; not edit-order or optimizer-seed variability,C,0.0,"[0.0, 0.0]",0.18859481811523438,0.0015882297419011592,0.000777125358581543,0.04189953804016112
100,Continue/eval-008,0,100,100,100,RefreshedLocal/eval-008,Middle,0,0.23317205905914307,0.03447300612773688,0.027720801794203,0.08883078950457275,RS,"[-0.0054704647156668205, -0.00011325611364191]",0.005654558539390564,-0.0019256085142114899,-3.4392811357975006e-05,5.69128314964474e-06,100,Past100,0,2000,curve,panel sampling variability; not edit-order or optimizer-seed variability,C,0.0,"[0.0, 0.0]",0.20096492767333984,0.03254739761352539,0.026792526245117188,0.08781757354736329
100,Continue/eval-008,290,710,710,1000,RefreshedLocal/eval-008,Middle,1,0.23220467567443848,-0.0224480391908437,-0.0074748992919921875,0.040251207351684574,NS,"[0.009720345774060116, 0.02733669479642994]",0.8625741004943848,0.017021690336987375,0.00647425651550293,0.06167845726013186,711,Current100,2,2000,full,panel sampling variability; not edit-order or optimizer-seed variability,C,0.001,"[-0.002, 0.005]",0.21793103218078613,-0.005426348853856325,-0.0026251301169395447,0.03864564895629883
100,Continue/eval-008,3,197,197,200,RefreshedLocal/eval-008,Middle,0,0.4189344886690378,-0.2902672834775876,-0.23572123795747757,0.08004797026515002,PS,"[0.05352377996969153, 0.11359680054993797]",1.0848093032836914,0.08149781540851109,0.014620264992117882,0.283198434114456,197,Current100,0,2000,full,panel sampling variability; not edit-order or optimizer-seed variability,C,0.0,"[0.0, 0.0]",0.4230518341064453,-0.20876946806907654,-0.18757200241088867,0.10390386581420895
100,Continue/eval-008,0,100,100,100,RefreshedLocal/eval-008,Middle,0,0.601153178140521,-0.4411080932493314,-0.3967590003449004,-0.0947914092073915,RS,"[0.0009340305719479147, 0.0029428927247722634]",0.05485588312149048,0.001683006274233776,0.0006680402148049325,0.002616077964194122,100,Current100,0,2000,full,panel sampling variability; not edit-order or optimizer-seed variability,C,0.0,"[0.0, 0.0]",0.6014423370361328,-0.43942508697509763,-0.3966212272644043,-0.09474296569824213
100,Continue/eval-008,303,697,697,1000,RefreshedLocal/eval-008,Middle,0,0.1900787353515625,-0.0029900504036340864,-0.0017993450164794922,0.05203180313110353,NS,"[0.0018933250125963241, 0.009464996711257844]",0.5362987518310547,0.005668556765653193,0.0017864704132080078,0.05338945388793947,698,Fixed100,1,2000,full,panel sampling variability; not edit-order or optimizer-seed variability,C,0.001,"[0.0, 0.003]",0.599388599395752,0.0026785063620191067,-0.0008116802200675011,0.046172094345092785
100,Continue/eval-008,5,195,195,200,RefreshedLocal/eval-008,Middle,0,0.15185189247131348,0.018224565454293042,0.01691436767578125,0.07238838747143744,PS,"[-0.005770458697064896, 0.004247885766730175]",0.21196937561035156,-0.0010228485544212162,-0.00036934204399585724,0.017772364616394042,195,Fixed100,0,2000,full,panel sampling variability; not edit-order or optimizer-seed variability,C,0.0,"[0.0, 0.0]",0.11932373046875,0.017201716899871825,0.01605057716369629,0.06188273429870604
100,Continue/eval-008,1,99,99,100,RefreshedLocal/eval-008,Middle,0,0.14894533157348633,0.028606878772479832,0.02659904630854726,0.08462082389160064,RS,"[-0.005660861095411746, 0.0009811019492917692]",0.10465240478515625,-0.0023067786843603243,-6.444798782467842e-05,1.0871631093323245e-05,99,Fixed100,0,2000,full,panel sampling variability; not edit-order or optimizer-seed variability,C,0.0,"[0.0, 0.0]",0.1318683624267578,0.026300100088119508,0.02497720718383789,0.07332630157470711
100,Continue/eval-008,314,686,686,1000,RefreshedLocal/eval-008,Middle,0,0.25562241673469543,-0.0048427152056247,-0.0017359256744384766,0.04448541402816773,NS,"[0.0015016955839004368, 0.008335272140242152]",0.3093862533569336,0.005015296092256903,0.0019164085388183594,0.053115177154541025,686,Past100,0,2000,full,panel sampling variability; not edit-order or optimizer-seed variability,C,0.0,"[0.0, 0.0]",0.2415304183959961,0.00017258088663220405,-0.0015153586864471436,0.04614567756652833
100,Continue/eval-008,7,193,193,200,RefreshedLocal/eval-008,Middle,0,0.20866960287094116,0.01923547244630754,0.013805627822875977,0.06870231665670871,PS,"[-0.00514789243607811, 0.0003351091964577754]",0.1771528720855713,-0.0024359971936792134,-0.00044120848178863525,0.007681405544281003,193,Past100,0,2000,full,panel sampling variability; not edit-order or optimizer-seed variability,C,0.0,"[0.0, 0.0]",0.1942291259765625,0.016799475252628326,0.012104690074920654,0.0679194450378418
100,Continue/eval-008,0,100,100,100,RefreshedLocal/eval-008,Middle,0,0.23317205905914307,0.03447300612773688,0.027720801794203,0.08883078950457275,RS,"[-0.0054704647156668205, -0.00011325611364191]",0.005654558539390564,-0.0019256085142114899,-3.4392811357975006e-05,5.69128314964474e-06,100,Past100,0,2000,full,panel sampling variability; not edit-order or optimizer-seed variability,C,0.0,"[0.0, 0.0]",0.20096492767333984,0.03254739761352539,0.026792526245117188,0.08781757354736329
100,Continue/eval-008,59,141,141,200,SoftGlobal/eval-008,Middle,0,0.41508764028549194,-0.04824811168015003,-0.0445331335067749,0.057978677749633785,NS,"[0.005215730976313352, 0.030427967648953197]",0.43537282943725586,0.01757407680153847,0.019235342741012573,0.11005897521972656,142,Current100,1,2000,curve,panel sampling variability; not edit-order or optimizer-seed variability,C,0.005,"[0.0, 0.015]",0.42905616760253906,-0.030674034878611565,-0.01951909065246582,0.05284662246704101
100,Continue/eval-008,3,197,197,200,SoftGlobal/eval-008,Middle,0,0.22243314608931541,-0.0874317389522912,-0.07915036357007921,0.009863054752349852,PS,"[0.013122550636857341, 0.027628779144710278]",0.3323488235473633,0.020067611316335388,0.0038753151893615723,0.06254575252532957,197,Current100,0,2000,curve,panel sampling variability; not edit-order or optimizer-seed variability,C,0.0,"[0.0, 0.0]",0.21460437774658203,-0.06736412763595581,-0.05930757522583008,0.026551055908203124
100,Continue/eval-008,0,100,100,100,SoftGlobal/eval-008,Middle,0,0.10275902546709403,-0.10227006002261987,-0.0947872904362157,-0.001022846168780145,RS,"[0.00017787990004580935, 0.0005321360511416058]",0.008233517408370972,0.00032068773105493165,9.636339382268488e-05,0.0005924435099586847,100,Current100,0,2000,curve,panel sampling variability; not edit-order or optimizer-seed variability,C,0.0,"[0.0, 0.0]",0.10279560089111328,-0.10194937229156494,-0.0944051742553711,-0.001015090942382724
100,Continue/eval-008,56,144,144,200,SoftGlobal/eval-008,Middle,0,0.4151145815849304,-0.05264994619297795,-0.038419246673583984,0.052366886287927614,NS,"[-0.001009400717448443, 0.025262732804287223]",0.2874336242675781,0.012220725845545531,0.012672901153564453,0.10685300827026364,145,Fixed100,1,2000,curve,panel sampling variability; not edit-order or optimizer-seed variability,C,0.005,"[0.0, 0.015]",0.32446908950805664,-0.04042922034743242,-0.024218440055847168,0.04563853740692136
100,Continue/eval-008,1,99,99,100,SoftGlobal/eval-008,Middle,0,0.5389031767845154,-0.032850650754771775,-0.03485479386290535,0.0963086102623495,RS,"[-0.012358296748963767, 0.005397275781269851]",0.21378803253173828,-0.0027621815530437742,5.6152697652578354e-05,0.002543849311769009,99,Fixed100,0,2000,curve,panel sampling variability; not edit-order or optimizer-seed variability,C,0.0,"[0.0, 0.0]",0.3987712860107422,-0.035612832307815555,-0.03633546829223633,0.08502149581909187
100,Continue/eval-008,63,137,137,200,SoftGlobal/eval-008,Middle,0,0.15666675567626953,-0.06195290898962412,-0.049475133419036865,0.0453831672668457,NS,"[0.012877591383876279, 0.03464185817539692]",0.3596973419189453,0.023595269080833533,0.021193623542785645,0.11841622591018673,137,Past100,0,2000,curve,panel sampling variability; not edit-order or optimizer-seed variability,C,0.0,"[0.0, 0.0]",0.2840280532836914,-0.03835763990879059,-0.03429156541824341,0.051968491077423094
100,Continue/eval-008,0,100,100,100,SoftGlobal/eval-008,Middle,0,0.5484595848247409,-0.06457166361324199,-0.06973740056855604,0.07282796191284437,RS,"[-0.004936081984402335, 0.0002184418972265112]",0.013719797134399414,-0.0015593845892726676,9.491480886936188e-05,0.0004964685533195734,100,Past100,0,2000,curve,panel sampling variability; not edit-order or optimizer-seed variability,C,0.0,"[0.0, 0.0]",0.5467014312744141,-0.06613104820251464,-0.06963300704956055,0.06513576507568365
100,Continue/eval-008,290,710,710,1000,SoftGlobal/eval-008,Middle,1,0.41508764028549194,-0.05238989162724465,-0.04206395149230957,0.056191468238830575,NS,"[0.00834556537149474, 0.022927888894174245]",0.45612144470214844,0.015691523170098663,0.01592254638671875,0.10384769439697265,714,Current100,5,2000,full,panel sampling variability; not edit-order or optimizer-seed variability,C,0.004,"[-0.001, 0.01]",0.42905616760253906,-0.03669836845714599,-0.02337360382080078,0.05230717658996583
100,Continue/eval-008,3,197,197,200,SoftGlobal/eval-008,Middle,0,0.22243314608931541,-0.0874317389522912,-0.07915036357007921,0.009863054752349852,PS,"[0.013122550636857341, 0.027628779144710278]",0.3323488235473633,0.020067611316335388,0.0038753151893615723,0.06254575252532957,197,Current100,0,2000,full,panel sampling variability; not edit-order or optimizer-seed variability,C,0.0,"[0.0, 0.0]",0.21460437774658203,-0.06736412763595581,-0.05930757522583008,0.026551055908203124
100,Continue/eval-008,0,100,100,100,SoftGlobal/eval-008,Middle,0,0.10275902546709403,-0.10227006002261987,-0.0947872904362157,-0.001022846168780145,RS,"[0.00017787990004580935, 0.0005321360511416058]",0.008233517408370972,0.00032068773105493165,9.636339382268488e-05,0.0005924435099586847,100,Current100,0,2000,full,panel sampling variability; not edit-order or optimizer-seed variability,C,0.0,"[0.0, 0.0]",0.10279560089111328,-0.10194937229156494,-0.0944051742553711,-0.001015090942382724
100,Continue/eval-008,303,697,697,1000,SoftGlobal/eval-008,Middle,0,0.4151145815849304,-0.055502596554113555,-0.042492032051086426,0.04750080108642581,NS,"[0.007310240798513405, 0.0222415903062094]",0.38062095642089844,0.014530091093853116,0.014593809843063354,0.10155553817749025,702,Fixed100,5,2000,full,panel sampling variability; not edit-order or optimizer-seed variability,C,0.005,"[0.001, 0.01]",0.32446908950805664,-0.04097250546026043,-0.026235103607177734,0.05161848068237306
100,Continue/eval-008,5,195,195,200,SoftGlobal/eval-008,Middle,1,0.37830656580626965,-0.06350822584267007,-0.06962257623672485,0.07475323397666214,PS,"[0.009048069169468364, 0.025986863642079694]",0.3934965133666992,0.017036653324321378,0.003451332449913025,0.08429200649261474,194,Fixed100,0,2000,full,panel sampling variability; not edit-order or optimizer-seed variability,C,-0.005,"[-0.015, 0.0]",0.37293243408203125,-0.04647157251834869,-0.05047464370727539,0.05804553031921386
100,Continue/eval-008,1,99,99,100,SoftGlobal/eval-008,Middle,0,0.5389031767845154,-0.032850650754771775,-0.03485479386290535,0.0963086102623495,RS,"[-0.012358296748963767, 0.005397275781269851]",0.21378803253173828,-0.0027621815530437742,5.6152697652578354e-05,0.002543849311769009,99,Fixed100,0,2000,full,panel sampling variability; not edit-order or optimizer-seed variability,C,0.0,"[0.0, 0.0]",0.3987712860107422,-0.035612832307815555,-0.03633546829223633,0.08502149581909187
100,Continue/eval-008,314,686,686,1000,SoftGlobal/eval-008,Middle,1,0.22995567321777344,-0.05995568826526869,-0.04630172252655029,0.047653704881668105,NS,"[0.012659737848580698, 0.028140511990987573]",0.622208833694458,0.02041354791924823,0.019099712371826172,0.11744513511657716,691,Past100,6,2000,full,panel sampling variability; not edit-order or optimizer-seed variability,C,0.005,"[0.0, 0.011]",0.2840280532836914,-0.03954214034602046,-0.027626752853393555,0.05240778923034671
100,Continue/eval-008,7,193,193,200,SoftGlobal/eval-008,Middle,0,0.15480518341064453,-0.08334561662748456,-0.06559282541275024,0.03150550127029418,PS,"[0.008843032450196915, 0.022253658778819956]",0.20210790634155273,0.015385675895959138,0.002881348133087158,0.0725116968154907,193,Past100,0,2000,full,panel sampling variability; not edit-order or optimizer-seed variability,C,0.0,"[0.0, 0.0]",0.14230108261108398,-0.06795994073152542,-0.049100399017333984,0.03127050399780272
100,Continue/eval-008,0,100,100,100,SoftGlobal/eval-008,Middle,0,0.5484595848247409,-0.06457166361324199,-0.06973740056855604,0.07282796191284437,RS,"[-0.004936081984402335, 0.0002184418972265112]",0.013719797134399414,-0.0015593845892726676,9.491480886936188e-05,0.0004964685533195734,100,Past100,0,2000,full,panel sampling variability; not edit-order or optimizer-seed variability,C,0.0,"[0.0, 0.0]",0.5467014312744141,-0.06613104820251464,-0.06963300704956055,0.06513576507568365
100,FrozenGlobal/eval-008,58,142,142,200,RefreshedGlobal/eval-008,Middle,0,0.010142087936401367,0.0001537291333079338,-1.8537044525146484e-05,0.0006822586059570311,NS,"[-0.00014514175057411192, 0.00019017293676733965]",0.0029158592224121094,3.215566277503967e-05,2.288818359375e-05,0.0010615825653076168,142,Current100,0,2000,curve,panel sampling variability; not edit-order or optimizer-seed variability,C,0.0,"[0.0, 0.0]",0.007000923156738281,0.00018588479608297348,4.291534423828125e-06,0.0014539241790771482
100,FrozenGlobal/eval-008,3,197,197,200,RefreshedGlobal/eval-008,Middle,0,0.04306352883577347,0.001426168340840377,0.001056998036801815,0.0035755540942773224,PS,"[-0.0003094579944881843, 0.00023698367734323206]",0.025646686553955078,-8.49946920061484e-05,-6.412714719772339e-05,7.612109184265135e-05,197,Current100,0,2000,curve,panel sampling variability; not edit-order or optimizer-seed variability,C,0.0,"[0.0, 0.0]",0.04209423065185547,0.0013411736488342285,0.0008935928344726562,0.0030014514923095703
100,FrozenGlobal/eval-008,0,100,100,100,RefreshedGlobal/eval-008,Middle,0,0.05208188062533736,0.004247228270942287,0.0021642278879880905,0.009920285036787392,RS,"[-2.0622163526240912e-05, -7.970403171384534e-06]",1.887977123260498e-05,-1.3715392524318304e-05,-2.4406472221016884e-06,-2.3832835722714661e-07,100,Current100,0,2000,curve,panel sampling variability; not edit-order or optimizer-seed variability,C,0.0,"[0.0, 0.0]",0.05199241638183594,0.004233512878417969,0.0021600723266601562,0.009828948974609376
100,FrozenGlobal/eval-008,55,145,145,200,RefreshedGlobal/eval-008,Middle,0,0.006236553192138672,-5.14027988538146e-05,-1.33514404296875e-05,0.0008698940277099609,NS,"[7.70279886201024e-05, 0.0004199605942703782]",0.009294509887695312,0.0002366655506193638,2.5272369384765625e-05,0.001057147979736328,145,Fixed100,0,2000,curve,panel sampling variability; not edit-order or optimizer-seed variability,C,0.0,"[0.0, 0.0]",0.007939338684082031,0.00018526275176554917,2.4065375328063965e-05,0.0010468006134033193
100,FrozenGlobal/eval-008,1,99,99,100,RefreshedGlobal/eval-008,Middle,0,0.0049114227294921875,4.425513470778242e-05,0.00030058613629080355,0.0015133647248148918,RS,"[-7.543278140656184e-05, 0.00022513311385409906]",0.0046672821044921875,7.317078387131915e-05,-4.7651701606810093e-07,5.872435867786441e-05,99,Fixed100,0,2000,curve,panel sampling variability; not edit-order or optimizer-seed variability,C,0.0,"[0.0, 0.0]",0.006264686584472656,0.00011742591857910156,0.00030040740966796875,0.0014740943908691409
100,FrozenGlobal/eval-008,63,137,137,200,RefreshedGlobal/eval-008,Middle,0,0.005591392517089844,0.00012074090365786105,-1.71661376953125e-05,0.0010340452194213862,NS,"[-0.00010045913618523627, 8.707798272371278e-05]",0.002536773681640625,-3.9694440783932804e-06,3.0040740966796875e-05,0.0006379127502441406,137,Past100,0,2000,curve,panel sampling variability; not edit-order or optimizer-seed variability,C,0.0,"[0.0, 0.0]",0.004023075103759766,0.00011677145957946777,5.9604644775390625e-05,0.0009918212890624998
100,FrozenGlobal/eval-008,0,100,100,100,RefreshedGlobal/eval-008,Middle,0,0.006299593253061175,0.0004648597102641361,0.0004560276574920863,0.0014342000271426523,RS,"[-1.5414300110933255e-05, 9.044950729730767e-06]",0.0002633035182952881,-1.4645915507571771e-06,-6.552290869876742e-07,1.2113014236092688e-06,100,Past100,0,2000,curve,panel sampling variability; not edit-order or optimizer-seed variability,C,0.0,"[0.0, 0.0]",0.006291389465332031,0.0004633951187133789,0.0004544258117675781,0.0014314651489257823
100,FrozenGlobal/eval-008,286,714,714,1000,RefreshedGlobal/eval-008,Middle,0,0.029236316680908203,0.0001601446084678173,-4.76837158203125e-07,0.0008788108825683595,NS,"[-9.841868956573308e-05, 0.0001687650302890688]",0.009023666381835938,5.312908999621868e-05,1.7642974853515625e-05,0.0008728504180908214,714,Current100,0,2000,full,panel sampling variability; not edit-order or optimizer-seed variability,C,0.0,"[0.0, 0.0]",0.01748371124267578,0.000213273698464036,2.181529998779297e-05,0.001055598258972168
100,FrozenGlobal/eval-008,3,197,197,200,RefreshedGlobal/eval-008,Middle,0,0.04306352883577347,0.001426168340840377,0.001056998036801815,0.0035755540942773224,PS,"[-0.0003094579944881843, 0.00023698367734323206]",0.025646686553955078,-8.49946920061484e-05,-6.412714719772339e-05,7.612109184265135e-05,197,Current100,0,2000,full,panel sampling variability; not edit-order or optimizer-seed variability,C,0.0,"[0.0, 0.0]",0.04209423065185547,0.0013411736488342285,0.0008935928344726562,0.0030014514923095703
100,FrozenGlobal/eval-008,0,100,100,100,RefreshedGlobal/eval-008,Middle,0,0.05208188062533736,0.004247228270942287,0.0021642278879880905,0.009920285036787392,RS,"[-2.0622163526240912e-05, -7.970403171384534e-06]",1.887977123260498e-05,-1.3715392524318304e-05,-2.4406472221016884e-06,-2.3832835722714661e-07,100,Current100,0,2000,full,panel sampling variability; not edit-order or optimizer-seed variability,C,0.0,"[0.0, 0.0]",0.05199241638183594,0.004233512878417969,0.0021600723266601562,0.009828948974609376
100,FrozenGlobal/eval-008,298,702,702,1000,RefreshedGlobal/eval-008,Middle,0,0.02178668975830078,7.35255302861333e-05,7.3015689849853516e-06,0.0008920431137084962,NS,"[6.132076177746059e-05, 0.00027456281804479646]",0.01136016845703125,0.00016734059434384108,4.458427429199219e-05,0.0010046958923339844,702,Fixed100,0,2000,full,panel sampling variability; not edit-order or optimizer-seed variability,C,0.0,"[0.0, 0.0]",0.013155937194824219,0.00024086612462997437,5.955994129180908e-05,0.0010292768478393556
100,FrozenGlobal/eval-008,6,194,194,200,RefreshedGlobal/eval-008,Middle,0,0.008025914430618286,0.0005222993329516612,0.0004471242427825928,0.0018461003201082344,PS,"[-0.00010082822374533861, 0.0003162457300859385]",0.017655372619628906,9.27151009091176e-05,-2.6611611247062683e-05,0.000354105234146118,194,Fixed100,0,2000,full,panel sampling variability; not edit-order or optimizer-seed variability,C,0.0,"[0.0, 0.0]",0.008808135986328125,0.0006150144338607788,0.00041115283966064453,0.001751422882080078
100,FrozenGlobal/eval-008,1,99,99,100,RefreshedGlobal/eval-008,Middle,0,0.0049114227294921875,4.425513470778242e-05,0.00030058613629080355,0.0015133647248148918,RS,"[-7.543278140656184e-05, 0.00022513311385409906]",0.0046672821044921875,7.317078387131915e-05,-4.7651701606810093e-07,5.872435867786441e-05,99,Fixed100,0,2000,full,panel sampling variability; not edit-order or optimizer-seed variability,C,0.0,"[0.0, 0.0]",0.006264686584472656,0.00011742591857910156,0.00030040740966796875,0.0014740943908691409
100,FrozenGlobal/eval-008,309,691,691,1000,RefreshedGlobal/eval-008,Middle,0,0.007319927215576172,8.696151582989842e-05,4.172325134277344e-06,0.0008332669734954835,NS,"[2.3186957958387215e-06, 0.00012621363396756347]",0.005396842956542969,6.455667631234973e-05,3.62396240234375e-05,0.0007678985595703125,691,Past100,0,2000,full,panel sampling variability; not edit-order or optimizer-seed variability,C,0.0,"[0.0, 0.0]",0.005845069885253906,0.00015151819214224817,3.349781036376953e-05,0.0009804248809814453
100,FrozenGlobal/eval-008,7,193,193,200,RefreshedGlobal/eval-008,Middle,0,0.004561373498290777,0.0004260376433376223,0.00046374835073947906,0.0014743492007255553,PS,"[-9.122531615867047e-05, 5.209649951575555e-05]",0.0030362606048583984,-1.9060407066717743e-05,-1.4071119949221611e-05,0.0002975344657897949,193,Past100,0,2000,full,panel sampling variability; not edit-order or optimizer-seed variability,C,0.0,"[0.0, 0.0]",0.004547119140625,0.0004069772362709045,0.00039005279541015625,0.0015432357788085936
100,FrozenGlobal/eval-008,0,100,100,100,RefreshedGlobal/eval-008,Middle,0,0.006299593253061175,0.0004648597102641361,0.0004560276574920863,0.0014342000271426523,RS,"[-1.5414300110933255e-05, 9.044950729730767e-06]",0.0002633035182952881,-1.4645915507571771e-06,-6.552290869876742e-07,1.2113014236092688e-06,100,Past100,0,2000,full,panel sampling variability; not edit-order or optimizer-seed variability,C,0.0,"[0.0, 0.0]",0.006291389465332031,0.0004633951187133789,0.0004544258117675781,0.0014314651489257823
100,RefreshedLocal/eval-008,59,141,141,200,RefreshedGlobal/eval-008,Middle,0,0.7633829116821289,-0.03242767898365855,-0.03760862350463867,0.08085603304207324,NS,"[-0.013825586136430501, 0.02010754553228616]",0.3241128921508789,0.0037501348555088044,0.009456157684326172,0.1046789169311523,142,Current100,1,2000,curve,panel sampling variability; not edit-order or optimizer-seed variability,C,0.005,"[0.0, 0.015]",0.2742900848388672,-0.028677544128149747,-0.01649576425552368,0.06447386741638184
100,RefreshedLocal/eval-008,3,197,197,200,RefreshedGlobal/eval-008,Middle,0,1.5496924072504044,0.21037141160544706,0.17747069895267487,0.6136134333908557,PS,"[-0.09128726987162372, -0.037682941876584684]",0.2261849045753479,-0.06255618171271635,-0.0100245401263237,0.022868941724300384,197,Current100,0,2000,curve,panel sampling variability; not edit-order or optimizer-seed variability,C,0.0,"[0.0, 0.0]",1.5066232681274414,0.14781522989273072,0.11973047256469727,0.47169075012207023
100,RefreshedLocal/eval-008,0,100,100,100,RefreshedGlobal/eval-008,Middle,0,1.2389947943156585,0.3566626839727178,0.31839802682225127,0.7167348849063278,RS,"[-0.002566118572212872, -0.0007997133986646078]",0.00038680434226989746,-0.0014630942434087047,-0.000528553151525557,-3.7349277408793444e-05,100,Current100,0,2000,curve,panel sampling variability; not edit-order or optimizer-seed variability,C,0.0,"[0.0, 0.0]",1.2379961013793945,0.3551995897293091,0.31819963455200195,0.7137852668762211
100,RefreshedLocal/eval-008,56,144,144,200,RefreshedGlobal/eval-008,Middle,0,0.27721548080444336,-0.05187699628062546,-0.04296022653579712,0.053586030006408665,NS,"[-0.012401184413582088, 0.020676641881465906]",0.2660694122314453,0.004715985711663961,0.01620638370513916,0.1150752544403076,145,Fixed100,1,2000,curve,panel sampling variability; not edit-order or optimizer-seed variability,C,0.005,"[0.0, 0.015]",0.27548789978027344,-0.0471610105689615,-0.03163784742355347,0.04895658493041991
100,RefreshedLocal/eval-008,1,99,99,100,RefreshedGlobal/eval-008,Middle,0,0.5071313679218292,-0.058514706131463756,-0.06734714424237609,0.09953001364774551,RS,"[-0.00913848927698382, 0.008473721108677635]",0.26168346405029297,-0.0004954550299589755,0.00011640822049230337,0.0037667160853743554,99,Fixed100,0,2000,curve,panel sampling variability; not edit-order or optimizer-seed variability,C,0.0,"[0.0, 0.0]",0.3764228820800781,-0.05901016116142273,-0.06695985794067383,0.08654985427856456
100,RefreshedLocal/eval-008,63,137,137,200,RefreshedGlobal/eval-008,Middle,0,0.22194838523864746,-0.05882744787901174,-0.04372608661651611,0.05211968421936034,NS,"[0.006490617954172193, 0.030647487731534053]",0.42919921875,0.018699064615066163,0.01575106382369995,0.11845631599426269,137,Past100,0,2000,curve,panel sampling variability; not edit-order or optimizer-seed variability,C,0.0,"[0.0, 0.0]",0.3598299026489258,-0.04012838326394558,-0.033240556716918945,0.05955913066864012
100,RefreshedLocal/eval-008,0,100,100,100,RefreshedGlobal/eval-008,Middle,0,0.5973450737074018,-0.09585975733680244,-0.09250452817650512,0.041535360680427486,RS,"[-0.0004778114551190811, 0.0012155189587028862]",0.02680361270904541,0.00029499140662665014,0.00013570114970207214,0.000851146224886181,100,Past100,0,2000,curve,panel sampling variability; not edit-order or optimizer-seed variability,C,0.0,"[0.0, 0.0]",0.5954494476318359,-0.09556476593017578,-0.0924081802368164,0.03802127838134768
100,RefreshedLocal/eval-008,289,711,711,1000,RefreshedGlobal/eval-008,Middle,2,1.276157021522522,-0.030326934271492065,-0.029146909713745117,0.08089777529239656,NS,"[-0.012513138660788535, 0.009687894277181473]",0.48883819580078125,-0.0009005621336400509,0.008605718612670898,0.09987293481826784,714,Current100,5,2000,full,panel sampling variability; not edit-order or optimizer-seed variability,C,0.003,"[-0.002, 0.009]",0.517329216003418,-0.031227496405132116,-0.01649576425552368,0.06501502990722657
100,RefreshedLocal/eval-008,3,197,197,200,RefreshedGlobal/eval-008,Middle,0,1.5496924072504044,0.21037141160544706,0.17747069895267487,0.6136134333908557,PS,"[-0.09128726987162372, -0.037682941876584684]",0.2261849045753479,-0.06255618171271635,-0.0100245401263237,0.022868941724300384,197,Current100,0,2000,full,panel sampling variability; not edit-order or optimizer-seed variability,C,0.0,"[0.0, 0.0]",1.5066232681274414,0.14781522989273072,0.11973047256469727,0.47169075012207023
100,RefreshedLocal/eval-008,0,100,100,100,RefreshedGlobal/eval-008,Middle,0,1.2389947943156585,0.3566626839727178,0.31839802682225127,0.7167348849063278,RS,"[-0.002566118572212872, -0.0007997133986646078]",0.00038680434226989746,-0.0014630942434087047,-0.000528553151525557,-3.7349277408793444e-05,100,Current100,0,2000,full,panel sampling variability; not edit-order or optimizer-seed variability,C,0.0,"[0.0, 0.0]",1.2379961013793945,0.3551995897293091,0.31819963455200195,0.7137852668762211
100,RefreshedLocal/eval-008,302,698,698,1000,RefreshedGlobal/eval-008,Middle,0,0.3445589542388916,-0.053008067001588645,-0.04167255759239197,0.05854306221008301,NS,"[0.0008209347863681615, 0.018198208225215777]",0.40450286865234375,0.009468468270264567,0.013065636157989502,0.11118083000183107,702,Fixed100,4,2000,full,panel sampling variability; not edit-order or optimizer-seed variability,C,0.004,"[0.001, 0.008]",0.27548789978027344,-0.043539598731324076,-0.02891230583190918,0.05898056030273438
100,RefreshedLocal/eval-008,5,195,195,200,RefreshedGlobal/eval-008,Middle,1,0.27900024503469467,-0.0792966360267019,-0.08432398573495448,0.060332483053207396,PS,"[0.008102747351556899, 0.028039985004259506]",0.4291648864746094,0.01771463875134941,0.005059875547885895,0.08325338363647461,194,Fixed100,0,2000,full,panel sampling variability; not edit-order or optimizer-seed variability,C,-0.005,"[-0.015, 0.0]",0.2753276824951172,-0.061581997275352476,-0.06688356399536133,0.04824914932250976
100,RefreshedLocal/eval-008,1,99,99,100,RefreshedGlobal/eval-008,Middle,0,0.5071313679218292,-0.058514706131463756,-0.06734714424237609,0.09953001364774551,RS,"[-0.00913848927698382, 0.008473721108677635]",0.26168346405029297,-0.0004954550299589755,0.00011640822049230337,0.0037667160853743554,99,Fixed100,0,2000,full,panel sampling variability; not edit-order or optimizer-seed variability,C,0.0,"[0.0, 0.0]",0.3764228820800781,-0.05901016116142273,-0.06695985794067383,0.08654985427856456
100,RefreshedLocal/eval-008,314,686,686,1000,RefreshedGlobal/eval-008,Middle,1,0.44434642791748047,-0.05557222180289682,-0.04050344228744507,0.05939063876867298,NS,"[0.00745931168657553, 0.023971310059502135]",0.5328273773193359,0.01583192652685102,0.015245616436004639,0.12101569175720216,691,Past100,6,2000,full,panel sampling variability; not edit-order or optimizer-seed variability,C,0.005,"[0.0, 0.011]",0.3598299026489258,-0.0397402952760458,-0.026177644729614258,0.06344046592712405
100,RefreshedLocal/eval-008,7,193,193,200,RefreshedGlobal/eval-008,Middle,0,0.22691631317138672,-0.1004363316623494,-0.08528150123311207,0.018548742681741708,PS,"[0.010097797933776747, 0.02524472643752959]",0.21376419067382812,0.01765261027496308,0.004482985474169254,0.08054895401000976,193,Past100,0,2000,full,panel sampling variability; not edit-order or optimizer-seed variability,C,0.0,"[0.0, 0.0]",0.18253326416015625,-0.08278372138738632,-0.0653533935546875,0.026655769348144516
100,RefreshedLocal/eval-008,0,100,100,100,RefreshedGlobal/eval-008,Middle,0,0.5973450737074018,-0.09585975733680244,-0.09250452817650512,0.041535360680427486,RS,"[-0.0004778114551190811, 0.0012155189587028862]",0.02680361270904541,0.00029499140662665014,0.00013570114970207214,0.000851146224886181,100,Past100,0,2000,full,panel sampling variability; not edit-order or optimizer-seed variability,C,0.0,"[0.0, 0.0]",0.5954494476318359,-0.09556476593017578,-0.0924081802368164,0.03802127838134768
100,SoftGlobal/eval-008,58,142,142,200,RefreshedGlobal/eval-008,Middle,0,0.037131547927856445,-0.0004111740179359913,-0.0004687309265136719,0.0017132282257080074,NS,"[-0.00017909013107419012, 0.0008141875974833964]",0.008229255676269531,0.00035769619047641753,0.0003228187561035156,0.0032744407653808594,142,Current100,0,2000,curve,panel sampling variability; not edit-order or optimizer-seed variability,C,0.0,"[0.0, 0.0]",0.015498161315917969,-5.347782745957374e-05,-0.0003573894500732422,0.0024946689605712885
100,SoftGlobal/eval-008,3,197,197,200,RefreshedGlobal/eval-008,Middle,0,0.08573118597269058,0.007535867080150638,0.003666400909423828,0.015773977525532244,PS,"[-0.0016767023718712154, -0.000680158442388347]",0.004433870315551758,-0.0011259776205406525,-0.00032923556864261627,-6.2424223870039156e-06,197,Current100,0,2000,curve,panel sampling variability; not edit-order or optimizer-seed variability,C,0.0,"[0.0, 0.0]",0.08388233184814453,0.006409889459609986,0.003097057342529297,0.013318634033203125
100,SoftGlobal/eval-008,0,100,100,100,RefreshedGlobal/eval-008,Middle,0,0.11774611426517367,0.017824650746006226,0.01048117148457095,0.05138984522782267,RS,"[-0.00017954858583561873, -4.2723400288196e-05]",-1.1920565157197416e-07,-0.00010077570022986038,-1.3558135833591223e-05,-1.2986187357455483e-06,100,Current100,0,2000,curve,panel sampling variability; not edit-order or optimizer-seed variability,C,0.0,"[0.0, 0.0]",0.11745929718017578,0.01772387504577637,0.010462284088134766,0.05130491256713868
100,SoftGlobal/eval-008,55,145,145,200,RefreshedGlobal/eval-008,Middle,0,0.0167844295501709,-0.000648776690941304,-0.0006132125854492188,0.0012351930141448972,NS,"[0.00046290370821952824, 0.0013236872749403114]",0.014184951782226562,0.000884760431945324,0.00046253204345703125,0.0035989761352539043,145,Fixed100,0,2000,curve,panel sampling variability; not edit-order or optimizer-seed variability,C,0.0,"[0.0, 0.0]",0.01335000991821289,0.00023598374100401996,-0.00014835596084594727,0.0024815082550048804
100,SoftGlobal/eval-008,1,99,99,100,RefreshedGlobal/eval-008,Middle,0,0.018021781463176012,0.0029428233957878545,0.0025079462793655694,0.006817436404526238,RS,"[-0.00022151839348589418, 0.00014926145726349192]",0.0060176849365234375,-4.0052161275525577e-05,-8.563511073589325e-06,3.566965460777587e-08,99,Fixed100,0,2000,curve,panel sampling variability; not edit-order or optimizer-seed variability,C,0.0,"[0.0, 0.0]",0.017961502075195312,0.002902771234512329,0.0022830963134765625,0.007165908813476563
100,SoftGlobal/eval-008,63,137,137,200,RefreshedGlobal/eval-008,Middle,0,0.009027481079101562,-0.0004634265194181353,-0.0005376338958740234,0.0019623756408691405,NS,"[-4.96298297366593e-05, 0.000620577415684238]",0.008495330810546875,0.00028091290616430345,0.0002446174621582031,0.0025870800018310547,137,Past100,0,2000,curve,panel sampling variability; not edit-order or optimizer-seed variability,C,0.0,"[0.0, 0.0]",0.016921043395996094,-0.00018251361325383186,-0.0002745389938354492,0.001592636108398437
100,SoftGlobal/eval-008,0,100,100,100,RefreshedGlobal/eval-008,Middle,0,0.014434777665883303,0.00318491240417643,0.0027057145489379764,0.007514334458392117,RS,"[-0.0001803217982942442, -1.6762716408265996e-05]",8.989870548248291e-05,-7.123251831217203e-05,-5.774607416242361e-06,-3.575260052457452e-07,100,Past100,0,2000,curve,panel sampling variability; not edit-order or optimizer-seed variability,C,0.0,"[0.0, 0.0]",0.014417648315429688,0.0031136798858642577,0.0026273727416992188,0.007503032684326175
100,SoftGlobal/eval-008,286,714,714,1000,RefreshedGlobal/eval-008,Middle,0,0.06541609764099121,-0.00038508183509111405,-0.00045680999755859375,0.002026563882827759,NS,"[2.5068373419344425e-05, 0.0007533264681696891]",0.014761924743652344,0.00042960503324866294,0.0003104209899902344,0.0033823013305664083,714,Current100,0,2000,full,panel sampling variability; not edit-order or optimizer-seed variability,C,0.0,"[0.0, 0.0]",0.029844284057617188,4.45231981575489e-05,-0.0002834796905517578,0.002553701400756836
100,SoftGlobal/eval-008,3,197,197,200,RefreshedGlobal/eval-008,Middle,0,0.08573118597269058,0.007535867080150638,0.003666400909423828,0.015773977525532244,PS,"[-0.0016767023718712154, -0.000680158442388347]",0.004433870315551758,-0.0011259776205406525,-0.00032923556864261627,-6.2424223870039156e-06,197,Current100,0,2000,full,panel sampling variability; not edit-order or optimizer-seed variability,C,0.0,"[0.0, 0.0]",0.08388233184814453,0.006409889459609986,0.003097057342529297,0.013318634033203125
100,SoftGlobal/eval-008,0,100,100,100,RefreshedGlobal/eval-008,Middle,0,0.11774611426517367,0.017824650746006226,0.01048117148457095,0.05138984522782267,RS,"[-0.00017954858583561873, -4.2723400288196e-05]",-1.1920565157197416e-07,-0.00010077570022986038,-1.3558135833591223e-05,-1.2986187357455483e-06,100,Current100,0,2000,full,panel sampling variability; not edit-order or optimizer-seed variability,C,0.0,"[0.0, 0.0]",0.11745929718017578,0.01772387504577637,0.010462284088134766,0.05130491256713868
100,SoftGlobal/eval-008,298,702,702,1000,RefreshedGlobal/eval-008,Middle,0,0.01839923858642578,-0.0004955208511091769,-0.0004849433898925781,0.0018469378352165223,NS,"[0.0003321510121691972, 0.0008666593611240385]",0.020751953125,0.0006069339420646429,0.0003418922424316406,0.0031434059143066414,702,Fixed100,0,2000,full,panel sampling variability; not edit-order or optimizer-seed variability,C,0.0,"[0.0, 0.0]",0.0242462158203125,0.00011141309095546603,-0.00020444393157958984,0.0023439526557922363
100,SoftGlobal/eval-008,6,194,194,200,RefreshedGlobal/eval-008,Middle,0,0.016315460205078125,0.002436155270261224,0.002001199871301651,0.006802065507508814,PS,"[-0.0006790333278986508, -6.976253454922824e-06]",0.012585639953613281,-0.00034486312739318237,-0.00019851326942443848,0.0006920129060745239,194,Fixed100,0,2000,full,panel sampling variability; not edit-order or optimizer-seed variability,C,0.0,"[0.0, 0.0]",0.012398719787597656,0.002091292142868042,0.0017061233520507812,0.005646467208862304
100,SoftGlobal/eval-008,1,99,99,100,RefreshedGlobal/eval-008,Middle,0,0.018021781463176012,0.0029428233957878545,0.0025079462793655694,0.006817436404526238,RS,"[-0.00022151839348589418, 0.00014926145726349192]",0.0060176849365234375,-4.0052161275525577e-05,-8.563511073589325e-06,3.566965460777587e-08,99,Fixed100,0,2000,full,panel sampling variability; not edit-order or optimizer-seed variability,C,0.0,"[0.0, 0.0]",0.017961502075195312,0.002902771234512329,0.0022830963134765625,0.007165908813476563
100,SoftGlobal/eval-008,309,691,691,1000,RefreshedGlobal/eval-008,Middle,0,0.017948150634765625,-0.00045924874325282874,-0.000492095947265625,0.0019858002662658694,NS,"[0.00020891267640399746, 0.0006576826387725305]",0.014575481414794922,0.00043367469985969363,0.00032329559326171875,0.002926301956176758,691,Past100,0,2000,full,panel sampling variability; not edit-order or optimizer-seed variability,C,0.0,"[0.0, 0.0]",0.016921043395996094,-2.557404339313507e-05,-0.00018018484115600586,0.0022704124450683596
100,SoftGlobal/eval-008,7,193,193,200,RefreshedGlobal/eval-008,Middle,0,0.03113817796111107,0.002144757411442697,0.0016339346766471863,0.006254004593938588,PS,"[-0.0003811093355398043, 2.7393760341510504e-05]",0.009351491928100586,-0.0001690628146752715,-6.069894880056381e-05,0.000557976961135864,193,Past100,0,2000,full,panel sampling variability; not edit-order or optimizer-seed variability,C,0.0,"[0.0, 0.0]",0.030249595642089844,0.0019756945967674255,0.0013327598571777344,0.006263542175292966
100,SoftGlobal/eval-008,0,100,100,100,RefreshedGlobal/eval-008,Middle,0,0.014434777665883303,0.00318491240417643,0.0027057145489379764,0.007514334458392117,RS,"[-0.0001803217982942442, -1.6762716408265996e-05]",8.989870548248291e-05,-7.123251831217203e-05,-5.774607416242361e-06,-3.575260052457452e-07,100,Past100,0,2000,full,panel sampling variability; not edit-order or optimizer-seed variability,C,0.0,"[0.0, 0.0]",0.014417648315429688,0.0031136798858642577,0.0026273727416992188,0.007503032684326175
