cell,arm,batch,cohort,request_sha256,metric,value,origin_zero
LM,O,1,1,409ab50440c393003452ca14f7a848b9b9c4c26eaf347918e74bd2328b526d48,q_after,0.42542055773718029,False
LM,O,1,1,23c1238dd9069718d334ae7f722280560776c5e930ea2fdbe0f4b20ca542081e,q_after,0.41462864386816584,False
LM,O,1,1,285a3add6f31d8546b0d76689a016bc0f9f7d8e58c95f54e87bba48ad5cabc65,distance_from_own_immediate_activation,0,False
LM,O,1,1,6abbaf2496b409f11036390da3b47c9272a243b8a164ca3d9f9a65fafbec985d,distance_from_own_immediate_activation,0,False
LM,O,2,1,569f1a97c3971140f8e826932006d0d697bae8da7872d2105db2e6eab60839d6,q_after,0.57397667224452797,False
LM,O,2,1,6a691cf16b423bb1d5a6ce4bf3417dd2d707fdac2436c48131dec1cd89b48a6b,q_after,0.56025744843766523,False
LM,O,2,1,569f1a97c3971140f8e826932006d0d697bae8da7872d2105db2e6eab60839d6,distance_from_own_immediate_activation,2.7233689644532157,False
LM,O,2,1,6a691cf16b423bb1d5a6ce4bf3417dd2d707fdac2436c48131dec1cd89b48a6b,distance_from_own_immediate_activation,2.3642897077259222,False
LM,O,2,2,0bd2026793f0bdd3dfddcb3a86a61c5ef3c5be75d9b27d7f82d467e67e81a002,q_after,0.3984884309949131,False
LM,O,2,2,6550dc9ecd01aba3be24ef39ef596583e6088394270d2578a2f2db63b8b1487e,q_after,0.39729091626814905,False
LM,O,2,2,f742e3b08cc43666fd7f6e3f269849a7e50f2847ec2b4e38de638a9da8e99747,distance_from_own_immediate_activation,0,False
LM,O,2,2,c00ba5c00aeed6290e334d4cd5abd3b223eb0b0d3fe00c61dd63a733904b0504,distance_from_own_immediate_activation,0,False
LM,O,3,1,569f1a97c3971140f8e826932006d0d697bae8da7872d2105db2e6eab60839d6,q_after,0.85941459891348837,False
LM,O,3,1,d97bda6d6a887cafe4132a43d6d106a50a3a151b295c299fbaa9079c4004d670,q_after,0.75178844582559046,False
LM,O,3,1,569f1a97c3971140f8e826932006d0d697bae8da7872d2105db2e6eab60839d6,distance_from_own_immediate_activation,4.1622959695864985,False
LM,O,3,1,cc987485b7f9961ef45a3aeb9301abf629d197b349e59b58ed6f5592212f16a5,distance_from_own_immediate_activation,3.5936433324879831,False
LM,O,3,2,3f70e23daea047bcfed877ba67079e2053829b1ba923cc930c0af6ea5139c1e3,q_after,0.47718223421149336,False
LM,O,3,2,b0c20d38500ad4521ae3e47157046f338c94e17b778deacf80e250509b34bcc9,q_after,0.46722853722786328,False
LM,O,3,2,b0c20d38500ad4521ae3e47157046f338c94e17b778deacf80e250509b34bcc9,distance_from_own_immediate_activation,2.3347954451103607,False
LM,O,3,2,98ae105e841eaf92fb0f91823d4b3f0a71f11808ee0acc1d5216a42145817cd2,distance_from_own_immediate_activation,1.9995139816518439,False
LM,O,3,3,72ed03d28b034897d61f381e0a9c6e945a0347a0339befce591950712148b86d,q_after,0.44517378555999676,False
LM,O,3,3,7288b280f83041c4bfe8663812708e4472c3f064e69b8e83fb6d3b0fe2c8a72b,q_after,0.42815508466168112,False
LM,O,3,3,5fe5cc36167302a9bb9453cf9a190bce75a6ebf70356e4b2d43262df4ea70e7e,distance_from_own_immediate_activation,0,False
LM,O,3,3,748b77c32e5597fd9ab954ae967d71dfca3c97aa792238480bf57c353b9f7c3b,distance_from_own_immediate_activation,0,False
LM,O,4,1,cc987485b7f9961ef45a3aeb9301abf629d197b349e59b58ed6f5592212f16a5,q_after,1.0185417675356585,False
LM,O,4,1,569f1a97c3971140f8e826932006d0d697bae8da7872d2105db2e6eab60839d6,q_after,0.91828049859777672,False
LM,O,4,1,cc987485b7f9961ef45a3aeb9301abf629d197b349e59b58ed6f5592212f16a5,distance_from_own_immediate_activation,5.0086363954334914,False
LM,O,4,1,569f1a97c3971140f8e826932006d0d697bae8da7872d2105db2e6eab60839d6,distance_from_own_immediate_activation,4.4800803983281989,False
LM,O,4,2,66382b6ef89ef9f71e15a2314296201fed047f27982dfa2ac4a5d47f623d6517,q_after,0.63236787089544833,False
LM,O,4,2,2bddd727c25564a726ac348f51d1ffda823ae39fb216cf89569a73cae07059f5,q_after,0.61095598208605861,False
LM,O,4,2,66382b6ef89ef9f71e15a2314296201fed047f27982dfa2ac4a5d47f623d6517,distance_from_own_immediate_activation,3.1960042617713178,False
LM,O,4,2,0a860697d1a749ffe51541cdddc68adc14e790859c596e4e74a0ff35f738c932,distance_from_own_immediate_activation,2.7205301649169389,False
LM,O,4,3,5048daec8eda8a9d3c95b043bcae37662854fde7ae07fc2a6a740cabba3039fb,q_after,0.45809406649571266,False
LM,O,4,3,2f3c0f51cd67fd96e775a4e0d4b97c84e1a62d06e2929f26d3fb15123957392f,q_after,0.44972620639764488,False
LM,O,4,3,08f5ce1ca163e3700d35c52504edd1232b0d6163bc1036179983f164adde009f,distance_from_own_immediate_activation,1.7057858520849525,False
LM,O,4,3,dc5a45405701111c4a15791e8bd689e6fabc3f4277afe228804ee1edd8c36a7e,distance_from_own_immediate_activation,1.5871252248103036,False
LM,O,4,4,bf70a36ef7dc5b5e6ab2174d60aa36901cc585f44487bc58f501a1d096a1ef80,q_after,0.39758802780502417,False
LM,O,4,4,d6d01656f6313b328ad8bfcac029d7940e57cf0c93f05e69ae9bc329dadfcfa7,q_after,0.39341531844540434,False
LM,O,4,4,b74477e088614db975b9ef3aaba64df62b78acfc4f63433e65ca1d0781dcffe1,distance_from_own_immediate_activation,0,False
LM,O,4,4,75df0f36573c040611750a4f824c17e612ade8e4b5e3a222af3a9c77dd369af4,distance_from_own_immediate_activation,0,False
LM,O,5,1,cc987485b7f9961ef45a3aeb9301abf629d197b349e59b58ed6f5592212f16a5,q_after,1.243770805352745,False
LM,O,5,1,322b5d3c47aa80d2c94addc9a85c94282e44d92f9ccc5a0cf4cab593ea40cb3b,q_after,1.2198265918718729,False
LM,O,5,1,cc987485b7f9961ef45a3aeb9301abf629d197b349e59b58ed6f5592212f16a5,distance_from_own_immediate_activation,6.1233623986328025,False
LM,O,5,1,322b5d3c47aa80d2c94addc9a85c94282e44d92f9ccc5a0cf4cab593ea40cb3b,distance_from_own_immediate_activation,5.1921368105409247,False
LM,O,5,2,0a860697d1a749ffe51541cdddc68adc14e790859c596e4e74a0ff35f738c932,q_after,0.82962801450253343,False
LM,O,5,2,66382b6ef89ef9f71e15a2314296201fed047f27982dfa2ac4a5d47f623d6517,q_after,0.82891489532073082,False
LM,O,5,2,66382b6ef89ef9f71e15a2314296201fed047f27982dfa2ac4a5d47f623d6517,distance_from_own_immediate_activation,4.2639027666096778,False
LM,O,5,2,0a860697d1a749ffe51541cdddc68adc14e790859c596e4e74a0ff35f738c932,distance_from_own_immediate_activation,3.8590948793596769,False
LM,O,5,3,d4b109253c320baa212c079a8c8508e2df92d46eb2c28bdae70970323223535d,q_after,0.84891803808426036,False
LM,O,5,3,dc5a45405701111c4a15791e8bd689e6fabc3f4277afe228804ee1edd8c36a7e,q_after,0.58336470099661575,False
LM,O,5,3,d4b109253c320baa212c079a8c8508e2df92d46eb2c28bdae70970323223535d,distance_from_own_immediate_activation,3.3583995735886059,False
LM,O,5,3,08f5ce1ca163e3700d35c52504edd1232b0d6163bc1036179983f164adde009f,distance_from_own_immediate_activation,2.8450125051496156,False
LM,O,5,4,b82a03e937cf2cf32073db5d914babf4ef1b871d8a539df433e363c50b0cd9a2,q_after,0.71396216419175251,False
LM,O,5,4,d6d01656f6313b328ad8bfcac029d7940e57cf0c93f05e69ae9bc329dadfcfa7,q_after,0.45128606280606481,False
LM,O,5,4,b82a03e937cf2cf32073db5d914babf4ef1b871d8a539df433e363c50b0cd9a2,distance_from_own_immediate_activation,3.2990304535231196,False
LM,O,5,4,23ab463b020d55e2046b7787446e4f8feaea34632b6c872ea5035557b771d415,distance_from_own_immediate_activation,1.6898126802379585,False
LM,O,5,5,8c30e14a223e19120138c87788b0a3aa97f84ffeb7d88ba5180e93d3850a853a,q_after,0.38051685367308635,False
LM,O,5,5,4b06541b68703e6e8d0a28f59ab223c38fa6ae39a459bf51b12af6056cf62673,q_after,0.36990969489132802,False
LM,O,5,5,5b84c1c1bac6d9c9495e0d2d313d0b616314a82781835eeed7f9f22473bf6d62,distance_from_own_immediate_activation,0,False
LM,O,5,5,e5ad6f2d686323a16d0fded4072da1dc7728d193c1789d134033681e537b2e49,distance_from_own_immediate_activation,0,False
LM,O,6,1,cc987485b7f9961ef45a3aeb9301abf629d197b349e59b58ed6f5592212f16a5,q_after,1.6133762355383745,False
LM,O,6,1,322b5d3c47aa80d2c94addc9a85c94282e44d92f9ccc5a0cf4cab593ea40cb3b,q_after,1.5635237563322064,False
LM,O,6,1,cc987485b7f9961ef45a3aeb9301abf629d197b349e59b58ed6f5592212f16a5,distance_from_own_immediate_activation,7.9728306102620188,False
LM,O,6,1,322b5d3c47aa80d2c94addc9a85c94282e44d92f9ccc5a0cf4cab593ea40cb3b,distance_from_own_immediate_activation,6.7433805812256837,False
LM,O,6,2,66382b6ef89ef9f71e15a2314296201fed047f27982dfa2ac4a5d47f623d6517,q_after,1.1635794148924252,False
LM,O,6,2,0a860697d1a749ffe51541cdddc68adc14e790859c596e4e74a0ff35f738c932,q_after,1.1214560208991233,False
LM,O,6,2,66382b6ef89ef9f71e15a2314296201fed047f27982dfa2ac4a5d47f623d6517,distance_from_own_immediate_activation,6.0979306631180252,False
LM,O,6,2,5026c8caf1aaf77a510a2e7112ea6dead0a567c357bbf597536dbb5c04efbe29,distance_from_own_immediate_activation,5.4333624569838319,False
LM,O,6,3,d4b109253c320baa212c079a8c8508e2df92d46eb2c28bdae70970323223535d,q_after,0.94095088290180606,False
LM,O,6,3,dc5a45405701111c4a15791e8bd689e6fabc3f4277afe228804ee1edd8c36a7e,q_after,0.91405776830500307,False
LM,O,6,3,072ffab3160b3a6b8edfca068498490eed18736f0ef91b9be25ae02cde77e915,distance_from_own_immediate_activation,4.9226267832034267,False
LM,O,6,3,08f5ce1ca163e3700d35c52504edd1232b0d6163bc1036179983f164adde009f,distance_from_own_immediate_activation,4.6535019851743114,False
LM,O,6,4,b82a03e937cf2cf32073db5d914babf4ef1b871d8a539df433e363c50b0cd9a2,q_after,0.99147234807842666,False
LM,O,6,4,c26bed2c2ca3b2f918bb83e82bd9732d1504e8c09f5a56558583dc287bff8400,q_after,0.67641442427515663,False
LM,O,6,4,b82a03e937cf2cf32073db5d914babf4ef1b871d8a539df433e363c50b0cd9a2,distance_from_own_immediate_activation,4.8254033214207031,False
LM,O,6,4,eed7d047ce6f0c878b419c49f87b730fe8c31d5345eeacbf4c435618af30daf4,distance_from_own_immediate_activation,3.063863080717117,False
LM,O,6,5,60141ed71c08336ce18411af9a934eea62501d656a44799383c418e0d0819796,q_after,0.65252057767812544,False
LM,O,6,5,4b06541b68703e6e8d0a28f59ab223c38fa6ae39a459bf51b12af6056cf62673,q_after,0.44814295031144535,False
LM,O,6,5,60141ed71c08336ce18411af9a934eea62501d656a44799383c418e0d0819796,distance_from_own_immediate_activation,3.302757125800261,False
LM,O,6,5,2ca21a6eeae8858a948ad9e3da8c586477c5e0ef1c462ad0234ac1d6feb834e2,distance_from_own_immediate_activation,2.3183536753820952,False
LM,O,6,6,747c585f04c3591e36bc833c9ceb06cf8c210fa7b2eada208f590ac0a1fa420e,q_after,0.42430515076819969,False
LM,O,6,6,3b5e495f8547e4789bdee4b85ae9826e19f84bedeca53cb002e5cf0ff73e9ada,q_after,0.38943419063063384,False
LM,O,6,6,8a9041037dbc17f886486516e3c6a025512c6bdc9ebc902afd1b7b83a6f28b04,distance_from_own_immediate_activation,0,False
LM,O,6,6,1cfe090c9861932226bef865ff03923d860fb91023a5ebe93c3bab1a657257cb,distance_from_own_immediate_activation,0,False
LM,O,7,1,cc987485b7f9961ef45a3aeb9301abf629d197b349e59b58ed6f5592212f16a5,q_after,2.0629219374056484,False
LM,O,7,1,322b5d3c47aa80d2c94addc9a85c94282e44d92f9ccc5a0cf4cab593ea40cb3b,q_after,1.8230117255362117,False
LM,O,7,1,cc987485b7f9961ef45a3aeb9301abf629d197b349e59b58ed6f5592212f16a5,distance_from_own_immediate_activation,10.210290073149082,False
LM,O,7,1,53a3ee42de862f325a85838efdb208f2f0d6da19694bc8ccc8241fd530598eea,distance_from_own_immediate_activation,8.5736393416762571,False
LM,O,7,2,66382b6ef89ef9f71e15a2314296201fed047f27982dfa2ac4a5d47f623d6517,q_after,1.5609132567704176,False
LM,O,7,2,0a860697d1a749ffe51541cdddc68adc14e790859c596e4e74a0ff35f738c932,q_after,1.5041242524503828,False
LM,O,7,2,66382b6ef89ef9f71e15a2314296201fed047f27982dfa2ac4a5d47f623d6517,distance_from_own_immediate_activation,8.2204053001794719,False
LM,O,7,2,0a860697d1a749ffe51541cdddc68adc14e790859c596e4e74a0ff35f738c932,distance_from_own_immediate_activation,7.2594477545133973,False
LM,O,7,3,dc5a45405701111c4a15791e8bd689e6fabc3f4277afe228804ee1edd8c36a7e,q_after,1.2744747625262831,False
LM,O,7,3,072ffab3160b3a6b8edfca068498490eed18736f0ef91b9be25ae02cde77e915,q_after,1.2471741724374912,False
LM,O,7,3,072ffab3160b3a6b8edfca068498490eed18736f0ef91b9be25ae02cde77e915,distance_from_own_immediate_activation,6.846505760525134,False
LM,O,7,3,dc5a45405701111c4a15791e8bd689e6fabc3f4277afe228804ee1edd8c36a7e,distance_from_own_immediate_activation,6.4352078847893859,False
LM,O,7,4,b82a03e937cf2cf32073db5d914babf4ef1b871d8a539df433e363c50b0cd9a2,q_after,1.084624407287955,False
LM,O,7,4,c26bed2c2ca3b2f918bb83e82bd9732d1504e8c09f5a56558583dc287bff8400,q_after,0.93261119162769002,False
LM,O,7,4,b82a03e937cf2cf32073db5d914babf4ef1b871d8a539df433e363c50b0cd9a2,distance_from_own_immediate_activation,5.4085998823659418,False
LM,O,7,4,5f53c1f3ef70e715997cf8c292350e788a50dc66cb5481b91ca73c634e185290,distance_from_own_immediate_activation,5.1606311944852745,False
LM,O,7,5,60141ed71c08336ce18411af9a934eea62501d656a44799383c418e0d0819796,q_after,0.79404047365405273,False
LM,O,7,5,26709c0d9305daa30f843840e91d69d54c1aeacf2753d7fc0473ffab3ea0d0f8,q_after,0.6715281962063735,False
LM,O,7,5,60141ed71c08336ce18411af9a934eea62501d656a44799383c418e0d0819796,distance_from_own_immediate_activation,4.1579491799245965,False
LM,O,7,5,2ca21a6eeae8858a948ad9e3da8c586477c5e0ef1c462ad0234ac1d6feb834e2,distance_from_own_immediate_activation,3.795962772930467,False
LM,O,7,6,747c585f04c3591e36bc833c9ceb06cf8c210fa7b2eada208f590ac0a1fa420e,q_after,0.67299195234210663,False
LM,O,7,6,3b5e495f8547e4789bdee4b85ae9826e19f84bedeca53cb002e5cf0ff73e9ada,q_after,0.62216044242336022,False
LM,O,7,6,3b5e495f8547e4789bdee4b85ae9826e19f84bedeca53cb002e5cf0ff73e9ada,distance_from_own_immediate_activation,3.1783631834482882,False
LM,O,7,6,747c585f04c3591e36bc833c9ceb06cf8c210fa7b2eada208f590ac0a1fa420e,distance_from_own_immediate_activation,2.8308856259127264,False
LM,O,7,7,1f991863bb58b0295ff9095ac7874a28d0c4f749c974fd226977d422b3608207,q_after,0.36625741108026899,False
LM,O,7,7,39df5e219a58a86d2c8e60c596fe6fdfa636778b1a6339691dc1a4e68695a3c1,q_after,0.365182618126696,False
LM,O,7,7,d82b4b74485c4ef9b4b12f1c2fabad4c0109165ed4e5d7f934133ea726a65ae9,distance_from_own_immediate_activation,0,False
LM,O,7,7,f6676ed348d4d873923c058111d2f76ed59e8b3bffd08a972593e7195e1501db,distance_from_own_immediate_activation,0,False
LM,O,8,1,cc987485b7f9961ef45a3aeb9301abf629d197b349e59b58ed6f5592212f16a5,q_after,2.6490120943951583,False
LM,O,8,1,322b5d3c47aa80d2c94addc9a85c94282e44d92f9ccc5a0cf4cab593ea40cb3b,q_after,2.3774830524932944,False
LM,O,8,1,cc987485b7f9961ef45a3aeb9301abf629d197b349e59b58ed6f5592212f16a5,distance_from_own_immediate_activation,13.125760765788426,False
LM,O,8,1,2a8f1b4955bc1a289af449ade95dfac602e09ca669c961f5c2f949575e94e148,distance_from_own_immediate_activation,11.079005460511359,False
LM,O,8,2,66382b6ef89ef9f71e15a2314296201fed047f27982dfa2ac4a5d47f623d6517,q_after,2.0760989950346089,False
LM,O,8,2,0a860697d1a749ffe51541cdddc68adc14e790859c596e4e74a0ff35f738c932,q_after,2.0001388288801314,False
LM,O,8,2,66382b6ef89ef9f71e15a2314296201fed047f27982dfa2ac4a5d47f623d6517,distance_from_own_immediate_activation,10.938720367224285,False
LM,O,8,2,0a860697d1a749ffe51541cdddc68adc14e790859c596e4e74a0ff35f738c932,distance_from_own_immediate_activation,9.7439956283609064,False
LM,O,8,3,dc5a45405701111c4a15791e8bd689e6fabc3f4277afe228804ee1edd8c36a7e,q_after,1.8262056266466056,False
LM,O,8,3,748b77c32e5597fd9ab954ae967d71dfca3c97aa792238480bf57c353b9f7c3b,q_after,1.7453742085171995,False
LM,O,8,3,072ffab3160b3a6b8edfca068498490eed18736f0ef91b9be25ae02cde77e915,distance_from_own_immediate_activation,9.6063267555663785,False
LM,O,8,3,dc5a45405701111c4a15791e8bd689e6fabc3f4277afe228804ee1edd8c36a7e,distance_from_own_immediate_activation,9.2867799042738941,False
LM,O,8,4,b82a03e937cf2cf32073db5d914babf4ef1b871d8a539df433e363c50b0cd9a2,q_after,1.4349394742446955,False
LM,O,8,4,1a96b5677b3f52b05e8eb0e674c63cfad9c1da24c8fefbc07ef5fef96e4ae54d,q_after,1.3338938656288934,False
LM,O,8,4,5f53c1f3ef70e715997cf8c292350e788a50dc66cb5481b91ca73c634e185290,distance_from_own_immediate_activation,7.9246900523928341,False
LM,O,8,4,eed7d047ce6f0c878b419c49f87b730fe8c31d5345eeacbf4c435618af30daf4,distance_from_own_immediate_activation,7.3807726535635725,False
LM,O,8,5,60141ed71c08336ce18411af9a934eea62501d656a44799383c418e0d0819796,q_after,1.3320821352055885,False
LM,O,8,5,26709c0d9305daa30f843840e91d69d54c1aeacf2753d7fc0473ffab3ea0d0f8,q_after,1.0522617357094637,False
LM,O,8,5,60141ed71c08336ce18411af9a934eea62501d656a44799383c418e0d0819796,distance_from_own_immediate_activation,7.0391284795908238,False
LM,O,8,5,2ca21a6eeae8858a948ad9e3da8c586477c5e0ef1c462ad0234ac1d6feb834e2,distance_from_own_immediate_activation,6.2105939372483778,False
LM,O,8,6,747c585f04c3591e36bc833c9ceb06cf8c210fa7b2eada208f590ac0a1fa420e,q_after,1.213260713998443,False
LM,O,8,6,3b5e495f8547e4789bdee4b85ae9826e19f84bedeca53cb002e5cf0ff73e9ada,q_after,1.1430920043254238,False
LM,O,8,6,3b5e495f8547e4789bdee4b85ae9826e19f84bedeca53cb002e5cf0ff73e9ada,distance_from_own_immediate_activation,7.1460995278825017,False
LM,O,8,6,747c585f04c3591e36bc833c9ceb06cf8c210fa7b2eada208f590ac0a1fa420e,distance_from_own_immediate_activation,6.3436769634204895,False
LM,O,8,7,c7dd6cc253ee760a4cd10d9db4ebc6784e91ff803923e397b27a0011a0de4a57,q_after,0.69605186714527023,False
LM,O,8,7,f4e0075f78eae9b70b7c7764bfa12465bad9e5a94db01ea7d61a5963665213ce,q_after,0.56746044807424756,False
LM,O,8,7,c7dd6cc253ee760a4cd10d9db4ebc6784e91ff803923e397b27a0011a0de4a57,distance_from_own_immediate_activation,4.9909121292325827,False
LM,O,8,7,f4e0075f78eae9b70b7c7764bfa12465bad9e5a94db01ea7d61a5963665213ce,distance_from_own_immediate_activation,3.6738219630261306,False
LM,O,8,8,af66ed3714a102e1ed4481ef7fb5d422bfb3471808413ad77b3edb92f8d9a40d,q_after,0.38960924605473601,False
LM,O,8,8,d744ccfd61a0ef4cd1944bce5e6e32e0b7d860360829ba133626c9d43d991283,q_after,0.35202386098462557,False
LM,O,8,8,f30078d6d8f44bf7dc4c8052ae871614b00ba8bb789b67892dbf178a85412fe1,distance_from_own_immediate_activation,0,False
LM,O,8,8,c9f8952620ae02f32df759f1d9dd4e4dd404b9459172fb5c7f3185720ee9cef5,distance_from_own_immediate_activation,0,False
LM,O,9,1,cc987485b7f9961ef45a3aeb9301abf629d197b349e59b58ed6f5592212f16a5,q_after,3.4645410580850773,False
LM,O,9,1,2a8f1b4955bc1a289af449ade95dfac602e09ca669c961f5c2f949575e94e148,q_after,3.2365084096999501,False
LM,O,9,1,cc987485b7f9961ef45a3aeb9301abf629d197b349e59b58ed6f5592212f16a5,distance_from_own_immediate_activation,17.183233089713557,False
LM,O,9,1,2a8f1b4955bc1a289af449ade95dfac602e09ca669c961f5c2f949575e94e148,distance_from_own_immediate_activation,15.131014863295757,False
LM,O,9,2,66382b6ef89ef9f71e15a2314296201fed047f27982dfa2ac4a5d47f623d6517,q_after,2.8393900961634895,False
LM,O,9,2,0a860697d1a749ffe51541cdddc68adc14e790859c596e4e74a0ff35f738c932,q_after,2.71684562803584,False
LM,O,9,2,66382b6ef89ef9f71e15a2314296201fed047f27982dfa2ac4a5d47f623d6517,distance_from_own_immediate_activation,14.971595521935487,False
LM,O,9,2,0a860697d1a749ffe51541cdddc68adc14e790859c596e4e74a0ff35f738c932,distance_from_own_immediate_activation,13.309549670149723,False
LM,O,9,3,dc5a45405701111c4a15791e8bd689e6fabc3f4277afe228804ee1edd8c36a7e,q_after,2.6215558586744532,False
LM,O,9,3,072ffab3160b3a6b8edfca068498490eed18736f0ef91b9be25ae02cde77e915,q_after,2.4871001980521088,False
LM,O,9,3,072ffab3160b3a6b8edfca068498490eed18736f0ef91b9be25ae02cde77e915,distance_from_own_immediate_activation,13.704308157425796,False
LM,O,9,3,dc5a45405701111c4a15791e8bd689e6fabc3f4277afe228804ee1edd8c36a7e,distance_from_own_immediate_activation,13.364294755748157,False
LM,O,9,4,1a96b5677b3f52b05e8eb0e674c63cfad9c1da24c8fefbc07ef5fef96e4ae54d,q_after,1.9635782794812202,False
LM,O,9,4,c26bed2c2ca3b2f918bb83e82bd9732d1504e8c09f5a56558583dc287bff8400,q_after,1.9538448430352244,False
LM,O,9,4,5f53c1f3ef70e715997cf8c292350e788a50dc66cb5481b91ca73c634e185290,distance_from_own_immediate_activation,11.778662483468429,False
LM,O,9,4,cd04598128095c767d5a171c7a607e859af19390769bc8902c1a186219a1a9db,distance_from_own_immediate_activation,10.849833168709949,False
LM,O,9,5,26709c0d9305daa30f843840e91d69d54c1aeacf2753d7fc0473ffab3ea0d0f8,q_after,1.6543254783661778,False
LM,O,9,5,93d40e82bf7c4211b1bf6fdc4daf25656c1eb63dbd33b9d7b701096a62b386b0,q_after,1.5467848843414955,False
LM,O,9,5,2ca21a6eeae8858a948ad9e3da8c586477c5e0ef1c462ad0234ac1d6feb834e2,distance_from_own_immediate_activation,9.5566518239489096,False
LM,O,9,5,93d40e82bf7c4211b1bf6fdc4daf25656c1eb63dbd33b9d7b701096a62b386b0,distance_from_own_immediate_activation,9.3922082162275426,False
LM,O,9,6,0099df0bc4ca2468a92da65cf0701f1c03ba7912d6f587d3ef3474e23d7d4003,q_after,1.2715470899892747,False
LM,O,9,6,747c585f04c3591e36bc833c9ceb06cf8c210fa7b2eada208f590ac0a1fa420e,q_after,1.2612136102075913,False
LM,O,9,6,924951a7802e5dda12d2723b5870b0719352d9f35f2b1ad903833ac01a4a2112,distance_from_own_immediate_activation,8.5239788375016019,False
LM,O,9,6,41d70c052233ba3525ba4c2fa3191ebae246b33bc91a21d4383892a6069929aa,distance_from_own_immediate_activation,8.3071694470105033,False
LM,O,9,7,57317a7f6b41d100caee1bad332659a0c1f566af7c263f713fff1f5bc194bb9d,q_after,0.91070325119664652,False
LM,O,9,7,1ac4a1fd19f335f854708e09b82ffd066cf027315d7edc6b839fdabc3fab41bf,q_after,0.90425540756688272,False
LM,O,9,7,a6c9912cb8814ae96358da515825988b648dc08aaebc755f0333916ccc738f39,distance_from_own_immediate_activation,6.5810496538958878,False
LM,O,9,7,1ac4a1fd19f335f854708e09b82ffd066cf027315d7edc6b839fdabc3fab41bf,distance_from_own_immediate_activation,6.5719512665845787,False
LM,O,9,8,c9f8952620ae02f32df759f1d9dd4e4dd404b9459172fb5c7f3185720ee9cef5,q_after,0.70783825138571865,False
LM,O,9,8,ce38c3ad458f6bb25dbc37aea448ba2c90f3b4531329044715ef4514827429a0,q_after,0.51845221129991648,False
LM,O,9,8,c9f8952620ae02f32df759f1d9dd4e4dd404b9459172fb5c7f3185720ee9cef5,distance_from_own_immediate_activation,5.2694985732789883,False
LM,O,9,8,b493da27ad88d15945a0fa94afaae351d6663f77d08cfd9aed08cca9166c8299,distance_from_own_immediate_activation,3.7449972807018144,False
LM,O,9,9,34f0b1d3b996b166f46034d14c1f680b2bbe466223c79c8bfc58fdbe72b74cf9,q_after,17002.365055289174,False
LM,O,9,9,c8759136267f7e6af3367ae9d6b1891b5f2533ffe01bc2ffb0d0de1cb8e9085e,q_after,0.42486748064673818,False
LM,O,9,9,194178db5ac524e6c7517cc57e2e3431cff936ec930778a4b17ef981c4514f7f,distance_from_own_immediate_activation,0,False
LM,O,9,9,31d57823193fde3c88a529a47704ed415975d35c2ef62ca633ff76987bd7b939,distance_from_own_immediate_activation,0,False
LM,O,10,1,cc987485b7f9961ef45a3aeb9301abf629d197b349e59b58ed6f5592212f16a5,q_after,4.8195822421996368,False
LM,O,10,1,2a8f1b4955bc1a289af449ade95dfac602e09ca669c961f5c2f949575e94e148,q_after,4.7188951013890525,False
LM,O,10,1,cc987485b7f9961ef45a3aeb9301abf629d197b349e59b58ed6f5592212f16a5,distance_from_own_immediate_activation,23.929085772381285,False
LM,O,10,1,2a8f1b4955bc1a289af449ade95dfac602e09ca669c961f5c2f949575e94e148,distance_from_own_immediate_activation,22.069304540701413,False
LM,O,10,2,66382b6ef89ef9f71e15a2314296201fed047f27982dfa2ac4a5d47f623d6517,q_after,4.1699907050272174,False
LM,O,10,2,0a860697d1a749ffe51541cdddc68adc14e790859c596e4e74a0ff35f738c932,q_after,3.9231012876084126,False
LM,O,10,2,66382b6ef89ef9f71e15a2314296201fed047f27982dfa2ac4a5d47f623d6517,distance_from_own_immediate_activation,22.007058494216029,False
LM,O,10,2,5026c8caf1aaf77a510a2e7112ea6dead0a567c357bbf597536dbb5c04efbe29,distance_from_own_immediate_activation,19.566330778122648,False
LM,O,10,3,dc5a45405701111c4a15791e8bd689e6fabc3f4277afe228804ee1edd8c36a7e,q_after,4.0425639471228862,False
LM,O,10,3,748b77c32e5597fd9ab954ae967d71dfca3c97aa792238480bf57c353b9f7c3b,q_after,3.861556047234191,False
LM,O,10,3,dc5a45405701111c4a15791e8bd689e6fabc3f4277afe228804ee1edd8c36a7e,distance_from_own_immediate_activation,20.637018531825309,False
LM,O,10,3,072ffab3160b3a6b8edfca068498490eed18736f0ef91b9be25ae02cde77e915,distance_from_own_immediate_activation,20.498280017286969,False
LM,O,10,4,1a96b5677b3f52b05e8eb0e674c63cfad9c1da24c8fefbc07ef5fef96e4ae54d,q_after,3.0281651615586291,False
LM,O,10,4,c26bed2c2ca3b2f918bb83e82bd9732d1504e8c09f5a56558583dc287bff8400,q_after,2.9668486303710822,False
LM,O,10,4,5f53c1f3ef70e715997cf8c292350e788a50dc66cb5481b91ca73c634e185290,distance_from_own_immediate_activation,18.212946046019997,False
LM,O,10,4,cd04598128095c767d5a171c7a607e859af19390769bc8902c1a186219a1a9db,distance_from_own_immediate_activation,16.982414051565474,False
LM,O,10,5,26709c0d9305daa30f843840e91d69d54c1aeacf2753d7fc0473ffab3ea0d0f8,q_after,2.6589057091477164,False
LM,O,10,5,93d40e82bf7c4211b1bf6fdc4daf25656c1eb63dbd33b9d7b701096a62b386b0,q_after,2.6230907463564983,False
LM,O,10,5,93d40e82bf7c4211b1bf6fdc4daf25656c1eb63dbd33b9d7b701096a62b386b0,distance_from_own_immediate_activation,15.985940295957715,False
LM,O,10,5,2ca21a6eeae8858a948ad9e3da8c586477c5e0ef1c462ad0234ac1d6feb834e2,distance_from_own_immediate_activation,15.385370064458634,False
LM,O,10,6,924951a7802e5dda12d2723b5870b0719352d9f35f2b1ad903833ac01a4a2112,q_after,2.2730220766664893,False
LM,O,10,6,41d70c052233ba3525ba4c2fa3191ebae246b33bc91a21d4383892a6069929aa,q_after,2.2178061273542351,False
LM,O,10,6,924951a7802e5dda12d2723b5870b0719352d9f35f2b1ad903833ac01a4a2112,distance_from_own_immediate_activation,15.732426676257759,False
LM,O,10,6,41d70c052233ba3525ba4c2fa3191ebae246b33bc91a21d4383892a6069929aa,distance_from_own_immediate_activation,15.214758017598177,False
LM,O,10,7,a99413bd737087dd1263367bcc8d126fc36e34a0a5bcf21aadbfb23627beb24d,q_after,1.743981557239298,False
LM,O,10,7,62ce75e8ff4adc4f6eb5af406ed79404ed8f11dcec2a7c23187250dae590660a,q_after,1.7129981149303706,False
LM,O,10,7,b665c32ee7e24c22073a0a71b668c7f329575fb3a681b608e27f707739554ee4,distance_from_own_immediate_activation,12.745944856736033,False
LM,O,10,7,1ac4a1fd19f335f854708e09b82ffd066cf027315d7edc6b839fdabc3fab41bf,distance_from_own_immediate_activation,12.657786703125241,False
LM,O,10,8,210cfb492dcd21ca2e60d85c4c7b148f080ff398d76e7b71729a385738e2bb4e,q_after,1.2032616200693156,False
LM,O,10,8,9184167df01e188bc50b20aa3d37e7cbe0867b72c098debaefb5fab02ac36d6c,q_after,1.1213685082699985,False
LM,O,10,8,9184167df01e188bc50b20aa3d37e7cbe0867b72c098debaefb5fab02ac36d6c,distance_from_own_immediate_activation,9.8200893475204634,False
LM,O,10,8,210cfb492dcd21ca2e60d85c4c7b148f080ff398d76e7b71729a385738e2bb4e,distance_from_own_immediate_activation,9.6666782277812242,False
LM,O,10,9,34f0b1d3b996b166f46034d14c1f680b2bbe466223c79c8bfc58fdbe72b74cf9,q_after,75253.567217765274,False
LM,O,10,9,0264189fd7b78e5b3389645e347174ce604722818e8448bde49085bc6a6b4818,q_after,0.87792806117516686,False
LM,O,10,9,0264189fd7b78e5b3389645e347174ce604722818e8448bde49085bc6a6b4818,distance_from_own_immediate_activation,7.0074864898041689,False
LM,O,10,9,e72a3697074a75e0ce3469b763eaedfc7d28cf62bc993b2c901c87fe808ee52d,distance_from_own_immediate_activation,6.5717266766335349,False
LM,O,10,10,068a195ae8d0a3100e99a0cc1d80c402a484c940b1a7d9dc59d0de151d585ee5,q_after,0.36726552617059732,False
LM,O,10,10,e60031fb57fdf875446599680ddd3b6bb2310109d6d5fab793d5b155e197f045,q_after,0.35440259005840113,False
LM,O,10,10,498726f516ca2b5b6c3abb41abe5aabe486467b0175f90d10eb394571795ce5a,distance_from_own_immediate_activation,0,False
LM,O,10,10,9894445f110df76e317bb1ab36bffa15c2e90d4335205e958131010a783cf63d,distance_from_own_immediate_activation,0,False
LM,QCL,1,1,409ab50440c393003452ca14f7a848b9b9c4c26eaf347918e74bd2328b526d48,q_after,0.50699593805488308,False
LM,QCL,1,1,23c1238dd9069718d334ae7f722280560776c5e930ea2fdbe0f4b20ca542081e,q_after,0.49403580099155375,False
LM,QCL,1,1,285a3add6f31d8546b0d76689a016bc0f9f7d8e58c95f54e87bba48ad5cabc65,distance_from_own_immediate_activation,0,False
LM,QCL,1,1,6abbaf2496b409f11036390da3b47c9272a243b8a164ca3d9f9a65fafbec985d,distance_from_own_immediate_activation,0,False
LM,QCL,2,1,6a691cf16b423bb1d5a6ce4bf3417dd2d707fdac2436c48131dec1cd89b48a6b,q_after,0.54980223872761758,False
LM,QCL,2,1,569f1a97c3971140f8e826932006d0d697bae8da7872d2105db2e6eab60839d6,q_after,0.52372740365546433,False
LM,QCL,2,1,569f1a97c3971140f8e826932006d0d697bae8da7872d2105db2e6eab60839d6,distance_from_own_immediate_activation,2.2416301584866281,False
LM,QCL,2,1,6a691cf16b423bb1d5a6ce4bf3417dd2d707fdac2436c48131dec1cd89b48a6b,distance_from_own_immediate_activation,2.0750469264619653,False
LM,QCL,2,2,e57f62d831936471f36eb58e66a68b8c85256e7aa477c90d7fe911fde238afb5,q_after,0.48111090602660672,False
LM,QCL,2,2,6550dc9ecd01aba3be24ef39ef596583e6088394270d2578a2f2db63b8b1487e,q_after,0.47233749832274197,False
LM,QCL,2,2,f742e3b08cc43666fd7f6e3f269849a7e50f2847ec2b4e38de638a9da8e99747,distance_from_own_immediate_activation,0,False
LM,QCL,2,2,c00ba5c00aeed6290e334d4cd5abd3b223eb0b0d3fe00c61dd63a733904b0504,distance_from_own_immediate_activation,0,False
LM,QCL,3,1,569f1a97c3971140f8e826932006d0d697bae8da7872d2105db2e6eab60839d6,q_after,0.74376533173580262,False
LM,QCL,3,1,d97bda6d6a887cafe4132a43d6d106a50a3a151b295c299fbaa9079c4004d670,q_after,0.70444422449243294,False
LM,QCL,3,1,569f1a97c3971140f8e826932006d0d697bae8da7872d2105db2e6eab60839d6,distance_from_own_immediate_activation,3.4051592740106016,False
LM,QCL,3,1,cc987485b7f9961ef45a3aeb9301abf629d197b349e59b58ed6f5592212f16a5,distance_from_own_immediate_activation,2.8212458021150173,False
LM,QCL,3,2,6550dc9ecd01aba3be24ef39ef596583e6088394270d2578a2f2db63b8b1487e,q_after,0.50337712189459649,False
LM,QCL,3,2,e57f62d831936471f36eb58e66a68b8c85256e7aa477c90d7fe911fde238afb5,q_after,0.50066476016937977,False
LM,QCL,3,2,b0c20d38500ad4521ae3e47157046f338c94e17b778deacf80e250509b34bcc9,distance_from_own_immediate_activation,1.9793976863858431,False
LM,QCL,3,2,98ae105e841eaf92fb0f91823d4b3f0a71f11808ee0acc1d5216a42145817cd2,distance_from_own_immediate_activation,1.6195787746244452,False
LM,QCL,3,3,72ed03d28b034897d61f381e0a9c6e945a0347a0339befce591950712148b86d,q_after,0.52130945920676985,False
LM,QCL,3,3,7288b280f83041c4bfe8663812708e4472c3f064e69b8e83fb6d3b0fe2c8a72b,q_after,0.50181139257283258,False
LM,QCL,3,3,5fe5cc36167302a9bb9453cf9a190bce75a6ebf70356e4b2d43262df4ea70e7e,distance_from_own_immediate_activation,0,False
LM,QCL,3,3,748b77c32e5597fd9ab954ae967d71dfca3c97aa792238480bf57c353b9f7c3b,distance_from_own_immediate_activation,0,False
LM,QCL,4,1,cc987485b7f9961ef45a3aeb9301abf629d197b349e59b58ed6f5592212f16a5,q_after,0.79908543911495478,False
LM,QCL,4,1,322b5d3c47aa80d2c94addc9a85c94282e44d92f9ccc5a0cf4cab593ea40cb3b,q_after,0.79780427304666834,False
LM,QCL,4,1,cc987485b7f9961ef45a3aeb9301abf629d197b349e59b58ed6f5592212f16a5,distance_from_own_immediate_activation,3.8700233108212445,False
LM,QCL,4,1,569f1a97c3971140f8e826932006d0d697bae8da7872d2105db2e6eab60839d6,distance_from_own_immediate_activation,3.6069885343795298,False
LM,QCL,4,2,66382b6ef89ef9f71e15a2314296201fed047f27982dfa2ac4a5d47f623d6517,q_after,0.55740305122192169,False
LM,QCL,4,2,2bddd727c25564a726ac348f51d1ffda823ae39fb216cf89569a73cae07059f5,q_after,0.54690118040950275,False
LM,QCL,4,2,66382b6ef89ef9f71e15a2314296201fed047f27982dfa2ac4a5d47f623d6517,distance_from_own_immediate_activation,2.3639695787068029,False
LM,QCL,4,2,b0c20d38500ad4521ae3e47157046f338c94e17b778deacf80e250509b34bcc9,distance_from_own_immediate_activation,2.1896124882533288,False
LM,QCL,4,3,72ed03d28b034897d61f381e0a9c6e945a0347a0339befce591950712148b86d,q_after,0.5176689783284768,False
LM,QCL,4,3,5048daec8eda8a9d3c95b043bcae37662854fde7ae07fc2a6a740cabba3039fb,q_after,0.51411882528877606,False
LM,QCL,4,3,1c096075c30243a8f8f3f6ac437366cb09800ff64fa917507887d95a7c36fe1f,distance_from_own_immediate_activation,1.2774314595286138,False
LM,QCL,4,3,08f5ce1ca163e3700d35c52504edd1232b0d6163bc1036179983f164adde009f,distance_from_own_immediate_activation,1.2441903654413429,False
LM,QCL,4,4,bf70a36ef7dc5b5e6ab2174d60aa36901cc585f44487bc58f501a1d096a1ef80,q_after,0.48247150674602046,False
LM,QCL,4,4,ed33e3c69e916d631348a8c3feb3fc51edadbde76f631c9c8ad7d8bc61289260,q_after,0.47499991630828825,False
LM,QCL,4,4,b74477e088614db975b9ef3aaba64df62b78acfc4f63433e65ca1d0781dcffe1,distance_from_own_immediate_activation,0,False
LM,QCL,4,4,75df0f36573c040611750a4f824c17e612ade8e4b5e3a222af3a9c77dd369af4,distance_from_own_immediate_activation,0,False
LM,QCL,5,1,322b5d3c47aa80d2c94addc9a85c94282e44d92f9ccc5a0cf4cab593ea40cb3b,q_after,1.0228638650885193,False
LM,QCL,5,1,d97bda6d6a887cafe4132a43d6d106a50a3a151b295c299fbaa9079c4004d670,q_after,0.95076795952423065,False
LM,QCL,5,1,cc987485b7f9961ef45a3aeb9301abf629d197b349e59b58ed6f5592212f16a5,distance_from_own_immediate_activation,4.4073166325606605,False
LM,QCL,5,1,322b5d3c47aa80d2c94addc9a85c94282e44d92f9ccc5a0cf4cab593ea40cb3b,distance_from_own_immediate_activation,4.045952245094715,False
LM,QCL,5,2,6d8662b52037c46fb86859055d261b4e39e87aecdecc577323f3abe2a7c7e25d,q_after,0.67591190219452024,False
LM,QCL,5,2,2bddd727c25564a726ac348f51d1ffda823ae39fb216cf89569a73cae07059f5,q_after,0.65166404641990405,False
LM,QCL,5,2,66382b6ef89ef9f71e15a2314296201fed047f27982dfa2ac4a5d47f623d6517,distance_from_own_immediate_activation,2.7790413967172038,False
LM,QCL,5,2,5026c8caf1aaf77a510a2e7112ea6dead0a567c357bbf597536dbb5c04efbe29,distance_from_own_immediate_activation,2.7391462442531482,False
LM,QCL,5,3,d4b109253c320baa212c079a8c8508e2df92d46eb2c28bdae70970323223535d,q_after,0.75230730046449756,False
LM,QCL,5,3,2f3c0f51cd67fd96e775a4e0d4b97c84e1a62d06e2929f26d3fb15123957392f,q_after,0.55896943681898037,False
LM,QCL,5,3,d4b109253c320baa212c079a8c8508e2df92d46eb2c28bdae70970323223535d,distance_from_own_immediate_activation,2.6297524067712157,False
LM,QCL,5,3,08f5ce1ca163e3700d35c52504edd1232b0d6163bc1036179983f164adde009f,distance_from_own_immediate_activation,1.8848554882219704,False
LM,QCL,5,4,b82a03e937cf2cf32073db5d914babf4ef1b871d8a539df433e363c50b0cd9a2,q_after,0.665848396155995,False
LM,QCL,5,4,93600b87de421b460a9874df15d8a1640aa2239822d1cf04c23d562b75418fd0,q_after,0.4969672746754164,False
LM,QCL,5,4,b82a03e937cf2cf32073db5d914babf4ef1b871d8a539df433e363c50b0cd9a2,distance_from_own_immediate_activation,2.6358204682999311,False
LM,QCL,5,4,1bb622c7c6612bdf2202db5f982ce1f40ed2910f9cd1fe2de0762fc61a4a3e75,distance_from_own_immediate_activation,1.2458246693693844,False
LM,QCL,5,5,7df2930b6a46ce4b8e54dac4534cd064b6d4941e242e1a2f604578b4e694acfe,q_after,0.46943322826795963,False
LM,QCL,5,5,4b06541b68703e6e8d0a28f59ab223c38fa6ae39a459bf51b12af6056cf62673,q_after,0.46674124947508966,False
LM,QCL,5,5,5b84c1c1bac6d9c9495e0d2d313d0b616314a82781835eeed7f9f22473bf6d62,distance_from_own_immediate_activation,0,False
LM,QCL,5,5,e5ad6f2d686323a16d0fded4072da1dc7728d193c1789d134033681e537b2e49,distance_from_own_immediate_activation,0,False
LM,QCL,6,1,322b5d3c47aa80d2c94addc9a85c94282e44d92f9ccc5a0cf4cab593ea40cb3b,q_after,1.3005486846124705,False
LM,QCL,6,1,cc987485b7f9961ef45a3aeb9301abf629d197b349e59b58ed6f5592212f16a5,q_after,1.0555672967855119,False
LM,QCL,6,1,322b5d3c47aa80d2c94addc9a85c94282e44d92f9ccc5a0cf4cab593ea40cb3b,distance_from_own_immediate_activation,5.3506755375927799,False
LM,QCL,6,1,cc987485b7f9961ef45a3aeb9301abf629d197b349e59b58ed6f5592212f16a5,distance_from_own_immediate_activation,5.1945052841873345,False
LM,QCL,6,2,5026c8caf1aaf77a510a2e7112ea6dead0a567c357bbf597536dbb5c04efbe29,q_after,0.78067106450341173,False
LM,QCL,6,2,2bddd727c25564a726ac348f51d1ffda823ae39fb216cf89569a73cae07059f5,q_after,0.76523020068937053,False
LM,QCL,6,2,66382b6ef89ef9f71e15a2314296201fed047f27982dfa2ac4a5d47f623d6517,distance_from_own_immediate_activation,3.6069742388628052,False
LM,QCL,6,2,5026c8caf1aaf77a510a2e7112ea6dead0a567c357bbf597536dbb5c04efbe29,distance_from_own_immediate_activation,3.593624511857398,False
LM,QCL,6,3,d4b109253c320baa212c079a8c8508e2df92d46eb2c28bdae70970323223535d,q_after,0.80471447487300596,False
LM,QCL,6,3,072ffab3160b3a6b8edfca068498490eed18736f0ef91b9be25ae02cde77e915,q_after,0.64199054718537729,False
LM,QCL,6,3,d4b109253c320baa212c079a8c8508e2df92d46eb2c28bdae70970323223535d,distance_from_own_immediate_activation,2.9422065289746437,False
LM,QCL,6,3,072ffab3160b3a6b8edfca068498490eed18736f0ef91b9be25ae02cde77e915,distance_from_own_immediate_activation,2.8905316884107162,False
LM,QCL,6,4,b82a03e937cf2cf32073db5d914babf4ef1b871d8a539df433e363c50b0cd9a2,q_after,0.87946954170339087,False
LM,QCL,6,4,4e5b31fe9b5fc66bc908a9e9542bd017c57e8f10c137dbb0f6c9484f93ce6e52,q_after,0.55404694196048221,False
LM,QCL,6,4,b82a03e937cf2cf32073db5d914babf4ef1b871d8a539df433e363c50b0cd9a2,distance_from_own_immediate_activation,3.7843219384024693,False
LM,QCL,6,4,eed7d047ce6f0c878b419c49f87b730fe8c31d5345eeacbf4c435618af30daf4,distance_from_own_immediate_activation,1.9613940643498655,False
LM,QCL,6,5,60141ed71c08336ce18411af9a934eea62501d656a44799383c418e0d0819796,q_after,0.60362266626535765,False
LM,QCL,6,5,5dac8ca8c59a3d30b0a15bd05363300d81e3dd3f281de5f84d7b9873ebfc1d59,q_after,0.50511312422286425,False
LM,QCL,6,5,60141ed71c08336ce18411af9a934eea62501d656a44799383c418e0d0819796,distance_from_own_immediate_activation,2.4856260588901313,False
LM,QCL,6,5,1e543ed765fee8f608339c37d36495fae6ddef24d15b7cfc2f9d11ed21987777,distance_from_own_immediate_activation,1.673193650271803,False
LM,QCL,6,6,747c585f04c3591e36bc833c9ceb06cf8c210fa7b2eada208f590ac0a1fa420e,q_after,0.48153261410604142,False
LM,QCL,6,6,c8a82229789dd56c64ca2059eefcf51085a0a7f323ce6c4d76c1038374b96e4f,q_after,0.47335918051508258,False
LM,QCL,6,6,8a9041037dbc17f886486516e3c6a025512c6bdc9ebc902afd1b7b83a6f28b04,distance_from_own_immediate_activation,0,False
LM,QCL,6,6,1cfe090c9861932226bef865ff03923d860fb91023a5ebe93c3bab1a657257cb,distance_from_own_immediate_activation,0,False
LM,QCL,7,1,322b5d3c47aa80d2c94addc9a85c94282e44d92f9ccc5a0cf4cab593ea40cb3b,q_after,1.437488844351597,False
LM,QCL,7,1,cc987485b7f9961ef45a3aeb9301abf629d197b349e59b58ed6f5592212f16a5,q_after,1.2153211727691307,False
LM,QCL,7,1,322b5d3c47aa80d2c94addc9a85c94282e44d92f9ccc5a0cf4cab593ea40cb3b,distance_from_own_immediate_activation,5.9963849641465048,False
LM,QCL,7,1,cc987485b7f9961ef45a3aeb9301abf629d197b349e59b58ed6f5592212f16a5,distance_from_own_immediate_activation,5.994500841116702,False
LM,QCL,7,2,2bddd727c25564a726ac348f51d1ffda823ae39fb216cf89569a73cae07059f5,q_after,0.90546313812310397,False
LM,QCL,7,2,66382b6ef89ef9f71e15a2314296201fed047f27982dfa2ac4a5d47f623d6517,q_after,0.87641247862429528,False
LM,QCL,7,2,66382b6ef89ef9f71e15a2314296201fed047f27982dfa2ac4a5d47f623d6517,distance_from_own_immediate_activation,4.3185843572523908,False
LM,QCL,7,2,5026c8caf1aaf77a510a2e7112ea6dead0a567c357bbf597536dbb5c04efbe29,distance_from_own_immediate_activation,4.0609048323052273,False
LM,QCL,7,3,d4b109253c320baa212c079a8c8508e2df92d46eb2c28bdae70970323223535d,q_after,0.8421019237659938,False
LM,QCL,7,3,79e94f56ddaf1f8711b2925724036dafe5a56b99c028fc8e2e094a85b22fc5e5,q_after,0.73119733423573552,False
LM,QCL,7,3,072ffab3160b3a6b8edfca068498490eed18736f0ef91b9be25ae02cde77e915,distance_from_own_immediate_activation,3.4419962153447603,False
LM,QCL,7,3,08f5ce1ca163e3700d35c52504edd1232b0d6163bc1036179983f164adde009f,distance_from_own_immediate_activation,3.2393835698140454,False
LM,QCL,7,4,b82a03e937cf2cf32073db5d914babf4ef1b871d8a539df433e363c50b0cd9a2,q_after,0.91928379075304889,False
LM,QCL,7,4,93600b87de421b460a9874df15d8a1640aa2239822d1cf04c23d562b75418fd0,q_after,0.6280366361785048,False
LM,QCL,7,4,b82a03e937cf2cf32073db5d914babf4ef1b871d8a539df433e363c50b0cd9a2,distance_from_own_immediate_activation,4.0823618884411372,False
LM,QCL,7,4,eed7d047ce6f0c878b419c49f87b730fe8c31d5345eeacbf4c435618af30daf4,distance_from_own_immediate_activation,2.7415470273053502,False
LM,QCL,7,5,60141ed71c08336ce18411af9a934eea62501d656a44799383c418e0d0819796,q_after,0.68956215731213188,False
LM,QCL,7,5,3ee582306136f1fa1d90e73f87e67f77342c027b90055c39521a94efb613a8df,q_after,0.56019803350672481,False
LM,QCL,7,5,60141ed71c08336ce18411af9a934eea62501d656a44799383c418e0d0819796,distance_from_own_immediate_activation,3.0159006048858443,False
LM,QCL,7,5,2ca21a6eeae8858a948ad9e3da8c586477c5e0ef1c462ad0234ac1d6feb834e2,distance_from_own_immediate_activation,2.2558765133345688,False
LM,QCL,7,6,747c585f04c3591e36bc833c9ceb06cf8c210fa7b2eada208f590ac0a1fa420e,q_after,0.63076485961821238,False
LM,QCL,7,6,3b5e495f8547e4789bdee4b85ae9826e19f84bedeca53cb002e5cf0ff73e9ada,q_after,0.61472242270631117,False
LM,QCL,7,6,3b5e495f8547e4789bdee4b85ae9826e19f84bedeca53cb002e5cf0ff73e9ada,distance_from_own_immediate_activation,2.3518080991353956,False
LM,QCL,7,6,747c585f04c3591e36bc833c9ceb06cf8c210fa7b2eada208f590ac0a1fa420e,distance_from_own_immediate_activation,2.024510382673427,False
LM,QCL,7,7,ac81216f4590451532031d5e8caaed3ab28f5074dc6934daa613dbb31964d463,q_after,0.45907592764514693,False
LM,QCL,7,7,1f991863bb58b0295ff9095ac7874a28d0c4f749c974fd226977d422b3608207,q_after,0.45578222604018737,False
LM,QCL,7,7,d82b4b74485c4ef9b4b12f1c2fabad4c0109165ed4e5d7f934133ea726a65ae9,distance_from_own_immediate_activation,0,False
LM,QCL,7,7,f6676ed348d4d873923c058111d2f76ed59e8b3bffd08a972593e7195e1501db,distance_from_own_immediate_activation,0,False
LM,QCL,8,1,322b5d3c47aa80d2c94addc9a85c94282e44d92f9ccc5a0cf4cab593ea40cb3b,q_after,1.7693304807420334,False
LM,QCL,8,1,cc987485b7f9961ef45a3aeb9301abf629d197b349e59b58ed6f5592212f16a5,q_after,1.3724680194843104,False
LM,QCL,8,1,322b5d3c47aa80d2c94addc9a85c94282e44d92f9ccc5a0cf4cab593ea40cb3b,distance_from_own_immediate_activation,7.4850320685900789,False
LM,QCL,8,1,cc987485b7f9961ef45a3aeb9301abf629d197b349e59b58ed6f5592212f16a5,distance_from_own_immediate_activation,6.796269403780836,False
LM,QCL,8,2,2bddd727c25564a726ac348f51d1ffda823ae39fb216cf89569a73cae07059f5,q_after,1.0328757946561178,False
LM,QCL,8,2,66382b6ef89ef9f71e15a2314296201fed047f27982dfa2ac4a5d47f623d6517,q_after,1.0178067216034674,False
LM,QCL,8,2,66382b6ef89ef9f71e15a2314296201fed047f27982dfa2ac4a5d47f623d6517,distance_from_own_immediate_activation,5.0686029955288028,False
LM,QCL,8,2,b0c20d38500ad4521ae3e47157046f338c94e17b778deacf80e250509b34bcc9,distance_from_own_immediate_activation,4.6720742314726698,False
LM,QCL,8,3,d4b109253c320baa212c079a8c8508e2df92d46eb2c28bdae70970323223535d,q_after,0.90260606550059708,False
LM,QCL,8,3,dc5a45405701111c4a15791e8bd689e6fabc3f4277afe228804ee1edd8c36a7e,q_after,0.85112424218958227,False
LM,QCL,8,3,15a281b340f988f78f10092c753d4e414a405d907ed2d083e00b99bcc9e59245,distance_from_own_immediate_activation,4.0930525538388629,False
LM,QCL,8,3,072ffab3160b3a6b8edfca068498490eed18736f0ef91b9be25ae02cde77e915,distance_from_own_immediate_activation,4.0557250109100869,False
LM,QCL,8,4,b82a03e937cf2cf32073db5d914babf4ef1b871d8a539df433e363c50b0cd9a2,q_after,1.1246016602228592,False
LM,QCL,8,4,23ab463b020d55e2046b7787446e4f8feaea34632b6c872ea5035557b771d415,q_after,0.73948690195231392,False
LM,QCL,8,4,b82a03e937cf2cf32073db5d914babf4ef1b871d8a539df433e363c50b0cd9a2,distance_from_own_immediate_activation,5.2536390932874504,False
LM,QCL,8,4,eed7d047ce6f0c878b419c49f87b730fe8c31d5345eeacbf4c435618af30daf4,distance_from_own_immediate_activation,3.5341830963878449,False
LM,QCL,8,5,60141ed71c08336ce18411af9a934eea62501d656a44799383c418e0d0819796,q_after,1.0314337721118827,False
LM,QCL,8,5,26709c0d9305daa30f843840e91d69d54c1aeacf2753d7fc0473ffab3ea0d0f8,q_after,0.65857701949762804,False
LM,QCL,8,5,60141ed71c08336ce18411af9a934eea62501d656a44799383c418e0d0819796,distance_from_own_immediate_activation,4.7606487402300983,False
LM,QCL,8,5,2ca21a6eeae8858a948ad9e3da8c586477c5e0ef1c462ad0234ac1d6feb834e2,distance_from_own_immediate_activation,3.0161375215734738,False
LM,QCL,8,6,3b5e495f8547e4789bdee4b85ae9826e19f84bedeca53cb002e5cf0ff73e9ada,q_after,0.98384280913833366,False
LM,QCL,8,6,747c585f04c3591e36bc833c9ceb06cf8c210fa7b2eada208f590ac0a1fa420e,q_after,0.95915444066673294,False
LM,QCL,8,6,3b5e495f8547e4789bdee4b85ae9826e19f84bedeca53cb002e5cf0ff73e9ada,distance_from_own_immediate_activation,5.0861003013391093,False
LM,QCL,8,6,747c585f04c3591e36bc833c9ceb06cf8c210fa7b2eada208f590ac0a1fa420e,distance_from_own_immediate_activation,4.1623576237541755,False
LM,QCL,8,7,c7dd6cc253ee760a4cd10d9db4ebc6784e91ff803923e397b27a0011a0de4a57,q_after,0.66822191979606482,False
LM,QCL,8,7,f4e0075f78eae9b70b7c7764bfa12465bad9e5a94db01ea7d61a5963665213ce,q_after,0.55628674551054369,False
LM,QCL,8,7,c7dd6cc253ee760a4cd10d9db4ebc6784e91ff803923e397b27a0011a0de4a57,distance_from_own_immediate_activation,3.7816746417440248,False
LM,QCL,8,7,f4e0075f78eae9b70b7c7764bfa12465bad9e5a94db01ea7d61a5963665213ce,distance_from_own_immediate_activation,2.5108130229919405,False
LM,QCL,8,8,af66ed3714a102e1ed4481ef7fb5d422bfb3471808413ad77b3edb92f8d9a40d,q_after,0.48142219978901618,False
LM,QCL,8,8,8344325fc57132eb0786d68ffb727952e3f32c6ae87f172c44916cd8113a2023,q_after,0.44833784098255303,False
LM,QCL,8,8,f30078d6d8f44bf7dc4c8052ae871614b00ba8bb789b67892dbf178a85412fe1,distance_from_own_immediate_activation,0,False
LM,QCL,8,8,c9f8952620ae02f32df759f1d9dd4e4dd404b9459172fb5c7f3185720ee9cef5,distance_from_own_immediate_activation,0,False
LM,QCL,9,1,322b5d3c47aa80d2c94addc9a85c94282e44d92f9ccc5a0cf4cab593ea40cb3b,q_after,1.8124751880778764,False
LM,QCL,9,1,cc987485b7f9961ef45a3aeb9301abf629d197b349e59b58ed6f5592212f16a5,q_after,1.5477897107429368,False
LM,QCL,9,1,322b5d3c47aa80d2c94addc9a85c94282e44d92f9ccc5a0cf4cab593ea40cb3b,distance_from_own_immediate_activation,7.6856289688961912,False
LM,QCL,9,1,cc987485b7f9961ef45a3aeb9301abf629d197b349e59b58ed6f5592212f16a5,distance_from_own_immediate_activation,7.6799375586031786,False
LM,QCL,9,2,2bddd727c25564a726ac348f51d1ffda823ae39fb216cf89569a73cae07059f5,q_after,1.1532647326105099,False
LM,QCL,9,2,66382b6ef89ef9f71e15a2314296201fed047f27982dfa2ac4a5d47f623d6517,q_after,1.1497527999188066,False
LM,QCL,9,2,66382b6ef89ef9f71e15a2314296201fed047f27982dfa2ac4a5d47f623d6517,distance_from_own_immediate_activation,5.8069020955710258,False
LM,QCL,9,2,5026c8caf1aaf77a510a2e7112ea6dead0a567c357bbf597536dbb5c04efbe29,distance_from_own_immediate_activation,5.3122105288728516,False
LM,QCL,9,3,dc5a45405701111c4a15791e8bd689e6fabc3f4277afe228804ee1edd8c36a7e,q_after,1.00678128554416,False
LM,QCL,9,3,79e94f56ddaf1f8711b2925724036dafe5a56b99c028fc8e2e094a85b22fc5e5,q_after,0.97700629196441335,False
LM,QCL,9,3,072ffab3160b3a6b8edfca068498490eed18736f0ef91b9be25ae02cde77e915,distance_from_own_immediate_activation,4.8489302505531562,False
LM,QCL,9,3,dc5a45405701111c4a15791e8bd689e6fabc3f4277afe228804ee1edd8c36a7e,distance_from_own_immediate_activation,4.7751296982744664,False
LM,QCL,9,4,b82a03e937cf2cf32073db5d914babf4ef1b871d8a539df433e363c50b0cd9a2,q_after,1.15030848137802,False
LM,QCL,9,4,93600b87de421b460a9874df15d8a1640aa2239822d1cf04c23d562b75418fd0,q_after,0.84170966208033882,False
LM,QCL,9,4,b82a03e937cf2cf32073db5d914babf4ef1b871d8a539df433e363c50b0cd9a2,distance_from_own_immediate_activation,5.3883658036412747,False
LM,QCL,9,4,eed7d047ce6f0c878b419c49f87b730fe8c31d5345eeacbf4c435618af30daf4,distance_from_own_immediate_activation,4.2630496826403235,False
LM,QCL,9,5,60141ed71c08336ce18411af9a934eea62501d656a44799383c418e0d0819796,q_after,1.0505161613032865,False
LM,QCL,9,5,26709c0d9305daa30f843840e91d69d54c1aeacf2753d7fc0473ffab3ea0d0f8,q_after,0.79176363414432949,False
LM,QCL,9,5,60141ed71c08336ce18411af9a934eea62501d656a44799383c418e0d0819796,distance_from_own_immediate_activation,4.8969954078345941,False
LM,QCL,9,5,2ca21a6eeae8858a948ad9e3da8c586477c5e0ef1c462ad0234ac1d6feb834e2,distance_from_own_immediate_activation,3.7950510536839728,False
LM,QCL,9,6,3b5e495f8547e4789bdee4b85ae9826e19f84bedeca53cb002e5cf0ff73e9ada,q_after,0.99908969192590691,False
LM,QCL,9,6,747c585f04c3591e36bc833c9ceb06cf8c210fa7b2eada208f590ac0a1fa420e,q_after,0.97519315831661357,False
LM,QCL,9,6,3b5e495f8547e4789bdee4b85ae9826e19f84bedeca53cb002e5cf0ff73e9ada,distance_from_own_immediate_activation,5.1822206901877585,False
LM,QCL,9,6,1292f5176337d3e08f3dfdd322b9cedbebf71e0d4baae26b74e439351fb379ac,distance_from_own_immediate_activation,4.4400158347580696,False
LM,QCL,9,7,f4e0075f78eae9b70b7c7764bfa12465bad9e5a94db01ea7d61a5963665213ce,q_after,0.74038007524752714,False
LM,QCL,9,7,57317a7f6b41d100caee1bad332659a0c1f566af7c263f713fff1f5bc194bb9d,q_after,0.73636220607920277,False
LM,QCL,9,7,c7dd6cc253ee760a4cd10d9db4ebc6784e91ff803923e397b27a0011a0de4a57,distance_from_own_immediate_activation,4.0039638221492311,False
LM,QCL,9,7,f4e0075f78eae9b70b7c7764bfa12465bad9e5a94db01ea7d61a5963665213ce,distance_from_own_immediate_activation,3.7551952226130512,False
LM,QCL,9,8,c9f8952620ae02f32df759f1d9dd4e4dd404b9459172fb5c7f3185720ee9cef5,q_after,0.71204608258760738,False
LM,QCL,9,8,af66ed3714a102e1ed4481ef7fb5d422bfb3471808413ad77b3edb92f8d9a40d,q_after,0.49333143465939233,False
LM,QCL,9,8,c9f8952620ae02f32df759f1d9dd4e4dd404b9459172fb5c7f3185720ee9cef5,distance_from_own_immediate_activation,3.8445855648377276,False
LM,QCL,9,8,11c97173bcbbb7f2c5649d904b3c72f5eb6d0fc0c4a5d426debf5ecb68103399,distance_from_own_immediate_activation,1.4814089779488895,False
LM,QCL,9,9,c8759136267f7e6af3367ae9d6b1891b5f2533ffe01bc2ffb0d0de1cb8e9085e,q_after,0.47703345818015508,False
LM,QCL,9,9,116dd95ac45eb606fdb3083aeede09923575e786a975f30d94a8665d74f468de,q_after,0.45486858226258925,False
LM,QCL,9,9,194178db5ac524e6c7517cc57e2e3431cff936ec930778a4b17ef981c4514f7f,distance_from_own_immediate_activation,0,False
LM,QCL,9,9,31d57823193fde3c88a529a47704ed415975d35c2ef62ca633ff76987bd7b939,distance_from_own_immediate_activation,0,False
LM,QCL,10,1,322b5d3c47aa80d2c94addc9a85c94282e44d92f9ccc5a0cf4cab593ea40cb3b,q_after,1.8537988202856448,False
LM,QCL,10,1,cc987485b7f9961ef45a3aeb9301abf629d197b349e59b58ed6f5592212f16a5,q_after,1.7424486960980539,False
LM,QCL,10,1,cc987485b7f9961ef45a3aeb9301abf629d197b349e59b58ed6f5592212f16a5,distance_from_own_immediate_activation,8.662174253059808,False
LM,QCL,10,1,322b5d3c47aa80d2c94addc9a85c94282e44d92f9ccc5a0cf4cab593ea40cb3b,distance_from_own_immediate_activation,7.8758689928705907,False
LM,QCL,10,2,2bddd727c25564a726ac348f51d1ffda823ae39fb216cf89569a73cae07059f5,q_after,1.3090402385542959,False
LM,QCL,10,2,66382b6ef89ef9f71e15a2314296201fed047f27982dfa2ac4a5d47f623d6517,q_after,1.2966628038444012,False
LM,QCL,10,2,66382b6ef89ef9f71e15a2314296201fed047f27982dfa2ac4a5d47f623d6517,distance_from_own_immediate_activation,6.6232700164517855,False
LM,QCL,10,2,5026c8caf1aaf77a510a2e7112ea6dead0a567c357bbf597536dbb5c04efbe29,distance_from_own_immediate_activation,6.1634414858591224,False
LM,QCL,10,3,dc5a45405701111c4a15791e8bd689e6fabc3f4277afe228804ee1edd8c36a7e,q_after,1.2129922194586662,False
LM,QCL,10,3,748b77c32e5597fd9ab954ae967d71dfca3c97aa792238480bf57c353b9f7c3b,q_after,1.1308452561927398,False
LM,QCL,10,3,dc5a45405701111c4a15791e8bd689e6fabc3f4277afe228804ee1edd8c36a7e,distance_from_own_immediate_activation,5.8127241015195077,False
LM,QCL,10,3,072ffab3160b3a6b8edfca068498490eed18736f0ef91b9be25ae02cde77e915,distance_from_own_immediate_activation,5.7258269003005138,False
LM,QCL,10,4,5abd3eacc2d9d05cc7ca87403cf11e70f930a513e505a3fdd178946f2b51a3f2,q_after,1.2934085114179317,False
LM,QCL,10,4,b82a03e937cf2cf32073db5d914babf4ef1b871d8a539df433e363c50b0cd9a2,q_after,1.1714386937097867,False
LM,QCL,10,4,b82a03e937cf2cf32073db5d914babf4ef1b871d8a539df433e363c50b0cd9a2,distance_from_own_immediate_activation,5.510398429900202,False
LM,QCL,10,4,5abd3eacc2d9d05cc7ca87403cf11e70f930a513e505a3fdd178946f2b51a3f2,distance_from_own_immediate_activation,5.3231196356619463,False
LM,QCL,10,5,60141ed71c08336ce18411af9a934eea62501d656a44799383c418e0d0819796,q_after,1.0741852642862704,False
LM,QCL,10,5,26709c0d9305daa30f843840e91d69d54c1aeacf2753d7fc0473ffab3ea0d0f8,q_after,0.93378073495239,False
LM,QCL,10,5,60141ed71c08336ce18411af9a934eea62501d656a44799383c418e0d0819796,distance_from_own_immediate_activation,5.0342234773896379,False
LM,QCL,10,5,2ca21a6eeae8858a948ad9e3da8c586477c5e0ef1c462ad0234ac1d6feb834e2,distance_from_own_immediate_activation,4.7268280024346847,False
LM,QCL,10,6,3b5e495f8547e4789bdee4b85ae9826e19f84bedeca53cb002e5cf0ff73e9ada,q_after,1.018956839081482,False
LM,QCL,10,6,747c585f04c3591e36bc833c9ceb06cf8c210fa7b2eada208f590ac0a1fa420e,q_after,0.9994318170336568,False
LM,QCL,10,6,3b5e495f8547e4789bdee4b85ae9826e19f84bedeca53cb002e5cf0ff73e9ada,distance_from_own_immediate_activation,5.3180850937109296,False
LM,QCL,10,6,1292f5176337d3e08f3dfdd322b9cedbebf71e0d4baae26b74e439351fb379ac,distance_from_own_immediate_activation,4.8172692316557573,False
LM,QCL,10,7,57317a7f6b41d100caee1bad332659a0c1f566af7c263f713fff1f5bc194bb9d,q_after,0.86560102495011548,False
LM,QCL,10,7,f4e0075f78eae9b70b7c7764bfa12465bad9e5a94db01ea7d61a5963665213ce,q_after,0.7724960766222343,False
LM,QCL,10,7,c7dd6cc253ee760a4cd10d9db4ebc6784e91ff803923e397b27a0011a0de4a57,distance_from_own_immediate_activation,4.2444091934161392,False
LM,QCL,10,7,f4e0075f78eae9b70b7c7764bfa12465bad9e5a94db01ea7d61a5963665213ce,distance_from_own_immediate_activation,3.9886790813929589,False
LM,QCL,10,8,c9f8952620ae02f32df759f1d9dd4e4dd404b9459172fb5c7f3185720ee9cef5,q_after,0.74267592835854912,False
LM,QCL,10,8,14dbbab0e85cb733c55c1f6621a15e8e6b33644b9807182539515c25d8f2233b,q_after,0.54834487897390416,False
LM,QCL,10,8,c9f8952620ae02f32df759f1d9dd4e4dd404b9459172fb5c7f3185720ee9cef5,distance_from_own_immediate_activation,4.0905065516457801,False
LM,QCL,10,8,9184167df01e188bc50b20aa3d37e7cbe0867b72c098debaefb5fab02ac36d6c,distance_from_own_immediate_activation,2.7576648407571618,False
LM,QCL,10,9,e7fef22c6caa23fa3b677a0b54a10f4feea31664c1a506944abcb6698f17b9c0,q_after,0.56304041038555641,False
LM,QCL,10,9,b06a1979e8e830f2081b2d4295abd2e72fe6384e7eb7f38f4a83fbbec99d7f45,q_after,0.53576512338487814,False
LM,QCL,10,9,e7fef22c6caa23fa3b677a0b54a10f4feea31664c1a506944abcb6698f17b9c0,distance_from_own_immediate_activation,2.1850012205432869,False
LM,QCL,10,9,e72a3697074a75e0ce3469b763eaedfc7d28cf62bc993b2c901c87fe808ee52d,distance_from_own_immediate_activation,1.8971823204153559,False
LM,QCL,10,10,e60031fb57fdf875446599680ddd3b6bb2310109d6d5fab793d5b155e197f045,q_after,0.46742343688030286,False
LM,QCL,10,10,dfc9680cf178dbc5c108b70d49bbb0107c322473fea0400e53b4bd72b01d5b68,q_after,0.44779762472362122,False
LM,QCL,10,10,498726f516ca2b5b6c3abb41abe5aabe486467b0175f90d10eb394571795ce5a,distance_from_own_immediate_activation,0,False
LM,QCL,10,10,9894445f110df76e317bb1ab36bffa15c2e90d4335205e958131010a783cf63d,distance_from_own_immediate_activation,0,False
LM,NQFIX,1,1,9a6dd76f564eabe6d772c906c071d9d837193dc7543a04dc4a666f2c4bfaf5fc,q_after,0.69589566228821786,False
LM,NQFIX,1,1,cb7c55a4e2dd79332d59c67a80558cdd018be66887291ba61bda4f4cd96f0c0d,q_after,0.48402203396915588,False
LM,NQFIX,1,1,285a3add6f31d8546b0d76689a016bc0f9f7d8e58c95f54e87bba48ad5cabc65,distance_from_own_immediate_activation,0,False
LM,NQFIX,1,1,6abbaf2496b409f11036390da3b47c9272a243b8a164ca3d9f9a65fafbec985d,distance_from_own_immediate_activation,0,False
LM,NQFIX,2,1,9a6dd76f564eabe6d772c906c071d9d837193dc7543a04dc4a666f2c4bfaf5fc,q_after,0.83416234928814403,False
LM,NQFIX,2,1,569f1a97c3971140f8e826932006d0d697bae8da7872d2105db2e6eab60839d6,q_after,0.77608804539871523,False
LM,NQFIX,2,1,569f1a97c3971140f8e826932006d0d697bae8da7872d2105db2e6eab60839d6,distance_from_own_immediate_activation,3.8520818708416411,False
LM,NQFIX,2,1,6a691cf16b423bb1d5a6ce4bf3417dd2d707fdac2436c48131dec1cd89b48a6b,distance_from_own_immediate_activation,3.1969262460774832,False
LM,NQFIX,2,2,d8d352d25aea997ddcc87eb32a33e036523df16bad570e7d6fd11321ceb983a8,q_after,0.46179753486508601,False
LM,NQFIX,2,2,02a22fd299a2ccb545e35eeb893f179d4edbdf7c221555dccc49226db06f9a39,q_after,0.45172648952378325,False
LM,NQFIX,2,2,f742e3b08cc43666fd7f6e3f269849a7e50f2847ec2b4e38de638a9da8e99747,distance_from_own_immediate_activation,0,False
LM,NQFIX,2,2,c00ba5c00aeed6290e334d4cd5abd3b223eb0b0d3fe00c61dd63a733904b0504,distance_from_own_immediate_activation,0,False
LM,NQFIX,3,1,569f1a97c3971140f8e826932006d0d697bae8da7872d2105db2e6eab60839d6,q_after,1.2712243155503844,False
LM,NQFIX,3,1,cc987485b7f9961ef45a3aeb9301abf629d197b349e59b58ed6f5592212f16a5,q_after,1.1112333430012968,False
LM,NQFIX,3,1,569f1a97c3971140f8e826932006d0d697bae8da7872d2105db2e6eab60839d6,distance_from_own_immediate_activation,6.3401704632972757,False
LM,NQFIX,3,1,cc987485b7f9961ef45a3aeb9301abf629d197b349e59b58ed6f5592212f16a5,distance_from_own_immediate_activation,5.4745622504500915,False
LM,NQFIX,3,2,98ae105e841eaf92fb0f91823d4b3f0a71f11808ee0acc1d5216a42145817cd2,q_after,0.60348792260548734,False
LM,NQFIX,3,2,66382b6ef89ef9f71e15a2314296201fed047f27982dfa2ac4a5d47f623d6517,q_after,0.60120728354545039,False
LM,NQFIX,3,2,98ae105e841eaf92fb0f91823d4b3f0a71f11808ee0acc1d5216a42145817cd2,distance_from_own_immediate_activation,3.4015205985866803,False
LM,NQFIX,3,2,b0c20d38500ad4521ae3e47157046f338c94e17b778deacf80e250509b34bcc9,distance_from_own_immediate_activation,3.3852745841197303,False
LM,NQFIX,3,3,72ed03d28b034897d61f381e0a9c6e945a0347a0339befce591950712148b86d,q_after,0.3909625922061829,False
LM,NQFIX,3,3,7288b280f83041c4bfe8663812708e4472c3f064e69b8e83fb6d3b0fe2c8a72b,q_after,0.37631770140577864,False
LM,NQFIX,3,3,5fe5cc36167302a9bb9453cf9a190bce75a6ebf70356e4b2d43262df4ea70e7e,distance_from_own_immediate_activation,0,False
LM,NQFIX,3,3,748b77c32e5597fd9ab954ae967d71dfca3c97aa792238480bf57c353b9f7c3b,distance_from_own_immediate_activation,0,False
LM,NQFIX,4,1,cc987485b7f9961ef45a3aeb9301abf629d197b349e59b58ed6f5592212f16a5,q_after,1.6612269845498997,False
LM,NQFIX,4,1,322b5d3c47aa80d2c94addc9a85c94282e44d92f9ccc5a0cf4cab593ea40cb3b,q_after,1.4697817870542422,False
LM,NQFIX,4,1,cc987485b7f9961ef45a3aeb9301abf629d197b349e59b58ed6f5592212f16a5,distance_from_own_immediate_activation,8.2722306582375538,False
LM,NQFIX,4,1,569f1a97c3971140f8e826932006d0d697bae8da7872d2105db2e6eab60839d6,distance_from_own_immediate_activation,6.9997885629882166,False
LM,NQFIX,4,2,66382b6ef89ef9f71e15a2314296201fed047f27982dfa2ac4a5d47f623d6517,q_after,1.0540288147680101,False
LM,NQFIX,4,2,5026c8caf1aaf77a510a2e7112ea6dead0a567c357bbf597536dbb5c04efbe29,q_after,0.89393485644627646,False
LM,NQFIX,4,2,66382b6ef89ef9f71e15a2314296201fed047f27982dfa2ac4a5d47f623d6517,distance_from_own_immediate_activation,5.7980115989119856,False
LM,NQFIX,4,2,5026c8caf1aaf77a510a2e7112ea6dead0a567c357bbf597536dbb5c04efbe29,distance_from_own_immediate_activation,4.97388428254503,False
LM,NQFIX,4,3,dc5a45405701111c4a15791e8bd689e6fabc3f4277afe228804ee1edd8c36a7e,q_after,0.56281828111119392,False
LM,NQFIX,4,3,d4b109253c320baa212c079a8c8508e2df92d46eb2c28bdae70970323223535d,q_after,0.54441448064911357,False
LM,NQFIX,4,3,dc5a45405701111c4a15791e8bd689e6fabc3f4277afe228804ee1edd8c36a7e,distance_from_own_immediate_activation,3.1197550020344682,False
LM,NQFIX,4,3,072ffab3160b3a6b8edfca068498490eed18736f0ef91b9be25ae02cde77e915,distance_from_own_immediate_activation,2.971629339193659,False
LM,NQFIX,4,4,3bde211eba83eace1625e0a6b644ac071679305546f9d9f81f3ae961da84de9a,q_after,0.38143400501448255,False
LM,NQFIX,4,4,91d55ad055c90873a4b9b16c70345694cf7cec260baf6ce89ea632026765cf8f,q_after,0.36674549291713049,False
LM,NQFIX,4,4,b74477e088614db975b9ef3aaba64df62b78acfc4f63433e65ca1d0781dcffe1,distance_from_own_immediate_activation,0,False
LM,NQFIX,4,4,75df0f36573c040611750a4f824c17e612ade8e4b5e3a222af3a9c77dd369af4,distance_from_own_immediate_activation,0,False
LM,NQFIX,5,1,cc987485b7f9961ef45a3aeb9301abf629d197b349e59b58ed6f5592212f16a5,q_after,2.1823026667373409,False
LM,NQFIX,5,1,2a8f1b4955bc1a289af449ade95dfac602e09ca669c961f5c2f949575e94e148,q_after,2.0596794620052767,False
LM,NQFIX,5,1,cc987485b7f9961ef45a3aeb9301abf629d197b349e59b58ed6f5592212f16a5,distance_from_own_immediate_activation,10.883615526230241,False
LM,NQFIX,5,1,2a8f1b4955bc1a289af449ade95dfac602e09ca669c961f5c2f949575e94e148,distance_from_own_immediate_activation,9.6688247661299016,False
LM,NQFIX,5,2,66382b6ef89ef9f71e15a2314296201fed047f27982dfa2ac4a5d47f623d6517,q_after,1.5647439304082125,False
LM,NQFIX,5,2,cd5a998ba815da21c0e5bffe64418d1495b3e2cad14e454f0e7527801d8e3122,q_after,1.3848193460573661,False
LM,NQFIX,5,2,66382b6ef89ef9f71e15a2314296201fed047f27982dfa2ac4a5d47f623d6517,distance_from_own_immediate_activation,8.6568189160430844,False
LM,NQFIX,5,2,5026c8caf1aaf77a510a2e7112ea6dead0a567c357bbf597536dbb5c04efbe29,distance_from_own_immediate_activation,7.6283662239582206,False
LM,NQFIX,5,3,d4b109253c320baa212c079a8c8508e2df92d46eb2c28bdae70970323223535d,q_after,1.2729476324711635,False
LM,NQFIX,5,3,dc5a45405701111c4a15791e8bd689e6fabc3f4277afe228804ee1edd8c36a7e,q_after,1.0939657163788248,False
LM,NQFIX,5,3,dc5a45405701111c4a15791e8bd689e6fabc3f4277afe228804ee1edd8c36a7e,distance_from_own_immediate_activation,6.2759314688498264,False
LM,NQFIX,5,3,d4b109253c320baa212c079a8c8508e2df92d46eb2c28bdae70970323223535d,distance_from_own_immediate_activation,5.8531787109248894,False
LM,NQFIX,5,4,b82a03e937cf2cf32073db5d914babf4ef1b871d8a539df433e363c50b0cd9a2,q_after,0.9464928352925509,False
LM,NQFIX,5,4,93600b87de421b460a9874df15d8a1640aa2239822d1cf04c23d562b75418fd0,q_after,0.59515789143621189,False
LM,NQFIX,5,4,b82a03e937cf2cf32073db5d914babf4ef1b871d8a539df433e363c50b0cd9a2,distance_from_own_immediate_activation,5.2818499899538214,False
LM,NQFIX,5,4,5f53c1f3ef70e715997cf8c292350e788a50dc66cb5481b91ca73c634e185290,distance_from_own_immediate_activation,3.0460917926782933,False
LM,NQFIX,5,5,ead49dcd96c752de061daae86a727af9565211e53577b96a5188b83e9a065e85,q_after,1.6025311647290927,False
LM,NQFIX,5,5,589538be01a86310c56851a8bc919cd5960a401251a24f1727344c0e836aebfc,q_after,0.389638839442975,False
LM,NQFIX,5,5,5b84c1c1bac6d9c9495e0d2d313d0b616314a82781835eeed7f9f22473bf6d62,distance_from_own_immediate_activation,0,False
LM,NQFIX,5,5,e5ad6f2d686323a16d0fded4072da1dc7728d193c1789d134033681e537b2e49,distance_from_own_immediate_activation,0,False
LM,NQFIX,6,1,cc987485b7f9961ef45a3aeb9301abf629d197b349e59b58ed6f5592212f16a5,q_after,3.0209240137693532,False
LM,NQFIX,6,1,2a8f1b4955bc1a289af449ade95dfac602e09ca669c961f5c2f949575e94e148,q_after,2.8616925351525122,False
LM,NQFIX,6,1,cc987485b7f9961ef45a3aeb9301abf629d197b349e59b58ed6f5592212f16a5,distance_from_own_immediate_activation,15.080359322408979,False
LM,NQFIX,6,1,2a8f1b4955bc1a289af449ade95dfac602e09ca669c961f5c2f949575e94e148,distance_from_own_immediate_activation,13.456102711790924,False
LM,NQFIX,6,2,66382b6ef89ef9f71e15a2314296201fed047f27982dfa2ac4a5d47f623d6517,q_after,2.3058231887733198,False
LM,NQFIX,6,2,5026c8caf1aaf77a510a2e7112ea6dead0a567c357bbf597536dbb5c04efbe29,q_after,2.1705808096562151,False
LM,NQFIX,6,2,66382b6ef89ef9f71e15a2314296201fed047f27982dfa2ac4a5d47f623d6517,distance_from_own_immediate_activation,12.765482378294422,False
LM,NQFIX,6,2,5026c8caf1aaf77a510a2e7112ea6dead0a567c357bbf597536dbb5c04efbe29,distance_from_own_immediate_activation,11.834594961044472,False
LM,NQFIX,6,3,dc5a45405701111c4a15791e8bd689e6fabc3f4277afe228804ee1edd8c36a7e,q_after,1.8455008771659258,False
LM,NQFIX,6,3,072ffab3160b3a6b8edfca068498490eed18736f0ef91b9be25ae02cde77e915,q_after,1.7592505054770473,False
LM,NQFIX,6,3,072ffab3160b3a6b8edfca068498490eed18736f0ef91b9be25ae02cde77e915,distance_from_own_immediate_activation,10.750308054502039,False
LM,NQFIX,6,3,dc5a45405701111c4a15791e8bd689e6fabc3f4277afe228804ee1edd8c36a7e,distance_from_own_immediate_activation,10.541910503602088,False
LM,NQFIX,6,4,b82a03e937cf2cf32073db5d914babf4ef1b871d8a539df433e363c50b0cd9a2,q_after,1.182641245192565,False
LM,NQFIX,6,4,93600b87de421b460a9874df15d8a1640aa2239822d1cf04c23d562b75418fd0,q_after,1.1663279203147323,False
LM,NQFIX,6,4,eed7d047ce6f0c878b419c49f87b730fe8c31d5345eeacbf4c435618af30daf4,distance_from_own_immediate_activation,6.8646864215126886,False
LM,NQFIX,6,4,b82a03e937cf2cf32073db5d914babf4ef1b871d8a539df433e363c50b0cd9a2,distance_from_own_immediate_activation,6.7033263550422122,False
LM,NQFIX,6,5,ead49dcd96c752de061daae86a727af9565211e53577b96a5188b83e9a065e85,q_after,1.5073416392465127,False
LM,NQFIX,6,5,1e543ed765fee8f608339c37d36495fae6ddef24d15b7cfc2f9d11ed21987777,q_after,0.56842278559123405,False
LM,NQFIX,6,5,2ca21a6eeae8858a948ad9e3da8c586477c5e0ef1c462ad0234ac1d6feb834e2,distance_from_own_immediate_activation,4.3622607060192014,False
LM,NQFIX,6,5,ead49dcd96c752de061daae86a727af9565211e53577b96a5188b83e9a065e85,distance_from_own_immediate_activation,4.0963771509509224,False
LM,NQFIX,6,6,747c585f04c3591e36bc833c9ceb06cf8c210fa7b2eada208f590ac0a1fa420e,q_after,76830.654180931306,False
LM,NQFIX,6,6,ea4fa73dfc707f64dadf716c32883a8af3224b7f0982e7dbd4c692dcafc3be5d,q_after,0.34690880319101375,False
LM,NQFIX,6,6,8a9041037dbc17f886486516e3c6a025512c6bdc9ebc902afd1b7b83a6f28b04,distance_from_own_immediate_activation,0,False
LM,NQFIX,6,6,1cfe090c9861932226bef865ff03923d860fb91023a5ebe93c3bab1a657257cb,distance_from_own_immediate_activation,0,False
LM,NQFIX,7,1,cc987485b7f9961ef45a3aeb9301abf629d197b349e59b58ed6f5592212f16a5,q_after,4.1620844970081885,False
LM,NQFIX,7,1,2a8f1b4955bc1a289af449ade95dfac602e09ca669c961f5c2f949575e94e148,q_after,3.9322087932203265,False
LM,NQFIX,7,1,cc987485b7f9961ef45a3aeb9301abf629d197b349e59b58ed6f5592212f16a5,distance_from_own_immediate_activation,20.762949107961873,False
LM,NQFIX,7,1,2a8f1b4955bc1a289af449ade95dfac602e09ca669c961f5c2f949575e94e148,distance_from_own_immediate_activation,18.474851882504524,False
LM,NQFIX,7,2,66382b6ef89ef9f71e15a2314296201fed047f27982dfa2ac4a5d47f623d6517,q_after,3.2527808234202715,False
LM,NQFIX,7,2,cd5a998ba815da21c0e5bffe64418d1495b3e2cad14e454f0e7527801d8e3122,q_after,3.1493472025816516,False
LM,NQFIX,7,2,66382b6ef89ef9f71e15a2314296201fed047f27982dfa2ac4a5d47f623d6517,distance_from_own_immediate_activation,17.96960314603562,False
LM,NQFIX,7,2,cd5a998ba815da21c0e5bffe64418d1495b3e2cad14e454f0e7527801d8e3122,distance_from_own_immediate_activation,16.656023291062379,False
LM,NQFIX,7,3,dc5a45405701111c4a15791e8bd689e6fabc3f4277afe228804ee1edd8c36a7e,q_after,2.7690432802935665,False
LM,NQFIX,7,3,748b77c32e5597fd9ab954ae967d71dfca3c97aa792238480bf57c353b9f7c3b,q_after,2.6646492970959219,False
LM,NQFIX,7,3,072ffab3160b3a6b8edfca068498490eed18736f0ef91b9be25ae02cde77e915,distance_from_own_immediate_activation,15.781779102121954,False
LM,NQFIX,7,3,dc5a45405701111c4a15791e8bd689e6fabc3f4277afe228804ee1edd8c36a7e,distance_from_own_immediate_activation,15.743285177037933,False
LM,NQFIX,7,4,93600b87de421b460a9874df15d8a1640aa2239822d1cf04c23d562b75418fd0,q_after,1.9421497147901501,False
LM,NQFIX,7,4,c26bed2c2ca3b2f918bb83e82bd9732d1504e8c09f5a56558583dc287bff8400,q_after,1.8990151262057586,False
LM,NQFIX,7,4,eed7d047ce6f0c878b419c49f87b730fe8c31d5345eeacbf4c435618af30daf4,distance_from_own_immediate_activation,12.136864236496379,False
LM,NQFIX,7,4,5f53c1f3ef70e715997cf8c292350e788a50dc66cb5481b91ca73c634e185290,distance_from_own_immediate_activation,12.039154130361581,False
LM,NQFIX,7,5,ead49dcd96c752de061daae86a727af9565211e53577b96a5188b83e9a065e85,q_after,1.5714978889739679,False
LM,NQFIX,7,5,26709c0d9305daa30f843840e91d69d54c1aeacf2753d7fc0473ffab3ea0d0f8,q_after,1.3886113512768385,False
LM,NQFIX,7,5,0c07e0c25804cf2408598d9d68a5ec057946c141453634c569b9773a2b817e20,distance_from_own_immediate_activation,9.1557756763854226,False
LM,NQFIX,7,5,46d30a6d9fd9920cbf96bfe141f743e549d114982ff6489931f51934e681e9d5,distance_from_own_immediate_activation,8.9611345062004393,False
LM,NQFIX,7,6,747c585f04c3591e36bc833c9ceb06cf8c210fa7b2eada208f590ac0a1fa420e,q_after,403551.02304328099,False
LM,NQFIX,7,6,3b5e495f8547e4789bdee4b85ae9826e19f84bedeca53cb002e5cf0ff73e9ada,q_after,1.0209897474900125,False
LM,NQFIX,7,6,3b5e495f8547e4789bdee4b85ae9826e19f84bedeca53cb002e5cf0ff73e9ada,distance_from_own_immediate_activation,6.5190500840500878,False
LM,NQFIX,7,6,b96ffc98ab974fff987072c664bea814577a3e22e1c4872f1c06f3beedc5bdf3,distance_from_own_immediate_activation,6.4533877549021694,False
LM,NQFIX,7,7,ebf70188044cc78cfc6e7ae77771f26a2a33713b5a8fb897c242d0a1002d4b2d,q_after,0.2579669336662237,False
LM,NQFIX,7,7,7df6ba08c50f72918066d0bdf8844aa8c12edcec8b3f83a616dbc054ea8cf01e,q_after,0.25283836677078192,False
LM,NQFIX,7,7,d82b4b74485c4ef9b4b12f1c2fabad4c0109165ed4e5d7f934133ea726a65ae9,distance_from_own_immediate_activation,0,False
LM,NQFIX,7,7,f6676ed348d4d873923c058111d2f76ed59e8b3bffd08a972593e7195e1501db,distance_from_own_immediate_activation,0,False
LM,NQFIX,8,1,cc987485b7f9961ef45a3aeb9301abf629d197b349e59b58ed6f5592212f16a5,q_after,5.2792292955029296,False
LM,NQFIX,8,1,2a8f1b4955bc1a289af449ade95dfac602e09ca669c961f5c2f949575e94e148,q_after,5.2049117613075193,False
LM,NQFIX,8,1,cc987485b7f9961ef45a3aeb9301abf629d197b349e59b58ed6f5592212f16a5,distance_from_own_immediate_activation,26.318828032649915,False
LM,NQFIX,8,1,2a8f1b4955bc1a289af449ade95dfac602e09ca669c961f5c2f949575e94e148,distance_from_own_immediate_activation,24.423264607685983,False
LM,NQFIX,8,2,cd5a998ba815da21c0e5bffe64418d1495b3e2cad14e454f0e7527801d8e3122,q_after,4.3672503116633594,False
LM,NQFIX,8,2,d8d352d25aea997ddcc87eb32a33e036523df16bad570e7d6fd11321ceb983a8,q_after,4.30757157653664,False
LM,NQFIX,8,2,66382b6ef89ef9f71e15a2314296201fed047f27982dfa2ac4a5d47f623d6517,distance_from_own_immediate_activation,23.46066557060055,False
LM,NQFIX,8,2,cd5a998ba815da21c0e5bffe64418d1495b3e2cad14e454f0e7527801d8e3122,distance_from_own_immediate_activation,22.996154160813571,False
LM,NQFIX,8,3,428d2e05be7326998ba6f9721cc207fcb12c868635010792f5bea4b83d185908,q_after,4.0165137368896202,False
LM,NQFIX,8,3,dc5a45405701111c4a15791e8bd689e6fabc3f4277afe228804ee1edd8c36a7e,q_after,3.8511601009787082,False
LM,NQFIX,8,3,dc5a45405701111c4a15791e8bd689e6fabc3f4277afe228804ee1edd8c36a7e,distance_from_own_immediate_activation,21.821134233066477,False
LM,NQFIX,8,3,072ffab3160b3a6b8edfca068498490eed18736f0ef91b9be25ae02cde77e915,distance_from_own_immediate_activation,21.780307179558431,False
LM,NQFIX,8,4,93600b87de421b460a9874df15d8a1640aa2239822d1cf04c23d562b75418fd0,q_after,3.1315144738549523,False
LM,NQFIX,8,4,c26bed2c2ca3b2f918bb83e82bd9732d1504e8c09f5a56558583dc287bff8400,q_after,2.942707852489836,False
LM,NQFIX,8,4,5f53c1f3ef70e715997cf8c292350e788a50dc66cb5481b91ca73c634e185290,distance_from_own_immediate_activation,18.293030077255825,False
LM,NQFIX,8,4,eed7d047ce6f0c878b419c49f87b730fe8c31d5345eeacbf4c435618af30daf4,distance_from_own_immediate_activation,18.045046771417109,False
LM,NQFIX,8,5,26709c0d9305daa30f843840e91d69d54c1aeacf2753d7fc0473ffab3ea0d0f8,q_after,2.4494324109985115,False
LM,NQFIX,8,5,f88206bfd19534842ee85fff1ecfd74ae59c3093dc664d3ce2914858832ea33a,q_after,2.4294076209171376,False
LM,NQFIX,8,5,93d40e82bf7c4211b1bf6fdc4daf25656c1eb63dbd33b9d7b701096a62b386b0,distance_from_own_immediate_activation,15.804149414892322,False
LM,NQFIX,8,5,b216de4898ad94c7ba48d1fbe795f1d62e3e77fb85f445300ced6a09f057676d,distance_from_own_immediate_activation,15.793842383621673,False
LM,NQFIX,8,6,747c585f04c3591e36bc833c9ceb06cf8c210fa7b2eada208f590ac0a1fa420e,q_after,553619.87614426552,False
LM,NQFIX,8,6,173d47194f7e8971e26b7c28d99da87815b22b3ab9e26ce4656cd37c2af41284,q_after,1.8219850352145606,False
LM,NQFIX,8,6,0099df0bc4ca2468a92da65cf0701f1c03ba7912d6f587d3ef3474e23d7d4003,distance_from_own_immediate_activation,13.078055888763881,False
LM,NQFIX,8,6,d6ad86775dc2222cef7c9c7bbbbe149ff8fcf0da1ca204e3a141f940370a2b44,distance_from_own_immediate_activation,12.864596036448269,False
LM,NQFIX,8,7,9fd61c9706e23991a85da325a1349732ccdf039f6810ed686b24a97f265a9911,q_after,0.88506092049574769,False
LM,NQFIX,8,7,7536ae2cf73cdbba2d3db85c685b99f4145d33a8f64f7f7744f17b7687cc6193,q_after,0.79569666424765284,False
LM,NQFIX,8,7,f4e0075f78eae9b70b7c7764bfa12465bad9e5a94db01ea7d61a5963665213ce,distance_from_own_immediate_activation,7.9974190544667465,False
LM,NQFIX,8,7,62ce75e8ff4adc4f6eb5af406ed79404ed8f11dcec2a7c23187250dae590660a,distance_from_own_immediate_activation,7.916696656082296,False
LM,NQFIX,8,8,f49f3109a6b3dc7e973df56c56c03856916874617b0d34faf8c942caa1a8d5ee,q_after,0.27886753799137043,False
LM,NQFIX,8,8,2c8982df211a7e22ddbe1d5999d9332019d6a4daf378fa137738ef3402eb298c,q_after,0.26168097248086342,False
LM,NQFIX,8,8,f30078d6d8f44bf7dc4c8052ae871614b00ba8bb789b67892dbf178a85412fe1,distance_from_own_immediate_activation,0,False
LM,NQFIX,8,8,c9f8952620ae02f32df759f1d9dd4e4dd404b9459172fb5c7f3185720ee9cef5,distance_from_own_immediate_activation,0,False
LM,NQFIX,9,1,2a8f1b4955bc1a289af449ade95dfac602e09ca669c961f5c2f949575e94e148,q_after,6.7994807770658818,False
LM,NQFIX,9,1,cc987485b7f9961ef45a3aeb9301abf629d197b349e59b58ed6f5592212f16a5,q_after,6.751776141773389,False
LM,NQFIX,9,1,cc987485b7f9961ef45a3aeb9301abf629d197b349e59b58ed6f5592212f16a5,distance_from_own_immediate_activation,33.647505008992596,False
LM,NQFIX,9,1,2a8f1b4955bc1a289af449ade95dfac602e09ca669c961f5c2f949575e94e148,distance_from_own_immediate_activation,31.857932359327371,False
LM,NQFIX,9,2,d8d352d25aea997ddcc87eb32a33e036523df16bad570e7d6fd11321ceb983a8,q_after,5.7471738984438341,False
LM,NQFIX,9,2,cd5a998ba815da21c0e5bffe64418d1495b3e2cad14e454f0e7527801d8e3122,q_after,5.6237582990054156,False
LM,NQFIX,9,2,66382b6ef89ef9f71e15a2314296201fed047f27982dfa2ac4a5d47f623d6517,distance_from_own_immediate_activation,30.130070898019554,False
LM,NQFIX,9,2,cd5a998ba815da21c0e5bffe64418d1495b3e2cad14e454f0e7527801d8e3122,distance_from_own_immediate_activation,29.523689951025592,False
LM,NQFIX,9,3,428d2e05be7326998ba6f9721cc207fcb12c868635010792f5bea4b83d185908,q_after,5.6321021667629809,False
LM,NQFIX,9,3,dc5a45405701111c4a15791e8bd689e6fabc3f4277afe228804ee1edd8c36a7e,q_after,5.2449774041083437,False
LM,NQFIX,9,3,dc5a45405701111c4a15791e8bd689e6fabc3f4277afe228804ee1edd8c36a7e,distance_from_own_immediate_activation,29.664636614479662,False
LM,NQFIX,9,3,072ffab3160b3a6b8edfca068498490eed18736f0ef91b9be25ae02cde77e915,distance_from_own_immediate_activation,29.533425295544465,False
LM,NQFIX,9,4,93600b87de421b460a9874df15d8a1640aa2239822d1cf04c23d562b75418fd0,q_after,4.4928140071691667,False
LM,NQFIX,9,4,3b6152e01fc04484f7681e7f018ea9e0f4954e49c46a7d24477cac2ef0d5ca1a,q_after,4.2275777403810206,False
LM,NQFIX,9,4,5f53c1f3ef70e715997cf8c292350e788a50dc66cb5481b91ca73c634e185290,distance_from_own_immediate_activation,25.837593476141947,False
LM,NQFIX,9,4,eed7d047ce6f0c878b419c49f87b730fe8c31d5345eeacbf4c435618af30daf4,distance_from_own_immediate_activation,25.389332837455047,False
LM,NQFIX,9,5,f88206bfd19534842ee85fff1ecfd74ae59c3093dc664d3ce2914858832ea33a,q_after,4.0572196657309032,False
LM,NQFIX,9,5,68f0c5fd60594a9f9d1c279552898e718f23c6660ed7ffe6f723ffe8104dc0b3,q_after,3.9070265009549976,False
LM,NQFIX,9,5,0c07e0c25804cf2408598d9d68a5ec057946c141453634c569b9773a2b817e20,distance_from_own_immediate_activation,23.8554444100448,False
LM,NQFIX,9,5,b216de4898ad94c7ba48d1fbe795f1d62e3e77fb85f445300ced6a09f057676d,distance_from_own_immediate_activation,23.767869102645506,False
LM,NQFIX,9,6,747c585f04c3591e36bc833c9ceb06cf8c210fa7b2eada208f590ac0a1fa420e,q_after,740340.25677565509,False
LM,NQFIX,9,6,173d47194f7e8971e26b7c28d99da87815b22b3ab9e26ce4656cd37c2af41284,q_after,3.18521707175465,False
LM,NQFIX,9,6,1a0979e5a07a9df364c4e67b1c51d048b236538136e2fbc3645b7949a37ce6f0,distance_from_own_immediate_activation,21.756854898657043,False
LM,NQFIX,9,6,d6ad86775dc2222cef7c9c7bbbbe149ff8fcf0da1ca204e3a141f940370a2b44,distance_from_own_immediate_activation,20.430484593387572,False
LM,NQFIX,9,7,9fd61c9706e23991a85da325a1349732ccdf039f6810ed686b24a97f265a9911,q_after,1.9628180212362949,False
LM,NQFIX,9,7,594f866d8f859161efe6b442ec96c16a44d91c527e6b42c0e25890843394db87,q_after,1.9376245290221712,False
LM,NQFIX,9,7,62ce75e8ff4adc4f6eb5af406ed79404ed8f11dcec2a7c23187250dae590660a,distance_from_own_immediate_activation,16.099224028430879,False
LM,NQFIX,9,7,a6c9912cb8814ae96358da515825988b648dc08aaebc755f0333916ccc738f39,distance_from_own_immediate_activation,15.431843103225308,False
LM,NQFIX,9,8,3439c8e1ba0d74fe89e542d97d1c65f30e14af6c79df43abe1e88fee2261810c,q_after,1.301700901156597,False
LM,NQFIX,9,8,ec12b93df7f70377e81789a21c9d6ffc8032394b80728f2b613651a6190c8bf1,q_after,1.2090613798441288,False
LM,NQFIX,9,8,c9f8952620ae02f32df759f1d9dd4e4dd404b9459172fb5c7f3185720ee9cef5,distance_from_own_immediate_activation,10.866503154696733,False
LM,NQFIX,9,8,8852ab0f68fe6e7ffa8f807635668dd430dc593ab5c5b73985eaabb88fede7a0,distance_from_own_immediate_activation,9.1906260363893253,False
LM,NQFIX,9,9,34f0b1d3b996b166f46034d14c1f680b2bbe466223c79c8bfc58fdbe72b74cf9,q_after,22533.413731085959,False
LM,NQFIX,9,9,e7fef22c6caa23fa3b677a0b54a10f4feea31664c1a506944abcb6698f17b9c0,q_after,18231.303708876101,False
LM,NQFIX,9,9,194178db5ac524e6c7517cc57e2e3431cff936ec930778a4b17ef981c4514f7f,distance_from_own_immediate_activation,0,False
LM,NQFIX,9,9,31d57823193fde3c88a529a47704ed415975d35c2ef62ca633ff76987bd7b939,distance_from_own_immediate_activation,0,False
LM,NQFIX,10,1,2d7a05de733521918b9b3c10f95568ee42e8fa4bbeb9911964758f2e95f6e9e4,q_after,8.6694608517868748,False
LM,NQFIX,10,1,2a8f1b4955bc1a289af449ade95dfac602e09ca669c961f5c2f949575e94e148,q_after,8.6632702998464381,False
LM,NQFIX,10,1,cc987485b7f9961ef45a3aeb9301abf629d197b349e59b58ed6f5592212f16a5,distance_from_own_immediate_activation,42.257579740027808,False
LM,NQFIX,10,1,2a8f1b4955bc1a289af449ade95dfac602e09ca669c961f5c2f949575e94e148,distance_from_own_immediate_activation,40.545526792812204,False
LM,NQFIX,10,2,d8d352d25aea997ddcc87eb32a33e036523df16bad570e7d6fd11321ceb983a8,q_after,8.0002498273239429,False
LM,NQFIX,10,2,0a860697d1a749ffe51541cdddc68adc14e790859c596e4e74a0ff35f738c932,q_after,7.4159150101345013,False
LM,NQFIX,10,2,66382b6ef89ef9f71e15a2314296201fed047f27982dfa2ac4a5d47f623d6517,distance_from_own_immediate_activation,38.800668160079809,False
LM,NQFIX,10,2,2e5653f8e081d60dda1b144e59af84cf4be05c3b2518883002b985c13fd8700b,distance_from_own_immediate_activation,38.034528638119248,False
LM,NQFIX,10,3,428d2e05be7326998ba6f9721cc207fcb12c868635010792f5bea4b83d185908,q_after,8.3600110361722049,False
LM,NQFIX,10,3,c588a2e73dbe2374e7b6ee0efd6801a1e31d730f5c9bb2ed19ffc7b8acb6ae9c,q_after,7.2723466757415647,False
LM,NQFIX,10,3,dc5a45405701111c4a15791e8bd689e6fabc3f4277afe228804ee1edd8c36a7e,distance_from_own_immediate_activation,39.245336311651975,False
LM,NQFIX,10,3,3b7c53beb61d82ec20812466f13f859b539aa51a5ac0481da5db7979d0708067,distance_from_own_immediate_activation,38.777386126771859,False
LM,NQFIX,10,4,93600b87de421b460a9874df15d8a1640aa2239822d1cf04c23d562b75418fd0,q_after,6.429978857109667,False
LM,NQFIX,10,4,f9bbd7e3ab694d6d1583e321f397e292a3c3fb8d79088cd001e65a8856d6d7ba,q_after,6.3675070753670457,False
LM,NQFIX,10,4,5f53c1f3ef70e715997cf8c292350e788a50dc66cb5481b91ca73c634e185290,distance_from_own_immediate_activation,34.618779426739756,False
LM,NQFIX,10,4,6ec81241d73a935c6f242b54b1911e43924c1e14942569ea4db71d81419ce81a,distance_from_own_immediate_activation,34.516127067207449,False
LM,NQFIX,10,5,f88206bfd19534842ee85fff1ecfd74ae59c3093dc664d3ce2914858832ea33a,q_after,6.2769231028249797,False
LM,NQFIX,10,5,68f0c5fd60594a9f9d1c279552898e718f23c6660ed7ffe6f723ffe8104dc0b3,q_after,6.1844794938954202,False
LM,NQFIX,10,5,0c07e0c25804cf2408598d9d68a5ec057946c141453634c569b9773a2b817e20,distance_from_own_immediate_activation,33.624749552628629,False
LM,NQFIX,10,5,93d40e82bf7c4211b1bf6fdc4daf25656c1eb63dbd33b9d7b701096a62b386b0,distance_from_own_immediate_activation,33.065408698155011,False
LM,NQFIX,10,6,747c585f04c3591e36bc833c9ceb06cf8c210fa7b2eada208f590ac0a1fa420e,q_after,1226472.4561626713,False
LM,NQFIX,10,6,173d47194f7e8971e26b7c28d99da87815b22b3ab9e26ce4656cd37c2af41284,q_after,5.245199531465957,False
LM,NQFIX,10,6,1a0979e5a07a9df364c4e67b1c51d048b236538136e2fbc3645b7949a37ce6f0,distance_from_own_immediate_activation,31.180279264822243,False
LM,NQFIX,10,6,d6ad86775dc2222cef7c9c7bbbbe149ff8fcf0da1ca204e3a141f940370a2b44,distance_from_own_immediate_activation,29.564732522586198,False
LM,NQFIX,10,7,9fd61c9706e23991a85da325a1349732ccdf039f6810ed686b24a97f265a9911,q_after,3.4571980809953113,False
LM,NQFIX,10,7,d1b17bc35f91bd7d5682189bf5b028d143a9e3c081089464426768e4480105ed,q_after,3.4398430929725494,False
LM,NQFIX,10,7,a6c9912cb8814ae96358da515825988b648dc08aaebc755f0333916ccc738f39,distance_from_own_immediate_activation,25.749569247844754,False
LM,NQFIX,10,7,cb033ba0d2abeccec8764d64d32d0083114433b02031be6c31349d3986b4d517,distance_from_own_immediate_activation,24.949617212954173,False
LM,NQFIX,10,8,3439c8e1ba0d74fe89e542d97d1c65f30e14af6c79df43abe1e88fee2261810c,q_after,2.8904840487551962,False
LM,NQFIX,10,8,ec12b93df7f70377e81789a21c9d6ffc8032394b80728f2b613651a6190c8bf1,q_after,2.7205657668389915,False
LM,NQFIX,10,8,8be5fd0a12e4f97c7c88ca0567c2b9a3b4ccf9b4610e5cddb86174e0690fa1ae,distance_from_own_immediate_activation,19.24273392427223,False
LM,NQFIX,10,8,ef8feed26526f79d20392a3a73b924200b5453cdc5fb901ab0b9b62e3c232a2f,distance_from_own_immediate_activation,19.189970390168156,False
LM,NQFIX,10,9,e7fef22c6caa23fa3b677a0b54a10f4feea31664c1a506944abcb6698f17b9c0,q_after,521943.54863878147,False
LM,NQFIX,10,9,34f0b1d3b996b166f46034d14c1f680b2bbe466223c79c8bfc58fdbe72b74cf9,q_after,352125.57644231303,False
LM,NQFIX,10,9,e7fef22c6caa23fa3b677a0b54a10f4feea31664c1a506944abcb6698f17b9c0,distance_from_own_immediate_activation,12.907980119294418,False
LM,NQFIX,10,9,dc058ea6418e07ce6353e2a47db284956a332d66949af59a9d33e92c69cd7a8a,distance_from_own_immediate_activation,11.921583181621168,False
LM,NQFIX,10,10,068a195ae8d0a3100e99a0cc1d80c402a484c940b1a7d9dc59d0de151d585ee5,q_after,0.19463955481358444,False
LM,NQFIX,10,10,f37b83a83248858c64b3f607e75c7d9d2f261260172d3ebbdf9a6ee86bdc38d8,q_after,0.18021017075880824,False
LM,NQFIX,10,10,498726f516ca2b5b6c3abb41abe5aabe486467b0175f90d10eb394571795ce5a,distance_from_own_immediate_activation,0,False
LM,NQFIX,10,10,9894445f110df76e317bb1ab36bffa15c2e90d4335205e958131010a783cf63d,distance_from_own_immediate_activation,0,False
LM,ORBFH,1,1,cb7c55a4e2dd79332d59c67a80558cdd018be66887291ba61bda4f4cd96f0c0d,q_after,0.43812775987311092,False
LM,ORBFH,1,1,042d6957cbf51889a68f9ec05692ae02395bbfb258ab0b145b56d98b06844fc8,q_after,0.43136344865683596,False
LM,ORBFH,1,1,285a3add6f31d8546b0d76689a016bc0f9f7d8e58c95f54e87bba48ad5cabc65,distance_from_own_immediate_activation,0,False
LM,ORBFH,1,1,6abbaf2496b409f11036390da3b47c9272a243b8a164ca3d9f9a65fafbec985d,distance_from_own_immediate_activation,0,False
LM,ORBFH,2,1,6a691cf16b423bb1d5a6ce4bf3417dd2d707fdac2436c48131dec1cd89b48a6b,q_after,0.53568531213572834,False
LM,ORBFH,2,1,569f1a97c3971140f8e826932006d0d697bae8da7872d2105db2e6eab60839d6,q_after,0.53193869000404848,False
LM,ORBFH,2,1,569f1a97c3971140f8e826932006d0d697bae8da7872d2105db2e6eab60839d6,distance_from_own_immediate_activation,2.4876327362699335,False
LM,ORBFH,2,1,6a691cf16b423bb1d5a6ce4bf3417dd2d707fdac2436c48131dec1cd89b48a6b,distance_from_own_immediate_activation,2.2639604324616762,False
LM,ORBFH,2,2,0bd2026793f0bdd3dfddcb3a86a61c5ef3c5be75d9b27d7f82d467e67e81a002,q_after,0.43713408003578469,False
LM,ORBFH,2,2,d8d352d25aea997ddcc87eb32a33e036523df16bad570e7d6fd11321ceb983a8,q_after,0.43056731027069234,False
LM,ORBFH,2,2,f742e3b08cc43666fd7f6e3f269849a7e50f2847ec2b4e38de638a9da8e99747,distance_from_own_immediate_activation,0,False
LM,ORBFH,2,2,c00ba5c00aeed6290e334d4cd5abd3b223eb0b0d3fe00c61dd63a733904b0504,distance_from_own_immediate_activation,0,False
LM,ORBFH,3,1,569f1a97c3971140f8e826932006d0d697bae8da7872d2105db2e6eab60839d6,q_after,0.81551053921160144,False
LM,ORBFH,3,1,d97bda6d6a887cafe4132a43d6d106a50a3a151b295c299fbaa9079c4004d670,q_after,0.77659216608941672,False
LM,ORBFH,3,1,569f1a97c3971140f8e826932006d0d697bae8da7872d2105db2e6eab60839d6,distance_from_own_immediate_activation,3.906595841171181,False
LM,ORBFH,3,1,cc987485b7f9961ef45a3aeb9301abf629d197b349e59b58ed6f5592212f16a5,distance_from_own_immediate_activation,3.3972248130756868,False
LM,ORBFH,3,2,6550dc9ecd01aba3be24ef39ef596583e6088394270d2578a2f2db63b8b1487e,q_after,0.47897945475444864,False
LM,ORBFH,3,2,b0c20d38500ad4521ae3e47157046f338c94e17b778deacf80e250509b34bcc9,q_after,0.47501808053785327,False
LM,ORBFH,3,2,b0c20d38500ad4521ae3e47157046f338c94e17b778deacf80e250509b34bcc9,distance_from_own_immediate_activation,2.3343112034298499,False
LM,ORBFH,3,2,98ae105e841eaf92fb0f91823d4b3f0a71f11808ee0acc1d5216a42145817cd2,distance_from_own_immediate_activation,1.9193364233907368,False
LM,ORBFH,3,3,2f3c0f51cd67fd96e775a4e0d4b97c84e1a62d06e2929f26d3fb15123957392f,q_after,0.44958465428386224,False
LM,ORBFH,3,3,5048daec8eda8a9d3c95b043bcae37662854fde7ae07fc2a6a740cabba3039fb,q_after,0.44920624603664178,False
LM,ORBFH,3,3,5fe5cc36167302a9bb9453cf9a190bce75a6ebf70356e4b2d43262df4ea70e7e,distance_from_own_immediate_activation,0,False
LM,ORBFH,3,3,748b77c32e5597fd9ab954ae967d71dfca3c97aa792238480bf57c353b9f7c3b,distance_from_own_immediate_activation,0,False
LM,ORBFH,4,1,cc987485b7f9961ef45a3aeb9301abf629d197b349e59b58ed6f5592212f16a5,q_after,0.96844273259649682,False
LM,ORBFH,4,1,322b5d3c47aa80d2c94addc9a85c94282e44d92f9ccc5a0cf4cab593ea40cb3b,q_after,0.90377490294601126,False
LM,ORBFH,4,1,cc987485b7f9961ef45a3aeb9301abf629d197b349e59b58ed6f5592212f16a5,distance_from_own_immediate_activation,4.7779712583796998,False
LM,ORBFH,4,1,569f1a97c3971140f8e826932006d0d697bae8da7872d2105db2e6eab60839d6,distance_from_own_immediate_activation,4.1610197779588587,False
LM,ORBFH,4,2,66382b6ef89ef9f71e15a2314296201fed047f27982dfa2ac4a5d47f623d6517,q_after,0.61911963956066307,False
LM,ORBFH,4,2,5026c8caf1aaf77a510a2e7112ea6dead0a567c357bbf597536dbb5c04efbe29,q_after,0.5845943266111433,False
LM,ORBFH,4,2,66382b6ef89ef9f71e15a2314296201fed047f27982dfa2ac4a5d47f623d6517,distance_from_own_immediate_activation,3.0348641758291404,False
LM,ORBFH,4,2,5026c8caf1aaf77a510a2e7112ea6dead0a567c357bbf597536dbb5c04efbe29,distance_from_own_immediate_activation,2.6584661371492575,False
LM,ORBFH,4,3,2f3c0f51cd67fd96e775a4e0d4b97c84e1a62d06e2929f26d3fb15123957392f,q_after,0.49141204603753674,False
LM,ORBFH,4,3,5048daec8eda8a9d3c95b043bcae37662854fde7ae07fc2a6a740cabba3039fb,q_after,0.48904904109978375,False
LM,ORBFH,4,3,1c096075c30243a8f8f3f6ac437366cb09800ff64fa917507887d95a7c36fe1f,distance_from_own_immediate_activation,1.5847826006379715,False
LM,ORBFH,4,3,08f5ce1ca163e3700d35c52504edd1232b0d6163bc1036179983f164adde009f,distance_from_own_immediate_activation,1.5676894782193789,False
LM,ORBFH,4,4,aad92d218c59cedc62e89e764b2c100c49d8e4e11a63156d2f2a8730765ac833,q_after,0.4408389538063332,False
LM,ORBFH,4,4,91d55ad055c90873a4b9b16c70345694cf7cec260baf6ce89ea632026765cf8f,q_after,0.41981601406416796,False
LM,ORBFH,4,4,b74477e088614db975b9ef3aaba64df62b78acfc4f63433e65ca1d0781dcffe1,distance_from_own_immediate_activation,0,False
LM,ORBFH,4,4,75df0f36573c040611750a4f824c17e612ade8e4b5e3a222af3a9c77dd369af4,distance_from_own_immediate_activation,0,False
LM,ORBFH,5,1,322b5d3c47aa80d2c94addc9a85c94282e44d92f9ccc5a0cf4cab593ea40cb3b,q_after,1.2365879177881762,False
LM,ORBFH,5,1,cc987485b7f9961ef45a3aeb9301abf629d197b349e59b58ed6f5592212f16a5,q_after,1.1408865924185074,False
LM,ORBFH,5,1,cc987485b7f9961ef45a3aeb9301abf629d197b349e59b58ed6f5592212f16a5,distance_from_own_immediate_activation,5.6435979123778548,False
LM,ORBFH,5,1,322b5d3c47aa80d2c94addc9a85c94282e44d92f9ccc5a0cf4cab593ea40cb3b,distance_from_own_immediate_activation,5.2346986845336216,False
LM,ORBFH,5,2,2bddd727c25564a726ac348f51d1ffda823ae39fb216cf89569a73cae07059f5,q_after,0.76917702453402503,False
LM,ORBFH,5,2,66382b6ef89ef9f71e15a2314296201fed047f27982dfa2ac4a5d47f623d6517,q_after,0.75451105935664597,False
LM,ORBFH,5,2,66382b6ef89ef9f71e15a2314296201fed047f27982dfa2ac4a5d47f623d6517,distance_from_own_immediate_activation,3.8218522597550479,False
LM,ORBFH,5,2,5026c8caf1aaf77a510a2e7112ea6dead0a567c357bbf597536dbb5c04efbe29,distance_from_own_immediate_activation,3.6613238948501108,False
LM,ORBFH,5,3,d4b109253c320baa212c079a8c8508e2df92d46eb2c28bdae70970323223535d,q_after,0.8565627370840333,False
LM,ORBFH,5,3,f323ac47cf55290d0500c21a611750c9e802834a99d06cbf85614b0bcb326a78,q_after,0.60673142157918936,False
LM,ORBFH,5,3,d4b109253c320baa212c079a8c8508e2df92d46eb2c28bdae70970323223535d,distance_from_own_immediate_activation,3.4063308870659696,False
LM,ORBFH,5,3,08f5ce1ca163e3700d35c52504edd1232b0d6163bc1036179983f164adde009f,distance_from_own_immediate_activation,2.5684663655283324,False
LM,ORBFH,5,4,b82a03e937cf2cf32073db5d914babf4ef1b871d8a539df433e363c50b0cd9a2,q_after,0.73429423162093244,False
LM,ORBFH,5,4,aad92d218c59cedc62e89e764b2c100c49d8e4e11a63156d2f2a8730765ac833,q_after,0.50013780205520586,False
LM,ORBFH,5,4,b82a03e937cf2cf32073db5d914babf4ef1b871d8a539df433e363c50b0cd9a2,distance_from_own_immediate_activation,3.3598108450667956,False
LM,ORBFH,5,4,1bb622c7c6612bdf2202db5f982ce1f40ed2910f9cd1fe2de0762fc61a4a3e75,distance_from_own_immediate_activation,1.6371260255979527,False
LM,ORBFH,5,5,589538be01a86310c56851a8bc919cd5960a401251a24f1727344c0e836aebfc,q_after,0.39014034427950817,False
LM,ORBFH,5,5,03978d9bb51185bc5bc0fd0557f8a1e3e1b1519b898e458631b2f74f5e5e21ca,q_after,0.38572886618424967,False
LM,ORBFH,5,5,5b84c1c1bac6d9c9495e0d2d313d0b616314a82781835eeed7f9f22473bf6d62,distance_from_own_immediate_activation,0,False
LM,ORBFH,5,5,e5ad6f2d686323a16d0fded4072da1dc7728d193c1789d134033681e537b2e49,distance_from_own_immediate_activation,0,False
LM,ORBFH,6,1,322b5d3c47aa80d2c94addc9a85c94282e44d92f9ccc5a0cf4cab593ea40cb3b,q_after,1.5977718622180255,False
LM,ORBFH,6,1,cc987485b7f9961ef45a3aeb9301abf629d197b349e59b58ed6f5592212f16a5,q_after,1.4228792112128823,False
LM,ORBFH,6,1,cc987485b7f9961ef45a3aeb9301abf629d197b349e59b58ed6f5592212f16a5,distance_from_own_immediate_activation,7.0649214612847144,False
LM,ORBFH,6,1,322b5d3c47aa80d2c94addc9a85c94282e44d92f9ccc5a0cf4cab593ea40cb3b,distance_from_own_immediate_activation,6.8649897695672273,False
LM,ORBFH,6,2,5026c8caf1aaf77a510a2e7112ea6dead0a567c357bbf597536dbb5c04efbe29,q_after,1.0360752623794907,False
LM,ORBFH,6,2,66382b6ef89ef9f71e15a2314296201fed047f27982dfa2ac4a5d47f623d6517,q_after,1.0179329374222097,False
LM,ORBFH,6,2,66382b6ef89ef9f71e15a2314296201fed047f27982dfa2ac4a5d47f623d6517,distance_from_own_immediate_activation,5.2973291051052067,False
LM,ORBFH,6,2,5026c8caf1aaf77a510a2e7112ea6dead0a567c357bbf597536dbb5c04efbe29,distance_from_own_immediate_activation,5.2092260300928439,False
LM,ORBFH,6,3,d4b109253c320baa212c079a8c8508e2df92d46eb2c28bdae70970323223535d,q_after,0.92843793493998894,False
LM,ORBFH,6,3,072ffab3160b3a6b8edfca068498490eed18736f0ef91b9be25ae02cde77e915,q_after,0.83816067803719041,False
LM,ORBFH,6,3,072ffab3160b3a6b8edfca068498490eed18736f0ef91b9be25ae02cde77e915,distance_from_own_immediate_activation,4.4381265360312279,False
LM,ORBFH,6,3,08f5ce1ca163e3700d35c52504edd1232b0d6163bc1036179983f164adde009f,distance_from_own_immediate_activation,4.0433195681604559,False
LM,ORBFH,6,4,b82a03e937cf2cf32073db5d914babf4ef1b871d8a539df433e363c50b0cd9a2,q_after,1.0237863871798427,False
LM,ORBFH,6,4,37c496524a48bc9ade27fc86e530315fb497fe1255b2c24a25574d8daa71f1d6,q_after,0.60042771770081005,False
LM,ORBFH,6,4,b82a03e937cf2cf32073db5d914babf4ef1b871d8a539df433e363c50b0cd9a2,distance_from_own_immediate_activation,4.9429116310096415,False
LM,ORBFH,6,4,eed7d047ce6f0c878b419c49f87b730fe8c31d5345eeacbf4c435618af30daf4,distance_from_own_immediate_activation,3.0317718759916907,False
LM,ORBFH,6,5,60141ed71c08336ce18411af9a934eea62501d656a44799383c418e0d0819796,q_after,0.67528428695651521,False
LM,ORBFH,6,5,5dac8ca8c59a3d30b0a15bd05363300d81e3dd3f281de5f84d7b9873ebfc1d59,q_after,0.46208320877268866,False
LM,ORBFH,6,5,60141ed71c08336ce18411af9a934eea62501d656a44799383c418e0d0819796,distance_from_own_immediate_activation,3.3746629048243584,False
LM,ORBFH,6,5,1e543ed765fee8f608339c37d36495fae6ddef24d15b7cfc2f9d11ed21987777,distance_from_own_immediate_activation,2.1238262973111075,False
LM,ORBFH,6,6,c830fdf05aa4ac2e0454d3330af591d266ad2745ce401e206462606b6030536b,q_after,0.38328309289318929,False
LM,ORBFH,6,6,ea4fa73dfc707f64dadf716c32883a8af3224b7f0982e7dbd4c692dcafc3be5d,q_after,0.38000638175723495,False
LM,ORBFH,6,6,8a9041037dbc17f886486516e3c6a025512c6bdc9ebc902afd1b7b83a6f28b04,distance_from_own_immediate_activation,0,False
LM,ORBFH,6,6,1cfe090c9861932226bef865ff03923d860fb91023a5ebe93c3bab1a657257cb,distance_from_own_immediate_activation,0,False
LM,ORBFH,7,1,322b5d3c47aa80d2c94addc9a85c94282e44d92f9ccc5a0cf4cab593ea40cb3b,q_after,1.8446018597512139,False
LM,ORBFH,7,1,cc987485b7f9961ef45a3aeb9301abf629d197b349e59b58ed6f5592212f16a5,q_after,1.7466543870765021,False
LM,ORBFH,7,1,cc987485b7f9961ef45a3aeb9301abf629d197b349e59b58ed6f5592212f16a5,distance_from_own_immediate_activation,8.6824720141266365,False
LM,ORBFH,7,1,322b5d3c47aa80d2c94addc9a85c94282e44d92f9ccc5a0cf4cab593ea40cb3b,distance_from_own_immediate_activation,7.9637925708637445,False
LM,ORBFH,7,2,66382b6ef89ef9f71e15a2314296201fed047f27982dfa2ac4a5d47f623d6517,q_after,1.3038772349082266,False
LM,ORBFH,7,2,2bddd727c25564a726ac348f51d1ffda823ae39fb216cf89569a73cae07059f5,q_after,1.237338202268196,False
LM,ORBFH,7,2,66382b6ef89ef9f71e15a2314296201fed047f27982dfa2ac4a5d47f623d6517,distance_from_own_immediate_activation,6.852857652369754,False
LM,ORBFH,7,2,5026c8caf1aaf77a510a2e7112ea6dead0a567c357bbf597536dbb5c04efbe29,distance_from_own_immediate_activation,6.2414934044221733,False
LM,ORBFH,7,3,072ffab3160b3a6b8edfca068498490eed18736f0ef91b9be25ae02cde77e915,q_after,1.0593889830284979,False
LM,ORBFH,7,3,dc5a45405701111c4a15791e8bd689e6fabc3f4277afe228804ee1edd8c36a7e,q_after,1.0301530086892641,False
LM,ORBFH,7,3,072ffab3160b3a6b8edfca068498490eed18736f0ef91b9be25ae02cde77e915,distance_from_own_immediate_activation,5.6952598793968878,False
LM,ORBFH,7,3,dc5a45405701111c4a15791e8bd689e6fabc3f4277afe228804ee1edd8c36a7e,distance_from_own_immediate_activation,5.2064717243095053,False
LM,ORBFH,7,4,b82a03e937cf2cf32073db5d914babf4ef1b871d8a539df433e363c50b0cd9a2,q_after,1.1354760899585998,False
LM,ORBFH,7,4,93600b87de421b460a9874df15d8a1640aa2239822d1cf04c23d562b75418fd0,q_after,0.78575485799617217,False
LM,ORBFH,7,4,b82a03e937cf2cf32073db5d914babf4ef1b871d8a539df433e363c50b0cd9a2,distance_from_own_immediate_activation,5.6030953050196883,False
LM,ORBFH,7,4,eed7d047ce6f0c878b419c49f87b730fe8c31d5345eeacbf4c435618af30daf4,distance_from_own_immediate_activation,4.5046522157034312,False
LM,ORBFH,7,5,60141ed71c08336ce18411af9a934eea62501d656a44799383c418e0d0819796,q_after,0.83518585070511886,False
LM,ORBFH,7,5,26709c0d9305daa30f843840e91d69d54c1aeacf2753d7fc0473ffab3ea0d0f8,q_after,0.57594793311407899,False
LM,ORBFH,7,5,60141ed71c08336ce18411af9a934eea62501d656a44799383c418e0d0819796,distance_from_own_immediate_activation,4.3415057539509387,False
LM,ORBFH,7,5,93d40e82bf7c4211b1bf6fdc4daf25656c1eb63dbd33b9d7b701096a62b386b0,distance_from_own_immediate_activation,3.0909075825311576,False
LM,ORBFH,7,6,747c585f04c3591e36bc833c9ceb06cf8c210fa7b2eada208f590ac0a1fa420e,q_after,0.64312646839733179,False
LM,ORBFH,7,6,3b5e495f8547e4789bdee4b85ae9826e19f84bedeca53cb002e5cf0ff73e9ada,q_after,0.62282940332516723,False
LM,ORBFH,7,6,3b5e495f8547e4789bdee4b85ae9826e19f84bedeca53cb002e5cf0ff73e9ada,distance_from_own_immediate_activation,3.3575228427343662,False
LM,ORBFH,7,6,747c585f04c3591e36bc833c9ceb06cf8c210fa7b2eada208f590ac0a1fa420e,distance_from_own_immediate_activation,2.8804435657519054,False
LM,ORBFH,7,7,1f991863bb58b0295ff9095ac7874a28d0c4f749c974fd226977d422b3608207,q_after,0.36439541822208366,False
LM,ORBFH,7,7,39df5e219a58a86d2c8e60c596fe6fdfa636778b1a6339691dc1a4e68695a3c1,q_after,0.34901462236961361,False
LM,ORBFH,7,7,d82b4b74485c4ef9b4b12f1c2fabad4c0109165ed4e5d7f934133ea726a65ae9,distance_from_own_immediate_activation,0,False
LM,ORBFH,7,7,f6676ed348d4d873923c058111d2f76ed59e8b3bffd08a972593e7195e1501db,distance_from_own_immediate_activation,0,False
LM,ORBFH,8,1,322b5d3c47aa80d2c94addc9a85c94282e44d92f9ccc5a0cf4cab593ea40cb3b,q_after,2.3679109334528516,False
LM,ORBFH,8,1,cc987485b7f9961ef45a3aeb9301abf629d197b349e59b58ed6f5592212f16a5,q_after,2.1126240440104507,False
LM,ORBFH,8,1,cc987485b7f9961ef45a3aeb9301abf629d197b349e59b58ed6f5592212f16a5,distance_from_own_immediate_activation,10.511044928657842,False
LM,ORBFH,8,1,322b5d3c47aa80d2c94addc9a85c94282e44d92f9ccc5a0cf4cab593ea40cb3b,distance_from_own_immediate_activation,10.280708359705249,False
LM,ORBFH,8,2,66382b6ef89ef9f71e15a2314296201fed047f27982dfa2ac4a5d47f623d6517,q_after,1.6235234061826103,False
LM,ORBFH,8,2,2bddd727c25564a726ac348f51d1ffda823ae39fb216cf89569a73cae07059f5,q_after,1.5814134834314173,False
LM,ORBFH,8,2,66382b6ef89ef9f71e15a2314296201fed047f27982dfa2ac4a5d47f623d6517,distance_from_own_immediate_activation,8.5419026145557524,False
LM,ORBFH,8,2,5026c8caf1aaf77a510a2e7112ea6dead0a567c357bbf597536dbb5c04efbe29,distance_from_own_immediate_activation,7.7792809227912878,False
LM,ORBFH,8,3,dc5a45405701111c4a15791e8bd689e6fabc3f4277afe228804ee1edd8c36a7e,q_after,1.3894803274729806,False
LM,ORBFH,8,3,072ffab3160b3a6b8edfca068498490eed18736f0ef91b9be25ae02cde77e915,q_after,1.3771483501443371,False
LM,ORBFH,8,3,072ffab3160b3a6b8edfca068498490eed18736f0ef91b9be25ae02cde77e915,distance_from_own_immediate_activation,7.4439702947268387,False
LM,ORBFH,8,3,dc5a45405701111c4a15791e8bd689e6fabc3f4277afe228804ee1edd8c36a7e,distance_from_own_immediate_activation,7.0584501797801789,False
LM,ORBFH,8,4,b82a03e937cf2cf32073db5d914babf4ef1b871d8a539df433e363c50b0cd9a2,q_after,1.4944530262277034,False
LM,ORBFH,8,4,93600b87de421b460a9874df15d8a1640aa2239822d1cf04c23d562b75418fd0,q_after,1.0578005547025899,False
LM,ORBFH,8,4,b82a03e937cf2cf32073db5d914babf4ef1b871d8a539df433e363c50b0cd9a2,distance_from_own_immediate_activation,7.5608830749336411,False
LM,ORBFH,8,4,eed7d047ce6f0c878b419c49f87b730fe8c31d5345eeacbf4c435618af30daf4,distance_from_own_immediate_activation,6.2805757222644258,False
LM,ORBFH,8,5,60141ed71c08336ce18411af9a934eea62501d656a44799383c418e0d0819796,q_after,1.3528410020985522,False
LM,ORBFH,8,5,26709c0d9305daa30f843840e91d69d54c1aeacf2753d7fc0473ffab3ea0d0f8,q_after,0.8585869006799689,False
LM,ORBFH,8,5,60141ed71c08336ce18411af9a934eea62501d656a44799383c418e0d0819796,distance_from_own_immediate_activation,7.1408746448239482,False
LM,ORBFH,8,5,93d40e82bf7c4211b1bf6fdc4daf25656c1eb63dbd33b9d7b701096a62b386b0,distance_from_own_immediate_activation,4.8107310492345077,False
LM,ORBFH,8,6,747c585f04c3591e36bc833c9ceb06cf8c210fa7b2eada208f590ac0a1fa420e,q_after,1.1937457141258103,False
LM,ORBFH,8,6,3b5e495f8547e4789bdee4b85ae9826e19f84bedeca53cb002e5cf0ff73e9ada,q_after,1.1520710509181036,False
LM,ORBFH,8,6,3b5e495f8547e4789bdee4b85ae9826e19f84bedeca53cb002e5cf0ff73e9ada,distance_from_own_immediate_activation,7.1906210604554568,False
LM,ORBFH,8,6,747c585f04c3591e36bc833c9ceb06cf8c210fa7b2eada208f590ac0a1fa420e,distance_from_own_immediate_activation,6.2171772616575423,False
LM,ORBFH,8,7,c7dd6cc253ee760a4cd10d9db4ebc6784e91ff803923e397b27a0011a0de4a57,q_after,0.79556536977602499,False
LM,ORBFH,8,7,f4e0075f78eae9b70b7c7764bfa12465bad9e5a94db01ea7d61a5963665213ce,q_after,0.61177932627643239,False
LM,ORBFH,8,7,c7dd6cc253ee760a4cd10d9db4ebc6784e91ff803923e397b27a0011a0de4a57,distance_from_own_immediate_activation,5.6143341947520273,False
LM,ORBFH,8,7,f4e0075f78eae9b70b7c7764bfa12465bad9e5a94db01ea7d61a5963665213ce,distance_from_own_immediate_activation,3.6015410919352635,False
LM,ORBFH,8,8,af66ed3714a102e1ed4481ef7fb5d422bfb3471808413ad77b3edb92f8d9a40d,q_after,0.33202416494508502,False
LM,ORBFH,8,8,14dbbab0e85cb733c55c1f6621a15e8e6b33644b9807182539515c25d8f2233b,q_after,0.33177024326981219,False
LM,ORBFH,8,8,f30078d6d8f44bf7dc4c8052ae871614b00ba8bb789b67892dbf178a85412fe1,distance_from_own_immediate_activation,0,False
LM,ORBFH,8,8,c9f8952620ae02f32df759f1d9dd4e4dd404b9459172fb5c7f3185720ee9cef5,distance_from_own_immediate_activation,0,False
LM,ORBFH,9,1,322b5d3c47aa80d2c94addc9a85c94282e44d92f9ccc5a0cf4cab593ea40cb3b,q_after,2.3679107868551816,False
LM,ORBFH,9,1,cc987485b7f9961ef45a3aeb9301abf629d197b349e59b58ed6f5592212f16a5,q_after,2.1126247453215918,False
LM,ORBFH,9,1,cc987485b7f9961ef45a3aeb9301abf629d197b349e59b58ed6f5592212f16a5,distance_from_own_immediate_activation,10.511048439526791,False
LM,ORBFH,9,1,322b5d3c47aa80d2c94addc9a85c94282e44d92f9ccc5a0cf4cab593ea40cb3b,distance_from_own_immediate_activation,10.280707761446747,False
LM,ORBFH,9,2,66382b6ef89ef9f71e15a2314296201fed047f27982dfa2ac4a5d47f623d6517,q_after,1.6235241543621657,False
LM,ORBFH,9,2,2bddd727c25564a726ac348f51d1ffda823ae39fb216cf89569a73cae07059f5,q_after,1.5814152900256024,False
LM,ORBFH,9,2,66382b6ef89ef9f71e15a2314296201fed047f27982dfa2ac4a5d47f623d6517,distance_from_own_immediate_activation,8.5419064829090683,False
LM,ORBFH,9,2,5026c8caf1aaf77a510a2e7112ea6dead0a567c357bbf597536dbb5c04efbe29,distance_from_own_immediate_activation,7.7792887952080365,False
LM,ORBFH,9,3,dc5a45405701111c4a15791e8bd689e6fabc3f4277afe228804ee1edd8c36a7e,q_after,1.3894819464464279,False
LM,ORBFH,9,3,072ffab3160b3a6b8edfca068498490eed18736f0ef91b9be25ae02cde77e915,q_after,1.3771492392033693,False
LM,ORBFH,9,3,072ffab3160b3a6b8edfca068498490eed18736f0ef91b9be25ae02cde77e915,distance_from_own_immediate_activation,7.4439753134789415,False
LM,ORBFH,9,3,dc5a45405701111c4a15791e8bd689e6fabc3f4277afe228804ee1edd8c36a7e,distance_from_own_immediate_activation,7.0584584069976213,False
LM,ORBFH,9,4,b82a03e937cf2cf32073db5d914babf4ef1b871d8a539df433e363c50b0cd9a2,q_after,1.4944531054857104,False
LM,ORBFH,9,4,93600b87de421b460a9874df15d8a1640aa2239822d1cf04c23d562b75418fd0,q_after,1.0578016216368749,False
LM,ORBFH,9,4,b82a03e937cf2cf32073db5d914babf4ef1b871d8a539df433e363c50b0cd9a2,distance_from_own_immediate_activation,7.5608835975312347,False
LM,ORBFH,9,4,eed7d047ce6f0c878b419c49f87b730fe8c31d5345eeacbf4c435618af30daf4,distance_from_own_immediate_activation,6.2805785533036094,False
LM,ORBFH,9,5,60141ed71c08336ce18411af9a934eea62501d656a44799383c418e0d0819796,q_after,1.3528413093386173,False
LM,ORBFH,9,5,26709c0d9305daa30f843840e91d69d54c1aeacf2753d7fc0473ffab3ea0d0f8,q_after,0.8585876606858367,False
LM,ORBFH,9,5,60141ed71c08336ce18411af9a934eea62501d656a44799383c418e0d0819796,distance_from_own_immediate_activation,7.1408763451241883,False
LM,ORBFH,9,5,93d40e82bf7c4211b1bf6fdc4daf25656c1eb63dbd33b9d7b701096a62b386b0,distance_from_own_immediate_activation,4.8107337887731738,False
LM,ORBFH,9,6,747c585f04c3591e36bc833c9ceb06cf8c210fa7b2eada208f590ac0a1fa420e,q_after,1.1937457980635369,False
LM,ORBFH,9,6,3b5e495f8547e4789bdee4b85ae9826e19f84bedeca53cb002e5cf0ff73e9ada,q_after,1.1520709820172588,False
LM,ORBFH,9,6,3b5e495f8547e4789bdee4b85ae9826e19f84bedeca53cb002e5cf0ff73e9ada,distance_from_own_immediate_activation,7.190620811448027,False
LM,ORBFH,9,6,747c585f04c3591e36bc833c9ceb06cf8c210fa7b2eada208f590ac0a1fa420e,distance_from_own_immediate_activation,6.2171778531149062,False
LM,ORBFH,9,7,c7dd6cc253ee760a4cd10d9db4ebc6784e91ff803923e397b27a0011a0de4a57,q_after,0.79556534194655237,False
LM,ORBFH,9,7,f4e0075f78eae9b70b7c7764bfa12465bad9e5a94db01ea7d61a5963665213ce,q_after,0.61177921523294398,False
LM,ORBFH,9,7,c7dd6cc253ee760a4cd10d9db4ebc6784e91ff803923e397b27a0011a0de4a57,distance_from_own_immediate_activation,5.6143340789216882,False
LM,ORBFH,9,7,f4e0075f78eae9b70b7c7764bfa12465bad9e5a94db01ea7d61a5963665213ce,distance_from_own_immediate_activation,3.6015410695622654,False
LM,ORBFH,9,8,af66ed3714a102e1ed4481ef7fb5d422bfb3471808413ad77b3edb92f8d9a40d,q_after,0.33202405055817635,False
LM,ORBFH,9,8,14dbbab0e85cb733c55c1f6621a15e8e6b33644b9807182539515c25d8f2233b,q_after,0.3317704778030206,False
LM,ORBFH,9,8,c9f8952620ae02f32df759f1d9dd4e4dd404b9459172fb5c7f3185720ee9cef5,distance_from_own_immediate_activation,3.6190982218028643e-05,False
LM,ORBFH,9,8,3439c8e1ba0d74fe89e542d97d1c65f30e14af6c79df43abe1e88fee2261810c,distance_from_own_immediate_activation,1.9280758667509015e-05,False
LM,ORBFH,9,9,c8759136267f7e6af3367ae9d6b1891b5f2533ffe01bc2ffb0d0de1cb8e9085e,q_after,0.99999698614168853,False
LM,ORBFH,9,9,e29de53513911a0a608790b663bc01be302b70ae5e7f8becbcffec76fa2b0d92,q_after,0.99999685205227185,False
LM,ORBFH,9,9,194178db5ac524e6c7517cc57e2e3431cff936ec930778a4b17ef981c4514f7f,distance_from_own_immediate_activation,0,False
LM,ORBFH,9,9,31d57823193fde3c88a529a47704ed415975d35c2ef62ca633ff76987bd7b939,distance_from_own_immediate_activation,0,False
LM,ORBFH,10,1,cc987485b7f9961ef45a3aeb9301abf629d197b349e59b58ed6f5592212f16a5,q_after,2.6419400503753829,False
LM,ORBFH,10,1,322b5d3c47aa80d2c94addc9a85c94282e44d92f9ccc5a0cf4cab593ea40cb3b,q_after,2.4553329337258702,False
LM,ORBFH,10,1,cc987485b7f9961ef45a3aeb9301abf629d197b349e59b58ed6f5592212f16a5,distance_from_own_immediate_activation,13.143626569569854,False
LM,ORBFH,10,1,2a8f1b4955bc1a289af449ade95dfac602e09ca669c961f5c2f949575e94e148,distance_from_own_immediate_activation,11.407084357964424,False
LM,ORBFH,10,2,66382b6ef89ef9f71e15a2314296201fed047f27982dfa2ac4a5d47f623d6517,q_after,2.0909601338726125,False
LM,ORBFH,10,2,5026c8caf1aaf77a510a2e7112ea6dead0a567c357bbf597536dbb5c04efbe29,q_after,2.0469116971885444,False
LM,ORBFH,10,2,66382b6ef89ef9f71e15a2314296201fed047f27982dfa2ac4a5d47f623d6517,distance_from_own_immediate_activation,11.042702505041211,False
LM,ORBFH,10,2,5026c8caf1aaf77a510a2e7112ea6dead0a567c357bbf597536dbb5c04efbe29,distance_from_own_immediate_activation,10.395167561899262,False
LM,ORBFH,10,3,dc5a45405701111c4a15791e8bd689e6fabc3f4277afe228804ee1edd8c36a7e,q_after,1.9460883379038842,False
LM,ORBFH,10,3,072ffab3160b3a6b8edfca068498490eed18736f0ef91b9be25ae02cde77e915,q_after,1.8414048525532156,False
LM,ORBFH,10,3,072ffab3160b3a6b8edfca068498490eed18736f0ef91b9be25ae02cde77e915,distance_from_own_immediate_activation,9.9823334832176336,False
LM,ORBFH,10,3,dc5a45405701111c4a15791e8bd689e6fabc3f4277afe228804ee1edd8c36a7e,distance_from_own_immediate_activation,9.871076867930352,False
LM,ORBFH,10,4,5abd3eacc2d9d05cc7ca87403cf11e70f930a513e505a3fdd178946f2b51a3f2,q_after,1.6158846552418895,False
LM,ORBFH,10,4,b82a03e937cf2cf32073db5d914babf4ef1b871d8a539df433e363c50b0cd9a2,q_after,1.5193843399117546,False
LM,ORBFH,10,4,eed7d047ce6f0c878b419c49f87b730fe8c31d5345eeacbf4c435618af30daf4,distance_from_own_immediate_activation,8.6683780825074876,False
LM,ORBFH,10,4,5f53c1f3ef70e715997cf8c292350e788a50dc66cb5481b91ca73c634e185290,distance_from_own_immediate_activation,8.3868476335426987,False
LM,ORBFH,10,5,60141ed71c08336ce18411af9a934eea62501d656a44799383c418e0d0819796,q_after,1.3801108395321215,False
LM,ORBFH,10,5,93d40e82bf7c4211b1bf6fdc4daf25656c1eb63dbd33b9d7b701096a62b386b0,q_after,1.287573277355706,False
LM,ORBFH,10,5,93d40e82bf7c4211b1bf6fdc4daf25656c1eb63dbd33b9d7b701096a62b386b0,distance_from_own_immediate_activation,7.5729937456298835,False
LM,ORBFH,10,5,60141ed71c08336ce18411af9a934eea62501d656a44799383c418e0d0819796,distance_from_own_immediate_activation,7.3123871488897478,False
LM,ORBFH,10,6,747c585f04c3591e36bc833c9ceb06cf8c210fa7b2eada208f590ac0a1fa420e,q_after,1.2315516640161852,False
LM,ORBFH,10,6,3b5e495f8547e4789bdee4b85ae9826e19f84bedeca53cb002e5cf0ff73e9ada,q_after,1.1786640193999653,False
LM,ORBFH,10,6,3b5e495f8547e4789bdee4b85ae9826e19f84bedeca53cb002e5cf0ff73e9ada,distance_from_own_immediate_activation,7.4003637926013566,False
LM,ORBFH,10,6,747c585f04c3591e36bc833c9ceb06cf8c210fa7b2eada208f590ac0a1fa420e,distance_from_own_immediate_activation,6.4655473379975597,False
LM,ORBFH,10,7,c7dd6cc253ee760a4cd10d9db4ebc6784e91ff803923e397b27a0011a0de4a57,q_after,0.84406268015728525,False
LM,ORBFH,10,7,12eba25f6d34cb692fdc2814121075167a0d50bcc53fa7da85ab4a2b38fa4731,q_after,0.75364768451867403,False
LM,ORBFH,10,7,c7dd6cc253ee760a4cd10d9db4ebc6784e91ff803923e397b27a0011a0de4a57,distance_from_own_immediate_activation,5.9914396394260825,False
LM,ORBFH,10,7,b665c32ee7e24c22073a0a71b668c7f329575fb3a681b608e27f707739554ee4,distance_from_own_immediate_activation,5.1364807071502181,False
LM,ORBFH,10,8,9184167df01e188bc50b20aa3d37e7cbe0867b72c098debaefb5fab02ac36d6c,q_after,0.48700475798176635,False
LM,ORBFH,10,8,c95ddfad34fb4fbee7009ffdfb786ccd140107d3c82e6d0c2b9a77e743cd29bd,q_after,0.46140880347935409,False
LM,ORBFH,10,8,9184167df01e188bc50b20aa3d37e7cbe0867b72c098debaefb5fab02ac36d6c,distance_from_own_immediate_activation,3.7179767716547762,False
LM,ORBFH,10,8,cc5d2256d22c771ad4e6e019a0d5840572b27706f7aa2db9725fad6dee83ab25,distance_from_own_immediate_activation,3.1044821373732057,False
LM,ORBFH,10,9,34f0b1d3b996b166f46034d14c1f680b2bbe466223c79c8bfc58fdbe72b74cf9,q_after,49196.276768340751,False
LM,ORBFH,10,9,e7fef22c6caa23fa3b677a0b54a10f4feea31664c1a506944abcb6698f17b9c0,q_after,1.1221931300183843,False
LM,ORBFH,10,9,e72a3697074a75e0ce3469b763eaedfc7d28cf62bc993b2c901c87fe808ee52d,distance_from_own_immediate_activation,3.7053785708809612,False
LM,ORBFH,10,9,3667bf449c5e7ea7f2b64bc92e814317146c552dd0cb04da912354dc441b1937,distance_from_own_immediate_activation,3.6945213455776136,False
LM,ORBFH,10,10,533a825d82a29fa7292590b905b923b441c683ed86a219d04fc4019037146c5a,q_after,0.37613439177781743,False
LM,ORBFH,10,10,068a195ae8d0a3100e99a0cc1d80c402a484c940b1a7d9dc59d0de151d585ee5,q_after,0.35733901545301755,False
LM,ORBFH,10,10,498726f516ca2b5b6c3abb41abe5aabe486467b0175f90d10eb394571795ce5a,distance_from_own_immediate_activation,0,False
LM,ORBFH,10,10,9894445f110df76e317bb1ab36bffa15c2e90d4335205e958131010a783cf63d,distance_from_own_immediate_activation,0,False
LM,JAC,1,1,cb7c55a4e2dd79332d59c67a80558cdd018be66887291ba61bda4f4cd96f0c0d,q_after,0.48086341958729079,False
LM,JAC,1,1,042d6957cbf51889a68f9ec05692ae02395bbfb258ab0b145b56d98b06844fc8,q_after,0.46950387509920211,False
LM,JAC,1,1,285a3add6f31d8546b0d76689a016bc0f9f7d8e58c95f54e87bba48ad5cabc65,distance_from_own_immediate_activation,0,False
LM,JAC,1,1,6abbaf2496b409f11036390da3b47c9272a243b8a164ca3d9f9a65fafbec985d,distance_from_own_immediate_activation,0,False
LM,JAC,2,1,6a691cf16b423bb1d5a6ce4bf3417dd2d707fdac2436c48131dec1cd89b48a6b,q_after,0.55401232585620508,False
LM,JAC,2,1,569f1a97c3971140f8e826932006d0d697bae8da7872d2105db2e6eab60839d6,q_after,0.53925569645711002,False
LM,JAC,2,1,569f1a97c3971140f8e826932006d0d697bae8da7872d2105db2e6eab60839d6,distance_from_own_immediate_activation,2.4628475227923592,False
LM,JAC,2,1,6a691cf16b423bb1d5a6ce4bf3417dd2d707fdac2436c48131dec1cd89b48a6b,distance_from_own_immediate_activation,2.3032676172888498,False
LM,JAC,2,2,d8d352d25aea997ddcc87eb32a33e036523df16bad570e7d6fd11321ceb983a8,q_after,0.45981932291785699,False
LM,JAC,2,2,0bd2026793f0bdd3dfddcb3a86a61c5ef3c5be75d9b27d7f82d467e67e81a002,q_after,0.44911058447670832,False
LM,JAC,2,2,f742e3b08cc43666fd7f6e3f269849a7e50f2847ec2b4e38de638a9da8e99747,distance_from_own_immediate_activation,0,False
LM,JAC,2,2,c00ba5c00aeed6290e334d4cd5abd3b223eb0b0d3fe00c61dd63a733904b0504,distance_from_own_immediate_activation,0,False
LM,JAC,3,1,569f1a97c3971140f8e826932006d0d697bae8da7872d2105db2e6eab60839d6,q_after,0.84625418756293724,False
LM,JAC,3,1,d97bda6d6a887cafe4132a43d6d106a50a3a151b295c299fbaa9079c4004d670,q_after,0.79715716883026466,False
LM,JAC,3,1,569f1a97c3971140f8e826932006d0d697bae8da7872d2105db2e6eab60839d6,distance_from_own_immediate_activation,4.0281506250211443,False
LM,JAC,3,1,cc987485b7f9961ef45a3aeb9301abf629d197b349e59b58ed6f5592212f16a5,distance_from_own_immediate_activation,3.2794225965452317,False
LM,JAC,3,2,b0c20d38500ad4521ae3e47157046f338c94e17b778deacf80e250509b34bcc9,q_after,0.51081229149591478,False
LM,JAC,3,2,3f70e23daea047bcfed877ba67079e2053829b1ba923cc930c0af6ea5139c1e3,q_after,0.50462523550696403,False
LM,JAC,3,2,b0c20d38500ad4521ae3e47157046f338c94e17b778deacf80e250509b34bcc9,distance_from_own_immediate_activation,2.4928424442957113,False
LM,JAC,3,2,98ae105e841eaf92fb0f91823d4b3f0a71f11808ee0acc1d5216a42145817cd2,distance_from_own_immediate_activation,2.0573441071817644,False
LM,JAC,3,3,2f3c0f51cd67fd96e775a4e0d4b97c84e1a62d06e2929f26d3fb15123957392f,q_after,0.51080236907586929,False
LM,JAC,3,3,5048daec8eda8a9d3c95b043bcae37662854fde7ae07fc2a6a740cabba3039fb,q_after,0.47319677544241173,False
LM,JAC,3,3,5fe5cc36167302a9bb9453cf9a190bce75a6ebf70356e4b2d43262df4ea70e7e,distance_from_own_immediate_activation,0,False
LM,JAC,3,3,748b77c32e5597fd9ab954ae967d71dfca3c97aa792238480bf57c353b9f7c3b,distance_from_own_immediate_activation,0,False
LM,JAC,4,1,cc987485b7f9961ef45a3aeb9301abf629d197b349e59b58ed6f5592212f16a5,q_after,0.97112681273118906,False
LM,JAC,4,1,322b5d3c47aa80d2c94addc9a85c94282e44d92f9ccc5a0cf4cab593ea40cb3b,q_after,0.93056705907971682,False
LM,JAC,4,1,cc987485b7f9961ef45a3aeb9301abf629d197b349e59b58ed6f5592212f16a5,distance_from_own_immediate_activation,4.7476997930313418,False
LM,JAC,4,1,569f1a97c3971140f8e826932006d0d697bae8da7872d2105db2e6eab60839d6,distance_from_own_immediate_activation,4.2618256382433408,False
LM,JAC,4,2,66382b6ef89ef9f71e15a2314296201fed047f27982dfa2ac4a5d47f623d6517,q_after,0.64149204800232351,False
LM,JAC,4,2,5026c8caf1aaf77a510a2e7112ea6dead0a567c357bbf597536dbb5c04efbe29,q_after,0.60632511652071719,False
LM,JAC,4,2,66382b6ef89ef9f71e15a2314296201fed047f27982dfa2ac4a5d47f623d6517,distance_from_own_immediate_activation,3.110911578275787,False
LM,JAC,4,2,b0c20d38500ad4521ae3e47157046f338c94e17b778deacf80e250509b34bcc9,distance_from_own_immediate_activation,2.774067833328647,False
LM,JAC,4,3,2f3c0f51cd67fd96e775a4e0d4b97c84e1a62d06e2929f26d3fb15123957392f,q_after,0.54628141339900549,False
LM,JAC,4,3,5048daec8eda8a9d3c95b043bcae37662854fde7ae07fc2a6a740cabba3039fb,q_after,0.5205076215303307,False
LM,JAC,4,3,08f5ce1ca163e3700d35c52504edd1232b0d6163bc1036179983f164adde009f,distance_from_own_immediate_activation,1.6954227267266617,False
LM,JAC,4,3,1c096075c30243a8f8f3f6ac437366cb09800ff64fa917507887d95a7c36fe1f,distance_from_own_immediate_activation,1.6554093645095929,False
LM,JAC,4,4,91d55ad055c90873a4b9b16c70345694cf7cec260baf6ce89ea632026765cf8f,q_after,0.44645320888040563,False
LM,JAC,4,4,4e5b31fe9b5fc66bc908a9e9542bd017c57e8f10c137dbb0f6c9484f93ce6e52,q_after,0.42713577407557496,False
LM,JAC,4,4,b74477e088614db975b9ef3aaba64df62b78acfc4f63433e65ca1d0781dcffe1,distance_from_own_immediate_activation,0,False
LM,JAC,4,4,75df0f36573c040611750a4f824c17e612ade8e4b5e3a222af3a9c77dd369af4,distance_from_own_immediate_activation,0,False
LM,JAC,5,1,322b5d3c47aa80d2c94addc9a85c94282e44d92f9ccc5a0cf4cab593ea40cb3b,q_after,1.2598319030225502,False
LM,JAC,5,1,d97bda6d6a887cafe4132a43d6d106a50a3a151b295c299fbaa9079c4004d670,q_after,1.1365486603379689,False
LM,JAC,5,1,cc987485b7f9961ef45a3aeb9301abf629d197b349e59b58ed6f5592212f16a5,distance_from_own_immediate_activation,5.4512940432159356,False
LM,JAC,5,1,322b5d3c47aa80d2c94addc9a85c94282e44d92f9ccc5a0cf4cab593ea40cb3b,distance_from_own_immediate_activation,5.2411011996338157,False
LM,JAC,5,2,2bddd727c25564a726ac348f51d1ffda823ae39fb216cf89569a73cae07059f5,q_after,0.75929864451613061,False
LM,JAC,5,2,66382b6ef89ef9f71e15a2314296201fed047f27982dfa2ac4a5d47f623d6517,q_after,0.75191832826375438,False
LM,JAC,5,2,66382b6ef89ef9f71e15a2314296201fed047f27982dfa2ac4a5d47f623d6517,distance_from_own_immediate_activation,3.7428416466676202,False
LM,JAC,5,2,5026c8caf1aaf77a510a2e7112ea6dead0a567c357bbf597536dbb5c04efbe29,distance_from_own_immediate_activation,3.5550019218988878,False
LM,JAC,5,3,d4b109253c320baa212c079a8c8508e2df92d46eb2c28bdae70970323223535d,q_after,0.85498661775300155,False
LM,JAC,5,3,2f3c0f51cd67fd96e775a4e0d4b97c84e1a62d06e2929f26d3fb15123957392f,q_after,0.64191220234067081,False
LM,JAC,5,3,d4b109253c320baa212c079a8c8508e2df92d46eb2c28bdae70970323223535d,distance_from_own_immediate_activation,3.3705167607379067,False
LM,JAC,5,3,08f5ce1ca163e3700d35c52504edd1232b0d6163bc1036179983f164adde009f,distance_from_own_immediate_activation,2.6338370402588986,False
LM,JAC,5,4,b82a03e937cf2cf32073db5d914babf4ef1b871d8a539df433e363c50b0cd9a2,q_after,0.76191730125842816,False
LM,JAC,5,4,4e5b31fe9b5fc66bc908a9e9542bd017c57e8f10c137dbb0f6c9484f93ce6e52,q_after,0.49449057899147081,False
LM,JAC,5,4,b82a03e937cf2cf32073db5d914babf4ef1b871d8a539df433e363c50b0cd9a2,distance_from_own_immediate_activation,3.4247884655047778,False
LM,JAC,5,4,1bb622c7c6612bdf2202db5f982ce1f40ed2910f9cd1fe2de0762fc61a4a3e75,distance_from_own_immediate_activation,1.6524551029932122,False
LM,JAC,5,5,5dac8ca8c59a3d30b0a15bd05363300d81e3dd3f281de5f84d7b9873ebfc1d59,q_after,0.44579961025416753,False
LM,JAC,5,5,589538be01a86310c56851a8bc919cd5960a401251a24f1727344c0e836aebfc,q_after,0.4145714611483321,False
LM,JAC,5,5,5b84c1c1bac6d9c9495e0d2d313d0b616314a82781835eeed7f9f22473bf6d62,distance_from_own_immediate_activation,0,False
LM,JAC,5,5,e5ad6f2d686323a16d0fded4072da1dc7728d193c1789d134033681e537b2e49,distance_from_own_immediate_activation,0,False
LM,JAC,6,1,322b5d3c47aa80d2c94addc9a85c94282e44d92f9ccc5a0cf4cab593ea40cb3b,q_after,1.2598317855358174,False
LM,JAC,6,1,d97bda6d6a887cafe4132a43d6d106a50a3a151b295c299fbaa9079c4004d670,q_after,1.1365487418102302,False
LM,JAC,6,1,cc987485b7f9961ef45a3aeb9301abf629d197b349e59b58ed6f5592212f16a5,distance_from_own_immediate_activation,5.4512932589754435,False
LM,JAC,6,1,322b5d3c47aa80d2c94addc9a85c94282e44d92f9ccc5a0cf4cab593ea40cb3b,distance_from_own_immediate_activation,5.2411006569496656,False
LM,JAC,6,2,2bddd727c25564a726ac348f51d1ffda823ae39fb216cf89569a73cae07059f5,q_after,0.75929823631864368,False
LM,JAC,6,2,66382b6ef89ef9f71e15a2314296201fed047f27982dfa2ac4a5d47f623d6517,q_after,0.75191833670043218,False
LM,JAC,6,2,66382b6ef89ef9f71e15a2314296201fed047f27982dfa2ac4a5d47f623d6517,distance_from_own_immediate_activation,3.7428415683393212,False
LM,JAC,6,2,5026c8caf1aaf77a510a2e7112ea6dead0a567c357bbf597536dbb5c04efbe29,distance_from_own_immediate_activation,3.5550019512717386,False
LM,JAC,6,3,d4b109253c320baa212c079a8c8508e2df92d46eb2c28bdae70970323223535d,q_after,0.85498665525530448,False
LM,JAC,6,3,2f3c0f51cd67fd96e775a4e0d4b97c84e1a62d06e2929f26d3fb15123957392f,q_after,0.64191204207191521,False
LM,JAC,6,3,d4b109253c320baa212c079a8c8508e2df92d46eb2c28bdae70970323223535d,distance_from_own_immediate_activation,3.3705169075859507,False
LM,JAC,6,3,08f5ce1ca163e3700d35c52504edd1232b0d6163bc1036179983f164adde009f,distance_from_own_immediate_activation,2.6338355094106785,False
LM,JAC,6,4,b82a03e937cf2cf32073db5d914babf4ef1b871d8a539df433e363c50b0cd9a2,q_after,0.76191724962584395,False
LM,JAC,6,4,4e5b31fe9b5fc66bc908a9e9542bd017c57e8f10c137dbb0f6c9484f93ce6e52,q_after,0.49449046467795343,False
LM,JAC,6,4,b82a03e937cf2cf32073db5d914babf4ef1b871d8a539df433e363c50b0cd9a2,distance_from_own_immediate_activation,3.4247884668000088,False
LM,JAC,6,4,1bb622c7c6612bdf2202db5f982ce1f40ed2910f9cd1fe2de0762fc61a4a3e75,distance_from_own_immediate_activation,1.6524557670481126,False
LM,JAC,6,5,5dac8ca8c59a3d30b0a15bd05363300d81e3dd3f281de5f84d7b9873ebfc1d59,q_after,0.44579958054111679,False
LM,JAC,6,5,589538be01a86310c56851a8bc919cd5960a401251a24f1727344c0e836aebfc,q_after,0.41457108937719289,False
LM,JAC,6,5,01420d17129502bfc2d99502119265411afc6383420061477e4653a3673ccd4a,distance_from_own_immediate_activation,1.1990358966571485e-05,False
LM,JAC,6,5,6dfd5df857b5268f808fcf0ad79f7d10b6b19d563d669ff4f33bfcf7d82131d1,distance_from_own_immediate_activation,1.0762941051479334e-05,False
LM,JAC,6,6,747c585f04c3591e36bc833c9ceb06cf8c210fa7b2eada208f590ac0a1fa420e,q_after,1.0114805517642065,False
LM,JAC,6,6,b2d3bfd0022fe482b534d7dde378dabbe04460fadfccdebb0d6e4aea8682d35a,q_after,0.99999987437551285,False
LM,JAC,6,6,8a9041037dbc17f886486516e3c6a025512c6bdc9ebc902afd1b7b83a6f28b04,distance_from_own_immediate_activation,0,False
LM,JAC,6,6,1cfe090c9861932226bef865ff03923d860fb91023a5ebe93c3bab1a657257cb,distance_from_own_immediate_activation,0,False
LM,JAC,7,1,322b5d3c47aa80d2c94addc9a85c94282e44d92f9ccc5a0cf4cab593ea40cb3b,q_after,1.5419549384584834,False
LM,JAC,7,1,cc987485b7f9961ef45a3aeb9301abf629d197b349e59b58ed6f5592212f16a5,q_after,1.30322803064653,False
LM,JAC,7,1,322b5d3c47aa80d2c94addc9a85c94282e44d92f9ccc5a0cf4cab593ea40cb3b,distance_from_own_immediate_activation,6.5333053779005912,False
LM,JAC,7,1,cc987485b7f9961ef45a3aeb9301abf629d197b349e59b58ed6f5592212f16a5,distance_from_own_immediate_activation,6.4253407308707784,False
LM,JAC,7,2,66382b6ef89ef9f71e15a2314296201fed047f27982dfa2ac4a5d47f623d6517,q_after,0.93955232209107364,False
LM,JAC,7,2,2bddd727c25564a726ac348f51d1ffda823ae39fb216cf89569a73cae07059f5,q_after,0.93182339489525157,False
LM,JAC,7,2,66382b6ef89ef9f71e15a2314296201fed047f27982dfa2ac4a5d47f623d6517,distance_from_own_immediate_activation,4.7918712866631923,False
LM,JAC,7,2,5026c8caf1aaf77a510a2e7112ea6dead0a567c357bbf597536dbb5c04efbe29,distance_from_own_immediate_activation,4.2918423823148268,False
LM,JAC,7,3,d4b109253c320baa212c079a8c8508e2df92d46eb2c28bdae70970323223535d,q_after,0.89203740639951001,False
LM,JAC,7,3,79e94f56ddaf1f8711b2925724036dafe5a56b99c028fc8e2e094a85b22fc5e5,q_after,0.71097581429562962,False
LM,JAC,7,3,d4b109253c320baa212c079a8c8508e2df92d46eb2c28bdae70970323223535d,distance_from_own_immediate_activation,3.5839291677752163,False
LM,JAC,7,3,08f5ce1ca163e3700d35c52504edd1232b0d6163bc1036179983f164adde009f,distance_from_own_immediate_activation,3.3809769660897211,False
LM,JAC,7,4,b82a03e937cf2cf32073db5d914babf4ef1b871d8a539df433e363c50b0cd9a2,q_after,0.86331525307522161,False
LM,JAC,7,4,23ab463b020d55e2046b7787446e4f8feaea34632b6c872ea5035557b771d415,q_after,0.58235948261879855,False
LM,JAC,7,4,b82a03e937cf2cf32073db5d914babf4ef1b871d8a539df433e363c50b0cd9a2,distance_from_own_immediate_activation,4.0966992616785136,False
LM,JAC,7,4,eed7d047ce6f0c878b419c49f87b730fe8c31d5345eeacbf4c435618af30daf4,distance_from_own_immediate_activation,2.7481508717628027,False
LM,JAC,7,5,60141ed71c08336ce18411af9a934eea62501d656a44799383c418e0d0819796,q_after,0.57869650407418838,False
LM,JAC,7,5,3ee582306136f1fa1d90e73f87e67f77342c027b90055c39521a94efb613a8df,q_after,0.49379684106119093,False
LM,JAC,7,5,60141ed71c08336ce18411af9a934eea62501d656a44799383c418e0d0819796,distance_from_own_immediate_activation,2.7421513663786903,False
LM,JAC,7,5,8de3e4bc5f0dda07beaac9d7af8cdfca24419cae204d89401b3d860a38ed733f,distance_from_own_immediate_activation,2.0454098338132081,False
LM,JAC,7,6,747c585f04c3591e36bc833c9ceb06cf8c210fa7b2eada208f590ac0a1fa420e,q_after,200627.92380548647,False
LM,JAC,7,6,3b5e495f8547e4789bdee4b85ae9826e19f84bedeca53cb002e5cf0ff73e9ada,q_after,1.165564783619887,False
LM,JAC,7,6,3b5e495f8547e4789bdee4b85ae9826e19f84bedeca53cb002e5cf0ff73e9ada,distance_from_own_immediate_activation,3.2652111050429173,False
LM,JAC,7,6,747c585f04c3591e36bc833c9ceb06cf8c210fa7b2eada208f590ac0a1fa420e,distance_from_own_immediate_activation,2.9188579688576906,False
LM,JAC,7,7,ac81216f4590451532031d5e8caaed3ab28f5074dc6934daa613dbb31964d463,q_after,0.41641607364433353,False
LM,JAC,7,7,c16efef0a75a732157947c15662942c0ca87dba58a09be63ba778693e50cf1c9,q_after,0.41279202603815557,False
LM,JAC,7,7,d82b4b74485c4ef9b4b12f1c2fabad4c0109165ed4e5d7f934133ea726a65ae9,distance_from_own_immediate_activation,0,False
LM,JAC,7,7,f6676ed348d4d873923c058111d2f76ed59e8b3bffd08a972593e7195e1501db,distance_from_own_immediate_activation,0,False
LM,JAC,8,1,322b5d3c47aa80d2c94addc9a85c94282e44d92f9ccc5a0cf4cab593ea40cb3b,q_after,1.9720946205660075,False
LM,JAC,8,1,cc987485b7f9961ef45a3aeb9301abf629d197b349e59b58ed6f5592212f16a5,q_after,1.555552100071351,False
LM,JAC,8,1,322b5d3c47aa80d2c94addc9a85c94282e44d92f9ccc5a0cf4cab593ea40cb3b,distance_from_own_immediate_activation,8.4648207958452897,False
LM,JAC,8,1,cc987485b7f9961ef45a3aeb9301abf629d197b349e59b58ed6f5592212f16a5,distance_from_own_immediate_activation,7.6865555486830361,False
LM,JAC,8,2,66382b6ef89ef9f71e15a2314296201fed047f27982dfa2ac4a5d47f623d6517,q_after,1.155911895253662,False
LM,JAC,8,2,2bddd727c25564a726ac348f51d1ffda823ae39fb216cf89569a73cae07059f5,q_after,1.1530927941404416,False
LM,JAC,8,2,66382b6ef89ef9f71e15a2314296201fed047f27982dfa2ac4a5d47f623d6517,distance_from_own_immediate_activation,5.9474616117872925,False
LM,JAC,8,2,b0c20d38500ad4521ae3e47157046f338c94e17b778deacf80e250509b34bcc9,distance_from_own_immediate_activation,5.6325632331219095,False
LM,JAC,8,3,d4b109253c320baa212c079a8c8508e2df92d46eb2c28bdae70970323223535d,q_after,0.95137397458644279,False
LM,JAC,8,3,dc5a45405701111c4a15791e8bd689e6fabc3f4277afe228804ee1edd8c36a7e,q_after,0.92035248481174337,False
LM,JAC,8,3,15a281b340f988f78f10092c753d4e414a405d907ed2d083e00b99bcc9e59245,distance_from_own_immediate_activation,4.6657312476381714,False
LM,JAC,8,3,08f5ce1ca163e3700d35c52504edd1232b0d6163bc1036179983f164adde009f,distance_from_own_immediate_activation,4.541252778250171,False
LM,JAC,8,4,b82a03e937cf2cf32073db5d914babf4ef1b871d8a539df433e363c50b0cd9a2,q_after,1.1867367067537236,False
LM,JAC,8,4,23ab463b020d55e2046b7787446e4f8feaea34632b6c872ea5035557b771d415,q_after,0.81770273118374559,False
LM,JAC,8,4,b82a03e937cf2cf32073db5d914babf4ef1b871d8a539df433e363c50b0cd9a2,distance_from_own_immediate_activation,5.853424052252695,False
LM,JAC,8,4,eed7d047ce6f0c878b419c49f87b730fe8c31d5345eeacbf4c435618af30daf4,distance_from_own_immediate_activation,4.2361884577935722,False
LM,JAC,8,5,60141ed71c08336ce18411af9a934eea62501d656a44799383c418e0d0819796,q_after,1.0374620095923599,False
LM,JAC,8,5,3ee582306136f1fa1d90e73f87e67f77342c027b90055c39521a94efb613a8df,q_after,0.62677458466100777,False
LM,JAC,8,5,60141ed71c08336ce18411af9a934eea62501d656a44799383c418e0d0819796,distance_from_own_immediate_activation,5.4194084996964822,False
LM,JAC,8,5,93d40e82bf7c4211b1bf6fdc4daf25656c1eb63dbd33b9d7b701096a62b386b0,distance_from_own_immediate_activation,3.1078287684995138,False
LM,JAC,8,6,747c585f04c3591e36bc833c9ceb06cf8c210fa7b2eada208f590ac0a1fa420e,q_after,363662.21936942294,False
LM,JAC,8,6,3b5e495f8547e4789bdee4b85ae9826e19f84bedeca53cb002e5cf0ff73e9ada,q_after,1.2670077660826662,False
LM,JAC,8,6,3b5e495f8547e4789bdee4b85ae9826e19f84bedeca53cb002e5cf0ff73e9ada,distance_from_own_immediate_activation,6.1519760251696409,False
LM,JAC,8,6,747c585f04c3591e36bc833c9ceb06cf8c210fa7b2eada208f590ac0a1fa420e,distance_from_own_immediate_activation,5.2907806817508529,False
LM,JAC,8,7,c7dd6cc253ee760a4cd10d9db4ebc6784e91ff803923e397b27a0011a0de4a57,q_after,0.79700280991507133,False
LM,JAC,8,7,f4e0075f78eae9b70b7c7764bfa12465bad9e5a94db01ea7d61a5963665213ce,q_after,0.62842083882050503,False
LM,JAC,8,7,c7dd6cc253ee760a4cd10d9db4ebc6784e91ff803923e397b27a0011a0de4a57,distance_from_own_immediate_activation,4.8218080797430023,False
LM,JAC,8,7,f4e0075f78eae9b70b7c7764bfa12465bad9e5a94db01ea7d61a5963665213ce,distance_from_own_immediate_activation,3.2134539729032894,False
LM,JAC,8,8,14dbbab0e85cb733c55c1f6621a15e8e6b33644b9807182539515c25d8f2233b,q_after,0.43480707049286182,False
LM,JAC,8,8,6394ac8fb8a607937b7a948cb932e8154ac185e4b1b7837b35e061b7704dfba1,q_after,0.41573236626882676,False
LM,JAC,8,8,f30078d6d8f44bf7dc4c8052ae871614b00ba8bb789b67892dbf178a85412fe1,distance_from_own_immediate_activation,0,False
LM,JAC,8,8,c9f8952620ae02f32df759f1d9dd4e4dd404b9459172fb5c7f3185720ee9cef5,distance_from_own_immediate_activation,0,False
LM,JAC,9,1,322b5d3c47aa80d2c94addc9a85c94282e44d92f9ccc5a0cf4cab593ea40cb3b,q_after,2.0428068803100929,False
LM,JAC,9,1,cc987485b7f9961ef45a3aeb9301abf629d197b349e59b58ed6f5592212f16a5,q_after,1.816521653227712,False
LM,JAC,9,1,cc987485b7f9961ef45a3aeb9301abf629d197b349e59b58ed6f5592212f16a5,distance_from_own_immediate_activation,8.9900585289642692,False
LM,JAC,9,1,322b5d3c47aa80d2c94addc9a85c94282e44d92f9ccc5a0cf4cab593ea40cb3b,distance_from_own_immediate_activation,8.7959056569091008,False
LM,JAC,9,2,66382b6ef89ef9f71e15a2314296201fed047f27982dfa2ac4a5d47f623d6517,q_after,1.3758583061104737,False
LM,JAC,9,2,2bddd727c25564a726ac348f51d1ffda823ae39fb216cf89569a73cae07059f5,q_after,1.3673664258077063,False
LM,JAC,9,2,66382b6ef89ef9f71e15a2314296201fed047f27982dfa2ac4a5d47f623d6517,distance_from_own_immediate_activation,7.1388126838744901,False
LM,JAC,9,2,5026c8caf1aaf77a510a2e7112ea6dead0a567c357bbf597536dbb5c04efbe29,distance_from_own_immediate_activation,6.7163875119950998,False
LM,JAC,9,3,dc5a45405701111c4a15791e8bd689e6fabc3f4277afe228804ee1edd8c36a7e,q_after,1.1969981682963011,False
LM,JAC,9,3,15a281b340f988f78f10092c753d4e414a405d907ed2d083e00b99bcc9e59245,q_after,1.1118398205487798,False
LM,JAC,9,3,dc5a45405701111c4a15791e8bd689e6fabc3f4277afe228804ee1edd8c36a7e,distance_from_own_immediate_activation,5.922771821684,False
LM,JAC,9,3,15a281b340f988f78f10092c753d4e414a405d907ed2d083e00b99bcc9e59245,distance_from_own_immediate_activation,5.7712234512537819,False
LM,JAC,9,4,b82a03e937cf2cf32073db5d914babf4ef1b871d8a539df433e363c50b0cd9a2,q_after,1.2255270064097394,False
LM,JAC,9,4,93600b87de421b460a9874df15d8a1640aa2239822d1cf04c23d562b75418fd0,q_after,0.98822947888824386,False
LM,JAC,9,4,b82a03e937cf2cf32073db5d914babf4ef1b871d8a539df433e363c50b0cd9a2,distance_from_own_immediate_activation,6.0680616857259304,False
LM,JAC,9,4,eed7d047ce6f0c878b419c49f87b730fe8c31d5345eeacbf4c435618af30daf4,distance_from_own_immediate_activation,5.4576635507570588,False
LM,JAC,9,5,60141ed71c08336ce18411af9a934eea62501d656a44799383c418e0d0819796,q_after,1.0631556067826331,False
LM,JAC,9,5,93d40e82bf7c4211b1bf6fdc4daf25656c1eb63dbd33b9d7b701096a62b386b0,q_after,0.79251281173915744,False
LM,JAC,9,5,60141ed71c08336ce18411af9a934eea62501d656a44799383c418e0d0819796,distance_from_own_immediate_activation,5.6042114886267784,False
LM,JAC,9,5,93d40e82bf7c4211b1bf6fdc4daf25656c1eb63dbd33b9d7b701096a62b386b0,distance_from_own_immediate_activation,4.4712615751889624,False
LM,JAC,9,6,747c585f04c3591e36bc833c9ceb06cf8c210fa7b2eada208f590ac0a1fa420e,q_after,378177.98881457187,False
LM,JAC,9,6,1292f5176337d3e08f3dfdd322b9cedbebf71e0d4baae26b74e439351fb379ac,q_after,1.3473387498594958,False
LM,JAC,9,6,3b5e495f8547e4789bdee4b85ae9826e19f84bedeca53cb002e5cf0ff73e9ada,distance_from_own_immediate_activation,6.3196572514489038,False
LM,JAC,9,6,1292f5176337d3e08f3dfdd322b9cedbebf71e0d4baae26b74e439351fb379ac,distance_from_own_immediate_activation,5.8216488777880695,False
LM,JAC,9,7,f4e0075f78eae9b70b7c7764bfa12465bad9e5a94db01ea7d61a5963665213ce,q_after,0.91271355323198999,False
LM,JAC,9,7,57317a7f6b41d100caee1bad332659a0c1f566af7c263f713fff1f5bc194bb9d,q_after,0.88879407182715053,False
LM,JAC,9,7,f4e0075f78eae9b70b7c7764bfa12465bad9e5a94db01ea7d61a5963665213ce,distance_from_own_immediate_activation,5.0621457528611113,False
LM,JAC,9,7,c7dd6cc253ee760a4cd10d9db4ebc6784e91ff803923e397b27a0011a0de4a57,distance_from_own_immediate_activation,5.0273357966233609,False
LM,JAC,9,8,c9f8952620ae02f32df759f1d9dd4e4dd404b9459172fb5c7f3185720ee9cef5,q_after,0.82602810347841615,False
LM,JAC,9,8,14dbbab0e85cb733c55c1f6621a15e8e6b33644b9807182539515c25d8f2233b,q_after,0.49354127450480756,False
LM,JAC,9,8,c9f8952620ae02f32df759f1d9dd4e4dd404b9459172fb5c7f3185720ee9cef5,distance_from_own_immediate_activation,4.9736955205678823,False
LM,JAC,9,8,693ac3189a2fa3e2845d072b6cc2ea99a346cf19be40255cd6f58733f05845dd,distance_from_own_immediate_activation,2.1848007795739317,False
LM,JAC,9,9,52b41318f5f9cbef51332bbdf86e98a41d1f651e67b31c8a4055789253c502fe,q_after,0.51332007943492541,False
LM,JAC,9,9,f2c8929007ff452eeb28ddaef7841a15ce098069b5e1d80e6705e8a3f5961e21,q_after,0.40657005454167428,False
LM,JAC,9,9,194178db5ac524e6c7517cc57e2e3431cff936ec930778a4b17ef981c4514f7f,distance_from_own_immediate_activation,0,False
LM,JAC,9,9,31d57823193fde3c88a529a47704ed415975d35c2ef62ca633ff76987bd7b939,distance_from_own_immediate_activation,0,False
LM,JAC,10,1,cc987485b7f9961ef45a3aeb9301abf629d197b349e59b58ed6f5592212f16a5,q_after,2.2372326675199017,False
LM,JAC,10,1,2a8f1b4955bc1a289af449ade95dfac602e09ca669c961f5c2f949575e94e148,q_after,2.1209992823929555,False
LM,JAC,10,1,cc987485b7f9961ef45a3aeb9301abf629d197b349e59b58ed6f5592212f16a5,distance_from_own_immediate_activation,11.095585665143055,False
LM,JAC,10,1,2a8f1b4955bc1a289af449ade95dfac602e09ca669c961f5c2f949575e94e148,distance_from_own_immediate_activation,9.953115178501319,False
LM,JAC,10,2,5026c8caf1aaf77a510a2e7112ea6dead0a567c357bbf597536dbb5c04efbe29,q_after,1.7257918111629909,False
LM,JAC,10,2,66382b6ef89ef9f71e15a2314296201fed047f27982dfa2ac4a5d47f623d6517,q_after,1.7240816848129841,False
LM,JAC,10,2,66382b6ef89ef9f71e15a2314296201fed047f27982dfa2ac4a5d47f623d6517,distance_from_own_immediate_activation,9.0230897490454218,False
LM,JAC,10,2,5026c8caf1aaf77a510a2e7112ea6dead0a567c357bbf597536dbb5c04efbe29,distance_from_own_immediate_activation,8.7016846877497667,False
LM,JAC,10,3,dc5a45405701111c4a15791e8bd689e6fabc3f4277afe228804ee1edd8c36a7e,q_after,1.6334165450534743,False
LM,JAC,10,3,08f5ce1ca163e3700d35c52504edd1232b0d6163bc1036179983f164adde009f,q_after,1.4488847353757262,False
LM,JAC,10,3,dc5a45405701111c4a15791e8bd689e6fabc3f4277afe228804ee1edd8c36a7e,distance_from_own_immediate_activation,8.1275854320509158,False
LM,JAC,10,3,08f5ce1ca163e3700d35c52504edd1232b0d6163bc1036179983f164adde009f,distance_from_own_immediate_activation,7.731424395807565,False
LM,JAC,10,4,5abd3eacc2d9d05cc7ca87403cf11e70f930a513e505a3fdd178946f2b51a3f2,q_after,1.5121257359821123,False
LM,JAC,10,4,93600b87de421b460a9874df15d8a1640aa2239822d1cf04c23d562b75418fd0,q_after,1.3075752577146194,False
LM,JAC,10,4,eed7d047ce6f0c878b419c49f87b730fe8c31d5345eeacbf4c435618af30daf4,distance_from_own_immediate_activation,7.4050207221724555,False
LM,JAC,10,4,5f53c1f3ef70e715997cf8c292350e788a50dc66cb5481b91ca73c634e185290,distance_from_own_immediate_activation,7.0892829034182059,False
LM,JAC,10,5,93d40e82bf7c4211b1bf6fdc4daf25656c1eb63dbd33b9d7b701096a62b386b0,q_after,1.1759087017096235,False
LM,JAC,10,5,60141ed71c08336ce18411af9a934eea62501d656a44799383c418e0d0819796,q_after,1.0832295721340521,False
LM,JAC,10,5,93d40e82bf7c4211b1bf6fdc4daf25656c1eb63dbd33b9d7b701096a62b386b0,distance_from_own_immediate_activation,6.780122668606281,False
LM,JAC,10,5,2ca21a6eeae8858a948ad9e3da8c586477c5e0ef1c462ad0234ac1d6feb834e2,distance_from_own_immediate_activation,6.0123986935087661,False
LM,JAC,10,6,747c585f04c3591e36bc833c9ceb06cf8c210fa7b2eada208f590ac0a1fa420e,q_after,391987.44780463784,False
LM,JAC,10,6,41d70c052233ba3525ba4c2fa3191ebae246b33bc91a21d4383892a6069929aa,q_after,1.5038317867266697,False
LM,JAC,10,6,41d70c052233ba3525ba4c2fa3191ebae246b33bc91a21d4383892a6069929aa,distance_from_own_immediate_activation,6.6405722914260545,False
LM,JAC,10,6,1292f5176337d3e08f3dfdd322b9cedbebf71e0d4baae26b74e439351fb379ac,distance_from_own_immediate_activation,6.5993407657017729,False
LM,JAC,10,7,57317a7f6b41d100caee1bad332659a0c1f566af7c263f713fff1f5bc194bb9d,q_after,1.1192490435822402,False
LM,JAC,10,7,f4e0075f78eae9b70b7c7764bfa12465bad9e5a94db01ea7d61a5963665213ce,q_after,0.9753043641387944,False
LM,JAC,10,7,b665c32ee7e24c22073a0a71b668c7f329575fb3a681b608e27f707739554ee4,distance_from_own_immediate_activation,6.0576888923431182,False
LM,JAC,10,7,f4e0075f78eae9b70b7c7764bfa12465bad9e5a94db01ea7d61a5963665213ce,distance_from_own_immediate_activation,5.5231930179664834,False
LM,JAC,10,8,c9f8952620ae02f32df759f1d9dd4e4dd404b9459172fb5c7f3185720ee9cef5,q_after,0.87458750903653493,False
LM,JAC,10,8,9184167df01e188bc50b20aa3d37e7cbe0867b72c098debaefb5fab02ac36d6c,q_after,0.70159696316111753,False
LM,JAC,10,8,c9f8952620ae02f32df759f1d9dd4e4dd404b9459172fb5c7f3185720ee9cef5,distance_from_own_immediate_activation,5.341853881975573,False
LM,JAC,10,8,9184167df01e188bc50b20aa3d37e7cbe0867b72c098debaefb5fab02ac36d6c,distance_from_own_immediate_activation,4.8145735934894462,False
LM,JAC,10,9,e7fef22c6caa23fa3b677a0b54a10f4feea31664c1a506944abcb6698f17b9c0,q_after,0.64225183422878407,False
LM,JAC,10,9,52b41318f5f9cbef51332bbdf86e98a41d1f651e67b31c8a4055789253c502fe,q_after,0.57390417894399981,False
LM,JAC,10,9,e7fef22c6caa23fa3b677a0b54a10f4feea31664c1a506944abcb6698f17b9c0,distance_from_own_immediate_activation,3.2894566734942066,False
LM,JAC,10,9,e72a3697074a75e0ce3469b763eaedfc7d28cf62bc993b2c901c87fe808ee52d,distance_from_own_immediate_activation,3.1938799516392993,False
LM,JAC,10,10,533a825d82a29fa7292590b905b923b441c683ed86a219d04fc4019037146c5a,q_after,0.41257046673486819,False
LM,JAC,10,10,4bb3a919fce7db07afe81a77e0d1d071ed42647d7a20d1ab4ca70f4a6e83e025,q_after,0.39045192609230528,False
LM,JAC,10,10,498726f516ca2b5b6c3abb41abe5aabe486467b0175f90d10eb394571795ce5a,distance_from_own_immediate_activation,0,False
LM,JAC,10,10,9894445f110df76e317bb1ab36bffa15c2e90d4335205e958131010a783cf63d,distance_from_own_immediate_activation,0,False
LA,O,1,1,9a6dd76f564eabe6d772c906c071d9d837193dc7543a04dc4a666f2c4bfaf5fc,q_after,0.067166846024506566,False
LA,O,1,1,409ab50440c393003452ca14f7a848b9b9c4c26eaf347918e74bd2328b526d48,q_after,0.061951024068442197,False
LA,O,1,1,285a3add6f31d8546b0d76689a016bc0f9f7d8e58c95f54e87bba48ad5cabc65,distance_from_own_immediate_activation,0,False
LA,O,1,1,6abbaf2496b409f11036390da3b47c9272a243b8a164ca3d9f9a65fafbec985d,distance_from_own_immediate_activation,0,False
LA,O,2,1,b60dce4b4fb7c58f26743b14e89bf6f65fd42fa8a116dc3a52707814fd0496fe,q_after,0.10387733037530991,False
LA,O,2,1,9a6dd76f564eabe6d772c906c071d9d837193dc7543a04dc4a666f2c4bfaf5fc,q_after,0.1021707500863438,False
LA,O,2,1,c36d70eb53ba78389390e289afb5dd9f925d5772a413bd1a75bd67a4b4a12428,distance_from_own_immediate_activation,0.41405280721497495,False
LA,O,2,1,b60dce4b4fb7c58f26743b14e89bf6f65fd42fa8a116dc3a52707814fd0496fe,distance_from_own_immediate_activation,0.39997022652998032,False
LA,O,2,2,3c31a70abbb961b3ebd7d223aa5dcd21f04f0ddfad03354ac6ad4c678c259cc4,q_after,0.066051795306698843,False
LA,O,2,2,0f1cce1c8db45ff3c39406438df6f36c7a1de4fd517143ecd6aef715442a8883,q_after,0.059829404700427836,False
LA,O,2,2,f742e3b08cc43666fd7f6e3f269849a7e50f2847ec2b4e38de638a9da8e99747,distance_from_own_immediate_activation,0,False
LA,O,2,2,c00ba5c00aeed6290e334d4cd5abd3b223eb0b0d3fe00c61dd63a733904b0504,distance_from_own_immediate_activation,0,False
LA,O,3,1,d97bda6d6a887cafe4132a43d6d106a50a3a151b295c299fbaa9079c4004d670,q_after,0.30227875094922002,False
LA,O,3,1,c36d70eb53ba78389390e289afb5dd9f925d5772a413bd1a75bd67a4b4a12428,q_after,0.1598382785926131,False
LA,O,3,1,d97bda6d6a887cafe4132a43d6d106a50a3a151b295c299fbaa9079c4004d670,distance_from_own_immediate_activation,1.2846030194027693,False
LA,O,3,1,c36d70eb53ba78389390e289afb5dd9f925d5772a413bd1a75bd67a4b4a12428,distance_from_own_immediate_activation,0.70880092258587546,False
LA,O,3,2,0bd2026793f0bdd3dfddcb3a86a61c5ef3c5be75d9b27d7f82d467e67e81a002,q_after,0.094423756493118668,False
LA,O,3,2,dc2b4304898991c55f2e21a6de682f775a2f588a4b2b9b6bdd5439bdff65fee5,q_after,0.094240413292728989,False
LA,O,3,2,dc2b4304898991c55f2e21a6de682f775a2f588a4b2b9b6bdd5439bdff65fee5,distance_from_own_immediate_activation,0.39611522489168327,False
LA,O,3,2,8dc3365b07499c70eb012fd72b1ea17353968018aec86054fe394058334ad4f9,distance_from_own_immediate_activation,0.37621340772477185,False
LA,O,3,3,7288b280f83041c4bfe8663812708e4472c3f064e69b8e83fb6d3b0fe2c8a72b,q_after,0.069682748522978163,False
LA,O,3,3,d14af47f15fc7808528ee07bb21d968d5e0ba281349868b35ccbde0a891cf861,q_after,0.068801678388744431,False
LA,O,3,3,5fe5cc36167302a9bb9453cf9a190bce75a6ebf70356e4b2d43262df4ea70e7e,distance_from_own_immediate_activation,0,False
LA,O,3,3,748b77c32e5597fd9ab954ae967d71dfca3c97aa792238480bf57c353b9f7c3b,distance_from_own_immediate_activation,0,False
LA,O,4,1,d97bda6d6a887cafe4132a43d6d106a50a3a151b295c299fbaa9079c4004d670,q_after,0.32141414151042325,False
LA,O,4,1,322b5d3c47aa80d2c94addc9a85c94282e44d92f9ccc5a0cf4cab593ea40cb3b,q_after,0.1836073711886631,False
LA,O,4,1,d97bda6d6a887cafe4132a43d6d106a50a3a151b295c299fbaa9079c4004d670,distance_from_own_immediate_activation,1.3664973897851587,False
LA,O,4,1,322b5d3c47aa80d2c94addc9a85c94282e44d92f9ccc5a0cf4cab593ea40cb3b,distance_from_own_immediate_activation,0.79098759971968713,False
LA,O,4,2,7dfb13e17caac82b260cd8d1bf5a90849356b06f9181645e7351ae8a179106c8,q_after,0.1263853271269671,False
LA,O,4,2,c2f80f7fddd2c4c1dee1fcad089fc8a1af300f3bf9b6ec73d15721bcfa263895,q_after,0.12158224016337134,False
LA,O,4,2,dc2b4304898991c55f2e21a6de682f775a2f588a4b2b9b6bdd5439bdff65fee5,distance_from_own_immediate_activation,0.50091694705895207,False
LA,O,4,2,1423d21aeed4b15ea5038eb95f277e6c06a90f8d79a12944d20b5d102caf7468,distance_from_own_immediate_activation,0.4984135507235572,False
LA,O,4,3,0c328123840c4f0612911579d7f4904db2da5a812c06d570723c8576b1fca416,q_after,0.094261176871498431,False
LA,O,4,3,d14af47f15fc7808528ee07bb21d968d5e0ba281349868b35ccbde0a891cf861,q_after,0.08897348710683034,False
LA,O,4,3,0c328123840c4f0612911579d7f4904db2da5a812c06d570723c8576b1fca416,distance_from_own_immediate_activation,0.34492997979642431,False
LA,O,4,3,2a97fa4a853339993d14b2e27c07081e01a46d9aa88d5973ab9fb2fafe58291d,distance_from_own_immediate_activation,0.31475720622907694,False
LA,O,4,4,9f6bd262c4c7386b4be0edfd81d85188912782392d65d501c973d5e11f5fd9d8,q_after,0.06560205957365238,False
LA,O,4,4,8803db334fad9e23bb0889a83be83383981f8708a2e1972484bd531ca1b56494,q_after,0.062824042196286775,False
LA,O,4,4,b74477e088614db975b9ef3aaba64df62b78acfc4f63433e65ca1d0781dcffe1,distance_from_own_immediate_activation,0,False
LA,O,4,4,75df0f36573c040611750a4f824c17e612ade8e4b5e3a222af3a9c77dd369af4,distance_from_own_immediate_activation,0,False
LA,O,5,1,d97bda6d6a887cafe4132a43d6d106a50a3a151b295c299fbaa9079c4004d670,q_after,0.47079651012017915,False
LA,O,5,1,322b5d3c47aa80d2c94addc9a85c94282e44d92f9ccc5a0cf4cab593ea40cb3b,q_after,0.25469060553078193,False
LA,O,5,1,d97bda6d6a887cafe4132a43d6d106a50a3a151b295c299fbaa9079c4004d670,distance_from_own_immediate_activation,2.0072637057869716,False
LA,O,5,1,322b5d3c47aa80d2c94addc9a85c94282e44d92f9ccc5a0cf4cab593ea40cb3b,distance_from_own_immediate_activation,1.1063653436934515,False
LA,O,5,2,6d8662b52037c46fb86859055d261b4e39e87aecdecc577323f3abe2a7c7e25d,q_after,0.16211657700422483,False
LA,O,5,2,7dfb13e17caac82b260cd8d1bf5a90849356b06f9181645e7351ae8a179106c8,q_after,0.15175594198685635,False
LA,O,5,2,6d8662b52037c46fb86859055d261b4e39e87aecdecc577323f3abe2a7c7e25d,distance_from_own_immediate_activation,0.84767263984359753,False
LA,O,5,2,dc2b4304898991c55f2e21a6de682f775a2f588a4b2b9b6bdd5439bdff65fee5,distance_from_own_immediate_activation,0.60838667298613991,False
LA,O,5,3,d4b109253c320baa212c079a8c8508e2df92d46eb2c28bdae70970323223535d,q_after,0.27436323167603871,False
LA,O,5,3,007f14a1b3d01c68f5138bf26b4678b496444e46700959d7d702071a193bb801,q_after,0.11888121921913115,False
LA,O,5,3,d4b109253c320baa212c079a8c8508e2df92d46eb2c28bdae70970323223535d,distance_from_own_immediate_activation,1.3007334945502327,False
LA,O,5,3,0c328123840c4f0612911579d7f4904db2da5a812c06d570723c8576b1fca416,distance_from_own_immediate_activation,0.47104998752045169,False
LA,O,5,4,b82a03e937cf2cf32073db5d914babf4ef1b871d8a539df433e363c50b0cd9a2,q_after,0.15789731525809383,False
LA,O,5,4,aad92d218c59cedc62e89e764b2c100c49d8e4e11a63156d2f2a8730765ac833,q_after,0.085928963564860877,False
LA,O,5,4,b82a03e937cf2cf32073db5d914babf4ef1b871d8a539df433e363c50b0cd9a2,distance_from_own_immediate_activation,0.81976364602516338,False
LA,O,5,4,aad92d218c59cedc62e89e764b2c100c49d8e4e11a63156d2f2a8730765ac833,distance_from_own_immediate_activation,0.36192790951311599,False
LA,O,5,5,f88206bfd19534842ee85fff1ecfd74ae59c3093dc664d3ce2914858832ea33a,q_after,0.058457376476138585,False
LA,O,5,5,6b33e4c773a0aaa493296bb511ce698871431c56fbe46dccf1065b7188263196,q_after,0.057097182672173716,False
LA,O,5,5,5b84c1c1bac6d9c9495e0d2d313d0b616314a82781835eeed7f9f22473bf6d62,distance_from_own_immediate_activation,0,False
LA,O,5,5,e5ad6f2d686323a16d0fded4072da1dc7728d193c1789d134033681e537b2e49,distance_from_own_immediate_activation,0,False
LA,O,6,1,d97bda6d6a887cafe4132a43d6d106a50a3a151b295c299fbaa9079c4004d670,q_after,0.48241460369096301,False
LA,O,6,1,322b5d3c47aa80d2c94addc9a85c94282e44d92f9ccc5a0cf4cab593ea40cb3b,q_after,0.37902557816767424,False
LA,O,6,1,d97bda6d6a887cafe4132a43d6d106a50a3a151b295c299fbaa9079c4004d670,distance_from_own_immediate_activation,2.0567440655537665,False
LA,O,6,1,322b5d3c47aa80d2c94addc9a85c94282e44d92f9ccc5a0cf4cab593ea40cb3b,distance_from_own_immediate_activation,1.6519191351001017,False
LA,O,6,2,6d8662b52037c46fb86859055d261b4e39e87aecdecc577323f3abe2a7c7e25d,q_after,0.18087312657099164,False
LA,O,6,2,7dfb13e17caac82b260cd8d1bf5a90849356b06f9181645e7351ae8a179106c8,q_after,0.16469673486414416,False
LA,O,6,2,6d8662b52037c46fb86859055d261b4e39e87aecdecc577323f3abe2a7c7e25d,distance_from_own_immediate_activation,0.94750127576309218,False
LA,O,6,2,1423d21aeed4b15ea5038eb95f277e6c06a90f8d79a12944d20b5d102caf7468,distance_from_own_immediate_activation,0.76410868038364865,False
LA,O,6,3,d4b109253c320baa212c079a8c8508e2df92d46eb2c28bdae70970323223535d,q_after,0.27787751292082291,False
LA,O,6,3,428d2e05be7326998ba6f9721cc207fcb12c868635010792f5bea4b83d185908,q_after,0.14736919981975036,False
LA,O,6,3,d4b109253c320baa212c079a8c8508e2df92d46eb2c28bdae70970323223535d,distance_from_own_immediate_activation,1.3160515037587057,False
LA,O,6,3,622dec49b2ac0410eac0b892e7afe984e6d800006e02d37d4a5fef4fc0a8957a,distance_from_own_immediate_activation,0.66705934611121143,False
LA,O,6,4,b82a03e937cf2cf32073db5d914babf4ef1b871d8a539df433e363c50b0cd9a2,q_after,0.1862618523033602,False
LA,O,6,4,aad92d218c59cedc62e89e764b2c100c49d8e4e11a63156d2f2a8730765ac833,q_after,0.10824898683805016,False
LA,O,6,4,b82a03e937cf2cf32073db5d914babf4ef1b871d8a539df433e363c50b0cd9a2,distance_from_own_immediate_activation,0.96816842088077137,False
LA,O,6,4,37c496524a48bc9ade27fc86e530315fb497fe1255b2c24a25574d8daa71f1d6,distance_from_own_immediate_activation,0.48976332367747327,False
LA,O,6,5,60141ed71c08336ce18411af9a934eea62501d656a44799383c418e0d0819796,q_after,0.091219795886105251,False
LA,O,6,5,7df2930b6a46ce4b8e54dac4534cd064b6d4941e242e1a2f604578b4e694acfe,q_after,0.085846015335514808,False
LA,O,6,5,60141ed71c08336ce18411af9a934eea62501d656a44799383c418e0d0819796,distance_from_own_immediate_activation,0.4808154680920913,False
LA,O,6,5,50b4f0fbbfc3410168a920096ef3894efa622f3bcb49ac47555544b0e6a568aa,distance_from_own_immediate_activation,0.44068535332301545,False
LA,O,6,6,83caed2e5c75f3a824fa9ed8f5e0170a2ce5ddc8377fa2e12153a7592d3bc9e1,q_after,0.067295253398931831,False
LA,O,6,6,cf657fffb71182836b77fe1eaf4dce8d44fb7b0a6ad67fd09a0eea3d03995fcd,q_after,0.060476628842986442,False
LA,O,6,6,8a9041037dbc17f886486516e3c6a025512c6bdc9ebc902afd1b7b83a6f28b04,distance_from_own_immediate_activation,0,False
LA,O,6,6,1cfe090c9861932226bef865ff03923d860fb91023a5ebe93c3bab1a657257cb,distance_from_own_immediate_activation,0,False
LA,O,7,1,d97bda6d6a887cafe4132a43d6d106a50a3a151b295c299fbaa9079c4004d670,q_after,0.4872237160388399,False
LA,O,7,1,322b5d3c47aa80d2c94addc9a85c94282e44d92f9ccc5a0cf4cab593ea40cb3b,q_after,0.43647053648005679,False
LA,O,7,1,d97bda6d6a887cafe4132a43d6d106a50a3a151b295c299fbaa9079c4004d670,distance_from_own_immediate_activation,2.0763773728767063,False
LA,O,7,1,322b5d3c47aa80d2c94addc9a85c94282e44d92f9ccc5a0cf4cab593ea40cb3b,distance_from_own_immediate_activation,1.9042818190228996,False
LA,O,7,2,e92728832d208e2012bebf30636228c4a907700c60f7bf91b20fd84d5258d2af,q_after,0.20583728100367688,False
LA,O,7,2,6d8662b52037c46fb86859055d261b4e39e87aecdecc577323f3abe2a7c7e25d,q_after,0.19654545223754674,False
LA,O,7,2,6d8662b52037c46fb86859055d261b4e39e87aecdecc577323f3abe2a7c7e25d,distance_from_own_immediate_activation,1.0321127452569718,False
LA,O,7,2,2d23d11655dc0b828e6bf3eb559cf2c89cc6faaef94ee29ecbd9cd83a066963b,distance_from_own_immediate_activation,0.92373237265463304,False
LA,O,7,3,d4b109253c320baa212c079a8c8508e2df92d46eb2c28bdae70970323223535d,q_after,0.27729504105264524,False
LA,O,7,3,0c328123840c4f0612911579d7f4904db2da5a812c06d570723c8576b1fca416,q_after,0.18745900297687354,False
LA,O,7,3,d4b109253c320baa212c079a8c8508e2df92d46eb2c28bdae70970323223535d,distance_from_own_immediate_activation,1.3128708811302832,False
LA,O,7,3,0c328123840c4f0612911579d7f4904db2da5a812c06d570723c8576b1fca416,distance_from_own_immediate_activation,0.91982436118188515,False
LA,O,7,4,b82a03e937cf2cf32073db5d914babf4ef1b871d8a539df433e363c50b0cd9a2,q_after,0.20640474356894697,False
LA,O,7,4,aad92d218c59cedc62e89e764b2c100c49d8e4e11a63156d2f2a8730765ac833,q_after,0.13315173546459244,False
LA,O,7,4,b82a03e937cf2cf32073db5d914babf4ef1b871d8a539df433e363c50b0cd9a2,distance_from_own_immediate_activation,1.0779250939875924,False
LA,O,7,4,23ab463b020d55e2046b7787446e4f8feaea34632b6c872ea5035557b771d415,distance_from_own_immediate_activation,0.6177789371069855,False
LA,O,7,5,3770ec7829bebecf582b665e42a8be4b72676216146d84ef0c0f9102ec1a9651,q_after,0.11627750735094779,False
LA,O,7,5,7df2930b6a46ce4b8e54dac4534cd064b6d4941e242e1a2f604578b4e694acfe,q_after,0.1115887832103923,False
LA,O,7,5,50b4f0fbbfc3410168a920096ef3894efa622f3bcb49ac47555544b0e6a568aa,distance_from_own_immediate_activation,0.61373508401006538,False
LA,O,7,5,3770ec7829bebecf582b665e42a8be4b72676216146d84ef0c0f9102ec1a9651,distance_from_own_immediate_activation,0.59621816079828283,False
LA,O,7,6,83caed2e5c75f3a824fa9ed8f5e0170a2ce5ddc8377fa2e12153a7592d3bc9e1,q_after,0.10702630450257597,False
LA,O,7,6,3b5e495f8547e4789bdee4b85ae9826e19f84bedeca53cb002e5cf0ff73e9ada,q_after,0.083327146195867091,False
LA,O,7,6,3b5e495f8547e4789bdee4b85ae9826e19f84bedeca53cb002e5cf0ff73e9ada,distance_from_own_immediate_activation,0.49214650809021915,False
LA,O,7,6,e03f047e69ad4d12b861e3ecdeb342aa868138db17a223860c09e3905f3eafff,distance_from_own_immediate_activation,0.38545447207003108,False
LA,O,7,7,ac81216f4590451532031d5e8caaed3ab28f5074dc6934daa613dbb31964d463,q_after,0.074097549999537812,False
LA,O,7,7,8fc313d289aaa531ae2ac39ed421e074ad4dad3dcc5fd4468ebad76cde059b04,q_after,0.057484762176075767,False
LA,O,7,7,d82b4b74485c4ef9b4b12f1c2fabad4c0109165ed4e5d7f934133ea726a65ae9,distance_from_own_immediate_activation,0,False
LA,O,7,7,f6676ed348d4d873923c058111d2f76ed59e8b3bffd08a972593e7195e1501db,distance_from_own_immediate_activation,0,False
LA,O,8,1,322b5d3c47aa80d2c94addc9a85c94282e44d92f9ccc5a0cf4cab593ea40cb3b,q_after,0.67284466513665586,False
LA,O,8,1,d97bda6d6a887cafe4132a43d6d106a50a3a151b295c299fbaa9079c4004d670,q_after,0.49019875674905505,False
LA,O,8,1,322b5d3c47aa80d2c94addc9a85c94282e44d92f9ccc5a0cf4cab593ea40cb3b,distance_from_own_immediate_activation,2.9318288736527256,False
LA,O,8,1,d97bda6d6a887cafe4132a43d6d106a50a3a151b295c299fbaa9079c4004d670,distance_from_own_immediate_activation,2.0890600180977121,False
LA,O,8,2,0bd2026793f0bdd3dfddcb3a86a61c5ef3c5be75d9b27d7f82d467e67e81a002,q_after,0.23246351131165838,False
LA,O,8,2,e92728832d208e2012bebf30636228c4a907700c60f7bf91b20fd84d5258d2af,q_after,0.21877034939105303,False
LA,O,8,2,6d8662b52037c46fb86859055d261b4e39e87aecdecc577323f3abe2a7c7e25d,distance_from_own_immediate_activation,1.0578883538417112,False
LA,O,8,2,1423d21aeed4b15ea5038eb95f277e6c06a90f8d79a12944d20b5d102caf7468,distance_from_own_immediate_activation,1.0358309433180819,False
LA,O,8,3,d4b109253c320baa212c079a8c8508e2df92d46eb2c28bdae70970323223535d,q_after,0.28134127733569891,False
LA,O,8,3,0c328123840c4f0612911579d7f4904db2da5a812c06d570723c8576b1fca416,q_after,0.20424230148726677,False
LA,O,8,3,d4b109253c320baa212c079a8c8508e2df92d46eb2c28bdae70970323223535d,distance_from_own_immediate_activation,1.3341709598881812,False
LA,O,8,3,0c328123840c4f0612911579d7f4904db2da5a812c06d570723c8576b1fca416,distance_from_own_immediate_activation,1.0184570371179851,False
LA,O,8,4,b82a03e937cf2cf32073db5d914babf4ef1b871d8a539df433e363c50b0cd9a2,q_after,0.28002540615446397,False
LA,O,8,4,aad92d218c59cedc62e89e764b2c100c49d8e4e11a63156d2f2a8730765ac833,q_after,0.14943928706315734,False
LA,O,8,4,b82a03e937cf2cf32073db5d914babf4ef1b871d8a539df433e363c50b0cd9a2,distance_from_own_immediate_activation,1.4691718526434976,False
LA,O,8,4,678b5be147e37c2c4939050ba9d04108b9474d783ddf6c36f82b3a5e18412dd2,distance_from_own_immediate_activation,0.73369428473235221,False
LA,O,8,5,60141ed71c08336ce18411af9a934eea62501d656a44799383c418e0d0819796,q_after,0.14177022535900083,False
LA,O,8,5,7df2930b6a46ce4b8e54dac4534cd064b6d4941e242e1a2f604578b4e694acfe,q_after,0.13288333904181299,False
LA,O,8,5,60141ed71c08336ce18411af9a934eea62501d656a44799383c418e0d0819796,distance_from_own_immediate_activation,0.80094843972274166,False
LA,O,8,5,f3ba2c2245b37c605bce04bebcec812c51cf83b9f5305723e697a809e8d8701b,distance_from_own_immediate_activation,0.78547632724972083,False
LA,O,8,6,3b5e495f8547e4789bdee4b85ae9826e19f84bedeca53cb002e5cf0ff73e9ada,q_after,0.22784131582953471,False
LA,O,8,6,83caed2e5c75f3a824fa9ed8f5e0170a2ce5ddc8377fa2e12153a7592d3bc9e1,q_after,0.14006624622849187,False
LA,O,8,6,3b5e495f8547e4789bdee4b85ae9826e19f84bedeca53cb002e5cf0ff73e9ada,distance_from_own_immediate_activation,1.5222109224003268,False
LA,O,8,6,747c585f04c3591e36bc833c9ceb06cf8c210fa7b2eada208f590ac0a1fa420e,distance_from_own_immediate_activation,0.69603655236103423,False
LA,O,8,7,08a19118522cc17853da3f13976ad9660fba43a0bd99dd33b8fafc3ceb0f75c1,q_after,0.10660125422114593,False
LA,O,8,7,c7dd6cc253ee760a4cd10d9db4ebc6784e91ff803923e397b27a0011a0de4a57,q_after,0.10458303106489912,False
LA,O,8,7,c7dd6cc253ee760a4cd10d9db4ebc6784e91ff803923e397b27a0011a0de4a57,distance_from_own_immediate_activation,0.75783948473097029,False
LA,O,8,7,08a19118522cc17853da3f13976ad9660fba43a0bd99dd33b8fafc3ceb0f75c1,distance_from_own_immediate_activation,0.62328009705380749,False
LA,O,8,8,c95ddfad34fb4fbee7009ffdfb786ccd140107d3c82e6d0c2b9a77e743cd29bd,q_after,0.058389010975216357,False
LA,O,8,8,14dbbab0e85cb733c55c1f6621a15e8e6b33644b9807182539515c25d8f2233b,q_after,0.057409130395031906,False
LA,O,8,8,f30078d6d8f44bf7dc4c8052ae871614b00ba8bb789b67892dbf178a85412fe1,distance_from_own_immediate_activation,0,False
LA,O,8,8,c9f8952620ae02f32df759f1d9dd4e4dd404b9459172fb5c7f3185720ee9cef5,distance_from_own_immediate_activation,0,False
LA,O,9,1,322b5d3c47aa80d2c94addc9a85c94282e44d92f9ccc5a0cf4cab593ea40cb3b,q_after,0.67784291105687278,False
LA,O,9,1,d97bda6d6a887cafe4132a43d6d106a50a3a151b295c299fbaa9079c4004d670,q_after,0.50087174467100148,False
LA,O,9,1,322b5d3c47aa80d2c94addc9a85c94282e44d92f9ccc5a0cf4cab593ea40cb3b,distance_from_own_immediate_activation,2.954697545720522,False
LA,O,9,1,d97bda6d6a887cafe4132a43d6d106a50a3a151b295c299fbaa9079c4004d670,distance_from_own_immediate_activation,2.1349862746876522,False
LA,O,9,2,0bd2026793f0bdd3dfddcb3a86a61c5ef3c5be75d9b27d7f82d467e67e81a002,q_after,0.28300618334145944,False
LA,O,9,2,bc5eb9b735da0fdbfdc2195f140290357f062f0703cc47fe548913cb7819aa8f,q_after,0.2443628761726194,False
LA,O,9,2,1423d21aeed4b15ea5038eb95f277e6c06a90f8d79a12944d20b5d102caf7468,distance_from_own_immediate_activation,1.1772071937121675,False
LA,O,9,2,2d23d11655dc0b828e6bf3eb559cf2c89cc6faaef94ee29ecbd9cd83a066963b,distance_from_own_immediate_activation,1.1466698046870738,False
LA,O,9,3,d4b109253c320baa212c079a8c8508e2df92d46eb2c28bdae70970323223535d,q_after,0.28590640001943901,False
LA,O,9,3,0c328123840c4f0612911579d7f4904db2da5a812c06d570723c8576b1fca416,q_after,0.22589500929135631,False
LA,O,9,3,d4b109253c320baa212c079a8c8508e2df92d46eb2c28bdae70970323223535d,distance_from_own_immediate_activation,1.3563221838809238,False
LA,O,9,3,0c328123840c4f0612911579d7f4904db2da5a812c06d570723c8576b1fca416,distance_from_own_immediate_activation,1.1344859066453263,False
LA,O,9,4,b82a03e937cf2cf32073db5d914babf4ef1b871d8a539df433e363c50b0cd9a2,q_after,0.29079970053157855,False
LA,O,9,4,4e3206764c4a35df6da37a2b39a4927657e5148e5a056d23fbff2947f3e4127b,q_after,0.19138398300098902,False
LA,O,9,4,b82a03e937cf2cf32073db5d914babf4ef1b871d8a539df433e363c50b0cd9a2,distance_from_own_immediate_activation,1.5246632459140341,False
LA,O,9,4,23ab463b020d55e2046b7787446e4f8feaea34632b6c872ea5035557b771d415,distance_from_own_immediate_activation,0.88181439722724519,False
LA,O,9,5,7df2930b6a46ce4b8e54dac4534cd064b6d4941e242e1a2f604578b4e694acfe,q_after,0.15992682547023512,False
LA,O,9,5,4b06541b68703e6e8d0a28f59ab223c38fa6ae39a459bf51b12af6056cf62673,q_after,0.15944758577527471,False
LA,O,9,5,4b06541b68703e6e8d0a28f59ab223c38fa6ae39a459bf51b12af6056cf62673,distance_from_own_immediate_activation,0.88202943465079409,False
LA,O,9,5,f3ba2c2245b37c605bce04bebcec812c51cf83b9f5305723e697a809e8d8701b,distance_from_own_immediate_activation,0.8639552125183515,False
LA,O,9,6,3b5e495f8547e4789bdee4b85ae9826e19f84bedeca53cb002e5cf0ff73e9ada,q_after,0.23264949976787941,False
LA,O,9,6,83caed2e5c75f3a824fa9ed8f5e0170a2ce5ddc8377fa2e12153a7592d3bc9e1,q_after,0.17289653832483773,False
LA,O,9,6,3b5e495f8547e4789bdee4b85ae9826e19f84bedeca53cb002e5cf0ff73e9ada,distance_from_own_immediate_activation,1.5523541632424556,False
LA,O,9,6,c8a82229789dd56c64ca2059eefcf51085a0a7f323ce6c4d76c1038374b96e4f,distance_from_own_immediate_activation,0.85322827754093455,False
LA,O,9,7,57317a7f6b41d100caee1bad332659a0c1f566af7c263f713fff1f5bc194bb9d,q_after,0.31220250304968233,False
LA,O,9,7,7536ae2cf73cdbba2d3db85c685b99f4145d33a8f64f7f7744f17b7687cc6193,q_after,0.11765804992496549,False
LA,O,9,7,57317a7f6b41d100caee1bad332659a0c1f566af7c263f713fff1f5bc194bb9d,distance_from_own_immediate_activation,1.8454284792591309,False
LA,O,9,7,c7dd6cc253ee760a4cd10d9db4ebc6784e91ff803923e397b27a0011a0de4a57,distance_from_own_immediate_activation,0.79752370562946595,False
LA,O,9,8,c9f8952620ae02f32df759f1d9dd4e4dd404b9459172fb5c7f3185720ee9cef5,q_after,0.11274627365433179,False
LA,O,9,8,d744ccfd61a0ef4cd1944bce5e6e32e0b7d860360829ba133626c9d43d991283,q_after,0.073960290475379276,False
LA,O,9,8,c9f8952620ae02f32df759f1d9dd4e4dd404b9459172fb5c7f3185720ee9cef5,distance_from_own_immediate_activation,0.79159554463621118,False
LA,O,9,8,693ac3189a2fa3e2845d072b6cc2ea99a346cf19be40255cd6f58733f05845dd,distance_from_own_immediate_activation,0.38923709611986901,False
LA,O,9,9,da5158705d61cdab54d938651185de6a1d4ebed74b09cddf6e62cf31a163739a,q_after,0.059981504633291882,False
LA,O,9,9,6c9ae670dadf70311729c57aef31d835b741205a191f535e9b21ae003aca434d,q_after,0.058197277662495737,False
LA,O,9,9,194178db5ac524e6c7517cc57e2e3431cff936ec930778a4b17ef981c4514f7f,distance_from_own_immediate_activation,0,False
LA,O,9,9,31d57823193fde3c88a529a47704ed415975d35c2ef62ca633ff76987bd7b939,distance_from_own_immediate_activation,0,False
LA,O,10,1,322b5d3c47aa80d2c94addc9a85c94282e44d92f9ccc5a0cf4cab593ea40cb3b,q_after,0.6728618795687572,False
LA,O,10,1,d97bda6d6a887cafe4132a43d6d106a50a3a151b295c299fbaa9079c4004d670,q_after,0.51572425831643109,False
LA,O,10,1,322b5d3c47aa80d2c94addc9a85c94282e44d92f9ccc5a0cf4cab593ea40cb3b,distance_from_own_immediate_activation,2.9326363762550662,False
LA,O,10,1,d97bda6d6a887cafe4132a43d6d106a50a3a151b295c299fbaa9079c4004d670,distance_from_own_immediate_activation,2.1980089304283275,False
LA,O,10,2,f31405336f02565ba23815b3d736772c3562187abe3cb828fb39778621125700,q_after,0.28610945119837278,False
LA,O,10,2,0bd2026793f0bdd3dfddcb3a86a61c5ef3c5be75d9b27d7f82d467e67e81a002,q_after,0.28501674265647997,False
LA,O,10,2,1423d21aeed4b15ea5038eb95f277e6c06a90f8d79a12944d20b5d102caf7468,distance_from_own_immediate_activation,1.2915620147676772,False
LA,O,10,2,6004734a3e907d0ad5784edce44262e127590447068af53de0b613f812596584,distance_from_own_immediate_activation,1.256929199395314,False
LA,O,10,3,d4b109253c320baa212c079a8c8508e2df92d46eb2c28bdae70970323223535d,q_after,0.29865028439750424,False
LA,O,10,3,0c328123840c4f0612911579d7f4904db2da5a812c06d570723c8576b1fca416,q_after,0.26918592769816357,False
LA,O,10,3,d4b109253c320baa212c079a8c8508e2df92d46eb2c28bdae70970323223535d,distance_from_own_immediate_activation,1.4154336635342604,False
LA,O,10,3,0c328123840c4f0612911579d7f4904db2da5a812c06d570723c8576b1fca416,distance_from_own_immediate_activation,1.3747041601311238,False
LA,O,10,4,5abd3eacc2d9d05cc7ca87403cf11e70f930a513e505a3fdd178946f2b51a3f2,q_after,1.2491215531239608,False
LA,O,10,4,b82a03e937cf2cf32073db5d914babf4ef1b871d8a539df433e363c50b0cd9a2,q_after,0.29203929787793875,False
LA,O,10,4,5abd3eacc2d9d05cc7ca87403cf11e70f930a513e505a3fdd178946f2b51a3f2,distance_from_own_immediate_activation,6.3169069056644478,False
LA,O,10,4,b82a03e937cf2cf32073db5d914babf4ef1b871d8a539df433e363c50b0cd9a2,distance_from_own_immediate_activation,1.5318889109679592,False
LA,O,10,5,7df2930b6a46ce4b8e54dac4534cd064b6d4941e242e1a2f604578b4e694acfe,q_after,0.20338518927281987,False
LA,O,10,5,4b06541b68703e6e8d0a28f59ab223c38fa6ae39a459bf51b12af6056cf62673,q_after,0.17547129148857191,False
LA,O,10,5,7df2930b6a46ce4b8e54dac4534cd064b6d4941e242e1a2f604578b4e694acfe,distance_from_own_immediate_activation,1.0251603457894729,False
LA,O,10,5,50b4f0fbbfc3410168a920096ef3894efa622f3bcb49ac47555544b0e6a568aa,distance_from_own_immediate_activation,1.0198867683929684,False
LA,O,10,6,3b5e495f8547e4789bdee4b85ae9826e19f84bedeca53cb002e5cf0ff73e9ada,q_after,0.23388286433776329,False
LA,O,10,6,83caed2e5c75f3a824fa9ed8f5e0170a2ce5ddc8377fa2e12153a7592d3bc9e1,q_after,0.18649256763913255,False
LA,O,10,6,3b5e495f8547e4789bdee4b85ae9826e19f84bedeca53cb002e5cf0ff73e9ada,distance_from_own_immediate_activation,1.5590946091291078,False
LA,O,10,6,c8a82229789dd56c64ca2059eefcf51085a0a7f323ce6c4d76c1038374b96e4f,distance_from_own_immediate_activation,0.92423747037373405,False
LA,O,10,7,57317a7f6b41d100caee1bad332659a0c1f566af7c263f713fff1f5bc194bb9d,q_after,0.33358823017336486,False
LA,O,10,7,7536ae2cf73cdbba2d3db85c685b99f4145d33a8f64f7f7744f17b7687cc6193,q_after,0.13624857794415821,False
LA,O,10,7,57317a7f6b41d100caee1bad332659a0c1f566af7c263f713fff1f5bc194bb9d,distance_from_own_immediate_activation,1.9741678824472679,False
LA,O,10,7,c7dd6cc253ee760a4cd10d9db4ebc6784e91ff803923e397b27a0011a0de4a57,distance_from_own_immediate_activation,0.82374819844271041,False
LA,O,10,8,c9f8952620ae02f32df759f1d9dd4e4dd404b9459172fb5c7f3185720ee9cef5,q_after,0.11546351546125949,False
LA,O,10,8,d744ccfd61a0ef4cd1944bce5e6e32e0b7d860360829ba133626c9d43d991283,q_after,0.092850539997287859,False
LA,O,10,8,c9f8952620ae02f32df759f1d9dd4e4dd404b9459172fb5c7f3185720ee9cef5,distance_from_own_immediate_activation,0.80846560047194205,False
LA,O,10,8,c95ddfad34fb4fbee7009ffdfb786ccd140107d3c82e6d0c2b9a77e743cd29bd,distance_from_own_immediate_activation,0.54989776510412591,False
LA,O,10,9,194178db5ac524e6c7517cc57e2e3431cff936ec930778a4b17ef981c4514f7f,q_after,0.09054364118491931,False
LA,O,10,9,e29de53513911a0a608790b663bc01be302b70ae5e7f8becbcffec76fa2b0d92,q_after,0.086684646170976765,False
LA,O,10,9,194178db5ac524e6c7517cc57e2e3431cff936ec930778a4b17ef981c4514f7f,distance_from_own_immediate_activation,0.53692219134941799,False
LA,O,10,9,e7fef22c6caa23fa3b677a0b54a10f4feea31664c1a506944abcb6698f17b9c0,distance_from_own_immediate_activation,0.4988312924426625,False
LA,O,10,10,68a5e3636e3359e25bd5058dbebcb99f4a64e52560619ad7731144731762f27c,q_after,0.065385175876076618,False
LA,O,10,10,6a6616c04cffa10de1c2ef907e300d61f67bdf8519bbb3442ba9cdd428b76e02,q_after,0.065169272820204557,False
LA,O,10,10,498726f516ca2b5b6c3abb41abe5aabe486467b0175f90d10eb394571795ce5a,distance_from_own_immediate_activation,0,False
LA,O,10,10,9894445f110df76e317bb1ab36bffa15c2e90d4335205e958131010a783cf63d,distance_from_own_immediate_activation,0,False
LA,QCL,1,1,cb7c55a4e2dd79332d59c67a80558cdd018be66887291ba61bda4f4cd96f0c0d,q_after,0.28549775091713286,False
LA,QCL,1,1,9a6dd76f564eabe6d772c906c071d9d837193dc7543a04dc4a666f2c4bfaf5fc,q_after,0.27684340179639921,False
LA,QCL,1,1,285a3add6f31d8546b0d76689a016bc0f9f7d8e58c95f54e87bba48ad5cabc65,distance_from_own_immediate_activation,0,False
LA,QCL,1,1,6abbaf2496b409f11036390da3b47c9272a243b8a164ca3d9f9a65fafbec985d,distance_from_own_immediate_activation,0,False
LA,QCL,2,1,cb7c55a4e2dd79332d59c67a80558cdd018be66887291ba61bda4f4cd96f0c0d,q_after,0.28915344049109659,False
LA,QCL,2,1,9a6dd76f564eabe6d772c906c071d9d837193dc7543a04dc4a666f2c4bfaf5fc,q_after,0.27339589976701395,False
LA,QCL,2,1,b60dce4b4fb7c58f26743b14e89bf6f65fd42fa8a116dc3a52707814fd0496fe,distance_from_own_immediate_activation,0.35076931336232325,False
LA,QCL,2,1,cad93aa25aedcacddc439835622bc76cd6fca8de2ba3a8c308395f1f1077074d,distance_from_own_immediate_activation,0.26975832523275983,False
LA,QCL,2,2,478cc128de4b77765054cceec8c26461c780b0287581bebc07ed906af44b37da,q_after,0.26229728481987108,False
LA,QCL,2,2,02a22fd299a2ccb545e35eeb893f179d4edbdf7c221555dccc49226db06f9a39,q_after,0.25960855100034369,False
LA,QCL,2,2,f742e3b08cc43666fd7f6e3f269849a7e50f2847ec2b4e38de638a9da8e99747,distance_from_own_immediate_activation,0,False
LA,QCL,2,2,c00ba5c00aeed6290e334d4cd5abd3b223eb0b0d3fe00c61dd63a733904b0504,distance_from_own_immediate_activation,0,False
LA,QCL,3,1,d97bda6d6a887cafe4132a43d6d106a50a3a151b295c299fbaa9079c4004d670,q_after,0.30658532205763189,False
LA,QCL,3,1,cb7c55a4e2dd79332d59c67a80558cdd018be66887291ba61bda4f4cd96f0c0d,q_after,0.2941500892163415,False
LA,QCL,3,1,d97bda6d6a887cafe4132a43d6d106a50a3a151b295c299fbaa9079c4004d670,distance_from_own_immediate_activation,0.80226797955879647,False
LA,QCL,3,1,c36d70eb53ba78389390e289afb5dd9f925d5772a413bd1a75bd67a4b4a12428,distance_from_own_immediate_activation,0.47229587009551455,False
LA,QCL,3,2,0bd2026793f0bdd3dfddcb3a86a61c5ef3c5be75d9b27d7f82d467e67e81a002,q_after,0.27842351658343706,False
LA,QCL,3,2,478cc128de4b77765054cceec8c26461c780b0287581bebc07ed906af44b37da,q_after,0.26560362324379727,False
LA,QCL,3,2,8dc3365b07499c70eb012fd72b1ea17353968018aec86054fe394058334ad4f9,distance_from_own_immediate_activation,0.28745970413456329,False
LA,QCL,3,2,dc2b4304898991c55f2e21a6de682f775a2f588a4b2b9b6bdd5439bdff65fee5,distance_from_own_immediate_activation,0.28357116431515639,False
LA,QCL,3,3,293916aa1992063a85911ec5782f217410674a6d1efc4d65d656a88b8f7be27f,q_after,0.25289760275371426,False
LA,QCL,3,3,2d8a66ef65a1217d8c1ffecd5522741e1131654f8c02883a98deb1e04048486a,q_after,0.24937960385772737,False
LA,QCL,3,3,5fe5cc36167302a9bb9453cf9a190bce75a6ebf70356e4b2d43262df4ea70e7e,distance_from_own_immediate_activation,0,False
LA,QCL,3,3,748b77c32e5597fd9ab954ae967d71dfca3c97aa792238480bf57c353b9f7c3b,distance_from_own_immediate_activation,0,False
LA,QCL,4,1,d97bda6d6a887cafe4132a43d6d106a50a3a151b295c299fbaa9079c4004d670,q_after,0.32280164189524085,False
LA,QCL,4,1,cb7c55a4e2dd79332d59c67a80558cdd018be66887291ba61bda4f4cd96f0c0d,q_after,0.29693243518751355,False
LA,QCL,4,1,d97bda6d6a887cafe4132a43d6d106a50a3a151b295c299fbaa9079c4004d670,distance_from_own_immediate_activation,0.88182430914552357,False
LA,QCL,4,1,322b5d3c47aa80d2c94addc9a85c94282e44d92f9ccc5a0cf4cab593ea40cb3b,distance_from_own_immediate_activation,0.54077624680779512,False
LA,QCL,4,2,0bd2026793f0bdd3dfddcb3a86a61c5ef3c5be75d9b27d7f82d467e67e81a002,q_after,0.28362543160174153,False
LA,QCL,4,2,478cc128de4b77765054cceec8c26461c780b0287581bebc07ed906af44b37da,q_after,0.26921187023991389,False
LA,QCL,4,2,dc2b4304898991c55f2e21a6de682f775a2f588a4b2b9b6bdd5439bdff65fee5,distance_from_own_immediate_activation,0.3528062581318519,False
LA,QCL,4,2,c2f80f7fddd2c4c1dee1fcad089fc8a1af300f3bf9b6ec73d15721bcfa263895,distance_from_own_immediate_activation,0.35197666236870362,False
LA,QCL,4,3,293916aa1992063a85911ec5782f217410674a6d1efc4d65d656a88b8f7be27f,q_after,0.25417109031611113,False
LA,QCL,4,3,5048daec8eda8a9d3c95b043bcae37662854fde7ae07fc2a6a740cabba3039fb,q_after,0.25377497718395625,False
LA,QCL,4,3,8453a13791aaf1759702f9d23318a3c023481a22e62381d89463e0b35f613a92,distance_from_own_immediate_activation,0.26881755318495576,False
LA,QCL,4,3,0c328123840c4f0612911579d7f4904db2da5a812c06d570723c8576b1fca416,distance_from_own_immediate_activation,0.26502447871634893,False
LA,QCL,4,4,aad92d218c59cedc62e89e764b2c100c49d8e4e11a63156d2f2a8730765ac833,q_after,0.24818419564985633,False
LA,QCL,4,4,91d55ad055c90873a4b9b16c70345694cf7cec260baf6ce89ea632026765cf8f,q_after,0.24739826117811814,False
LA,QCL,4,4,b74477e088614db975b9ef3aaba64df62b78acfc4f63433e65ca1d0781dcffe1,distance_from_own_immediate_activation,0,False
LA,QCL,4,4,75df0f36573c040611750a4f824c17e612ade8e4b5e3a222af3a9c77dd369af4,distance_from_own_immediate_activation,0,False
LA,QCL,5,1,d97bda6d6a887cafe4132a43d6d106a50a3a151b295c299fbaa9079c4004d670,q_after,0.3601157638882076,False
LA,QCL,5,1,cb7c55a4e2dd79332d59c67a80558cdd018be66887291ba61bda4f4cd96f0c0d,q_after,0.30124879787925191,False
LA,QCL,5,1,d97bda6d6a887cafe4132a43d6d106a50a3a151b295c299fbaa9079c4004d670,distance_from_own_immediate_activation,1.096395680546407,False
LA,QCL,5,1,322b5d3c47aa80d2c94addc9a85c94282e44d92f9ccc5a0cf4cab593ea40cb3b,distance_from_own_immediate_activation,0.68475479486473279,False
LA,QCL,5,2,0bd2026793f0bdd3dfddcb3a86a61c5ef3c5be75d9b27d7f82d467e67e81a002,q_after,0.28379525471198885,False
LA,QCL,5,2,02a22fd299a2ccb545e35eeb893f179d4edbdf7c221555dccc49226db06f9a39,q_after,0.27356602944806208,False
LA,QCL,5,2,6d8662b52037c46fb86859055d261b4e39e87aecdecc577323f3abe2a7c7e25d,distance_from_own_immediate_activation,0.60309798739707365,False
LA,QCL,5,2,dc2b4304898991c55f2e21a6de682f775a2f588a4b2b9b6bdd5439bdff65fee5,distance_from_own_immediate_activation,0.42793229362940527,False
LA,QCL,5,3,d4b109253c320baa212c079a8c8508e2df92d46eb2c28bdae70970323223535d,q_after,0.27518440260648597,False
LA,QCL,5,3,d14af47f15fc7808528ee07bb21d968d5e0ba281349868b35ccbde0a891cf861,q_after,0.2656241916647169,False
LA,QCL,5,3,d4b109253c320baa212c079a8c8508e2df92d46eb2c28bdae70970323223535d,distance_from_own_immediate_activation,0.77498087543832084,False
LA,QCL,5,3,8453a13791aaf1759702f9d23318a3c023481a22e62381d89463e0b35f613a92,distance_from_own_immediate_activation,0.36341519325548027,False
LA,QCL,5,4,aad92d218c59cedc62e89e764b2c100c49d8e4e11a63156d2f2a8730765ac833,q_after,0.25570060735920008,False
LA,QCL,5,4,4e5b31fe9b5fc66bc908a9e9542bd017c57e8f10c137dbb0f6c9484f93ce6e52,q_after,0.24600238982420902,False
LA,QCL,5,4,b82a03e937cf2cf32073db5d914babf4ef1b871d8a539df433e363c50b0cd9a2,distance_from_own_immediate_activation,0.49796488135583472,False
LA,QCL,5,4,7c39d5d8664c4eddcc91a60251ba824fcdabf2f60b26a223737690f76628d907,distance_from_own_immediate_activation,0.26982968336495372,False
LA,QCL,5,5,01420d17129502bfc2d99502119265411afc6383420061477e4653a3673ccd4a,q_after,0.25256365597751879,False
LA,QCL,5,5,e537fa793798b55daf660f5ca5200127d3fcf46058113dd0c613dd8f4e4c0a15,q_after,0.24940332993445277,False
LA,QCL,5,5,5b84c1c1bac6d9c9495e0d2d313d0b616314a82781835eeed7f9f22473bf6d62,distance_from_own_immediate_activation,0,False
LA,QCL,5,5,e5ad6f2d686323a16d0fded4072da1dc7728d193c1789d134033681e537b2e49,distance_from_own_immediate_activation,0,False
LA,QCL,6,1,d97bda6d6a887cafe4132a43d6d106a50a3a151b295c299fbaa9079c4004d670,q_after,0.3702323040930664,False
LA,QCL,6,1,0d37408f349a9e1575f9996b4666d8be3c1a4b030ef6385556f20138f0e45d77,q_after,0.32974750324814045,False
LA,QCL,6,1,d97bda6d6a887cafe4132a43d6d106a50a3a151b295c299fbaa9079c4004d670,distance_from_own_immediate_activation,1.1553588851382617,False
LA,QCL,6,1,322b5d3c47aa80d2c94addc9a85c94282e44d92f9ccc5a0cf4cab593ea40cb3b,distance_from_own_immediate_activation,1.0151888061254983,False
LA,QCL,6,2,0bd2026793f0bdd3dfddcb3a86a61c5ef3c5be75d9b27d7f82d467e67e81a002,q_after,0.29378671310498744,False
LA,QCL,6,2,478cc128de4b77765054cceec8c26461c780b0287581bebc07ed906af44b37da,q_after,0.27712277640949484,False
LA,QCL,6,2,6d8662b52037c46fb86859055d261b4e39e87aecdecc577323f3abe2a7c7e25d,distance_from_own_immediate_activation,0.65748976134683601,False
LA,QCL,6,2,1423d21aeed4b15ea5038eb95f277e6c06a90f8d79a12944d20b5d102caf7468,distance_from_own_immediate_activation,0.52839795957163638,False
LA,QCL,6,3,d4b109253c320baa212c079a8c8508e2df92d46eb2c28bdae70970323223535d,q_after,0.28277062639161449,False
LA,QCL,6,3,d14af47f15fc7808528ee07bb21d968d5e0ba281349868b35ccbde0a891cf861,q_after,0.27588671935055797,False
LA,QCL,6,3,d4b109253c320baa212c079a8c8508e2df92d46eb2c28bdae70970323223535d,distance_from_own_immediate_activation,0.8101827887854901,False
LA,QCL,6,3,cbcb4f07d73bad75caec058156c6c238258ce78fb4e1dab72ce272db69cc8c77,distance_from_own_immediate_activation,0.4810506019714007,False
LA,QCL,6,4,aad92d218c59cedc62e89e764b2c100c49d8e4e11a63156d2f2a8730765ac833,q_after,0.26189675380614036,False
LA,QCL,6,4,c90875293b6c311cfcc1aef7e9dcc439a62371e6794bd57df755bd78966ba09f,q_after,0.24920527054747518,False
LA,QCL,6,4,b82a03e937cf2cf32073db5d914babf4ef1b871d8a539df433e363c50b0cd9a2,distance_from_own_immediate_activation,0.58927617927022846,False
LA,QCL,6,4,8ea7b29624611f6e65853f4fc99273f08ca07f6fe364b6f1e6433b9ecc330362,distance_from_own_immediate_activation,0.34498455262741229,False
LA,QCL,6,5,01420d17129502bfc2d99502119265411afc6383420061477e4653a3673ccd4a,q_after,0.25829962546392654,False
LA,QCL,6,5,6b09563228de190af7f5373ac8d2d385748090ccb7f9b0cd3289584504d9dd34,q_after,0.25300120399691861,False
LA,QCL,6,5,50b4f0fbbfc3410168a920096ef3894efa622f3bcb49ac47555544b0e6a568aa,distance_from_own_immediate_activation,0.32758614106512013,False
LA,QCL,6,5,4b06541b68703e6e8d0a28f59ab223c38fa6ae39a459bf51b12af6056cf62673,distance_from_own_immediate_activation,0.31442614843086231,False
LA,QCL,6,6,5f190dd9320be3787a98bf168e4952de5cf63af3ac2de562d01c1bc3ea7e4572,q_after,0.26557289304620341,False
LA,QCL,6,6,83caed2e5c75f3a824fa9ed8f5e0170a2ce5ddc8377fa2e12153a7592d3bc9e1,q_after,0.25748251838143799,False
LA,QCL,6,6,8a9041037dbc17f886486516e3c6a025512c6bdc9ebc902afd1b7b83a6f28b04,distance_from_own_immediate_activation,0,False
LA,QCL,6,6,1cfe090c9861932226bef865ff03923d860fb91023a5ebe93c3bab1a657257cb,distance_from_own_immediate_activation,0,False
LA,QCL,7,1,d97bda6d6a887cafe4132a43d6d106a50a3a151b295c299fbaa9079c4004d670,q_after,0.37659894247682302,False
LA,QCL,7,1,0d37408f349a9e1575f9996b4666d8be3c1a4b030ef6385556f20138f0e45d77,q_after,0.33387424133348131,False
LA,QCL,7,1,d97bda6d6a887cafe4132a43d6d106a50a3a151b295c299fbaa9079c4004d670,distance_from_own_immediate_activation,1.1839893330913913,False
LA,QCL,7,1,322b5d3c47aa80d2c94addc9a85c94282e44d92f9ccc5a0cf4cab593ea40cb3b,distance_from_own_immediate_activation,1.0932160547392304,False
LA,QCL,7,2,0bd2026793f0bdd3dfddcb3a86a61c5ef3c5be75d9b27d7f82d467e67e81a002,q_after,0.3034222209138932,False
LA,QCL,7,2,02a22fd299a2ccb545e35eeb893f179d4edbdf7c221555dccc49226db06f9a39,q_after,0.28315375958160949,False
LA,QCL,7,2,6d8662b52037c46fb86859055d261b4e39e87aecdecc577323f3abe2a7c7e25d,distance_from_own_immediate_activation,0.69520335722787918,False
LA,QCL,7,2,6004734a3e907d0ad5784edce44262e127590447068af53de0b613f812596584,distance_from_own_immediate_activation,0.59191741650188368,False
LA,QCL,7,3,d4b109253c320baa212c079a8c8508e2df92d46eb2c28bdae70970323223535d,q_after,0.28225268735902426,False
LA,QCL,7,3,d14af47f15fc7808528ee07bb21d968d5e0ba281349868b35ccbde0a891cf861,q_after,0.27792201408901984,False
LA,QCL,7,3,d4b109253c320baa212c079a8c8508e2df92d46eb2c28bdae70970323223535d,distance_from_own_immediate_activation,0.82757307322331664,False
LA,QCL,7,3,0c328123840c4f0612911579d7f4904db2da5a812c06d570723c8576b1fca416,distance_from_own_immediate_activation,0.65152262447878861,False
LA,QCL,7,4,aad92d218c59cedc62e89e764b2c100c49d8e4e11a63156d2f2a8730765ac833,q_after,0.269355410387628,False
LA,QCL,7,4,c90875293b6c311cfcc1aef7e9dcc439a62371e6794bd57df755bd78966ba09f,q_after,0.25384790861413942,False
LA,QCL,7,4,b82a03e937cf2cf32073db5d914babf4ef1b871d8a539df433e363c50b0cd9a2,distance_from_own_immediate_activation,0.61408108648471038,False
LA,QCL,7,4,23ab463b020d55e2046b7787446e4f8feaea34632b6c872ea5035557b771d415,distance_from_own_immediate_activation,0.44883251088765719,False
LA,QCL,7,5,01420d17129502bfc2d99502119265411afc6383420061477e4653a3673ccd4a,q_after,0.25987788087995534,False
LA,QCL,7,5,e537fa793798b55daf660f5ca5200127d3fcf46058113dd0c613dd8f4e4c0a15,q_after,0.25102724145617911,False
LA,QCL,7,5,50b4f0fbbfc3410168a920096ef3894efa622f3bcb49ac47555544b0e6a568aa,distance_from_own_immediate_activation,0.41331012276022588,False
LA,QCL,7,5,1e3b5e22d108f73a2ea06a7ec707339755483551dc6b4f1426dbcec379b8b9ea,distance_from_own_immediate_activation,0.38919493276902473,False
LA,QCL,7,6,83caed2e5c75f3a824fa9ed8f5e0170a2ce5ddc8377fa2e12153a7592d3bc9e1,q_after,0.27198800347169072,False
LA,QCL,7,6,5f190dd9320be3787a98bf168e4952de5cf63af3ac2de562d01c1bc3ea7e4572,q_after,0.26503689535887848,False
LA,QCL,7,6,83caed2e5c75f3a824fa9ed8f5e0170a2ce5ddc8377fa2e12153a7592d3bc9e1,distance_from_own_immediate_activation,0.36330897013077529,False
LA,QCL,7,6,c8a82229789dd56c64ca2059eefcf51085a0a7f323ce6c4d76c1038374b96e4f,distance_from_own_immediate_activation,0.31055839342156016,False
LA,QCL,7,7,594f866d8f859161efe6b442ec96c16a44d91c527e6b42c0e25890843394db87,q_after,0.26731106921384917,False
LA,QCL,7,7,ac81216f4590451532031d5e8caaed3ab28f5074dc6934daa613dbb31964d463,q_after,0.25865272845019582,False
LA,QCL,7,7,d82b4b74485c4ef9b4b12f1c2fabad4c0109165ed4e5d7f934133ea726a65ae9,distance_from_own_immediate_activation,0,False
LA,QCL,7,7,f6676ed348d4d873923c058111d2f76ed59e8b3bffd08a972593e7195e1501db,distance_from_own_immediate_activation,0,False
LA,QCL,8,1,322b5d3c47aa80d2c94addc9a85c94282e44d92f9ccc5a0cf4cab593ea40cb3b,q_after,0.39726440316343603,False
LA,QCL,8,1,d97bda6d6a887cafe4132a43d6d106a50a3a151b295c299fbaa9079c4004d670,q_after,0.38038909016443823,False
LA,QCL,8,1,322b5d3c47aa80d2c94addc9a85c94282e44d92f9ccc5a0cf4cab593ea40cb3b,distance_from_own_immediate_activation,1.479293898576683,False
LA,QCL,8,1,d97bda6d6a887cafe4132a43d6d106a50a3a151b295c299fbaa9079c4004d670,distance_from_own_immediate_activation,1.2090090006278462,False
LA,QCL,8,2,0bd2026793f0bdd3dfddcb3a86a61c5ef3c5be75d9b27d7f82d467e67e81a002,q_after,0.31832374412722381,False
LA,QCL,8,2,02a22fd299a2ccb545e35eeb893f179d4edbdf7c221555dccc49226db06f9a39,q_after,0.28692234521741772,False
LA,QCL,8,2,6d8662b52037c46fb86859055d261b4e39e87aecdecc577323f3abe2a7c7e25d,distance_from_own_immediate_activation,0.71283502844467639,False
LA,QCL,8,2,6004734a3e907d0ad5784edce44262e127590447068af53de0b613f812596584,distance_from_own_immediate_activation,0.64678349188815054,False
LA,QCL,8,3,d4b109253c320baa212c079a8c8508e2df92d46eb2c28bdae70970323223535d,q_after,0.28249181745183427,False
LA,QCL,8,3,d14af47f15fc7808528ee07bb21d968d5e0ba281349868b35ccbde0a891cf861,q_after,0.28010922352544876,False
LA,QCL,8,3,d4b109253c320baa212c079a8c8508e2df92d46eb2c28bdae70970323223535d,distance_from_own_immediate_activation,0.84225504296333797,False
LA,QCL,8,3,0c328123840c4f0612911579d7f4904db2da5a812c06d570723c8576b1fca416,distance_from_own_immediate_activation,0.69185330220141017,False
LA,QCL,8,4,aad92d218c59cedc62e89e764b2c100c49d8e4e11a63156d2f2a8730765ac833,q_after,0.27044920264982147,False
LA,QCL,8,4,9f6bd262c4c7386b4be0edfd81d85188912782392d65d501c973d5e11f5fd9d8,q_after,0.25750391049359606,False
LA,QCL,8,4,b82a03e937cf2cf32073db5d914babf4ef1b871d8a539df433e363c50b0cd9a2,distance_from_own_immediate_activation,0.74129203332679261,False
LA,QCL,8,4,23ab463b020d55e2046b7787446e4f8feaea34632b6c872ea5035557b771d415,distance_from_own_immediate_activation,0.59837152095170487,False
LA,QCL,8,5,01420d17129502bfc2d99502119265411afc6383420061477e4653a3673ccd4a,q_after,0.26218305354437482,False
LA,QCL,8,5,6b09563228de190af7f5373ac8d2d385748090ccb7f9b0cd3289584504d9dd34,q_after,0.25361073046516841,False
LA,QCL,8,5,f3ba2c2245b37c605bce04bebcec812c51cf83b9f5305723e697a809e8d8701b,distance_from_own_immediate_activation,0.56680700076395751,False
LA,QCL,8,5,1e3b5e22d108f73a2ea06a7ec707339755483551dc6b4f1426dbcec379b8b9ea,distance_from_own_immediate_activation,0.52602350452295543,False
LA,QCL,8,6,83caed2e5c75f3a824fa9ed8f5e0170a2ce5ddc8377fa2e12153a7592d3bc9e1,q_after,0.28198417163865519,False
LA,QCL,8,6,5f190dd9320be3787a98bf168e4952de5cf63af3ac2de562d01c1bc3ea7e4572,q_after,0.26814654579029479,False
LA,QCL,8,6,3b5e495f8547e4789bdee4b85ae9826e19f84bedeca53cb002e5cf0ff73e9ada,distance_from_own_immediate_activation,0.92684420301193071,False
LA,QCL,8,6,747c585f04c3591e36bc833c9ceb06cf8c210fa7b2eada208f590ac0a1fa420e,distance_from_own_immediate_activation,0.51102652445096752,False
LA,QCL,8,7,594f866d8f859161efe6b442ec96c16a44d91c527e6b42c0e25890843394db87,q_after,0.26858013892543126,False
LA,QCL,8,7,ac81216f4590451532031d5e8caaed3ab28f5074dc6934daa613dbb31964d463,q_after,0.25854500440302369,False
LA,QCL,8,7,08a19118522cc17853da3f13976ad9660fba43a0bd99dd33b8fafc3ceb0f75c1,distance_from_own_immediate_activation,0.49857092056312602,False
LA,QCL,8,7,c7dd6cc253ee760a4cd10d9db4ebc6784e91ff803923e397b27a0011a0de4a57,distance_from_own_immediate_activation,0.4048977958773467,False
LA,QCL,8,8,fbffa4660f8b8580c15c2976a741b2c5a9eec5f6924ac4febfeb97bcb4c7710c,q_after,0.24195283379988541,False
LA,QCL,8,8,6394ac8fb8a607937b7a948cb932e8154ac185e4b1b7837b35e061b7704dfba1,q_after,0.23509046514489246,False
LA,QCL,8,8,f30078d6d8f44bf7dc4c8052ae871614b00ba8bb789b67892dbf178a85412fe1,distance_from_own_immediate_activation,0,False
LA,QCL,8,8,c9f8952620ae02f32df759f1d9dd4e4dd404b9459172fb5c7f3185720ee9cef5,distance_from_own_immediate_activation,0,False
LA,QCL,9,1,322b5d3c47aa80d2c94addc9a85c94282e44d92f9ccc5a0cf4cab593ea40cb3b,q_after,0.39930827556904702,False
LA,QCL,9,1,d97bda6d6a887cafe4132a43d6d106a50a3a151b295c299fbaa9079c4004d670,q_after,0.38287249377391869,False
LA,QCL,9,1,322b5d3c47aa80d2c94addc9a85c94282e44d92f9ccc5a0cf4cab593ea40cb3b,distance_from_own_immediate_activation,1.4989903327298464,False
LA,QCL,9,1,d97bda6d6a887cafe4132a43d6d106a50a3a151b295c299fbaa9079c4004d670,distance_from_own_immediate_activation,1.2377511534076131,False
LA,QCL,9,2,0bd2026793f0bdd3dfddcb3a86a61c5ef3c5be75d9b27d7f82d467e67e81a002,q_after,0.33552235496045063,False
LA,QCL,9,2,d8d352d25aea997ddcc87eb32a33e036523df16bad570e7d6fd11321ceb983a8,q_after,0.29773344480143588,False
LA,QCL,9,2,6d8662b52037c46fb86859055d261b4e39e87aecdecc577323f3abe2a7c7e25d,distance_from_own_immediate_activation,0.71936516374070092,False
LA,QCL,9,2,6004734a3e907d0ad5784edce44262e127590447068af53de0b613f812596584,distance_from_own_immediate_activation,0.70896447462296452,False
LA,QCL,9,3,d14af47f15fc7808528ee07bb21d968d5e0ba281349868b35ccbde0a891cf861,q_after,0.28644440893069173,False
LA,QCL,9,3,d4b109253c320baa212c079a8c8508e2df92d46eb2c28bdae70970323223535d,q_after,0.28058183860257807,False
LA,QCL,9,3,d4b109253c320baa212c079a8c8508e2df92d46eb2c28bdae70970323223535d,distance_from_own_immediate_activation,0.85559174931185222,False
LA,QCL,9,3,0c328123840c4f0612911579d7f4904db2da5a812c06d570723c8576b1fca416,distance_from_own_immediate_activation,0.77208795513897144,False
LA,QCL,9,4,aad92d218c59cedc62e89e764b2c100c49d8e4e11a63156d2f2a8730765ac833,q_after,0.27521401467085993,False
LA,QCL,9,4,ed33e3c69e916d631348a8c3feb3fc51edadbde76f631c9c8ad7d8bc61289260,q_after,0.26409496298273744,False
LA,QCL,9,4,b82a03e937cf2cf32073db5d914babf4ef1b871d8a539df433e363c50b0cd9a2,distance_from_own_immediate_activation,0.78614456024838997,False
LA,QCL,9,4,23ab463b020d55e2046b7787446e4f8feaea34632b6c872ea5035557b771d415,distance_from_own_immediate_activation,0.67909113991770409,False
LA,QCL,9,5,01420d17129502bfc2d99502119265411afc6383420061477e4653a3673ccd4a,q_after,0.26695331562485525,False
LA,QCL,9,5,589538be01a86310c56851a8bc919cd5960a401251a24f1727344c0e836aebfc,q_after,0.25727023795250792,False
LA,QCL,9,5,f3ba2c2245b37c605bce04bebcec812c51cf83b9f5305723e697a809e8d8701b,distance_from_own_immediate_activation,0.61913034416732093,False
LA,QCL,9,5,4b06541b68703e6e8d0a28f59ab223c38fa6ae39a459bf51b12af6056cf62673,distance_from_own_immediate_activation,0.58115504360277093,False
LA,QCL,9,6,83caed2e5c75f3a824fa9ed8f5e0170a2ce5ddc8377fa2e12153a7592d3bc9e1,q_after,0.29399584196125511,False
LA,QCL,9,6,5f190dd9320be3787a98bf168e4952de5cf63af3ac2de562d01c1bc3ea7e4572,q_after,0.27153432878713463,False
LA,QCL,9,6,3b5e495f8547e4789bdee4b85ae9826e19f84bedeca53cb002e5cf0ff73e9ada,distance_from_own_immediate_activation,0.92867513747897268,False
LA,QCL,9,6,c8a82229789dd56c64ca2059eefcf51085a0a7f323ce6c4d76c1038374b96e4f,distance_from_own_immediate_activation,0.60969771274848328,False
LA,QCL,9,7,57317a7f6b41d100caee1bad332659a0c1f566af7c263f713fff1f5bc194bb9d,q_after,0.32946064731420871,False
LA,QCL,9,7,594f866d8f859161efe6b442ec96c16a44d91c527e6b42c0e25890843394db87,q_after,0.26766283691211107,False
LA,QCL,9,7,57317a7f6b41d100caee1bad332659a0c1f566af7c263f713fff1f5bc194bb9d,distance_from_own_immediate_activation,1.3205310211759655,False
LA,QCL,9,7,08a19118522cc17853da3f13976ad9660fba43a0bd99dd33b8fafc3ceb0f75c1,distance_from_own_immediate_activation,0.51921169164684344,False
LA,QCL,9,8,fbffa4660f8b8580c15c2976a741b2c5a9eec5f6924ac4febfeb97bcb4c7710c,q_after,0.24282504710909231,False
LA,QCL,9,8,8344325fc57132eb0786d68ffb727952e3f32c6ae87f172c44916cd8113a2023,q_after,0.23740686787828988,False
LA,QCL,9,8,c9f8952620ae02f32df759f1d9dd4e4dd404b9459172fb5c7f3185720ee9cef5,distance_from_own_immediate_activation,0.77131221906637504,False
LA,QCL,9,8,693ac3189a2fa3e2845d072b6cc2ea99a346cf19be40255cd6f58733f05845dd,distance_from_own_immediate_activation,0.27594032057726192,False
LA,QCL,9,9,52b41318f5f9cbef51332bbdf86e98a41d1f651e67b31c8a4055789253c502fe,q_after,0.23916678562252092,False
LA,QCL,9,9,5040d6f7de5ba2b05cded68efbd38ae4cb85cc7d96ce182be913e5ab7e53bbb0,q_after,0.23820946949916011,False
LA,QCL,9,9,194178db5ac524e6c7517cc57e2e3431cff936ec930778a4b17ef981c4514f7f,distance_from_own_immediate_activation,0,False
LA,QCL,9,9,31d57823193fde3c88a529a47704ed415975d35c2ef62ca633ff76987bd7b939,distance_from_own_immediate_activation,0,False
LA,QCL,10,1,322b5d3c47aa80d2c94addc9a85c94282e44d92f9ccc5a0cf4cab593ea40cb3b,q_after,0.40074140957337451,False
LA,QCL,10,1,d97bda6d6a887cafe4132a43d6d106a50a3a151b295c299fbaa9079c4004d670,q_after,0.39486052329525356,False
LA,QCL,10,1,322b5d3c47aa80d2c94addc9a85c94282e44d92f9ccc5a0cf4cab593ea40cb3b,distance_from_own_immediate_activation,1.5077467374760642,False
LA,QCL,10,1,d97bda6d6a887cafe4132a43d6d106a50a3a151b295c299fbaa9079c4004d670,distance_from_own_immediate_activation,1.2947055707967356,False
LA,QCL,10,2,0bd2026793f0bdd3dfddcb3a86a61c5ef3c5be75d9b27d7f82d467e67e81a002,q_after,0.34171771158008879,False
LA,QCL,10,2,d8d352d25aea997ddcc87eb32a33e036523df16bad570e7d6fd11321ceb983a8,q_after,0.30541237365521251,False
LA,QCL,10,2,6004734a3e907d0ad5784edce44262e127590447068af53de0b613f812596584,distance_from_own_immediate_activation,0.75177309814913518,False
LA,QCL,10,2,dc2b4304898991c55f2e21a6de682f775a2f588a4b2b9b6bdd5439bdff65fee5,distance_from_own_immediate_activation,0.73811522128238072,False
LA,QCL,10,3,d14af47f15fc7808528ee07bb21d968d5e0ba281349868b35ccbde0a891cf861,q_after,0.297743219243018,False
LA,QCL,10,3,428d2e05be7326998ba6f9721cc207fcb12c868635010792f5bea4b83d185908,q_after,0.28911160504007455,False
LA,QCL,10,3,d4b109253c320baa212c079a8c8508e2df92d46eb2c28bdae70970323223535d,distance_from_own_immediate_activation,0.88833762514773529,False
LA,QCL,10,3,0c328123840c4f0612911579d7f4904db2da5a812c06d570723c8576b1fca416,distance_from_own_immediate_activation,0.88684142704925251,False
LA,QCL,10,4,5abd3eacc2d9d05cc7ca87403cf11e70f930a513e505a3fdd178946f2b51a3f2,q_after,1.045069751941462,False
LA,QCL,10,4,aad92d218c59cedc62e89e764b2c100c49d8e4e11a63156d2f2a8730765ac833,q_after,0.27598954866731645,False
LA,QCL,10,4,5abd3eacc2d9d05cc7ca87403cf11e70f930a513e505a3fdd178946f2b51a3f2,distance_from_own_immediate_activation,4.5995264754150593,False
LA,QCL,10,4,a02b17a7b83ea45ae8a5ef014ea4e70834474342620c3d8f02c359c6a79b9cf9,distance_from_own_immediate_activation,0.96912092459806132,False
LA,QCL,10,5,01420d17129502bfc2d99502119265411afc6383420061477e4653a3673ccd4a,q_after,0.27123126628622696,False
LA,QCL,10,5,6b09563228de190af7f5373ac8d2d385748090ccb7f9b0cd3289584504d9dd34,q_after,0.26006486756128699,False
LA,QCL,10,5,f3ba2c2245b37c605bce04bebcec812c51cf83b9f5305723e697a809e8d8701b,distance_from_own_immediate_activation,0.6911124779730935,False
LA,QCL,10,5,7df2930b6a46ce4b8e54dac4534cd064b6d4941e242e1a2f604578b4e694acfe,distance_from_own_immediate_activation,0.67376999705073315,False
LA,QCL,10,6,83caed2e5c75f3a824fa9ed8f5e0170a2ce5ddc8377fa2e12153a7592d3bc9e1,q_after,0.31059601365990169,False
LA,QCL,10,6,5f190dd9320be3787a98bf168e4952de5cf63af3ac2de562d01c1bc3ea7e4572,q_after,0.27441713969071213,False
LA,QCL,10,6,3b5e495f8547e4789bdee4b85ae9826e19f84bedeca53cb002e5cf0ff73e9ada,distance_from_own_immediate_activation,0.93373123877237862,False
LA,QCL,10,6,83caed2e5c75f3a824fa9ed8f5e0170a2ce5ddc8377fa2e12153a7592d3bc9e1,distance_from_own_immediate_activation,0.70750846618938013,False
LA,QCL,10,7,57317a7f6b41d100caee1bad332659a0c1f566af7c263f713fff1f5bc194bb9d,q_after,0.33955201170745986,False
LA,QCL,10,7,594f866d8f859161efe6b442ec96c16a44d91c527e6b42c0e25890843394db87,q_after,0.26824635858146173,False
LA,QCL,10,7,57317a7f6b41d100caee1bad332659a0c1f566af7c263f713fff1f5bc194bb9d,distance_from_own_immediate_activation,1.3902053661800662,False
LA,QCL,10,7,08a19118522cc17853da3f13976ad9660fba43a0bd99dd33b8fafc3ceb0f75c1,distance_from_own_immediate_activation,0.58059591880348027,False
LA,QCL,10,8,fbffa4660f8b8580c15c2976a741b2c5a9eec5f6924ac4febfeb97bcb4c7710c,q_after,0.24411852603369388,False
LA,QCL,10,8,d744ccfd61a0ef4cd1944bce5e6e32e0b7d860360829ba133626c9d43d991283,q_after,0.24254275965255853,False
LA,QCL,10,8,c9f8952620ae02f32df759f1d9dd4e4dd404b9459172fb5c7f3185720ee9cef5,distance_from_own_immediate_activation,0.77476865506029535,False
LA,QCL,10,8,c09477e8ac6109e60866ba40d590efbfaae96b4ff0df2bda9401ba82480bdd0b,distance_from_own_immediate_activation,0.3848009367851456,False
LA,QCL,10,9,52b41318f5f9cbef51332bbdf86e98a41d1f651e67b31c8a4055789253c502fe,q_after,0.23950604064504619,False
LA,QCL,10,9,dc058ea6418e07ce6353e2a47db284956a332d66949af59a9d33e92c69cd7a8a,q_after,0.23797926841838396,False
LA,QCL,10,9,194178db5ac524e6c7517cc57e2e3431cff936ec930778a4b17ef981c4514f7f,distance_from_own_immediate_activation,0.45441628440300968,False
LA,QCL,10,9,e7fef22c6caa23fa3b677a0b54a10f4feea31664c1a506944abcb6698f17b9c0,distance_from_own_immediate_activation,0.29293707690688342,False
LA,QCL,10,10,a16dd621edd719eb44deaebf0ccd6302da89fe34094450574b1b3d32433b958c,q_after,0.25154535193166749,False
LA,QCL,10,10,a0dae0252a814e8e5fe66440b8105d50711e10df38d33adf556648a4dfa0ec75,q_after,0.24457217829185349,False
LA,QCL,10,10,498726f516ca2b5b6c3abb41abe5aabe486467b0175f90d10eb394571795ce5a,distance_from_own_immediate_activation,0,False
LA,QCL,10,10,9894445f110df76e317bb1ab36bffa15c2e90d4335205e958131010a783cf63d,distance_from_own_immediate_activation,0,False
LA,NQFIX,1,1,9a6dd76f564eabe6d772c906c071d9d837193dc7543a04dc4a666f2c4bfaf5fc,q_after,0.61421499139684865,False
LA,NQFIX,1,1,b60dce4b4fb7c58f26743b14e89bf6f65fd42fa8a116dc3a52707814fd0496fe,q_after,0.52613133302089332,False
LA,NQFIX,1,1,285a3add6f31d8546b0d76689a016bc0f9f7d8e58c95f54e87bba48ad5cabc65,distance_from_own_immediate_activation,0,False
LA,NQFIX,1,1,6abbaf2496b409f11036390da3b47c9272a243b8a164ca3d9f9a65fafbec985d,distance_from_own_immediate_activation,0,False
LA,NQFIX,2,1,9a6dd76f564eabe6d772c906c071d9d837193dc7543a04dc4a666f2c4bfaf5fc,q_after,0.60391389046991095,False
LA,NQFIX,2,1,b60dce4b4fb7c58f26743b14e89bf6f65fd42fa8a116dc3a52707814fd0496fe,q_after,0.53732091322545927,False
LA,NQFIX,2,1,c36d70eb53ba78389390e289afb5dd9f925d5772a413bd1a75bd67a4b4a12428,distance_from_own_immediate_activation,0.68174505253303874,False
LA,NQFIX,2,1,7412f9b677bdd6da6ceaf7b352a8013e66884fca96673ccdef4c91ded318ed24,distance_from_own_immediate_activation,0.64862533329795702,False
LA,NQFIX,2,2,d8d352d25aea997ddcc87eb32a33e036523df16bad570e7d6fd11321ceb983a8,q_after,0.23011804263247534,False
LA,NQFIX,2,2,6550dc9ecd01aba3be24ef39ef596583e6088394270d2578a2f2db63b8b1487e,q_after,0.20897500514857162,False
LA,NQFIX,2,2,f742e3b08cc43666fd7f6e3f269849a7e50f2847ec2b4e38de638a9da8e99747,distance_from_own_immediate_activation,0,False
LA,NQFIX,2,2,c00ba5c00aeed6290e334d4cd5abd3b223eb0b0d3fe00c61dd63a733904b0504,distance_from_own_immediate_activation,0,False
LA,NQFIX,3,1,9a6dd76f564eabe6d772c906c071d9d837193dc7543a04dc4a666f2c4bfaf5fc,q_after,0.6091128627631307,False
LA,NQFIX,3,1,b60dce4b4fb7c58f26743b14e89bf6f65fd42fa8a116dc3a52707814fd0496fe,q_after,0.55309316588713453,False
LA,NQFIX,3,1,d97bda6d6a887cafe4132a43d6d106a50a3a151b295c299fbaa9079c4004d670,distance_from_own_immediate_activation,1.9298161790773214,False
LA,NQFIX,3,1,3a77016737e2b0f4dfa9685598e7703e88fe37b911c923d52a9dd4187d20f892,distance_from_own_immediate_activation,1.1252634895578217,False
LA,NQFIX,3,2,d8d352d25aea997ddcc87eb32a33e036523df16bad570e7d6fd11321ceb983a8,q_after,0.27800758395642022,False
LA,NQFIX,3,2,aabfe586abdd4fcb67df036ed9d8c8c40eaef61fb668a043aecb6e9e85f0cec5,q_after,0.2521930647122817,False
LA,NQFIX,3,2,98ae105e841eaf92fb0f91823d4b3f0a71f11808ee0acc1d5216a42145817cd2,distance_from_own_immediate_activation,0.75097515212495447,False
LA,NQFIX,3,2,dc2b4304898991c55f2e21a6de682f775a2f588a4b2b9b6bdd5439bdff65fee5,distance_from_own_immediate_activation,0.68649336353324963,False
LA,NQFIX,3,3,515b4ae4e915e27e846f892bfe07aca0267d5ed6c35fd634d21cf4b23ac51d9a,q_after,0.30138600693000034,False
LA,NQFIX,3,3,79e94f56ddaf1f8711b2925724036dafe5a56b99c028fc8e2e094a85b22fc5e5,q_after,0.18848158032382559,False
LA,NQFIX,3,3,5fe5cc36167302a9bb9453cf9a190bce75a6ebf70356e4b2d43262df4ea70e7e,distance_from_own_immediate_activation,0,False
LA,NQFIX,3,3,748b77c32e5597fd9ab954ae967d71dfca3c97aa792238480bf57c353b9f7c3b,distance_from_own_immediate_activation,0,False
LA,NQFIX,4,1,9a6dd76f564eabe6d772c906c071d9d837193dc7543a04dc4a666f2c4bfaf5fc,q_after,0.62254972751801008,False
LA,NQFIX,4,1,b60dce4b4fb7c58f26743b14e89bf6f65fd42fa8a116dc3a52707814fd0496fe,q_after,0.55620651313163449,False
LA,NQFIX,4,1,d97bda6d6a887cafe4132a43d6d106a50a3a151b295c299fbaa9079c4004d670,distance_from_own_immediate_activation,2.0668149447119255,False
LA,NQFIX,4,1,322b5d3c47aa80d2c94addc9a85c94282e44d92f9ccc5a0cf4cab593ea40cb3b,distance_from_own_immediate_activation,1.5300285003657441,False
LA,NQFIX,4,2,d8d352d25aea997ddcc87eb32a33e036523df16bad570e7d6fd11321ceb983a8,q_after,0.30259955012516415,False
LA,NQFIX,4,2,dc2b4304898991c55f2e21a6de682f775a2f588a4b2b9b6bdd5439bdff65fee5,q_after,0.28751529234525858,False
LA,NQFIX,4,2,dc2b4304898991c55f2e21a6de682f775a2f588a4b2b9b6bdd5439bdff65fee5,distance_from_own_immediate_activation,1.0787737681601599,False
LA,NQFIX,4,2,2d23d11655dc0b828e6bf3eb559cf2c89cc6faaef94ee29ecbd9cd83a066963b,distance_from_own_immediate_activation,0.88780075068488618,False
LA,NQFIX,4,3,515b4ae4e915e27e846f892bfe07aca0267d5ed6c35fd634d21cf4b23ac51d9a,q_after,0.32140111157579032,False
LA,NQFIX,4,3,79e94f56ddaf1f8711b2925724036dafe5a56b99c028fc8e2e094a85b22fc5e5,q_after,0.21436503828070499,False
LA,NQFIX,4,3,2a97fa4a853339993d14b2e27c07081e01a46d9aa88d5973ab9fb2fafe58291d,distance_from_own_immediate_activation,0.63241307675409753,False
LA,NQFIX,4,3,79e94f56ddaf1f8711b2925724036dafe5a56b99c028fc8e2e094a85b22fc5e5,distance_from_own_immediate_activation,0.62888459570885002,False
LA,NQFIX,4,4,1a96b5677b3f52b05e8eb0e674c63cfad9c1da24c8fefbc07ef5fef96e4ae54d,q_after,0.24267949724798149,False
LA,NQFIX,4,4,b82a03e937cf2cf32073db5d914babf4ef1b871d8a539df433e363c50b0cd9a2,q_after,0.21650028827410051,False
LA,NQFIX,4,4,b74477e088614db975b9ef3aaba64df62b78acfc4f63433e65ca1d0781dcffe1,distance_from_own_immediate_activation,0,False
LA,NQFIX,4,4,75df0f36573c040611750a4f824c17e612ade8e4b5e3a222af3a9c77dd369af4,distance_from_own_immediate_activation,0,False
LA,NQFIX,5,1,d97bda6d6a887cafe4132a43d6d106a50a3a151b295c299fbaa9079c4004d670,q_after,0.74957316614765279,False
LA,NQFIX,5,1,9a6dd76f564eabe6d772c906c071d9d837193dc7543a04dc4a666f2c4bfaf5fc,q_after,0.64856706474175363,False
LA,NQFIX,5,1,d97bda6d6a887cafe4132a43d6d106a50a3a151b295c299fbaa9079c4004d670,distance_from_own_immediate_activation,3.138770135097928,False
LA,NQFIX,5,1,322b5d3c47aa80d2c94addc9a85c94282e44d92f9ccc5a0cf4cab593ea40cb3b,distance_from_own_immediate_activation,2.1280393246399845,False
LA,NQFIX,5,2,d8d352d25aea997ddcc87eb32a33e036523df16bad570e7d6fd11321ceb983a8,q_after,0.35660812605085407,False
LA,NQFIX,5,2,0bd2026793f0bdd3dfddcb3a86a61c5ef3c5be75d9b27d7f82d467e67e81a002,q_after,0.34335939886544564,False
LA,NQFIX,5,2,6d8662b52037c46fb86859055d261b4e39e87aecdecc577323f3abe2a7c7e25d,distance_from_own_immediate_activation,1.4588203732299787,False
LA,NQFIX,5,2,fcfa09ca9b55861094a61c627da01fc77c414131e75581d08feb6cd91114b77e,distance_from_own_immediate_activation,1.3334069159305286,False
LA,NQFIX,5,3,d4b109253c320baa212c079a8c8508e2df92d46eb2c28bdae70970323223535d,q_after,0.41794285585080748,False
LA,NQFIX,5,3,515b4ae4e915e27e846f892bfe07aca0267d5ed6c35fd634d21cf4b23ac51d9a,q_after,0.35095955196463691,False
LA,NQFIX,5,3,d4b109253c320baa212c079a8c8508e2df92d46eb2c28bdae70970323223535d,distance_from_own_immediate_activation,1.9352001836040387,False
LA,NQFIX,5,3,79e94f56ddaf1f8711b2925724036dafe5a56b99c028fc8e2e094a85b22fc5e5,distance_from_own_immediate_activation,1.1610076951453197,False
LA,NQFIX,5,4,b82a03e937cf2cf32073db5d914babf4ef1b871d8a539df433e363c50b0cd9a2,q_after,0.28924730433575357,False
LA,NQFIX,5,4,1a96b5677b3f52b05e8eb0e674c63cfad9c1da24c8fefbc07ef5fef96e4ae54d,q_after,0.2378719427706566,False
LA,NQFIX,5,4,b82a03e937cf2cf32073db5d914babf4ef1b871d8a539df433e363c50b0cd9a2,distance_from_own_immediate_activation,1.4432332043362759,False
LA,NQFIX,5,4,f9bbd7e3ab694d6d1583e321f397e292a3c3fb8d79088cd001e65a8856d6d7ba,distance_from_own_immediate_activation,0.75136647128391132,False
LA,NQFIX,5,5,589538be01a86310c56851a8bc919cd5960a401251a24f1727344c0e836aebfc,q_after,0.15921547622242077,False
LA,NQFIX,5,5,318519fe28a222e5447ecb5fddc70cd3d91fd1aafcacb10db049caf33ac49cbe,q_after,0.12294495292970933,False
LA,NQFIX,5,5,5b84c1c1bac6d9c9495e0d2d313d0b616314a82781835eeed7f9f22473bf6d62,distance_from_own_immediate_activation,0,False
LA,NQFIX,5,5,e5ad6f2d686323a16d0fded4072da1dc7728d193c1789d134033681e537b2e49,distance_from_own_immediate_activation,0,False
LA,NQFIX,6,1,d97bda6d6a887cafe4132a43d6d106a50a3a151b295c299fbaa9079c4004d670,q_after,0.77509346111296995,False
LA,NQFIX,6,1,322b5d3c47aa80d2c94addc9a85c94282e44d92f9ccc5a0cf4cab593ea40cb3b,q_after,0.77028500255702748,False
LA,NQFIX,6,1,d97bda6d6a887cafe4132a43d6d106a50a3a151b295c299fbaa9079c4004d670,distance_from_own_immediate_activation,3.254206416105335,False
LA,NQFIX,6,1,322b5d3c47aa80d2c94addc9a85c94282e44d92f9ccc5a0cf4cab593ea40cb3b,distance_from_own_immediate_activation,3.2216258406115039,False
LA,NQFIX,6,2,d8d352d25aea997ddcc87eb32a33e036523df16bad570e7d6fd11321ceb983a8,q_after,0.47506842184264814,False
LA,NQFIX,6,2,0bd2026793f0bdd3dfddcb3a86a61c5ef3c5be75d9b27d7f82d467e67e81a002,q_after,0.4350262792820595,False
LA,NQFIX,6,2,2fc913d68a103cbc6389a1d60f388c577075e2c691144fc7c52ae0854a1dd9cc,distance_from_own_immediate_activation,1.8950741374221718,False
LA,NQFIX,6,2,d8d352d25aea997ddcc87eb32a33e036523df16bad570e7d6fd11321ceb983a8,distance_from_own_immediate_activation,1.8870435888839998,False
LA,NQFIX,6,3,515b4ae4e915e27e846f892bfe07aca0267d5ed6c35fd634d21cf4b23ac51d9a,q_after,0.45710360861011257,False
LA,NQFIX,6,3,d4b109253c320baa212c079a8c8508e2df92d46eb2c28bdae70970323223535d,q_after,0.43963183059903338,False
LA,NQFIX,6,3,d4b109253c320baa212c079a8c8508e2df92d46eb2c28bdae70970323223535d,distance_from_own_immediate_activation,2.0494458479113988,False
LA,NQFIX,6,3,515b4ae4e915e27e846f892bfe07aca0267d5ed6c35fd634d21cf4b23ac51d9a,distance_from_own_immediate_activation,1.6913612751727765,False
LA,NQFIX,6,4,b82a03e937cf2cf32073db5d914babf4ef1b871d8a539df433e363c50b0cd9a2,q_after,0.33642487800194509,False
LA,NQFIX,6,4,1a96b5677b3f52b05e8eb0e674c63cfad9c1da24c8fefbc07ef5fef96e4ae54d,q_after,0.24269107115251459,False
LA,NQFIX,6,4,b82a03e937cf2cf32073db5d914babf4ef1b871d8a539df433e363c50b0cd9a2,distance_from_own_immediate_activation,1.8410308408485223,False
LA,NQFIX,6,4,72485696a3c613ab2fb17bd133c8b3e02728a46e662b31975a05f75b5f212480,distance_from_own_immediate_activation,1.2510235064778994,False
LA,NQFIX,6,5,589538be01a86310c56851a8bc919cd5960a401251a24f1727344c0e836aebfc,q_after,0.18365804850592415,False
LA,NQFIX,6,5,318519fe28a222e5447ecb5fddc70cd3d91fd1aafcacb10db049caf33ac49cbe,q_after,0.17183263956803005,False
LA,NQFIX,6,5,60141ed71c08336ce18411af9a934eea62501d656a44799383c418e0d0819796,distance_from_own_immediate_activation,0.93931913916164467,False
LA,NQFIX,6,5,50b4f0fbbfc3410168a920096ef3894efa622f3bcb49ac47555544b0e6a568aa,distance_from_own_immediate_activation,0.87066783015693683,False
LA,NQFIX,6,6,bcf84e442663a475585f85805fde38449d5b7723cc2639e54448b177d9ed169e,q_after,0.1068557497138703,False
LA,NQFIX,6,6,e109bf1f87790f61784de0933c8eb588edb05f36b647e7619aafde10e92d6d22,q_after,0.095317323403756496,False
LA,NQFIX,6,6,8a9041037dbc17f886486516e3c6a025512c6bdc9ebc902afd1b7b83a6f28b04,distance_from_own_immediate_activation,0,False
LA,NQFIX,6,6,1cfe090c9861932226bef865ff03923d860fb91023a5ebe93c3bab1a657257cb,distance_from_own_immediate_activation,0,False
LA,NQFIX,7,1,322b5d3c47aa80d2c94addc9a85c94282e44d92f9ccc5a0cf4cab593ea40cb3b,q_after,0.92636733553107276,False
LA,NQFIX,7,1,50d6505f4bf83bb005d91ac06d26b044492e5bbdd5ebf7ac3ad402fb8cc9e12c,q_after,0.82161043122430932,False
LA,NQFIX,7,1,322b5d3c47aa80d2c94addc9a85c94282e44d92f9ccc5a0cf4cab593ea40cb3b,distance_from_own_immediate_activation,3.9959083333860494,False
LA,NQFIX,7,1,f296600e034a8a300da559a46de195efdd639d61128b9c3cc6a0887b1ef0d697,distance_from_own_immediate_activation,3.4519267198569503,False
LA,NQFIX,7,2,0bd2026793f0bdd3dfddcb3a86a61c5ef3c5be75d9b27d7f82d467e67e81a002,q_after,0.59395759842660789,False
LA,NQFIX,7,2,02a22fd299a2ccb545e35eeb893f179d4edbdf7c221555dccc49226db06f9a39,q_after,0.5784385672734369,False
LA,NQFIX,7,2,2d23d11655dc0b828e6bf3eb559cf2c89cc6faaef94ee29ecbd9cd83a066963b,distance_from_own_immediate_activation,2.7521515952630859,False
LA,NQFIX,7,2,02a22fd299a2ccb545e35eeb893f179d4edbdf7c221555dccc49226db06f9a39,distance_from_own_immediate_activation,2.4644106239296999,False
LA,NQFIX,7,3,515b4ae4e915e27e846f892bfe07aca0267d5ed6c35fd634d21cf4b23ac51d9a,q_after,0.56024833871605273,False
LA,NQFIX,7,3,c588a2e73dbe2374e7b6ee0efd6801a1e31d730f5c9bb2ed19ffc7b8acb6ae9c,q_after,0.48042950593808098,False
LA,NQFIX,7,3,515b4ae4e915e27e846f892bfe07aca0267d5ed6c35fd634d21cf4b23ac51d9a,distance_from_own_immediate_activation,2.3833906674088867,False
LA,NQFIX,7,3,c588a2e73dbe2374e7b6ee0efd6801a1e31d730f5c9bb2ed19ffc7b8acb6ae9c,distance_from_own_immediate_activation,2.3358026318165099,False
LA,NQFIX,7,4,b82a03e937cf2cf32073db5d914babf4ef1b871d8a539df433e363c50b0cd9a2,q_after,0.37830444045715189,False
LA,NQFIX,7,4,f9bbd7e3ab694d6d1583e321f397e292a3c3fb8d79088cd001e65a8856d6d7ba,q_after,0.3028241950363017,False
LA,NQFIX,7,4,b82a03e937cf2cf32073db5d914babf4ef1b871d8a539df433e363c50b0cd9a2,distance_from_own_immediate_activation,2.1207149465334281,False
LA,NQFIX,7,4,678b5be147e37c2c4939050ba9d04108b9474d783ddf6c36f82b3a5e18412dd2,distance_from_own_immediate_activation,1.8112208645235297,False
LA,NQFIX,7,5,589538be01a86310c56851a8bc919cd5960a401251a24f1727344c0e836aebfc,q_after,0.24015003739916904,False
LA,NQFIX,7,5,673e3d973614a811b8d1de9574911e54641055080200e1eecc061225743ca7fd,q_after,0.23496915385197323,False
LA,NQFIX,7,5,1e3b5e22d108f73a2ea06a7ec707339755483551dc6b4f1426dbcec379b8b9ea,distance_from_own_immediate_activation,1.4172737235845272,False
LA,NQFIX,7,5,6024df54ea833b2d3b781f838a99adc7c0e8b90b14cc152c9f0687d6588c9cd9,distance_from_own_immediate_activation,1.389933568551335,False
LA,NQFIX,7,6,e03f047e69ad4d12b861e3ecdeb342aa868138db17a223860c09e3905f3eafff,q_after,0.14106701340728645,False
LA,NQFIX,7,6,3f8680f110a5de777d871193e4179b2b85a9df64cc27affed64f1801797cb9a6,q_after,0.13888638585186211,False
LA,NQFIX,7,6,e03f047e69ad4d12b861e3ecdeb342aa868138db17a223860c09e3905f3eafff,distance_from_own_immediate_activation,0.95107200652214641,False
LA,NQFIX,7,6,3f8680f110a5de777d871193e4179b2b85a9df64cc27affed64f1801797cb9a6,distance_from_own_immediate_activation,0.91474013497605122,False
LA,NQFIX,7,7,3bbe2880a3b411cedd0981582eb0ff28d39331b5e1eae751b9a670922f0fcd6b,q_after,1699.74498382106,False
LA,NQFIX,7,7,7df6ba08c50f72918066d0bdf8844aa8c12edcec8b3f83a616dbc054ea8cf01e,q_after,0.12838860692106796,False
LA,NQFIX,7,7,d82b4b74485c4ef9b4b12f1c2fabad4c0109165ed4e5d7f934133ea726a65ae9,distance_from_own_immediate_activation,0,False
LA,NQFIX,7,7,f6676ed348d4d873923c058111d2f76ed59e8b3bffd08a972593e7195e1501db,distance_from_own_immediate_activation,0,False
LA,NQFIX,8,1,322b5d3c47aa80d2c94addc9a85c94282e44d92f9ccc5a0cf4cab593ea40cb3b,q_after,1.3355110831213228,False
LA,NQFIX,8,1,50d6505f4bf83bb005d91ac06d26b044492e5bbdd5ebf7ac3ad402fb8cc9e12c,q_after,1.0429745857289827,False
LA,NQFIX,8,1,322b5d3c47aa80d2c94addc9a85c94282e44d92f9ccc5a0cf4cab593ea40cb3b,distance_from_own_immediate_activation,5.8742912629817177,False
LA,NQFIX,8,1,f296600e034a8a300da559a46de195efdd639d61128b9c3cc6a0887b1ef0d697,distance_from_own_immediate_activation,4.5951700451223196,False
LA,NQFIX,8,2,02a22fd299a2ccb545e35eeb893f179d4edbdf7c221555dccc49226db06f9a39,q_after,0.76655668945060562,False
LA,NQFIX,8,2,0bd2026793f0bdd3dfddcb3a86a61c5ef3c5be75d9b27d7f82d467e67e81a002,q_after,0.71088437292652262,False
LA,NQFIX,8,2,c00ba5c00aeed6290e334d4cd5abd3b223eb0b0d3fe00c61dd63a733904b0504,distance_from_own_immediate_activation,3.3557436968763099,False
LA,NQFIX,8,2,02a22fd299a2ccb545e35eeb893f179d4edbdf7c221555dccc49226db06f9a39,distance_from_own_immediate_activation,3.249670478071832,False
LA,NQFIX,8,3,515b4ae4e915e27e846f892bfe07aca0267d5ed6c35fd634d21cf4b23ac51d9a,q_after,0.67504407133104971,False
LA,NQFIX,8,3,c588a2e73dbe2374e7b6ee0efd6801a1e31d730f5c9bb2ed19ffc7b8acb6ae9c,q_after,0.63063007248624958,False
LA,NQFIX,8,3,c588a2e73dbe2374e7b6ee0efd6801a1e31d730f5c9bb2ed19ffc7b8acb6ae9c,distance_from_own_immediate_activation,3.1282874834052872,False
LA,NQFIX,8,3,79e94f56ddaf1f8711b2925724036dafe5a56b99c028fc8e2e094a85b22fc5e5,distance_from_own_immediate_activation,3.101858114742738,False
LA,NQFIX,8,4,b82a03e937cf2cf32073db5d914babf4ef1b871d8a539df433e363c50b0cd9a2,q_after,0.51712293817309285,False
LA,NQFIX,8,4,4e5b31fe9b5fc66bc908a9e9542bd017c57e8f10c137dbb0f6c9484f93ce6e52,q_after,0.40308710649752455,False
LA,NQFIX,8,4,b82a03e937cf2cf32073db5d914babf4ef1b871d8a539df433e363c50b0cd9a2,distance_from_own_immediate_activation,3.0095835010276297,False
LA,NQFIX,8,4,678b5be147e37c2c4939050ba9d04108b9474d783ddf6c36f82b3a5e18412dd2,distance_from_own_immediate_activation,2.811393129207334,False
LA,NQFIX,8,5,6024df54ea833b2d3b781f838a99adc7c0e8b90b14cc152c9f0687d6588c9cd9,q_after,0.29911615587233642,False
LA,NQFIX,8,5,6d6ab8c5682a7d4625f9cd4dbb0d810e379f9e6647db762c208e28467a5119be,q_after,0.29317001633904916,False
LA,NQFIX,8,5,6d6ab8c5682a7d4625f9cd4dbb0d810e379f9e6647db762c208e28467a5119be,distance_from_own_immediate_activation,2.1757776925507999,False
LA,NQFIX,8,5,6024df54ea833b2d3b781f838a99adc7c0e8b90b14cc152c9f0687d6588c9cd9,distance_from_own_immediate_activation,2.1731536304993138,False
LA,NQFIX,8,6,3b5e495f8547e4789bdee4b85ae9826e19f84bedeca53cb002e5cf0ff73e9ada,q_after,0.30714077611863932,False
LA,NQFIX,8,6,e03f047e69ad4d12b861e3ecdeb342aa868138db17a223860c09e3905f3eafff,q_after,0.23056912952469424,False
LA,NQFIX,8,6,3b5e495f8547e4789bdee4b85ae9826e19f84bedeca53cb002e5cf0ff73e9ada,distance_from_own_immediate_activation,2.3819452756979467,False
LA,NQFIX,8,6,0099df0bc4ca2468a92da65cf0701f1c03ba7912d6f587d3ef3474e23d7d4003,distance_from_own_immediate_activation,1.8386345860966335,False
LA,NQFIX,8,7,3bbe2880a3b411cedd0981582eb0ff28d39331b5e1eae751b9a670922f0fcd6b,q_after,18769.617315598651,False
LA,NQFIX,8,7,d1b17bc35f91bd7d5682189bf5b028d143a9e3c081089464426768e4480105ed,q_after,0.14765144930631607,False
LA,NQFIX,8,7,c7dd6cc253ee760a4cd10d9db4ebc6784e91ff803923e397b27a0011a0de4a57,distance_from_own_immediate_activation,1.0964159087865177,False
LA,NQFIX,8,7,08a19118522cc17853da3f13976ad9660fba43a0bd99dd33b8fafc3ceb0f75c1,distance_from_own_immediate_activation,0.9277548739318654,False
LA,NQFIX,8,8,f49f3109a6b3dc7e973df56c56c03856916874617b0d34faf8c942caa1a8d5ee,q_after,0.15075691173640438,False
LA,NQFIX,8,8,9d5f1d28e6bde878025ec79c906621dd53cbaead9d49040cd9bb81d1a37a91ce,q_after,0.090546556300488981,False
LA,NQFIX,8,8,f30078d6d8f44bf7dc4c8052ae871614b00ba8bb789b67892dbf178a85412fe1,distance_from_own_immediate_activation,0,False
LA,NQFIX,8,8,c9f8952620ae02f32df759f1d9dd4e4dd404b9459172fb5c7f3185720ee9cef5,distance_from_own_immediate_activation,0,False
LA,NQFIX,9,1,322b5d3c47aa80d2c94addc9a85c94282e44d92f9ccc5a0cf4cab593ea40cb3b,q_after,1.3924614783491207,False
LA,NQFIX,9,1,50d6505f4bf83bb005d91ac06d26b044492e5bbdd5ebf7ac3ad402fb8cc9e12c,q_after,1.3766009249594133,False
LA,NQFIX,9,1,322b5d3c47aa80d2c94addc9a85c94282e44d92f9ccc5a0cf4cab593ea40cb3b,distance_from_own_immediate_activation,6.1380811093657206,False
LA,NQFIX,9,1,f296600e034a8a300da559a46de195efdd639d61128b9c3cc6a0887b1ef0d697,distance_from_own_immediate_activation,5.4511644541755153,False
LA,NQFIX,9,2,02a22fd299a2ccb545e35eeb893f179d4edbdf7c221555dccc49226db06f9a39,q_after,1.0073208034817933,False
LA,NQFIX,9,2,0bd2026793f0bdd3dfddcb3a86a61c5ef3c5be75d9b27d7f82d467e67e81a002,q_after,0.94043812143745831,False
LA,NQFIX,9,2,2fc913d68a103cbc6389a1d60f388c577075e2c691144fc7c52ae0854a1dd9cc,distance_from_own_immediate_activation,4.2475749542621672,False
LA,NQFIX,9,2,02a22fd299a2ccb545e35eeb893f179d4edbdf7c221555dccc49226db06f9a39,distance_from_own_immediate_activation,4.2427237693402668,False
LA,NQFIX,9,3,c588a2e73dbe2374e7b6ee0efd6801a1e31d730f5c9bb2ed19ffc7b8acb6ae9c,q_after,0.9172175183887078,False
LA,NQFIX,9,3,515b4ae4e915e27e846f892bfe07aca0267d5ed6c35fd634d21cf4b23ac51d9a,q_after,0.85481818309393742,False
LA,NQFIX,9,3,c588a2e73dbe2374e7b6ee0efd6801a1e31d730f5c9bb2ed19ffc7b8acb6ae9c,distance_from_own_immediate_activation,4.5798551966470944,False
LA,NQFIX,9,3,a8ca6913504a216f67a02ce552986573476c799a9405ddefeeb97e27896e2020,distance_from_own_immediate_activation,4.1957054413037298,False
LA,NQFIX,9,4,b82a03e937cf2cf32073db5d914babf4ef1b871d8a539df433e363c50b0cd9a2,q_after,0.57185732223873631,False
LA,NQFIX,9,4,8803db334fad9e23bb0889a83be83383981f8708a2e1972484bd531ca1b56494,q_after,0.53505548362302557,False
LA,NQFIX,9,4,678b5be147e37c2c4939050ba9d04108b9474d783ddf6c36f82b3a5e18412dd2,distance_from_own_immediate_activation,3.4889069037577793,False
LA,NQFIX,9,4,cec66d759ce03ae8570cd14aa69601ade5032d72afb0138d8971f4f21178dfdc,distance_from_own_immediate_activation,3.3996972971573696,False
LA,NQFIX,9,5,673e3d973614a811b8d1de9574911e54641055080200e1eecc061225743ca7fd,q_after,0.4168258501026707,False
LA,NQFIX,9,5,6024df54ea833b2d3b781f838a99adc7c0e8b90b14cc152c9f0687d6588c9cd9,q_after,0.40425241728748995,False
LA,NQFIX,9,5,6d6ab8c5682a7d4625f9cd4dbb0d810e379f9e6647db762c208e28467a5119be,distance_from_own_immediate_activation,2.9980487916496767,False
LA,NQFIX,9,5,6024df54ea833b2d3b781f838a99adc7c0e8b90b14cc152c9f0687d6588c9cd9,distance_from_own_immediate_activation,2.9263114891318751,False
LA,NQFIX,9,6,3b5e495f8547e4789bdee4b85ae9826e19f84bedeca53cb002e5cf0ff73e9ada,q_after,0.33244630360567817,False
LA,NQFIX,9,6,9061868f31030f336380fd863f22629547b3a1cce327536f37666d58ac8158d6,q_after,0.32139445227887137,False
LA,NQFIX,9,6,3b5e495f8547e4789bdee4b85ae9826e19f84bedeca53cb002e5cf0ff73e9ada,distance_from_own_immediate_activation,2.5857272111158962,False
LA,NQFIX,9,6,0099df0bc4ca2468a92da65cf0701f1c03ba7912d6f587d3ef3474e23d7d4003,distance_from_own_immediate_activation,2.3961242149968411,False
LA,NQFIX,9,7,3bbe2880a3b411cedd0981582eb0ff28d39331b5e1eae751b9a670922f0fcd6b,q_after,27430.839389488989,False
LA,NQFIX,9,7,57317a7f6b41d100caee1bad332659a0c1f566af7c263f713fff1f5bc194bb9d,q_after,0.39325021873068816,False
LA,NQFIX,9,7,57317a7f6b41d100caee1bad332659a0c1f566af7c263f713fff1f5bc194bb9d,distance_from_own_immediate_activation,2.9558131517507813,False
LA,NQFIX,9,7,cae08a41effd87616a467bf53eeaf184236117fed7b276e8e71ac38e2019a24f,distance_from_own_immediate_activation,1.527648314477962,False
LA,NQFIX,9,8,6394ac8fb8a607937b7a948cb932e8154ac185e4b1b7837b35e061b7704dfba1,q_after,0.18580344166418095,False
LA,NQFIX,9,8,f49f3109a6b3dc7e973df56c56c03856916874617b0d34faf8c942caa1a8d5ee,q_after,0.17963073305965821,False
LA,NQFIX,9,8,c9f8952620ae02f32df759f1d9dd4e4dd404b9459172fb5c7f3185720ee9cef5,distance_from_own_immediate_activation,1.6089033234096402,False
LA,NQFIX,9,8,6394ac8fb8a607937b7a948cb932e8154ac185e4b1b7837b35e061b7704dfba1,distance_from_own_immediate_activation,1.0016891173390348,False
LA,NQFIX,9,9,b423b4d95b600fbfa331b7f73ac12437f41e46f8eabb4fb081891f9a77116ca4,q_after,0.12150846710199753,False
LA,NQFIX,9,9,e0fbefa7d8a45a49d7f854645b83cedf2a9deea001513c479371d2106e891d0f,q_after,0.093425068118647092,False
LA,NQFIX,9,9,194178db5ac524e6c7517cc57e2e3431cff936ec930778a4b17ef981c4514f7f,distance_from_own_immediate_activation,0,False
LA,NQFIX,9,9,31d57823193fde3c88a529a47704ed415975d35c2ef62ca633ff76987bd7b939,distance_from_own_immediate_activation,0,False
LA,NQFIX,10,1,50d6505f4bf83bb005d91ac06d26b044492e5bbdd5ebf7ac3ad402fb8cc9e12c,q_after,1.724493453451061,False
LA,NQFIX,10,1,8d67adfeef800f3ba3b181a61828d73e1a8c5712ee92223ca71ce23e8fee6253,q_after,1.6626623108644334,False
LA,NQFIX,10,1,8d67adfeef800f3ba3b181a61828d73e1a8c5712ee92223ca71ce23e8fee6253,distance_from_own_immediate_activation,7.0898337764282413,False
LA,NQFIX,10,1,f296600e034a8a300da559a46de195efdd639d61128b9c3cc6a0887b1ef0d697,distance_from_own_immediate_activation,6.6464782925378199,False
LA,NQFIX,10,2,3c31a70abbb961b3ebd7d223aa5dcd21f04f0ddfad03354ac6ad4c678c259cc4,q_after,1.1284892325190041,False
LA,NQFIX,10,2,02a22fd299a2ccb545e35eeb893f179d4edbdf7c221555dccc49226db06f9a39,q_after,1.1141140213427794,False
LA,NQFIX,10,2,2fc913d68a103cbc6389a1d60f388c577075e2c691144fc7c52ae0854a1dd9cc,distance_from_own_immediate_activation,5.7513443224507608,False
LA,NQFIX,10,2,3c31a70abbb961b3ebd7d223aa5dcd21f04f0ddfad03354ac6ad4c678c259cc4,distance_from_own_immediate_activation,4.9556732763013276,False
LA,NQFIX,10,3,c588a2e73dbe2374e7b6ee0efd6801a1e31d730f5c9bb2ed19ffc7b8acb6ae9c,q_after,1.05641585647717,False
LA,NQFIX,10,3,515b4ae4e915e27e846f892bfe07aca0267d5ed6c35fd634d21cf4b23ac51d9a,q_after,0.94896185155344315,False
LA,NQFIX,10,3,a8ca6913504a216f67a02ce552986573476c799a9405ddefeeb97e27896e2020,distance_from_own_immediate_activation,5.4240118607206762,False
LA,NQFIX,10,3,c588a2e73dbe2374e7b6ee0efd6801a1e31d730f5c9bb2ed19ffc7b8acb6ae9c,distance_from_own_immediate_activation,5.2896176003001862,False
LA,NQFIX,10,4,5abd3eacc2d9d05cc7ca87403cf11e70f930a513e505a3fdd178946f2b51a3f2,q_after,1.3983148284479781,False
LA,NQFIX,10,4,8803db334fad9e23bb0889a83be83383981f8708a2e1972484bd531ca1b56494,q_after,0.68675162407925394,False
LA,NQFIX,10,4,5abd3eacc2d9d05cc7ca87403cf11e70f930a513e505a3fdd178946f2b51a3f2,distance_from_own_immediate_activation,8.2657978480502461,False
LA,NQFIX,10,4,678b5be147e37c2c4939050ba9d04108b9474d783ddf6c36f82b3a5e18412dd2,distance_from_own_immediate_activation,4.5313289359565605,False
LA,NQFIX,10,5,1e3b5e22d108f73a2ea06a7ec707339755483551dc6b4f1426dbcec379b8b9ea,q_after,0.59953567968114951,False
LA,NQFIX,10,5,673e3d973614a811b8d1de9574911e54641055080200e1eecc061225743ca7fd,q_after,0.56153235361267395,False
LA,NQFIX,10,5,93d40e82bf7c4211b1bf6fdc4daf25656c1eb63dbd33b9d7b701096a62b386b0,distance_from_own_immediate_activation,4.2328904017445605,False
LA,NQFIX,10,5,6d6ab8c5682a7d4625f9cd4dbb0d810e379f9e6647db762c208e28467a5119be,distance_from_own_immediate_activation,4.1332661266794455,False
LA,NQFIX,10,6,9061868f31030f336380fd863f22629547b3a1cce327536f37666d58ac8158d6,q_after,0.42656871018369386,False
LA,NQFIX,10,6,39404d8bc5789975a1a846dbc75baaa442d32f81f9cd6e4ba5494d252371bb49,q_after,0.42256645635387474,False
LA,NQFIX,10,6,0099df0bc4ca2468a92da65cf0701f1c03ba7912d6f587d3ef3474e23d7d4003,distance_from_own_immediate_activation,3.173204721590114,False
LA,NQFIX,10,6,4e9d45e3ceb2760e0ff542314af49ff878fd54e6b863ebf83fbdb319e0002df8,distance_from_own_immediate_activation,3.0177944013700508,False
LA,NQFIX,10,7,3bbe2880a3b411cedd0981582eb0ff28d39331b5e1eae751b9a670922f0fcd6b,q_after,33617.773094584307,False
LA,NQFIX,10,7,57317a7f6b41d100caee1bad332659a0c1f566af7c263f713fff1f5bc194bb9d,q_after,0.43672515583429378,False
LA,NQFIX,10,7,57317a7f6b41d100caee1bad332659a0c1f566af7c263f713fff1f5bc194bb9d,distance_from_own_immediate_activation,3.3044273368843498,False
LA,NQFIX,10,7,d75f9adb8f343b5057474a2c141a68ab372c0e02532c0cd345fd2887846e2389,distance_from_own_immediate_activation,2.4857539714563361,False
LA,NQFIX,10,8,6394ac8fb8a607937b7a948cb932e8154ac185e4b1b7837b35e061b7704dfba1,q_after,0.27327651733271002,False
LA,NQFIX,10,8,d744ccfd61a0ef4cd1944bce5e6e32e0b7d860360829ba133626c9d43d991283,q_after,0.23045879867702301,False
LA,NQFIX,10,8,c9f8952620ae02f32df759f1d9dd4e4dd404b9459172fb5c7f3185720ee9cef5,distance_from_own_immediate_activation,1.6508112072777645,False
LA,NQFIX,10,8,d744ccfd61a0ef4cd1944bce5e6e32e0b7d860360829ba133626c9d43d991283,distance_from_own_immediate_activation,1.5925574420161084,False
LA,NQFIX,10,9,0df602babb6931fd0199152889584b657194a6e75ea9b76d3ce27d99abd709ea,q_after,0.16466081131421142,False
LA,NQFIX,10,9,b423b4d95b600fbfa331b7f73ac12437f41e46f8eabb4fb081891f9a77116ca4,q_after,0.16379271212809385,False
LA,NQFIX,10,9,e72a3697074a75e0ce3469b763eaedfc7d28cf62bc993b2c901c87fe808ee52d,distance_from_own_immediate_activation,1.523432124205838,False
LA,NQFIX,10,9,0df602babb6931fd0199152889584b657194a6e75ea9b76d3ce27d99abd709ea,distance_from_own_immediate_activation,1.1007993771855578,False
LA,NQFIX,10,10,533a825d82a29fa7292590b905b923b441c683ed86a219d04fc4019037146c5a,q_after,0.094132017423040101,False
LA,NQFIX,10,10,fc450e4868d498e845e7c575ebec0dd5c068b053ec5f3a9d25e2656a4df55261,q_after,0.093969432368386063,False
LA,NQFIX,10,10,498726f516ca2b5b6c3abb41abe5aabe486467b0175f90d10eb394571795ce5a,distance_from_own_immediate_activation,0,False
LA,NQFIX,10,10,9894445f110df76e317bb1ab36bffa15c2e90d4335205e958131010a783cf63d,distance_from_own_immediate_activation,0,False
LA,ORBFH,1,1,cb7c55a4e2dd79332d59c67a80558cdd018be66887291ba61bda4f4cd96f0c0d,q_after,0.26917573822317692,False
LA,ORBFH,1,1,5be41b224968c5352077e3540871e2fe58f711f7d4c62e7adf253619a971f328,q_after,0.2622230147908215,False
LA,ORBFH,1,1,285a3add6f31d8546b0d76689a016bc0f9f7d8e58c95f54e87bba48ad5cabc65,distance_from_own_immediate_activation,0,False
LA,ORBFH,1,1,6abbaf2496b409f11036390da3b47c9272a243b8a164ca3d9f9a65fafbec985d,distance_from_own_immediate_activation,0,False
LA,ORBFH,2,1,cb7c55a4e2dd79332d59c67a80558cdd018be66887291ba61bda4f4cd96f0c0d,q_after,0.27357502252527638,False
LA,ORBFH,2,1,5be41b224968c5352077e3540871e2fe58f711f7d4c62e7adf253619a971f328,q_after,0.26403406728900258,False
LA,ORBFH,2,1,b60dce4b4fb7c58f26743b14e89bf6f65fd42fa8a116dc3a52707814fd0496fe,distance_from_own_immediate_activation,0.35284119552036342,False
LA,ORBFH,2,1,cad93aa25aedcacddc439835622bc76cd6fca8de2ba3a8c308395f1f1077074d,distance_from_own_immediate_activation,0.28183711692119062,False
LA,ORBFH,2,2,d8d352d25aea997ddcc87eb32a33e036523df16bad570e7d6fd11321ceb983a8,q_after,0.25004181635394229,False
LA,ORBFH,2,2,cfea8109d5bb120665e1790bc6ca8d8552f8d571d09a1b1e52228c35972fb5b5,q_after,0.23905217727506345,False
LA,ORBFH,2,2,f742e3b08cc43666fd7f6e3f269849a7e50f2847ec2b4e38de638a9da8e99747,distance_from_own_immediate_activation,0,False
LA,ORBFH,2,2,c00ba5c00aeed6290e334d4cd5abd3b223eb0b0d3fe00c61dd63a733904b0504,distance_from_own_immediate_activation,0,False
LA,ORBFH,3,1,d97bda6d6a887cafe4132a43d6d106a50a3a151b295c299fbaa9079c4004d670,q_after,0.29961104427544827,False
LA,ORBFH,3,1,5be41b224968c5352077e3540871e2fe58f711f7d4c62e7adf253619a971f328,q_after,0.28922217757655611,False
LA,ORBFH,3,1,d97bda6d6a887cafe4132a43d6d106a50a3a151b295c299fbaa9079c4004d670,distance_from_own_immediate_activation,0.7816340355770971,False
LA,ORBFH,3,1,c36d70eb53ba78389390e289afb5dd9f925d5772a413bd1a75bd67a4b4a12428,distance_from_own_immediate_activation,0.51327457461519732,False
LA,ORBFH,3,2,d8d352d25aea997ddcc87eb32a33e036523df16bad570e7d6fd11321ceb983a8,q_after,0.25707528363941279,False
LA,ORBFH,3,2,cfea8109d5bb120665e1790bc6ca8d8552f8d571d09a1b1e52228c35972fb5b5,q_after,0.24561884541573153,False
LA,ORBFH,3,2,dc2b4304898991c55f2e21a6de682f775a2f588a4b2b9b6bdd5439bdff65fee5,distance_from_own_immediate_activation,0.2916253565105596,False
LA,ORBFH,3,2,8dc3365b07499c70eb012fd72b1ea17353968018aec86054fe394058334ad4f9,distance_from_own_immediate_activation,0.29108982484270418,False
LA,ORBFH,3,3,9c065e0f883db6476525835ec08802a8e3913b224f5afe69c443abe771f170b7,q_after,0.23410843139623552,False
LA,ORBFH,3,3,4b4a2dfc44b14278d8e217f3a60d3cc5e0bdb733a97c2d0e3aa119657f34a27f,q_after,0.2254788255826444,False
LA,ORBFH,3,3,5fe5cc36167302a9bb9453cf9a190bce75a6ebf70356e4b2d43262df4ea70e7e,distance_from_own_immediate_activation,0,False
LA,ORBFH,3,3,748b77c32e5597fd9ab954ae967d71dfca3c97aa792238480bf57c353b9f7c3b,distance_from_own_immediate_activation,0,False
LA,ORBFH,4,1,d97bda6d6a887cafe4132a43d6d106a50a3a151b295c299fbaa9079c4004d670,q_after,0.31606543088557554,False
LA,ORBFH,4,1,5be41b224968c5352077e3540871e2fe58f711f7d4c62e7adf253619a971f328,q_after,0.29845181733952475,False
LA,ORBFH,4,1,d97bda6d6a887cafe4132a43d6d106a50a3a151b295c299fbaa9079c4004d670,distance_from_own_immediate_activation,0.86879760881771073,False
LA,ORBFH,4,1,0d37408f349a9e1575f9996b4666d8be3c1a4b030ef6385556f20138f0e45d77,distance_from_own_immediate_activation,0.58498575934658437,False
LA,ORBFH,4,2,d8d352d25aea997ddcc87eb32a33e036523df16bad570e7d6fd11321ceb983a8,q_after,0.25957763968401171,False
LA,ORBFH,4,2,5008f473a6e83cc858a77d33998b64b8f6a78aecd02f4fa08ad9688d3913d9e7,q_after,0.25514768481467454,False
LA,ORBFH,4,2,1423d21aeed4b15ea5038eb95f277e6c06a90f8d79a12944d20b5d102caf7468,distance_from_own_immediate_activation,0.38477900449660729,False
LA,ORBFH,4,2,5008f473a6e83cc858a77d33998b64b8f6a78aecd02f4fa08ad9688d3913d9e7,distance_from_own_immediate_activation,0.38320045421073751,False
LA,ORBFH,4,3,428d2e05be7326998ba6f9721cc207fcb12c868635010792f5bea4b83d185908,q_after,0.23521618122680177,False
LA,ORBFH,4,3,9c065e0f883db6476525835ec08802a8e3913b224f5afe69c443abe771f170b7,q_after,0.23377001587971899,False
LA,ORBFH,4,3,8453a13791aaf1759702f9d23318a3c023481a22e62381d89463e0b35f613a92,distance_from_own_immediate_activation,0.2794565021867973,False
LA,ORBFH,4,3,0c328123840c4f0612911579d7f4904db2da5a812c06d570723c8576b1fca416,distance_from_own_immediate_activation,0.27204536395848156,False
LA,ORBFH,4,4,aad92d218c59cedc62e89e764b2c100c49d8e4e11a63156d2f2a8730765ac833,q_after,0.2280935469121125,False
LA,ORBFH,4,4,ac96b5d5e6b3be921727b72d42a47935d871a93be01af3e235a2209ef4b346a5,q_after,0.21616772252933536,False
LA,ORBFH,4,4,b74477e088614db975b9ef3aaba64df62b78acfc4f63433e65ca1d0781dcffe1,distance_from_own_immediate_activation,0,False
LA,ORBFH,4,4,75df0f36573c040611750a4f824c17e612ade8e4b5e3a222af3a9c77dd369af4,distance_from_own_immediate_activation,0,False
LA,ORBFH,5,1,d97bda6d6a887cafe4132a43d6d106a50a3a151b295c299fbaa9079c4004d670,q_after,0.35938573878434393,False
LA,ORBFH,5,1,5be41b224968c5352077e3540871e2fe58f711f7d4c62e7adf253619a971f328,q_after,0.30791638707576413,False
LA,ORBFH,5,1,d97bda6d6a887cafe4132a43d6d106a50a3a151b295c299fbaa9079c4004d670,distance_from_own_immediate_activation,1.1232839560733676,False
LA,ORBFH,5,1,322b5d3c47aa80d2c94addc9a85c94282e44d92f9ccc5a0cf4cab593ea40cb3b,distance_from_own_immediate_activation,0.70449622324742345,False
LA,ORBFH,5,2,d8d352d25aea997ddcc87eb32a33e036523df16bad570e7d6fd11321ceb983a8,q_after,0.2657075903734224,False
LA,ORBFH,5,2,5008f473a6e83cc858a77d33998b64b8f6a78aecd02f4fa08ad9688d3913d9e7,q_after,0.25918271543598853,False
LA,ORBFH,5,2,6d8662b52037c46fb86859055d261b4e39e87aecdecc577323f3abe2a7c7e25d,distance_from_own_immediate_activation,0.62262192647322323,False
LA,ORBFH,5,2,5008f473a6e83cc858a77d33998b64b8f6a78aecd02f4fa08ad9688d3913d9e7,distance_from_own_immediate_activation,0.46202351003539438,False
LA,ORBFH,5,3,d4b109253c320baa212c079a8c8508e2df92d46eb2c28bdae70970323223535d,q_after,0.25803932580082528,False
LA,ORBFH,5,3,428d2e05be7326998ba6f9721cc207fcb12c868635010792f5bea4b83d185908,q_after,0.24311122021042772,False
LA,ORBFH,5,3,d4b109253c320baa212c079a8c8508e2df92d46eb2c28bdae70970323223535d,distance_from_own_immediate_activation,0.74859203588437184,False
LA,ORBFH,5,3,79e94f56ddaf1f8711b2925724036dafe5a56b99c028fc8e2e094a85b22fc5e5,distance_from_own_immediate_activation,0.39074661803955602,False
LA,ORBFH,5,4,aad92d218c59cedc62e89e764b2c100c49d8e4e11a63156d2f2a8730765ac833,q_after,0.2351875756603643,False
LA,ORBFH,5,4,ac96b5d5e6b3be921727b72d42a47935d871a93be01af3e235a2209ef4b346a5,q_after,0.22029586751379726,False
LA,ORBFH,5,4,b82a03e937cf2cf32073db5d914babf4ef1b871d8a539df433e363c50b0cd9a2,distance_from_own_immediate_activation,0.47400121446477311,False
LA,ORBFH,5,4,7c39d5d8664c4eddcc91a60251ba824fcdabf2f60b26a223737690f76628d907,distance_from_own_immediate_activation,0.28657947296540087,False
LA,ORBFH,5,5,121a7ec56ccbab4c34f7e426188798acd6bd44f5d5cc40b754d08a8a94164b44,q_after,0.2211308794671579,False
LA,ORBFH,5,5,318519fe28a222e5447ecb5fddc70cd3d91fd1aafcacb10db049caf33ac49cbe,q_after,0.21075490619413775,False
LA,ORBFH,5,5,5b84c1c1bac6d9c9495e0d2d313d0b616314a82781835eeed7f9f22473bf6d62,distance_from_own_immediate_activation,0,False
LA,ORBFH,5,5,e5ad6f2d686323a16d0fded4072da1dc7728d193c1789d134033681e537b2e49,distance_from_own_immediate_activation,0,False
LA,ORBFH,6,1,d97bda6d6a887cafe4132a43d6d106a50a3a151b295c299fbaa9079c4004d670,q_after,0.37144158844760855,False
LA,ORBFH,6,1,0d37408f349a9e1575f9996b4666d8be3c1a4b030ef6385556f20138f0e45d77,q_after,0.33032716439691107,False
LA,ORBFH,6,1,d97bda6d6a887cafe4132a43d6d106a50a3a151b295c299fbaa9079c4004d670,distance_from_own_immediate_activation,1.1848099402761914,False
LA,ORBFH,6,1,322b5d3c47aa80d2c94addc9a85c94282e44d92f9ccc5a0cf4cab593ea40cb3b,distance_from_own_immediate_activation,1.0092888104804469,False
LA,ORBFH,6,2,d8d352d25aea997ddcc87eb32a33e036523df16bad570e7d6fd11321ceb983a8,q_after,0.26858051805781114,False
LA,ORBFH,6,2,5008f473a6e83cc858a77d33998b64b8f6a78aecd02f4fa08ad9688d3913d9e7,q_after,0.2662427107010209,False
LA,ORBFH,6,2,6d8662b52037c46fb86859055d261b4e39e87aecdecc577323f3abe2a7c7e25d,distance_from_own_immediate_activation,0.67591337636894588,False
LA,ORBFH,6,2,1423d21aeed4b15ea5038eb95f277e6c06a90f8d79a12944d20b5d102caf7468,distance_from_own_immediate_activation,0.57893574392913894,False
LA,ORBFH,6,3,d4b109253c320baa212c079a8c8508e2df92d46eb2c28bdae70970323223535d,q_after,0.26213762487684927,False
LA,ORBFH,6,3,428d2e05be7326998ba6f9721cc207fcb12c868635010792f5bea4b83d185908,q_after,0.25680468161168474,False
LA,ORBFH,6,3,d4b109253c320baa212c079a8c8508e2df92d46eb2c28bdae70970323223535d,distance_from_own_immediate_activation,0.77477846321018817,False
LA,ORBFH,6,3,cbcb4f07d73bad75caec058156c6c238258ce78fb4e1dab72ce272db69cc8c77,distance_from_own_immediate_activation,0.50687433703700291,False
LA,ORBFH,6,4,aad92d218c59cedc62e89e764b2c100c49d8e4e11a63156d2f2a8730765ac833,q_after,0.23717127646662073,False
LA,ORBFH,6,4,ac96b5d5e6b3be921727b72d42a47935d871a93be01af3e235a2209ef4b346a5,q_after,0.22781590737118265,False
LA,ORBFH,6,4,b82a03e937cf2cf32073db5d914babf4ef1b871d8a539df433e363c50b0cd9a2,distance_from_own_immediate_activation,0.56914458644949295,False
LA,ORBFH,6,4,8ea7b29624611f6e65853f4fc99273f08ca07f6fe364b6f1e6433b9ecc330362,distance_from_own_immediate_activation,0.36446829894910049,False
LA,ORBFH,6,5,121a7ec56ccbab4c34f7e426188798acd6bd44f5d5cc40b754d08a8a94164b44,q_after,0.23116249786042664,False
LA,ORBFH,6,5,318519fe28a222e5447ecb5fddc70cd3d91fd1aafcacb10db049caf33ac49cbe,q_after,0.21451289428741366,False
LA,ORBFH,6,5,4b06541b68703e6e8d0a28f59ab223c38fa6ae39a459bf51b12af6056cf62673,distance_from_own_immediate_activation,0.36315507947381015,False
LA,ORBFH,6,5,50b4f0fbbfc3410168a920096ef3894efa622f3bcb49ac47555544b0e6a568aa,distance_from_own_immediate_activation,0.34131143358894306,False
LA,ORBFH,6,6,83caed2e5c75f3a824fa9ed8f5e0170a2ce5ddc8377fa2e12153a7592d3bc9e1,q_after,0.22867330055032445,False
LA,ORBFH,6,6,5f190dd9320be3787a98bf168e4952de5cf63af3ac2de562d01c1bc3ea7e4572,q_after,0.21977609117680866,False
LA,ORBFH,6,6,8a9041037dbc17f886486516e3c6a025512c6bdc9ebc902afd1b7b83a6f28b04,distance_from_own_immediate_activation,0,False
LA,ORBFH,6,6,1cfe090c9861932226bef865ff03923d860fb91023a5ebe93c3bab1a657257cb,distance_from_own_immediate_activation,0,False
LA,ORBFH,7,1,d97bda6d6a887cafe4132a43d6d106a50a3a151b295c299fbaa9079c4004d670,q_after,0.37669832919781837,False
LA,ORBFH,7,1,0d37408f349a9e1575f9996b4666d8be3c1a4b030ef6385556f20138f0e45d77,q_after,0.33946597638150389,False
LA,ORBFH,7,1,d97bda6d6a887cafe4132a43d6d106a50a3a151b295c299fbaa9079c4004d670,distance_from_own_immediate_activation,1.2085019673232182,False
LA,ORBFH,7,1,322b5d3c47aa80d2c94addc9a85c94282e44d92f9ccc5a0cf4cab593ea40cb3b,distance_from_own_immediate_activation,1.095894476589776,False
LA,ORBFH,7,2,5008f473a6e83cc858a77d33998b64b8f6a78aecd02f4fa08ad9688d3913d9e7,q_after,0.29309014114375626,False
LA,ORBFH,7,2,d8d352d25aea997ddcc87eb32a33e036523df16bad570e7d6fd11321ceb983a8,q_after,0.27041636940039565,False
LA,ORBFH,7,2,5008f473a6e83cc858a77d33998b64b8f6a78aecd02f4fa08ad9688d3913d9e7,distance_from_own_immediate_activation,0.72835715862986383,False
LA,ORBFH,7,2,6d8662b52037c46fb86859055d261b4e39e87aecdecc577323f3abe2a7c7e25d,distance_from_own_immediate_activation,0.71062209189963532,False
LA,ORBFH,7,3,d4b109253c320baa212c079a8c8508e2df92d46eb2c28bdae70970323223535d,q_after,0.26240014633531622,False
LA,ORBFH,7,3,428d2e05be7326998ba6f9721cc207fcb12c868635010792f5bea4b83d185908,q_after,0.25530876535388874,False
LA,ORBFH,7,3,d4b109253c320baa212c079a8c8508e2df92d46eb2c28bdae70970323223535d,distance_from_own_immediate_activation,0.7949585291561535,False
LA,ORBFH,7,3,0c328123840c4f0612911579d7f4904db2da5a812c06d570723c8576b1fca416,distance_from_own_immediate_activation,0.6728184637743726,False
LA,ORBFH,7,4,aad92d218c59cedc62e89e764b2c100c49d8e4e11a63156d2f2a8730765ac833,q_after,0.24171099614467886,False
LA,ORBFH,7,4,ac96b5d5e6b3be921727b72d42a47935d871a93be01af3e235a2209ef4b346a5,q_after,0.22937380084058007,False
LA,ORBFH,7,4,b82a03e937cf2cf32073db5d914babf4ef1b871d8a539df433e363c50b0cd9a2,distance_from_own_immediate_activation,0.58942895193829825,False
LA,ORBFH,7,4,7c39d5d8664c4eddcc91a60251ba824fcdabf2f60b26a223737690f76628d907,distance_from_own_immediate_activation,0.46961648182238985,False
LA,ORBFH,7,5,121a7ec56ccbab4c34f7e426188798acd6bd44f5d5cc40b754d08a8a94164b44,q_after,0.24928773877017044,False
LA,ORBFH,7,5,589538be01a86310c56851a8bc919cd5960a401251a24f1727344c0e836aebfc,q_after,0.22174063717984793,False
LA,ORBFH,7,5,50b4f0fbbfc3410168a920096ef3894efa622f3bcb49ac47555544b0e6a568aa,distance_from_own_immediate_activation,0.44478986845763396,False
LA,ORBFH,7,5,4b06541b68703e6e8d0a28f59ab223c38fa6ae39a459bf51b12af6056cf62673,distance_from_own_immediate_activation,0.43944352049555885,False
LA,ORBFH,7,6,83caed2e5c75f3a824fa9ed8f5e0170a2ce5ddc8377fa2e12153a7592d3bc9e1,q_after,0.24727811337383512,False
LA,ORBFH,7,6,5f190dd9320be3787a98bf168e4952de5cf63af3ac2de562d01c1bc3ea7e4572,q_after,0.2192857538263141,False
LA,ORBFH,7,6,83caed2e5c75f3a824fa9ed8f5e0170a2ce5ddc8377fa2e12153a7592d3bc9e1,distance_from_own_immediate_activation,0.40313702067861773,False
LA,ORBFH,7,6,c8a82229789dd56c64ca2059eefcf51085a0a7f323ce6c4d76c1038374b96e4f,distance_from_own_immediate_activation,0.32415580163249824,False
LA,ORBFH,7,7,594f866d8f859161efe6b442ec96c16a44d91c527e6b42c0e25890843394db87,q_after,0.21945711388362313,False
LA,ORBFH,7,7,3bd3544997067fe9a2abb2521d81c54d9a9cafd8638f496624c4913634dbf4b0,q_after,0.21323310903420414,False
LA,ORBFH,7,7,d82b4b74485c4ef9b4b12f1c2fabad4c0109165ed4e5d7f934133ea726a65ae9,distance_from_own_immediate_activation,0,False
LA,ORBFH,7,7,f6676ed348d4d873923c058111d2f76ed59e8b3bffd08a972593e7195e1501db,distance_from_own_immediate_activation,0,False
LA,ORBFH,8,1,322b5d3c47aa80d2c94addc9a85c94282e44d92f9ccc5a0cf4cab593ea40cb3b,q_after,0.41683696386609514,False
LA,ORBFH,8,1,d97bda6d6a887cafe4132a43d6d106a50a3a151b295c299fbaa9079c4004d670,q_after,0.38384045136038392,False
LA,ORBFH,8,1,322b5d3c47aa80d2c94addc9a85c94282e44d92f9ccc5a0cf4cab593ea40cb3b,distance_from_own_immediate_activation,1.5747454542373034,False
LA,ORBFH,8,1,d97bda6d6a887cafe4132a43d6d106a50a3a151b295c299fbaa9079c4004d670,distance_from_own_immediate_activation,1.2532585286661642,False
LA,ORBFH,8,2,5008f473a6e83cc858a77d33998b64b8f6a78aecd02f4fa08ad9688d3913d9e7,q_after,0.30002783754556889,False
LA,ORBFH,8,2,0bd2026793f0bdd3dfddcb3a86a61c5ef3c5be75d9b27d7f82d467e67e81a002,q_after,0.2804669078454094,False
LA,ORBFH,8,2,5008f473a6e83cc858a77d33998b64b8f6a78aecd02f4fa08ad9688d3913d9e7,distance_from_own_immediate_activation,0.77928493767661133,False
LA,ORBFH,8,2,6d8662b52037c46fb86859055d261b4e39e87aecdecc577323f3abe2a7c7e25d,distance_from_own_immediate_activation,0.72521806850395087,False
LA,ORBFH,8,3,428d2e05be7326998ba6f9721cc207fcb12c868635010792f5bea4b83d185908,q_after,0.2691069327365484,False
LA,ORBFH,8,3,d4b109253c320baa212c079a8c8508e2df92d46eb2c28bdae70970323223535d,q_after,0.26388724186504459,False
LA,ORBFH,8,3,d4b109253c320baa212c079a8c8508e2df92d46eb2c28bdae70970323223535d,distance_from_own_immediate_activation,0.8220852182965368,False
LA,ORBFH,8,3,0c328123840c4f0612911579d7f4904db2da5a812c06d570723c8576b1fca416,distance_from_own_immediate_activation,0.7171122739496566,False
LA,ORBFH,8,4,aad92d218c59cedc62e89e764b2c100c49d8e4e11a63156d2f2a8730765ac833,q_after,0.24527117452647765,False
LA,ORBFH,8,4,ac96b5d5e6b3be921727b72d42a47935d871a93be01af3e235a2209ef4b346a5,q_after,0.23371547764050998,False
LA,ORBFH,8,4,b82a03e937cf2cf32073db5d914babf4ef1b871d8a539df433e363c50b0cd9a2,distance_from_own_immediate_activation,0.71174585370508248,False
LA,ORBFH,8,4,23ab463b020d55e2046b7787446e4f8feaea34632b6c872ea5035557b771d415,distance_from_own_immediate_activation,0.61668858619763289,False
LA,ORBFH,8,5,121a7ec56ccbab4c34f7e426188798acd6bd44f5d5cc40b754d08a8a94164b44,q_after,0.25452796473295625,False
LA,ORBFH,8,5,589538be01a86310c56851a8bc919cd5960a401251a24f1727344c0e836aebfc,q_after,0.22783737366389484,False
LA,ORBFH,8,5,f3ba2c2245b37c605bce04bebcec812c51cf83b9f5305723e697a809e8d8701b,distance_from_own_immediate_activation,0.59321189354010428,False
LA,ORBFH,8,5,4b06541b68703e6e8d0a28f59ab223c38fa6ae39a459bf51b12af6056cf62673,distance_from_own_immediate_activation,0.55948664589003905,False
LA,ORBFH,8,6,83caed2e5c75f3a824fa9ed8f5e0170a2ce5ddc8377fa2e12153a7592d3bc9e1,q_after,0.25288568959738994,False
LA,ORBFH,8,6,3b5e495f8547e4789bdee4b85ae9826e19f84bedeca53cb002e5cf0ff73e9ada,q_after,0.22626710275137465,False
LA,ORBFH,8,6,3b5e495f8547e4789bdee4b85ae9826e19f84bedeca53cb002e5cf0ff73e9ada,distance_from_own_immediate_activation,1.0104108219704824,False
LA,ORBFH,8,6,747c585f04c3591e36bc833c9ceb06cf8c210fa7b2eada208f590ac0a1fa420e,distance_from_own_immediate_activation,0.57466785297831879,False
LA,ORBFH,8,7,594f866d8f859161efe6b442ec96c16a44d91c527e6b42c0e25890843394db87,q_after,0.22135037232663124,False
LA,ORBFH,8,7,3bd3544997067fe9a2abb2521d81c54d9a9cafd8638f496624c4913634dbf4b0,q_after,0.21548420229255927,False
LA,ORBFH,8,7,08a19118522cc17853da3f13976ad9660fba43a0bd99dd33b8fafc3ceb0f75c1,distance_from_own_immediate_activation,0.51395527518254169,False
LA,ORBFH,8,7,c7dd6cc253ee760a4cd10d9db4ebc6784e91ff803923e397b27a0011a0de4a57,distance_from_own_immediate_activation,0.39696678433609656,False
LA,ORBFH,8,8,6394ac8fb8a607937b7a948cb932e8154ac185e4b1b7837b35e061b7704dfba1,q_after,0.21020258099804376,False
LA,ORBFH,8,8,fbffa4660f8b8580c15c2976a741b2c5a9eec5f6924ac4febfeb97bcb4c7710c,q_after,0.20997853470717867,False
LA,ORBFH,8,8,f30078d6d8f44bf7dc4c8052ae871614b00ba8bb789b67892dbf178a85412fe1,distance_from_own_immediate_activation,0,False
LA,ORBFH,8,8,c9f8952620ae02f32df759f1d9dd4e4dd404b9459172fb5c7f3185720ee9cef5,distance_from_own_immediate_activation,0,False
LA,ORBFH,9,1,322b5d3c47aa80d2c94addc9a85c94282e44d92f9ccc5a0cf4cab593ea40cb3b,q_after,0.41889398387470289,False
LA,ORBFH,9,1,d97bda6d6a887cafe4132a43d6d106a50a3a151b295c299fbaa9079c4004d670,q_after,0.39160019757096876,False
LA,ORBFH,9,1,322b5d3c47aa80d2c94addc9a85c94282e44d92f9ccc5a0cf4cab593ea40cb3b,distance_from_own_immediate_activation,1.5973473772376237,False
LA,ORBFH,9,1,d97bda6d6a887cafe4132a43d6d106a50a3a151b295c299fbaa9079c4004d670,distance_from_own_immediate_activation,1.308187705379553,False
LA,ORBFH,9,2,5008f473a6e83cc858a77d33998b64b8f6a78aecd02f4fa08ad9688d3913d9e7,q_after,0.30196237736539505,False
LA,ORBFH,9,2,0bd2026793f0bdd3dfddcb3a86a61c5ef3c5be75d9b27d7f82d467e67e81a002,q_after,0.30076277458500689,False
LA,ORBFH,9,2,5008f473a6e83cc858a77d33998b64b8f6a78aecd02f4fa08ad9688d3913d9e7,distance_from_own_immediate_activation,0.80271757307907921,False
LA,ORBFH,9,2,6004734a3e907d0ad5784edce44262e127590447068af53de0b613f812596584,distance_from_own_immediate_activation,0.79144042384713054,False
LA,ORBFH,9,3,428d2e05be7326998ba6f9721cc207fcb12c868635010792f5bea4b83d185908,q_after,0.28893235590586708,False
LA,ORBFH,9,3,d4b109253c320baa212c079a8c8508e2df92d46eb2c28bdae70970323223535d,q_after,0.26366702019959415,False
LA,ORBFH,9,3,d4b109253c320baa212c079a8c8508e2df92d46eb2c28bdae70970323223535d,distance_from_own_immediate_activation,0.84010872206457188,False
LA,ORBFH,9,3,0c328123840c4f0612911579d7f4904db2da5a812c06d570723c8576b1fca416,distance_from_own_immediate_activation,0.78920971639264625,False
LA,ORBFH,9,4,aad92d218c59cedc62e89e764b2c100c49d8e4e11a63156d2f2a8730765ac833,q_after,0.25318885084589071,False
LA,ORBFH,9,4,9f6bd262c4c7386b4be0edfd81d85188912782392d65d501c973d5e11f5fd9d8,q_after,0.23566037957011088,False
LA,ORBFH,9,4,b82a03e937cf2cf32073db5d914babf4ef1b871d8a539df433e363c50b0cd9a2,distance_from_own_immediate_activation,0.75683015785726504,False
LA,ORBFH,9,4,23ab463b020d55e2046b7787446e4f8feaea34632b6c872ea5035557b771d415,distance_from_own_immediate_activation,0.69481358660729997,False
LA,ORBFH,9,5,121a7ec56ccbab4c34f7e426188798acd6bd44f5d5cc40b754d08a8a94164b44,q_after,0.2630808623465351,False
LA,ORBFH,9,5,589538be01a86310c56851a8bc919cd5960a401251a24f1727344c0e836aebfc,q_after,0.23300667357648178,False
LA,ORBFH,9,5,4b06541b68703e6e8d0a28f59ab223c38fa6ae39a459bf51b12af6056cf62673,distance_from_own_immediate_activation,0.67848656177019295,False
LA,ORBFH,9,5,f3ba2c2245b37c605bce04bebcec812c51cf83b9f5305723e697a809e8d8701b,distance_from_own_immediate_activation,0.65715811450006423,False
LA,ORBFH,9,6,83caed2e5c75f3a824fa9ed8f5e0170a2ce5ddc8377fa2e12153a7592d3bc9e1,q_after,0.2662148641460752,False
LA,ORBFH,9,6,5f190dd9320be3787a98bf168e4952de5cf63af3ac2de562d01c1bc3ea7e4572,q_after,0.22836693320050772,False
LA,ORBFH,9,6,3b5e495f8547e4789bdee4b85ae9826e19f84bedeca53cb002e5cf0ff73e9ada,distance_from_own_immediate_activation,1.0225368262986214,False
LA,ORBFH,9,6,83caed2e5c75f3a824fa9ed8f5e0170a2ce5ddc8377fa2e12153a7592d3bc9e1,distance_from_own_immediate_activation,0.64820117773551111,False
LA,ORBFH,9,7,57317a7f6b41d100caee1bad332659a0c1f566af7c263f713fff1f5bc194bb9d,q_after,0.31842225404922064,False
LA,ORBFH,9,7,594f866d8f859161efe6b442ec96c16a44d91c527e6b42c0e25890843394db87,q_after,0.22435289185617721,False
LA,ORBFH,9,7,57317a7f6b41d100caee1bad332659a0c1f566af7c263f713fff1f5bc194bb9d,distance_from_own_immediate_activation,1.460387028945866,False
LA,ORBFH,9,7,08a19118522cc17853da3f13976ad9660fba43a0bd99dd33b8fafc3ceb0f75c1,distance_from_own_immediate_activation,0.53872945624514534,False
LA,ORBFH,9,8,6394ac8fb8a607937b7a948cb932e8154ac185e4b1b7837b35e061b7704dfba1,q_after,0.21280722145048606,False
LA,ORBFH,9,8,fbffa4660f8b8580c15c2976a741b2c5a9eec5f6924ac4febfeb97bcb4c7710c,q_after,0.21121299474126223,False
LA,ORBFH,9,8,c9f8952620ae02f32df759f1d9dd4e4dd404b9459172fb5c7f3185720ee9cef5,distance_from_own_immediate_activation,0.83144675918189193,False
LA,ORBFH,9,8,693ac3189a2fa3e2845d072b6cc2ea99a346cf19be40255cd6f58733f05845dd,distance_from_own_immediate_activation,0.28894002781324651,False
LA,ORBFH,9,9,4b345bbbc012208f42196c3b2993d660335752d466a4f847009a2695fb857fc3,q_after,0.21488608930705394,False
LA,ORBFH,9,9,52b41318f5f9cbef51332bbdf86e98a41d1f651e67b31c8a4055789253c502fe,q_after,0.19282954629221552,False
LA,ORBFH,9,9,194178db5ac524e6c7517cc57e2e3431cff936ec930778a4b17ef981c4514f7f,distance_from_own_immediate_activation,0,False
LA,ORBFH,9,9,31d57823193fde3c88a529a47704ed415975d35c2ef62ca633ff76987bd7b939,distance_from_own_immediate_activation,0,False
LA,ORBFH,10,1,322b5d3c47aa80d2c94addc9a85c94282e44d92f9ccc5a0cf4cab593ea40cb3b,q_after,0.42246210701462467,False
LA,ORBFH,10,1,d97bda6d6a887cafe4132a43d6d106a50a3a151b295c299fbaa9079c4004d670,q_after,0.40319607160484439,False
LA,ORBFH,10,1,322b5d3c47aa80d2c94addc9a85c94282e44d92f9ccc5a0cf4cab593ea40cb3b,distance_from_own_immediate_activation,1.6135523376064826,False
LA,ORBFH,10,1,d97bda6d6a887cafe4132a43d6d106a50a3a151b295c299fbaa9079c4004d670,distance_from_own_immediate_activation,1.3678777895915724,False
LA,ORBFH,10,2,5008f473a6e83cc858a77d33998b64b8f6a78aecd02f4fa08ad9688d3913d9e7,q_after,0.31461560021978702,False
LA,ORBFH,10,2,0bd2026793f0bdd3dfddcb3a86a61c5ef3c5be75d9b27d7f82d467e67e81a002,q_after,0.31010929212070421,False
LA,ORBFH,10,2,5008f473a6e83cc858a77d33998b64b8f6a78aecd02f4fa08ad9688d3913d9e7,distance_from_own_immediate_activation,0.86765384451243044,False
LA,ORBFH,10,2,6004734a3e907d0ad5784edce44262e127590447068af53de0b613f812596584,distance_from_own_immediate_activation,0.83685942634400856,False
LA,ORBFH,10,3,428d2e05be7326998ba6f9721cc207fcb12c868635010792f5bea4b83d185908,q_after,0.30581034826230885,False
LA,ORBFH,10,3,a63d1cb8eac9af15bb62f751bf0a7e8bb2d65f7cf77a972ba315ac3fb7d6c4a5,q_after,0.2700052412243501,False
LA,ORBFH,10,3,0c328123840c4f0612911579d7f4904db2da5a812c06d570723c8576b1fca416,distance_from_own_immediate_activation,0.91524978464552509,False
LA,ORBFH,10,3,d4b109253c320baa212c079a8c8508e2df92d46eb2c28bdae70970323223535d,distance_from_own_immediate_activation,0.88022668613013233,False
LA,ORBFH,10,4,5abd3eacc2d9d05cc7ca87403cf11e70f930a513e505a3fdd178946f2b51a3f2,q_after,1.1145576852011407,False
LA,ORBFH,10,4,aad92d218c59cedc62e89e764b2c100c49d8e4e11a63156d2f2a8730765ac833,q_after,0.25609809194361366,False
LA,ORBFH,10,4,5abd3eacc2d9d05cc7ca87403cf11e70f930a513e505a3fdd178946f2b51a3f2,distance_from_own_immediate_activation,4.9714158815964433,False
LA,ORBFH,10,4,a02b17a7b83ea45ae8a5ef014ea4e70834474342620c3d8f02c359c6a79b9cf9,distance_from_own_immediate_activation,1.0105638184289705,False
LA,ORBFH,10,5,121a7ec56ccbab4c34f7e426188798acd6bd44f5d5cc40b754d08a8a94164b44,q_after,0.28037492717684365,False
LA,ORBFH,10,5,589538be01a86310c56851a8bc919cd5960a401251a24f1727344c0e836aebfc,q_after,0.23763103275178257,False
LA,ORBFH,10,5,7df2930b6a46ce4b8e54dac4534cd064b6d4941e242e1a2f604578b4e694acfe,distance_from_own_immediate_activation,0.77248098421696643,False
LA,ORBFH,10,5,4b06541b68703e6e8d0a28f59ab223c38fa6ae39a459bf51b12af6056cf62673,distance_from_own_immediate_activation,0.75208561447422029,False
LA,ORBFH,10,6,83caed2e5c75f3a824fa9ed8f5e0170a2ce5ddc8377fa2e12153a7592d3bc9e1,q_after,0.28452134330389856,False
LA,ORBFH,10,6,5f190dd9320be3787a98bf168e4952de5cf63af3ac2de562d01c1bc3ea7e4572,q_after,0.23545283350415142,False
LA,ORBFH,10,6,3b5e495f8547e4789bdee4b85ae9826e19f84bedeca53cb002e5cf0ff73e9ada,distance_from_own_immediate_activation,1.0270779179413616,False
LA,ORBFH,10,6,83caed2e5c75f3a824fa9ed8f5e0170a2ce5ddc8377fa2e12153a7592d3bc9e1,distance_from_own_immediate_activation,0.74868660260072184,False
LA,ORBFH,10,7,57317a7f6b41d100caee1bad332659a0c1f566af7c263f713fff1f5bc194bb9d,q_after,0.33091598532466421,False
LA,ORBFH,10,7,594f866d8f859161efe6b442ec96c16a44d91c527e6b42c0e25890843394db87,q_after,0.22599792036418029,False
LA,ORBFH,10,7,57317a7f6b41d100caee1bad332659a0c1f566af7c263f713fff1f5bc194bb9d,distance_from_own_immediate_activation,1.5217609178509244,False
LA,ORBFH,10,7,08a19118522cc17853da3f13976ad9660fba43a0bd99dd33b8fafc3ceb0f75c1,distance_from_own_immediate_activation,0.60585921461337477,False
LA,ORBFH,10,8,6394ac8fb8a607937b7a948cb932e8154ac185e4b1b7837b35e061b7704dfba1,q_after,0.21737374336372184,False
LA,ORBFH,10,8,fbffa4660f8b8580c15c2976a741b2c5a9eec5f6924ac4febfeb97bcb4c7710c,q_after,0.2146627534113871,False
LA,ORBFH,10,8,c9f8952620ae02f32df759f1d9dd4e4dd404b9459172fb5c7f3185720ee9cef5,distance_from_own_immediate_activation,0.83570786670061226,False
LA,ORBFH,10,8,c09477e8ac6109e60866ba40d590efbfaae96b4ff0df2bda9401ba82480bdd0b,distance_from_own_immediate_activation,0.42947682090610523,False
LA,ORBFH,10,9,4b345bbbc012208f42196c3b2993d660335752d466a4f847009a2695fb857fc3,q_after,0.2181239654506574,False
LA,ORBFH,10,9,e29de53513911a0a608790b663bc01be302b70ae5e7f8becbcffec76fa2b0d92,q_after,0.20159017258951786,False
LA,ORBFH,10,9,194178db5ac524e6c7517cc57e2e3431cff936ec930778a4b17ef981c4514f7f,distance_from_own_immediate_activation,0.45803627295789812,False
LA,ORBFH,10,9,e29de53513911a0a608790b663bc01be302b70ae5e7f8becbcffec76fa2b0d92,distance_from_own_immediate_activation,0.33892646001176313,False
LA,ORBFH,10,10,a16dd621edd719eb44deaebf0ccd6302da89fe34094450574b1b3d32433b958c,q_after,0.19795645428978803,False
LA,ORBFH,10,10,12bec548179396007172128634fcc920299c5c62db44e1c72948a8d5d1329c44,q_after,0.19042049328088306,False
LA,ORBFH,10,10,498726f516ca2b5b6c3abb41abe5aabe486467b0175f90d10eb394571795ce5a,distance_from_own_immediate_activation,0,False
LA,ORBFH,10,10,9894445f110df76e317bb1ab36bffa15c2e90d4335205e958131010a783cf63d,distance_from_own_immediate_activation,0,False
LA,JAC,1,1,cb7c55a4e2dd79332d59c67a80558cdd018be66887291ba61bda4f4cd96f0c0d,q_after,0.30638161957310928,False
LA,JAC,1,1,5be41b224968c5352077e3540871e2fe58f711f7d4c62e7adf253619a971f328,q_after,0.29357523921713258,False
LA,JAC,1,1,285a3add6f31d8546b0d76689a016bc0f9f7d8e58c95f54e87bba48ad5cabc65,distance_from_own_immediate_activation,0,False
LA,JAC,1,1,6abbaf2496b409f11036390da3b47c9272a243b8a164ca3d9f9a65fafbec985d,distance_from_own_immediate_activation,0,False
LA,JAC,2,1,cb7c55a4e2dd79332d59c67a80558cdd018be66887291ba61bda4f4cd96f0c0d,q_after,0.30986564118930099,False
LA,JAC,2,1,042d6957cbf51889a68f9ec05692ae02395bbfb258ab0b145b56d98b06844fc8,q_after,0.28975426684644595,False
LA,JAC,2,1,b60dce4b4fb7c58f26743b14e89bf6f65fd42fa8a116dc3a52707814fd0496fe,distance_from_own_immediate_activation,0.38127482355455911,False
LA,JAC,2,1,cad93aa25aedcacddc439835622bc76cd6fca8de2ba3a8c308395f1f1077074d,distance_from_own_immediate_activation,0.30587122572861863,False
LA,JAC,2,2,d8d352d25aea997ddcc87eb32a33e036523df16bad570e7d6fd11321ceb983a8,q_after,0.28125140847765662,False
LA,JAC,2,2,478cc128de4b77765054cceec8c26461c780b0287581bebc07ed906af44b37da,q_after,0.27244680396402687,False
LA,JAC,2,2,f742e3b08cc43666fd7f6e3f269849a7e50f2847ec2b4e38de638a9da8e99747,distance_from_own_immediate_activation,0,False
LA,JAC,2,2,c00ba5c00aeed6290e334d4cd5abd3b223eb0b0d3fe00c61dd63a733904b0504,distance_from_own_immediate_activation,0,False
LA,JAC,3,1,cb7c55a4e2dd79332d59c67a80558cdd018be66887291ba61bda4f4cd96f0c0d,q_after,0.32074941654078265,False
LA,JAC,3,1,5be41b224968c5352077e3540871e2fe58f711f7d4c62e7adf253619a971f328,q_after,0.31345734729130881,False
LA,JAC,3,1,d97bda6d6a887cafe4132a43d6d106a50a3a151b295c299fbaa9079c4004d670,distance_from_own_immediate_activation,0.69969624812988374,False
LA,JAC,3,1,c36d70eb53ba78389390e289afb5dd9f925d5772a413bd1a75bd67a4b4a12428,distance_from_own_immediate_activation,0.50395636727909265,False
LA,JAC,3,2,d8d352d25aea997ddcc87eb32a33e036523df16bad570e7d6fd11321ceb983a8,q_after,0.28342284599005829,False
LA,JAC,3,2,478cc128de4b77765054cceec8c26461c780b0287581bebc07ed906af44b37da,q_after,0.28056955741522815,False
LA,JAC,3,2,6004734a3e907d0ad5784edce44262e127590447068af53de0b613f812596584,distance_from_own_immediate_activation,0.30941080373601343,False
LA,JAC,3,2,b0c20d38500ad4521ae3e47157046f338c94e17b778deacf80e250509b34bcc9,distance_from_own_immediate_activation,0.2831288207489539,False
LA,JAC,3,3,a63d1cb8eac9af15bb62f751bf0a7e8bb2d65f7cf77a972ba315ac3fb7d6c4a5,q_after,0.28469488783537789,False
LA,JAC,3,3,4b4a2dfc44b14278d8e217f3a60d3cc5e0bdb733a97c2d0e3aa119657f34a27f,q_after,0.26295263019255649,False
LA,JAC,3,3,5fe5cc36167302a9bb9453cf9a190bce75a6ebf70356e4b2d43262df4ea70e7e,distance_from_own_immediate_activation,0,False
LA,JAC,3,3,748b77c32e5597fd9ab954ae967d71dfca3c97aa792238480bf57c353b9f7c3b,distance_from_own_immediate_activation,0,False
LA,JAC,4,1,cb7c55a4e2dd79332d59c67a80558cdd018be66887291ba61bda4f4cd96f0c0d,q_after,0.32748270087806325,False
LA,JAC,4,1,d97bda6d6a887cafe4132a43d6d106a50a3a151b295c299fbaa9079c4004d670,q_after,0.32412688129850697,False
LA,JAC,4,1,d97bda6d6a887cafe4132a43d6d106a50a3a151b295c299fbaa9079c4004d670,distance_from_own_immediate_activation,0.77939083048848734,False
LA,JAC,4,1,0d37408f349a9e1575f9996b4666d8be3c1a4b030ef6385556f20138f0e45d77,distance_from_own_immediate_activation,0.59694214393034073,False
LA,JAC,4,2,478cc128de4b77765054cceec8c26461c780b0287581bebc07ed906af44b37da,q_after,0.29136542305932328,False
LA,JAC,4,2,d8d352d25aea997ddcc87eb32a33e036523df16bad570e7d6fd11321ceb983a8,q_after,0.28636445506062913,False
LA,JAC,4,2,6004734a3e907d0ad5784edce44262e127590447068af53de0b613f812596584,distance_from_own_immediate_activation,0.39302350641706618,False
LA,JAC,4,2,1423d21aeed4b15ea5038eb95f277e6c06a90f8d79a12944d20b5d102caf7468,distance_from_own_immediate_activation,0.38421859791441088,False
LA,JAC,4,3,a63d1cb8eac9af15bb62f751bf0a7e8bb2d65f7cf77a972ba315ac3fb7d6c4a5,q_after,0.28779550082541161,False
LA,JAC,4,3,428d2e05be7326998ba6f9721cc207fcb12c868635010792f5bea4b83d185908,q_after,0.2703759834913359,False
LA,JAC,4,3,8453a13791aaf1759702f9d23318a3c023481a22e62381d89463e0b35f613a92,distance_from_own_immediate_activation,0.2879242027246468,False
LA,JAC,4,3,0c328123840c4f0612911579d7f4904db2da5a812c06d570723c8576b1fca416,distance_from_own_immediate_activation,0.27801942110690187,False
LA,JAC,4,4,240f473db0dc8ceae551cdfcb4c20c32414d78b110c738cbc2ff3eeacbba7cef,q_after,0.26828882745721117,False
LA,JAC,4,4,ac96b5d5e6b3be921727b72d42a47935d871a93be01af3e235a2209ef4b346a5,q_after,0.25471709439041545,False
LA,JAC,4,4,b74477e088614db975b9ef3aaba64df62b78acfc4f63433e65ca1d0781dcffe1,distance_from_own_immediate_activation,0,False
LA,JAC,4,4,75df0f36573c040611750a4f824c17e612ade8e4b5e3a222af3a9c77dd369af4,distance_from_own_immediate_activation,0,False
LA,JAC,5,1,cb7c55a4e2dd79332d59c67a80558cdd018be66887291ba61bda4f4cd96f0c0d,q_after,0.32748252796443245,False
LA,JAC,5,1,d97bda6d6a887cafe4132a43d6d106a50a3a151b295c299fbaa9079c4004d670,q_after,0.32412681953880196,False
LA,JAC,5,1,d97bda6d6a887cafe4132a43d6d106a50a3a151b295c299fbaa9079c4004d670,distance_from_own_immediate_activation,0.7793901338481829,False
LA,JAC,5,1,0d37408f349a9e1575f9996b4666d8be3c1a4b030ef6385556f20138f0e45d77,distance_from_own_immediate_activation,0.59694340812160773,False
LA,JAC,5,2,478cc128de4b77765054cceec8c26461c780b0287581bebc07ed906af44b37da,q_after,0.2913651499150946,False
LA,JAC,5,2,d8d352d25aea997ddcc87eb32a33e036523df16bad570e7d6fd11321ceb983a8,q_after,0.28636485324372679,False
LA,JAC,5,2,6004734a3e907d0ad5784edce44262e127590447068af53de0b613f812596584,distance_from_own_immediate_activation,0.39302379847142682,False
LA,JAC,5,2,1423d21aeed4b15ea5038eb95f277e6c06a90f8d79a12944d20b5d102caf7468,distance_from_own_immediate_activation,0.38421984183839841,False
LA,JAC,5,3,a63d1cb8eac9af15bb62f751bf0a7e8bb2d65f7cf77a972ba315ac3fb7d6c4a5,q_after,0.28779560759356909,False
LA,JAC,5,3,428d2e05be7326998ba6f9721cc207fcb12c868635010792f5bea4b83d185908,q_after,0.27037587536247409,False
LA,JAC,5,3,8453a13791aaf1759702f9d23318a3c023481a22e62381d89463e0b35f613a92,distance_from_own_immediate_activation,0.28792479706078811,False
LA,JAC,5,3,0c328123840c4f0612911579d7f4904db2da5a812c06d570723c8576b1fca416,distance_from_own_immediate_activation,0.27801988835420183,False
LA,JAC,5,4,240f473db0dc8ceae551cdfcb4c20c32414d78b110c738cbc2ff3eeacbba7cef,q_after,0.26828860131898097,False
LA,JAC,5,4,ac96b5d5e6b3be921727b72d42a47935d871a93be01af3e235a2209ef4b346a5,q_after,0.25471716650295356,False
LA,JAC,5,4,b82a03e937cf2cf32073db5d914babf4ef1b871d8a539df433e363c50b0cd9a2,distance_from_own_immediate_activation,9.5756858539236377e-06,False
LA,JAC,5,4,6ea559bdf5d43c2134d284cbc5cf7fbe53fa9778fa9877626a4b1e3f57efb8b7,distance_from_own_immediate_activation,9.2468614734882067e-06,False
LA,JAC,5,5,589538be01a86310c56851a8bc919cd5960a401251a24f1727344c0e836aebfc,q_after,0.99999456984937074,False
LA,JAC,5,5,3770ec7829bebecf582b665e42a8be4b72676216146d84ef0c0f9102ec1a9651,q_after,0.99999376342841251,False
LA,JAC,5,5,5b84c1c1bac6d9c9495e0d2d313d0b616314a82781835eeed7f9f22473bf6d62,distance_from_own_immediate_activation,0,False
LA,JAC,5,5,e5ad6f2d686323a16d0fded4072da1dc7728d193c1789d134033681e537b2e49,distance_from_own_immediate_activation,0,False
LA,JAC,6,1,cb7c55a4e2dd79332d59c67a80558cdd018be66887291ba61bda4f4cd96f0c0d,q_after,0.33498526015030833,False
LA,JAC,6,1,d97bda6d6a887cafe4132a43d6d106a50a3a151b295c299fbaa9079c4004d670,q_after,0.33424677084449256,False
LA,JAC,6,1,0d37408f349a9e1575f9996b4666d8be3c1a4b030ef6385556f20138f0e45d77,distance_from_own_immediate_activation,0.91188444490392773,False
LA,JAC,6,1,322b5d3c47aa80d2c94addc9a85c94282e44d92f9ccc5a0cf4cab593ea40cb3b,distance_from_own_immediate_activation,0.88477978170255922,False
LA,JAC,6,2,478cc128de4b77765054cceec8c26461c780b0287581bebc07ed906af44b37da,q_after,0.29817374607886798,False
LA,JAC,6,2,d8d352d25aea997ddcc87eb32a33e036523df16bad570e7d6fd11321ceb983a8,q_after,0.29147664257351968,False
LA,JAC,6,2,6004734a3e907d0ad5784edce44262e127590447068af53de0b613f812596584,distance_from_own_immediate_activation,0.57469964888998315,False
LA,JAC,6,2,1423d21aeed4b15ea5038eb95f277e6c06a90f8d79a12944d20b5d102caf7468,distance_from_own_immediate_activation,0.51144104392305367,False
LA,JAC,6,3,a63d1cb8eac9af15bb62f751bf0a7e8bb2d65f7cf77a972ba315ac3fb7d6c4a5,q_after,0.29226923788227471,False
LA,JAC,6,3,2f3c0f51cd67fd96e775a4e0d4b97c84e1a62d06e2929f26d3fb15123957392f,q_after,0.27758348326773519,False
LA,JAC,6,3,cbcb4f07d73bad75caec058156c6c238258ce78fb4e1dab72ce272db69cc8c77,distance_from_own_immediate_activation,0.42764321331539373,False
LA,JAC,6,3,0c328123840c4f0612911579d7f4904db2da5a812c06d570723c8576b1fca416,distance_from_own_immediate_activation,0.42479472610443841,False
LA,JAC,6,4,240f473db0dc8ceae551cdfcb4c20c32414d78b110c738cbc2ff3eeacbba7cef,q_after,0.27727426568136387,False
LA,JAC,6,4,ac96b5d5e6b3be921727b72d42a47935d871a93be01af3e235a2209ef4b346a5,q_after,0.26246368723876373,False
LA,JAC,6,4,95dae575abb63f2c022e3628d03ff0d0e89cb34b8afc34d0a52677e5ebf76ff4,distance_from_own_immediate_activation,0.26476014653546837,False
LA,JAC,6,4,23ab463b020d55e2046b7787446e4f8feaea34632b6c872ea5035557b771d415,distance_from_own_immediate_activation,0.25987841370430442,False
LA,JAC,6,5,6b09563228de190af7f5373ac8d2d385748090ccb7f9b0cd3289584504d9dd34,q_after,11402.621183708719,False
LA,JAC,6,5,4b06541b68703e6e8d0a28f59ab223c38fa6ae39a459bf51b12af6056cf62673,q_after,1.0080358675205827,False
LA,JAC,6,5,50b4f0fbbfc3410168a920096ef3894efa622f3bcb49ac47555544b0e6a568aa,distance_from_own_immediate_activation,0.37506151208787575,False
LA,JAC,6,5,4b06541b68703e6e8d0a28f59ab223c38fa6ae39a459bf51b12af6056cf62673,distance_from_own_immediate_activation,0.37035944931535486,False
LA,JAC,6,6,83caed2e5c75f3a824fa9ed8f5e0170a2ce5ddc8377fa2e12153a7592d3bc9e1,q_after,0.28391976076153852,False
LA,JAC,6,6,5f190dd9320be3787a98bf168e4952de5cf63af3ac2de562d01c1bc3ea7e4572,q_after,0.25924819205859789,False
LA,JAC,6,6,8a9041037dbc17f886486516e3c6a025512c6bdc9ebc902afd1b7b83a6f28b04,distance_from_own_immediate_activation,0,False
LA,JAC,6,6,1cfe090c9861932226bef865ff03923d860fb91023a5ebe93c3bab1a657257cb,distance_from_own_immediate_activation,0,False
LA,JAC,7,1,0d37408f349a9e1575f9996b4666d8be3c1a4b030ef6385556f20138f0e45d77,q_after,0.34128480103618236,False
LA,JAC,7,1,cb7c55a4e2dd79332d59c67a80558cdd018be66887291ba61bda4f4cd96f0c0d,q_after,0.34038640217175897,False
LA,JAC,7,1,0d37408f349a9e1575f9996b4666d8be3c1a4b030ef6385556f20138f0e45d77,distance_from_own_immediate_activation,0.9542372195871619,False
LA,JAC,7,1,322b5d3c47aa80d2c94addc9a85c94282e44d92f9ccc5a0cf4cab593ea40cb3b,distance_from_own_immediate_activation,0.94659208521270499,False
LA,JAC,7,2,478cc128de4b77765054cceec8c26461c780b0287581bebc07ed906af44b37da,q_after,0.29776407819121298,False
LA,JAC,7,2,d8d352d25aea997ddcc87eb32a33e036523df16bad570e7d6fd11321ceb983a8,q_after,0.29475167626989185,False
LA,JAC,7,2,6004734a3e907d0ad5784edce44262e127590447068af53de0b613f812596584,distance_from_own_immediate_activation,0.61776461682983264,False
LA,JAC,7,2,1423d21aeed4b15ea5038eb95f277e6c06a90f8d79a12944d20b5d102caf7468,distance_from_own_immediate_activation,0.53370356838512945,False
LA,JAC,7,3,a63d1cb8eac9af15bb62f751bf0a7e8bb2d65f7cf77a972ba315ac3fb7d6c4a5,q_after,0.29407966400283536,False
LA,JAC,7,3,2f3c0f51cd67fd96e775a4e0d4b97c84e1a62d06e2929f26d3fb15123957392f,q_after,0.28192428451245627,False
LA,JAC,7,3,0c328123840c4f0612911579d7f4904db2da5a812c06d570723c8576b1fca416,distance_from_own_immediate_activation,0.56100685957398067,False
LA,JAC,7,3,8453a13791aaf1759702f9d23318a3c023481a22e62381d89463e0b35f613a92,distance_from_own_immediate_activation,0.53137641328275831,False
LA,JAC,7,4,240f473db0dc8ceae551cdfcb4c20c32414d78b110c738cbc2ff3eeacbba7cef,q_after,0.2769227594966111,False
LA,JAC,7,4,ac96b5d5e6b3be921727b72d42a47935d871a93be01af3e235a2209ef4b346a5,q_after,0.26752658848598054,False
LA,JAC,7,4,7c39d5d8664c4eddcc91a60251ba824fcdabf2f60b26a223737690f76628d907,distance_from_own_immediate_activation,0.37271759293018097,False
LA,JAC,7,4,23ab463b020d55e2046b7787446e4f8feaea34632b6c872ea5035557b771d415,distance_from_own_immediate_activation,0.3692356508570388,False
LA,JAC,7,5,6b09563228de190af7f5373ac8d2d385748090ccb7f9b0cd3289584504d9dd34,q_after,14924.601201199457,False
LA,JAC,7,5,ead49dcd96c752de061daae86a727af9565211e53577b96a5188b83e9a065e85,q_after,1.0083501797075052,False
LA,JAC,7,5,50b4f0fbbfc3410168a920096ef3894efa622f3bcb49ac47555544b0e6a568aa,distance_from_own_immediate_activation,0.47617233927638264,False
LA,JAC,7,5,4b06541b68703e6e8d0a28f59ab223c38fa6ae39a459bf51b12af6056cf62673,distance_from_own_immediate_activation,0.45063656800037355,False
LA,JAC,7,6,83caed2e5c75f3a824fa9ed8f5e0170a2ce5ddc8377fa2e12153a7592d3bc9e1,q_after,0.30395744720734752,False
LA,JAC,7,6,5f190dd9320be3787a98bf168e4952de5cf63af3ac2de562d01c1bc3ea7e4572,q_after,0.26288289804179199,False
LA,JAC,7,6,83caed2e5c75f3a824fa9ed8f5e0170a2ce5ddc8377fa2e12153a7592d3bc9e1,distance_from_own_immediate_activation,0.44297016122826338,False
LA,JAC,7,6,c8a82229789dd56c64ca2059eefcf51085a0a7f323ce6c4d76c1038374b96e4f,distance_from_own_immediate_activation,0.3411550116031129,False
LA,JAC,7,7,594f866d8f859161efe6b442ec96c16a44d91c527e6b42c0e25890843394db87,q_after,0.25749889738058018,False
LA,JAC,7,7,113ed4987d5219b69311a087fa4cddc51a62d7a12d5b7d34a926cb317926b64d,q_after,0.25353057366188364,False
LA,JAC,7,7,d82b4b74485c4ef9b4b12f1c2fabad4c0109165ed4e5d7f934133ea726a65ae9,distance_from_own_immediate_activation,0,False
LA,JAC,7,7,f6676ed348d4d873923c058111d2f76ed59e8b3bffd08a972593e7195e1501db,distance_from_own_immediate_activation,0,False
LA,JAC,8,1,322b5d3c47aa80d2c94addc9a85c94282e44d92f9ccc5a0cf4cab593ea40cb3b,q_after,0.39689963457771987,False
LA,JAC,8,1,d97bda6d6a887cafe4132a43d6d106a50a3a151b295c299fbaa9079c4004d670,q_after,0.34336442384547833,False
LA,JAC,8,1,322b5d3c47aa80d2c94addc9a85c94282e44d92f9ccc5a0cf4cab593ea40cb3b,distance_from_own_immediate_activation,1.3747992713643769,False
LA,JAC,8,1,0d37408f349a9e1575f9996b4666d8be3c1a4b030ef6385556f20138f0e45d77,distance_from_own_immediate_activation,0.96986260652579714,False
LA,JAC,8,2,478cc128de4b77765054cceec8c26461c780b0287581bebc07ed906af44b37da,q_after,0.30149512212579155,False
LA,JAC,8,2,d8d352d25aea997ddcc87eb32a33e036523df16bad570e7d6fd11321ceb983a8,q_after,0.30093227769161501,False
LA,JAC,8,2,6004734a3e907d0ad5784edce44262e127590447068af53de0b613f812596584,distance_from_own_immediate_activation,0.68362260012555354,False
LA,JAC,8,2,b0c20d38500ad4521ae3e47157046f338c94e17b778deacf80e250509b34bcc9,distance_from_own_immediate_activation,0.65510009646379297,False
LA,JAC,8,3,a63d1cb8eac9af15bb62f751bf0a7e8bb2d65f7cf77a972ba315ac3fb7d6c4a5,q_after,0.2977469925042705,False
LA,JAC,8,3,428d2e05be7326998ba6f9721cc207fcb12c868635010792f5bea4b83d185908,q_after,0.29141277235467261,False
LA,JAC,8,3,622dec49b2ac0410eac0b892e7afe984e6d800006e02d37d4a5fef4fc0a8957a,distance_from_own_immediate_activation,0.66563240871305385,False
LA,JAC,8,3,8453a13791aaf1759702f9d23318a3c023481a22e62381d89463e0b35f613a92,distance_from_own_immediate_activation,0.61177430135445443,False
LA,JAC,8,4,240f473db0dc8ceae551cdfcb4c20c32414d78b110c738cbc2ff3eeacbba7cef,q_after,0.27870857333981464,False
LA,JAC,8,4,ac96b5d5e6b3be921727b72d42a47935d871a93be01af3e235a2209ef4b346a5,q_after,0.27027060604718134,False
LA,JAC,8,4,23ab463b020d55e2046b7787446e4f8feaea34632b6c872ea5035557b771d415,distance_from_own_immediate_activation,0.55695658603721243,False
LA,JAC,8,4,7c39d5d8664c4eddcc91a60251ba824fcdabf2f60b26a223737690f76628d907,distance_from_own_immediate_activation,0.45323649942270261,False
LA,JAC,8,5,6b09563228de190af7f5373ac8d2d385748090ccb7f9b0cd3289584504d9dd34,q_after,19113.761483045957,False
LA,JAC,8,5,f233c70ce7ef91da6d0541ec6083342e910b20caed60aa21f773d937bc51cc4d,q_after,1.0092018053344223,False
LA,JAC,8,5,7df2930b6a46ce4b8e54dac4534cd064b6d4941e242e1a2f604578b4e694acfe,distance_from_own_immediate_activation,0.57871367119337103,False
LA,JAC,8,5,f3ba2c2245b37c605bce04bebcec812c51cf83b9f5305723e697a809e8d8701b,distance_from_own_immediate_activation,0.5619517700227924,False
LA,JAC,8,6,83caed2e5c75f3a824fa9ed8f5e0170a2ce5ddc8377fa2e12153a7592d3bc9e1,q_after,0.30760399189326382,False
LA,JAC,8,6,5f190dd9320be3787a98bf168e4952de5cf63af3ac2de562d01c1bc3ea7e4572,q_after,0.26463421216711419,False
LA,JAC,8,6,3b5e495f8547e4789bdee4b85ae9826e19f84bedeca53cb002e5cf0ff73e9ada,distance_from_own_immediate_activation,1.0064508101177732,False
LA,JAC,8,6,747c585f04c3591e36bc833c9ceb06cf8c210fa7b2eada208f590ac0a1fa420e,distance_from_own_immediate_activation,0.65992052087679476,False
LA,JAC,8,7,594f866d8f859161efe6b442ec96c16a44d91c527e6b42c0e25890843394db87,q_after,0.2600070389285199,False
LA,JAC,8,7,113ed4987d5219b69311a087fa4cddc51a62d7a12d5b7d34a926cb317926b64d,q_after,0.25410955397611257,False
LA,JAC,8,7,08a19118522cc17853da3f13976ad9660fba43a0bd99dd33b8fafc3ceb0f75c1,distance_from_own_immediate_activation,0.47305611139047826,False
LA,JAC,8,7,c7dd6cc253ee760a4cd10d9db4ebc6784e91ff803923e397b27a0011a0de4a57,distance_from_own_immediate_activation,0.36511636084516141,False
LA,JAC,8,8,6394ac8fb8a607937b7a948cb932e8154ac185e4b1b7837b35e061b7704dfba1,q_after,0.28923953260152563,False
LA,JAC,8,8,fbffa4660f8b8580c15c2976a741b2c5a9eec5f6924ac4febfeb97bcb4c7710c,q_after,0.24872171622165545,False
LA,JAC,8,8,f30078d6d8f44bf7dc4c8052ae871614b00ba8bb789b67892dbf178a85412fe1,distance_from_own_immediate_activation,0,False
LA,JAC,8,8,c9f8952620ae02f32df759f1d9dd4e4dd404b9459172fb5c7f3185720ee9cef5,distance_from_own_immediate_activation,0,False
LA,JAC,9,1,322b5d3c47aa80d2c94addc9a85c94282e44d92f9ccc5a0cf4cab593ea40cb3b,q_after,0.40056437705380993,False
LA,JAC,9,1,5be41b224968c5352077e3540871e2fe58f711f7d4c62e7adf253619a971f328,q_after,0.35397037998187303,False
LA,JAC,9,1,322b5d3c47aa80d2c94addc9a85c94282e44d92f9ccc5a0cf4cab593ea40cb3b,distance_from_own_immediate_activation,1.3976618131861092,False
LA,JAC,9,1,0d37408f349a9e1575f9996b4666d8be3c1a4b030ef6385556f20138f0e45d77,distance_from_own_immediate_activation,0.98246101318151191,False
LA,JAC,9,2,d8d352d25aea997ddcc87eb32a33e036523df16bad570e7d6fd11321ceb983a8,q_after,0.31173050640665018,False
LA,JAC,9,2,478cc128de4b77765054cceec8c26461c780b0287581bebc07ed906af44b37da,q_after,0.30207183872396798,False
LA,JAC,9,2,6004734a3e907d0ad5784edce44262e127590447068af53de0b613f812596584,distance_from_own_immediate_activation,0.75402888985712957,False
LA,JAC,9,2,b0c20d38500ad4521ae3e47157046f338c94e17b778deacf80e250509b34bcc9,distance_from_own_immediate_activation,0.6911483985601522,False
LA,JAC,9,3,428d2e05be7326998ba6f9721cc207fcb12c868635010792f5bea4b83d185908,q_after,0.30430372711427317,False
LA,JAC,9,3,a63d1cb8eac9af15bb62f751bf0a7e8bb2d65f7cf77a972ba315ac3fb7d6c4a5,q_after,0.30142908754286335,False
LA,JAC,9,3,622dec49b2ac0410eac0b892e7afe984e6d800006e02d37d4a5fef4fc0a8957a,distance_from_own_immediate_activation,0.70072375207214677,False
LA,JAC,9,3,8453a13791aaf1759702f9d23318a3c023481a22e62381d89463e0b35f613a92,distance_from_own_immediate_activation,0.68913252750740839,False
LA,JAC,9,4,240f473db0dc8ceae551cdfcb4c20c32414d78b110c738cbc2ff3eeacbba7cef,q_after,0.27825495688997859,False
LA,JAC,9,4,ac96b5d5e6b3be921727b72d42a47935d871a93be01af3e235a2209ef4b346a5,q_after,0.27046882153219259,False
LA,JAC,9,4,23ab463b020d55e2046b7787446e4f8feaea34632b6c872ea5035557b771d415,distance_from_own_immediate_activation,0.64059020355139873,False
LA,JAC,9,4,9443eb63eb95f3fc8cbde7cc92373418cf7e744ff02d8ec75dafcf934a14a1b6,distance_from_own_immediate_activation,0.56128860554427362,False
LA,JAC,9,5,6b09563228de190af7f5373ac8d2d385748090ccb7f9b0cd3289584504d9dd34,q_after,21357.1619056866,False
LA,JAC,9,5,ead49dcd96c752de061daae86a727af9565211e53577b96a5188b83e9a065e85,q_after,1.0139579582393572,False
LA,JAC,9,5,7df2930b6a46ce4b8e54dac4534cd064b6d4941e242e1a2f604578b4e694acfe,distance_from_own_immediate_activation,0.7071850214018669,False
LA,JAC,9,5,f3ba2c2245b37c605bce04bebcec812c51cf83b9f5305723e697a809e8d8701b,distance_from_own_immediate_activation,0.65207951533987096,False
LA,JAC,9,6,83caed2e5c75f3a824fa9ed8f5e0170a2ce5ddc8377fa2e12153a7592d3bc9e1,q_after,0.32310671711960848,False
LA,JAC,9,6,5f190dd9320be3787a98bf168e4952de5cf63af3ac2de562d01c1bc3ea7e4572,q_after,0.26604022823173468,False
LA,JAC,9,6,3b5e495f8547e4789bdee4b85ae9826e19f84bedeca53cb002e5cf0ff73e9ada,distance_from_own_immediate_activation,1.0148322314615132,False
LA,JAC,9,6,83caed2e5c75f3a824fa9ed8f5e0170a2ce5ddc8377fa2e12153a7592d3bc9e1,distance_from_own_immediate_activation,0.70116406748646787,False
LA,JAC,9,7,57317a7f6b41d100caee1bad332659a0c1f566af7c263f713fff1f5bc194bb9d,q_after,0.34704306294844789,False
LA,JAC,9,7,594f866d8f859161efe6b442ec96c16a44d91c527e6b42c0e25890843394db87,q_after,0.26155522944723947,False
LA,JAC,9,7,57317a7f6b41d100caee1bad332659a0c1f566af7c263f713fff1f5bc194bb9d,distance_from_own_immediate_activation,1.3489104488077346,False
LA,JAC,9,7,08a19118522cc17853da3f13976ad9660fba43a0bd99dd33b8fafc3ceb0f75c1,distance_from_own_immediate_activation,0.49706848224506511,False
LA,JAC,9,8,6394ac8fb8a607937b7a948cb932e8154ac185e4b1b7837b35e061b7704dfba1,q_after,0.29011748742554017,False
LA,JAC,9,8,fbffa4660f8b8580c15c2976a741b2c5a9eec5f6924ac4febfeb97bcb4c7710c,q_after,0.25258893239655122,False
LA,JAC,9,8,c9f8952620ae02f32df759f1d9dd4e4dd404b9459172fb5c7f3185720ee9cef5,distance_from_own_immediate_activation,0.88134271505762052,False
LA,JAC,9,8,693ac3189a2fa3e2845d072b6cc2ea99a346cf19be40255cd6f58733f05845dd,distance_from_own_immediate_activation,0.30633907276088701,False
LA,JAC,9,9,61b19084fd3159f34938d4d38536d0e23b2c41761005ddc84af3fe30835a54ed,q_after,0.23023823650505215,False
LA,JAC,9,9,77b1a31d68778489d45d91b75d2e2117245c2aafe309a6db9cda11e0ec0365ca,q_after,0.2275044766779788,False
LA,JAC,9,9,194178db5ac524e6c7517cc57e2e3431cff936ec930778a4b17ef981c4514f7f,distance_from_own_immediate_activation,0,False
LA,JAC,9,9,31d57823193fde3c88a529a47704ed415975d35c2ef62ca633ff76987bd7b939,distance_from_own_immediate_activation,0,False
LA,JAC,10,1,322b5d3c47aa80d2c94addc9a85c94282e44d92f9ccc5a0cf4cab593ea40cb3b,q_after,0.40343587241724721,False
LA,JAC,10,1,5be41b224968c5352077e3540871e2fe58f711f7d4c62e7adf253619a971f328,q_after,0.3641382131878167,False
LA,JAC,10,1,322b5d3c47aa80d2c94addc9a85c94282e44d92f9ccc5a0cf4cab593ea40cb3b,distance_from_own_immediate_activation,1.4132228911542086,False
LA,JAC,10,1,0d37408f349a9e1575f9996b4666d8be3c1a4b030ef6385556f20138f0e45d77,distance_from_own_immediate_activation,1.037432354856803,False
LA,JAC,10,2,d8d352d25aea997ddcc87eb32a33e036523df16bad570e7d6fd11321ceb983a8,q_after,0.31794766333796176,False
LA,JAC,10,2,5008f473a6e83cc858a77d33998b64b8f6a78aecd02f4fa08ad9688d3913d9e7,q_after,0.31019651138217302,False
LA,JAC,10,2,6004734a3e907d0ad5784edce44262e127590447068af53de0b613f812596584,distance_from_own_immediate_activation,0.80143629560303853,False
LA,JAC,10,2,b0c20d38500ad4521ae3e47157046f338c94e17b778deacf80e250509b34bcc9,distance_from_own_immediate_activation,0.76425819368935755,False
LA,JAC,10,3,428d2e05be7326998ba6f9721cc207fcb12c868635010792f5bea4b83d185908,q_after,0.31717459776961943,False
LA,JAC,10,3,a63d1cb8eac9af15bb62f751bf0a7e8bb2d65f7cf77a972ba315ac3fb7d6c4a5,q_after,0.30835306434335502,False
LA,JAC,10,3,8453a13791aaf1759702f9d23318a3c023481a22e62381d89463e0b35f613a92,distance_from_own_immediate_activation,0.77198259806282921,False
LA,JAC,10,3,0c328123840c4f0612911579d7f4904db2da5a812c06d570723c8576b1fca416,distance_from_own_immediate_activation,0.77146600083403905,False
LA,JAC,10,4,5abd3eacc2d9d05cc7ca87403cf11e70f930a513e505a3fdd178946f2b51a3f2,q_after,1.0737705552911834,False
LA,JAC,10,4,240f473db0dc8ceae551cdfcb4c20c32414d78b110c738cbc2ff3eeacbba7cef,q_after,0.278491786544802,False
LA,JAC,10,4,5abd3eacc2d9d05cc7ca87403cf11e70f930a513e505a3fdd178946f2b51a3f2,distance_from_own_immediate_activation,4.7140208648504887,False
LA,JAC,10,4,a02b17a7b83ea45ae8a5ef014ea4e70834474342620c3d8f02c359c6a79b9cf9,distance_from_own_immediate_activation,1.0463857103177818,False
LA,JAC,10,5,6b09563228de190af7f5373ac8d2d385748090ccb7f9b0cd3289584504d9dd34,q_after,23945.459775001942,False
LA,JAC,10,5,f233c70ce7ef91da6d0541ec6083342e910b20caed60aa21f773d937bc51cc4d,q_after,1.0198010811120806,False
LA,JAC,10,5,7df2930b6a46ce4b8e54dac4534cd064b6d4941e242e1a2f604578b4e694acfe,distance_from_own_immediate_activation,0.83416323096185374,False
LA,JAC,10,5,f3ba2c2245b37c605bce04bebcec812c51cf83b9f5305723e697a809e8d8701b,distance_from_own_immediate_activation,0.72673968948178003,False
LA,JAC,10,6,83caed2e5c75f3a824fa9ed8f5e0170a2ce5ddc8377fa2e12153a7592d3bc9e1,q_after,0.33451504703477836,False
LA,JAC,10,6,5f190dd9320be3787a98bf168e4952de5cf63af3ac2de562d01c1bc3ea7e4572,q_after,0.26883007862331737,False
LA,JAC,10,6,3b5e495f8547e4789bdee4b85ae9826e19f84bedeca53cb002e5cf0ff73e9ada,distance_from_own_immediate_activation,1.024257246272164,False
LA,JAC,10,6,83caed2e5c75f3a824fa9ed8f5e0170a2ce5ddc8377fa2e12153a7592d3bc9e1,distance_from_own_immediate_activation,0.76385990502607926,False
LA,JAC,10,7,57317a7f6b41d100caee1bad332659a0c1f566af7c263f713fff1f5bc194bb9d,q_after,0.35751970807429756,False
LA,JAC,10,7,594f866d8f859161efe6b442ec96c16a44d91c527e6b42c0e25890843394db87,q_after,0.2651449706227369,False
LA,JAC,10,7,57317a7f6b41d100caee1bad332659a0c1f566af7c263f713fff1f5bc194bb9d,distance_from_own_immediate_activation,1.4258304026306807,False
LA,JAC,10,7,08a19118522cc17853da3f13976ad9660fba43a0bd99dd33b8fafc3ceb0f75c1,distance_from_own_immediate_activation,0.57327759822113245,False
LA,JAC,10,8,6394ac8fb8a607937b7a948cb932e8154ac185e4b1b7837b35e061b7704dfba1,q_after,0.29459901231761548,False
LA,JAC,10,8,fbffa4660f8b8580c15c2976a741b2c5a9eec5f6924ac4febfeb97bcb4c7710c,q_after,0.25771706078168943,False
LA,JAC,10,8,c9f8952620ae02f32df759f1d9dd4e4dd404b9459172fb5c7f3185720ee9cef5,distance_from_own_immediate_activation,0.89662693145948213,False
LA,JAC,10,8,c09477e8ac6109e60866ba40d590efbfaae96b4ff0df2bda9401ba82480bdd0b,distance_from_own_immediate_activation,0.42051434941776045,False
LA,JAC,10,9,61b19084fd3159f34938d4d38536d0e23b2c41761005ddc84af3fe30835a54ed,q_after,0.23260620835239429,False
LA,JAC,10,9,77b1a31d68778489d45d91b75d2e2117245c2aafe309a6db9cda11e0ec0365ca,q_after,0.22798001438755627,False
LA,JAC,10,9,194178db5ac524e6c7517cc57e2e3431cff936ec930778a4b17ef981c4514f7f,distance_from_own_immediate_activation,0.48527830275338235,False
LA,JAC,10,9,e7fef22c6caa23fa3b677a0b54a10f4feea31664c1a506944abcb6698f17b9c0,distance_from_own_immediate_activation,0.29895408280176794,False
LA,JAC,10,10,12bec548179396007172128634fcc920299c5c62db44e1c72948a8d5d1329c44,q_after,0.25003443212666726,False
LA,JAC,10,10,533a825d82a29fa7292590b905b923b441c683ed86a219d04fc4019037146c5a,q_after,0.23040783824725036,False
LA,JAC,10,10,498726f516ca2b5b6c3abb41abe5aabe486467b0175f90d10eb394571795ce5a,distance_from_own_immediate_activation,0,False
LA,JAC,10,10,9894445f110df76e317bb1ab36bffa15c2e90d4335205e958131010a783cf63d,distance_from_own_immediate_activation,0,False
QM,O,1,1,719bc0576defaa23049b37c5031acb62bc8db10d464ac03f6da1299e2cd3a5b7,q_after,0.22724102388872414,False
QM,O,1,1,f9f16bc7443ae596666c746ce23ea545748ddb3ef4434d0c407eb162fe7d8dbc,q_after,0.18383102165302007,False
QM,O,1,1,285a3add6f31d8546b0d76689a016bc0f9f7d8e58c95f54e87bba48ad5cabc65,distance_from_own_immediate_activation,0,False
QM,O,1,1,6abbaf2496b409f11036390da3b47c9272a243b8a164ca3d9f9a65fafbec985d,distance_from_own_immediate_activation,0,False
QM,O,2,1,0d37408f349a9e1575f9996b4666d8be3c1a4b030ef6385556f20138f0e45d77,q_after,0.39260618614719334,False
QM,O,2,1,a61a8732e7087bac9df081e4cfb0319a07f61ccb3987494c7f24ded194e18d42,q_after,0.36322236661791701,False
QM,O,2,1,0d37408f349a9e1575f9996b4666d8be3c1a4b030ef6385556f20138f0e45d77,distance_from_own_immediate_activation,60.132984175731771,False
QM,O,2,1,a61a8732e7087bac9df081e4cfb0319a07f61ccb3987494c7f24ded194e18d42,distance_from_own_immediate_activation,38.787467033241121,False
QM,O,2,2,710dd1f8e2271d8e8ed6d2905dee91d0b6325683d7149f2a94214427383439b6,q_after,0.15038483097527758,False
QM,O,2,2,2e5653f8e081d60dda1b144e59af84cf4be05c3b2518883002b985c13fd8700b,q_after,0.1495623804001476,False
QM,O,2,2,f742e3b08cc43666fd7f6e3f269849a7e50f2847ec2b4e38de638a9da8e99747,distance_from_own_immediate_activation,0,False
QM,O,2,2,c00ba5c00aeed6290e334d4cd5abd3b223eb0b0d3fe00c61dd63a733904b0504,distance_from_own_immediate_activation,0,False
QM,O,3,1,3a77016737e2b0f4dfa9685598e7703e88fe37b911c923d52a9dd4187d20f892,q_after,0.93168254091437974,False
QM,O,3,1,d97bda6d6a887cafe4132a43d6d106a50a3a151b295c299fbaa9079c4004d670,q_after,0.8532278456166138,False
QM,O,3,1,3a77016737e2b0f4dfa9685598e7703e88fe37b911c923d52a9dd4187d20f892,distance_from_own_immediate_activation,102.08609562687242,False
QM,O,3,1,d97bda6d6a887cafe4132a43d6d106a50a3a151b295c299fbaa9079c4004d670,distance_from_own_immediate_activation,84.278108801375225,False
QM,O,3,2,cfe57172cb98b0710c97423a5f5a57d33035179d53d3f68eca197a5789036440,q_after,0.44160323033277171,False
QM,O,3,2,6d8662b52037c46fb86859055d261b4e39e87aecdecc577323f3abe2a7c7e25d,q_after,0.32430869450465305,False
QM,O,3,2,6d8662b52037c46fb86859055d261b4e39e87aecdecc577323f3abe2a7c7e25d,distance_from_own_immediate_activation,48.198754169844669,False
QM,O,3,2,dc2b4304898991c55f2e21a6de682f775a2f588a4b2b9b6bdd5439bdff65fee5,distance_from_own_immediate_activation,37.346706884077292,False
QM,O,3,3,8b62da126c320ee8c8382166f83ac01b0a61b7cdc9dad5d1cfe059844c8ecd55,q_after,0.95075262131646532,False
QM,O,3,3,72ed03d28b034897d61f381e0a9c6e945a0347a0339befce591950712148b86d,q_after,0.23487062102067616,False
QM,O,3,3,5fe5cc36167302a9bb9453cf9a190bce75a6ebf70356e4b2d43262df4ea70e7e,distance_from_own_immediate_activation,0,False
QM,O,3,3,748b77c32e5597fd9ab954ae967d71dfca3c97aa792238480bf57c353b9f7c3b,distance_from_own_immediate_activation,0,False
QM,O,4,1,3a77016737e2b0f4dfa9685598e7703e88fe37b911c923d52a9dd4187d20f892,q_after,1.1799515717736535,False
QM,O,4,1,d97bda6d6a887cafe4132a43d6d106a50a3a151b295c299fbaa9079c4004d670,q_after,0.94612168995392365,False
QM,O,4,1,3a77016737e2b0f4dfa9685598e7703e88fe37b911c923d52a9dd4187d20f892,distance_from_own_immediate_activation,130.76162045084516,False
QM,O,4,1,d97bda6d6a887cafe4132a43d6d106a50a3a151b295c299fbaa9079c4004d670,distance_from_own_immediate_activation,94.219557466786057,False
QM,O,4,2,cfe57172cb98b0710c97423a5f5a57d33035179d53d3f68eca197a5789036440,q_after,0.67234397434145388,False
QM,O,4,2,6d8662b52037c46fb86859055d261b4e39e87aecdecc577323f3abe2a7c7e25d,q_after,0.5570616000485854,False
QM,O,4,2,6d8662b52037c46fb86859055d261b4e39e87aecdecc577323f3abe2a7c7e25d,distance_from_own_immediate_activation,85.19877856590881,False
QM,O,4,2,dc2b4304898991c55f2e21a6de682f775a2f588a4b2b9b6bdd5439bdff65fee5,distance_from_own_immediate_activation,41.504426893568656,False
QM,O,4,3,8b62da126c320ee8c8382166f83ac01b0a61b7cdc9dad5d1cfe059844c8ecd55,q_after,0.95070508143061949,False
QM,O,4,3,9a799d30fad2a13828c01079698d647b191e3a673f16d306b85066bf4d67cc8e,q_after,0.54661268055273082,False
QM,O,4,3,2a97fa4a853339993d14b2e27c07081e01a46d9aa88d5973ab9fb2fafe58291d,distance_from_own_immediate_activation,84.126390318774156,False
QM,O,4,3,d4b109253c320baa212c079a8c8508e2df92d46eb2c28bdae70970323223535d,distance_from_own_immediate_activation,42.598499102437877,False
QM,O,4,4,bf70a36ef7dc5b5e6ab2174d60aa36901cc585f44487bc58f501a1d096a1ef80,q_after,0.2332594118592563,False
QM,O,4,4,240f473db0dc8ceae551cdfcb4c20c32414d78b110c738cbc2ff3eeacbba7cef,q_after,0.20278607790077724,False
QM,O,4,4,b74477e088614db975b9ef3aaba64df62b78acfc4f63433e65ca1d0781dcffe1,distance_from_own_immediate_activation,0,False
QM,O,4,4,75df0f36573c040611750a4f824c17e612ade8e4b5e3a222af3a9c77dd369af4,distance_from_own_immediate_activation,0,False
QM,O,5,1,d97bda6d6a887cafe4132a43d6d106a50a3a151b295c299fbaa9079c4004d670,q_after,1.3536742715392294,False
QM,O,5,1,3a77016737e2b0f4dfa9685598e7703e88fe37b911c923d52a9dd4187d20f892,q_after,1.1859370389706416,False
QM,O,5,1,d97bda6d6a887cafe4132a43d6d106a50a3a151b295c299fbaa9079c4004d670,distance_from_own_immediate_activation,137.35104987186767,False
QM,O,5,1,322b5d3c47aa80d2c94addc9a85c94282e44d92f9ccc5a0cf4cab593ea40cb3b,distance_from_own_immediate_activation,135.57898446987335,False
QM,O,5,2,cfe57172cb98b0710c97423a5f5a57d33035179d53d3f68eca197a5789036440,q_after,0.81802307642016392,False
QM,O,5,2,f3229e5df187c6629a00cdebf77efe1d9bf9147ab2254529547d3f645ebdc023,q_after,0.69771597293872933,False
QM,O,5,2,f3229e5df187c6629a00cdebf77efe1d9bf9147ab2254529547d3f645ebdc023,distance_from_own_immediate_activation,105.68918737678884,False
QM,O,5,2,6d8662b52037c46fb86859055d261b4e39e87aecdecc577323f3abe2a7c7e25d,distance_from_own_immediate_activation,95.445845772394691,False
QM,O,5,3,d4b109253c320baa212c079a8c8508e2df92d46eb2c28bdae70970323223535d,q_after,1.0258269258757342,False
QM,O,5,3,8b62da126c320ee8c8382166f83ac01b0a61b7cdc9dad5d1cfe059844c8ecd55,q_after,0.95074204904751092,False
QM,O,5,3,d4b109253c320baa212c079a8c8508e2df92d46eb2c28bdae70970323223535d,distance_from_own_immediate_activation,106.2157833335573,False
QM,O,5,3,2a97fa4a853339993d14b2e27c07081e01a46d9aa88d5973ab9fb2fafe58291d,distance_from_own_immediate_activation,84.437366644827833,False
QM,O,5,4,b82a03e937cf2cf32073db5d914babf4ef1b871d8a539df433e363c50b0cd9a2,q_after,1.0606846706577182,False
QM,O,5,4,f82b1636f33488b951bc23850eff9786bac08e0671e3a5efe4ce8343078ea021,q_after,0.35796008157090442,False
QM,O,5,4,b82a03e937cf2cf32073db5d914babf4ef1b871d8a539df433e363c50b0cd9a2,distance_from_own_immediate_activation,101.15510132263883,False
QM,O,5,4,1bb622c7c6612bdf2202db5f982ce1f40ed2910f9cd1fe2de0762fc61a4a3e75,distance_from_own_immediate_activation,45.020751278233952,False
QM,O,5,5,5d09316d87ced4e5faebccbcf05b73b088f46505da6767192fbdbe278dd79998,q_after,0.23602450424900839,False
QM,O,5,5,e5169c026fa64b6401357ac12888e22e15102e32c0293b522a6191a526c3992a,q_after,0.228909953780807,False
QM,O,5,5,5b84c1c1bac6d9c9495e0d2d313d0b616314a82781835eeed7f9f22473bf6d62,distance_from_own_immediate_activation,0,False
QM,O,5,5,e5ad6f2d686323a16d0fded4072da1dc7728d193c1789d134033681e537b2e49,distance_from_own_immediate_activation,0,False
QM,O,6,1,d97bda6d6a887cafe4132a43d6d106a50a3a151b295c299fbaa9079c4004d670,q_after,1.4173577523692982,False
QM,O,6,1,322b5d3c47aa80d2c94addc9a85c94282e44d92f9ccc5a0cf4cab593ea40cb3b,q_after,1.2206750879428798,False
QM,O,6,1,0d37408f349a9e1575f9996b4666d8be3c1a4b030ef6385556f20138f0e45d77,distance_from_own_immediate_activation,167.31110595656892,False
QM,O,6,1,322b5d3c47aa80d2c94addc9a85c94282e44d92f9ccc5a0cf4cab593ea40cb3b,distance_from_own_immediate_activation,162.31941415887664,False
QM,O,6,2,cfe57172cb98b0710c97423a5f5a57d33035179d53d3f68eca197a5789036440,q_after,0.98041432084007119,False
QM,O,6,2,f31405336f02565ba23815b3d736772c3562187abe3cb828fb39778621125700,q_after,0.73317553003569258,False
QM,O,6,2,6d8662b52037c46fb86859055d261b4e39e87aecdecc577323f3abe2a7c7e25d,distance_from_own_immediate_activation,109.09067934732073,False
QM,O,6,2,f3229e5df187c6629a00cdebf77efe1d9bf9147ab2254529547d3f645ebdc023,distance_from_own_immediate_activation,107.6707890213884,False
QM,O,6,3,d4b109253c320baa212c079a8c8508e2df92d46eb2c28bdae70970323223535d,q_after,1.1373648165642039,False
QM,O,6,3,8b62da126c320ee8c8382166f83ac01b0a61b7cdc9dad5d1cfe059844c8ecd55,q_after,0.95051443137621638,False
QM,O,6,3,d4b109253c320baa212c079a8c8508e2df92d46eb2c28bdae70970323223535d,distance_from_own_immediate_activation,117.65081359604197,False
QM,O,6,3,2a97fa4a853339993d14b2e27c07081e01a46d9aa88d5973ab9fb2fafe58291d,distance_from_own_immediate_activation,85.1173370528563,False
QM,O,6,4,b82a03e937cf2cf32073db5d914babf4ef1b871d8a539df433e363c50b0cd9a2,q_after,1.3083162795565257,False
QM,O,6,4,f82b1636f33488b951bc23850eff9786bac08e0671e3a5efe4ce8343078ea021,q_after,0.54243127285178572,False
QM,O,6,4,b82a03e937cf2cf32073db5d914babf4ef1b871d8a539df433e363c50b0cd9a2,distance_from_own_immediate_activation,125.86059559905505,False
QM,O,6,4,1bb622c7c6612bdf2202db5f982ce1f40ed2910f9cd1fe2de0762fc61a4a3e75,distance_from_own_immediate_activation,55.516990308560622,False
QM,O,6,5,3ee582306136f1fa1d90e73f87e67f77342c027b90055c39521a94efb613a8df,q_after,0.67180138403950662,False
QM,O,6,5,60141ed71c08336ce18411af9a934eea62501d656a44799383c418e0d0819796,q_after,0.4760010636185496,False
QM,O,6,5,60141ed71c08336ce18411af9a934eea62501d656a44799383c418e0d0819796,distance_from_own_immediate_activation,59.040247798232237,False
QM,O,6,5,3ee582306136f1fa1d90e73f87e67f77342c027b90055c39521a94efb613a8df,distance_from_own_immediate_activation,42.253853754282638,False
QM,O,6,6,93f4fe9bbf7974bf98b743b2f1307fd839bc6b2960fafd843cfe3eda879379b4,q_after,0.95725693622962138,False
QM,O,6,6,233dcd6b6900dd2b064cf80002ca7461be18ad006ff3694d8ff374740396c08d,q_after,0.20249045864260246,False
QM,O,6,6,8a9041037dbc17f886486516e3c6a025512c6bdc9ebc902afd1b7b83a6f28b04,distance_from_own_immediate_activation,0,False
QM,O,6,6,1cfe090c9861932226bef865ff03923d860fb91023a5ebe93c3bab1a657257cb,distance_from_own_immediate_activation,0,False
QM,O,7,1,322b5d3c47aa80d2c94addc9a85c94282e44d92f9ccc5a0cf4cab593ea40cb3b,q_after,1.5104460621594868,False
QM,O,7,1,d97bda6d6a887cafe4132a43d6d106a50a3a151b295c299fbaa9079c4004d670,q_after,1.4991269218454339,False
QM,O,7,1,322b5d3c47aa80d2c94addc9a85c94282e44d92f9ccc5a0cf4cab593ea40cb3b,distance_from_own_immediate_activation,202.17075700413338,False
QM,O,7,1,0d37408f349a9e1575f9996b4666d8be3c1a4b030ef6385556f20138f0e45d77,distance_from_own_immediate_activation,173.83472341733381,False
QM,O,7,2,cfe57172cb98b0710c97423a5f5a57d33035179d53d3f68eca197a5789036440,q_after,1.1452196869118525,False
QM,O,7,2,f31405336f02565ba23815b3d736772c3562187abe3cb828fb39778621125700,q_after,0.98428280784531375,False
QM,O,7,2,6d8662b52037c46fb86859055d261b4e39e87aecdecc577323f3abe2a7c7e25d,distance_from_own_immediate_activation,118.25716021080019,False
QM,O,7,2,f3229e5df187c6629a00cdebf77efe1d9bf9147ab2254529547d3f645ebdc023,distance_from_own_immediate_activation,107.56573128950853,False
QM,O,7,3,d4b109253c320baa212c079a8c8508e2df92d46eb2c28bdae70970323223535d,q_after,1.2165008494216973,False
QM,O,7,3,5048daec8eda8a9d3c95b043bcae37662854fde7ae07fc2a6a740cabba3039fb,q_after,1.0398217977249307,False
QM,O,7,3,d4b109253c320baa212c079a8c8508e2df92d46eb2c28bdae70970323223535d,distance_from_own_immediate_activation,126.32623844429004,False
QM,O,7,3,5048daec8eda8a9d3c95b043bcae37662854fde7ae07fc2a6a740cabba3039fb,distance_from_own_immediate_activation,88.744551618509519,False
QM,O,7,4,b82a03e937cf2cf32073db5d914babf4ef1b871d8a539df433e363c50b0cd9a2,q_after,1.6442700906908507,False
QM,O,7,4,f82b1636f33488b951bc23850eff9786bac08e0671e3a5efe4ce8343078ea021,q_after,0.70992197016851877,False
QM,O,7,4,b82a03e937cf2cf32073db5d914babf4ef1b871d8a539df433e363c50b0cd9a2,distance_from_own_immediate_activation,159.95161170396329,False
QM,O,7,4,1bb622c7c6612bdf2202db5f982ce1f40ed2910f9cd1fe2de0762fc61a4a3e75,distance_from_own_immediate_activation,61.671385050983702,False
QM,O,7,5,3ee582306136f1fa1d90e73f87e67f77342c027b90055c39521a94efb613a8df,q_after,0.99694623632846768,False
QM,O,7,5,60141ed71c08336ce18411af9a934eea62501d656a44799383c418e0d0819796,q_after,0.86305249756834346,False
QM,O,7,5,60141ed71c08336ce18411af9a934eea62501d656a44799383c418e0d0819796,distance_from_own_immediate_activation,107.39165335659546,False
QM,O,7,5,3ee582306136f1fa1d90e73f87e67f77342c027b90055c39521a94efb613a8df,distance_from_own_immediate_activation,63.487176447926409,False
QM,O,7,6,3b5e495f8547e4789bdee4b85ae9826e19f84bedeca53cb002e5cf0ff73e9ada,q_after,1.1255108659372821,False
QM,O,7,6,93f4fe9bbf7974bf98b743b2f1307fd839bc6b2960fafd843cfe3eda879379b4,q_after,0.9572210555727928,False
QM,O,7,6,3b5e495f8547e4789bdee4b85ae9826e19f84bedeca53cb002e5cf0ff73e9ada,distance_from_own_immediate_activation,100.12191541698061,False
QM,O,7,6,747c585f04c3591e36bc833c9ceb06cf8c210fa7b2eada208f590ac0a1fa420e,distance_from_own_immediate_activation,84.493327162143203,False
QM,O,7,7,7df6ba08c50f72918066d0bdf8844aa8c12edcec8b3f83a616dbc054ea8cf01e,q_after,0.17972873164125233,False
QM,O,7,7,e8d6d86e72fbfe178ade2f2d2ce0e099a8af9787ab9e1a3dd3fb5b294c176607,q_after,0.17842734858922016,False
QM,O,7,7,d82b4b74485c4ef9b4b12f1c2fabad4c0109165ed4e5d7f934133ea726a65ae9,distance_from_own_immediate_activation,0,False
QM,O,7,7,f6676ed348d4d873923c058111d2f76ed59e8b3bffd08a972593e7195e1501db,distance_from_own_immediate_activation,0,False
QM,O,8,1,322b5d3c47aa80d2c94addc9a85c94282e44d92f9ccc5a0cf4cab593ea40cb3b,q_after,1.5984986069712033,False
QM,O,8,1,d97bda6d6a887cafe4132a43d6d106a50a3a151b295c299fbaa9079c4004d670,q_after,1.5541813808429066,False
QM,O,8,1,322b5d3c47aa80d2c94addc9a85c94282e44d92f9ccc5a0cf4cab593ea40cb3b,distance_from_own_immediate_activation,214.11464096033635,False
QM,O,8,1,0d37408f349a9e1575f9996b4666d8be3c1a4b030ef6385556f20138f0e45d77,distance_from_own_immediate_activation,182.09625775151537,False
QM,O,8,2,cfe57172cb98b0710c97423a5f5a57d33035179d53d3f68eca197a5789036440,q_after,1.3544591880273289,False
QM,O,8,2,f31405336f02565ba23815b3d736772c3562187abe3cb828fb39778621125700,q_after,1.2059332756532839,False
QM,O,8,2,6d8662b52037c46fb86859055d261b4e39e87aecdecc577323f3abe2a7c7e25d,distance_from_own_immediate_activation,129.42304983322921,False
QM,O,8,2,e57f62d831936471f36eb58e66a68b8c85256e7aa477c90d7fe911fde238afb5,distance_from_own_immediate_activation,112.74000810888086,False
QM,O,8,3,622dec49b2ac0410eac0b892e7afe984e6d800006e02d37d4a5fef4fc0a8957a,q_after,1.8818516968640235,False
QM,O,8,3,d4b109253c320baa212c079a8c8508e2df92d46eb2c28bdae70970323223535d,q_after,1.2887332057739145,False
QM,O,8,3,622dec49b2ac0410eac0b892e7afe984e6d800006e02d37d4a5fef4fc0a8957a,distance_from_own_immediate_activation,149.4605452417602,False
QM,O,8,3,d4b109253c320baa212c079a8c8508e2df92d46eb2c28bdae70970323223535d,distance_from_own_immediate_activation,133.75215832566292,False
QM,O,8,4,b82a03e937cf2cf32073db5d914babf4ef1b871d8a539df433e363c50b0cd9a2,q_after,1.7454095378257588,False
QM,O,8,4,f82b1636f33488b951bc23850eff9786bac08e0671e3a5efe4ce8343078ea021,q_after,0.8583427191520534,False
QM,O,8,4,b82a03e937cf2cf32073db5d914babf4ef1b871d8a539df433e363c50b0cd9a2,distance_from_own_immediate_activation,169.6357937932182,False
QM,O,8,4,1bb622c7c6612bdf2202db5f982ce1f40ed2910f9cd1fe2de0762fc61a4a3e75,distance_from_own_immediate_activation,72.806523853136284,False
QM,O,8,5,3ee582306136f1fa1d90e73f87e67f77342c027b90055c39521a94efb613a8df,q_after,1.352216121511912,False
QM,O,8,5,60141ed71c08336ce18411af9a934eea62501d656a44799383c418e0d0819796,q_after,1.0211111529784425,False
QM,O,8,5,60141ed71c08336ce18411af9a934eea62501d656a44799383c418e0d0819796,distance_from_own_immediate_activation,126.12200828719301,False
QM,O,8,5,3ee582306136f1fa1d90e73f87e67f77342c027b90055c39521a94efb613a8df,distance_from_own_immediate_activation,86.415651308518619,False
QM,O,8,6,3b5e495f8547e4789bdee4b85ae9826e19f84bedeca53cb002e5cf0ff73e9ada,q_after,1.3104112149745919,False
QM,O,8,6,93f4fe9bbf7974bf98b743b2f1307fd839bc6b2960fafd843cfe3eda879379b4,q_after,0.96004293009414532,False
QM,O,8,6,3b5e495f8547e4789bdee4b85ae9826e19f84bedeca53cb002e5cf0ff73e9ada,distance_from_own_immediate_activation,117.4724939444927,False
QM,O,8,6,747c585f04c3591e36bc833c9ceb06cf8c210fa7b2eada208f590ac0a1fa420e,distance_from_own_immediate_activation,102.60521651110155,False
QM,O,8,7,f4e0075f78eae9b70b7c7764bfa12465bad9e5a94db01ea7d61a5963665213ce,q_after,1.0048732086911951,False
QM,O,8,7,08a19118522cc17853da3f13976ad9660fba43a0bd99dd33b8fafc3ceb0f75c1,q_after,0.50534237180750652,False
QM,O,8,7,c7dd6cc253ee760a4cd10d9db4ebc6784e91ff803923e397b27a0011a0de4a57,distance_from_own_immediate_activation,61.492573581778707,False
QM,O,8,7,08a19118522cc17853da3f13976ad9660fba43a0bd99dd33b8fafc3ceb0f75c1,distance_from_own_immediate_activation,61.288537109553211,False
QM,O,8,8,af66ed3714a102e1ed4481ef7fb5d422bfb3471808413ad77b3edb92f8d9a40d,q_after,0.9548473973074858,False
QM,O,8,8,2c8982df211a7e22ddbe1d5999d9332019d6a4daf378fa137738ef3402eb298c,q_after,0.21930856268853011,False
QM,O,8,8,f30078d6d8f44bf7dc4c8052ae871614b00ba8bb789b67892dbf178a85412fe1,distance_from_own_immediate_activation,0,False
QM,O,8,8,c9f8952620ae02f32df759f1d9dd4e4dd404b9459172fb5c7f3185720ee9cef5,distance_from_own_immediate_activation,0,False
QM,O,9,1,d97bda6d6a887cafe4132a43d6d106a50a3a151b295c299fbaa9079c4004d670,q_after,1.6248857442729854,False
QM,O,9,1,322b5d3c47aa80d2c94addc9a85c94282e44d92f9ccc5a0cf4cab593ea40cb3b,q_after,1.619508712760275,False
QM,O,9,1,322b5d3c47aa80d2c94addc9a85c94282e44d92f9ccc5a0cf4cab593ea40cb3b,distance_from_own_immediate_activation,216.8583285537301,False
QM,O,9,1,0d37408f349a9e1575f9996b4666d8be3c1a4b030ef6385556f20138f0e45d77,distance_from_own_immediate_activation,193.60522143991537,False
QM,O,9,2,cfe57172cb98b0710c97423a5f5a57d33035179d53d3f68eca197a5789036440,q_after,1.6700543811570805,False
QM,O,9,2,f31405336f02565ba23815b3d736772c3562187abe3cb828fb39778621125700,q_after,1.5771684815008227,False
QM,O,9,2,6d8662b52037c46fb86859055d261b4e39e87aecdecc577323f3abe2a7c7e25d,distance_from_own_immediate_activation,143.0498647648937,False
QM,O,9,2,208363e5d1c6cc4c664b13af8c148a259cd26f3de085adb49281ff4dcee4b6e7,distance_from_own_immediate_activation,121.77765666899205,False
QM,O,9,3,622dec49b2ac0410eac0b892e7afe984e6d800006e02d37d4a5fef4fc0a8957a,q_after,2.0073443931057957,False
QM,O,9,3,5048daec8eda8a9d3c95b043bcae37662854fde7ae07fc2a6a740cabba3039fb,q_after,1.4518808529246743,False
QM,O,9,3,622dec49b2ac0410eac0b892e7afe984e6d800006e02d37d4a5fef4fc0a8957a,distance_from_own_immediate_activation,159.59427401422178,False
QM,O,9,3,d4b109253c320baa212c079a8c8508e2df92d46eb2c28bdae70970323223535d,distance_from_own_immediate_activation,141.67419482275619,False
QM,O,9,4,b82a03e937cf2cf32073db5d914babf4ef1b871d8a539df433e363c50b0cd9a2,q_after,1.7691649554657312,False
QM,O,9,4,f82b1636f33488b951bc23850eff9786bac08e0671e3a5efe4ce8343078ea021,q_after,1.0924576885812887,False
QM,O,9,4,b82a03e937cf2cf32073db5d914babf4ef1b871d8a539df433e363c50b0cd9a2,distance_from_own_immediate_activation,172.01776843057544,False
QM,O,9,4,240f473db0dc8ceae551cdfcb4c20c32414d78b110c738cbc2ff3eeacbba7cef,distance_from_own_immediate_activation,90.286481113426376,False
QM,O,9,5,5dac8ca8c59a3d30b0a15bd05363300d81e3dd3f281de5f84d7b9873ebfc1d59,q_after,1.8040365591754899,False
QM,O,9,5,3ee582306136f1fa1d90e73f87e67f77342c027b90055c39521a94efb613a8df,q_after,1.5436109277930301,False
QM,O,9,5,5dac8ca8c59a3d30b0a15bd05363300d81e3dd3f281de5f84d7b9873ebfc1d59,distance_from_own_immediate_activation,172.23541215334424,False
QM,O,9,5,60141ed71c08336ce18411af9a934eea62501d656a44799383c418e0d0819796,distance_from_own_immediate_activation,130.04773301032398,False
QM,O,9,6,3b5e495f8547e4789bdee4b85ae9826e19f84bedeca53cb002e5cf0ff73e9ada,q_after,1.3869427699631527,False
QM,O,9,6,cc74e0dbb704250bd01b1bd8b93a03823082f9f338bc955dab743ec0c43d3e2d,q_after,1.1560406383446076,False
QM,O,9,6,3b5e495f8547e4789bdee4b85ae9826e19f84bedeca53cb002e5cf0ff73e9ada,distance_from_own_immediate_activation,124.27056813273846,False
QM,O,9,6,747c585f04c3591e36bc833c9ceb06cf8c210fa7b2eada208f590ac0a1fa420e,distance_from_own_immediate_activation,107.06200588731271,False
QM,O,9,7,f4e0075f78eae9b70b7c7764bfa12465bad9e5a94db01ea7d61a5963665213ce,q_after,1.6251196314239789,False
QM,O,9,7,5fccb41fa82d031cac8cdc333c53675d91dc33b29f0906a179032709e594a33a,q_after,1.1760130367861077,False
QM,O,9,7,f4e0075f78eae9b70b7c7764bfa12465bad9e5a94db01ea7d61a5963665213ce,distance_from_own_immediate_activation,99.484237018742959,False
QM,O,9,7,5fccb41fa82d031cac8cdc333c53675d91dc33b29f0906a179032709e594a33a,distance_from_own_immediate_activation,85.876269252889045,False
QM,O,9,8,11c97173bcbbb7f2c5649d904b3c72f5eb6d0fc0c4a5d426debf5ecb68103399,q_after,1.1573084448217452,False
QM,O,9,8,af66ed3714a102e1ed4481ef7fb5d422bfb3471808413ad77b3edb92f8d9a40d,q_after,0.95765815835172052,False
QM,O,9,8,c9f8952620ae02f32df759f1d9dd4e4dd404b9459172fb5c7f3185720ee9cef5,distance_from_own_immediate_activation,89.033152707137958,False
QM,O,9,8,14dbbab0e85cb733c55c1f6621a15e8e6b33644b9807182539515c25d8f2233b,distance_from_own_immediate_activation,40.504198401575366,False
QM,O,9,9,c8759136267f7e6af3367ae9d6b1891b5f2533ffe01bc2ffb0d0de1cb8e9085e,q_after,0.96193747384522565,False
QM,O,9,9,e29de53513911a0a608790b663bc01be302b70ae5e7f8becbcffec76fa2b0d92,q_after,0.21658422117163634,False
QM,O,9,9,194178db5ac524e6c7517cc57e2e3431cff936ec930778a4b17ef981c4514f7f,distance_from_own_immediate_activation,0,False
QM,O,9,9,31d57823193fde3c88a529a47704ed415975d35c2ef62ca633ff76987bd7b939,distance_from_own_immediate_activation,0,False
QM,O,10,1,7ad81b264c5bf8e0448ecd9bcdb6f342989288fde3543b7704f2c1ec659b7185,q_after,1.9222328009404395,False
QM,O,10,1,589228d3143b3e0e5da484e7298376b1b8067cb8a493d947f96663047fd97310,q_after,1.916637575584422,False
QM,O,10,1,322b5d3c47aa80d2c94addc9a85c94282e44d92f9ccc5a0cf4cab593ea40cb3b,distance_from_own_immediate_activation,216.93182798979112,False
QM,O,10,1,0d37408f349a9e1575f9996b4666d8be3c1a4b030ef6385556f20138f0e45d77,distance_from_own_immediate_activation,202.03301385690415,False
QM,O,10,2,cfe57172cb98b0710c97423a5f5a57d33035179d53d3f68eca197a5789036440,q_after,2.0114856431170058,False
QM,O,10,2,f31405336f02565ba23815b3d736772c3562187abe3cb828fb39778621125700,q_after,1.9712730408454406,False
QM,O,10,2,6d8662b52037c46fb86859055d261b4e39e87aecdecc577323f3abe2a7c7e25d,distance_from_own_immediate_activation,157.51021723004041,False
QM,O,10,2,208363e5d1c6cc4c664b13af8c148a259cd26f3de085adb49281ff4dcee4b6e7,distance_from_own_immediate_activation,145.51419620041858,False
QM,O,10,3,622dec49b2ac0410eac0b892e7afe984e6d800006e02d37d4a5fef4fc0a8957a,q_after,2.0999366655751697,False
QM,O,10,3,dbff9693300b13394919a4bdb3a4e363367f13483efb3c57b42b0ef4c604ac3c,q_after,1.6980963312917812,False
QM,O,10,3,622dec49b2ac0410eac0b892e7afe984e6d800006e02d37d4a5fef4fc0a8957a,distance_from_own_immediate_activation,166.80966782902755,False
QM,O,10,3,d4b109253c320baa212c079a8c8508e2df92d46eb2c28bdae70970323223535d,distance_from_own_immediate_activation,151.4687241892216,False
QM,O,10,4,b82a03e937cf2cf32073db5d914babf4ef1b871d8a539df433e363c50b0cd9a2,q_after,1.7868202629935972,False
QM,O,10,4,f82b1636f33488b951bc23850eff9786bac08e0671e3a5efe4ce8343078ea021,q_after,1.2553494281871667,False
QM,O,10,4,b82a03e937cf2cf32073db5d914babf4ef1b871d8a539df433e363c50b0cd9a2,distance_from_own_immediate_activation,173.71921646324432,False
QM,O,10,4,a02b17a7b83ea45ae8a5ef014ea4e70834474342620c3d8f02c359c6a79b9cf9,distance_from_own_immediate_activation,136.16396277981266,False
QM,O,10,5,5dac8ca8c59a3d30b0a15bd05363300d81e3dd3f281de5f84d7b9873ebfc1d59,q_after,1.8494431538267366,False
QM,O,10,5,3ee582306136f1fa1d90e73f87e67f77342c027b90055c39521a94efb613a8df,q_after,1.805426679447022,False
QM,O,10,5,5dac8ca8c59a3d30b0a15bd05363300d81e3dd3f281de5f84d7b9873ebfc1d59,distance_from_own_immediate_activation,176.79888477118095,False
QM,O,10,5,60141ed71c08336ce18411af9a934eea62501d656a44799383c418e0d0819796,distance_from_own_immediate_activation,132.45908601474798,False
QM,O,10,6,cc74e0dbb704250bd01b1bd8b93a03823082f9f338bc955dab743ec0c43d3e2d,q_after,1.6334831846690316,False
QM,O,10,6,ae23b65544185ddf2008ebe27098ae22143a4bb04024f958555b8b207a4680a7,q_after,1.6047946340024302,False
QM,O,10,6,3b5e495f8547e4789bdee4b85ae9826e19f84bedeca53cb002e5cf0ff73e9ada,distance_from_own_immediate_activation,125.10719553830523,False
QM,O,10,6,747c585f04c3591e36bc833c9ceb06cf8c210fa7b2eada208f590ac0a1fa420e,distance_from_own_immediate_activation,106.90561110694799,False
QM,O,10,7,f4e0075f78eae9b70b7c7764bfa12465bad9e5a94db01ea7d61a5963665213ce,q_after,1.737183337604072,False
QM,O,10,7,5fccb41fa82d031cac8cdc333c53675d91dc33b29f0906a179032709e594a33a,q_after,1.4734035970581261,False
QM,O,10,7,5fccb41fa82d031cac8cdc333c53675d91dc33b29f0906a179032709e594a33a,distance_from_own_immediate_activation,107.81101038142111,False
QM,O,10,7,f4e0075f78eae9b70b7c7764bfa12465bad9e5a94db01ea7d61a5963665213ce,distance_from_own_immediate_activation,106.69464573652269,False
QM,O,10,8,11c97173bcbbb7f2c5649d904b3c72f5eb6d0fc0c4a5d426debf5ecb68103399,q_after,1.8042557675577053,False
QM,O,10,8,af66ed3714a102e1ed4481ef7fb5d422bfb3471808413ad77b3edb92f8d9a40d,q_after,0.95770765694360005,False
QM,O,10,8,c9f8952620ae02f32df759f1d9dd4e4dd404b9459172fb5c7f3185720ee9cef5,distance_from_own_immediate_activation,91.900290449029058,False
QM,O,10,8,9184167df01e188bc50b20aa3d37e7cbe0867b72c098debaefb5fab02ac36d6c,distance_from_own_immediate_activation,63.012711377033192,False
QM,O,10,9,e7fef22c6caa23fa3b677a0b54a10f4feea31664c1a506944abcb6698f17b9c0,q_after,1.031113076997777,False
QM,O,10,9,c8759136267f7e6af3367ae9d6b1891b5f2533ffe01bc2ffb0d0de1cb8e9085e,q_after,0.96189705677017268,False
QM,O,10,9,e7fef22c6caa23fa3b677a0b54a10f4feea31664c1a506944abcb6698f17b9c0,distance_from_own_immediate_activation,66.101990381412364,False
QM,O,10,9,61b19084fd3159f34938d4d38536d0e23b2c41761005ddc84af3fe30835a54ed,distance_from_own_immediate_activation,58.674294322277426,False
QM,O,10,10,0b26dfaa5397f0efef160bb16eb21f16d8475fb790c7727fd8a110b8ffc6d997,q_after,0.27895330163943283,False
QM,O,10,10,d1e30f9e896b0f4f3ece1402d1561fd02e9d8cfbebc560740766d7f3e081df1f,q_after,0.18201983578650305,False
QM,O,10,10,498726f516ca2b5b6c3abb41abe5aabe486467b0175f90d10eb394571795ce5a,distance_from_own_immediate_activation,0,False
QM,O,10,10,9894445f110df76e317bb1ab36bffa15c2e90d4335205e958131010a783cf63d,distance_from_own_immediate_activation,0,False
QM,QCL,1,1,719bc0576defaa23049b37c5031acb62bc8db10d464ac03f6da1299e2cd3a5b7,q_after,0.41176842384230183,False
QM,QCL,1,1,f9f16bc7443ae596666c746ce23ea545748ddb3ef4434d0c407eb162fe7d8dbc,q_after,0.38998146037409126,False
QM,QCL,1,1,285a3add6f31d8546b0d76689a016bc0f9f7d8e58c95f54e87bba48ad5cabc65,distance_from_own_immediate_activation,0,False
QM,QCL,1,1,6abbaf2496b409f11036390da3b47c9272a243b8a164ca3d9f9a65fafbec985d,distance_from_own_immediate_activation,0,False
QM,QCL,2,1,0d37408f349a9e1575f9996b4666d8be3c1a4b030ef6385556f20138f0e45d77,q_after,0.50974267861589495,False
QM,QCL,2,1,719bc0576defaa23049b37c5031acb62bc8db10d464ac03f6da1299e2cd3a5b7,q_after,0.47085390840168156,False
QM,QCL,2,1,0d37408f349a9e1575f9996b4666d8be3c1a4b030ef6385556f20138f0e45d77,distance_from_own_immediate_activation,61.440894210257092,False
QM,QCL,2,1,a61a8732e7087bac9df081e4cfb0319a07f61ccb3987494c7f24ded194e18d42,distance_from_own_immediate_activation,28.139385570398169,False
QM,QCL,2,2,5026c8caf1aaf77a510a2e7112ea6dead0a567c357bbf597536dbb5c04efbe29,q_after,0.31335667976048137,False
QM,QCL,2,2,7bb7fd3dd2aeb10634eb125c0a2d2aaf02cb20340d172fe66a71f3af96fd60ce,q_after,0.30899292457373384,False
QM,QCL,2,2,f742e3b08cc43666fd7f6e3f269849a7e50f2847ec2b4e38de638a9da8e99747,distance_from_own_immediate_activation,0,False
QM,QCL,2,2,c00ba5c00aeed6290e334d4cd5abd3b223eb0b0d3fe00c61dd63a733904b0504,distance_from_own_immediate_activation,0,False
QM,QCL,3,1,3a77016737e2b0f4dfa9685598e7703e88fe37b911c923d52a9dd4187d20f892,q_after,0.83331165504943394,False
QM,QCL,3,1,d97bda6d6a887cafe4132a43d6d106a50a3a151b295c299fbaa9079c4004d670,q_after,0.65616232341813663,False
QM,QCL,3,1,3a77016737e2b0f4dfa9685598e7703e88fe37b911c923d52a9dd4187d20f892,distance_from_own_immediate_activation,81.24043406724158,False
QM,QCL,3,1,0d37408f349a9e1575f9996b4666d8be3c1a4b030ef6385556f20138f0e45d77,distance_from_own_immediate_activation,73.250896026392141,False
QM,QCL,3,2,6d8662b52037c46fb86859055d261b4e39e87aecdecc577323f3abe2a7c7e25d,q_after,0.37358553379592468,False
QM,QCL,3,2,cfe57172cb98b0710c97423a5f5a57d33035179d53d3f68eca197a5789036440,q_after,0.37244332254233969,False
QM,QCL,3,2,6d8662b52037c46fb86859055d261b4e39e87aecdecc577323f3abe2a7c7e25d,distance_from_own_immediate_activation,33.811307557601729,False
QM,QCL,3,2,98ae105e841eaf92fb0f91823d4b3f0a71f11808ee0acc1d5216a42145817cd2,distance_from_own_immediate_activation,23.989130917927895,False
QM,QCL,3,3,8b62da126c320ee8c8382166f83ac01b0a61b7cdc9dad5d1cfe059844c8ecd55,q_after,0.95160514959023601,False
QM,QCL,3,3,72ed03d28b034897d61f381e0a9c6e945a0347a0339befce591950712148b86d,q_after,0.38249678986439611,False
QM,QCL,3,3,5fe5cc36167302a9bb9453cf9a190bce75a6ebf70356e4b2d43262df4ea70e7e,distance_from_own_immediate_activation,0,False
QM,QCL,3,3,748b77c32e5597fd9ab954ae967d71dfca3c97aa792238480bf57c353b9f7c3b,distance_from_own_immediate_activation,0,False
QM,QCL,4,1,3a77016737e2b0f4dfa9685598e7703e88fe37b911c923d52a9dd4187d20f892,q_after,0.94673884961987764,False
QM,QCL,4,1,d97bda6d6a887cafe4132a43d6d106a50a3a151b295c299fbaa9079c4004d670,q_after,0.77997430698663883,False
QM,QCL,4,1,3a77016737e2b0f4dfa9685598e7703e88fe37b911c923d52a9dd4187d20f892,distance_from_own_immediate_activation,94.259685569147877,False
QM,QCL,4,1,0d37408f349a9e1575f9996b4666d8be3c1a4b030ef6385556f20138f0e45d77,distance_from_own_immediate_activation,78.762006020070444,False
QM,QCL,4,2,cfe57172cb98b0710c97423a5f5a57d33035179d53d3f68eca197a5789036440,q_after,0.5465875387358341,False
QM,QCL,4,2,6d8662b52037c46fb86859055d261b4e39e87aecdecc577323f3abe2a7c7e25d,q_after,0.44758379254082603,False
QM,QCL,4,2,6d8662b52037c46fb86859055d261b4e39e87aecdecc577323f3abe2a7c7e25d,distance_from_own_immediate_activation,50.558901698162842,False
QM,QCL,4,2,cfe57172cb98b0710c97423a5f5a57d33035179d53d3f68eca197a5789036440,distance_from_own_immediate_activation,30.370278948478703,False
QM,QCL,4,3,8b62da126c320ee8c8382166f83ac01b0a61b7cdc9dad5d1cfe059844c8ecd55,q_after,0.95165265987381764,False
QM,QCL,4,3,d4b109253c320baa212c079a8c8508e2df92d46eb2c28bdae70970323223535d,q_after,0.73691556664286828,False
QM,QCL,4,3,2a97fa4a853339993d14b2e27c07081e01a46d9aa88d5973ab9fb2fafe58291d,distance_from_own_immediate_activation,63.084804004046106,False
QM,QCL,4,3,d4b109253c320baa212c079a8c8508e2df92d46eb2c28bdae70970323223535d,distance_from_own_immediate_activation,49.904539744316857,False
QM,QCL,4,4,bf70a36ef7dc5b5e6ab2174d60aa36901cc585f44487bc58f501a1d096a1ef80,q_after,0.36927496287022593,False
QM,QCL,4,4,240f473db0dc8ceae551cdfcb4c20c32414d78b110c738cbc2ff3eeacbba7cef,q_after,0.34099450693331051,False
QM,QCL,4,4,b74477e088614db975b9ef3aaba64df62b78acfc4f63433e65ca1d0781dcffe1,distance_from_own_immediate_activation,0,False
QM,QCL,4,4,75df0f36573c040611750a4f824c17e612ade8e4b5e3a222af3a9c77dd369af4,distance_from_own_immediate_activation,0,False
QM,QCL,5,1,d97bda6d6a887cafe4132a43d6d106a50a3a151b295c299fbaa9079c4004d670,q_after,1.0677004678673367,False
QM,QCL,5,1,322b5d3c47aa80d2c94addc9a85c94282e44d92f9ccc5a0cf4cab593ea40cb3b,q_after,1.0024377547820542,False
QM,QCL,5,1,322b5d3c47aa80d2c94addc9a85c94282e44d92f9ccc5a0cf4cab593ea40cb3b,distance_from_own_immediate_activation,125.3188577222386,False
QM,QCL,5,1,d97bda6d6a887cafe4132a43d6d106a50a3a151b295c299fbaa9079c4004d670,distance_from_own_immediate_activation,98.70407996697314,False
QM,QCL,5,2,cfe57172cb98b0710c97423a5f5a57d33035179d53d3f68eca197a5789036440,q_after,0.70158372497364352,False
QM,QCL,5,2,2fc913d68a103cbc6389a1d60f388c577075e2c691144fc7c52ae0854a1dd9cc,q_after,0.50777722648233981,False
QM,QCL,5,2,6d8662b52037c46fb86859055d261b4e39e87aecdecc577323f3abe2a7c7e25d,distance_from_own_immediate_activation,61.342692880815278,False
QM,QCL,5,2,f3229e5df187c6629a00cdebf77efe1d9bf9147ab2254529547d3f645ebdc023,distance_from_own_immediate_activation,47.215503978731697,False
QM,QCL,5,3,d4b109253c320baa212c079a8c8508e2df92d46eb2c28bdae70970323223535d,q_after,1.3047372254122824,False
QM,QCL,5,3,8b62da126c320ee8c8382166f83ac01b0a61b7cdc9dad5d1cfe059844c8ecd55,q_after,0.9515915101672392,False
QM,QCL,5,3,d4b109253c320baa212c079a8c8508e2df92d46eb2c28bdae70970323223535d,distance_from_own_immediate_activation,93.720340289415844,False
QM,QCL,5,3,2a97fa4a853339993d14b2e27c07081e01a46d9aa88d5973ab9fb2fafe58291d,distance_from_own_immediate_activation,63.713565127674258,False
QM,QCL,5,4,b82a03e937cf2cf32073db5d914babf4ef1b871d8a539df433e363c50b0cd9a2,q_after,1.304524584982796,False
QM,QCL,5,4,37c496524a48bc9ade27fc86e530315fb497fe1255b2c24a25574d8daa71f1d6,q_after,0.4158042941324821,False
QM,QCL,5,4,b82a03e937cf2cf32073db5d914babf4ef1b871d8a539df433e363c50b0cd9a2,distance_from_own_immediate_activation,104.83228240450792,False
QM,QCL,5,4,1bb622c7c6612bdf2202db5f982ce1f40ed2910f9cd1fe2de0762fc61a4a3e75,distance_from_own_immediate_activation,37.895529940547888,False
QM,QCL,5,5,e5169c026fa64b6401357ac12888e22e15102e32c0293b522a6191a526c3992a,q_after,0.35835721788015001,False
QM,QCL,5,5,589538be01a86310c56851a8bc919cd5960a401251a24f1727344c0e836aebfc,q_after,0.35702824314188231,False
QM,QCL,5,5,5b84c1c1bac6d9c9495e0d2d313d0b616314a82781835eeed7f9f22473bf6d62,distance_from_own_immediate_activation,0,False
QM,QCL,5,5,e5ad6f2d686323a16d0fded4072da1dc7728d193c1789d134033681e537b2e49,distance_from_own_immediate_activation,0,False
QM,QCL,6,1,d97bda6d6a887cafe4132a43d6d106a50a3a151b295c299fbaa9079c4004d670,q_after,1.1245950779050335,False
QM,QCL,6,1,322b5d3c47aa80d2c94addc9a85c94282e44d92f9ccc5a0cf4cab593ea40cb3b,q_after,1.0403250984104138,False
QM,QCL,6,1,322b5d3c47aa80d2c94addc9a85c94282e44d92f9ccc5a0cf4cab593ea40cb3b,distance_from_own_immediate_activation,130.06598923934411,False
QM,QCL,6,1,0d37408f349a9e1575f9996b4666d8be3c1a4b030ef6385556f20138f0e45d77,distance_from_own_immediate_activation,128.15716141142491,False
QM,QCL,6,2,cfe57172cb98b0710c97423a5f5a57d33035179d53d3f68eca197a5789036440,q_after,0.83653785294445748,False
QM,QCL,6,2,e57f62d831936471f36eb58e66a68b8c85256e7aa477c90d7fe911fde238afb5,q_after,0.6244389203217795,False
QM,QCL,6,2,e57f62d831936471f36eb58e66a68b8c85256e7aa477c90d7fe911fde238afb5,distance_from_own_immediate_activation,80.219097051160361,False
QM,QCL,6,2,6d8662b52037c46fb86859055d261b4e39e87aecdecc577323f3abe2a7c7e25d,distance_from_own_immediate_activation,66.757196741225101,False
QM,QCL,6,3,d4b109253c320baa212c079a8c8508e2df92d46eb2c28bdae70970323223535d,q_after,1.4000449280031044,False
QM,QCL,6,3,8b62da126c320ee8c8382166f83ac01b0a61b7cdc9dad5d1cfe059844c8ecd55,q_after,0.95443643344610041,False
QM,QCL,6,3,d4b109253c320baa212c079a8c8508e2df92d46eb2c28bdae70970323223535d,distance_from_own_immediate_activation,101.5529431834704,False
QM,QCL,6,3,2a97fa4a853339993d14b2e27c07081e01a46d9aa88d5973ab9fb2fafe58291d,distance_from_own_immediate_activation,64.395131531996086,False
QM,QCL,6,4,b82a03e937cf2cf32073db5d914babf4ef1b871d8a539df433e363c50b0cd9a2,q_after,1.3579142278383804,False
QM,QCL,6,4,72485696a3c613ab2fb17bd133c8b3e02728a46e662b31975a05f75b5f212480,q_after,0.55158926449549717,False
QM,QCL,6,4,b82a03e937cf2cf32073db5d914babf4ef1b871d8a539df433e363c50b0cd9a2,distance_from_own_immediate_activation,109.42300860021258,False
QM,QCL,6,4,1bb622c7c6612bdf2202db5f982ce1f40ed2910f9cd1fe2de0762fc61a4a3e75,distance_from_own_immediate_activation,43.772582939763929,False
QM,QCL,6,5,3ee582306136f1fa1d90e73f87e67f77342c027b90055c39521a94efb613a8df,q_after,0.60343472444153801,False
QM,QCL,6,5,ead49dcd96c752de061daae86a727af9565211e53577b96a5188b83e9a065e85,q_after,0.43753982035269828,False
QM,QCL,6,5,60141ed71c08336ce18411af9a934eea62501d656a44799383c418e0d0819796,distance_from_own_immediate_activation,32.073422729360644,False
QM,QCL,6,5,5dac8ca8c59a3d30b0a15bd05363300d81e3dd3f281de5f84d7b9873ebfc1d59,distance_from_own_immediate_activation,24.520523404504942,False
QM,QCL,6,6,747c585f04c3591e36bc833c9ceb06cf8c210fa7b2eada208f590ac0a1fa420e,q_after,23184.85249994629,False
QM,QCL,6,6,93f4fe9bbf7974bf98b743b2f1307fd839bc6b2960fafd843cfe3eda879379b4,q_after,0.95514574232505001,False
QM,QCL,6,6,8a9041037dbc17f886486516e3c6a025512c6bdc9ebc902afd1b7b83a6f28b04,distance_from_own_immediate_activation,0,False
QM,QCL,6,6,1cfe090c9861932226bef865ff03923d860fb91023a5ebe93c3bab1a657257cb,distance_from_own_immediate_activation,0,False
QM,QCL,7,1,d97bda6d6a887cafe4132a43d6d106a50a3a151b295c299fbaa9079c4004d670,q_after,1.1720270815959364,False
QM,QCL,7,1,322b5d3c47aa80d2c94addc9a85c94282e44d92f9ccc5a0cf4cab593ea40cb3b,q_after,1.1243414786008428,False
QM,QCL,7,1,322b5d3c47aa80d2c94addc9a85c94282e44d92f9ccc5a0cf4cab593ea40cb3b,distance_from_own_immediate_activation,141.93558355579594,False
QM,QCL,7,1,0d37408f349a9e1575f9996b4666d8be3c1a4b030ef6385556f20138f0e45d77,distance_from_own_immediate_activation,131.29111479632368,False
QM,QCL,7,2,cfe57172cb98b0710c97423a5f5a57d33035179d53d3f68eca197a5789036440,q_after,0.97425152410848503,False
QM,QCL,7,2,2fc913d68a103cbc6389a1d60f388c577075e2c691144fc7c52ae0854a1dd9cc,q_after,0.6731892907471918,False
QM,QCL,7,2,e57f62d831936471f36eb58e66a68b8c85256e7aa477c90d7fe911fde238afb5,distance_from_own_immediate_activation,84.836230808437037,False
QM,QCL,7,2,6d8662b52037c46fb86859055d261b4e39e87aecdecc577323f3abe2a7c7e25d,distance_from_own_immediate_activation,72.401200443042569,False
QM,QCL,7,3,d4b109253c320baa212c079a8c8508e2df92d46eb2c28bdae70970323223535d,q_after,1.4876435688740453,False
QM,QCL,7,3,8b62da126c320ee8c8382166f83ac01b0a61b7cdc9dad5d1cfe059844c8ecd55,q_after,0.95437529127184373,False
QM,QCL,7,3,d4b109253c320baa212c079a8c8508e2df92d46eb2c28bdae70970323223535d,distance_from_own_immediate_activation,108.41165707816488,False
QM,QCL,7,3,2a97fa4a853339993d14b2e27c07081e01a46d9aa88d5973ab9fb2fafe58291d,distance_from_own_immediate_activation,67.885324146626218,False
QM,QCL,7,4,b82a03e937cf2cf32073db5d914babf4ef1b871d8a539df433e363c50b0cd9a2,q_after,1.4473656751272126,False
QM,QCL,7,4,72485696a3c613ab2fb17bd133c8b3e02728a46e662b31975a05f75b5f212480,q_after,0.66826960751609576,False
QM,QCL,7,4,b82a03e937cf2cf32073db5d914babf4ef1b871d8a539df433e363c50b0cd9a2,distance_from_own_immediate_activation,117.65678743752589,False
QM,QCL,7,4,1bb622c7c6612bdf2202db5f982ce1f40ed2910f9cd1fe2de0762fc61a4a3e75,distance_from_own_immediate_activation,49.02822931475729,False
QM,QCL,7,5,3ee582306136f1fa1d90e73f87e67f77342c027b90055c39521a94efb613a8df,q_after,0.85061842239764052,False
QM,QCL,7,5,ead49dcd96c752de061daae86a727af9565211e53577b96a5188b83e9a065e85,q_after,0.77687035736502219,False
QM,QCL,7,5,60141ed71c08336ce18411af9a934eea62501d656a44799383c418e0d0819796,distance_from_own_immediate_activation,57.239152980008868,False
QM,QCL,7,5,ead49dcd96c752de061daae86a727af9565211e53577b96a5188b83e9a065e85,distance_from_own_immediate_activation,45.878218220782664,False
QM,QCL,7,6,747c585f04c3591e36bc833c9ceb06cf8c210fa7b2eada208f590ac0a1fa420e,q_after,103386.98350759762,False
QM,QCL,7,6,93f4fe9bbf7974bf98b743b2f1307fd839bc6b2960fafd843cfe3eda879379b4,q_after,0.95514316685463219,False
QM,QCL,7,6,3b5e495f8547e4789bdee4b85ae9826e19f84bedeca53cb002e5cf0ff73e9ada,distance_from_own_immediate_activation,52.554318399231143,False
QM,QCL,7,6,747c585f04c3591e36bc833c9ceb06cf8c210fa7b2eada208f590ac0a1fa420e,distance_from_own_immediate_activation,47.446030743090333,False
QM,QCL,7,7,ce8833009d83dacf385dbb0fdde7ffee40695c7fa3ef946ff70ef2ec7e222b42,q_after,0.34486547365895881,False
QM,QCL,7,7,e8d6d86e72fbfe178ade2f2d2ce0e099a8af9787ab9e1a3dd3fb5b294c176607,q_after,0.3385419038291797,False
QM,QCL,7,7,d82b4b74485c4ef9b4b12f1c2fabad4c0109165ed4e5d7f934133ea726a65ae9,distance_from_own_immediate_activation,0,False
QM,QCL,7,7,f6676ed348d4d873923c058111d2f76ed59e8b3bffd08a972593e7195e1501db,distance_from_own_immediate_activation,0,False
QM,QCL,8,1,d97bda6d6a887cafe4132a43d6d106a50a3a151b295c299fbaa9079c4004d670,q_after,1.2198876859842818,False
QM,QCL,8,1,322b5d3c47aa80d2c94addc9a85c94282e44d92f9ccc5a0cf4cab593ea40cb3b,q_after,1.1801716851207138,False
QM,QCL,8,1,322b5d3c47aa80d2c94addc9a85c94282e44d92f9ccc5a0cf4cab593ea40cb3b,distance_from_own_immediate_activation,149.31131997268474,False
QM,QCL,8,1,0d37408f349a9e1575f9996b4666d8be3c1a4b030ef6385556f20138f0e45d77,distance_from_own_immediate_activation,137.04106975310617,False
QM,QCL,8,2,cfe57172cb98b0710c97423a5f5a57d33035179d53d3f68eca197a5789036440,q_after,1.0842366493497504,False
QM,QCL,8,2,2fc913d68a103cbc6389a1d60f388c577075e2c691144fc7c52ae0854a1dd9cc,q_after,0.77297557299404507,False
QM,QCL,8,2,e57f62d831936471f36eb58e66a68b8c85256e7aa477c90d7fe911fde238afb5,distance_from_own_immediate_activation,89.652546790000187,False
QM,QCL,8,2,6d8662b52037c46fb86859055d261b4e39e87aecdecc577323f3abe2a7c7e25d,distance_from_own_immediate_activation,77.193285534245291,False
QM,QCL,8,3,d4b109253c320baa212c079a8c8508e2df92d46eb2c28bdae70970323223535d,q_after,1.5517567341720369,False
QM,QCL,8,3,622dec49b2ac0410eac0b892e7afe984e6d800006e02d37d4a5fef4fc0a8957a,q_after,1.0866416992717918,False
QM,QCL,8,3,d4b109253c320baa212c079a8c8508e2df92d46eb2c28bdae70970323223535d,distance_from_own_immediate_activation,113.5458498048239,False
QM,QCL,8,3,622dec49b2ac0410eac0b892e7afe984e6d800006e02d37d4a5fef4fc0a8957a,distance_from_own_immediate_activation,83.120669861886242,False
QM,QCL,8,4,b82a03e937cf2cf32073db5d914babf4ef1b871d8a539df433e363c50b0cd9a2,q_after,1.5278268728574946,False
QM,QCL,8,4,72485696a3c613ab2fb17bd133c8b3e02728a46e662b31975a05f75b5f212480,q_after,0.70853148775326291,False
QM,QCL,8,4,b82a03e937cf2cf32073db5d914babf4ef1b871d8a539df433e363c50b0cd9a2,distance_from_own_immediate_activation,124.44235232775026,False
QM,QCL,8,4,1bb622c7c6612bdf2202db5f982ce1f40ed2910f9cd1fe2de0762fc61a4a3e75,distance_from_own_immediate_activation,56.183621906805115,False
QM,QCL,8,5,3ee582306136f1fa1d90e73f87e67f77342c027b90055c39521a94efb613a8df,q_after,0.97874072587766692,False
QM,QCL,8,5,ead49dcd96c752de061daae86a727af9565211e53577b96a5188b83e9a065e85,q_after,0.85230508120270454,False
QM,QCL,8,5,60141ed71c08336ce18411af9a934eea62501d656a44799383c418e0d0819796,distance_from_own_immediate_activation,76.014550018354285,False
QM,QCL,8,5,ead49dcd96c752de061daae86a727af9565211e53577b96a5188b83e9a065e85,distance_from_own_immediate_activation,51.216722110925723,False
QM,QCL,8,6,747c585f04c3591e36bc833c9ceb06cf8c210fa7b2eada208f590ac0a1fa420e,q_after,143571.66606637047,False
QM,QCL,8,6,93f4fe9bbf7974bf98b743b2f1307fd839bc6b2960fafd843cfe3eda879379b4,q_after,0.95776733288888038,False
QM,QCL,8,6,3b5e495f8547e4789bdee4b85ae9826e19f84bedeca53cb002e5cf0ff73e9ada,distance_from_own_immediate_activation,68.862620372598613,False
QM,QCL,8,6,1292f5176337d3e08f3dfdd322b9cedbebf71e0d4baae26b74e439351fb379ac,distance_from_own_immediate_activation,68.217416135638572,False
QM,QCL,8,7,f4e0075f78eae9b70b7c7764bfa12465bad9e5a94db01ea7d61a5963665213ce,q_after,0.78620562824178408,False
QM,QCL,8,7,c7dd6cc253ee760a4cd10d9db4ebc6784e91ff803923e397b27a0011a0de4a57,q_after,0.51300475334709628,False
QM,QCL,8,7,f4e0075f78eae9b70b7c7764bfa12465bad9e5a94db01ea7d61a5963665213ce,distance_from_own_immediate_activation,71.021789277769216,False
QM,QCL,8,7,c7dd6cc253ee760a4cd10d9db4ebc6784e91ff803923e397b27a0011a0de4a57,distance_from_own_immediate_activation,40.165333107086035,False
QM,QCL,8,8,af66ed3714a102e1ed4481ef7fb5d422bfb3471808413ad77b3edb92f8d9a40d,q_after,0.94319451806383758,False
QM,QCL,8,8,6e3976e89083ce6dd9f5ad3f47fa72aba176bb7aae2ee44d640a3b0941dcf4be,q_after,0.35749557079790661,False
QM,QCL,8,8,f30078d6d8f44bf7dc4c8052ae871614b00ba8bb789b67892dbf178a85412fe1,distance_from_own_immediate_activation,0,False
QM,QCL,8,8,c9f8952620ae02f32df759f1d9dd4e4dd404b9459172fb5c7f3185720ee9cef5,distance_from_own_immediate_activation,0,False
QM,QCL,9,1,719bc0576defaa23049b37c5031acb62bc8db10d464ac03f6da1299e2cd3a5b7,q_after,1.4656556080433445,False
QM,QCL,9,1,5fb850b2455f7b7e5f6079f0dce941715ca198eff1276c7a4d63f6aaeb20d520,q_after,1.4506725112466636,False
QM,QCL,9,1,5fb850b2455f7b7e5f6079f0dce941715ca198eff1276c7a4d63f6aaeb20d520,distance_from_own_immediate_activation,156.87704328674528,False
QM,QCL,9,1,f9f16bc7443ae596666c746ce23ea545748ddb3ef4434d0c407eb162fe7d8dbc,distance_from_own_immediate_activation,155.14993850863118,False
QM,QCL,9,2,cfe57172cb98b0710c97423a5f5a57d33035179d53d3f68eca197a5789036440,q_after,1.251183810541775,False
QM,QCL,9,2,2fc913d68a103cbc6389a1d60f388c577075e2c691144fc7c52ae0854a1dd9cc,q_after,0.8745767383190548,False
QM,QCL,9,2,e57f62d831936471f36eb58e66a68b8c85256e7aa477c90d7fe911fde238afb5,distance_from_own_immediate_activation,95.083597173710132,False
QM,QCL,9,2,6d8662b52037c46fb86859055d261b4e39e87aecdecc577323f3abe2a7c7e25d,distance_from_own_immediate_activation,84.663739926739197,False
QM,QCL,9,3,d4b109253c320baa212c079a8c8508e2df92d46eb2c28bdae70970323223535d,q_after,1.6189120697145816,False
QM,QCL,9,3,622dec49b2ac0410eac0b892e7afe984e6d800006e02d37d4a5fef4fc0a8957a,q_after,1.1747323328370145,False
QM,QCL,9,3,d4b109253c320baa212c079a8c8508e2df92d46eb2c28bdae70970323223535d,distance_from_own_immediate_activation,119.09793673706376,False
QM,QCL,9,3,622dec49b2ac0410eac0b892e7afe984e6d800006e02d37d4a5fef4fc0a8957a,distance_from_own_immediate_activation,90.76898448584474,False
QM,QCL,9,4,b82a03e937cf2cf32073db5d914babf4ef1b871d8a539df433e363c50b0cd9a2,q_after,1.5385927153827865,False
QM,QCL,9,4,89dcfd7abaf2c8879c817825a7256952c877bb9dc2746dcbfd5a0acec2f93be0,q_after,0.77779332590865935,False
QM,QCL,9,4,b82a03e937cf2cf32073db5d914babf4ef1b871d8a539df433e363c50b0cd9a2,distance_from_own_immediate_activation,125.54706543157,False
QM,QCL,9,4,9443eb63eb95f3fc8cbde7cc92373418cf7e744ff02d8ec75dafcf934a14a1b6,distance_from_own_immediate_activation,62.793409625433362,False
QM,QCL,9,5,3ee582306136f1fa1d90e73f87e67f77342c027b90055c39521a94efb613a8df,q_after,1.1154365495187333,False
QM,QCL,9,5,ead49dcd96c752de061daae86a727af9565211e53577b96a5188b83e9a065e85,q_after,0.94191167958048649,False
QM,QCL,9,5,60141ed71c08336ce18411af9a934eea62501d656a44799383c418e0d0819796,distance_from_own_immediate_activation,79.453029736776244,False
QM,QCL,9,5,5dac8ca8c59a3d30b0a15bd05363300d81e3dd3f281de5f84d7b9873ebfc1d59,distance_from_own_immediate_activation,77.931550409132228,False
QM,QCL,9,6,747c585f04c3591e36bc833c9ceb06cf8c210fa7b2eada208f590ac0a1fa420e,q_after,151623.90450076974,False
QM,QCL,9,6,3b5e495f8547e4789bdee4b85ae9826e19f84bedeca53cb002e5cf0ff73e9ada,q_after,0.964993013028971,False
QM,QCL,9,6,1292f5176337d3e08f3dfdd322b9cedbebf71e0d4baae26b74e439351fb379ac,distance_from_own_immediate_activation,123.23163131410097,False
QM,QCL,9,6,3b5e495f8547e4789bdee4b85ae9826e19f84bedeca53cb002e5cf0ff73e9ada,distance_from_own_immediate_activation,72.611226158954793,False
QM,QCL,9,7,f4e0075f78eae9b70b7c7764bfa12465bad9e5a94db01ea7d61a5963665213ce,q_after,1.40399412583242,False
QM,QCL,9,7,c7dd6cc253ee760a4cd10d9db4ebc6784e91ff803923e397b27a0011a0de4a57,q_after,0.55249436206365521,False
QM,QCL,9,7,f4e0075f78eae9b70b7c7764bfa12465bad9e5a94db01ea7d61a5963665213ce,distance_from_own_immediate_activation,134.06852799992976,False
QM,QCL,9,7,c7dd6cc253ee760a4cd10d9db4ebc6784e91ff803923e397b27a0011a0de4a57,distance_from_own_immediate_activation,44.412887900241529,False
QM,QCL,9,8,c9f8952620ae02f32df759f1d9dd4e4dd404b9459172fb5c7f3185720ee9cef5,q_after,1.069165298193441,False
QM,QCL,9,8,af66ed3714a102e1ed4481ef7fb5d422bfb3471808413ad77b3edb92f8d9a40d,q_after,0.94522977776267947,False
QM,QCL,9,8,c9f8952620ae02f32df759f1d9dd4e4dd404b9459172fb5c7f3185720ee9cef5,distance_from_own_immediate_activation,139.76382639768164,False
QM,QCL,9,8,11c97173bcbbb7f2c5649d904b3c72f5eb6d0fc0c4a5d426debf5ecb68103399,distance_from_own_immediate_activation,25.804903730040429,False
QM,QCL,9,9,c8759136267f7e6af3367ae9d6b1891b5f2533ffe01bc2ffb0d0de1cb8e9085e,q_after,0.95510127536330791,False
QM,QCL,9,9,e29de53513911a0a608790b663bc01be302b70ae5e7f8becbcffec76fa2b0d92,q_after,0.38810045973737117,False
QM,QCL,9,9,194178db5ac524e6c7517cc57e2e3431cff936ec930778a4b17ef981c4514f7f,distance_from_own_immediate_activation,0,False
QM,QCL,9,9,31d57823193fde3c88a529a47704ed415975d35c2ef62ca633ff76987bd7b939,distance_from_own_immediate_activation,0,False
QM,QCL,10,1,719bc0576defaa23049b37c5031acb62bc8db10d464ac03f6da1299e2cd3a5b7,q_after,1.4829395594961472,False
QM,QCL,10,1,5fb850b2455f7b7e5f6079f0dce941715ca198eff1276c7a4d63f6aaeb20d520,q_after,1.4658640073507219,False
QM,QCL,10,1,5fb850b2455f7b7e5f6079f0dce941715ca198eff1276c7a4d63f6aaeb20d520,distance_from_own_immediate_activation,158.54568242273319,False
QM,QCL,10,1,f9f16bc7443ae596666c746ce23ea545748ddb3ef4434d0c407eb162fe7d8dbc,distance_from_own_immediate_activation,157.32179565431196,False
QM,QCL,10,2,cfe57172cb98b0710c97423a5f5a57d33035179d53d3f68eca197a5789036440,q_after,1.3740533601613727,False
QM,QCL,10,2,2fc913d68a103cbc6389a1d60f388c577075e2c691144fc7c52ae0854a1dd9cc,q_after,0.98476383031095083,False
QM,QCL,10,2,e57f62d831936471f36eb58e66a68b8c85256e7aa477c90d7fe911fde238afb5,distance_from_own_immediate_activation,101.16533380703058,False
QM,QCL,10,2,6d8662b52037c46fb86859055d261b4e39e87aecdecc577323f3abe2a7c7e25d,distance_from_own_immediate_activation,90.582303398543644,False
QM,QCL,10,3,d4b109253c320baa212c079a8c8508e2df92d46eb2c28bdae70970323223535d,q_after,1.7086793463753285,False
QM,QCL,10,3,622dec49b2ac0410eac0b892e7afe984e6d800006e02d37d4a5fef4fc0a8957a,q_after,1.2508384303982834,False
QM,QCL,10,3,d4b109253c320baa212c079a8c8508e2df92d46eb2c28bdae70970323223535d,distance_from_own_immediate_activation,126.44637460802561,False
QM,QCL,10,3,622dec49b2ac0410eac0b892e7afe984e6d800006e02d37d4a5fef4fc0a8957a,distance_from_own_immediate_activation,96.78977814028147,False
QM,QCL,10,4,b82a03e937cf2cf32073db5d914babf4ef1b871d8a539df433e363c50b0cd9a2,q_after,1.5538606674448485,False
QM,QCL,10,4,5abd3eacc2d9d05cc7ca87403cf11e70f930a513e505a3fdd178946f2b51a3f2,q_after,0.9947401049476422,False
QM,QCL,10,4,b82a03e937cf2cf32073db5d914babf4ef1b871d8a539df433e363c50b0cd9a2,distance_from_own_immediate_activation,126.93907029777762,False
QM,QCL,10,4,5abd3eacc2d9d05cc7ca87403cf11e70f930a513e505a3fdd178946f2b51a3f2,distance_from_own_immediate_activation,126.19464768428357,False
QM,QCL,10,5,3ee582306136f1fa1d90e73f87e67f77342c027b90055c39521a94efb613a8df,q_after,1.2315467304551668,False
QM,QCL,10,5,ead49dcd96c752de061daae86a727af9565211e53577b96a5188b83e9a065e85,q_after,1.0233421542494987,False
QM,QCL,10,5,60141ed71c08336ce18411af9a934eea62501d656a44799383c418e0d0819796,distance_from_own_immediate_activation,82.621449265646248,False
QM,QCL,10,5,5dac8ca8c59a3d30b0a15bd05363300d81e3dd3f281de5f84d7b9873ebfc1d59,distance_from_own_immediate_activation,81.651976962319779,False
QM,QCL,10,6,747c585f04c3591e36bc833c9ceb06cf8c210fa7b2eada208f590ac0a1fa420e,q_after,160196.49056413327,False
QM,QCL,10,6,3b5e495f8547e4789bdee4b85ae9826e19f84bedeca53cb002e5cf0ff73e9ada,q_after,1.0166996046204779,False
QM,QCL,10,6,1292f5176337d3e08f3dfdd322b9cedbebf71e0d4baae26b74e439351fb379ac,distance_from_own_immediate_activation,123.78792204512732,False
QM,QCL,10,6,3b5e495f8547e4789bdee4b85ae9826e19f84bedeca53cb002e5cf0ff73e9ada,distance_from_own_immediate_activation,76.693780110142768,False
QM,QCL,10,7,f4e0075f78eae9b70b7c7764bfa12465bad9e5a94db01ea7d61a5963665213ce,q_after,1.4045388203213212,False
QM,QCL,10,7,57317a7f6b41d100caee1bad332659a0c1f566af7c263f713fff1f5bc194bb9d,q_after,1.0149093431893592,False
QM,QCL,10,7,f4e0075f78eae9b70b7c7764bfa12465bad9e5a94db01ea7d61a5963665213ce,distance_from_own_immediate_activation,134.38081975538341,False
QM,QCL,10,7,57317a7f6b41d100caee1bad332659a0c1f566af7c263f713fff1f5bc194bb9d,distance_from_own_immediate_activation,108.58255437501529,False
QM,QCL,10,8,11c97173bcbbb7f2c5649d904b3c72f5eb6d0fc0c4a5d426debf5ecb68103399,q_after,1.2243627304199314,False
QM,QCL,10,8,6e3976e89083ce6dd9f5ad3f47fa72aba176bb7aae2ee44d640a3b0941dcf4be,q_after,1.1004559014150121,False
QM,QCL,10,8,c9f8952620ae02f32df759f1d9dd4e4dd404b9459172fb5c7f3185720ee9cef5,distance_from_own_immediate_activation,140.21859538013933,False
QM,QCL,10,8,11c97173bcbbb7f2c5649d904b3c72f5eb6d0fc0c4a5d426debf5ecb68103399,distance_from_own_immediate_activation,35.783909110191388,False
QM,QCL,10,9,e7fef22c6caa23fa3b677a0b54a10f4feea31664c1a506944abcb6698f17b9c0,q_after,3.4996647338624882,False
QM,QCL,10,9,c8759136267f7e6af3367ae9d6b1891b5f2533ffe01bc2ffb0d0de1cb8e9085e,q_after,0.95508580555524103,False
QM,QCL,10,9,e7fef22c6caa23fa3b677a0b54a10f4feea31664c1a506944abcb6698f17b9c0,distance_from_own_immediate_activation,103.97092506001481,False
QM,QCL,10,9,fbe69b83fbf43661ad72972792ccea84933b820a3c372df930b62ed3e3bbbff8,distance_from_own_immediate_activation,29.127721621338583,False
QM,QCL,10,10,ec5616fa3510bff855377b476e70245d8b0587c38fc5b867111788a7c55dd0a7,q_after,0.33666149605518353,False
QM,QCL,10,10,fc450e4868d498e845e7c575ebec0dd5c068b053ec5f3a9d25e2656a4df55261,q_after,0.32999504195674767,False
QM,QCL,10,10,498726f516ca2b5b6c3abb41abe5aabe486467b0175f90d10eb394571795ce5a,distance_from_own_immediate_activation,0,False
QM,QCL,10,10,9894445f110df76e317bb1ab36bffa15c2e90d4335205e958131010a783cf63d,distance_from_own_immediate_activation,0,False
QM,NQFIX,1,1,c26d9f7b75c14056267c2567ba556e5b76ebfdac6a2231a6d3f1fc8bfa91ec2d,q_after,0.28590660188315559,False
QM,NQFIX,1,1,c2a511b461d586287863e69ded39d72e773ee7ff59c54b951a1fc191530a9230,q_after,0.17613741627105881,False
QM,NQFIX,1,1,285a3add6f31d8546b0d76689a016bc0f9f7d8e58c95f54e87bba48ad5cabc65,distance_from_own_immediate_activation,0,False
QM,NQFIX,1,1,6abbaf2496b409f11036390da3b47c9272a243b8a164ca3d9f9a65fafbec985d,distance_from_own_immediate_activation,0,False
QM,NQFIX,2,1,a61a8732e7087bac9df081e4cfb0319a07f61ccb3987494c7f24ded194e18d42,q_after,0.51258645678367076,False
QM,NQFIX,2,1,0d37408f349a9e1575f9996b4666d8be3c1a4b030ef6385556f20138f0e45d77,q_after,0.50416468089468458,False
QM,NQFIX,2,1,0d37408f349a9e1575f9996b4666d8be3c1a4b030ef6385556f20138f0e45d77,distance_from_own_immediate_activation,85.90384732971475,False
QM,NQFIX,2,1,a61a8732e7087bac9df081e4cfb0319a07f61ccb3987494c7f24ded194e18d42,distance_from_own_immediate_activation,57.99333638534965,False
QM,NQFIX,2,2,f31405336f02565ba23815b3d736772c3562187abe3cb828fb39778621125700,q_after,0.16963202761689389,False
QM,NQFIX,2,2,1ebb946556e3a61dc8f2b146ed73cbc48c9a67bc71a929140f591412d384db38,q_after,0.12108136009558713,False
QM,NQFIX,2,2,f742e3b08cc43666fd7f6e3f269849a7e50f2847ec2b4e38de638a9da8e99747,distance_from_own_immediate_activation,0,False
QM,NQFIX,2,2,c00ba5c00aeed6290e334d4cd5abd3b223eb0b0d3fe00c61dd63a733904b0504,distance_from_own_immediate_activation,0,False
QM,NQFIX,3,1,3a77016737e2b0f4dfa9685598e7703e88fe37b911c923d52a9dd4187d20f892,q_after,1.2578143033138336,False
QM,NQFIX,3,1,48f8e5c9758bc1ecd0a5d87381377f2e938e3fbd115904598f843ea205a1cb29,q_after,0.84343140385978699,False
QM,NQFIX,3,1,3a77016737e2b0f4dfa9685598e7703e88fe37b911c923d52a9dd4187d20f892,distance_from_own_immediate_activation,142.02831393439666,False
QM,NQFIX,3,1,0d37408f349a9e1575f9996b4666d8be3c1a4b030ef6385556f20138f0e45d77,distance_from_own_immediate_activation,97.067484197855592,False
QM,NQFIX,3,2,208363e5d1c6cc4c664b13af8c148a259cd26f3de085adb49281ff4dcee4b6e7,q_after,0.43686183593098787,False
QM,NQFIX,3,2,09b80a0ac75c7e4e8f2078b5a99ba748b1673efa0b280730335a310dcfbdba50,q_after,0.4012569553630782,False
QM,NQFIX,3,2,6550dc9ecd01aba3be24ef39ef596583e6088394270d2578a2f2db63b8b1487e,distance_from_own_immediate_activation,52.694021302005275,False
QM,NQFIX,3,2,208363e5d1c6cc4c664b13af8c148a259cd26f3de085adb49281ff4dcee4b6e7,distance_from_own_immediate_activation,47.607231913773369,False
QM,NQFIX,3,3,8b62da126c320ee8c8382166f83ac01b0a61b7cdc9dad5d1cfe059844c8ecd55,q_after,0.86843112363095853,False
QM,NQFIX,3,3,622dec49b2ac0410eac0b892e7afe984e6d800006e02d37d4a5fef4fc0a8957a,q_after,0.12493341679133169,False
QM,NQFIX,3,3,5fe5cc36167302a9bb9453cf9a190bce75a6ebf70356e4b2d43262df4ea70e7e,distance_from_own_immediate_activation,0,False
QM,NQFIX,3,3,748b77c32e5597fd9ab954ae967d71dfca3c97aa792238480bf57c353b9f7c3b,distance_from_own_immediate_activation,0,False
QM,NQFIX,4,1,3a77016737e2b0f4dfa9685598e7703e88fe37b911c923d52a9dd4187d20f892,q_after,1.4617393275438111,False
QM,NQFIX,4,1,48f8e5c9758bc1ecd0a5d87381377f2e938e3fbd115904598f843ea205a1cb29,q_after,0.9239376484078502,False
QM,NQFIX,4,1,3a77016737e2b0f4dfa9685598e7703e88fe37b911c923d52a9dd4187d20f892,distance_from_own_immediate_activation,165.13755554266709,False
QM,NQFIX,4,1,0d37408f349a9e1575f9996b4666d8be3c1a4b030ef6385556f20138f0e45d77,distance_from_own_immediate_activation,106.083167332081,False
QM,NQFIX,4,2,cfe57172cb98b0710c97423a5f5a57d33035179d53d3f68eca197a5789036440,q_after,0.57666093108977234,False
QM,NQFIX,4,2,09b80a0ac75c7e4e8f2078b5a99ba748b1673efa0b280730335a310dcfbdba50,q_after,0.52113110834137022,False
QM,NQFIX,4,2,6d8662b52037c46fb86859055d261b4e39e87aecdecc577323f3abe2a7c7e25d,distance_from_own_immediate_activation,76.205159464976177,False
QM,NQFIX,4,2,6550dc9ecd01aba3be24ef39ef596583e6088394270d2578a2f2db63b8b1487e,distance_from_own_immediate_activation,59.212241867770537,False
QM,NQFIX,4,3,8b62da126c320ee8c8382166f83ac01b0a61b7cdc9dad5d1cfe059844c8ecd55,q_after,0.868617368144047,False
QM,NQFIX,4,3,2a97fa4a853339993d14b2e27c07081e01a46d9aa88d5973ab9fb2fafe58291d,q_after,0.4998451536071068,False
QM,NQFIX,4,3,2a97fa4a853339993d14b2e27c07081e01a46d9aa88d5973ab9fb2fafe58291d,distance_from_own_immediate_activation,81.032504941265756,False
QM,NQFIX,4,3,d4b109253c320baa212c079a8c8508e2df92d46eb2c28bdae70970323223535d,distance_from_own_immediate_activation,43.275669529197359,False
QM,NQFIX,4,4,bf70a36ef7dc5b5e6ab2174d60aa36901cc585f44487bc58f501a1d096a1ef80,q_after,0.13702203386706552,False
QM,NQFIX,4,4,d6d01656f6313b328ad8bfcac029d7940e57cf0c93f05e69ae9bc329dadfcfa7,q_after,0.13281702925550964,False
QM,NQFIX,4,4,b74477e088614db975b9ef3aaba64df62b78acfc4f63433e65ca1d0781dcffe1,distance_from_own_immediate_activation,0,False
QM,NQFIX,4,4,75df0f36573c040611750a4f824c17e612ade8e4b5e3a222af3a9c77dd369af4,distance_from_own_immediate_activation,0,False
QM,NQFIX,5,1,3a77016737e2b0f4dfa9685598e7703e88fe37b911c923d52a9dd4187d20f892,q_after,1.4713572568807354,False
QM,NQFIX,5,1,322b5d3c47aa80d2c94addc9a85c94282e44d92f9ccc5a0cf4cab593ea40cb3b,q_after,1.241821932671809,False
QM,NQFIX,5,1,322b5d3c47aa80d2c94addc9a85c94282e44d92f9ccc5a0cf4cab593ea40cb3b,distance_from_own_immediate_activation,166.98424343638848,False
QM,NQFIX,5,1,3a77016737e2b0f4dfa9685598e7703e88fe37b911c923d52a9dd4187d20f892,distance_from_own_immediate_activation,166.28459276913904,False
QM,NQFIX,5,2,cfe57172cb98b0710c97423a5f5a57d33035179d53d3f68eca197a5789036440,q_after,0.69435610895039646,False
QM,NQFIX,5,2,208363e5d1c6cc4c664b13af8c148a259cd26f3de085adb49281ff4dcee4b6e7,q_after,0.6857814507498311,False
QM,NQFIX,5,2,257682d3e6eb00c7a01268416bf1fd39aa88f18ecec7339734a21734b46ed8e4,distance_from_own_immediate_activation,106.883650241898,False
QM,NQFIX,5,2,f3229e5df187c6629a00cdebf77efe1d9bf9147ab2254529547d3f645ebdc023,distance_from_own_immediate_activation,100.59894563290773,False
QM,NQFIX,5,3,d4b109253c320baa212c079a8c8508e2df92d46eb2c28bdae70970323223535d,q_after,1.020085109165711,False
QM,NQFIX,5,3,8b62da126c320ee8c8382166f83ac01b0a61b7cdc9dad5d1cfe059844c8ecd55,q_after,0.86884136039688831,False
QM,NQFIX,5,3,d4b109253c320baa212c079a8c8508e2df92d46eb2c28bdae70970323223535d,distance_from_own_immediate_activation,89.990459454472983,False
QM,NQFIX,5,3,2a97fa4a853339993d14b2e27c07081e01a46d9aa88d5973ab9fb2fafe58291d,distance_from_own_immediate_activation,81.987945455943802,False
QM,NQFIX,5,4,b82a03e937cf2cf32073db5d914babf4ef1b871d8a539df433e363c50b0cd9a2,q_after,1.2750251431165427,False
QM,NQFIX,5,4,1bb622c7c6612bdf2202db5f982ce1f40ed2910f9cd1fe2de0762fc61a4a3e75,q_after,0.53775889624215079,False
QM,NQFIX,5,4,b82a03e937cf2cf32073db5d914babf4ef1b871d8a539df433e363c50b0cd9a2,distance_from_own_immediate_activation,123.34893386342739,False
QM,NQFIX,5,4,1bb622c7c6612bdf2202db5f982ce1f40ed2910f9cd1fe2de0762fc61a4a3e75,distance_from_own_immediate_activation,52.490529670864753,False
QM,NQFIX,5,5,e5169c026fa64b6401357ac12888e22e15102e32c0293b522a6191a526c3992a,q_after,0.14393392725620791,False
QM,NQFIX,5,5,4b06541b68703e6e8d0a28f59ab223c38fa6ae39a459bf51b12af6056cf62673,q_after,0.13930811404701651,False
QM,NQFIX,5,5,5b84c1c1bac6d9c9495e0d2d313d0b616314a82781835eeed7f9f22473bf6d62,distance_from_own_immediate_activation,0,False
QM,NQFIX,5,5,e5ad6f2d686323a16d0fded4072da1dc7728d193c1789d134033681e537b2e49,distance_from_own_immediate_activation,0,False
QM,NQFIX,6,1,3a77016737e2b0f4dfa9685598e7703e88fe37b911c923d52a9dd4187d20f892,q_after,1.4608440381902583,False
QM,NQFIX,6,1,7ad81b264c5bf8e0448ecd9bcdb6f342989288fde3543b7704f2c1ec659b7185,q_after,1.3395071848366735,False
QM,NQFIX,6,1,322b5d3c47aa80d2c94addc9a85c94282e44d92f9ccc5a0cf4cab593ea40cb3b,distance_from_own_immediate_activation,176.42420520687821,False
QM,NQFIX,6,1,3a77016737e2b0f4dfa9685598e7703e88fe37b911c923d52a9dd4187d20f892,distance_from_own_immediate_activation,165.08213925660044,False
QM,NQFIX,6,2,09b80a0ac75c7e4e8f2078b5a99ba748b1673efa0b280730335a310dcfbdba50,q_after,0.91883350873205916,False
QM,NQFIX,6,2,cfe57172cb98b0710c97423a5f5a57d33035179d53d3f68eca197a5789036440,q_after,0.87432796504696375,False
QM,NQFIX,6,2,257682d3e6eb00c7a01268416bf1fd39aa88f18ecec7339734a21734b46ed8e4,distance_from_own_immediate_activation,117.61525728463869,False
QM,NQFIX,6,2,f3229e5df187c6629a00cdebf77efe1d9bf9147ab2254529547d3f645ebdc023,distance_from_own_immediate_activation,110.98027516180284,False
QM,NQFIX,6,3,d4b109253c320baa212c079a8c8508e2df92d46eb2c28bdae70970323223535d,q_after,1.1064037042477852,False
QM,NQFIX,6,3,8b62da126c320ee8c8382166f83ac01b0a61b7cdc9dad5d1cfe059844c8ecd55,q_after,0.87725415496831682,False
QM,NQFIX,6,3,d4b109253c320baa212c079a8c8508e2df92d46eb2c28bdae70970323223535d,distance_from_own_immediate_activation,97.535029564563018,False
QM,NQFIX,6,3,c588a2e73dbe2374e7b6ee0efd6801a1e31d730f5c9bb2ed19ffc7b8acb6ae9c,distance_from_own_immediate_activation,89.800503233475297,False
QM,NQFIX,6,4,b82a03e937cf2cf32073db5d914babf4ef1b871d8a539df433e363c50b0cd9a2,q_after,1.3568482110737268,False
QM,NQFIX,6,4,4dc7e31814363d358999ece3ec4f45d2b37300e2ed77bc753b2aba54cb87a927,q_after,0.83033732187959297,False
QM,NQFIX,6,4,b82a03e937cf2cf32073db5d914babf4ef1b871d8a539df433e363c50b0cd9a2,distance_from_own_immediate_activation,131.30667422463537,False
QM,NQFIX,6,4,3ea8e9bad92d8a6de26f0464fa86fbba7f8f6c5b42442b759bf6b6984d41789c,distance_from_own_immediate_activation,95.587250581671228,False
QM,NQFIX,6,5,3ee582306136f1fa1d90e73f87e67f77342c027b90055c39521a94efb613a8df,q_after,0.64008845938797931,False
QM,NQFIX,6,5,6b09563228de190af7f5373ac8d2d385748090ccb7f9b0cd3289584504d9dd34,q_after,0.622538239598592,False
QM,NQFIX,6,5,21657d106092efa537fe62b9f21b9c35d06b472f15d2dd60b8988fe8c845584a,distance_from_own_immediate_activation,64.089952771048061,False
QM,NQFIX,6,5,4c5368dc233e8873af8ab53dafd13a35af673543512fa650555eb303b76f9af4,distance_from_own_immediate_activation,60.670495702868962,False
QM,NQFIX,6,6,93f4fe9bbf7974bf98b743b2f1307fd839bc6b2960fafd843cfe3eda879379b4,q_after,0.90105483260936547,False
QM,NQFIX,6,6,747c585f04c3591e36bc833c9ceb06cf8c210fa7b2eada208f590ac0a1fa420e,q_after,0.19711955415934246,False
QM,NQFIX,6,6,8a9041037dbc17f886486516e3c6a025512c6bdc9ebc902afd1b7b83a6f28b04,distance_from_own_immediate_activation,0,False
QM,NQFIX,6,6,1cfe090c9861932226bef865ff03923d860fb91023a5ebe93c3bab1a657257cb,distance_from_own_immediate_activation,0,False
QM,NQFIX,7,1,3a77016737e2b0f4dfa9685598e7703e88fe37b911c923d52a9dd4187d20f892,q_after,1.6335548101986621,False
QM,NQFIX,7,1,7ad81b264c5bf8e0448ecd9bcdb6f342989288fde3543b7704f2c1ec659b7185,q_after,1.5768969589210167,False
QM,NQFIX,7,1,322b5d3c47aa80d2c94addc9a85c94282e44d92f9ccc5a0cf4cab593ea40cb3b,distance_from_own_immediate_activation,207.0119387727367,False
QM,NQFIX,7,1,3a77016737e2b0f4dfa9685598e7703e88fe37b911c923d52a9dd4187d20f892,distance_from_own_immediate_activation,184.70794465879231,False
QM,NQFIX,7,2,09b80a0ac75c7e4e8f2078b5a99ba748b1673efa0b280730335a310dcfbdba50,q_after,1.1857725756747917,False
QM,NQFIX,7,2,cfe57172cb98b0710c97423a5f5a57d33035179d53d3f68eca197a5789036440,q_after,1.056902475081128,False
QM,NQFIX,7,2,257682d3e6eb00c7a01268416bf1fd39aa88f18ecec7339734a21734b46ed8e4,distance_from_own_immediate_activation,124.87925875458023,False
QM,NQFIX,7,2,208363e5d1c6cc4c664b13af8c148a259cd26f3de085adb49281ff4dcee4b6e7,distance_from_own_immediate_activation,113.89907433776767,False
QM,NQFIX,7,3,622dec49b2ac0410eac0b892e7afe984e6d800006e02d37d4a5fef4fc0a8957a,q_after,1.3059337732708072,False
QM,NQFIX,7,3,d4b109253c320baa212c079a8c8508e2df92d46eb2c28bdae70970323223535d,q_after,1.246328139243404,False
QM,NQFIX,7,3,2a97fa4a853339993d14b2e27c07081e01a46d9aa88d5973ab9fb2fafe58291d,distance_from_own_immediate_activation,113.54720127391533,False
QM,NQFIX,7,3,d4b109253c320baa212c079a8c8508e2df92d46eb2c28bdae70970323223535d,distance_from_own_immediate_activation,109.82881249895385,False
QM,NQFIX,7,4,b82a03e937cf2cf32073db5d914babf4ef1b871d8a539df433e363c50b0cd9a2,q_after,1.6188019491262928,False
QM,NQFIX,7,4,fdd8f97bf8f1f5e7b5e8757124758ff5b39eaeb87f4f9995a01081ae4016f308,q_after,1.0554963910925341,False
QM,NQFIX,7,4,b82a03e937cf2cf32073db5d914babf4ef1b871d8a539df433e363c50b0cd9a2,distance_from_own_immediate_activation,156.99603363538958,False
QM,NQFIX,7,4,23ab463b020d55e2046b7787446e4f8feaea34632b6c872ea5035557b771d415,distance_from_own_immediate_activation,108.72978003632616,False
QM,NQFIX,7,5,6b09563228de190af7f5373ac8d2d385748090ccb7f9b0cd3289584504d9dd34,q_after,1.2445448938932002,False
QM,NQFIX,7,5,3ee582306136f1fa1d90e73f87e67f77342c027b90055c39521a94efb613a8df,q_after,1.1096663572298979,False
QM,NQFIX,7,5,60141ed71c08336ce18411af9a934eea62501d656a44799383c418e0d0819796,distance_from_own_immediate_activation,98.717778904087481,False
QM,NQFIX,7,5,6b09563228de190af7f5373ac8d2d385748090ccb7f9b0cd3289584504d9dd34,distance_from_own_immediate_activation,96.726168556815367,False
QM,NQFIX,7,6,747c585f04c3591e36bc833c9ceb06cf8c210fa7b2eada208f590ac0a1fa420e,q_after,3.0353685102363501,False
QM,NQFIX,7,6,3b5e495f8547e4789bdee4b85ae9826e19f84bedeca53cb002e5cf0ff73e9ada,q_after,1.3601553765365022,False
QM,NQFIX,7,6,3b5e495f8547e4789bdee4b85ae9826e19f84bedeca53cb002e5cf0ff73e9ada,distance_from_own_immediate_activation,94.849442386467544,False
QM,NQFIX,7,6,1292f5176337d3e08f3dfdd322b9cedbebf71e0d4baae26b74e439351fb379ac,distance_from_own_immediate_activation,93.330103117000661,False
QM,NQFIX,7,7,9fd61c9706e23991a85da325a1349732ccdf039f6810ed686b24a97f265a9911,q_after,0.16953079453907974,False
QM,NQFIX,7,7,da715c3836a89eb37be03f6f0ab6921407176bad98c5a15db42fc30cbcb5d597,q_after,0.098643571904746222,False
QM,NQFIX,7,7,d82b4b74485c4ef9b4b12f1c2fabad4c0109165ed4e5d7f934133ea726a65ae9,distance_from_own_immediate_activation,0,False
QM,NQFIX,7,7,f6676ed348d4d873923c058111d2f76ed59e8b3bffd08a972593e7195e1501db,distance_from_own_immediate_activation,0,False
QM,NQFIX,8,1,d62d3daaa98597827218b56a25f7ae3bb2b223eaaf78b7acf4945a97a6ef323f,q_after,1.9764976998962533,False
QM,NQFIX,8,1,7ad81b264c5bf8e0448ecd9bcdb6f342989288fde3543b7704f2c1ec659b7185,q_after,1.8943747259184609,False
QM,NQFIX,8,1,322b5d3c47aa80d2c94addc9a85c94282e44d92f9ccc5a0cf4cab593ea40cb3b,distance_from_own_immediate_activation,217.8964508602142,False
QM,NQFIX,8,1,0d37408f349a9e1575f9996b4666d8be3c1a4b030ef6385556f20138f0e45d77,distance_from_own_immediate_activation,204.87507776624338,False
QM,NQFIX,8,2,09b80a0ac75c7e4e8f2078b5a99ba748b1673efa0b280730335a310dcfbdba50,q_after,1.521937177303377,False
QM,NQFIX,8,2,208363e5d1c6cc4c664b13af8c148a259cd26f3de085adb49281ff4dcee4b6e7,q_after,1.2197785224519244,False
QM,NQFIX,8,2,208363e5d1c6cc4c664b13af8c148a259cd26f3de085adb49281ff4dcee4b6e7,distance_from_own_immediate_activation,133.93377418751479,False
QM,NQFIX,8,2,257682d3e6eb00c7a01268416bf1fd39aa88f18ecec7339734a21734b46ed8e4,distance_from_own_immediate_activation,130.8777930928579,False
QM,NQFIX,8,3,622dec49b2ac0410eac0b892e7afe984e6d800006e02d37d4a5fef4fc0a8957a,q_after,6.5084541226214148,False
QM,NQFIX,8,3,cbcb4f07d73bad75caec058156c6c238258ce78fb4e1dab72ce272db69cc8c77,q_after,1.4664051998257719,False
QM,NQFIX,8,3,622dec49b2ac0410eac0b892e7afe984e6d800006e02d37d4a5fef4fc0a8957a,distance_from_own_immediate_activation,466.23360036387106,False
QM,NQFIX,8,3,cbcb4f07d73bad75caec058156c6c238258ce78fb4e1dab72ce272db69cc8c77,distance_from_own_immediate_activation,226.55066153781604,False
QM,NQFIX,8,4,9ae5cb627e1d704de97809b1d2502b5a29639c279ba8f209fe71ee74f9c87f0f,q_after,4.3606171288317421,False
QM,NQFIX,8,4,9443eb63eb95f3fc8cbde7cc92373418cf7e744ff02d8ec75dafcf934a14a1b6,q_after,3.3982809912416174,False
QM,NQFIX,8,4,9ae5cb627e1d704de97809b1d2502b5a29639c279ba8f209fe71ee74f9c87f0f,distance_from_own_immediate_activation,278.47029391180945,False
QM,NQFIX,8,4,9443eb63eb95f3fc8cbde7cc92373418cf7e744ff02d8ec75dafcf934a14a1b6,distance_from_own_immediate_activation,221.6032877694638,False
QM,NQFIX,8,5,6b09563228de190af7f5373ac8d2d385748090ccb7f9b0cd3289584504d9dd34,q_after,2.4729807403260002,False
QM,NQFIX,8,5,589538be01a86310c56851a8bc919cd5960a401251a24f1727344c0e836aebfc,q_after,2.0406661228467433,False
QM,NQFIX,8,5,6b09563228de190af7f5373ac8d2d385748090ccb7f9b0cd3289584504d9dd34,distance_from_own_immediate_activation,191.66155312681673,False
QM,NQFIX,8,5,589538be01a86310c56851a8bc919cd5960a401251a24f1727344c0e836aebfc,distance_from_own_immediate_activation,172.22392119626141,False
QM,NQFIX,8,6,747c585f04c3591e36bc833c9ceb06cf8c210fa7b2eada208f590ac0a1fa420e,q_after,3.7877869171190661,False
QM,NQFIX,8,6,dce2d8af0128cfbfef0b6c01933c4c61dd7dbf04bbcc77f2e13568756a9e6ca9,q_after,1.7113542777348973,False
QM,NQFIX,8,6,1292f5176337d3e08f3dfdd322b9cedbebf71e0d4baae26b74e439351fb379ac,distance_from_own_immediate_activation,140.85084812216684,False
QM,NQFIX,8,6,a034a515781baeed7f254aa44dc3b75fb741736a240e162f5a4db0ed94517e91,distance_from_own_immediate_activation,135.9246805581457,False
QM,NQFIX,8,7,4db899c09f6ee47181e76f5e6313f5fd281c8c948e3e8c521dff75bf04218ed7,q_after,2.048436916193964,False
QM,NQFIX,8,7,bbf2e33a44d04486b2c89492ce63fba130f126a87b3a155f0176809a9aee3d7b,q_after,1.5410591379731382,False
QM,NQFIX,8,7,4db899c09f6ee47181e76f5e6313f5fd281c8c948e3e8c521dff75bf04218ed7,distance_from_own_immediate_activation,379.09757542995129,False
QM,NQFIX,8,7,bbf2e33a44d04486b2c89492ce63fba130f126a87b3a155f0176809a9aee3d7b,distance_from_own_immediate_activation,289.03807749915273,False
QM,NQFIX,8,8,b6341dc2ab1679ccfa48889258b90aebe367a3308228eb7a17aac0b7cffa0003,q_after,0.85721197670149185,False
QM,NQFIX,8,8,af66ed3714a102e1ed4481ef7fb5d422bfb3471808413ad77b3edb92f8d9a40d,q_after,0.85720494182827101,False
QM,NQFIX,8,8,f30078d6d8f44bf7dc4c8052ae871614b00ba8bb789b67892dbf178a85412fe1,distance_from_own_immediate_activation,0,False
QM,NQFIX,8,8,c9f8952620ae02f32df759f1d9dd4e4dd404b9459172fb5c7f3185720ee9cef5,distance_from_own_immediate_activation,0,False
QM,NQFIX,9,1,63e9e046e3468bc2aaa15480bfe629a10c7ed43491d17ef3a0eceed9d49c6365,q_after,2.3471061437730794,False
QM,NQFIX,9,1,7ad81b264c5bf8e0448ecd9bcdb6f342989288fde3543b7704f2c1ec659b7185,q_after,2.2770646789465565,False
QM,NQFIX,9,1,f9f16bc7443ae596666c746ce23ea545748ddb3ef4434d0c407eb162fe7d8dbc,distance_from_own_immediate_activation,250.15373294585228,False
QM,NQFIX,9,1,0d37408f349a9e1575f9996b4666d8be3c1a4b030ef6385556f20138f0e45d77,distance_from_own_immediate_activation,236.67985710590668,False
QM,NQFIX,9,2,09b80a0ac75c7e4e8f2078b5a99ba748b1673efa0b280730335a310dcfbdba50,q_after,1.8967824260329713,False
QM,NQFIX,9,2,f31405336f02565ba23815b3d736772c3562187abe3cb828fb39778621125700,q_after,1.5925174435860239,False
QM,NQFIX,9,2,208363e5d1c6cc4c664b13af8c148a259cd26f3de085adb49281ff4dcee4b6e7,distance_from_own_immediate_activation,155.30407664631559,False
QM,NQFIX,9,2,eb44a5ac1a70333ac48126f078de8772a202939ece48b0f3b5f10bb60e239ed4,distance_from_own_immediate_activation,147.63933608497695,False
QM,NQFIX,9,3,622dec49b2ac0410eac0b892e7afe984e6d800006e02d37d4a5fef4fc0a8957a,q_after,7.0436826088251152,False
QM,NQFIX,9,3,cbcb4f07d73bad75caec058156c6c238258ce78fb4e1dab72ce272db69cc8c77,q_after,1.7061006432550454,False
QM,NQFIX,9,3,622dec49b2ac0410eac0b892e7afe984e6d800006e02d37d4a5fef4fc0a8957a,distance_from_own_immediate_activation,504.66747977706922,False
QM,NQFIX,9,3,cbcb4f07d73bad75caec058156c6c238258ce78fb4e1dab72ce272db69cc8c77,distance_from_own_immediate_activation,263.78156517972047,False
QM,NQFIX,9,4,9443eb63eb95f3fc8cbde7cc92373418cf7e744ff02d8ec75dafcf934a14a1b6,q_after,5.1644357158863921,False
QM,NQFIX,9,4,9ae5cb627e1d704de97809b1d2502b5a29639c279ba8f209fe71ee74f9c87f0f,q_after,4.1968666435906004,False
QM,NQFIX,9,4,3ea8e9bad92d8a6de26f0464fa86fbba7f8f6c5b42442b759bf6b6984d41789c,distance_from_own_immediate_activation,538.7630417767557,False
QM,NQFIX,9,4,9443eb63eb95f3fc8cbde7cc92373418cf7e744ff02d8ec75dafcf934a14a1b6,distance_from_own_immediate_activation,336.88231226495958,False
QM,NQFIX,9,5,6b09563228de190af7f5373ac8d2d385748090ccb7f9b0cd3289584504d9dd34,q_after,2.6431545191551842,False
QM,NQFIX,9,5,3ee582306136f1fa1d90e73f87e67f77342c027b90055c39521a94efb613a8df,q_after,2.2492122644492198,False
QM,NQFIX,9,5,5dac8ca8c59a3d30b0a15bd05363300d81e3dd3f281de5f84d7b9873ebfc1d59,distance_from_own_immediate_activation,221.0206380123328,False
QM,NQFIX,9,5,6b09563228de190af7f5373ac8d2d385748090ccb7f9b0cd3289584504d9dd34,distance_from_own_immediate_activation,205.25750729837114,False
QM,NQFIX,9,6,747c585f04c3591e36bc833c9ceb06cf8c210fa7b2eada208f590ac0a1fa420e,q_after,4.134618702823798,False
QM,NQFIX,9,6,dce2d8af0128cfbfef0b6c01933c4c61dd7dbf04bbcc77f2e13568756a9e6ca9,q_after,2.2660548360613384,False
QM,NQFIX,9,6,1292f5176337d3e08f3dfdd322b9cedbebf71e0d4baae26b74e439351fb379ac,distance_from_own_immediate_activation,228.99289959002272,False
QM,NQFIX,9,6,c8a82229789dd56c64ca2059eefcf51085a0a7f323ce6c4d76c1038374b96e4f,distance_from_own_immediate_activation,164.81862864789287,False
QM,NQFIX,9,7,4db899c09f6ee47181e76f5e6313f5fd281c8c948e3e8c521dff75bf04218ed7,q_after,2.0064373827214022,False
QM,NQFIX,9,7,f4e0075f78eae9b70b7c7764bfa12465bad9e5a94db01ea7d61a5963665213ce,q_after,1.7033905234730249,False
QM,NQFIX,9,7,4db899c09f6ee47181e76f5e6313f5fd281c8c948e3e8c521dff75bf04218ed7,distance_from_own_immediate_activation,371.43966947351333,False
QM,NQFIX,9,7,bbf2e33a44d04486b2c89492ce63fba130f126a87b3a155f0176809a9aee3d7b,distance_from_own_immediate_activation,311.7356746324852,False
QM,NQFIX,9,8,b6341dc2ab1679ccfa48889258b90aebe367a3308228eb7a17aac0b7cffa0003,q_after,2.0717986428480817,False
QM,NQFIX,9,8,c9f8952620ae02f32df759f1d9dd4e4dd404b9459172fb5c7f3185720ee9cef5,q_after,1.7038219932344438,False
QM,NQFIX,9,8,b6341dc2ab1679ccfa48889258b90aebe367a3308228eb7a17aac0b7cffa0003,distance_from_own_immediate_activation,232.36645620561603,False
QM,NQFIX,9,8,c9f8952620ae02f32df759f1d9dd4e4dd404b9459172fb5c7f3185720ee9cef5,distance_from_own_immediate_activation,203.84980842054861,False
QM,NQFIX,9,9,c8759136267f7e6af3367ae9d6b1891b5f2533ffe01bc2ffb0d0de1cb8e9085e,q_after,0.9055018769420492,False
QM,NQFIX,9,9,22455ec5682e879182a5988d87aafb70ced7aaf8d123fcafdbf9e24082434b1c,q_after,0.13829357870019146,False
QM,NQFIX,9,9,194178db5ac524e6c7517cc57e2e3431cff936ec930778a4b17ef981c4514f7f,distance_from_own_immediate_activation,0,False
QM,NQFIX,9,9,31d57823193fde3c88a529a47704ed415975d35c2ef62ca633ff76987bd7b939,distance_from_own_immediate_activation,0,False
QM,NQFIX,10,1,7ad81b264c5bf8e0448ecd9bcdb6f342989288fde3543b7704f2c1ec659b7185,q_after,2.8599311585263698,False
QM,NQFIX,10,1,63e9e046e3468bc2aaa15480bfe629a10c7ed43491d17ef3a0eceed9d49c6365,q_after,2.5972396580051216,False
QM,NQFIX,10,1,f9f16bc7443ae596666c746ce23ea545748ddb3ef4434d0c407eb162fe7d8dbc,distance_from_own_immediate_activation,268.79108463842414,False
QM,NQFIX,10,1,3a77016737e2b0f4dfa9685598e7703e88fe37b911c923d52a9dd4187d20f892,distance_from_own_immediate_activation,266.73491391726139,False
QM,NQFIX,10,2,09b80a0ac75c7e4e8f2078b5a99ba748b1673efa0b280730335a310dcfbdba50,q_after,2.4664702145871127,False
QM,NQFIX,10,2,f31405336f02565ba23815b3d736772c3562187abe3cb828fb39778621125700,q_after,2.1422134594769706,False
QM,NQFIX,10,2,208363e5d1c6cc4c664b13af8c148a259cd26f3de085adb49281ff4dcee4b6e7,distance_from_own_immediate_activation,194.87935622265539,False
QM,NQFIX,10,2,1ebb946556e3a61dc8f2b146ed73cbc48c9a67bc71a929140f591412d384db38,distance_from_own_immediate_activation,173.4671135236502,False
QM,NQFIX,10,3,622dec49b2ac0410eac0b892e7afe984e6d800006e02d37d4a5fef4fc0a8957a,q_after,7.2184056173028939,False
QM,NQFIX,10,3,55e756868e63131ba25d0819bf4e65c29e81e02b2425c68a8eaf534e49ccc543,q_after,2.2329053219811299,False
QM,NQFIX,10,3,622dec49b2ac0410eac0b892e7afe984e6d800006e02d37d4a5fef4fc0a8957a,distance_from_own_immediate_activation,517.22564262618789,False
QM,NQFIX,10,3,cbcb4f07d73bad75caec058156c6c238258ce78fb4e1dab72ce272db69cc8c77,distance_from_own_immediate_activation,305.84366630899592,False
QM,NQFIX,10,4,9443eb63eb95f3fc8cbde7cc92373418cf7e744ff02d8ec75dafcf934a14a1b6,q_after,5.6982250980735953,False
QM,NQFIX,10,4,9ae5cb627e1d704de97809b1d2502b5a29639c279ba8f209fe71ee74f9c87f0f,q_after,4.681247019999196,False
QM,NQFIX,10,4,9443eb63eb95f3fc8cbde7cc92373418cf7e744ff02d8ec75dafcf934a14a1b6,distance_from_own_immediate_activation,371.76247306993298,False
QM,NQFIX,10,4,9ae5cb627e1d704de97809b1d2502b5a29639c279ba8f209fe71ee74f9c87f0f,distance_from_own_immediate_activation,299.11768802723407,False
QM,NQFIX,10,5,6b09563228de190af7f5373ac8d2d385748090ccb7f9b0cd3289584504d9dd34,q_after,3.253997577149407,False
QM,NQFIX,10,5,3ee582306136f1fa1d90e73f87e67f77342c027b90055c39521a94efb613a8df,q_after,2.9716706722698021,False
QM,NQFIX,10,5,5dac8ca8c59a3d30b0a15bd05363300d81e3dd3f281de5f84d7b9873ebfc1d59,distance_from_own_immediate_activation,253.80086852523252,False
QM,NQFIX,10,5,6b09563228de190af7f5373ac8d2d385748090ccb7f9b0cd3289584504d9dd34,distance_from_own_immediate_activation,252.75142468238658,False
QM,NQFIX,10,6,747c585f04c3591e36bc833c9ceb06cf8c210fa7b2eada208f590ac0a1fa420e,q_after,4.2949846381419556,False
QM,NQFIX,10,6,dce2d8af0128cfbfef0b6c01933c4c61dd7dbf04bbcc77f2e13568756a9e6ca9,q_after,2.7094073673984602,False
QM,NQFIX,10,6,1292f5176337d3e08f3dfdd322b9cedbebf71e0d4baae26b74e439351fb379ac,distance_from_own_immediate_activation,259.11561584299392,False
QM,NQFIX,10,6,c8a82229789dd56c64ca2059eefcf51085a0a7f323ce6c4d76c1038374b96e4f,distance_from_own_immediate_activation,207.2772195989528,False
QM,NQFIX,10,7,4db899c09f6ee47181e76f5e6313f5fd281c8c948e3e8c521dff75bf04218ed7,q_after,2.0380313753172414,False
QM,NQFIX,10,7,f4e0075f78eae9b70b7c7764bfa12465bad9e5a94db01ea7d61a5963665213ce,q_after,1.9270077519061659,False
QM,NQFIX,10,7,4db899c09f6ee47181e76f5e6313f5fd281c8c948e3e8c521dff75bf04218ed7,distance_from_own_immediate_activation,377.38069479098272,False
QM,NQFIX,10,7,bbf2e33a44d04486b2c89492ce63fba130f126a87b3a155f0176809a9aee3d7b,distance_from_own_immediate_activation,295.26158795229441,False
QM,NQFIX,10,8,b493da27ad88d15945a0fa94afaae351d6663f77d08cfd9aed08cca9166c8299,q_after,2.3850377754806211,False
QM,NQFIX,10,8,11c97173bcbbb7f2c5649d904b3c72f5eb6d0fc0c4a5d426debf5ecb68103399,q_after,2.2782248660243054,False
QM,NQFIX,10,8,b6341dc2ab1679ccfa48889258b90aebe367a3308228eb7a17aac0b7cffa0003,distance_from_own_immediate_activation,260.7165930176397,False
QM,NQFIX,10,8,c9f8952620ae02f32df759f1d9dd4e4dd404b9459172fb5c7f3185720ee9cef5,distance_from_own_immediate_activation,217.47362597891939,False
QM,NQFIX,10,9,e7fef22c6caa23fa3b677a0b54a10f4feea31664c1a506944abcb6698f17b9c0,q_after,2.6547412099829648,False
QM,NQFIX,10,9,37910a484fc554804ee454e4bac5f0d540b96fcdbdfcb1c5c9279637e469cbbe,q_after,1.0534234872272499,False
QM,NQFIX,10,9,e7fef22c6caa23fa3b677a0b54a10f4feea31664c1a506944abcb6698f17b9c0,distance_from_own_immediate_activation,204.16912610743427,False
QM,NQFIX,10,9,fbe69b83fbf43661ad72972792ccea84933b820a3c372df930b62ed3e3bbbff8,distance_from_own_immediate_activation,172.07454283318134,False
QM,NQFIX,10,10,c264522a8f72bc9f4d17c5b2d7494310777b81ef10f13a5940836ce5bde318a6,q_after,0.070195668197820624,False
QM,NQFIX,10,10,6994c42118c1626d9f23651924c530b1f544b46ff52ce3966a0c6e888cc6d972,q_after,0.064835766672577316,False
QM,NQFIX,10,10,498726f516ca2b5b6c3abb41abe5aabe486467b0175f90d10eb394571795ce5a,distance_from_own_immediate_activation,0,False
QM,NQFIX,10,10,9894445f110df76e317bb1ab36bffa15c2e90d4335205e958131010a783cf63d,distance_from_own_immediate_activation,0,False
QM,ORBFH,1,1,719bc0576defaa23049b37c5031acb62bc8db10d464ac03f6da1299e2cd3a5b7,q_after,0.26250056245872505,False
QM,ORBFH,1,1,0f87867b9b690190efe9e3d65b533309c8a7791ed39a0a0b7c231d0b7d6a89a0,q_after,0.2409893453074545,False
QM,ORBFH,1,1,285a3add6f31d8546b0d76689a016bc0f9f7d8e58c95f54e87bba48ad5cabc65,distance_from_own_immediate_activation,0,False
QM,ORBFH,1,1,6abbaf2496b409f11036390da3b47c9272a243b8a164ca3d9f9a65fafbec985d,distance_from_own_immediate_activation,0,False
QM,ORBFH,2,1,0d37408f349a9e1575f9996b4666d8be3c1a4b030ef6385556f20138f0e45d77,q_after,0.46846134819044477,False
QM,ORBFH,2,1,719bc0576defaa23049b37c5031acb62bc8db10d464ac03f6da1299e2cd3a5b7,q_after,0.32880176836297781,False
QM,ORBFH,2,1,0d37408f349a9e1575f9996b4666d8be3c1a4b030ef6385556f20138f0e45d77,distance_from_own_immediate_activation,70.794702455933958,False
QM,ORBFH,2,1,a61a8732e7087bac9df081e4cfb0319a07f61ccb3987494c7f24ded194e18d42,distance_from_own_immediate_activation,30.49017348341884,False
QM,ORBFH,2,2,d9759ef6bfeb91d399fec6f33d80469ce1af7ad7fed24a7e864ca2543a311a13,q_after,0.19111221877598147,False
QM,ORBFH,2,2,2e5653f8e081d60dda1b144e59af84cf4be05c3b2518883002b985c13fd8700b,q_after,0.18886972032123323,False
QM,ORBFH,2,2,f742e3b08cc43666fd7f6e3f269849a7e50f2847ec2b4e38de638a9da8e99747,distance_from_own_immediate_activation,0,False
QM,ORBFH,2,2,c00ba5c00aeed6290e334d4cd5abd3b223eb0b0d3fe00c61dd63a733904b0504,distance_from_own_immediate_activation,0,False
QM,ORBFH,3,1,3a77016737e2b0f4dfa9685598e7703e88fe37b911c923d52a9dd4187d20f892,q_after,0.98092444809904955,False
QM,ORBFH,3,1,d97bda6d6a887cafe4132a43d6d106a50a3a151b295c299fbaa9079c4004d670,q_after,0.81329289653460468,False
QM,ORBFH,3,1,3a77016737e2b0f4dfa9685598e7703e88fe37b911c923d52a9dd4187d20f892,distance_from_own_immediate_activation,106.93945106774247,False
QM,ORBFH,3,1,0d37408f349a9e1575f9996b4666d8be3c1a4b030ef6385556f20138f0e45d77,distance_from_own_immediate_activation,82.124715796844896,False
QM,ORBFH,3,2,cfe57172cb98b0710c97423a5f5a57d33035179d53d3f68eca197a5789036440,q_after,0.33701765823234653,False
QM,ORBFH,3,2,98ae105e841eaf92fb0f91823d4b3f0a71f11808ee0acc1d5216a42145817cd2,q_after,0.31770224858674007,False
QM,ORBFH,3,2,6d8662b52037c46fb86859055d261b4e39e87aecdecc577323f3abe2a7c7e25d,distance_from_own_immediate_activation,30.165560520525144,False
QM,ORBFH,3,2,e4b727ecc04adf582fbfd0a347368257452024794ce07154cf2ee68e98a01d3e,distance_from_own_immediate_activation,26.232934918517643,False
QM,ORBFH,3,3,8b62da126c320ee8c8382166f83ac01b0a61b7cdc9dad5d1cfe059844c8ecd55,q_after,0.94037075455538099,False
QM,ORBFH,3,3,622dec49b2ac0410eac0b892e7afe984e6d800006e02d37d4a5fef4fc0a8957a,q_after,0.2277864628893698,False
QM,ORBFH,3,3,5fe5cc36167302a9bb9453cf9a190bce75a6ebf70356e4b2d43262df4ea70e7e,distance_from_own_immediate_activation,0,False
QM,ORBFH,3,3,748b77c32e5597fd9ab954ae967d71dfca3c97aa792238480bf57c353b9f7c3b,distance_from_own_immediate_activation,0,False
QM,ORBFH,4,1,3a77016737e2b0f4dfa9685598e7703e88fe37b911c923d52a9dd4187d20f892,q_after,1.3296929095475374,False
QM,ORBFH,4,1,d97bda6d6a887cafe4132a43d6d106a50a3a151b295c299fbaa9079c4004d670,q_after,0.95240955339567268,False
QM,ORBFH,4,1,3a77016737e2b0f4dfa9685598e7703e88fe37b911c923d52a9dd4187d20f892,distance_from_own_immediate_activation,146.69616503112226,False
QM,ORBFH,4,1,d97bda6d6a887cafe4132a43d6d106a50a3a151b295c299fbaa9079c4004d670,distance_from_own_immediate_activation,94.344814633347539,False
QM,ORBFH,4,2,cfe57172cb98b0710c97423a5f5a57d33035179d53d3f68eca197a5789036440,q_after,0.54470658194806243,False
QM,ORBFH,4,2,fcfa09ca9b55861094a61c627da01fc77c414131e75581d08feb6cd91114b77e,q_after,0.41214021546572022,False
QM,ORBFH,4,2,6d8662b52037c46fb86859055d261b4e39e87aecdecc577323f3abe2a7c7e25d,distance_from_own_immediate_activation,58.904638985202737,False
QM,ORBFH,4,2,e57f62d831936471f36eb58e66a68b8c85256e7aa477c90d7fe911fde238afb5,distance_from_own_immediate_activation,33.783423255098526,False
QM,ORBFH,4,3,8b62da126c320ee8c8382166f83ac01b0a61b7cdc9dad5d1cfe059844c8ecd55,q_after,0.94036437466717537,False
QM,ORBFH,4,3,2a97fa4a853339993d14b2e27c07081e01a46d9aa88d5973ab9fb2fafe58291d,q_after,0.72098075972300513,False
QM,ORBFH,4,3,2a97fa4a853339993d14b2e27c07081e01a46d9aa88d5973ab9fb2fafe58291d,distance_from_own_immediate_activation,116.62582940321883,False
QM,ORBFH,4,3,d4b109253c320baa212c079a8c8508e2df92d46eb2c28bdae70970323223535d,distance_from_own_immediate_activation,56.977433778024704,False
QM,ORBFH,4,4,6a4441a3a86e8e474d6f6bd5ef81f8b9dddfd52cda79a0bb555bed768f6f3ae6,q_after,0.22924026628109118,False
QM,ORBFH,4,4,ea199e749bcc4a184f7467def4c7c2b0907c53713a7345e875b9227a4209120b,q_after,0.22138231999544386,False
QM,ORBFH,4,4,b74477e088614db975b9ef3aaba64df62b78acfc4f63433e65ca1d0781dcffe1,distance_from_own_immediate_activation,0,False
QM,ORBFH,4,4,75df0f36573c040611750a4f824c17e612ade8e4b5e3a222af3a9c77dd369af4,distance_from_own_immediate_activation,0,False
QM,ORBFH,5,1,3a77016737e2b0f4dfa9685598e7703e88fe37b911c923d52a9dd4187d20f892,q_after,1.3291500550534501,False
QM,ORBFH,5,1,d97bda6d6a887cafe4132a43d6d106a50a3a151b295c299fbaa9079c4004d670,q_after,1.179648454838103,False
QM,ORBFH,5,1,3a77016737e2b0f4dfa9685598e7703e88fe37b911c923d52a9dd4187d20f892,distance_from_own_immediate_activation,146.69508319833818,False
QM,ORBFH,5,1,322b5d3c47aa80d2c94addc9a85c94282e44d92f9ccc5a0cf4cab593ea40cb3b,distance_from_own_immediate_activation,139.80597170565269,False
QM,ORBFH,5,2,cfe57172cb98b0710c97423a5f5a57d33035179d53d3f68eca197a5789036440,q_after,0.71160845773158632,False
QM,ORBFH,5,2,fcfa09ca9b55861094a61c627da01fc77c414131e75581d08feb6cd91114b77e,q_after,0.51732757585799283,False
QM,ORBFH,5,2,6d8662b52037c46fb86859055d261b4e39e87aecdecc577323f3abe2a7c7e25d,distance_from_own_immediate_activation,65.593730194960301,False
QM,ORBFH,5,2,f3229e5df187c6629a00cdebf77efe1d9bf9147ab2254529547d3f645ebdc023,distance_from_own_immediate_activation,56.282113396535237,False
QM,ORBFH,5,3,d4b109253c320baa212c079a8c8508e2df92d46eb2c28bdae70970323223535d,q_after,0.97210480812621736,False
QM,ORBFH,5,3,8b62da126c320ee8c8382166f83ac01b0a61b7cdc9dad5d1cfe059844c8ecd55,q_after,0.94038182271656323,False
QM,ORBFH,5,3,2a97fa4a853339993d14b2e27c07081e01a46d9aa88d5973ab9fb2fafe58291d,distance_from_own_immediate_activation,116.66788646019809,False
QM,ORBFH,5,3,d4b109253c320baa212c079a8c8508e2df92d46eb2c28bdae70970323223535d,distance_from_own_immediate_activation,92.498133839868288,False
QM,ORBFH,5,4,b82a03e937cf2cf32073db5d914babf4ef1b871d8a539df433e363c50b0cd9a2,q_after,1.5793317732160195,False
QM,ORBFH,5,4,89dcfd7abaf2c8879c817825a7256952c877bb9dc2746dcbfd5a0acec2f93be0,q_after,0.3303362784027315,False
QM,ORBFH,5,4,b82a03e937cf2cf32073db5d914babf4ef1b871d8a539df433e363c50b0cd9a2,distance_from_own_immediate_activation,118.59448521819624,False
QM,ORBFH,5,4,c26bed2c2ca3b2f918bb83e82bd9732d1504e8c09f5a56558583dc287bff8400,distance_from_own_immediate_activation,45.679908092352235,False
QM,ORBFH,5,5,589538be01a86310c56851a8bc919cd5960a401251a24f1727344c0e836aebfc,q_after,0.27272355160989992,False
QM,ORBFH,5,5,e5169c026fa64b6401357ac12888e22e15102e32c0293b522a6191a526c3992a,q_after,0.2551483049195703,False
QM,ORBFH,5,5,5b84c1c1bac6d9c9495e0d2d313d0b616314a82781835eeed7f9f22473bf6d62,distance_from_own_immediate_activation,0,False
QM,ORBFH,5,5,e5ad6f2d686323a16d0fded4072da1dc7728d193c1789d134033681e537b2e49,distance_from_own_immediate_activation,0,False
QM,ORBFH,6,1,3a77016737e2b0f4dfa9685598e7703e88fe37b911c923d52a9dd4187d20f892,q_after,1.3269045582447991,False
QM,ORBFH,6,1,d97bda6d6a887cafe4132a43d6d106a50a3a151b295c299fbaa9079c4004d670,q_after,1.2148691707780535,False
QM,ORBFH,6,1,322b5d3c47aa80d2c94addc9a85c94282e44d92f9ccc5a0cf4cab593ea40cb3b,distance_from_own_immediate_activation,149.25751162229352,False
QM,ORBFH,6,1,3a77016737e2b0f4dfa9685598e7703e88fe37b911c923d52a9dd4187d20f892,distance_from_own_immediate_activation,146.45482572751277,False
QM,ORBFH,6,2,cfe57172cb98b0710c97423a5f5a57d33035179d53d3f68eca197a5789036440,q_after,0.85013523601752872,False
QM,ORBFH,6,2,c139fed7d621243c5dd8876a66dcacfc92d4e057ccfdec6dc1dc4c2e8181e9ce,q_after,0.65545483265094784,False
QM,ORBFH,6,2,e57f62d831936471f36eb58e66a68b8c85256e7aa477c90d7fe911fde238afb5,distance_from_own_immediate_activation,85.224043197874792,False
QM,ORBFH,6,2,6d8662b52037c46fb86859055d261b4e39e87aecdecc577323f3abe2a7c7e25d,distance_from_own_immediate_activation,73.734919777992303,False
QM,ORBFH,6,3,d4b109253c320baa212c079a8c8508e2df92d46eb2c28bdae70970323223535d,q_after,1.0450932862922566,False
QM,ORBFH,6,3,8b62da126c320ee8c8382166f83ac01b0a61b7cdc9dad5d1cfe059844c8ecd55,q_after,0.94463259905317709,False
QM,ORBFH,6,3,2a97fa4a853339993d14b2e27c07081e01a46d9aa88d5973ab9fb2fafe58291d,distance_from_own_immediate_activation,116.84315867180858,False
QM,ORBFH,6,3,d4b109253c320baa212c079a8c8508e2df92d46eb2c28bdae70970323223535d,distance_from_own_immediate_activation,99.689732640525563,False
QM,ORBFH,6,4,b82a03e937cf2cf32073db5d914babf4ef1b871d8a539df433e363c50b0cd9a2,q_after,1.6834333654470348,False
QM,ORBFH,6,4,065c2f1644d8fe89c6e709f3b6009ab73c260c4deeb2dac319a83131d3e9b011,q_after,0.53990521104793432,False
QM,ORBFH,6,4,b82a03e937cf2cf32073db5d914babf4ef1b871d8a539df433e363c50b0cd9a2,distance_from_own_immediate_activation,126.70927001790422,False
QM,ORBFH,6,4,c26bed2c2ca3b2f918bb83e82bd9732d1504e8c09f5a56558583dc287bff8400,distance_from_own_immediate_activation,48.4403713019599,False
QM,ORBFH,6,5,3ee582306136f1fa1d90e73f87e67f77342c027b90055c39521a94efb613a8df,q_after,0.5768741719956556,False
QM,ORBFH,6,5,ead49dcd96c752de061daae86a727af9565211e53577b96a5188b83e9a065e85,q_after,0.40075621669688727,False
QM,ORBFH,6,5,60141ed71c08336ce18411af9a934eea62501d656a44799383c418e0d0819796,distance_from_own_immediate_activation,35.250788278334667,False
QM,ORBFH,6,5,2947b136f1714e4fddbb8c5d4f0281e0e497261b993b222a13c739270f0572fc,distance_from_own_immediate_activation,27.158656368291908,False
QM,ORBFH,6,6,93f4fe9bbf7974bf98b743b2f1307fd839bc6b2960fafd843cfe3eda879379b4,q_after,0.93889112765333904,False
QM,ORBFH,6,6,747c585f04c3591e36bc833c9ceb06cf8c210fa7b2eada208f590ac0a1fa420e,q_after,0.31330053617718923,False
QM,ORBFH,6,6,8a9041037dbc17f886486516e3c6a025512c6bdc9ebc902afd1b7b83a6f28b04,distance_from_own_immediate_activation,0,False
QM,ORBFH,6,6,1cfe090c9861932226bef865ff03923d860fb91023a5ebe93c3bab1a657257cb,distance_from_own_immediate_activation,0,False
QM,ORBFH,7,1,322b5d3c47aa80d2c94addc9a85c94282e44d92f9ccc5a0cf4cab593ea40cb3b,q_after,1.3911636607962306,False
QM,ORBFH,7,1,3a77016737e2b0f4dfa9685598e7703e88fe37b911c923d52a9dd4187d20f892,q_after,1.351286662824132,False
QM,ORBFH,7,1,322b5d3c47aa80d2c94addc9a85c94282e44d92f9ccc5a0cf4cab593ea40cb3b,distance_from_own_immediate_activation,185.4569785963445,False
QM,ORBFH,7,1,3a77016737e2b0f4dfa9685598e7703e88fe37b911c923d52a9dd4187d20f892,distance_from_own_immediate_activation,149.19132651782894,False
QM,ORBFH,7,2,cfe57172cb98b0710c97423a5f5a57d33035179d53d3f68eca197a5789036440,q_after,1.0059575309789204,False
QM,ORBFH,7,2,c139fed7d621243c5dd8876a66dcacfc92d4e057ccfdec6dc1dc4c2e8181e9ce,q_after,0.74249890857869871,False
QM,ORBFH,7,2,e57f62d831936471f36eb58e66a68b8c85256e7aa477c90d7fe911fde238afb5,distance_from_own_immediate_activation,91.59127636242448,False
QM,ORBFH,7,2,6d8662b52037c46fb86859055d261b4e39e87aecdecc577323f3abe2a7c7e25d,distance_from_own_immediate_activation,84.209795204244472,False
QM,ORBFH,7,3,d4b109253c320baa212c079a8c8508e2df92d46eb2c28bdae70970323223535d,q_after,1.1191918171371771,False
QM,ORBFH,7,3,622dec49b2ac0410eac0b892e7afe984e6d800006e02d37d4a5fef4fc0a8957a,q_after,0.97287706174446953,False
QM,ORBFH,7,3,2a97fa4a853339993d14b2e27c07081e01a46d9aa88d5973ab9fb2fafe58291d,distance_from_own_immediate_activation,120.02871450129312,False
QM,ORBFH,7,3,d4b109253c320baa212c079a8c8508e2df92d46eb2c28bdae70970323223535d,distance_from_own_immediate_activation,107.27548473786011,False
QM,ORBFH,7,4,b82a03e937cf2cf32073db5d914babf4ef1b871d8a539df433e363c50b0cd9a2,q_after,2.0298723306009792,False
QM,ORBFH,7,4,065c2f1644d8fe89c6e709f3b6009ab73c260c4deeb2dac319a83131d3e9b011,q_after,0.63621248532712138,False
QM,ORBFH,7,4,b82a03e937cf2cf32073db5d914babf4ef1b871d8a539df433e363c50b0cd9a2,distance_from_own_immediate_activation,154.24361315405071,False
QM,ORBFH,7,4,23ab463b020d55e2046b7787446e4f8feaea34632b6c872ea5035557b771d415,distance_from_own_immediate_activation,58.855066530364127,False
QM,ORBFH,7,5,ead49dcd96c752de061daae86a727af9565211e53577b96a5188b83e9a065e85,q_after,0.94230442696014283,False
QM,ORBFH,7,5,3ee582306136f1fa1d90e73f87e67f77342c027b90055c39521a94efb613a8df,q_after,0.89166682024574739,False
QM,ORBFH,7,5,60141ed71c08336ce18411af9a934eea62501d656a44799383c418e0d0819796,distance_from_own_immediate_activation,95.71649273752341,False
QM,ORBFH,7,5,ead49dcd96c752de061daae86a727af9565211e53577b96a5188b83e9a065e85,distance_from_own_immediate_activation,59.024767027682536,False
QM,ORBFH,7,6,747c585f04c3591e36bc833c9ceb06cf8c210fa7b2eada208f590ac0a1fa420e,q_after,3.5229358416010621,False
QM,ORBFH,7,6,3b5e495f8547e4789bdee4b85ae9826e19f84bedeca53cb002e5cf0ff73e9ada,q_after,1.2853476937644337,False
QM,ORBFH,7,6,747c585f04c3591e36bc833c9ceb06cf8c210fa7b2eada208f590ac0a1fa420e,distance_from_own_immediate_activation,104.1157693653159,False
QM,ORBFH,7,6,3b5e495f8547e4789bdee4b85ae9826e19f84bedeca53cb002e5cf0ff73e9ada,distance_from_own_immediate_activation,99.06260528930305,False
QM,ORBFH,7,7,1f991863bb58b0295ff9095ac7874a28d0c4f749c974fd226977d422b3608207,q_after,0.22441132976674336,False
QM,ORBFH,7,7,890b853b2b4270120e81e94167e95e78e508de5386586925367148ede85b8b0e,q_after,0.20703714527843256,False
QM,ORBFH,7,7,d82b4b74485c4ef9b4b12f1c2fabad4c0109165ed4e5d7f934133ea726a65ae9,distance_from_own_immediate_activation,0,False
QM,ORBFH,7,7,f6676ed348d4d873923c058111d2f76ed59e8b3bffd08a972593e7195e1501db,distance_from_own_immediate_activation,0,False
QM,ORBFH,8,1,322b5d3c47aa80d2c94addc9a85c94282e44d92f9ccc5a0cf4cab593ea40cb3b,q_after,1.4611524588942897,False
QM,ORBFH,8,1,3a77016737e2b0f4dfa9685598e7703e88fe37b911c923d52a9dd4187d20f892,q_after,1.3487629454082575,False
QM,ORBFH,8,1,322b5d3c47aa80d2c94addc9a85c94282e44d92f9ccc5a0cf4cab593ea40cb3b,distance_from_own_immediate_activation,194.81843850820763,False
QM,ORBFH,8,1,0d37408f349a9e1575f9996b4666d8be3c1a4b030ef6385556f20138f0e45d77,distance_from_own_immediate_activation,150.96465438239787,False
QM,ORBFH,8,2,cfe57172cb98b0710c97423a5f5a57d33035179d53d3f68eca197a5789036440,q_after,1.1752725453784987,False
QM,ORBFH,8,2,c139fed7d621243c5dd8876a66dcacfc92d4e057ccfdec6dc1dc4c2e8181e9ce,q_after,0.85272168668882931,False
QM,ORBFH,8,2,e57f62d831936471f36eb58e66a68b8c85256e7aa477c90d7fe911fde238afb5,distance_from_own_immediate_activation,97.663812746759262,False
QM,ORBFH,8,2,6d8662b52037c46fb86859055d261b4e39e87aecdecc577323f3abe2a7c7e25d,distance_from_own_immediate_activation,90.425258812395299,False
QM,ORBFH,8,3,622dec49b2ac0410eac0b892e7afe984e6d800006e02d37d4a5fef4fc0a8957a,q_after,1.8258055874987031,False
QM,ORBFH,8,3,d4b109253c320baa212c079a8c8508e2df92d46eb2c28bdae70970323223535d,q_after,1.1670190909743361,False
QM,ORBFH,8,3,2a97fa4a853339993d14b2e27c07081e01a46d9aa88d5973ab9fb2fafe58291d,distance_from_own_immediate_activation,119.78893552575197,False
QM,ORBFH,8,3,d4b109253c320baa212c079a8c8508e2df92d46eb2c28bdae70970323223535d,distance_from_own_immediate_activation,112.08122493194359,False
QM,ORBFH,8,4,b82a03e937cf2cf32073db5d914babf4ef1b871d8a539df433e363c50b0cd9a2,q_after,2.1445025360195054,False
QM,ORBFH,8,4,89dcfd7abaf2c8879c817825a7256952c877bb9dc2746dcbfd5a0acec2f93be0,q_after,0.77263795458728368,False
QM,ORBFH,8,4,b82a03e937cf2cf32073db5d914babf4ef1b871d8a539df433e363c50b0cd9a2,distance_from_own_immediate_activation,162.92777607167932,False
QM,ORBFH,8,4,23ab463b020d55e2046b7787446e4f8feaea34632b6c872ea5035557b771d415,distance_from_own_immediate_activation,63.424635606790872,False
QM,ORBFH,8,5,3ee582306136f1fa1d90e73f87e67f77342c027b90055c39521a94efb613a8df,q_after,1.1248500056634627,False
QM,ORBFH,8,5,ead49dcd96c752de061daae86a727af9565211e53577b96a5188b83e9a065e85,q_after,1.1056631198414717,False
QM,ORBFH,8,5,60141ed71c08336ce18411af9a934eea62501d656a44799383c418e0d0819796,distance_from_own_immediate_activation,111.77926053185088,False
QM,ORBFH,8,5,ead49dcd96c752de061daae86a727af9565211e53577b96a5188b83e9a065e85,distance_from_own_immediate_activation,69.979204921396459,False
QM,ORBFH,8,6,747c585f04c3591e36bc833c9ceb06cf8c210fa7b2eada208f590ac0a1fa420e,q_after,3.948190878410645,False
QM,ORBFH,8,6,3b5e495f8547e4789bdee4b85ae9826e19f84bedeca53cb002e5cf0ff73e9ada,q_after,1.4223974470882907,False
QM,ORBFH,8,6,747c585f04c3591e36bc833c9ceb06cf8c210fa7b2eada208f590ac0a1fa420e,distance_from_own_immediate_activation,116.43791519368936,False
QM,ORBFH,8,6,3b5e495f8547e4789bdee4b85ae9826e19f84bedeca53cb002e5cf0ff73e9ada,distance_from_own_immediate_activation,110.43197205192777,False
QM,ORBFH,8,7,f4e0075f78eae9b70b7c7764bfa12465bad9e5a94db01ea7d61a5963665213ce,q_after,0.78081408884350179,False
QM,ORBFH,8,7,39afe7699b43997c6c07193d0472a06de2c74887e11e59c6a186c84aa3d1f43f,q_after,0.75145801490516251,False
QM,ORBFH,8,7,f4e0075f78eae9b70b7c7764bfa12465bad9e5a94db01ea7d61a5963665213ce,distance_from_own_immediate_activation,74.844179151872723,False
QM,ORBFH,8,7,c7dd6cc253ee760a4cd10d9db4ebc6784e91ff803923e397b27a0011a0de4a57,distance_from_own_immediate_activation,54.992356367756237,False
QM,ORBFH,8,8,af66ed3714a102e1ed4481ef7fb5d422bfb3471808413ad77b3edb92f8d9a40d,q_after,0.93405441092079455,False
QM,ORBFH,8,8,ceeeaa7b3d674979ee539eec629f3fdef66fdccb9d98e97876d3900eed04cc55,q_after,0.21385431515032766,False
QM,ORBFH,8,8,f30078d6d8f44bf7dc4c8052ae871614b00ba8bb789b67892dbf178a85412fe1,distance_from_own_immediate_activation,0,False
QM,ORBFH,8,8,c9f8952620ae02f32df759f1d9dd4e4dd404b9459172fb5c7f3185720ee9cef5,distance_from_own_immediate_activation,0,False
QM,ORBFH,9,1,322b5d3c47aa80d2c94addc9a85c94282e44d92f9ccc5a0cf4cab593ea40cb3b,q_after,1.4720937670742043,False
QM,ORBFH,9,1,7ad81b264c5bf8e0448ecd9bcdb6f342989288fde3543b7704f2c1ec659b7185,q_after,1.4087678779385884,False
QM,ORBFH,9,1,322b5d3c47aa80d2c94addc9a85c94282e44d92f9ccc5a0cf4cab593ea40cb3b,distance_from_own_immediate_activation,196.31313926854708,False
QM,ORBFH,9,1,0d37408f349a9e1575f9996b4666d8be3c1a4b030ef6385556f20138f0e45d77,distance_from_own_immediate_activation,157.77085857453494,False
QM,ORBFH,9,2,cfe57172cb98b0710c97423a5f5a57d33035179d53d3f68eca197a5789036440,q_after,1.3471446408085628,False
QM,ORBFH,9,2,f31405336f02565ba23815b3d736772c3562187abe3cb828fb39778621125700,q_after,0.97155306207034664,False
QM,ORBFH,9,2,e57f62d831936471f36eb58e66a68b8c85256e7aa477c90d7fe911fde238afb5,distance_from_own_immediate_activation,106.27028656428544,False
QM,ORBFH,9,2,6d8662b52037c46fb86859055d261b4e39e87aecdecc577323f3abe2a7c7e25d,distance_from_own_immediate_activation,99.411076455305121,False
QM,ORBFH,9,3,622dec49b2ac0410eac0b892e7afe984e6d800006e02d37d4a5fef4fc0a8957a,q_after,1.9035378064318826,False
QM,ORBFH,9,3,d4b109253c320baa212c079a8c8508e2df92d46eb2c28bdae70970323223535d,q_after,1.214860202377209,False
QM,ORBFH,9,3,2a97fa4a853339993d14b2e27c07081e01a46d9aa88d5973ab9fb2fafe58291d,distance_from_own_immediate_activation,122.11659254921564,False
QM,ORBFH,9,3,d4b109253c320baa212c079a8c8508e2df92d46eb2c28bdae70970323223535d,distance_from_own_immediate_activation,116.87661611418987,False
QM,ORBFH,9,4,b82a03e937cf2cf32073db5d914babf4ef1b871d8a539df433e363c50b0cd9a2,q_after,2.1601960967009526,False
QM,ORBFH,9,4,89dcfd7abaf2c8879c817825a7256952c877bb9dc2746dcbfd5a0acec2f93be0,q_after,0.96528000612351916,False
QM,ORBFH,9,4,b82a03e937cf2cf32073db5d914babf4ef1b871d8a539df433e363c50b0cd9a2,distance_from_own_immediate_activation,164.17703136947858,False
QM,ORBFH,9,4,9443eb63eb95f3fc8cbde7cc92373418cf7e744ff02d8ec75dafcf934a14a1b6,distance_from_own_immediate_activation,75.331406008017041,False
QM,ORBFH,9,5,3ee582306136f1fa1d90e73f87e67f77342c027b90055c39521a94efb613a8df,q_after,1.3053860330233529,False
QM,ORBFH,9,5,ead49dcd96c752de061daae86a727af9565211e53577b96a5188b83e9a065e85,q_after,1.2562021548235152,False
QM,ORBFH,9,5,60141ed71c08336ce18411af9a934eea62501d656a44799383c418e0d0819796,distance_from_own_immediate_activation,114.72570656888014,False
QM,ORBFH,9,5,ead49dcd96c752de061daae86a727af9565211e53577b96a5188b83e9a065e85,distance_from_own_immediate_activation,80.003457689922911,False
QM,ORBFH,9,6,747c585f04c3591e36bc833c9ceb06cf8c210fa7b2eada208f590ac0a1fa420e,q_after,4.0727273442603913,False
QM,ORBFH,9,6,3b5e495f8547e4789bdee4b85ae9826e19f84bedeca53cb002e5cf0ff73e9ada,q_after,1.4581131987424474,False
QM,ORBFH,9,6,747c585f04c3591e36bc833c9ceb06cf8c210fa7b2eada208f590ac0a1fa420e,distance_from_own_immediate_activation,120.12551297929133,False
QM,ORBFH,9,6,3b5e495f8547e4789bdee4b85ae9826e19f84bedeca53cb002e5cf0ff73e9ada,distance_from_own_immediate_activation,113.39591640058012,False
QM,ORBFH,9,7,f4e0075f78eae9b70b7c7764bfa12465bad9e5a94db01ea7d61a5963665213ce,q_after,1.0886848342834137,False
QM,ORBFH,9,7,39afe7699b43997c6c07193d0472a06de2c74887e11e59c6a186c84aa3d1f43f,q_after,0.90994018027694934,False
QM,ORBFH,9,7,f4e0075f78eae9b70b7c7764bfa12465bad9e5a94db01ea7d61a5963665213ce,distance_from_own_immediate_activation,105.78520617810108,False
QM,ORBFH,9,7,c7dd6cc253ee760a4cd10d9db4ebc6784e91ff803923e397b27a0011a0de4a57,distance_from_own_immediate_activation,58.495804738003066,False
QM,ORBFH,9,8,af66ed3714a102e1ed4481ef7fb5d422bfb3471808413ad77b3edb92f8d9a40d,q_after,0.93976806841131499,False
QM,ORBFH,9,8,fbffa4660f8b8580c15c2976a741b2c5a9eec5f6924ac4febfeb97bcb4c7710c,q_after,0.79458085981997084,False
QM,ORBFH,9,8,c9f8952620ae02f32df759f1d9dd4e4dd404b9459172fb5c7f3185720ee9cef5,distance_from_own_immediate_activation,85.384569342723111,False
QM,ORBFH,9,8,11c97173bcbbb7f2c5649d904b3c72f5eb6d0fc0c4a5d426debf5ecb68103399,distance_from_own_immediate_activation,28.634205700436162,False
QM,ORBFH,9,9,c8759136267f7e6af3367ae9d6b1891b5f2533ffe01bc2ffb0d0de1cb8e9085e,q_after,0.94091694057981456,False
QM,ORBFH,9,9,9c7ff34e11933e5a38adf6870a8145e59930cbb2d3489d3274eeb87c44a718dd,q_after,0.24566045342737819,False
QM,ORBFH,9,9,194178db5ac524e6c7517cc57e2e3431cff936ec930778a4b17ef981c4514f7f,distance_from_own_immediate_activation,0,False
QM,ORBFH,9,9,31d57823193fde3c88a529a47704ed415975d35c2ef62ca633ff76987bd7b939,distance_from_own_immediate_activation,0,False
QM,ORBFH,10,1,7ad81b264c5bf8e0448ecd9bcdb6f342989288fde3543b7704f2c1ec659b7185,q_after,1.5544350262494897,False
QM,ORBFH,10,1,3a77016737e2b0f4dfa9685598e7703e88fe37b911c923d52a9dd4187d20f892,q_after,1.5075041765795081,False
QM,ORBFH,10,1,322b5d3c47aa80d2c94addc9a85c94282e44d92f9ccc5a0cf4cab593ea40cb3b,distance_from_own_immediate_activation,197.81789968682008,False
QM,ORBFH,10,1,3a77016737e2b0f4dfa9685598e7703e88fe37b911c923d52a9dd4187d20f892,distance_from_own_immediate_activation,167.25655684890012,False
QM,ORBFH,10,2,cfe57172cb98b0710c97423a5f5a57d33035179d53d3f68eca197a5789036440,q_after,1.5413995562649176,False
QM,ORBFH,10,2,f31405336f02565ba23815b3d736772c3562187abe3cb828fb39778621125700,q_after,1.1262202747827046,False
QM,ORBFH,10,2,e57f62d831936471f36eb58e66a68b8c85256e7aa477c90d7fe911fde238afb5,distance_from_own_immediate_activation,113.57106272047896,False
QM,ORBFH,10,2,6d8662b52037c46fb86859055d261b4e39e87aecdecc577323f3abe2a7c7e25d,distance_from_own_immediate_activation,109.1549092404166,False
QM,ORBFH,10,3,622dec49b2ac0410eac0b892e7afe984e6d800006e02d37d4a5fef4fc0a8957a,q_after,2.0203412284392539,False
QM,ORBFH,10,3,d4b109253c320baa212c079a8c8508e2df92d46eb2c28bdae70970323223535d,q_after,1.2745725862016295,False
QM,ORBFH,10,3,2a97fa4a853339993d14b2e27c07081e01a46d9aa88d5973ab9fb2fafe58291d,distance_from_own_immediate_activation,141.80091558399556,False
QM,ORBFH,10,3,d4b109253c320baa212c079a8c8508e2df92d46eb2c28bdae70970323223535d,distance_from_own_immediate_activation,122.89938190635588,False
QM,ORBFH,10,4,b82a03e937cf2cf32073db5d914babf4ef1b871d8a539df433e363c50b0cd9a2,q_after,2.1782358617411406,False
QM,ORBFH,10,4,89dcfd7abaf2c8879c817825a7256952c877bb9dc2746dcbfd5a0acec2f93be0,q_after,1.1580118378446507,False
QM,ORBFH,10,4,b82a03e937cf2cf32073db5d914babf4ef1b871d8a539df433e363c50b0cd9a2,distance_from_own_immediate_activation,165.58192060900052,False
QM,ORBFH,10,4,5abd3eacc2d9d05cc7ca87403cf11e70f930a513e505a3fdd178946f2b51a3f2,distance_from_own_immediate_activation,102.13879496807161,False
QM,ORBFH,10,5,3ee582306136f1fa1d90e73f87e67f77342c027b90055c39521a94efb613a8df,q_after,1.5134608388487838,False
QM,ORBFH,10,5,ead49dcd96c752de061daae86a727af9565211e53577b96a5188b83e9a065e85,q_after,1.4222871228368543,False
QM,ORBFH,10,5,60141ed71c08336ce18411af9a934eea62501d656a44799383c418e0d0819796,distance_from_own_immediate_activation,117.48510239937383,False
QM,ORBFH,10,5,ead49dcd96c752de061daae86a727af9565211e53577b96a5188b83e9a065e85,distance_from_own_immediate_activation,90.842510828961139,False
QM,ORBFH,10,6,747c585f04c3591e36bc833c9ceb06cf8c210fa7b2eada208f590ac0a1fa420e,q_after,4.1824087088080972,False
QM,ORBFH,10,6,3b5e495f8547e4789bdee4b85ae9826e19f84bedeca53cb002e5cf0ff73e9ada,q_after,1.5021204664435348,False
QM,ORBFH,10,6,747c585f04c3591e36bc833c9ceb06cf8c210fa7b2eada208f590ac0a1fa420e,distance_from_own_immediate_activation,123.41985460671187,False
QM,ORBFH,10,6,3b5e495f8547e4789bdee4b85ae9826e19f84bedeca53cb002e5cf0ff73e9ada,distance_from_own_immediate_activation,117.0060034210902,False
QM,ORBFH,10,7,f4e0075f78eae9b70b7c7764bfa12465bad9e5a94db01ea7d61a5963665213ce,q_after,1.1115644199366601,False
QM,ORBFH,10,7,39afe7699b43997c6c07193d0472a06de2c74887e11e59c6a186c84aa3d1f43f,q_after,1.0549107205238386,False
QM,ORBFH,10,7,f4e0075f78eae9b70b7c7764bfa12465bad9e5a94db01ea7d61a5963665213ce,distance_from_own_immediate_activation,108.62869821028005,False
QM,ORBFH,10,7,57317a7f6b41d100caee1bad332659a0c1f566af7c263f713fff1f5bc194bb9d,distance_from_own_immediate_activation,89.01847031505271,False
QM,ORBFH,10,8,fbffa4660f8b8580c15c2976a741b2c5a9eec5f6924ac4febfeb97bcb4c7710c,q_after,1.2528817824941392,False
QM,ORBFH,10,8,af66ed3714a102e1ed4481ef7fb5d422bfb3471808413ad77b3edb92f8d9a40d,q_after,0.93976998173470694,False
QM,ORBFH,10,8,c9f8952620ae02f32df759f1d9dd4e4dd404b9459172fb5c7f3185720ee9cef5,distance_from_own_immediate_activation,89.459585201547824,False
QM,ORBFH,10,8,11c97173bcbbb7f2c5649d904b3c72f5eb6d0fc0c4a5d426debf5ecb68103399,distance_from_own_immediate_activation,40.989273351868391,False
QM,ORBFH,10,9,e7fef22c6caa23fa3b677a0b54a10f4feea31664c1a506944abcb6698f17b9c0,q_after,1.5136467268463616,False
QM,ORBFH,10,9,c8759136267f7e6af3367ae9d6b1891b5f2533ffe01bc2ffb0d0de1cb8e9085e,q_after,0.94092650026855629,False
QM,ORBFH,10,9,e7fef22c6caa23fa3b677a0b54a10f4feea31664c1a506944abcb6698f17b9c0,distance_from_own_immediate_activation,72.371156122655577,False
QM,ORBFH,10,9,fbe69b83fbf43661ad72972792ccea84933b820a3c372df930b62ed3e3bbbff8,distance_from_own_immediate_activation,45.810643966243951,False
QM,ORBFH,10,10,69264e216221b4e3644e6ba401317e42fc3a807c8af3a5e7a0e137eb2c8bad6f,q_after,0.21025751710974847,False
QM,ORBFH,10,10,9c64d15209e7dff2392b66e5f45530811661d2f5b21fe60483e1cb843da0fae1,q_after,0.19728240323275661,False
QM,ORBFH,10,10,498726f516ca2b5b6c3abb41abe5aabe486467b0175f90d10eb394571795ce5a,distance_from_own_immediate_activation,0,False
QM,ORBFH,10,10,9894445f110df76e317bb1ab36bffa15c2e90d4335205e958131010a783cf63d,distance_from_own_immediate_activation,0,False
QM,JAC,1,1,719bc0576defaa23049b37c5031acb62bc8db10d464ac03f6da1299e2cd3a5b7,q_after,0.35823019874152834,False
QM,JAC,1,1,f9f16bc7443ae596666c746ce23ea545748ddb3ef4434d0c407eb162fe7d8dbc,q_after,0.33325355096231718,False
QM,JAC,1,1,285a3add6f31d8546b0d76689a016bc0f9f7d8e58c95f54e87bba48ad5cabc65,distance_from_own_immediate_activation,0,False
QM,JAC,1,1,6abbaf2496b409f11036390da3b47c9272a243b8a164ca3d9f9a65fafbec985d,distance_from_own_immediate_activation,0,False
QM,JAC,2,1,0d37408f349a9e1575f9996b4666d8be3c1a4b030ef6385556f20138f0e45d77,q_after,0.528525953594007,False
QM,JAC,2,1,719bc0576defaa23049b37c5031acb62bc8db10d464ac03f6da1299e2cd3a5b7,q_after,0.42963540793542232,False
QM,JAC,2,1,0d37408f349a9e1575f9996b4666d8be3c1a4b030ef6385556f20138f0e45d77,distance_from_own_immediate_activation,72.518731932807611,False
QM,JAC,2,1,569f1a97c3971140f8e826932006d0d697bae8da7872d2105db2e6eab60839d6,distance_from_own_immediate_activation,31.713702408410057,False
QM,JAC,2,2,6d8662b52037c46fb86859055d261b4e39e87aecdecc577323f3abe2a7c7e25d,q_after,0.24672967270255886,False
QM,JAC,2,2,7bb7fd3dd2aeb10634eb125c0a2d2aaf02cb20340d172fe66a71f3af96fd60ce,q_after,0.24158777386449298,False
QM,JAC,2,2,f742e3b08cc43666fd7f6e3f269849a7e50f2847ec2b4e38de638a9da8e99747,distance_from_own_immediate_activation,0,False
QM,JAC,2,2,c00ba5c00aeed6290e334d4cd5abd3b223eb0b0d3fe00c61dd63a733904b0504,distance_from_own_immediate_activation,0,False
QM,JAC,3,1,3a77016737e2b0f4dfa9685598e7703e88fe37b911c923d52a9dd4187d20f892,q_after,1.020201477865686,False
QM,JAC,3,1,d97bda6d6a887cafe4132a43d6d106a50a3a151b295c299fbaa9079c4004d670,q_after,0.6864435572015557,False
QM,JAC,3,1,3a77016737e2b0f4dfa9685598e7703e88fe37b911c923d52a9dd4187d20f892,distance_from_own_immediate_activation,108.36400500267709,False
QM,JAC,3,1,0d37408f349a9e1575f9996b4666d8be3c1a4b030ef6385556f20138f0e45d77,distance_from_own_immediate_activation,81.381198218814347,False
QM,JAC,3,2,c139fed7d621243c5dd8876a66dcacfc92d4e057ccfdec6dc1dc4c2e8181e9ce,q_after,0.38530929607699882,False
QM,JAC,3,2,2fc913d68a103cbc6389a1d60f388c577075e2c691144fc7c52ae0854a1dd9cc,q_after,0.35070536800132296,False
QM,JAC,3,2,28af5491d299db0aa77c4824f02afcf6061484806028155c64679d78b2b89647,distance_from_own_immediate_activation,32.051569554410278,False
QM,JAC,3,2,98ae105e841eaf92fb0f91823d4b3f0a71f11808ee0acc1d5216a42145817cd2,distance_from_own_immediate_activation,27.061526503958326,False
QM,JAC,3,3,8b62da126c320ee8c8382166f83ac01b0a61b7cdc9dad5d1cfe059844c8ecd55,q_after,0.95582860458262264,False
QM,JAC,3,3,72ed03d28b034897d61f381e0a9c6e945a0347a0339befce591950712148b86d,q_after,0.32194308222347212,False
QM,JAC,3,3,5fe5cc36167302a9bb9453cf9a190bce75a6ebf70356e4b2d43262df4ea70e7e,distance_from_own_immediate_activation,0,False
QM,JAC,3,3,748b77c32e5597fd9ab954ae967d71dfca3c97aa792238480bf57c353b9f7c3b,distance_from_own_immediate_activation,0,False
QM,JAC,4,1,3a77016737e2b0f4dfa9685598e7703e88fe37b911c923d52a9dd4187d20f892,q_after,1.3573570844850826,False
QM,JAC,4,1,d97bda6d6a887cafe4132a43d6d106a50a3a151b295c299fbaa9079c4004d670,q_after,0.77130364685148922,False
QM,JAC,4,1,3a77016737e2b0f4dfa9685598e7703e88fe37b911c923d52a9dd4187d20f892,distance_from_own_immediate_activation,147.69716403026419,False
QM,JAC,4,1,0d37408f349a9e1575f9996b4666d8be3c1a4b030ef6385556f20138f0e45d77,distance_from_own_immediate_activation,87.455899680391141,False
QM,JAC,4,2,c139fed7d621243c5dd8876a66dcacfc92d4e057ccfdec6dc1dc4c2e8181e9ce,q_after,0.53135703122634759,False
QM,JAC,4,2,cfe57172cb98b0710c97423a5f5a57d33035179d53d3f68eca197a5789036440,q_after,0.49428098161045453,False
QM,JAC,4,2,6d8662b52037c46fb86859055d261b4e39e87aecdecc577323f3abe2a7c7e25d,distance_from_own_immediate_activation,49.415282817291263,False
QM,JAC,4,2,28af5491d299db0aa77c4824f02afcf6061484806028155c64679d78b2b89647,distance_from_own_immediate_activation,36.045128261110094,False
QM,JAC,4,3,8b62da126c320ee8c8382166f83ac01b0a61b7cdc9dad5d1cfe059844c8ecd55,q_after,0.95580781825560779,False
QM,JAC,4,3,2a97fa4a853339993d14b2e27c07081e01a46d9aa88d5973ab9fb2fafe58291d,q_after,0.80969725116591151,False
QM,JAC,4,3,2a97fa4a853339993d14b2e27c07081e01a46d9aa88d5973ab9fb2fafe58291d,distance_from_own_immediate_activation,127.84654183619362,False
QM,JAC,4,3,9a799d30fad2a13828c01079698d647b191e3a673f16d306b85066bf4d67cc8e,distance_from_own_immediate_activation,58.180188885397989,False
QM,JAC,4,4,240f473db0dc8ceae551cdfcb4c20c32414d78b110c738cbc2ff3eeacbba7cef,q_after,0.27320076686539813,False
QM,JAC,4,4,6ea559bdf5d43c2134d284cbc5cf7fbe53fa9778fa9877626a4b1e3f57efb8b7,q_after,0.254224711915984,False
QM,JAC,4,4,b74477e088614db975b9ef3aaba64df62b78acfc4f63433e65ca1d0781dcffe1,distance_from_own_immediate_activation,0,False
QM,JAC,4,4,75df0f36573c040611750a4f824c17e612ade8e4b5e3a222af3a9c77dd369af4,distance_from_own_immediate_activation,0,False
QM,JAC,5,1,3a77016737e2b0f4dfa9685598e7703e88fe37b911c923d52a9dd4187d20f892,q_after,1.352114122430303,False
QM,JAC,5,1,d97bda6d6a887cafe4132a43d6d106a50a3a151b295c299fbaa9079c4004d670,q_after,1.0469770675002981,False
QM,JAC,5,1,3a77016737e2b0f4dfa9685598e7703e88fe37b911c923d52a9dd4187d20f892,distance_from_own_immediate_activation,147.20094688879527,False
QM,JAC,5,1,322b5d3c47aa80d2c94addc9a85c94282e44d92f9ccc5a0cf4cab593ea40cb3b,distance_from_own_immediate_activation,111.26844014124838,False
QM,JAC,5,2,c139fed7d621243c5dd8876a66dcacfc92d4e057ccfdec6dc1dc4c2e8181e9ce,q_after,0.74129584278790395,False
QM,JAC,5,2,cfe57172cb98b0710c97423a5f5a57d33035179d53d3f68eca197a5789036440,q_after,0.63530627161295339,False
QM,JAC,5,2,6d8662b52037c46fb86859055d261b4e39e87aecdecc577323f3abe2a7c7e25d,distance_from_own_immediate_activation,61.719018636580763,False
QM,JAC,5,2,28af5491d299db0aa77c4824f02afcf6061484806028155c64679d78b2b89647,distance_from_own_immediate_activation,46.483084185524895,False
QM,JAC,5,3,d4b109253c320baa212c079a8c8508e2df92d46eb2c28bdae70970323223535d,q_after,1.1922656738517243,False
QM,JAC,5,3,8b62da126c320ee8c8382166f83ac01b0a61b7cdc9dad5d1cfe059844c8ecd55,q_after,0.95574316660828029,False
QM,JAC,5,3,2a97fa4a853339993d14b2e27c07081e01a46d9aa88d5973ab9fb2fafe58291d,distance_from_own_immediate_activation,127.63490050041655,False
QM,JAC,5,3,d4b109253c320baa212c079a8c8508e2df92d46eb2c28bdae70970323223535d,distance_from_own_immediate_activation,88.731905756946247,False
QM,JAC,5,4,b82a03e937cf2cf32073db5d914babf4ef1b871d8a539df433e363c50b0cd9a2,q_after,1.1714187941138472,False
QM,JAC,5,4,c26bed2c2ca3b2f918bb83e82bd9732d1504e8c09f5a56558583dc287bff8400,q_after,0.43351204090521794,False
QM,JAC,5,4,b82a03e937cf2cf32073db5d914babf4ef1b871d8a539df433e363c50b0cd9a2,distance_from_own_immediate_activation,86.174018691183903,False
QM,JAC,5,4,c26bed2c2ca3b2f918bb83e82bd9732d1504e8c09f5a56558583dc287bff8400,distance_from_own_immediate_activation,52.615052836433392,False
QM,JAC,5,5,3ee582306136f1fa1d90e73f87e67f77342c027b90055c39521a94efb613a8df,q_after,0.34331450245748585,False
QM,JAC,5,5,e5169c026fa64b6401357ac12888e22e15102e32c0293b522a6191a526c3992a,q_after,0.28118851600768863,False
QM,JAC,5,5,5b84c1c1bac6d9c9495e0d2d313d0b616314a82781835eeed7f9f22473bf6d62,distance_from_own_immediate_activation,0,False
QM,JAC,5,5,e5ad6f2d686323a16d0fded4072da1dc7728d193c1789d134033681e537b2e49,distance_from_own_immediate_activation,0,False
QM,JAC,6,1,3a77016737e2b0f4dfa9685598e7703e88fe37b911c923d52a9dd4187d20f892,q_after,1.3513296877200081,False
QM,JAC,6,1,d97bda6d6a887cafe4132a43d6d106a50a3a151b295c299fbaa9079c4004d670,q_after,1.1501950936100547,False
QM,JAC,6,1,0d37408f349a9e1575f9996b4666d8be3c1a4b030ef6385556f20138f0e45d77,distance_from_own_immediate_activation,177.17478390009629,False
QM,JAC,6,1,3a77016737e2b0f4dfa9685598e7703e88fe37b911c923d52a9dd4187d20f892,distance_from_own_immediate_activation,147.14968370072503,False
QM,JAC,6,2,c139fed7d621243c5dd8876a66dcacfc92d4e057ccfdec6dc1dc4c2e8181e9ce,q_after,0.90955138944094982,False
QM,JAC,6,2,e57f62d831936471f36eb58e66a68b8c85256e7aa477c90d7fe911fde238afb5,q_after,0.83376453476449641,False
QM,JAC,6,2,e57f62d831936471f36eb58e66a68b8c85256e7aa477c90d7fe911fde238afb5,distance_from_own_immediate_activation,120.04274641501829,False
QM,JAC,6,2,6d8662b52037c46fb86859055d261b4e39e87aecdecc577323f3abe2a7c7e25d,distance_from_own_immediate_activation,71.572156364392001,False
QM,JAC,6,3,d4b109253c320baa212c079a8c8508e2df92d46eb2c28bdae70970323223535d,q_after,1.3634351067780095,False
QM,JAC,6,3,8b62da126c320ee8c8382166f83ac01b0a61b7cdc9dad5d1cfe059844c8ecd55,q_after,0.95967869792151717,False
QM,JAC,6,3,2a97fa4a853339993d14b2e27c07081e01a46d9aa88d5973ab9fb2fafe58291d,distance_from_own_immediate_activation,127.06556810603549,False
QM,JAC,6,3,d4b109253c320baa212c079a8c8508e2df92d46eb2c28bdae70970323223535d,distance_from_own_immediate_activation,102.34623574036057,False
QM,JAC,6,4,b82a03e937cf2cf32073db5d914babf4ef1b871d8a539df433e363c50b0cd9a2,q_after,1.3195759164110892,False
QM,JAC,6,4,89dcfd7abaf2c8879c817825a7256952c877bb9dc2746dcbfd5a0acec2f93be0,q_after,0.58975577542367097,False
QM,JAC,6,4,b82a03e937cf2cf32073db5d914babf4ef1b871d8a539df433e363c50b0cd9a2,distance_from_own_immediate_activation,97.708204372479756,False
QM,JAC,6,4,1bb622c7c6612bdf2202db5f982ce1f40ed2910f9cd1fe2de0762fc61a4a3e75,distance_from_own_immediate_activation,55.003672732870463,False
QM,JAC,6,5,3ee582306136f1fa1d90e73f87e67f77342c027b90055c39521a94efb613a8df,q_after,1.2712760736929818,False
QM,JAC,6,5,6b09563228de190af7f5373ac8d2d385748090ccb7f9b0cd3289584504d9dd34,q_after,0.59559364784124613,False
QM,JAC,6,5,5dac8ca8c59a3d30b0a15bd05363300d81e3dd3f281de5f84d7b9873ebfc1d59,distance_from_own_immediate_activation,42.843398035740719,False
QM,JAC,6,5,60141ed71c08336ce18411af9a934eea62501d656a44799383c418e0d0819796,distance_from_own_immediate_activation,41.715630299163266,False
QM,JAC,6,6,93f4fe9bbf7974bf98b743b2f1307fd839bc6b2960fafd843cfe3eda879379b4,q_after,0.9498530681384546,False
QM,JAC,6,6,747c585f04c3591e36bc833c9ceb06cf8c210fa7b2eada208f590ac0a1fa420e,q_after,0.38364558356031242,False
QM,JAC,6,6,8a9041037dbc17f886486516e3c6a025512c6bdc9ebc902afd1b7b83a6f28b04,distance_from_own_immediate_activation,0,False
QM,JAC,6,6,1cfe090c9861932226bef865ff03923d860fb91023a5ebe93c3bab1a657257cb,distance_from_own_immediate_activation,0,False
QM,JAC,7,1,3a77016737e2b0f4dfa9685598e7703e88fe37b911c923d52a9dd4187d20f892,q_after,1.3698796720509494,False
QM,JAC,7,1,d97bda6d6a887cafe4132a43d6d106a50a3a151b295c299fbaa9079c4004d670,q_after,1.2067682869839271,False
QM,JAC,7,1,0d37408f349a9e1575f9996b4666d8be3c1a4b030ef6385556f20138f0e45d77,distance_from_own_immediate_activation,180.27772053619933,False
QM,JAC,7,1,322b5d3c47aa80d2c94addc9a85c94282e44d92f9ccc5a0cf4cab593ea40cb3b,distance_from_own_immediate_activation,154.57718898681506,False
QM,JAC,7,2,c139fed7d621243c5dd8876a66dcacfc92d4e057ccfdec6dc1dc4c2e8181e9ce,q_after,1.0292320415043807,False
QM,JAC,7,2,cfe57172cb98b0710c97423a5f5a57d33035179d53d3f68eca197a5789036440,q_after,0.88130488373822036,False
QM,JAC,7,2,e57f62d831936471f36eb58e66a68b8c85256e7aa477c90d7fe911fde238afb5,distance_from_own_immediate_activation,125.05420182744433,False
QM,JAC,7,2,6d8662b52037c46fb86859055d261b4e39e87aecdecc577323f3abe2a7c7e25d,distance_from_own_immediate_activation,78.911434712667244,False
QM,JAC,7,3,d4b109253c320baa212c079a8c8508e2df92d46eb2c28bdae70970323223535d,q_after,1.4606436447530684,False
QM,JAC,7,3,8b62da126c320ee8c8382166f83ac01b0a61b7cdc9dad5d1cfe059844c8ecd55,q_after,0.95970115689856428,False
QM,JAC,7,3,2a97fa4a853339993d14b2e27c07081e01a46d9aa88d5973ab9fb2fafe58291d,distance_from_own_immediate_activation,129.32069788945125,False
QM,JAC,7,3,d4b109253c320baa212c079a8c8508e2df92d46eb2c28bdae70970323223535d,distance_from_own_immediate_activation,109.91169719247702,False
QM,JAC,7,4,b82a03e937cf2cf32073db5d914babf4ef1b871d8a539df433e363c50b0cd9a2,q_after,1.6016218273360914,False
QM,JAC,7,4,89dcfd7abaf2c8879c817825a7256952c877bb9dc2746dcbfd5a0acec2f93be0,q_after,0.77287934108443368,False
QM,JAC,7,4,b82a03e937cf2cf32073db5d914babf4ef1b871d8a539df433e363c50b0cd9a2,distance_from_own_immediate_activation,120.49962420871361,False
QM,JAC,7,4,23ab463b020d55e2046b7787446e4f8feaea34632b6c872ea5035557b771d415,distance_from_own_immediate_activation,71.613255441871203,False
QM,JAC,7,5,3ee582306136f1fa1d90e73f87e67f77342c027b90055c39521a94efb613a8df,q_after,1.6515325463713575,False
QM,JAC,7,5,6b09563228de190af7f5373ac8d2d385748090ccb7f9b0cd3289584504d9dd34,q_after,0.90568891720893796,False
QM,JAC,7,5,60141ed71c08336ce18411af9a934eea62501d656a44799383c418e0d0819796,distance_from_own_immediate_activation,89.524332931909413,False
QM,JAC,7,5,2947b136f1714e4fddbb8c5d4f0281e0e497261b993b222a13c739270f0572fc,distance_from_own_immediate_activation,53.840076511150428,False
QM,JAC,7,6,747c585f04c3591e36bc833c9ceb06cf8c210fa7b2eada208f590ac0a1fa420e,q_after,2.7356741126992712,False
QM,JAC,7,6,3b5e495f8547e4789bdee4b85ae9826e19f84bedeca53cb002e5cf0ff73e9ada,q_after,0.99368431589202999,False
QM,JAC,7,6,3b5e495f8547e4789bdee4b85ae9826e19f84bedeca53cb002e5cf0ff73e9ada,distance_from_own_immediate_activation,89.517613000810925,False
QM,JAC,7,6,747c585f04c3591e36bc833c9ceb06cf8c210fa7b2eada208f590ac0a1fa420e,distance_from_own_immediate_activation,80.691183980148665,False
QM,JAC,7,7,ce8833009d83dacf385dbb0fdde7ffee40695c7fa3ef946ff70ef2ec7e222b42,q_after,0.316382641630022,False
QM,JAC,7,7,e8d6d86e72fbfe178ade2f2d2ce0e099a8af9787ab9e1a3dd3fb5b294c176607,q_after,0.28867119227023857,False
QM,JAC,7,7,d82b4b74485c4ef9b4b12f1c2fabad4c0109165ed4e5d7f934133ea726a65ae9,distance_from_own_immediate_activation,0,False
QM,JAC,7,7,f6676ed348d4d873923c058111d2f76ed59e8b3bffd08a972593e7195e1501db,distance_from_own_immediate_activation,0,False
QM,JAC,8,1,3a77016737e2b0f4dfa9685598e7703e88fe37b911c923d52a9dd4187d20f892,q_after,1.3712313350114544,False
QM,JAC,8,1,d97bda6d6a887cafe4132a43d6d106a50a3a151b295c299fbaa9079c4004d670,q_after,1.2666516429786665,False
QM,JAC,8,1,0d37408f349a9e1575f9996b4666d8be3c1a4b030ef6385556f20138f0e45d77,distance_from_own_immediate_activation,187.63381799210694,False
QM,JAC,8,1,322b5d3c47aa80d2c94addc9a85c94282e44d92f9ccc5a0cf4cab593ea40cb3b,distance_from_own_immediate_activation,160.59110986060432,False
QM,JAC,8,2,c139fed7d621243c5dd8876a66dcacfc92d4e057ccfdec6dc1dc4c2e8181e9ce,q_after,1.1866835213487767,False
QM,JAC,8,2,cfe57172cb98b0710c97423a5f5a57d33035179d53d3f68eca197a5789036440,q_after,1.012774094989807,False
QM,JAC,8,2,e57f62d831936471f36eb58e66a68b8c85256e7aa477c90d7fe911fde238afb5,distance_from_own_immediate_activation,132.01619062779801,False
QM,JAC,8,2,6d8662b52037c46fb86859055d261b4e39e87aecdecc577323f3abe2a7c7e25d,distance_from_own_immediate_activation,85.030818236216945,False
QM,JAC,8,3,622dec49b2ac0410eac0b892e7afe984e6d800006e02d37d4a5fef4fc0a8957a,q_after,1.6548507974240425,False
QM,JAC,8,3,d4b109253c320baa212c079a8c8508e2df92d46eb2c28bdae70970323223535d,q_after,1.5461801732443154,False
QM,JAC,8,3,2a97fa4a853339993d14b2e27c07081e01a46d9aa88d5973ab9fb2fafe58291d,distance_from_own_immediate_activation,129.77205725420743,False
QM,JAC,8,3,d4b109253c320baa212c079a8c8508e2df92d46eb2c28bdae70970323223535d,distance_from_own_immediate_activation,116.76420384351624,False
QM,JAC,8,4,b82a03e937cf2cf32073db5d914babf4ef1b871d8a539df433e363c50b0cd9a2,q_after,1.6859341671153696,False
QM,JAC,8,4,89dcfd7abaf2c8879c817825a7256952c877bb9dc2746dcbfd5a0acec2f93be0,q_after,0.97159432908151,False
QM,JAC,8,4,b82a03e937cf2cf32073db5d914babf4ef1b871d8a539df433e363c50b0cd9a2,distance_from_own_immediate_activation,127.01737714580307,False
QM,JAC,8,4,23ab463b020d55e2046b7787446e4f8feaea34632b6c872ea5035557b771d415,distance_from_own_immediate_activation,74.167795862014898,False
QM,JAC,8,5,3ee582306136f1fa1d90e73f87e67f77342c027b90055c39521a94efb613a8df,q_after,1.9398354662150863,False
QM,JAC,8,5,6b09563228de190af7f5373ac8d2d385748090ccb7f9b0cd3289584504d9dd34,q_after,1.0668282558783846,False
QM,JAC,8,5,60141ed71c08336ce18411af9a934eea62501d656a44799383c418e0d0819796,distance_from_own_immediate_activation,99.688808010960841,False
QM,JAC,8,5,2947b136f1714e4fddbb8c5d4f0281e0e497261b993b222a13c739270f0572fc,distance_from_own_immediate_activation,64.684570337635392,False
QM,JAC,8,6,747c585f04c3591e36bc833c9ceb06cf8c210fa7b2eada208f590ac0a1fa420e,q_after,3.0393450360362655,False
QM,JAC,8,6,3b5e495f8547e4789bdee4b85ae9826e19f84bedeca53cb002e5cf0ff73e9ada,q_after,1.0609530854572808,False
QM,JAC,8,6,3b5e495f8547e4789bdee4b85ae9826e19f84bedeca53cb002e5cf0ff73e9ada,distance_from_own_immediate_activation,96.588087501949332,False
QM,JAC,8,6,747c585f04c3591e36bc833c9ceb06cf8c210fa7b2eada208f590ac0a1fa420e,distance_from_own_immediate_activation,89.135472375966728,False
QM,JAC,8,7,ce8833009d83dacf385dbb0fdde7ffee40695c7fa3ef946ff70ef2ec7e222b42,q_after,0.78834362401122104,False
QM,JAC,8,7,f4e0075f78eae9b70b7c7764bfa12465bad9e5a94db01ea7d61a5963665213ce,q_after,0.77776558258704664,False
QM,JAC,8,7,f4e0075f78eae9b70b7c7764bfa12465bad9e5a94db01ea7d61a5963665213ce,distance_from_own_immediate_activation,65.656679098527178,False
QM,JAC,8,7,39afe7699b43997c6c07193d0472a06de2c74887e11e59c6a186c84aa3d1f43f,distance_from_own_immediate_activation,37.9869231507246,False
QM,JAC,8,8,af66ed3714a102e1ed4481ef7fb5d422bfb3471808413ad77b3edb92f8d9a40d,q_after,0.94654890314618889,False
QM,JAC,8,8,5e464decc2529e2519edd0ca0092ec398cba7ec4c2ae5298c9e04fd8790a7109,q_after,0.29080299878509747,False
QM,JAC,8,8,f30078d6d8f44bf7dc4c8052ae871614b00ba8bb789b67892dbf178a85412fe1,distance_from_own_immediate_activation,0,False
QM,JAC,8,8,c9f8952620ae02f32df759f1d9dd4e4dd404b9459172fb5c7f3185720ee9cef5,distance_from_own_immediate_activation,0,False
QM,JAC,9,1,3a77016737e2b0f4dfa9685598e7703e88fe37b911c923d52a9dd4187d20f892,q_after,1.376550649272704,False
QM,JAC,9,1,d97bda6d6a887cafe4132a43d6d106a50a3a151b295c299fbaa9079c4004d670,q_after,1.3167329441404383,False
QM,JAC,9,1,0d37408f349a9e1575f9996b4666d8be3c1a4b030ef6385556f20138f0e45d77,distance_from_own_immediate_activation,193.15428567531555,False
QM,JAC,9,1,322b5d3c47aa80d2c94addc9a85c94282e44d92f9ccc5a0cf4cab593ea40cb3b,distance_from_own_immediate_activation,162.76949401049689,False
QM,JAC,9,2,c139fed7d621243c5dd8876a66dcacfc92d4e057ccfdec6dc1dc4c2e8181e9ce,q_after,1.3232701193121021,False
QM,JAC,9,2,cfe57172cb98b0710c97423a5f5a57d33035179d53d3f68eca197a5789036440,q_after,1.147142038531008,False
QM,JAC,9,2,e57f62d831936471f36eb58e66a68b8c85256e7aa477c90d7fe911fde238afb5,distance_from_own_immediate_activation,139.03549273713043,False
QM,JAC,9,2,6d8662b52037c46fb86859055d261b4e39e87aecdecc577323f3abe2a7c7e25d,distance_from_own_immediate_activation,90.238800218418518,False
QM,JAC,9,3,622dec49b2ac0410eac0b892e7afe984e6d800006e02d37d4a5fef4fc0a8957a,q_after,1.7826692340793473,False
QM,JAC,9,3,d4b109253c320baa212c079a8c8508e2df92d46eb2c28bdae70970323223535d,q_after,1.6213232231040355,False
QM,JAC,9,3,2a97fa4a853339993d14b2e27c07081e01a46d9aa88d5973ab9fb2fafe58291d,distance_from_own_immediate_activation,130.19151733081603,False
QM,JAC,9,3,d4b109253c320baa212c079a8c8508e2df92d46eb2c28bdae70970323223535d,distance_from_own_immediate_activation,122.81829321353155,False
QM,JAC,9,4,b82a03e937cf2cf32073db5d914babf4ef1b871d8a539df433e363c50b0cd9a2,q_after,1.7046010848584061,False
QM,JAC,9,4,f928b2c5cbd3be5e6131fe5228993cde81c9a7c403c4087eee34dc0498a2f00a,q_after,1.1975124133897319,False
QM,JAC,9,4,b82a03e937cf2cf32073db5d914babf4ef1b871d8a539df433e363c50b0cd9a2,distance_from_own_immediate_activation,128.54448682864876,False
QM,JAC,9,4,23ab463b020d55e2046b7787446e4f8feaea34632b6c872ea5035557b771d415,distance_from_own_immediate_activation,79.674607346982981,False
QM,JAC,9,5,3ee582306136f1fa1d90e73f87e67f77342c027b90055c39521a94efb613a8df,q_after,2.2024783759583051,False
QM,JAC,9,5,6b09563228de190af7f5373ac8d2d385748090ccb7f9b0cd3289584504d9dd34,q_after,1.3147748125389687,False
QM,JAC,9,5,60141ed71c08336ce18411af9a934eea62501d656a44799383c418e0d0819796,distance_from_own_immediate_activation,102.93933098768072,False
QM,JAC,9,5,5dac8ca8c59a3d30b0a15bd05363300d81e3dd3f281de5f84d7b9873ebfc1d59,distance_from_own_immediate_activation,75.424451194004035,False
QM,JAC,9,6,747c585f04c3591e36bc833c9ceb06cf8c210fa7b2eada208f590ac0a1fa420e,q_after,3.1593153174509854,False
QM,JAC,9,6,3b5e495f8547e4789bdee4b85ae9826e19f84bedeca53cb002e5cf0ff73e9ada,q_after,1.1008015991016427,False
QM,JAC,9,6,3b5e495f8547e4789bdee4b85ae9826e19f84bedeca53cb002e5cf0ff73e9ada,distance_from_own_immediate_activation,100.32466148372878,False
QM,JAC,9,6,747c585f04c3591e36bc833c9ceb06cf8c210fa7b2eada208f590ac0a1fa420e,distance_from_own_immediate_activation,92.867177904072861,False
QM,JAC,9,7,ce8833009d83dacf385dbb0fdde7ffee40695c7fa3ef946ff70ef2ec7e222b42,q_after,1.3027296234487205,False
QM,JAC,9,7,f4e0075f78eae9b70b7c7764bfa12465bad9e5a94db01ea7d61a5963665213ce,q_after,1.0563046238543186,False
QM,JAC,9,7,f4e0075f78eae9b70b7c7764bfa12465bad9e5a94db01ea7d61a5963665213ce,distance_from_own_immediate_activation,90.674686497458154,False
QM,JAC,9,7,c7dd6cc253ee760a4cd10d9db4ebc6784e91ff803923e397b27a0011a0de4a57,distance_from_own_immediate_activation,43.715464956720233,False
QM,JAC,9,8,af66ed3714a102e1ed4481ef7fb5d422bfb3471808413ad77b3edb92f8d9a40d,q_after,0.94949727913600823,False
QM,JAC,9,8,c9f8952620ae02f32df759f1d9dd4e4dd404b9459172fb5c7f3185720ee9cef5,q_after,0.73656175482410813,False
QM,JAC,9,8,c9f8952620ae02f32df759f1d9dd4e4dd404b9459172fb5c7f3185720ee9cef5,distance_from_own_immediate_activation,75.687244437481397,False
QM,JAC,9,8,11c97173bcbbb7f2c5649d904b3c72f5eb6d0fc0c4a5d426debf5ecb68103399,distance_from_own_immediate_activation,28.121717197344516,False
QM,JAC,9,9,c8759136267f7e6af3367ae9d6b1891b5f2533ffe01bc2ffb0d0de1cb8e9085e,q_after,0.95315400358101554,False
QM,JAC,9,9,e29de53513911a0a608790b663bc01be302b70ae5e7f8becbcffec76fa2b0d92,q_after,0.29349285752181653,False
QM,JAC,9,9,194178db5ac524e6c7517cc57e2e3431cff936ec930778a4b17ef981c4514f7f,distance_from_own_immediate_activation,0,False
QM,JAC,9,9,31d57823193fde3c88a529a47704ed415975d35c2ef62ca633ff76987bd7b939,distance_from_own_immediate_activation,0,False
QM,JAC,10,1,3a77016737e2b0f4dfa9685598e7703e88fe37b911c923d52a9dd4187d20f892,q_after,1.5793602911081024,False
QM,JAC,10,1,7ad81b264c5bf8e0448ecd9bcdb6f342989288fde3543b7704f2c1ec659b7185,q_after,1.4294509370989534,False
QM,JAC,10,1,0d37408f349a9e1575f9996b4666d8be3c1a4b030ef6385556f20138f0e45d77,distance_from_own_immediate_activation,198.48963447206432,False
QM,JAC,10,1,3a77016737e2b0f4dfa9685598e7703e88fe37b911c923d52a9dd4187d20f892,distance_from_own_immediate_activation,173.29412072668677,False
QM,JAC,10,2,c139fed7d621243c5dd8876a66dcacfc92d4e057ccfdec6dc1dc4c2e8181e9ce,q_after,1.4932225985010996,False
QM,JAC,10,2,f31405336f02565ba23815b3d736772c3562187abe3cb828fb39778621125700,q_after,1.3068667782024501,False
QM,JAC,10,2,e57f62d831936471f36eb58e66a68b8c85256e7aa477c90d7fe911fde238afb5,distance_from_own_immediate_activation,146.05219170041542,False
QM,JAC,10,2,6d8662b52037c46fb86859055d261b4e39e87aecdecc577323f3abe2a7c7e25d,distance_from_own_immediate_activation,101.29471791480672,False
QM,JAC,10,3,622dec49b2ac0410eac0b892e7afe984e6d800006e02d37d4a5fef4fc0a8957a,q_after,1.8893111848412012,False
QM,JAC,10,3,d4b109253c320baa212c079a8c8508e2df92d46eb2c28bdae70970323223535d,q_after,1.7413119993707973,False
QM,JAC,10,3,2a97fa4a853339993d14b2e27c07081e01a46d9aa88d5973ab9fb2fafe58291d,distance_from_own_immediate_activation,157.6834016184786,False
QM,JAC,10,3,d4b109253c320baa212c079a8c8508e2df92d46eb2c28bdae70970323223535d,distance_from_own_immediate_activation,132.42060249675484,False
QM,JAC,10,4,f928b2c5cbd3be5e6131fe5228993cde81c9a7c403c4087eee34dc0498a2f00a,q_after,1.7431639282527711,False
QM,JAC,10,4,b82a03e937cf2cf32073db5d914babf4ef1b871d8a539df433e363c50b0cd9a2,q_after,1.723494964476092,False
QM,JAC,10,4,b82a03e937cf2cf32073db5d914babf4ef1b871d8a539df433e363c50b0cd9a2,distance_from_own_immediate_activation,129.96943148690644,False
QM,JAC,10,4,5abd3eacc2d9d05cc7ca87403cf11e70f930a513e505a3fdd178946f2b51a3f2,distance_from_own_immediate_activation,99.360288514092744,False
QM,JAC,10,5,3ee582306136f1fa1d90e73f87e67f77342c027b90055c39521a94efb613a8df,q_after,2.4767993726278084,False
QM,JAC,10,5,6b09563228de190af7f5373ac8d2d385748090ccb7f9b0cd3289584504d9dd34,q_after,1.5508597353494811,False
QM,JAC,10,5,60141ed71c08336ce18411af9a934eea62501d656a44799383c418e0d0819796,distance_from_own_immediate_activation,105.22348667692617,False
QM,JAC,10,5,2947b136f1714e4fddbb8c5d4f0281e0e497261b993b222a13c739270f0572fc,distance_from_own_immediate_activation,84.302149942583512,False
QM,JAC,10,6,747c585f04c3591e36bc833c9ceb06cf8c210fa7b2eada208f590ac0a1fa420e,q_after,3.2761554712985648,False
QM,JAC,10,6,d6ad86775dc2222cef7c9c7bbbbe149ff8fcf0da1ca204e3a141f940370a2b44,q_after,1.1449400927415876,False
QM,JAC,10,6,3b5e495f8547e4789bdee4b85ae9826e19f84bedeca53cb002e5cf0ff73e9ada,distance_from_own_immediate_activation,103.02365024032636,False
QM,JAC,10,6,747c585f04c3591e36bc833c9ceb06cf8c210fa7b2eada208f590ac0a1fa420e,distance_from_own_immediate_activation,96.501129150935526,False
QM,JAC,10,7,ce8833009d83dacf385dbb0fdde7ffee40695c7fa3ef946ff70ef2ec7e222b42,q_after,1.7451473424755821,False
QM,JAC,10,7,594f866d8f859161efe6b442ec96c16a44d91c527e6b42c0e25890843394db87,q_after,1.1199038919688031,False
QM,JAC,10,7,f4e0075f78eae9b70b7c7764bfa12465bad9e5a94db01ea7d61a5963665213ce,distance_from_own_immediate_activation,95.263388872640647,False
QM,JAC,10,7,57317a7f6b41d100caee1bad332659a0c1f566af7c263f713fff1f5bc194bb9d,distance_from_own_immediate_activation,77.896024168393467,False
QM,JAC,10,8,6e3976e89083ce6dd9f5ad3f47fa72aba176bb7aae2ee44d640a3b0941dcf4be,q_after,1.1932461476016774,False
QM,JAC,10,8,fbffa4660f8b8580c15c2976a741b2c5a9eec5f6924ac4febfeb97bcb4c7710c,q_after,1.0528936449766766,False
QM,JAC,10,8,c9f8952620ae02f32df759f1d9dd4e4dd404b9459172fb5c7f3185720ee9cef5,distance_from_own_immediate_activation,79.779921067064393,False
QM,JAC,10,8,11c97173bcbbb7f2c5649d904b3c72f5eb6d0fc0c4a5d426debf5ecb68103399,distance_from_own_immediate_activation,39.189236933434437,False
QM,JAC,10,9,e7fef22c6caa23fa3b677a0b54a10f4feea31664c1a506944abcb6698f17b9c0,q_after,2.4228349980420534,False
QM,JAC,10,9,c8759136267f7e6af3367ae9d6b1891b5f2533ffe01bc2ffb0d0de1cb8e9085e,q_after,0.95317036165573976,False
QM,JAC,10,9,e7fef22c6caa23fa3b677a0b54a10f4feea31664c1a506944abcb6698f17b9c0,distance_from_own_immediate_activation,71.853591595858205,False
QM,JAC,10,9,fbe69b83fbf43661ad72972792ccea84933b820a3c372df930b62ed3e3bbbff8,distance_from_own_immediate_activation,37.962269353502926,False
QM,JAC,10,10,533a825d82a29fa7292590b905b923b441c683ed86a219d04fc4019037146c5a,q_after,0.25053506893959615,False
QM,JAC,10,10,a5beb2c8112a6d4ca4dfb44df71f4329d4316cc892dd424a7a64704d83ad207e,q_after,0.2494245001118866,False
QM,JAC,10,10,498726f516ca2b5b6c3abb41abe5aabe486467b0175f90d10eb394571795ce5a,distance_from_own_immediate_activation,0,False
QM,JAC,10,10,9894445f110df76e317bb1ab36bffa15c2e90d4335205e958131010a783cf63d,distance_from_own_immediate_activation,0,False
QA,O,1,1,48f8e5c9758bc1ecd0a5d87381377f2e938e3fbd115904598f843ea205a1cb29,q_after,0.040588648667029437,False
QA,O,1,1,85a4eedb16a30908dfc36bf358b5d34dc472310148a017735bbdad65a96f977c,q_after,0.022369457466603324,False
QA,O,1,1,285a3add6f31d8546b0d76689a016bc0f9f7d8e58c95f54e87bba48ad5cabc65,distance_from_own_immediate_activation,0,False
QA,O,1,1,6abbaf2496b409f11036390da3b47c9272a243b8a164ca3d9f9a65fafbec985d,distance_from_own_immediate_activation,0,False
QA,O,2,1,7ad81b264c5bf8e0448ecd9bcdb6f342989288fde3543b7704f2c1ec659b7185,q_after,0.077844486696294304,False
QA,O,2,1,93b075f0e328c3fcb2abafea111d73fd635b70813aa17f11fff9e5c8b5f55ff7,q_after,0.060719822950047589,False
QA,O,2,1,2d7a05de733521918b9b3c10f95568ee42e8fa4bbeb9911964758f2e95f6e9e4,distance_from_own_immediate_activation,6.0454505465966948,False
QA,O,2,1,cad93aa25aedcacddc439835622bc76cd6fca8de2ba3a8c308395f1f1077074d,distance_from_own_immediate_activation,5.7120471929336762,False
QA,O,2,2,cfe57172cb98b0710c97423a5f5a57d33035179d53d3f68eca197a5789036440,q_after,0.02628170132025286,False
QA,O,2,2,22a669f62bd9e248af8299cac74f0b9b9efee06e2424b0b7fe8167d479574aed,q_after,0.025526954124629273,False
QA,O,2,2,f742e3b08cc43666fd7f6e3f269849a7e50f2847ec2b4e38de638a9da8e99747,distance_from_own_immediate_activation,0,False
QA,O,2,2,c00ba5c00aeed6290e334d4cd5abd3b223eb0b0d3fe00c61dd63a733904b0504,distance_from_own_immediate_activation,0,False
QA,O,3,1,48f8e5c9758bc1ecd0a5d87381377f2e938e3fbd115904598f843ea205a1cb29,q_after,0.13593581048903255,False
QA,O,3,1,7ad81b264c5bf8e0448ecd9bcdb6f342989288fde3543b7704f2c1ec659b7185,q_after,0.12709112977090087,False
QA,O,3,1,1f15ad772a9fa6b37e334f9e0a833b6b234fbcc3e02b033e20f4c8f7f264ec9f,distance_from_own_immediate_activation,22.426889628471169,False
QA,O,3,1,2d7a05de733521918b9b3c10f95568ee42e8fa4bbeb9911964758f2e95f6e9e4,distance_from_own_immediate_activation,12.782945969578844,False
QA,O,3,2,dc2b4304898991c55f2e21a6de682f775a2f588a4b2b9b6bdd5439bdff65fee5,q_after,0.17485933763888434,False
QA,O,3,2,cfe57172cb98b0710c97423a5f5a57d33035179d53d3f68eca197a5789036440,q_after,0.16679132741570829,False
QA,O,3,2,f742e3b08cc43666fd7f6e3f269849a7e50f2847ec2b4e38de638a9da8e99747,distance_from_own_immediate_activation,12.80815956046656,False
QA,O,3,2,cfe57172cb98b0710c97423a5f5a57d33035179d53d3f68eca197a5789036440,distance_from_own_immediate_activation,12.745621807538118,False
QA,O,3,3,8b62da126c320ee8c8382166f83ac01b0a61b7cdc9dad5d1cfe059844c8ecd55,q_after,1.7307024509133484,False
QA,O,3,3,a9611cb14c48c4cb8dffb003fd9637aa1bfa4640de9ea2ce5271747bef8792a7,q_after,0.13758137281295788,False
QA,O,3,3,5fe5cc36167302a9bb9453cf9a190bce75a6ebf70356e4b2d43262df4ea70e7e,distance_from_own_immediate_activation,0,False
QA,O,3,3,748b77c32e5597fd9ab954ae967d71dfca3c97aa792238480bf57c353b9f7c3b,distance_from_own_immediate_activation,0,False
QA,O,4,1,7ad81b264c5bf8e0448ecd9bcdb6f342989288fde3543b7704f2c1ec659b7185,q_after,0.21979826284058834,False
QA,O,4,1,48f8e5c9758bc1ecd0a5d87381377f2e938e3fbd115904598f843ea205a1cb29,q_after,0.14743256324348925,False
QA,O,4,1,1f15ad772a9fa6b37e334f9e0a833b6b234fbcc3e02b033e20f4c8f7f264ec9f,distance_from_own_immediate_activation,22.778298368207214,False
QA,O,4,1,2d7a05de733521918b9b3c10f95568ee42e8fa4bbeb9911964758f2e95f6e9e4,distance_from_own_immediate_activation,14.38061309796784,False
QA,O,4,2,dc2b4304898991c55f2e21a6de682f775a2f588a4b2b9b6bdd5439bdff65fee5,q_after,0.25622416121094876,False
QA,O,4,2,cfe57172cb98b0710c97423a5f5a57d33035179d53d3f68eca197a5789036440,q_after,0.19134260542407436,False
QA,O,4,2,cfe57172cb98b0710c97423a5f5a57d33035179d53d3f68eca197a5789036440,distance_from_own_immediate_activation,14.67798907495415,False
QA,O,4,2,f742e3b08cc43666fd7f6e3f269849a7e50f2847ec2b4e38de638a9da8e99747,distance_from_own_immediate_activation,14.202486522334681,False
QA,O,4,3,8b62da126c320ee8c8382166f83ac01b0a61b7cdc9dad5d1cfe059844c8ecd55,q_after,1.7372619481699414,False
QA,O,4,3,a9611cb14c48c4cb8dffb003fd9637aa1bfa4640de9ea2ce5271747bef8792a7,q_after,0.17282376610702174,False
QA,O,4,3,8b62da126c320ee8c8382166f83ac01b0a61b7cdc9dad5d1cfe059844c8ecd55,distance_from_own_immediate_activation,13.536168803255539,False
QA,O,4,3,0c328123840c4f0612911579d7f4904db2da5a812c06d570723c8576b1fca416,distance_from_own_immediate_activation,6.4636615135588009,False
QA,O,4,4,72485696a3c613ab2fb17bd133c8b3e02728a46e662b31975a05f75b5f212480,q_after,0.043735321220805382,False
QA,O,4,4,d6d01656f6313b328ad8bfcac029d7940e57cf0c93f05e69ae9bc329dadfcfa7,q_after,0.034468255302470677,False
QA,O,4,4,b74477e088614db975b9ef3aaba64df62b78acfc4f63433e65ca1d0781dcffe1,distance_from_own_immediate_activation,0,False
QA,O,4,4,75df0f36573c040611750a4f824c17e612ade8e4b5e3a222af3a9c77dd369af4,distance_from_own_immediate_activation,0,False
QA,O,5,1,7ad81b264c5bf8e0448ecd9bcdb6f342989288fde3543b7704f2c1ec659b7185,q_after,0.24614692442665373,False
QA,O,5,1,48f8e5c9758bc1ecd0a5d87381377f2e938e3fbd115904598f843ea205a1cb29,q_after,0.15805730745187291,False
QA,O,5,1,1f15ad772a9fa6b37e334f9e0a833b6b234fbcc3e02b033e20f4c8f7f264ec9f,distance_from_own_immediate_activation,23.221555878606818,False
QA,O,5,1,2d7a05de733521918b9b3c10f95568ee42e8fa4bbeb9911964758f2e95f6e9e4,distance_from_own_immediate_activation,14.828441317666528,False
QA,O,5,2,dc2b4304898991c55f2e21a6de682f775a2f588a4b2b9b6bdd5439bdff65fee5,q_after,0.26778749081012149,False
QA,O,5,2,cfe57172cb98b0710c97423a5f5a57d33035179d53d3f68eca197a5789036440,q_after,0.2050917770940846,False
QA,O,5,2,cfe57172cb98b0710c97423a5f5a57d33035179d53d3f68eca197a5789036440,distance_from_own_immediate_activation,15.73278157726199,False
QA,O,5,2,f742e3b08cc43666fd7f6e3f269849a7e50f2847ec2b4e38de638a9da8e99747,distance_from_own_immediate_activation,14.721568618618688,False
QA,O,5,3,8b62da126c320ee8c8382166f83ac01b0a61b7cdc9dad5d1cfe059844c8ecd55,q_after,1.7370182845873652,False
QA,O,5,3,a9611cb14c48c4cb8dffb003fd9637aa1bfa4640de9ea2ce5271747bef8792a7,q_after,0.20911361547447044,False
QA,O,5,3,8b62da126c320ee8c8382166f83ac01b0a61b7cdc9dad5d1cfe059844c8ecd55,distance_from_own_immediate_activation,14.75686733701496,False
QA,O,5,3,d4b109253c320baa212c079a8c8508e2df92d46eb2c28bdae70970323223535d,distance_from_own_immediate_activation,10.352856614204203,False
QA,O,5,4,d6d01656f6313b328ad8bfcac029d7940e57cf0c93f05e69ae9bc329dadfcfa7,q_after,0.11911868532894249,False
QA,O,5,4,72485696a3c613ab2fb17bd133c8b3e02728a46e662b31975a05f75b5f212480,q_after,0.091623263913772721,False
QA,O,5,4,5abd3eacc2d9d05cc7ca87403cf11e70f930a513e505a3fdd178946f2b51a3f2,distance_from_own_immediate_activation,9.2143667187092007,False
QA,O,5,4,1a16c3369d048992fc2de1919580e9a0f463815f63f0d39d44251794fad69f9f,distance_from_own_immediate_activation,8.3491830237826434,False
QA,O,5,5,c779e48a1e0c234b0faf2895106343c9e10a55aa7c893ec064b6102e70a55667,q_after,0.048344720444513704,False
QA,O,5,5,3ee582306136f1fa1d90e73f87e67f77342c027b90055c39521a94efb613a8df,q_after,0.028898121309762631,False
QA,O,5,5,5b84c1c1bac6d9c9495e0d2d313d0b616314a82781835eeed7f9f22473bf6d62,distance_from_own_immediate_activation,0,False
QA,O,5,5,e5ad6f2d686323a16d0fded4072da1dc7728d193c1789d134033681e537b2e49,distance_from_own_immediate_activation,0,False
QA,O,6,1,7ad81b264c5bf8e0448ecd9bcdb6f342989288fde3543b7704f2c1ec659b7185,q_after,0.26087909907437096,False
QA,O,6,1,48f8e5c9758bc1ecd0a5d87381377f2e938e3fbd115904598f843ea205a1cb29,q_after,0.18176594809728452,False
QA,O,6,1,1f15ad772a9fa6b37e334f9e0a833b6b234fbcc3e02b033e20f4c8f7f264ec9f,distance_from_own_immediate_activation,23.043826000720504,False
QA,O,6,1,0d37408f349a9e1575f9996b4666d8be3c1a4b030ef6385556f20138f0e45d77,distance_from_own_immediate_activation,16.576364099680518,False
QA,O,6,2,dc2b4304898991c55f2e21a6de682f775a2f588a4b2b9b6bdd5439bdff65fee5,q_after,0.27455746665906167,False
QA,O,6,2,cfe57172cb98b0710c97423a5f5a57d33035179d53d3f68eca197a5789036440,q_after,0.2375134948111374,False
QA,O,6,2,cfe57172cb98b0710c97423a5f5a57d33035179d53d3f68eca197a5789036440,distance_from_own_immediate_activation,18.217242421085462,False
QA,O,6,2,f742e3b08cc43666fd7f6e3f269849a7e50f2847ec2b4e38de638a9da8e99747,distance_from_own_immediate_activation,16.35812426290526,False
QA,O,6,3,8b62da126c320ee8c8382166f83ac01b0a61b7cdc9dad5d1cfe059844c8ecd55,q_after,1.7476983924356027,False
QA,O,6,3,a9611cb14c48c4cb8dffb003fd9637aa1bfa4640de9ea2ce5271747bef8792a7,q_after,0.31416212895967499,False
QA,O,6,3,8b62da126c320ee8c8382166f83ac01b0a61b7cdc9dad5d1cfe059844c8ecd55,distance_from_own_immediate_activation,41.456415777687049,False
QA,O,6,3,cbcb4f07d73bad75caec058156c6c238258ce78fb4e1dab72ce272db69cc8c77,distance_from_own_immediate_activation,19.265456898751737,False
QA,O,6,4,d6d01656f6313b328ad8bfcac029d7940e57cf0c93f05e69ae9bc329dadfcfa7,q_after,0.17128830884770593,False
QA,O,6,4,72485696a3c613ab2fb17bd133c8b3e02728a46e662b31975a05f75b5f212480,q_after,0.16157396651549807,False
QA,O,6,4,5abd3eacc2d9d05cc7ca87403cf11e70f930a513e505a3fdd178946f2b51a3f2,distance_from_own_immediate_activation,10.119746318414556,False
QA,O,6,4,1a16c3369d048992fc2de1919580e9a0f463815f63f0d39d44251794fad69f9f,distance_from_own_immediate_activation,10.032029438585811,False
QA,O,6,5,41a860cd4672ba7ae8e65c845b3b180143808f101ede6b92e05155819acbada1,q_after,0.17682345373754557,False
QA,O,6,5,c772c96cc3ed429bba98d896d998a9066e96a5c5e3b7ae18a51a54b9e1fab7bf,q_after,0.10812427585135763,False
QA,O,6,5,41a860cd4672ba7ae8e65c845b3b180143808f101ede6b92e05155819acbada1,distance_from_own_immediate_activation,15.085448749879706,False
QA,O,6,5,c772c96cc3ed429bba98d896d998a9066e96a5c5e3b7ae18a51a54b9e1fab7bf,distance_from_own_immediate_activation,9.2215395487389102,False
QA,O,6,6,93f4fe9bbf7974bf98b743b2f1307fd839bc6b2960fafd843cfe3eda879379b4,q_after,0.7441187293370316,False
QA,O,6,6,747c585f04c3591e36bc833c9ceb06cf8c210fa7b2eada208f590ac0a1fa420e,q_after,0.039341557742391994,False
QA,O,6,6,8a9041037dbc17f886486516e3c6a025512c6bdc9ebc902afd1b7b83a6f28b04,distance_from_own_immediate_activation,0,False
QA,O,6,6,1cfe090c9861932226bef865ff03923d860fb91023a5ebe93c3bab1a657257cb,distance_from_own_immediate_activation,0,False
QA,O,7,1,48f8e5c9758bc1ecd0a5d87381377f2e938e3fbd115904598f843ea205a1cb29,q_after,1.1419890331766183,False
QA,O,7,1,63e9e046e3468bc2aaa15480bfe629a10c7ed43491d17ef3a0eceed9d49c6365,q_after,0.77055193590676663,False
QA,O,7,1,bec2d64187af6c88f13d2db08996689e9e0dd634593dcaa26ba2380288b964d1,distance_from_own_immediate_activation,123.51432194228346,False
QA,O,7,1,55b3125b46809bfd09b46805671031439ad32c9f96657b2e9a2e1d248c8bbb80,distance_from_own_immediate_activation,96.918501399691934,False
QA,O,7,2,6603391ba647ebfc0587eea265b5a908aaadb4f41fc80cd591c0669f66deae28,q_after,1.0214755225471563,False
QA,O,7,2,cfe57172cb98b0710c97423a5f5a57d33035179d53d3f68eca197a5789036440,q_after,0.85910797896787083,False
QA,O,7,2,6603391ba647ebfc0587eea265b5a908aaadb4f41fc80cd591c0669f66deae28,distance_from_own_immediate_activation,89.178740533047048,False
QA,O,7,2,a764392b1f188fcbcf1f2ac6620b5bf6b02e542fcf9177625ce60661ebe173bf,distance_from_own_immediate_activation,82.323301460879065,False
QA,O,7,3,8b62da126c320ee8c8382166f83ac01b0a61b7cdc9dad5d1cfe059844c8ecd55,q_after,10.330155401543772,False
QA,O,7,3,a9611cb14c48c4cb8dffb003fd9637aa1bfa4640de9ea2ce5271747bef8792a7,q_after,2.3676094832034096,False
QA,O,7,3,8b62da126c320ee8c8382166f83ac01b0a61b7cdc9dad5d1cfe059844c8ecd55,distance_from_own_immediate_activation,1680.4629366203219,False
QA,O,7,3,cbcb4f07d73bad75caec058156c6c238258ce78fb4e1dab72ce272db69cc8c77,distance_from_own_immediate_activation,184.53534802129798,False
QA,O,7,4,d6d01656f6313b328ad8bfcac029d7940e57cf0c93f05e69ae9bc329dadfcfa7,q_after,0.8717836942939402,False
QA,O,7,4,f597646b2170911abc0a9f16b08edea8666c21a6d17cd5f0d296616fb8fbc73d,q_after,0.84899922726761901,False
QA,O,7,4,f597646b2170911abc0a9f16b08edea8666c21a6d17cd5f0d296616fb8fbc73d,distance_from_own_immediate_activation,162.33808961184357,False
QA,O,7,4,3ea8e9bad92d8a6de26f0464fa86fbba7f8f6c5b42442b759bf6b6984d41789c,distance_from_own_immediate_activation,115.46593513983574,False
QA,O,7,5,c772c96cc3ed429bba98d896d998a9066e96a5c5e3b7ae18a51a54b9e1fab7bf,q_after,1.3655218703075893,False
QA,O,7,5,589538be01a86310c56851a8bc919cd5960a401251a24f1727344c0e836aebfc,q_after,0.69847978895606211,False
QA,O,7,5,663ae9123217413f4a6aa39ab1a2a57692593c52b7036655224c856f6aa5c139,distance_from_own_immediate_activation,136.80712026510224,False
QA,O,7,5,c772c96cc3ed429bba98d896d998a9066e96a5c5e3b7ae18a51a54b9e1fab7bf,distance_from_own_immediate_activation,122.00651808546182,False
QA,O,7,6,93f4fe9bbf7974bf98b743b2f1307fd839bc6b2960fafd843cfe3eda879379b4,q_after,10.151031144429812,False
QA,O,7,6,747c585f04c3591e36bc833c9ceb06cf8c210fa7b2eada208f590ac0a1fa420e,q_after,1.5857018529399236,False
QA,O,7,6,93f4fe9bbf7974bf98b743b2f1307fd839bc6b2960fafd843cfe3eda879379b4,distance_from_own_immediate_activation,1765.160880762814,False
QA,O,7,6,c8a82229789dd56c64ca2059eefcf51085a0a7f323ce6c4d76c1038374b96e4f,distance_from_own_immediate_activation,124.20668123549042,False
QA,O,7,7,bbf2e33a44d04486b2c89492ce63fba130f126a87b3a155f0176809a9aee3d7b,q_after,0.41271800124459118,False
QA,O,7,7,c7dd6cc253ee760a4cd10d9db4ebc6784e91ff803923e397b27a0011a0de4a57,q_after,0.30456144259313322,False
QA,O,7,7,d82b4b74485c4ef9b4b12f1c2fabad4c0109165ed4e5d7f934133ea726a65ae9,distance_from_own_immediate_activation,0,False
QA,O,7,7,f6676ed348d4d873923c058111d2f76ed59e8b3bffd08a972593e7195e1501db,distance_from_own_immediate_activation,0,False
QA,O,8,1,48f8e5c9758bc1ecd0a5d87381377f2e938e3fbd115904598f843ea205a1cb29,q_after,1.2712578973241768,False
QA,O,8,1,63e9e046e3468bc2aaa15480bfe629a10c7ed43491d17ef3a0eceed9d49c6365,q_after,0.83346983588216184,False
QA,O,8,1,bec2d64187af6c88f13d2db08996689e9e0dd634593dcaa26ba2380288b964d1,distance_from_own_immediate_activation,130.45335098766714,False
QA,O,8,1,55b3125b46809bfd09b46805671031439ad32c9f96657b2e9a2e1d248c8bbb80,distance_from_own_immediate_activation,105.73145038213374,False
QA,O,8,2,6603391ba647ebfc0587eea265b5a908aaadb4f41fc80cd591c0669f66deae28,q_after,1.2078389510559335,False
QA,O,8,2,267a890d7007a68b7597dcfc61c935856423968f054b281e0684c5226ff00409,q_after,0.98961434641476909,False
QA,O,8,2,6603391ba647ebfc0587eea265b5a908aaadb4f41fc80cd591c0669f66deae28,distance_from_own_immediate_activation,105.44058238276936,False
QA,O,8,2,a764392b1f188fcbcf1f2ac6620b5bf6b02e542fcf9177625ce60661ebe173bf,distance_from_own_immediate_activation,93.993202710196684,False
QA,O,8,3,8b62da126c320ee8c8382166f83ac01b0a61b7cdc9dad5d1cfe059844c8ecd55,q_after,10.391241006906302,False
QA,O,8,3,a9611cb14c48c4cb8dffb003fd9637aa1bfa4640de9ea2ce5271747bef8792a7,q_after,2.6031241025612131,False
QA,O,8,3,8b62da126c320ee8c8382166f83ac01b0a61b7cdc9dad5d1cfe059844c8ecd55,distance_from_own_immediate_activation,1690.5158094894939,False
QA,O,8,3,cbcb4f07d73bad75caec058156c6c238258ce78fb4e1dab72ce272db69cc8c77,distance_from_own_immediate_activation,186.26797555277921,False
QA,O,8,4,72485696a3c613ab2fb17bd133c8b3e02728a46e662b31975a05f75b5f212480,q_after,0.9607111280333257,False
QA,O,8,4,d6d01656f6313b328ad8bfcac029d7940e57cf0c93f05e69ae9bc329dadfcfa7,q_after,0.95045109735079703,False
QA,O,8,4,f597646b2170911abc0a9f16b08edea8666c21a6d17cd5f0d296616fb8fbc73d,distance_from_own_immediate_activation,169.93041531577174,False
QA,O,8,4,3ea8e9bad92d8a6de26f0464fa86fbba7f8f6c5b42442b759bf6b6984d41789c,distance_from_own_immediate_activation,121.77048991323691,False
QA,O,8,5,c772c96cc3ed429bba98d896d998a9066e96a5c5e3b7ae18a51a54b9e1fab7bf,q_after,1.4568992607734852,False
QA,O,8,5,589538be01a86310c56851a8bc919cd5960a401251a24f1727344c0e836aebfc,q_after,0.86223517614760914,False
QA,O,8,5,663ae9123217413f4a6aa39ab1a2a57692593c52b7036655224c856f6aa5c139,distance_from_own_immediate_activation,140.49542277059956,False
QA,O,8,5,c772c96cc3ed429bba98d896d998a9066e96a5c5e3b7ae18a51a54b9e1fab7bf,distance_from_own_immediate_activation,130.10314425210669,False
QA,O,8,6,93f4fe9bbf7974bf98b743b2f1307fd839bc6b2960fafd843cfe3eda879379b4,q_after,10.216457826479729,False
QA,O,8,6,747c585f04c3591e36bc833c9ceb06cf8c210fa7b2eada208f590ac0a1fa420e,q_after,2.0294356191060263,False
QA,O,8,6,93f4fe9bbf7974bf98b743b2f1307fd839bc6b2960fafd843cfe3eda879379b4,distance_from_own_immediate_activation,1776.5927130423468,False
QA,O,8,6,c8a82229789dd56c64ca2059eefcf51085a0a7f323ce6c4d76c1038374b96e4f,distance_from_own_immediate_activation,132.39613859040597,False
QA,O,8,7,bbf2e33a44d04486b2c89492ce63fba130f126a87b3a155f0176809a9aee3d7b,q_after,0.52946680331997897,False
QA,O,8,7,c7dd6cc253ee760a4cd10d9db4ebc6784e91ff803923e397b27a0011a0de4a57,q_after,0.50205901111341689,False
QA,O,8,7,0f0159173d4b8467e92c0a8b82dd25b4e692b9ed04b06667504764f8e76aa463,distance_from_own_immediate_activation,55.461720388422123,False
QA,O,8,7,8704415d65e72606254fcdb9e57a0d1f8f0c8384a2a29c7c6c89eedab8f6669a,distance_from_own_immediate_activation,34.583355548950045,False
QA,O,8,8,af66ed3714a102e1ed4481ef7fb5d422bfb3471808413ad77b3edb92f8d9a40d,q_after,0.76858487661030106,False
QA,O,8,8,bb5ae5b8b3ae041c99d534937d4d040ed5f2a5596b6b3c42b3839c44adbe1513,q_after,0.19820684006050565,False
QA,O,8,8,f30078d6d8f44bf7dc4c8052ae871614b00ba8bb789b67892dbf178a85412fe1,distance_from_own_immediate_activation,0,False
QA,O,8,8,c9f8952620ae02f32df759f1d9dd4e4dd404b9459172fb5c7f3185720ee9cef5,distance_from_own_immediate_activation,0,False
QA,O,9,1,48f8e5c9758bc1ecd0a5d87381377f2e938e3fbd115904598f843ea205a1cb29,q_after,1.3140311167589653,False
QA,O,9,1,63e9e046e3468bc2aaa15480bfe629a10c7ed43491d17ef3a0eceed9d49c6365,q_after,0.86882421055190273,False
QA,O,9,1,bec2d64187af6c88f13d2db08996689e9e0dd634593dcaa26ba2380288b964d1,distance_from_own_immediate_activation,133.24143694915904,False
QA,O,9,1,55b3125b46809bfd09b46805671031439ad32c9f96657b2e9a2e1d248c8bbb80,distance_from_own_immediate_activation,112.20234846262164,False
QA,O,9,2,6603391ba647ebfc0587eea265b5a908aaadb4f41fc80cd591c0669f66deae28,q_after,1.3466653614639816,False
QA,O,9,2,267a890d7007a68b7597dcfc61c935856423968f054b281e0684c5226ff00409,q_after,1.0902540225696766,False
QA,O,9,2,6603391ba647ebfc0587eea265b5a908aaadb4f41fc80cd591c0669f66deae28,distance_from_own_immediate_activation,117.54611258694636,False
QA,O,9,2,a764392b1f188fcbcf1f2ac6620b5bf6b02e542fcf9177625ce60661ebe173bf,distance_from_own_immediate_activation,98.715373847155561,False
QA,O,9,3,8b62da126c320ee8c8382166f83ac01b0a61b7cdc9dad5d1cfe059844c8ecd55,q_after,10.491536370742205,False
QA,O,9,3,a9611cb14c48c4cb8dffb003fd9637aa1bfa4640de9ea2ce5271747bef8792a7,q_after,2.7401217387095089,False
QA,O,9,3,8b62da126c320ee8c8382166f83ac01b0a61b7cdc9dad5d1cfe059844c8ecd55,distance_from_own_immediate_activation,1706.6953141961067,False
QA,O,9,3,cbcb4f07d73bad75caec058156c6c238258ce78fb4e1dab72ce272db69cc8c77,distance_from_own_immediate_activation,193.61396437795278,False
QA,O,9,4,72485696a3c613ab2fb17bd133c8b3e02728a46e662b31975a05f75b5f212480,q_after,1.1173792525695749,False
QA,O,9,4,d6d01656f6313b328ad8bfcac029d7940e57cf0c93f05e69ae9bc329dadfcfa7,q_after,1.0247356367372535,False
QA,O,9,4,f597646b2170911abc0a9f16b08edea8666c21a6d17cd5f0d296616fb8fbc73d,distance_from_own_immediate_activation,174.61221170091935,False
QA,O,9,4,3ea8e9bad92d8a6de26f0464fa86fbba7f8f6c5b42442b759bf6b6984d41789c,distance_from_own_immediate_activation,127.66752519484086,False
QA,O,9,5,c772c96cc3ed429bba98d896d998a9066e96a5c5e3b7ae18a51a54b9e1fab7bf,q_after,1.5154886455822254,False
QA,O,9,5,589538be01a86310c56851a8bc919cd5960a401251a24f1727344c0e836aebfc,q_after,1.0000110155558495,False
QA,O,9,5,663ae9123217413f4a6aa39ab1a2a57692593c52b7036655224c856f6aa5c139,distance_from_own_immediate_activation,143.18263065405671,False
QA,O,9,5,c772c96cc3ed429bba98d896d998a9066e96a5c5e3b7ae18a51a54b9e1fab7bf,distance_from_own_immediate_activation,135.29796834918821,False
QA,O,9,6,93f4fe9bbf7974bf98b743b2f1307fd839bc6b2960fafd843cfe3eda879379b4,q_after,10.309595501530881,False
QA,O,9,6,747c585f04c3591e36bc833c9ceb06cf8c210fa7b2eada208f590ac0a1fa420e,q_after,2.0973910342036297,False
QA,O,9,6,93f4fe9bbf7974bf98b743b2f1307fd839bc6b2960fafd843cfe3eda879379b4,distance_from_own_immediate_activation,1793.2739085145749,False
QA,O,9,6,c8a82229789dd56c64ca2059eefcf51085a0a7f323ce6c4d76c1038374b96e4f,distance_from_own_immediate_activation,141.11422097533566,False
QA,O,9,7,dff1198769a4b7e016e4316af86ddd0f20cd348fde4b3b4ff103fed1c09eeebe,q_after,0.62636313399106425,False
QA,O,9,7,0f0159173d4b8467e92c0a8b82dd25b4e692b9ed04b06667504764f8e76aa463,q_after,0.61134118816314231,False
QA,O,9,7,0f0159173d4b8467e92c0a8b82dd25b4e692b9ed04b06667504764f8e76aa463,distance_from_own_immediate_activation,76.460519670498968,False
QA,O,9,7,8704415d65e72606254fcdb9e57a0d1f8f0c8384a2a29c7c6c89eedab8f6669a,distance_from_own_immediate_activation,45.054422876955691,False
QA,O,9,8,af66ed3714a102e1ed4481ef7fb5d422bfb3471808413ad77b3edb92f8d9a40d,q_after,0.81460665856122327,False
QA,O,9,8,bb5ae5b8b3ae041c99d534937d4d040ed5f2a5596b6b3c42b3839c44adbe1513,q_after,0.25011071802944179,False
QA,O,9,8,af66ed3714a102e1ed4481ef7fb5d422bfb3471808413ad77b3edb92f8d9a40d,distance_from_own_immediate_activation,135.28445867434277,False
QA,O,9,8,ee00bdbf22d6681b0d8ede9f98d68971249eda4b761148f8e39d7e77b01c69fd,distance_from_own_immediate_activation,39.556612800503551,False
QA,O,9,9,c8759136267f7e6af3367ae9d6b1891b5f2533ffe01bc2ffb0d0de1cb8e9085e,q_after,1.1066298407971997,False
QA,O,9,9,93f5330df70c8aded8099a1f83c0c4850bc73f6a92d3c731fa60b9c9e63576e9,q_after,0.20915144714590977,False
QA,O,9,9,194178db5ac524e6c7517cc57e2e3431cff936ec930778a4b17ef981c4514f7f,distance_from_own_immediate_activation,0,False
QA,O,9,9,31d57823193fde3c88a529a47704ed415975d35c2ef62ca633ff76987bd7b939,distance_from_own_immediate_activation,0,False
QA,O,10,1,48f8e5c9758bc1ecd0a5d87381377f2e938e3fbd115904598f843ea205a1cb29,q_after,1.3503999020998942,False
QA,O,10,1,63e9e046e3468bc2aaa15480bfe629a10c7ed43491d17ef3a0eceed9d49c6365,q_after,0.90413208106901644,False
QA,O,10,1,bec2d64187af6c88f13d2db08996689e9e0dd634593dcaa26ba2380288b964d1,distance_from_own_immediate_activation,135.19089890257371,False
QA,O,10,1,55b3125b46809bfd09b46805671031439ad32c9f96657b2e9a2e1d248c8bbb80,distance_from_own_immediate_activation,113.9185382245054,False
QA,O,10,2,6603391ba647ebfc0587eea265b5a908aaadb4f41fc80cd591c0669f66deae28,q_after,1.4620828147866369,False
QA,O,10,2,267a890d7007a68b7597dcfc61c935856423968f054b281e0684c5226ff00409,q_after,1.1507537056803663,False
QA,O,10,2,6603391ba647ebfc0587eea265b5a908aaadb4f41fc80cd591c0669f66deae28,distance_from_own_immediate_activation,127.61294239126003,False
QA,O,10,2,a764392b1f188fcbcf1f2ac6620b5bf6b02e542fcf9177625ce60661ebe173bf,distance_from_own_immediate_activation,103.13463894643638,False
QA,O,10,3,8b62da126c320ee8c8382166f83ac01b0a61b7cdc9dad5d1cfe059844c8ecd55,q_after,10.467279200194142,False
QA,O,10,3,a9611cb14c48c4cb8dffb003fd9637aa1bfa4640de9ea2ce5271747bef8792a7,q_after,2.8290645099310079,False
QA,O,10,3,8b62da126c320ee8c8382166f83ac01b0a61b7cdc9dad5d1cfe059844c8ecd55,distance_from_own_immediate_activation,1702.7209186123664,False
QA,O,10,3,cbcb4f07d73bad75caec058156c6c238258ce78fb4e1dab72ce272db69cc8c77,distance_from_own_immediate_activation,194.8681257247963,False
QA,O,10,4,5abd3eacc2d9d05cc7ca87403cf11e70f930a513e505a3fdd178946f2b51a3f2,q_after,1.535020554334251,False
QA,O,10,4,72485696a3c613ab2fb17bd133c8b3e02728a46e662b31975a05f75b5f212480,q_after,1.2471765899247336,False
QA,O,10,4,5abd3eacc2d9d05cc7ca87403cf11e70f930a513e505a3fdd178946f2b51a3f2,distance_from_own_immediate_activation,209.56976701306633,False
QA,O,10,4,f597646b2170911abc0a9f16b08edea8666c21a6d17cd5f0d296616fb8fbc73d,distance_from_own_immediate_activation,178.17734824295576,False
QA,O,10,5,c772c96cc3ed429bba98d896d998a9066e96a5c5e3b7ae18a51a54b9e1fab7bf,q_after,1.583358663033041,False
QA,O,10,5,589538be01a86310c56851a8bc919cd5960a401251a24f1727344c0e836aebfc,q_after,1.1072750921601211,False
QA,O,10,5,663ae9123217413f4a6aa39ab1a2a57692593c52b7036655224c856f6aa5c139,distance_from_own_immediate_activation,144.18029908655197,False
QA,O,10,5,c772c96cc3ed429bba98d896d998a9066e96a5c5e3b7ae18a51a54b9e1fab7bf,distance_from_own_immediate_activation,141.30813449699914,False
QA,O,10,6,93f4fe9bbf7974bf98b743b2f1307fd839bc6b2960fafd843cfe3eda879379b4,q_after,10.287325229508792,False
QA,O,10,6,747c585f04c3591e36bc833c9ceb06cf8c210fa7b2eada208f590ac0a1fa420e,q_after,2.1342341914085834,False
QA,O,10,6,93f4fe9bbf7974bf98b743b2f1307fd839bc6b2960fafd843cfe3eda879379b4,distance_from_own_immediate_activation,1789.3748590464641,False
QA,O,10,6,c8a82229789dd56c64ca2059eefcf51085a0a7f323ce6c4d76c1038374b96e4f,distance_from_own_immediate_activation,146.58955240256199,False
QA,O,10,7,dff1198769a4b7e016e4316af86ddd0f20cd348fde4b3b4ff103fed1c09eeebe,q_after,0.70521139153595647,False
QA,O,10,7,0f0159173d4b8467e92c0a8b82dd25b4e692b9ed04b06667504764f8e76aa463,q_after,0.6718444598308243,False
QA,O,10,7,0f0159173d4b8467e92c0a8b82dd25b4e692b9ed04b06667504764f8e76aa463,distance_from_own_immediate_activation,87.467711380992199,False
QA,O,10,7,bbf2e33a44d04486b2c89492ce63fba130f126a87b3a155f0176809a9aee3d7b,distance_from_own_immediate_activation,51.593060006468292,False
QA,O,10,8,af66ed3714a102e1ed4481ef7fb5d422bfb3471808413ad77b3edb92f8d9a40d,q_after,0.82169289049180327,False
QA,O,10,8,bb5ae5b8b3ae041c99d534937d4d040ed5f2a5596b6b3c42b3839c44adbe1513,q_after,0.27105152189648718,False
QA,O,10,8,af66ed3714a102e1ed4481ef7fb5d422bfb3471808413ad77b3edb92f8d9a40d,distance_from_own_immediate_activation,136.8731925381307,False
QA,O,10,8,ee00bdbf22d6681b0d8ede9f98d68971249eda4b761148f8e39d7e77b01c69fd,distance_from_own_immediate_activation,44.699506518114241,False
QA,O,10,9,c8759136267f7e6af3367ae9d6b1891b5f2533ffe01bc2ffb0d0de1cb8e9085e,q_after,1.1080665464255124,False
QA,O,10,9,93f5330df70c8aded8099a1f83c0c4850bc73f6a92d3c731fa60b9c9e63576e9,q_after,0.49144945049784949,False
QA,O,10,9,93f5330df70c8aded8099a1f83c0c4850bc73f6a92d3c731fa60b9c9e63576e9,distance_from_own_immediate_activation,113.86858865955421,False
QA,O,10,9,22455ec5682e879182a5988d87aafb70ced7aaf8d123fcafdbf9e24082434b1c,distance_from_own_immediate_activation,62.555264779966649,False
QA,O,10,10,e60031fb57fdf875446599680ddd3b6bb2310109d6d5fab793d5b155e197f045,q_after,0.10535977705255248,False
QA,O,10,10,841199dc5e2a19309eac2522eec3db8e70bb86e0809cc370eff6a34803a1b6f5,q_after,0.1009104306178238,False
QA,O,10,10,498726f516ca2b5b6c3abb41abe5aabe486467b0175f90d10eb394571795ce5a,distance_from_own_immediate_activation,0,False
QA,O,10,10,9894445f110df76e317bb1ab36bffa15c2e90d4335205e958131010a783cf63d,distance_from_own_immediate_activation,0,False
QA,QCL,1,1,0f87867b9b690190efe9e3d65b533309c8a7791ed39a0a0b7c231d0b7d6a89a0,q_after,0.22754216336671945,False
QA,QCL,1,1,569f1a97c3971140f8e826932006d0d697bae8da7872d2105db2e6eab60839d6,q_after,0.17978044360355577,False
QA,QCL,1,1,285a3add6f31d8546b0d76689a016bc0f9f7d8e58c95f54e87bba48ad5cabc65,distance_from_own_immediate_activation,0,False
QA,QCL,1,1,6abbaf2496b409f11036390da3b47c9272a243b8a164ca3d9f9a65fafbec985d,distance_from_own_immediate_activation,0,False
QA,QCL,2,1,0f87867b9b690190efe9e3d65b533309c8a7791ed39a0a0b7c231d0b7d6a89a0,q_after,0.23619977398610292,False
QA,QCL,2,1,93d42cde8e8fd31026407a218569f7f6e8f3966169613fa62ecac7505fffc82b,q_after,0.1887956571099853,False
QA,QCL,2,1,2d7a05de733521918b9b3c10f95568ee42e8fa4bbeb9911964758f2e95f6e9e4,distance_from_own_immediate_activation,3.9718978863358636,False
QA,QCL,2,1,50b6d7182bbb50024151c35a1af67f6f578882edaea4f98b765ec14cd313defc,distance_from_own_immediate_activation,3.9220097022802722,False
QA,QCL,2,2,eb44a5ac1a70333ac48126f078de8772a202939ece48b0f3b5f10bb60e239ed4,q_after,0.18618303223473642,False
QA,QCL,2,2,7bb7fd3dd2aeb10634eb125c0a2d2aaf02cb20340d172fe66a71f3af96fd60ce,q_after,0.18035779112392222,False
QA,QCL,2,2,f742e3b08cc43666fd7f6e3f269849a7e50f2847ec2b4e38de638a9da8e99747,distance_from_own_immediate_activation,0,False
QA,QCL,2,2,c00ba5c00aeed6290e334d4cd5abd3b223eb0b0d3fe00c61dd63a733904b0504,distance_from_own_immediate_activation,0,False
QA,QCL,3,1,0f87867b9b690190efe9e3d65b533309c8a7791ed39a0a0b7c231d0b7d6a89a0,q_after,0.23594061553872464,False
QA,QCL,3,1,1f15ad772a9fa6b37e334f9e0a833b6b234fbcc3e02b033e20f4c8f7f264ec9f,q_after,0.21769580642259251,False
QA,QCL,3,1,1f15ad772a9fa6b37e334f9e0a833b6b234fbcc3e02b033e20f4c8f7f264ec9f,distance_from_own_immediate_activation,24.581708164451186,False
QA,QCL,3,1,2d7a05de733521918b9b3c10f95568ee42e8fa4bbeb9911964758f2e95f6e9e4,distance_from_own_immediate_activation,7.0941982880013352,False
QA,QCL,3,2,7bb7fd3dd2aeb10634eb125c0a2d2aaf02cb20340d172fe66a71f3af96fd60ce,q_after,0.19590240407500878,False
QA,QCL,3,2,eb44a5ac1a70333ac48126f078de8772a202939ece48b0f3b5f10bb60e239ed4,q_after,0.18942377461545273,False
QA,QCL,3,2,cfe57172cb98b0710c97423a5f5a57d33035179d53d3f68eca197a5789036440,distance_from_own_immediate_activation,5.8233517707994249,False
QA,QCL,3,2,077ecc1fbb5c48bee00157c650c36b7802476b49304a60f068f54e9eeb5918b3,distance_from_own_immediate_activation,5.0581896318190784,False
QA,QCL,3,3,08f5ce1ca163e3700d35c52504edd1232b0d6163bc1036179983f164adde009f,q_after,0.19658943095976805,False
QA,QCL,3,3,15a281b340f988f78f10092c753d4e414a405d907ed2d083e00b99bcc9e59245,q_after,0.17855083366379906,False
QA,QCL,3,3,5fe5cc36167302a9bb9453cf9a190bce75a6ebf70356e4b2d43262df4ea70e7e,distance_from_own_immediate_activation,0,False
QA,QCL,3,3,748b77c32e5597fd9ab954ae967d71dfca3c97aa792238480bf57c353b9f7c3b,distance_from_own_immediate_activation,0,False
QA,QCL,4,1,0f87867b9b690190efe9e3d65b533309c8a7791ed39a0a0b7c231d0b7d6a89a0,q_after,0.2392539492612262,False
QA,QCL,4,1,1f15ad772a9fa6b37e334f9e0a833b6b234fbcc3e02b033e20f4c8f7f264ec9f,q_after,0.22269369459811947,False
QA,QCL,4,1,1f15ad772a9fa6b37e334f9e0a833b6b234fbcc3e02b033e20f4c8f7f264ec9f,distance_from_own_immediate_activation,25.657495683528499,False
QA,QCL,4,1,50b6d7182bbb50024151c35a1af67f6f578882edaea4f98b765ec14cd313defc,distance_from_own_immediate_activation,8.3198740555845934,False
QA,QCL,4,2,cfe57172cb98b0710c97423a5f5a57d33035179d53d3f68eca197a5789036440,q_after,0.1979213354535142,False
QA,QCL,4,2,7bb7fd3dd2aeb10634eb125c0a2d2aaf02cb20340d172fe66a71f3af96fd60ce,q_after,0.19383486946568385,False
QA,QCL,4,2,cfe57172cb98b0710c97423a5f5a57d33035179d53d3f68eca197a5789036440,distance_from_own_immediate_activation,7.6492231218407909,False
QA,QCL,4,2,dc2b4304898991c55f2e21a6de682f775a2f588a4b2b9b6bdd5439bdff65fee5,distance_from_own_immediate_activation,7.4473201645231581,False
QA,QCL,4,3,08f5ce1ca163e3700d35c52504edd1232b0d6163bc1036179983f164adde009f,q_after,0.19810462781148958,False
QA,QCL,4,3,3b7c53beb61d82ec20812466f13f859b539aa51a5ac0481da5db7979d0708067,q_after,0.18311847544490026,False
QA,QCL,4,3,8b62da126c320ee8c8382166f83ac01b0a61b7cdc9dad5d1cfe059844c8ecd55,distance_from_own_immediate_activation,7.1482689264243922,False
QA,QCL,4,3,cbcb4f07d73bad75caec058156c6c238258ce78fb4e1dab72ce272db69cc8c77,distance_from_own_immediate_activation,4.5676321041908219,False
QA,QCL,4,4,a4329d0ac860e80a3c0b15f6ac91f410a27591060c6d5fd2f0c29653cbb26c6a,q_after,0.18405731072738479,False
QA,QCL,4,4,f928b2c5cbd3be5e6131fe5228993cde81c9a7c403c4087eee34dc0498a2f00a,q_after,0.18253863594813766,False
QA,QCL,4,4,b74477e088614db975b9ef3aaba64df62b78acfc4f63433e65ca1d0781dcffe1,distance_from_own_immediate_activation,0,False
QA,QCL,4,4,75df0f36573c040611750a4f824c17e612ade8e4b5e3a222af3a9c77dd369af4,distance_from_own_immediate_activation,0,False
QA,QCL,5,1,0f87867b9b690190efe9e3d65b533309c8a7791ed39a0a0b7c231d0b7d6a89a0,q_after,0.23509423737381649,False
QA,QCL,5,1,1f15ad772a9fa6b37e334f9e0a833b6b234fbcc3e02b033e20f4c8f7f264ec9f,q_after,0.22092850248412924,False
QA,QCL,5,1,1f15ad772a9fa6b37e334f9e0a833b6b234fbcc3e02b033e20f4c8f7f264ec9f,distance_from_own_immediate_activation,25.420753836724952,False
QA,QCL,5,1,2d7a05de733521918b9b3c10f95568ee42e8fa4bbeb9911964758f2e95f6e9e4,distance_from_own_immediate_activation,10.142071294192615,False
QA,QCL,5,2,48d795fd3608fe062c655654f649b9e708725b3267c5132f01b2cbcc0e3cc2e1,q_after,0.21962038923946176,False
QA,QCL,5,2,cfe57172cb98b0710c97423a5f5a57d33035179d53d3f68eca197a5789036440,q_after,0.20320646283151791,False
QA,QCL,5,2,48d795fd3608fe062c655654f649b9e708725b3267c5132f01b2cbcc0e3cc2e1,distance_from_own_immediate_activation,10.627289323048855,False
QA,QCL,5,2,cfe57172cb98b0710c97423a5f5a57d33035179d53d3f68eca197a5789036440,distance_from_own_immediate_activation,8.2890249205799957,False
QA,QCL,5,3,08f5ce1ca163e3700d35c52504edd1232b0d6163bc1036179983f164adde009f,q_after,0.20110837263228584,False
QA,QCL,5,3,55e756868e63131ba25d0819bf4e65c29e81e02b2425c68a8eaf534e49ccc543,q_after,0.18624755446304619,False
QA,QCL,5,3,d4b109253c320baa212c079a8c8508e2df92d46eb2c28bdae70970323223535d,distance_from_own_immediate_activation,9.2018971610413036,False
QA,QCL,5,3,8b62da126c320ee8c8382166f83ac01b0a61b7cdc9dad5d1cfe059844c8ecd55,distance_from_own_immediate_activation,7.7999820230965389,False
QA,QCL,5,4,69c85f90e4c3a8306921c8bcc8856835a6b1807eda6d628c40770c1531efbf23,q_after,0.18570739801364794,False
QA,QCL,5,4,a4329d0ac860e80a3c0b15f6ac91f410a27591060c6d5fd2f0c29653cbb26c6a,q_after,0.18458040747692506,False
QA,QCL,5,4,5abd3eacc2d9d05cc7ca87403cf11e70f930a513e505a3fdd178946f2b51a3f2,distance_from_own_immediate_activation,4.5123111655818819,False
QA,QCL,5,4,c26bed2c2ca3b2f918bb83e82bd9732d1504e8c09f5a56558583dc287bff8400,distance_from_own_immediate_activation,4.368391724178954,False
QA,QCL,5,5,09f500fd1bf4ef4eaa39d38cf251496d734b8ccd57d963fd8513ecbfa53f47a7,q_after,0.19254254959523762,False
QA,QCL,5,5,5d09316d87ced4e5faebccbcf05b73b088f46505da6767192fbdbe278dd79998,q_after,0.18137852045807659,False
QA,QCL,5,5,5b84c1c1bac6d9c9495e0d2d313d0b616314a82781835eeed7f9f22473bf6d62,distance_from_own_immediate_activation,0,False
QA,QCL,5,5,e5ad6f2d686323a16d0fded4072da1dc7728d193c1789d134033681e537b2e49,distance_from_own_immediate_activation,0,False
QA,QCL,6,1,0f87867b9b690190efe9e3d65b533309c8a7791ed39a0a0b7c231d0b7d6a89a0,q_after,0.2330050448527331,False
QA,QCL,6,1,c2a511b461d586287863e69ded39d72e773ee7ff59c54b951a1fc191530a9230,q_after,0.22250179615577612,False
QA,QCL,6,1,1f15ad772a9fa6b37e334f9e0a833b6b234fbcc3e02b033e20f4c8f7f264ec9f,distance_from_own_immediate_activation,21.497804054334761,False
QA,QCL,6,1,c2a511b461d586287863e69ded39d72e773ee7ff59c54b951a1fc191530a9230,distance_from_own_immediate_activation,11.622123664929372,False
QA,QCL,6,2,cfe57172cb98b0710c97423a5f5a57d33035179d53d3f68eca197a5789036440,q_after,0.25991753851108651,False
QA,QCL,6,2,48d795fd3608fe062c655654f649b9e708725b3267c5132f01b2cbcc0e3cc2e1,q_after,0.22645493849402765,False
QA,QCL,6,2,cfe57172cb98b0710c97423a5f5a57d33035179d53d3f68eca197a5789036440,distance_from_own_immediate_activation,12.465968198974577,False
QA,QCL,6,2,48d795fd3608fe062c655654f649b9e708725b3267c5132f01b2cbcc0e3cc2e1,distance_from_own_immediate_activation,11.921375078808738,False
QA,QCL,6,3,a9611cb14c48c4cb8dffb003fd9637aa1bfa4640de9ea2ce5271747bef8792a7,q_after,0.26506568893354593,False
QA,QCL,6,3,08f5ce1ca163e3700d35c52504edd1232b0d6163bc1036179983f164adde009f,q_after,0.21310480967690876,False
QA,QCL,6,3,8b62da126c320ee8c8382166f83ac01b0a61b7cdc9dad5d1cfe059844c8ecd55,distance_from_own_immediate_activation,30.127166170154617,False
QA,QCL,6,3,a9611cb14c48c4cb8dffb003fd9637aa1bfa4640de9ea2ce5271747bef8792a7,distance_from_own_immediate_activation,14.601898129034511,False
QA,QCL,6,4,69c85f90e4c3a8306921c8bcc8856835a6b1807eda6d628c40770c1531efbf23,q_after,0.19677068961183275,False
QA,QCL,6,4,d6d01656f6313b328ad8bfcac029d7940e57cf0c93f05e69ae9bc329dadfcfa7,q_after,0.19041332532231167,False
QA,QCL,6,4,f597646b2170911abc0a9f16b08edea8666c21a6d17cd5f0d296616fb8fbc73d,distance_from_own_immediate_activation,9.5251180541402789,False
QA,QCL,6,4,72485696a3c613ab2fb17bd133c8b3e02728a46e662b31975a05f75b5f212480,distance_from_own_immediate_activation,7.6918848880617237,False
QA,QCL,6,5,41a860cd4672ba7ae8e65c845b3b180143808f101ede6b92e05155819acbada1,q_after,0.21550694293243108,False
QA,QCL,6,5,09f500fd1bf4ef4eaa39d38cf251496d734b8ccd57d963fd8513ecbfa53f47a7,q_after,0.20187238404663344,False
QA,QCL,6,5,c772c96cc3ed429bba98d896d998a9066e96a5c5e3b7ae18a51a54b9e1fab7bf,distance_from_own_immediate_activation,12.436341459402886,False
QA,QCL,6,5,41a860cd4672ba7ae8e65c845b3b180143808f101ede6b92e05155819acbada1,distance_from_own_immediate_activation,11.651158970648487,False
QA,QCL,6,6,93f4fe9bbf7974bf98b743b2f1307fd839bc6b2960fafd843cfe3eda879379b4,q_after,0.79056860404511353,False
QA,QCL,6,6,6c0bc41e03a2afe340b8f90cf6b66f88be0e58ee6a2f3ee6f761b1e651ea31d3,q_after,0.18840682966636732,False
QA,QCL,6,6,8a9041037dbc17f886486516e3c6a025512c6bdc9ebc902afd1b7b83a6f28b04,distance_from_own_immediate_activation,0,False
QA,QCL,6,6,1cfe090c9861932226bef865ff03923d860fb91023a5ebe93c3bab1a657257cb,distance_from_own_immediate_activation,0,False
QA,QCL,7,1,48f8e5c9758bc1ecd0a5d87381377f2e938e3fbd115904598f843ea205a1cb29,q_after,0.74527105121896409,False
QA,QCL,7,1,63e9e046e3468bc2aaa15480bfe629a10c7ed43491d17ef3a0eceed9d49c6365,q_after,0.56469187292330358,False
QA,QCL,7,1,bec2d64187af6c88f13d2db08996689e9e0dd634593dcaa26ba2380288b964d1,distance_from_own_immediate_activation,80.438624870479856,False
QA,QCL,7,1,55b3125b46809bfd09b46805671031439ad32c9f96657b2e9a2e1d248c8bbb80,distance_from_own_immediate_activation,62.759963627599362,False
QA,QCL,7,2,6603391ba647ebfc0587eea265b5a908aaadb4f41fc80cd591c0669f66deae28,q_after,0.75403363927746858,False
QA,QCL,7,2,cfe57172cb98b0710c97423a5f5a57d33035179d53d3f68eca197a5789036440,q_after,0.6953646184386435,False
QA,QCL,7,2,6603391ba647ebfc0587eea265b5a908aaadb4f41fc80cd591c0669f66deae28,distance_from_own_immediate_activation,71.006938901558911,False
QA,QCL,7,2,3cdca20faa89337259315a720eb59e4275ec2519eb1db85ceb51446a8cbf2245,distance_from_own_immediate_activation,54.143894949110447,False
QA,QCL,7,3,8b62da126c320ee8c8382166f83ac01b0a61b7cdc9dad5d1cfe059844c8ecd55,q_after,5.6338519407205085,False
QA,QCL,7,3,a9611cb14c48c4cb8dffb003fd9637aa1bfa4640de9ea2ce5271747bef8792a7,q_after,1.7820097129279229,False
QA,QCL,7,3,8b62da126c320ee8c8382166f83ac01b0a61b7cdc9dad5d1cfe059844c8ecd55,distance_from_own_immediate_activation,892.10502227067673,False
QA,QCL,7,3,cbcb4f07d73bad75caec058156c6c238258ce78fb4e1dab72ce272db69cc8c77,distance_from_own_immediate_activation,132.06994130447336,False
QA,QCL,7,4,f597646b2170911abc0a9f16b08edea8666c21a6d17cd5f0d296616fb8fbc73d,q_after,0.95528754330681964,False
QA,QCL,7,4,531f1e4fc168d00cfd26706b6a3bfc2c3ce7403f0f6b65938ac2e54a2c36e0f9,q_after,0.60473463124382443,False
QA,QCL,7,4,f597646b2170911abc0a9f16b08edea8666c21a6d17cd5f0d296616fb8fbc73d,distance_from_own_immediate_activation,86.714418509489107,False
QA,QCL,7,4,531f1e4fc168d00cfd26706b6a3bfc2c3ce7403f0f6b65938ac2e54a2c36e0f9,distance_from_own_immediate_activation,73.169131355345712,False
QA,QCL,7,5,f233c70ce7ef91da6d0541ec6083342e910b20caed60aa21f773d937bc51cc4d,q_after,1.1223764817468129,False
QA,QCL,7,5,c772c96cc3ed429bba98d896d998a9066e96a5c5e3b7ae18a51a54b9e1fab7bf,q_after,1.0463327137603098,False
QA,QCL,7,5,c772c96cc3ed429bba98d896d998a9066e96a5c5e3b7ae18a51a54b9e1fab7bf,distance_from_own_immediate_activation,85.553241704025723,False
QA,QCL,7,5,663ae9123217413f4a6aa39ab1a2a57692593c52b7036655224c856f6aa5c139,distance_from_own_immediate_activation,80.667511848573312,False
QA,QCL,7,6,93f4fe9bbf7974bf98b743b2f1307fd839bc6b2960fafd843cfe3eda879379b4,q_after,5.6133181785409345,False
QA,QCL,7,6,747c585f04c3591e36bc833c9ceb06cf8c210fa7b2eada208f590ac0a1fa420e,q_after,1.1866813348745386,False
QA,QCL,7,6,93f4fe9bbf7974bf98b743b2f1307fd839bc6b2960fafd843cfe3eda879379b4,distance_from_own_immediate_activation,936.08390073742646,False
QA,QCL,7,6,c8a82229789dd56c64ca2059eefcf51085a0a7f323ce6c4d76c1038374b96e4f,distance_from_own_immediate_activation,103.44511444762992,False
QA,QCL,7,7,0f0159173d4b8467e92c0a8b82dd25b4e692b9ed04b06667504764f8e76aa463,q_after,0.27434343750802703,False
QA,QCL,7,7,bbf2e33a44d04486b2c89492ce63fba130f126a87b3a155f0176809a9aee3d7b,q_after,0.25190672717275359,False
QA,QCL,7,7,d82b4b74485c4ef9b4b12f1c2fabad4c0109165ed4e5d7f934133ea726a65ae9,distance_from_own_immediate_activation,0,False
QA,QCL,7,7,f6676ed348d4d873923c058111d2f76ed59e8b3bffd08a972593e7195e1501db,distance_from_own_immediate_activation,0,False
QA,QCL,8,1,48f8e5c9758bc1ecd0a5d87381377f2e938e3fbd115904598f843ea205a1cb29,q_after,0.7827419631300947,False
QA,QCL,8,1,3e85fe2dc398bc4391de8657ba293c4c2da08fa360ff4e648e41a041f0e4caa8,q_after,0.58513685250469716,False
QA,QCL,8,1,bec2d64187af6c88f13d2db08996689e9e0dd634593dcaa26ba2380288b964d1,distance_from_own_immediate_activation,84.41652447737161,False
QA,QCL,8,1,55b3125b46809bfd09b46805671031439ad32c9f96657b2e9a2e1d248c8bbb80,distance_from_own_immediate_activation,65.044707761662607,False
QA,QCL,8,2,6603391ba647ebfc0587eea265b5a908aaadb4f41fc80cd591c0669f66deae28,q_after,0.78999572229093451,False
QA,QCL,8,2,cfe57172cb98b0710c97423a5f5a57d33035179d53d3f68eca197a5789036440,q_after,0.7390074629729243,False
QA,QCL,8,2,6603391ba647ebfc0587eea265b5a908aaadb4f41fc80cd591c0669f66deae28,distance_from_own_immediate_activation,75.772814784132422,False
QA,QCL,8,2,3cdca20faa89337259315a720eb59e4275ec2519eb1db85ceb51446a8cbf2245,distance_from_own_immediate_activation,55.625883610432872,False
QA,QCL,8,3,8b62da126c320ee8c8382166f83ac01b0a61b7cdc9dad5d1cfe059844c8ecd55,q_after,5.6538492567478436,False
QA,QCL,8,3,a9611cb14c48c4cb8dffb003fd9637aa1bfa4640de9ea2ce5271747bef8792a7,q_after,1.9453559409723415,False
QA,QCL,8,3,8b62da126c320ee8c8382166f83ac01b0a61b7cdc9dad5d1cfe059844c8ecd55,distance_from_own_immediate_activation,895.27455886001371,False
QA,QCL,8,3,cbcb4f07d73bad75caec058156c6c238258ce78fb4e1dab72ce272db69cc8c77,distance_from_own_immediate_activation,137.35403109262984,False
QA,QCL,8,4,f597646b2170911abc0a9f16b08edea8666c21a6d17cd5f0d296616fb8fbc73d,q_after,1.0270724211170612,False
QA,QCL,8,4,531f1e4fc168d00cfd26706b6a3bfc2c3ce7403f0f6b65938ac2e54a2c36e0f9,q_after,0.61463548866636097,False
QA,QCL,8,4,f597646b2170911abc0a9f16b08edea8666c21a6d17cd5f0d296616fb8fbc73d,distance_from_own_immediate_activation,93.87049032981264,False
QA,QCL,8,4,531f1e4fc168d00cfd26706b6a3bfc2c3ce7403f0f6b65938ac2e54a2c36e0f9,distance_from_own_immediate_activation,74.837895941133027,False
QA,QCL,8,5,f233c70ce7ef91da6d0541ec6083342e910b20caed60aa21f773d937bc51cc4d,q_after,1.2073380014451569,False
QA,QCL,8,5,c772c96cc3ed429bba98d896d998a9066e96a5c5e3b7ae18a51a54b9e1fab7bf,q_after,1.1030076535289743,False
QA,QCL,8,5,c772c96cc3ed429bba98d896d998a9066e96a5c5e3b7ae18a51a54b9e1fab7bf,distance_from_own_immediate_activation,91.024513615673499,False
QA,QCL,8,5,f233c70ce7ef91da6d0541ec6083342e910b20caed60aa21f773d937bc51cc4d,distance_from_own_immediate_activation,84.994940541080751,False
QA,QCL,8,6,93f4fe9bbf7974bf98b743b2f1307fd839bc6b2960fafd843cfe3eda879379b4,q_after,5.6354007288028454,False
QA,QCL,8,6,747c585f04c3591e36bc833c9ceb06cf8c210fa7b2eada208f590ac0a1fa420e,q_after,1.5269632023517101,False
QA,QCL,8,6,93f4fe9bbf7974bf98b743b2f1307fd839bc6b2960fafd843cfe3eda879379b4,distance_from_own_immediate_activation,939.72406384817737,False
QA,QCL,8,6,c8a82229789dd56c64ca2059eefcf51085a0a7f323ce6c4d76c1038374b96e4f,distance_from_own_immediate_activation,108.40953006227804,False
QA,QCL,8,7,0f0159173d4b8467e92c0a8b82dd25b4e692b9ed04b06667504764f8e76aa463,q_after,0.58562778283645678,False
QA,QCL,8,7,bbf2e33a44d04486b2c89492ce63fba130f126a87b3a155f0176809a9aee3d7b,q_after,0.55278929854441572,False
QA,QCL,8,7,0f0159173d4b8467e92c0a8b82dd25b4e692b9ed04b06667504764f8e76aa463,distance_from_own_immediate_activation,48.44963959571718,False
QA,QCL,8,7,bbf2e33a44d04486b2c89492ce63fba130f126a87b3a155f0176809a9aee3d7b,distance_from_own_immediate_activation,31.027485329439646,False
QA,QCL,8,8,af66ed3714a102e1ed4481ef7fb5d422bfb3471808413ad77b3edb92f8d9a40d,q_after,0.78897154244855228,False
QA,QCL,8,8,6e3976e89083ce6dd9f5ad3f47fa72aba176bb7aae2ee44d640a3b0941dcf4be,q_after,0.38212443870706686,False
QA,QCL,8,8,f30078d6d8f44bf7dc4c8052ae871614b00ba8bb789b67892dbf178a85412fe1,distance_from_own_immediate_activation,0,False
QA,QCL,8,8,c9f8952620ae02f32df759f1d9dd4e4dd404b9459172fb5c7f3185720ee9cef5,distance_from_own_immediate_activation,0,False
QA,QCL,9,1,48f8e5c9758bc1ecd0a5d87381377f2e938e3fbd115904598f843ea205a1cb29,q_after,0.83488778514116568,False
QA,QCL,9,1,d62d3daaa98597827218b56a25f7ae3bb2b223eaaf78b7acf4945a97a6ef323f,q_after,0.63114694011158279,False
QA,QCL,9,1,bec2d64187af6c88f13d2db08996689e9e0dd634593dcaa26ba2380288b964d1,distance_from_own_immediate_activation,91.063630637610942,False
QA,QCL,9,1,55b3125b46809bfd09b46805671031439ad32c9f96657b2e9a2e1d248c8bbb80,distance_from_own_immediate_activation,76.946556675428823,False
QA,QCL,9,2,6603391ba647ebfc0587eea265b5a908aaadb4f41fc80cd591c0669f66deae28,q_after,0.83571179290410502,False
QA,QCL,9,2,cfe57172cb98b0710c97423a5f5a57d33035179d53d3f68eca197a5789036440,q_after,0.79242914685591526,False
QA,QCL,9,2,6603391ba647ebfc0587eea265b5a908aaadb4f41fc80cd591c0669f66deae28,distance_from_own_immediate_activation,81.456156389543494,False
QA,QCL,9,2,3cdca20faa89337259315a720eb59e4275ec2519eb1db85ceb51446a8cbf2245,distance_from_own_immediate_activation,58.760742760343824,False
QA,QCL,9,3,8b62da126c320ee8c8382166f83ac01b0a61b7cdc9dad5d1cfe059844c8ecd55,q_after,5.6736682266754368,False
QA,QCL,9,3,a9611cb14c48c4cb8dffb003fd9637aa1bfa4640de9ea2ce5271747bef8792a7,q_after,2.127425867403586,False
QA,QCL,9,3,8b62da126c320ee8c8382166f83ac01b0a61b7cdc9dad5d1cfe059844c8ecd55,distance_from_own_immediate_activation,898.40593798029147,False
QA,QCL,9,3,cbcb4f07d73bad75caec058156c6c238258ce78fb4e1dab72ce272db69cc8c77,distance_from_own_immediate_activation,143.78198041039545,False
QA,QCL,9,4,f597646b2170911abc0a9f16b08edea8666c21a6d17cd5f0d296616fb8fbc73d,q_after,1.0910897774598707,False
QA,QCL,9,4,531f1e4fc168d00cfd26706b6a3bfc2c3ce7403f0f6b65938ac2e54a2c36e0f9,q_after,0.65637639444815932,False
QA,QCL,9,4,f597646b2170911abc0a9f16b08edea8666c21a6d17cd5f0d296616fb8fbc73d,distance_from_own_immediate_activation,100.17299507604565,False
QA,QCL,9,4,531f1e4fc168d00cfd26706b6a3bfc2c3ce7403f0f6b65938ac2e54a2c36e0f9,distance_from_own_immediate_activation,80.908641763087914,False
QA,QCL,9,5,f233c70ce7ef91da6d0541ec6083342e910b20caed60aa21f773d937bc51cc4d,q_after,1.342973736653619,False
QA,QCL,9,5,c772c96cc3ed429bba98d896d998a9066e96a5c5e3b7ae18a51a54b9e1fab7bf,q_after,1.2051645995855882,False
QA,QCL,9,5,c772c96cc3ed429bba98d896d998a9066e96a5c5e3b7ae18a51a54b9e1fab7bf,distance_from_own_immediate_activation,100.04380590298858,False
QA,QCL,9,5,f233c70ce7ef91da6d0541ec6083342e910b20caed60aa21f773d937bc51cc4d,distance_from_own_immediate_activation,95.060240791440464,False
QA,QCL,9,6,93f4fe9bbf7974bf98b743b2f1307fd839bc6b2960fafd843cfe3eda879379b4,q_after,5.6639032266165401,False
QA,QCL,9,6,747c585f04c3591e36bc833c9ceb06cf8c210fa7b2eada208f590ac0a1fa420e,q_after,1.5879594006179667,False
QA,QCL,9,6,93f4fe9bbf7974bf98b743b2f1307fd839bc6b2960fafd843cfe3eda879379b4,distance_from_own_immediate_activation,943.71922234679039,False
QA,QCL,9,6,c8a82229789dd56c64ca2059eefcf51085a0a7f323ce6c4d76c1038374b96e4f,distance_from_own_immediate_activation,120.75765543461114,False
QA,QCL,9,7,0f0159173d4b8467e92c0a8b82dd25b4e692b9ed04b06667504764f8e76aa463,q_after,0.65821602741597418,False
QA,QCL,9,7,bbf2e33a44d04486b2c89492ce63fba130f126a87b3a155f0176809a9aee3d7b,q_after,0.65674071041275772,False
QA,QCL,9,7,0f0159173d4b8467e92c0a8b82dd25b4e692b9ed04b06667504764f8e76aa463,distance_from_own_immediate_activation,54.85596147551486,False
QA,QCL,9,7,bbf2e33a44d04486b2c89492ce63fba130f126a87b3a155f0176809a9aee3d7b,distance_from_own_immediate_activation,37.803830641413064,False
QA,QCL,9,8,af66ed3714a102e1ed4481ef7fb5d422bfb3471808413ad77b3edb92f8d9a40d,q_after,0.85658490575800827,False
QA,QCL,9,8,0653e6a920c1e089a373d4346ffbd762ca5ebcb913ab5b00e03db7d8d514a0e9,q_after,0.4666219782802693,False
QA,QCL,9,8,af66ed3714a102e1ed4481ef7fb5d422bfb3471808413ad77b3edb92f8d9a40d,distance_from_own_immediate_activation,111.43097468330876,False
QA,QCL,9,8,0653e6a920c1e089a373d4346ffbd762ca5ebcb913ab5b00e03db7d8d514a0e9,distance_from_own_immediate_activation,31.545690205922391,False
QA,QCL,9,9,c8759136267f7e6af3367ae9d6b1891b5f2533ffe01bc2ffb0d0de1cb8e9085e,q_after,1.2153449496048963,False
QA,QCL,9,9,93f5330df70c8aded8099a1f83c0c4850bc73f6a92d3c731fa60b9c9e63576e9,q_after,0.34681208975654049,False
QA,QCL,9,9,194178db5ac524e6c7517cc57e2e3431cff936ec930778a4b17ef981c4514f7f,distance_from_own_immediate_activation,0,False
QA,QCL,9,9,31d57823193fde3c88a529a47704ed415975d35c2ef62ca633ff76987bd7b939,distance_from_own_immediate_activation,0,False
QA,QCL,10,1,48f8e5c9758bc1ecd0a5d87381377f2e938e3fbd115904598f843ea205a1cb29,q_after,0.89779657959884274,False
QA,QCL,10,1,d62d3daaa98597827218b56a25f7ae3bb2b223eaaf78b7acf4945a97a6ef323f,q_after,0.77177025633442053,False
QA,QCL,10,1,55b3125b46809bfd09b46805671031439ad32c9f96657b2e9a2e1d248c8bbb80,distance_from_own_immediate_activation,101.54376755828204,False
QA,QCL,10,1,bec2d64187af6c88f13d2db08996689e9e0dd634593dcaa26ba2380288b964d1,distance_from_own_immediate_activation,98.529625325406187,False
QA,QCL,10,2,6603391ba647ebfc0587eea265b5a908aaadb4f41fc80cd591c0669f66deae28,q_after,0.92755157999631366,False
QA,QCL,10,2,cfe57172cb98b0710c97423a5f5a57d33035179d53d3f68eca197a5789036440,q_after,0.81225759351937821,False
QA,QCL,10,2,6603391ba647ebfc0587eea265b5a908aaadb4f41fc80cd591c0669f66deae28,distance_from_own_immediate_activation,92.399130449381985,False
QA,QCL,10,2,3cdca20faa89337259315a720eb59e4275ec2519eb1db85ceb51446a8cbf2245,distance_from_own_immediate_activation,59.582691876026814,False
QA,QCL,10,3,8b62da126c320ee8c8382166f83ac01b0a61b7cdc9dad5d1cfe059844c8ecd55,q_after,5.6671473342408021,False
QA,QCL,10,3,a9611cb14c48c4cb8dffb003fd9637aa1bfa4640de9ea2ce5271747bef8792a7,q_after,2.3449935720076129,False
QA,QCL,10,3,8b62da126c320ee8c8382166f83ac01b0a61b7cdc9dad5d1cfe059844c8ecd55,distance_from_own_immediate_activation,897.37447841833159,False
QA,QCL,10,3,cbcb4f07d73bad75caec058156c6c238258ce78fb4e1dab72ce272db69cc8c77,distance_from_own_immediate_activation,151.41702897239435,False
QA,QCL,10,4,5abd3eacc2d9d05cc7ca87403cf11e70f930a513e505a3fdd178946f2b51a3f2,q_after,1.4494115933437308,False
QA,QCL,10,4,f597646b2170911abc0a9f16b08edea8666c21a6d17cd5f0d296616fb8fbc73d,q_after,1.1921787361221858,False
QA,QCL,10,4,5abd3eacc2d9d05cc7ca87403cf11e70f930a513e505a3fdd178946f2b51a3f2,distance_from_own_immediate_activation,150.29757943398718,False
QA,QCL,10,4,f597646b2170911abc0a9f16b08edea8666c21a6d17cd5f0d296616fb8fbc73d,distance_from_own_immediate_activation,110.33621398003974,False
QA,QCL,10,5,f233c70ce7ef91da6d0541ec6083342e910b20caed60aa21f773d937bc51cc4d,q_after,1.5193336571099352,False
QA,QCL,10,5,c772c96cc3ed429bba98d896d998a9066e96a5c5e3b7ae18a51a54b9e1fab7bf,q_after,1.3039881809728633,False
QA,QCL,10,5,c772c96cc3ed429bba98d896d998a9066e96a5c5e3b7ae18a51a54b9e1fab7bf,distance_from_own_immediate_activation,108.96546505993666,False
QA,QCL,10,5,f233c70ce7ef91da6d0541ec6083342e910b20caed60aa21f773d937bc51cc4d,distance_from_own_immediate_activation,108.05735091932753,False
QA,QCL,10,6,93f4fe9bbf7974bf98b743b2f1307fd839bc6b2960fafd843cfe3eda879379b4,q_after,5.6574334949034562,False
QA,QCL,10,6,747c585f04c3591e36bc833c9ceb06cf8c210fa7b2eada208f590ac0a1fa420e,q_after,1.6100446773312425,False
QA,QCL,10,6,93f4fe9bbf7974bf98b743b2f1307fd839bc6b2960fafd843cfe3eda879379b4,distance_from_own_immediate_activation,942.63746715275306,False
QA,QCL,10,6,c8a82229789dd56c64ca2059eefcf51085a0a7f323ce6c4d76c1038374b96e4f,distance_from_own_immediate_activation,129.24244070951426,False
QA,QCL,10,7,0f0159173d4b8467e92c0a8b82dd25b4e692b9ed04b06667504764f8e76aa463,q_after,0.72772023087049864,False
QA,QCL,10,7,bbf2e33a44d04486b2c89492ce63fba130f126a87b3a155f0176809a9aee3d7b,q_after,0.72629847772354228,False
QA,QCL,10,7,0f0159173d4b8467e92c0a8b82dd25b4e692b9ed04b06667504764f8e76aa463,distance_from_own_immediate_activation,62.433078313330121,False
QA,QCL,10,7,bbf2e33a44d04486b2c89492ce63fba130f126a87b3a155f0176809a9aee3d7b,distance_from_own_immediate_activation,42.481524725206462,False
QA,QCL,10,8,af66ed3714a102e1ed4481ef7fb5d422bfb3471808413ad77b3edb92f8d9a40d,q_after,0.85887557477618492,False
QA,QCL,10,8,0653e6a920c1e089a373d4346ffbd762ca5ebcb913ab5b00e03db7d8d514a0e9,q_after,0.60031417521798869,False
QA,QCL,10,8,af66ed3714a102e1ed4481ef7fb5d422bfb3471808413ad77b3edb92f8d9a40d,distance_from_own_immediate_activation,110.72737987421404,False
QA,QCL,10,8,0653e6a920c1e089a373d4346ffbd762ca5ebcb913ab5b00e03db7d8d514a0e9,distance_from_own_immediate_activation,45.824215086096395,False
QA,QCL,10,9,c8759136267f7e6af3367ae9d6b1891b5f2533ffe01bc2ffb0d0de1cb8e9085e,q_after,1.2124780898469412,False
QA,QCL,10,9,93f5330df70c8aded8099a1f83c0c4850bc73f6a92d3c731fa60b9c9e63576e9,q_after,0.49395787310047123,False
QA,QCL,10,9,93f5330df70c8aded8099a1f83c0c4850bc73f6a92d3c731fa60b9c9e63576e9,distance_from_own_immediate_activation,127.96778029811824,False
QA,QCL,10,9,26ab32d96c8a0071c8f53f54742147641f173f8cebff5424c38de7182a02752f,distance_from_own_immediate_activation,79.019891137119501,False
QA,QCL,10,10,fc450e4868d498e845e7c575ebec0dd5c068b053ec5f3a9d25e2656a4df55261,q_after,0.21282593869507382,False
QA,QCL,10,10,e56982025c6d97d463f6a7e80448a928b061a8ddfa3e247e94b5b370b861bcf5,q_after,0.20783096098804896,False
QA,QCL,10,10,498726f516ca2b5b6c3abb41abe5aabe486467b0175f90d10eb394571795ce5a,distance_from_own_immediate_activation,0,False
QA,QCL,10,10,9894445f110df76e317bb1ab36bffa15c2e90d4335205e958131010a783cf63d,distance_from_own_immediate_activation,0,False
QA,NQFIX,1,1,c2a511b461d586287863e69ded39d72e773ee7ff59c54b951a1fc191530a9230,q_after,0.15680388496929928,False
QA,NQFIX,1,1,c26d9f7b75c14056267c2567ba556e5b76ebfdac6a2231a6d3f1fc8bfa91ec2d,q_after,0.15480516596334362,False
QA,NQFIX,1,1,285a3add6f31d8546b0d76689a016bc0f9f7d8e58c95f54e87bba48ad5cabc65,distance_from_own_immediate_activation,0,False
QA,NQFIX,1,1,6abbaf2496b409f11036390da3b47c9272a243b8a164ca3d9f9a65fafbec985d,distance_from_own_immediate_activation,0,False
QA,NQFIX,2,1,c2a511b461d586287863e69ded39d72e773ee7ff59c54b951a1fc191530a9230,q_after,0.17778404503911371,False
QA,NQFIX,2,1,c26d9f7b75c14056267c2567ba556e5b76ebfdac6a2231a6d3f1fc8bfa91ec2d,q_after,0.16001740319679778,False
QA,NQFIX,2,1,55b3125b46809bfd09b46805671031439ad32c9f96657b2e9a2e1d248c8bbb80,distance_from_own_immediate_activation,11.453639787696867,False
QA,NQFIX,2,1,2d7a05de733521918b9b3c10f95568ee42e8fa4bbeb9911964758f2e95f6e9e4,distance_from_own_immediate_activation,10.74414922115181,False
QA,NQFIX,2,2,df458fb519a030782c1954e989fdcf349ea2c3fb4c0ef84fe35136a45752b0ee,q_after,0.081300026159747754,False
QA,NQFIX,2,2,f31405336f02565ba23815b3d736772c3562187abe3cb828fb39778621125700,q_after,0.065273180790684573,False
QA,NQFIX,2,2,f742e3b08cc43666fd7f6e3f269849a7e50f2847ec2b4e38de638a9da8e99747,distance_from_own_immediate_activation,0,False
QA,NQFIX,2,2,c00ba5c00aeed6290e334d4cd5abd3b223eb0b0d3fe00c61dd63a733904b0504,distance_from_own_immediate_activation,0,False
QA,NQFIX,3,1,93d42cde8e8fd31026407a218569f7f6e8f3966169613fa62ecac7505fffc82b,q_after,46.247598692687873,False
QA,NQFIX,3,1,586d683ae8d67dfbb02210b31897583d20fe567bc9eaac6aaeb7fc136b111f58,q_after,45.421968173657724,False
QA,NQFIX,3,1,7412f9b677bdd6da6ceaf7b352a8013e66884fca96673ccdef4c91ded318ed24,distance_from_own_immediate_activation,3531.0585836369351,False
QA,NQFIX,3,1,586d683ae8d67dfbb02210b31897583d20fe567bc9eaac6aaeb7fc136b111f58,distance_from_own_immediate_activation,3456.272217151422,False
QA,NQFIX,3,2,f494db46d1d4e5d544ebfa3ff21cfe0109c7dd20e4961850917376e559100f9b,q_after,39.837582526483466,False
QA,NQFIX,3,2,c342fb1f91046ca9f9e6482229922dcd71100f4ccb0e62f05dad484840631753,q_after,38.741341746534488,False
QA,NQFIX,3,2,98ae105e841eaf92fb0f91823d4b3f0a71f11808ee0acc1d5216a42145817cd2,distance_from_own_immediate_activation,4022.1150064785625,False
QA,NQFIX,3,2,f494db46d1d4e5d544ebfa3ff21cfe0109c7dd20e4961850917376e559100f9b,distance_from_own_immediate_activation,3663.5802102710309,False
QA,NQFIX,3,3,622dec49b2ac0410eac0b892e7afe984e6d800006e02d37d4a5fef4fc0a8957a,q_after,40.624961151727156,False
QA,NQFIX,3,3,bd55becaf59fc10b0d767ce8805b2c2a028642a6fa196ac4ebfd06e8184ec9c7,q_after,32.949856719194898,False
QA,NQFIX,3,3,5fe5cc36167302a9bb9453cf9a190bce75a6ebf70356e4b2d43262df4ea70e7e,distance_from_own_immediate_activation,0,False
QA,NQFIX,3,3,748b77c32e5597fd9ab954ae967d71dfca3c97aa792238480bf57c353b9f7c3b,distance_from_own_immediate_activation,0,False
QA,NQFIX,4,1,586d683ae8d67dfbb02210b31897583d20fe567bc9eaac6aaeb7fc136b111f58,q_after,37.217326242968156,False
QA,NQFIX,4,1,c95165b3bb5e2754faaa370e60fd0e96d24767b8eda1af67c1f801d7f4671c79,q_after,33.691186002156797,False
QA,NQFIX,4,1,6346c3ea243517cbad25c3a69368e9e4e406b1dc74740054f1cb5fffd458cc0c,distance_from_own_immediate_activation,3115.3847251271432,False
QA,NQFIX,4,1,c6d164c926536dfcf140503cf8c1f3ba3f16534a36f08de1199bc1f118a10e43,distance_from_own_immediate_activation,3089.3335955427815,False
QA,NQFIX,4,2,dc2b4304898991c55f2e21a6de682f775a2f588a4b2b9b6bdd5439bdff65fee5,q_after,74.265363523755241,False
QA,NQFIX,4,2,f494db46d1d4e5d544ebfa3ff21cfe0109c7dd20e4961850917376e559100f9b,q_after,31.703213763352284,False
QA,NQFIX,4,2,2bddd727c25564a726ac348f51d1ffda823ae39fb216cf89569a73cae07059f5,distance_from_own_immediate_activation,3178.7502648443169,False
QA,NQFIX,4,2,98ae105e841eaf92fb0f91823d4b3f0a71f11808ee0acc1d5216a42145817cd2,distance_from_own_immediate_activation,2965.9994504431984,False
QA,NQFIX,4,3,9a799d30fad2a13828c01079698d647b191e3a673f16d306b85066bf4d67cc8e,q_after,36.689493012229917,False
QA,NQFIX,4,3,55e756868e63131ba25d0819bf4e65c29e81e02b2425c68a8eaf534e49ccc543,q_after,35.306905136421356,False
QA,NQFIX,4,3,9a799d30fad2a13828c01079698d647b191e3a673f16d306b85066bf4d67cc8e,distance_from_own_immediate_activation,3022.4717254809771,False
QA,NQFIX,4,3,47bcf1c2bf5bf62c3a788b0a31ed5f55f449c5c1164b7941b8cca76d8c95032b,distance_from_own_immediate_activation,2993.186180292038,False
QA,NQFIX,4,4,05e66fb3fad4afd31b5c9d8786258e22023d37401d7a899dc8ee0d720d355913,q_after,1.8147786989544414,False
QA,NQFIX,4,4,d6d01656f6313b328ad8bfcac029d7940e57cf0c93f05e69ae9bc329dadfcfa7,q_after,0.95372175949299698,False
QA,NQFIX,4,4,b74477e088614db975b9ef3aaba64df62b78acfc4f63433e65ca1d0781dcffe1,distance_from_own_immediate_activation,0,False
QA,NQFIX,4,4,75df0f36573c040611750a4f824c17e612ade8e4b5e3a222af3a9c77dd369af4,distance_from_own_immediate_activation,0,False
QA,NQFIX,5,1,c95165b3bb5e2754faaa370e60fd0e96d24767b8eda1af67c1f801d7f4671c79,q_after,38.677219413614722,False
QA,NQFIX,5,1,7ad81b264c5bf8e0448ecd9bcdb6f342989288fde3543b7704f2c1ec659b7185,q_after,25.728117189360443,False
QA,NQFIX,5,1,c95165b3bb5e2754faaa370e60fd0e96d24767b8eda1af67c1f801d7f4671c79,distance_from_own_immediate_activation,3231.1725631813088,False
QA,NQFIX,5,1,6346c3ea243517cbad25c3a69368e9e4e406b1dc74740054f1cb5fffd458cc0c,distance_from_own_immediate_activation,2612.8971478123303,False
QA,NQFIX,5,2,dc2b4304898991c55f2e21a6de682f775a2f588a4b2b9b6bdd5439bdff65fee5,q_after,28.934486025189287,False
QA,NQFIX,5,2,22a669f62bd9e248af8299cac74f0b9b9efee06e2424b0b7fe8167d479574aed,q_after,27.382703348293873,False
QA,NQFIX,5,2,2bddd727c25564a726ac348f51d1ffda823ae39fb216cf89569a73cae07059f5,distance_from_own_immediate_activation,2890.193598187042,False
QA,NQFIX,5,2,98ae105e841eaf92fb0f91823d4b3f0a71f11808ee0acc1d5216a42145817cd2,distance_from_own_immediate_activation,2869.1934229546955,False
QA,NQFIX,5,3,9a799d30fad2a13828c01079698d647b191e3a673f16d306b85066bf4d67cc8e,q_after,36.798865079989461,False
QA,NQFIX,5,3,55e756868e63131ba25d0819bf4e65c29e81e02b2425c68a8eaf534e49ccc543,q_after,29.541580641114713,False
QA,NQFIX,5,3,61ea4cadaac47343cb99c0b5d3fa0ff77c411c90b39b211e6b2afe9912fdfa89,distance_from_own_immediate_activation,3931.5645727271394,False
QA,NQFIX,5,3,df419cae773f803ba7099c352e694cbdeb62b8e6899142f924792a845a9e545d,distance_from_own_immediate_activation,3067.641063196224,False
QA,NQFIX,5,4,1a16c3369d048992fc2de1919580e9a0f463815f63f0d39d44251794fad69f9f,q_after,4.1529305985001796,False
QA,NQFIX,5,4,05e66fb3fad4afd31b5c9d8786258e22023d37401d7a899dc8ee0d720d355913,q_after,3.3716424064383275,False
QA,NQFIX,5,4,1a16c3369d048992fc2de1919580e9a0f463815f63f0d39d44251794fad69f9f,distance_from_own_immediate_activation,863.16716781329478,False
QA,NQFIX,5,4,ff073784fc9929c767a139aac3d5c2abfadd23826a884071667fc7732fd689bd,distance_from_own_immediate_activation,839.0770363044071,False
QA,NQFIX,5,5,7ae12436eef1fb4f0f95e1f542552e11746db31dfe5fd4fa23d16fa980f95308,q_after,1.1872174747421893,False
QA,NQFIX,5,5,c779e48a1e0c234b0faf2895106343c9e10a55aa7c893ec064b6102e70a55667,q_after,1.0583222391888782,False
QA,NQFIX,5,5,5b84c1c1bac6d9c9495e0d2d313d0b616314a82781835eeed7f9f22473bf6d62,distance_from_own_immediate_activation,0,False
QA,NQFIX,5,5,e5ad6f2d686323a16d0fded4072da1dc7728d193c1789d134033681e537b2e49,distance_from_own_immediate_activation,0,False
QA,NQFIX,6,1,c95165b3bb5e2754faaa370e60fd0e96d24767b8eda1af67c1f801d7f4671c79,q_after,41.437425703215766,False
QA,NQFIX,6,1,7ad81b264c5bf8e0448ecd9bcdb6f342989288fde3543b7704f2c1ec659b7185,q_after,21.857129446639995,False
QA,NQFIX,6,1,c95165b3bb5e2754faaa370e60fd0e96d24767b8eda1af67c1f801d7f4671c79,distance_from_own_immediate_activation,3461.7682079653969,False
QA,NQFIX,6,1,97e557fa2d1959dfc82a211736e5b608f395a1f440583abd5d70d65a2fbf5cfe,distance_from_own_immediate_activation,3233.2953648446055,False
QA,NQFIX,6,2,dc2b4304898991c55f2e21a6de682f775a2f588a4b2b9b6bdd5439bdff65fee5,q_after,59.769971769296248,False
QA,NQFIX,6,2,98ae105e841eaf92fb0f91823d4b3f0a71f11808ee0acc1d5216a42145817cd2,q_after,28.274711869273485,False
QA,NQFIX,6,2,98ae105e841eaf92fb0f91823d4b3f0a71f11808ee0acc1d5216a42145817cd2,distance_from_own_immediate_activation,3174.5508506412862,False
QA,NQFIX,6,2,2bddd727c25564a726ac348f51d1ffda823ae39fb216cf89569a73cae07059f5,distance_from_own_immediate_activation,2908.0187157899595,False
QA,NQFIX,6,3,9a799d30fad2a13828c01079698d647b191e3a673f16d306b85066bf4d67cc8e,q_after,36.18628711270172,False
QA,NQFIX,6,3,5048daec8eda8a9d3c95b043bcae37662854fde7ae07fc2a6a740cabba3039fb,q_after,26.216953518457832,False
QA,NQFIX,6,3,423baac9963a3a32c43896e8274f1d2fac01fcf8c6be433a71a0f5c7247ccd4a,distance_from_own_immediate_activation,4181.3371976153012,False
QA,NQFIX,6,3,61ea4cadaac47343cb99c0b5d3fa0ff77c411c90b39b211e6b2afe9912fdfa89,distance_from_own_immediate_activation,3967.9185027281837,False
QA,NQFIX,6,4,1a16c3369d048992fc2de1919580e9a0f463815f63f0d39d44251794fad69f9f,q_after,4.7115657193864573,False
QA,NQFIX,6,4,503a3751ad10ffed96b38b48c3d77f91d58314c7e2d8264f4da09e0910b4c872,q_after,3.6223497966366782,False
QA,NQFIX,6,4,ff073784fc9929c767a139aac3d5c2abfadd23826a884071667fc7732fd689bd,distance_from_own_immediate_activation,1141.2166115724854,False
QA,NQFIX,6,4,8ea7b29624611f6e65853f4fc99273f08ca07f6fe364b6f1e6433b9ecc330362,distance_from_own_immediate_activation,1028.3616183553761,False
QA,NQFIX,6,5,c779e48a1e0c234b0faf2895106343c9e10a55aa7c893ec064b6102e70a55667,q_after,6.7474073624373574,False
QA,NQFIX,6,5,f88206bfd19534842ee85fff1ecfd74ae59c3093dc664d3ce2914858832ea33a,q_after,3.7428006672893224,False
QA,NQFIX,6,5,1e3b5e22d108f73a2ea06a7ec707339755483551dc6b4f1426dbcec379b8b9ea,distance_from_own_immediate_activation,1306.7725133323984,False
QA,NQFIX,6,5,c779e48a1e0c234b0faf2895106343c9e10a55aa7c893ec064b6102e70a55667,distance_from_own_immediate_activation,1181.198930062081,False
QA,NQFIX,6,6,99c012bcc81e196967d8c6dc5c29c2c1634878e836eff078e40272cdc01b0973,q_after,0.70851694730658354,False
QA,NQFIX,6,6,fbfc7f8c81ef3c172fa8c5df13f871b80a96d5d379b9639a51684e5611919896,q_after,0.6949065085005055,False
QA,NQFIX,6,6,8a9041037dbc17f886486516e3c6a025512c6bdc9ebc902afd1b7b83a6f28b04,distance_from_own_immediate_activation,0,False
QA,NQFIX,6,6,1cfe090c9861932226bef865ff03923d860fb91023a5ebe93c3bab1a657257cb,distance_from_own_immediate_activation,0,False
QA,NQFIX,7,1,48f8e5c9758bc1ecd0a5d87381377f2e938e3fbd115904598f843ea205a1cb29,q_after,25.015746365116517,False
QA,NQFIX,7,1,c2a511b461d586287863e69ded39d72e773ee7ff59c54b951a1fc191530a9230,q_after,21.050369692281826,False
QA,NQFIX,7,1,f9f16bc7443ae596666c746ce23ea545748ddb3ef4434d0c407eb162fe7d8dbc,distance_from_own_immediate_activation,2055.7371104690596,False
QA,NQFIX,7,1,409ab50440c393003452ca14f7a848b9b9c4c26eaf347918e74bd2328b526d48,distance_from_own_immediate_activation,2027.6345176447733,False
QA,NQFIX,7,2,98ae105e841eaf92fb0f91823d4b3f0a71f11808ee0acc1d5216a42145817cd2,q_after,25.119833378292999,False
QA,NQFIX,7,2,19d4883a4ae34da9eb581045185886990bb20216c4c133db8c7562f1ba9b76be,q_after,18.691690710903703,False
QA,NQFIX,7,2,98ae105e841eaf92fb0f91823d4b3f0a71f11808ee0acc1d5216a42145817cd2,distance_from_own_immediate_activation,2820.3289473343111,False
QA,NQFIX,7,2,10b692d233fcc32a30d02d7e16cfe7bc824b677e5e53ad7f5647c50a4b0d023b,distance_from_own_immediate_activation,2644.6833273588518,False
QA,NQFIX,7,3,8b62da126c320ee8c8382166f83ac01b0a61b7cdc9dad5d1cfe059844c8ecd55,q_after,70.013038514135332,False
QA,NQFIX,7,3,622dec49b2ac0410eac0b892e7afe984e6d800006e02d37d4a5fef4fc0a8957a,q_after,44.942838747972068,False
QA,NQFIX,7,3,8b62da126c320ee8c8382166f83ac01b0a61b7cdc9dad5d1cfe059844c8ecd55,distance_from_own_immediate_activation,11301.311102040274,False
QA,NQFIX,7,3,bd55becaf59fc10b0d767ce8805b2c2a028642a6fa196ac4ebfd06e8184ec9c7,distance_from_own_immediate_activation,5650.6656939963132,False
QA,NQFIX,7,4,d6d01656f6313b328ad8bfcac029d7940e57cf0c93f05e69ae9bc329dadfcfa7,q_after,27.130561563407053,False
QA,NQFIX,7,4,91d55ad055c90873a4b9b16c70345694cf7cec260baf6ce89ea632026765cf8f,q_after,16.87508179975136,False
QA,NQFIX,7,4,d6d01656f6313b328ad8bfcac029d7940e57cf0c93f05e69ae9bc329dadfcfa7,distance_from_own_immediate_activation,5617.1453781516766,False
QA,NQFIX,7,4,9ae5cb627e1d704de97809b1d2502b5a29639c279ba8f209fe71ee74f9c87f0f,distance_from_own_immediate_activation,5610.094663698881,False
QA,NQFIX,7,5,03978d9bb51185bc5bc0fd0557f8a1e3e1b1519b898e458631b2f74f5e5e21ca,q_after,25.740429863850437,False
QA,NQFIX,7,5,c779e48a1e0c234b0faf2895106343c9e10a55aa7c893ec064b6102e70a55667,q_after,12.665218537560223,False
QA,NQFIX,7,5,03978d9bb51185bc5bc0fd0557f8a1e3e1b1519b898e458631b2f74f5e5e21ca,distance_from_own_immediate_activation,5220.5827695830967,False
QA,NQFIX,7,5,f233c70ce7ef91da6d0541ec6083342e910b20caed60aa21f773d937bc51cc4d,distance_from_own_immediate_activation,5125.4344098184047,False
QA,NQFIX,7,6,93f4fe9bbf7974bf98b743b2f1307fd839bc6b2960fafd843cfe3eda879379b4,q_after,20.76689074028765,False
QA,NQFIX,7,6,bcf84e442663a475585f85805fde38449d5b7723cc2639e54448b177d9ed169e,q_after,15.359792255324832,False
QA,NQFIX,7,6,93f4fe9bbf7974bf98b743b2f1307fd839bc6b2960fafd843cfe3eda879379b4,distance_from_own_immediate_activation,11929.517265545133,False
QA,NQFIX,7,6,99c012bcc81e196967d8c6dc5c29c2c1634878e836eff078e40272cdc01b0973,distance_from_own_immediate_activation,4298.8534444403267,False
QA,NQFIX,7,7,1d7bf70911b11eecd56b7cd6924ee36134304d538e55d0f54456b4cba46f29a0,q_after,2.9747143711413639,False
QA,NQFIX,7,7,ce8833009d83dacf385dbb0fdde7ffee40695c7fa3ef946ff70ef2ec7e222b42,q_after,2.6401710131515612,False
QA,NQFIX,7,7,d82b4b74485c4ef9b4b12f1c2fabad4c0109165ed4e5d7f934133ea726a65ae9,distance_from_own_immediate_activation,0,False
QA,NQFIX,7,7,f6676ed348d4d873923c058111d2f76ed59e8b3bffd08a972593e7195e1501db,distance_from_own_immediate_activation,0,False
QA,NQFIX,8,1,586d683ae8d67dfbb02210b31897583d20fe567bc9eaac6aaeb7fc136b111f58,q_after,26.333898683970887,False
QA,NQFIX,8,1,d62d3daaa98597827218b56a25f7ae3bb2b223eaaf78b7acf4945a97a6ef323f,q_after,24.187164050763268,False
QA,NQFIX,8,1,fc11f308500869e6b6107573e91176f8fb98c2b06cc9eb7d8107d0fb1af68f64,distance_from_own_immediate_activation,2609.9783434903075,False
QA,NQFIX,8,1,d62d3daaa98597827218b56a25f7ae3bb2b223eaaf78b7acf4945a97a6ef323f,distance_from_own_immediate_activation,2079.0440642051253,False
QA,NQFIX,8,2,dc2b4304898991c55f2e21a6de682f775a2f588a4b2b9b6bdd5439bdff65fee5,q_after,40.378963449593755,False
QA,NQFIX,8,2,02a22fd299a2ccb545e35eeb893f179d4edbdf7c221555dccc49226db06f9a39,q_after,26.594798988834743,False
QA,NQFIX,8,2,02a22fd299a2ccb545e35eeb893f179d4edbdf7c221555dccc49226db06f9a39,distance_from_own_immediate_activation,2947.8656093652548,False
QA,NQFIX,8,2,10b692d233fcc32a30d02d7e16cfe7bc824b677e5e53ad7f5647c50a4b0d023b,distance_from_own_immediate_activation,2700.4651507232225,False
QA,NQFIX,8,3,8b62da126c320ee8c8382166f83ac01b0a61b7cdc9dad5d1cfe059844c8ecd55,q_after,70.098040365666876,False
QA,NQFIX,8,3,622dec49b2ac0410eac0b892e7afe984e6d800006e02d37d4a5fef4fc0a8957a,q_after,39.075076760371907,False
QA,NQFIX,8,3,8b62da126c320ee8c8382166f83ac01b0a61b7cdc9dad5d1cfe059844c8ecd55,distance_from_own_immediate_activation,11327.270177647435,False
QA,NQFIX,8,3,bd55becaf59fc10b0d767ce8805b2c2a028642a6fa196ac4ebfd06e8184ec9c7,distance_from_own_immediate_activation,5315.6578748228449,False
QA,NQFIX,8,4,d6d01656f6313b328ad8bfcac029d7940e57cf0c93f05e69ae9bc329dadfcfa7,q_after,28.30854107198984,False
QA,NQFIX,8,4,503a3751ad10ffed96b38b48c3d77f91d58314c7e2d8264f4da09e0910b4c872,q_after,17.199619485845815,False
QA,NQFIX,8,4,23ab463b020d55e2046b7787446e4f8feaea34632b6c872ea5035557b771d415,distance_from_own_immediate_activation,6546.2873790040712,False
QA,NQFIX,8,4,5e9fb284e5d459e5d6f918595d6959f9026c24089cedd3050ea1600ccd66cc25,distance_from_own_immediate_activation,5963.5590201833966,False
QA,NQFIX,8,5,03978d9bb51185bc5bc0fd0557f8a1e3e1b1519b898e458631b2f74f5e5e21ca,q_after,27.023610863476005,False
QA,NQFIX,8,5,663ae9123217413f4a6aa39ab1a2a57692593c52b7036655224c856f6aa5c139,q_after,14.704310079025909,False
QA,NQFIX,8,5,03978d9bb51185bc5bc0fd0557f8a1e3e1b1519b898e458631b2f74f5e5e21ca,distance_from_own_immediate_activation,5480.4940616748099,False
QA,NQFIX,8,5,f233c70ce7ef91da6d0541ec6083342e910b20caed60aa21f773d937bc51cc4d,distance_from_own_immediate_activation,5178.4856344311147,False
QA,NQFIX,8,6,93f4fe9bbf7974bf98b743b2f1307fd839bc6b2960fafd843cfe3eda879379b4,q_after,20.785553369235487,False
QA,NQFIX,8,6,22cf57cabe7c9fed02b900fb58de36cb96fc62ea5108e365d41125d5ee50fefd,q_after,14.688471019856232,False
QA,NQFIX,8,6,93f4fe9bbf7974bf98b743b2f1307fd839bc6b2960fafd843cfe3eda879379b4,distance_from_own_immediate_activation,11941.805848303327,False
QA,NQFIX,8,6,99c012bcc81e196967d8c6dc5c29c2c1634878e836eff078e40272cdc01b0973,distance_from_own_immediate_activation,4079.3191604275125,False
QA,NQFIX,8,7,43bd5bdd6660e6d35651127824f69e822b8a5ce59f9f80a5db56e1123a57012c,q_after,7.3813627996760856,False
QA,NQFIX,8,7,f93fcba499b1494ac6c6a31742b9928c5290a617c2527787f7793d828369f1ba,q_after,6.875219007950566,False
QA,NQFIX,8,7,39df5e219a58a86d2c8e60c596fe6fdfa636778b1a6339691dc1a4e68695a3c1,distance_from_own_immediate_activation,2700.3606383984788,False
QA,NQFIX,8,7,e2a94c4fe7e6b7870571d36e7077c9a4d04b546c076df763d0f34e88bee26fdb,distance_from_own_immediate_activation,1587.3367508257672,False
QA,NQFIX,8,8,2ee09ef903a6fac0c79c53c0465590b641da8f63d7cc702326c1760c80402f95,q_after,1.3662466968076108,False
QA,NQFIX,8,8,88c887136ed4ed600a8a49d04dc820cd9c31f4666d84cbef010e1b086136c747,q_after,0.73982845011215181,False
QA,NQFIX,8,8,f30078d6d8f44bf7dc4c8052ae871614b00ba8bb789b67892dbf178a85412fe1,distance_from_own_immediate_activation,0,False
QA,NQFIX,8,8,c9f8952620ae02f32df759f1d9dd4e4dd404b9459172fb5c7f3185720ee9cef5,distance_from_own_immediate_activation,0,False
QA,NQFIX,9,1,917e1683ed6303e6329abda3892afc6a827a129a43cdc31f1361ee9a99cabca9,q_after,32.356202838419165,False
QA,NQFIX,9,1,48f8e5c9758bc1ecd0a5d87381377f2e938e3fbd115904598f843ea205a1cb29,q_after,31.96114874569923,False
QA,NQFIX,9,1,917e1683ed6303e6329abda3892afc6a827a129a43cdc31f1361ee9a99cabca9,distance_from_own_immediate_activation,3223.9594165242002,False
QA,NQFIX,9,1,6abbaf2496b409f11036390da3b47c9272a243b8a164ca3d9f9a65fafbec985d,distance_from_own_immediate_activation,3206.7563954130037,False
QA,NQFIX,9,2,09b80a0ac75c7e4e8f2078b5a99ba748b1673efa0b280730335a310dcfbdba50,q_after,46.789835112286084,False
QA,NQFIX,9,2,dc2b4304898991c55f2e21a6de682f775a2f588a4b2b9b6bdd5439bdff65fee5,q_after,36.383537862596746,False
QA,NQFIX,9,2,10b692d233fcc32a30d02d7e16cfe7bc824b677e5e53ad7f5647c50a4b0d023b,distance_from_own_immediate_activation,2830.7872970861381,False
QA,NQFIX,9,2,02a22fd299a2ccb545e35eeb893f179d4edbdf7c221555dccc49226db06f9a39,distance_from_own_immediate_activation,2754.8395016395548,False
QA,NQFIX,9,3,8b62da126c320ee8c8382166f83ac01b0a61b7cdc9dad5d1cfe059844c8ecd55,q_after,70.577121388277575,False
QA,NQFIX,9,3,622dec49b2ac0410eac0b892e7afe984e6d800006e02d37d4a5fef4fc0a8957a,q_after,53.923828334555097,False
QA,NQFIX,9,3,8b62da126c320ee8c8382166f83ac01b0a61b7cdc9dad5d1cfe059844c8ecd55,distance_from_own_immediate_activation,11382.127801287495,False
QA,NQFIX,9,3,bd55becaf59fc10b0d767ce8805b2c2a028642a6fa196ac4ebfd06e8184ec9c7,distance_from_own_immediate_activation,5838.8914441505349,False
QA,NQFIX,9,4,d6d01656f6313b328ad8bfcac029d7940e57cf0c93f05e69ae9bc329dadfcfa7,q_after,19.542602483435402,False
QA,NQFIX,9,4,503a3751ad10ffed96b38b48c3d77f91d58314c7e2d8264f4da09e0910b4c872,q_after,18.640559321383027,False
QA,NQFIX,9,4,23ab463b020d55e2046b7787446e4f8feaea34632b6c872ea5035557b771d415,distance_from_own_immediate_activation,6631.0402743613731,False
QA,NQFIX,9,4,f597646b2170911abc0a9f16b08edea8666c21a6d17cd5f0d296616fb8fbc73d,distance_from_own_immediate_activation,5457.726010612253,False
QA,NQFIX,9,5,03978d9bb51185bc5bc0fd0557f8a1e3e1b1519b898e458631b2f74f5e5e21ca,q_after,29.371438566919245,False
QA,NQFIX,9,5,663ae9123217413f4a6aa39ab1a2a57692593c52b7036655224c856f6aa5c139,q_after,17.101097448083269,False
QA,NQFIX,9,5,03978d9bb51185bc5bc0fd0557f8a1e3e1b1519b898e458631b2f74f5e5e21ca,distance_from_own_immediate_activation,5956.0504669162501,False
QA,NQFIX,9,5,663ae9123217413f4a6aa39ab1a2a57692593c52b7036655224c856f6aa5c139,distance_from_own_immediate_activation,5871.8578507868888,False
QA,NQFIX,9,6,93f4fe9bbf7974bf98b743b2f1307fd839bc6b2960fafd843cfe3eda879379b4,q_after,20.911505245399429,False
QA,NQFIX,9,6,22cf57cabe7c9fed02b900fb58de36cb96fc62ea5108e365d41125d5ee50fefd,q_after,17.966747663692356,False
QA,NQFIX,9,6,93f4fe9bbf7974bf98b743b2f1307fd839bc6b2960fafd843cfe3eda879379b4,distance_from_own_immediate_activation,12015.943905620745,False
QA,NQFIX,9,6,b4b6974268c3115c84323f0c2dcc461fb0ad2eb437f4792f4973c25fdf372cb7,distance_from_own_immediate_activation,5181.4028772442771,False
QA,NQFIX,9,7,f93fcba499b1494ac6c6a31742b9928c5290a617c2527787f7793d828369f1ba,q_after,14.691289123541685,False
QA,NQFIX,9,7,da715c3836a89eb37be03f6f0ab6921407176bad98c5a15db42fc30cbcb5d597,q_after,11.018933547908491,False
QA,NQFIX,9,7,f93fcba499b1494ac6c6a31742b9928c5290a617c2527787f7793d828369f1ba,distance_from_own_immediate_activation,3936.9528488850765,False
QA,NQFIX,9,7,0f0159173d4b8467e92c0a8b82dd25b4e692b9ed04b06667504764f8e76aa463,distance_from_own_immediate_activation,3234.7140367234992,False
QA,NQFIX,9,8,c3b7179a490f8f64efb8e3be9f5105d8f3d2a8b4cab64ddd3a378ec2f4790510,q_after,10.558940495396193,False
QA,NQFIX,9,8,6e3976e89083ce6dd9f5ad3f47fa72aba176bb7aae2ee44d640a3b0941dcf4be,q_after,5.7960211561459696,False
QA,NQFIX,9,8,c3b7179a490f8f64efb8e3be9f5105d8f3d2a8b4cab64ddd3a378ec2f4790510,distance_from_own_immediate_activation,4930.1691417817365,False
QA,NQFIX,9,8,2ee09ef903a6fac0c79c53c0465590b641da8f63d7cc702326c1760c80402f95,distance_from_own_immediate_activation,1828.6307036715896,False
QA,NQFIX,9,9,d43330b58f431c79d5392be446e352a244854645695e49c0ba2c04e4af241a86,q_after,2.112208817708745,False
QA,NQFIX,9,9,0c2e55b9314e1aa60a2b4485f896a7121a90db3d3fed08a1d1413048caa2f39a,q_after,1.9507883348353348,False
QA,NQFIX,9,9,194178db5ac524e6c7517cc57e2e3431cff936ec930778a4b17ef981c4514f7f,distance_from_own_immediate_activation,0,False
QA,NQFIX,9,9,31d57823193fde3c88a529a47704ed415975d35c2ef62ca633ff76987bd7b939,distance_from_own_immediate_activation,0,False
QA,NQFIX,10,1,7ad81b264c5bf8e0448ecd9bcdb6f342989288fde3543b7704f2c1ec659b7185,q_after,45.587294514207144,False
QA,NQFIX,10,1,a61a8732e7087bac9df081e4cfb0319a07f61ccb3987494c7f24ded194e18d42,q_after,26.599451250395742,False
QA,NQFIX,10,1,a61a8732e7087bac9df081e4cfb0319a07f61ccb3987494c7f24ded194e18d42,distance_from_own_immediate_activation,3030.1402604901054,False
QA,NQFIX,10,1,6abbaf2496b409f11036390da3b47c9272a243b8a164ca3d9f9a65fafbec985d,distance_from_own_immediate_activation,2793.4750141163877,False
QA,NQFIX,10,2,09b80a0ac75c7e4e8f2078b5a99ba748b1673efa0b280730335a310dcfbdba50,q_after,33.113686710901739,False
QA,NQFIX,10,2,2fc913d68a103cbc6389a1d60f388c577075e2c691144fc7c52ae0854a1dd9cc,q_after,32.579866755973349,False
QA,NQFIX,10,2,3c31a70abbb961b3ebd7d223aa5dcd21f04f0ddfad03354ac6ad4c678c259cc4,distance_from_own_immediate_activation,3189.5548585489323,False
QA,NQFIX,10,2,10ee2be329fc6b69ee6e14ba9cddca77303a5c98bc982f8bee8674782f1ec640,distance_from_own_immediate_activation,2920.5486289248715,False
QA,NQFIX,10,3,8b62da126c320ee8c8382166f83ac01b0a61b7cdc9dad5d1cfe059844c8ecd55,q_after,70.654193999569699,False
QA,NQFIX,10,3,622dec49b2ac0410eac0b892e7afe984e6d800006e02d37d4a5fef4fc0a8957a,q_after,44.469806918327514,False
QA,NQFIX,10,3,8b62da126c320ee8c8382166f83ac01b0a61b7cdc9dad5d1cfe059844c8ecd55,distance_from_own_immediate_activation,11429.222784979751,False
QA,NQFIX,10,3,bd55becaf59fc10b0d767ce8805b2c2a028642a6fa196ac4ebfd06e8184ec9c7,distance_from_own_immediate_activation,5215.6726664218459,False
QA,NQFIX,10,4,d6d01656f6313b328ad8bfcac029d7940e57cf0c93f05e69ae9bc329dadfcfa7,q_after,26.731932052901637,False
QA,NQFIX,10,4,4e3206764c4a35df6da37a2b39a4927657e5148e5a056d23fbff2947f3e4127b,q_after,16.469564852005792,False
QA,NQFIX,10,4,f597646b2170911abc0a9f16b08edea8666c21a6d17cd5f0d296616fb8fbc73d,distance_from_own_immediate_activation,7523.1339402578196,False
QA,NQFIX,10,4,23ab463b020d55e2046b7787446e4f8feaea34632b6c872ea5035557b771d415,distance_from_own_immediate_activation,6543.289731811562,False
QA,NQFIX,10,5,03978d9bb51185bc5bc0fd0557f8a1e3e1b1519b898e458631b2f74f5e5e21ca,q_after,27.764382314948683,False
QA,NQFIX,10,5,663ae9123217413f4a6aa39ab1a2a57692593c52b7036655224c856f6aa5c139,q_after,19.021410099135171,False
QA,NQFIX,10,5,663ae9123217413f4a6aa39ab1a2a57692593c52b7036655224c856f6aa5c139,distance_from_own_immediate_activation,6534.5589101543446,False
QA,NQFIX,10,5,c772c96cc3ed429bba98d896d998a9066e96a5c5e3b7ae18a51a54b9e1fab7bf,distance_from_own_immediate_activation,6517.2966082230951,False
QA,NQFIX,10,6,93f4fe9bbf7974bf98b743b2f1307fd839bc6b2960fafd843cfe3eda879379b4,q_after,20.963680317968972,False
QA,NQFIX,10,6,cc74e0dbb704250bd01b1bd8b93a03823082f9f338bc955dab743ec0c43d3e2d,q_after,13.410592947304615,False
QA,NQFIX,10,6,93f4fe9bbf7974bf98b743b2f1307fd839bc6b2960fafd843cfe3eda879379b4,distance_from_own_immediate_activation,12044.216228093424,False
QA,NQFIX,10,6,c8a82229789dd56c64ca2059eefcf51085a0a7f323ce6c4d76c1038374b96e4f,distance_from_own_immediate_activation,4025.9171744369555,False
QA,NQFIX,10,7,f93fcba499b1494ac6c6a31742b9928c5290a617c2527787f7793d828369f1ba,q_after,12.288532748062439,False
QA,NQFIX,10,7,43124e65ea8bddd1949b37f4d6525396c6fc88b7cf96e6e06f4e8d0ad4e4e711,q_after,8.8985192241482167,False
QA,NQFIX,10,7,43124e65ea8bddd1949b37f4d6525396c6fc88b7cf96e6e06f4e8d0ad4e4e711,distance_from_own_immediate_activation,3629.4822746248519,False
QA,NQFIX,10,7,f93fcba499b1494ac6c6a31742b9928c5290a617c2527787f7793d828369f1ba,distance_from_own_immediate_activation,3364.6376537203405,False
QA,NQFIX,10,8,5977ab207718f29991a1c42d05aa7fd60086f9c2f8a391676687430658848469,q_after,5.640100212014052,False
QA,NQFIX,10,8,2ee09ef903a6fac0c79c53c0465590b641da8f63d7cc702326c1760c80402f95,q_after,5.574275217391623,False
QA,NQFIX,10,8,c09477e8ac6109e60866ba40d590efbfaae96b4ff0df2bda9401ba82480bdd0b,distance_from_own_immediate_activation,2582.799570403075,False
QA,NQFIX,10,8,2ee09ef903a6fac0c79c53c0465590b641da8f63d7cc702326c1760c80402f95,distance_from_own_immediate_activation,2333.1041546707338,False
QA,NQFIX,10,9,02b3ecb6758866abeebb709ee5802f673ec0209c9dd07b0460bbacf330efcf2b,q_after,8.6823639413229383,False
QA,NQFIX,10,9,b1381d32ee14ced0a32baa03bf72ed4be923e7e0c13d40ad89db9e082fca0ab7,q_after,6.226238760009676,False
QA,NQFIX,10,9,02b3ecb6758866abeebb709ee5802f673ec0209c9dd07b0460bbacf330efcf2b,distance_from_own_immediate_activation,4032.4362601765351,False
QA,NQFIX,10,9,b1381d32ee14ced0a32baa03bf72ed4be923e7e0c13d40ad89db9e082fca0ab7,distance_from_own_immediate_activation,2116.9242046126014,False
QA,NQFIX,10,10,97b1ded122c08be8d0409ccc8077dcd8ef827a1a5c48a9461a26ac7bd68da03a,q_after,0.944317982456365,False
QA,NQFIX,10,10,533a825d82a29fa7292590b905b923b441c683ed86a219d04fc4019037146c5a,q_after,0.84631308423309259,False
QA,NQFIX,10,10,498726f516ca2b5b6c3abb41abe5aabe486467b0175f90d10eb394571795ce5a,distance_from_own_immediate_activation,0,False
QA,NQFIX,10,10,9894445f110df76e317bb1ab36bffa15c2e90d4335205e958131010a783cf63d,distance_from_own_immediate_activation,0,False
QA,ORBFH,1,1,0f87867b9b690190efe9e3d65b533309c8a7791ed39a0a0b7c231d0b7d6a89a0,q_after,0.17404198704835902,False
QA,ORBFH,1,1,93d42cde8e8fd31026407a218569f7f6e8f3966169613fa62ecac7505fffc82b,q_after,0.13036489629006034,False
QA,ORBFH,1,1,285a3add6f31d8546b0d76689a016bc0f9f7d8e58c95f54e87bba48ad5cabc65,distance_from_own_immediate_activation,0,False
QA,ORBFH,1,1,6abbaf2496b409f11036390da3b47c9272a243b8a164ca3d9f9a65fafbec985d,distance_from_own_immediate_activation,0,False
QA,ORBFH,2,1,0f87867b9b690190efe9e3d65b533309c8a7791ed39a0a0b7c231d0b7d6a89a0,q_after,0.18068692107735437,False
QA,ORBFH,2,1,93d42cde8e8fd31026407a218569f7f6e8f3966169613fa62ecac7505fffc82b,q_after,0.13962905942569662,False
QA,ORBFH,2,1,2d7a05de733521918b9b3c10f95568ee42e8fa4bbeb9911964758f2e95f6e9e4,distance_from_own_immediate_activation,4.1376428581646527,False
QA,ORBFH,2,1,94bd4b37a5d07ad36fd1f8d54bbc8b2908a74560edcbbcfa2e8cd869eebaf856,distance_from_own_immediate_activation,3.323505889010538,False
QA,ORBFH,2,2,e7aaf76cffec142e290dc5d2dcf36de9ede9ac98e45f17581dd89975784bb629,q_after,0.13573291922177583,False
QA,ORBFH,2,2,f31405336f02565ba23815b3d736772c3562187abe3cb828fb39778621125700,q_after,0.13557887233211521,False
QA,ORBFH,2,2,f742e3b08cc43666fd7f6e3f269849a7e50f2847ec2b4e38de638a9da8e99747,distance_from_own_immediate_activation,0,False
QA,ORBFH,2,2,c00ba5c00aeed6290e334d4cd5abd3b223eb0b0d3fe00c61dd63a733904b0504,distance_from_own_immediate_activation,0,False
QA,ORBFH,3,1,1f15ad772a9fa6b37e334f9e0a833b6b234fbcc3e02b033e20f4c8f7f264ec9f,q_after,0.18404438249685956,False
QA,ORBFH,3,1,0f87867b9b690190efe9e3d65b533309c8a7791ed39a0a0b7c231d0b7d6a89a0,q_after,0.17810460579728599,False
QA,ORBFH,3,1,1f15ad772a9fa6b37e334f9e0a833b6b234fbcc3e02b033e20f4c8f7f264ec9f,distance_from_own_immediate_activation,27.422847614231276,False
QA,ORBFH,3,1,3a77016737e2b0f4dfa9685598e7703e88fe37b911c923d52a9dd4187d20f892,distance_from_own_immediate_activation,6.9109021692856691,False
QA,ORBFH,3,2,e7aaf76cffec142e290dc5d2dcf36de9ede9ac98e45f17581dd89975784bb629,q_after,0.15039354989475051,False
QA,ORBFH,3,2,cfe57172cb98b0710c97423a5f5a57d33035179d53d3f68eca197a5789036440,q_after,0.14734927502361111,False
QA,ORBFH,3,2,cfe57172cb98b0710c97423a5f5a57d33035179d53d3f68eca197a5789036440,distance_from_own_immediate_activation,5.7317675146241358,False
QA,ORBFH,3,2,1423d21aeed4b15ea5038eb95f277e6c06a90f8d79a12944d20b5d102caf7468,distance_from_own_immediate_activation,4.9461031759617669,False
QA,ORBFH,3,3,8b62da126c320ee8c8382166f83ac01b0a61b7cdc9dad5d1cfe059844c8ecd55,q_after,0.14968378501297619,False
QA,ORBFH,3,3,13bdebf0e3f1edd0bb371d900ca19c754d4c4bde4cbf22a34e6b98074ef906fc,q_after,0.14306753200311259,False
QA,ORBFH,3,3,5fe5cc36167302a9bb9453cf9a190bce75a6ebf70356e4b2d43262df4ea70e7e,distance_from_own_immediate_activation,0,False
QA,ORBFH,3,3,748b77c32e5597fd9ab954ae967d71dfca3c97aa792238480bf57c353b9f7c3b,distance_from_own_immediate_activation,0,False
QA,ORBFH,4,1,1f15ad772a9fa6b37e334f9e0a833b6b234fbcc3e02b033e20f4c8f7f264ec9f,q_after,0.19291154069442615,False
QA,ORBFH,4,1,0f87867b9b690190efe9e3d65b533309c8a7791ed39a0a0b7c231d0b7d6a89a0,q_after,0.18105176244545518,False
QA,ORBFH,4,1,1f15ad772a9fa6b37e334f9e0a833b6b234fbcc3e02b033e20f4c8f7f264ec9f,distance_from_own_immediate_activation,29.139623820023754,False
QA,ORBFH,4,1,3a77016737e2b0f4dfa9685598e7703e88fe37b911c923d52a9dd4187d20f892,distance_from_own_immediate_activation,7.7618094425209714,False
QA,ORBFH,4,2,cfe57172cb98b0710c97423a5f5a57d33035179d53d3f68eca197a5789036440,q_after,0.17041353493630054,False
QA,ORBFH,4,2,e7aaf76cffec142e290dc5d2dcf36de9ede9ac98e45f17581dd89975784bb629,q_after,0.15467557678407337,False
QA,ORBFH,4,2,cfe57172cb98b0710c97423a5f5a57d33035179d53d3f68eca197a5789036440,distance_from_own_immediate_activation,7.7143706413555044,False
QA,ORBFH,4,2,394b0b4492f972ea395c89be30aa9222a1dedb475a26618ada39a38ec162d461,distance_from_own_immediate_activation,6.0295952750795623,False
QA,ORBFH,4,3,13bdebf0e3f1edd0bb371d900ca19c754d4c4bde4cbf22a34e6b98074ef906fc,q_after,0.15376470130952438,False
QA,ORBFH,4,3,8b62da126c320ee8c8382166f83ac01b0a61b7cdc9dad5d1cfe059844c8ecd55,q_after,0.15174052904085264,False
QA,ORBFH,4,3,8b62da126c320ee8c8382166f83ac01b0a61b7cdc9dad5d1cfe059844c8ecd55,distance_from_own_immediate_activation,5.209409525965035,False
QA,ORBFH,4,3,f323ac47cf55290d0500c21a611750c9e802834a99d06cbf85614b0bcb326a78,distance_from_own_immediate_activation,4.9738285637651627,False
QA,ORBFH,4,4,d6d01656f6313b328ad8bfcac029d7940e57cf0c93f05e69ae9bc329dadfcfa7,q_after,0.14960791202833107,False
QA,ORBFH,4,4,a4329d0ac860e80a3c0b15f6ac91f410a27591060c6d5fd2f0c29653cbb26c6a,q_after,0.14258210312678807,False
QA,ORBFH,4,4,b74477e088614db975b9ef3aaba64df62b78acfc4f63433e65ca1d0781dcffe1,distance_from_own_immediate_activation,0,False
QA,ORBFH,4,4,75df0f36573c040611750a4f824c17e612ade8e4b5e3a222af3a9c77dd369af4,distance_from_own_immediate_activation,0,False
QA,ORBFH,5,1,1f15ad772a9fa6b37e334f9e0a833b6b234fbcc3e02b033e20f4c8f7f264ec9f,q_after,0.19164032512207904,False
QA,ORBFH,5,1,0f87867b9b690190efe9e3d65b533309c8a7791ed39a0a0b7c231d0b7d6a89a0,q_after,0.17671499330918913,False
QA,ORBFH,5,1,1f15ad772a9fa6b37e334f9e0a833b6b234fbcc3e02b033e20f4c8f7f264ec9f,distance_from_own_immediate_activation,28.958229255965051,False
QA,ORBFH,5,1,c2a511b461d586287863e69ded39d72e773ee7ff59c54b951a1fc191530a9230,distance_from_own_immediate_activation,9.6770102134556861,False
QA,ORBFH,5,2,cfe57172cb98b0710c97423a5f5a57d33035179d53d3f68eca197a5789036440,q_after,0.17761905657937818,False
QA,ORBFH,5,2,e7aaf76cffec142e290dc5d2dcf36de9ede9ac98e45f17581dd89975784bb629,q_after,0.16157865227806098,False
QA,ORBFH,5,2,48d795fd3608fe062c655654f649b9e708725b3267c5132f01b2cbcc0e3cc2e1,distance_from_own_immediate_activation,8.8359501091540835,False
QA,ORBFH,5,2,cfe57172cb98b0710c97423a5f5a57d33035179d53d3f68eca197a5789036440,distance_from_own_immediate_activation,8.5211516878287252,False
QA,ORBFH,5,3,13bdebf0e3f1edd0bb371d900ca19c754d4c4bde4cbf22a34e6b98074ef906fc,q_after,0.16337265512255464,False
QA,ORBFH,5,3,8b62da126c320ee8c8382166f83ac01b0a61b7cdc9dad5d1cfe059844c8ecd55,q_after,0.15282887941999107,False
QA,ORBFH,5,3,d4b109253c320baa212c079a8c8508e2df92d46eb2c28bdae70970323223535d,distance_from_own_immediate_activation,12.181206629835419,False
QA,ORBFH,5,3,f323ac47cf55290d0500c21a611750c9e802834a99d06cbf85614b0bcb326a78,distance_from_own_immediate_activation,6.5369517380615294,False
QA,ORBFH,5,4,d6d01656f6313b328ad8bfcac029d7940e57cf0c93f05e69ae9bc329dadfcfa7,q_after,0.16432341600632083,False
QA,ORBFH,5,4,a4329d0ac860e80a3c0b15f6ac91f410a27591060c6d5fd2f0c29653cbb26c6a,q_after,0.14551304107297661,False
QA,ORBFH,5,4,065c2f1644d8fe89c6e709f3b6009ab73c260c4deeb2dac319a83131d3e9b011,distance_from_own_immediate_activation,4.2697539188393234,False
QA,ORBFH,5,4,c26bed2c2ca3b2f918bb83e82bd9732d1504e8c09f5a56558583dc287bff8400,distance_from_own_immediate_activation,4.1561898966294795,False
QA,ORBFH,5,5,589538be01a86310c56851a8bc919cd5960a401251a24f1727344c0e836aebfc,q_after,0.14795985813415502,False
QA,ORBFH,5,5,5d09316d87ced4e5faebccbcf05b73b088f46505da6767192fbdbe278dd79998,q_after,0.13583954725411002,False
QA,ORBFH,5,5,5b84c1c1bac6d9c9495e0d2d313d0b616314a82781835eeed7f9f22473bf6d62,distance_from_own_immediate_activation,0,False
QA,ORBFH,5,5,e5ad6f2d686323a16d0fded4072da1dc7728d193c1789d134033681e537b2e49,distance_from_own_immediate_activation,0,False
QA,ORBFH,6,1,c2a511b461d586287863e69ded39d72e773ee7ff59c54b951a1fc191530a9230,q_after,0.19119800653702362,False
QA,ORBFH,6,1,0f87867b9b690190efe9e3d65b533309c8a7791ed39a0a0b7c231d0b7d6a89a0,q_after,0.18162944315626658,False
QA,ORBFH,6,1,1f15ad772a9fa6b37e334f9e0a833b6b234fbcc3e02b033e20f4c8f7f264ec9f,distance_from_own_immediate_activation,26.809184185800682,False
QA,ORBFH,6,1,0d37408f349a9e1575f9996b4666d8be3c1a4b030ef6385556f20138f0e45d77,distance_from_own_immediate_activation,12.574616916808838,False
QA,ORBFH,6,2,cfe57172cb98b0710c97423a5f5a57d33035179d53d3f68eca197a5789036440,q_after,0.22117218493586094,False
QA,ORBFH,6,2,e7aaf76cffec142e290dc5d2dcf36de9ede9ac98e45f17581dd89975784bb629,q_after,0.17501007566612184,False
QA,ORBFH,6,2,cfe57172cb98b0710c97423a5f5a57d33035179d53d3f68eca197a5789036440,distance_from_own_immediate_activation,11.894350592607887,False
QA,ORBFH,6,2,48d795fd3608fe062c655654f649b9e708725b3267c5132f01b2cbcc0e3cc2e1,distance_from_own_immediate_activation,11.543425095936719,False
QA,ORBFH,6,3,a9611cb14c48c4cb8dffb003fd9637aa1bfa4640de9ea2ce5271747bef8792a7,q_after,0.26959091586443967,False
QA,ORBFH,6,3,8b62da126c320ee8c8382166f83ac01b0a61b7cdc9dad5d1cfe059844c8ecd55,q_after,0.23756062022663155,False
QA,ORBFH,6,3,8b62da126c320ee8c8382166f83ac01b0a61b7cdc9dad5d1cfe059844c8ecd55,distance_from_own_immediate_activation,28.76824982611345,False
QA,ORBFH,6,3,cbcb4f07d73bad75caec058156c6c238258ce78fb4e1dab72ce272db69cc8c77,distance_from_own_immediate_activation,19.195774228284055,False
QA,ORBFH,6,4,d6d01656f6313b328ad8bfcac029d7940e57cf0c93f05e69ae9bc329dadfcfa7,q_after,0.17945600209253548,False
QA,ORBFH,6,4,a4329d0ac860e80a3c0b15f6ac91f410a27591060c6d5fd2f0c29653cbb26c6a,q_after,0.14721994107293329,False
QA,ORBFH,6,4,f597646b2170911abc0a9f16b08edea8666c21a6d17cd5f0d296616fb8fbc73d,distance_from_own_immediate_activation,8.800729124696085,False
QA,ORBFH,6,4,9ae5cb627e1d704de97809b1d2502b5a29639c279ba8f209fe71ee74f9c87f0f,distance_from_own_immediate_activation,8.7832353833684156,False
QA,ORBFH,6,5,589538be01a86310c56851a8bc919cd5960a401251a24f1727344c0e836aebfc,q_after,0.16700692933816527,False
QA,ORBFH,6,5,6b09563228de190af7f5373ac8d2d385748090ccb7f9b0cd3289584504d9dd34,q_after,0.14518480602881204,False
QA,ORBFH,6,5,c772c96cc3ed429bba98d896d998a9066e96a5c5e3b7ae18a51a54b9e1fab7bf,distance_from_own_immediate_activation,14.409735767325113,False
QA,ORBFH,6,5,f233c70ce7ef91da6d0541ec6083342e910b20caed60aa21f773d937bc51cc4d,distance_from_own_immediate_activation,8.1017453936919246,False
QA,ORBFH,6,6,93f4fe9bbf7974bf98b743b2f1307fd839bc6b2960fafd843cfe3eda879379b4,q_after,0.7991171391024593,False
QA,ORBFH,6,6,6adf08f2950017f777a37203c13730986fe8b7e6390ae607e021f5dedceaec34,q_after,0.15919226126190916,False
QA,ORBFH,6,6,8a9041037dbc17f886486516e3c6a025512c6bdc9ebc902afd1b7b83a6f28b04,distance_from_own_immediate_activation,0,False
QA,ORBFH,6,6,1cfe090c9861932226bef865ff03923d860fb91023a5ebe93c3bab1a657257cb,distance_from_own_immediate_activation,0,False
QA,ORBFH,7,1,48f8e5c9758bc1ecd0a5d87381377f2e938e3fbd115904598f843ea205a1cb29,q_after,0.23234699021754329,False
QA,ORBFH,7,1,1f15ad772a9fa6b37e334f9e0a833b6b234fbcc3e02b033e20f4c8f7f264ec9f,q_after,0.22463231458035268,False
QA,ORBFH,7,1,1f15ad772a9fa6b37e334f9e0a833b6b234fbcc3e02b033e20f4c8f7f264ec9f,distance_from_own_immediate_activation,34.996277084604458,False
QA,ORBFH,7,1,bec2d64187af6c88f13d2db08996689e9e0dd634593dcaa26ba2380288b964d1,distance_from_own_immediate_activation,18.465609828841536,False
QA,ORBFH,7,2,cfe57172cb98b0710c97423a5f5a57d33035179d53d3f68eca197a5789036440,q_after,0.29931030537651604,False
QA,ORBFH,7,2,267a890d7007a68b7597dcfc61c935856423968f054b281e0684c5226ff00409,q_after,0.20516644826783703,False
QA,ORBFH,7,2,cfe57172cb98b0710c97423a5f5a57d33035179d53d3f68eca197a5789036440,distance_from_own_immediate_activation,17.610535334007082,False
QA,ORBFH,7,2,6603391ba647ebfc0587eea265b5a908aaadb4f41fc80cd591c0669f66deae28,distance_from_own_immediate_activation,14.619229314378096,False
QA,ORBFH,7,3,8b62da126c320ee8c8382166f83ac01b0a61b7cdc9dad5d1cfe059844c8ecd55,q_after,1.2655183833210804,False
QA,ORBFH,7,3,a9611cb14c48c4cb8dffb003fd9637aa1bfa4640de9ea2ce5271747bef8792a7,q_after,0.64905435149941715,False
QA,ORBFH,7,3,8b62da126c320ee8c8382166f83ac01b0a61b7cdc9dad5d1cfe059844c8ecd55,distance_from_own_immediate_activation,202.11752676361871,False
QA,ORBFH,7,3,cbcb4f07d73bad75caec058156c6c238258ce78fb4e1dab72ce272db69cc8c77,distance_from_own_immediate_activation,35.53043821944604,False
QA,ORBFH,7,4,f597646b2170911abc0a9f16b08edea8666c21a6d17cd5f0d296616fb8fbc73d,q_after,0.26065721395916036,False
QA,ORBFH,7,4,d6d01656f6313b328ad8bfcac029d7940e57cf0c93f05e69ae9bc329dadfcfa7,q_after,0.22133278292023256,False
QA,ORBFH,7,4,f597646b2170911abc0a9f16b08edea8666c21a6d17cd5f0d296616fb8fbc73d,distance_from_own_immediate_activation,24.843298761236966,False
QA,ORBFH,7,4,3ea8e9bad92d8a6de26f0464fa86fbba7f8f6c5b42442b759bf6b6984d41789c,distance_from_own_immediate_activation,15.976506933824181,False
QA,ORBFH,7,5,c772c96cc3ed429bba98d896d998a9066e96a5c5e3b7ae18a51a54b9e1fab7bf,q_after,0.21636770745333456,False
QA,ORBFH,7,5,589538be01a86310c56851a8bc919cd5960a401251a24f1727344c0e836aebfc,q_after,0.21482626107108296,False
QA,ORBFH,7,5,c772c96cc3ed429bba98d896d998a9066e96a5c5e3b7ae18a51a54b9e1fab7bf,distance_from_own_immediate_activation,28.924672808839368,False
QA,ORBFH,7,5,f233c70ce7ef91da6d0541ec6083342e910b20caed60aa21f773d937bc51cc4d,distance_from_own_immediate_activation,22.352198985890155,False
QA,ORBFH,7,6,93f4fe9bbf7974bf98b743b2f1307fd839bc6b2960fafd843cfe3eda879379b4,q_after,1.4775232800571205,False
QA,ORBFH,7,6,747c585f04c3591e36bc833c9ceb06cf8c210fa7b2eada208f590ac0a1fa420e,q_after,0.30824529775847459,False
QA,ORBFH,7,6,93f4fe9bbf7974bf98b743b2f1307fd839bc6b2960fafd843cfe3eda879379b4,distance_from_own_immediate_activation,210.55505306546402,False
QA,ORBFH,7,6,c8a82229789dd56c64ca2059eefcf51085a0a7f323ce6c4d76c1038374b96e4f,distance_from_own_immediate_activation,21.564312865395916,False
QA,ORBFH,7,7,33dd769a12d130a290e637345c52d22a30bfe3035437a8d7e8852e5329f30d7a,q_after,0.14904686565209166,False
QA,ORBFH,7,7,7df6ba08c50f72918066d0bdf8844aa8c12edcec8b3f83a616dbc054ea8cf01e,q_after,0.14448492358557491,False
QA,ORBFH,7,7,d82b4b74485c4ef9b4b12f1c2fabad4c0109165ed4e5d7f934133ea726a65ae9,distance_from_own_immediate_activation,0,False
QA,ORBFH,7,7,f6676ed348d4d873923c058111d2f76ed59e8b3bffd08a972593e7195e1501db,distance_from_own_immediate_activation,0,False
QA,ORBFH,8,1,48f8e5c9758bc1ecd0a5d87381377f2e938e3fbd115904598f843ea205a1cb29,q_after,0.27909481083210524,False
QA,ORBFH,8,1,d62d3daaa98597827218b56a25f7ae3bb2b223eaaf78b7acf4945a97a6ef323f,q_after,0.23374961930422913,False
QA,ORBFH,8,1,1f15ad772a9fa6b37e334f9e0a833b6b234fbcc3e02b033e20f4c8f7f264ec9f,distance_from_own_immediate_activation,33.103990851134853,False
QA,ORBFH,8,1,bec2d64187af6c88f13d2db08996689e9e0dd634593dcaa26ba2380288b964d1,distance_from_own_immediate_activation,21.11097187690342,False
QA,ORBFH,8,2,cfe57172cb98b0710c97423a5f5a57d33035179d53d3f68eca197a5789036440,q_after,0.32295039154282518,False
QA,ORBFH,8,2,267a890d7007a68b7597dcfc61c935856423968f054b281e0684c5226ff00409,q_after,0.24060428482710328,False
QA,ORBFH,8,2,cfe57172cb98b0710c97423a5f5a57d33035179d53d3f68eca197a5789036440,distance_from_own_immediate_activation,19.402426945383766,False
QA,ORBFH,8,2,6603391ba647ebfc0587eea265b5a908aaadb4f41fc80cd591c0669f66deae28,distance_from_own_immediate_activation,17.70444467593272,False
QA,ORBFH,8,3,8b62da126c320ee8c8382166f83ac01b0a61b7cdc9dad5d1cfe059844c8ecd55,q_after,1.272167103616695,False
QA,ORBFH,8,3,a9611cb14c48c4cb8dffb003fd9637aa1bfa4640de9ea2ce5271747bef8792a7,q_after,0.69955948583856764,False
QA,ORBFH,8,3,8b62da126c320ee8c8382166f83ac01b0a61b7cdc9dad5d1cfe059844c8ecd55,distance_from_own_immediate_activation,203.30738716586546,False
QA,ORBFH,8,3,cbcb4f07d73bad75caec058156c6c238258ce78fb4e1dab72ce272db69cc8c77,distance_from_own_immediate_activation,52.179877374812492,False
QA,ORBFH,8,4,9443eb63eb95f3fc8cbde7cc92373418cf7e744ff02d8ec75dafcf934a14a1b6,q_after,0.30124672874202801,False
QA,ORBFH,8,4,f597646b2170911abc0a9f16b08edea8666c21a6d17cd5f0d296616fb8fbc73d,q_after,0.29356767962900909,False
QA,ORBFH,8,4,f597646b2170911abc0a9f16b08edea8666c21a6d17cd5f0d296616fb8fbc73d,distance_from_own_immediate_activation,28.393436420824877,False
QA,ORBFH,8,4,9443eb63eb95f3fc8cbde7cc92373418cf7e744ff02d8ec75dafcf934a14a1b6,distance_from_own_immediate_activation,20.442225203140278,False
QA,ORBFH,8,5,589538be01a86310c56851a8bc919cd5960a401251a24f1727344c0e836aebfc,q_after,0.27287220646037275,False
QA,ORBFH,8,5,6b09563228de190af7f5373ac8d2d385748090ccb7f9b0cd3289584504d9dd34,q_after,0.26253220156466217,False
QA,ORBFH,8,5,c772c96cc3ed429bba98d896d998a9066e96a5c5e3b7ae18a51a54b9e1fab7bf,distance_from_own_immediate_activation,30.47639457781602,False
QA,ORBFH,8,5,f233c70ce7ef91da6d0541ec6083342e910b20caed60aa21f773d937bc51cc4d,distance_from_own_immediate_activation,24.119657153379496,False
QA,ORBFH,8,6,93f4fe9bbf7974bf98b743b2f1307fd839bc6b2960fafd843cfe3eda879379b4,q_after,1.4945194409304863,False
QA,ORBFH,8,6,747c585f04c3591e36bc833c9ceb06cf8c210fa7b2eada208f590ac0a1fa420e,q_after,0.41059733808275412,False
QA,ORBFH,8,6,93f4fe9bbf7974bf98b743b2f1307fd839bc6b2960fafd843cfe3eda879379b4,distance_from_own_immediate_activation,212.33993566457448,False
QA,ORBFH,8,6,c8a82229789dd56c64ca2059eefcf51085a0a7f323ce6c4d76c1038374b96e4f,distance_from_own_immediate_activation,33.944807048928894,False
QA,ORBFH,8,7,39afe7699b43997c6c07193d0472a06de2c74887e11e59c6a186c84aa3d1f43f,q_after,0.41655878065372204,False
QA,ORBFH,8,7,bbf2e33a44d04486b2c89492ce63fba130f126a87b3a155f0176809a9aee3d7b,q_after,0.21060960876288431,False
QA,ORBFH,8,7,bbf2e33a44d04486b2c89492ce63fba130f126a87b3a155f0176809a9aee3d7b,distance_from_own_immediate_activation,32.960212966451223,False
QA,ORBFH,8,7,0f0159173d4b8467e92c0a8b82dd25b4e692b9ed04b06667504764f8e76aa463,distance_from_own_immediate_activation,23.608423421990931,False
QA,ORBFH,8,8,af66ed3714a102e1ed4481ef7fb5d422bfb3471808413ad77b3edb92f8d9a40d,q_after,0.83829229707990949,False
QA,ORBFH,8,8,693ac3189a2fa3e2845d072b6cc2ea99a346cf19be40255cd6f58733f05845dd,q_after,0.46998498591813992,False
QA,ORBFH,8,8,f30078d6d8f44bf7dc4c8052ae871614b00ba8bb789b67892dbf178a85412fe1,distance_from_own_immediate_activation,0,False
QA,ORBFH,8,8,c9f8952620ae02f32df759f1d9dd4e4dd404b9459172fb5c7f3185720ee9cef5,distance_from_own_immediate_activation,0,False
QA,ORBFH,9,1,48f8e5c9758bc1ecd0a5d87381377f2e938e3fbd115904598f843ea205a1cb29,q_after,0.32718267860547978,False
QA,ORBFH,9,1,b60dce4b4fb7c58f26743b14e89bf6f65fd42fa8a116dc3a52707814fd0496fe,q_after,0.3106146806115781,False
QA,ORBFH,9,1,1f15ad772a9fa6b37e334f9e0a833b6b234fbcc3e02b033e20f4c8f7f264ec9f,distance_from_own_immediate_activation,31.422602270168166,False
QA,ORBFH,9,1,b60dce4b4fb7c58f26743b14e89bf6f65fd42fa8a116dc3a52707814fd0496fe,distance_from_own_immediate_activation,27.719826572438834,False
QA,ORBFH,9,2,cfe57172cb98b0710c97423a5f5a57d33035179d53d3f68eca197a5789036440,q_after,0.37952988326364573,False
QA,ORBFH,9,2,267a890d7007a68b7597dcfc61c935856423968f054b281e0684c5226ff00409,q_after,0.25726713512033939,False
QA,ORBFH,9,2,cfe57172cb98b0710c97423a5f5a57d33035179d53d3f68eca197a5789036440,distance_from_own_immediate_activation,23.194582418373084,False
QA,ORBFH,9,2,6603391ba647ebfc0587eea265b5a908aaadb4f41fc80cd591c0669f66deae28,distance_from_own_immediate_activation,20.512631004062008,False
QA,ORBFH,9,3,8b62da126c320ee8c8382166f83ac01b0a61b7cdc9dad5d1cfe059844c8ecd55,q_after,1.3190976126758565,False
QA,ORBFH,9,3,a9611cb14c48c4cb8dffb003fd9637aa1bfa4640de9ea2ce5271747bef8792a7,q_after,0.81863985756560975,False
QA,ORBFH,9,3,8b62da126c320ee8c8382166f83ac01b0a61b7cdc9dad5d1cfe059844c8ecd55,distance_from_own_immediate_activation,210.86150496433916,False
QA,ORBFH,9,3,cbcb4f07d73bad75caec058156c6c238258ce78fb4e1dab72ce272db69cc8c77,distance_from_own_immediate_activation,57.57233095942609,False
QA,ORBFH,9,4,f597646b2170911abc0a9f16b08edea8666c21a6d17cd5f0d296616fb8fbc73d,q_after,0.33908172768018796,False
QA,ORBFH,9,4,9443eb63eb95f3fc8cbde7cc92373418cf7e744ff02d8ec75dafcf934a14a1b6,q_after,0.3128986108135437,False
QA,ORBFH,9,4,f597646b2170911abc0a9f16b08edea8666c21a6d17cd5f0d296616fb8fbc73d,distance_from_own_immediate_activation,32.916534797154725,False
QA,ORBFH,9,4,391bb63bc34c238c2140166a394631128436c37bff6aec57da056d21200eb6a2,distance_from_own_immediate_activation,25.701197210836892,False
QA,ORBFH,9,5,f233c70ce7ef91da6d0541ec6083342e910b20caed60aa21f773d937bc51cc4d,q_after,1.6757864178293262,False
QA,ORBFH,9,5,589538be01a86310c56851a8bc919cd5960a401251a24f1727344c0e836aebfc,q_after,0.32243613375508479,False
QA,ORBFH,9,5,f233c70ce7ef91da6d0541ec6083342e910b20caed60aa21f773d937bc51cc4d,distance_from_own_immediate_activation,200.64082257874452,False
QA,ORBFH,9,5,c772c96cc3ed429bba98d896d998a9066e96a5c5e3b7ae18a51a54b9e1fab7bf,distance_from_own_immediate_activation,34.494907243228404,False
QA,ORBFH,9,6,93f4fe9bbf7974bf98b743b2f1307fd839bc6b2960fafd843cfe3eda879379b4,q_after,1.5535719990323582,False
QA,ORBFH,9,6,747c585f04c3591e36bc833c9ceb06cf8c210fa7b2eada208f590ac0a1fa420e,q_after,0.53988766309332725,False
QA,ORBFH,9,6,93f4fe9bbf7974bf98b743b2f1307fd839bc6b2960fafd843cfe3eda879379b4,distance_from_own_immediate_activation,221.71474338185374,False
QA,ORBFH,9,6,c8a82229789dd56c64ca2059eefcf51085a0a7f323ce6c4d76c1038374b96e4f,distance_from_own_immediate_activation,36.234477496129827,False
QA,ORBFH,9,7,39afe7699b43997c6c07193d0472a06de2c74887e11e59c6a186c84aa3d1f43f,q_after,0.49260967821407281,False
QA,ORBFH,9,7,0f0159173d4b8467e92c0a8b82dd25b4e692b9ed04b06667504764f8e76aa463,q_after,0.25439096531293426,False
QA,ORBFH,9,7,bbf2e33a44d04486b2c89492ce63fba130f126a87b3a155f0176809a9aee3d7b,distance_from_own_immediate_activation,34.388868553376724,False
QA,ORBFH,9,7,0f0159173d4b8467e92c0a8b82dd25b4e692b9ed04b06667504764f8e76aa463,distance_from_own_immediate_activation,31.690158800531982,False
QA,ORBFH,9,8,af66ed3714a102e1ed4481ef7fb5d422bfb3471808413ad77b3edb92f8d9a40d,q_after,0.82464209173654845,False
QA,ORBFH,9,8,693ac3189a2fa3e2845d072b6cc2ea99a346cf19be40255cd6f58733f05845dd,q_after,0.50701699434322556,False
QA,ORBFH,9,8,af66ed3714a102e1ed4481ef7fb5d422bfb3471808413ad77b3edb92f8d9a40d,distance_from_own_immediate_activation,59.89178588180414,False
QA,ORBFH,9,8,693ac3189a2fa3e2845d072b6cc2ea99a346cf19be40255cd6f58733f05845dd,distance_from_own_immediate_activation,18.119083056875247,False
QA,ORBFH,9,9,c8759136267f7e6af3367ae9d6b1891b5f2533ffe01bc2ffb0d0de1cb8e9085e,q_after,1.0965534053562573,False
QA,ORBFH,9,9,d15c8612071f68cad50268e423a6f3408cd1ae01a99efaff370e9542d2b52f55,q_after,0.19219176284172473,False
QA,ORBFH,9,9,194178db5ac524e6c7517cc57e2e3431cff936ec930778a4b17ef981c4514f7f,distance_from_own_immediate_activation,0,False
QA,ORBFH,9,9,31d57823193fde3c88a529a47704ed415975d35c2ef62ca633ff76987bd7b939,distance_from_own_immediate_activation,0,False
QA,ORBFH,10,1,b60dce4b4fb7c58f26743b14e89bf6f65fd42fa8a116dc3a52707814fd0496fe,q_after,0.42306367920742355,False
QA,ORBFH,10,1,48f8e5c9758bc1ecd0a5d87381377f2e938e3fbd115904598f843ea205a1cb29,q_after,0.33641019423817542,False
QA,ORBFH,10,1,b60dce4b4fb7c58f26743b14e89bf6f65fd42fa8a116dc3a52707814fd0496fe,distance_from_own_immediate_activation,38.646197308618582,False
QA,ORBFH,10,1,1f15ad772a9fa6b37e334f9e0a833b6b234fbcc3e02b033e20f4c8f7f264ec9f,distance_from_own_immediate_activation,32.424488644140652,False
QA,ORBFH,10,2,cfe57172cb98b0710c97423a5f5a57d33035179d53d3f68eca197a5789036440,q_after,0.40397096536067822,False
QA,ORBFH,10,2,267a890d7007a68b7597dcfc61c935856423968f054b281e0684c5226ff00409,q_after,0.26725556966260217,False
QA,ORBFH,10,2,cfe57172cb98b0710c97423a5f5a57d33035179d53d3f68eca197a5789036440,distance_from_own_immediate_activation,24.819435362035602,False
QA,ORBFH,10,2,f3229e5df187c6629a00cdebf77efe1d9bf9147ab2254529547d3f645ebdc023,distance_from_own_immediate_activation,20.726834686025498,False
QA,ORBFH,10,3,8b62da126c320ee8c8382166f83ac01b0a61b7cdc9dad5d1cfe059844c8ecd55,q_after,1.318477999609442,False
QA,ORBFH,10,3,a9611cb14c48c4cb8dffb003fd9637aa1bfa4640de9ea2ce5271747bef8792a7,q_after,0.84506501020482216,False
QA,ORBFH,10,3,8b62da126c320ee8c8382166f83ac01b0a61b7cdc9dad5d1cfe059844c8ecd55,distance_from_own_immediate_activation,210.74970845095589,False
QA,ORBFH,10,3,cbcb4f07d73bad75caec058156c6c238258ce78fb4e1dab72ce272db69cc8c77,distance_from_own_immediate_activation,58.846713808995908,False
QA,ORBFH,10,4,5abd3eacc2d9d05cc7ca87403cf11e70f930a513e505a3fdd178946f2b51a3f2,q_after,1.4831789535151521,False
QA,ORBFH,10,4,f597646b2170911abc0a9f16b08edea8666c21a6d17cd5f0d296616fb8fbc73d,q_after,0.34881319307620606,False
QA,ORBFH,10,4,5abd3eacc2d9d05cc7ca87403cf11e70f930a513e505a3fdd178946f2b51a3f2,distance_from_own_immediate_activation,167.5906050991546,False
QA,ORBFH,10,4,f597646b2170911abc0a9f16b08edea8666c21a6d17cd5f0d296616fb8fbc73d,distance_from_own_immediate_activation,33.894488274721574,False
QA,ORBFH,10,5,f233c70ce7ef91da6d0541ec6083342e910b20caed60aa21f773d937bc51cc4d,q_after,1.8450456600176655,False
QA,ORBFH,10,5,589538be01a86310c56851a8bc919cd5960a401251a24f1727344c0e836aebfc,q_after,0.37609219904597913,False
QA,ORBFH,10,5,f233c70ce7ef91da6d0541ec6083342e910b20caed60aa21f773d937bc51cc4d,distance_from_own_immediate_activation,221.01021954754211,False
QA,ORBFH,10,5,c772c96cc3ed429bba98d896d998a9066e96a5c5e3b7ae18a51a54b9e1fab7bf,distance_from_own_immediate_activation,35.244984619719816,False
QA,ORBFH,10,6,93f4fe9bbf7974bf98b743b2f1307fd839bc6b2960fafd843cfe3eda879379b4,q_after,1.553268682813534,False
QA,ORBFH,10,6,747c585f04c3591e36bc833c9ceb06cf8c210fa7b2eada208f590ac0a1fa420e,q_after,0.56353158123426761,False
QA,ORBFH,10,6,93f4fe9bbf7974bf98b743b2f1307fd839bc6b2960fafd843cfe3eda879379b4,distance_from_own_immediate_activation,221.60714940935213,False
QA,ORBFH,10,6,c8a82229789dd56c64ca2059eefcf51085a0a7f323ce6c4d76c1038374b96e4f,distance_from_own_immediate_activation,38.07842785940246,False
QA,ORBFH,10,7,39afe7699b43997c6c07193d0472a06de2c74887e11e59c6a186c84aa3d1f43f,q_after,0.52850770132432656,False
QA,ORBFH,10,7,0f0159173d4b8467e92c0a8b82dd25b4e692b9ed04b06667504764f8e76aa463,q_after,0.2723552683264448,False
QA,ORBFH,10,7,bbf2e33a44d04486b2c89492ce63fba130f126a87b3a155f0176809a9aee3d7b,distance_from_own_immediate_activation,36.25866532557405,False
QA,ORBFH,10,7,0f0159173d4b8467e92c0a8b82dd25b4e692b9ed04b06667504764f8e76aa463,distance_from_own_immediate_activation,33.819410233025387,False
QA,ORBFH,10,8,af66ed3714a102e1ed4481ef7fb5d422bfb3471808413ad77b3edb92f8d9a40d,q_after,0.82477853392416411,False
QA,ORBFH,10,8,693ac3189a2fa3e2845d072b6cc2ea99a346cf19be40255cd6f58733f05845dd,q_after,0.54590627771682099,False
QA,ORBFH,10,8,af66ed3714a102e1ed4481ef7fb5d422bfb3471808413ad77b3edb92f8d9a40d,distance_from_own_immediate_activation,59.963003957507887,False
QA,ORBFH,10,8,693ac3189a2fa3e2845d072b6cc2ea99a346cf19be40255cd6f58733f05845dd,distance_from_own_immediate_activation,22.643204738013868,False
QA,ORBFH,10,9,c8759136267f7e6af3367ae9d6b1891b5f2533ffe01bc2ffb0d0de1cb8e9085e,q_after,1.0965036644723161,False
QA,ORBFH,10,9,61b19084fd3159f34938d4d38536d0e23b2c41761005ddc84af3fe30835a54ed,q_after,0.36675745122930176,False
QA,ORBFH,10,9,93f5330df70c8aded8099a1f83c0c4850bc73f6a92d3c731fa60b9c9e63576e9,distance_from_own_immediate_activation,76.709117181623256,False
QA,ORBFH,10,9,afbfe5b2f15d579c6b1520c6a4a99cfde6e47988b8b800730b7f7040064cb94c,distance_from_own_immediate_activation,36.705402697487003,False
QA,ORBFH,10,10,fc450e4868d498e845e7c575ebec0dd5c068b053ec5f3a9d25e2656a4df55261,q_after,0.18269465979330582,False
QA,ORBFH,10,10,533a825d82a29fa7292590b905b923b441c683ed86a219d04fc4019037146c5a,q_after,0.1758295312170855,False
QA,ORBFH,10,10,498726f516ca2b5b6c3abb41abe5aabe486467b0175f90d10eb394571795ce5a,distance_from_own_immediate_activation,0,False
QA,ORBFH,10,10,9894445f110df76e317bb1ab36bffa15c2e90d4335205e958131010a783cf63d,distance_from_own_immediate_activation,0,False
QA,JAC,1,1,0f87867b9b690190efe9e3d65b533309c8a7791ed39a0a0b7c231d0b7d6a89a0,q_after,0.22611047034567702,False
QA,JAC,1,1,0cbdcd102101aa2847555821e9cb9856e3e26f89510271de286f5bf4667c4094,q_after,0.19166803338497176,False
QA,JAC,1,1,285a3add6f31d8546b0d76689a016bc0f9f7d8e58c95f54e87bba48ad5cabc65,distance_from_own_immediate_activation,0,False
QA,JAC,1,1,6abbaf2496b409f11036390da3b47c9272a243b8a164ca3d9f9a65fafbec985d,distance_from_own_immediate_activation,0,False
QA,JAC,2,1,0f87867b9b690190efe9e3d65b533309c8a7791ed39a0a0b7c231d0b7d6a89a0,q_after,0.23326261419427649,False
QA,JAC,2,1,0cbdcd102101aa2847555821e9cb9856e3e26f89510271de286f5bf4667c4094,q_after,0.19382051441960951,False
QA,JAC,2,1,94bd4b37a5d07ad36fd1f8d54bbc8b2908a74560edcbbcfa2e8cd869eebaf856,distance_from_own_immediate_activation,3.6839693007632448,False
QA,JAC,2,1,85a4eedb16a30908dfc36bf358b5d34dc472310148a017735bbdad65a96f977c,distance_from_own_immediate_activation,3.6163387620559484,False
QA,JAC,2,2,7bb7fd3dd2aeb10634eb125c0a2d2aaf02cb20340d172fe66a71f3af96fd60ce,q_after,0.18211255065553664,False
QA,JAC,2,2,5026c8caf1aaf77a510a2e7112ea6dead0a567c357bbf597536dbb5c04efbe29,q_after,0.18200854417156967,False
QA,JAC,2,2,f742e3b08cc43666fd7f6e3f269849a7e50f2847ec2b4e38de638a9da8e99747,distance_from_own_immediate_activation,0,False
QA,JAC,2,2,c00ba5c00aeed6290e334d4cd5abd3b223eb0b0d3fe00c61dd63a733904b0504,distance_from_own_immediate_activation,0,False
QA,JAC,3,1,0f87867b9b690190efe9e3d65b533309c8a7791ed39a0a0b7c231d0b7d6a89a0,q_after,0.23371119618121128,False
QA,JAC,3,1,1f15ad772a9fa6b37e334f9e0a833b6b234fbcc3e02b033e20f4c8f7f264ec9f,q_after,0.22818529171894675,False
QA,JAC,3,1,1f15ad772a9fa6b37e334f9e0a833b6b234fbcc3e02b033e20f4c8f7f264ec9f,distance_from_own_immediate_activation,27.83513554743536,False
QA,JAC,3,1,d97bda6d6a887cafe4132a43d6d106a50a3a151b295c299fbaa9079c4004d670,distance_from_own_immediate_activation,10.08246010020807,False
QA,JAC,3,2,7bb7fd3dd2aeb10634eb125c0a2d2aaf02cb20340d172fe66a71f3af96fd60ce,q_after,0.19536073956352454,False
QA,JAC,3,2,5026c8caf1aaf77a510a2e7112ea6dead0a567c357bbf597536dbb5c04efbe29,q_after,0.18239382483209179,False
QA,JAC,3,2,cfe57172cb98b0710c97423a5f5a57d33035179d53d3f68eca197a5789036440,distance_from_own_immediate_activation,4.9873143643914384,False
QA,JAC,3,2,22a669f62bd9e248af8299cac74f0b9b9efee06e2424b0b7fe8167d479574aed,distance_from_own_immediate_activation,4.481501086353167,False
QA,JAC,3,3,8b62da126c320ee8c8382166f83ac01b0a61b7cdc9dad5d1cfe059844c8ecd55,q_after,0.4011415545950045,False
QA,JAC,3,3,08f5ce1ca163e3700d35c52504edd1232b0d6163bc1036179983f164adde009f,q_after,0.19547128493877222,False
QA,JAC,3,3,5fe5cc36167302a9bb9453cf9a190bce75a6ebf70356e4b2d43262df4ea70e7e,distance_from_own_immediate_activation,0,False
QA,JAC,3,3,748b77c32e5597fd9ab954ae967d71dfca3c97aa792238480bf57c353b9f7c3b,distance_from_own_immediate_activation,0,False
QA,JAC,4,1,0f87867b9b690190efe9e3d65b533309c8a7791ed39a0a0b7c231d0b7d6a89a0,q_after,0.2385076645714086,False
QA,JAC,4,1,1f15ad772a9fa6b37e334f9e0a833b6b234fbcc3e02b033e20f4c8f7f264ec9f,q_after,0.23082688007321359,False
QA,JAC,4,1,1f15ad772a9fa6b37e334f9e0a833b6b234fbcc3e02b033e20f4c8f7f264ec9f,distance_from_own_immediate_activation,28.464172771967004,False
QA,JAC,4,1,d97bda6d6a887cafe4132a43d6d106a50a3a151b295c299fbaa9079c4004d670,distance_from_own_immediate_activation,10.376898911246561,False
QA,JAC,4,2,7bb7fd3dd2aeb10634eb125c0a2d2aaf02cb20340d172fe66a71f3af96fd60ce,q_after,0.19513439145343214,False
QA,JAC,4,2,5026c8caf1aaf77a510a2e7112ea6dead0a567c357bbf597536dbb5c04efbe29,q_after,0.18315602335343126,False
QA,JAC,4,2,cfe57172cb98b0710c97423a5f5a57d33035179d53d3f68eca197a5789036440,distance_from_own_immediate_activation,7.1971884077274346,False
QA,JAC,4,2,dc2b4304898991c55f2e21a6de682f775a2f588a4b2b9b6bdd5439bdff65fee5,distance_from_own_immediate_activation,5.7922976926943024,False
QA,JAC,4,3,8b62da126c320ee8c8382166f83ac01b0a61b7cdc9dad5d1cfe059844c8ecd55,q_after,0.40101794890735976,False
QA,JAC,4,3,08f5ce1ca163e3700d35c52504edd1232b0d6163bc1036179983f164adde009f,q_after,0.19562330357036789,False
QA,JAC,4,3,f323ac47cf55290d0500c21a611750c9e802834a99d06cbf85614b0bcb326a78,distance_from_own_immediate_activation,4.6624690011741645,False
QA,JAC,4,3,a9611cb14c48c4cb8dffb003fd9637aa1bfa4640de9ea2ce5271747bef8792a7,distance_from_own_immediate_activation,4.6237274490462168,False
QA,JAC,4,4,eed7d047ce6f0c878b419c49f87b730fe8c31d5345eeacbf4c435618af30daf4,q_after,0.21062237119616531,False
QA,JAC,4,4,13762d19df31d8c61d30df33c02900aa054437d368fcb2196fd212567f6427ae,q_after,0.20783835661626712,False
QA,JAC,4,4,b74477e088614db975b9ef3aaba64df62b78acfc4f63433e65ca1d0781dcffe1,distance_from_own_immediate_activation,0,False
QA,JAC,4,4,75df0f36573c040611750a4f824c17e612ade8e4b5e3a222af3a9c77dd369af4,distance_from_own_immediate_activation,0,False
QA,JAC,5,1,0f87867b9b690190efe9e3d65b533309c8a7791ed39a0a0b7c231d0b7d6a89a0,q_after,0.23786347724931989,False
QA,JAC,5,1,1f15ad772a9fa6b37e334f9e0a833b6b234fbcc3e02b033e20f4c8f7f264ec9f,q_after,0.23104574851519127,False
QA,JAC,5,1,1f15ad772a9fa6b37e334f9e0a833b6b234fbcc3e02b033e20f4c8f7f264ec9f,distance_from_own_immediate_activation,28.674987795771603,False
QA,JAC,5,1,d97bda6d6a887cafe4132a43d6d106a50a3a151b295c299fbaa9079c4004d670,distance_from_own_immediate_activation,14.210320295507056,False
QA,JAC,5,2,7bb7fd3dd2aeb10634eb125c0a2d2aaf02cb20340d172fe66a71f3af96fd60ce,q_after,0.19782439935134163,False
QA,JAC,5,2,cfe57172cb98b0710c97423a5f5a57d33035179d53d3f68eca197a5789036440,q_after,0.18430755834577059,False
QA,JAC,5,2,cfe57172cb98b0710c97423a5f5a57d33035179d53d3f68eca197a5789036440,distance_from_own_immediate_activation,8.689039762651209,False
QA,JAC,5,2,48d795fd3608fe062c655654f649b9e708725b3267c5132f01b2cbcc0e3cc2e1,distance_from_own_immediate_activation,8.5988813838694753,False
QA,JAC,5,3,8b62da126c320ee8c8382166f83ac01b0a61b7cdc9dad5d1cfe059844c8ecd55,q_after,0.40137971004286843,False
QA,JAC,5,3,08f5ce1ca163e3700d35c52504edd1232b0d6163bc1036179983f164adde009f,q_after,0.19693607623877915,False
QA,JAC,5,3,d4b109253c320baa212c079a8c8508e2df92d46eb2c28bdae70970323223535d,distance_from_own_immediate_activation,18.053621603366224,False
QA,JAC,5,3,a9611cb14c48c4cb8dffb003fd9637aa1bfa4640de9ea2ce5271747bef8792a7,distance_from_own_immediate_activation,6.561111597211811,False
QA,JAC,5,4,eed7d047ce6f0c878b419c49f87b730fe8c31d5345eeacbf4c435618af30daf4,q_after,0.21005172865004723,False
QA,JAC,5,4,13762d19df31d8c61d30df33c02900aa054437d368fcb2196fd212567f6427ae,q_after,0.20904512083489094,False
QA,JAC,5,4,1bb622c7c6612bdf2202db5f982ce1f40ed2910f9cd1fe2de0762fc61a4a3e75,distance_from_own_immediate_activation,7.6817716664726197,False
QA,JAC,5,4,b82a03e937cf2cf32073db5d914babf4ef1b871d8a539df433e363c50b0cd9a2,distance_from_own_immediate_activation,4.4820665504106065,False
QA,JAC,5,5,589538be01a86310c56851a8bc919cd5960a401251a24f1727344c0e836aebfc,q_after,0.20366570074590973,False
QA,JAC,5,5,09f500fd1bf4ef4eaa39d38cf251496d734b8ccd57d963fd8513ecbfa53f47a7,q_after,0.19047572229985713,False
QA,JAC,5,5,5b84c1c1bac6d9c9495e0d2d313d0b616314a82781835eeed7f9f22473bf6d62,distance_from_own_immediate_activation,0,False
QA,JAC,5,5,e5ad6f2d686323a16d0fded4072da1dc7728d193c1789d134033681e537b2e49,distance_from_own_immediate_activation,0,False
QA,JAC,6,1,0f87867b9b690190efe9e3d65b533309c8a7791ed39a0a0b7c231d0b7d6a89a0,q_after,0.23826139181591219,False
QA,JAC,6,1,1f15ad772a9fa6b37e334f9e0a833b6b234fbcc3e02b033e20f4c8f7f264ec9f,q_after,0.2267768568385691,False
QA,JAC,6,1,1f15ad772a9fa6b37e334f9e0a833b6b234fbcc3e02b033e20f4c8f7f264ec9f,distance_from_own_immediate_activation,28.032484138570485,False
QA,JAC,6,1,d97bda6d6a887cafe4132a43d6d106a50a3a151b295c299fbaa9079c4004d670,distance_from_own_immediate_activation,16.937189982053443,False
QA,JAC,6,2,cfe57172cb98b0710c97423a5f5a57d33035179d53d3f68eca197a5789036440,q_after,0.23773563613104928,False
QA,JAC,6,2,7bb7fd3dd2aeb10634eb125c0a2d2aaf02cb20340d172fe66a71f3af96fd60ce,q_after,0.20211156435151681,False
QA,JAC,6,2,cfe57172cb98b0710c97423a5f5a57d33035179d53d3f68eca197a5789036440,distance_from_own_immediate_activation,12.582521897673441,False
QA,JAC,6,2,267a890d7007a68b7597dcfc61c935856423968f054b281e0684c5226ff00409,distance_from_own_immediate_activation,9.8624164334794084,False
QA,JAC,6,3,8b62da126c320ee8c8382166f83ac01b0a61b7cdc9dad5d1cfe059844c8ecd55,q_after,0.41089590581164531,False
QA,JAC,6,3,a9611cb14c48c4cb8dffb003fd9637aa1bfa4640de9ea2ce5271747bef8792a7,q_after,0.38265086058738013,False
QA,JAC,6,3,cbcb4f07d73bad75caec058156c6c238258ce78fb4e1dab72ce272db69cc8c77,distance_from_own_immediate_activation,25.127128228143206,False
QA,JAC,6,3,d4b109253c320baa212c079a8c8508e2df92d46eb2c28bdae70970323223535d,distance_from_own_immediate_activation,18.711007204612947,False
QA,JAC,6,4,13762d19df31d8c61d30df33c02900aa054437d368fcb2196fd212567f6427ae,q_after,0.21027119782138637,False
QA,JAC,6,4,eed7d047ce6f0c878b419c49f87b730fe8c31d5345eeacbf4c435618af30daf4,q_after,0.21022492241622184,False
QA,JAC,6,4,f597646b2170911abc0a9f16b08edea8666c21a6d17cd5f0d296616fb8fbc73d,distance_from_own_immediate_activation,13.579345859268633,False
QA,JAC,6,4,3ea8e9bad92d8a6de26f0464fa86fbba7f8f6c5b42442b759bf6b6984d41789c,distance_from_own_immediate_activation,9.5709081478460405,False
QA,JAC,6,5,c772c96cc3ed429bba98d896d998a9066e96a5c5e3b7ae18a51a54b9e1fab7bf,q_after,0.40764793328685778,False
QA,JAC,6,5,6b09563228de190af7f5373ac8d2d385748090ccb7f9b0cd3289584504d9dd34,q_after,0.23725349910739491,False
QA,JAC,6,5,c772c96cc3ed429bba98d896d998a9066e96a5c5e3b7ae18a51a54b9e1fab7bf,distance_from_own_immediate_activation,19.314988322168773,False
QA,JAC,6,5,d8a932592fdacc3d511b1891c99a602b76baa6453f2ef50a271ca2b611347279,distance_from_own_immediate_activation,11.512718532831984,False
QA,JAC,6,6,93f4fe9bbf7974bf98b743b2f1307fd839bc6b2960fafd843cfe3eda879379b4,q_after,0.91655993723945528,False
QA,JAC,6,6,8a37a96d48997b416b13dc1dca31d3d807c34d18f36cd0abfcb6ce914ec22066,q_after,0.18589882795346688,False
QA,JAC,6,6,8a9041037dbc17f886486516e3c6a025512c6bdc9ebc902afd1b7b83a6f28b04,distance_from_own_immediate_activation,0,False
QA,JAC,6,6,1cfe090c9861932226bef865ff03923d860fb91023a5ebe93c3bab1a657257cb,distance_from_own_immediate_activation,0,False
QA,JAC,7,1,1f15ad772a9fa6b37e334f9e0a833b6b234fbcc3e02b033e20f4c8f7f264ec9f,q_after,0.26228692464871228,False
QA,JAC,7,1,0f87867b9b690190efe9e3d65b533309c8a7791ed39a0a0b7c231d0b7d6a89a0,q_after,0.23719878624808227,False
QA,JAC,7,1,1f15ad772a9fa6b37e334f9e0a833b6b234fbcc3e02b033e20f4c8f7f264ec9f,distance_from_own_immediate_activation,35.323652235000949,False
QA,JAC,7,1,d97bda6d6a887cafe4132a43d6d106a50a3a151b295c299fbaa9079c4004d670,distance_from_own_immediate_activation,17.118162888032831,False
QA,JAC,7,2,cfe57172cb98b0710c97423a5f5a57d33035179d53d3f68eca197a5789036440,q_after,0.2635428052913284,False
QA,JAC,7,2,7bb7fd3dd2aeb10634eb125c0a2d2aaf02cb20340d172fe66a71f3af96fd60ce,q_after,0.2131542914963816,False
QA,JAC,7,2,cfe57172cb98b0710c97423a5f5a57d33035179d53d3f68eca197a5789036440,distance_from_own_immediate_activation,14.301997747706812,False
QA,JAC,7,2,267a890d7007a68b7597dcfc61c935856423968f054b281e0684c5226ff00409,distance_from_own_immediate_activation,12.185142298247005,False
QA,JAC,7,3,8b62da126c320ee8c8382166f83ac01b0a61b7cdc9dad5d1cfe059844c8ecd55,q_after,0.76171795534463127,False
QA,JAC,7,3,a9611cb14c48c4cb8dffb003fd9637aa1bfa4640de9ea2ce5271747bef8792a7,q_after,0.47810104589590341,False
QA,JAC,7,3,8b62da126c320ee8c8382166f83ac01b0a61b7cdc9dad5d1cfe059844c8ecd55,distance_from_own_immediate_activation,102.000296871581,False
QA,JAC,7,3,cbcb4f07d73bad75caec058156c6c238258ce78fb4e1dab72ce272db69cc8c77,distance_from_own_immediate_activation,28.291267020981003,False
QA,JAC,7,4,eed7d047ce6f0c878b419c49f87b730fe8c31d5345eeacbf4c435618af30daf4,q_after,0.21577519238117535,False
QA,JAC,7,4,d6d01656f6313b328ad8bfcac029d7940e57cf0c93f05e69ae9bc329dadfcfa7,q_after,0.21252657365898589,False
QA,JAC,7,4,f597646b2170911abc0a9f16b08edea8666c21a6d17cd5f0d296616fb8fbc73d,distance_from_own_immediate_activation,17.139629799930308,False
QA,JAC,7,4,3ea8e9bad92d8a6de26f0464fa86fbba7f8f6c5b42442b759bf6b6984d41789c,distance_from_own_immediate_activation,11.651867523340048,False
QA,JAC,7,5,c772c96cc3ed429bba98d896d998a9066e96a5c5e3b7ae18a51a54b9e1fab7bf,q_after,0.44518448975783464,False
QA,JAC,7,5,6b09563228de190af7f5373ac8d2d385748090ccb7f9b0cd3289584504d9dd34,q_after,0.26404143564972055,False
QA,JAC,7,5,c772c96cc3ed429bba98d896d998a9066e96a5c5e3b7ae18a51a54b9e1fab7bf,distance_from_own_immediate_activation,21.065416466530888,False
QA,JAC,7,5,f233c70ce7ef91da6d0541ec6083342e910b20caed60aa21f773d937bc51cc4d,distance_from_own_immediate_activation,13.922646140985783,False
QA,JAC,7,6,93f4fe9bbf7974bf98b743b2f1307fd839bc6b2960fafd843cfe3eda879379b4,q_after,1.0906931607092938,False
QA,JAC,7,6,747c585f04c3591e36bc833c9ceb06cf8c210fa7b2eada208f590ac0a1fa420e,q_after,0.20449193641582589,False
QA,JAC,7,6,93f4fe9bbf7974bf98b743b2f1307fd839bc6b2960fafd843cfe3eda879379b4,distance_from_own_immediate_activation,106.08505308746926,False
QA,JAC,7,6,c8a82229789dd56c64ca2059eefcf51085a0a7f323ce6c4d76c1038374b96e4f,distance_from_own_immediate_activation,10.84460579553485,False
QA,JAC,7,7,1ec5fe80a7bcc86a11b24014450dbb57ca2902f45c28bd9384d62cfd00242883,q_after,0.22120469509056864,False
QA,JAC,7,7,3eaa9d2c883e8c0bce1b8168e033f18e2f57918267b50af956bb40eb152e198b,q_after,0.19831957825830562,False
QA,JAC,7,7,d82b4b74485c4ef9b4b12f1c2fabad4c0109165ed4e5d7f934133ea726a65ae9,distance_from_own_immediate_activation,0,False
QA,JAC,7,7,f6676ed348d4d873923c058111d2f76ed59e8b3bffd08a972593e7195e1501db,distance_from_own_immediate_activation,0,False
QA,JAC,8,1,1f15ad772a9fa6b37e334f9e0a833b6b234fbcc3e02b033e20f4c8f7f264ec9f,q_after,0.26228693116430918,False
QA,JAC,8,1,0f87867b9b690190efe9e3d65b533309c8a7791ed39a0a0b7c231d0b7d6a89a0,q_after,0.2371989771581218,False
QA,JAC,8,1,1f15ad772a9fa6b37e334f9e0a833b6b234fbcc3e02b033e20f4c8f7f264ec9f,distance_from_own_immediate_activation,35.323653546365314,False
QA,JAC,8,1,d97bda6d6a887cafe4132a43d6d106a50a3a151b295c299fbaa9079c4004d670,distance_from_own_immediate_activation,17.118168174618479,False
QA,JAC,8,2,cfe57172cb98b0710c97423a5f5a57d33035179d53d3f68eca197a5789036440,q_after,0.26354275371935193,False
QA,JAC,8,2,7bb7fd3dd2aeb10634eb125c0a2d2aaf02cb20340d172fe66a71f3af96fd60ce,q_after,0.21315440136921843,False
QA,JAC,8,2,cfe57172cb98b0710c97423a5f5a57d33035179d53d3f68eca197a5789036440,distance_from_own_immediate_activation,14.301994828389093,False
QA,JAC,8,2,267a890d7007a68b7597dcfc61c935856423968f054b281e0684c5226ff00409,distance_from_own_immediate_activation,12.185142691042021,False
QA,JAC,8,3,8b62da126c320ee8c8382166f83ac01b0a61b7cdc9dad5d1cfe059844c8ecd55,q_after,0.76171795063764591,False
QA,JAC,8,3,a9611cb14c48c4cb8dffb003fd9637aa1bfa4640de9ea2ce5271747bef8792a7,q_after,0.47810103144167393,False
QA,JAC,8,3,8b62da126c320ee8c8382166f83ac01b0a61b7cdc9dad5d1cfe059844c8ecd55,distance_from_own_immediate_activation,102.00029681116854,False
QA,JAC,8,3,cbcb4f07d73bad75caec058156c6c238258ce78fb4e1dab72ce272db69cc8c77,distance_from_own_immediate_activation,28.291259668201949,False
QA,JAC,8,4,eed7d047ce6f0c878b419c49f87b730fe8c31d5345eeacbf4c435618af30daf4,q_after,0.2157752744128516,False
QA,JAC,8,4,d6d01656f6313b328ad8bfcac029d7940e57cf0c93f05e69ae9bc329dadfcfa7,q_after,0.2125265547884076,False
QA,JAC,8,4,f597646b2170911abc0a9f16b08edea8666c21a6d17cd5f0d296616fb8fbc73d,distance_from_own_immediate_activation,17.139629159060149,False
QA,JAC,8,4,3ea8e9bad92d8a6de26f0464fa86fbba7f8f6c5b42442b759bf6b6984d41789c,distance_from_own_immediate_activation,11.651864516383569,False
QA,JAC,8,5,c772c96cc3ed429bba98d896d998a9066e96a5c5e3b7ae18a51a54b9e1fab7bf,q_after,0.44518448084341317,False
QA,JAC,8,5,6b09563228de190af7f5373ac8d2d385748090ccb7f9b0cd3289584504d9dd34,q_after,0.2640415145450597,False
QA,JAC,8,5,c772c96cc3ed429bba98d896d998a9066e96a5c5e3b7ae18a51a54b9e1fab7bf,distance_from_own_immediate_activation,21.06541608692536,False
QA,JAC,8,5,f233c70ce7ef91da6d0541ec6083342e910b20caed60aa21f773d937bc51cc4d,distance_from_own_immediate_activation,13.922647752336486,False
QA,JAC,8,6,93f4fe9bbf7974bf98b743b2f1307fd839bc6b2960fafd843cfe3eda879379b4,q_after,1.0906931563362339,False
QA,JAC,8,6,747c585f04c3591e36bc833c9ceb06cf8c210fa7b2eada208f590ac0a1fa420e,q_after,0.20449200025088254,False
QA,JAC,8,6,93f4fe9bbf7974bf98b743b2f1307fd839bc6b2960fafd843cfe3eda879379b4,distance_from_own_immediate_activation,106.08505379078839,False
QA,JAC,8,6,c8a82229789dd56c64ca2059eefcf51085a0a7f323ce6c4d76c1038374b96e4f,distance_from_own_immediate_activation,10.844613593743279,False
QA,JAC,8,7,1ec5fe80a7bcc86a11b24014450dbb57ca2902f45c28bd9384d62cfd00242883,q_after,0.22120480844376242,False
QA,JAC,8,7,3eaa9d2c883e8c0bce1b8168e033f18e2f57918267b50af956bb40eb152e198b,q_after,0.19831953592917245,False
QA,JAC,8,7,61f3aa367173820718469012051e3927a2b174ec6a5541acdaeea4f142355115,distance_from_own_immediate_activation,0.00010398194155445264,False
QA,JAC,8,7,0f0159173d4b8467e92c0a8b82dd25b4e692b9ed04b06667504764f8e76aa463,distance_from_own_immediate_activation,9.3450934899504365e-05,False
QA,JAC,8,8,6e3976e89083ce6dd9f5ad3f47fa72aba176bb7aae2ee44d640a3b0941dcf4be,q_after,1.0113824488453238,False
QA,JAC,8,8,af66ed3714a102e1ed4481ef7fb5d422bfb3471808413ad77b3edb92f8d9a40d,q_after,0.99999999385637339,False
QA,JAC,8,8,f30078d6d8f44bf7dc4c8052ae871614b00ba8bb789b67892dbf178a85412fe1,distance_from_own_immediate_activation,0,False
QA,JAC,8,8,c9f8952620ae02f32df759f1d9dd4e4dd404b9459172fb5c7f3185720ee9cef5,distance_from_own_immediate_activation,0,False
QA,JAC,9,1,1f15ad772a9fa6b37e334f9e0a833b6b234fbcc3e02b033e20f4c8f7f264ec9f,q_after,0.2660280569237814,False
QA,JAC,9,1,48f8e5c9758bc1ecd0a5d87381377f2e938e3fbd115904598f843ea205a1cb29,q_after,0.25722384063300929,False
QA,JAC,9,1,1f15ad772a9fa6b37e334f9e0a833b6b234fbcc3e02b033e20f4c8f7f264ec9f,distance_from_own_immediate_activation,36.041835965220379,False
QA,JAC,9,1,d97bda6d6a887cafe4132a43d6d106a50a3a151b295c299fbaa9079c4004d670,distance_from_own_immediate_activation,18.08913200000891,False
QA,JAC,9,2,cfe57172cb98b0710c97423a5f5a57d33035179d53d3f68eca197a5789036440,q_after,0.27952530209234716,False
QA,JAC,9,2,267a890d7007a68b7597dcfc61c935856423968f054b281e0684c5226ff00409,q_after,0.22026737130502499,False
QA,JAC,9,2,cfe57172cb98b0710c97423a5f5a57d33035179d53d3f68eca197a5789036440,distance_from_own_immediate_activation,15.245742404935514,False
QA,JAC,9,2,267a890d7007a68b7597dcfc61c935856423968f054b281e0684c5226ff00409,distance_from_own_immediate_activation,13.240469336641965,False
QA,JAC,9,3,8b62da126c320ee8c8382166f83ac01b0a61b7cdc9dad5d1cfe059844c8ecd55,q_after,0.77007348392812536,False
QA,JAC,9,3,a9611cb14c48c4cb8dffb003fd9637aa1bfa4640de9ea2ce5271747bef8792a7,q_after,0.56002615921332199,False
QA,JAC,9,3,8b62da126c320ee8c8382166f83ac01b0a61b7cdc9dad5d1cfe059844c8ecd55,distance_from_own_immediate_activation,103.50871311029771,False
QA,JAC,9,3,cbcb4f07d73bad75caec058156c6c238258ce78fb4e1dab72ce272db69cc8c77,distance_from_own_immediate_activation,30.42429308084844,False
QA,JAC,9,4,f597646b2170911abc0a9f16b08edea8666c21a6d17cd5f0d296616fb8fbc73d,q_after,0.22583256329737061,False
QA,JAC,9,4,d6d01656f6313b328ad8bfcac029d7940e57cf0c93f05e69ae9bc329dadfcfa7,q_after,0.22356510060740897,False
QA,JAC,9,4,f597646b2170911abc0a9f16b08edea8666c21a6d17cd5f0d296616fb8fbc73d,distance_from_own_immediate_activation,20.817408422056332,False
QA,JAC,9,4,3ea8e9bad92d8a6de26f0464fa86fbba7f8f6c5b42442b759bf6b6984d41789c,distance_from_own_immediate_activation,12.633116965272462,False
QA,JAC,9,5,c772c96cc3ed429bba98d896d998a9066e96a5c5e3b7ae18a51a54b9e1fab7bf,q_after,0.52369293055902855,False
QA,JAC,9,5,6b09563228de190af7f5373ac8d2d385748090ccb7f9b0cd3289584504d9dd34,q_after,0.30124922677974419,False
QA,JAC,9,5,c772c96cc3ed429bba98d896d998a9066e96a5c5e3b7ae18a51a54b9e1fab7bf,distance_from_own_immediate_activation,25.098384447809661,False
QA,JAC,9,5,f233c70ce7ef91da6d0541ec6083342e910b20caed60aa21f773d937bc51cc4d,distance_from_own_immediate_activation,15.225821420311206,False
QA,JAC,9,6,93f4fe9bbf7974bf98b743b2f1307fd839bc6b2960fafd843cfe3eda879379b4,q_after,1.0999881069062449,False
QA,JAC,9,6,747c585f04c3591e36bc833c9ceb06cf8c210fa7b2eada208f590ac0a1fa420e,q_after,0.24309810676348734,False
QA,JAC,9,6,93f4fe9bbf7974bf98b743b2f1307fd839bc6b2960fafd843cfe3eda879379b4,distance_from_own_immediate_activation,107.80370042837092,False
QA,JAC,9,6,c8a82229789dd56c64ca2059eefcf51085a0a7f323ce6c4d76c1038374b96e4f,distance_from_own_immediate_activation,18.842488292809797,False
QA,JAC,9,7,1ec5fe80a7bcc86a11b24014450dbb57ca2902f45c28bd9384d62cfd00242883,q_after,0.22304402487290478,False
QA,JAC,9,7,3eaa9d2c883e8c0bce1b8168e033f18e2f57918267b50af956bb40eb152e198b,q_after,0.20140746130922585,False
QA,JAC,9,7,0f0159173d4b8467e92c0a8b82dd25b4e692b9ed04b06667504764f8e76aa463,distance_from_own_immediate_activation,14.688165379879369,False
QA,JAC,9,7,fa5a82e0f40c2abd1e76699fa5ce7cf0eb00b4c24def84227aeceada591ea9ad,distance_from_own_immediate_activation,10.71217676432309,False
QA,JAC,9,8,6e3976e89083ce6dd9f5ad3f47fa72aba176bb7aae2ee44d640a3b0941dcf4be,q_after,18681.053369244368,False
QA,JAC,9,8,af66ed3714a102e1ed4481ef7fb5d422bfb3471808413ad77b3edb92f8d9a40d,q_after,1.0110705714341275,False
QA,JAC,9,8,af66ed3714a102e1ed4481ef7fb5d422bfb3471808413ad77b3edb92f8d9a40d,distance_from_own_immediate_activation,16.96237158538111,False
QA,JAC,9,8,c09477e8ac6109e60866ba40d590efbfaae96b4ff0df2bda9401ba82480bdd0b,distance_from_own_immediate_activation,7.2847630052047219,False
QA,JAC,9,9,c8759136267f7e6af3367ae9d6b1891b5f2533ffe01bc2ffb0d0de1cb8e9085e,q_after,1.0471210760388621,False
QA,JAC,9,9,9c7ff34e11933e5a38adf6870a8145e59930cbb2d3489d3274eeb87c44a718dd,q_after,0.23939532623758353,False
QA,JAC,9,9,194178db5ac524e6c7517cc57e2e3431cff936ec930778a4b17ef981c4514f7f,distance_from_own_immediate_activation,0,False
QA,JAC,9,9,31d57823193fde3c88a529a47704ed415975d35c2ef62ca633ff76987bd7b939,distance_from_own_immediate_activation,0,False
QA,JAC,10,1,48f8e5c9758bc1ecd0a5d87381377f2e938e3fbd115904598f843ea205a1cb29,q_after,0.26900677273507745,False
QA,JAC,10,1,1f15ad772a9fa6b37e334f9e0a833b6b234fbcc3e02b033e20f4c8f7f264ec9f,q_after,0.26670254161499074,False
QA,JAC,10,1,1f15ad772a9fa6b37e334f9e0a833b6b234fbcc3e02b033e20f4c8f7f264ec9f,distance_from_own_immediate_activation,36.290097184058077,False
QA,JAC,10,1,d97bda6d6a887cafe4132a43d6d106a50a3a151b295c299fbaa9079c4004d670,distance_from_own_immediate_activation,19.19591996850432,False
QA,JAC,10,2,cfe57172cb98b0710c97423a5f5a57d33035179d53d3f68eca197a5789036440,q_after,0.2947682615435131,False
QA,JAC,10,2,267a890d7007a68b7597dcfc61c935856423968f054b281e0684c5226ff00409,q_after,0.2334320317140223,False
QA,JAC,10,2,cfe57172cb98b0710c97423a5f5a57d33035179d53d3f68eca197a5789036440,distance_from_own_immediate_activation,16.305012578804323,False
QA,JAC,10,2,267a890d7007a68b7597dcfc61c935856423968f054b281e0684c5226ff00409,distance_from_own_immediate_activation,14.365657980110269,False
QA,JAC,10,3,8b62da126c320ee8c8382166f83ac01b0a61b7cdc9dad5d1cfe059844c8ecd55,q_after,0.77044291041126978,False
QA,JAC,10,3,a9611cb14c48c4cb8dffb003fd9637aa1bfa4640de9ea2ce5271747bef8792a7,q_after,0.58031832657486493,False
QA,JAC,10,3,8b62da126c320ee8c8382166f83ac01b0a61b7cdc9dad5d1cfe059844c8ecd55,distance_from_own_immediate_activation,103.53837273118124,False
QA,JAC,10,3,cbcb4f07d73bad75caec058156c6c238258ce78fb4e1dab72ce272db69cc8c77,distance_from_own_immediate_activation,31.130785127619063,False
QA,JAC,10,4,5abd3eacc2d9d05cc7ca87403cf11e70f930a513e505a3fdd178946f2b51a3f2,q_after,1.2803260976204711,False
QA,JAC,10,4,f597646b2170911abc0a9f16b08edea8666c21a6d17cd5f0d296616fb8fbc73d,q_after,0.23609907488884899,False
QA,JAC,10,4,5abd3eacc2d9d05cc7ca87403cf11e70f930a513e505a3fdd178946f2b51a3f2,distance_from_own_immediate_activation,130.91806760810024,False
QA,JAC,10,4,f597646b2170911abc0a9f16b08edea8666c21a6d17cd5f0d296616fb8fbc73d,distance_from_own_immediate_activation,21.957347224214931,False
QA,JAC,10,5,c772c96cc3ed429bba98d896d998a9066e96a5c5e3b7ae18a51a54b9e1fab7bf,q_after,0.54785465571624548,False
QA,JAC,10,5,6b09563228de190af7f5373ac8d2d385748090ccb7f9b0cd3289584504d9dd34,q_after,0.32998825455500552,False
QA,JAC,10,5,c772c96cc3ed429bba98d896d998a9066e96a5c5e3b7ae18a51a54b9e1fab7bf,distance_from_own_immediate_activation,26.31710964790356,False
QA,JAC,10,5,f233c70ce7ef91da6d0541ec6083342e910b20caed60aa21f773d937bc51cc4d,distance_from_own_immediate_activation,15.982893157110681,False
QA,JAC,10,6,93f4fe9bbf7974bf98b743b2f1307fd839bc6b2960fafd843cfe3eda879379b4,q_after,1.0999525011418336,False
QA,JAC,10,6,747c585f04c3591e36bc833c9ceb06cf8c210fa7b2eada208f590ac0a1fa420e,q_after,0.26306969318493001,False
QA,JAC,10,6,93f4fe9bbf7974bf98b743b2f1307fd839bc6b2960fafd843cfe3eda879379b4,distance_from_own_immediate_activation,107.81274635646832,False
QA,JAC,10,6,c8a82229789dd56c64ca2059eefcf51085a0a7f323ce6c4d76c1038374b96e4f,distance_from_own_immediate_activation,20.247831095805488,False
QA,JAC,10,7,1ec5fe80a7bcc86a11b24014450dbb57ca2902f45c28bd9384d62cfd00242883,q_after,0.22914716211930042,False
QA,JAC,10,7,0f0159173d4b8467e92c0a8b82dd25b4e692b9ed04b06667504764f8e76aa463,q_after,0.20779117845154846,False
QA,JAC,10,7,0f0159173d4b8467e92c0a8b82dd25b4e692b9ed04b06667504764f8e76aa463,distance_from_own_immediate_activation,16.345578506847534,False
QA,JAC,10,7,fa5a82e0f40c2abd1e76699fa5ce7cf0eb00b4c24def84227aeceada591ea9ad,distance_from_own_immediate_activation,11.804946341839742,False
QA,JAC,10,8,6e3976e89083ce6dd9f5ad3f47fa72aba176bb7aae2ee44d640a3b0941dcf4be,q_after,28359.017335619184,False
QA,JAC,10,8,11c97173bcbbb7f2c5649d904b3c72f5eb6d0fc0c4a5d426debf5ecb68103399,q_after,1.0145578597186597,False
QA,JAC,10,8,af66ed3714a102e1ed4481ef7fb5d422bfb3471808413ad77b3edb92f8d9a40d,distance_from_own_immediate_activation,17.153799134003965,False
QA,JAC,10,8,c09477e8ac6109e60866ba40d590efbfaae96b4ff0df2bda9401ba82480bdd0b,distance_from_own_immediate_activation,9.771222302310667,False
QA,JAC,10,9,c8759136267f7e6af3367ae9d6b1891b5f2533ffe01bc2ffb0d0de1cb8e9085e,q_after,1.0472204810057268,False
QA,JAC,10,9,9c7ff34e11933e5a38adf6870a8145e59930cbb2d3489d3274eeb87c44a718dd,q_after,0.24138382048020907,False
QA,JAC,10,9,93f5330df70c8aded8099a1f83c0c4850bc73f6a92d3c731fa60b9c9e63576e9,distance_from_own_immediate_activation,10.063925783516888,False
QA,JAC,10,9,273b826070cddea88ecb98706a34c43ea10715c46cf1376a66b1f060160bae36,distance_from_own_immediate_activation,6.4118638051452814,False
QA,JAC,10,10,a5beb2c8112a6d4ca4dfb44df71f4329d4316cc892dd424a7a64704d83ad207e,q_after,0.17918139756031889,False
QA,JAC,10,10,ae2c2659c1129749c105a1ebfb1a63c25f49981c938edbd2a3b6cc0e49fe38e5,q_after,0.177338509171692,False
QA,JAC,10,10,498726f516ca2b5b6c3abb41abe5aabe486467b0175f90d10eb394571795ce5a,distance_from_own_immediate_activation,0,False
QA,JAC,10,10,9894445f110df76e317bb1ab36bffa15c2e90d4335205e958131010a783cf63d,distance_from_own_immediate_activation,0,False
