model,method,batch_index,request_sha256,layer,q_pre,q_post,rho,under_realization_coefficient,tau,allocation_norm_over_R1,realized_reduction_norm_over_R1,gap_norm_over_R1,next_pre_link_relative_difference
llama3-8b-inst,memit,1,285a3add6f31d8546b0d76689a016bc0f9f7d8e58c95f54e87bba48ad5cabc65,4,1.0,0.9643372860417494,0.30529621232628185,0.6947037876737181,1.099279935803982,0.20000000000000007,0.2281773130284407,0.2600791979278171,0.0
llama3-8b-inst,memit,1,285a3add6f31d8546b0d76689a016bc0f9f7d8e58c95f54e87bba48ad5cabc65,5,0.9643372860417494,0.9203885034301617,0.2836688850793852,0.7163311149206149,0.873924765755233,0.24108432151043735,0.22151077944241376,0.27242259108607175,0.0
llama3-8b-inst,memit,1,285a3add6f31d8546b0d76689a016bc0f9f7d8e58c95f54e87bba48ad5cabc65,6,0.9203885034301617,0.8368011125536629,0.3464346795269112,0.6535653204730888,0.6309566649877877,0.30679616781005375,0.22083428127663932,0.278704341580452,0.0
llama3-8b-inst,memit,1,285a3add6f31d8546b0d76689a016bc0f9f7d8e58c95f54e87bba48ad5cabc65,7,0.8368011125536629,0.6696360341251665,0.4561658033746576,0.5438341966253424,0.42198185581883496,0.4184005562768314,0.26000015429879036,0.28800559668932835,0.0
llama3-8b-inst,memit,1,285a3add6f31d8546b0d76689a016bc0f9f7d8e58c95f54e87bba48ad5cabc65,8,0.6696360341251665,0.2824281230932241,0.578614630108981,0.42138536989101905,0.01785855035833231,0.6696360341251665,0.3876457113137179,0.2824281230932241,NOT_APPLICABLE
llama3-8b-inst,memit,1,6abbaf2496b409f11036390da3b47c9272a243b8a164ca3d9f9a65fafbec985d,4,1.0,0.9666286546343942,0.33843352608131533,0.6615664739186846,1.276351012944641,0.20000000000000007,0.26409158712996805,0.287523363061718,0.0
llama3-8b-inst,memit,1,6abbaf2496b409f11036390da3b47c9272a243b8a164ca3d9f9a65fafbec985d,5,0.9666286546343942,0.9260721774186873,0.27211982470074986,0.7278801752992501,0.8879544433238604,0.24165716365859854,0.224430729178034,0.2774612213521547,0.0
llama3-8b-inst,memit,1,6abbaf2496b409f11036390da3b47c9272a243b8a164ca3d9f9a65fafbec985d,6,0.9260721774186873,0.8537667797735852,0.31122659917147216,0.6887734008285278,0.6480490050913802,0.3086907258062289,0.22192040332630114,0.2919333599055983,0.0
llama3-8b-inst,memit,1,6abbaf2496b409f11036390da3b47c9272a243b8a164ca3d9f9a65fafbec985d,7,0.8537667797735852,0.6855370549935096,0.4459963957823257,0.5540036042176744,0.4050004588316318,0.4268833898867926,0.25717311853955305,0.29295068658910395,0.0
llama3-8b-inst,memit,1,6abbaf2496b409f11036390da3b47c9272a243b8a164ca3d9f9a65fafbec985d,8,0.6855370549935096,0.30481906694762917,0.5557520361898314,0.4442479638101686,0.01873240729935301,0.6855370549935096,0.3812049775775804,0.30481906694762917,NOT_APPLICABLE
llama3-8b-inst,memit,1,9e6706cd1a722d31b1dbfa3eba84ea86ef6cdb2c3c17d63b21f5cc7e76ef6e7d,4,1.0,0.9353051082937168,0.6088891213652897,0.3911108786347103,1.6087375148059238,0.2000000000000001,0.3440222291457878,0.33111956214819765,0.0
llama3-8b-inst,memit,1,9e6706cd1a722d31b1dbfa3eba84ea86ef6cdb2c3c17d63b21f5cc7e76ef6e7d,5,0.9353051082937168,0.8789140369246562,0.3754096225615378,0.6245903774384622,0.9955770522190845,0.2338262770734292,0.24879226328308954,0.27481171777761004,0.0
llama3-8b-inst,memit,1,9e6706cd1a722d31b1dbfa3eba84ea86ef6cdb2c3c17d63b21f5cc7e76ef6e7d,6,0.8789140369246562,0.798475683339425,0.37824553846219044,0.6217544615378096,0.7445966122736907,0.292971345641552,0.2446782255897273,0.2841977180518908,0.0
llama3-8b-inst,memit,1,9e6706cd1a722d31b1dbfa3eba84ea86ef6cdb2c3c17d63b21f5cc7e76ef6e7d,7,0.798475683339425,0.6771222165219603,0.4270843541064995,0.5729156458935005,0.6344118777740078,0.3992378416697125,0.30532677466157665,0.3412749822289007,0.0
llama3-8b-inst,memit,1,9e6706cd1a722d31b1dbfa3eba84ea86ef6cdb2c3c17d63b21f5cc7e76ef6e7d,8,0.6771222165219603,0.2697173630935637,0.60184832840012,0.39815167159987996,0.011881797866879599,0.6771222165219603,0.40760428355523465,0.2697173630935637,NOT_APPLICABLE
llama3-8b-inst,memit,1,90537afae22e47988418137733b2bba6fe78ac3f2cf3e8a710430cb784b35dc9,4,1.0,0.9329751906151931,0.4809587141258025,0.5190412858741975,1.1572957764335294,0.20000000000000004,0.25065153491207076,0.25367202215402673,0.0
llama3-8b-inst,memit,1,90537afae22e47988418137733b2bba6fe78ac3f2cf3e8a710430cb784b35dc9,5,0.9329751906151931,0.8457240914563399,0.47450405772166176,0.5254959422783383,0.8474651825667955,0.23324379765379827,0.22654101316054026,0.23258315774872526,0.0
llama3-8b-inst,memit,1,90537afae22e47988418137733b2bba6fe78ac3f2cf3e8a710430cb784b35dc9,6,0.8457240914563399,0.7384597247458786,0.4597738987349529,0.5402261012650471,0.6395795976471111,0.28190803048544677,0.2220558794920289,0.23601381766937224,0.0
llama3-8b-inst,memit,1,90537afae22e47988418137733b2bba6fe78ac3f2cf3e8a710430cb784b35dc9,7,0.7384597247458786,0.5643181094581418,0.5133857270548913,0.48661427294510873,0.3547935940963265,0.3692298623729393,0.23041937378745095,0.22235853249103446,0.0
llama3-8b-inst,memit,1,90537afae22e47988418137733b2bba6fe78ac3f2cf3e8a710430cb784b35dc9,8,0.5643181094581418,0.22130598676716653,0.6084170082460733,0.39158299175392675,0.02136332226309257,0.5643181094581418,0.3435523264840157,0.22130598676716653,NOT_APPLICABLE
llama3-8b-inst,memit,1,a77982960263f0dfb48efd2b8425a460b3d20430fb61ce562f7e2ffbbd3561fd,4,1.0,1.0149712291580035,0.3728203536808317,0.6271796463191683,2.084076155314949,0.2000000000000001,0.4234320931280966,0.43528049484944215,0.0
llama3-8b-inst,memit,1,a77982960263f0dfb48efd2b8425a460b3d20430fb61ce562f7e2ffbbd3561fd,5,1.0149712291580035,0.9559930101259146,0.3922850849561121,0.6077149150438879,1.0857963360127427,0.2537428072895009,0.2929428864303299,0.3157310138892466,0.0
llama3-8b-inst,memit,1,a77982960263f0dfb48efd2b8425a460b3d20430fb61ce562f7e2ffbbd3561fd,6,0.9559930101259146,0.8646098415491901,0.3888115603607411,0.6111884396392588,0.7370993331173533,0.31866433670863803,0.26556229647520035,0.30513116730478523,0.0
llama3-8b-inst,memit,1,a77982960263f0dfb48efd2b8425a460b3d20430fb61ce562f7e2ffbbd3561fd,7,0.8646098415491901,0.7028543524472045,0.44304538517504766,0.5569546148249523,0.4682049129299073,0.43230492077459504,0.2786623750094362,0.3145487807542905,0.0
llama3-8b-inst,memit,1,a77982960263f0dfb48efd2b8425a460b3d20430fb61ce562f7e2ffbbd3561fd,8,0.7028543524472045,0.3306377558669956,0.5297639266240923,0.47023607337590767,0.013204754518677274,0.7028543524472045,0.37246253174292115,0.3306377558669956,NOT_APPLICABLE
llama3-8b-inst,memit,1,cc987485b7f9961ef45a3aeb9301abf629d197b349e59b58ed6f5592212f16a5,4,1.0,0.9218320930532297,0.5419431518035221,0.45805684819647785,1.1705081515397324,0.20000000000000007,0.25797610064559795,0.25138857643104245,0.0
llama3-8b-inst,memit,1,cc987485b7f9961ef45a3aeb9301abf629d197b349e59b58ed6f5592212f16a5,5,0.9218320930532297,0.8443126102613642,0.42242127835098453,0.5775787216490155,0.7893701111572412,0.23045802326330742,0.20632685691945502,0.22541367176147986,0.0
llama3-8b-inst,memit,1,cc987485b7f9961ef45a3aeb9301abf629d197b349e59b58ed6f5592212f16a5,6,0.8443126102613642,0.7329594563257076,0.458146999091348,0.541853000908652,0.5670784468153364,0.28143753675378785,0.20517484330279773,0.22074153415378084,0.0
llama3-8b-inst,memit,1,cc987485b7f9961ef45a3aeb9301abf629d197b349e59b58ed6f5592212f16a5,7,0.7329594563257076,0.5692178545381661,0.5082196139161353,0.49178038608386465,0.4324749468502839,0.3664797281628538,0.24456083746561263,0.24000436125024482,0.0
llama3-8b-inst,memit,1,cc987485b7f9961ef45a3aeb9301abf629d197b349e59b58ed6f5592212f16a5,8,0.5692178545381661,0.20996682243057183,0.6328662731064355,0.3671337268935645,0.03573748550424455,0.5692178545381661,0.36081268552068585,0.20996682243057183,NOT_APPLICABLE
llama3-8b-inst,memit,1,042d6957cbf51889a68f9ec05692ae02395bbfb258ab0b145b56d98b06844fc8,4,1.0,0.9731189979862436,0.41710596363974084,0.5828940363602592,1.634349062329515,0.20000000000000012,0.3373469574453695,0.34703673091831205,0.0
llama3-8b-inst,memit,1,042d6957cbf51889a68f9ec05692ae02395bbfb258ab0b145b56d98b06844fc8,5,0.9731189979862436,0.9347580062689033,0.2745857290845636,0.7254142709154364,0.940580273320968,0.2432797494965609,0.23837549635238584,0.2889726301426493,0.0
llama3-8b-inst,memit,1,042d6957cbf51889a68f9ec05692ae02395bbfb258ab0b145b56d98b06844fc8,6,0.9347580062689033,0.8614712919822248,0.3168232178740356,0.6831767821259644,0.666821913644585,0.31158600208963433,0.2300316060501539,0.2974597150788325,0.0
llama3-8b-inst,memit,1,042d6957cbf51889a68f9ec05692ae02395bbfb258ab0b145b56d98b06844fc8,7,0.8614712919822248,0.7173246468310629,0.37962632807039925,0.6203736719296007,0.3844116974093957,0.4307356459911124,0.2327122834680198,0.3143590800131655,0.0
llama3-8b-inst,memit,1,042d6957cbf51889a68f9ec05692ae02395bbfb258ab0b145b56d98b06844fc8,8,0.7173246468310629,0.36141490844969937,0.49620157174953033,0.5037984282504697,0.006257936899590398,0.7173246468310629,0.35596592283493955,0.36141490844969937,NOT_APPLICABLE
llama3-8b-inst,memit,1,05dcb1cec09134d2efacd122ce09e701a8db7624e92b7aacd3194a7f4fdb415c,4,1.0,0.9265933425388739,0.46693847117216347,0.5330615288278365,0.9569397769949497,0.20000000000000007,0.2129568287381964,0.21907882876365894,0.0
llama3-8b-inst,memit,1,05dcb1cec09134d2efacd122ce09e701a8db7624e92b7aacd3194a7f4fdb415c,5,0.9265933425388739,0.8500647379424628,0.41193124041366674,0.5880687595863332,0.7694026071561155,0.23164833563471848,0.20216778783811423,0.224329046928411,0.0
llama3-8b-inst,memit,1,05dcb1cec09134d2efacd122ce09e701a8db7624e92b7aacd3194a7f4fdb415c,6,0.8500647379424628,0.7460551518469154,0.4342443755732588,0.5657556244267412,0.5909706997949814,0.2833549126474876,0.20780070592819397,0.23181926669789132,0.0
llama3-8b-inst,memit,1,05dcb1cec09134d2efacd122ce09e701a8db7624e92b7aacd3194a7f4fdb415c,7,0.7460551518469154,0.5734821257723017,0.5109875860621952,0.4890124139378048,0.38256305897397447,0.3730275759234577,0.2381139966290875,0.2316040577929637,0.0
llama3-8b-inst,memit,1,05dcb1cec09134d2efacd122ce09e701a8db7624e92b7aacd3194a7f4fdb415c,8,0.5734821257723017,0.21887617753887242,0.6185540928911575,0.3814459071088425,0.012833257294427544,0.5734821257723017,0.35480605383339003,0.21887617753887242,NOT_APPLICABLE
llama3-8b-inst,memit,1,db99bc188dd5a31df5e5c30a1acc5379a51ae45dff15346ebc2be90a1d016ffb,4,1.0,0.933847263723907,0.4029517827963953,0.5970482172036047,0.8178725376370546,0.19999999999999998,0.18234973288487882,0.20252230114107228,0.0
llama3-8b-inst,memit,1,db99bc188dd5a31df5e5c30a1acc5379a51ae45dff15346ebc2be90a1d016ffb,5,0.933847263723907,0.8600533147482465,0.38395897340056134,0.6160410265994387,0.7038974557010557,0.23346181593097676,0.18719155935601456,0.21838080840494248,0.0
llama3-8b-inst,memit,1,db99bc188dd5a31df5e5c30a1acc5379a51ae45dff15346ebc2be90a1d016ffb,6,0.8600533147482465,0.7588294412348812,0.41519352874855114,0.5848064712514489,0.5700319247156478,0.28668443824941536,0.2021729191720855,0.23412396756965495,0.0
llama3-8b-inst,memit,1,db99bc188dd5a31df5e5c30a1acc5379a51ae45dff15346ebc2be90a1d016ffb,7,0.7588294412348812,0.6201124807358357,0.44283165957402576,0.5571683404259742,0.49645221536306916,0.3794147206174406,0.25240767280409654,0.2831413618780476,0.0
llama3-8b-inst,memit,1,db99bc188dd5a31df5e5c30a1acc5379a51ae45dff15346ebc2be90a1d016ffb,8,0.6201124807358357,0.2420578031684526,0.6100591770548259,0.38994082294517407,0.017758651199026816,0.6201124807358357,0.37846555910903334,0.2420578031684526,NOT_APPLICABLE
llama3-8b-inst,memit,1,4042d278f9a0433f41f891fcbc391eee910a5adfea1cc73f3792d75698ffdd46,4,1.0,0.922133585477892,0.5140009206037807,0.48599907939621934,1.064927695345602,0.20000000000000018,0.23649676045947227,0.23411673169494468,0.0
llama3-8b-inst,memit,1,4042d278f9a0433f41f891fcbc391eee910a5adfea1cc73f3792d75698ffdd46,5,0.922133585477892,0.8361936856437394,0.47287548822822817,0.5271245117717718,0.8462064519744644,0.230533396369473,0.22347196697512217,0.22983215499681398,0.0
llama3-8b-inst,memit,1,4042d278f9a0433f41f891fcbc391eee910a5adfea1cc73f3792d75698ffdd46,6,0.8361936856437394,0.7208627770688834,0.4914426263897141,0.508557373610286,0.6290629294217698,0.278731228547913,0.2225029578628863,0.2254711284340385,0.0
llama3-8b-inst,memit,1,4042d278f9a0433f41f891fcbc391eee910a5adfea1cc73f3792d75698ffdd46,7,0.7208627770688834,0.5394817012393051,0.5522629155266218,0.44773708447337823,0.37995775925693415,0.3604313885344417,0.24161332743852593,0.2116553026576936,0.0
llama3-8b-inst,memit,1,4042d278f9a0433f41f891fcbc391eee910a5adfea1cc73f3792d75698ffdd46,8,0.5394817012393051,0.20840492571415398,0.6144785856074155,0.38552141439258447,0.02460553599653263,0.5394817012393051,0.33176561608794947,0.20840492571415398,NOT_APPLICABLE
llama3-8b-inst,memit,2,77f07216c6ca6c39ab0274107bf776c38abd63ae8c1ca02ea59fcdab0f36e4e4,4,1.0,0.9660113953862141,0.5544586082508242,0.44554139174917584,1.888547625728649,0.19999999999999998,0.3936514439403843,0.388078304799797,0.0
llama3-8b-inst,memit,2,77f07216c6ca6c39ab0274107bf776c38abd63ae8c1ca02ea59fcdab0f36e4e4,5,0.9660113953862141,0.9330965932750253,0.2965840372567819,0.7034159627432182,1.1013414770694347,0.24150284884655351,0.2754525151456962,0.3155978472160866,0.0
llama3-8b-inst,memit,2,77f07216c6ca6c39ab0274107bf776c38abd63ae8c1ca02ea59fcdab0f36e4e4,6,0.9330965932750253,0.8588791762980549,0.3327947730979831,0.6672052269020169,0.7150210250004844,0.3110321977583415,0.24530315521157406,0.30417897535147964,0.0
llama3-8b-inst,memit,2,77f07216c6ca6c39ab0274107bf776c38abd63ae8c1ca02ea59fcdab0f36e4e4,7,0.8588791762980549,0.6897716157645803,0.4942320675128143,0.5057679324871858,0.559092461810102,0.42943958814902744,0.3204579716261811,0.323760307754081,0.0
llama3-8b-inst,memit,2,77f07216c6ca6c39ab0274107bf776c38abd63ae8c1ca02ea59fcdab0f36e4e4,8,0.6897716157645803,0.2783771237145684,0.5965881084846933,0.40341189151530665,0.011601861802972135,0.6897716157645803,0.41158734988707,0.2783771237145684,NOT_APPLICABLE
llama3-8b-inst,memit,2,8d67adfeef800f3ba3b181a61828d73e1a8c5712ee92223ca71ce23e8fee6253,4,1.0,0.964661768413454,0.4772929136329782,0.5227070863670218,1.6761350771611017,0.19999999999999998,0.34855342903458003,0.3511496259447331,0.0
llama3-8b-inst,memit,2,8d67adfeef800f3ba3b181a61828d73e1a8c5712ee92223ca71ce23e8fee6253,5,0.964661768413454,0.9008677284038746,0.4022230474119941,0.5977769525880059,1.0048791843611284,0.2411654421033635,0.2610347780101205,0.2819800012824528,0.0
llama3-8b-inst,memit,2,8d67adfeef800f3ba3b181a61828d73e1a8c5712ee92223ca71ce23e8fee6253,6,0.9008677284038746,0.813299641912339,0.3804042570017231,0.6195957429982769,0.6878089703302247,0.30028924280129154,0.2360259271383751,0.27798741461006204,0.0
llama3-8b-inst,memit,2,8d67adfeef800f3ba3b181a61828d73e1a8c5712ee92223ca71ce23e8fee6253,7,0.813299641912339,0.6475628650479057,0.4555985768060241,0.5444014231939759,0.3881613372574291,0.4066498209561695,0.24339249985672984,0.2718909886408441,0.0
llama3-8b-inst,memit,2,8d67adfeef800f3ba3b181a61828d73e1a8c5712ee92223ca71ce23e8fee6253,8,0.6475628650479057,0.3080460791818401,0.5245704582560691,0.47542954174393093,0.016058150206395536,0.6475628650479057,0.3398514735080806,0.3080460791818401,NOT_APPLICABLE
llama3-8b-inst,memit,2,6346c3ea243517cbad25c3a69368e9e4e406b1dc74740054f1cb5fffd458cc0c,4,1.0,0.9454253734496983,0.4039483616246934,0.5960516383753066,1.105458165852607,0.20000000000000004,0.23539006226342502,0.25118242868959567,0.0
llama3-8b-inst,memit,2,6346c3ea243517cbad25c3a69368e9e4e406b1dc74740054f1cb5fffd458cc0c,5,0.9454253734496983,0.8744533412724992,0.3879740971677176,0.6120259028322824,0.8007682850336737,0.2363563433624246,0.21031116346726028,0.23821689168047075,0.0
llama3-8b-inst,memit,2,6346c3ea243517cbad25c3a69368e9e4e406b1dc74740054f1cb5fffd458cc0c,6,0.8744533412724992,0.7655116242791247,0.4293273056848734,0.5706726943151266,0.537439936113987,0.29148444709083304,0.2005030852988069,0.2284964798853975,0.0
llama3-8b-inst,memit,2,6346c3ea243517cbad25c3a69368e9e4e406b1dc74740054f1cb5fffd458cc0c,7,0.7655116242791247,0.6251452813837831,0.4264698159670956,0.5735301840329043,0.4377078109261191,0.38275581213956233,0.23390878531894108,0.27614843764953667,0.0
llama3-8b-inst,memit,2,6346c3ea243517cbad25c3a69368e9e4e406b1dc74740054f1cb5fffd458cc0c,8,0.6251452813837831,0.30293545476010586,0.5165908181474737,0.48340918185252635,0.03372386763985516,0.6251452813837831,0.32363172429681,0.30293545476010586,NOT_APPLICABLE
llama3-8b-inst,memit,2,2089e9a0a34cd6b112042624259e5a1dfb017b6f95b70d028c2452eef4371262,4,1.0,0.961334330009857,0.3443362445288767,0.6556637554711233,1.1953607603481242,0.20000000000000015,0.24879347231599877,0.27267433378435496,0.0
llama3-8b-inst,memit,2,2089e9a0a34cd6b112042624259e5a1dfb017b6f95b70d028c2452eef4371262,5,0.961334330009857,0.9133711493897165,0.29884282448603394,0.7011571755139661,0.8629657195982824,0.24033358250246425,0.2194835000438222,0.2672279487489686,0.0
llama3-8b-inst,memit,2,2089e9a0a34cd6b112042624259e5a1dfb017b6f95b70d028c2452eef4371262,6,0.9133711493897165,0.8174572326354326,0.38191499580728744,0.6180850041927126,0.5955505718021448,0.3044570497965721,0.21539976894523472,0.261320924717933,0.0
llama3-8b-inst,memit,2,2089e9a0a34cd6b112042624259e5a1dfb017b6f95b70d028c2452eef4371262,7,0.8174572326354326,0.6498307232122703,0.4648403543400973,0.5351596456599027,0.41353737719724665,0.4087286163177163,0.2542967808596642,0.2764314182506941,0.0
llama3-8b-inst,memit,2,2089e9a0a34cd6b112042624259e5a1dfb017b6f95b70d028c2452eef4371262,8,0.6498307232122703,0.2695841145871443,0.5853227745645981,0.41467722543540186,0.01206935446926801,0.6498307232122703,0.38044157502182774,0.2695841145871443,NOT_APPLICABLE
llama3-8b-inst,memit,2,3a77016737e2b0f4dfa9685598e7703e88fe37b911c923d52a9dd4187d20f892,4,1.0,0.9759395754929602,0.19288893403448312,0.8071110659655168,0.8385312008544238,0.20000000000000015,0.17208610817603157,0.23277137690105767,0.0
llama3-8b-inst,memit,2,3a77016737e2b0f4dfa9685598e7703e88fe37b911c923d52a9dd4187d20f892,5,0.9759395754929602,0.9522777862218148,0.18723274540791854,0.8127672545920814,0.834485881903964,0.24398489387324004,0.20866383342870312,0.2842143676061133,0.0
llama3-8b-inst,memit,2,3a77016737e2b0f4dfa9685598e7703e88fe37b911c923d52a9dd4187d20f892,6,0.9522777862218148,0.906962932577405,0.2537706100712481,0.7462293899287519,0.7887079641412953,0.3174259287406047,0.2629964860539326,0.3446547755855736,0.0
llama3-8b-inst,memit,2,3a77016737e2b0f4dfa9685598e7703e88fe37b911c923d52a9dd4187d20f892,7,0.906962932577405,0.7408696681587724,0.4690301944095974,0.5309698055904026,0.5702890577161147,0.4534814662887025,0.33484591596800956,0.35335447648462115,0.0
llama3-8b-inst,memit,2,3a77016737e2b0f4dfa9685598e7703e88fe37b911c923d52a9dd4187d20f892,8,0.7408696681587724,0.3230424478560774,0.5641817118460767,0.4358182881539233,0.013631300836292612,0.7408696681587724,0.41810710196874,0.3230424478560774,NOT_APPLICABLE
llama3-8b-inst,memit,2,0cbdcd102101aa2847555821e9cb9856e3e26f89510271de286f5bf4667c4094,4,1.0,0.9789742783099593,0.18464736003837748,0.8153526399616225,0.8787177548150997,0.20000000000000015,0.1795816850568489,0.2397452664908885,0.0
llama3-8b-inst,memit,2,0cbdcd102101aa2847555821e9cb9856e3e26f89510271de286f5bf4667c4094,5,0.9789742783099593,0.9424846994381608,0.20497046501982255,0.7950295349801775,0.6536319589174108,0.24474356957748983,0.1676533877126385,0.2518965093620958,0.0
llama3-8b-inst,memit,2,0cbdcd102101aa2847555821e9cb9856e3e26f89510271de286f5bf4667c4094,6,0.9424846994381608,0.8768304372937582,0.2889710705484822,0.7110289294515177,0.6634010558209001,0.3141615664793868,0.22732910704298853,0.30550707709533026,0.0
llama3-8b-inst,memit,2,0cbdcd102101aa2847555821e9cb9856e3e26f89510271de286f5bf4667c4094,7,0.8768304372937582,0.7518867824927898,0.3454708577305973,0.6545291422694026,0.4514365423446324,0.4384152186468791,0.24922085721554255,0.348589272264816,0.0
llama3-8b-inst,memit,2,0cbdcd102101aa2847555821e9cb9856e3e26f89510271de286f5bf4667c4094,8,0.7518867824927898,0.38242704207678896,0.49155793111322144,0.5084420688867786,0.013571886024616554,0.7518867824927898,0.36973675752349155,0.38242704207678896,NOT_APPLICABLE
llama3-8b-inst,memit,2,28380ae63c22bfe558c51b74c37ea0f21b0d2a56d51d9668b669a7da0368ae22,4,1.0,0.9387119813102414,0.6150051233200702,0.3849948766799298,1.6737157846766353,0.20000000000000018,0.3566261812927173,0.3434848225436182,0.0
llama3-8b-inst,memit,2,28380ae63c22bfe558c51b74c37ea0f21b0d2a56d51d9668b669a7da0368ae22,5,0.9387119813102414,0.9022447459124113,0.3135929294275927,0.6864070705724072,1.0915166476170206,0.23467799532756034,0.26651704499999973,0.3025947989728171,0.0
llama3-8b-inst,memit,2,28380ae63c22bfe558c51b74c37ea0f21b0d2a56d51d9668b669a7da0368ae22,6,0.9022447459124113,0.8255993594333119,0.36192499123154437,0.6380750087684557,0.7592195550700511,0.30074824863747035,0.2529512747695244,0.2982649508746188,0.0
llama3-8b-inst,memit,2,28380ae63c22bfe558c51b74c37ea0f21b0d2a56d51d9668b669a7da0368ae22,7,0.8255993594333119,0.6572855453627123,0.5117652850056721,0.4882347149943279,0.5660901319329573,0.41279967971665593,0.31501829077828797,0.3085884480333679,0.0
llama3-8b-inst,memit,2,28380ae63c22bfe558c51b74c37ea0f21b0d2a56d51d9668b669a7da0368ae22,8,0.6572855453627123,0.23222294738858162,0.6469305997779892,0.35306940022201083,0.012928661952033306,0.6572855453627123,0.42530303648667755,0.23222294738858162,NOT_APPLICABLE
llama3-8b-inst,memit,2,5fb850b2455f7b7e5f6079f0dce941715ca198eff1276c7a4d63f6aaeb20d520,4,1.0,0.9625777338299533,0.21822996260289326,0.7817700373971067,0.5464180186281223,0.20000000000000015,0.11767701010123312,0.1907602728508593,0.0
llama3-8b-inst,memit,2,5fb850b2455f7b7e5f6079f0dce941715ca198eff1276c7a4d63f6aaeb20d520,5,0.9625777338299533,0.9116826980107083,0.24798973315658052,0.7520102668434194,0.5245864454241586,0.24064443345748832,0.13963388771792584,0.22064750701109515,0.0
llama3-8b-inst,memit,2,5fb850b2455f7b7e5f6079f0dce941715ca198eff1276c7a4d63f6aaeb20d520,6,0.9116826980107083,0.8308860574641305,0.30319188929628543,0.6968081107037145,0.45020863643765774,0.30389423267023596,0.16494855413740392,0.2521094098540933,0.0
llama3-8b-inst,memit,2,5fb850b2455f7b7e5f6079f0dce941715ca198eff1276c7a4d63f6aaeb20d520,7,0.8308860574641305,0.6924947020808753,0.3636023427995165,0.6363976572004835,0.3173324407251706,0.41544302873206523,0.20049443335334727,0.2954328265203585,0.0
llama3-8b-inst,memit,2,5fb850b2455f7b7e5f6079f0dce941715ca198eff1276c7a4d63f6aaeb20d520,8,0.6924947020808753,0.33629481044786946,0.5145848692797823,0.4854151307202177,0.014376919237410739,0.6924947020808753,0.3564863474744773,0.33629481044786946,NOT_APPLICABLE
llama3-8b-inst,memit,2,85a4eedb16a30908dfc36bf358b5d34dc472310148a017735bbdad65a96f977c,4,1.0,0.9252654817808306,0.48590897700630703,0.514091022993693,1.0128610617975045,0.20000000000000007,0.22467710737330404,0.22717192700052272,0.0
llama3-8b-inst,memit,2,85a4eedb16a30908dfc36bf358b5d34dc472310148a017735bbdad65a96f977c,5,0.9252654817808306,0.8398656713894446,0.4421701040501899,0.55782989594981,0.7243092802450928,0.23131637044520764,0.19629730365738157,0.21147404179744111,0.0
llama3-8b-inst,memit,2,85a4eedb16a30908dfc36bf358b5d34dc472310148a017735bbdad65a96f977c,6,0.8398656713894446,0.7334426174375162,0.4385643584659764,0.5614356415340236,0.5501795105370725,0.2799552237964814,0.19697315919539513,0.22006465714633058,0.0
llama3-8b-inst,memit,2,85a4eedb16a30908dfc36bf358b5d34dc472310148a017735bbdad65a96f977c,7,0.7334426174375162,0.579624384401646,0.45502067264555257,0.5449793273544474,0.3334714558946074,0.3667213087187581,0.20687991147279602,0.23430182268516567,0.0
llama3-8b-inst,memit,2,85a4eedb16a30908dfc36bf358b5d34dc472310148a017735bbdad65a96f977c,8,0.579624384401646,0.27282862345342607,0.5298204985094501,0.4701795014905499,0.02210867820555545,0.579624384401646,0.3073641344793446,0.27282862345342607,NOT_APPLICABLE
llama3-8b-inst,memit,2,cf6f2bb990d5607be73e905f76a5a18c2756098f9d34cb16b4de12fe91ac1d3d,4,1.0,0.9270958282203926,0.5526291504958922,0.44737084950410777,1.3071187377482159,0.20000000000000007,0.28382800232184957,0.2763114236913498,0.0
llama3-8b-inst,memit,2,cf6f2bb990d5607be73e905f76a5a18c2756098f9d34cb16b4de12fe91ac1d3d,5,0.9270958282203926,0.8455812154224697,0.4481065853435507,0.5518934146564494,0.8331597232247395,0.23177395705509815,0.2192628963422875,0.23162806338223932,0.0
llama3-8b-inst,memit,2,cf6f2bb990d5607be73e905f76a5a18c2756098f9d34cb16b4de12fe91ac1d3d,6,0.8455812154224697,0.7327165169959745,0.47380303609561397,0.526196963904386,0.6132742658645858,0.28186040514082306,0.21843629348471058,0.2277649336373625,0.0
llama3-8b-inst,memit,2,cf6f2bb990d5607be73e905f76a5a18c2756098f9d34cb16b4de12fe91ac1d3d,7,0.7327165169959745,0.5471973591493114,0.5548599096311283,0.4451400903688717,0.3774243111337558,0.36635825849798725,0.24584758306744126,0.21380977155023412,0.0
llama3-8b-inst,memit,2,cf6f2bb990d5607be73e905f76a5a18c2756098f9d34cb16b4de12fe91ac1d3d,8,0.5471973591493114,0.2014581475687477,0.6323106663085328,0.36768933369146717,0.018681205723491183,0.5471973591493114,0.34614969951247554,0.2014581475687477,NOT_APPLICABLE
llama3-8b-inst,memit,3,d62d3daaa98597827218b56a25f7ae3bb2b223eaaf78b7acf4945a97a6ef323f,4,1.0,0.966026192859221,0.32399760780912223,0.6760023921908778,1.2104407298489301,0.2000000000000001,0.250610551281724,0.27728295978837225,0.0
llama3-8b-inst,memit,3,d62d3daaa98597827218b56a25f7ae3bb2b223eaaf78b7acf4945a97a6ef323f,5,0.966026192859221,0.9193777497883587,0.28789731053850065,0.7121026894614993,0.8440110955650253,0.24150654821480524,0.2153663795389483,0.26669201579044743,0.0
llama3-8b-inst,memit,3,d62d3daaa98597827218b56a25f7ae3bb2b223eaaf78b7acf4945a97a6ef323f,6,0.9193777497883587,0.8497394302163633,0.3303045799373107,0.6696954200626892,0.7489667348468302,0.30645924992945284,0.25085749471859525,0.30790281657988194,0.0
llama3-8b-inst,memit,3,d62d3daaa98597827218b56a25f7ae3bb2b223eaaf78b7acf4945a97a6ef323f,7,0.8497394302163633,0.6605854649884895,0.5233848345167782,0.4766151654832218,0.48682264629132116,0.42486971510818167,0.30369358356706727,0.28946018691838377,0.0
llama3-8b-inst,memit,3,d62d3daaa98597827218b56a25f7ae3bb2b223eaaf78b7acf4945a97a6ef323f,8,0.6605854649884895,0.2666185910801476,0.5965240280652888,0.4034759719347112,0.010382449632613628,0.6605854649884895,0.3941147836987186,0.2666185910801476,NOT_APPLICABLE
llama3-8b-inst,memit,3,c4c0883e808830f850159906afcefc21c16dcd760fd4acf68e0181ad9745b79a,4,1.0,0.9596370702131045,0.5791560396063706,0.42084396039362937,1.865133062553702,0.20000000000000007,0.39059662360258424,0.3824045491377289,0.0
llama3-8b-inst,memit,3,c4c0883e808830f850159906afcefc21c16dcd760fd4acf68e0181ad9745b79a,5,0.9596370702131045,0.9104659073922907,0.3686415391624074,0.6313584608375926,1.1025355319268262,0.23990926755327613,0.2789022555761136,0.3048073543751066,0.0
llama3-8b-inst,memit,3,c4c0883e808830f850159906afcefc21c16dcd760fd4acf68e0181ad9745b79a,6,0.9104659073922907,0.8402238241720509,0.38975665988323593,0.6102433401167641,0.9227705045271019,0.3034886357974302,0.304006500647676,0.3357498410172298,0.0
llama3-8b-inst,memit,3,c4c0883e808830f850159906afcefc21c16dcd760fd4acf68e0181ad9745b79a,7,0.8402238241720509,0.7394932719541317,0.4070122149626403,0.5929877850373597,0.7488637365925428,0.42011191208602544,0.3580713761751496,0.40129625736370905,0.0
llama3-8b-inst,memit,3,c4c0883e808830f850159906afcefc21c16dcd760fd4acf68e0181ad9745b79a,8,0.7394932719541317,0.30377650753500063,0.589978397043016,0.410021602956984,0.02511539214422145,0.7394932719541317,0.43668019560194776,0.30377650753500063,NOT_APPLICABLE
llama3-8b-inst,memit,3,2d7a05de733521918b9b3c10f95568ee42e8fa4bbeb9911964758f2e95f6e9e4,4,1.0,0.9958414341277435,0.3305510163758415,0.6694489836241585,1.7288002306430248,0.20000000000000012,0.3520235339802423,0.37077821830020125,0.0
llama3-8b-inst,memit,3,2d7a05de733521918b9b3c10f95568ee42e8fa4bbeb9911964758f2e95f6e9e4,5,0.9958414341277435,0.974826029915463,0.23129157331620614,0.7687084266837938,1.0623846154451098,0.24896035853193588,0.27068722177080085,0.3264679858908553,0.0
llama3-8b-inst,memit,3,2d7a05de733521918b9b3c10f95568ee42e8fa4bbeb9911964758f2e95f6e9e4,6,0.974826029915463,0.8989399697095031,0.32346114178781427,0.6765388582121857,0.6996112794370248,0.3249420099718209,0.25045484891346337,0.3162406640322591,0.0
llama3-8b-inst,memit,3,2d7a05de733521918b9b3c10f95568ee42e8fa4bbeb9911964758f2e95f6e9e4,7,0.8989399697095031,0.7555216110875205,0.3916883860914316,0.6083116139085685,0.4886867710789955,0.44946998485475154,0.28149690183480924,0.35071845973103405,0.0
llama3-8b-inst,memit,3,2d7a05de733521918b9b3c10f95568ee42e8fa4bbeb9911964758f2e95f6e9e4,8,0.7555216110875205,0.35106416325225687,0.5365523777980498,0.46344762220195024,0.03360820888663361,0.7555216110875205,0.40617137345952053,0.35106416325225687,NOT_APPLICABLE
llama3-8b-inst,memit,3,7ad81b264c5bf8e0448ecd9bcdb6f342989288fde3543b7704f2c1ec659b7185,4,1.0,0.9088927876148076,0.6109602052986453,0.38903979470135475,1.17833873100366,0.19999999999999996,0.2654622035199642,0.24818010612009864,0.0
llama3-8b-inst,memit,3,7ad81b264c5bf8e0448ecd9bcdb6f342989288fde3543b7704f2c1ec659b7185,5,0.9088927876148076,0.8135705603122154,0.5087554347513606,0.49124456524863935,0.7944341214693336,0.2272231969037019,0.21435683694281152,0.21223751005975156,0.0
llama3-8b-inst,memit,3,7ad81b264c5bf8e0448ecd9bcdb6f342989288fde3543b7704f2c1ec659b7185,6,0.8135705603122154,0.6878013108731462,0.5156390561276096,0.48436094387239037,0.5103185037818512,0.2711901867707384,0.1967406981629509,0.1908050868134126,0.0
llama3-8b-inst,memit,3,7ad81b264c5bf8e0448ecd9bcdb6f342989288fde3543b7704f2c1ec659b7185,7,0.6878013108731462,0.5070550730693176,0.5628366110254104,0.4371633889745896,0.3293704501017766,0.3439006554365731,0.22426698709943912,0.18823550011698323,0.0
llama3-8b-inst,memit,3,7ad81b264c5bf8e0448ecd9bcdb6f342989288fde3543b7704f2c1ec659b7185,8,0.5070550730693176,0.1856651483527491,0.6342770824006495,0.3657229175993505,0.017960610308548453,0.5070550730693176,0.3217423267134076,0.1856651483527491,NOT_APPLICABLE
llama3-8b-inst,memit,3,b11185489a6e191b8145c5e43c46e1ac11afecedbb8858886ba16fb0915c52d5,4,1.0,0.9505503638192315,0.31924302342999844,0.6807569765700016,0.8241140577693694,0.20000000000000023,0.17675747092802865,0.21378438122199928,0.0
llama3-8b-inst,memit,3,b11185489a6e191b8145c5e43c46e1ac11afecedbb8858886ba16fb0915c52d5,5,0.9505503638192315,0.8935656936443103,0.3229195666429761,0.677080433357024,0.7862630651779702,0.23763759095480788,0.2019900867338084,0.24657663040958333,0.0
llama3-8b-inst,memit,3,b11185489a6e191b8145c5e43c46e1ac11afecedbb8858886ba16fb0915c52d5,6,0.8935656936443103,0.7966966917988302,0.3971366799555398,0.6028633200444602,0.6160691377393273,0.29785523121477026,0.21832173326490786,0.25674107876922914,0.0
llama3-8b-inst,memit,3,b11185489a6e191b8145c5e43c46e1ac11afecedbb8858886ba16fb0915c52d5,7,0.7966966917988302,0.6377818165864457,0.4523763437160104,0.5476236562839896,0.410209627586195,0.3983483458994151,0.24325887754815956,0.2725598261966512,0.0
llama3-8b-inst,memit,3,b11185489a6e191b8145c5e43c46e1ac11afecedbb8858886ba16fb0915c52d5,8,0.6377818165864457,0.27784228727269866,0.5644701549786606,0.4355298450213394,0.00972730154897383,0.6377818165864457,0.36006225158504485,0.27784228727269866,NOT_APPLICABLE
llama3-8b-inst,memit,3,472026d0a81e0abea282876d5064eede5f410d0102c44d94d070ebf92420c771,4,1.0,0.9615679115631097,0.4634168742008544,0.5365831257991456,1.5920850342900845,0.2,0.3316317207810218,0.3360152500886137,0.0
llama3-8b-inst,memit,3,472026d0a81e0abea282876d5064eede5f410d0102c44d94d070ebf92420c771,5,0.9615679115631097,0.9295767843606496,0.3105473847108019,0.6894526152891981,1.158023021176817,0.24039197789077743,0.2882155451527795,0.32398223833049394,0.0
llama3-8b-inst,memit,3,472026d0a81e0abea282876d5064eede5f410d0102c44d94d070ebf92420c771,6,0.9295767843606496,0.8216070934350432,0.4320061859662858,0.5679938140337142,0.6604061948331543,0.30985892812021637,0.24452673672524042,0.26990710371960286,0.0
llama3-8b-inst,memit,3,472026d0a81e0abea282876d5064eede5f410d0102c44d94d070ebf92420c771,7,0.8216070934350432,0.6431856518817659,0.4933783944260771,0.5066216055739229,0.42595270734543544,0.4108035467175216,0.2677663869525446,0.2719076247338445,0.0
llama3-8b-inst,memit,3,472026d0a81e0abea282876d5064eede5f410d0102c44d94d070ebf92420c771,8,0.6431856518817659,0.2630686839277924,0.5914655954547537,0.40853440454524625,0.01969660216742779,0.6431856518817659,0.38063306639513295,0.2630686839277924,NOT_APPLICABLE
llama3-8b-inst,memit,3,34da1f2e8dc9670ec41d7784fa8d025678bc1009ebfcc9577823787902857e92,4,1.0,0.9531568998276713,0.37844916535999856,0.6215508346400014,1.163602069036383,0.19999999999999996,0.2447197209729878,0.26384049841579904,0.0
llama3-8b-inst,memit,3,34da1f2e8dc9670ec41d7784fa8d025678bc1009ebfcc9577823787902857e92,5,0.9531568998276713,0.8907872004509396,0.3521447728857116,0.6478552271142883,0.8171559880893163,0.23828922495691782,0.21203053031889466,0.248491255923793,0.0
llama3-8b-inst,memit,3,34da1f2e8dc9670ec41d7784fa8d025678bc1009ebfcc9577823787902857e92,6,0.8907872004509396,0.8061768766165185,0.3460404686418105,0.6539595313581895,0.5727025798336307,0.2969290668169797,0.19868354607615193,0.2581151132273741,0.0
llama3-8b-inst,memit,3,34da1f2e8dc9670ec41d7784fa8d025678bc1009ebfcc9577823787902857e92,7,0.8061768766165185,0.6511724149832626,0.41859355837097123,0.5814064416290288,0.32993635234964674,0.40308843830825924,0.21484219129008061,0.2694643789055203,0.0
llama3-8b-inst,memit,3,34da1f2e8dc9670ec41d7784fa8d025678bc1009ebfcc9577823787902857e92,8,0.6511724149832626,0.29788150375556244,0.5428873380653808,0.4571126619346192,0.017671609152478385,0.6511724149832626,0.35370049677264837,0.29788150375556244,NOT_APPLICABLE
llama3-8b-inst,memit,3,9a6dd76f564eabe6d772c906c071d9d837193dc7543a04dc4a666f2c4bfaf5fc,4,1.0,0.9759590550210157,0.7845460747391255,0.21545392526087448,2.458119226347766,0.2000000000000001,0.5160566896893822,0.4935086838081313,0.0
llama3-8b-inst,memit,3,9a6dd76f564eabe6d772c906c071d9d837193dc7543a04dc4a666f2c4bfaf5fc,5,0.9759590550210157,0.980466741807166,0.09762476844646702,0.9023752315535329,0.9589619825421398,0.2439897637552539,0.23518622238106676,0.3212789487250356,0.0
llama3-8b-inst,memit,3,9a6dd76f564eabe6d772c906c071d9d837193dc7543a04dc4a666f2c4bfaf5fc,6,0.980466741807166,0.9522189417423225,0.19891646554222808,0.8010835344577719,0.8017551458591828,0.3268222472690553,0.2699755670804744,0.37041321016478446,0.0
llama3-8b-inst,memit,3,9a6dd76f564eabe6d772c906c071d9d837193dc7543a04dc4a666f2c4bfaf5fc,7,0.9522189417423225,0.8931011330522332,0.29369159724609345,0.7063084027539066,0.7792659195796218,0.47610947087116123,0.39649090033126855,0.5007365631738155,0.0
llama3-8b-inst,memit,3,9a6dd76f564eabe6d772c906c071d9d837193dc7543a04dc4a666f2c4bfaf5fc,8,0.8931011330522332,0.373996529524754,0.5821750325929725,0.41782496740702746,0.027993570161734278,0.8931011330522332,0.5205419160985574,0.373996529524754,NOT_APPLICABLE
llama3-8b-inst,memit,3,c36d70eb53ba78389390e289afb5dd9f925d5772a413bd1a75bd67a4b4a12428,4,1.0,0.9477963890448879,0.6591845155867658,0.34081548441323417,1.9013865486642965,0.20000000000000004,0.40248205093051637,0.3863379868383306,0.0
llama3-8b-inst,memit,3,c36d70eb53ba78389390e289afb5dd9f925d5772a413bd1a75bd67a4b4a12428,5,0.9477963890448879,0.9209481938588866,0.23897304317339751,0.7610269568266025,0.9803326066387883,0.23694909726122199,0.23909093081303565,0.29406653118307347,0.0
llama3-8b-inst,memit,3,c36d70eb53ba78389390e289afb5dd9f925d5772a413bd1a75bd67a4b4a12428,6,0.9209481938588866,0.8492456050787615,0.3830930134862155,0.6169069865137845,0.8971741045452961,0.30698273128629555,0.29947445907561143,0.33424423065321973,0.0
llama3-8b-inst,memit,3,c36d70eb53ba78389390e289afb5dd9f925d5772a413bd1a75bd67a4b4a12428,7,0.8492456050787615,0.7273785347920488,0.5685145758154163,0.4314854241845837,0.9408591023151704,0.42462280253938073,0.4667809293885869,0.4395195786562335,0.0
llama3-8b-inst,memit,3,c36d70eb53ba78389390e289afb5dd9f925d5772a413bd1a75bd67a4b4a12428,8,0.7273785347920488,0.2981924496299379,0.5912634180821522,0.4087365819178478,0.03158304588460242,0.7273785347920488,0.43068544232593775,0.2981924496299379,NOT_APPLICABLE
llama3-8b-inst,memit,3,63e9e046e3468bc2aaa15480bfe629a10c7ed43491d17ef3a0eceed9d49c6365,4,1.0,0.9535533001046589,0.27108957420288765,0.7289104257971124,0.6074566554903424,0.2000000000000002,0.13304031652713627,0.189769754927938,0.0
llama3-8b-inst,memit,3,63e9e046e3468bc2aaa15480bfe629a10c7ed43491d17ef3a0eceed9d49c6365,5,0.9535533001046589,0.8907039760383988,0.29821322946294165,0.7017867705370584,0.5070908500425685,0.23838832502616472,0.14023886138008376,0.20640159007914352,0.0
llama3-8b-inst,memit,3,63e9e046e3468bc2aaa15480bfe629a10c7ed43491d17ef3a0eceed9d49c6365,6,0.8907039760383988,0.8059272131919225,0.31906276144569734,0.6809372385543027,0.4252960018367962,0.2969013253461328,0.1578548528048932,0.23836428711649643,0.0
llama3-8b-inst,memit,3,63e9e046e3468bc2aaa15480bfe629a10c7ed43491d17ef3a0eceed9d49c6365,7,0.8059272131919225,0.6713958559005763,0.3616319076393058,0.6383680923606943,0.30296803657654564,0.40296360659596125,0.19010628371581167,0.2847397565734848,0.0
llama3-8b-inst,memit,3,63e9e046e3468bc2aaa15480bfe629a10c7ed43491d17ef3a0eceed9d49c6365,8,0.6713958559005763,0.35902419129843416,0.46540479842353594,0.5345952015764641,0.01256893814628204,0.6713958559005763,0.3125847823792138,0.35902419129843416,NOT_APPLICABLE
llama3-8b-inst,memit,4,94bd4b37a5d07ad36fd1f8d54bbc8b2908a74560edcbbcfa2e8cd869eebaf856,4,1.0,0.9522632636117231,0.3846146758069072,0.6153853241930928,1.1697655277166803,0.19999999999999998,0.246274630336162,0.26435207485976137,0.0
llama3-8b-inst,memit,4,94bd4b37a5d07ad36fd1f8d54bbc8b2908a74560edcbbcfa2e8cd869eebaf856,5,0.9522632636117231,0.9024905359533556,0.3573606205682491,0.6426393794317509,1.049913721338676,0.23806581590293077,0.2640304921443075,0.2930535264302982,0.0
llama3-8b-inst,memit,4,94bd4b37a5d07ad36fd1f8d54bbc8b2908a74560edcbbcfa2e8cd869eebaf856,6,0.9024905359533556,0.8069635012531576,0.40499128305115356,0.5950087169488465,0.6793350357394415,0.3008301786511184,0.23792491851455844,0.2716700497119567,0.0
llama3-8b-inst,memit,4,94bd4b37a5d07ad36fd1f8d54bbc8b2908a74560edcbbcfa2e8cd869eebaf856,7,0.8069635012531576,0.6462523527445615,0.4499896080064267,0.5500103919935733,0.40357899058774277,0.4034817506265788,0.2438868292251786,0.2752524683994818,0.0
llama3-8b-inst,memit,4,94bd4b37a5d07ad36fd1f8d54bbc8b2908a74560edcbbcfa2e8cd869eebaf856,8,0.6462523527445615,0.2737705677303577,0.5767605493373891,0.4232394506626109,0.018138863718893315,0.6462523527445615,0.3729171467316775,0.2737705677303577,NOT_APPLICABLE
llama3-8b-inst,memit,4,53a3ee42de862f325a85838efdb208f2f0d6da19694bc8ccc8241fd530598eea,4,1.0,0.9290795691811654,0.621616242905641,0.378383757094359,1.5522489563078437,0.20000000000000004,0.3344179167331142,0.31954036302111394,0.0
llama3-8b-inst,memit,4,53a3ee42de862f325a85838efdb208f2f0d6da19694bc8ccc8241fd530598eea,5,0.9290795691811654,0.8420909075083186,0.5059250608942231,0.49407493910577693,0.9672531162786405,0.23226989229529135,0.2535403031931733,0.2522763951183548,0.0
llama3-8b-inst,memit,4,53a3ee42de862f325a85838efdb208f2f0d6da19694bc8ccc8241fd530598eea,6,0.8420909075083186,0.7415967561852705,0.41321746518372354,0.5867825348162765,0.5372456052378731,0.2806969691694395,0.19024991905745395,0.22331672663267302,0.0
llama3-8b-inst,memit,4,53a3ee42de862f325a85838efdb208f2f0d6da19694bc8ccc8241fd530598eea,7,0.7415967561852705,0.5731398967053638,0.4935519250318712,0.5064480749681288,0.34608723302314304,0.3707983780926353,0.22351788837833853,0.22744967930103643,0.0
llama3-8b-inst,memit,4,53a3ee42de862f325a85838efdb208f2f0d6da19694bc8ccc8241fd530598eea,8,0.5731398967053638,0.2466887175830391,0.5705048331614975,0.42949516683850253,0.028143181916174296,0.5731398967053638,0.32737668789239244,0.2466887175830391,NOT_APPLICABLE
llama3-8b-inst,memit,4,569f1a97c3971140f8e826932006d0d697bae8da7872d2105db2e6eab60839d6,4,1.0,0.9234965291780155,0.5177096300126797,0.48229036998732033,1.1091523899874995,0.19999999999999998,0.2448054153994835,0.24189444187062153,0.0
llama3-8b-inst,memit,4,569f1a97c3971140f8e826932006d0d697bae8da7872d2105db2e6eab60839d6,5,0.9234965291780155,0.8564706200075282,0.37590534540926296,0.6240946545907371,0.7922820470397187,0.23087413229450388,0.20246169626182398,0.2328517547404593,0.0
llama3-8b-inst,memit,4,569f1a97c3971140f8e826932006d0d697bae8da7872d2105db2e6eab60839d6,6,0.8564706200075282,0.7628062165123938,0.38797426264143253,0.6120257373585675,0.5625508859915709,0.2854902066691759,0.19509397425944106,0.23732445646595848,0.0
llama3-8b-inst,memit,4,569f1a97c3971140f8e826932006d0d697bae8da7872d2105db2e6eab60839d6,7,0.7628062165123938,0.593098736735514,0.48298301684437495,0.517016983155625,0.3417927834414429,0.3814031082561969,0.22567171065492925,0.2363865166757699,0.0
llama3-8b-inst,memit,4,569f1a97c3971140f8e826932006d0d697bae8da7872d2105db2e6eab60839d6,8,0.593098736735514,0.254638713468847,0.5711086314262889,0.42889136857371113,0.019537203806787497,0.593098736735514,0.3389219496305145,0.254638713468847,NOT_APPLICABLE
llama3-8b-inst,memit,4,93140396d3eb2d8f451a94d46170ab2af2e1f02d91529583cd73ad449bfb207e,4,1.0,0.938135471276527,0.41944366774931324,0.5805563322506868,1.010424538874089,0.20000000000000012,0.21880500352358564,0.23306680618872244,0.0
llama3-8b-inst,memit,4,93140396d3eb2d8f451a94d46170ab2af2e1f02d91529583cd73ad449bfb207e,5,0.938135471276527,0.8736499672958125,0.3968959057546391,0.6031040942453609,0.9453174818752219,0.23453386781913174,0.24045744230831187,0.2629876366818014,0.0
llama3-8b-inst,memit,4,93140396d3eb2d8f451a94d46170ab2af2e1f02d91529583cd73ad449bfb207e,6,0.8736499672958125,0.7918900867145987,0.3657427748539454,0.6342572251460545,0.6745327350252989,0.2912166557652707,0.22345298756781534,0.26963527289789724,0.0
llama3-8b-inst,memit,4,93140396d3eb2d8f451a94d46170ab2af2e1f02d91529583cd73ad449bfb207e,7,0.7918900867145987,0.6256090938333599,0.4778797131097744,0.5221202868902256,0.4238831589016167,0.39594504335729935,0.25292365422368396,0.266281954358939,0.0
llama3-8b-inst,memit,4,93140396d3eb2d8f451a94d46170ab2af2e1f02d91529583cd73ad449bfb207e,8,0.6256090938333599,0.2800337680054833,0.5525280230651798,0.4474719769348202,0.011424852684053483,0.6256090938333599,0.3457404437661853,0.2800337680054833,NOT_APPLICABLE
llama3-8b-inst,memit,4,e558da6313163140b0e184e8308f584bc1635823d3d2f9b3340fe9126e729a14,4,1.0,0.9336262995615731,0.40461292354160566,0.5953870764583944,0.8208954247314962,0.19999999999999996,0.18303889381680444,0.2028156866870782,0.0
llama3-8b-inst,memit,4,e558da6313163140b0e184e8308f584bc1635823d3d2f9b3340fe9126e729a14,5,0.9336262995615731,0.8558957925925819,0.38482274355593393,0.6151772564440661,0.6141581089516156,0.23340657489039326,0.16916401798931163,0.2028937235967218,0.0
llama3-8b-inst,memit,4,e558da6313163140b0e184e8308f584bc1635823d3d2f9b3340fe9126e729a14,6,0.8558957925925819,0.7519872192662026,0.4045378017628243,0.5954621982371757,0.45930973781942724,0.2852985975308604,0.17461958568665056,0.21455150029151193,0.0
llama3-8b-inst,memit,4,e558da6313163140b0e184e8308f584bc1635823d3d2f9b3340fe9126e729a14,7,0.7519872192662026,0.5984159938501658,0.4625160575918489,0.5374839424081511,0.4113429374627612,0.3759936096331013,0.23272884195313046,0.25448185259726175,0.0
llama3-8b-inst,memit,4,e558da6313163140b0e184e8308f584bc1635823d3d2f9b3340fe9126e729a14,8,0.5984159938501658,0.2604179207188926,0.5650854712553945,0.43491452874460546,0.015162193081731877,0.5984159938501658,0.33827788792056074,0.2604179207188926,NOT_APPLICABLE
llama3-8b-inst,memit,4,7412f9b677bdd6da6ceaf7b352a8013e66884fca96673ccdef4c91ded318ed24,4,1.0,0.9547359482108668,0.2847404431888377,0.7152595568111624,0.7445438751702704,0.20000000000000007,0.15942681105020423,0.20648891647381606,0.0
llama3-8b-inst,memit,4,7412f9b677bdd6da6ceaf7b352a8013e66884fca96673ccdef4c91ded318ed24,5,0.9547359482108668,0.9053603382775325,0.277652888293357,0.722347111706643,0.7293814222663454,0.2386839870527167,0.1862788048697407,0.24501845514804022,0.0
llama3-8b-inst,memit,4,7412f9b677bdd6da6ceaf7b352a8013e66884fca96673ccdef4c91ded318ed24,6,0.9053603382775325,0.8291844187211805,0.30514320864421185,0.6948567913557882,0.5356890399203085,0.3017867794258439,0.18605225326101596,0.26478048815301497,0.0
llama3-8b-inst,memit,4,7412f9b677bdd6da6ceaf7b352a8013e66884fca96673ccdef4c91ded318ed24,7,0.8291844187211805,0.6931292663208879,0.36868521533260823,0.6313147846673918,0.3658419166070699,0.41459220936059027,0.21533629439079857,0.3025099166866288,0.0
llama3-8b-inst,memit,4,7412f9b677bdd6da6ceaf7b352a8013e66884fca96673ccdef4c91ded318ed24,8,0.6931292663208879,0.3213386111966695,0.5365888428808177,0.46341115711918235,0.013425878939302395,0.6931292663208879,0.37204183289043874,0.3213386111966695,NOT_APPLICABLE
llama3-8b-inst,memit,4,23c1238dd9069718d334ae7f722280560776c5e930ea2fdbe0f4b20ca542081e,4,1.0,0.9774780970756198,0.13738705651431643,0.8626129434856835,0.49150902169730337,0.20000000000000026,0.10206984308942742,0.19856305886834819,0.0
llama3-8b-inst,memit,4,23c1238dd9069718d334ae7f722280560776c5e930ea2fdbe0f4b20ca542081e,5,0.9774780970756198,0.9475808859377899,0.1518803386875105,0.8481196613124895,0.4776913543853884,0.24436952426890496,0.12249146838852912,0.23786784260469643,0.0
llama3-8b-inst,memit,4,23c1238dd9069718d334ae7f722280560776c5e930ea2fdbe0f4b20ca542081e,6,0.9475808859377899,0.9036670573840937,0.19562693903384062,0.8043730609661593,0.5662554296801853,0.3158602953125966,0.1892304005675315,0.31071105691588513,0.0
llama3-8b-inst,memit,4,23c1238dd9069718d334ae7f722280560776c5e930ea2fdbe0f4b20ca542081e,7,0.9036670573840937,0.8056554236544888,0.28507573428383826,0.7149242657161617,0.4882722616935228,0.45183352869204685,0.2554670030980207,0.39117577636860673,0.0
llama3-8b-inst,memit,4,23c1238dd9069718d334ae7f722280560776c5e930ea2fdbe0f4b20ca542081e,8,0.8056554236544888,0.405879677988705,0.49642802470675085,0.5035719752932492,0.01475784551727178,0.8056554236544888,0.4001266209971989,0.405879677988705,NOT_APPLICABLE
llama3-8b-inst,memit,4,35bf1daae2dea57e75a545d92be2a5b950f31eba85989d792f9f262e54660b84,4,1.0,0.9743321899304709,0.16977455306447758,0.8302254469355224,0.6340367025213812,0.20000000000000018,0.1312746645796407,0.20892839279365324,0.0
llama3-8b-inst,memit,4,35bf1daae2dea57e75a545d92be2a5b950f31eba85989d792f9f262e54660b84,5,0.9743321899304709,0.9384959157927077,0.18696766497759537,0.8130323350224047,0.5526826132814068,0.24358304748261772,0.14211875371831398,0.23946575547659388,0.0
llama3-8b-inst,memit,4,35bf1daae2dea57e75a545d92be2a5b950f31eba85989d792f9f262e54660b84,6,0.9384959157927077,0.8800586655520221,0.24001550194254773,0.7599844980574523,0.5445874879673203,0.3128319719309024,0.18617654730160288,0.29248567621363125,0.0
llama3-8b-inst,memit,4,35bf1daae2dea57e75a545d92be2a5b950f31eba85989d792f9f262e54660b84,7,0.8800586655520221,0.743697076210072,0.3534882976497393,0.6465117023502607,0.38139758395937934,0.44002933277601103,0.22882290842113293,0.3302980753615687,0.0
llama3-8b-inst,memit,4,35bf1daae2dea57e75a545d92be2a5b950f31eba85989d792f9f262e54660b84,8,0.743697076210072,0.35109775210271127,0.5279496985482637,0.4720503014517363,0.00669655379851405,0.743697076210072,0.39266623058971906,0.35109775210271127,NOT_APPLICABLE
llama3-8b-inst,memit,4,82e5ab0c97a6d3bf7b7c62e0fd42a5e8a875b906ce593c077f599ad5435d28ea,4,1.0,0.9180873459353528,0.641554084743977,0.358445915256023,1.440853418274602,0.20000000000000012,0.3154457301410359,0.2969540063455844,0.0
llama3-8b-inst,memit,4,82e5ab0c97a6d3bf7b7c62e0fd42a5e8a875b906ce593c077f599ad5435d28ea,5,0.9180873459353528,0.8404773995509939,0.4375535493615814,0.5624464506384186,0.847473923501543,0.2295218364838382,0.21890959168034999,0.23345406725414414,0.0
llama3-8b-inst,memit,4,82e5ab0c97a6d3bf7b7c62e0fd42a5e8a875b906ce593c077f599ad5435d28ea,6,0.8404773995509939,0.7317144657121696,0.45410795749909266,0.5458920425009073,0.5829552045146336,0.28015913318366464,0.20702429381233572,0.22374787622985057,0.0
llama3-8b-inst,memit,4,82e5ab0c97a6d3bf7b7c62e0fd42a5e8a875b906ce593c077f599ad5435d28ea,7,0.7317144657121696,0.5640882719476403,0.4989042069449063,0.5010957930550937,0.35205041134921783,0.3658572328560848,0.2233961831392384,0.2240517836615365,0.0
llama3-8b-inst,memit,4,82e5ab0c97a6d3bf7b7c62e0fd42a5e8a875b906ce593c077f599ad5435d28ea,8,0.5640882719476403,0.23566264600722214,0.5830178909371085,0.41698210906289146,0.025746089098221125,0.5640882719476403,0.32919406798483847,0.23566264600722214,NOT_APPLICABLE
llama3-8b-inst,memit,4,eca5f60936dfc2d99bd2d8d8059966c1e2abd050a28822126da716e6255c6720,4,1.0,0.9296090915440356,0.6905577995145499,0.3094422004854501,1.7415609371217224,0.20000000000000015,0.37469478630899894,0.35376766235197776,0.0
llama3-8b-inst,memit,4,eca5f60936dfc2d99bd2d8d8059966c1e2abd050a28822126da716e6255c6720,5,0.9296090915440356,0.8700226435729106,0.35762655374456104,0.6423734462554389,0.864699251332864,0.2324022728860089,0.21746713416651559,0.25034249856266594,0.0
llama3-8b-inst,memit,4,eca5f60936dfc2d99bd2d8d8059966c1e2abd050a28822126da716e6255c6720,6,0.8700226435729106,0.7671729829203038,0.42158467545386175,0.5784153245461383,0.5913363654493411,0.29000754785763677,0.21061264526147758,0.23989128893765907,0.0
llama3-8b-inst,memit,4,eca5f60936dfc2d99bd2d8d8059966c1e2abd050a28822126da716e6255c6720,7,0.7671729829203038,0.601650237968121,0.4871964435899813,0.5128035564100186,0.41421653449128737,0.3835864914601519,0.24529620198387095,0.2528596870730784,0.0
llama3-8b-inst,memit,4,eca5f60936dfc2d99bd2d8d8059966c1e2abd050a28822126da716e6255c6720,8,0.601650237968121,0.24292529530286952,0.5970186380415822,0.4029813619584178,0.025143182971509588,0.601650237968121,0.35951480654218504,0.24292529530286952,NOT_APPLICABLE
llama3-8b-inst,memit,5,c26d9f7b75c14056267c2567ba556e5b76ebfdac6a2231a6d3f1fc8bfa91ec2d,4,1.0,0.9112454360931527,0.6896662666309814,0.3103337333690186,1.4765599300387797,0.19999999999999998,0.32593672921748656,0.3017638979774007,0.0
llama3-8b-inst,memit,5,c26d9f7b75c14056267c2567ba556e5b76ebfdac6a2231a6d3f1fc8bfa91ec2d,5,0.9112454360931527,0.8638702913148699,0.2966289206817813,0.7033710793182186,0.8152464886425035,0.22781135902328817,0.19763414059228626,0.24529240571150138,0.0
llama3-8b-inst,memit,5,c26d9f7b75c14056267c2567ba556e5b76ebfdac6a2231a6d3f1fc8bfa91ec2d,6,0.8638702913148699,0.7839830715273933,0.37108461339788157,0.6289153866021184,0.7079570022161722,0.2879567637716232,0.2301685997951064,0.2726842119215605,0.0
llama3-8b-inst,memit,5,c26d9f7b75c14056267c2567ba556e5b76ebfdac6a2231a6d3f1fc8bfa91ec2d,7,0.7839830715273933,0.7087717692352165,0.3992136711224723,0.6007863288775277,0.8407248508691784,0.39199153576369666,0.3648238562776898,0.40505502018453043,0.0
llama3-8b-inst,memit,5,c26d9f7b75c14056267c2567ba556e5b76ebfdac6a2231a6d3f1fc8bfa91ec2d,8,0.7087717692352165,0.27416083538939356,0.6136043685997549,0.38639563140024513,0.01792470818178079,0.7087717692352165,0.43509097770340865,0.27416083538939356,NOT_APPLICABLE
llama3-8b-inst,memit,5,a61a8732e7087bac9df081e4cfb0319a07f61ccb3987494c7f24ded194e18d42,4,1.0,0.9952442130977921,0.29517882428679015,0.7048211757132099,1.6209360867031868,0.20000000000000015,0.3295186996505034,0.35350851117959775,0.0
llama3-8b-inst,memit,5,a61a8732e7087bac9df081e4cfb0319a07f61ccb3987494c7f24ded194e18d42,5,0.9952442130977921,0.9508892260394523,0.274031604832084,0.725968395167916,0.8501746268392121,0.24881105327444802,0.2222497287926538,0.2781599644380241,0.0
llama3-8b-inst,memit,5,a61a8732e7087bac9df081e4cfb0319a07f61ccb3987494c7f24ded194e18d42,6,0.9508892260394523,0.8678357198624961,0.3651742318104802,0.6348257681895197,0.7444317071981139,0.31696307534648405,0.26281778262485145,0.31010302782480675,0.0
llama3-8b-inst,memit,5,a61a8732e7087bac9df081e4cfb0319a07f61ccb3987494c7f24ded194e18d42,7,0.8678357198624961,0.7034566213566309,0.43030533701613083,0.5696946629838692,0.40529718858701846,0.43391785993124804,0.2564995953098769,0.3033758742797363,0.0
llama3-8b-inst,memit,5,a61a8732e7087bac9df081e4cfb0319a07f61ccb3987494c7f24ded194e18d42,8,0.7034566213566309,0.34618423950032884,0.5089018532253846,0.4910981467746154,0.031678685944881456,0.7034566213566309,0.35868330530263304,0.34618423950032884,NOT_APPLICABLE
llama3-8b-inst,memit,5,c95165b3bb5e2754faaa370e60fd0e96d24767b8eda1af67c1f801d7f4671c79,4,1.0,0.9717427803214799,0.5437016133263235,0.4562983866736765,1.9361057477840848,0.20000000000000015,0.4021997966651007,0.3978297969877859,0.0
llama3-8b-inst,memit,5,c95165b3bb5e2754faaa370e60fd0e96d24767b8eda1af67c1f801d7f4671c79,5,0.9717427803214799,0.8996146058205462,0.4514153709390232,0.5485846290609768,1.058527026543011,0.24293569508036997,0.279561390370167,0.2896364655186616,0.0
llama3-8b-inst,memit,5,c95165b3bb5e2754faaa370e60fd0e96d24767b8eda1af67c1f801d7f4671c79,6,0.8996146058205462,0.7926123312960696,0.437581119895188,0.562418880104812,0.6483615814904388,0.2998715352735153,0.23456203300887138,0.2573812842051842,0.0
llama3-8b-inst,memit,5,c95165b3bb5e2754faaa370e60fd0e96d24767b8eda1af67c1f801d7f4671c79,7,0.7926123312960696,0.6126275479242717,0.5068394915343496,0.4931605084656504,0.4001320746699943,0.3963061656480348,0.2559143642777154,0.25168186313089574,0.0
llama3-8b-inst,memit,5,c95165b3bb5e2754faaa370e60fd0e96d24767b8eda1af67c1f801d7f4671c79,8,0.6126275479242717,0.2508360402577884,0.5924929243718126,0.40750707562818744,0.03976840072558676,0.6126275479242717,0.36379420385243566,0.2508360402577884,NOT_APPLICABLE
llama3-8b-inst,memit,5,b60dce4b4fb7c58f26743b14e89bf6f65fd42fa8a116dc3a52707814fd0496fe,4,1.0,0.9676195325544279,0.24570301613627005,0.7542969838637299,0.8965763680498593,0.2000000000000002,0.18592677654215767,0.23433421633311677,0.0
llama3-8b-inst,memit,5,b60dce4b4fb7c58f26743b14e89bf6f65fd42fa8a116dc3a52707814fd0496fe,5,0.9676195325544279,0.9263527571011486,0.22716526207269352,0.7728347379273065,0.6558139808968216,0.24190488313860697,0.1678924514519916,0.2451924685410118,0.0
llama3-8b-inst,memit,5,b60dce4b4fb7c58f26743b14e89bf6f65fd42fa8a116dc3a52707814fd0496fe,6,0.9263527571011486,0.8636568967274786,0.2581524489525975,0.7418475510474025,0.5524958905248738,0.3087842523670493,0.1883063479880248,0.2856195077317878,0.0
llama3-8b-inst,memit,5,b60dce4b4fb7c58f26743b14e89bf6f65fd42fa8a116dc3a52707814fd0496fe,7,0.8636568967274786,0.7384826254020392,0.3361564947661839,0.6638435052338161,0.3951811580269425,0.4318284483637393,0.2240392147753788,0.33361545238896545,0.0
llama3-8b-inst,memit,5,b60dce4b4fb7c58f26743b14e89bf6f65fd42fa8a116dc3a52707814fd0496fe,8,0.7384826254020392,0.3707795131825391,0.4980571501947021,0.5019428498052979,0.011858938693324293,0.7384826254020392,0.36791079831145596,0.3707795131825391,NOT_APPLICABLE
llama3-8b-inst,memit,5,6a691cf16b423bb1d5a6ce4bf3417dd2d707fdac2436c48131dec1cd89b48a6b,4,1.0,0.9285217518551392,0.4777060769607048,0.5222939230392952,1.050082742142387,0.2000000000000001,0.23072727288384962,0.234560415022574,0.0
llama3-8b-inst,memit,5,6a691cf16b423bb1d5a6ce4bf3417dd2d707fdac2436c48131dec1cd89b48a6b,5,0.9285217518551392,0.8598217283969753,0.3792244951193818,0.6207755048806183,0.7809856484233918,0.2321304379637848,0.20153278011497283,0.2315843832467282,0.0
llama3-8b-inst,memit,5,6a691cf16b423bb1d5a6ce4bf3417dd2d707fdac2436c48131dec1cd89b48a6b,6,0.8598217283969753,0.7588960197911593,0.4128188786758051,0.5871811213241949,0.5636128901580901,0.2866072427989915,0.20023140056123548,0.23327103452654313,0.0
llama3-8b-inst,memit,5,6a691cf16b423bb1d5a6ce4bf3417dd2d707fdac2436c48131dec1cd89b48a6b,7,0.7588960197911593,0.5752983235863238,0.5333131149318878,0.4666868850681122,0.38409140335688713,0.37944800989557964,0.2493839838678537,0.22934575219916825,0.0
llama3-8b-inst,memit,5,6a691cf16b423bb1d5a6ce4bf3417dd2d707fdac2436c48131dec1cd89b48a6b,8,0.5752983235863238,0.2395554093824817,0.5842587441555213,0.41574125584447874,0.023449672259539985,0.5752983235863238,0.33639369403644154,0.2395554093824817,NOT_APPLICABLE
llama3-8b-inst,memit,5,2a8f1b4955bc1a289af449ade95dfac602e09ca669c961f5c2f949575e94e148,4,1.0,0.9333021683126269,0.4374475822739959,0.5625524177260042,0.9795095047669979,0.20000000000000015,0.21455062406492792,0.22591184941195655,0.0
llama3-8b-inst,memit,5,2a8f1b4955bc1a289af449ade95dfac602e09ca669c961f5c2f949575e94e148,5,0.9333021683126269,0.8593347795172683,0.37641700412252393,0.6235829958774761,0.658812950161568,0.23332554207815673,0.1770392455664494,0.21165729592162433,0.0
llama3-8b-inst,memit,5,2a8f1b4955bc1a289af449ade95dfac602e09ca669c961f5c2f949575e94e148,6,0.8593347795172683,0.7634939258908994,0.38078068503488227,0.6192193149651177,0.4940796358602165,0.2864449265057559,0.1786802529278878,0.22691559731885536,0.0
llama3-8b-inst,memit,5,2a8f1b4955bc1a289af449ade95dfac602e09ca669c961f5c2f949575e94e148,7,0.7634939258908994,0.6120439337363366,0.439363981164252,0.560636018835748,0.3672791108476271,0.3817469629454497,0.21860960844197308,0.25585782213023367,0.0
llama3-8b-inst,memit,5,2a8f1b4955bc1a289af449ade95dfac602e09ca669c961f5c2f949575e94e148,8,0.6120439337363366,0.2817725335018307,0.541043904451775,0.45895609554822503,0.0361754969468959,0.6120439337363366,0.33188201420929403,0.2817725335018307,NOT_APPLICABLE
llama3-8b-inst,memit,5,fc11f308500869e6b6107573e91176f8fb98c2b06cc9eb7d8107d0fb1af68f64,4,1.0,0.9357368647846389,0.45674596523310407,0.5432540347668959,1.11755526865519,0.19999999999999998,0.2414577938485887,0.24851999716638384,0.0
llama3-8b-inst,memit,5,fc11f308500869e6b6107573e91176f8fb98c2b06cc9eb7d8107d0fb1af68f64,5,0.9357368647846389,0.8599520568960188,0.41771034196632384,0.5822896580336762,0.8249165139194323,0.23393421619615973,0.21630620563449768,0.23620968114153199,0.0
llama3-8b-inst,memit,5,fc11f308500869e6b6107573e91176f8fb98c2b06cc9eb7d8107d0fb1af68f64,6,0.8599520568960188,0.7471963497313711,0.4495842322131432,0.5504157677868569,0.5384918236635378,0.2866506856320063,0.20108487899248853,0.22072679095127057,0.0
llama3-8b-inst,memit,5,fc11f308500869e6b6107573e91176f8fb98c2b06cc9eb7d8107d0fb1af68f64,7,0.7471963497313711,0.5753413431592092,0.4996220567807494,0.5003779432192506,0.34708398983014926,0.37359817486568553,0.2272783800135382,0.22751036310889042,0.0
llama3-8b-inst,memit,5,fc11f308500869e6b6107573e91176f8fb98c2b06cc9eb7d8107d0fb1af68f64,8,0.5753413431592092,0.23569346930732277,0.5917381820831178,0.4082618179168822,0.033798984462493034,0.5753413431592092,0.3410063465925706,0.23569346930732277,NOT_APPLICABLE
llama3-8b-inst,memit,5,409ab50440c393003452ca14f7a848b9b9c4c26eaf347918e74bd2328b526d48,4,1.0,0.9733779981579651,0.2781550060380721,0.7218449939619279,1.1793210061076953,0.20000000000000018,0.24233598518015456,0.2765399233929717,0.0
llama3-8b-inst,memit,5,409ab50440c393003452ca14f7a848b9b9c4c26eaf347918e74bd2328b526d48,5,0.9733779981579651,0.9338403458640464,0.2685588540393221,0.7314411459606779,0.8960675564217401,0.24334449953949128,0.2276358604622518,0.2814753546028257,0.0
llama3-8b-inst,memit,5,409ab50440c393003452ca14f7a848b9b9c4c26eaf347918e74bd2328b526d48,6,0.9338403458640464,0.8683012649901377,0.29053580845226457,0.7094641915477354,0.6632134475051494,0.31128011528801547,0.22538553387322902,0.3023091703867605,0.0
llama3-8b-inst,memit,5,409ab50440c393003452ca14f7a848b9b9c4c26eaf347918e74bd2328b526d48,7,0.8683012649901377,0.7365560499153598,0.3462829927909658,0.6537170072090341,0.37879377556031685,0.43415063249506886,0.22281557732989715,0.32801528377198874,0.0
llama3-8b-inst,memit,5,409ab50440c393003452ca14f7a848b9b9c4c26eaf347918e74bd2328b526d48,8,0.7365560499153598,0.3944759115712038,0.4649717644843873,0.5350282355156126,0.024040769082494456,0.7365560499153598,0.3429352291792268,0.3944759115712038,NOT_APPLICABLE
llama3-8b-inst,memit,5,55b3125b46809bfd09b46805671031439ad32c9f96657b2e9a2e1d248c8bbb80,4,1.0,0.9679260521731704,0.33958474769584707,0.6604152523041529,1.3048182777610349,0.20000000000000018,0.26965671056711504,0.29248583168797987,0.0
llama3-8b-inst,memit,5,55b3125b46809bfd09b46805671031439ad32c9f96657b2e9a2e1d248c8bbb80,5,0.9679260521731704,0.9376657422529586,0.28114647084181127,0.7188535291581888,1.0887374441635156,0.2419815130432926,0.27209662428979836,0.3157000677810548,0.0
llama3-8b-inst,memit,5,55b3125b46809bfd09b46805671031439ad32c9f96657b2e9a2e1d248c8bbb80,6,0.9376657422529586,0.8467215592623903,0.37189778253448286,0.6281022174655171,0.6572081681018825,0.31255524741765267,0.23602175209074724,0.28413918989927317,0.0
llama3-8b-inst,memit,5,55b3125b46809bfd09b46805671031439ad32c9f96657b2e9a2e1d248c8bbb80,7,0.8467215592623903,0.6821272051062822,0.48316828885808294,0.5168317111419171,0.5433693999737021,0.42336077963119517,0.3078336259747902,0.3174825709917227,0.0
llama3-8b-inst,memit,5,55b3125b46809bfd09b46805671031439ad32c9f96657b2e9a2e1d248c8bbb80,8,0.6821272051062822,0.25301103053134205,0.6295893835635723,0.3704106164364277,0.019331704476827947,0.6821272051062822,0.42966244910882845,0.25301103053134205,NOT_APPLICABLE
llama3-8b-inst,memit,5,81c8c31e8abdcc2afdc5f07178b0a29d0dd009dcb1c5ad3746b934b567eccdeb,4,1.0,0.9242081207296357,0.5237408309238305,0.4762591690761695,1.1476585345069494,0.19999999999999998,0.25230335469853893,0.24851099838484106,0.0
llama3-8b-inst,memit,5,81c8c31e8abdcc2afdc5f07178b0a29d0dd009dcb1c5ad3746b934b567eccdeb,5,0.9242081207296357,0.8336285933381458,0.4677849446441378,0.5322150553558622,0.7354577333107991,0.2310520301824089,0.20138949201957168,0.20975540893007175,0.0
llama3-8b-inst,memit,5,81c8c31e8abdcc2afdc5f07178b0a29d0dd009dcb1c5ad3746b934b567eccdeb,6,0.8336285933381458,0.7101301362900889,0.5074314314549093,0.4925685685450907,0.5639187003924451,0.27787619777938183,0.21079999685895942,0.20806008752673552,0.0
llama3-8b-inst,memit,5,81c8c31e8abdcc2afdc5f07178b0a29d0dd009dcb1c5ad3746b934b567eccdeb,7,0.7101301362900889,0.5444839361168238,0.5078428299777845,0.4921571700222155,0.35357762936148085,0.35506506814504446,0.21971657080077991,0.21516937856027896,0.0
llama3-8b-inst,memit,5,81c8c31e8abdcc2afdc5f07178b0a29d0dd009dcb1c5ad3746b934b567eccdeb,8,0.5444839361168238,0.23059425962932642,0.5780710504112436,0.4219289495887564,0.03655784475090168,0.5444839361168238,0.31537918482215255,0.23059425962932642,NOT_APPLICABLE
llama3-8b-inst,memit,6,65fe8c1ae82c41f795ca50b2a0707d66874e1ae73ea6a6a34e23cc47f17c9e67,4,1.0,0.9792900226036492,0.20451488870667017,0.7954851112933299,0.9892149698828778,0.20000000000000015,0.20202698793409585,0.2538773577087761,0.0
llama3-8b-inst,memit,6,65fe8c1ae82c41f795ca50b2a0707d66874e1ae73ea6a6a34e23cc47f17c9e67,5,0.9792900226036492,0.9552951939894923,0.18458464885406867,0.8154153511459313,0.8173975995235282,0.2448225056509123,0.2051563410666522,0.2826656900035359,0.0
llama3-8b-inst,memit,6,65fe8c1ae82c41f795ca50b2a0707d66874e1ae73ea6a6a34e23cc47f17c9e67,6,0.9552951939894923,0.8997594037270712,0.2633103394294321,0.736689660570568,0.7032226219417518,0.31843173132983066,0.23911114631644376,0.32430575083529894,0.0
llama3-8b-inst,memit,6,65fe8c1ae82c41f795ca50b2a0707d66874e1ae73ea6a6a34e23cc47f17c9e67,7,0.8997594037270712,0.7499341059298182,0.3969403444327646,0.6030596555672354,0.45713776102885934,0.4498797018635356,0.27236735551110397,0.34044210028081223,0.0
llama3-8b-inst,memit,6,65fe8c1ae82c41f795ca50b2a0707d66874e1ae73ea6a6a34e23cc47f17c9e67,8,0.7499341059298182,0.34403707109369874,0.5413730611258442,0.45862693887415584,0.010897981183525087,0.7499341059298182,0.4060763742135349,0.34403707109369874,NOT_APPLICABLE
llama3-8b-inst,memit,6,2f7b6e27f3bba670acf943b4dec2a696193b1ce72e53248761d42a7b1a19ccf6,4,1.0,0.9452949268649014,0.40541970409500566,0.5945802959049944,1.1087805794631218,0.19999999999999998,0.23611518459116967,0.25162830537704195,0.0
llama3-8b-inst,memit,6,2f7b6e27f3bba670acf943b4dec2a696193b1ce72e53248761d42a7b1a19ccf6,5,0.9452949268649014,0.8860567752827496,0.3354733792389983,0.6645266207610017,0.7929410931144606,0.23632373171622534,0.20347157175213504,0.2444952844590917,0.0
llama3-8b-inst,memit,6,2f7b6e27f3bba670acf943b4dec2a696193b1ce72e53248761d42a7b1a19ccf6,6,0.8860567752827496,0.8040389109383413,0.3395647666655463,0.6604352333344536,0.5770862440792668,0.29535225842758306,0.1977609478991893,0.2590364298583266,0.0
llama3-8b-inst,memit,6,2f7b6e27f3bba670acf943b4dec2a696193b1ce72e53248761d42a7b1a19ccf6,7,0.8040389109383413,0.6633273023881251,0.4197316761112886,0.5802683238887114,0.47456572850388096,0.4020194554691707,0.2546999679502633,0.30136016542993516,0.0
llama3-8b-inst,memit,6,2f7b6e27f3bba670acf943b4dec2a696193b1ce72e53248761d42a7b1a19ccf6,8,0.6633273023881251,0.27464381326739223,0.5866747380177343,0.4133252619822657,0.024311951864824044,0.6633273023881251,0.38949137699664144,0.27464381326739223,NOT_APPLICABLE
llama3-8b-inst,memit,6,97e557fa2d1959dfc82a211736e5b608f395a1f440583abd5d70d65a2fbf5cfe,4,1.0,0.9402957595827596,0.4593271220496391,0.5406728779503609,1.2190950343098679,0.1999999999999999,0.2605512700202687,0.26672231729872914,0.0
llama3-8b-inst,memit,6,97e557fa2d1959dfc82a211736e5b608f395a1f440583abd5d70d65a2fbf5cfe,5,0.9402957595827596,0.9137433354785679,0.3605303075737787,0.6394696924262213,1.3650607519656144,0.2350739398956899,0.3318935157132194,0.35435494699240294,0.0
llama3-8b-inst,memit,6,97e557fa2d1959dfc82a211736e5b608f395a1f440583abd5d70d65a2fbf5cfe,6,0.9137433354785679,0.8337236596223349,0.33704653567554976,0.6629534643244502,0.6335442981229865,0.3045811118261893,0.2185735569942793,0.2793003271036732,0.0
llama3-8b-inst,memit,6,97e557fa2d1959dfc82a211736e5b608f395a1f440583abd5d70d65a2fbf5cfe,7,0.8337236596223349,0.6430888657439763,0.49995255501456465,0.5000474449854353,0.3602113847516501,0.41686182981116743,0.25687105745494576,0.2569031520776524,0.0
llama3-8b-inst,memit,6,97e557fa2d1959dfc82a211736e5b608f395a1f440583abd5d70d65a2fbf5cfe,8,0.6430888657439763,0.2930804564910798,0.544545621130151,0.45545437886984896,0.016094500310129396,0.6430888657439763,0.3503441467600292,0.2930804564910798,NOT_APPLICABLE
llama3-8b-inst,memit,6,322b5d3c47aa80d2c94addc9a85c94282e44d92f9ccc5a0cf4cab593ea40cb3b,4,1.0,0.9596947088514776,0.28863761670879373,0.7113623832912063,0.9101718784090489,0.20000000000000023,0.1909685337458491,0.23103673202401426,0.0
llama3-8b-inst,memit,6,322b5d3c47aa80d2c94addc9a85c94282e44d92f9ccc5a0cf4cab593ea40cb3b,5,0.9596947088514776,0.914129482223929,0.2522856287710331,0.7477143712289669,0.6865718031890689,0.2399236772128694,0.17549377715867404,0.2435500241670598,0.0
llama3-8b-inst,memit,6,322b5d3c47aa80d2c94addc9a85c94282e44d92f9ccc5a0cf4cab593ea40cb3b,6,0.914129482223929,0.8429189968890537,0.3042204296210481,0.6957795703789519,0.6206382629782294,0.30470982740797614,0.21061201246562716,0.2841002178763098,0.0
llama3-8b-inst,memit,6,322b5d3c47aa80d2c94addc9a85c94282e44d92f9ccc5a0cf4cab593ea40cb3b,7,0.8429189968890537,0.7823186495798353,0.3190124556330882,0.6809875443669118,0.7872788666652764,0.42145949844452685,0.3580116630950935,0.43871323363577064,0.0
llama3-8b-inst,memit,6,322b5d3c47aa80d2c94addc9a85c94282e44d92f9ccc5a0cf4cab593ea40cb3b,8,0.7823186495798353,0.2907425851284077,0.6288327662970578,0.37116723370294225,0.018782238544383597,0.7823186495798353,0.49216699032481503,0.2907425851284077,NOT_APPLICABLE
llama3-8b-inst,memit,6,2cb95a1a83adc4008a17e6b41b7af19fb47a468500652815384202b87b26ccb4,4,1.0,0.9313869844699327,0.5444463724979715,0.45555362750202855,1.3546529974326982,0.20000000000000023,0.2919936023942711,0.28584008473156136,0.0
llama3-8b-inst,memit,6,2cb95a1a83adc4008a17e6b41b7af19fb47a468500652815384202b87b26ccb4,5,0.9313869844699327,0.8733925971166133,0.36782570897295436,0.6321742910270456,0.9363813341071414,0.23284674611748318,0.2342518991367108,0.26307090266484007,0.0
llama3-8b-inst,memit,6,2cb95a1a83adc4008a17e6b41b7af19fb47a468500652815384202b87b26ccb4,6,0.8733925971166133,0.7878095466581847,0.3611406276334736,0.6388593723665263,0.5991931267989522,0.29113086570553776,0.20367823224804896,0.2549970199763256,0.0
llama3-8b-inst,memit,6,2cb95a1a83adc4008a17e6b41b7af19fb47a468500652815384202b87b26ccb4,7,0.7878095466581847,0.6409370059006534,0.43952752452751537,0.5604724754724846,0.4609775063673381,0.39390477332909235,0.2508912766725052,0.2858537539900138,0.0
llama3-8b-inst,memit,6,2cb95a1a83adc4008a17e6b41b7af19fb47a468500652815384202b87b26ccb4,8,0.6409370059006534,0.2915869320710118,0.5467279004622777,0.4532720995377223,0.038903208290751265,0.6409370059006534,0.35130414873847604,0.2915869320710118,NOT_APPLICABLE
llama3-8b-inst,memit,6,39cb134a7460153810c2e46692d13f26ce9cef48815e15c399b48c97a18eb027,4,1.0,0.9693812329608881,0.37174012235065457,0.6282598776493454,1.4393435570983546,0.20000000000000026,0.2973146880950095,0.31409682260249105,0.0
llama3-8b-inst,memit,6,39cb134a7460153810c2e46692d13f26ce9cef48815e15c399b48c97a18eb027,5,0.9693812329608881,0.9722471471929561,0.27463426376676786,0.7253657362332322,1.488756512422356,0.24234530824022202,0.36688069693130027,0.4013395916971855,0.0
llama3-8b-inst,memit,6,39cb134a7460153810c2e46692d13f26ce9cef48815e15c399b48c97a18eb027,6,0.9722471471929561,0.9173107719435031,0.3065792043134133,0.6934207956865868,0.8701365465276176,0.32408238239765186,0.2989874563605774,0.36058734816143806,0.0
llama3-8b-inst,memit,6,39cb134a7460153810c2e46692d13f26ce9cef48815e15c399b48c97a18eb027,7,0.9173107719435031,0.7240919245199929,0.5374058816853479,0.46259411831465214,0.5943057577997863,0.45865538597175154,0.3674984445512055,0.345423432717607,0.0
llama3-8b-inst,memit,6,39cb134a7460153810c2e46692d13f26ce9cef48815e15c399b48c97a18eb027,8,0.7240919245199929,0.31834588326475316,0.5607694113083902,0.4392305886916098,0.019163470620869486,0.7240919245199929,0.40628563097260556,0.31834588326475316,NOT_APPLICABLE
llama3-8b-inst,memit,6,50d6505f4bf83bb005d91ac06d26b044492e5bbdd5ebf7ac3ad402fb8cc9e12c,4,1.0,0.9691330768614167,0.3558252612009962,0.6441747387990038,1.3827921073585487,0.20000000000000015,0.2855678993641861,0.30509507411820747,0.0
llama3-8b-inst,memit,6,50d6505f4bf83bb005d91ac06d26b044492e5bbdd5ebf7ac3ad402fb8cc9e12c,5,0.9691330768614167,0.905110755338039,0.3619460685167332,0.6380539314832667,0.8487776446926647,0.24228326921535417,0.22356175135222028,0.25726973147431037,0.0
llama3-8b-inst,memit,6,50d6505f4bf83bb005d91ac06d26b044492e5bbdd5ebf7ac3ad402fb8cc9e12c,6,0.905110755338039,0.825461454095422,0.34845467278469017,0.6515453272153098,0.6745453674975171,0.30170358511267975,0.22906279419156528,0.2829462964026684,0.0
llama3-8b-inst,memit,6,50d6505f4bf83bb005d91ac06d26b044492e5bbdd5ebf7ac3ad402fb8cc9e12c,7,0.825461454095422,0.7003010202484624,0.35962240444676663,0.6403775955532334,0.4337317314733982,0.412730727047711,0.2325441863387446,0.3192217187648126,0.0
llama3-8b-inst,memit,6,50d6505f4bf83bb005d91ac06d26b044492e5bbdd5ebf7ac3ad402fb8cc9e12c,8,0.7003010202484624,0.3552541573805874,0.49314593936909584,0.5068540606309042,0.020972930321069633,0.7003010202484624,0.34566278174670895,0.3552541573805874,NOT_APPLICABLE
llama3-8b-inst,memit,6,48f8e5c9758bc1ecd0a5d87381377f2e938e3fbd115904598f843ea205a1cb29,4,1.0,0.9213277613769454,0.551876804727796,0.448123195272204,1.1980488874740138,0.20000000000000004,0.2638097150883022,0.2558230274950784,0.0
llama3-8b-inst,memit,6,48f8e5c9758bc1ecd0a5d87381377f2e938e3fbd115904598f843ea205a1cb29,5,0.9213277613769454,0.849065036365834,0.40691139059291886,0.5930886094070811,0.8235768454794367,0.23033194034423635,0.21158664893198398,0.23376512415500866,0.0
llama3-8b-inst,memit,6,48f8e5c9758bc1ecd0a5d87381377f2e938e3fbd115904598f843ea205a1cb29,6,0.849065036365834,0.7545619949725951,0.39491448684220326,0.6050855131577968,0.567079413350034,0.2830216787886113,0.19557934828853313,0.23470459676297684,0.0
llama3-8b-inst,memit,6,48f8e5c9758bc1ecd0a5d87381377f2e938e3fbd115904598f843ea205a1cb29,7,0.7545619949725951,0.5889719054897901,0.48128178749987777,0.5187182125001222,0.361270150109816,0.37728099748629756,0.2270430149769012,0.23848955320680593,0.0
llama3-8b-inst,memit,6,48f8e5c9758bc1ecd0a5d87381377f2e938e3fbd115904598f843ea205a1cb29,8,0.5889719054897901,0.2820296375254862,0.5219451200631385,0.47805487993686147,0.027596570052395936,0.5889719054897901,0.3078403968132421,0.2820296375254862,NOT_APPLICABLE
llama3-8b-inst,memit,6,5222c50191326e7119d973b8926c803a0ac65079d8f3f3217e939a2eed376d81,4,1.0,0.9547768298588667,0.4621910707914784,0.5378089292085215,1.4826530251137902,0.2,0.31060460903202575,0.3154361068245352,0.0
llama3-8b-inst,memit,6,5222c50191326e7119d973b8926c803a0ac65079d8f3f3217e939a2eed376d81,5,0.9547768298588667,0.8996048826845735,0.388997446726253,0.611002553273747,1.0793335687631418,0.23869420746471667,0.27385206212373076,0.2960467465670231,0.0
llama3-8b-inst,memit,6,5222c50191326e7119d973b8926c803a0ac65079d8f3f3217e939a2eed376d81,6,0.8996048826845735,0.8104934364604726,0.38634629559774764,0.6136537044022523,0.6885577676307467,0.2998682942281912,0.23675836393953034,0.27657590461221937,0.0
llama3-8b-inst,memit,6,5222c50191326e7119d973b8926c803a0ac65079d8f3f3217e939a2eed376d81,7,0.8104934364604726,0.6302552878850848,0.48482135404593046,0.5151786459540695,0.3507141052611069,0.4052467182302363,0.24248933176228943,0.25255989255311284,0.0
llama3-8b-inst,memit,6,5222c50191326e7119d973b8926c803a0ac65079d8f3f3217e939a2eed376d81,8,0.6302552878850848,0.2903927104579704,0.5405867695920011,0.45941323040799886,0.035125888954716605,0.6302552878850848,0.34142615567957196,0.2903927104579704,NOT_APPLICABLE
llama3-8b-inst,memit,6,f296600e034a8a300da559a46de195efdd639d61128b9c3cc6a0887b1ef0d697,4,1.0,0.9879961186911719,0.4330360340525135,0.5669639659474865,1.883148533031245,0.2000000000000001,0.38645923998505444,0.3933292023809387,0.0
llama3-8b-inst,memit,6,f296600e034a8a300da559a46de195efdd639d61128b9c3cc6a0887b1ef0d697,5,0.9879961186911719,0.956345962468335,0.3452773085239039,0.6547226914760961,1.278401852236482,0.24699902967279297,0.3270781739321862,0.354766031211527,0.0
llama3-8b-inst,memit,6,f296600e034a8a300da559a46de195efdd639d61128b9c3cc6a0887b1ef0d697,6,0.956345962468335,0.8596308225002303,0.39981955289774973,0.6001804471022503,0.7146812484453849,0.31878198748944475,0.2610559711116476,0.2975084636399387,0.0
llama3-8b-inst,memit,6,f296600e034a8a300da559a46de195efdd639d61128b9c3cc6a0887b1ef0d697,7,0.8596308225002303,0.6755403495918361,0.5053437055574685,0.49465629444253145,0.48604481151078316,0.42981541125011513,0.3013652279453995,0.29807145875195057,0.0
llama3-8b-inst,memit,6,f296600e034a8a300da559a46de195efdd639d61128b9c3cc6a0887b1ef0d697,8,0.6755403495918361,0.28758196464526986,0.5751352473198756,0.42486475268012436,0.026758644793930836,0.6755403495918361,0.38894735183016615,0.28758196464526986,NOT_APPLICABLE
llama3-8b-inst,memit,7,1f15ad772a9fa6b37e334f9e0a833b6b234fbcc3e02b033e20f4c8f7f264ec9f,4,1.0,0.969785567577284,0.2580470855517984,0.7419529144482016,1.012908551739034,0.20000000000000018,0.20905234105819923,0.2511157391677591,0.0
llama3-8b-inst,memit,7,1f15ad772a9fa6b37e334f9e0a833b6b234fbcc3e02b033e20f4c8f7f264ec9f,5,0.969785567577284,0.926309376636101,0.27195115601595365,0.7280488439840463,0.8361969220677736,0.242446391894321,0.213185074693129,0.2688073911506215,0.0
llama3-8b-inst,memit,7,1f15ad772a9fa6b37e334f9e0a833b6b234fbcc3e02b033e20f4c8f7f264ec9f,6,0.926309376636101,0.8476705227998255,0.33761411458492463,0.6623858854150754,0.6696708590832461,0.3087697922120336,0.2315654767763044,0.29083657942621816,0.0
llama3-8b-inst,memit,7,1f15ad772a9fa6b37e334f9e0a833b6b234fbcc3e02b033e20f4c8f7f264ec9f,7,0.8476705227998255,0.7124702819235841,0.38734374230362556,0.6126562576963744,0.4744746964714236,0.42383526139991273,0.2596008836927172,0.32843101545564074,0.0
llama3-8b-inst,memit,7,1f15ad772a9fa6b37e334f9e0a833b6b234fbcc3e02b033e20f4c8f7f264ec9f,8,0.7124702819235841,0.34155672812668797,0.5208803054447569,0.47911969455524306,0.016328686501792162,0.7124702819235841,0.37129404142567063,0.34155672812668797,NOT_APPLICABLE
llama3-8b-inst,memit,7,c416911d0d03300f77dc8d76e3ad6eab8c96026a867011c7a7728857b99e3e0c,4,1.0,0.9497295269542961,0.3641392308140115,0.6358607691859886,1.0288096461168488,0.2,0.21827016904386096,0.24188990931685203,0.0
llama3-8b-inst,memit,7,c416911d0d03300f77dc8d76e3ad6eab8c96026a867011c7a7728857b99e3e0c,5,0.9497295269542961,0.8909848129650622,0.3152502407520021,0.6847497592479979,0.710282579249668,0.23743238173857403,0.1845086498729297,0.23425127096323192,0.0
llama3-8b-inst,memit,7,c416911d0d03300f77dc8d76e3ad6eab8c96026a867011c7a7728857b99e3e0c,6,0.8909848129650622,0.8024554846906369,0.34808837961205935,0.6519116203879407,0.5174136094936673,0.29699493765502055,0.1852073298040037,0.24718573110118786,0.0
llama3-8b-inst,memit,7,c416911d0d03300f77dc8d76e3ad6eab8c96026a867011c7a7728857b99e3e0c,7,0.8024554846906369,0.6592571972490763,0.4121488432243243,0.5878511567756757,0.42249904629720364,0.40122774234531844,0.23681687475810315,0.2904607390335742,0.0
llama3-8b-inst,memit,7,c416911d0d03300f77dc8d76e3ad6eab8c96026a867011c7a7728857b99e3e0c,8,0.6592571972490763,0.27814787226348925,0.5794306243532009,0.4205693756467991,0.03361998809948289,0.6592571972490763,0.38263628034737956,0.27814787226348925,NOT_APPLICABLE
llama3-8b-inst,memit,7,72a75cd16bd699577bf429e669049d3300002c7fd1905e4f2deb4e9e9cf79a10,4,1.0,0.9412119948456821,0.4076098169877098,0.5923901830122902,1.0280821406906335,0.20000000000000026,0.22118758110814346,0.23730815552242382,0.0
llama3-8b-inst,memit,7,72a75cd16bd699577bf429e669049d3300002c7fd1905e4f2deb4e9e9cf79a10,5,0.9412119948456821,0.86886120375244,0.41604601403440344,0.5839539859655966,0.8888100290534102,0.23530299871142052,0.2309181621349891,0.2502395700955897,0.0
llama3-8b-inst,memit,7,72a75cd16bd699577bf429e669049d3300002c7fd1905e4f2deb4e9e9cf79a10,6,0.86886120375244,0.7688471359196204,0.4330915146391339,0.5669084853608661,0.6769517218616895,0.2896204012508133,0.23274957417931544,0.2557282320804757,0.0
llama3-8b-inst,memit,7,72a75cd16bd699577bf429e669049d3300002c7fd1905e4f2deb4e9e9cf79a10,7,0.7688471359196204,0.6074729778479443,0.46599017181408103,0.5340098281859189,0.3793444997527607,0.3844235679598102,0.23098997529788684,0.2518102741129379,0.0
llama3-8b-inst,memit,7,72a75cd16bd699577bf429e669049d3300002c7fd1905e4f2deb4e9e9cf79a10,8,0.6074729778479443,0.2458541621963624,0.5956287641126824,0.4043712358873176,0.01670674879670952,0.6074729778479443,0.3619706839085057,0.2458541621963624,NOT_APPLICABLE
llama3-8b-inst,memit,7,7e171f0683f1329a0b503c23931df0906725a579a73788155f049006f9ad9234,4,1.0,0.9575667119618709,0.5489722359935665,0.4510277640064335,1.7640017121535478,0.1999999999999999,0.3694900570447007,0.36414986389591225,0.0
llama3-8b-inst,memit,7,7e171f0683f1329a0b503c23931df0906725a579a73788155f049006f9ad9234,5,0.9575667119618709,0.9155645268497492,0.30985620216985554,0.6901437978301445,1.0049836868744833,0.23939167799046773,0.2517602820654729,0.291850824827327,0.0
llama3-8b-inst,memit,7,7e171f0683f1329a0b503c23931df0906725a579a73788155f049006f9ad9234,6,0.9155645268497492,0.841331926915408,0.33650752289492253,0.6634924771050774,0.7110262349413263,0.30518817561658285,0.24007189383332908,0.29679931741137067,0.0
llama3-8b-inst,memit,7,7e171f0683f1329a0b503c23931df0906725a579a73788155f049006f9ad9234,7,0.841331926915408,0.7021712101090061,0.4157058017891424,0.5842941982108576,0.5255525545103185,0.420665963457704,0.28188286050986083,0.3305923847667783,0.0
llama3-8b-inst,memit,7,7e171f0683f1329a0b503c23931df0906725a579a73788155f049006f9ad9234,8,0.7021712101090061,0.30974597276846866,0.5592522008762054,0.4407477991237946,0.018262525485199327,0.7021712101090061,0.3929001149019327,0.30974597276846866,NOT_APPLICABLE
llama3-8b-inst,memit,7,50b6d7182bbb50024151c35a1af67f6f578882edaea4f98b765ec14cd313defc,4,1.0,0.9367064404599098,0.38381038246428795,0.616189617535712,0.7913705231636781,0.20000000000000004,0.17590653366145712,0.20059481047037686,0.0
llama3-8b-inst,memit,7,50b6d7182bbb50024151c35a1af67f6f578882edaea4f98b765ec14cd313defc,5,0.9367064404599098,0.8627121904517356,0.3839914187753148,0.6160085812246852,0.7046366720727562,0.23417661011497745,0.18792030961388956,0.21917472205461302,0.0
llama3-8b-inst,memit,7,50b6d7182bbb50024151c35a1af67f6f578882edaea4f98b765ec14cd313defc,6,0.8627121904517356,0.7630381465481928,0.4004789401870482,0.5995210598129518,0.5319627616304473,0.2875707301505786,0.19148146237164518,0.230489309163244,0.0
llama3-8b-inst,memit,7,50b6d7182bbb50024151c35a1af67f6f578882edaea4f98b765ec14cd313defc,7,0.7630381465481928,0.6110663135820985,0.4447915845823569,0.5552084154176431,0.38296516583425105,0.3815190732740964,0.22392988010393475,0.25732569270705147,0.0
llama3-8b-inst,memit,7,50b6d7182bbb50024151c35a1af67f6f578882edaea4f98b765ec14cd313defc,8,0.6110663135820985,0.24683680779578968,0.5966779041612812,0.4033220958387188,0.022413282801633645,0.6110663135820985,0.36486691118538606,0.24683680779578968,NOT_APPLICABLE
llama3-8b-inst,memit,7,93b075f0e328c3fcb2abafea111d73fd635b70813aa17f11fff9e5c8b5f55ff7,4,1.0,0.9306946314365224,0.5296227942380547,0.4703772057619453,1.2924937380208659,0.20000000000000012,0.2793592931691854,0.2750850616462891,0.0
llama3-8b-inst,memit,7,93b075f0e328c3fcb2abafea111d73fd635b70813aa17f11fff9e5c8b5f55ff7,5,0.9306946314365224,0.8652766783948505,0.41741025529981546,0.5825897447001845,0.9974166484744517,0.2326736578591306,0.2515751355795296,0.2687608155781964,0.0
llama3-8b-inst,memit,7,93b075f0e328c3fcb2abafea111d73fd635b70813aa17f11fff9e5c8b5f55ff7,6,0.8652766783948505,0.7632381575104671,0.4195303695650922,0.5804696304349077,0.5862330031056496,0.2884255594649502,0.20792159575762012,0.23794918570200857,0.0
llama3-8b-inst,memit,7,93b075f0e328c3fcb2abafea111d73fd635b70813aa17f11fff9e5c8b5f55ff7,7,0.7632381575104671,0.6051219539271616,0.4608075272402503,0.5391924727597497,0.3810985756119799,0.38161907875523354,0.22820045580908316,0.25197399133255083,0.0
llama3-8b-inst,memit,7,93b075f0e328c3fcb2abafea111d73fd635b70813aa17f11fff9e5c8b5f55ff7,8,0.6051219539271616,0.2477294126396297,0.5919079250485529,0.40809207495144706,0.03254303993714647,0.6051219539271616,0.35871741775500476,0.2477294126396297,NOT_APPLICABLE
llama3-8b-inst,memit,7,4a7d0d23ef3616b440f41d94b1e628cc6114d354cc49b0d25337f302b7cbf3ec,4,1.0,0.971232637310583,0.28930636490120165,0.7106936350987983,1.179697575936913,0.20000000000000015,0.24293081677249365,0.2754466782258502,0.0
llama3-8b-inst,memit,7,4a7d0d23ef3616b440f41d94b1e628cc6114d354cc49b0d25337f302b7cbf3ec,5,0.971232637310583,0.9275588529774389,0.2866678185473438,0.7133321814526562,0.8969732886449812,0.24280815932764574,0.22864478935973062,0.2782674603721826,0.0
llama3-8b-inst,memit,7,4a7d0d23ef3616b440f41d94b1e628cc6114d354cc49b0d25337f302b7cbf3ec,6,0.9275588529774389,0.8528780973857175,0.32495192871223744,0.6750480712877626,0.6732170257410129,0.30918628432581313,0.23112888090946881,0.2947683936528217,0.0
llama3-8b-inst,memit,7,4a7d0d23ef3616b440f41d94b1e628cc6114d354cc49b0d25337f302b7cbf3ec,7,0.8528780973857175,0.7135641451916602,0.3925743175741979,0.6074256824258021,0.4649134163824491,0.42643904869285876,0.259483546138987,0.32619394194238754,0.0
llama3-8b-inst,memit,7,4a7d0d23ef3616b440f41d94b1e628cc6114d354cc49b0d25337f302b7cbf3ec,8,0.7135641451916602,0.3342271433383507,0.5322708789316084,0.4677291210683916,0.02489488846982538,0.7135641451916602,0.3802246109388659,0.3342271433383507,NOT_APPLICABLE
llama3-8b-inst,memit,7,f9f16bc7443ae596666c746ce23ea545748ddb3ef4434d0c407eb162fe7d8dbc,4,1.0,0.9626560187799039,0.23314329139586631,0.7668567086041337,0.6668900823712496,0.20000000000000007,0.14129376154495,0.2032546770429943,0.0
llama3-8b-inst,memit,7,f9f16bc7443ae596666c746ce23ea545748ddb3ef4434d0c407eb162fe7d8dbc,5,0.9626560187799039,0.9122875807534587,0.2618921445675122,0.7381078554324878,0.6293139981669096,0.24066400469497598,0.16404453757226548,0.2334365561823027,0.0
llama3-8b-inst,memit,7,f9f16bc7443ae596666c746ce23ea545748ddb3ef4434d0c407eb162fe7d8dbc,6,0.9122875807534587,0.8393500968959697,0.29454500176860293,0.7054549982313971,0.546753700505214,0.3040958602511528,0.18885708501021378,0.27141409257507404,0.0
llama3-8b-inst,memit,7,f9f16bc7443ae596666c746ce23ea545748ddb3ef4434d0c407eb162fe7d8dbc,7,0.8393500968959697,0.7334044657362787,0.33853138197428484,0.6614686180257152,0.5417233153207262,0.41967504844798487,0.2680891458999399,0.3588172291931077,0.0
llama3-8b-inst,memit,7,f9f16bc7443ae596666c746ce23ea545748ddb3ef4434d0c407eb162fe7d8dbc,8,0.7334044657362787,0.3079315979390859,0.5806782883008151,0.41932171169918486,0.021371906058018,0.7334044657362787,0.42616039815142054,0.3079315979390859,NOT_APPLICABLE
llama3-8b-inst,memit,7,586d683ae8d67dfbb02210b31897583d20fe567bc9eaac6aaeb7fc136b111f58,4,1.0,0.9070023899760776,0.6484091123856172,0.35159088761438284,1.2767106690199626,0.20000000000000007,0.2863860687543373,0.2648476003019752,0.0
llama3-8b-inst,memit,7,586d683ae8d67dfbb02210b31897583d20fe567bc9eaac6aaeb7fc136b111f58,5,0.9070023899760776,0.8216254094239566,0.4813398568650889,0.5186601431349112,0.8652231403706745,0.2267505974940194,0.22450589602425056,0.22873948276002948,0.0
llama3-8b-inst,memit,7,586d683ae8d67dfbb02210b31897583d20fe567bc9eaac6aaeb7fc136b111f58,6,0.8216254094239566,0.7279242229476295,0.4055092883693103,0.5944907116306897,0.5769621585706688,0.2738751364746522,0.19313986777503755,0.226887746935331,0.0
llama3-8b-inst,memit,7,586d683ae8d67dfbb02210b31897583d20fe567bc9eaac6aaeb7fc136b111f58,7,0.7279242229476295,0.5845794068536833,0.43589384597914543,0.5641061540208545,0.36510878629145677,0.36396211147381474,0.20694946813345724,0.24456525519906713,0.0
llama3-8b-inst,memit,7,586d683ae8d67dfbb02210b31897583d20fe567bc9eaac6aaeb7fc136b111f58,8,0.5845794068536833,0.2605438364891346,0.5562475176527025,0.44375248234729747,0.041561244592106236,0.5845794068536833,0.3260772392552031,0.2605438364891346,NOT_APPLICABLE
llama3-8b-inst,memit,7,917e1683ed6303e6329abda3892afc6a827a129a43cdc31f1361ee9a99cabca9,4,1.0,0.9834054849820102,0.5467983797339994,0.45320162026600064,2.0847431560213434,0.20000000000000007,0.4310518527814276,0.42668703918396966,0.0
llama3-8b-inst,memit,7,917e1683ed6303e6329abda3892afc6a827a129a43cdc31f1361ee9a99cabca9,5,0.9834054849820102,0.9155561281047895,0.4866403848523009,0.5133596151476991,1.2347673949362135,0.24585137124550255,0.32629482386254216,0.3287602466194671,0.0
llama3-8b-inst,memit,7,917e1683ed6303e6329abda3892afc6a827a129a43cdc31f1361ee9a99cabca9,6,0.9155561281047895,0.8319138979839998,0.3560049498214862,0.6439950501785138,0.6633123062386309,0.3051853760349296,0.2297465712725224,0.2821459582133591,0.0
llama3-8b-inst,memit,7,917e1683ed6303e6329abda3892afc6a827a129a43cdc31f1361ee9a99cabca9,7,0.8319138979839998,0.6636325125067771,0.45824743231802473,0.5417525676819752,0.41038236057875244,0.4159569489919999,0.2558741822714942,0.2827006738404576,0.0
llama3-8b-inst,memit,7,917e1683ed6303e6329abda3892afc6a827a129a43cdc31f1361ee9a99cabca9,8,0.6636325125067771,0.3036191462589796,0.5435071165446738,0.45649288345532624,0.030504485472032505,0.6636325125067771,0.3612566401564281,0.3036191462589796,NOT_APPLICABLE
llama3-8b-inst,memit,8,d97bda6d6a887cafe4132a43d6d106a50a3a151b295c299fbaa9079c4004d670,4,1.0,0.9723753011766552,0.17025410502444746,0.8297458949755525,0.5580302397061898,0.20000000000000015,0.11668491054189022,0.19998759948110087,0.0
llama3-8b-inst,memit,8,d97bda6d6a887cafe4132a43d6d106a50a3a151b295c299fbaa9079c4004d670,5,0.9723753011766552,0.931670334364865,0.2083556659421061,0.7916443340578939,0.5584865703838456,0.2430938252941638,0.14490499181004154,0.23551363396635422,0.0
llama3-8b-inst,memit,8,d97bda6d6a887cafe4132a43d6d106a50a3a151b295c299fbaa9079c4004d670,6,0.931670334364865,0.8668844868158534,0.26272472461398766,0.7372752753860123,0.5469656731821405,0.3105567781216215,0.18844316309828085,0.28509489080846,0.0
llama3-8b-inst,memit,8,d97bda6d6a887cafe4132a43d6d106a50a3a151b295c299fbaa9079c4004d670,7,0.8668844868158534,0.7386454087544669,0.33921177620350623,0.6607882237964937,0.3819278530126553,0.4334422434079267,0.22140945709065885,0.3308132636565844,0.0
llama3-8b-inst,memit,8,d97bda6d6a887cafe4132a43d6d106a50a3a151b295c299fbaa9079c4004d670,8,0.7386454087544669,0.3940435055279876,0.4667629656385987,0.5332370343614012,0.015687807773308977,0.7386454087544669,0.34496699715369855,0.3940435055279876,NOT_APPLICABLE
llama3-8b-inst,memit,8,7a3cc6340e797e103f5ab68ea59b5e176a2d12639a688d3976372b570f83f3d3,4,1.0,0.971488039265907,0.4350584104478479,0.5649415895521521,1.6601305806758064,0.2,0.34323807279475205,0.3507245383203577,0.0
llama3-8b-inst,memit,8,7a3cc6340e797e103f5ab68ea59b5e176a2d12639a688d3976372b570f83f3d3,5,0.971488039265907,0.9066195502458901,0.4049926523058117,0.5950073476941883,1.0052588052979536,0.24287200981647675,0.2632181713489127,0.28371141510579045,0.0
llama3-8b-inst,memit,8,7a3cc6340e797e103f5ab68ea59b5e176a2d12639a688d3976372b570f83f3d3,6,0.9066195502458901,0.8114056205339729,0.4061161552305432,0.5938838447694568,0.6932937138733588,0.3022065167486299,0.24281809469342816,0.2758789968223846,0.0
llama3-8b-inst,memit,8,7a3cc6340e797e103f5ab68ea59b5e176a2d12639a688d3976372b570f83f3d3,7,0.8114056205339729,0.6513028045296176,0.4726510055473832,0.5273489944526168,0.49438384409733593,0.40570281026698646,0.2774883724341672,0.2932623394737615,0.0
llama3-8b-inst,memit,8,7a3cc6340e797e103f5ab68ea59b5e176a2d12639a688d3976372b570f83f3d3,8,0.6513028045296176,0.23839378944165165,0.634870694254256,0.365129305745744,0.025605770477095433,0.6513028045296176,0.41382923980159403,0.23839378944165165,NOT_APPLICABLE
llama3-8b-inst,memit,8,a0e3b3665e3acf91cc0f8e3266db11b483ea3b8269b38dbde27b268007d89343,4,1.0,0.9255633924763594,0.49585861168818907,0.5041413883118109,1.062732417594027,0.19999999999999998,0.23454432026297972,0.235249546721281,0.0
llama3-8b-inst,memit,8,a0e3b3665e3acf91cc0f8e3266db11b483ea3b8269b38dbde27b268007d89343,5,0.9255633924763594,0.8562076331178744,0.3818287199649668,0.6181712800350332,0.7751150260452998,0.23139084811908986,0.19993514660081918,0.22940848089648175,0.0
llama3-8b-inst,memit,8,a0e3b3665e3acf91cc0f8e3266db11b483ea3b8269b38dbde27b268007d89343,6,0.8562076331178744,0.7736202503849006,0.37864840051086723,0.6213515994891328,0.6899436716503357,0.2854025443726247,0.22461685788055222,0.2649943920712621,0.0
llama3-8b-inst,memit,8,a0e3b3665e3acf91cc0f8e3266db11b483ea3b8269b38dbde27b268007d89343,7,0.7736202503849006,0.61278127985276,0.45826062529753353,0.5417393747024665,0.36428305232219826,0.3868101251924503,0.22644254010339054,0.2525202714671282,0.0
llama3-8b-inst,memit,8,a0e3b3665e3acf91cc0f8e3266db11b483ea3b8269b38dbde27b268007d89343,8,0.61278127985276,0.25348925839289044,0.5868252152852558,0.4131747847147442,0.020236149842863795,0.61278127985276,0.35980925023333127,0.25348925839289044,NOT_APPLICABLE
llama3-8b-inst,memit,8,0f87867b9b690190efe9e3d65b533309c8a7791ed39a0a0b7c231d0b7d6a89a0,4,1.0,0.9167035200423383,0.5818011002887337,0.41819889971126634,1.219898386768542,0.20000000000000007,0.2703068326430294,0.25791800198979553,0.0
llama3-8b-inst,memit,8,0f87867b9b690190efe9e3d65b533309c8a7791ed39a0a0b7c231d0b7d6a89a0,5,0.9167035200423383,0.839856430864404,0.4117931684965374,0.5882068315034625,0.7447526936338265,0.2291758800105846,0.19503260408045942,0.21749308419120036,0.0
llama3-8b-inst,memit,8,0f87867b9b690190efe9e3d65b533309c8a7791ed39a0a0b7c231d0b7d6a89a0,6,0.839856430864404,0.744304868881141,0.40218650604581163,0.5978134939541884,0.5656648764142569,0.279952143621468,0.1943058948903198,0.23040549986845568,0.0
llama3-8b-inst,memit,8,0f87867b9b690190efe9e3d65b533309c8a7791ed39a0a0b7c231d0b7d6a89a0,7,0.744304868881141,0.6118186894728849,0.42780894722364987,0.5721910527763501,0.48057472307066745,0.3721524344405705,0.23944547911008057,0.27808395974461414,0.0
llama3-8b-inst,memit,8,0f87867b9b690190efe9e3d65b533309c8a7791ed39a0a0b7c231d0b7d6a89a0,8,0.6118186894728849,0.27201628049515847,0.5569149152264168,0.4430850847735832,0.03670457105698442,0.6118186894728849,0.3414701729764137,0.27201628049515847,NOT_APPLICABLE
llama3-8b-inst,memit,8,44ab2dfa36200c934db39cfa054a5522dc88440bf69af322dc936c4ba1de5509,4,1.0,0.939633989753458,0.3870059357257768,0.6129940642742232,0.8905541142855117,0.19999999999999998,0.19420197988257812,0.21622658054053223,0.0
llama3-8b-inst,memit,8,44ab2dfa36200c934db39cfa054a5522dc88440bf69af322dc936c4ba1de5509,5,0.939633989753458,0.8638199489298115,0.39511481053923914,0.6048851894607609,0.7259849421000412,0.2349084974383645,0.19416147951062157,0.22197799357220196,0.0
llama3-8b-inst,memit,8,44ab2dfa36200c934db39cfa054a5522dc88440bf69af322dc936c4ba1de5509,6,0.8638199489298115,0.7629406459531759,0.4039222030157906,0.5960777969842094,0.5301262543620331,0.28793998297660367,0.19190438238287966,0.22969284593674055,0.0
llama3-8b-inst,memit,8,44ab2dfa36200c934db39cfa054a5522dc88440bf69af322dc936c4ba1de5509,7,0.7629406459531759,0.6122479890458653,0.44688091709189093,0.5531190829081091,0.40465559796872164,0.38147032297658795,0.22997589683435116,0.2614357460177792,0.0
llama3-8b-inst,memit,8,44ab2dfa36200c934db39cfa054a5522dc88440bf69af322dc936c4ba1de5509,8,0.6122479890458653,0.26755317034782833,0.5636576754884575,0.43634232451154253,0.023989927622886112,0.6122479890458653,0.34541070153018755,0.26755317034782833,NOT_APPLICABLE
llama3-8b-inst,memit,8,cb7c55a4e2dd79332d59c67a80558cdd018be66887291ba61bda4f4cd96f0c0d,4,1.0,0.9900689607166826,0.47755764952069446,0.5224423504793055,2.0133129068668167,0.20000000000000018,0.4138352411079671,0.4159987918506909,0.0
llama3-8b-inst,memit,8,cb7c55a4e2dd79332d59c67a80558cdd018be66887291ba61bda4f4cd96f0c0d,5,0.9900689607166826,0.9637229188783487,0.2852395166573808,0.7147604833426192,1.166342305237556,0.24751724017917065,0.2971976056957057,0.33858665974689034,0.0
llama3-8b-inst,memit,8,cb7c55a4e2dd79332d59c67a80558cdd018be66887291ba61bda4f4cd96f0c0d,6,0.9637229188783487,0.9137745238836548,0.28095614890396303,0.719043851096037,0.8355009454041151,0.3212409729594493,0.2831658887810577,0.3541069261252082,0.0
llama3-8b-inst,memit,8,cb7c55a4e2dd79332d59c67a80558cdd018be66887291ba61bda4f4cd96f0c0d,7,0.9137745238836548,0.8027498967035431,0.3700895358593139,0.6299104641406861,0.6560739397703256,0.4568872619418274,0.3441544899352022,0.41554648918665454,0.0
llama3-8b-inst,memit,8,cb7c55a4e2dd79332d59c67a80558cdd018be66887291ba61bda4f4cd96f0c0d,8,0.8027498967035431,0.35021122663366444,0.5646650641983105,0.43533493580168947,0.02846308335947027,0.8027498967035431,0.4538603250006637,0.35021122663366444,NOT_APPLICABLE
llama3-8b-inst,memit,8,bc8ea88677fa3c48a9f530c375644aa2795c663a9f9bd749229249c49602f1d7,4,1.0,0.9243773520431752,0.5605987567945956,0.4394012432054044,1.2859058387320328,0.20000000000000004,0.28055835701007176,0.2717813296468751,0.0
llama3-8b-inst,memit,8,bc8ea88677fa3c48a9f530c375644aa2795c663a9f9bd749229249c49602f1d7,5,0.9243773520431752,0.8596459549188032,0.39253380631135865,0.6074661936886414,0.9076251269003186,0.2310943380107938,0.22852252481265034,0.252390413903115,0.0
llama3-8b-inst,memit,8,bc8ea88677fa3c48a9f530c375644aa2795c663a9f9bd749229249c49602f1d7,6,0.8596459549188032,0.7735306732112374,0.3688161615212873,0.6311838384787127,0.6033508165575321,0.28654865163960097,0.2026321590053112,0.25020558719187797,0.0
llama3-8b-inst,memit,8,bc8ea88677fa3c48a9f530c375644aa2795c663a9f9bd749229249c49602f1d7,7,0.7735306732112374,0.6454432997046748,0.43440948341422797,0.565590516585772,0.5778408786951876,0.3867653366056187,0.27959995682237676,0.3127285866285806,0.0
llama3-8b-inst,memit,8,bc8ea88677fa3c48a9f530c375644aa2795c663a9f9bd749229249c49602f1d7,8,0.6454432997046748,0.269292697343765,0.586686223429507,0.41331377657049295,0.056967898246455234,0.6454432997046748,0.3804536861415822,0.269292697343765,NOT_APPLICABLE
llama3-8b-inst,memit,8,b413834a331862a731306abda170f203ac59c4af3e39d4bd2b6671b13fa2651c,4,1.0,0.9651667451922312,0.34996294558265684,0.6500370544173432,1.2906690292905563,0.2000000000000001,0.26745471440606255,0.28902420073657525,0.0
llama3-8b-inst,memit,8,b413834a331862a731306abda170f203ac59c4af3e39d4bd2b6671b13fa2651c,5,0.9651667451922312,0.9060129785072892,0.3916594161461657,0.6083405838538343,1.0386251554673671,0.2412916862980578,0.2678380445570695,0.2904354648804924,0.0
llama3-8b-inst,memit,8,b413834a331862a731306abda170f203ac59c4af3e39d4bd2b6671b13fa2651c,6,0.9060129785072892,0.8184487150670625,0.3801581527614771,0.619841847238523,0.6934216860902459,0.3020043261690964,0.23882296190739968,0.28088635620969143,0.0
llama3-8b-inst,memit,8,b413834a331862a731306abda170f203ac59c4af3e39d4bd2b6671b13fa2651c,7,0.8184487150670625,0.6472607128382936,0.4607950218768662,0.5392049781231338,0.3640739599327453,0.40922435753353126,0.2403237416921935,0.2662449826826876,0.0
llama3-8b-inst,memit,8,b413834a331862a731306abda170f203ac59c4af3e39d4bd2b6671b13fa2651c,8,0.6472607128382936,0.2984684559030236,0.5391369971853136,0.4608630028146864,0.015558623793301404,0.6472607128382936,0.3491074758618057,0.2984684559030236,NOT_APPLICABLE
llama3-8b-inst,memit,8,62319418a997482ab3699f64675fd274c3b8fd81156833171d0938833ebbde03,4,1.0,0.9566206144519686,0.49022020358016133,0.5097797964198387,1.5937255684919456,0.20000000000000015,0.3334832550916551,0.33465424715684283,0.0
llama3-8b-inst,memit,8,62319418a997482ab3699f64675fd274c3b8fd81156833171d0938833ebbde03,5,0.9566206144519686,0.8942938900704333,0.41061909707855043,0.5893809029214496,1.0485068794800803,0.23915515361299214,0.2692991864258353,0.2876566821969871,0.0
llama3-8b-inst,memit,8,62319418a997482ab3699f64675fd274c3b8fd81156833171d0938833ebbde03,6,0.8942938900704333,0.8000903176178099,0.41927911358877545,0.5807208864112245,0.7373280026368249,0.29809796335681094,0.2528474513928968,0.27978194434991854,0.0
llama3-8b-inst,memit,8,62319418a997482ab3699f64675fd274c3b8fd81156833171d0938833ebbde03,7,0.8000903176178099,0.6447099272832677,0.4366903162135524,0.5633096837864475,0.39152831910363706,0.40004515880890495,0.23463010304995682,0.2744357096133317,0.0
llama3-8b-inst,memit,8,62319418a997482ab3699f64675fd274c3b8fd81156833171d0938833ebbde03,8,0.6447099272832677,0.32124966853721953,0.5023578537235187,0.4976421462764813,0.02531455327417822,0.6447099272832677,0.32428604276811895,0.32124966853721953,NOT_APPLICABLE
llama3-8b-inst,memit,8,f861df3f9c6e6a756af53dd86b9a6637d28dfec0707b093be1f1b66e0835538e,4,1.0,0.9186919682310997,0.5174978456407989,0.4825021543592011,1.0035176871751854,0.20000000000000004,0.22581866784801446,0.22269764951024543,0.0
llama3-8b-inst,memit,8,f861df3f9c6e6a756af53dd86b9a6637d28dfec0707b093be1f1b66e0835538e,5,0.9186919682310997,0.8558019007279869,0.37530405399318945,0.6246959460068106,0.8636920502144096,0.22967299205777492,0.21628527609235018,0.2448155713406624,0.0
llama3-8b-inst,memit,8,f861df3f9c6e6a756af53dd86b9a6637d28dfec0707b093be1f1b66e0835538e,6,0.8558019007279869,0.7647589170472926,0.40215550554992846,0.5978444944500716,0.6619381530106417,0.2852673002426623,0.22094705965405606,0.2544450248524361,0.0
llama3-8b-inst,memit,8,f861df3f9c6e6a756af53dd86b9a6637d28dfec0707b093be1f1b66e0835538e,7,0.7647589170472926,0.6367948301225684,0.3952300730943984,0.6047699269056016,0.44508103306799623,0.3823794585236463,0.22760539013563433,0.2871269481326608,0.0
llama3-8b-inst,memit,8,f861df3f9c6e6a756af53dd86b9a6637d28dfec0707b093be1f1b66e0835538e,8,0.6367948301225684,0.30183767275567125,0.5307989736134208,0.46920102638657923,0.067244453506311,0.6367948301225684,0.34071163741300564,0.30183767275567125,NOT_APPLICABLE
llama3-8b-inst,memit,9,c5da7945932414925468ad5192bc538d69616b204b0c19a08458be414ffd783d,4,1.0,0.9224195597376673,0.4819288940321238,0.5180711059678762,0.9265417346693047,0.2000000000000001,0.20887652285376898,0.21230895006313638,0.0
llama3-8b-inst,memit,9,c5da7945932414925468ad5192bc538d69616b204b0c19a08458be414ffd783d,5,0.9224195597376673,0.8317734569193195,0.4811081454716338,0.5188918545283663,0.7920063815169432,0.23060488993441683,0.21369735418856914,0.2183479894899002,0.0
llama3-8b-inst,memit,9,c5da7945932414925468ad5192bc538d69616b204b0c19a08458be414ffd783d,6,0.8317734569193195,0.7217911180514452,0.4496647745103811,0.5503352254896189,0.5225617263337455,0.2772578189731064,0.19114089838352152,0.21041286009282803,0.0
llama3-8b-inst,memit,9,c5da7945932414925468ad5192bc538d69616b204b0c19a08458be414ffd783d,7,0.7217911180514452,0.5672925322398364,0.48504007257541704,0.514959927424583,0.41925293485623755,0.3608955590257226,0.23137793525286476,0.2396511600305608,0.0
llama3-8b-inst,memit,9,c5da7945932414925468ad5192bc538d69616b204b0c19a08458be414ffd783d,8,0.5672925322398364,0.22695932098561405,0.6008474581649889,0.39915254183501114,0.027146216685780943,0.5672925322398364,0.3412039802926645,0.22695932098561405,NOT_APPLICABLE
llama3-8b-inst,memit,9,589228d3143b3e0e5da484e7298376b1b8067cb8a493d947f96663047fd97310,4,1.0,0.936284096128215,0.39560035202261495,0.604399647977385,0.8456959254196819,0.20000000000000004,0.18672988371354657,0.2078942551151078,0.0
llama3-8b-inst,memit,9,589228d3143b3e0e5da484e7298376b1b8067cb8a493d947f96663047fd97310,5,0.936284096128215,0.8631380647237293,0.39653584546014564,0.6034641545398544,0.782776468289769,0.23407102403205374,0.20539377928784391,0.23135265342571967,0.0
llama3-8b-inst,memit,9,589228d3143b3e0e5da484e7298376b1b8067cb8a493d947f96663047fd97310,6,0.8631380647237293,0.7748246600229047,0.3632024059668697,0.6367975940331303,0.5475553336033493,0.28771268824124296,0.18904559088377787,0.24163207485402813,0.0
llama3-8b-inst,memit,9,589228d3143b3e0e5da484e7298376b1b8067cb8a493d947f96663047fd97310,7,0.7748246600229047,0.6624052081656632,0.4126920444582724,0.5873079555417275,0.635560094590513,0.38741233001145237,0.2935786397626178,0.33525546277432955,0.0
llama3-8b-inst,memit,9,589228d3143b3e0e5da484e7298376b1b8067cb8a493d947f96663047fd97310,8,0.6624052081656632,0.2649633475786837,0.6020276096109761,0.3979723903890239,0.040243054395122296,0.6624052081656632,0.39967619304502394,0.2649633475786837,NOT_APPLICABLE
llama3-8b-inst,memit,9,2a475a8db1c123494579a717b4a26faaf206a116fa5e2625a04fd4d22e6f1fe6,4,1.0,0.9250847381521825,0.4677108131037711,0.532289186896229,0.9235253355462567,0.20000000000000004,0.2070412954064975,0.21318825707646047,0.0
llama3-8b-inst,memit,9,2a475a8db1c123494579a717b4a26faaf206a116fa5e2625a04fd4d22e6f1fe6,5,0.9250847381521825,0.8402502547027173,0.43860474865263716,0.5613952513473628,0.7186610712582748,0.23127118453804563,0.19471438682799613,0.2109059258708848,0.0
llama3-8b-inst,memit,9,2a475a8db1c123494579a717b4a26faaf206a116fa5e2625a04fd4d22e6f1fe6,6,0.8402502547027173,0.7204095394802124,0.48398421666962627,0.5160157833303738,0.534313744657968,0.28008341823423905,0.20191895260236895,0.20804815499903997,0.0
llama3-8b-inst,memit,9,2a475a8db1c123494579a717b4a26faaf206a116fa5e2625a04fd4d22e6f1fe6,7,0.7204095394802124,0.5599571504025065,0.47649886504384364,0.5235011349561564,0.3091554956133586,0.3602047697401062,0.20459766912545954,0.21899459378192482,0.0
llama3-8b-inst,memit,9,2a475a8db1c123494579a717b4a26faaf206a116fa5e2625a04fd4d22e6f1fe6,8,0.5599571504025065,0.23421035782164618,0.581962935994871,0.41803706400512897,0.01380016426741062,0.5599571504025065,0.3259659160270581,0.23421035782164618,NOT_APPLICABLE
llama3-8b-inst,memit,9,c5bb0823d9465b1daec7a2e191874ebc0e80430ac73333d7510aee66649f2711,4,1.0,0.9655412253796839,0.38670630305335296,0.613293696946647,1.4227676245279397,0.2000000000000001,0.29487688808898277,0.3098642846227594,0.0
llama3-8b-inst,memit,9,c5bb0823d9465b1daec7a2e191874ebc0e80430ac73333d7510aee66649f2711,5,0.9655412253796839,0.9275115917789845,0.2640457239418143,0.7359542760581856,0.8983804502818689,0.24138530634492097,0.2260283826134897,0.28033098682371027,0.0
llama3-8b-inst,memit,9,c5bb0823d9465b1daec7a2e191874ebc0e80430ac73333d7510aee66649f2711,6,0.9275115917789845,0.8620185188909928,0.27133618107359486,0.7286638189264052,0.5729389402115683,0.3091705305929948,0.1959961584150343,0.28658123526323237,0.0
llama3-8b-inst,memit,9,c5bb0823d9465b1daec7a2e191874ebc0e80430ac73333d7510aee66649f2711,7,0.8620185188909928,0.7214309557578454,0.3622980135812497,0.6377019864187503,0.345829607408028,0.4310092594454964,0.21587410515058492,0.3126709850183846,0.0
llama3-8b-inst,memit,9,c5bb0823d9465b1daec7a2e191874ebc0e80430ac73333d7510aee66649f2711,8,0.7214309557578454,0.3709015839164556,0.48616698194630215,0.5138330180536979,0.01715496027454285,0.7214309557578454,0.35095419530995436,0.3709015839164556,NOT_APPLICABLE
llama3-8b-inst,memit,9,3cdee578c9ea2f065dc37a81eef836ce67d8d7925897fa1b78b87f8ebf769bde,4,1.0,0.963064433049927,0.6055540539439396,0.3944459460560604,1.9687997313936958,0.20000000000000012,0.4119644690787698,0.40158485960981916,0.0
llama3-8b-inst,memit,9,3cdee578c9ea2f065dc37a81eef836ce67d8d7925897fa1b78b87f8ebf769bde,5,0.963064433049927,0.8864726758270204,0.4121981985543133,0.5878018014456867,0.8270076933018672,0.24076610826248174,0.22247740499324192,0.2442859827800023,0.0
llama3-8b-inst,memit,9,3cdee578c9ea2f065dc37a81eef836ce67d8d7925897fa1b78b87f8ebf769bde,6,0.8864726758270204,0.7911733909579118,0.38339002322342824,0.6166099767765718,0.567710801995103,0.29549089194234013,0.2024238706311713,0.24766710051813068,0.0
llama3-8b-inst,memit,9,3cdee578c9ea2f065dc37a81eef836ce67d8d7925897fa1b78b87f8ebf769bde,7,0.7911733909579118,0.634947012556945,0.4329927287816404,0.5670072712183596,0.34750485779716794,0.3955866954789559,0.21962805513330566,0.2630746320692164,0.0
llama3-8b-inst,memit,9,3cdee578c9ea2f065dc37a81eef836ce67d8d7925897fa1b78b87f8ebf769bde,8,0.634947012556945,0.3131160724827038,0.5079572140845341,0.4920427859154659,0.032837782976177045,0.634947012556945,0.3231991634329847,0.3131160724827038,NOT_APPLICABLE
llama3-8b-inst,memit,9,c2a511b461d586287863e69ded39d72e773ee7ff59c54b951a1fc191530a9230,4,1.0,0.9398126646550993,0.46193906489850434,0.5380609351014957,1.2195077143908122,0.2,0.26081309515727935,0.26658646892451215,0.0
llama3-8b-inst,memit,9,c2a511b461d586287863e69ded39d72e773ee7ff59c54b951a1fc191530a9230,5,0.9398126646550993,0.875232394988627,0.37369104484915583,0.6263089551508442,0.8523604441896148,0.23495316616377482,0.2186659679847254,0.24851573311212694,0.0
llama3-8b-inst,memit,9,c2a511b461d586287863e69ded39d72e773ee7ff59c54b951a1fc191530a9230,6,0.875232394988627,0.777038805343528,0.4014313674006256,0.5985686325993744,0.5841894284091237,0.29174413166287555,0.20679379523451646,0.2440142224996569,0.0
llama3-8b-inst,memit,9,c2a511b461d586287863e69ded39d72e773ee7ff59c54b951a1fc191530a9230,7,0.777038805343528,0.6290623425732353,0.4678084624688466,0.5321915375311534,0.5234138565958735,0.388519402671764,0.27274140181818574,0.2900109054885929,0.0
llama3-8b-inst,memit,9,c2a511b461d586287863e69ded39d72e773ee7ff59c54b951a1fc191530a9230,8,0.6290623425732353,0.25668451549045285,0.5926592923747012,0.40734070762529884,0.02393066508005645,0.6290623425732353,0.3731234452220427,0.25668451549045285,NOT_APPLICABLE
llama3-8b-inst,memit,9,3e85fe2dc398bc4391de8657ba293c4c2da08fa360ff4e648e41a041f0e4caa8,4,1.0,0.9111859295159696,0.6350706430421559,0.3649293569578441,1.3053300971266368,0.19999999999999996,0.2903240523359098,0.27107638023511366,0.0
llama3-8b-inst,memit,9,3e85fe2dc398bc4391de8657ba293c4c2da08fa360ff4e648e41a041f0e4caa8,5,0.9111859295159696,0.8250807708755048,0.45679782793708784,0.5432021720629121,0.7514407232668556,0.2277964823789924,0.2003220320617641,0.21121681955142094,0.0
llama3-8b-inst,memit,9,3e85fe2dc398bc4391de8657ba293c4c2da08fa360ff4e648e41a041f0e4caa8,6,0.8250807708755048,0.7167668453396429,0.43187923399610817,0.5681207660038918,0.4437075970625237,0.275026923625168,0.17029388715968466,0.1982556214198483,0.0
llama3-8b-inst,memit,9,3e85fe2dc398bc4391de8657ba293c4c2da08fa360ff4e648e41a041f0e4caa8,7,0.7167668453396429,0.5684011833147373,0.45959109060506426,0.5404089093949358,0.37759940386605256,0.3583834226698214,0.21317195489451382,0.23626767897669687,0.0
llama3-8b-inst,memit,9,3e85fe2dc398bc4391de8657ba293c4c2da08fa360ff4e648e41a041f0e4caa8,8,0.5684011833147373,0.2699079744659416,0.5262533728289235,0.4737466271710765,0.032420998847539094,0.5684011833147373,0.2996901551427216,0.2699079744659416,NOT_APPLICABLE
llama3-8b-inst,memit,9,0d37408f349a9e1575f9996b4666d8be3c1a4b030ef6385556f20138f0e45d77,4,1.0,0.9664649649934519,0.21104039412206654,0.7889596058779335,0.6459327420593448,0.20000000000000018,0.13590690272616784,0.20393002397600704,0.0
llama3-8b-inst,memit,9,0d37408f349a9e1575f9996b4666d8be3c1a4b030ef6385556f20138f0e45d77,5,0.9664649649934519,0.9225640379769753,0.2265166419453824,0.7734833580546177,0.5833195969412492,0.24161624124836298,0.15119299987171936,0.23407342725049252,0.0
llama3-8b-inst,memit,9,0d37408f349a9e1575f9996b4666d8be3c1a4b030ef6385556f20138f0e45d77,6,0.9225640379769753,0.8610179509438318,0.24410251550257167,0.7558974844974283,0.49423432269318773,0.30752134599232517,0.16951473796660116,0.27773256631617005,0.0
llama3-8b-inst,memit,9,0d37408f349a9e1575f9996b4666d8be3c1a4b030ef6385556f20138f0e45d77,7,0.8610179509438318,0.7427935603723013,0.32654691693522836,0.6734530830647716,0.420127157191212,0.4305089754719159,0.2290775909182041,0.34171834898618664,0.0
llama3-8b-inst,memit,9,0d37408f349a9e1575f9996b4666d8be3c1a4b030ef6385556f20138f0e45d77,8,0.7427935603723013,0.355923881974472,0.52093890820836,0.47906109179164,0.010183485072200064,0.7427935603723013,0.3870239933022997,0.355923881974472,NOT_APPLICABLE
llama3-8b-inst,memit,9,cad93aa25aedcacddc439835622bc76cd6fca8de2ba3a8c308395f1f1077074d,4,1.0,0.9760825930739934,0.4341841888143588,0.5658158111856413,1.7238783863366047,0.2000000000000001,0.3555431113490946,0.3628721109738891,0.0
llama3-8b-inst,memit,9,cad93aa25aedcacddc439835622bc76cd6fca8de2ba3a8c308395f1f1077074d,5,0.9760825930739934,0.914897484747149,0.4015886331281217,0.5984113668718782,1.0528083926118412,0.24402064826849834,0.27496254246135926,0.2955070580758462,0.0
llama3-8b-inst,memit,9,cad93aa25aedcacddc439835622bc76cd6fca8de2ba3a8c308395f1f1077074d,6,0.914897484747149,0.8140285096473632,0.42416492869768424,0.5758350713023157,0.6999589347657027,0.30496582824904944,0.24959890850937141,0.27641557263118277,0.0
llama3-8b-inst,memit,9,cad93aa25aedcacddc439835622bc76cd6fca8de2ba3a8c308395f1f1077074d,7,0.8140285096473632,0.65358255990782,0.46236688649654,0.53763311350346,0.46289383893441743,0.4070142548236816,0.26629242978071455,0.28875648348982813,0.0
llama3-8b-inst,memit,9,cad93aa25aedcacddc439835622bc76cd6fca8de2ba3a8c308395f1f1077074d,8,0.65358255990782,0.2704308854876503,0.5877540220671644,0.41224597793283557,0.03544533594638728,0.65358255990782,0.3848436872015075,0.2704308854876503,NOT_APPLICABLE
llama3-8b-inst,memit,9,93d42cde8e8fd31026407a218569f7f6e8f3966169613fa62ecac7505fffc82b,4,1.0,0.9067986735108402,0.5657193666128417,0.4342806333871583,0.9456485189503964,0.20000000000000004,0.22038961165662146,0.20812023351209563,0.0
llama3-8b-inst,memit,9,93d42cde8e8fd31026407a218569f7f6e8f3966169613fa62ecac7505fffc82b,5,0.9067986735108402,0.8162977515442768,0.4799713737767471,0.520028626223253,0.758341884431523,0.22669966837771005,0.20345647122261623,0.20845428186568643,0.0
llama3-8b-inst,memit,9,93d42cde8e8fd31026407a218569f7f6e8f3966169613fa62ecac7505fffc82b,6,0.8162977515442768,0.7097024280770511,0.4435060833926602,0.5564939166073398,0.5170091310945284,0.27209925051475886,0.1853465492676585,0.20668511499795897,0.0
llama3-8b-inst,memit,9,93d42cde8e8fd31026407a218569f7f6e8f3966169613fa62ecac7505fffc82b,7,0.7097024280770511,0.5773321599925202,0.4518211371873041,0.5481788628126959,0.500172462155647,0.35485121403852554,0.23917994026141925,0.26332555760489146,0.0
llama3-8b-inst,memit,9,93d42cde8e8fd31026407a218569f7f6e8f3966169613fa62ecac7505fffc82b,8,0.5773321599925202,0.23159921002559383,0.6004529683743456,0.3995470316256544,0.03587264636206544,0.5773321599925202,0.347278906139663,0.23159921002559383,NOT_APPLICABLE
llama3-8b-inst,memit,10,ff1c1d9405055ee8e382e7231c176b6bfdaa8fe6d7949fc5d436643c5ad7ca6c,4,1.0,0.9060160685112069,0.5674582260317389,0.4325417739682611,0.9349873432506547,0.20000000000000007,0.2187427868826767,0.20603822152858212,0.0
llama3-8b-inst,memit,10,ff1c1d9405055ee8e382e7231c176b6bfdaa8fe6d7949fc5d436643c5ad7ca6c,5,0.9060160685112069,0.8088732670650416,0.48675885091613585,0.5132411490838642,0.640345450011932,0.22650401712780172,0.18218816147075803,0.1858794659264314,0.0
llama3-8b-inst,memit,10,ff1c1d9405055ee8e382e7231c176b6bfdaa8fe6d7949fc5d436643c5ad7ca6c,6,0.8088732670650416,0.6980562930802116,0.4466996969877993,0.5533003030122007,0.4284307386716596,0.2696244223550139,0.16688281967389434,0.1886781779749642,0.0
llama3-8b-inst,memit,10,ff1c1d9405055ee8e382e7231c176b6bfdaa8fe6d7949fc5d436643c5ad7ca6c,7,0.6980562930802116,0.5243740182066451,0.522885342227569,0.477114657772431,0.2743857143489927,0.3490281465401058,0.20610299757821182,0.19210057577537895,0.0
llama3-8b-inst,memit,10,ff1c1d9405055ee8e382e7231c176b6bfdaa8fe6d7949fc5d436643c5ad7ca6c,8,0.5243740182066451,0.20971160987926885,0.6005107480242405,0.39948925197575946,0.018718249951834156,0.5243740182066451,0.31504517192143316,0.20971160987926885,NOT_APPLICABLE
llama3-8b-inst,memit,10,33d7d08444cf56ef400978ca49e87be35361a5b7e9d51181355ebe6914d6ed92,4,1.0,0.9281994522401463,0.6059544699171262,0.3940455300828738,1.49372670125141,0.20000000000000018,0.3223910840978057,0.308965456827116,0.0
llama3-8b-inst,memit,10,33d7d08444cf56ef400978ca49e87be35361a5b7e9d51181355ebe6914d6ed92,5,0.9281994522401463,0.8843890237028581,0.34190910106459976,0.6580908989354002,1.0694090196292871,0.23204986306003658,0.26053087548907294,0.2913791727033791,0.0
llama3-8b-inst,memit,10,33d7d08444cf56ef400978ca49e87be35361a5b7e9d51181355ebe6914d6ed92,6,0.8843890237028581,0.7887143438050862,0.416259491274394,0.583740508725606,0.6945101989315433,0.2947963412342859,0.23869701446000172,0.26745314151416966,0.0
llama3-8b-inst,memit,10,33d7d08444cf56ef400978ca49e87be35361a5b7e9d51181355ebe6914d6ed92,7,0.7887143438050862,0.6143575246614004,0.5145503032805555,0.4854496967194445,0.46946846763397954,0.3943571719025431,0.2746840399578627,0.2663187299587769,0.0
llama3-8b-inst,memit,10,33d7d08444cf56ef400978ca49e87be35361a5b7e9d51181355ebe6914d6ed92,8,0.6143575246614004,0.27110997048111196,0.559095112107618,0.440904887892382,0.018437537530489056,0.6143575246614004,0.34367101018223645,0.27110997048111196,NOT_APPLICABLE
llama3-8b-inst,memit,10,719bc0576defaa23049b37c5031acb62bc8db10d464ac03f6da1299e2cd3a5b7,4,1.0,0.9619335600795226,0.22472483722274464,0.7752751627772554,0.574152828038221,0.20000000000000012,0.12331305241685907,0.19294590412481807,0.0
llama3-8b-inst,memit,10,719bc0576defaa23049b37c5031acb62bc8db10d464ac03f6da1299e2cd3a5b7,5,0.9619335600795226,0.9101882474923723,0.24789999623789924,0.7521000037621007,0.4966567257683587,0.24048339001988064,0.13348936247359003,0.21674509512824275,0.0
llama3-8b-inst,memit,10,719bc0576defaa23049b37c5031acb62bc8db10d464ac03f6da1299e2cd3a5b7,6,0.9101882474923723,0.8281334144151918,0.3168116897402823,0.6831883102597177,0.5009183337999488,0.3033960824974572,0.17982171501907748,0.25702240706920576,0.0
llama3-8b-inst,memit,10,719bc0576defaa23049b37c5031acb62bc8db10d464ac03f6da1299e2cd3a5b7,7,0.8281334144151918,0.716908258241455,0.3635462917953806,0.6364537082046193,0.5654272990174556,0.4140667072075959,0.2783421381755557,0.3525119292899565,0.0
llama3-8b-inst,memit,10,719bc0576defaa23049b37c5031acb62bc8db10d464ac03f6da1299e2cd3a5b7,8,0.716908258241455,0.3171487210404656,0.5577739916080275,0.44222600839197246,0.011820912094758966,0.716908258241455,0.39996257093492293,0.3171487210404656,NOT_APPLICABLE
llama3-8b-inst,memit,10,9ca8ef6d615cff61f4b47ea671a3b6ee00e045b5353a561638eae765a2c6c5ff,4,1.0,0.9618654719701746,0.5106641802979419,0.4893358197020581,1.7249618987532012,0.20000000000000004,0.35979279910468465,0.35860524795901855,0.0
llama3-8b-inst,memit,10,9ca8ef6d615cff61f4b47ea671a3b6ee00e045b5353a561638eae765a2c6c5ff,5,0.9618654719701746,0.8805375164824439,0.462543033400411,0.537456966599589,0.9461022873685608,0.24046636799254364,0.25323924063697717,0.261652330059348,0.0
llama3-8b-inst,memit,10,9ca8ef6d615cff61f4b47ea671a3b6ee00e045b5353a561638eae765a2c6c5ff,6,0.8805375164824439,0.7899856659255551,0.4195986286186835,0.5804013713813165,0.7652722021648241,0.2935125054941479,0.25616505533401857,0.2819106703831855,0.0
llama3-8b-inst,memit,10,9ca8ef6d615cff61f4b47ea671a3b6ee00e045b5353a561638eae765a2c6c5ff,7,0.7899856659255551,0.6314091445165749,0.44498769859228293,0.5550123014077171,0.3704659645419985,0.39499283296277754,0.22870701822428147,0.2635770587326157,0.0
llama3-8b-inst,memit,10,9ca8ef6d615cff61f4b47ea671a3b6ee00e045b5353a561638eae765a2c6c5ff,8,0.6314091445165749,0.2778260435601874,0.5604599201337902,0.4395400798662098,0.020320146818326047,0.6314091445165749,0.3541120317628859,0.2778260435601874,NOT_APPLICABLE
llama3-8b-inst,memit,10,5be41b224968c5352077e3540871e2fe58f711f7d4c62e7adf253619a971f328,4,1.0,0.9502825447444213,0.3569010910310452,0.6430989089689547,1.0087395068498242,0.2000000000000001,0.21400315712239135,0.2392598252441631,0.0
llama3-8b-inst,memit,10,5be41b224968c5352077e3540871e2fe58f711f7d4c62e7adf253619a971f328,5,0.9502825447444213,0.889385129087012,0.3317536736198364,0.6682463263801637,0.7476660393990159,0.23757063618610533,0.1943242135000652,0.23822988979341395,0.0
llama3-8b-inst,memit,10,5be41b224968c5352077e3540871e2fe58f711f7d4c62e7adf253619a971f328,6,0.889385129087012,0.8091009514982934,0.3299261265192662,0.6700738734807338,0.5649734020119104,0.29646170969567043,0.19396078304537379,0.2598388273144932,0.0
llama3-8b-inst,memit,10,5be41b224968c5352077e3540871e2fe58f711f7d4c62e7adf253619a971f328,7,0.8091009514982934,0.687622773624732,0.36725272378749163,0.6327472762125084,0.47242609856804346,0.4045504757491467,0.24207571054736884,0.31945543788348724,0.0
llama3-8b-inst,memit,10,5be41b224968c5352077e3540871e2fe58f711f7d4c62e7adf253619a971f328,8,0.687622773624732,0.30807063572477583,0.5528249013892433,0.44717509861075666,0.027546366506933383,0.687622773624732,0.3806066117667797,0.30807063572477583,NOT_APPLICABLE
llama3-8b-inst,memit,10,dbf463ad5bb621bfe8a9a2c2319e02df1ad94daa27c797d0294c20d6f80a83f2,4,1.0,0.9668371238933592,0.29991875599613804,0.700081244003862,1.1307461709962547,0.20000000000000004,0.23396907175273884,0.2659850109633011,0.0
llama3-8b-inst,memit,10,dbf463ad5bb621bfe8a9a2c2319e02df1ad94daa27c797d0294c20d6f80a83f2,5,0.9668371238933592,0.8998913276998242,0.36445447777978324,0.6355455222202168,0.8023553942363424,0.2417092809733398,0.21300626032044293,0.24740598435196925,0.0
llama3-8b-inst,memit,10,dbf463ad5bb621bfe8a9a2c2319e02df1ad94daa27c797d0294c20d6f80a83f2,6,0.8998913276998242,0.8020234201791954,0.38193997942488017,0.6180600205751199,0.5427859125189516,0.2999637758999412,0.19908528119316704,0.24673998715149403,0.0
llama3-8b-inst,memit,10,dbf463ad5bb621bfe8a9a2c2319e02df1ad94daa27c797d0294c20d6f80a83f2,7,0.8020234201791954,0.6369852834165974,0.4484570676073833,0.5515429323926166,0.3404025986204539,0.4010117100895977,0.22577624201032426,0.25990804093723296,0.0
llama3-8b-inst,memit,10,dbf463ad5bb621bfe8a9a2c2319e02df1ad94daa27c797d0294c20d6f80a83f2,8,0.6369852834165974,0.314011999061876,0.5079941062092429,0.4920058937907571,0.030749653198559126,0.6369852834165974,0.3241770453954187,0.314011999061876,NOT_APPLICABLE
llama3-8b-inst,memit,10,c6d164c926536dfcf140503cf8c1f3ba3f16534a36f08de1199bc1f118a10e43,4,1.0,0.9230898313752361,0.5799597441448189,0.4200402558551811,1.3287644848989193,0.2000000000000003,0.2899633329341636,0.2787148272243572,0.0
llama3-8b-inst,memit,10,c6d164c926536dfcf140503cf8c1f3ba3f16534a36f08de1199bc1f118a10e43,5,0.9230898313752361,0.8612629698004428,0.3711680135114722,0.6288319864885278,0.8718109740517973,0.23077245784380904,0.21866467549235377,0.24806526181770056,0.0
llama3-8b-inst,memit,10,c6d164c926536dfcf140503cf8c1f3ba3f16534a36f08de1199bc1f118a10e43,6,0.8612629698004428,0.7627927121623722,0.39599575198191483,0.6040042480180852,0.5280396226330455,0.28708765660014746,0.1894862219196282,0.2303235715899062,0.0
llama3-8b-inst,memit,10,c6d164c926536dfcf140503cf8c1f3ba3f16534a36f08de1199bc1f118a10e43,7,0.7627927121623722,0.6083312172257023,0.43825640684435024,0.5617435931556498,0.3240611828411192,0.3813963560811861,0.20788177231399485,0.24734120183230512,0.0
llama3-8b-inst,memit,10,c6d164c926536dfcf140503cf8c1f3ba3f16534a36f08de1199bc1f118a10e43,8,0.6083312172257023,0.28614161357432183,0.5303911422436348,0.4696088577563652,0.02677285730468799,0.6083312172257023,0.3230642858341536,0.28614161357432183,NOT_APPLICABLE
llama3-8b-inst,memit,10,bec2d64187af6c88f13d2db08996689e9e0dd634593dcaa26ba2380288b964d1,4,1.0,0.9329688620840958,0.3931519616627576,0.6068480383372423,0.733296387643246,0.2000000000000001,0.16640817973764485,0.19036681788215026,0.0
llama3-8b-inst,memit,10,bec2d64187af6c88f13d2db08996689e9e0dd634593dcaa26ba2380288b964d1,5,0.9329688620840958,0.8546953411901353,0.3981138183144939,0.6018861816855061,0.6740355640463888,0.23324221552102395,0.18258836969679554,0.21077030820531442,0.0
llama3-8b-inst,memit,10,bec2d64187af6c88f13d2db08996689e9e0dd634593dcaa26ba2380288b964d1,6,0.8546953411901353,0.7491335577157809,0.4276690022994767,0.5723309977005233,0.5452118461511692,0.2848984470633783,0.19741565695349228,0.22519933368900408,0.0
llama3-8b-inst,memit,10,bec2d64187af6c88f13d2db08996689e9e0dd634593dcaa26ba2380288b964d1,7,0.7491335577157809,0.6050900177645667,0.4191538617309863,0.5808461382690138,0.3325216950367982,0.37456677885789047,0.20040570164076404,0.2506948655243055,0.0
llama3-8b-inst,memit,10,bec2d64187af6c88f13d2db08996689e9e0dd634593dcaa26ba2380288b964d1,8,0.6050900177645667,0.3313667934200674,0.4525794687843102,0.5474205312156898,0.015225539995862984,0.6050900177645667,0.27400624245848226,0.3313667934200674,NOT_APPLICABLE
llama3-8b-inst,memit,10,c7f5868b37621703d985c03ffc002fca966f236b80fa46fa2649ad61e8f5f82f,4,1.0,0.9488266079233579,0.3413423825976851,0.6586576174023149,0.8964973515872855,0.2000000000000001,0.19185641751690022,0.22248931285480766,0.0
llama3-8b-inst,memit,10,c7f5868b37621703d985c03ffc002fca966f236b80fa46fa2649ad61e8f5f82f,5,0.9488266079233579,0.9015747572057486,0.2866383026741179,0.7133616973258821,0.810565476088775,0.23720665198083948,0.20393950127481855,0.2561284123461131,0.0
llama3-8b-inst,memit,10,c7f5868b37621703d985c03ffc002fca966f236b80fa46fa2649ad61e8f5f82f,6,0.9015747572057486,0.8425301504371251,0.26110224781434765,0.7388977521856523,0.5985070463129183,0.3005249190685827,0.19623726512793682,0.28576436736019634,0.0
llama3-8b-inst,memit,10,c7f5868b37621703d985c03ffc002fca966f236b80fa46fa2649ad61e8f5f82f,7,0.8425301504371251,0.7337918133525823,0.3378980297084851,0.662101970291515,0.5211059693238145,0.42126507521856255,0.26163461354073647,0.3549468757068302,0.0
llama3-8b-inst,memit,10,c7f5868b37621703d985c03ffc002fca966f236b80fa46fa2649ad61e8f5f82f,8,0.7337918133525823,0.3298277400369772,0.5507591343856082,0.4492408656143918,0.01478462593291522,0.7337918133525823,0.40428813128494573,0.3298277400369772,NOT_APPLICABLE
llama3-8b-inst,memit,10,d9adf170517c84e347c8b92c76d199c5006909274e4ea6d0c61da2f5ed455049,4,1.0,0.932911493357242,0.5197408339855852,0.48025916601441476,1.298219614046417,0.19999999999999996,0.2796787228808693,0.2768409675489297,0.0
llama3-8b-inst,memit,10,d9adf170517c84e347c8b92c76d199c5006909274e4ea6d0c61da2f5ed455049,5,0.932911493357242,0.8646711458419961,0.3695333815328797,0.6304666184671204,0.7513950711502473,0.2332278733393105,0.1952925868876766,0.22876346031601277,0.0
llama3-8b-inst,memit,10,d9adf170517c84e347c8b92c76d199c5006909274e4ea6d0c61da2f5ed455049,6,0.8646711458419961,0.7630770757502825,0.40254205522999115,0.5974579447700088,0.5124026393895851,0.2882237152806654,0.1878096716283017,0.2268583322609977,0.0
llama3-8b-inst,memit,10,d9adf170517c84e347c8b92c76d199c5006909274e4ea6d0c61da2f5ed455049,7,0.7630770757502825,0.5951555997556417,0.4940873755539736,0.5059126244460264,0.40677159192186546,0.38153853787514125,0.24418033096010427,0.2476801467422075,0.0
llama3-8b-inst,memit,10,d9adf170517c84e347c8b92c76d199c5006909274e4ea6d0c61da2f5ed455049,8,0.5951555997556417,0.23217525555861734,0.6106365757581169,0.3893634242418831,0.024099005327258553,0.5951555997556417,0.3637066865951668,0.23217525555861734,NOT_APPLICABLE
llama3-8b-inst,alphaedit,1,285a3add6f31d8546b0d76689a016bc0f9f7d8e58c95f54e87bba48ad5cabc65,4,1.0,0.968068051648174,0.4836349597980998,0.5163650402019002,1.74107456451163,0.20000000000000007,0.36139969084260487,0.3632064698725546,0.0
llama3-8b-inst,alphaedit,1,285a3add6f31d8546b0d76689a016bc0f9f7d8e58c95f54e87bba48ad5cabc65,5,0.968068051648174,0.9241137451668886,0.39445335653948455,0.6055466434605155,1.2570144026436791,0.2420170129120435,0.3188456954319405,0.3376785202031622,0.0
llama3-8b-inst,alphaedit,1,285a3add6f31d8546b0d76689a016bc0f9f7d8e58c95f54e87bba48ad5cabc65,6,0.9241137451668886,0.8066782386596204,0.5189394923245882,0.48106050767541175,0.8380080293255409,0.3080379150556293,0.3036253419699877,0.29764762982922016,0.0
llama3-8b-inst,alphaedit,1,285a3add6f31d8546b0d76689a016bc0f9f7d8e58c95f54e87bba48ad5cabc65,7,0.8066782386596204,0.5622820221735708,0.7583882883485288,0.24161171165147122,0.6338966772883922,0.4033391193298102,0.39866920663071725,0.2736177245827394,0.0
llama3-8b-inst,alphaedit,1,285a3add6f31d8546b0d76689a016bc0f9f7d8e58c95f54e87bba48ad5cabc65,8,0.5622820221735708,0.019730294772783177,0.9706881985448881,0.02931180145511192,0.019289991092597384,0.5622820221735708,0.5459082851760712,0.019730294772783177,NOT_APPLICABLE
llama3-8b-inst,alphaedit,1,6abbaf2496b409f11036390da3b47c9272a243b8a164ca3d9f9a65fafbec985d,4,1.0,0.9697737543815744,0.5152811398799185,0.4847188601200815,1.8435902779269062,0.20000000000000007,0.38284930539221523,0.3812493927193968,0.0
llama3-8b-inst,alphaedit,1,6abbaf2496b409f11036390da3b47c9272a243b8a164ca3d9f9a65fafbec985d,5,0.9697737543815744,0.9233516538391656,0.4130102271544329,0.5869897728455671,1.279984142978314,0.2424434385953936,0.32607848042113036,0.34139930865969975,0.0
llama3-8b-inst,alphaedit,1,6abbaf2496b409f11036390da3b47c9272a243b8a164ca3d9f9a65fafbec985d,6,0.9233516538391656,0.825161785706762,0.4707987760978568,0.5292012239021432,0.8892601131267885,0.30778388461305495,0.30969162413401813,0.31849869646163914,0.0
llama3-8b-inst,alphaedit,1,6abbaf2496b409f11036390da3b47c9272a243b8a164ca3d9f9a65fafbec985d,7,0.825161785706762,0.5895018597420633,0.7161086223868445,0.2838913776131555,0.6270054762259009,0.412580892853381,0.3926997358476546,0.2839714236316598,0.0
llama3-8b-inst,alphaedit,1,6abbaf2496b409f11036390da3b47c9272a243b8a164ca3d9f9a65fafbec985d,8,0.5895018597420633,0.03662533836582622,0.9385008577108516,0.061499142289148434,0.008826410116445915,0.5895018597420633,0.5532724678994143,0.03662533836582622,NOT_APPLICABLE
llama3-8b-inst,alphaedit,1,9e6706cd1a722d31b1dbfa3eba84ea86ef6cdb2c3c17d63b21f5cc7e76ef6e7d,4,1.0,0.9360189916414708,0.890770631275192,0.10922936872480804,2.239982770703253,0.2000000000000001,0.48212011493360524,0.4485288783585489,0.0
llama3-8b-inst,alphaedit,1,9e6706cd1a722d31b1dbfa3eba84ea86ef6cdb2c3c17d63b21f5cc7e76ef6e7d,5,0.9360189916414708,0.8745863089938859,0.5109508592208178,0.48904914077918216,1.3398644496567682,0.2340047479103677,0.33555885324448403,0.333767051742931,0.0
llama3-8b-inst,alphaedit,1,9e6706cd1a722d31b1dbfa3eba84ea86ef6cdb2c3c17d63b21f5cc7e76ef6e7d,6,0.8745863089938859,0.7806830860791135,0.5118426208271155,0.4881573791728845,0.9900444858312969,0.2915287696646286,0.3249167529054729,0.3218041496905887,0.0
llama3-8b-inst,alphaedit,1,9e6706cd1a722d31b1dbfa3eba84ea86ef6cdb2c3c17d63b21f5cc7e76ef6e7d,7,0.7806830860791135,0.6580499280998233,0.6712526059475296,0.32874739405247044,1.0375244536912127,0.39034154303955676,0.4823580848459165,0.42483290211764413,0.0
llama3-8b-inst,alphaedit,1,9e6706cd1a722d31b1dbfa3eba84ea86ef6cdb2c3c17d63b21f5cc7e76ef6e7d,8,0.6580499280998233,0.02928003871361606,0.9565841365471134,0.043415863452886616,0.00974075549456766,0.6580499280998233,0.6295127569821042,0.02928003871361606,NOT_APPLICABLE
llama3-8b-inst,alphaedit,1,90537afae22e47988418137733b2bba6fe78ac3f2cf3e8a710430cb784b35dc9,4,1.0,0.9199474794655867,0.6654006168317307,0.3345993831682693,1.5391011376171613,0.20000000000000004,0.3353559477745682,0.31501041627419396,0.0
llama3-8b-inst,alphaedit,1,90537afae22e47988418137733b2bba6fe78ac3f2cf3e8a710430cb784b35dc9,5,0.9199474794655867,0.8145802183453482,0.6575476251183288,0.34245237488167124,1.1716446656944721,0.2299868698663967,0.3089983026312261,0.2807370929691954,0.0
llama3-8b-inst,alphaedit,1,90537afae22e47988418137733b2bba6fe78ac3f2cf3e8a710430cb784b35dc9,6,0.8145802183453482,0.6819095679878246,0.6470951470984357,0.35290485290156426,0.8780199522917264,0.2715267394484495,0.2961572862139489,0.25694247985072904,0.0
llama3-8b-inst,alphaedit,1,90537afae22e47988418137733b2bba6fe78ac3f2cf3e8a710430cb784b35dc9,7,0.6819095679878246,0.44466120408532805,0.791128446967313,0.208871553032687,0.4893620473161306,0.3409547839939123,0.3171721561394722,0.18141311087143752,0.0
llama3-8b-inst,alphaedit,1,90537afae22e47988418137733b2bba6fe78ac3f2cf3e8a710430cb784b35dc9,8,0.44466120408532805,0.01806321903271458,0.962179614398088,0.03782038560191203,0.01482566438272636,0.44466120408532805,0.4278947320761823,0.01806321903271458,NOT_APPLICABLE
llama3-8b-inst,alphaedit,1,a77982960263f0dfb48efd2b8425a460b3d20430fb61ce562f7e2ffbbd3561fd,4,1.0,1.0535656125438615,0.5305151542634879,0.46948484573651206,2.78813875409828,0.2000000000000001,0.5676324177144189,0.5654779830366856,0.0
llama3-8b-inst,alphaedit,1,a77982960263f0dfb48efd2b8425a460b3d20430fb61ce562f7e2ffbbd3561fd,5,1.0535656125438615,0.953843922272201,0.7104497108317328,0.2895502891682672,1.5143810515703502,0.2633914031359654,0.440587670301402,0.40610046132985345,0.0
llama3-8b-inst,alphaedit,1,a77982960263f0dfb48efd2b8425a460b3d20430fb61ce562f7e2ffbbd3561fd,6,0.953843922272201,0.8271504226663798,0.6406670769675952,0.3593329230324048,1.0961267684361693,0.31794797409073344,0.40367476614436315,0.3667601259634484,0.0
llama3-8b-inst,alphaedit,1,a77982960263f0dfb48efd2b8425a460b3d20430fb61ce562f7e2ffbbd3561fd,7,0.8271504226663798,0.5907806146766988,0.7181044483490343,0.2818955516509657,0.6302984108316806,0.4135752113331899,0.39516458621371936,0.2855589904176137,0.0
llama3-8b-inst,alphaedit,1,a77982960263f0dfb48efd2b8425a460b3d20430fb61ce562f7e2ffbbd3561fd,8,0.5907806146766988,0.050498537064959576,0.9149196860388144,0.08508031396118565,0.008232155200273634,0.5907806146766988,0.540538693704857,0.050498537064959576,NOT_APPLICABLE
llama3-8b-inst,alphaedit,1,cc987485b7f9961ef45a3aeb9301abf629d197b349e59b58ed6f5592212f16a5,4,1.0,0.9087299517275338,0.7313639169254824,0.2686360830745176,1.5567591719474159,0.20000000000000007,0.34399955223360257,0.3159534436952395,0.0
llama3-8b-inst,alphaedit,1,cc987485b7f9961ef45a3aeb9301abf629d197b349e59b58ed6f5592212f16a5,5,0.9087299517275338,0.8186549773547385,0.5588859053674908,0.44111409463250917,1.0695968715521456,0.22718248793188345,0.27416614972427167,0.2628472042064265,0.0
llama3-8b-inst,alphaedit,1,cc987485b7f9961ef45a3aeb9301abf629d197b349e59b58ed6f5592212f16a5,6,0.8186549773547385,0.676431328499086,0.6522430732950152,0.3477569267049848,0.7953362119817899,0.27288499245157954,0.2806845629220655,0.2368752662399554,0.0
llama3-8b-inst,alphaedit,1,cc987485b7f9961ef45a3aeb9301abf629d197b349e59b58ed6f5592212f16a5,7,0.676431328499086,0.47864447619351197,0.7449582754271459,0.2550417245728541,0.6539688598905735,0.338215664249543,0.3352667756694942,0.23740753396939762,0.0
llama3-8b-inst,alphaedit,1,cc987485b7f9961ef45a3aeb9301abf629d197b349e59b58ed6f5592212f16a5,8,0.47864447619351197,0.02150467606197634,0.9586751244015231,0.04132487559847686,0.017629678572161345,0.47864447619351197,0.45894213524157157,0.02150467606197634,NOT_APPLICABLE
llama3-8b-inst,alphaedit,1,042d6957cbf51889a68f9ec05692ae02395bbfb258ab0b145b56d98b06844fc8,4,1.0,0.9875527330542517,0.5832952008891975,0.4167047991108025,2.207765551770539,0.20000000000000012,0.4567039313588192,0.4493493794893524,0.0
llama3-8b-inst,alphaedit,1,042d6957cbf51889a68f9ec05692ae02395bbfb258ab0b145b56d98b06844fc8,5,0.9875527330542517,0.9405844163639959,0.4717141302389262,0.5282858697610737,1.4371710237421873,0.24688818326356293,0.37344437276236886,0.3780330152672669,0.0
llama3-8b-inst,alphaedit,1,042d6957cbf51889a68f9ec05692ae02395bbfb258ab0b145b56d98b06844fc8,6,0.9405844163639959,0.834821504530182,0.5247529748224679,0.47524702517753215,0.9813031126660727,0.3135281387879986,0.3488937808764947,0.34184856404721486,0.0
llama3-8b-inst,alphaedit,1,042d6957cbf51889a68f9ec05692ae02395bbfb258ab0b145b56d98b06844fc8,7,0.834821504530182,0.6063785390133758,0.6665608981268537,0.3334391018731463,0.5764709808501203,0.417410752265091,0.36784811832518943,0.27797814529056164,0.0
llama3-8b-inst,alphaedit,1,042d6957cbf51889a68f9ec05692ae02395bbfb258ab0b145b56d98b06844fc8,8,0.6063785390133758,0.03663203434881886,0.9404723712726727,0.05952762872732731,0.010294190093548653,0.6063785390133758,0.5703164241488423,0.03663203434881886,NOT_APPLICABLE
llama3-8b-inst,alphaedit,1,05dcb1cec09134d2efacd122ce09e701a8db7624e92b7aacd3194a7f4fdb415c,4,1.0,0.9070436021628245,0.6626928574923697,0.3373071425076303,1.3251298642642997,0.20000000000000007,0.2963194884266992,0.27347725796137307,0.0
llama3-8b-inst,alphaedit,1,05dcb1cec09134d2efacd122ce09e701a8db7624e92b7aacd3194a7f4fdb415c,5,0.9070436021628245,0.8197952064390476,0.5461197022375825,0.45388029776241745,1.068023988246141,0.22676090054070613,0.27201120517772875,0.2631484350888197,0.0
llama3-8b-inst,alphaedit,1,05dcb1cec09134d2efacd122ce09e701a8db7624e92b7aacd3194a7f4fdb415c,6,0.8197952064390476,0.6889713839282278,0.6056470197053806,0.3943529802946194,0.7898158784279061,0.2732650688130157,0.2719800838641639,0.24123647658760022,0.0
llama3-8b-inst,alphaedit,1,05dcb1cec09134d2efacd122ce09e701a8db7624e92b7aacd3194a7f4fdb415c,7,0.6889713839282278,0.472983432548286,0.7427393744491877,0.2572606255508123,0.5517800359843443,0.3444856919641139,0.31874198088261585,0.2097248124401883,0.0
llama3-8b-inst,alphaedit,1,05dcb1cec09134d2efacd122ce09e701a8db7624e92b7aacd3194a7f4fdb415c,8,0.472983432548286,0.02985789908449687,0.9379536507750736,0.062046349224926356,0.011629059594980744,0.472983432548286,0.44367063359946624,0.02985789908449687,NOT_APPLICABLE
llama3-8b-inst,alphaedit,1,db99bc188dd5a31df5e5c30a1acc5379a51ae45dff15346ebc2be90a1d016ffb,4,1.0,0.9168283014026261,0.5565840865856796,0.4434159134143204,1.127123940273212,0.19999999999999998,0.25141155281151434,0.24224170153019212,0.0
llama3-8b-inst,alphaedit,1,db99bc188dd5a31df5e5c30a1acc5379a51ae45dff15346ebc2be90a1d016ffb,5,0.9168283014026261,0.8335171099822819,0.4889460019877564,0.5110539980122436,0.9470000782756149,0.22920707535065651,0.24428327723978532,0.2466491083303499,0.0
llama3-8b-inst,alphaedit,1,db99bc188dd5a31df5e5c30a1acc5379a51ae45dff15346ebc2be90a1d016ffb,6,0.8335171099822819,0.7136033137725499,0.5502159730834112,0.4497840269165888,0.7715342545662082,0.27783903666076043,0.2632886218655118,0.24812920322510015,0.0
llama3-8b-inst,alphaedit,1,db99bc188dd5a31df5e5c30a1acc5379a51ae45dff15346ebc2be90a1d016ffb,7,0.7136033137725499,0.5587557571178265,0.6081887086190028,0.39181129138099724,0.7178130834126307,0.35680165688627496,0.3356874348085042,0.2917869130778891,0.0
llama3-8b-inst,alphaedit,1,db99bc188dd5a31df5e5c30a1acc5379a51ae45dff15346ebc2be90a1d016ffb,8,0.5587557571178265,0.04015873113415558,0.9288222159371168,0.07117778406288322,0.009963212297736728,0.5587557571178265,0.5190146174614404,0.04015873113415558,NOT_APPLICABLE
llama3-8b-inst,alphaedit,1,4042d278f9a0433f41f891fcbc391eee910a5adfea1cc73f3792d75698ffdd46,4,1.0,0.9077308790793266,0.6829376076638516,0.3170623923361484,1.4008411835501136,0.20000000000000018,0.3116895761806418,0.2872549099433468,0.0
llama3-8b-inst,alphaedit,1,4042d278f9a0433f41f891fcbc391eee910a5adfea1cc73f3792d75698ffdd46,5,0.9077308790793266,0.8111967188056615,0.6091603069730095,0.3908396930269905,1.131400210728171,0.22693271976983165,0.29160127911917527,0.27163970757572187,0.0
llama3-8b-inst,alphaedit,1,4042d278f9a0433f41f891fcbc391eee910a5adfea1cc73f3792d75698ffdd46,6,0.8111967188056615,0.6703036237582631,0.6667118854702069,0.3332881145297931,0.8372142395187899,0.2703989062685536,0.2893940957560779,0.2436605714739492,0.0
llama3-8b-inst,alphaedit,1,4042d278f9a0433f41f891fcbc391eee910a5adfea1cc73f3792d75698ffdd46,7,0.6703036237582631,0.43429452913369687,0.8317489662898241,0.1682510337101759,0.560646382649821,0.33515181187913157,0.3361776012427779,0.1961805846676452,0.0
llama3-8b-inst,alphaedit,1,4042d278f9a0433f41f891fcbc391eee910a5adfea1cc73f3792d75698ffdd46,8,0.43429452913369687,0.023235424258961194,0.94859331938999,0.05140668061000997,0.014824557732142234,0.43429452913369687,0.4120191939982625,0.023235424258961194,NOT_APPLICABLE
llama3-8b-inst,alphaedit,2,77f07216c6ca6c39ab0274107bf776c38abd63ae8c1ca02ea59fcdab0f36e4e4,4,1.0,0.994141612146696,0.8290273127673283,0.17097268723267167,2.7038723097439084,0.20000000000000007,0.5656221973265925,0.5418544870047464,0.0
llama3-8b-inst,alphaedit,2,77f07216c6ca6c39ab0274107bf776c38abd63ae8c1ca02ea59fcdab0f36e4e4,5,0.994141612146696,0.9516881603998448,0.48828211860803056,0.5117178813919694,1.5265972224673239,0.248535403036674,0.39834871910055214,0.4001616241973897,0.0
llama3-8b-inst,alphaedit,2,77f07216c6ca6c39ab0274107bf776c38abd63ae8c1ca02ea59fcdab0f36e4e4,6,0.9516881603998448,0.8303877473232671,0.5624309071370298,0.4375690928629702,0.9540547283779554,0.31722938679994805,0.35133050038919095,0.3329680409164537,0.0
llama3-8b-inst,alphaedit,2,77f07216c6ca6c39ab0274107bf776c38abd63ae8c1ca02ea59fcdab0f36e4e4,7,0.8303877473232671,0.5889794263367493,0.799257529888296,0.20074247011170399,0.7553434279609318,0.4151938736616336,0.4565917616391437,0.3245003050787457,0.0
llama3-8b-inst,alphaedit,2,77f07216c6ca6c39ab0274107bf776c38abd63ae8c1ca02ea59fcdab0f36e4e4,8,0.5889794263367493,0.027778292422883908,0.9543015283029342,0.04569847169706576,0.011663584812666413,0.5889794263367493,0.5621059457217651,0.027778292422883908,NOT_APPLICABLE
llama3-8b-inst,alphaedit,2,8d67adfeef800f3ba3b181a61828d73e1a8c5712ee92223ca71ce23e8fee6253,4,1.0,0.9735104414042696,0.7321921353110955,0.2678078646889045,2.340700860464214,0.20000000000000012,0.49050936142705054,0.47119429413214053,0.0
llama3-8b-inst,alphaedit,2,8d67adfeef800f3ba3b181a61828d73e1a8c5712ee92223ca71ce23e8fee6253,5,0.9735104414042696,0.8810249510565957,0.6579555504290031,0.3420444495709969,1.3910713311358653,0.2433776103510674,0.3745157547997301,0.34863992224125867,0.0
llama3-8b-inst,alphaedit,2,8d67adfeef800f3ba3b181a61828d73e1a8c5712ee92223ca71ce23e8fee6253,6,0.8810249510565957,0.7629853390601395,0.5732276968736997,0.4267723031263003,0.9277359082180833,0.29367498368553185,0.3202651806348297,0.29989788440881665,0.0
llama3-8b-inst,alphaedit,2,8d67adfeef800f3ba3b181a61828d73e1a8c5712ee92223ca71ce23e8fee6253,7,0.7629853390601395,0.5202659996864827,0.7217127132444108,0.2782872867555892,0.47522003307242483,0.3814926695300698,0.3296554336504855,0.21009057755490448,0.0
llama3-8b-inst,alphaedit,2,8d67adfeef800f3ba3b181a61828d73e1a8c5712ee92223ca71ce23e8fee6253,8,0.5202659996864827,0.04524308528348348,0.9137309293776855,0.08626907062231448,0.010951762171523253,0.5202659996864827,0.4754172806072359,0.04524308528348348,NOT_APPLICABLE
llama3-8b-inst,alphaedit,2,6346c3ea243517cbad25c3a69368e9e4e406b1dc74740054f1cb5fffd458cc0c,4,1.0,0.93497756141489,0.5742743685895917,0.4257256314104083,1.5058315457614495,0.20000000000000007,0.3223240415872999,0.3129709863517773,0.0
llama3-8b-inst,alphaedit,2,6346c3ea243517cbad25c3a69368e9e4e406b1dc74740054f1cb5fffd458cc0c,5,0.93497756141489,0.8368837872790367,0.6132829043225273,0.3867170956774727,1.1614488142722592,0.2337443903537225,0.3070051954098476,0.2861353539736137,0.0
llama3-8b-inst,alphaedit,2,6346c3ea243517cbad25c3a69368e9e4e406b1dc74740054f1cb5fffd458cc0c,6,0.8368837872790367,0.6948285593592551,0.6346499596723991,0.3653500403276009,0.780421829712182,0.27896126242634556,0.2806076876372472,0.24038286129734857,0.0
llama3-8b-inst,alphaedit,2,6346c3ea243517cbad25c3a69368e9e4e406b1dc74740054f1cb5fffd458cc0c,7,0.6948285593592551,0.49376743853479843,0.7163824181839122,0.28361758181608776,0.6101782564806033,0.34741427967962757,0.3269242715684742,0.2337652660759986,0.0
llama3-8b-inst,alphaedit,2,6346c3ea243517cbad25c3a69368e9e4e406b1dc74740054f1cb5fffd458cc0c,8,0.49376743853479843,0.03666551902767009,0.9436470081995455,0.0563529918004545,0.04835691611044711,0.49376743853479843,0.4665535517697055,0.03666551902767009,NOT_APPLICABLE
llama3-8b-inst,alphaedit,2,2089e9a0a34cd6b112042624259e5a1dfb017b6f95b70d028c2452eef4371262,4,1.0,0.9673816385952084,0.4784551586207263,0.5215448413792737,1.717938623663615,0.20000000000000012,0.35666412510854034,0.35907225658602865,0.0
llama3-8b-inst,alphaedit,2,2089e9a0a34cd6b112042624259e5a1dfb017b6f95b70d028c2452eef4371262,5,0.9673816385952084,0.9215757145083536,0.4052633703300625,0.5947366296699375,1.2643291533301053,0.2418454096488021,0.3210962666697178,0.3379126399533288,0.0
llama3-8b-inst,alphaedit,2,2089e9a0a34cd6b112042624259e5a1dfb017b6f95b70d028c2452eef4371262,6,0.9215757145083536,0.7944563992213538,0.5813241634821454,0.41867583651785456,0.9156320157732669,0.30719190483611786,0.3331750451393862,0.30928465491084883,0.0
llama3-8b-inst,alphaedit,2,2089e9a0a34cd6b112042624259e5a1dfb017b6f95b70d028c2452eef4371262,7,0.7944563992213538,0.5855444011443683,0.706066490708567,0.293933509291433,0.7061409074656666,0.3972281996106769,0.3966647032370087,0.3038294318970284,0.0
llama3-8b-inst,alphaedit,2,2089e9a0a34cd6b112042624259e5a1dfb017b6f95b70d028c2452eef4371262,8,0.5855444011443683,0.03189658651180845,0.9467452306000532,0.05325476939994678,0.011457721392842584,0.5855444011443683,0.5544019645347521,0.03189658651180845,NOT_APPLICABLE
llama3-8b-inst,alphaedit,2,3a77016737e2b0f4dfa9685598e7703e88fe37b911c923d52a9dd4187d20f892,4,1.0,0.9724464927722348,0.300404301858168,0.699595698141832,1.2470384142568645,0.20000000000000034,0.2565422032498488,0.28597475045820664,0.0
llama3-8b-inst,alphaedit,2,3a77016737e2b0f4dfa9685598e7703e88fe37b911c923d52a9dd4187d20f892,5,0.9724464927722348,0.9645521870375109,0.3014251056170313,0.6985748943829687,1.4359048253782571,0.2431116231930587,0.35669369846865107,0.3882051548865035,0.0
llama3-8b-inst,alphaedit,2,3a77016737e2b0f4dfa9685598e7703e88fe37b911c923d52a9dd4187d20f892,6,0.9645521870375109,0.9056752797871832,0.45979363941182466,0.5402063605881753,1.2174371995966249,0.3215173956791701,0.4184130498441386,0.42823126876001844,0.0
llama3-8b-inst,alphaedit,2,3a77016737e2b0f4dfa9685598e7703e88fe37b911c923d52a9dd4187d20f892,7,0.9056752797871832,0.6639446661073117,0.8495091640214252,0.15049083597857482,0.908886786220859,0.4528376398935916,0.5633673363810792,0.41718186630333387,0.0
llama3-8b-inst,alphaedit,2,3a77016737e2b0f4dfa9685598e7703e88fe37b911c923d52a9dd4187d20f892,8,0.6639446661073117,0.034698074228058574,0.9480344879699908,0.05196551203000921,0.005544770143465718,0.6639446661073117,0.6294532072452237,0.034698074228058574,NOT_APPLICABLE
llama3-8b-inst,alphaedit,2,0cbdcd102101aa2847555821e9cb9856e3e26f89510271de286f5bf4667c4094,4,1.0,0.9732857132571789,0.3219676922961852,0.6780323077038148,1.3409476942978455,0.2000000000000002,0.27581181365019414,0.30052411078866015,0.0
llama3-8b-inst,alphaedit,2,0cbdcd102101aa2847555821e9cb9856e3e26f89510271de286f5bf4667c4094,5,0.9732857132571789,0.9310682826432705,0.32937332941568587,0.6706266705843141,1.081002091824453,0.24332142831429474,0.2749696121494316,0.30953561993662965,0.0
llama3-8b-inst,alphaedit,2,0cbdcd102101aa2847555821e9cb9856e3e26f89510271de286f5bf4667c4094,6,0.9310682826432705,0.839983379469907,0.48274755489581517,0.5172524451041849,0.9943152369210517,0.3103560942144234,0.34303938507370146,0.34784991299552365,0.0
llama3-8b-inst,alphaedit,2,0cbdcd102101aa2847555821e9cb9856e3e26f89510271de286f5bf4667c4094,7,0.839983379469907,0.6684841646975384,0.6292474796378614,0.37075252036213857,0.8089626303928276,0.4199916897349535,0.43043983588321755,0.37374021182747685,0.0
llama3-8b-inst,alphaedit,2,0cbdcd102101aa2847555821e9cb9856e3e26f89510271de286f5bf4667c4094,8,0.6684841646975384,0.041169822745591625,0.938852354877457,0.061147645122543004,0.007341901600792813,0.6684841646975384,0.6276271221951167,0.041169822745591625,NOT_APPLICABLE
llama3-8b-inst,alphaedit,2,28380ae63c22bfe558c51b74c37ea0f21b0d2a56d51d9668b669a7da0368ae22,4,1.0,0.9501707182363368,0.753509157829913,0.246490842170087,2.130240684103435,0.2000000000000001,0.4519159843662537,0.4288908069652783,0.0
llama3-8b-inst,alphaedit,2,28380ae63c22bfe558c51b74c37ea0f21b0d2a56d51d9668b669a7da0368ae22,5,0.9501707182363368,0.9129402081919836,0.4077933991963639,0.5922066008036361,1.366294844499169,0.2375426795590842,0.3387009656779012,0.35372890779583455,0.0
llama3-8b-inst,alphaedit,2,28380ae63c22bfe558c51b74c37ea0f21b0d2a56d51d9668b669a7da0368ae22,6,0.9129402081919836,0.8288093437699156,0.49319141251042076,0.5068085874895792,1.0646943297051952,0.30431340273066115,0.35707411426566676,0.35883556679369605,0.0
llama3-8b-inst,alphaedit,2,28380ae63c22bfe558c51b74c37ea0f21b0d2a56d51d9668b669a7da0368ae22,7,0.8288093437699156,0.6460875942060682,0.6967066106540935,0.30329338934590655,0.8556508726075718,0.4144046718849578,0.45726293273183866,0.3762021430543349,0.0
llama3-8b-inst,alphaedit,2,28380ae63c22bfe558c51b74c37ea0f21b0d2a56d51d9668b669a7da0368ae22,8,0.6460875942060682,0.03408305547955935,0.9476191158526972,0.0523808841473028,0.006254712894002682,0.6460875942060682,0.6122582911545266,0.03408305547955935,NOT_APPLICABLE
llama3-8b-inst,alphaedit,2,5fb850b2455f7b7e5f6079f0dce941715ca198eff1276c7a4d63f6aaeb20d520,4,1.0,0.9441562659607867,0.36607507676798867,0.6339249232320113,0.9013967881430464,0.20000000000000018,0.1945792518749402,0.2203975478964603,0.0
llama3-8b-inst,alphaedit,2,5fb850b2455f7b7e5f6079f0dce941715ca198eff1276c7a4d63f6aaeb20d520,5,0.9441562659607867,0.8722344876953273,0.4203323631721902,0.5796676368278098,0.9171698720489957,0.23603906649019668,0.238139891355455,0.2561013149979579,0.0
llama3-8b-inst,alphaedit,2,5fb850b2455f7b7e5f6079f0dce941715ca198eff1276c7a4d63f6aaeb20d520,6,0.8722344876953273,0.7501740685723991,0.5329710904557808,0.46702890954421916,0.7557106089909639,0.29074482923177575,0.2688653604613036,0.2582911554301683,0.0
llama3-8b-inst,alphaedit,2,5fb850b2455f7b7e5f6079f0dce941715ca198eff1276c7a4d63f6aaeb20d520,7,0.7501740685723991,0.5342048700753984,0.6690488726923073,0.3309511273076927,0.5069118875322361,0.37508703428619955,0.3148466480503235,0.2270712315789521,0.0
llama3-8b-inst,alphaedit,2,5fb850b2455f7b7e5f6079f0dce941715ca198eff1276c7a4d63f6aaeb20d520,8,0.5342048700753984,0.04026242814289309,0.9250392613570809,0.07496073864291908,0.007833087310573712,0.5342048700753984,0.49417819484234243,0.04026242814289309,NOT_APPLICABLE
llama3-8b-inst,alphaedit,2,85a4eedb16a30908dfc36bf358b5d34dc472310148a017735bbdad65a96f977c,4,1.0,0.9064139914055687,0.6770118229518062,0.3229881770481938,1.3606731115502766,0.20000000000000007,0.30395896597484556,0.27969645539468874,0.0
llama3-8b-inst,alphaedit,2,85a4eedb16a30908dfc36bf358b5d34dc472310148a017735bbdad65a96f977c,5,0.9064139914055687,0.8110916641888573,0.5631536115182296,0.4368463884817704,0.9998919228724414,0.22660349785139217,0.2600442589566161,0.24725947641278945,0.0
llama3-8b-inst,alphaedit,2,85a4eedb16a30908dfc36bf358b5d34dc472310148a017735bbdad65a96f977c,6,0.8110916641888573,0.677277002608704,0.608863640487396,0.39113635951260395,0.7468456681738562,0.2703638880629523,0.2605182128610046,0.2279355354159849,0.0
llama3-8b-inst,alphaedit,2,85a4eedb16a30908dfc36bf358b5d34dc472310148a017735bbdad65a96f977c,7,0.677277002608704,0.47381919154357066,0.7217355820702593,0.27826441792974066,0.5690073112745409,0.338638501304352,0.31122915390333955,0.21449492229779712,0.0
llama3-8b-inst,alphaedit,2,85a4eedb16a30908dfc36bf358b5d34dc472310148a017735bbdad65a96f977c,8,0.47381919154357066,0.029695011732302844,0.9424566109554162,0.05754338904458378,0.024829198874903848,0.47381919154357066,0.4467089722545112,0.029695011732302844,NOT_APPLICABLE
llama3-8b-inst,alphaedit,2,cf6f2bb990d5607be73e905f76a5a18c2756098f9d34cb16b4de12fe91ac1d3d,4,1.0,0.921637103436738,0.6870724261129745,0.3129275738870255,1.6229693475806886,0.20000000000000012,0.3524825114476603,0.33057242290822214,0.0
llama3-8b-inst,alphaedit,2,cf6f2bb990d5607be73e905f76a5a18c2756098f9d34cb16b4de12fe91ac1d3d,5,0.921637103436738,0.829756037472346,0.595588733966179,0.40441126603382105,1.174230691889623,0.2304092758591845,0.30336631118204005,0.28614997168397555,0.0
llama3-8b-inst,alphaedit,2,cf6f2bb990d5607be73e905f76a5a18c2756098f9d34cb16b4de12fe91ac1d3d,6,0.829756037472346,0.6977814004726147,0.6168822605950789,0.3831177394049211,0.8279411727035175,0.27658534582411526,0.2855708950000743,0.2523249451533598,0.0
llama3-8b-inst,alphaedit,2,cf6f2bb990d5607be73e905f76a5a18c2756098f9d34cb16b4de12fe91ac1d3d,7,0.6977814004726147,0.49078291795568896,0.72054177339917,0.27945822660083,0.5846181589741731,0.34889070023630736,0.3237282413123158,0.226073445319772,0.0
llama3-8b-inst,alphaedit,2,cf6f2bb990d5607be73e905f76a5a18c2756098f9d34cb16b4de12fe91ac1d3d,8,0.49078291795568896,0.02476494833126099,0.9509372385490704,0.04906276145092958,0.011792613585889877,0.49078291795568896,0.4667396375689841,0.02476494833126099,NOT_APPLICABLE
llama3-8b-inst,alphaedit,3,d62d3daaa98597827218b56a25f7ae3bb2b223eaaf78b7acf4945a97a6ef323f,4,1.0,0.9670544820047656,0.4625927391167806,0.5374072608832194,1.6708664303354357,0.2000000000000001,0.34674409412738033,0.35103282992175455,0.0
llama3-8b-inst,alphaedit,3,d62d3daaa98597827218b56a25f7ae3bb2b223eaaf78b7acf4945a97a6ef323f,5,0.9670544820047656,0.9133516566345597,0.40706823964480765,0.5929317603551923,1.1675389037537802,0.2417636205011914,0.29893283645265045,0.3165825296948051,0.0
llama3-8b-inst,alphaedit,3,d62d3daaa98597827218b56a25f7ae3bb2b223eaaf78b7acf4945a97a6ef323f,6,0.9133516566345597,0.8153999024462385,0.5310730628922777,0.46892693710772226,1.0380339705656394,0.30445055221151973,0.3549889681689636,0.34678067203986995,0.0
llama3-8b-inst,alphaedit,3,d62d3daaa98597827218b56a25f7ae3bb2b223eaaf78b7acf4945a97a6ef323f,7,0.8153999024462385,0.5542576574243587,0.8214572428488478,0.1785427571511522,0.6776486451072724,0.40769995122311925,0.43415731930349327,0.28570581746235574,0.0
llama3-8b-inst,alphaedit,3,d62d3daaa98597827218b56a25f7ae3bb2b223eaaf78b7acf4945a97a6ef323f,8,0.5542576574243587,0.03918123549075018,0.9296185837409425,0.07038141625905747,0.006612612072852666,0.5542576574243587,0.5152612537166443,0.03918123549075018,NOT_APPLICABLE
llama3-8b-inst,alphaedit,3,c4c0883e808830f850159906afcefc21c16dcd760fd4acf68e0181ad9745b79a,4,1.0,0.9356744168652411,0.9840248415014518,0.015975158498548248,2.399814344011903,0.20000000000000018,0.5187451695935965,0.4799735030775904,0.0
llama3-8b-inst,alphaedit,3,c4c0883e808830f850159906afcefc21c16dcd760fd4acf68e0181ad9745b79a,5,0.9356744168652411,0.9312981262293396,0.3162038345441018,0.6837961654558982,1.5100751596476514,0.23391860421631028,0.36089568828270735,0.38776227659461227,0.0
llama3-8b-inst,alphaedit,3,c4c0883e808830f850159906afcefc21c16dcd760fd4acf68e0181ad9745b79a,6,0.9312981262293396,0.8586498219276736,0.5382229573050241,0.4617770426949759,1.2610646896291864,0.31043270874311313,0.42564027472800053,0.4168964714378396,0.0
llama3-8b-inst,alphaedit,3,c4c0883e808830f850159906afcefc21c16dcd760fd4acf68e0181ad9745b79a,7,0.8586498219276736,0.7372779133876329,0.7006388180530423,0.2993611819469577,1.1228382604715248,0.4293249109638368,0.5682128597855726,0.4989012012646939,0.0
llama3-8b-inst,alphaedit,3,c4c0883e808830f850159906afcefc21c16dcd760fd4acf68e0181ad9745b79a,8,0.7372779133876329,0.031097665032288217,0.9589616774826103,0.0410383225173897,0.009743018298833277,0.7372779133876329,0.7070577547562757,0.031097665032288217,NOT_APPLICABLE
llama3-8b-inst,alphaedit,3,2d7a05de733521918b9b3c10f95568ee42e8fa4bbeb9911964758f2e95f6e9e4,4,1.0,1.0140582453769353,0.5903116453029527,0.40968835469704734,2.5024990988755587,0.2000000000000001,0.5142361161355061,0.5071625493999875,0.0
llama3-8b-inst,alphaedit,3,2d7a05de733521918b9b3c10f95568ee42e8fa4bbeb9911964758f2e95f6e9e4,5,1.0140582453769353,0.9581163486576654,0.461284505187338,0.538715494812662,1.3269749535512247,0.25351456134423384,0.3561537571273738,0.36307294031303816,0.0
llama3-8b-inst,alphaedit,3,2d7a05de733521918b9b3c10f95568ee42e8fa4bbeb9911964758f2e95f6e9e4,6,0.9581163486576654,0.8206225910488638,0.5781775361063621,0.42182246389363787,0.858510832155463,0.31937211621922174,0.3305663572327483,0.3054932504971507,0.0
llama3-8b-inst,alphaedit,3,2d7a05de733521918b9b3c10f95568ee42e8fa4bbeb9911964758f2e95f6e9e4,7,0.8206225910488638,0.5797839352962619,0.7066560710143321,0.29334392898566786,0.5691462215589617,0.4103112955244319,0.37229735622555765,0.2627203975810454,0.0
llama3-8b-inst,alphaedit,3,2d7a05de733521918b9b3c10f95568ee42e8fa4bbeb9911964758f2e95f6e9e4,8,0.5797839352962619,0.046535034647280774,0.9200725022974805,0.0799274977025195,0.007327963744849521,0.5797839352962619,0.5334601751078553,0.046535034647280774,NOT_APPLICABLE
llama3-8b-inst,alphaedit,3,7ad81b264c5bf8e0448ecd9bcdb6f342989288fde3543b7704f2c1ec659b7185,4,1.0,0.8905804894404535,0.7971329754183959,0.2028670245816041,1.471138667150226,0.20000000000000004,0.3346442862792619,0.29701205414239573,0.0
llama3-8b-inst,alphaedit,3,7ad81b264c5bf8e0448ecd9bcdb6f342989288fde3543b7704f2c1ec659b7185,5,0.8905804894404535,0.7811408052570271,0.6374774400731401,0.3625225599268599,1.001354842702029,0.22264512236011338,0.2642910148914046,0.2371075563776833,0.0
llama3-8b-inst,alphaedit,3,7ad81b264c5bf8e0448ecd9bcdb6f342989288fde3543b7704f2c1ec659b7185,6,0.7811408052570271,0.6192666543218097,0.7101379542195673,0.28986204578043273,0.6425889496874616,0.26038026841900913,0.24936987820838374,0.1835524960136522,0.0
llama3-8b-inst,alphaedit,3,7ad81b264c5bf8e0448ecd9bcdb6f342989288fde3543b7704f2c1ec659b7185,7,0.6192666543218097,0.3957861521459024,0.8013574117250036,0.19864258827499637,0.4440238083388238,0.30963332716090486,0.2836705762606836,0.1506155361990652,0.0
llama3-8b-inst,alphaedit,3,7ad81b264c5bf8e0448ecd9bcdb6f342989288fde3543b7704f2c1ec659b7185,8,0.3957861521459024,0.025023796535970512,0.9374615101005632,0.06253848989943678,0.009295550394912637,0.3957861521459024,0.37105252352590345,0.025023796535970512,NOT_APPLICABLE
llama3-8b-inst,alphaedit,3,b11185489a6e191b8145c5e43c46e1ac11afecedbb8858886ba16fb0915c52d5,4,1.0,0.9418450749585777,0.5183138664988662,0.48168613350113376,1.44613036458573,0.20000000000000023,0.3072420736541046,0.30484845825978063,0.0
llama3-8b-inst,alphaedit,3,b11185489a6e191b8145c5e43c46e1ac11afecedbb8858886ba16fb0915c52d5,5,0.9418450749585777,0.8675387110195906,0.45676650277261505,0.5432334972273849,1.0101796225945054,0.23546126873964443,0.2610434650287698,0.2700696105184817,0.0
llama3-8b-inst,alphaedit,3,b11185489a6e191b8145c5e43c46e1ac11afecedbb8858886ba16fb0915c52d5,6,0.8675387110195906,0.7327334518233338,0.5905095271659914,0.40949047283400863,0.784013927191128,0.28917957033986375,0.2838352121099082,0.255782605139731,0.0
llama3-8b-inst,alphaedit,3,b11185489a6e191b8145c5e43c46e1ac11afecedbb8858886ba16fb0915c52d5,7,0.7327334518233338,0.5140145665349504,0.7033367136993428,0.2966632863006572,0.5358068901622673,0.3663667259116669,0.3239335690148587,0.22438223641182994,0.0
llama3-8b-inst,alphaedit,3,b11185489a6e191b8145c5e43c46e1ac11afecedbb8858886ba16fb0915c52d5,8,0.5140145665349504,0.03322278292634902,0.9363528976958662,0.06364710230413384,0.011251294642012024,0.5140145665349504,0.4813337740629825,0.03322278292634902,NOT_APPLICABLE
llama3-8b-inst,alphaedit,3,472026d0a81e0abea282876d5064eede5f410d0102c44d94d070ebf92420c771,4,1.0,0.9797226889555636,0.7013486487285184,0.29865135127148157,2.3490445380132456,0.20000000000000007,0.4903019546623557,0.47359066169789027,0.0
llama3-8b-inst,alphaedit,3,472026d0a81e0abea282876d5064eede5f410d0102c44d94d070ebf92420c771,5,0.9797226889555636,0.9460593840352924,0.45833087573328885,0.5416691242667111,1.5414112094627772,0.2449306722388909,0.39387530616632727,0.40017159385173556,0.0
llama3-8b-inst,alphaedit,3,472026d0a81e0abea282876d5064eede5f410d0102c44d94d070ebf92420c771,6,0.9460593840352924,0.7835703233506902,0.6636274864620777,0.3363725135379223,0.845750003658078,0.31535312801176413,0.33901480782239235,0.2870301722820498,0.0
llama3-8b-inst,alphaedit,3,472026d0a81e0abea282876d5064eede5f410d0102c44d94d070ebf92420c771,7,0.7835703233506902,0.5568752811602617,0.7119290746826159,0.2880709253173841,0.6009926225246379,0.3917851616753451,0.36501997999551905,0.2611115075454332,0.0
llama3-8b-inst,alphaedit,3,472026d0a81e0abea282876d5064eede5f410d0102c44d94d070ebf92420c771,8,0.5568752811602617,0.03637476872848947,0.9348393568742281,0.06516064312577186,0.004551574417014477,0.5568752811602617,0.520595100075718,0.03637476872848947,NOT_APPLICABLE
llama3-8b-inst,alphaedit,3,34da1f2e8dc9670ec41d7784fa8d025678bc1009ebfcc9577823787902857e92,4,1.0,0.9477490972934954,0.5841776209185137,0.41582237908148634,1.7193665990471598,0.19999999999999996,0.36317956961817077,0.3537869275631298,0.0
llama3-8b-inst,alphaedit,3,34da1f2e8dc9670ec41d7784fa8d025678bc1009ebfcc9577823787902857e92,5,0.9477490972934954,0.8704317735412912,0.5155294952102383,0.4844705047897617,1.1637832787371691,0.23693727432337386,0.30158701110178054,0.29868226622143124,0.0
llama3-8b-inst,alphaedit,3,34da1f2e8dc9670ec41d7784fa8d025678bc1009ebfcc9577823787902857e92,6,0.8704317735412912,0.7686181149694601,0.5034236753701928,0.49657632462980716,0.8858883142795665,0.2901439245137637,0.29563850705863215,0.29466199776321633,0.0
llama3-8b-inst,alphaedit,3,34da1f2e8dc9670ec41d7784fa8d025678bc1009ebfcc9577823787902857e92,7,0.7686181149694601,0.5685923872917877,0.664084801309718,0.33591519869028197,0.6358504398342277,0.38430905748473004,0.353337518870035,0.2763673296518637,0.0
llama3-8b-inst,alphaedit,3,34da1f2e8dc9670ec41d7784fa8d025678bc1009ebfcc9577823787902857e92,8,0.5685923872917877,0.041357455991175934,0.9279057488066919,0.07209425119330815,0.009645026686415733,0.5685923872917877,0.5276286460413674,0.041357455991175934,NOT_APPLICABLE
llama3-8b-inst,alphaedit,3,9a6dd76f564eabe6d772c906c071d9d837193dc7543a04dc4a666f2c4bfaf5fc,4,1.0,1.0265292181126686,0.9428413227781152,0.057158677221884835,3.1438065078529145,0.20000000000000015,0.6564287964054082,0.6288652152313756,0.0
llama3-8b-inst,alphaedit,3,9a6dd76f564eabe6d772c906c071d9d837193dc7543a04dc4a666f2c4bfaf5fc,5,1.0265292181126686,1.0429130666202542,0.22163611189235563,0.7783638881076443,1.4962539486752264,0.25663230452816715,0.3881769071844284,0.4328365516022808,0.0
llama3-8b-inst,alphaedit,3,9a6dd76f564eabe6d772c906c071d9d837193dc7543a04dc4a666f2c4bfaf5fc,6,1.0429130666202542,0.9530443678590272,0.5137343387583915,0.4862656612416085,1.1550916004230944,0.3476376888734177,0.43947778274949795,0.4356846083338791,0.0
llama3-8b-inst,alphaedit,3,9a6dd76f564eabe6d772c906c071d9d837193dc7543a04dc4a666f2c4bfaf5fc,7,0.9530443678590272,0.8653327218926687,0.7040002008634598,0.2959997991365402,1.2720062683523534,0.4765221839295136,0.6927813552321184,0.6223342920736089,0.0
llama3-8b-inst,alphaedit,3,9a6dd76f564eabe6d772c906c071d9d837193dc7543a04dc4a666f2c4bfaf5fc,8,0.8653327218926687,0.061254645937147675,0.9307152912471351,0.06928470875286485,0.014508062984277096,0.8653327218926687,0.8054762390581364,0.061254645937147675,NOT_APPLICABLE
llama3-8b-inst,alphaedit,3,c36d70eb53ba78389390e289afb5dd9f925d5772a413bd1a75bd67a4b4a12428,4,1.0,0.9728454775355365,0.7959928043678894,0.20400719563211056,2.4468411428016927,0.2000000000000001,0.5146119362281655,0.49106620791810823,0.0
llama3-8b-inst,alphaedit,3,c36d70eb53ba78389390e289afb5dd9f925d5772a413bd1a75bd67a4b4a12428,5,0.9728454775355365,0.9387635026757173,0.3280906794211471,0.6719093205788529,1.189812613560338,0.24321136938388413,0.3001761925592141,0.33232999839128713,0.0
llama3-8b-inst,alphaedit,3,c36d70eb53ba78389390e289afb5dd9f925d5772a413bd1a75bd67a4b4a12428,6,0.9387635026757173,0.8608922880064243,0.5541858062263483,0.4458141937736517,1.2596846825562358,0.31292116755857213,0.4306422207655265,0.4181399420940901,0.0
llama3-8b-inst,alphaedit,3,c36d70eb53ba78389390e289afb5dd9f925d5772a413bd1a75bd67a4b4a12428,7,0.8608922880064243,0.7115135931550092,0.807631203765484,0.19236879623451597,1.1447965009865055,0.43044614400321213,0.6030590710648961,0.4996819341658958,0.0
llama3-8b-inst,alphaedit,3,c36d70eb53ba78389390e289afb5dd9f925d5772a413bd1a75bd67a4b4a12428,8,0.7115135931550092,0.03510801538368874,0.9516239952641586,0.04837600473584136,0.00971936710210971,0.7115135931550092,0.6771287226546375,0.03510801538368874,NOT_APPLICABLE
llama3-8b-inst,alphaedit,3,63e9e046e3468bc2aaa15480bfe629a10c7ed43491d17ef3a0eceed9d49c6365,4,1.0,0.9268458862899991,0.4771629974959568,0.5228370025040432,1.0099642924864098,0.20000000000000012,0.2234020947329633,0.22745429459871605,0.0
llama3-8b-inst,alphaedit,3,63e9e046e3468bc2aaa15480bfe629a10c7ed43491d17ef3a0eceed9d49c6365,5,0.9268458862899991,0.8324186207217659,0.5318517862071087,0.4681482137928913,0.9369386900988483,0.23171147157249977,0.24963837674340567,0.2426912878813616,0.0
llama3-8b-inst,alphaedit,3,63e9e046e3468bc2aaa15480bfe629a10c7ed43491d17ef3a0eceed9d49c6365,6,0.8324186207217659,0.7245171746996103,0.5453223629818119,0.4546776370181881,0.8902510058865633,0.2774728735739219,0.28967999670408656,0.2773727720351844,0.0
llama3-8b-inst,alphaedit,3,63e9e046e3468bc2aaa15480bfe629a10c7ed43491d17ef3a0eceed9d49c6365,7,0.7245171746996103,0.5630569402550233,0.650323901687868,0.349676098312132,0.7708497543136228,0.36225858734980515,0.3653482507894313,0.30663487579439946,0.0
llama3-8b-inst,alphaedit,3,63e9e046e3468bc2aaa15480bfe629a10c7ed43491d17ef3a0eceed9d49c6365,8,0.5630569402550233,0.03403161050427024,0.9424951976083916,0.05750480239160838,0.018608807155979783,0.5630569402550233,0.5307818901225034,0.03403161050427024,NOT_APPLICABLE
llama3-8b-inst,alphaedit,4,94bd4b37a5d07ad36fd1f8d54bbc8b2908a74560edcbbcfa2e8cd869eebaf856,4,1.0,0.9421919666447458,0.5999293716782349,0.4000706283217651,1.6830095115677293,0.20000000000000007,0.3573478007224713,0.34598135924776197,0.0
llama3-8b-inst,alphaedit,4,94bd4b37a5d07ad36fd1f8d54bbc8b2908a74560edcbbcfa2e8cd869eebaf856,5,0.9421919666447458,0.8988682618947316,0.45641280189354416,0.5435871981064558,1.416121698762885,0.23554799166118645,0.3504613212829428,0.3572951472103963,0.0
llama3-8b-inst,alphaedit,4,94bd4b37a5d07ad36fd1f8d54bbc8b2908a74560edcbbcfa2e8cd869eebaf856,6,0.8988682618947316,0.7647762096722611,0.5915467353120941,0.4084532646879059,0.8452360156102988,0.2996227539649103,0.3091130370013296,0.2812718862642446,0.0
llama3-8b-inst,alphaedit,4,94bd4b37a5d07ad36fd1f8d54bbc8b2908a74560edcbbcfa2e8cd869eebaf856,7,0.7647762096722611,0.5186321207069001,0.7512643563293994,0.24873564367060064,0.5293418931097084,0.38238810483613056,0.3514229844366551,0.22364711621097128,0.0
llama3-8b-inst,alphaedit,4,94bd4b37a5d07ad36fd1f8d54bbc8b2908a74560edcbbcfa2e8cd869eebaf856,8,0.5186321207069001,0.02514780720963754,0.9520728396901434,0.047927160309856554,0.007358205160160247,0.5186321207069001,0.4937903026734537,0.02514780720963754,NOT_APPLICABLE
llama3-8b-inst,alphaedit,4,53a3ee42de862f325a85838efdb208f2f0d6da19694bc8ccc8241fd530598eea,4,1.0,0.9336329256907381,0.8316539628659639,0.16834603713403606,2.101583287203999,0.2,0.45203100013188513,0.4216630266586765,0.0
llama3-8b-inst,alphaedit,4,53a3ee42de862f325a85838efdb208f2f0d6da19694bc8ccc8241fd530598eea,5,0.9336329256907381,0.8407742428832581,0.5823801860817938,0.41761981391820624,1.1381763046246214,0.23340823142268452,0.2984169634377472,0.2829781571728417,0.0
llama3-8b-inst,alphaedit,4,53a3ee42de862f325a85838efdb208f2f0d6da19694bc8ccc8241fd530598eea,6,0.8407742428832581,0.7067678003022502,0.5854821516586983,0.4145178483413017,0.7278820268540411,0.2802580809610861,0.26179789190002783,0.23475479710166763,0.0
llama3-8b-inst,alphaedit,4,53a3ee42de862f325a85838efdb208f2f0d6da19694bc8ccc8241fd530598eea,7,0.7067678003022502,0.4720932766616981,0.7815121373759824,0.21848786262401765,0.5476993159711243,0.3533839001511251,0.33724300829762077,0.20838011750496632,0.0
llama3-8b-inst,alphaedit,4,53a3ee42de862f325a85838efdb208f2f0d6da19694bc8ccc8241fd530598eea,8,0.4720932766616981,0.03514721803004523,0.9261351390939816,0.0738648609060184,0.009313696949962735,0.4720932766616981,0.4372442808143079,0.03514721803004523,NOT_APPLICABLE
llama3-8b-inst,alphaedit,4,569f1a97c3971140f8e826932006d0d697bae8da7872d2105db2e6eab60839d6,4,1.0,0.9041114422576795,0.6904944665626787,0.30950553343732135,1.3651371937664933,0.2000000000000001,0.30596615277891953,0.2799566561475528,0.0
llama3-8b-inst,alphaedit,4,569f1a97c3971140f8e826932006d0d697bae8da7872d2105db2e6eab60839d6,5,0.9041114422576795,0.8224365086494663,0.5185511886316181,0.4814488113683819,1.0579676384820336,0.22602786056441987,0.26630944192878037,0.26272649386997243,0.0
llama3-8b-inst,alphaedit,4,569f1a97c3971140f8e826932006d0d697bae8da7872d2105db2e6eab60839d6,6,0.8224365086494663,0.6970779973464497,0.5746032313995701,0.42539676860042985,0.7634961818568373,0.2741455028831555,0.2619625311941422,0.23960518175912648,0.0
llama3-8b-inst,alphaedit,4,569f1a97c3971140f8e826932006d0d697bae8da7872d2105db2e6eab60839d6,7,0.6970779973464497,0.47533933361569564,0.737964006150944,0.26203599384905596,0.5169429816630445,0.34853899867322485,0.3140374907935036,0.2020001986556262,0.0
llama3-8b-inst,alphaedit,4,569f1a97c3971140f8e826932006d0d697bae8da7872d2105db2e6eab60839d6,8,0.47533933361569564,0.03574008856149818,0.9251373988716306,0.0748626011283694,0.006993798237574662,0.47533933361569564,0.4397667604065099,0.03574008856149818,NOT_APPLICABLE
llama3-8b-inst,alphaedit,4,93140396d3eb2d8f451a94d46170ab2af2e1f02d91529583cd73ad449bfb207e,4,1.0,0.921241905636972,0.6551186176093192,0.3448813823906808,1.529435186758772,0.20000000000000018,0.33276732974462386,0.3135675466891016,0.0
llama3-8b-inst,alphaedit,4,93140396d3eb2d8f451a94d46170ab2af2e1f02d91529583cd73ad449bfb207e,5,0.921241905636972,0.8675472457509792,0.5143757873325623,0.4856242126674377,1.42816513076206,0.230310476409243,0.34960478610960155,0.3474168089255694,0.0
llama3-8b-inst,alphaedit,4,93140396d3eb2d8f451a94d46170ab2af2e1f02d91529583cd73ad449bfb207e,6,0.8675472457509792,0.7816793140229825,0.5313863097600503,0.4686136902399497,1.1011426935929876,0.28918241525032645,0.35357049063379326,0.34606739128162595,0.0
llama3-8b-inst,alphaedit,4,93140396d3eb2d8f451a94d46170ab2af2e1f02d91529583cd73ad449bfb207e,7,0.7816793140229825,0.5320490090596748,0.7982115962953185,0.20178840370468154,0.6394022560437158,0.39083965701149126,0.39972350825924763,0.2620531969951356,0.0
llama3-8b-inst,alphaedit,4,93140396d3eb2d8f451a94d46170ab2af2e1f02d91529583cd73ad449bfb207e,8,0.5320490090596748,0.033329022835925155,0.9395391757682319,0.06046082423176813,0.016389178205509218,0.5320490090596748,0.49995693548815495,0.033329022835925155,NOT_APPLICABLE
llama3-8b-inst,alphaedit,4,e558da6313163140b0e184e8308f584bc1635823d3d2f9b3340fe9126e729a14,4,1.0,0.9161695443697195,0.5529569238497827,0.4470430761502173,1.0990785820995284,0.20000000000000004,0.24606788406968683,0.2373032862447344,0.0
llama3-8b-inst,alphaedit,4,e558da6313163140b0e184e8308f584bc1635823d3d2f9b3340fe9126e729a14,5,0.9161695443697195,0.8224377595127137,0.5201380914504844,0.4798619085495156,0.8855315762108192,0.22904238609242988,0.23522439024817351,0.23068942002842457,0.0
llama3-8b-inst,alphaedit,4,e558da6313163140b0e184e8308f584bc1635823d3d2f9b3340fe9126e729a14,6,0.8224377595127137,0.7017971890710784,0.5610842610228078,0.43891573897719216,0.7778074135944457,0.2741459198375711,0.2629229342807389,0.2448403024749853,0.0
llama3-8b-inst,alphaedit,4,e558da6313163140b0e184e8308f584bc1635823d3d2f9b3340fe9126e729a14,7,0.7017971890710784,0.48284853377587716,0.7660849511810507,0.2339150488189493,0.6090355466254488,0.3508985945355392,0.34341670275580954,0.22893021972552355,0.0
llama3-8b-inst,alphaedit,4,e558da6313163140b0e184e8308f584bc1635823d3d2f9b3340fe9126e729a14,8,0.48284853377587716,0.03688528511470761,0.9241027866906517,0.07589721330934829,0.008671722417183638,0.48284853377587716,0.44622132105431406,0.03688528511470761,NOT_APPLICABLE
llama3-8b-inst,alphaedit,4,7412f9b677bdd6da6ceaf7b352a8013e66884fca96673ccdef4c91ded318ed24,4,1.0,0.9329378648490245,0.5072469943729639,0.49275300562703606,1.2547895927826611,0.2,0.270687748925294,0.2696147211641199,0.0
llama3-8b-inst,alphaedit,4,7412f9b677bdd6da6ceaf7b352a8013e66884fca96673ccdef4c91ded318ed24,5,0.9329378648490245,0.8727636985387507,0.43255550141503957,0.5674444985849605,1.1295637251986148,0.23323446621225613,0.28210944939797566,0.2948278748075459,0.0
llama3-8b-inst,alphaedit,4,7412f9b677bdd6da6ceaf7b352a8013e66884fca96673ccdef4c91ded318ed24,6,0.8727636985387507,0.7653894464777321,0.5014729969685134,0.49852700303148656,0.8240655246916833,0.29092123284625027,0.2806386047790617,0.2801940252988235,0.0
llama3-8b-inst,alphaedit,4,7412f9b677bdd6da6ceaf7b352a8013e66884fca96673ccdef4c91ded318ed24,7,0.7653894464777321,0.548095247438211,0.6899299057124468,0.31007009428755317,0.5787159719779006,0.38269472323886605,0.3446198283278958,0.2512575610318599,0.0
llama3-8b-inst,alphaedit,4,7412f9b677bdd6da6ceaf7b352a8013e66884fca96673ccdef4c91ded318ed24,8,0.548095247438211,0.015780154507602912,0.9743370674160732,0.025662932583926823,0.013051042640405503,0.548095247438211,0.5340774218157687,0.015780154507602912,NOT_APPLICABLE
llama3-8b-inst,alphaedit,4,23c1238dd9069718d334ae7f722280560776c5e930ea2fdbe0f4b20ca542081e,4,1.0,0.9704170514883418,0.2512712446521887,0.7487287553478112,0.996145849570242,0.20000000000000012,0.20546958821247246,0.24923092125181442,0.0
llama3-8b-inst,alphaedit,4,23c1238dd9069718d334ae7f722280560776c5e930ea2fdbe0f4b20ca542081e,5,0.9704170514883418,0.9402846488494506,0.24789536593582182,0.7521046340641782,0.9713423696494055,0.24260426287208545,0.2432049487221698,0.2980349064062381,0.0
llama3-8b-inst,alphaedit,4,23c1238dd9069718d334ae7f722280560776c5e930ea2fdbe0f4b20ca542081e,6,0.9402846488494506,0.8824051373100623,0.3666958136606292,0.6333041863393708,0.9958990988123346,0.31342821628315015,0.33263001711999246,0.3699102604484226,0.0
llama3-8b-inst,alphaedit,4,23c1238dd9069718d334ae7f722280560776c5e930ea2fdbe0f4b20ca542081e,7,0.8824051373100623,0.7722516439681658,0.6081411688645133,0.3918588311354867,1.06131824493153,0.44120256865503116,0.5396814812839605,0.4991539290022621,0.0
llama3-8b-inst,alphaedit,4,23c1238dd9069718d334ae7f722280560776c5e930ea2fdbe0f4b20ca542081e,8,0.7722516439681658,0.021365766124281392,0.9815875010706722,0.018412498929327836,0.020650282468448914,0.7722516439681658,0.758200288707612,0.021365766124281392,NOT_APPLICABLE
llama3-8b-inst,alphaedit,4,35bf1daae2dea57e75a545d92be2a5b950f31eba85989d792f9f262e54660b84,4,1.0,0.9622812147813282,0.3011235177951029,0.6988764822048972,1.0344990154695164,0.20000000000000034,0.2154867593126497,0.24968913075154023,0.0
llama3-8b-inst,alphaedit,4,35bf1daae2dea57e75a545d92be2a5b950f31eba85989d792f9f262e54660b84,5,0.9622812147813282,0.9204257207629675,0.28503773434375995,0.71496226565624,0.9151231002382278,0.24057030369533206,0.2305834420930333,0.27937467069496086,0.0
llama3-8b-inst,alphaedit,4,35bf1daae2dea57e75a545d92be2a5b950f31eba85989d792f9f262e54660b84,6,0.9204257207629675,0.8481373932091031,0.3944554420393437,0.6055445579606563,0.9235630641765754,0.30680857358765573,0.3081195010519382,0.33883294145993303,0.0
llama3-8b-inst,alphaedit,4,35bf1daae2dea57e75a545d92be2a5b950f31eba85989d792f9f262e54660b84,7,0.8481373932091031,0.6350013891090466,0.6364119333975173,0.36358806660248266,0.6187413527401177,0.42406869660455154,0.3764098848009621,0.30433751548776133,0.0
llama3-8b-inst,alphaedit,4,35bf1daae2dea57e75a545d92be2a5b950f31eba85989d792f9f262e54660b84,8,0.6350013891090466,0.04580399617081133,0.9282602079793739,0.07173979202062608,0.0075129837350883105,0.6350013891090466,0.5894658275406325,0.04580399617081133,NOT_APPLICABLE
llama3-8b-inst,alphaedit,4,82e5ab0c97a6d3bf7b7c62e0fd42a5e8a875b906ce593c077f599ad5435d28ea,4,1.0,0.9089375144641834,0.856970180397028,0.143029819602972,1.8680174099533355,0.20000000000000007,0.41104194111932035,0.37469702818060496,0.0
llama3-8b-inst,alphaedit,4,82e5ab0c97a6d3bf7b7c62e0fd42a5e8a875b906ce593c077f599ad5435d28ea,5,0.9089375144641834,0.8168697269481546,0.55110083098673,0.44889916901327,1.0138646243462768,0.22723437861604584,0.2622203603346845,0.2519569154767657,0.0
llama3-8b-inst,alphaedit,4,82e5ab0c97a6d3bf7b7c62e0fd42a5e8a875b906ce593c077f599ad5435d28ea,6,0.8168697269481546,0.6754893127389323,0.6575861512225464,0.3424138487774536,0.8169023550723296,0.27228990898271815,0.28554748237992855,0.24118442031541254,0.0
llama3-8b-inst,alphaedit,4,82e5ab0c97a6d3bf7b7c62e0fd42a5e8a875b906ce593c077f599ad5435d28ea,7,0.6754893127389323,0.4524140488703992,0.7528343798611357,0.24716562013886434,0.4887519555624457,0.33774465636946616,0.3031506325650167,0.18498090688990093,0.0
llama3-8b-inst,alphaedit,4,82e5ab0c97a6d3bf7b7c62e0fd42a5e8a875b906ce593c077f599ad5435d28ea,8,0.4524140488703992,0.029094649539953835,0.9361101897093363,0.06388981029066365,0.0073376015282535486,0.4524140488703992,0.4235224112169163,0.029094649539953835,NOT_APPLICABLE
llama3-8b-inst,alphaedit,4,eca5f60936dfc2d99bd2d8d8059966c1e2abd050a28822126da716e6255c6720,4,1.0,0.9537230573928631,0.822648696455636,0.17735130354436401,2.2998756144291703,0.20000000000000004,0.4885152492860833,0.46134071256349546,0.0
llama3-8b-inst,alphaedit,4,eca5f60936dfc2d99bd2d8d8059966c1e2abd050a28822126da716e6255c6720,5,0.9537230573928631,0.859384402907134,0.6121969109409482,0.3878030890590518,1.2304562776832828,0.23843076434821578,0.3276847001636216,0.3076046925324487,0.0
llama3-8b-inst,alphaedit,4,eca5f60936dfc2d99bd2d8d8059966c1e2abd050a28822126da716e6255c6720,6,0.859384402907134,0.7139219433776034,0.6437604084726859,0.3562395915273141,0.8119374053059821,0.28646146763571123,0.2968257570560646,0.2539911853456286,0.0
llama3-8b-inst,alphaedit,4,eca5f60936dfc2d99bd2d8d8059966c1e2abd050a28822126da716e6255c6720,7,0.7139219433776034,0.5597152764975714,0.7364394320067088,0.2635605679932912,0.9284626247073159,0.3569609716888017,0.4230229823061366,0.3445194941406826,0.0
llama3-8b-inst,alphaedit,4,eca5f60936dfc2d99bd2d8d8059966c1e2abd050a28822126da716e6255c6720,8,0.5597152764975714,0.03242761179148439,0.942309317323774,0.05769068267622601,0.0053248818320144505,0.5597152764975714,0.5274333410241339,0.03242761179148439,NOT_APPLICABLE
llama3-8b-inst,alphaedit,5,c26d9f7b75c14056267c2567ba556e5b76ebfdac6a2231a6d3f1fc8bfa91ec2d,4,1.0,0.9137707427987571,0.8999632527047814,0.10003674729521861,2.015966996432149,0.20000000000000004,0.44154532210963865,0.4036894985759756,0.0
llama3-8b-inst,alphaedit,5,c26d9f7b75c14056267c2567ba556e5b76ebfdac6a2231a6d3f1fc8bfa91ec2d,5,0.9137707427987571,0.8507273656285574,0.4330685138084684,0.5669314861915316,1.0702325026336597,0.22844268569968929,0.26374456970891597,0.27667124759626066,0.0
llama3-8b-inst,alphaedit,5,c26d9f7b75c14056267c2567ba556e5b76ebfdac6a2231a6d3f1fc8bfa91ec2d,6,0.8507273656285574,0.7580711231434811,0.5567800990113854,0.44321990098861463,1.0848882644358782,0.28357578854285254,0.34579816114766904,0.33233176052655383,0.0
llama3-8b-inst,alphaedit,5,c26d9f7b75c14056267c2567ba556e5b76ebfdac6a2231a6d3f1fc8bfa91ec2d,7,0.7580711231434811,0.53446450039239,0.7874775627100798,0.21252243728992015,0.7197711924119694,0.37903556157174056,0.4043780962239114,0.2844626803408075,0.0
llama3-8b-inst,alphaedit,5,c26d9f7b75c14056267c2567ba556e5b76ebfdac6a2231a6d3f1fc8bfa91ec2d,8,0.53446450039239,0.028201831915181975,0.9478371861339118,0.05216281386608823,0.007959052408886155,0.53446450039239,0.5066031876775176,0.028201831915181975,NOT_APPLICABLE
llama3-8b-inst,alphaedit,5,a61a8732e7087bac9df081e4cfb0319a07f61ccb3987494c7f24ded194e18d42,4,1.0,0.9967630558684298,0.5577975027031407,0.44220249729685934,2.259480407441904,0.20000000000000004,0.4654627703967598,0.4604690982130902,0.0
llama3-8b-inst,alphaedit,5,a61a8732e7087bac9df081e4cfb0319a07f61ccb3987494c7f24ded194e18d42,5,0.9967630558684298,0.9560452227232703,0.42674593019358864,0.5732540698064114,1.396908369880647,0.24919076396710746,0.363977645455065,0.37626759258103143,0.0
llama3-8b-inst,alphaedit,5,a61a8732e7087bac9df081e4cfb0319a07f61ccb3987494c7f24ded194e18d42,6,0.9560452227232703,0.8764217920313585,0.5665085231388525,0.43349147686114753,1.2811832367641158,0.31868174090775664,0.4464232318360564,0.4310275511168502,0.0
llama3-8b-inst,alphaedit,5,a61a8732e7087bac9df081e4cfb0319a07f61ccb3987494c7f24ded194e18d42,7,0.8764217920313585,0.6690564099751513,0.7757118235419378,0.2242881764580622,0.9122548574045575,0.43821089601567925,0.5247450159198475,0.4116650535859402,0.0
llama3-8b-inst,alphaedit,5,a61a8732e7087bac9df081e4cfb0319a07f61ccb3987494c7f24ded194e18d42,8,0.6690564099751513,0.04316673484742927,0.9390366751037551,0.0609633248962449,0.021122312143498995,0.6690564099751513,0.6284274265402366,0.04316673484742927,NOT_APPLICABLE
llama3-8b-inst,alphaedit,5,c95165b3bb5e2754faaa370e60fd0e96d24767b8eda1af67c1f801d7f4671c79,4,1.0,0.9868041845899072,0.7212122661653846,0.2787877338346154,2.4569367099887245,0.20000000000000004,0.5121204987015306,0.4945406190567913,0.0
llama3-8b-inst,alphaedit,5,c95165b3bb5e2754faaa370e60fd0e96d24767b8eda1af67c1f801d7f4671c79,5,0.9868041845899072,0.8661572070797247,0.7669996354180617,0.2330003645819383,1.3691385192672685,0.2467010461474768,0.38715787400097446,0.3426240985161079,0.0
llama3-8b-inst,alphaedit,5,c95165b3bb5e2754faaa370e60fd0e96d24767b8eda1af67c1f801d7f4671c79,6,0.8661572070797247,0.7350138404652055,0.5983797495947294,0.4016202504052706,0.8445066308514971,0.28871906902657474,0.2988276918844819,0.26999328363991565,0.0
llama3-8b-inst,alphaedit,5,c95165b3bb5e2754faaa370e60fd0e96d24767b8eda1af67c1f801d7f4671c79,7,0.7350138404652055,0.4839506776758762,0.774693888740048,0.22530611125995204,0.48240340978036844,0.36750692023260273,0.33539183124000554,0.19566970389889085,0.0
llama3-8b-inst,alphaedit,5,c95165b3bb5e2754faaa370e60fd0e96d24767b8eda1af67c1f801d7f4671c79,8,0.4839506776758762,0.042753292540994685,0.9129279963792306,0.08707200362076939,0.014927143313994322,0.4839506776758762,0.44187117782811197,0.042753292540994685,NOT_APPLICABLE
llama3-8b-inst,alphaedit,5,b60dce4b4fb7c58f26743b14e89bf6f65fd42fa8a116dc3a52707814fd0496fe,4,1.0,0.9608420046902773,0.35345503440292964,0.6465449655970703,1.2206776118678164,0.20000000000000018,0.25416406460867674,0.27626611986664135,0.0
llama3-8b-inst,alphaedit,5,b60dce4b4fb7c58f26743b14e89bf6f65fd42fa8a116dc3a52707814fd0496fe,5,0.9608420046902773,0.9029819448855709,0.3873134641369946,0.6126865358630054,1.0390076690473948,0.2402105011725693,0.26635745033109076,0.2897422338679004,0.0
llama3-8b-inst,alphaedit,5,b60dce4b4fb7c58f26743b14e89bf6f65fd42fa8a116dc3a52707814fd0496fe,6,0.9029819448855709,0.7919119695880054,0.5269592631012493,0.4730407368987507,0.8978722847341527,0.3009939816285236,0.31336071363585455,0.3054669537052775,0.0
llama3-8b-inst,alphaedit,5,b60dce4b4fb7c58f26743b14e89bf6f65fd42fa8a116dc3a52707814fd0496fe,7,0.7919119695880054,0.5800374052549684,0.6932601229165064,0.3067398770834936,0.6620980877409194,0.3959559847940027,0.37957776373278734,0.28892939139772855,0.0
llama3-8b-inst,alphaedit,5,b60dce4b4fb7c58f26743b14e89bf6f65fd42fa8a116dc3a52707814fd0496fe,8,0.5800374052549684,0.027087486004444,0.9547820611089477,0.0452179388910523,0.011669875928514028,0.5800374052549684,0.5538506747843915,0.027087486004444,NOT_APPLICABLE
llama3-8b-inst,alphaedit,5,6a691cf16b423bb1d5a6ce4bf3417dd2d707fdac2436c48131dec1cd89b48a6b,4,1.0,0.9158089732074493,0.6030145385982789,0.3969854614017211,1.2783468767920316,0.2000000000000001,0.2826869131151869,0.2677138916058171,0.0
llama3-8b-inst,alphaedit,5,6a691cf16b423bb1d5a6ce4bf3417dd2d707fdac2436c48131dec1cd89b48a6b,5,0.9158089732074493,0.834371604781911,0.4780955472314013,0.5219044527685988,0.9365583718550684,0.2289522433018623,0.2407503260706667,0.24547330650209073,0.0
llama3-8b-inst,alphaedit,5,6a691cf16b423bb1d5a6ce4bf3417dd2d707fdac2436c48131dec1cd89b48a6b,6,0.834371604781911,0.727071588100996,0.5378138336723269,0.46218616632767306,0.8784555481013424,0.27812386826063706,0.28647134701337035,0.2760721179724931,0.0
llama3-8b-inst,alphaedit,5,6a691cf16b423bb1d5a6ce4bf3417dd2d707fdac2436c48131dec1cd89b48a6b,7,0.727071588100996,0.5042348292672769,0.7413111632600605,0.2586888367399395,0.5827117042964818,0.363535794050498,0.3427846012282856,0.2317730557825719,0.0
llama3-8b-inst,alphaedit,5,6a691cf16b423bb1d5a6ce4bf3417dd2d707fdac2436c48131dec1cd89b48a6b,8,0.5042348292672769,0.040814366565263965,0.9192599817371537,0.08074001826284627,0.005731191923894825,0.5042348292672769,0.4635319083955979,0.040814366565263965,NOT_APPLICABLE
llama3-8b-inst,alphaedit,5,2a8f1b4955bc1a289af449ade95dfac602e09ca669c961f5c2f949575e94e148,4,1.0,0.9244471337008001,0.5763815132985709,0.4236184867014291,1.3403962322030007,0.19999999999999998,0.2918134820858243,0.28114869244435114,0.0
llama3-8b-inst,alphaedit,5,2a8f1b4955bc1a289af449ade95dfac602e09ca669c961f5c2f949575e94e148,5,0.9244471337008001,0.8292763335093783,0.5227155460630971,0.4772844539369029,0.8852706471178629,0.23111178342520003,0.2375999606994763,0.23243740234535054,0.0
llama3-8b-inst,alphaedit,5,2a8f1b4955bc1a289af449ade95dfac602e09ca669c961f5c2f949575e94e148,6,0.8292763335093783,0.7033541129440105,0.5552104256369667,0.44478957436303335,0.7051894504209789,0.27642544450312606,0.2480986935028251,0.23046819984426561,0.0
llama3-8b-inst,alphaedit,5,2a8f1b4955bc1a289af449ade95dfac602e09ca669c961f5c2f949575e94e148,7,0.7033541129440105,0.47666212602893987,0.7244679970096419,0.27553200299035807,0.45838837015498796,0.35167705647200526,0.301494891381301,0.1880856823655426,0.0
llama3-8b-inst,alphaedit,5,2a8f1b4955bc1a289af449ade95dfac602e09ca669c961f5c2f949575e94e148,8,0.47666212602893987,0.04290545239761866,0.9103659253463635,0.08963407465363649,0.008242942362528502,0.47666212602893987,0.4339547451597699,0.04290545239761866,NOT_APPLICABLE
llama3-8b-inst,alphaedit,5,fc11f308500869e6b6107573e91176f8fb98c2b06cc9eb7d8107d0fb1af68f64,4,1.0,0.9281933795029358,0.6079261124893721,0.3920738875106279,1.4994201247396635,0.20000000000000004,0.3235944912213889,0.30996662037980827,0.0
llama3-8b-inst,alphaedit,5,fc11f308500869e6b6107573e91176f8fb98c2b06cc9eb7d8107d0fb1af68f64,5,0.9281933795029358,0.8474679456674231,0.506617508894902,0.493382491105098,1.0650093537535161,0.23204834487573395,0.2736701311535811,0.27236497970361767,0.0
llama3-8b-inst,alphaedit,5,fc11f308500869e6b6107573e91176f8fb98c2b06cc9eb7d8107d0fb1af68f64,6,0.8474679456674231,0.7105765971913409,0.603437653580991,0.396562346419009,0.7640543420254103,0.2824893152224742,0.27503436521296665,0.24317731890059807,0.0
llama3-8b-inst,alphaedit,5,fc11f308500869e6b6107573e91176f8fb98c2b06cc9eb7d8107d0fb1af68f64,7,0.7105765971913409,0.5272052117473168,0.6956563957136256,0.3043436042863744,0.7075222329644316,0.35528829859567046,0.3525286320026011,0.2736441315259166,0.0
llama3-8b-inst,alphaedit,5,fc11f308500869e6b6107573e91176f8fb98c2b06cc9eb7d8107d0fb1af68f64,8,0.5272052117473168,0.03256586167692068,0.9391863823270882,0.060813617672911824,0.010831876179157861,0.5272052117473168,0.4951768854977712,0.03256586167692068,NOT_APPLICABLE
llama3-8b-inst,alphaedit,5,409ab50440c393003452ca14f7a848b9b9c4c26eaf347918e74bd2328b526d48,4,1.0,0.9914837589769545,0.2757530234998183,0.7242469765001818,1.5024951290788502,0.20000000000000018,0.305518008822718,0.3335880870699871,0.0
llama3-8b-inst,alphaedit,5,409ab50440c393003452ca14f7a848b9b9c4c26eaf347918e74bd2328b526d48,5,0.9914837589769545,0.933388180648297,0.37726701120455836,0.6227329887954416,1.0274785693372719,0.24787093974423863,0.27130746610706913,0.2978072724237737,0.0
llama3-8b-inst,alphaedit,5,409ab50440c393003452ca14f7a848b9b9c4c26eaf347918e74bd2328b526d48,6,0.933388180648297,0.8020698182933221,0.5815625038323644,0.4184374961676356,0.8926833180876664,0.31112939354943225,0.3314803648680227,0.3067384666783377,0.0
llama3-8b-inst,alphaedit,5,409ab50440c393003452ca14f7a848b9b9c4c26eaf347918e74bd2328b526d48,7,0.8020698182933221,0.5797384869560881,0.7132573461417411,0.2867426538582589,0.6588400154324419,0.40103490914666107,0.3893977119042402,0.2881573307985161,0.0
llama3-8b-inst,alphaedit,5,409ab50440c393003452ca14f7a848b9b9c4c26eaf347918e74bd2328b526d48,8,0.5797384869560881,0.044315996514565664,0.9268819362804741,0.0731180637195259,0.022294164768108596,0.5797384869560881,0.5375045479001549,0.044315996514565664,NOT_APPLICABLE
llama3-8b-inst,alphaedit,5,55b3125b46809bfd09b46805671031439ad32c9f96657b2e9a2e1d248c8bbb80,4,1.0,0.9833987468188855,0.5217685853032688,0.47823141469673125,2.0303376018650656,0.20000000000000015,0.41926188637444955,0.4171798683325947,0.0
llama3-8b-inst,alphaedit,5,55b3125b46809bfd09b46805671031439ad32c9f96657b2e9a2e1d248c8bbb80,5,0.9833987468188855,0.9714036230018672,0.3520727621083277,0.6479272378916723,1.5181184245669586,0.24584968670472138,0.38313437778143694,0.40580045332076253,0.0
llama3-8b-inst,alphaedit,5,55b3125b46809bfd09b46805671031439ad32c9f96657b2e9a2e1d248c8bbb80,6,0.9714036230018672,0.816232597860036,0.6876594025655057,0.31234059743449427,1.003707217173981,0.3238012076672889,0.3939615763413222,0.34037419044107664,0.0
llama3-8b-inst,alphaedit,5,55b3125b46809bfd09b46805671031439ad32c9f96657b2e9a2e1d248c8bbb80,7,0.816232597860036,0.5935707490945011,0.8020100742695546,0.19798992573044538,0.8247091252938163,0.408116298930018,0.46948725921362344,0.3461406461540279,0.0
llama3-8b-inst,alphaedit,5,55b3125b46809bfd09b46805671031439ad32c9f96657b2e9a2e1d248c8bbb80,8,0.5935707490945011,0.011882519063110466,0.9900773094257754,0.009922690574224569,0.01738645599467621,0.5935707490945011,0.5877715372778612,0.011882519063110466,NOT_APPLICABLE
llama3-8b-inst,alphaedit,5,81c8c31e8abdcc2afdc5f07178b0a29d0dd009dcb1c5ad3746b934b567eccdeb,4,1.0,0.9060441826974488,0.7738442701080165,0.22615572989198351,1.6317197282923193,0.20000000000000004,0.3611838438290039,0.3294635449248573,0.0
llama3-8b-inst,alphaedit,5,81c8c31e8abdcc2afdc5f07178b0a29d0dd009dcb1c5ad3746b934b567eccdeb,5,0.9060441826974488,0.7893891636197872,0.6580454814919023,0.34195451850809766,0.9881845313696486,0.2265110456743622,0.2689223734705112,0.23685751769232052,0.0
llama3-8b-inst,alphaedit,5,81c8c31e8abdcc2afdc5f07178b0a29d0dd009dcb1c5ad3746b934b567eccdeb,6,0.7893891636197872,0.629363592645012,0.7322611362233821,0.26773886377661793,0.7604262806805043,0.2631297212065956,0.27778006593591076,0.21213090354479291,0.0
llama3-8b-inst,alphaedit,5,81c8c31e8abdcc2afdc5f07178b0a29d0dd009dcb1c5ad3746b934b567eccdeb,7,0.629363592645012,0.40761379077844956,0.8155316126290196,0.18446838737098037,0.5242994481579201,0.314681796322506,0.3050923549376299,0.17490151743288013,0.0
llama3-8b-inst,alphaedit,5,81c8c31e8abdcc2afdc5f07178b0a29d0dd009dcb1c5ad3746b934b567eccdeb,8,0.40761379077844956,0.023366737264134182,0.9445811595188917,0.055418840481108345,0.014662386405365465,0.40761379077844956,0.3850706905482603,0.023366737264134182,NOT_APPLICABLE
llama3-8b-inst,alphaedit,6,65fe8c1ae82c41f795ca50b2a0707d66874e1ae73ea6a6a34e23cc47f17c9e67,4,1.0,0.9869633441363425,0.33506744587587245,0.6649325541241276,1.6096025385767525,0.2000000000000002,0.3288215641029952,0.3483076590445157,0.0
llama3-8b-inst,alphaedit,6,65fe8c1ae82c41f795ca50b2a0707d66874e1ae73ea6a6a34e23cc47f17c9e67,5,0.9869633441363425,0.9646332190083307,0.3333532798739297,0.6666467201260703,1.3564252878621244,0.24674083603408561,0.34464439632684385,0.3729222589800941,0.0
llama3-8b-inst,alphaedit,6,65fe8c1ae82c41f795ca50b2a0707d66874e1ae73ea6a6a34e23cc47f17c9e67,6,0.9646332190083307,0.870287796804491,0.49639459851727485,0.5036054014827251,1.0283828444272909,0.3215444063361101,0.36717764857812446,0.36819146695765387,0.0
llama3-8b-inst,alphaedit,6,65fe8c1ae82c41f795ca50b2a0707d66874e1ae73ea6a6a34e23cc47f17c9e67,7,0.870287796804491,0.6096231876379646,0.7193443961226422,0.2806556038773578,0.568010430333087,0.4351438984022455,0.39883785950893796,0.27569153455459705,0.0
llama3-8b-inst,alphaedit,6,65fe8c1ae82c41f795ca50b2a0707d66874e1ae73ea6a6a34e23cc47f17c9e67,8,0.6096231876379646,0.04556887833575778,0.9254868400825642,0.07451315991743579,0.005936323199064552,0.6096231876379646,0.5642098438160251,0.04556887833575778,NOT_APPLICABLE
llama3-8b-inst,alphaedit,6,2f7b6e27f3bba670acf943b4dec2a696193b1ce72e53248761d42a7b1a19ccf6,4,1.0,0.9285650362686286,0.559368424511116,0.440631575488884,1.3552183865654672,0.19999999999999998,0.2932241401812033,0.2850103900283584,0.0
llama3-8b-inst,alphaedit,6,2f7b6e27f3bba670acf943b4dec2a696193b1ce72e53248761d42a7b1a19ccf6,5,0.9285650362686286,0.8458314260538241,0.48100251988848086,0.5189974801115191,0.9447358706973971,0.23214125906715716,0.24610140994688826,0.25022676880100453,0.0
llama3-8b-inst,alphaedit,6,2f7b6e27f3bba670acf943b4dec2a696193b1ce72e53248761d42a7b1a19ccf6,6,0.8458314260538241,0.721532889163545,0.5609318729294306,0.4390681270705694,0.774680502415886,0.28194380868460794,0.26966189026436116,0.2510583682022262,0.0
llama3-8b-inst,alphaedit,6,2f7b6e27f3bba670acf943b4dec2a696193b1ce72e53248761d42a7b1a19ccf6,7,0.721532889163545,0.5234083732628033,0.6728454747782632,0.3271545252217368,0.5861306946942103,0.3607664445817725,0.32192623790769354,0.24216520474943207,0.0
llama3-8b-inst,alphaedit,6,2f7b6e27f3bba670acf943b4dec2a696193b1ce72e53248761d42a7b1a19ccf6,8,0.5234083732628033,0.038473530230032985,0.9266977334590488,0.07330226654095118,0.005465753629733369,0.5234083732628033,0.48504978980405594,0.038473530230032985,NOT_APPLICABLE
llama3-8b-inst,alphaedit,6,97e557fa2d1959dfc82a211736e5b608f395a1f440583abd5d70d65a2fbf5cfe,4,1.0,0.9315171646671955,0.546980045206691,0.45301995479330903,1.3651809345111965,0.20000000000000004,0.2941364413878138,0.28767662841418273,0.0
llama3-8b-inst,alphaedit,6,97e557fa2d1959dfc82a211736e5b608f395a1f440583abd5d70d65a2fbf5cfe,5,0.9315171646671955,0.8446684954193875,0.5335491219301767,0.4664508780698233,1.067391256662437,0.23287929116679887,0.2778981631218196,0.27127194072613237,0.0
llama3-8b-inst,alphaedit,6,97e557fa2d1959dfc82a211736e5b608f395a1f440583abd5d70d65a2fbf5cfe,6,0.8446684954193875,0.7150714592244054,0.5848734684455499,0.4151265315544501,0.7856836882560608,0.2815561651397957,0.2757778797406081,0.2501938081677243,0.0
llama3-8b-inst,alphaedit,6,97e557fa2d1959dfc82a211736e5b608f395a1f440583abd5d70d65a2fbf5cfe,7,0.7150714592244054,0.4992865982508535,0.750812937633367,0.24918706236663302,0.6242193656980918,0.3575357296122027,0.3491002525933701,0.2403065725849004,0.0
llama3-8b-inst,alphaedit,6,97e557fa2d1959dfc82a211736e5b608f395a1f440583abd5d70d65a2fbf5cfe,8,0.4992865982508535,0.0363738729863106,0.9274227449742702,0.07257725502572976,0.006317510382781075,0.4992865982508535,0.4630604905648947,0.0363738729863106,NOT_APPLICABLE
llama3-8b-inst,alphaedit,6,322b5d3c47aa80d2c94addc9a85c94282e44d92f9ccc5a0cf4cab593ea40cb3b,4,1.0,0.9511762374990471,0.4997355837827173,0.5002644162172827,1.5381892125806929,0.20000000000000004,0.3234663325539929,0.32349902873627484,0.0
llama3-8b-inst,alphaedit,6,322b5d3c47aa80d2c94addc9a85c94282e44d92f9ccc5a0cf4cab593ea40cb3b,5,0.9511762374990471,0.8815966904251344,0.4236743338058608,0.5763256661941392,0.9770763237570139,0.23779405937476178,0.25324543541104494,0.26975002323957664,0.0
llama3-8b-inst,alphaedit,6,322b5d3c47aa80d2c94addc9a85c94282e44d92f9ccc5a0cf4cab593ea40cb3b,6,0.8815966904251344,0.7636520577659182,0.5430238961457301,0.4569761038542699,0.8462980445893097,0.2938655634750448,0.29549133430227587,0.2826381115175179,0.0
llama3-8b-inst,alphaedit,6,322b5d3c47aa80d2c94addc9a85c94282e44d92f9ccc5a0cf4cab593ea40cb3b,7,0.7636520577659182,0.6289111238689807,0.6779734590413176,0.32202654095868244,0.9824619291371879,0.3818260288829591,0.4557792954335089,0.3947668522095986,0.0
llama3-8b-inst,alphaedit,6,322b5d3c47aa80d2c94addc9a85c94282e44d92f9ccc5a0cf4cab593ea40cb3b,8,0.6289111238689807,0.027106430588020876,0.95853598352838,0.04146401647162001,0.011764133555740871,0.6289111238689807,0.6028793425177286,0.027106430588020876,NOT_APPLICABLE
llama3-8b-inst,alphaedit,6,2cb95a1a83adc4008a17e6b41b7af19fb47a468500652815384202b87b26ccb4,4,1.0,0.9333212526863996,0.7489729911793503,0.25102700882064966,1.9250930855883606,0.20000000000000012,0.41313164631609833,0.3882781450114111,0.0
llama3-8b-inst,alphaedit,6,2cb95a1a83adc4008a17e6b41b7af19fb47a468500652815384202b87b26ccb4,5,0.9333212526863996,0.8851843036132467,0.4151807111557639,0.5848192888442361,1.2414511317579522,0.2333303131715999,0.3054378409857576,0.3201998028357879,0.0
llama3-8b-inst,alphaedit,6,2cb95a1a83adc4008a17e6b41b7af19fb47a468500652815384202b87b26ccb4,6,0.8851843036132467,0.7647320063753247,0.5363304414512791,0.46366955854872094,0.8047453915187186,0.29506143453774875,0.2853513318241297,0.27404276175662434,0.0
llama3-8b-inst,alphaedit,6,2cb95a1a83adc4008a17e6b41b7af19fb47a468500652815384202b87b26ccb4,7,0.7647320063753247,0.6109616422558953,0.6686387702788843,0.3313612297211157,0.8835079060191283,0.38236600318766234,0.42366153586604843,0.3608016799385674,0.0
llama3-8b-inst,alphaedit,6,2cb95a1a83adc4008a17e6b41b7af19fb47a468500652815384202b87b26ccb4,8,0.6109616422558953,0.03276838167668801,0.9469772252396693,0.05302277476033068,0.008074819948195928,0.6109616422558953,0.5785877937594772,0.03276838167668801,NOT_APPLICABLE
llama3-8b-inst,alphaedit,6,39cb134a7460153810c2e46692d13f26ce9cef48815e15c399b48c97a18eb027,4,1.0,0.9702099221786453,0.48406054309851626,0.5159394569014837,1.7717147481882263,0.2000000000000001,0.36733024696218486,0.369061874061002,0.0
llama3-8b-inst,alphaedit,6,39cb134a7460153810c2e46692d13f26ce9cef48815e15c399b48c97a18eb027,5,0.9702099221786453,0.915565589659386,0.541071239250046,0.45892876074995403,1.5113759433392437,0.24255248054466133,0.38937155477661084,0.3831156816665782,0.0
llama3-8b-inst,alphaedit,6,39cb134a7460153810c2e46692d13f26ce9cef48815e15c399b48c97a18eb027,6,0.915565589659386,0.8148235294290042,0.5043809937948329,0.4956190062051671,0.948822201288085,0.30518852988646195,0.3279411945106977,0.326694559479129,0.0
llama3-8b-inst,alphaedit,6,39cb134a7460153810c2e46692d13f26ce9cef48815e15c399b48c97a18eb027,7,0.8148235294290042,0.5661972607179823,0.8010634928056136,0.19893650719438638,0.7028045352210606,0.4074117647145021,0.43416351050462426,0.29758074521268735,0.0
llama3-8b-inst,alphaedit,6,39cb134a7460153810c2e46692d13f26ce9cef48815e15c399b48c97a18eb027,8,0.5661972607179823,0.03763881600301416,0.934487336413315,0.06551266358668495,0.011279044930507834,0.5661972607179823,0.5291427084089381,0.03763881600301416,NOT_APPLICABLE
llama3-8b-inst,alphaedit,6,50d6505f4bf83bb005d91ac06d26b044492e5bbdd5ebf7ac3ad402fb8cc9e12c,4,1.0,0.9409162609070139,0.7165638975923142,0.2834361024076858,1.9455745700361537,0.20000000000000007,0.4146672992606981,0.39322240178908546,0.0
llama3-8b-inst,alphaedit,6,50d6505f4bf83bb005d91ac06d26b044492e5bbdd5ebf7ac3ad402fb8cc9e12c,5,0.9409162609070139,0.8878784951305594,0.43503507912312056,0.5649649208768794,1.2401936872938737,0.23522906522675346,0.3091572123435845,0.32057378652115726,0.0
llama3-8b-inst,alphaedit,6,50d6505f4bf83bb005d91ac06d26b044492e5bbdd5ebf7ac3ad402fb8cc9e12c,6,0.8878784951305594,0.7657588553476108,0.5546920986871972,0.44530790131280285,0.8455708087259322,0.2959594983768532,0.29929588439252003,0.28283713175313097,0.0
llama3-8b-inst,alphaedit,6,50d6505f4bf83bb005d91ac06d26b044492e5bbdd5ebf7ac3ad402fb8cc9e12c,7,0.7657588553476108,0.5657209595196391,0.6947246813178558,0.3052753186821442,0.6923804950857168,0.3828794276738054,0.3755407306290803,0.28972204966968174,0.0
llama3-8b-inst,alphaedit,6,50d6505f4bf83bb005d91ac06d26b044492e5bbdd5ebf7ac3ad402fb8cc9e12c,8,0.5657209595196391,0.04270694386948529,0.9261476340806075,0.07385236591939248,0.015644379034272203,0.5657209595196391,0.5240158724496429,0.04270694386948529,NOT_APPLICABLE
llama3-8b-inst,alphaedit,6,48f8e5c9758bc1ecd0a5d87381377f2e938e3fbd115904598f843ea205a1cb29,4,1.0,0.9013297762021402,0.8403649350573239,0.1596350649426761,1.7341626980229787,0.2000000000000001,0.38541061154504946,0.3482989300686175,0.0
llama3-8b-inst,alphaedit,6,48f8e5c9758bc1ecd0a5d87381377f2e938e3fbd115904598f843ea205a1cb29,5,0.9013297762021402,0.803991125761377,0.627435093719275,0.37256490628072503,1.16472623441906,0.22533244405053504,0.2981091175549554,0.2755505144750143,0.0
llama3-8b-inst,alphaedit,6,48f8e5c9758bc1ecd0a5d87381377f2e938e3fbd115904598f843ea205a1cb29,6,0.803991125761377,0.6704131377476681,0.641096928200827,0.358903071799173,0.8327212082553882,0.26799704192045887,0.28164307331967037,0.24301229728409163,0.0
llama3-8b-inst,alphaedit,6,48f8e5c9758bc1ecd0a5d87381377f2e938e3fbd115904598f843ea205a1cb29,7,0.6704131377476681,0.4580892680699729,0.7120621666786783,0.2879378333213217,0.4569232391277555,0.33520656887383404,0.2836036517626055,0.1810385610603884,0.0
llama3-8b-inst,alphaedit,6,48f8e5c9758bc1ecd0a5d87381377f2e938e3fbd115904598f843ea205a1cb29,8,0.4580892680699729,0.03423698437131332,0.9263849389301163,0.07361506106988369,0.01291093114461275,0.4580892680699729,0.42440821052945105,0.03423698437131332,NOT_APPLICABLE
llama3-8b-inst,alphaedit,6,5222c50191326e7119d973b8926c803a0ac65079d8f3f3217e939a2eed376d81,4,1.0,0.947851951549837,0.6592726720653554,0.34072732793464455,1.9022800308950865,0.20000000000000004,0.4026566662592037,0.3865107723178589,0.0
llama3-8b-inst,alphaedit,6,5222c50191326e7119d973b8926c803a0ac65079d8f3f3217e939a2eed376d81,5,0.947851951549837,0.8643832065807884,0.5681755104987047,0.43182448950129526,1.2364084749413373,0.23696298788745926,0.3224377003218499,0.3103381414049804,0.0
llama3-8b-inst,alphaedit,6,5222c50191326e7119d973b8926c803a0ac65079d8f3f3217e939a2eed376d81,6,0.8643832065807884,0.730594005849378,0.602264940767694,0.397735059232306,0.8248871342566482,0.2881277355269294,0.29428011190492764,0.2638583066908821,0.0
llama3-8b-inst,alphaedit,6,5222c50191326e7119d973b8926c803a0ac65079d8f3f3217e939a2eed376d81,7,0.730594005849378,0.486759214103836,0.8095160525342389,0.19048394746576114,0.5985910187420834,0.365297002924689,0.36777761320424474,0.22946797663037288,0.0
llama3-8b-inst,alphaedit,6,5222c50191326e7119d973b8926c803a0ac65079d8f3f3217e939a2eed376d81,8,0.486759214103836,0.03981389811768723,0.919467350714179,0.08053264928582105,0.014308118496414076,0.486759214103836,0.4476133909713283,0.03981389811768723,NOT_APPLICABLE
llama3-8b-inst,alphaedit,6,f296600e034a8a300da559a46de195efdd639d61128b9c3cc6a0887b1ef0d697,4,1.0,1.0082212777246875,0.9169539650135389,0.08304603498646113,2.9566008688359307,0.2,0.6191055894289895,0.5915533903724446,0.0
llama3-8b-inst,alphaedit,6,f296600e034a8a300da559a46de195efdd639d61128b9c3cc6a0887b1ef0d697,5,1.0082212777246875,0.9649807618205297,0.6123117983815574,0.38768820161844264,1.783419500435623,0.2520553194311719,0.4752770805142101,0.4600190680361698,0.0
llama3-8b-inst,alphaedit,6,f296600e034a8a300da559a46de195efdd639d61128b9c3cc6a0887b1ef0d697,6,0.9649807618205297,0.8406019589596422,0.6804881818526956,0.31951181814730445,1.2038766918628339,0.3216602539401766,0.44482057444130724,0.40064549022389107,0.0
llama3-8b-inst,alphaedit,6,f296600e034a8a300da559a46de195efdd639d61128b9c3cc6a0887b1ef0d697,7,0.8406019589596422,0.6117566832295142,0.8625158873971333,0.13748411260286675,0.9081132969601874,0.4203009794798211,0.5264013329699113,0.38603029422901647,0.0
llama3-8b-inst,alphaedit,6,f296600e034a8a300da559a46de195efdd639d61128b9c3cc6a0887b1ef0d697,8,0.6117566832295142,0.032134743795406116,0.9477350270803003,0.05226497291969967,0.00525643867923867,0.6117566832295142,0.5797921542171381,0.032134743795406116,NOT_APPLICABLE
llama3-8b-inst,alphaedit,7,1f15ad772a9fa6b37e334f9e0a833b6b234fbcc3e02b033e20f4c8f7f264ec9f,4,1.0,0.9756893029391066,0.3094794198486493,0.6905205801513508,1.3409910827151785,0.2000000000000002,0.27524785886407777,0.3016670850811661,0.0
llama3-8b-inst,alphaedit,7,1f15ad772a9fa6b37e334f9e0a833b6b234fbcc3e02b033e20f4c8f7f264ec9f,5,0.9756893029391066,0.9414598612872065,0.36274655700784036,0.6372534429921597,1.2912960712150772,0.24392232573477665,0.32716800701099885,0.351242855068692,0.0
llama3-8b-inst,alphaedit,7,1f15ad772a9fa6b37e334f9e0a833b6b234fbcc3e02b033e20f4c8f7f264ec9f,6,0.9414598612872065,0.8645893213899997,0.4430991145955571,0.5569008854044428,1.0259397428271133,0.313819953762402,0.3507054426491604,0.36633569731986354,0.0
llama3-8b-inst,alphaedit,7,1f15ad772a9fa6b37e334f9e0a833b6b234fbcc3e02b033e20f4c8f7f264ec9f,7,0.8645893213899997,0.7055778710469067,0.615272885666522,0.38472711433347795,0.8640057361593989,0.43229466069499983,0.4585313083226149,0.4088604563248474,0.0
llama3-8b-inst,alphaedit,7,1f15ad772a9fa6b37e334f9e0a833b6b234fbcc3e02b033e20f4c8f7f264ec9f,8,0.7055778710469067,0.04931863274063559,0.9311851940534853,0.06881480594651468,0.012258986367973743,0.7055778710469067,0.6570806004435588,0.04931863274063559,NOT_APPLICABLE
llama3-8b-inst,alphaedit,7,c416911d0d03300f77dc8d76e3ad6eab8c96026a867011c7a7728857b99e3e0c,4,1.0,0.909694378742811,0.6643604886097022,0.3356395113902978,1.3750733053834043,0.2,0.3054309384462387,0.2830887123701231,0.0
llama3-8b-inst,alphaedit,7,c416911d0d03300f77dc8d76e3ad6eab8c96026a867011c7a7728857b99e3e0c,5,0.909694378742811,0.8103516495303142,0.5587010155092883,0.4412989844907117,0.9239734676954551,0.22742359468570275,0.2455620724364035,0.23287018546664823,0.0
llama3-8b-inst,alphaedit,7,c416911d0d03300f77dc8d76e3ad6eab8c96026a867011c7a7728857b99e3e0c,6,0.8103516495303142,0.6678354810399724,0.6345953599228107,0.3654046400771893,0.7194303899193395,0.27011721651010484,0.25912835459988365,0.21795976243348023,0.0
llama3-8b-inst,alphaedit,7,c416911d0d03300f77dc8d76e3ad6eab8c96026a867011c7a7728857b99e3e0c,7,0.6678354810399724,0.4405991884929247,0.7696753351535081,0.23032466484649194,0.47680165559353915,0.3339177405199862,0.3023274221214257,0.1768154407839781,0.0
llama3-8b-inst,alphaedit,7,c416911d0d03300f77dc8d76e3ad6eab8c96026a867011c7a7728857b99e3e0c,8,0.4405991884929247,0.03037987229900201,0.9328623170367059,0.06713768296329414,0.015710148037825392,0.4405991884929247,0.4110766607167444,0.03037987229900201,NOT_APPLICABLE
llama3-8b-inst,alphaedit,7,72a75cd16bd699577bf429e669049d3300002c7fd1905e4f2deb4e9e9cf79a10,4,1.0,0.9338308528601001,0.5626173401598599,0.43738265984014013,1.4528030403277687,0.20000000000000012,0.31158786532431965,0.3034429280846364,0.0
llama3-8b-inst,alphaedit,7,72a75cd16bd699577bf429e669049d3300002c7fd1905e4f2deb4e9e9cf79a10,5,0.9338308528601001,0.8561749504505544,0.5056645352398595,0.49433546476014045,1.1131914726447039,0.23345771321502504,0.28543887313070837,0.28435521374960304,0.0
llama3-8b-inst,alphaedit,7,72a75cd16bd699577bf429e669049d3300002c7fd1905e4f2deb4e9e9cf79a10,6,0.8561749504505544,0.738639467396447,0.5542687030761052,0.4457312969238948,0.8467434634536147,0.2853916501501847,0.28882259467553595,0.2730902667210071,0.0
llama3-8b-inst,alphaedit,7,72a75cd16bd699577bf429e669049d3300002c7fd1905e4f2deb4e9e9cf79a10,7,0.738639467396447,0.5192764386325828,0.7567017495267387,0.24329825047326126,0.6566152825496052,0.3693197336982235,0.370009932166688,0.2586128749918328,0.0
llama3-8b-inst,alphaedit,7,72a75cd16bd699577bf429e669049d3300002c7fd1905e4f2deb4e9e9cf79a10,8,0.5192764386325828,0.02325552786086242,0.9570556263328507,0.042944373667149316,0.012705544628365912,0.5192764386325828,0.49702022962872655,0.02325552786086242,NOT_APPLICABLE
llama3-8b-inst,alphaedit,7,7e171f0683f1329a0b503c23931df0906725a579a73788155f049006f9ad9234,4,1.0,0.962186407116374,0.7771188787632085,0.2228811212367915,2.304851857905361,0.2000000000000001,0.48646709399999377,0.46312063573516404,0.0
llama3-8b-inst,alphaedit,7,7e171f0683f1329a0b503c23931df0906725a579a73788155f049006f9ad9234,5,0.962186407116374,0.922652004532844,0.4292982392047231,0.5707017607952769,1.4008146648544029,0.2405466017790935,0.35242980869138457,0.36385265565252434,0.0
llama3-8b-inst,alphaedit,7,7e171f0683f1329a0b503c23931df0906725a579a73788155f049006f9ad9234,6,0.922652004532844,0.8113646262123053,0.5392907858422803,0.4607092141577197,0.9511796285785918,0.3075506681776145,0.3362834496850052,0.3250441984067946,0.0
llama3-8b-inst,alphaedit,7,7e171f0683f1329a0b503c23931df0906725a579a73788155f049006f9ad9234,7,0.8113646262123053,0.5839073597478642,0.6997237553393093,0.3002762446606907,0.6171941884717508,0.40568231310615266,0.37851312056292796,0.27844542451950133,0.0
llama3-8b-inst,alphaedit,7,7e171f0683f1329a0b503c23931df0906725a579a73788155f049006f9ad9234,8,0.5839073597478642,0.04758834046261909,0.9192727954266671,0.08072720457333293,0.01119544168076217,0.5839073597478642,0.5368099557078672,0.04758834046261909,NOT_APPLICABLE
llama3-8b-inst,alphaedit,7,50b6d7182bbb50024151c35a1af67f6f578882edaea4f98b765ec14cd313defc,4,1.0,0.9206028079435942,0.5403625016940777,0.45963749830592227,1.1398998348734324,0.20000000000000004,0.25229849518231834,0.24581605019960798,0.0
llama3-8b-inst,alphaedit,7,50b6d7182bbb50024151c35a1af67f6f578882edaea4f98b765ec14cd313defc,5,0.9206028079435942,0.8293900401234375,0.5195217211258701,0.48047827887412986,0.934236575587238,0.23015070198589854,0.24602461972079373,0.2417850448678632,0.0
llama3-8b-inst,alphaedit,7,50b6d7182bbb50024151c35a1af67f6f578882edaea4f98b765ec14cd313defc,6,0.8293900401234375,0.7076334344798116,0.567019722022298,0.432980277977702,0.7950593422116201,0.2764633467078126,0.2699775663073093,0.25028580847691256,0.0
llama3-8b-inst,alphaedit,7,50b6d7182bbb50024151c35a1af67f6f578882edaea4f98b765ec14cd313defc,7,0.7076334344798116,0.5130011783041788,0.7163427952702348,0.2836572047297652,0.6741314447434656,0.3538167172399058,0.3480377277667738,0.2587739651642799,0.0
llama3-8b-inst,alphaedit,7,50b6d7182bbb50024151c35a1af67f6f578882edaea4f98b765ec14cd313defc,8,0.5130011783041788,0.03044546906968625,0.9415181666742767,0.05848183332572332,0.01010105862182279,0.5130011783041788,0.48302772481207185,0.03044546906968625,NOT_APPLICABLE
llama3-8b-inst,alphaedit,7,93b075f0e328c3fcb2abafea111d73fd635b70813aa17f11fff9e5c8b5f55ff7,4,1.0,0.922781280518813,0.7236573230987898,0.27634267690121017,1.7323468479527704,0.2000000000000001,0.37548398223553514,0.3508498753990845,0.0
llama3-8b-inst,alphaedit,7,93b075f0e328c3fcb2abafea111d73fd635b70813aa17f11fff9e5c8b5f55ff7,5,0.922781280518813,0.8551580465751412,0.5233652218587089,0.47663477814129107,1.2860448710791483,0.23069532012970326,0.3203113400184451,0.31640534899812217,0.0
llama3-8b-inst,alphaedit,7,93b075f0e328c3fcb2abafea111d73fd635b70813aa17f11fff9e5c8b5f55ff7,6,0.8551580465751412,0.7073772125141086,0.648573103446345,0.351426896553655,0.7930726894305719,0.28505268219171365,0.2920380186735222,0.2472682347422213,0.0
llama3-8b-inst,alphaedit,7,93b075f0e328c3fcb2abafea111d73fd635b70813aa17f11fff9e5c8b5f55ff7,7,0.7073772125141086,0.48377914305503067,0.7286408824940253,0.27135911750597475,0.504532206046801,0.3536886062570543,0.3134627569578813,0.2026202098293508,0.0
llama3-8b-inst,alphaedit,7,93b075f0e328c3fcb2abafea111d73fd635b70813aa17f11fff9e5c8b5f55ff7,8,0.48377914305503067,0.03737871794700617,0.9239831881607545,0.07601681183924547,0.013826496531302485,0.48377914305503067,0.44705383908649504,0.03737871794700617,NOT_APPLICABLE
llama3-8b-inst,alphaedit,7,4a7d0d23ef3616b440f41d94b1e628cc6114d354cc49b0d25337f302b7cbf3ec,4,1.0,0.98116675563424,0.40623093919905234,0.5937690608009476,1.7217696928083925,0.20000000000000015,0.35380867434454155,0.364255546156154,0.0
llama3-8b-inst,alphaedit,7,4a7d0d23ef3616b440f41d94b1e628cc6114d354cc49b0d25337f302b7cbf3ec,5,0.98116675563424,0.9443654931321518,0.38759763548145143,0.6124023645185486,1.3314704037441507,0.24529168890856,0.34015557871006186,0.35948834683133335,0.0
llama3-8b-inst,alphaedit,7,4a7d0d23ef3616b440f41d94b1e628cc6114d354cc49b0d25337f302b7cbf3ec,6,0.9443654931321518,0.8487679924914155,0.5162298508744434,0.4837701491255566,1.049277872279541,0.3147884977107173,0.36811110549254417,0.3637159547898021,0.0
llama3-8b-inst,alphaedit,7,4a7d0d23ef3616b440f41d94b1e628cc6114d354cc49b0d25337f302b7cbf3ec,7,0.8487679924914155,0.6246370771343982,0.6852493110006037,0.3147506889993963,0.6616834726294053,0.4243839962457078,0.4042559157856221,0.3109588164369384,0.0
llama3-8b-inst,alphaedit,7,4a7d0d23ef3616b440f41d94b1e628cc6114d354cc49b0d25337f302b7cbf3ec,8,0.6246370771343982,0.049513660772324074,0.9214955790283572,0.07850442097164279,0.010975139044887122,0.6246370771343982,0.5756411284762685,0.049513660772324074,NOT_APPLICABLE
llama3-8b-inst,alphaedit,7,f9f16bc7443ae596666c746ce23ea545748ddb3ef4434d0c407eb162fe7d8dbc,4,1.0,0.9355094949432534,0.4600715439429408,0.5399284560570592,1.1262770494456062,0.20000000000000015,0.2433241309573663,0.249801739767205,0.0
llama3-8b-inst,alphaedit,7,f9f16bc7443ae596666c746ce23ea545748ddb3ef4434d0c407eb162fe7d8dbc,5,0.9355094949432534,0.8815232414471118,0.43248408651105286,0.5675159134889471,1.2163312702725004,0.23387737373581335,0.30191967853428914,0.313913280510491,0.0
llama3-8b-inst,alphaedit,7,f9f16bc7443ae596666c746ce23ea545748ddb3ef4434d0c407eb162fe7d8dbc,6,0.8815232414471118,0.7752598470445187,0.5256342987009072,0.47436570129909283,0.9156861373523946,0.2938410804823704,0.3102456058870645,0.3030275119026175,0.0
llama3-8b-inst,alphaedit,7,f9f16bc7443ae596666c746ce23ea545748ddb3ef4434d0c407eb162fe7d8dbc,7,0.7752598470445187,0.6321375092589742,0.6478834092275633,0.35211659077243673,0.9117074773229592,0.38762992352225933,0.433550412291848,0.37884685256104844,0.0
llama3-8b-inst,alphaedit,7,f9f16bc7443ae596666c746ce23ea545748ddb3ef4434d0c407eb162fe7d8dbc,8,0.6321375092589742,0.047074982187713985,0.9262592658678493,0.07374073413215065,0.010393016272308396,0.6321375092589742,0.585560082131804,0.047074982187713985,NOT_APPLICABLE
llama3-8b-inst,alphaedit,7,586d683ae8d67dfbb02210b31897583d20fe567bc9eaac6aaeb7fc136b111f58,4,1.0,0.8909709952976782,0.8801241495585536,0.11987585044144644,1.694802595729886,0.20000000000000004,0.3819410612714436,0.3398073606037291,0.0
llama3-8b-inst,alphaedit,7,586d683ae8d67dfbb02210b31897583d20fe567bc9eaac6aaeb7fc136b111f58,5,0.8909709952976782,0.7911989420995347,0.6302759883433351,0.3697240116566649,1.1234752573539613,0.22274274882441955,0.2869359325560823,0.2634485093469919,0.0
llama3-8b-inst,alphaedit,7,586d683ae8d67dfbb02210b31897583d20fe567bc9eaac6aaeb7fc136b111f58,6,0.7911989420995347,0.6506017739678963,0.6424419998962331,0.3575580001037669,0.726288514486393,0.26373298069984485,0.2557294472530459,0.21350039658192926,0.0
llama3-8b-inst,alphaedit,7,586d683ae8d67dfbb02210b31897583d20fe567bc9eaac6aaeb7fc136b111f58,7,0.6506017739678963,0.43424177602715014,0.7412271116144743,0.2587728883855257,0.444330179937201,0.32530088698394816,0.2811260240003277,0.16726689342538656,0.0
llama3-8b-inst,alphaedit,7,586d683ae8d67dfbb02210b31897583d20fe567bc9eaac6aaeb7fc136b111f58,8,0.43424177602715014,0.03139032609429598,0.9283131861276016,0.07168681387239839,0.009300963056276354,0.43424177602715014,0.4031325992689198,0.03139032609429598,NOT_APPLICABLE
llama3-8b-inst,alphaedit,7,917e1683ed6303e6329abda3892afc6a827a129a43cdc31f1361ee9a99cabca9,4,1.0,0.9814085503335935,0.8533851457704147,0.1466148542295853,2.623862385373839,0.20000000000000012,0.551830409615174,0.5255910856496887,0.0
llama3-8b-inst,alphaedit,7,917e1683ed6303e6329abda3892afc6a827a129a43cdc31f1361ee9a99cabca9,5,0.9814085503335935,0.9464353456074696,0.7604256408932977,0.23957435910670233,2.0940709790853322,0.24535213758339838,0.5466113278062672,0.517136258028919,0.0
llama3-8b-inst,alphaedit,7,917e1683ed6303e6329abda3892afc6a827a129a43cdc31f1361ee9a99cabca9,6,0.9464353456074696,0.813539347616797,0.6410428539092754,0.3589571460907246,1.0417587419483507,0.3154784485358231,0.3858905271899367,0.34761538090596655,0.0
llama3-8b-inst,alphaedit,7,917e1683ed6303e6329abda3892afc6a827a129a43cdc31f1361ee9a99cabca9,7,0.813539347616797,0.5331888056201138,0.8482104418807734,0.15178955811922656,0.6257363539232482,0.4067696738083985,0.4287527837275396,0.2619123106426427,0.0
llama3-8b-inst,alphaedit,7,917e1683ed6303e6329abda3892afc6a827a129a43cdc31f1361ee9a99cabca9,8,0.5331888056201138,0.039403343153972537,0.92734981178663,0.07265018821336999,0.013540736256533754,0.5331888056201138,0.49450524560565823,0.039403343153972537,NOT_APPLICABLE
llama3-8b-inst,alphaedit,8,d97bda6d6a887cafe4132a43d6d106a50a3a151b295c299fbaa9079c4004d670,4,1.0,0.953427077133003,0.41156182781994316,0.5884381721800569,1.292986823343713,0.20000000000000012,0.2713815073625286,0.28411789157454154,0.0
llama3-8b-inst,alphaedit,8,d97bda6d6a887cafe4132a43d6d106a50a3a151b295c299fbaa9079c4004d670,5,0.953427077133003,0.9193106713226116,0.37722626225418054,0.6227737377458195,1.323232274051087,0.23835676928325075,0.3279674212422663,0.3485873653184928,0.0
llama3-8b-inst,alphaedit,8,d97bda6d6a887cafe4132a43d6d106a50a3a151b295c299fbaa9079c4004d670,6,0.9193106713226116,0.8047950389595655,0.5128282794151804,0.4871717205848196,0.8434605325616548,0.30643689044087036,0.30249194209467545,0.2984830524836798,0.0
llama3-8b-inst,alphaedit,8,d97bda6d6a887cafe4132a43d6d106a50a3a151b295c299fbaa9079c4004d670,7,0.8047950389595655,0.5781063903859868,0.6877173277465145,0.3122826722534855,0.5847150150879465,0.40239751947978275,0.3632396675852399,0.2667419420953389,0.0
llama3-8b-inst,alphaedit,8,d97bda6d6a887cafe4132a43d6d106a50a3a151b295c299fbaa9079c4004d670,8,0.5781063903859868,0.03927872536405427,0.933040394342122,0.06695960565787795,0.011522437275148551,0.5781063903859868,0.5394377435830167,0.03927872536405427,NOT_APPLICABLE
llama3-8b-inst,alphaedit,8,7a3cc6340e797e103f5ab68ea59b5e176a2d12639a688d3976372b570f83f3d3,4,1.0,0.967147077527563,0.7094917753875413,0.29050822461245873,2.230667145448976,0.20000000000000007,0.46815614887035445,0.4499009198636058,0.0
llama3-8b-inst,alphaedit,8,7a3cc6340e797e103f5ab68ea59b5e176a2d12639a688d3976372b570f83f3d3,5,0.967147077527563,0.871237047115983,0.6256265107446247,0.3743734892553753,1.2639527513495827,0.24178676938189075,0.3409952238703515,0.3187307320439047,0.0
llama3-8b-inst,alphaedit,8,7a3cc6340e797e103f5ab68ea59b5e176a2d12639a688d3976372b570f83f3d3,6,0.871237047115983,0.7321569055389721,0.6136165994825203,0.38638340051747966,0.8130747334399646,0.2904123490386609,0.2958239821811606,0.26143284437277914,0.0
llama3-8b-inst,alphaedit,8,7a3cc6340e797e103f5ab68ea59b5e176a2d12639a688d3976372b570f83f3d3,7,0.7321569055389721,0.49590027648960694,0.7613215198003341,0.23867848019966587,0.5483555252376564,0.36607845276948603,0.3434713868834048,0.2189324218404809,0.0
llama3-8b-inst,alphaedit,8,7a3cc6340e797e103f5ab68ea59b5e176a2d12639a688d3976372b570f83f3d3,8,0.49590027648960694,0.03613001344536606,0.9287088141429817,0.07129118585701832,0.015025647837539437,0.49590027648960694,0.4606072307081065,0.03613001344536606,NOT_APPLICABLE
llama3-8b-inst,alphaedit,8,a0e3b3665e3acf91cc0f8e3266db11b483ea3b8269b38dbde27b268007d89343,4,1.0,0.9211268624103094,0.604486699088128,0.395513300911872,1.375256426217796,0.20000000000000007,0.30044862504114045,0.2862000006325331,0.0
llama3-8b-inst,alphaedit,8,a0e3b3665e3acf91cc0f8e3266db11b483ea3b8269b38dbde27b268007d89343,5,0.9211268624103094,0.8405039904280912,0.4875992472832938,0.5124007527167063,0.9923565633687257,0.23028171560257735,0.25461750329730953,0.2571872636772746,0.0
llama3-8b-inst,alphaedit,8,a0e3b3665e3acf91cc0f8e3266db11b483ea3b8269b38dbde27b268007d89343,6,0.8405039904280912,0.7175975673883167,0.5700300431596965,0.4299699568403035,0.8096688327275906,0.28016799680936383,0.277422609160901,0.25684511432111856,0.0
llama3-8b-inst,alphaedit,8,a0e3b3665e3acf91cc0f8e3266db11b483ea3b8269b38dbde27b268007d89343,7,0.7175975673883167,0.47940907974318475,0.7481419120053429,0.25185808799465714,0.46706400249426017,0.35879878369415835,0.31644854728690797,0.19039382140629849,0.0
llama3-8b-inst,alphaedit,8,a0e3b3665e3acf91cc0f8e3266db11b483ea3b8269b38dbde27b268007d89343,8,0.47940907974318475,0.04263563196094431,0.9114462518040934,0.08855374819590656,0.008212179899009643,0.47940907974318475,0.4369733447152277,0.04263563196094431,NOT_APPLICABLE
llama3-8b-inst,alphaedit,8,0f87867b9b690190efe9e3d65b533309c8a7791ed39a0a0b7c231d0b7d6a89a0,4,1.0,0.9068749423087089,0.8026849662617055,0.1973150337382945,1.7155467152602168,0.19999999999999998,0.3788088535028009,0.34537132218985755,0.0
llama3-8b-inst,alphaedit,8,0f87867b9b690190efe9e3d65b533309c8a7791ed39a0a0b7c231d0b7d6a89a0,5,0.9068749423087089,0.8219211443661132,0.5309062077411868,0.4690937922588132,1.0526705030105947,0.22671873557717723,0.26729519616848657,0.2612842860275869,0.0
llama3-8b-inst,alphaedit,8,0f87867b9b690190efe9e3d65b533309c8a7791ed39a0a0b7c231d0b7d6a89a0,6,0.8219211443661132,0.7052291789544174,0.5598406287618894,0.44015937123811055,0.8194447999776566,0.2739737147887044,0.27189890625546803,0.25484416605959287,0.0
llama3-8b-inst,alphaedit,8,0f87867b9b690190efe9e3d65b533309c8a7791ed39a0a0b7c231d0b7d6a89a0,7,0.7052291789544174,0.4961037606956781,0.7091274235552495,0.2908725764447505,0.5595513850762243,0.3526145894772087,0.3185184304724,0.22237224928330787,0.0
llama3-8b-inst,alphaedit,8,0f87867b9b690190efe9e3d65b533309c8a7791ed39a0a0b7c231d0b7d6a89a0,8,0.4961037606956781,0.0411051688449238,0.9175792774547471,0.0824207225452529,0.008481731997346644,0.4961037606956781,0.4552339775560849,0.0411051688449238,NOT_APPLICABLE
llama3-8b-inst,alphaedit,8,44ab2dfa36200c934db39cfa054a5522dc88440bf69af322dc936c4ba1de5509,4,1.0,0.9317957404863844,0.528593023242962,0.471406976757038,1.3086642800667971,0.1999999999999999,0.2822773658757552,0.27819609886969693,0.0
llama3-8b-inst,alphaedit,8,44ab2dfa36200c934db39cfa054a5522dc88440bf69af322dc936c4ba1de5509,5,0.9317957404863844,0.8530968738862392,0.46465334168270717,0.5353466583172928,0.9553841048406847,0.2329489351215961,0.24748141359951276,0.25511416560761924,0.0
llama3-8b-inst,alphaedit,8,44ab2dfa36200c934db39cfa054a5522dc88440bf69af322dc936c4ba1de5509,6,0.8530968738862392,0.7353966252801507,0.5464862180002501,0.4535137819997499,0.8174101693831793,0.2843656246287464,0.27960626141735945,0.26582241471706786,0.0
llama3-8b-inst,alphaedit,8,44ab2dfa36200c934db39cfa054a5522dc88440bf69af322dc936c4ba1de5509,7,0.7353966252801507,0.5409852994441647,0.6996831630833346,0.30031683691666544,0.6883501763493379,0.36769831264007535,0.3609034320579172,0.2761451459370226,0.0
llama3-8b-inst,alphaedit,8,44ab2dfa36200c934db39cfa054a5522dc88440bf69af322dc936c4ba1de5509,8,0.5409852994441647,0.036218379820264116,0.9349583108571944,0.06504168914280561,0.015866194834872012,0.5409852994441647,0.5058715262690454,0.036218379820264116,NOT_APPLICABLE
llama3-8b-inst,alphaedit,8,cb7c55a4e2dd79332d59c67a80558cdd018be66887291ba61bda4f4cd96f0c0d,4,1.0,1.0002825896633099,0.7108021429329544,0.2891978570670456,2.572336141043759,0.2000000000000001,0.5337472401396736,0.5177083589455387,0.0
llama3-8b-inst,alphaedit,8,cb7c55a4e2dd79332d59c67a80558cdd018be66887291ba61bda4f4cd96f0c0d,5,1.0002825896633099,0.936101852451065,0.5942643594372944,0.4057356405627056,1.5535864343577312,0.25007064741582746,0.41595859816901903,0.40153686005984296,0.0
llama3-8b-inst,alphaedit,8,cb7c55a4e2dd79332d59c67a80558cdd018be66887291ba61bda4f4cd96f0c0d,6,0.936101852451065,0.8353670716108631,0.48934245387893266,0.5106575461210674,0.9294208569408433,0.31203395081702157,0.3277514023844465,0.3309022962984574,0.0
llama3-8b-inst,alphaedit,8,cb7c55a4e2dd79332d59c67a80558cdd018be66887291ba61bda4f4cd96f0c0d,7,0.8353670716108631,0.5768172147647899,0.7387239922265911,0.26127600777340887,0.5624224807313853,0.41768353580543155,0.38780115371929524,0.2590258306705838,0.0
llama3-8b-inst,alphaedit,8,cb7c55a4e2dd79332d59c67a80558cdd018be66887291ba61bda4f4cd96f0c0d,8,0.5768172147647899,0.05243045741823136,0.9099050309834538,0.09009496901654623,0.012041783276890898,0.5768172147647899,0.5248948451146451,0.05243045741823136,NOT_APPLICABLE
llama3-8b-inst,alphaedit,8,bc8ea88677fa3c48a9f530c375644aa2795c663a9f9bd749229249c49602f1d7,4,1.0,0.90077043917426,0.8024233152627468,0.1975766847372532,1.6324933623157405,0.2,0.36380861753851823,0.3288812019168449,0.0
llama3-8b-inst,alphaedit,8,bc8ea88677fa3c48a9f530c375644aa2795c663a9f9bd749229249c49602f1d7,5,0.90077043917426,0.8152742812143136,0.5621605019585922,0.43783949804140776,1.1349609499284832,0.225192609793565,0.2852187565375586,0.2739438048142211,0.0
llama3-8b-inst,alphaedit,8,bc8ea88677fa3c48a9f530c375644aa2795c663a9f9bd749229249c49602f1d7,6,0.8152742812143136,0.7002849674512357,0.6203121840862571,0.3796878159137429,0.9886045656066629,0.2717580937381046,0.31716931161955053,0.2877944932479936,0.0
llama3-8b-inst,alphaedit,8,bc8ea88677fa3c48a9f530c375644aa2795c663a9f9bd749229249c49602f1d7,7,0.7002849674512357,0.4875771669858656,0.7396459024526965,0.26035409754730354,0.5921095277485168,0.35014248372561785,0.33174402090213606,0.22647965841460324,0.0
llama3-8b-inst,alphaedit,8,bc8ea88677fa3c48a9f530c375644aa2795c663a9f9bd749229249c49602f1d7,8,0.4875771669858656,0.025852985084708922,0.9544641834381675,0.045535816561832476,0.027165553503412994,0.4875771669858656,0.46556339549148223,0.025852985084708922,NOT_APPLICABLE
llama3-8b-inst,alphaedit,8,b413834a331862a731306abda170f203ac59c4af3e39d4bd2b6671b13fa2651c,4,1.0,0.9650623729311254,0.5469678745190129,0.45303212548098715,1.8585315387748111,0.19999999999999996,0.3874693967980696,0.3825899939798993,0.0
llama3-8b-inst,alphaedit,8,b413834a331862a731306abda170f203ac59c4af3e39d4bd2b6671b13fa2651c,5,0.9650623729311254,0.8915148188234576,0.566492070519164,0.43350792948083605,1.3657328101255575,0.24126559323278135,0.3567256311366253,0.34570549683788093,0.0
llama3-8b-inst,alphaedit,8,b413834a331862a731306abda170f203ac59c4af3e39d4bd2b6671b13fa2651c,6,0.8915148188234576,0.7550087812283094,0.61441469204578,0.38558530795421997,0.8740026950421793,0.2971716062744858,0.3174852886166981,0.2838816039909161,0.0
llama3-8b-inst,alphaedit,8,b413834a331862a731306abda170f203ac59c4af3e39d4bd2b6671b13fa2651c,7,0.7550087812283094,0.4927458361600457,0.7998270063720038,0.20017299362799623,0.5131464334740002,0.3775043906141547,0.3587369427868326,0.20793210827957434,0.0
llama3-8b-inst,alphaedit,8,b413834a331862a731306abda170f203ac59c4af3e39d4bd2b6671b13fa2651c,8,0.4927458361600457,0.03215869789365002,0.9358408823354264,0.0641591176645736,0.011959628688822731,0.4927458361600457,0.4611693518621464,0.03215869789365002,NOT_APPLICABLE
llama3-8b-inst,alphaedit,8,62319418a997482ab3699f64675fd274c3b8fd81156833171d0938833ebbde03,4,1.0,0.9622807743538779,0.8625599139898995,0.1374400860101005,2.455849497007951,0.20000000000000015,0.5205845313559159,0.4919384729494808,0.0
llama3-8b-inst,alphaedit,8,62319418a997482ab3699f64675fd274c3b8fd81156833171d0938833ebbde03,5,0.9622807743538779,0.9180027847190838,0.4764824753387579,0.523517524661242,1.465013818401092,0.24057019358846948,0.37061093758962327,0.37426537958273975,0.0
llama3-8b-inst,alphaedit,8,62319418a997482ab3699f64675fd274c3b8fd81156833171d0938833ebbde03,6,0.9180027847190838,0.7883767987941956,0.6218475990703751,0.3781524009296249,0.9910403039284648,0.30600092823969444,0.35801524326860845,0.32458609397252325,0.0
llama3-8b-inst,alphaedit,8,62319418a997482ab3699f64675fd274c3b8fd81156833171d0938833ebbde03,7,0.7883767987941956,0.5497624705494237,0.7169004359769213,0.2830995640230787,0.5465876384448296,0.3941883993970978,0.35536128622423874,0.2426431838451883,0.0
llama3-8b-inst,alphaedit,8,62319418a997482ab3699f64675fd274c3b8fd81156833171d0938833ebbde03,8,0.5497624705494237,0.054017380763138695,0.9026426074379801,0.09735739256201992,0.01325710599938166,0.5497624705494237,0.4962925483107332,0.054017380763138695,NOT_APPLICABLE
llama3-8b-inst,alphaedit,8,f861df3f9c6e6a756af53dd86b9a6637d28dfec0707b093be1f1b66e0835538e,4,1.0,0.8899061076515744,0.8318483604417112,0.16815163955828882,1.557187824424835,0.20000000000000004,0.3530895419185623,0.31324807385987824,0.0
llama3-8b-inst,alphaedit,8,f861df3f9c6e6a756af53dd86b9a6637d28dfec0707b093be1f1b66e0835538e,5,0.8899061076515744,0.8345859819671282,0.46468507294596584,0.5353149270540342,1.2546434121556087,0.2224765269128936,0.2976584872252387,0.3034739799476259,0.0
llama3-8b-inst,alphaedit,8,f861df3f9c6e6a756af53dd86b9a6637d28dfec0707b093be1f1b66e0835538e,6,0.8345859819671282,0.7218128479385867,0.5943341673458832,0.4056658326541168,0.9720372051677766,0.2781953273223761,0.3169583066986807,0.2930205242844379,0.0
llama3-8b-inst,alphaedit,8,f861df3f9c6e6a756af53dd86b9a6637d28dfec0707b093be1f1b66e0835538e,7,0.7218128479385867,0.4991695682759933,0.7873779010374234,0.21262209896257656,0.6652160830690406,0.36090642396929334,0.3720096945201131,0.2520462030910037,0.0
llama3-8b-inst,alphaedit,8,f861df3f9c6e6a756af53dd86b9a6637d28dfec0707b093be1f1b66e0835538e,8,0.4991695682759933,0.04920310164273257,0.9120604825145152,0.08793951748548479,0.04452717484617114,0.4991695682759933,0.4558150706179492,0.04920310164273257,NOT_APPLICABLE
llama3-8b-inst,alphaedit,9,c5da7945932414925468ad5192bc538d69616b204b0c19a08458be414ffd783d,4,1.0,0.9061488174216559,0.64644410628093,0.35355589371907004,1.2546685072681958,0.2,0.2822823441645578,0.26070633541316884,0.0
llama3-8b-inst,alphaedit,9,c5da7945932414925468ad5192bc538d69616b204b0c19a08458be414ffd783d,5,0.9061488174216559,0.8092985026082389,0.58723357039244,0.41276642960756005,1.0562211095619094,0.22653720435541397,0.27376777910485106,0.25689550281483475,0.0
llama3-8b-inst,alphaedit,9,c5da7945932414925468ad5192bc538d69616b204b0c19a08458be414ffd783d,6,0.8092985026082389,0.6805516279998428,0.5919179003910008,0.4080820996089992,0.7519241985568804,0.26976616753607957,0.2581532271655302,0.23079138118119275,0.0
llama3-8b-inst,alphaedit,9,c5da7945932414925468ad5192bc538d69616b204b0c19a08458be414ffd783d,7,0.6805516279998428,0.4912029260056575,0.6823808233697654,0.31761917663023465,0.5896587379302021,0.3402758139999214,0.3068791752708962,0.22790336059923127,0.0
llama3-8b-inst,alphaedit,9,c5da7945932414925468ad5192bc538d69616b204b0c19a08458be414ffd783d,8,0.4912029260056575,0.03494959405976517,0.9295393882806405,0.07046061171935947,0.009887934440215547,0.4912029260056575,0.4566182995983788,0.03494959405976517,NOT_APPLICABLE
llama3-8b-inst,alphaedit,9,589228d3143b3e0e5da484e7298376b1b8067cb8a493d947f96663047fd97310,4,1.0,0.9123791530092586,0.6117027987670857,0.38829720123291434,1.2464913336235777,0.19999999999999996,0.27769918680602323,0.261114178955031,0.0
llama3-8b-inst,alphaedit,9,589228d3143b3e0e5da484e7298376b1b8067cb8a493d947f96663047fd97310,5,0.9123791530092586,0.8323232434149889,0.5312222999973385,0.4687777000026615,1.132675504663808,0.22809478825231466,0.2853602482224553,0.2796098201919833,0.0
llama3-8b-inst,alphaedit,9,589228d3143b3e0e5da484e7298376b1b8067cb8a493d947f96663047fd97310,6,0.8323232434149889,0.7355383545532245,0.517479857669823,0.48252014233017704,0.930429109163015,0.27744108113832966,0.2953781822631684,0.29078737427532975,0.0
llama3-8b-inst,alphaedit,9,589228d3143b3e0e5da484e7298376b1b8067cb8a493d947f96663047fd97310,7,0.7355383545532245,0.6228448911756959,0.6485541208123172,0.3514458791876828,1.020682232918912,0.36776917727661224,0.4447445096482318,0.39700447215143453,0.0
llama3-8b-inst,alphaedit,9,589228d3143b3e0e5da484e7298376b1b8067cb8a493d947f96663047fd97310,8,0.6228448911756959,0.0235677696222873,0.9652120655759809,0.03478793442401906,0.014885646314086006,0.6228448911756959,0.601248892536445,0.0235677696222873,NOT_APPLICABLE
llama3-8b-inst,alphaedit,9,2a475a8db1c123494579a717b4a26faaf206a116fa5e2625a04fd4d22e6f1fe6,4,1.0,0.9109493292387614,0.5944826769653054,0.40551732303469457,1.1563451593079668,0.19999999999999996,0.26004182591781616,0.24507781839539786,0.0
llama3-8b-inst,alphaedit,9,2a475a8db1c123494579a717b4a26faaf206a116fa5e2625a04fd4d22e6f1fe6,5,0.9109493292387614,0.8128799083832048,0.5398779644914221,0.4601220355085779,0.8763517460826181,0.22773733230969034,0.23441026950404978,0.225414484045258,0.0
llama3-8b-inst,alphaedit,9,2a475a8db1c123494579a717b4a26faaf206a116fa5e2625a04fd4d22e6f1fe6,6,0.8128799083832048,0.6651043456315051,0.6373355518373809,0.3626644481626191,0.6655724272500939,0.2709599694610683,0.24969270098160726,0.2053783907188841,0.0
llama3-8b-inst,alphaedit,9,2a475a8db1c123494579a717b4a26faaf206a116fa5e2625a04fd4d22e6f1fe6,7,0.6651043456315051,0.44227557126433137,0.7375822878362548,0.2624177121637452,0.4183909633244145,0.33255217281575256,0.2819992678530435,0.16423972223230113,0.0
llama3-8b-inst,alphaedit,9,2a475a8db1c123494579a717b4a26faaf206a116fa5e2625a04fd4d22e6f1fe6,8,0.44227557126433137,0.02960618494839093,0.9333571175001474,0.06664288249985262,0.0063061853651266,0.44227557126433137,0.4128104743473174,0.02960618494839093,NOT_APPLICABLE
llama3-8b-inst,alphaedit,9,c5bb0823d9465b1daec7a2e191874ebc0e80430ac73333d7510aee66649f2711,4,1.0,0.9554744708888853,0.46997630314235117,0.5300236968576488,1.517290980306033,0.20000000000000007,0.31768220878314124,0.32144032342870044,0.0
llama3-8b-inst,alphaedit,9,c5bb0823d9465b1daec7a2e191874ebc0e80430ac73333d7510aee66649f2711,5,0.9554744708888853,0.8813825017559156,0.47525210093936965,0.5247478990606304,1.0912988174291707,0.23886861772222132,0.28432366792901365,0.28924745480515696,0.0
llama3-8b-inst,alphaedit,9,c5bb0823d9465b1daec7a2e191874ebc0e80430ac73333d7510aee66649f2711,6,0.8813825017559156,0.7610440958169818,0.5294682200567314,0.47053177994326856,0.7788705469921562,0.2937941672519715,0.27669358186062837,0.26734292334997983,0.0
llama3-8b-inst,alphaedit,9,c5bb0823d9465b1daec7a2e191874ebc0e80430ac73333d7510aee66649f2711,7,0.7610440958169818,0.5349749396094969,0.6952755350563735,0.3047244649436265,0.523680661767849,0.3805220479084909,0.3312180510299228,0.23055316680681448,0.0
llama3-8b-inst,alphaedit,9,c5bb0823d9465b1daec7a2e191874ebc0e80430ac73333d7510aee66649f2711,8,0.5349749396094969,0.04538781557510679,0.915590581240671,0.08440941875932895,0.008546779412020731,0.5349749396094969,0.4898393560655131,0.04538781557510679,NOT_APPLICABLE
llama3-8b-inst,alphaedit,9,3cdee578c9ea2f065dc37a81eef836ce67d8d7925897fa1b78b87f8ebf769bde,4,1.0,0.9330593644750148,0.7858755807797477,0.21412441922025227,2.001536864560462,0.20000000000000015,0.43005814716898094,0.4025915591316311,0.0
llama3-8b-inst,alphaedit,9,3cdee578c9ea2f065dc37a81eef836ce67d8d7925897fa1b78b87f8ebf769bde,5,0.9330593644750148,0.8281918547902142,0.6235908977372855,0.3764091022627145,1.097932743568941,0.2332648411187537,0.29453525961900195,0.27074202323958996,0.0
llama3-8b-inst,alphaedit,9,3cdee578c9ea2f065dc37a81eef836ce67d8d7925897fa1b78b87f8ebf769bde,6,0.8281918547902142,0.6957615931564601,0.5914390190342499,0.4085609809657501,0.7420933641195313,0.276063951596738,0.2619703882104915,0.2338613056797346,0.0
llama3-8b-inst,alphaedit,9,3cdee578c9ea2f065dc37a81eef836ce67d8d7925897fa1b78b87f8ebf769bde,7,0.6957615931564601,0.476297330045363,0.7168454914656746,0.28315450853432544,0.4775535574402899,0.34788079657823007,0.2996473334140822,0.19313929400138083,0.0
llama3-8b-inst,alphaedit,9,3cdee578c9ea2f065dc37a81eef836ce67d8d7925897fa1b78b87f8ebf769bde,8,0.476297330045363,0.05044672765422117,0.8946268973475155,0.10537310265248445,0.010693981264018722,0.476297330045363,0.4261388443370644,0.05044672765422117,NOT_APPLICABLE
llama3-8b-inst,alphaedit,9,c2a511b461d586287863e69ded39d72e773ee7ff59c54b951a1fc191530a9230,4,1.0,0.9286477332807644,0.6335731210758129,0.3664268789241871,1.5792345057640902,0.19999999999999993,0.34031729453236326,0.32423758460697105,0.0
llama3-8b-inst,alphaedit,9,c2a511b461d586287863e69ded39d72e773ee7ff59c54b951a1fc191530a9230,5,0.9286477332807644,0.8331377149235789,0.5689812275285038,0.4310187724714962,1.0517620713410767,0.2321619333201911,0.2776197691098453,0.2638876187102516,0.0
llama3-8b-inst,alphaedit,9,c2a511b461d586287863e69ded39d72e773ee7ff59c54b951a1fc191530a9230,6,0.8331377149235789,0.6899756929714923,0.617034496723211,0.382965503276789,0.7029895769317049,0.2777125716411928,0.259765326154917,0.22231874381230546,0.0
llama3-8b-inst,alphaedit,9,c2a511b461d586287863e69ded39d72e773ee7ff59c54b951a1fc191530a9230,7,0.6899756929714923,0.4661787103577111,0.7575495936923604,0.2424504063076396,0.5313212816820303,0.34498784648574615,0.3192179256996674,0.20148132125960427,0.0
llama3-8b-inst,alphaedit,9,c2a511b461d586287863e69ded39d72e773ee7ff59c54b951a1fc191530a9230,8,0.4661787103577111,0.03788637835904763,0.9190509084121193,0.08094909158788066,0.00721592155137957,0.4661787103577111,0.42845517288671586,0.03788637835904763,NOT_APPLICABLE
llama3-8b-inst,alphaedit,9,3e85fe2dc398bc4391de8657ba293c4c2da08fa360ff4e648e41a041f0e4caa8,4,1.0,0.9099298248634643,0.7956689851147146,0.20433101488528538,1.7386511644591154,0.2,0.38241323227882734,0.3501233517101702,0.0
llama3-8b-inst,alphaedit,9,3e85fe2dc398bc4391de8657ba293c4c2da08fa360ff4e648e41a041f0e4caa8,5,0.9099298248634643,0.8141764240484716,0.5870042373674093,0.41299576263259075,1.077602353168637,0.22748245621586607,0.2791461687080163,0.2625222777962896,0.0
llama3-8b-inst,alphaedit,9,3e85fe2dc398bc4391de8657ba293c4c2da08fa360ff4e648e41a041f0e4caa8,6,0.8141764240484716,0.6868581678086374,0.5772261474167525,0.4227738525832475,0.731757254158405,0.27139214134949063,0.25294252851317706,0.22935548960013089,0.0
llama3-8b-inst,alphaedit,9,3e85fe2dc398bc4391de8657ba293c4c2da08fa360ff4e648e41a041f0e4caa8,7,0.6868581678086374,0.4805251483858315,0.7121387979371194,0.2878612020628806,0.5469620052303862,0.3434290839043187,0.30838117065672144,0.21226904308461514,0.0
llama3-8b-inst,alphaedit,9,3e85fe2dc398bc4391de8657ba293c4c2da08fa360ff4e648e41a041f0e4caa8,8,0.4805251483858315,0.03695564766246524,0.9236680209983312,0.07633197900166877,0.009385288773086704,0.4805251483858315,0.44386862438985364,0.03695564766246524,NOT_APPLICABLE
llama3-8b-inst,alphaedit,9,0d37408f349a9e1575f9996b4666d8be3c1a4b030ef6385556f20138f0e45d77,4,1.0,0.9460629866320467,0.4198455828040573,0.5801544171959427,1.1823979370411604,0.20000000000000012,0.25094502943228547,0.26341177113494046,0.0
llama3-8b-inst,alphaedit,9,0d37408f349a9e1575f9996b4666d8be3c1a4b030ef6385556f20138f0e45d77,5,0.9460629866320467,0.8959243205572617,0.41729361433322104,0.5827063856667789,1.2301400529443587,0.23651574665801167,0.3072319075041233,0.32193879159146777,0.0
llama3-8b-inst,alphaedit,9,0d37408f349a9e1575f9996b4666d8be3c1a4b030ef6385556f20138f0e45d77,6,0.8959243205572617,0.8082508166564206,0.43910037658408624,0.5608996234159138,0.8755182712216564,0.29864144018575367,0.2925072676134355,0.3105211356530607,0.0
llama3-8b-inst,alphaedit,9,0d37408f349a9e1575f9996b4666d8be3c1a4b030ef6385556f20138f0e45d77,7,0.8082508166564206,0.5999686207240765,0.6938004936666105,0.30619950633338955,0.705627160059575,0.4041254083282103,0.39991447009432063,0.31085305043660694,0.0
llama3-8b-inst,alphaedit,9,0d37408f349a9e1575f9996b4666d8be3c1a4b030ef6385556f20138f0e45d77,8,0.5999686207240765,0.04357201468683534,0.9277866267796984,0.07221337322030164,0.007710274933812925,0.5999686207240765,0.5566620840911163,0.04357201468683534,NOT_APPLICABLE
llama3-8b-inst,alphaedit,9,cad93aa25aedcacddc439835622bc76cd6fca8de2ba3a8c308395f1f1077074d,4,1.0,0.9741637705040579,0.6439775199500557,0.3560224800499443,2.179436727084912,0.20000000000000012,0.4545173921234526,0.4416648708542487,0.0
llama3-8b-inst,alphaedit,9,cad93aa25aedcacddc439835622bc76cd6fca8de2ba3a8c308395f1f1077074d,5,0.9741637705040579,0.8671496351296599,0.7284851937905489,0.2715148062094511,1.4053460723474727,0.24354094262601447,0.3855098702207567,0.34858850418378945,0.0
llama3-8b-inst,alphaedit,9,cad93aa25aedcacddc439835622bc76cd6fca8de2ba3a8c308395f1f1077074d,6,0.8671496351296599,0.724765204518003,0.6358717181263722,0.3641282818736278,0.8354513364918675,0.2890498783765533,0.30347646372588194,0.263427116178369,0.0
llama3-8b-inst,alphaedit,9,cad93aa25aedcacddc439835622bc76cd6fca8de2ba3a8c308395f1f1077074d,7,0.724765204518003,0.4979561199985018,0.7303965816750592,0.26960341832494084,0.5256471107110395,0.3623826022590015,0.3261008635952578,0.2140791557362884,0.0
llama3-8b-inst,alphaedit,9,cad93aa25aedcacddc439835622bc76cd6fca8de2ba3a8c308395f1f1077074d,8,0.4979561199985018,0.03538088912335177,0.930211841084886,0.06978815891511403,0.013342834148214988,0.4979561199985018,0.46325232808244454,0.03538088912335177,NOT_APPLICABLE
llama3-8b-inst,alphaedit,9,93d42cde8e8fd31026407a218569f7f6e8f3966169613fa62ecac7505fffc82b,4,1.0,0.8726398039605437,0.8239462359608529,0.17605376403914708,1.2641521452190343,0.20000000000000004,0.30179251455368705,0.2552704898020324,0.0
llama3-8b-inst,alphaedit,9,93d42cde8e8fd31026407a218569f7f6e8f3966169613fa62ecac7505fffc82b,5,0.8726398039605437,0.7562955912278863,0.657781616231997,0.34221838376800295,0.9206523287280027,0.21815995099013594,0.2468465495871079,0.21427640318505595,0.0
llama3-8b-inst,alphaedit,9,93d42cde8e8fd31026407a218569f7f6e8f3966169613fa62ecac7505fffc82b,6,0.7562955912278863,0.6173545302214639,0.6355737629068757,0.3644262370931243,0.6375061023488648,0.25209853040929553,0.22694021706850412,0.18512007456783813,0.0
llama3-8b-inst,alphaedit,9,93d42cde8e8fd31026407a218569f7f6e8f3966169613fa62ecac7505fffc82b,7,0.6173545302214639,0.43270426472376317,0.7356417244562071,0.2643582755437929,0.6053475866766483,0.30867726511073196,0.29407312992605383,0.2038978647045574,0.0
llama3-8b-inst,alphaedit,9,93d42cde8e8fd31026407a218569f7f6e8f3966169613fa62ecac7505fffc82b,8,0.43270426472376317,0.03435050394232689,0.92227413145958,0.07772586854041996,0.0161483378388669,0.43270426472376317,0.39913311782037175,0.03435050394232689,NOT_APPLICABLE
llama3-8b-inst,alphaedit,10,ff1c1d9405055ee8e382e7231c176b6bfdaa8fe6d7949fc5d436643c5ad7ca6c,4,1.0,0.8767424417718991,0.7901066196595559,0.20989338034044414,1.222182660762918,0.2,0.2910669288462273,0.24801497433665276,0.0
llama3-8b-inst,alphaedit,10,ff1c1d9405055ee8e382e7231c176b6bfdaa8fe6d7949fc5d436643c5ad7ca6c,5,0.8767424417718991,0.7610289339948019,0.6268813772393521,0.3731186227606479,0.8230293581728158,0.21918561044297477,0.2267652404941766,0.19806847260688423,0.0
llama3-8b-inst,alphaedit,10,ff1c1d9405055ee8e382e7231c176b6bfdaa8fe6d7949fc5d436643c5ad7ca6c,6,0.7610289339948019,0.6098984962141683,0.6585560170696148,0.34144398293038525,0.5458988283545717,0.2536763113316009,0.2169935895524128,0.16333869302071233,0.0
llama3-8b-inst,alphaedit,10,ff1c1d9405055ee8e382e7231c176b6bfdaa8fe6d7949fc5d436643c5ad7ca6c,7,0.6098984962141683,0.38976036317357715,0.774951385343551,0.225048614656449,0.3644655589269373,0.3049492481070841,0.2611520968291123,0.13062440533317035,0.0
llama3-8b-inst,alphaedit,10,ff1c1d9405055ee8e382e7231c176b6bfdaa8fe6d7949fc5d436643c5ad7ca6c,8,0.38976036317357715,0.030933032485462003,0.9209120686991457,0.07908793130085434,0.006616697597406174,0.38976036317357715,0.3589442869429718,0.030933032485462003,NOT_APPLICABLE
llama3-8b-inst,alphaedit,10,33d7d08444cf56ef400978ca49e87be35361a5b7e9d51181355ebe6914d6ed92,4,1.0,0.9239773604705417,0.7769102935350122,0.22308970646498782,1.873197105940053,0.20000000000000018,0.4055838755129616,0.3772869684912442,0.0
llama3-8b-inst,alphaedit,10,33d7d08444cf56ef400978ca49e87be35361a5b7e9d51181355ebe6914d6ed92,5,0.9239773604705417,0.8762516733180095,0.4441925470909336,0.5558074529090664,1.3213791302082516,0.23099434011763542,0.3220155407060616,0.33113380919376223,0.0
llama3-8b-inst,alphaedit,10,33d7d08444cf56ef400978ca49e87be35361a5b7e9d51181355ebe6914d6ed92,6,0.8762516733180095,0.7534041287912419,0.6028597524873258,0.3971402475126742,0.9524048097103099,0.29208389110600325,0.3292285356075382,0.3013982094254032,0.0
llama3-8b-inst,alphaedit,10,33d7d08444cf56ef400978ca49e87be35361a5b7e9d51181355ebe6914d6ed92,7,0.7534041287912419,0.49737047249948896,0.8159138386444273,0.18408616135557265,0.5841295374237792,0.37670206439562093,0.37800371485134837,0.23071118819417874,0.0
llama3-8b-inst,alphaedit,10,33d7d08444cf56ef400978ca49e87be35361a5b7e9d51181355ebe6914d6ed92,8,0.49737047249948896,0.03443567537124007,0.931171187373768,0.06882881262623197,0.007492930512703286,0.49737047249948896,0.4631520474194701,0.03443567537124007,NOT_APPLICABLE
llama3-8b-inst,alphaedit,10,719bc0576defaa23049b37c5031acb62bc8db10d464ac03f6da1299e2cd3a5b7,4,1.0,0.9363250592604048,0.3877524438692825,0.6122475561307175,0.8029868591336049,0.20000000000000007,0.1783412295200244,0.20195395177409017,0.0
llama3-8b-inst,alphaedit,10,719bc0576defaa23049b37c5031acb62bc8db10d464ac03f6da1299e2cd3a5b7,5,0.9363250592604048,0.849736218316748,0.45723267987562183,0.5427673201243781,0.7914278725848221,0.2340812648151012,0.21395332382015664,0.22463929564474927,0.0
llama3-8b-inst,alphaedit,10,719bc0576defaa23049b37c5031acb62bc8db10d464ac03f6da1299e2cd3a5b7,6,0.849736218316748,0.7179365405736814,0.5627143968243848,0.43728560317561516,0.6958756545281622,0.28324540610558274,0.2534833417812389,0.2327894076431718,0.0
llama3-8b-inst,alphaedit,10,719bc0576defaa23049b37c5031acb62bc8db10d464ac03f6da1299e2cd3a5b7,7,0.7179365405736814,0.5224675772089762,0.6706083688829383,0.3293916311170617,0.5925462395485336,0.3589682702868407,0.32123681822262695,0.2433608683323614,0.0
llama3-8b-inst,alphaedit,10,719bc0576defaa23049b37c5031acb62bc8db10d464ac03f6da1299e2cd3a5b7,8,0.5224675772089762,0.043680088585415104,0.9172547819835373,0.08274521801646273,0.011948416833697547,0.5224675772089762,0.4792765412200659,0.043680088585415104,NOT_APPLICABLE
llama3-8b-inst,alphaedit,10,9ca8ef6d615cff61f4b47ea671a3b6ee00e045b5353a561638eae765a2c6c5ff,4,1.0,0.9245809505260952,0.7186580341355007,0.28134196586449933,1.743949346518112,0.2000000000000001,0.3772441487020543,0.3532994551355805,0.0
llama3-8b-inst,alphaedit,10,9ca8ef6d615cff61f4b47ea671a3b6ee00e045b5353a561638eae765a2c6c5ff,5,0.9245809505260952,0.8236036790394611,0.7427592842047351,0.25724071579526486,1.4444290860833497,0.2311452376315238,0.3754290194162909,0.3391262358732242,0.0
llama3-8b-inst,alphaedit,10,9ca8ef6d615cff61f4b47ea671a3b6ee00e045b5353a561638eae765a2c6c5ff,6,0.8236036790394611,0.6948980206679808,0.5985468646906792,0.4014531353093208,0.7999532236822038,0.2745345596798203,0.27428510160797226,0.2457183660920993,0.0
llama3-8b-inst,alphaedit,10,9ca8ef6d615cff61f4b47ea671a3b6ee00e045b5353a561638eae765a2c6c5ff,7,0.6948980206679808,0.47498503753928173,0.7628229346896004,0.23717706531039962,0.5815985884554518,0.3474490103339904,0.3332895911945442,0.21823279762753392,0.0
llama3-8b-inst,alphaedit,10,9ca8ef6d615cff61f4b47ea671a3b6ee00e045b5353a561638eae765a2c6c5ff,8,0.47498503753928173,0.032053122470000285,0.9331194113396142,0.06688058866038582,0.008992160259157455,0.47498503753928173,0.44323833792878065,0.032053122470000285,NOT_APPLICABLE
llama3-8b-inst,alphaedit,10,5be41b224968c5352077e3540871e2fe58f711f7d4c62e7adf253619a971f328,4,1.0,0.9302193162232192,0.5594550256325472,0.44054497436745277,1.3835677567397224,0.20000000000000012,0.29847945746367854,0.2904024526019164,0.0
llama3-8b-inst,alphaedit,10,5be41b224968c5352077e3540871e2fe58f711f7d4c62e7adf253619a971f328,5,0.9302193162232192,0.8591774807182505,0.4634255959500862,0.5365744040499139,1.0686852559162907,0.2325548290558048,0.27088909057273125,0.2780951542823201,0.0
llama3-8b-inst,alphaedit,10,5be41b224968c5352077e3540871e2fe58f711f7d4c62e7adf253619a971f328,6,0.8591774807182505,0.7623474482527252,0.4968659021017505,0.5031340978982495,0.9055482983391812,0.28639249357275015,0.295816336487309,0.29668405162960876,0.0
llama3-8b-inst,alphaedit,10,5be41b224968c5352077e3540871e2fe58f711f7d4c62e7adf253619a971f328,7,0.7623474482527252,0.5752779336518621,0.6353352280418091,0.3646647719581909,0.644560499010662,0.3811737241263626,0.34497992842678304,0.2822844629406513,0.0
llama3-8b-inst,alphaedit,10,5be41b224968c5352077e3540871e2fe58f711f7d4c62e7adf253619a971f328,8,0.5752779336518621,0.04197937919773261,0.9284904308141743,0.07150956918582574,0.014537691885739263,0.5752779336518621,0.5342055252863959,0.04197937919773261,NOT_APPLICABLE
llama3-8b-inst,alphaedit,10,dbf463ad5bb621bfe8a9a2c2319e02df1ad94daa27c797d0294c20d6f80a83f2,4,1.0,0.957517352662687,0.4541758603253353,0.5458241396746647,1.5021550876674157,0.19999999999999998,0.31386274831571526,0.319649426644672,0.0
llama3-8b-inst,alphaedit,10,dbf463ad5bb621bfe8a9a2c2319e02df1ad94daa27c797d0294c20d6f80a83f2,5,0.957517352662687,0.8750657989698677,0.6106648302792533,0.38933516972074667,1.3695014170001556,0.23937933816567175,0.358944960681839,0.3408206993551799,0.0
llama3-8b-inst,alphaedit,10,dbf463ad5bb621bfe8a9a2c2319e02df1ad94daa27c797d0294c20d6f80a83f2,6,0.8750657989698677,0.7324909563268045,0.6239229420567147,0.3760770579432853,0.8126666433845334,0.2916885996566226,0.29885015384094865,0.2611974955113637,0.0
llama3-8b-inst,alphaedit,10,dbf463ad5bb621bfe8a9a2c2319e02df1ad94daa27c797d0294c20d6f80a83f2,7,0.7324909563268045,0.49990862701162614,0.7580809432559996,0.24191905674400038,0.5663386220765838,0.36624547816340225,0.34656696125252195,0.22555020886953092,0.0
llama3-8b-inst,alphaedit,10,dbf463ad5bb621bfe8a9a2c2319e02df1ad94daa27c797d0294c20d6f80a83f2,8,0.49990862701162614,0.04147254238131998,0.9178108763736597,0.08218912362634034,0.01128495798125309,0.49990862701162614,0.45885625600870533,0.04147254238131998,NOT_APPLICABLE
llama3-8b-inst,alphaedit,10,c6d164c926536dfcf140503cf8c1f3ba3f16534a36f08de1199bc1f118a10e43,4,1.0,0.9105840733818923,0.7528501999646908,0.24714980003530918,1.640366557656858,0.20000000000000007,0.36097567048574747,0.33177615749999295,0.0
llama3-8b-inst,alphaedit,10,c6d164c926536dfcf140503cf8c1f3ba3f16534a36f08de1199bc1f118a10e43,5,0.9105840733818923,0.8268156985865965,0.5223593931995557,0.4776406068004443,1.0476692428123626,0.22764601834547307,0.2664985518606735,0.26211453500244,0.0
llama3-8b-inst,alphaedit,10,c6d164c926536dfcf140503cf8c1f3ba3f16534a36f08de1199bc1f118a10e43,6,0.8268156985865965,0.6891416055943382,0.6027519213346371,0.39724807866536294,0.7110088079448653,0.2756052328621988,0.2568965153191469,0.22446850220110595,0.0
llama3-8b-inst,alphaedit,10,c6d164c926536dfcf140503cf8c1f3ba3f16534a36f08de1199bc1f118a10e43,7,0.6891416055943382,0.48902824212349144,0.7067019618275648,0.29329803817243516,0.5844817096786068,0.3445708027971691,0.31600102175753797,0.22532997033864444,0.0
llama3-8b-inst,alphaedit,10,c6d164c926536dfcf140503cf8c1f3ba3f16534a36f08de1199bc1f118a10e43,8,0.48902824212349144,0.04192883594018742,0.9151811283282892,0.08481887167171076,0.012527983824298226,0.48902824212349144,0.4475913497675404,0.04192883594018742,NOT_APPLICABLE
llama3-8b-inst,alphaedit,10,bec2d64187af6c88f13d2db08996689e9e0dd634593dcaa26ba2380288b964d1,4,1.0,0.9054499164704413,0.6170802959865559,0.3829197040134441,1.1340210090994582,0.20000000000000015,0.25820857776408634,0.23938514146042558,0.0
llama3-8b-inst,alphaedit,10,bec2d64187af6c88f13d2db08996689e9e0dd634593dcaa26ba2380288b964d1,5,0.9054499164704413,0.8046867540783763,0.6146114487528547,0.38538855124714533,1.0845131102484866,0.22636247911761032,0.282174782923615,0.26053259542517654,0.0
llama3-8b-inst,alphaedit,10,bec2d64187af6c88f13d2db08996689e9e0dd634593dcaa26ba2380288b964d1,6,0.8046867540783763,0.65802057720834,0.6846238377543982,0.31537616224560183,0.8107089451300561,0.2682289180261255,0.28462093837530883,0.2333300397577678,0.0
llama3-8b-inst,alphaedit,10,bec2d64187af6c88f13d2db08996689e9e0dd634593dcaa26ba2380288b964d1,7,0.65802057720834,0.4425769913341624,0.7843232641199787,0.21567673588002134,0.5758737426120785,0.32901028860417,0.32013792410842395,0.2023204681885303,0.0
llama3-8b-inst,alphaedit,10,bec2d64187af6c88f13d2db08996689e9e0dd634593dcaa26ba2380288b964d1,8,0.4425769913341624,0.017686173639345163,0.9623662803557723,0.03763371964422768,0.013440561078276085,0.4425769913341624,0.42596270962803856,0.017686173639345163,NOT_APPLICABLE
llama3-8b-inst,alphaedit,10,c7f5868b37621703d985c03ffc002fca966f236b80fa46fa2649ad61e8f5f82f,4,1.0,0.9268068854642015,0.5747601055304384,0.42523989446956156,1.3753279427072629,0.19999999999999996,0.29811917945014843,0.2879135924432797,0.0
llama3-8b-inst,alphaedit,10,c7f5868b37621703d985c03ffc002fca966f236b80fa46fa2649ad61e8f5f82f,5,0.9268068854642015,0.8806402256494688,0.4229285372663606,0.5770714627336394,1.2846234079378966,0.23170172136605038,0.3133654081144319,0.32630223406844455,0.0
llama3-8b-inst,alphaedit,10,c7f5868b37621703d985c03ffc002fca966f236b80fa46fa2649ad61e8f5f82f,6,0.8806402256494688,0.8096269442169144,0.4467862794736159,0.5532137205263841,1.0431366363592844,0.2935467418831561,0.3331143828731872,0.34660642181716256,0.0
llama3-8b-inst,alphaedit,10,c7f5868b37621703d985c03ffc002fca966f236b80fa46fa2649ad61e8f5f82f,7,0.8096269442169144,0.6326488082671042,0.6357576389689493,0.3642423610310507,0.7623879406095598,0.4048134721084572,0.4018521878037105,0.342039325987091,0.0
llama3-8b-inst,alphaedit,10,c7f5868b37621703d985c03ffc002fca966f236b80fa46fa2649ad61e8f5f82f,8,0.6326488082671042,0.022576764664877912,0.966116384593194,0.033883615406805956,0.011198120024940167,0.6326488082671042,0.6112534355744916,0.022576764664877912,NOT_APPLICABLE
llama3-8b-inst,alphaedit,10,d9adf170517c84e347c8b92c76d199c5006909274e4ea6d0c61da2f5ed455049,4,1.0,0.9166274522939534,0.7043826370934666,0.2956173629065334,1.5977542454859939,0.19999999999999996,0.3492262033930015,0.32497435309392203,0.0
llama3-8b-inst,alphaedit,10,d9adf170517c84e347c8b92c76d199c5006909274e4ea6d0c61da2f5ed455049,5,0.9166274522939534,0.8351093792129785,0.4987977886522485,0.5012022113477514,1.0110804410293366,0.22915686307348834,0.2583567456054333,0.25860098826416017,0.0
llama3-8b-inst,alphaedit,10,d9adf170517c84e347c8b92c76d199c5006909274e4ea6d0c61da2f5ed455049,6,0.8351093792129785,0.7069146006640146,0.5759431545176237,0.4240568454823763,0.7569072027369538,0.27836979307099285,0.26476158148002754,0.2415141076081274,0.0
llama3-8b-inst,alphaedit,10,d9adf170517c84e347c8b92c76d199c5006909274e4ea6d0c61da2f5ed455049,7,0.7069146006640146,0.46483133751849776,0.7921053151525467,0.20789468484745333,0.5200728556771869,0.3534573003320073,0.334928835350056,0.19796637438236703,0.0
llama3-8b-inst,alphaedit,10,d9adf170517c84e347c8b92c76d199c5006909274e4ea6d0c61da2f5ed455049,8,0.46483133751849776,0.031392786313153453,0.9329754777386098,0.06702452226139022,0.00829496441939998,0.46483133751849776,0.43369337937981123,0.031392786313153453,NOT_APPLICABLE
qwen2.5-7b-inst,memit,1,285a3add6f31d8546b0d76689a016bc0f9f7d8e58c95f54e87bba48ad5cabc65,4,1.0,0.9685009456511644,0.23611015649013975,0.7638898435098602,0.8690256625000254,0.19999999999999982,0.1801059252863606,0.23140728554659845,0.0
qwen2.5-7b-inst,memit,1,285a3add6f31d8546b0d76689a016bc0f9f7d8e58c95f54e87bba48ad5cabc65,5,0.9685009456511644,0.907393380418971,0.34126277305900593,0.6587372269409941,0.8113554267118714,0.2421252364127911,0.21311944027363539,0.2530448937443764,0.0
qwen2.5-7b-inst,memit,1,285a3add6f31d8546b0d76689a016bc0f9f7d8e58c95f54e87bba48ad5cabc65,6,0.907393380418971,0.7284452819266871,0.6588754273619907,0.3411245726380093,0.5651239439565152,0.30246446013965694,0.26254923930566754,0.19965656930153505,0.0
qwen2.5-7b-inst,memit,1,285a3add6f31d8546b0d76689a016bc0f9f7d8e58c95f54e87bba48ad5cabc65,7,0.7284452819266871,0.4590092423214351,0.7601009766885392,0.23989902331146085,0.22553109459814538,0.36422264096334356,0.2887754476221679,0.11992597572097638,0.0
qwen2.5-7b-inst,memit,1,285a3add6f31d8546b0d76689a016bc0f9f7d8e58c95f54e87bba48ad5cabc65,8,0.4590092423214351,0.0803855198732194,0.824905854732112,0.17509414526788802,0.0034598541961410895,0.4590092423214351,0.3786427418003484,0.0803855198732194,NOT_APPLICABLE
qwen2.5-7b-inst,memit,1,6abbaf2496b409f11036390da3b47c9272a243b8a164ca3d9f9a65fafbec985d,4,1.0,0.9289808178075236,0.5303755451527857,0.46962445484721427,1.2639585550919439,0.19999999999999976,0.27414517671381505,0.26967672184158953,0.0
qwen2.5-7b-inst,memit,1,6abbaf2496b409f11036390da3b47c9272a243b8a164ca3d9f9a65fafbec985d,5,0.9289808178075236,0.8297050625552254,0.5317917642920686,0.46820823570793135,0.857068790807358,0.2322452044518809,0.2342535003594611,0.22681522117739392,0.0
qwen2.5-7b-inst,memit,1,6abbaf2496b409f11036390da3b47c9272a243b8a164ca3d9f9a65fafbec985d,6,0.8297050625552254,0.6652807533611281,0.6426803387471214,0.3573196612528786,0.47895441512115006,0.27656835418507486,0.22167524653272924,0.16526542633351607,0.0
qwen2.5-7b-inst,memit,1,6abbaf2496b409f11036390da3b47c9272a243b8a164ca3d9f9a65fafbec985d,7,0.6652807533611281,0.4357062688048278,0.7124018502165465,0.28759814978345355,0.24036750675892496,0.33264037668056406,0.25009887745222437,0.12467991173864591,0.0
qwen2.5-7b-inst,memit,1,6abbaf2496b409f11036390da3b47c9272a243b8a164ca3d9f9a65fafbec985d,8,0.4357062688048278,0.08629677570632044,0.8020340347566951,0.1979659652433049,0.006161196981238262,0.4357062688048278,0.34946156759607455,0.08629677570632044,NOT_APPLICABLE
qwen2.5-7b-inst,memit,1,9e6706cd1a722d31b1dbfa3eba84ea86ef6cdb2c3c17d63b21f5cc7e76ef6e7d,4,1.0,0.9484118913004265,0.35063637623018445,0.6493636237698155,0.9330304298185088,0.19999999999999976,0.1993481027051065,0.22735161304400503,0.0
qwen2.5-7b-inst,memit,1,9e6706cd1a722d31b1dbfa3eba84ea86ef6cdb2c3c17d63b21f5cc7e76ef6e7d,5,0.9484118913004265,0.885812757662852,0.3899803843973391,0.6100196156026609,0.9619407120185117,0.23710297282510662,0.24610953179654035,0.27007411477757653,0.0
qwen2.5-7b-inst,memit,1,9e6706cd1a722d31b1dbfa3eba84ea86ef6cdb2c3c17d63b21f5cc7e76ef6e7d,6,0.885812757662852,0.703456779091615,0.7233144915726963,0.27668550842730366,0.7018452621228752,0.29527091922095056,0.29759011477016645,0.22275674209196572,0.0
qwen2.5-7b-inst,memit,1,9e6706cd1a722d31b1dbfa3eba84ea86ef6cdb2c3c17d63b21f5cc7e76ef6e7d,7,0.703456779091615,0.45426442809719064,0.7469865158029529,0.25301348419704706,0.3130214516463536,0.3517283895458075,0.2848720478170934,0.1415671823499331,0.0
qwen2.5-7b-inst,memit,1,9e6706cd1a722d31b1dbfa3eba84ea86ef6cdb2c3c17d63b21f5cc7e76ef6e7d,8,0.45426442809719064,0.09072941914372112,0.8002964044065738,0.1997035955934262,0.003135293438094203,0.45426442809719064,0.36354897831714117,0.09072941914372112,NOT_APPLICABLE
qwen2.5-7b-inst,memit,1,90537afae22e47988418137733b2bba6fe78ac3f2cf3e8a710430cb784b35dc9,4,1.0,0.9219108383221069,0.5299644971492594,0.4700355028507406,1.1255098616396921,0.19999999999999976,0.2488079433528488,0.24394309357621444,0.0
qwen2.5-7b-inst,memit,1,90537afae22e47988418137733b2bba6fe78ac3f2cf3e8a710430cb784b35dc9,5,0.9219108383221069,0.8108274691789463,0.6329080451012168,0.3670919548987832,1.019424352247598,0.2304777095805267,0.27655391023622294,0.24972368991254265,0.0
qwen2.5-7b-inst,memit,1,90537afae22e47988418137733b2bba6fe78ac3f2cf3e8a710430cb784b35dc9,6,0.8108274691789463,0.591221098755432,0.8689341507389314,0.13106584926106857,0.49355547835625885,0.2702758230596487,0.27009245554198363,0.13801948354194368,0.0
qwen2.5-7b-inst,memit,1,90537afae22e47988418137733b2bba6fe78ac3f2cf3e8a710430cb784b35dc9,7,0.591221098755432,0.3521322580953984,0.8451840176659321,0.1548159823340679,0.2921734381219295,0.295610549377716,0.2643527550179349,0.09774536426385275,0.0
qwen2.5-7b-inst,memit,1,90537afae22e47988418137733b2bba6fe78ac3f2cf3e8a710430cb784b35dc9,8,0.3521322580953984,0.050632075196877534,0.8562511852960878,0.1437488147039122,0.003317766099450654,0.3521322580953984,0.3015159267919503,0.050632075196877534,NOT_APPLICABLE
qwen2.5-7b-inst,memit,1,a77982960263f0dfb48efd2b8425a460b3d20430fb61ce562f7e2ffbbd3561fd,4,1.0,0.9272306435245593,0.5490056180157676,0.45099438198423236,1.2971374903297768,0.19999999999999993,0.28170714136719355,0.2746606343399337,0.0
qwen2.5-7b-inst,memit,1,a77982960263f0dfb48efd2b8425a460b3d20430fb61ce562f7e2ffbbd3561fd,5,0.9272306435245593,0.8774094194241412,0.29064305490732617,0.7093569450926738,0.7533027488088551,0.23180766088113983,0.18716777229831078,0.2398567877595501,0.0
qwen2.5-7b-inst,memit,1,a77982960263f0dfb48efd2b8425a460b3d20430fb61ce562f7e2ffbbd3561fd,6,0.8774094194241412,0.732608162622001,0.6572348789138297,0.3427651210861703,0.8865579069231851,0.29246980647471343,0.32277095690358515,0.277996028140187,0.0
qwen2.5-7b-inst,memit,1,a77982960263f0dfb48efd2b8425a460b3d20430fb61ce562f7e2ffbbd3561fd,7,0.732608162622001,0.5054219378880619,0.7068248345418039,0.2931751654581961,0.4811575949690476,0.3663040813110005,0.3132090491607037,0.2063902660065198,0.0
qwen2.5-7b-inst,memit,1,a77982960263f0dfb48efd2b8425a460b3d20430fb61ce562f7e2ffbbd3561fd,8,0.5054219378880619,0.08780561422317636,0.8263269772180348,0.17367302278196517,0.004344366141417437,0.5054219378880619,0.4176495540972898,0.08780561422317636,NOT_APPLICABLE
qwen2.5-7b-inst,memit,1,cc987485b7f9961ef45a3aeb9301abf629d197b349e59b58ed6f5592212f16a5,4,1.0,0.9721946241485405,0.4437469947008246,0.5562530052991754,1.6939947556841133,0.19999999999999982,0.3502301887382802,0.356597007176989,0.0
qwen2.5-7b-inst,memit,1,cc987485b7f9961ef45a3aeb9301abf629d197b349e59b58ed6f5592212f16a5,5,0.9721946241485405,0.8448946565587286,0.6670250283437842,0.3329749716562158,0.9876737272277553,0.24304865603713513,0.28966891017457963,0.2533275660233151,0.0
qwen2.5-7b-inst,memit,1,cc987485b7f9961ef45a3aeb9301abf629d197b349e59b58ed6f5592212f16a5,6,0.8448946565587286,0.6362496275667961,0.8155818935437529,0.18441810645624712,0.5762843358438385,0.28163155218624275,0.2812479144228388,0.17040772692993855,0.0
qwen2.5-7b-inst,memit,1,cc987485b7f9961ef45a3aeb9301abf629d197b349e59b58ed6f5592212f16a5,7,0.6362496275667961,0.3994272073126599,0.7863459998266488,0.21365400017335123,0.32170476087246375,0.3181248137833981,0.2702814300265232,0.1228563206948059,0.0
qwen2.5-7b-inst,memit,1,cc987485b7f9961ef45a3aeb9301abf629d197b349e59b58ed6f5592212f16a5,8,0.3994272073126599,0.06752065352429638,0.8310526123099556,0.16894738769004436,0.005705536093831671,0.3994272073126599,0.3319528469494966,0.06752065352429638,NOT_APPLICABLE
qwen2.5-7b-inst,memit,1,042d6957cbf51889a68f9ec05692ae02395bbfb258ab0b145b56d98b06844fc8,4,1.0,0.9424260827381701,0.516932618769647,0.483067381230353,1.4513028253878406,0.1999999999999998,0.308123301509429,0.30591724278225796,0.0
qwen2.5-7b-inst,memit,1,042d6957cbf51889a68f9ec05692ae02395bbfb258ab0b145b56d98b06844fc8,5,0.9424260827381701,0.8523286969964708,0.6418735915456382,0.35812640845436183,1.3453520686198028,0.23560652068454252,0.3512018396479528,0.3280118950476922,0.0
qwen2.5-7b-inst,memit,1,042d6957cbf51889a68f9ec05692ae02395bbfb258ab0b145b56d98b06844fc8,6,0.8523286969964708,0.6709149796830287,0.7502070386796754,0.24979296132032458,0.7176013095512667,0.28410956566549017,0.2949492785121326,0.2158761928644395,0.0
qwen2.5-7b-inst,memit,1,042d6957cbf51889a68f9ec05692ae02395bbfb258ab0b145b56d98b06844fc8,7,0.6709149796830287,0.4570941447981203,0.6968910381524809,0.3031089618475191,0.3982259636011835,0.33545748984151436,0.26925370346605115,0.16788263617386098,0.0
qwen2.5-7b-inst,memit,1,042d6957cbf51889a68f9ec05692ae02395bbfb258ab0b145b56d98b06844fc8,8,0.4570941447981203,0.0939683704772599,0.7944974055320465,0.2055025944679535,0.005557081611761971,0.4570941447981203,0.3631689953664404,0.0939683704772599,NOT_APPLICABLE
qwen2.5-7b-inst,memit,1,05dcb1cec09134d2efacd122ce09e701a8db7624e92b7aacd3194a7f4fdb415c,4,1.0,0.8973058829613921,0.6145759877945011,0.38542401220549893,0.9471021186226622,0.19999999999999984,0.2258057632455928,0.20450467889846605,0.0
qwen2.5-7b-inst,memit,1,05dcb1cec09134d2efacd122ce09e701a8db7624e92b7aacd3194a7f4fdb415c,5,0.8973058829613921,0.7661068904891548,0.7107815330123913,0.28921846698760867,0.918825867734928,0.22432647074034803,0.2605908376629141,0.2160868667797154,0.0
qwen2.5-7b-inst,memit,1,05dcb1cec09134d2efacd122ce09e701a8db7624e92b7aacd3194a7f4fdb415c,6,0.7661068904891548,0.5759179811684646,0.7756547872366278,0.22434521276337216,0.37200830480044694,0.2553689634963849,0.2196812199114555,0.110937448882126,0.0
qwen2.5-7b-inst,memit,1,05dcb1cec09134d2efacd122ce09e701a8db7624e92b7aacd3194a7f4fdb415c,7,0.5759179811684646,0.3555430989377675,0.777943048772604,0.222056951227396,0.17624426447687208,0.2879589905842323,0.2296926378079679,0.08163590677169492,0.0
qwen2.5-7b-inst,memit,1,05dcb1cec09134d2efacd122ce09e701a8db7624e92b7aacd3194a7f4fdb415c,8,0.3555430989377675,0.05869336739533477,0.835032495906689,0.16496750409331096,0.006117131499291047,0.3555430989377675,0.2968980074622182,0.05869336739533477,NOT_APPLICABLE
qwen2.5-7b-inst,memit,1,db99bc188dd5a31df5e5c30a1acc5379a51ae45dff15346ebc2be90a1d016ffb,4,1.0,0.949342834813056,0.2865915773961071,0.7134084226038929,0.5613167483684396,0.19999999999999984,0.1260493909915165,0.18155198367862477,0.0
qwen2.5-7b-inst,memit,1,db99bc188dd5a31df5e5c30a1acc5379a51ae45dff15346ebc2be90a1d016ffb,5,0.949342834813056,0.9017632690501814,0.23716232352004898,0.762837676479951,0.5267378719865579,0.237335708703264,0.1371009227366696,0.22001597609357942,0.0
qwen2.5-7b-inst,memit,1,db99bc188dd5a31df5e5c30a1acc5379a51ae45dff15346ebc2be90a1d016ffb,6,0.9017632690501814,0.7289293594049617,0.6322450266958999,0.3677549733041001,0.5238575547607328,0.30058775635006035,0.24680442499742444,0.19239270931592584,0.0
qwen2.5-7b-inst,memit,1,db99bc188dd5a31df5e5c30a1acc5379a51ae45dff15346ebc2be90a1d016ffb,7,0.7289293594049617,0.47030045541059706,0.734562487272229,0.26543751272777105,0.2525199083749436,0.36446467970248086,0.28309976739867415,0.13352713424494506,0.0
qwen2.5-7b-inst,memit,1,db99bc188dd5a31df5e5c30a1acc5379a51ae45dff15346ebc2be90a1d016ffb,8,0.47030045541059706,0.09068769477318177,0.8072879275504745,0.19271207244952548,0.006722019565528835,0.47030045541059706,0.37968104158278987,0.09068769477318177,NOT_APPLICABLE
qwen2.5-7b-inst,memit,1,4042d278f9a0433f41f891fcbc391eee910a5adfea1cc73f3792d75698ffdd46,4,1.0,0.9273480623438293,0.5301521366068285,0.4698478633931715,1.2328101218114984,0.19999999999999984,0.26839389593578006,0.2638619192817338,0.0
qwen2.5-7b-inst,memit,1,4042d278f9a0433f41f891fcbc391eee910a5adfea1cc73f3792d75698ffdd46,5,0.9273480623438293,0.8671821558620126,0.3757824479349474,0.6242175520650526,0.9253387640648973,0.23183701558595732,0.23154289172414289,0.2587761590737167,0.0
qwen2.5-7b-inst,memit,1,4042d278f9a0433f41f891fcbc391eee910a5adfea1cc73f3792d75698ffdd46,6,0.8671821558620126,0.7176682784855933,0.6420342647874551,0.35796573521254493,0.7772341330853035,0.28906071862067073,0.29140716914568837,0.24735092487293706,0.0
qwen2.5-7b-inst,memit,1,4042d278f9a0433f41f891fcbc391eee910a5adfea1cc73f3792d75698ffdd46,7,0.7176682784855933,0.4820817929801689,0.7255837322785802,0.2744162677214198,0.4251664618613715,0.35883413924279667,0.3017703956480261,0.18158241632975297,0.0
qwen2.5-7b-inst,memit,1,4042d278f9a0433f41f891fcbc391eee910a5adfea1cc73f3792d75698ffdd46,8,0.4820817929801689,0.0960982933463957,0.8008081152854909,0.1991918847145091,0.00768886118718117,0.4820817929801689,0.3860728061611018,0.0960982933463957,NOT_APPLICABLE
qwen2.5-7b-inst,memit,2,77f07216c6ca6c39ab0274107bf776c38abd63ae8c1ca02ea59fcdab0f36e4e4,4,1.0,0.9766171921880699,0.2266602321252159,0.7733397678747841,1.0294444921207941,0.19999999999999982,0.21082038072111442,0.2575119693477926,0.0
qwen2.5-7b-inst,memit,2,77f07216c6ca6c39ab0274107bf776c38abd63ae8c1ca02ea59fcdab0f36e4e4,5,0.9766171921880699,0.9225568234087614,0.3564817415626687,0.6435182584373313,1.0012242787821992,0.24415429804701747,0.25948551651864515,0.29059139578148513,0.0
qwen2.5-7b-inst,memit,2,77f07216c6ca6c39ab0274107bf776c38abd63ae8c1ca02ea59fcdab0f36e4e4,6,0.9225568234087614,0.7120334144074277,0.8205763111997229,0.17942368880027715,0.7818252068850442,0.30751894113625344,0.34854204610972955,0.246676106193282,0.0
qwen2.5-7b-inst,memit,2,77f07216c6ca6c39ab0274107bf776c38abd63ae8c1ca02ea59fcdab0f36e4e4,7,0.7120334144074277,0.4321281368664235,0.8334706635964464,0.1665293364035536,0.33538939575570037,0.35601670720371387,0.3198527079043074,0.13331295850181915,0.0
qwen2.5-7b-inst,memit,2,77f07216c6ca6c39ab0274107bf776c38abd63ae8c1ca02ea59fcdab0f36e4e4,8,0.4321281368664235,0.0666389760378905,0.8458622867625675,0.15413771323743253,0.004758518993832659,0.4321281368664235,0.3655266779547775,0.0666389760378905,NOT_APPLICABLE
qwen2.5-7b-inst,memit,2,8d67adfeef800f3ba3b181a61828d73e1a8c5712ee92223ca71ce23e8fee6253,4,1.0,0.9402106732656078,0.41283757920917413,0.5871624207908259,1.0285152786170146,0.19999999999999996,0.2216554574248891,0.23686311546862465,0.0
qwen2.5-7b-inst,memit,2,8d67adfeef800f3ba3b181a61828d73e1a8c5712ee92223ca71ce23e8fee6253,5,0.9402106732656078,0.8796750599942755,0.38389541354039114,0.6161045864596089,0.9642560470970282,0.23505266831640195,0.24395312497519867,0.26896584826865205,0.0
qwen2.5-7b-inst,memit,2,8d67adfeef800f3ba3b181a61828d73e1a8c5712ee92223ca71ce23e8fee6253,6,0.8796750599942755,0.7180179467664509,0.6573074528878474,0.3426925471121526,0.7126620859342501,0.29322501999809153,0.28428318219101983,0.2318750763627747,0.0
qwen2.5-7b-inst,memit,2,8d67adfeef800f3ba3b181a61828d73e1a8c5712ee92223ca71ce23e8fee6253,7,0.7180179467664509,0.48787695323415575,0.7019884357681142,0.2980115642318858,0.40239783627314607,0.35900897338322546,0.290489462012095,0.17976813274015557,0.0
qwen2.5-7b-inst,memit,2,8d67adfeef800f3ba3b181a61828d73e1a8c5712ee92223ca71ce23e8fee6253,8,0.48787695323415575,0.09170214612976867,0.8124588346969885,0.18754116530301146,0.012565218419545696,0.48787695323415575,0.3964273425064824,0.09170214612976867,NOT_APPLICABLE
qwen2.5-7b-inst,memit,2,6346c3ea243517cbad25c3a69368e9e4e406b1dc74740054f1cb5fffd458cc0c,4,1.0,0.94019767753238,0.47438129587584277,0.5256187041241572,1.2720326905443986,0.19999999999999984,0.2715219902468647,0.2752702081910629,0.0
qwen2.5-7b-inst,memit,2,6346c3ea243517cbad25c3a69368e9e4e406b1dc74740054f1cb5fffd458cc0c,5,0.94019767753238,0.8011179979165709,0.710862382018032,0.289137617981968,0.8933394721424829,0.235049419383095,0.26834581838247623,0.22070326611084498,0.0
qwen2.5-7b-inst,memit,2,6346c3ea243517cbad25c3a69368e9e4e406b1dc74740054f1cb5fffd458cc0c,6,0.8011179979165709,0.5887625659786058,0.8444950008888159,0.1555049991111841,0.46351506298527445,0.2670393326388567,0.2572488480437326,0.1305568428950025,0.0
qwen2.5-7b-inst,memit,2,6346c3ea243517cbad25c3a69368e9e4e406b1dc74740054f1cb5fffd458cc0c,7,0.5887625659786058,0.3649107701475855,0.7768346554993854,0.22316534450061465,0.20109389399808542,0.2943812829893029,0.23622347861400658,0.08843280632590622,0.0
qwen2.5-7b-inst,memit,2,6346c3ea243517cbad25c3a69368e9e4e406b1dc74740054f1cb5fffd458cc0c,8,0.3649107701475855,0.06787110633164486,0.8140419076089109,0.18595809239108907,0.003639557008211534,0.3649107701475855,0.29705562840111105,0.06787110633164486,NOT_APPLICABLE
qwen2.5-7b-inst,memit,2,2089e9a0a34cd6b112042624259e5a1dfb017b6f95b70d028c2452eef4371262,4,1.0,0.9724322410333445,0.17599215362763318,0.8240078463723668,0.6079143715739628,0.19999999999999982,0.126575372218241,0.20479734510480266,0.0
qwen2.5-7b-inst,memit,2,2089e9a0a34cd6b112042624259e5a1dfb017b6f95b70d028c2452eef4371262,5,0.9724322410333445,0.9551132903038511,0.11325827655105189,0.8867417234489481,0.573058543201313,0.24310806025833612,0.14200997291943215,0.25667272302970384,0.0
qwen2.5-7b-inst,memit,2,2089e9a0a34cd6b112042624259e5a1dfb017b6f95b70d028c2452eef4371262,6,0.9551132903038511,0.8223575328627077,0.5483982445481259,0.4516017554518741,0.813399533403806,0.31837109676795006,0.31232179207049476,0.2961985729860544,0.0
qwen2.5-7b-inst,memit,2,2089e9a0a34cd6b112042624259e5a1dfb017b6f95b70d028c2452eef4371262,7,0.8223575328627077,0.5782232468934241,0.6626410342638733,0.33735896573612667,0.434777309370057,0.41117876643135387,0.3258768640266256,0.22627626679325336,0.0
qwen2.5-7b-inst,memit,2,2089e9a0a34cd6b112042624259e5a1dfb017b6f95b70d028c2452eef4371262,8,0.5782232468934241,0.12685639005301425,0.7806581482567907,0.2193418517432093,0.004595436887975954,0.5782232468934241,0.4514025100587307,0.12685639005301425,NOT_APPLICABLE
qwen2.5-7b-inst,memit,2,3a77016737e2b0f4dfa9685598e7703e88fe37b911c923d52a9dd4187d20f892,4,1.0,0.9533980416505674,0.2764733489923097,0.7235266510076903,0.6422551072576396,0.19999999999999976,0.13984693568348824,0.19349237065237726,0.0
qwen2.5-7b-inst,memit,2,3a77016737e2b0f4dfa9685598e7703e88fe37b911c923d52a9dd4187d20f892,5,0.9533980416505674,0.9000036602598938,0.2787165808466902,0.7212834191533097,0.6403874539979774,0.23834951041264185,0.1664661074051009,0.22989868086706908,0.0
qwen2.5-7b-inst,memit,2,3a77016737e2b0f4dfa9685598e7703e88fe37b911c923d52a9dd4187d20f892,6,0.9000036602598938,0.76849490004007,0.5498503670112527,0.45014963298874733,0.747504124795719,0.3000012200866311,0.2783872055459326,0.2617752798936141,0.0
qwen2.5-7b-inst,memit,2,3a77016737e2b0f4dfa9685598e7703e88fe37b911c923d52a9dd4187d20f892,7,0.76849490004007,0.5620302132268022,0.5895518994103769,0.4104481005896231,0.3873790001939515,0.384247450020035,0.2710603451039743,0.21686339660469797,0.0
qwen2.5-7b-inst,memit,2,3a77016737e2b0f4dfa9685598e7703e88fe37b911c923d52a9dd4187d20f892,8,0.5620302132268022,0.14161622853382227,0.7481549940468927,0.2518450059531073,0.008018545041616355,0.5620302132268022,0.42050986081015485,0.14161622853382227,NOT_APPLICABLE
qwen2.5-7b-inst,memit,2,0cbdcd102101aa2847555821e9cb9856e3e26f89510271de286f5bf4667c4094,4,1.0,0.9741851827049851,0.18266924167633386,0.8173307583236662,0.7205856090412395,0.19999999999999993,0.1486757104320593,0.21792413252866433,0.0
qwen2.5-7b-inst,memit,2,0cbdcd102101aa2847555821e9cb9856e3e26f89510271de286f5bf4667c4094,5,0.9741851827049851,0.9386020478881109,0.21691566488706104,0.783084335112939,0.7353814044755832,0.24354629567624628,0.18672842607145462,0.26162890797734173,0.0
qwen2.5-7b-inst,memit,2,0cbdcd102101aa2847555821e9cb9856e3e26f89510271de286f5bf4667c4094,6,0.9386020478881109,0.7654058247777389,0.6778659681927541,0.32213403180724587,0.7698559482860255,0.3128673492960367,0.32092633553513034,0.2610987251025526,0.0
qwen2.5-7b-inst,memit,2,0cbdcd102101aa2847555821e9cb9856e3e26f89510271de286f5bf4667c4094,7,0.7654058247777389,0.4945790646801123,0.7619534266055671,0.23804657339443291,0.37062329955704926,0.38270291238886944,0.32426809918302785,0.16857522514560708,0.0
qwen2.5-7b-inst,memit,2,0cbdcd102101aa2847555821e9cb9856e3e26f89510271de286f5bf4667c4094,8,0.4945790646801123,0.0857785341881293,0.8266520114244592,0.1733479885755408,0.005570062224561745,0.4945790646801123,0.4088540596988596,0.0857785341881293,NOT_APPLICABLE
qwen2.5-7b-inst,memit,2,28380ae63c22bfe558c51b74c37ea0f21b0d2a56d51d9668b669a7da0368ae22,4,1.0,0.9470252685285862,0.44379963590320126,0.5562003640967987,1.2893640769756347,0.19999999999999996,0.27272094454390844,0.2808429146705781,0.0
qwen2.5-7b-inst,memit,2,28380ae63c22bfe558c51b74c37ea0f21b0d2a56d51d9668b669a7da0368ae22,5,0.9470252685285862,0.9386441849501644,0.25315214098353284,0.7468478590164671,1.2958345948388215,0.23675631713214654,0.31259664704575035,0.3541045935700937,0.0
qwen2.5-7b-inst,memit,2,28380ae63c22bfe558c51b74c37ea0f21b0d2a56d51d9668b669a7da0368ae22,6,0.9386441849501644,0.7641647863942257,0.7120789638978241,0.2879210361021759,0.8546776346592796,0.3128813949833881,0.34806284168018137,0.2821788441877447,0.0
qwen2.5-7b-inst,memit,2,28380ae63c22bfe558c51b74c37ea0f21b0d2a56d51d9668b669a7da0368ae22,7,0.7641647863942257,0.5156171830288037,0.7203104194927465,0.27968958050725345,0.4283965327621767,0.38208239319711285,0.3202139260036792,0.19547906212531102,0.0
qwen2.5-7b-inst,memit,2,28380ae63c22bfe558c51b74c37ea0f21b0d2a56d51d9668b669a7da0368ae22,8,0.5156171830288037,0.08454041720356822,0.8361701113036716,0.16382988869632842,0.006522051679798377,0.5156171830288037,0.43115679221208264,0.08454041720356822,NOT_APPLICABLE
qwen2.5-7b-inst,memit,2,5fb850b2455f7b7e5f6079f0dce941715ca198eff1276c7a4d63f6aaeb20d520,4,1.0,0.9627206924448655,0.2154034553912419,0.7845965446087582,0.5276496914203109,0.19999999999999984,0.11398470870260351,0.1891037741207669,0.0
qwen2.5-7b-inst,memit,2,5fb850b2455f7b7e5f6079f0dce941715ca198eff1276c7a4d63f6aaeb20d520,5,0.9627206924448655,0.9202006342925236,0.2349900941022858,0.7650099058977142,0.665268026065185,0.24068017311121637,0.16981208176651072,0.24400527040816689,0.0
qwen2.5-7b-inst,memit,2,5fb850b2455f7b7e5f6079f0dce941715ca198eff1276c7a4d63f6aaeb20d520,6,0.9202006342925236,0.7902788121922595,0.526200339615241,0.47379966038475896,0.7199504953321764,0.30673354476417425,0.2735292000938965,0.26436353928283896,0.0
qwen2.5-7b-inst,memit,2,5fb850b2455f7b7e5f6079f0dce941715ca198eff1276c7a4d63f6aaeb20d520,7,0.7902788121922595,0.5572669465875504,0.6282215925367806,0.37177840746321944,0.3273885164337139,0.39513940609612974,0.27992095263325134,0.19574458994071234,0.0
qwen2.5-7b-inst,memit,2,5fb850b2455f7b7e5f6079f0dce941715ca198eff1276c7a4d63f6aaeb20d520,8,0.5572669465875504,0.13328535541346573,0.7608448653728095,0.2391551346271905,0.003223246829563742,0.5572669465875504,0.4239974996700809,0.13328535541346573,NOT_APPLICABLE
qwen2.5-7b-inst,memit,2,85a4eedb16a30908dfc36bf358b5d34dc472310148a017735bbdad65a96f977c,4,1.0,0.9622306371341838,0.5370405470882915,0.4629594529117085,1.796994128442675,0.19999999999999993,0.37510534237061116,0.3711344420933069,0.0
qwen2.5-7b-inst,memit,2,85a4eedb16a30908dfc36bf358b5d34dc472310148a017735bbdad65a96f977c,5,0.9622306371341838,0.8083197481262895,0.8735230918916674,0.12647690810833256,1.2312707074883424,0.24055765928354594,0.36316002347758064,0.297750135973066,0.0
qwen2.5-7b-inst,memit,2,85a4eedb16a30908dfc36bf358b5d34dc472310148a017735bbdad65a96f977c,6,0.8083197481262895,0.5718708565536441,0.9776569375064039,0.022343062493596078,0.6441216599879755,0.26943991604209616,0.3154525625945994,0.17365646636368665,0.0
qwen2.5-7b-inst,memit,2,85a4eedb16a30908dfc36bf358b5d34dc472310148a017735bbdad65a96f977c,7,0.5718708565536441,0.34637075905339487,0.8270938357772073,0.1729061642227927,0.3027942165887949,0.28593542827682206,0.2518454180303237,0.09970125130206343,0.0
qwen2.5-7b-inst,memit,2,85a4eedb16a30908dfc36bf358b5d34dc472310148a017735bbdad65a96f977c,8,0.34637075905339487,0.05150346793477665,0.8514128746667804,0.1485871253332196,0.005652946636642522,0.34637075905339487,0.2949110237056982,0.05150346793477665,NOT_APPLICABLE
qwen2.5-7b-inst,memit,2,cf6f2bb990d5607be73e905f76a5a18c2756098f9d34cb16b4de12fe91ac1d3d,4,1.0,0.9027875626265474,0.6307151897745338,0.3692848102254662,1.1335717127568852,0.19999999999999973,0.2594445203564645,0.2384412799014325,0.0
qwen2.5-7b-inst,memit,2,cf6f2bb990d5607be73e905f76a5a18c2756098f9d34cb16b4de12fe91ac1d3d,5,0.9027875626265474,0.8131883925690359,0.43946619416371585,0.5605338058362841,0.5516227827473801,0.22569689065663684,0.15917923933096806,0.17749677115801515,0.0
qwen2.5-7b-inst,memit,2,cf6f2bb990d5607be73e905f76a5a18c2756098f9d34cb16b4de12fe91ac1d3d,6,0.8131883925690359,0.6313213250993269,0.7023290803627811,0.2976709196372189,0.38108462724106146,0.2710627975230119,0.21659454794635147,0.13107602211354466,0.0
qwen2.5-7b-inst,memit,2,cf6f2bb990d5607be73e905f76a5a18c2756098f9d34cb16b4de12fe91ac1d3d,7,0.6313213250993269,0.39846759034249046,0.7559326150571393,0.24406738494286073,0.21394088149113505,0.31566066254966346,0.24799054211117835,0.10245101699681239,0.0
qwen2.5-7b-inst,memit,2,cf6f2bb990d5607be73e905f76a5a18c2756098f9d34cb16b4de12fe91ac1d3d,8,0.39846759034249046,0.07601680549457471,0.8092658063540028,0.1907341936459972,0.0038412235896398152,0.39846759034249046,0.3224698283288975,0.07601680549457471,NOT_APPLICABLE
qwen2.5-7b-inst,memit,3,d62d3daaa98597827218b56a25f7ae3bb2b223eaaf78b7acf4945a97a6ef323f,4,1.0,0.9391837964771698,0.4150425839573416,0.5849574160426584,1.0148007598574067,0.19999999999999998,0.21927890265186503,0.23426444551322528,0.0
qwen2.5-7b-inst,memit,3,d62d3daaa98597827218b56a25f7ae3bb2b223eaaf78b7acf4945a97a6ef323f,5,0.9391837964771698,0.8789117313353619,0.3367675145277442,0.6632324854722558,0.7700807756297595,0.23479594911929244,0.19734550774074625,0.2386272863071878,0.0
qwen2.5-7b-inst,memit,3,d62d3daaa98597827218b56a25f7ae3bb2b223eaaf78b7acf4945a97a6ef323f,6,0.8789117313353619,0.7439928032538045,0.5504789887281949,0.4495210112718051,0.6699279376476557,0.29297057711178703,0.25402940648827016,0.23635891894584013,0.0
qwen2.5-7b-inst,memit,3,d62d3daaa98597827218b56a25f7ae3bb2b223eaaf78b7acf4945a97a6ef323f,7,0.7439928032538045,0.5033954855785829,0.7042076675463625,0.29579233245363745,0.39005755616732174,0.37199640162690223,0.29946365041040834,0.1821027830255454,0.0
qwen2.5-7b-inst,memit,3,d62d3daaa98597827218b56a25f7ae3bb2b223eaaf78b7acf4945a97a6ef323f,8,0.5033954855785829,0.11061453982587033,0.7803349979304204,0.21966500206957962,0.005618846965066157,0.5033954855785829,0.3928272984614013,0.11061453982587033,NOT_APPLICABLE
qwen2.5-7b-inst,memit,3,c4c0883e808830f850159906afcefc21c16dcd760fd4acf68e0181ad9745b79a,4,1.0,0.911169020000529,0.5724210348154181,0.42757896518458194,1.0734379731838903,0.19999999999999984,0.2433051518872782,0.23109243637483717,0.0
qwen2.5-7b-inst,memit,3,c4c0883e808830f850159906afcefc21c16dcd760fd4acf68e0181ad9745b79a,5,0.911169020000529,0.7884569597052721,0.6806512131992865,0.31934878680071355,0.9810759402269376,0.22779225500013225,0.271999221612867,0.2350230678705576,0.0
qwen2.5-7b-inst,memit,3,c4c0883e808830f850159906afcefc21c16dcd760fd4acf68e0181ad9745b79a,6,0.7884569597052721,0.5964753449186784,0.8374734750899857,0.1625265249100143,0.6886519319960455,0.26281898656842373,0.28496212155978373,0.18596302530202302,0.0
qwen2.5-7b-inst,memit,3,c4c0883e808830f850159906afcefc21c16dcd760fd4acf68e0181ad9745b79a,7,0.5964753449186784,0.36324789958636344,0.807674577325559,0.19232542267444097,0.2486734098826895,0.2982376724593392,0.252037600427263,0.09375651986691291,0.0
qwen2.5-7b-inst,memit,3,c4c0883e808830f850159906afcefc21c16dcd760fd4acf68e0181ad9745b79a,8,0.36324789958636344,0.05519610015329392,0.8480729257752309,0.15192707422476914,0.0027300868437755764,0.36324789958636344,0.3080623052001226,0.05519610015329392,NOT_APPLICABLE
qwen2.5-7b-inst,memit,3,2d7a05de733521918b9b3c10f95568ee42e8fa4bbeb9911964758f2e95f6e9e4,4,1.0,0.9166911615728663,0.5144963002269953,0.48550369977300467,0.9425092582929607,0.19999999999999998,0.21475848247882642,0.21204127376161666,0.0
qwen2.5-7b-inst,memit,3,2d7a05de733521918b9b3c10f95568ee42e8fa4bbeb9911964758f2e95f6e9e4,5,0.9166911615728663,0.8376341094133013,0.4025993172847034,0.5974006827152967,0.6465094660402808,0.22917279039321659,0.1745419300019569,0.20173221294557875,0.0
qwen2.5-7b-inst,memit,3,2d7a05de733521918b9b3c10f95568ee42e8fa4bbeb9911964758f2e95f6e9e4,6,0.8376341094133013,0.6741034877732007,0.67380788506327,0.32619211493672995,0.6463241261948457,0.2792113698044337,0.26069311476795726,0.2021413517273027,0.0
qwen2.5-7b-inst,memit,3,2d7a05de733521918b9b3c10f95568ee42e8fa4bbeb9911964758f2e95f6e9e4,7,0.6741034877732007,0.4609549454410846,0.7204569331576162,0.27954306684238384,0.4828286312633005,0.33705174388660036,0.29231961244095017,0.18804582078608456,0.0
qwen2.5-7b-inst,memit,3,2d7a05de733521918b9b3c10f95568ee42e8fa4bbeb9911964758f2e95f6e9e4,8,0.4609549454410846,0.07331737000944823,0.8410572565463418,0.15894274345365822,0.005985177579282752,0.4609549454410846,0.38769931818734615,0.07331737000944823,NOT_APPLICABLE
qwen2.5-7b-inst,memit,3,7ad81b264c5bf8e0448ecd9bcdb6f342989288fde3543b7704f2c1ec659b7185,4,1.0,0.9016019137764512,0.5475359071167668,0.4524640928832332,0.705488323588346,0.20000000000000007,0.178606757352758,0.1676230926893001,0.0
qwen2.5-7b-inst,memit,3,7ad81b264c5bf8e0448ecd9bcdb6f342989288fde3543b7704f2c1ec659b7185,5,0.9016019137764512,0.79423081497711,0.5844622151017659,0.4155377848982341,0.8661186609221806,0.2254004784441128,0.23551466158008635,0.21652918205332816,0.0
qwen2.5-7b-inst,memit,3,7ad81b264c5bf8e0448ecd9bcdb6f342989288fde3543b7704f2c1ec659b7185,6,0.79423081497711,0.664356471813082,0.5611698872815247,0.4388301127184753,0.5910703700507042,0.26474360499237026,0.21577429283468008,0.1948944622356786,0.0
qwen2.5-7b-inst,memit,3,7ad81b264c5bf8e0448ecd9bcdb6f342989288fde3543b7704f2c1ec659b7185,7,0.664356471813082,0.46424282036033565,0.6743440582884327,0.3256559417115673,0.44254072701705033,0.332178235906541,0.26793056757989453,0.18251496442735846,0.0
qwen2.5-7b-inst,memit,3,7ad81b264c5bf8e0448ecd9bcdb6f342989288fde3543b7704f2c1ec659b7185,8,0.46424282036033565,0.08492689938499551,0.8181512635942084,0.18184873640579158,0.01991870789309465,0.46424282036033565,0.37993339855834435,0.08492689938499551,NOT_APPLICABLE
qwen2.5-7b-inst,memit,3,b11185489a6e191b8145c5e43c46e1ac11afecedbb8858886ba16fb0915c52d5,4,1.0,0.9275714515594348,0.5383920255063248,0.4616079744936752,1.26640207897664,0.19999999999999993,0.27521919982189874,0.2695816127077296,0.0
qwen2.5-7b-inst,memit,3,b11185489a6e191b8145c5e43c46e1ac11afecedbb8858886ba16fb0915c52d5,5,0.9275714515594348,0.7521825328679973,0.8916753836084429,0.1083246163915571,0.9271862112521655,0.2318928628898587,0.2983010570645885,0.2164702787787574,0.0
qwen2.5-7b-inst,memit,3,b11185489a6e191b8145c5e43c46e1ac11afecedbb8858886ba16fb0915c52d5,6,0.7521825328679973,0.5660299295094366,0.7980279145628265,0.2019720854371735,0.4978469709313531,0.250727510955999,0.2358305381133074,0.13470493434780437,0.0
qwen2.5-7b-inst,memit,3,b11185489a6e191b8145c5e43c46e1ac11afecedbb8858886ba16fb0915c52d5,7,0.5660299295094366,0.34616033904259985,0.8027241989179115,0.19727580108208853,0.25009038037633663,0.2830149647547183,0.23795337752047083,0.09014945826032102,0.0
qwen2.5-7b-inst,memit,3,b11185489a6e191b8145c5e43c46e1ac11afecedbb8858886ba16fb0915c52d5,8,0.34616033904259985,0.050459159799531854,0.8543710488924746,0.14562895110752538,0.006369343176583983,0.34616033904259985,0.2957575902918164,0.050459159799531854,NOT_APPLICABLE
qwen2.5-7b-inst,memit,3,472026d0a81e0abea282876d5064eede5f410d0102c44d94d070ebf92420c771,4,1.0,0.9122461304374714,0.5962359218636035,0.4037640781363965,1.1881443542638237,0.19999999999999982,0.2658709672822161,0.25097509337480706,0.0
qwen2.5-7b-inst,memit,3,472026d0a81e0abea282876d5064eede5f410d0102c44d94d070ebf92420c771,5,0.9122461304374714,0.8261760463262667,0.47446729289409817,0.5255327071059018,0.8329829760036679,0.22806153260936785,0.2186276230386127,0.2246198011731371,0.0
qwen2.5-7b-inst,memit,3,472026d0a81e0abea282876d5064eede5f410d0102c44d94d070ebf92420c771,6,0.8261760463262667,0.6420100738074171,0.7538326952269067,0.24616730477309334,0.6240995710933118,0.27539201544208886,0.26951354747318507,0.18475882152852943,0.0
qwen2.5-7b-inst,memit,3,472026d0a81e0abea282876d5064eede5f410d0102c44d94d070ebf92420c771,7,0.6420100738074171,0.4176987364324471,0.7300570935917691,0.26994290640823093,0.28358960070169026,0.3210050369037086,0.251412001829594,0.1256816646256022,0.0
qwen2.5-7b-inst,memit,3,472026d0a81e0abea282876d5064eede5f410d0102c44d94d070ebf92420c771,8,0.4176987364324471,0.07911003745110634,0.8107239156267083,0.1892760843732917,0.0067094371161492,0.4176987364324471,0.33864995159908284,0.07911003745110634,NOT_APPLICABLE
qwen2.5-7b-inst,memit,3,34da1f2e8dc9670ec41d7784fa8d025678bc1009ebfcc9577823787902857e92,4,1.0,0.939403941536005,0.4290185018395067,0.5709814981604933,1.0807970567174014,0.19999999999999973,0.23256647675274333,0.24447021487703524,0.0
qwen2.5-7b-inst,memit,3,34da1f2e8dc9670ec41d7784fa8d025678bc1009ebfcc9577823787902857e92,5,0.939403941536005,0.8146794887465427,0.6501607769235147,0.3498392230764853,0.901104492369162,0.23485098538400126,0.2609593243173467,0.22701440053374985,0.0
qwen2.5-7b-inst,memit,3,34da1f2e8dc9670ec41d7784fa8d025678bc1009ebfcc9577823787902857e92,6,0.8146794887465427,0.6151876495246299,0.7876992851872958,0.21230071481270418,0.48754093510324487,0.2715598295821807,0.2515656049170233,0.14440441478241633,0.0
qwen2.5-7b-inst,memit,3,34da1f2e8dc9670ec41d7784fa8d025678bc1009ebfcc9577823787902857e92,7,0.6151876495246299,0.3805690943074391,0.7882245202411994,0.21177547975880062,0.24975340859509468,0.30759382476231495,0.2543327890468158,0.10072259196053683,0.0
qwen2.5-7b-inst,memit,3,34da1f2e8dc9670ec41d7784fa8d025678bc1009ebfcc9577823787902857e92,8,0.3805690943074391,0.06636582365800592,0.8256662581844458,0.17433374181555417,0.00425831680991347,0.3805690943074391,0.3142272390742217,0.06636582365800592,NOT_APPLICABLE
qwen2.5-7b-inst,memit,3,9a6dd76f564eabe6d772c906c071d9d837193dc7543a04dc4a666f2c4bfaf5fc,4,1.0,0.9446355344327257,0.38056108073684614,0.6194389192631539,0.9844751871032082,0.19999999999999982,0.21109411457390168,0.23262811255046534,0.0
qwen2.5-7b-inst,memit,3,9a6dd76f564eabe6d772c906c071d9d837193dc7543a04dc4a666f2c4bfaf5fc,5,0.9446355344327257,0.8813581913146452,0.34462330587960754,0.6553766941203925,0.7526377717783247,0.23615888360818144,0.19548890018217832,0.23568398969594073,0.0
qwen2.5-7b-inst,memit,3,9a6dd76f564eabe6d772c906c071d9d837193dc7543a04dc4a666f2c4bfaf5fc,6,0.8813581913146452,0.6994488033380982,0.7554933048522116,0.24450669514778844,0.7940063161883852,0.29378606377154826,0.3219895478503133,0.24407762340596645,0.0
qwen2.5-7b-inst,memit,3,9a6dd76f564eabe6d772c906c071d9d837193dc7543a04dc4a666f2c4bfaf5fc,7,0.6994488033380982,0.47501796300806587,0.6779157017777667,0.3220842982222333,0.31140554285149225,0.3497244016690491,0.2609007583403155,0.15667954020441843,0.0
qwen2.5-7b-inst,memit,3,9a6dd76f564eabe6d772c906c071d9d837193dc7543a04dc4a666f2c4bfaf5fc,8,0.47501796300806587,0.10591797160017623,0.7771033798382005,0.22289662016179945,0.005978056969042975,0.47501796300806587,0.36914898685785213,0.10591797160017623,NOT_APPLICABLE
qwen2.5-7b-inst,memit,3,c36d70eb53ba78389390e289afb5dd9f925d5772a413bd1a75bd67a4b4a12428,4,1.0,0.963987829753332,0.2746909780258614,0.7253090219741386,0.9504041480671833,0.19999999999999982,0.19786087820204445,0.23911011873364016,0.0
qwen2.5-7b-inst,memit,3,c36d70eb53ba78389390e289afb5dd9f925d5772a413bd1a75bd67a4b4a12428,5,0.963987829753332,0.9301527252488442,0.22538875150748716,0.7746112484925128,0.8055121943799052,0.240996957438333,0.2015821041538012,0.2693212415029075,0.0
qwen2.5-7b-inst,memit,3,c36d70eb53ba78389390e289afb5dd9f925d5772a413bd1a75bd67a4b4a12428,6,0.9301527252488442,0.7980096082719421,0.5281725084745165,0.47182749152548353,0.7173039277119213,0.3100509084162811,0.27618751628275157,0.26620106958002093,0.0
qwen2.5-7b-inst,memit,3,c36d70eb53ba78389390e289afb5dd9f925d5772a413bd1a75bd67a4b4a12428,7,0.7980096082719421,0.5452877750123409,0.7042273655108668,0.29577263448913316,0.4343067311653899,0.39900480413597106,0.33012880092865754,0.2096593848762007,0.0
qwen2.5-7b-inst,memit,3,c36d70eb53ba78389390e289afb5dd9f925d5772a413bd1a75bd67a4b4a12428,8,0.5452877750123409,0.13012358443876582,0.7614332003172346,0.2385667996827654,0.005614866933105747,0.5452877750123409,0.41521150414105645,0.13012358443876582,NOT_APPLICABLE
qwen2.5-7b-inst,memit,3,63e9e046e3468bc2aaa15480bfe629a10c7ed43491d17ef3a0eceed9d49c6365,4,1.0,0.9458343800599924,0.3196128389418695,0.6803871610581305,0.6775270365003542,0.2,0.14982593260252805,0.1920384934456313,0.0
qwen2.5-7b-inst,memit,3,63e9e046e3468bc2aaa15480bfe629a10c7ed43491d17ef3a0eceed9d49c6365,5,0.9458343800599924,0.838832983941135,0.5847136532119062,0.41528634678809384,0.9594055154538179,0.2364585950149981,0.26567141252899473,0.24720066109106625,0.0
qwen2.5-7b-inst,memit,3,63e9e046e3468bc2aaa15480bfe629a10c7ed43491d17ef3a0eceed9d49c6365,6,0.838832983941135,0.7125657756770912,0.48834989067142814,0.5116501093285719,0.4313346273668288,0.27961099464704486,0.18218435735205987,0.18711708885864586,0.0
qwen2.5-7b-inst,memit,3,63e9e046e3468bc2aaa15480bfe629a10c7ed43491d17ef3a0eceed9d49c6365,7,0.7125657756770912,0.4936838779467736,0.6462079138621637,0.3537920861378363,0.295426396487923,0.3562828878385456,0.2531518221009319,0.16421727077935377,0.0
qwen2.5-7b-inst,memit,3,63e9e046e3468bc2aaa15480bfe629a10c7ed43491d17ef3a0eceed9d49c6365,8,0.4936838779467736,0.1238985432847487,0.7493447334373193,0.25065526656268067,0.012512272156456433,0.4936838779467736,0.36999098181520546,0.1238985432847487,NOT_APPLICABLE
qwen2.5-7b-inst,memit,4,94bd4b37a5d07ad36fd1f8d54bbc8b2908a74560edcbbcfa2e8cd869eebaf856,4,1.0,0.9226775660634302,0.5164614613696096,0.4835385386303904,1.0868437999705594,0.19999999999999982,0.24066257595350996,0.2379108205925284,0.0
qwen2.5-7b-inst,memit,4,94bd4b37a5d07ad36fd1f8d54bbc8b2908a74560edcbbcfa2e8cd869eebaf856,5,0.9226775660634302,0.7996166156293211,0.639345544272843,0.36065445572715704,0.8500935495199887,0.23066939151585755,0.2453591367705582,0.21300799972848422,0.0
qwen2.5-7b-inst,memit,4,94bd4b37a5d07ad36fd1f8d54bbc8b2908a74560edcbbcfa2e8cd869eebaf856,6,0.7996166156293211,0.5851984717144494,0.8791287482671438,0.12087125173285618,0.5677405314868227,0.2665388718764402,0.27893731232790847,0.15471638394965265,0.0
qwen2.5-7b-inst,memit,4,94bd4b37a5d07ad36fd1f8d54bbc8b2908a74560edcbbcfa2e8cd869eebaf856,7,0.5851984717144494,0.35531885501752597,0.8030412969020988,0.1969587030979012,0.20480200567889656,0.2925992358572247,0.2424903145468927,0.083139688872263,0.0
qwen2.5-7b-inst,memit,4,94bd4b37a5d07ad36fd1f8d54bbc8b2908a74560edcbbcfa2e8cd869eebaf856,8,0.35531885501752597,0.05762817665109923,0.8379127697301495,0.1620872302698505,0.0056941649331186195,0.35531885501752597,0.29773308049896124,0.05762817665109923,NOT_APPLICABLE
qwen2.5-7b-inst,memit,4,53a3ee42de862f325a85838efdb208f2f0d6da19694bc8ccc8241fd530598eea,4,1.0,0.9342951160136934,0.533270434666125,0.466729565333875,1.3678490725764594,0.20000000000000004,0.29362482468873596,0.2890569198275681,0.0
qwen2.5-7b-inst,memit,4,53a3ee42de862f325a85838efdb208f2f0d6da19694bc8ccc8241fd530598eea,5,0.9342951160136934,0.8453231612871372,0.5963871660969651,0.40361283390303493,1.2301177816457949,0.23357377900342335,0.31931059751355845,0.3023939885342457,0.0
qwen2.5-7b-inst,memit,4,53a3ee42de862f325a85838efdb208f2f0d6da19694bc8ccc8241fd530598eea,6,0.8453231612871372,0.6746859836985917,0.7564783339788491,0.24352166602115088,0.8365724830362998,0.2817743870957124,0.3178076575880963,0.24550883195492598,0.0
qwen2.5-7b-inst,memit,4,53a3ee42de862f325a85838efdb208f2f0d6da19694bc8ccc8241fd530598eea,7,0.6746859836985917,0.4430232180213172,0.763235348788313,0.236764651211687,0.44169833469221836,0.33734299184929584,0.2974794512185206,0.16906065080847124,0.0
qwen2.5-7b-inst,memit,4,53a3ee42de862f325a85838efdb208f2f0d6da19694bc8ccc8241fd530598eea,8,0.4430232180213172,0.08093806657921253,0.8175357918996152,0.18246420810038477,0.009177478182822591,0.4430232180213172,0.36221015774890103,0.08093806657921253,NOT_APPLICABLE
qwen2.5-7b-inst,memit,4,569f1a97c3971140f8e826932006d0d697bae8da7872d2105db2e6eab60839d6,4,1.0,0.952936604250021,0.2791328676593668,0.7208671323406333,0.644684272939076,0.1999999999999997,0.14050380344783886,0.19341843079334392,0.0
qwen2.5-7b-inst,memit,4,569f1a97c3971140f8e826932006d0d697bae8da7872d2105db2e6eab60839d6,5,0.952936604250021,0.9084281349322707,0.410776728986054,0.589223271013946,1.2875433652881398,0.23823415106250526,0.3219693293186566,0.3373308074474409,0.0
qwen2.5-7b-inst,memit,4,569f1a97c3971140f8e826932006d0d697bae8da7872d2105db2e6eab60839d6,6,0.9084281349322707,0.7156255349461798,0.6790206403248664,0.3209793596751336,0.4451755981222455,0.30280937831075655,0.24586375140785743,0.16618940722562536,0.0
qwen2.5-7b-inst,memit,4,569f1a97c3971140f8e826932006d0d697bae8da7872d2105db2e6eab60839d6,7,0.7156255349461798,0.47018959910784064,0.7011639179571013,0.2988360820428987,0.19948517688075657,0.3578127674730899,0.2608416239486781,0.12856255045671924,0.0
qwen2.5-7b-inst,memit,4,569f1a97c3971140f8e826932006d0d697bae8da7872d2105db2e6eab60839d6,8,0.47018959910784064,0.11005972336963095,0.7659998538633476,0.23400014613665243,0.005927038745446032,0.47018959910784064,0.3601759458084564,0.11005972336963095,NOT_APPLICABLE
qwen2.5-7b-inst,memit,4,93140396d3eb2d8f451a94d46170ab2af2e1f02d91529583cd73ad449bfb207e,4,1.0,0.9393508854621464,0.39622817180126546,0.6037718281987345,0.9299393014313632,0.1999999999999999,0.20216665090717817,0.22175008679800717,0.0
qwen2.5-7b-inst,memit,4,93140396d3eb2d8f451a94d46170ab2af2e1f02d91529583cd73ad449bfb207e,5,0.9393508854621464,0.8574564951902579,0.49973983791337834,0.5002601620866216,1.0392156092615157,0.2348377213655366,0.2707984411105151,0.27085141856455514,0.0
qwen2.5-7b-inst,memit,4,93140396d3eb2d8f451a94d46170ab2af2e1f02d91529583cd73ad449bfb207e,6,0.8574564951902579,0.686754327596893,0.670108978266403,0.32989102173359697,0.5872546370202869,0.2858188317300857,0.25466988021064985,0.1925188950179242,0.0
qwen2.5-7b-inst,memit,4,93140396d3eb2d8f451a94d46170ab2af2e1f02d91529583cd73ad449bfb207e,7,0.686754327596893,0.45331806355261983,0.7213146233640808,0.2786853766359192,0.3283696586837829,0.3433771637984465,0.2721405201881677,0.14788843131708124,0.0
qwen2.5-7b-inst,memit,4,93140396d3eb2d8f451a94d46170ab2af2e1f02d91529583cd73ad449bfb207e,8,0.45331806355261983,0.09160540206969843,0.7979767184874962,0.20202328151250382,0.004682790719600822,0.45331806355261983,0.361743489357952,0.09160540206969843,NOT_APPLICABLE
qwen2.5-7b-inst,memit,4,e558da6313163140b0e184e8308f584bc1635823d3d2f9b3340fe9126e729a14,4,1.0,0.9558510881606613,0.2535384753583278,0.7464615246416721,0.5589146299250699,0.1999999999999998,0.12274645771366298,0.18650365908631875,0.0
qwen2.5-7b-inst,memit,4,e558da6313163140b0e184e8308f584bc1635823d3d2f9b3340fe9126e729a14,5,0.9558510881606613,0.9136578441941103,0.1974596863517377,0.8025403136482623,0.39914575562562127,0.23896277204016533,0.10641430052512972,0.21418694478932865,0.0
qwen2.5-7b-inst,memit,4,e558da6313163140b0e184e8308f584bc1635823d3d2f9b3340fe9126e729a14,6,0.9136578441941103,0.7388759265933589,0.6303459662315001,0.3696540337684999,0.5203019911839537,0.30455261473137,0.24892406320394272,0.19437956214995933,0.0
qwen2.5-7b-inst,memit,4,e558da6313163140b0e184e8308f584bc1635823d3d2f9b3340fe9126e729a14,7,0.7388759265933589,0.4830509545854899,0.7225377389204061,0.27746226107959393,0.2787884370435965,0.36943796329667944,0.28611384821147146,0.1453109448987467,0.0
qwen2.5-7b-inst,memit,4,e558da6313163140b0e184e8308f584bc1635823d3d2f9b3340fe9126e729a14,8,0.4830509545854899,0.09321363920019864,0.807081161319357,0.19291883868064297,0.004379555754273876,0.4830509545854899,0.38986706528126985,0.09321363920019864,NOT_APPLICABLE
qwen2.5-7b-inst,memit,4,7412f9b677bdd6da6ceaf7b352a8013e66884fca96673ccdef4c91ded318ed24,4,1.0,0.9631078740127154,0.22336138240553272,0.7766386175944673,0.610854271931956,0.19999999999999982,0.1300820123902807,0.19761684987637704,0.0
qwen2.5-7b-inst,memit,4,7412f9b677bdd6da6ceaf7b352a8013e66884fca96673ccdef4c91ded318ed24,5,0.9631078740127154,0.9276821491182357,0.2030775671887258,0.7969224328112742,0.6542022399508322,0.24077696850317884,0.16493153256064036,0.24825330730529235,0.0
qwen2.5-7b-inst,memit,4,7412f9b677bdd6da6ceaf7b352a8013e66884fca96673ccdef4c91ded318ed24,6,0.9276821491182357,0.8086748666191206,0.5123827101885675,0.4876172898114325,0.8066912223394244,0.30922738303941166,0.2955163596758097,0.291482092671871,0.0
qwen2.5-7b-inst,memit,4,7412f9b677bdd6da6ceaf7b352a8013e66884fca96673ccdef4c91ded318ed24,7,0.8086748666191206,0.5717959939324543,0.642987262879832,0.357012737120168,0.39793483243350986,0.4043374333095603,0.3057456130976491,0.2161637326830467,0.0
qwen2.5-7b-inst,memit,4,7412f9b677bdd6da6ceaf7b352a8013e66884fca96673ccdef4c91ded318ed24,8,0.5717959939324543,0.14166483799470853,0.7522813367087366,0.24771866329126335,0.004193952479665266,0.5717959939324543,0.4301581392253787,0.14166483799470853,NOT_APPLICABLE
qwen2.5-7b-inst,memit,4,23c1238dd9069718d334ae7f722280560776c5e930ea2fdbe0f4b20ca542081e,4,1.0,0.9670178554456385,0.1859367188234013,0.8140632811765987,0.45042540291845534,0.19999999999999982,0.09745881324971369,0.18607332633714713,0.0
qwen2.5-7b-inst,memit,4,23c1238dd9069718d334ae7f722280560776c5e930ea2fdbe0f4b20ca542081e,5,0.9670178554456385,0.9334585754626429,0.15936109817612934,0.8406389018238707,0.39779158743590703,0.2417544638614096,0.10359795320762819,0.22483319943247107,0.0
qwen2.5-7b-inst,memit,4,23c1238dd9069718d334ae7f722280560776c5e930ea2fdbe0f4b20ca542081e,6,0.9334585754626429,0.7944785518619292,0.5021635647813136,0.49783643521868637,0.5294811537635741,0.31115285848754753,0.22706027556928818,0.22613587271225458,0.0
qwen2.5-7b-inst,memit,4,23c1238dd9069718d334ae7f722280560776c5e930ea2fdbe0f4b20ca542081e,7,0.7944785518619292,0.546686677984184,0.650413109930094,0.34958689006990595,0.2694125932608956,0.3972392759309646,0.27965768005146435,0.17532349701742336,0.0
qwen2.5-7b-inst,memit,4,23c1238dd9069718d334ae7f722280560776c5e930ea2fdbe0f4b20ca542081e,8,0.546686677984184,0.13509362513368545,0.7529791273246348,0.2470208726753652,0.006763155388753785,0.546686677984184,0.41166026181579884,0.13509362513368545,NOT_APPLICABLE
qwen2.5-7b-inst,memit,4,35bf1daae2dea57e75a545d92be2a5b950f31eba85989d792f9f262e54660b84,4,1.0,0.9547233947943465,0.27152846189205554,0.7284715381079445,0.6549625390005969,0.19999999999999984,0.14180319222239987,0.19592311852637098,0.0
qwen2.5-7b-inst,memit,4,35bf1daae2dea57e75a545d92be2a5b950f31eba85989d792f9f262e54660b84,5,0.9547233947943465,0.8831732693973,0.37999163158366883,0.6200083684163311,0.7663012934159862,0.23868084869858663,0.20415394638835085,0.23527056489816028,0.0
qwen2.5-7b-inst,memit,4,35bf1daae2dea57e75a545d92be2a5b950f31eba85989d792f9f262e54660b84,6,0.8831732693973,0.7056682644925953,0.6358489581379857,0.3641510418620143,0.3957368525738291,0.2943910897990998,0.2204813473941589,0.15831936719899373,0.0
qwen2.5-7b-inst,memit,4,35bf1daae2dea57e75a545d92be2a5b950f31eba85989d792f9f262e54660b84,7,0.7056682644925953,0.4421684438699641,0.7651829317298253,0.23481706827017468,0.2138075592347377,0.35283413224629767,0.2803241292891797,0.11205065921298121,0.0
qwen2.5-7b-inst,memit,4,35bf1daae2dea57e75a545d92be2a5b950f31eba85989d792f9f262e54660b84,8,0.4421684438699641,0.08562368006308772,0.8063692624718137,0.19363073752818627,0.0023449446396569085,0.4421684438699641,0.35655254957841864,0.08562368006308772,NOT_APPLICABLE
qwen2.5-7b-inst,memit,4,82e5ab0c97a6d3bf7b7c62e0fd42a5e8a875b906ce593c077f599ad5435d28ea,4,1.0,0.9279013699498614,0.5507917997892628,0.44920820021073715,1.3151312482213655,0.20000000000000004,0.2851625365831478,0.2779466284871869,0.0
qwen2.5-7b-inst,memit,4,82e5ab0c97a6d3bf7b7c62e0fd42a5e8a875b906ce593c077f599ad5435d28ea,5,0.9279013699498614,0.8533363140541499,0.45674240746185274,0.5432575925381473,0.9885161282715462,0.23197534248746535,0.2526058915216346,0.26165882361948023,0.0
qwen2.5-7b-inst,memit,4,82e5ab0c97a6d3bf7b7c62e0fd42a5e8a875b906ce593c077f599ad5435d28ea,6,0.8533363140541499,0.6881449877416701,0.7024453445081454,0.29755465549185456,0.7576406286187021,0.28444543801805,0.29388166812934047,0.2315319636848367,0.0
qwen2.5-7b-inst,memit,4,82e5ab0c97a6d3bf7b7c62e0fd42a5e8a875b906ce593c077f599ad5435d28ea,7,0.6881449877416701,0.47813178097023173,0.6858937281138795,0.3141062718861205,0.4518657803426878,0.34407249387083505,0.2826075176387618,0.18934789003672217,0.0
qwen2.5-7b-inst,memit,4,82e5ab0c97a6d3bf7b7c62e0fd42a5e8a875b906ce593c077f599ad5435d28ea,8,0.47813178097023173,0.09069437099137245,0.81057827547409,0.18942172452591,0.009988251274664628,0.47813178097023173,0.3875926573420714,0.09069437099137245,NOT_APPLICABLE
qwen2.5-7b-inst,memit,4,eca5f60936dfc2d99bd2d8d8059966c1e2abd050a28822126da716e6255c6720,4,1.0,0.9313484676299366,0.5227535485963075,0.4772464514036925,1.2804348547695918,0.19999999999999984,0.276606918921335,0.27329673197359966,0.0
qwen2.5-7b-inst,memit,4,eca5f60936dfc2d99bd2d8d8059966c1e2abd050a28822126da716e6255c6720,5,0.9313484676299366,0.8547816075914074,0.47450786196830497,0.525492138031695,1.0238646283002877,0.23283711690748415,0.262750933851659,0.2679590828274137,0.0
qwen2.5-7b-inst,memit,4,eca5f60936dfc2d99bd2d8d8059966c1e2abd050a28822126da716e6255c6720,6,0.8547816075914074,0.6640355381688846,0.7873605189418896,0.21263948105811037,0.7318909841867924,0.28492720253046905,0.3062935620577136,0.21715863926034365,0.0
qwen2.5-7b-inst,memit,4,eca5f60936dfc2d99bd2d8d8059966c1e2abd050a28822126da716e6255c6720,7,0.6640355381688846,0.4417773619313075,0.7223462805932716,0.27765371940672845,0.3715553756226367,0.3320177690844423,0.26969931240556355,0.1540022055871271,0.0
qwen2.5-7b-inst,memit,4,eca5f60936dfc2d99bd2d8d8059966c1e2abd050a28822126da716e6255c6720,8,0.4417773619313075,0.08758497006238,0.8018612312777248,0.1981387687222752,0.006814075572938463,0.4417773619313075,0.3542569296760744,0.08758497006238,NOT_APPLICABLE
qwen2.5-7b-inst,memit,5,c26d9f7b75c14056267c2567ba556e5b76ebfdac6a2231a6d3f1fc8bfa91ec2d,4,1.0,0.9341773381659212,0.47266407646421094,0.5273359235357891,1.1490917778974452,0.19999999999999982,0.24850136765911537,0.25286321126513045,0.0
qwen2.5-7b-inst,memit,5,c26d9f7b75c14056267c2567ba556e5b76ebfdac6a2231a6d3f1fc8bfa91ec2d,5,0.9341773381659212,0.8811273707655418,0.3641441790543574,0.6358558209456426,1.0074410944701917,0.2335443345414803,0.2501802238950632,0.2782267072189848,0.0
qwen2.5-7b-inst,memit,5,c26d9f7b75c14056267c2567ba556e5b76ebfdac6a2231a6d3f1fc8bfa91ec2d,6,0.8811273707655418,0.7307632768356598,0.597703991632681,0.40229600836731905,0.6475890950167872,0.2937091235885139,0.2588345205233667,0.22391612203822855,0.0
qwen2.5-7b-inst,memit,5,c26d9f7b75c14056267c2567ba556e5b76ebfdac6a2231a6d3f1fc8bfa91ec2d,7,0.7307632768356598,0.49593416681547114,0.7090991568172447,0.29090084318275533,0.4193455649533232,0.3653816384178299,0.30100713232229076,0.1864785619555904,0.0
qwen2.5-7b-inst,memit,5,c26d9f7b75c14056267c2567ba556e5b76ebfdac6a2231a6d3f1fc8bfa91ec2d,8,0.49593416681547114,0.10824303403086401,0.7818107819271821,0.21818921807281788,0.005593071867878252,0.49593416681547114,0.38773660047736547,0.10824303403086401,NOT_APPLICABLE
qwen2.5-7b-inst,memit,5,a61a8732e7087bac9df081e4cfb0319a07f61ccb3987494c7f24ded194e18d42,4,1.0,0.940032420965359,0.44298583089461707,0.5570141691053829,1.1511497184218173,0.1999999999999999,0.2466886394300327,0.2557663354553751,0.0
qwen2.5-7b-inst,memit,5,a61a8732e7087bac9df081e4cfb0319a07f61ccb3987494c7f24ded194e18d42,5,0.940032420965359,0.8807263680048302,0.37483243548573864,0.6251675645142614,0.9502550158385421,0.23500810524133975,0.2400632756404511,0.26731271475705853,0.0
qwen2.5-7b-inst,memit,5,a61a8732e7087bac9df081e4cfb0319a07f61ccb3987494c7f24ded194e18d42,6,0.8807263680048302,0.6811418472856642,0.8040108902502842,0.19598910974971584,0.7488466915792519,0.2935754560016099,0.3225597955472717,0.22724771310283384,0.0
qwen2.5-7b-inst,memit,5,a61a8732e7087bac9df081e4cfb0319a07f61ccb3987494c7f24ded194e18d42,7,0.6811418472856642,0.4527836550220642,0.7332480573296001,0.2667519426703999,0.40356870493554287,0.3405709236428321,0.28504797805634896,0.16475478746805744,0.0
qwen2.5-7b-inst,memit,5,a61a8732e7087bac9df081e4cfb0319a07f61ccb3987494c7f24ded194e18d42,8,0.4527836550220642,0.07839722904035981,0.8269514252434539,0.17304857475654611,0.00577790309400986,0.4527836550220642,0.3744392282109661,0.07839722904035981,NOT_APPLICABLE
qwen2.5-7b-inst,memit,5,c95165b3bb5e2754faaa370e60fd0e96d24767b8eda1af67c1f801d7f4671c79,4,1.0,0.937545985884057,0.43565819101842723,0.5643418089815728,1.0684548385240942,0.19999999999999993,0.23077207815218834,0.24166732665630583,0.0
qwen2.5-7b-inst,memit,5,c95165b3bb5e2754faaa370e60fd0e96d24767b8eda1af67c1f801d7f4671c79,5,0.937545985884057,0.860065547949218,0.4888728863459106,0.5111271136540894,1.0661730762712187,0.23438649647101426,0.274914651200875,0.2771292958027014,0.0
qwen2.5-7b-inst,memit,5,c95165b3bb5e2754faaa370e60fd0e96d24767b8eda1af67c1f801d7f4671c79,6,0.860065547949218,0.7128512493598621,0.6488810234195503,0.35111897658044966,0.809275120289882,0.2866885159830726,0.29737944288643525,0.25290587091996036,0.0
qwen2.5-7b-inst,memit,5,c95165b3bb5e2754faaa370e60fd0e96d24767b8eda1af67c1f801d7f4671c79,7,0.7128512493598621,0.4834336842817584,0.7192261116717462,0.2807738883282538,0.44639838106794905,0.35642562467993105,0.30171333640002135,0.18796357706070255,0.0
qwen2.5-7b-inst,memit,5,c95165b3bb5e2754faaa370e60fd0e96d24767b8eda1af67c1f801d7f4671c79,8,0.4834336842817584,0.09311702149211074,0.8076597358304481,0.19234026416955186,0.010301142276319158,0.4834336842817584,0.3904816781623761,0.09311702149211074,NOT_APPLICABLE
qwen2.5-7b-inst,memit,5,b60dce4b4fb7c58f26743b14e89bf6f65fd42fa8a116dc3a52707814fd0496fe,4,1.0,0.9363305645226865,0.39365557549755165,0.6063444245024483,0.8363397601092236,0.1999999999999998,0.18487064736835393,0.20660278366612156,0.0
qwen2.5-7b-inst,memit,5,b60dce4b4fb7c58f26743b14e89bf6f65fd42fa8a116dc3a52707814fd0496fe,5,0.9363305645226865,0.8856223948530443,0.26185998230535706,0.7381400176946429,0.583296692878708,0.23408264113067162,0.14966755733372344,0.2202225947055855,0.0
qwen2.5-7b-inst,memit,5,b60dce4b4fb7c58f26743b14e89bf6f65fd42fa8a116dc3a52707814fd0496fe,6,0.8856223948530443,0.7335093204753416,0.5759951680825901,0.4240048319174099,0.5459469704549452,0.2952074649510146,0.2342817716110247,0.2040646434064227,0.0
qwen2.5-7b-inst,memit,5,b60dce4b4fb7c58f26743b14e89bf6f65fd42fa8a116dc3a52707814fd0496fe,7,0.7335093204753416,0.5066326042465336,0.6673343540264461,0.33266564597355386,0.36366335387775356,0.3667546602376708,0.27873020598648707,0.18076111556802774,0.0
qwen2.5-7b-inst,memit,5,b60dce4b4fb7c58f26743b14e89bf6f65fd42fa8a116dc3a52707814fd0496fe,8,0.5066326042465336,0.11687069250473073,0.7694599605348554,0.23054003946514456,0.008073097155988869,0.5066326042465336,0.38985495950914084,0.11687069250473073,NOT_APPLICABLE
qwen2.5-7b-inst,memit,5,6a691cf16b423bb1d5a6ce4bf3417dd2d707fdac2436c48131dec1cd89b48a6b,4,1.0,0.9462918809499701,0.4544341300925413,0.5455658699074587,1.3132170502732015,0.19999999999999987,0.27792440696860077,0.2844068311089682,0.0
qwen2.5-7b-inst,memit,5,6a691cf16b423bb1d5a6ce4bf3417dd2d707fdac2436c48131dec1cd89b48a6b,5,0.9462918809499701,0.8703408773519875,0.35753503006294124,0.6424649699370588,0.5168610307050319,0.23657297023749252,0.14867940644305855,0.19506966545745527,0.0
qwen2.5-7b-inst,memit,5,6a691cf16b423bb1d5a6ce4bf3417dd2d707fdac2436c48131dec1cd89b48a6b,6,0.8703408773519875,0.6908513802358635,0.6491509117233664,0.35084908827663364,0.3796849854530642,0.29011362578399563,0.21817578441440563,0.14997942102197712,0.0
qwen2.5-7b-inst,memit,5,6a691cf16b423bb1d5a6ce4bf3417dd2d707fdac2436c48131dec1cd89b48a6b,7,0.6908513802358635,0.45541438088009634,0.6957235893748894,0.30427641062511057,0.19256408071527575,0.3454256901179317,0.249356256923396,0.12438445721300934,0.0
qwen2.5-7b-inst,memit,5,6a691cf16b423bb1d5a6ce4bf3417dd2d707fdac2436c48131dec1cd89b48a6b,8,0.45541438088009634,0.11095145933096104,0.7564048506027965,0.2435951493972035,0.003969087788046658,0.45541438088009634,0.344482389161213,0.11095145933096104,NOT_APPLICABLE
qwen2.5-7b-inst,memit,5,2a8f1b4955bc1a289af449ade95dfac602e09ca669c961f5c2f949575e94e148,4,1.0,0.9173141607038895,0.4861761046714544,0.5138238953285457,0.8136495422834465,0.19999999999999984,0.18956716829784287,0.19246200384165804,0.0
qwen2.5-7b-inst,memit,5,2a8f1b4955bc1a289af449ade95dfac602e09ca669c961f5c2f949575e94e148,5,0.9173141607038895,0.8106895865838779,0.5287912693459508,0.4712087306540492,0.6688361574502821,0.22932854017597237,0.19553025426595563,0.18762655377408402,0.0
qwen2.5-7b-inst,memit,5,2a8f1b4955bc1a289af449ade95dfac602e09ca669c961f5c2f949575e94e148,6,0.8106895865838779,0.6266095707905228,0.7434639638421838,0.25653603615781617,0.5337492639482607,0.27022986219462597,0.24731967023501977,0.16002970791516866,0.0
qwen2.5-7b-inst,memit,5,2a8f1b4955bc1a289af449ade95dfac602e09ca669c961f5c2f949575e94e148,7,0.6266095707905228,0.4047853327937688,0.7336663797184979,0.2663336202815021,0.2561766211523824,0.3133047853952614,0.24347084364968194,0.11577875506609318,0.0
qwen2.5-7b-inst,memit,5,2a8f1b4955bc1a289af449ade95dfac602e09ca669c961f5c2f949575e94e148,8,0.4047853327937688,0.06810765664443576,0.8317777647967881,0.1682222352032119,0.0033824058882430184,0.4047853327937688,0.33669422312784625,0.06810765664443576,NOT_APPLICABLE
qwen2.5-7b-inst,memit,5,fc11f308500869e6b6107573e91176f8fb98c2b06cc9eb7d8107d0fb1af68f64,4,1.0,0.9785322296138786,0.2538521587510358,0.7461478412489642,1.1883660121509352,0.19999999999999982,0.2430353634628567,0.2806385846483695,0.0
qwen2.5-7b-inst,memit,5,fc11f308500869e6b6107573e91176f8fb98c2b06cc9eb7d8107d0fb1af68f64,5,0.9785322296138786,0.8868862970976865,0.5411737026033561,0.45882629739664393,1.0862119646204034,0.24463305740346966,0.29687664467870584,0.28845733529929274,0.0
qwen2.5-7b-inst,memit,5,fc11f308500869e6b6107573e91176f8fb98c2b06cc9eb7d8107d0fb1af68f64,6,0.8868862970976865,0.7012291077672502,0.7213832981980367,0.2786167018019633,0.6589784709566141,0.2956287656992287,0.28884707880374705,0.21150991213484804,0.0
qwen2.5-7b-inst,memit,5,fc11f308500869e6b6107573e91176f8fb98c2b06cc9eb7d8107d0fb1af68f64,7,0.7012291077672502,0.45044184697163714,0.7456304518684232,0.25436954813157675,0.2776055483323487,0.3506145538836251,0.27896001150499117,0.13201404230622288,0.0
qwen2.5-7b-inst,memit,5,fc11f308500869e6b6107573e91176f8fb98c2b06cc9eb7d8107d0fb1af68f64,8,0.45044184697163714,0.07489986842198894,0.8338144921989712,0.1661855078010288,0.005631102860126732,0.45044184697163714,0.3755935047774709,0.07489986842198894,NOT_APPLICABLE
qwen2.5-7b-inst,memit,5,409ab50440c393003452ca14f7a848b9b9c4c26eaf347918e74bd2328b526d48,4,1.0,0.9466676661971076,0.39170229224565506,0.608297707754345,1.0807793448632397,0.19999999999999982,0.22991430386415818,0.24804113316482027,0.0
qwen2.5-7b-inst,memit,5,409ab50440c393003452ca14f7a848b9b9c4c26eaf347918e74bd2328b526d48,5,0.9466676661971076,0.8417971676986079,0.5364831264493028,0.46351687355069715,0.8096212979756982,0.2366669165492769,0.2298596027863759,0.22079064170465942,0.0
qwen2.5-7b-inst,memit,5,409ab50440c393003452ca14f7a848b9b9c4c26eaf347918e74bd2328b526d48,6,0.8417971676986079,0.6179480648054695,0.8698530960796943,0.1301469039203057,0.5588920281718428,0.2805990558995356,0.29011889482595543,0.16102047078619974,0.0
qwen2.5-7b-inst,memit,5,409ab50440c393003452ca14f7a848b9b9c4c26eaf347918e74bd2328b526d48,7,0.6179480648054695,0.375797418490393,0.8131474535728257,0.1868525464271743,0.2659062297953789,0.30897403240273474,0.26433354255269614,0.10041418242481905,0.0
qwen2.5-7b-inst,memit,5,409ab50440c393003452ca14f7a848b9b9c4c26eaf347918e74bd2328b526d48,8,0.375797418490393,0.06385267331729631,0.8301478092601629,0.16985219073983715,0.004526139262605415,0.375797418490393,0.3119720405132283,0.06385267331729631,NOT_APPLICABLE
qwen2.5-7b-inst,memit,5,55b3125b46809bfd09b46805671031439ad32c9f96657b2e9a2e1d248c8bbb80,4,1.0,0.9672484700218336,0.1830969665912604,0.8169030334087396,0.43207086887123153,0.19999999999999984,0.09385302017560454,0.18482595074496871,0.0
qwen2.5-7b-inst,memit,5,55b3125b46809bfd09b46805671031439ad32c9f96657b2e9a2e1d248c8bbb80,5,0.9672484700218336,0.9078313654653399,0.2897495476637776,0.7102504523362224,0.5733149105380192,0.2418121175054584,0.1553338983186526,0.22071839861778011,0.0
qwen2.5-7b-inst,memit,5,55b3125b46809bfd09b46805671031439ad32c9f96657b2e9a2e1d248c8bbb80,6,0.9078313654653399,0.7438838400052535,0.5804695719477038,0.41953042805229623,0.4344312791767363,0.3026104551551131,0.2194031106378949,0.18275675265319374,0.0
qwen2.5-7b-inst,memit,5,55b3125b46809bfd09b46805671031439ad32c9f96657b2e9a2e1d248c8bbb80,7,0.7438838400052535,0.4905216728828282,0.6991496410578871,0.30085035894211287,0.2169213962407306,0.37194192000262677,0.2722719302899729,0.13795276706379603,0.0
qwen2.5-7b-inst,memit,5,55b3125b46809bfd09b46805671031439ad32c9f96657b2e9a2e1d248c8bbb80,8,0.4905216728828282,0.1127967619829086,0.7700598963367967,0.22994010366320328,0.002402743622939074,0.4905216728828282,0.3777329072991809,0.1127967619829086,NOT_APPLICABLE
qwen2.5-7b-inst,memit,5,81c8c31e8abdcc2afdc5f07178b0a29d0dd009dcb1c5ad3746b934b567eccdeb,4,1.0,0.9534740994458802,0.3416569390603809,0.658343060939619,1.0137363485882276,0.19999999999999987,0.21395241045214689,0.24175003374033585,0.0
qwen2.5-7b-inst,memit,5,81c8c31e8abdcc2afdc5f07178b0a29d0dd009dcb1c5ad3746b934b567eccdeb,5,0.9534740994458802,0.8841868392472068,0.4173108938706641,0.5826891061293359,0.9609613003674206,0.23836852486147006,0.24972957003532234,0.26788350892339813,0.0
qwen2.5-7b-inst,memit,5,81c8c31e8abdcc2afdc5f07178b0a29d0dd009dcb1c5ad3746b934b567eccdeb,6,0.8841868392472068,0.6878866041117322,0.7656867932145598,0.2343132067854402,0.6747074371404478,0.2947289464157356,0.3007833286863206,0.21050597031568188,0.0
qwen2.5-7b-inst,memit,5,81c8c31e8abdcc2afdc5f07178b0a29d0dd009dcb1c5ad3746b934b567eccdeb,7,0.6878866041117322,0.4474555986082005,0.7492980052069078,0.2507019947930922,0.35809885146595055,0.3439433020558661,0.2856349806983293,0.15034936791715015,0.0
qwen2.5-7b-inst,memit,5,81c8c31e8abdcc2afdc5f07178b0a29d0dd009dcb1c5ad3746b934b567eccdeb,8,0.4474555986082005,0.07911851556657058,0.8232706374583055,0.17672936254169447,0.005619942345618632,0.4474555986082005,0.36838563883866204,0.07911851556657058,NOT_APPLICABLE
qwen2.5-7b-inst,memit,6,65fe8c1ae82c41f795ca50b2a0707d66874e1ae73ea6a6a34e23cc47f17c9e67,4,1.0,0.9606263519888751,0.2991453097601065,0.7008546902398936,0.9859208308155116,0.19999999999999984,0.2060609425376305,0.2419286821744958,0.0
qwen2.5-7b-inst,memit,6,65fe8c1ae82c41f795ca50b2a0707d66874e1ae73ea6a6a34e23cc47f17c9e67,5,0.9606263519888751,0.8717901942252683,0.4817389943881219,0.5182610056118782,0.8940905512565496,0.24015658799721878,0.24390622454796188,0.24818674459238518,0.0
qwen2.5-7b-inst,memit,6,65fe8c1ae82c41f795ca50b2a0707d66874e1ae73ea6a6a34e23cc47f17c9e67,6,0.8717901942252683,0.6818341979949436,0.7076081890257668,0.29239181097423317,0.5001778873530668,0.29059673140842257,0.2518129700502359,0.16836335259877344,0.0
qwen2.5-7b-inst,memit,6,65fe8c1ae82c41f795ca50b2a0707d66874e1ae73ea6a6a34e23cc47f17c9e67,7,0.6818341979949436,0.44311871461003377,0.7242488727093969,0.27575112729060314,0.24879399802111976,0.3409170989974718,0.26107102966384615,0.12661623314110623,0.0
qwen2.5-7b-inst,memit,6,65fe8c1ae82c41f795ca50b2a0707d66874e1ae73ea6a6a34e23cc47f17c9e67,8,0.44311871461003377,0.07962377237257759,0.8203350758297655,0.1796649241702345,0.002970695044512704,0.44311871461003377,0.36350820784231186,0.07962377237257759,NOT_APPLICABLE
qwen2.5-7b-inst,memit,6,2f7b6e27f3bba670acf943b4dec2a696193b1ce72e53248761d42a7b1a19ccf6,4,1.0,0.9448426065102687,0.33638403797895694,0.6636159620210431,0.7542379834710786,0.19999999999999976,0.1651701131219016,0.200923973757203,0.0
qwen2.5-7b-inst,memit,6,2f7b6e27f3bba670acf943b4dec2a696193b1ce72e53248761d42a7b1a19ccf6,5,0.9448426065102687,0.8854026698635368,0.29670747305258505,0.703292526947415,0.5795090123906624,0.2362106516275672,0.15378492977732686,0.215256613355718,0.0
qwen2.5-7b-inst,memit,6,2f7b6e27f3bba670acf943b4dec2a696193b1ce72e53248761d42a7b1a19ccf6,6,0.8854026698635368,0.709356175014481,0.6754677551492511,0.32453224485074894,0.6110478783019342,0.2951342232878454,0.26882114015860104,0.20419805360580437,0.0
qwen2.5-7b-inst,memit,6,2f7b6e27f3bba670acf943b4dec2a696193b1ce72e53248761d42a7b1a19ccf6,7,0.709356175014481,0.4699963464326253,0.693278027351896,0.30672197264810397,0.2201373356129502,0.3546780875072405,0.2579889668017307,0.13390627531197677,0.0
qwen2.5-7b-inst,memit,6,2f7b6e27f3bba670acf943b4dec2a696193b1ce72e53248761d42a7b1a19ccf6,8,0.4699963464326253,0.09766152880071931,0.7922872165826402,0.20771278341735977,0.005740844603187938,0.4699963464326253,0.3723818723656597,0.09766152880071931,NOT_APPLICABLE
qwen2.5-7b-inst,memit,6,97e557fa2d1959dfc82a211736e5b608f395a1f440583abd5d70d65a2fbf5cfe,4,1.0,0.9289467684793883,0.5052111578628808,0.49478884213711916,1.1706518403466986,0.19999999999999987,0.2550030623609262,0.25418432127969665,0.0
qwen2.5-7b-inst,memit,6,97e557fa2d1959dfc82a211736e5b608f395a1f440583abd5d70d65a2fbf5cfe,5,0.9289467684793883,0.81973840079496,0.555844415391992,0.44415558460800797,0.7726291787093781,0.23223669211984707,0.22104234943849504,0.20696837468108792,0.0
qwen2.5-7b-inst,memit,6,97e557fa2d1959dfc82a211736e5b608f395a1f440583abd5d70d65a2fbf5cfe,6,0.81973840079496,0.6095997595560382,0.8155182057771135,0.18448179422288646,0.45298828394386825,0.2732461335983197,0.25490632687803527,0.1336483453658622,0.0
qwen2.5-7b-inst,memit,6,97e557fa2d1959dfc82a211736e5b608f395a1f440583abd5d70d65a2fbf5cfe,7,0.6095997595560382,0.3849820676507281,0.7643876239504224,0.23561237604957763,0.26190706849525247,0.3047998797780191,0.24628202836524332,0.10737806219833514,0.0
qwen2.5-7b-inst,memit,6,97e557fa2d1959dfc82a211736e5b608f395a1f440583abd5d70d65a2fbf5cfe,8,0.3849820676507281,0.07238396318990964,0.8120990980363807,0.1879009019636193,0.006664439530870621,0.3849820676507281,0.31265411730670467,0.07238396318990964,NOT_APPLICABLE
qwen2.5-7b-inst,memit,6,322b5d3c47aa80d2c94addc9a85c94282e44d92f9ccc5a0cf4cab593ea40cb3b,4,1.0,0.9594951052307821,0.2583857698818624,0.7416142301181377,0.7299766549602253,0.1999999999999998,0.1548714464146778,0.20812088632337075,0.0
qwen2.5-7b-inst,memit,6,322b5d3c47aa80d2c94addc9a85c94282e44d92f9ccc5a0cf4cab593ea40cb3b,5,0.9594951052307821,0.9037553399885037,0.28293379376766165,0.7170662062323383,0.6151791137412229,0.23987377630769552,0.16242428422436822,0.22663049009001374,0.0
qwen2.5-7b-inst,memit,6,322b5d3c47aa80d2c94addc9a85c94282e44d92f9ccc5a0cf4cab593ea40cb3b,6,0.9037553399885037,0.7242087403811938,0.6307349972496074,0.36926500275039265,0.40717410107036356,0.3012517799961676,0.2261631332103668,0.16559188344281767,0.0
qwen2.5-7b-inst,memit,6,322b5d3c47aa80d2c94addc9a85c94282e44d92f9ccc5a0cf4cab593ea40cb3b,7,0.7242087403811938,0.4742084557899147,0.704700162319663,0.29529983768033696,0.1929396257594818,0.3621043701905969,0.2645662540664835,0.12772981740997158,0.0
qwen2.5-7b-inst,memit,6,322b5d3c47aa80d2c94addc9a85c94282e44d92f9ccc5a0cf4cab593ea40cb3b,8,0.4742084557899147,0.11783482206191966,0.7515551069000816,0.24844489309991835,0.004595506016185724,0.4742084557899147,0.3564004492433961,0.11783482206191966,NOT_APPLICABLE
qwen2.5-7b-inst,memit,6,2cb95a1a83adc4008a17e6b41b7af19fb47a468500652815384202b87b26ccb4,4,1.0,0.9490278957854096,0.4581044396423255,0.5418955603576745,1.3738753194068583,0.19999999999999982,0.2896475838597861,0.2953766538919857,0.0
qwen2.5-7b-inst,memit,6,2cb95a1a83adc4008a17e6b41b7af19fb47a468500652815384202b87b26ccb4,5,0.9490278957854096,0.8777882252982313,0.49836998740918104,0.501630012590819,1.1944184857435138,0.2372569739463524,0.30706297334794863,0.307361642467756,0.0
qwen2.5-7b-inst,memit,6,2cb95a1a83adc4008a17e6b41b7af19fb47a468500652815384202b87b26ccb4,6,0.8777882252982313,0.7044279511662972,0.7277464090339968,0.2722535909660032,0.7955926075728105,0.2925960750994102,0.3154862052883333,0.2460400041032177,0.0
qwen2.5-7b-inst,memit,6,2cb95a1a83adc4008a17e6b41b7af19fb47a468500652815384202b87b26ccb4,7,0.7044279511662972,0.47138986157501034,0.725105199047784,0.27489480095221597,0.40725489745604865,0.3522139755831486,0.2929171389297369,0.17305993569038072,0.0
qwen2.5-7b-inst,memit,6,2cb95a1a83adc4008a17e6b41b7af19fb47a468500652815384202b87b26ccb4,8,0.47138986157501034,0.09162358048627742,0.8057079830205951,0.1942920169794049,0.005470282904450373,0.47138986157501034,0.3798113281949782,0.09162358048627742,NOT_APPLICABLE
qwen2.5-7b-inst,memit,6,39cb134a7460153810c2e46692d13f26ce9cef48815e15c399b48c97a18eb027,4,1.0,0.9347309065383692,0.3988787116202548,0.6011212883797452,0.8202009391421969,0.19999999999999998,0.1824098470098119,0.20337909272224283,0.0
qwen2.5-7b-inst,memit,6,39cb134a7460153810c2e46692d13f26ce9cef48815e15c399b48c97a18eb027,5,0.9347309065383692,0.8863269122351951,0.25349499379158347,0.7465050062084165,0.5912031486126,0.2336827266345923,0.15031828704642436,0.22252570463069962,0.0
qwen2.5-7b-inst,memit,6,39cb134a7460153810c2e46692d13f26ce9cef48815e15c399b48c97a18eb027,6,0.8863269122351951,0.7068298154662944,0.7270857168164239,0.27291428318357613,0.7467659906758752,0.2954423040783981,0.3079287130302931,0.2348983059497486,0.0
qwen2.5-7b-inst,memit,6,39cb134a7460153810c2e46692d13f26ce9cef48815e15c399b48c97a18eb027,7,0.7068298154662944,0.44870124518285326,0.7937996809597978,0.2062003190402022,0.39623950836072297,0.3534149077331472,0.3135496745673001,0.15786388414365954,0.0
qwen2.5-7b-inst,memit,6,39cb134a7460153810c2e46692d13f26ce9cef48815e15c399b48c97a18eb027,8,0.44870124518285326,0.07896007842218214,0.8241501043404342,0.17584989565956577,0.006627079861584292,0.44870124518285326,0.3698091332765209,0.07896007842218214,NOT_APPLICABLE
qwen2.5-7b-inst,memit,6,50d6505f4bf83bb005d91ac06d26b044492e5bbdd5ebf7ac3ad402fb8cc9e12c,4,1.0,0.9738054081651412,0.1763938930923498,0.8236061069076502,0.6635122076459202,0.19999999999999984,0.13731179923305004,0.2115254565323746,0.0
qwen2.5-7b-inst,memit,6,50d6505f4bf83bb005d91ac06d26b044492e5bbdd5ebf7ac3ad402fb8cc9e12c,5,0.9738054081651412,0.9155549209102865,0.3167277071793048,0.6832722928206951,0.7593411536857297,0.2434513520412853,0.20029928411894182,0.24868528963831218,0.0
qwen2.5-7b-inst,memit,6,50d6505f4bf83bb005d91ac06d26b044492e5bbdd5ebf7ac3ad402fb8cc9e12c,6,0.9155549209102865,0.6854130761571081,0.8447881732550536,0.15521182674494638,0.6317447845352112,0.305184973636762,0.32193304995479116,0.19853266185652424,0.0
qwen2.5-7b-inst,memit,6,50d6505f4bf83bb005d91ac06d26b044492e5bbdd5ebf7ac3ad402fb8cc9e12c,7,0.6854130761571081,0.4152552491019952,0.8141592029168552,0.18584079708314483,0.24896283039236158,0.34270653807855406,0.29177143831072605,0.1064705396743526,0.0
qwen2.5-7b-inst,memit,6,50d6505f4bf83bb005d91ac06d26b044492e5bbdd5ebf7ac3ad402fb8cc9e12c,8,0.4152552491019952,0.06238188806309385,0.8497929282694893,0.15020707173051073,0.002346907219773493,0.4152552491019952,0.35288231985947094,0.06238188806309385,NOT_APPLICABLE
qwen2.5-7b-inst,memit,6,48f8e5c9758bc1ecd0a5d87381377f2e938e3fbd115904598f843ea205a1cb29,4,1.0,0.8912010821055375,0.7802984568320107,0.2197015431679893,1.4318181117857542,0.19999999999999987,0.32612689474939877,0.2897151617232427,0.0
qwen2.5-7b-inst,memit,6,48f8e5c9758bc1ecd0a5d87381377f2e938e3fbd115904598f843ea205a1cb29,5,0.8912010821055375,0.7331688582977784,0.8723835998669783,0.12761640013302167,1.0230945128371784,0.22280027052638438,0.29956285794967724,0.2297121926493258,0.0
qwen2.5-7b-inst,memit,6,48f8e5c9758bc1ecd0a5d87381377f2e938e3fbd115904598f843ea205a1cb29,6,0.7331688582977784,0.5529660215348925,0.8012915323943035,0.1987084676056965,0.5340657917040977,0.2443896194325928,0.23533773604938027,0.1392616296416901,0.0
qwen2.5-7b-inst,memit,6,48f8e5c9758bc1ecd0a5d87381377f2e938e3fbd115904598f843ea205a1cb29,7,0.5529660215348925,0.3342646521087976,0.8302213406467785,0.16977865935322145,0.3054013076806621,0.27648301076744625,0.24458003951311783,0.09660885800895902,0.0
qwen2.5-7b-inst,memit,6,48f8e5c9758bc1ecd0a5d87381377f2e938e3fbd115904598f843ea205a1cb29,8,0.3342646521087976,0.043768616082917225,0.8694144603870481,0.13058553961295194,0.009628210148438275,0.3342646521087976,0.29063234229166096,0.043768616082917225,NOT_APPLICABLE
qwen2.5-7b-inst,memit,6,5222c50191326e7119d973b8926c803a0ac65079d8f3f3217e939a2eed376d81,4,1.0,0.9320625656530245,0.6455345271381251,0.3544654728618749,1.660465628354366,0.19999999999999993,0.3563066616651275,0.339575727895705,0.0
qwen2.5-7b-inst,memit,6,5222c50191326e7119d973b8926c803a0ac65079d8f3f3217e939a2eed376d81,5,0.9320625656530245,0.8948508244758334,0.37088195153816084,0.6291180484618392,1.255959601469586,0.23301564141325612,0.3051515708679152,0.3273205508197495,0.0
qwen2.5-7b-inst,memit,6,5222c50191326e7119d973b8926c803a0ac65079d8f3f3217e939a2eed376d81,6,0.8948508244758334,0.7206853679945576,0.7961917394790233,0.20380826052097667,0.9903566562556358,0.298283608158611,0.3790347440061692,0.3015976395754099,0.0
qwen2.5-7b-inst,memit,6,5222c50191326e7119d973b8926c803a0ac65079d8f3f3217e939a2eed376d81,7,0.7206853679945576,0.5056952018024511,0.7176307572899903,0.28236924271000974,0.5700745279242223,0.3603426839972788,0.33025537151747336,0.2292406461793384,0.0
qwen2.5-7b-inst,memit,6,5222c50191326e7119d973b8926c803a0ac65079d8f3f3217e939a2eed376d81,8,0.5056952018024511,0.0889840687024338,0.8249143574492106,0.1750856425507894,0.01755819325216034,0.5056952018024511,0.41724971693274004,0.0889840687024338,NOT_APPLICABLE
qwen2.5-7b-inst,memit,6,f296600e034a8a300da559a46de195efdd639d61128b9c3cc6a0887b1ef0d697,4,1.0,0.9415489721790758,0.4601266712121533,0.5398733287878468,1.2459581990771629,0.19999999999999987,0.2656409898647706,0.27157872118294357,0.0
qwen2.5-7b-inst,memit,6,f296600e034a8a300da559a46de195efdd639d61128b9c3cc6a0887b1ef0d697,5,0.9415489721790758,0.8466133798470014,0.5211063278531605,0.47889367214683953,0.9129238734634585,0.23538724304476896,0.24743463211728098,0.242662345755579,0.0
qwen2.5-7b-inst,memit,6,f296600e034a8a300da559a46de195efdd639d61128b9c3cc6a0887b1ef0d697,6,0.8466133798470014,0.6544623247507575,0.7971197276385938,0.20288027236140616,0.724965900666721,0.28220445994900023,0.30407126792565564,0.21244878848274373,0.0
qwen2.5-7b-inst,memit,6,f296600e034a8a300da559a46de195efdd639d61128b9c3cc6a0887b1ef0d697,7,0.6544623247507575,0.4254159314673269,0.753297361224196,0.246702638775804,0.36858520669960887,0.32723116237537875,0.2744281508112161,0.14513624193287222,0.0
qwen2.5-7b-inst,memit,6,f296600e034a8a300da559a46de195efdd639d61128b9c3cc6a0887b1ef0d697,8,0.4254159314673269,0.07089041751037668,0.8334337603365328,0.16656623966346717,0.004886468153237018,0.4254159314673269,0.3545620934225778,0.07089041751037668,NOT_APPLICABLE
qwen2.5-7b-inst,memit,7,1f15ad772a9fa6b37e334f9e0a833b6b234fbcc3e02b033e20f4c8f7f264ec9f,4,1.0,0.9368876577155878,0.421384766085634,0.578615233914366,0.9900730373373025,0.19999999999999993,0.21520313569754093,0.2293504051167198,0.0
qwen2.5-7b-inst,memit,7,1f15ad772a9fa6b37e334f9e0a833b6b234fbcc3e02b033e20f4c8f7f264ec9f,5,0.9368876577155878,0.8504023879180895,0.45234557754701177,0.5476544224529882,0.7723535458242043,0.23422191442889695,0.20964451389761152,0.2217644164502254,0.0
qwen2.5-7b-inst,memit,7,1f15ad772a9fa6b37e334f9e0a833b6b234fbcc3e02b033e20f4c8f7f264ec9f,6,0.8504023879180895,0.6516701822824752,0.7610873149542433,0.2389126850457567,0.5218448238413802,0.28346746263936284,0.26158624443175565,0.16269187520863285,0.0
qwen2.5-7b-inst,memit,7,1f15ad772a9fa6b37e334f9e0a833b6b234fbcc3e02b033e20f4c8f7f264ec9f,7,0.6516701822824752,0.3984190637224741,0.8110292526188206,0.18897074738117936,0.2854780064725497,0.3258350911412376,0.2801549252840905,0.1115516007513797,0.0
qwen2.5-7b-inst,memit,7,1f15ad772a9fa6b37e334f9e0a833b6b234fbcc3e02b033e20f4c8f7f264ec9f,8,0.3984190637224741,0.05728105161793706,0.8563648567323635,0.1436351432676365,0.006245473399150631,0.3984190637224741,0.3412011579530957,0.05728105161793706,NOT_APPLICABLE
qwen2.5-7b-inst,memit,7,c416911d0d03300f77dc8d76e3ad6eab8c96026a867011c7a7728857b99e3e0c,4,1.0,0.9463289047705178,0.3829730606520883,0.6170269393479118,1.0351435366362616,0.19999999999999982,0.22074333572047444,0.24101820556305506,0.0
qwen2.5-7b-inst,memit,7,c416911d0d03300f77dc8d76e3ad6eab8c96026a867011c7a7728857b99e3e0c,5,0.9463289047705178,0.8519945326998196,0.50036247545787,0.49963752454212995,0.8494843830768343,0.23658222619262945,0.2332449186848993,0.2331579202087266,0.0
qwen2.5-7b-inst,memit,7,c416911d0d03300f77dc8d76e3ad6eab8c96026a867011c7a7728857b99e3e0c,6,0.8519945326998196,0.6619656260934509,0.708042182108248,0.291957817891752,0.4241817768180942,0.2839981775666064,0.23440671980095354,0.14624377085088378,0.0
qwen2.5-7b-inst,memit,7,c416911d0d03300f77dc8d76e3ad6eab8c96026a867011c7a7728857b99e3e0c,7,0.6619656260934509,0.42985155316495255,0.7201410611205534,0.2798589388794466,0.22048932232874896,0.33098281304672544,0.24927613863376985,0.1179230808320365,0.0
qwen2.5-7b-inst,memit,7,c416911d0d03300f77dc8d76e3ad6eab8c96026a867011c7a7728857b99e3e0c,8,0.42985155316495255,0.09257698180265904,0.7846771812448837,0.21532281875511627,0.004491449292089613,0.42985155316495255,0.3373002305319556,0.09257698180265904,NOT_APPLICABLE
qwen2.5-7b-inst,memit,7,72a75cd16bd699577bf429e669049d3300002c7fd1905e4f2deb4e9e9cf79a10,4,1.0,0.9331553712320586,0.40122477975118315,0.5987752202488168,0.7878706398302238,0.19999999999999982,0.17683002787907579,0.19791633681841456,0.0
qwen2.5-7b-inst,memit,7,72a75cd16bd699577bf429e669049d3300002c7fd1905e4f2deb4e9e9cf79a10,5,0.9331553712320586,0.8715130108716233,0.32898358283939116,0.6710164171606088,0.6925327169897216,0.23328884280801465,0.17886299270311168,0.22495923433493006,0.0
qwen2.5-7b-inst,memit,7,72a75cd16bd699577bf429e669049d3300002c7fd1905e4f2deb4e9e9cf79a10,6,0.8715130108716233,0.7141106391555648,0.6074126207047045,0.3925873792952955,0.5640499476554754,0.2905043369572077,0.24080381566772333,0.19964163016912617,0.0
qwen2.5-7b-inst,memit,7,72a75cd16bd699577bf429e669049d3300002c7fd1905e4f2deb4e9e9cf79a10,7,0.7141106391555648,0.4863798825248737,0.6606988533088088,0.33930114669119116,0.24870587284396092,0.3570553195777824,0.2520662839093237,0.15020951889141637,0.0
qwen2.5-7b-inst,memit,7,72a75cd16bd699577bf429e669049d3300002c7fd1905e4f2deb4e9e9cf79a10,8,0.4863798825248737,0.11757456155521989,0.7582850949994634,0.2417149050005366,0.0030394814407281793,0.4863798825248737,0.3688175782807771,0.11757456155521989,NOT_APPLICABLE
qwen2.5-7b-inst,memit,7,7e171f0683f1329a0b503c23931df0906725a579a73788155f049006f9ad9234,4,1.0,0.9583923548430979,0.37739611142614804,0.622603888573852,1.262707778895958,0.19999999999999996,0.263579874785913,0.2815717696752744,0.0
qwen2.5-7b-inst,memit,7,7e171f0683f1329a0b503c23931df0906725a579a73788155f049006f9ad9234,5,0.9583923548430979,0.8663555969712934,0.5206586774638723,0.4793413225361277,0.9842263493521031,0.23959808871077448,0.26678222009555974,0.2622991373959127,0.0
qwen2.5-7b-inst,memit,7,7e171f0683f1329a0b503c23931df0906725a579a73788155f049006f9ad9234,6,0.8663555969712934,0.6830719796957065,0.684190482568874,0.31580951743112595,0.48146352640260154,0.2887851989904309,0.24160187141306763,0.16628180001666637,0.0
qwen2.5-7b-inst,memit,7,7e171f0683f1329a0b503c23931df0906725a579a73788155f049006f9ad9234,7,0.6830719796957065,0.4432026050322386,0.7260548492133446,0.2739451507866554,0.2470289821172236,0.34153598984785327,0.26193360377640884,0.12598431880983074,0.0
qwen2.5-7b-inst,memit,7,7e171f0683f1329a0b503c23931df0906725a579a73788155f049006f9ad9234,8,0.4432026050322386,0.0897247101051206,0.7976747645970936,0.20232523540290637,0.0069991125017422875,0.4432026050322386,0.35354514256995995,0.0897247101051206,NOT_APPLICABLE
qwen2.5-7b-inst,memit,7,50b6d7182bbb50024151c35a1af67f6f578882edaea4f98b765ec14cd313defc,4,1.0,0.9600887299853649,0.5497485305104274,0.4502514694895726,1.7998669657584905,0.1999999999999999,0.37639046434398643,0.3710658960457665,0.0
qwen2.5-7b-inst,memit,7,50b6d7182bbb50024151c35a1af67f6f578882edaea4f98b765ec14cd313defc,5,0.9600887299853649,0.8625965847315644,0.4677625056996115,0.5322374943003885,0.6624518229404784,0.24002218249634122,0.19464662183364964,0.20396507855551607,0.0
qwen2.5-7b-inst,memit,7,50b6d7182bbb50024151c35a1af67f6f578882edaea4f98b765ec14cd313defc,6,0.8625965847315644,0.6859442956477637,0.6604876066406938,0.33951239335930616,0.46679056609051767,0.28753219491052123,0.2325524612599392,0.16596414527184858,0.0
qwen2.5-7b-inst,memit,7,50b6d7182bbb50024151c35a1af67f6f578882edaea4f98b765ec14cd313defc,7,0.6859442956477637,0.4643245805535867,0.6679150260996789,0.3320849739003211,0.24164896073036377,0.34297214782388186,0.24360795296485238,0.14085872796553525,0.0
qwen2.5-7b-inst,memit,7,50b6d7182bbb50024151c35a1af67f6f578882edaea4f98b765ec14cd313defc,8,0.4643245805535867,0.11340794093844894,0.7557967141807251,0.24420328581927486,0.004393870346217065,0.4643245805535867,0.35094092260696763,0.11340794093844894,NOT_APPLICABLE
qwen2.5-7b-inst,memit,7,93b075f0e328c3fcb2abafea111d73fd635b70813aa17f11fff9e5c8b5f55ff7,4,1.0,0.9200662250691256,0.5219154625462973,0.4780845374537027,1.053472988852514,0.19999999999999987,0.23513409691380432,0.23137589876166167,0.0
qwen2.5-7b-inst,memit,7,93b075f0e328c3fcb2abafea111d73fd635b70813aa17f11fff9e5c8b5f55ff7,5,0.9200662250691256,0.8190201050081395,0.5823538492394699,0.41764615076053013,0.9991416408348825,0.2300165562672814,0.2660069647204299,0.24908916795103694,0.0
qwen2.5-7b-inst,memit,7,93b075f0e328c3fcb2abafea111d73fd635b70813aa17f11fff9e5c8b5f55ff7,6,0.8190201050081395,0.6664072169929572,0.6366457498242012,0.3633542501757988,0.6107367584754788,0.2730067016693796,0.24085275689275132,0.19401264986903524,0.0
qwen2.5-7b-inst,memit,7,93b075f0e328c3fcb2abafea111d73fd635b70813aa17f11fff9e5c8b5f55ff7,7,0.6664072169929572,0.45701300199242983,0.6813213305946345,0.3186786694053655,0.3772247039805046,0.3332036084964786,0.25949208040732025,0.1645413843902238,0.0
qwen2.5-7b-inst,memit,7,93b075f0e328c3fcb2abafea111d73fd635b70813aa17f11fff9e5c8b5f55ff7,8,0.45701300199242983,0.09133725370008985,0.800265275410932,0.19973472458906805,0.0069903956099053545,0.45701300199242983,0.3657455886558443,0.09133725370008985,NOT_APPLICABLE
qwen2.5-7b-inst,memit,7,4a7d0d23ef3616b440f41d94b1e628cc6114d354cc49b0d25337f302b7cbf3ec,4,1.0,0.9482267725383554,0.31850912675914106,0.6814908732408589,0.749662262439026,0.1999999999999998,0.16290384544927936,0.20262510387765728,0.0
qwen2.5-7b-inst,memit,7,4a7d0d23ef3616b440f41d94b1e628cc6114d354cc49b0d25337f302b7cbf3ec,5,0.9482267725383554,0.8421911543133094,0.6020285535510781,0.3979714464489219,1.037045110772096,0.23705669313458885,0.2842606244967109,0.26331907412988825,0.0
qwen2.5-7b-inst,memit,7,4a7d0d23ef3616b440f41d94b1e628cc6114d354cc49b0d25337f302b7cbf3ec,6,0.8421911543133094,0.6578397797644349,0.7318264196046537,0.26817358039534633,0.5886550514618559,0.280730384771103,0.2636601896341553,0.18159412016359286,0.0
qwen2.5-7b-inst,memit,7,4a7d0d23ef3616b440f41d94b1e628cc6114d354cc49b0d25337f302b7cbf3ec,7,0.6578397797644349,0.43284297776406194,0.7160777401825577,0.28392225981744235,0.2885737757246311,0.32891988988221743,0.25393854329708404,0.1331563728314306,0.0
qwen2.5-7b-inst,memit,7,4a7d0d23ef3616b440f41d94b1e628cc6114d354cc49b0d25337f302b7cbf3ec,8,0.43284297776406194,0.08880697505203446,0.7949640469466256,0.2050359530533744,0.007452378156353609,0.43284297776406194,0.3441097246457209,0.08880697505203446,NOT_APPLICABLE
qwen2.5-7b-inst,memit,7,f9f16bc7443ae596666c746ce23ea545748ddb3ef4434d0c407eb162fe7d8dbc,4,1.0,0.9667490740491262,0.1770970099909292,0.8229029900090707,0.3235754213975975,0.1999999999999999,0.07377381765378815,0.17684686983924827,0.0
qwen2.5-7b-inst,memit,7,f9f16bc7443ae596666c746ce23ea545748ddb3ef4434d0c407eb162fe7d8dbc,5,0.9667490740491262,0.9320266072771852,0.1568379423997731,0.8431620576002269,0.31844965283218896,0.24168726851228156,0.0857933027179994,0.21783149446032565,0.0
qwen2.5-7b-inst,memit,7,f9f16bc7443ae596666c746ce23ea545748ddb3ef4434d0c407eb162fe7d8dbc,6,0.9320266072771852,0.8139567460000724,0.4147626987436794,0.5852373012563206,0.42511901181741435,0.31067553575906154,0.18451989380176656,0.22472578524442952,0.0
qwen2.5-7b-inst,memit,7,f9f16bc7443ae596666c746ce23ea545748ddb3ef4434d0c407eb162fe7d8dbc,7,0.8139567460000724,0.5705987236055793,0.6229140956715958,0.37708590432840416,0.2633288213940521,0.4069783730000362,0.2752341625990289,0.1871816703932203,0.0
qwen2.5-7b-inst,memit,7,f9f16bc7443ae596666c746ce23ea545748ddb3ef4434d0c407eb162fe7d8dbc,8,0.5705987236055793,0.1434713223439744,0.7485923249289492,0.2514076750710508,0.004029423648606074,0.5705987236055793,0.4271520129321514,0.1434713223439744,NOT_APPLICABLE
qwen2.5-7b-inst,memit,7,586d683ae8d67dfbb02210b31897583d20fe567bc9eaac6aaeb7fc136b111f58,4,1.0,0.9608253485149928,0.30961095235899155,0.6903890476410084,1.0391748363452626,0.19999999999999982,0.21686339315927342,0.24952125180800608,0.0
qwen2.5-7b-inst,memit,7,586d683ae8d67dfbb02210b31897583d20fe567bc9eaac6aaeb7fc136b111f58,5,0.9608253485149928,0.9300822710647548,0.27849018550069016,0.7215098144993098,1.0690445153671244,0.2402063371287482,0.2653614710825874,0.3098040304743465,0.0
qwen2.5-7b-inst,memit,7,586d683ae8d67dfbb02210b31897583d20fe567bc9eaac6aaeb7fc136b111f58,6,0.9300822710647548,0.7501902373432764,0.7341891785651218,0.2658108214348782,0.8493014235716616,0.31002742368825137,0.3480527891876748,0.27590146773510477,0.0
qwen2.5-7b-inst,memit,7,586d683ae8d67dfbb02210b31897583d20fe567bc9eaac6aaeb7fc136b111f58,7,0.7501902373432764,0.5152516121679063,0.7042890052513406,0.29571099474865936,0.456139750120637,0.3750951186716382,0.31474179208141984,0.20390429546930813,0.0
qwen2.5-7b-inst,memit,7,586d683ae8d67dfbb02210b31897583d20fe567bc9eaac6aaeb7fc136b111f58,8,0.5152516121679063,0.10588103152336162,0.7947492456402728,0.20525075435972717,0.009992269656438213,0.5152516121679063,0.40952819469467083,0.10588103152336162,NOT_APPLICABLE
qwen2.5-7b-inst,memit,7,917e1683ed6303e6329abda3892afc6a827a129a43cdc31f1361ee9a99cabca9,4,1.0,0.9617148692911562,0.23063837140391255,0.7693616285960875,0.6128432924230502,0.19999999999999987,0.13096120943726375,0.1967225677571281,0.0
qwen2.5-7b-inst,memit,7,917e1683ed6303e6329abda3892afc6a827a129a43cdc31f1361ee9a99cabca9,5,0.9617148692911562,0.9310948774063771,0.1727615918871698,0.8272384081128302,0.591286106125815,0.24042871732278906,0.14810600761482662,0.24447506102127617,0.0
qwen2.5-7b-inst,memit,7,917e1683ed6303e6329abda3892afc6a827a129a43cdc31f1361ee9a99cabca9,6,0.9310948774063771,0.8114903109667826,0.6051405949692205,0.39485940503077954,1.0492623947553026,0.31036495913545864,0.3759321383433337,0.3479501989829476,0.0
qwen2.5-7b-inst,memit,7,917e1683ed6303e6329abda3892afc6a827a129a43cdc31f1361ee9a99cabca9,7,0.8114903109667826,0.5729349246947004,0.6885039659169353,0.3114960340830647,0.5233360315906368,0.4057451554833913,0.35089762336577723,0.24710858708489947,0.0
qwen2.5-7b-inst,memit,7,917e1683ed6303e6329abda3892afc6a827a129a43cdc31f1361ee9a99cabca9,8,0.5729349246947004,0.1099367433591857,0.8084056513276746,0.1915943486723254,0.010529620373087595,0.5729349246947004,0.4632031183372461,0.1099367433591857,NOT_APPLICABLE
qwen2.5-7b-inst,memit,8,d97bda6d6a887cafe4132a43d6d106a50a3a151b295c299fbaa9079c4004d670,4,1.0,0.9629301862107931,0.20607750139837921,0.7939224986016208,0.4462854078950265,0.19999999999999984,0.09831349894752558,0.18215198039943117,0.0
qwen2.5-7b-inst,memit,8,d97bda6d6a887cafe4132a43d6d106a50a3a151b295c299fbaa9079c4004d670,5,0.9629301862107931,0.9169521037178573,0.23176400381485743,0.7682359961851426,0.555820574444802,0.24073254655269827,0.14497038365473294,0.22826765500539112,0.0
qwen2.5-7b-inst,memit,8,d97bda6d6a887cafe4132a43d6d106a50a3a151b295c299fbaa9079c4004d670,6,0.9169521037178573,0.7768990361670565,0.5242517488011443,0.47574825119885567,0.5756324362580424,0.30565070123928567,0.2379746577821686,0.22825561758839555,0.0
qwen2.5-7b-inst,memit,8,d97bda6d6a887cafe4132a43d6d106a50a3a151b295c299fbaa9079c4004d670,7,0.7768990361670565,0.5571576336816056,0.5939199440985864,0.4060800559014136,0.2831757815346358,0.38844951808352823,0.2555895765223144,0.1923078316110554,0.0
qwen2.5-7b-inst,memit,8,d97bda6d6a887cafe4132a43d6d106a50a3a151b295c299fbaa9079c4004d670,8,0.5571576336816056,0.14487608107916827,0.7400970057644117,0.25990299423558827,0.008032673797253023,0.5571576336816056,0.4123749830374277,0.14487608107916827,NOT_APPLICABLE
qwen2.5-7b-inst,memit,8,7a3cc6340e797e103f5ab68ea59b5e176a2d12639a688d3976372b570f83f3d3,4,1.0,0.9554145371131189,0.26632649880267495,0.733673501197325,0.6424629384167898,0.1999999999999999,0.13909542497201344,0.19504209121092556,0.0
qwen2.5-7b-inst,memit,8,7a3cc6340e797e103f5ab68ea59b5e176a2d12639a688d3976372b570f83f3d3,5,0.9554145371131189,0.8824426325913064,0.35719392587566784,0.6428060741243322,0.6158153918600086,0.23885363427827971,0.17004233262299792,0.21262377640505128,0.0
qwen2.5-7b-inst,memit,8,7a3cc6340e797e103f5ab68ea59b5e176a2d12639a688d3976372b570f83f3d3,6,0.8824426325913064,0.644782561312817,0.8963367855485884,0.10366321445141158,0.6161421744797394,0.29414754419710204,0.3199388105686905,0.1837839037621968,0.0
qwen2.5-7b-inst,memit,8,7a3cc6340e797e103f5ab68ea59b5e176a2d12639a688d3976372b570f83f3d3,7,0.644782561312817,0.3907132577503853,0.8346892675148919,0.16531073248510808,0.3328770416452199,0.3223912806564085,0.28970642634870336,0.11982150800899236,0.0
qwen2.5-7b-inst,memit,8,7a3cc6340e797e103f5ab68ea59b5e176a2d12639a688d3976372b570f83f3d3,8,0.3907132577503853,0.05210005248729941,0.8667159954663924,0.13328400453360756,0.0040658950866609665,0.3907132577503853,0.3386411562912272,0.05210005248729941,NOT_APPLICABLE
qwen2.5-7b-inst,memit,8,a0e3b3665e3acf91cc0f8e3266db11b483ea3b8269b38dbde27b268007d89343,4,1.0,0.9325245940495748,0.5302373415304836,0.46976265846951637,1.3271302647572403,0.1999999999999999,0.2858269670963838,0.28156361234555627,0.0
qwen2.5-7b-inst,memit,8,a0e3b3665e3acf91cc0f8e3266db11b483ea3b8269b38dbde27b268007d89343,5,0.9325245940495748,0.8407631673060814,0.48427398162241503,0.5157260183775849,0.8035921714170091,0.2331311485123937,0.21873139959695787,0.22260468892579144,0.0
qwen2.5-7b-inst,memit,8,a0e3b3665e3acf91cc0f8e3266db11b483ea3b8269b38dbde27b268007d89343,6,0.8407631673060814,0.6554884573128605,0.708552795992695,0.29144720400730495,0.46877222761751713,0.280254389102027,0.23809989116690133,0.1546965829746218,0.0
qwen2.5-7b-inst,memit,8,a0e3b3665e3acf91cc0f8e3266db11b483ea3b8269b38dbde27b268007d89343,7,0.6554884573128605,0.4330882638408621,0.7100431041238041,0.2899568958761959,0.2866460112788639,0.32774422865643027,0.2509603165655974,0.1336300226973734,0.0
qwen2.5-7b-inst,memit,8,a0e3b3665e3acf91cc0f8e3266db11b483ea3b8269b38dbde27b268007d89343,8,0.4330882638408621,0.08894335916911567,0.7947204620255729,0.2052795379744271,0.0060966758151079275,0.4330882638408621,0.34419423286104545,0.08894335916911567,NOT_APPLICABLE
qwen2.5-7b-inst,memit,8,0f87867b9b690190efe9e3d65b533309c8a7791ed39a0a0b7c231d0b7d6a89a0,4,1.0,0.9582696202323551,0.34217545051838905,0.657824549481611,1.1232484554865663,0.2,0.23484217097364904,0.2603397957019741,0.0
qwen2.5-7b-inst,memit,8,0f87867b9b690190efe9e3d65b533309c8a7791ed39a0a0b7c231d0b7d6a89a0,5,0.9582696202323551,0.9583255981017197,0.28691424482919675,0.7130857551708032,1.4882417571400912,0.23956740505808877,0.36309941984980476,0.3953482702844474,0.0
qwen2.5-7b-inst,memit,8,0f87867b9b690190efe9e3d65b533309c8a7791ed39a0a0b7c231d0b7d6a89a0,6,0.9583255981017197,0.7809467942427145,0.6379755258397513,0.36202447416024874,0.6304836735704872,0.3194418660339063,0.2865239394057237,0.2322435478054431,0.0
qwen2.5-7b-inst,memit,8,0f87867b9b690190efe9e3d65b533309c8a7791ed39a0a0b7c231d0b7d6a89a0,7,0.7809467942427145,0.5492630865956902,0.6346359044886132,0.3653640955113868,0.3383365800026115,0.39047339712135726,0.2808245941108829,0.19443950631903673,0.0
qwen2.5-7b-inst,memit,8,0f87867b9b690190efe9e3d65b533309c8a7791ed39a0a0b7c231d0b7d6a89a0,8,0.5492630865956902,0.1397626027452019,0.7456846459218103,0.2543153540781897,0.008421504551088558,0.5492630865956902,0.4096031694985659,0.1397626027452019,NOT_APPLICABLE
qwen2.5-7b-inst,memit,8,44ab2dfa36200c934db39cfa054a5522dc88440bf69af322dc936c4ba1de5509,4,1.0,0.9298856875362757,0.4619699572687007,0.5380300427312993,1.011666016226921,0.19999999999999996,0.22243060668957318,0.22916757670053506,0.0
qwen2.5-7b-inst,memit,8,44ab2dfa36200c934db39cfa054a5522dc88440bf69af322dc936c4ba1de5509,5,0.9298856875362757,0.8530541900694854,0.46360720146674655,0.5363927985332535,0.9793701705789235,0.2324714218840689,0.25189622914593734,0.25958670904696063,0.0
qwen2.5-7b-inst,memit,8,44ab2dfa36200c934db39cfa054a5522dc88440bf69af322dc936c4ba1de5509,6,0.8530541900694854,0.6606870576324814,0.7951963541670916,0.20480364583290844,0.7331011960088549,0.28435139668982845,0.30754343466074274,0.2164401501048134,0.0
qwen2.5-7b-inst,memit,8,44ab2dfa36200c934db39cfa054a5522dc88440bf69af322dc936c4ba1de5509,7,0.6606870576324814,0.42136183220529977,0.8494698177026259,0.15053018229737414,0.5506790665951913,0.3303435288162407,0.3344222733776737,0.1885873226239858,0.0
qwen2.5-7b-inst,memit,8,44ab2dfa36200c934db39cfa054a5522dc88440bf69af322dc936c4ba1de5509,8,0.42136183220529977,0.05763545684362558,0.8634326096225393,0.13656739037746068,0.007690618216371068,0.42136183220529977,0.3638319778487355,0.05763545684362558,NOT_APPLICABLE
qwen2.5-7b-inst,memit,8,cb7c55a4e2dd79332d59c67a80558cdd018be66887291ba61bda4f4cd96f0c0d,4,1.0,0.9065498695534853,0.6109873012463132,0.3890126987536868,1.132424028297219,0.19999999999999984,0.257347209982867,0.23947568224406626,0.0
qwen2.5-7b-inst,memit,8,cb7c55a4e2dd79332d59c67a80558cdd018be66887291ba61bda4f4cd96f0c0d,5,0.9065498695534853,0.8246879819143947,0.45768109854652506,0.5423189014534749,0.8323630762561781,0.22663746738837132,0.21528176936719834,0.22515244207484825,0.0
qwen2.5-7b-inst,memit,8,cb7c55a4e2dd79332d59c67a80558cdd018be66887291ba61bda4f4cd96f0c0d,6,0.8246879819143947,0.6515876378677526,0.710899141317544,0.28910085868245605,0.6151162764250688,0.27489599397146464,0.2584235265851197,0.1868377576027755,0.0
qwen2.5-7b-inst,memit,8,cb7c55a4e2dd79332d59c67a80558cdd018be66887291ba61bda4f4cd96f0c0d,7,0.6515876378677526,0.41953212928925887,0.7959339890819531,0.20406601091804688,0.4565687848856311,0.3257938189338763,0.2989441849595859,0.16292883157393048,0.0
qwen2.5-7b-inst,memit,8,cb7c55a4e2dd79332d59c67a80558cdd018be66887291ba61bda4f4cd96f0c0d,8,0.41953212928925887,0.06302552591649875,0.8497927305595453,0.1502072694404547,0.002503255833011055,0.41953212928925887,0.35651690049758566,0.06302552591649875,NOT_APPLICABLE
qwen2.5-7b-inst,memit,8,bc8ea88677fa3c48a9f530c375644aa2795c663a9f9bd749229249c49602f1d7,4,1.0,0.9135254273510411,0.5314724815290588,0.4685275184709412,0.9462977740069367,0.19999999999999996,0.2170661167214391,0.2111868852609006,0.0
qwen2.5-7b-inst,memit,8,bc8ea88677fa3c48a9f530c375644aa2795c663a9f9bd749229249c49602f1d7,5,0.9135254273510411,0.8250385475973477,0.5477030373802515,0.4522969626197485,1.0640237954186609,0.22838135683776029,0.27330724880144175,0.2640466966045516,0.0
qwen2.5-7b-inst,memit,8,bc8ea88677fa3c48a9f530c375644aa2795c663a9f9bd749229249c49602f1d7,6,0.8250385475973477,0.6858606640148952,0.5795643365046765,0.42043566349532346,0.6009487453005471,0.2750128491991156,0.22960430871061943,0.201700044829133,0.0
qwen2.5-7b-inst,memit,8,bc8ea88677fa3c48a9f530c375644aa2795c663a9f9bd749229249c49602f1d7,7,0.6858606640148952,0.47547002588569004,0.674131930151007,0.32586806984899297,0.4055031784137592,0.3429303320074476,0.2697810683763585,0.1783972325297565,0.0
qwen2.5-7b-inst,memit,8,bc8ea88677fa3c48a9f530c375644aa2795c663a9f9bd749229249c49602f1d7,8,0.47547002588569004,0.0935067997960946,0.8035078641047796,0.1964921358952204,0.00816769697486502,0.47547002588569004,0.3820636423947573,0.0935067997960946,NOT_APPLICABLE
qwen2.5-7b-inst,memit,8,b413834a331862a731306abda170f203ac59c4af3e39d4bd2b6671b13fa2651c,4,1.0,0.94421299622099,0.5059639824907465,0.4940360175092535,1.446407559834036,0.19999999999999982,0.3064698602292202,0.30569045884629426,0.0
qwen2.5-7b-inst,memit,8,b413834a331862a731306abda170f203ac59c4af3e39d4bd2b6671b13fa2651c,5,0.94421299622099,0.8070621074981479,0.7090880534762626,0.2909119465237374,0.9270086877429793,0.2360532490552475,0.27550063565494787,0.22934548688808443,0.0
qwen2.5-7b-inst,memit,8,b413834a331862a731306abda170f203ac59c4af3e39d4bd2b6671b13fa2651c,6,0.8070621074981479,0.6150942921153567,0.7700602491740616,0.22993975082593843,0.5050591467772663,0.2690207024993824,0.24774419122833094,0.14929001588416632,0.0
qwen2.5-7b-inst,memit,8,b413834a331862a731306abda170f203ac59c4af3e39d4bd2b6671b13fa2651c,7,0.6150942921153567,0.40368904543072115,0.7064563536727866,0.2935436463272134,0.22290427008644095,0.30754714605767836,0.22782724194350523,0.11335696598777208,0.0
qwen2.5-7b-inst,memit,8,b413834a331862a731306abda170f203ac59c4af3e39d4bd2b6671b13fa2651c,8,0.40368904543072115,0.08691939047761091,0.7847651002718219,0.2152348997281781,0.00578875428793749,0.40368904543072115,0.31680969291305144,0.08691939047761091,NOT_APPLICABLE
qwen2.5-7b-inst,memit,8,62319418a997482ab3699f64675fd274c3b8fd81156833171d0938833ebbde03,4,1.0,0.929495195957592,0.45792141728212044,0.5420785827178796,0.9841519857834945,0.1999999999999998,0.2170941874419724,0.2247135350585734,0.0
qwen2.5-7b-inst,memit,8,62319418a997482ab3699f64675fd274c3b8fd81156833171d0938833ebbde03,5,0.929495195957592,0.8594628761218347,0.36844882632882137,0.6315511736711786,0.7011717031711412,0.232373798989398,0.1840594555291462,0.21928240664693843,0.0
qwen2.5-7b-inst,memit,8,62319418a997482ab3699f64675fd274c3b8fd81156833171d0938833ebbde03,6,0.8594628761218347,0.7351104821065613,0.637635729599927,0.362364270400073,1.0016440208059907,0.28648762537394484,0.3401695322940203,0.3051595677405487,0.0
qwen2.5-7b-inst,memit,8,62319418a997482ab3699f64675fd274c3b8fd81156833171d0938833ebbde03,7,0.7351104821065613,0.4947215714727582,0.8173981742545912,0.18260182574540884,0.6427378307459651,0.36755524105328063,0.3821958969085693,0.24559053976359876,0.0
qwen2.5-7b-inst,memit,8,62319418a997482ab3699f64675fd274c3b8fd81156833171d0938833ebbde03,8,0.4947215714727582,0.08538391508144497,0.8275536857865007,0.17244631421349932,0.007037069059708364,0.4947215714727582,0.40942346157125536,0.08538391508144497,NOT_APPLICABLE
qwen2.5-7b-inst,memit,8,f861df3f9c6e6a756af53dd86b9a6637d28dfec0707b093be1f1b66e0835538e,4,1.0,0.9162132506953609,0.5000051138907488,0.49999488610925125,0.8580291625198715,0.19999999999999996,0.19861713497595818,0.1986161050740805,0.0
qwen2.5-7b-inst,memit,8,f861df3f9c6e6a756af53dd86b9a6637d28dfec0707b093be1f1b66e0835538e,5,0.9162132506953609,0.8110120649804257,0.5624553307792405,0.4375446692207595,0.8484903710341251,0.22905331267384021,0.23317266196851144,0.2186686990917654,0.0
qwen2.5-7b-inst,memit,8,f861df3f9c6e6a756af53dd86b9a6637d28dfec0707b093be1f1b66e0835538e,6,0.8110120649804257,0.6383173670129619,0.7160554822577315,0.2839445177422685,0.5990050563866001,0.270337354993475,0.25237733384093886,0.17920564097750347,0.0
qwen2.5-7b-inst,memit,8,f861df3f9c6e6a756af53dd86b9a6637d28dfec0707b093be1f1b66e0835538e,7,0.6383173670129619,0.4235690062404398,0.7181911834307751,0.28180881656922485,0.34390839354661057,0.31915868350648097,0.25414162458421924,0.14190514063739945,0.0
qwen2.5-7b-inst,memit,8,f861df3f9c6e6a756af53dd86b9a6637d28dfec0707b093be1f1b66e0835538e,8,0.4235690062404398,0.08554349232609296,0.7981307385727321,0.2018692614272679,0.006013493677851816,0.4235690062404398,0.3380730392890878,0.08554349232609296,NOT_APPLICABLE
qwen2.5-7b-inst,memit,9,c5da7945932414925468ad5192bc538d69616b204b0c19a08458be414ffd783d,4,1.0,0.9617891306047199,0.28579722488449805,0.714202775115502,0.9498686692526853,0.19999999999999993,0.19838654617483947,0.23768349482541262,0.0
qwen2.5-7b-inst,memit,9,c5da7945932414925468ad5192bc538d69616b204b0c19a08458be414ffd783d,5,0.9617891306047199,0.8848016718084046,0.49520646622887343,0.5047935337711266,1.1213676675067277,0.24044728265117998,0.29475099386006676,0.2956897422837843,0.0
qwen2.5-7b-inst,memit,9,c5da7945932414925468ad5192bc538d69616b204b0c19a08458be414ffd783d,6,0.8848016718084046,0.7250685184193452,0.5967913242877726,0.4032086757122274,0.5180437528337878,0.29493389060280134,0.2330778800147742,0.19361383710068916,0.0
qwen2.5-7b-inst,memit,9,c5da7945932414925468ad5192bc538d69616b204b0c19a08458be414ffd783d,7,0.7250685184193452,0.49017985056348506,0.6850673977005421,0.31493260229945785,0.3148116305956266,0.3625342592096726,0.2733286414635162,0.16143520982319828,0.0
qwen2.5-7b-inst,memit,9,c5da7945932414925468ad5192bc538d69616b204b0c19a08458be414ffd783d,8,0.49017985056348506,0.11821297994684968,0.7589344474164935,0.24106555258350648,0.006836138666954673,0.49017985056348506,0.37202946558130884,0.11821297994684968,NOT_APPLICABLE
qwen2.5-7b-inst,memit,9,589228d3143b3e0e5da484e7298376b1b8067cb8a493d947f96663047fd97310,4,1.0,0.9348111410855787,0.3725043683467608,0.6274956316532392,0.6580888363080204,0.1999999999999998,0.15124026195569232,0.18186057123160485,0.0
qwen2.5-7b-inst,memit,9,589228d3143b3e0e5da484e7298376b1b8067cb8a493d947f96663047fd97310,5,0.9348111410855787,0.8828078896075447,0.26878873653077195,0.731211263469228,0.5894294758702217,0.23370278527139468,0.15139801287217508,0.21949370306170848,0.0
qwen2.5-7b-inst,memit,9,589228d3143b3e0e5da484e7298376b1b8067cb8a493d947f96663047fd97310,6,0.8828078896075447,0.7508904937823361,0.5242817332209853,0.47571826677901474,0.6181044975232626,0.29426929653584805,0.23850785273660274,0.22952270184342188,0.0
qwen2.5-7b-inst,memit,9,589228d3143b3e0e5da484e7298376b1b8067cb8a493d947f96663047fd97310,7,0.7508904937823361,0.5176155165442398,0.6669410998779488,0.3330589001220512,0.351693058888908,0.37544524689116804,0.2830813438225283,0.18185516676931232,0.0
qwen2.5-7b-inst,memit,9,589228d3143b3e0e5da484e7298376b1b8067cb8a493d947f96663047fd97310,8,0.5176155165442398,0.11430248061688902,0.7794343984800898,0.22056560151991023,0.010701645269930464,0.5176155165442398,0.40348536458155293,0.11430248061688902,NOT_APPLICABLE
qwen2.5-7b-inst,memit,9,2a475a8db1c123494579a717b4a26faaf206a116fa5e2625a04fd4d22e6f1fe6,4,1.0,0.9243126842910611,0.4540141252609432,0.5459858747390568,0.8323826555176741,0.1999999999999998,0.18963013591126388,0.1990940943997311,0.0
qwen2.5-7b-inst,memit,9,2a475a8db1c123494579a717b4a26faaf206a116fa5e2625a04fd4d22e6f1fe6,5,0.9243126842910611,0.8190504496753556,0.5443633980907395,0.4556366019092605,0.788586039274707,0.23107817107276526,0.22142539894038046,0.21045534398365426,0.0
qwen2.5-7b-inst,memit,9,2a475a8db1c123494579a717b4a26faaf206a116fa5e2625a04fd4d22e6f1fe6,6,0.8190504496753556,0.654449937524857,0.6612655678657396,0.33873443213426035,0.5257689229659656,0.27301681655845167,0.2306475267397917,0.1707553719666311,0.0
qwen2.5-7b-inst,memit,9,2a475a8db1c123494579a717b4a26faaf206a116fa5e2625a04fd4d22e6f1fe6,7,0.654449937524857,0.4297916777825713,0.7051247420922374,0.2948752579077626,0.22007556667987246,0.3272249687624285,0.2417114422278784,0.12040130238476347,0.0
qwen2.5-7b-inst,memit,9,2a475a8db1c123494579a717b4a26faaf206a116fa5e2625a04fd4d22e6f1fe6,8,0.4297916777825713,0.0762944942029712,0.8225322773344269,0.1774677226655731,0.004099133180625529,0.4297916777825713,0.3535219174239819,0.0762944942029712,NOT_APPLICABLE
qwen2.5-7b-inst,memit,9,c5bb0823d9465b1daec7a2e191874ebc0e80430ac73333d7510aee66649f2711,4,1.0,0.944480324973023,0.5071700439597505,0.4928299560402495,1.4544951332459155,0.19999999999999976,0.30807645454504806,0.3071441002660922,0.0
qwen2.5-7b-inst,memit,9,c5bb0823d9465b1daec7a2e191874ebc0e80430ac73333d7510aee66649f2711,5,0.944480324973023,0.8405188692354906,0.6714895062276377,0.3285104937723623,1.261962281496077,0.23612008124325576,0.33753173239253964,0.3079052887905532,0.0
qwen2.5-7b-inst,memit,9,c5bb0823d9465b1daec7a2e191874ebc0e80430ac73333d7510aee66649f2711,6,0.8405188692354906,0.6496108341180372,0.8218516278898019,0.17814837211019807,0.7947362511993741,0.28017295641183015,0.3203108257298913,0.2281892291759854,0.0
qwen2.5-7b-inst,memit,9,c5bb0823d9465b1daec7a2e191874ebc0e80430ac73333d7510aee66649f2711,7,0.6496108341180372,0.422312377036322,0.7889577989101652,0.21104220108983485,0.47318053599231047,0.3248054170590186,0.2988129037154659,0.16828514094115826,0.0
qwen2.5-7b-inst,memit,9,c5bb0823d9465b1daec7a2e191874ebc0e80430ac73333d7510aee66649f2711,8,0.422312377036322,0.0672033336187244,0.8412305039553243,0.15876949604467572,0.01073222198293562,0.422312377036322,0.35529096391618137,0.0672033336187244,NOT_APPLICABLE
qwen2.5-7b-inst,memit,9,3cdee578c9ea2f065dc37a81eef836ce67d8d7925897fa1b78b87f8ebf769bde,4,1.0,0.9553251926381706,0.4185771782508895,0.5814228217491104,1.3515622518350192,0.1999999999999999,0.28297896563086217,0.29426335267824577,0.0
qwen2.5-7b-inst,memit,9,3cdee578c9ea2f065dc37a81eef836ce67d8d7925897fa1b78b87f8ebf769bde,5,0.9553251926381706,0.8521950757827035,0.6082420155000637,0.39175798449993626,1.108127463557026,0.23883129815954265,0.30190248883826254,0.28070764049168306,0.0
qwen2.5-7b-inst,memit,9,3cdee578c9ea2f065dc37a81eef836ce67d8d7925897fa1b78b87f8ebf769bde,6,0.8521950757827035,0.6745545943009822,0.7561534154739068,0.2438465845260932,0.777243938629166,0.28406502526090105,0.30803392696202836,0.23139869601548593,0.0
qwen2.5-7b-inst,memit,9,3cdee578c9ea2f065dc37a81eef836ce67d8d7925897fa1b78b87f8ebf769bde,7,0.6745545943009822,0.45443816300984896,0.7072432216256426,0.29275677837435743,0.3797270457592849,0.3372772971504911,0.270744737252043,0.1617170467253885,0.0
qwen2.5-7b-inst,memit,9,3cdee578c9ea2f065dc37a81eef836ce67d8d7925897fa1b78b87f8ebf769bde,8,0.45443816300984896,0.09821250798189886,0.7840541347681337,0.21594586523186632,0.008637274128081626,0.45443816300984896,0.35632573987257504,0.09821250798189886,NOT_APPLICABLE
qwen2.5-7b-inst,memit,9,c2a511b461d586287863e69ded39d72e773ee7ff59c54b951a1fc191530a9230,4,1.0,0.942180000968295,0.4492849657893619,0.5507150342106382,1.2180195125796083,0.19999999999999984,0.25964810906371005,0.26734685948634496,0.0
qwen2.5-7b-inst,memit,9,c2a511b461d586287863e69ded39d72e773ee7ff59c54b951a1fc191530a9230,5,0.942180000968295,0.8713374771638167,0.4043543106945321,0.5956456893054679,0.8693148768937079,0.23554500024207375,0.2258298992594135,0.24821818206987464,0.0
qwen2.5-7b-inst,memit,9,c2a511b461d586287863e69ded39d72e773ee7ff59c54b951a1fc191530a9230,6,0.8713374771638167,0.7128286786953767,0.686956597219691,0.31304340278030895,0.8204920863079959,0.2904458257212721,0.3108064336848544,0.2550642648019801,0.0
qwen2.5-7b-inst,memit,9,c2a511b461d586287863e69ded39d72e773ee7ff59c54b951a1fc191530a9230,7,0.7128286786953767,0.4665884658117024,0.763057546656397,0.23694245334360298,0.4286765557290474,0.35641433934768835,0.3119430676294199,0.17457220753211727,0.0
qwen2.5-7b-inst,memit,9,c2a511b461d586287863e69ded39d72e773ee7ff59c54b951a1fc191530a9230,8,0.4665884658117024,0.0668551871147913,0.8568545746024775,0.1431454253975225,0.006325703209803652,0.4665884658117024,0.39980935591977984,0.0668551871147913,NOT_APPLICABLE
qwen2.5-7b-inst,memit,9,3e85fe2dc398bc4391de8657ba293c4c2da08fa360ff4e648e41a041f0e4caa8,4,1.0,0.9315528656763132,0.5816990697595767,0.41830093024042325,1.474240627774311,0.1999999999999998,0.31697061291795153,0.3064872654333549,0.0
qwen2.5-7b-inst,memit,9,3e85fe2dc398bc4391de8657ba293c4c2da08fa360ff4e648e41a041f0e4caa8,5,0.9315528656763132,0.8279261627228989,0.5357024319609747,0.46429756803902533,0.7980779989826253,0.2328882164190783,0.2238521715597659,0.2150279394025463,0.0
qwen2.5-7b-inst,memit,9,3e85fe2dc398bc4391de8657ba293c4c2da08fa360ff4e648e41a041f0e4caa8,6,0.8279261627228989,0.6399923782001978,0.7408720201684424,0.25912797983155755,0.5236348319207706,0.2759753875742994,0.2503759668785694,0.16123689244337894,0.0
qwen2.5-7b-inst,memit,9,3e85fe2dc398bc4391de8657ba293c4c2da08fa360ff4e648e41a041f0e4caa8,7,0.6399923782001978,0.41902037458974695,0.731254693782787,0.26874530621721304,0.3239688565085298,0.3199961891000989,0.25593479390752955,0.13469515762760303,0.0
qwen2.5-7b-inst,memit,9,3e85fe2dc398bc4391de8657ba293c4c2da08fa360ff4e648e41a041f0e4caa8,8,0.41902037458974695,0.0820474584325391,0.8043040906547209,0.19569590934527914,0.006618631855187317,0.41902037458974695,0.3370312120943089,0.0820474584325391,NOT_APPLICABLE
qwen2.5-7b-inst,memit,9,0d37408f349a9e1575f9996b4666d8be3c1a4b030ef6385556f20138f0e45d77,4,1.0,0.9636179310120528,0.21419248453941522,0.7858075154605848,0.5568072818846188,0.1999999999999999,0.11931685037628224,0.19261648948250223,0.0
qwen2.5-7b-inst,memit,9,0d37408f349a9e1575f9996b4666d8be3c1a4b030ef6385556f20138f0e45d77,5,0.9636179310120528,0.9271316710551549,0.1848718465587759,0.8151281534412241,0.5060568196112962,0.2409044827530132,0.1297916591171008,0.2311336853839525,0.0
qwen2.5-7b-inst,memit,9,0d37408f349a9e1575f9996b4666d8be3c1a4b030ef6385556f20138f0e45d77,6,0.9271316710551549,0.8012743025166971,0.44302272946404786,0.5569772705359521,0.4292231148102141,0.30904389035171814,0.19063314726037311,0.21731217526871335,0.0
qwen2.5-7b-inst,memit,9,0d37408f349a9e1575f9996b4666d8be3c1a4b030ef6385556f20138f0e45d77,7,0.8012743025166971,0.5576519370860921,0.6384182832388611,0.3615817167611389,0.28899166112951263,0.40063715125834853,0.28075892482472226,0.1854467617239455,0.0
qwen2.5-7b-inst,memit,9,0d37408f349a9e1575f9996b4666d8be3c1a4b030ef6385556f20138f0e45d77,8,0.5576519370860921,0.13493508269374546,0.7580755709769369,0.2419244290230631,0.004699922550890784,0.5576519370860921,0.42275043513733124,0.13493508269374546,NOT_APPLICABLE
qwen2.5-7b-inst,memit,9,cad93aa25aedcacddc439835622bc76cd6fca8de2ba3a8c308395f1f1077074d,4,1.0,0.9568678126174435,0.3178359792973183,0.6821640207026817,0.9834837842179035,0.19999999999999982,0.2067133342148443,0.23938154523361346,0.0
qwen2.5-7b-inst,memit,9,cad93aa25aedcacddc439835622bc76cd6fca8de2ba3a8c308395f1f1077074d,5,0.9568678126174435,0.8839083054140925,0.468473073522696,0.5315269264773039,1.0869194806837859,0.23921695315436087,0.28313233691063083,0.2894342087918991,0.0
qwen2.5-7b-inst,memit,9,cad93aa25aedcacddc439835622bc76cd6fca8de2ba3a8c308395f1f1077074d,6,0.8839083054140925,0.7098240432263282,0.663178029906269,0.33682197009373105,0.5859103874683296,0.2946361018046972,0.26073148930092493,0.19912257234203057,0.0
qwen2.5-7b-inst,memit,9,cad93aa25aedcacddc439835622bc76cd6fca8de2ba3a8c308395f1f1077074d,7,0.7098240432263282,0.4817120820984258,0.7117702805393774,0.2882297194606226,0.42737683270686866,0.3549120216131641,0.2946556230843554,0.18295269891934435,0.0
qwen2.5-7b-inst,memit,9,cad93aa25aedcacddc439835622bc76cd6fca8de2ba3a8c308395f1f1077074d,8,0.4817120820984258,0.09809066471559655,0.7965306011296607,0.20346939887033932,0.008066642215766043,0.4817120820984258,0.3837180899954243,0.09809066471559655,NOT_APPLICABLE
qwen2.5-7b-inst,memit,9,93d42cde8e8fd31026407a218569f7f6e8f3966169613fa62ecac7505fffc82b,4,1.0,0.9401741567261708,0.3877556047310122,0.6122443952689878,0.908508537496483,0.19999999999999996,0.19755932493347994,0.21911010585934057,0.0
qwen2.5-7b-inst,memit,9,93d42cde8e8fd31026407a218569f7f6e8f3966169613fa62ecac7505fffc82b,5,0.9401741567261708,0.9317755969067911,0.4041047725758639,0.595895227424136,1.6688195907043182,0.2350435391815427,0.40358142620540377,0.41650152520523454,0.0
qwen2.5-7b-inst,memit,9,93d42cde8e8fd31026407a218569f7f6e8f3966169613fa62ecac7505fffc82b,6,0.9317755969067911,0.7477120120860514,0.6799227705234957,0.3200772294765043,0.6424253222383878,0.31059186563559693,0.2905329617530042,0.22292615724623074,0.0
qwen2.5-7b-inst,memit,9,93d42cde8e8fd31026407a218569f7f6e8f3966169613fa62ecac7505fffc82b,7,0.7477120120860514,0.5180535543176951,0.6576795569256788,0.3423204430743212,0.34402014006105053,0.3738560060430257,0.27748383999280285,0.18143888790645568,0.0
qwen2.5-7b-inst,memit,9,93d42cde8e8fd31026407a218569f7f6e8f3966169613fa62ecac7505fffc82b,8,0.5180535543176951,0.13409167678378886,0.7412372433591041,0.2587627566408959,0.00621909216077469,0.5180535543176951,0.38401410406635317,0.13409167678378886,NOT_APPLICABLE
qwen2.5-7b-inst,memit,10,ff1c1d9405055ee8e382e7231c176b6bfdaa8fe6d7949fc5d436643c5ad7ca6c,4,1.0,0.950637612584692,0.28242764786398206,0.717572352136018,0.5807821139463021,0.19999999999999996,0.12916241561041122,0.18463130226805552,0.0
qwen2.5-7b-inst,memit,10,ff1c1d9405055ee8e382e7231c176b6bfdaa8fe6d7949fc5d436643c5ad7ca6c,5,0.950637612584692,0.8586698404639831,0.5494037728156465,0.45059622718435355,1.0711441464606943,0.237659403146173,0.2861002971798901,0.2761748233529644,0.0
qwen2.5-7b-inst,memit,10,ff1c1d9405055ee8e382e7231c176b6bfdaa8fe6d7949fc5d436643c5ad7ca6c,6,0.8586698404639831,0.6838719207877952,0.6735252107698522,0.32647478923014783,0.5442855848841494,0.2862232801546609,0.24785729786915386,0.18166332196403345,0.0
qwen2.5-7b-inst,memit,10,ff1c1d9405055ee8e382e7231c176b6bfdaa8fe6d7949fc5d436643c5ad7ca6c,7,0.6838719207877952,0.4656419395522463,0.6652162840480846,0.33478371595191536,0.269815280837463,0.3419359603938976,0.2454597694397632,0.14702467864682803,0.0
qwen2.5-7b-inst,memit,10,ff1c1d9405055ee8e382e7231c176b6bfdaa8fe6d7949fc5d436643c5ad7ca6c,8,0.4656419395522463,0.10822448223017653,0.7676394107537823,0.23236058924621772,0.005253154718257409,0.4656419395522463,0.3574534736120137,0.10822448223017653,NOT_APPLICABLE
qwen2.5-7b-inst,memit,10,33d7d08444cf56ef400978ca49e87be35361a5b7e9d51181355ebe6914d6ed92,4,1.0,0.9374491372225637,0.4483172275468208,0.5516827724531792,1.1191318335818052,0.19999999999999984,0.24111776354731193,0.24954438020983738,0.0
qwen2.5-7b-inst,memit,10,33d7d08444cf56ef400978ca49e87be35361a5b7e9d51181355ebe6914d6ed92,5,0.9374491372225637,0.8610324235265305,0.4133938818508338,0.5866061181491662,0.7962879619366796,0.23436228430564093,0.21026999557986836,0.2317914384894039,0.0
qwen2.5-7b-inst,memit,10,33d7d08444cf56ef400978ca49e87be35361a5b7e9d51181355ebe6914d6ed92,6,0.8610324235265305,0.6865697740777743,0.6747497873277688,0.3252502126722312,0.5617302711069445,0.2870108078421766,0.25198636442828604,0.18629822640367336,0.0
qwen2.5-7b-inst,memit,10,33d7d08444cf56ef400978ca49e87be35361a5b7e9d51181355ebe6914d6ed92,7,0.6865697740777743,0.4465207330787887,0.776079035415994,0.223920964584006,0.4403570744525325,0.34328488703888715,0.3063157462197574,0.1695893188157545,0.0
qwen2.5-7b-inst,memit,10,33d7d08444cf56ef400978ca49e87be35361a5b7e9d51181355ebe6914d6ed92,8,0.4465207330787887,0.06357069075089541,0.857718769689615,0.14228123031038498,0.004997122133554275,0.4465207330787887,0.3829957136616757,0.06357069075089541,NOT_APPLICABLE
qwen2.5-7b-inst,memit,10,719bc0576defaa23049b37c5031acb62bc8db10d464ac03f6da1299e2cd3a5b7,4,1.0,0.9560719647027225,0.23499873405119678,0.7650012659488032,0.38288768296905623,0.19999999999999996,0.08985040517996054,0.171094116166826,0.0
qwen2.5-7b-inst,memit,10,719bc0576defaa23049b37c5031acb62bc8db10d464ac03f6da1299e2cd3a5b7,5,0.9560719647027225,0.906884105134234,0.226202701685198,0.773797298314802,0.39302983785666223,0.23901799117568062,0.1083888258786607,0.20744155297534494,0.0
qwen2.5-7b-inst,memit,10,719bc0576defaa23049b37c5031acb62bc8db10d464ac03f6da1299e2cd3a5b7,6,0.906884105134234,0.779930402389243,0.4573772702942049,0.5426227297057951,0.4377688641322481,0.3022947017114112,0.19138753509700357,0.2107583842976862,0.0
qwen2.5-7b-inst,memit,10,719bc0576defaa23049b37c5031acb62bc8db10d464ac03f6da1299e2cd3a5b7,7,0.779930402389243,0.5653601554435367,0.5685433787907946,0.43145662120920536,0.2297112699664915,0.3899652011946215,0.2391249446534785,0.19061365144336623,0.0
qwen2.5-7b-inst,memit,10,719bc0576defaa23049b37c5031acb62bc8db10d464ac03f6da1299e2cd3a5b7,8,0.5653601554435367,0.15784987910684706,0.7208079872895018,0.2791920127104982,0.0024015526190302957,0.5653601554435367,0.4075183775619545,0.15784987910684706,NOT_APPLICABLE
qwen2.5-7b-inst,memit,10,9ca8ef6d615cff61f4b47ea671a3b6ee00e045b5353a561638eae765a2c6c5ff,4,1.0,0.9319342547540449,0.6114622024640328,0.3885377975359672,1.5662925586229455,0.19999999999999982,0.3362831190672393,0.32275278460838774,0.0
qwen2.5-7b-inst,memit,10,9ca8ef6d615cff61f4b47ea671a3b6ee00e045b5353a561638eae765a2c6c5ff,5,0.9319342547540449,0.8522230431732112,0.4318666817455648,0.5681333182544352,0.8052455830017486,0.23298356368851122,0.21288748413699848,0.2296036076774322,0.0
qwen2.5-7b-inst,memit,10,9ca8ef6d615cff61f4b47ea671a3b6ee00e045b5353a561638eae765a2c6c5ff,6,0.8522230431732112,0.6751433249435427,0.6951470477612911,0.3048529522387089,0.5797284433849645,0.2840743477244036,0.25713271469294813,0.18606769819636448,0.0
qwen2.5-7b-inst,memit,10,9ca8ef6d615cff61f4b47ea671a3b6ee00e045b5353a561638eae765a2c6c5ff,7,0.6751433249435427,0.4347602522801222,0.7397684731620137,0.26023152683798634,0.2655483814151722,0.33757166247177134,0.2653264599477926,0.12550966636716224,0.0
qwen2.5-7b-inst,memit,10,9ca8ef6d615cff61f4b47ea671a3b6ee00e045b5353a561638eae765a2c6c5ff,8,0.4347602522801222,0.0764087388861983,0.824325606893089,0.17567439310691102,0.005125090970846233,0.4347602522801222,0.3583909354121639,0.0764087388861983,NOT_APPLICABLE
qwen2.5-7b-inst,memit,10,5be41b224968c5352077e3540871e2fe58f711f7d4c62e7adf253619a971f328,4,1.0,0.9276044652728758,0.5520055546145398,0.4479944453854602,1.3140001954621288,0.1999999999999999,0.2850478307933472,0.2776541400210512,0.0
qwen2.5-7b-inst,memit,10,5be41b224968c5352077e3540871e2fe58f711f7d4c62e7adf253619a971f328,5,0.9276044652728758,0.7774892944198131,0.7537433640444563,0.2462566359555437,0.8380058765886197,0.23190111631821894,0.2613786799251765,0.2025515446127667,0.0
qwen2.5-7b-inst,memit,10,5be41b224968c5352077e3540871e2fe58f711f7d4c62e7adf253619a971f328,6,0.7774892944198131,0.5978350991596182,0.727234405032228,0.272765594967772,0.39474195587443095,0.25916309813993754,0.2144472600509184,0.12435030069517003,0.0
qwen2.5-7b-inst,memit,10,5be41b224968c5352077e3540871e2fe58f711f7d4c62e7adf253619a971f328,7,0.5978350991596182,0.37421027188660366,0.7636188601082573,0.2363811398917427,0.1964094852632933,0.2989175495798091,0.23568856448373376,0.09186681696960547,0.0
qwen2.5-7b-inst,memit,10,5be41b224968c5352077e3540871e2fe58f711f7d4c62e7adf253619a971f328,8,0.37421027188660366,0.06321268803117018,0.8311878770040801,0.16881212299591986,0.006116911746785718,0.37421027188660366,0.3110474640208586,0.06321268803117018,NOT_APPLICABLE
qwen2.5-7b-inst,memit,10,dbf463ad5bb621bfe8a9a2c2319e02df1ad94daa27c797d0294c20d6f80a83f2,4,1.0,0.9350109111945718,0.40468490689043624,0.5953150931095638,0.8597757244549524,0.1999999999999997,0.19005095845345857,0.20915203622686382,0.0
qwen2.5-7b-inst,memit,10,dbf463ad5bb621bfe8a9a2c2319e02df1ad94daa27c797d0294c20d6f80a83f2,5,0.9350109111945718,0.8437071173808707,0.45410420357577164,0.5458957964242284,0.6740860701327129,0.23375272779864295,0.18998829525748512,0.2027586643549397,0.0
qwen2.5-7b-inst,memit,10,dbf463ad5bb621bfe8a9a2c2319e02df1ad94daa27c797d0294c20d6f80a83f2,6,0.8437071173808707,0.6639049653520437,0.6764741392232223,0.3235258607767777,0.4171270614599675,0.2812357057936232,0.22350936723984743,0.14846048209045154,0.0
qwen2.5-7b-inst,memit,10,dbf463ad5bb621bfe8a9a2c2319e02df1ad94daa27c797d0294c20d6f80a83f2,7,0.6639049653520437,0.43333320022101096,0.7109988228231733,0.2890011771768267,0.2063110078738368,0.33195248267602184,0.24575327154946613,0.11787160680481942,0.0
qwen2.5-7b-inst,memit,10,dbf463ad5bb621bfe8a9a2c2319e02df1ad94daa27c797d0294c20d6f80a83f2,8,0.43333320022101096,0.10636546234934598,0.7545970792200791,0.24540292077992087,0.005238892002753725,0.43333320022101096,0.32699984765659496,0.10636546234934598,NOT_APPLICABLE
qwen2.5-7b-inst,memit,10,c6d164c926536dfcf140503cf8c1f3ba3f16534a36f08de1199bc1f118a10e43,4,1.0,0.923155611839735,0.5532815192055306,0.4467184807944694,1.237781016311378,0.1999999999999998,0.27116211268060325,0.26318504861972253,0.0
qwen2.5-7b-inst,memit,10,c6d164c926536dfcf140503cf8c1f3ba3f16534a36f08de1199bc1f118a10e43,5,0.923155611839735,0.8226969881452294,0.5345670849977738,0.46543291500222617,0.8354506266458105,0.23078890295993376,0.22890486649896646,0.22071499454645385,0.0
qwen2.5-7b-inst,memit,10,c6d164c926536dfcf140503cf8c1f3ba3f16534a36f08de1199bc1f118a10e43,6,0.8226969881452294,0.6208137427933348,0.7993656382437477,0.20063436175625227,0.5311381546896518,0.27423232938174286,0.2631906350534896,0.15570067558402703,0.0
qwen2.5-7b-inst,memit,10,c6d164c926536dfcf140503cf8c1f3ba3f16534a36f08de1199bc1f118a10e43,7,0.6208137427933348,0.37043235902482535,0.8579439170007798,0.14205608299922023,0.34620238464666514,0.3104068713966674,0.28717649594000416,0.11615855718056765,0.0
qwen2.5-7b-inst,memit,10,c6d164c926536dfcf140503cf8c1f3ba3f16534a36f08de1199bc1f118a10e43,8,0.37043235902482535,0.04805964293330243,0.8704149529969296,0.12958504700307039,0.006325120136559892,0.37043235902482535,0.32243837740381615,0.04805964293330243,NOT_APPLICABLE
qwen2.5-7b-inst,memit,10,bec2d64187af6c88f13d2db08996689e9e0dd634593dcaa26ba2380288b964d1,4,1.0,0.9188589660093315,0.5427958662061899,0.4572041337938101,1.113946271184028,0.19999999999999993,0.2478308816475723,0.24082457640722185,0.0
qwen2.5-7b-inst,memit,10,bec2d64187af6c88f13d2db08996689e9e0dd634593dcaa26ba2380288b964d1,5,0.9188589660093315,0.8071217558814786,0.5950926743491485,0.4049073256508515,0.8671043351165498,0.22971474150233287,0.24158360310153268,0.21983351150242963,0.0
qwen2.5-7b-inst,memit,10,bec2d64187af6c88f13d2db08996689e9e0dd634593dcaa26ba2380288b964d1,6,0.8071217558814786,0.6089030094387544,0.8084655924703168,0.1915344075296832,0.565177341446014,0.269040585293826,0.2653894177077569,0.16055003555966543,0.0
qwen2.5-7b-inst,memit,10,bec2d64187af6c88f13d2db08996689e9e0dd634593dcaa26ba2380288b964d1,7,0.6089030094387544,0.36793424848336254,0.8203880799388605,0.17961192006113946,0.2627251929280198,0.3044515047193772,0.262263568492077,0.09689260320950654,0.0
qwen2.5-7b-inst,memit,10,bec2d64187af6c88f13d2db08996689e9e0dd634593dcaa26ba2380288b964d1,8,0.36793424848336254,0.04740707707124642,0.8713888631161372,0.12861113688386283,0.00778600619551442,0.36793424848336254,0.3206266046916433,0.04740707707124642,NOT_APPLICABLE
qwen2.5-7b-inst,memit,10,c7f5868b37621703d985c03ffc002fca966f236b80fa46fa2649ad61e8f5f82f,4,1.0,0.9329761214948757,0.4224939738038791,0.5775060261961209,0.8986376701033147,0.19999999999999998,0.19860018328584733,0.2136410889713444,0.0
qwen2.5-7b-inst,memit,10,c7f5868b37621703d985c03ffc002fca966f236b80fa46fa2649ad61e8f5f82f,5,0.9329761214948757,0.8741121275724903,0.30893523746922286,0.6910647625307771,0.6486641455682143,0.23324403037371894,0.16757997697774618,0.22107002576173443,0.0
qwen2.5-7b-inst,memit,10,c7f5868b37621703d985c03ffc002fca966f236b80fa46fa2649ad61e8f5f82f,6,0.8741121275724903,0.7169197872345855,0.6375507988419342,0.3624492011580658,0.687699393951723,0.2913707091908299,0.27323698625618204,0.2265020541474202,0.0
qwen2.5-7b-inst,memit,10,c7f5868b37621703d985c03ffc002fca966f236b80fa46fa2649ad61e8f5f82f,7,0.7169197872345855,0.4749657591027193,0.7501656079157587,0.2498343920842413,0.4399844390954701,0.35845989361729275,0.3117436369001041,0.18136920466755857,0.0
qwen2.5-7b-inst,memit,10,c7f5868b37621703d985c03ffc002fca966f236b80fa46fa2649ad61e8f5f82f,8,0.4749657591027193,0.08541235912988511,0.8202653692061329,0.1797346307938671,0.005808278061903645,0.4749657591027193,0.3896077308877803,0.08541235912988511,NOT_APPLICABLE
qwen2.5-7b-inst,memit,10,d9adf170517c84e347c8b92c76d199c5006909274e4ea6d0c61da2f5ed455049,4,1.0,0.9217461336330064,0.5987254284578097,0.40127457154219026,1.367179767836337,0.19999999999999973,0.2985064593112183,0.2849703001610787,0.0
qwen2.5-7b-inst,memit,10,d9adf170517c84e347c8b92c76d199c5006909274e4ea6d0c61da2f5ed455049,5,0.9217461336330064,0.8374891992141773,0.4980646362192033,0.5019353637807966,0.9721201167948186,0.2304365334082516,0.251702303715901,0.2521102718740017,0.0
qwen2.5-7b-inst,memit,10,d9adf170517c84e347c8b92c76d199c5006909274e4ea6d0c61da2f5ed455049,6,0.8374891992141773,0.6650121242711027,0.6783216087585923,0.32167839124140774,0.5333979377836757,0.2791630664047255,0.24089582005846244,0.17388752284538012,0.0
qwen2.5-7b-inst,memit,10,d9adf170517c84e347c8b92c76d199c5006909274e4ea6d0c61da2f5ed455049,7,0.6650121242711027,0.4352162546659691,0.7085407227385113,0.2914592772614887,0.21294323856755717,0.33250606213555134,0.24600388113411653,0.12002194621139183,0.0
qwen2.5-7b-inst,memit,10,d9adf170517c84e347c8b92c76d199c5006909274e4ea6d0c61da2f5ed455049,8,0.4352162546659691,0.09655746840589567,0.7782347224372923,0.2217652775627077,0.006512989877814723,0.4352162546659691,0.3387122620519617,0.09655746840589567,NOT_APPLICABLE
qwen2.5-7b-inst,alphaedit,1,285a3add6f31d8546b0d76689a016bc0f9f7d8e58c95f54e87bba48ad5cabc65,4,1.0,0.9456994170360222,0.5060965130100803,0.4939034869899197,1.4708895723937492,0.19999999999999982,0.31110447214128095,0.3103196280377678,0.0
qwen2.5-7b-inst,alphaedit,1,285a3add6f31d8546b0d76689a016bc0f9f7d8e58c95f54e87bba48ad5cabc65,5,0.9456994170360222,0.8140480481664459,0.6735014901326623,0.32649850986733775,0.8886744857306058,0.23642485425900556,0.263626604102154,0.22383623665427638,0.0
qwen2.5-7b-inst,alphaedit,1,285a3add6f31d8546b0d76689a016bc0f9f7d8e58c95f54e87bba48ad5cabc65,6,0.8140480481664459,0.5647323679550253,0.9730258667698986,0.02697413323010145,0.4719860887428173,0.27134934938881494,0.29345277409546683,0.12828210083294506,0.0
qwen2.5-7b-inst,alphaedit,1,285a3add6f31d8546b0d76689a016bc0f9f7d8e58c95f54e87bba48ad5cabc65,7,0.5647323679550253,0.28569782807467037,1.0145254404153914,-0.014525440415391389,0.229297074063892,0.2823661839775127,0.29369327687018143,0.06487551979477416,0.0
qwen2.5-7b-inst,alphaedit,1,285a3add6f31d8546b0d76689a016bc0f9f7d8e58c95f54e87bba48ad5cabc65,8,0.28569782807467037,0.001901877866276712,1.0064813518839386,-0.006481351883938613,0.001518927494070353,0.28569782807467037,0.2875498636809408,0.001901877866276712,NOT_APPLICABLE
qwen2.5-7b-inst,alphaedit,1,6abbaf2496b409f11036390da3b47c9272a243b8a164ca3d9f9a65fafbec985d,4,1.0,0.9237545146363915,0.5919324583786474,0.4080675416213526,1.3791303895144071,0.19999999999999976,0.3001589356700442,0.28764698849854486,0.0
qwen2.5-7b-inst,alphaedit,1,6abbaf2496b409f11036390da3b47c9272a243b8a164ca3d9f9a65fafbec985d,5,0.9237545146363915,0.8002488336941723,0.653222464393591,0.346777535606409,0.8981648512331377,0.23093862865909787,0.256477044049449,0.22234422396285503,0.0
qwen2.5-7b-inst,alphaedit,1,6abbaf2496b409f11036390da3b47c9272a243b8a164ca3d9f9a65fafbec985d,6,0.8002488336941723,0.5981021955407478,0.8222055096135251,0.17779449038647488,0.5334870240237413,0.26674961123139074,0.2614459608660254,0.1500023184980743,0.0
qwen2.5-7b-inst,alphaedit,1,6abbaf2496b409f11036390da3b47c9272a243b8a164ca3d9f9a65fafbec985d,7,0.5981021955407478,0.3270837606792849,0.9371207792397577,0.06287922076024233,0.25797697359138577,0.2990510977703739,0.29067204804623853,0.07940688842968036,0.0
qwen2.5-7b-inst,alphaedit,1,6abbaf2496b409f11036390da3b47c9272a243b8a164ca3d9f9a65fafbec985d,8,0.3270837606792849,0.00248354750594485,1.0074352930992534,-0.007435293099253393,0.0015395094212502646,0.3270837606792849,0.3295161090558554,0.00248354750594485,NOT_APPLICABLE
qwen2.5-7b-inst,alphaedit,1,9e6706cd1a722d31b1dbfa3eba84ea86ef6cdb2c3c17d63b21f5cc7e76ef6e7d,4,1.0,0.9268015188144879,0.5736777886681196,0.4263222113318804,1.3717500003248086,0.19999999999999976,0.2973754709859068,0.2872941831131295,0.0
qwen2.5-7b-inst,alphaedit,1,9e6706cd1a722d31b1dbfa3eba84ea86ef6cdb2c3c17d63b21f5cc7e76ef6e7d,5,0.9268015188144879,0.8354584290279221,0.6093547521548308,0.3906452478451692,1.226827939429443,0.23170037970362198,0.3173889283377688,0.2983191205196059,0.0
qwen2.5-7b-inst,alphaedit,1,9e6706cd1a722d31b1dbfa3eba84ea86ef6cdb2c3c17d63b21f5cc7e76ef6e7d,6,0.8354584290279221,0.6080964007404374,0.9180704066499561,0.0819295933500439,0.6584716852944156,0.2784861430093072,0.31463243556286036,0.18478923175761447,0.0
qwen2.5-7b-inst,alphaedit,1,9e6706cd1a722d31b1dbfa3eba84ea86ef6cdb2c3c17d63b21f5cc7e76ef6e7d,7,0.6080964007404374,0.3099951846290401,1.0537872634781427,-0.053787263478142666,0.37971399673882383,0.3040482003702187,0.340567959561627,0.11660388774913441,0.0
qwen2.5-7b-inst,alphaedit,1,9e6706cd1a722d31b1dbfa3eba84ea86ef6cdb2c3c17d63b21f5cc7e76ef6e7d,8,0.3099951846290401,0.006233525534814177,1.019590491267489,-0.019590491267488908,0.004534620702857973,0.3099951846290401,0.31607126851440814,0.006233525534814177,NOT_APPLICABLE
qwen2.5-7b-inst,alphaedit,1,90537afae22e47988418137733b2bba6fe78ac3f2cf3e8a710430cb784b35dc9,4,1.0,0.9042264254937552,0.7041030298445268,0.2958969701554732,1.4092213934791704,0.19999999999999976,0.3150660890972312,0.2879902743348503,0.0
qwen2.5-7b-inst,alphaedit,1,90537afae22e47988418137733b2bba6fe78ac3f2cf3e8a710430cb784b35dc9,5,0.9042264254937552,0.7630088485079871,0.786627096533884,0.21337290346611604,1.0329008789824388,0.2260566063734388,0.2934965635249606,0.23842406017611734,0.0
qwen2.5-7b-inst,alphaedit,1,90537afae22e47988418137733b2bba6fe78ac3f2cf3e8a710430cb784b35dc9,6,0.7630088485079871,0.5105523004815228,1.0665358571363759,-0.06653585713637589,0.5397536609520056,0.2543362828359955,0.30401780395241346,0.13831803108064933,0.0
qwen2.5-7b-inst,alphaedit,1,90537afae22e47988418137733b2bba6fe78ac3f2cf3e8a710430cb784b35dc9,7,0.5105523004815228,0.25508399830780937,1.0638558191623315,-0.06385581916233152,0.3494698779556882,0.2552761502407614,0.28585439857871314,0.09068836092908707,0.0
qwen2.5-7b-inst,alphaedit,1,90537afae22e47988418137733b2bba6fe78ac3f2cf3e8a710430cb784b35dc9,8,0.25508399830780937,0.0024237551434202176,1.0083958768818646,-0.008395876881864606,0.004448966873797887,0.25508399830780937,0.25722815559906675,0.0024237551434202176,NOT_APPLICABLE
qwen2.5-7b-inst,alphaedit,1,a77982960263f0dfb48efd2b8425a460b3d20430fb61ce562f7e2ffbbd3561fd,4,1.0,0.9237383015525914,0.5885984537587546,0.41140154624124536,1.3681548310414349,0.19999999999999993,0.2978788868966182,0.2857340633492409,0.0
qwen2.5-7b-inst,alphaedit,1,a77982960263f0dfb48efd2b8425a460b3d20430fb61ce562f7e2ffbbd3561fd,5,0.9237383015525914,0.849787702860178,0.4980149341337877,0.5019850658662123,1.1299815112995248,0.23093457538814785,0.28517167067921595,0.2855426622633889,0.0
qwen2.5-7b-inst,alphaedit,1,a77982960263f0dfb48efd2b8425a460b3d20430fb61ce562f7e2ffbbd3561fd,6,0.849787702860178,0.6806256024294445,0.8322191299028697,0.16778087009713027,1.0364424939322545,0.283262567620059,0.37651570381453325,0.2974072784539186,0.0
qwen2.5-7b-inst,alphaedit,1,a77982960263f0dfb48efd2b8425a460b3d20430fb61ce562f7e2ffbbd3561fd,7,0.6806256024294445,0.4149430724596221,0.9034742505454014,0.09652574945459858,0.5332179988573548,0.34031280121472224,0.35701832317873816,0.18441018291619293,0.0
qwen2.5-7b-inst,alphaedit,1,a77982960263f0dfb48efd2b8425a460b3d20430fb61ce562f7e2ffbbd3561fd,8,0.4149430724596221,0.008475723071509464,1.0202646828534854,-0.020264682853485372,0.002563892322147592,0.4149430724596221,0.4233530989578901,0.008475723071509464,NOT_APPLICABLE
qwen2.5-7b-inst,alphaedit,1,cc987485b7f9961ef45a3aeb9301abf629d197b349e59b58ed6f5592212f16a5,4,1.0,0.9738173794635409,0.4873181394613465,0.5126818605386535,1.828581318726727,0.19999999999999982,0.3784805732528123,0.3798185003035921,0.0
qwen2.5-7b-inst,alphaedit,1,cc987485b7f9961ef45a3aeb9301abf629d197b349e59b58ed6f5592212f16a5,5,0.9738173794635409,0.8264049758111803,0.7570274916290879,0.2429725083709121,1.0028645528680915,0.2434543448658852,0.3059038413446719,0.2512152702787133,0.0
qwen2.5-7b-inst,alphaedit,1,cc987485b7f9961ef45a3aeb9301abf629d197b349e59b58ed6f5592212f16a5,6,0.8264049758111803,0.5906395825926917,0.9509788915420055,0.049021108457994456,0.6315069348671007,0.2754683252703932,0.3144639383959172,0.17448348944294664,0.0
qwen2.5-7b-inst,alphaedit,1,cc987485b7f9961ef45a3aeb9301abf629d197b349e59b58ed6f5592212f16a5,7,0.5906395825926917,0.31869556681886263,0.9912060648545067,0.008793935145493315,0.38328630495816846,0.29531979129634583,0.31384559107959326,0.11322182008663581,0.0
qwen2.5-7b-inst,alphaedit,1,cc987485b7f9961ef45a3aeb9301abf629d197b349e59b58ed6f5592212f16a5,8,0.31869556681886263,0.004514628058523317,1.0141049833199636,-0.014104983319963571,0.0013129415558231538,0.31869556681886263,0.32319103333850374,0.004514628058523317,NOT_APPLICABLE
qwen2.5-7b-inst,alphaedit,1,042d6957cbf51889a68f9ec05692ae02395bbfb258ab0b145b56d98b06844fc8,4,1.0,0.9366107769137251,0.6230226178446094,0.37697738215539056,1.6652515371178747,0.1999999999999998,0.3555963927949428,0.3414776495485563,0.0
qwen2.5-7b-inst,alphaedit,1,042d6957cbf51889a68f9ec05692ae02395bbfb258ab0b145b56d98b06844fc8,5,0.9366107769137251,0.8349479516850175,0.7381030179813922,0.2618969820186078,1.440537686204073,0.23415269422843127,0.3790052600269251,0.3428349576815498,0.0
qwen2.5-7b-inst,alphaedit,1,042d6957cbf51889a68f9ec05692ae02395bbfb258ab0b145b56d98b06844fc8,6,0.8349479516850175,0.6281320739148983,0.8949853975942988,0.10501460240570115,0.8139551405077253,0.2783159838950057,0.3366958408850388,0.22841435993279716,0.0
qwen2.5-7b-inst,alphaedit,1,042d6957cbf51889a68f9ec05692ae02395bbfb258ab0b145b56d98b06844fc8,7,0.6281320739148983,0.3668339270471218,0.9534930738244913,0.04650692617550867,0.5187320359370641,0.31406603695744917,0.3409073581706523,0.16356956585409066,0.0
qwen2.5-7b-inst,alphaedit,1,042d6957cbf51889a68f9ec05692ae02395bbfb258ab0b145b56d98b06844fc8,8,0.3668339270471218,0.01031889581136561,1.027871155990677,-0.02787115599067702,0.003804431694920388,0.3668339270471218,0.37706059537997794,0.01031889581136561,NOT_APPLICABLE
qwen2.5-7b-inst,alphaedit,1,05dcb1cec09134d2efacd122ce09e701a8db7624e92b7aacd3194a7f4fdb415c,4,1.0,0.893015084624666,0.6489071344589699,0.35109286554103014,1.0024417238014072,0.19999999999999984,0.2388279614090179,0.21242933976753267,0.0
qwen2.5-7b-inst,alphaedit,1,05dcb1cec09134d2efacd122ce09e701a8db7624e92b7aacd3194a7f4fdb415c,5,0.893015084624666,0.7577074374566298,0.7347627671517,0.26523723284830003,0.9257318947703773,0.2232537711561665,0.2638606338918875,0.21498889919317934,0.0
qwen2.5-7b-inst,alphaedit,1,05dcb1cec09134d2efacd122ce09e701a8db7624e92b7aacd3194a7f4fdb415c,6,0.7577074374566298,0.5369583181428834,0.9132971035949541,0.08670289640504591,0.4067984399946608,0.25256914581887635,0.25251819372161727,0.1050524808934873,0.0
qwen2.5-7b-inst,alphaedit,1,05dcb1cec09134d2efacd122ce09e701a8db7624e92b7aacd3194a7f4fdb415c,7,0.5369583181428834,0.2694210617344837,1.0184933711923714,-0.018493371192371377,0.20898235586524277,0.2684791590714417,0.27914117506302694,0.05632666513422831,0.0
qwen2.5-7b-inst,alphaedit,1,05dcb1cec09134d2efacd122ce09e701a8db7624e92b7aacd3194a7f4fdb415c,8,0.2694210617344837,0.009963676643529571,1.0368268576194615,-0.03682685761946147,0.003381762109284687,0.2694210617344837,0.27934447868277296,0.009963676643529571,NOT_APPLICABLE
qwen2.5-7b-inst,alphaedit,1,db99bc188dd5a31df5e5c30a1acc5379a51ae45dff15346ebc2be90a1d016ffb,4,1.0,0.9120460521604822,0.571730442851295,0.42826955714870496,1.089095386441442,0.19999999999999984,0.24600849254047857,0.2340549998909127,0.0
qwen2.5-7b-inst,alphaedit,1,db99bc188dd5a31df5e5c30a1acc5379a51ae45dff15346ebc2be90a1d016ffb,5,0.9120460521604822,0.799693113953021,0.5762656408253818,0.4237343591746182,0.7608136717186998,0.22801151304012054,0.21761898663511092,0.19856494251882542,0.0
qwen2.5-7b-inst,alphaedit,1,db99bc188dd5a31df5e5c30a1acc5379a51ae45dff15346ebc2be90a1d016ffb,6,0.799693113953021,0.5736349262937368,0.8982354346323472,0.10176456536765277,0.4620632047524667,0.2665643713176735,0.26926027250599666,0.12612141376217434,0.0
qwen2.5-7b-inst,alphaedit,1,db99bc188dd5a31df5e5c30a1acc5379a51ae45dff15346ebc2be90a1d016ffb,7,0.5736349262937368,0.3010062492121194,0.9880302497710104,0.011969750228989606,0.27803590628298513,0.2868174631468684,0.29439095030341295,0.07981941917003957,0.0
qwen2.5-7b-inst,alphaedit,1,db99bc188dd5a31df5e5c30a1acc5379a51ae45dff15346ebc2be90a1d016ffb,8,0.3010062492121194,0.0007862276014167312,1.002483028109014,-0.0024830281090140183,0.0008106188300884961,0.3010062492121194,0.30175375484097017,0.0007862276014167312,NOT_APPLICABLE
qwen2.5-7b-inst,alphaedit,1,4042d278f9a0433f41f891fcbc391eee910a5adfea1cc73f3792d75698ffdd46,4,1.0,0.9214105259772893,0.6281401022133308,0.37185989778666917,1.453194745609954,0.19999999999999984,0.3166281703624579,0.30000365012781344,0.0
qwen2.5-7b-inst,alphaedit,1,4042d278f9a0433f41f891fcbc391eee910a5adfea1cc73f3792d75698ffdd46,5,0.9214105259772893,0.8492168943027096,0.5159715418761376,0.4840284581238624,1.2052093224252516,0.23035263149432234,0.3019953873089895,0.29917593377499113,0.0
qwen2.5-7b-inst,alphaedit,1,4042d278f9a0433f41f891fcbc391eee910a5adfea1cc73f3792d75698ffdd46,6,0.8492168943027096,0.6623014268622378,0.8325841964427255,0.16741580355727448,0.881168575812122,0.2830722981009029,0.34316658711741693,0.25389646008995426,0.0
qwen2.5-7b-inst,alphaedit,1,4042d278f9a0433f41f891fcbc391eee910a5adfea1cc73f3792d75698ffdd46,7,0.6623014268622378,0.3832181653050735,0.9460331708029678,0.05396682919703222,0.47784889397900004,0.3311507134311189,0.3509757550672147,0.1592459620412876,0.0
qwen2.5-7b-inst,alphaedit,1,4042d278f9a0433f41f891fcbc391eee910a5adfea1cc73f3792d75698ffdd46,8,0.3832181653050735,0.006722526246586641,1.0168624376731898,-0.016862437673189845,0.004836354260657785,0.3832181653050735,0.3896845651852696,0.006722526246586641,NOT_APPLICABLE
qwen2.5-7b-inst,alphaedit,2,77f07216c6ca6c39ab0274107bf776c38abd63ae8c1ca02ea59fcdab0f36e4e4,4,1.0,0.9559288041733262,0.5011319463445445,0.4988680536554555,1.6140579921441833,0.19999999999999993,0.33801280624565605,0.3378788266205797,0.0
qwen2.5-7b-inst,alphaedit,2,77f07216c6ca6c39ab0274107bf776c38abd63ae8c1ca02ea59fcdab0f36e4e4,5,0.9559288041733262,0.8364753236576443,0.6578756082408237,0.3421243917591763,1.0398588837102956,0.23898220104333154,0.2940653225526063,0.2616124518662494,0.0
qwen2.5-7b-inst,alphaedit,2,77f07216c6ca6c39ab0274107bf776c38abd63ae8c1ca02ea59fcdab0f36e4e4,6,0.8364753236576443,0.5845922985708235,1.035924958151238,-0.03592495815123797,0.7336584665372771,0.27882510788588133,0.35394266813505204,0.20480749943625737,0.0
qwen2.5-7b-inst,alphaedit,2,77f07216c6ca6c39ab0274107bf776c38abd63ae8c1ca02ea59fcdab0f36e4e4,7,0.5845922985708235,0.3031926553940523,1.02591036565712,-0.025910365657120016,0.35650679323668605,0.29229614928541175,0.31745961311291176,0.10448041555367467,0.0
qwen2.5-7b-inst,alphaedit,2,77f07216c6ca6c39ab0274107bf776c38abd63ae8c1ca02ea59fcdab0f36e4e4,8,0.3031926553940523,0.005462059425675201,1.0179655620989845,-0.017965562098984478,0.0013356650768100334,0.3031926553940523,0.3086399475474047,0.005462059425675201,NOT_APPLICABLE
qwen2.5-7b-inst,alphaedit,2,8d67adfeef800f3ba3b181a61828d73e1a8c5712ee92223ca71ce23e8fee6253,4,1.0,0.9222272355949085,0.5949587336220735,0.4050412663779265,1.3631538039902988,0.19999999999999987,0.2974669183654811,0.2844114428641894,0.0
qwen2.5-7b-inst,alphaedit,2,8d67adfeef800f3ba3b181a61828d73e1a8c5712ee92223ca71ce23e8fee6253,5,0.9222272355949085,0.8452122352884106,0.5126205419521102,0.48737945804788985,1.1302448737142787,0.23055680889872712,0.2861351463728827,0.2837808939551588,0.0
qwen2.5-7b-inst,alphaedit,2,8d67adfeef800f3ba3b181a61828d73e1a8c5712ee92223ca71ce23e8fee6253,6,0.8452122352884106,0.6612294731309414,0.7676930838231487,0.23230691617685129,0.724622436635676,0.28173741176280326,0.2974205588969962,0.21438794954117274,0.0
qwen2.5-7b-inst,alphaedit,2,8d67adfeef800f3ba3b181a61828d73e1a8c5712ee92223ca71ce23e8fee6253,7,0.6612294731309414,0.38470396731073464,0.9300063330064372,0.0699936669935628,0.45725611777135977,0.3306147365654707,0.34262837343114055,0.15293648465323337,0.0
qwen2.5-7b-inst,alphaedit,2,8d67adfeef800f3ba3b181a61828d73e1a8c5712ee92223ca71ce23e8fee6253,8,0.38470396731073464,0.014031107976174293,1.0362274045282647,-0.03622740452826467,0.0042210189157638085,0.38470396731073464,0.3986441008642218,0.014031107976174293,NOT_APPLICABLE
qwen2.5-7b-inst,alphaedit,2,6346c3ea243517cbad25c3a69368e9e4e406b1dc74740054f1cb5fffd458cc0c,4,1.0,0.9208092534309597,0.6268370843928377,0.3731629156071623,1.439683348400018,0.19999999999999987,0.3140454027067039,0.2974517577856767,0.0
qwen2.5-7b-inst,alphaedit,2,6346c3ea243517cbad25c3a69368e9e4e406b1dc74740054f1cb5fffd458cc0c,5,0.9208092534309597,0.7649225308563428,0.823099115589521,0.17690088441047902,0.9739004169094438,0.2302023133577399,0.29353946986031054,0.2278626112409787,0.0
qwen2.5-7b-inst,alphaedit,2,6346c3ea243517cbad25c3a69368e9e4e406b1dc74740054f1cb5fffd458cc0c,6,0.7649225308563428,0.5421655039623129,0.922477257634522,0.07752274236547796,0.45308163917125294,0.25497417695211405,0.26204688213810357,0.11720293666523227,0.0
qwen2.5-7b-inst,alphaedit,2,6346c3ea243517cbad25c3a69368e9e4e406b1dc74740054f1cb5fffd458cc0c,7,0.5421655039623129,0.2795511414552525,1.0008868573996217,-0.0008868573996216877,0.2553959134823074,0.27108275198115644,0.2800170112656903,0.0692338444828473,0.0
qwen2.5-7b-inst,alphaedit,2,6346c3ea243517cbad25c3a69368e9e4e406b1dc74740054f1cb5fffd458cc0c,8,0.2795511414552525,0.005379533713696912,1.0191625943434846,-0.01916259434348455,0.001762406222329165,0.2795511414552525,0.2849084925673201,0.005379533713696912,NOT_APPLICABLE
qwen2.5-7b-inst,alphaedit,2,2089e9a0a34cd6b112042624259e5a1dfb017b6f95b70d028c2452eef4371262,4,1.0,0.9516373740640981,0.5032410535598666,0.4967589464401334,1.5554746126185766,0.19999999999999996,0.3269711197331622,0.326574384872373,0.0
qwen2.5-7b-inst,alphaedit,2,2089e9a0a34cd6b112042624259e5a1dfb017b6f95b70d028c2452eef4371262,5,0.9516373740640981,0.8947439265608478,0.43000078409133696,0.5699992159086631,1.1828692391318727,0.23790934351602452,0.2994333000230483,0.3123849103345478,0.0
qwen2.5-7b-inst,alphaedit,2,2089e9a0a34cd6b112042624259e5a1dfb017b6f95b70d028c2452eef4371262,6,0.8947439265608478,0.6947326704890279,0.7992360832282017,0.20076391677179828,0.7633126900645656,0.2982479755202824,0.3296179333312826,0.2353991772715067,0.0
qwen2.5-7b-inst,alphaedit,2,2089e9a0a34cd6b112042624259e5a1dfb017b6f95b70d028c2452eef4371262,7,0.6947326704890279,0.39930339711392454,0.9459821132106879,0.054017886789312075,0.45873183498227915,0.34736633524451394,0.36520033094115817,0.16044896843520734,0.0
qwen2.5-7b-inst,alphaedit,2,2089e9a0a34cd6b112042624259e5a1dfb017b6f95b70d028c2452eef4371262,8,0.39930339711392454,0.0025333710010865865,1.0057509674412632,-0.005750967441263244,0.002679319870399317,0.39930339711392454,0.4016012030025612,0.0025333710010865865,NOT_APPLICABLE
qwen2.5-7b-inst,alphaedit,2,3a77016737e2b0f4dfa9685598e7703e88fe37b911c923d52a9dd4187d20f892,4,1.0,0.931432494723791,0.4600540751963394,0.5399459248036607,1.0382934582974381,0.19999999999999984,0.2271301880110179,0.234059386246767,0.0
qwen2.5-7b-inst,alphaedit,2,3a77016737e2b0f4dfa9685598e7703e88fe37b911c923d52a9dd4187d20f892,5,0.931432494723791,0.8418540184185357,0.5718058400517588,0.42819415994824117,1.1480167059780815,0.23285812368094774,0.29864944256514253,0.2853146455189034,0.0
qwen2.5-7b-inst,alphaedit,2,3a77016737e2b0f4dfa9685598e7703e88fe37b911c923d52a9dd4187d20f892,6,0.8418540184185357,0.6570850902495212,0.8306064553656074,0.1693935446343926,0.8812801889719327,0.2806180061395117,0.33983313896770545,0.25183006723530826,0.0
qwen2.5-7b-inst,alphaedit,2,3a77016737e2b0f4dfa9685598e7703e88fe37b911c923d52a9dd4187d20f892,7,0.6570850902495212,0.38724111804554806,0.9002395432830366,0.09976045671696343,0.4239984310450322,0.3285425451247606,0.3269296978337297,0.14310538584677643,0.0
qwen2.5-7b-inst,alphaedit,2,3a77016737e2b0f4dfa9685598e7703e88fe37b911c923d52a9dd4187d20f892,8,0.38724111804554806,0.003142539046614792,1.0076977664780953,-0.00769776647809528,0.0025692137248922884,0.38724111804554806,0.39022327803989015,0.003142539046614792,NOT_APPLICABLE
qwen2.5-7b-inst,alphaedit,2,0cbdcd102101aa2847555821e9cb9856e3e26f89510271de286f5bf4667c4094,4,1.0,0.9567947054716925,0.4026168561462851,0.5973831438537149,1.3230536417985088,0.19999999999999982,0.2765914873548647,0.2903334331169485,0.0
qwen2.5-7b-inst,alphaedit,2,0cbdcd102101aa2847555821e9cb9856e3e26f89510271de286f5bf4667c4094,5,0.9567947054716925,0.8349986258406933,0.7068230485785674,0.29317695142143263,1.15792212185977,0.23919867636792314,0.3244985908033481,0.2857134185429194,0.0
qwen2.5-7b-inst,alphaedit,2,0cbdcd102101aa2847555821e9cb9856e3e26f89510271de286f5bf4667c4094,6,0.8349986258406933,0.6073132257645455,0.9329999351668855,0.06700006483311449,0.6989219746025783,0.278332875280231,0.32446747372304524,0.1954247514402108,0.0
qwen2.5-7b-inst,alphaedit,2,0cbdcd102101aa2847555821e9cb9856e3e26f89510271de286f5bf4667c4094,7,0.6073132257645455,0.3291872432677695,1.0015375062840648,-0.0015375062840647935,0.4222514145189699,0.30365661288227275,0.33004744898278787,0.12822028430792665,0.0
qwen2.5-7b-inst,alphaedit,2,0cbdcd102101aa2847555821e9cb9856e3e26f89510271de286f5bf4667c4094,8,0.3291872432677695,0.005031449450486136,1.0149181931652045,-0.014918193165204485,0.0033259958789933586,0.3291872432677695,0.3340999161576812,0.005031449450486136,NOT_APPLICABLE
qwen2.5-7b-inst,alphaedit,2,28380ae63c22bfe558c51b74c37ea0f21b0d2a56d51d9668b669a7da0368ae22,4,1.0,0.9445876686734671,0.6959311141031174,0.30406888589688263,1.944514751989235,0.19999999999999984,0.413059692358407,0.39362903897320983,0.0
qwen2.5-7b-inst,alphaedit,2,28380ae63c22bfe558c51b74c37ea0f21b0d2a56d51d9668b669a7da0368ae22,5,0.9445876686734671,0.9939898740884681,0.4182644953158706,0.5817355046841294,2.2110054391511302,0.23614691716836678,0.5313825260041103,0.539892035216407,0.0
qwen2.5-7b-inst,alphaedit,2,28380ae63c22bfe558c51b74c37ea0f21b0d2a56d51d9668b669a7da0368ae22,6,0.9939898740884681,0.7526714022420836,0.8417695239887607,0.1582304760112393,0.7088816104888778,0.3313299580294892,0.36462693569436966,0.24065369149731822,0.0
qwen2.5-7b-inst,alphaedit,2,28380ae63c22bfe558c51b74c37ea0f21b0d2a56d51d9668b669a7da0368ae22,7,0.7526714022420836,0.4358766023581267,0.9242121217629528,0.07578787823704725,0.4291106544078527,0.3763357011210418,0.3834755536684259,0.16398901315032985,0.0
qwen2.5-7b-inst,alphaedit,2,28380ae63c22bfe558c51b74c37ea0f21b0d2a56d51d9668b669a7da0368ae22,8,0.4358766023581267,0.0020890905511057913,1.0043603232826033,-0.004360323282603273,0.0019897181467920886,0.4358766023581267,0.4377780243220826,0.0020890905511057913,NOT_APPLICABLE
qwen2.5-7b-inst,alphaedit,2,5fb850b2455f7b7e5f6079f0dce941715ca198eff1276c7a4d63f6aaeb20d520,4,1.0,0.9211591279204532,0.5838753134655615,0.41612468653443846,1.3081269918323588,0.19999999999999993,0.286503515401461,0.27454369280708374,0.0
qwen2.5-7b-inst,alphaedit,2,5fb850b2455f7b7e5f6079f0dce941715ca198eff1276c7a4d63f6aaeb20d520,5,0.9211591279204532,0.780936525779492,0.7978413738849328,0.20215862611506719,1.1161381015193217,0.2302897819801133,0.3159518000422022,0.26121728165116126,0.0
qwen2.5-7b-inst,alphaedit,2,5fb850b2455f7b7e5f6079f0dce941715ca198eff1276c7a4d63f6aaeb20d520,6,0.780936525779492,0.5677838329840197,0.8724536240852943,0.12754637591470575,0.4806533386305235,0.2603121752598304,0.2592953568706046,0.1294502139257996,0.0
qwen2.5-7b-inst,alphaedit,2,5fb850b2455f7b7e5f6079f0dce941715ca198eff1276c7a4d63f6aaeb20d520,7,0.5677838329840197,0.30072323486346797,0.9768035175366913,0.023196482463308743,0.2741523953366964,0.28389191649200984,0.2880215568420697,0.07810774831431823,0.0
qwen2.5-7b-inst,alphaedit,2,5fb850b2455f7b7e5f6079f0dce941715ca198eff1276c7a4d63f6aaeb20d520,8,0.30072323486346797,0.006375850775347628,1.021154764391307,-0.021154764391307035,0.0014103222265025026,0.30072323486346797,0.30708525691873506,0.006375850775347628,NOT_APPLICABLE
qwen2.5-7b-inst,alphaedit,2,85a4eedb16a30908dfc36bf358b5d34dc472310148a017735bbdad65a96f977c,4,1.0,0.9473378885355351,0.6824373182547623,0.3175626817452377,1.948045011177874,0.19999999999999993,0.41282442073703696,0.3947518421698489,0.0
qwen2.5-7b-inst,alphaedit,2,85a4eedb16a30908dfc36bf358b5d34dc472310148a017735bbdad65a96f977c,5,0.9473378885355351,0.7595163509520354,1.0188285714573297,-0.018828571457329746,1.1820094390900961,0.23683447213388378,0.3695800209095546,0.2799760956933615,0.0
qwen2.5-7b-inst,alphaedit,2,85a4eedb16a30908dfc36bf358b5d34dc472310148a017735bbdad65a96f977c,6,0.7595163509520354,0.5133014914110209,1.0793766764394046,-0.0793766764394046,0.6495249060229358,0.2531721169840117,0.31893021319641035,0.1656649811666078,0.0
qwen2.5-7b-inst,alphaedit,2,85a4eedb16a30908dfc36bf358b5d34dc472310148a017735bbdad65a96f977c,7,0.5133014914110209,0.26058346860174286,1.0391310548868238,-0.03913105488682378,0.3280429350267556,0.25665074570551044,0.2796675395276999,0.0847893455323364,0.0
qwen2.5-7b-inst,alphaedit,2,85a4eedb16a30908dfc36bf358b5d34dc472310148a017735bbdad65a96f977c,8,0.26058346860174286,0.009192199534149726,1.0351849688812749,-0.03518496888127487,0.002524965412485318,0.26058346860174286,0.26975289226911264,0.009192199534149726,NOT_APPLICABLE
qwen2.5-7b-inst,alphaedit,2,cf6f2bb990d5607be73e905f76a5a18c2756098f9d34cb16b4de12fe91ac1d3d,4,1.0,0.8998277484614511,0.6509977067039476,0.34900229329605237,1.1525747157715043,0.2,0.2647433843985198,0.24085108064209854,0.0
qwen2.5-7b-inst,alphaedit,2,cf6f2bb990d5607be73e905f76a5a18c2756098f9d34cb16b4de12fe91ac1d3d,5,0.8998277484614511,0.7665363606552931,0.6637637862445115,0.3362362137554885,0.6931455850479786,0.22495693711536277,0.21589223626972956,0.17330528163863995,0.0
qwen2.5-7b-inst,alphaedit,2,cf6f2bb990d5607be73e905f76a5a18c2756098f9d34cb16b4de12fe91ac1d3d,6,0.7665363606552931,0.5546793548049463,0.8675718376355654,0.13242816236443455,0.40663818651960243,0.2555121202184308,0.24481681602537694,0.10927194210368164,0.0
qwen2.5-7b-inst,alphaedit,2,cf6f2bb990d5607be73e905f76a5a18c2756098f9d34cb16b4de12fe91ac1d3d,7,0.5546793548049463,0.2913576425226531,0.9821511810681111,0.017848818931888943,0.26005249365366584,0.2773396774024732,0.28177605337036216,0.07229255420138325,0.0
qwen2.5-7b-inst,alphaedit,2,cf6f2bb990d5607be73e905f76a5a18c2756098f9d34cb16b4de12fe91ac1d3d,8,0.2913576425226531,0.0013039727931159501,1.0037340825209757,-0.0037340825209757345,0.0024671398617939415,0.2913576425226531,0.292446479417671,0.0013039727931159501,NOT_APPLICABLE
qwen2.5-7b-inst,alphaedit,3,d62d3daaa98597827218b56a25f7ae3bb2b223eaaf78b7acf4945a97a6ef323f,4,1.0,0.9369791526774186,0.4664195143133447,0.5335804856866553,1.1810572778673754,0.19999999999999993,0.2539640491830121,0.25919910712107763,0.0
qwen2.5-7b-inst,alphaedit,3,d62d3daaa98597827218b56a25f7ae3bb2b223eaaf78b7acf4945a97a6ef323f,5,0.9369791526774186,0.8640198736667317,0.44635251033894446,0.5536474896610555,0.988368780382252,0.23424478816935465,0.25403449408918033,0.2653693017468506,0.0
qwen2.5-7b-inst,alphaedit,3,d62d3daaa98597827218b56a25f7ae3bb2b223eaaf78b7acf4945a97a6ef323f,6,0.8640198736667317,0.6883044172729004,0.7701742487036924,0.22982575129630756,0.8599161204003521,0.288006624555577,0.33247294473783623,0.25635430825019034,0.0
qwen2.5-7b-inst,alphaedit,3,d62d3daaa98597827218b56a25f7ae3bb2b223eaaf78b7acf4945a97a6ef323f,7,0.6883044172729004,0.4011491273972243,0.9756348970891563,0.024365102910843706,0.5561793642040271,0.3441522086364502,0.38649364661240465,0.19159394022856768,0.0
qwen2.5-7b-inst,alphaedit,3,d62d3daaa98597827218b56a25f7ae3bb2b223eaaf78b7acf4945a97a6ef323f,8,0.4011491273972243,0.002974954938710039,1.00683254115878,-0.006832541158779959,0.0028835148382409443,0.4011491273972243,0.40389165170908,0.002974954938710039,NOT_APPLICABLE
qwen2.5-7b-inst,alphaedit,3,c4c0883e808830f850159906afcefc21c16dcd760fd4acf68e0181ad9745b79a,4,1.0,0.8906239100782478,0.7195850660689673,0.2804149339310327,1.2281375018526453,0.19999999999999982,0.28468399257888255,0.2519487454724393,0.0
qwen2.5-7b-inst,alphaedit,3,c4c0883e808830f850159906afcefc21c16dcd760fd4acf68e0181ad9745b79a,5,0.8906239100782478,0.7502482110161954,0.7939170469087989,0.20608295309120106,1.0367408365568451,0.22265597751956195,0.29074606809628056,0.235352923590851,0.0
qwen2.5-7b-inst,alphaedit,3,c4c0883e808830f850159906afcefc21c16dcd760fd4acf68e0181ad9745b79a,6,0.7502482110161954,0.537884620503179,0.9554646795359111,0.04453532046408892,0.6677804194033726,0.2500827370053981,0.2915200469421567,0.16737133209672486,0.0
qwen2.5-7b-inst,alphaedit,3,c4c0883e808830f850159906afcefc21c16dcd760fd4acf68e0181ad9745b79a,7,0.537884620503179,0.27011604077700563,1.026718085535149,-0.026718085535148983,0.24793114879432168,0.2689423102515895,0.2840646904922077,0.06706523459496154,0.0
qwen2.5-7b-inst,alphaedit,3,c4c0883e808830f850159906afcefc21c16dcd760fd4acf68e0181ad9745b79a,8,0.27011604077700563,0.0017181344626573853,1.006217143465714,-0.006217143465713892,0.0013438669363948364,0.27011604077700563,0.2717956333595932,0.0017181344626573853,NOT_APPLICABLE
qwen2.5-7b-inst,alphaedit,3,2d7a05de733521918b9b3c10f95568ee42e8fa4bbeb9911964758f2e95f6e9e4,4,1.0,0.9116901753357946,0.5557105885602988,0.44428941143970124,1.013787957346234,0.19999999999999987,0.23122113058267643,0.22137381087903632,0.0
qwen2.5-7b-inst,alphaedit,3,2d7a05de733521918b9b3c10f95568ee42e8fa4bbeb9911964758f2e95f6e9e4,5,0.9116901753357946,0.8099000101722114,0.5506131406700787,0.4493868593299213,0.853453685170873,0.22792254383394864,0.2314910016313248,0.21983974056850586,0.0
qwen2.5-7b-inst,alphaedit,3,2d7a05de733521918b9b3c10f95568ee42e8fa4bbeb9911964758f2e95f6e9e4,6,0.8099000101722114,0.6469178414043011,0.7226684654651031,0.2773315345348969,0.7456248152186803,0.2699666700574036,0.2803244877039025,0.21476678257186604,0.0
qwen2.5-7b-inst,alphaedit,3,2d7a05de733521918b9b3c10f95568ee42e8fa4bbeb9911964758f2e95f6e9e4,7,0.6469178414043011,0.40428717673650744,0.9031695572681033,0.09683044273189667,0.5993171827615891,0.32345892070215054,0.35060564766535884,0.19636839700524863,0.0
qwen2.5-7b-inst,alphaedit,3,2d7a05de733521918b9b3c10f95568ee42e8fa4bbeb9911964758f2e95f6e9e4,8,0.40428717673650744,0.009914689640932551,0.9756493604955687,0.024350639504431282,0.0029098070734554873,0.40428717673650744,0.39444427969820145,0.009914689640932551,NOT_APPLICABLE
qwen2.5-7b-inst,alphaedit,3,7ad81b264c5bf8e0448ecd9bcdb6f342989288fde3543b7704f2c1ec659b7185,4,1.0,0.8765362367679198,0.730806901484221,0.269193098515779,0.9909009268170588,0.20000000000000012,0.24624892885240116,0.20536305130723323,0.0
qwen2.5-7b-inst,alphaedit,3,7ad81b264c5bf8e0448ecd9bcdb6f342989288fde3543b7704f2c1ec659b7185,5,0.8765362367679198,0.779031107720919,0.5574633367636979,0.44253666323630214,0.8872854364278979,0.21913405919197995,0.22962497700184273,0.21727604919245216,0.0
qwen2.5-7b-inst,alphaedit,3,7ad81b264c5bf8e0448ecd9bcdb6f342989288fde3543b7704f2c1ec659b7185,6,0.779031107720919,0.6310549094913568,0.6720958673157649,0.32790413268423513,0.697499540505796,0.2596770359069732,0.25152753400777283,0.2001412181907394,0.0
qwen2.5-7b-inst,alphaedit,3,7ad81b264c5bf8e0448ecd9bcdb6f342989288fde3543b7704f2c1ec659b7185,7,0.6310549094913568,0.39686360052647646,0.8650048269179331,0.13499517308206688,0.5420261319968254,0.3155274547456784,0.32208934988716215,0.17624857068498592,0.0
qwen2.5-7b-inst,alphaedit,3,7ad81b264c5bf8e0448ecd9bcdb6f342989288fde3543b7704f2c1ec659b7185,8,0.39686360052647646,0.010961121038962464,1.0265333267877543,-0.02653332678775433,0.007668894859440406,0.39686360052647646,0.40740508048702745,0.010961121038962464,NOT_APPLICABLE
qwen2.5-7b-inst,alphaedit,3,b11185489a6e191b8145c5e43c46e1ac11afecedbb8858886ba16fb0915c52d5,4,1.0,0.9036665543828085,0.767328562574917,0.232671437425083,1.5810830277244632,0.19999999999999973,0.35148921255148824,0.31962224818380836,0.0
qwen2.5-7b-inst,alphaedit,3,b11185489a6e191b8145c5e43c46e1ac11afecedbb8858886ba16fb0915c52d5,5,0.9036665543828085,0.7163472186773392,0.9879105806161672,0.012089419383832789,0.9907529853486484,0.22591663859570213,0.3160862650863015,0.22384424691222818,0.0
qwen2.5-7b-inst,alphaedit,3,b11185489a6e191b8145c5e43c46e1ac11afecedbb8858886ba16fb0915c52d5,6,0.7163472186773392,0.4971943362099444,0.9847761051864986,0.015223894813501393,0.523886983872477,0.23878240622577976,0.2663512100580069,0.12514780197848382,0.0
qwen2.5-7b-inst,alphaedit,3,b11185489a6e191b8145c5e43c46e1ac11afecedbb8858886ba16fb0915c52d5,7,0.4971943362099444,0.24954560241930068,1.037375813816353,-0.03737581381635291,0.28460414979828946,0.2485971681049722,0.2674180087176027,0.07135928493782669,0.0
qwen2.5-7b-inst,alphaedit,3,b11185489a6e191b8145c5e43c46e1ac11afecedbb8858886ba16fb0915c52d5,8,0.24954560241930068,0.008191343482469195,1.0326670163672276,-0.032667016367227575,0.003216994904918863,0.24954560241930068,0.2576987631276925,0.008191343482469195,NOT_APPLICABLE
qwen2.5-7b-inst,alphaedit,3,472026d0a81e0abea282876d5064eede5f410d0102c44d94d070ebf92420c771,4,1.0,0.9069291960024618,0.6538512053674808,0.34614879463251924,1.2938333814506726,0.19999999999999998,0.2899328348232799,0.267867415486216,0.0
qwen2.5-7b-inst,alphaedit,3,472026d0a81e0abea282876d5064eede5f410d0102c44d94d070ebf92420c771,5,0.9069291960024618,0.81259193855643,0.5727566496806928,0.42724335031930716,1.0481095165013259,0.22673229900061545,0.2708083345170326,0.2566255520292703,0.0
qwen2.5-7b-inst,alphaedit,3,472026d0a81e0abea282876d5064eede5f410d0102c44d94d070ebf92420c771,6,0.81259193855643,0.6105148385933535,0.85754285838867,0.14245714161133005,0.7001315410910951,0.2708639795188099,0.2998604855546769,0.19352624053966172,0.0
qwen2.5-7b-inst,alphaedit,3,472026d0a81e0abea282876d5064eede5f410d0102c44d94d070ebf92420c771,7,0.6105148385933535,0.33035496128763125,0.9946198435136132,0.005380156486386789,0.40050685727087676,0.30525741929667677,0.3273057645380372,0.12226872019418375,0.0
qwen2.5-7b-inst,alphaedit,3,472026d0a81e0abea282876d5064eede5f410d0102c44d94d070ebf92420c771,8,0.33035496128763125,0.007982613760519824,1.0239064436028318,-0.023906443602831784,0.0035169065246774727,0.33035496128763125,0.3382545688511079,0.007982613760519824,NOT_APPLICABLE
qwen2.5-7b-inst,alphaedit,3,34da1f2e8dc9670ec41d7784fa8d025678bc1009ebfcc9577823787902857e92,4,1.0,0.9239364071813727,0.5919473803291838,0.4080526196708162,1.3822207548339873,0.1999999999999998,0.3007281773410942,0.28823887007230975,0.0
qwen2.5-7b-inst,alphaedit,3,34da1f2e8dc9670ec41d7784fa8d025678bc1009ebfcc9577823787902857e92,5,0.9239364071813727,0.788731058328472,0.7020274803383838,0.2979725196616162,0.8850125521767463,0.23098410179534318,0.2609292151783349,0.21569943497044736,0.0
qwen2.5-7b-inst,alphaedit,3,34da1f2e8dc9670ec41d7784fa8d025678bc1009ebfcc9577823787902857e92,6,0.788731058328472,0.5724317876333949,0.8881505764875329,0.11184942351246707,0.5297913560904606,0.2629103527761572,0.27189180539502544,0.1423579263614503,0.0
qwen2.5-7b-inst,alphaedit,3,34da1f2e8dc9670ec41d7784fa8d025678bc1009ebfcc9577823787902857e92,7,0.5724317876333949,0.3075631398802412,0.9792035162533934,0.020796483746606587,0.33571745812114057,0.28621589381669743,0.29627779474902777,0.09627185707089578,0.0
qwen2.5-7b-inst,alphaedit,3,34da1f2e8dc9670ec41d7784fa8d025678bc1009ebfcc9577823787902857e92,8,0.3075631398802412,0.0015310113715372973,1.0048591523278203,-0.004859152327820304,0.0010806917087628183,0.3075631398802412,0.3090578147594638,0.0015310113715372973,NOT_APPLICABLE
qwen2.5-7b-inst,alphaedit,3,9a6dd76f564eabe6d772c906c071d9d837193dc7543a04dc4a666f2c4bfaf5fc,4,1.0,0.9136634908003014,0.6045937455273098,0.3954062544726902,1.244961131392141,0.1999999999999998,0.2768004202170176,0.2612488717490139,0.0
qwen2.5-7b-inst,alphaedit,3,9a6dd76f564eabe6d772c906c071d9d837193dc7543a04dc4a666f2c4bfaf5fc,5,0.9136634908003014,0.7744954783130957,0.7571355182679766,0.24286448173202335,0.9903777097934873,0.22841587270007535,0.284751530918505,0.23292048975599158,0.0
qwen2.5-7b-inst,alphaedit,3,9a6dd76f564eabe6d772c906c071d9d837193dc7543a04dc4a666f2c4bfaf5fc,6,0.7744954783130957,0.5607081422784719,0.9215020486309063,0.07849795136909365,0.6300658397303547,0.25816515943769847,0.2881924615188687,0.1639185908563874,0.0
qwen2.5-7b-inst,alphaedit,3,9a6dd76f564eabe6d772c906c071d9d837193dc7543a04dc4a666f2c4bfaf5fc,7,0.5607081422784719,0.29284853718160886,0.9990254046012705,0.0009745953987294609,0.29861266981050993,0.28035407113923594,0.2923249205134066,0.08371772355329019,0.0
qwen2.5-7b-inst,alphaedit,3,9a6dd76f564eabe6d772c906c071d9d837193dc7543a04dc4a666f2c4bfaf5fc,8,0.29284853718160886,0.0014233282489831875,1.004672999656228,-0.004672999656228027,0.001336216393425848,0.29284853718160886,0.29421727851581986,0.0014233282489831875,NOT_APPLICABLE
qwen2.5-7b-inst,alphaedit,3,c36d70eb53ba78389390e289afb5dd9f925d5772a413bd1a75bd67a4b4a12428,4,1.0,0.9645381247195005,0.43132144477243023,0.5686785552275697,1.544513227505338,0.2000000000000002,0.32072164246645596,0.32917572262332323,0.0
qwen2.5-7b-inst,alphaedit,3,c36d70eb53ba78389390e289afb5dd9f925d5772a413bd1a75bd67a4b4a12428,5,0.9645381247195005,0.9422152747779667,0.3128590000072775,0.6871409999927225,1.2934323279956264,0.24113453117987513,0.3208854627827034,0.3531719549924205,0.0
qwen2.5-7b-inst,alphaedit,3,c36d70eb53ba78389390e289afb5dd9f925d5772a413bd1a75bd67a4b4a12428,6,0.9422152747779667,0.7702965940355612,0.7672946938867601,0.23270530611323992,1.0150563373335242,0.31407175825932215,0.3996346248303691,0.3270708860439855,0.0
qwen2.5-7b-inst,alphaedit,3,c36d70eb53ba78389390e289afb5dd9f925d5772a413bd1a75bd67a4b4a12428,7,0.7702965940355612,0.4648832447405912,0.9923805825540568,0.0076194174459431885,0.6645374993462385,0.3851482970177806,0.45999499753907225,0.255962309344676,0.0
qwen2.5-7b-inst,alphaedit,3,c36d70eb53ba78389390e289afb5dd9f925d5772a413bd1a75bd67a4b4a12428,8,0.4648832447405912,0.00805920895202024,1.0168645417680682,-0.016864541768068175,0.0040154210811682136,0.4648832447405912,0.4727269732650301,0.00805920895202024,NOT_APPLICABLE
qwen2.5-7b-inst,alphaedit,3,63e9e046e3468bc2aaa15480bfe629a10c7ed43491d17ef3a0eceed9d49c6365,4,1.0,0.930126890747871,0.6490053028046421,0.3509946971953579,1.6423294332396947,0.20000000000000015,0.3531828903191068,0.33588350627827385,0.0
qwen2.5-7b-inst,alphaedit,3,63e9e046e3468bc2aaa15480bfe629a10c7ed43491d17ef3a0eceed9d49c6365,5,0.930126890747871,0.8318529993302525,0.5878680105358013,0.4121319894641987,1.0746915284141867,0.23253172268696776,0.28484430633602537,0.26764539244197044,0.0
qwen2.5-7b-inst,alphaedit,3,63e9e046e3468bc2aaa15480bfe629a10c7ed43491d17ef3a0eceed9d49c6365,6,0.8318529993302525,0.6470178865111225,0.7384679473561582,0.26153205264384183,0.5746933892711108,0.2772843331100839,0.25946575344167444,0.17507854575742823,0.0
qwen2.5-7b-inst,alphaedit,3,63e9e046e3468bc2aaa15480bfe629a10c7ed43491d17ef3a0eceed9d49c6365,7,0.6470178865111225,0.36597663422587734,0.9318880977716227,0.06811190222837726,0.3727109831292554,0.32350894325556123,0.32469226205395146,0.12257220138423304,0.0
qwen2.5-7b-inst,alphaedit,3,63e9e046e3468bc2aaa15480bfe629a10c7ed43491d17ef3a0eceed9d49c6365,8,0.36597663422587734,0.012957681226469599,1.03523391494599,-0.03523391494598993,0.003484127777821465,0.36597663422587734,0.37887356954219054,0.012957681226469599,NOT_APPLICABLE
qwen2.5-7b-inst,alphaedit,4,94bd4b37a5d07ad36fd1f8d54bbc8b2908a74560edcbbcfa2e8cd869eebaf856,4,1.0,0.9012569942704839,0.7581026043869928,0.24189739561300716,1.5208256731553014,0.19999999999999987,0.3398605765255282,0.3079886412277329,0.0
qwen2.5-7b-inst,alphaedit,4,94bd4b37a5d07ad36fd1f8d54bbc8b2908a74560edcbbcfa2e8cd869eebaf856,5,0.9012569942704839,0.7801029713864885,0.7444958082514476,0.25550419174855243,1.1786158553014268,0.22531424856762097,0.3141020710211864,0.2717272767566426,0.0
qwen2.5-7b-inst,alphaedit,4,94bd4b37a5d07ad36fd1f8d54bbc8b2908a74560edcbbcfa2e8cd869eebaf856,6,0.7801029713864885,0.5504152987596945,1.040458586780837,-0.040458586780836914,0.8003916854007831,0.260034323795496,0.3413470202851153,0.20839504177810406,0.0
qwen2.5-7b-inst,alphaedit,4,94bd4b37a5d07ad36fd1f8d54bbc8b2908a74560edcbbcfa2e8cd869eebaf856,7,0.5504152987596945,0.30137879793659444,0.9693928878695991,0.030607112130400904,0.3702488960311939,0.27520764937984726,0.28558105844415116,0.10224289763457073,0.0
qwen2.5-7b-inst,alphaedit,4,94bd4b37a5d07ad36fd1f8d54bbc8b2908a74560edcbbcfa2e8cd869eebaf856,8,0.30137879793659444,0.014852516836827739,1.0491165378767053,-0.049116537876705335,0.004033659803241562,0.30137879793659444,0.3161838180655333,0.014852516836827739,NOT_APPLICABLE
qwen2.5-7b-inst,alphaedit,4,53a3ee42de862f325a85838efdb208f2f0d6da19694bc8ccc8241fd530598eea,4,1.0,0.9272075669808096,0.6396552596637898,0.3603447403362102,1.5748779483135058,0.19999999999999984,0.3399646689466242,0.32311539016098406,0.0
qwen2.5-7b-inst,alphaedit,4,53a3ee42de862f325a85838efdb208f2f0d6da19694bc8ccc8241fd530598eea,5,0.9272075669808096,0.8276041351886815,0.6355064337991461,0.36449356620085394,1.1946890170261446,0.2318018917452024,0.31367432289046826,0.289533220418631,0.0
qwen2.5-7b-inst,alphaedit,4,53a3ee42de862f325a85838efdb208f2f0d6da19694bc8ccc8241fd530598eea,6,0.8276041351886815,0.6209910336502938,0.8987936863699406,0.10120631363005939,0.8075456087184286,0.2758680450628938,0.33332806097589374,0.2245187346459258,0.0
qwen2.5-7b-inst,alphaedit,4,53a3ee42de862f325a85838efdb208f2f0d6da19694bc8ccc8241fd530598eea,7,0.6209910336502938,0.35881572861473193,0.9496464782673348,0.05035352173266516,0.4818939293299172,0.3104955168251469,0.3306522423483222,0.1504405206954971,0.0
qwen2.5-7b-inst,alphaedit,4,53a3ee42de862f325a85838efdb208f2f0d6da19694bc8ccc8241fd530598eea,8,0.35881572861473193,0.003956832165806143,1.0102883503978286,-0.010288350397828605,0.003969268611602575,0.35881572861473193,0.36251014835104245,0.003956832165806143,NOT_APPLICABLE
qwen2.5-7b-inst,alphaedit,4,569f1a97c3971140f8e826932006d0d697bae8da7872d2105db2e6eab60839d6,4,1.0,0.9407903497898481,0.559606402304767,0.440393597695233,1.552438969489555,0.1999999999999999,0.33004400188400795,0.3227391067026579,0.0
qwen2.5-7b-inst,alphaedit,4,569f1a97c3971140f8e826932006d0d697bae8da7872d2105db2e6eab60839d6,5,0.9407903497898481,0.8570495172767953,0.4947631027503774,0.5052368972496226,0.9958540067301124,0.23519758744746203,0.26153672760972424,0.2626420534860706,0.0
qwen2.5-7b-inst,alphaedit,4,569f1a97c3971140f8e826932006d0d697bae8da7872d2105db2e6eab60839d6,6,0.8570495172767953,0.6056804752683885,0.9293253757844188,0.07067462421558124,0.45517443600239366,0.2856831724255983,0.29562748412602824,0.1315938281478107,0.0
qwen2.5-7b-inst,alphaedit,4,569f1a97c3971140f8e826932006d0d697bae8da7872d2105db2e6eab60839d6,7,0.6056804752683885,0.3214474907739683,0.9659460550471488,0.03405394495285119,0.23956744880160094,0.30284023763419426,0.30138984585662254,0.07327997492387996,0.0
qwen2.5-7b-inst,alphaedit,4,569f1a97c3971140f8e826932006d0d697bae8da7872d2105db2e6eab60839d6,8,0.3214474907739683,0.0010019777619396082,0.9971395682502154,0.0028604317497845644,0.0012385968462106307,0.3214474907739683,0.32052825944255126,0.0010019777619396082,NOT_APPLICABLE
qwen2.5-7b-inst,alphaedit,4,93140396d3eb2d8f451a94d46170ab2af2e1f02d91529583cd73ad449bfb207e,4,1.0,0.929443003252506,0.5067559641033691,0.4932440358966309,1.1863243406654502,0.19999999999999984,0.2580051974987824,0.25695564755053807,0.0
qwen2.5-7b-inst,alphaedit,4,93140396d3eb2d8f451a94d46170ab2af2e1f02d91529583cd73ad449bfb207e,5,0.929443003252506,0.8308933187124956,0.6445531533576532,0.3554468466423468,1.236069694739383,0.2323607508131265,0.323917642173215,0.2988533928170098,0.0
qwen2.5-7b-inst,alphaedit,4,93140396d3eb2d8f451a94d46170ab2af2e1f02d91529583cd73ad449bfb207e,6,0.8308933187124956,0.6160596446385435,0.8905804151738185,0.10941958482618153,0.7056785718999233,0.2769644395708317,0.31470714056950416,0.19778342505741583,0.0
qwen2.5-7b-inst,alphaedit,4,93140396d3eb2d8f451a94d46170ab2af2e1f02d91529583cd73ad449bfb207e,7,0.6160596446385435,0.34587167056470797,0.9568546819105438,0.04314531808945621,0.4155030343974895,0.30802982231927173,0.32132894689417063,0.12867548666170767,0.0
qwen2.5-7b-inst,alphaedit,4,93140396d3eb2d8f451a94d46170ab2af2e1f02d91529583cd73ad449bfb207e,8,0.34587167056470797,0.0037280761004459396,1.0105247099446355,-0.010524709944635502,0.0023265144679316756,0.34587167056470797,0.34951279586978173,0.0037280761004459396,NOT_APPLICABLE
qwen2.5-7b-inst,alphaedit,4,e558da6313163140b0e184e8308f584bc1635823d3d2f9b3340fe9126e729a14,4,1.0,0.9148027080439123,0.5571852068293913,0.4428147931706087,1.0876564621682159,0.19999999999999984,0.24441374220004786,0.23486860332935144,0.0
qwen2.5-7b-inst,alphaedit,4,e558da6313163140b0e184e8308f584bc1635823d3d2f9b3340fe9126e729a14,5,0.9148027080439123,0.7759610850887463,0.6905406418782345,0.3094593581217655,0.7478803831219674,0.22870067701097807,0.23280015236446802,0.1851049313305212,0.0
qwen2.5-7b-inst,alphaedit,4,e558da6313163140b0e184e8308f584bc1635823d3d2f9b3340fe9126e729a14,6,0.7759610850887463,0.5542230096385696,0.898236658993782,0.10176334100621798,0.4169522814740538,0.2586536950295819,0.2561426921830877,0.11101185854928379,0.0
qwen2.5-7b-inst,alphaedit,4,e558da6313163140b0e184e8308f584bc1635823d3d2f9b3340fe9126e729a14,7,0.5542230096385696,0.29543560719705947,0.970449031517411,0.02955096848258898,0.276853968891879,0.2771115048192848,0.2796519794321838,0.07715521820919466,0.0
qwen2.5-7b-inst,alphaedit,4,e558da6313163140b0e184e8308f584bc1635823d3d2f9b3340fe9126e729a14,8,0.29543560719705947,0.004532257052975448,1.0151822675121203,-0.015182267512120262,0.002200657884061052,0.29543560719705947,0.29992169430044546,0.004532257052975448,NOT_APPLICABLE
qwen2.5-7b-inst,alphaedit,4,7412f9b677bdd6da6ceaf7b352a8013e66884fca96673ccdef4c91ded318ed24,4,1.0,0.9320631953062919,0.4952115054035642,0.5047884945964358,1.193911897949736,0.1999999999999998,0.258508031221469,0.2592479156593453,0.0
qwen2.5-7b-inst,alphaedit,4,7412f9b677bdd6da6ceaf7b352a8013e66884fca96673ccdef4c91ded318ed24,5,0.9320631953062919,0.8295646195168762,0.6929475312458458,0.30705246875415415,1.3182833639647575,0.23301579882657297,0.3470329965941059,0.3154032379732345,0.0
qwen2.5-7b-inst,alphaedit,4,7412f9b677bdd6da6ceaf7b352a8013e66884fca96673ccdef4c91ded318ed24,6,0.8295646195168762,0.6327093940108875,0.8278233517064499,0.17217664829355006,0.7190673193803013,0.27652153983895844,0.303210541577544,0.20445820302094975,0.0
qwen2.5-7b-inst,alphaedit,4,7412f9b677bdd6da6ceaf7b352a8013e66884fca96673ccdef4c91ded318ed24,7,0.6327093940108875,0.3532061151575629,0.9549924879719273,0.04500751202807274,0.3930699595482116,0.3163546970054438,0.3267064425193399,0.12516203644382032,0.0
qwen2.5-7b-inst,alphaedit,4,7412f9b677bdd6da6ceaf7b352a8013e66884fca96673ccdef4c91ded318ed24,8,0.3532061151575629,0.004412895537305709,1.0121773192981056,-0.012177319298105616,0.0027943815313816144,0.3532061151575629,0.3575085812235932,0.004412895537305709,NOT_APPLICABLE
qwen2.5-7b-inst,alphaedit,4,23c1238dd9069718d334ae7f722280560776c5e930ea2fdbe0f4b20ca542081e,4,1.0,0.9285645588153081,0.45401031086914556,0.5459896891308544,0.9432821653739948,0.19999999999999984,0.2093711160488138,0.21798036463405196,0.0
qwen2.5-7b-inst,alphaedit,4,23c1238dd9069718d334ae7f722280560776c5e930ea2fdbe0f4b20ca542081e,5,0.9285645588153081,0.7986721816925377,0.6594737898824826,0.3405262101175174,0.8231925541252326,0.23214113970382702,0.24485682029875686,0.20680167808438524,0.0
qwen2.5-7b-inst,alphaedit,4,23c1238dd9069718d334ae7f722280560776c5e930ea2fdbe0f4b20ca542081e,6,0.7986721816925377,0.5709458375523738,0.9136589549504647,0.08634104504953533,0.4965056606692693,0.26622406056417897,0.2768334138256828,0.13416547606030807,0.0
qwen2.5-7b-inst,alphaedit,4,23c1238dd9069718d334ae7f722280560776c5e930ea2fdbe0f4b20ca542081e,7,0.5709458375523738,0.30213449434376183,0.9814537689107193,0.018546231089280663,0.28757549914031294,0.2854729187761869,0.29195816144947917,0.08226556387739116,0.0
qwen2.5-7b-inst,alphaedit,4,23c1238dd9069718d334ae7f722280560776c5e930ea2fdbe0f4b20ca542081e,8,0.30213449434376183,0.0016887571545344479,1.005337439389525,-0.005337439389524912,0.0016593305150570932,0.30213449434376183,0.30374753263142734,0.0016887571545344479,NOT_APPLICABLE
qwen2.5-7b-inst,alphaedit,4,35bf1daae2dea57e75a545d92be2a5b950f31eba85989d792f9f262e54660b84,4,1.0,0.931994031032188,0.46133775695455154,0.5386622430454484,1.0563460089120127,0.19999999999999973,0.2305384494210188,0.23715175754162884,0.0
qwen2.5-7b-inst,alphaedit,4,35bf1daae2dea57e75a545d92be2a5b950f31eba85989d792f9f262e54660b84,5,0.931994031032188,0.7757369054330331,0.7908954049018273,0.2091045950981727,0.8867435390606111,0.232998507758047,0.2768498471485508,0.21227670894355505,0.0
qwen2.5-7b-inst,alphaedit,4,35bf1daae2dea57e75a545d92be2a5b950f31eba85989d792f9f262e54660b84,6,0.7757369054330331,0.5148658668450892,1.0619344683758611,-0.06193446837586114,0.45664446033214356,0.2585789684776775,0.298905317784724,0.1191597544031271,0.0
qwen2.5-7b-inst,alphaedit,4,35bf1daae2dea57e75a545d92be2a5b950f31eba85989d792f9f262e54660b84,7,0.5148658668450892,0.245496401512038,1.0998515767043024,-0.09985157670430245,0.31487725269564704,0.2574329334225446,0.2945128590979378,0.08503786482599697,0.0
qwen2.5-7b-inst,alphaedit,4,35bf1daae2dea57e75a545d92be2a5b950f31eba85989d792f9f262e54660b84,8,0.245496401512038,0.0038887054189841886,1.0156840827899305,-0.015684082789930498,0.0022182472851976147,0.245496401512038,0.24934738206778867,0.0038887054189841886,NOT_APPLICABLE
qwen2.5-7b-inst,alphaedit,4,82e5ab0c97a6d3bf7b7c62e0fd42a5e8a875b906ce593c077f599ad5435d28ea,4,1.0,0.9198321141976029,0.6789229135222974,0.3210770864777026,1.5749827841751696,0.20000000000000018,0.3430164481743563,0.321475427733392,0.0
qwen2.5-7b-inst,alphaedit,4,82e5ab0c97a6d3bf7b7c62e0fd42a5e8a875b906ce593c077f599ad5435d28ea,5,0.9198321141976029,0.8481411313489255,0.4635469343529648,0.5364530656470352,1.0472046108810742,0.22995802854940073,0.2633509681287707,0.27057172671816343,0.0
qwen2.5-7b-inst,alphaedit,4,82e5ab0c97a6d3bf7b7c62e0fd42a5e8a875b906ce593c077f599ad5435d28ea,6,0.8481411313489255,0.6598196058757455,0.8126654621441298,0.18733453785587018,0.8139772957758343,0.2827137104496419,0.32518027789553594,0.23613843828373002,0.0
qwen2.5-7b-inst,alphaedit,4,82e5ab0c97a6d3bf7b7c62e0fd42a5e8a875b906ce593c077f599ad5435d28ea,7,0.6598196058757455,0.4275487822673918,0.8803666292696518,0.11963337073034819,0.6526289840362995,0.32990980293787275,0.36154411648166374,0.2188962690771872,0.0
qwen2.5-7b-inst,alphaedit,4,82e5ab0c97a6d3bf7b7c62e0fd42a5e8a875b906ce593c077f599ad5435d28ea,8,0.4275487822673918,0.013243100362357646,1.028459269049414,-0.028459269049414093,0.012226540569484396,0.4275487822673918,0.43974757946523185,0.013243100362357646,NOT_APPLICABLE
qwen2.5-7b-inst,alphaedit,4,eca5f60936dfc2d99bd2d8d8059966c1e2abd050a28822126da716e6255c6720,4,1.0,0.9191114583079594,0.5823198586485194,0.41768014135148057,1.2661946882424255,0.19999999999999993,0.2787361050391397,0.26666125995447654,0.0
qwen2.5-7b-inst,alphaedit,4,eca5f60936dfc2d99bd2d8d8059966c1e2abd050a28822126da716e6255c6720,5,0.9191114583079594,0.8072275833121426,0.6153968097406611,0.38460319025933887,0.9413707892742635,0.22977786457698984,0.25842525034189767,0.23366257547371772,0.0
qwen2.5-7b-inst,alphaedit,4,eca5f60936dfc2d99bd2d8d8059966c1e2abd050a28822126da716e6255c6720,6,0.8072275833121426,0.5817438024575035,0.9479371558498625,0.05206284415013751,0.6806694210389094,0.2690758611040475,0.3140123037228598,0.1836866818825679,0.0
qwen2.5-7b-inst,alphaedit,4,eca5f60936dfc2d99bd2d8d8059966c1e2abd050a28822126da716e6255c6720,7,0.5817438024575035,0.3106530528350789,1.008742409042674,-0.008742409042673982,0.3975500776804605,0.29087190122875173,0.31537909959588484,0.11566410387152959,0.0
qwen2.5-7b-inst,alphaedit,4,eca5f60936dfc2d99bd2d8d8059966c1e2abd050a28822126da716e6255c6720,8,0.3106530528350789,0.0026672855336685643,1.0083239922829772,-0.0083239922829772,0.0021051286879112366,0.3106530528350789,0.31323960910625875,0.0026672855336685643,NOT_APPLICABLE
qwen2.5-7b-inst,alphaedit,5,c26d9f7b75c14056267c2567ba556e5b76ebfdac6a2231a6d3f1fc8bfa91ec2d,4,1.0,0.9374261262163572,0.725269082451789,0.274730917548211,1.922464339170586,0.19999999999999973,0.410944491499426,0.38839908405862483,0.0
qwen2.5-7b-inst,alphaedit,5,c26d9f7b75c14056267c2567ba556e5b76ebfdac6a2231a6d3f1fc8bfa91ec2d,5,0.9374261262163572,0.8064359156892471,0.8386973469475149,0.16130265305248515,1.359076776166838,0.2343565315540893,0.3742742723554039,0.32074396813124295,0.0
qwen2.5-7b-inst,alphaedit,5,c26d9f7b75c14056267c2567ba556e5b76ebfdac6a2231a6d3f1fc8bfa91ec2d,6,0.8064359156892471,0.6214694065155721,0.8001257699104741,0.19987423008952587,0.7109759025249469,0.2688119718964155,0.28772777369847724,0.198527503838256,0.0
qwen2.5-7b-inst,alphaedit,5,c26d9f7b75c14056267c2567ba556e5b76ebfdac6a2231a6d3f1fc8bfa91ec2d,7,0.6214694065155721,0.3530642640954254,0.9944461686430442,0.005553831356955752,0.5290243266943645,0.31073470325778607,0.3500133574300086,0.16439527569742243,0.0
qwen2.5-7b-inst,alphaedit,5,c26d9f7b75c14056267c2567ba556e5b76ebfdac6a2231a6d3f1fc8bfa91ec2d,8,0.3530642640954254,0.01520686694464885,1.0428239486008284,-0.04282394860082839,0.004607521780558263,0.3530642640954254,0.36818746372383165,0.01520686694464885,NOT_APPLICABLE
qwen2.5-7b-inst,alphaedit,5,a61a8732e7087bac9df081e4cfb0319a07f61ccb3987494c7f24ded194e18d42,4,1.0,0.9338720493228625,0.511043008661322,0.488956991338678,1.2853755258964887,0.19999999999999982,0.2766481663973418,0.27504684560653614,0.0
qwen2.5-7b-inst,alphaedit,5,a61a8732e7087bac9df081e4cfb0319a07f61ccb3987494c7f24ded194e18d42,5,0.9338720493228625,0.8488231396564807,0.5937553242633058,0.4062446757366942,1.2711885420588744,0.23346801233071562,0.32756033843087107,0.3115687303691051,0.0
qwen2.5-7b-inst,alphaedit,5,a61a8732e7087bac9df081e4cfb0319a07f61ccb3987494c7f24ded194e18d42,6,0.8488231396564807,0.6303065391138044,0.9274522364514535,0.07254776354854653,0.8168070058227795,0.2829410465521601,0.3496745368862091,0.23201801783381867,0.0
qwen2.5-7b-inst,alphaedit,5,a61a8732e7087bac9df081e4cfb0319a07f61ccb3987494c7f24ded194e18d42,7,0.6303065391138044,0.36950853439126596,0.9391313088728798,0.060868691127120234,0.49924876365889465,0.3151532695569022,0.33519286669078124,0.15850496560605706,0.0
qwen2.5-7b-inst,alphaedit,5,a61a8732e7087bac9df081e4cfb0319a07f61ccb3987494c7f24ded194e18d42,8,0.36950853439126596,0.0014648581597445818,1.0000780407282126,-7.804072821260277e-05,0.0039635736685144024,0.36950853439126596,0.3695402733425405,0.0014648581597445818,NOT_APPLICABLE
qwen2.5-7b-inst,alphaedit,5,c95165b3bb5e2754faaa370e60fd0e96d24767b8eda1af67c1f801d7f4671c79,4,1.0,0.9239268739630049,0.5292812671671534,0.4707187328328466,1.1634843027190935,0.19999999999999996,0.2556430622917663,0.2510196684017804,0.0
qwen2.5-7b-inst,alphaedit,5,c95165b3bb5e2754faaa370e60fd0e96d24767b8eda1af67c1f801d7f4671c79,5,0.9239268739630049,0.8491183658587493,0.47781888064564915,0.5221811193543509,1.0526905201395125,0.23098171849075122,0.2670280751552824,0.2714237124307453,0.0
qwen2.5-7b-inst,alphaedit,5,c95165b3bb5e2754faaa370e60fd0e96d24767b8eda1af67c1f801d7f4671c79,6,0.8491183658587493,0.7155584757537459,0.6821469699941963,0.31785303000580367,1.009436370607933,0.28303945528624963,0.3448306140865671,0.29953977896835937,0.0
qwen2.5-7b-inst,alphaedit,5,c95165b3bb5e2754faaa370e60fd0e96d24767b8eda1af67c1f801d7f4671c79,7,0.7155584757537459,0.43176883638217994,0.9550342736064975,0.04496572639350249,0.6036709526466039,0.35777923787687294,0.4042286482024199,0.21657927184620634,0.0
qwen2.5-7b-inst,alphaedit,5,c95165b3bb5e2754faaa370e60fd0e96d24767b8eda1af67c1f801d7f4671c79,8,0.43176883638217994,0.008268846326041655,1.0184364308621505,-0.01843643086215052,0.005182903179535196,0.43176883638217994,0.4397348068567992,0.008268846326041655,NOT_APPLICABLE
qwen2.5-7b-inst,alphaedit,5,b60dce4b4fb7c58f26743b14e89bf6f65fd42fa8a116dc3a52707814fd0496fe,4,1.0,0.932910469129383,0.43256997569902467,0.5674300243009753,0.9469063091954398,0.1999999999999998,0.208206468897619,0.2207811940245213,0.0
qwen2.5-7b-inst,alphaedit,5,b60dce4b4fb7c58f26743b14e89bf6f65fd42fa8a116dc3a52707814fd0496fe,5,0.932910469129383,0.859264808646771,0.4294965771814194,0.5705034228185806,0.9083367888659887,0.23322761728234576,0.234337824172846,0.2501685438532192,0.0
qwen2.5-7b-inst,alphaedit,5,b60dce4b4fb7c58f26743b14e89bf6f65fd42fa8a116dc3a52707814fd0496fe,6,0.859264808646771,0.6593922588425833,0.7992319643276207,0.20076803567237933,0.6757391787120941,0.2864216028822568,0.29977208027900837,0.20190818347728126,0.0
qwen2.5-7b-inst,alphaedit,5,b60dce4b4fb7c58f26743b14e89bf6f65fd42fa8a116dc3a52707814fd0496fe,7,0.6593922588425833,0.3725908238792881,0.9708043717529258,0.029195628247074223,0.4667877326853777,0.3296961294212917,0.3551474579091154,0.15419883817265215,0.0
qwen2.5-7b-inst,alphaedit,5,b60dce4b4fb7c58f26743b14e89bf6f65fd42fa8a116dc3a52707814fd0496fe,8,0.3725908238792881,0.001930272298790137,1.0027728262910551,-0.0027728262910551305,0.00437616693647192,0.3725908238792881,0.373627511342391,0.001930272298790137,NOT_APPLICABLE
qwen2.5-7b-inst,alphaedit,5,6a691cf16b423bb1d5a6ce4bf3417dd2d707fdac2436c48131dec1cd89b48a6b,4,1.0,0.9233501930873228,0.5458478105434506,0.45415218945654945,1.2144619178958753,0.1999999999999999,0.2662981473682763,0.2593200309430418,0.0
qwen2.5-7b-inst,alphaedit,5,6a691cf16b423bb1d5a6ce4bf3417dd2d707fdac2436c48131dec1cd89b48a6b,5,0.9233501930873228,0.7747777008614362,0.7063066367014398,0.2936933632985602,0.6456365957724928,0.2308375482718307,0.22089545394291624,0.16373240834077263,0.0
qwen2.5-7b-inst,alphaedit,5,6a691cf16b423bb1d5a6ce4bf3417dd2d707fdac2436c48131dec1cd89b48a6b,6,0.7747777008614362,0.5445539250937639,0.9281812514262251,0.0718187485737749,0.391884333362475,0.25825923362047853,0.26020098622218285,0.10289329958035233,0.0
qwen2.5-7b-inst,alphaedit,5,6a691cf16b423bb1d5a6ce4bf3417dd2d707fdac2436c48131dec1cd89b48a6b,7,0.5445539250937639,0.2824420899571182,0.9836548267018878,0.016345173298112248,0.2076146759787433,0.27227696254688194,0.27372715101932954,0.056703609748372574,0.0
qwen2.5-7b-inst,alphaedit,5,6a691cf16b423bb1d5a6ce4bf3417dd2d707fdac2436c48131dec1cd89b48a6b,8,0.2824420899571182,0.0011511683350834921,0.9963530601373702,0.003646939862629761,0.001819810877039234,0.2824420899571182,0.2814125100352106,0.0011511683350834921,NOT_APPLICABLE
qwen2.5-7b-inst,alphaedit,5,2a8f1b4955bc1a289af449ade95dfac602e09ca669c961f5c2f949575e94e148,4,1.0,0.9117365456647054,0.530965385272805,0.469034614727195,0.8996209367758007,0.1999999999999999,0.20892506505857678,0.20290996029743402,0.0
qwen2.5-7b-inst,alphaedit,5,2a8f1b4955bc1a289af449ade95dfac602e09ca669c961f5c2f949575e94e148,5,0.9117365456647054,0.789645977515894,0.6372839612739459,0.36271603872605407,0.8330265673130006,0.22793413641617635,0.23906630528551032,0.2070937096160643,0.0
qwen2.5-7b-inst,alphaedit,5,2a8f1b4955bc1a289af449ade95dfac602e09ca669c961f5c2f949575e94e148,6,0.789645977515894,0.5753045875412736,0.9226409559039002,0.07735904409609984,0.6795427582335073,0.2632153258386312,0.301613604753188,0.18002134600507683,0.0
qwen2.5-7b-inst,alphaedit,5,2a8f1b4955bc1a289af449ade95dfac602e09ca669c961f5c2f949575e94e148,7,0.5753045875412736,0.3201873332332963,0.9570480859814118,0.04295191401858822,0.38891519283503406,0.2876522937706368,0.2971597260654364,0.11255253647812188,0.0
qwen2.5-7b-inst,alphaedit,5,2a8f1b4955bc1a289af449ade95dfac602e09ca669c961f5c2f949575e94e148,8,0.3201873332332963,0.004080527240245906,1.0125410049076373,-0.012541004907637321,0.0022666048267203412,0.3201873332332963,0.32420361644354234,0.004080527240245906,NOT_APPLICABLE
qwen2.5-7b-inst,alphaedit,5,fc11f308500869e6b6107573e91176f8fb98c2b06cc9eb7d8107d0fb1af68f64,4,1.0,0.9568323281840609,0.6103963592705038,0.38960364072949616,1.9025200350450016,0.19999999999999976,0.3996081179935318,0.3884004881880197,0.0
qwen2.5-7b-inst,alphaedit,5,fc11f308500869e6b6107573e91176f8fb98c2b06cc9eb7d8107d0fb1af68f64,5,0.9568323281840609,0.8066208191408349,0.7618880955056945,0.23811190449430553,0.9409198228725905,0.23920808204601524,0.2896101232361958,0.23217080895349898,0.0
qwen2.5-7b-inst,alphaedit,5,fc11f308500869e6b6107573e91176f8fb98c2b06cc9eb7d8107d0fb1af68f64,6,0.8066208191408349,0.5771867731139908,0.9284363953938206,0.07156360460617939,0.5629192597438538,0.2688736063802782,0.29193189183056717,0.1525723137244205,0.0
qwen2.5-7b-inst,alphaedit,5,fc11f308500869e6b6107573e91176f8fb98c2b06cc9eb7d8107d0fb1af68f64,7,0.5771867731139908,0.30258090645012886,0.997558421256914,0.002441578743086037,0.30723907821535157,0.2885933865569954,0.3012338066106001,0.08866996578442854,0.0
qwen2.5-7b-inst,alphaedit,5,fc11f308500869e6b6107573e91176f8fb98c2b06cc9eb7d8107d0fb1af68f64,8,0.30258090645012886,0.0020532835430545323,1.0065659718686006,-0.00656597186860064,0.0017136049466877172,0.30258090645012886,0.30456808552722214,0.0020532835430545323,NOT_APPLICABLE
qwen2.5-7b-inst,alphaedit,5,409ab50440c393003452ca14f7a848b9b9c4c26eaf347918e74bd2328b526d48,4,1.0,0.9175153483937195,0.6825893623422614,0.3174106376577386,1.5510724513352108,0.1999999999999998,0.33892500567965345,0.31664334903416524,0.0
qwen2.5-7b-inst,alphaedit,5,409ab50440c393003452ca14f7a848b9b9c4c26eaf347918e74bd2328b526d48,5,0.9175153483937195,0.7765069250845248,0.7769627280955873,0.2230372719044127,1.0353809632117137,0.22937883709842988,0.29692687959882097,0.2429423333249926,0.0
qwen2.5-7b-inst,alphaedit,5,409ab50440c393003452ca14f7a848b9b9c4c26eaf347918e74bd2328b526d48,6,0.7765069250845248,0.5431244741008128,0.9926883955197418,0.007311604480258249,0.6113259576614091,0.2588356416948415,0.30175725585553015,0.15824426353028026,0.0
qwen2.5-7b-inst,alphaedit,5,409ab50440c393003452ca14f7a848b9b9c4c26eaf347918e74bd2328b526d48,7,0.5431244741008128,0.27721849061455583,1.0460362400448013,-0.046036240044801335,0.3633787525191875,0.2715622370504064,0.3007159036697712,0.09946871134909056,0.0
qwen2.5-7b-inst,alphaedit,5,409ab50440c393003452ca14f7a848b9b9c4c26eaf347918e74bd2328b526d48,8,0.27721849061455583,0.000825727365958741,0.9987056802847274,0.0012943197152726071,0.002682701686483119,0.27721849061455583,0.27686068010300324,0.000825727365958741,NOT_APPLICABLE
qwen2.5-7b-inst,alphaedit,5,55b3125b46809bfd09b46805671031439ad32c9f96657b2e9a2e1d248c8bbb80,4,1.0,0.9219787715091472,0.4971762619679558,0.5028237380320442,0.9877751576411771,0.1999999999999998,0.2211681710841303,0.22167827801402343,0.0
qwen2.5-7b-inst,alphaedit,5,55b3125b46809bfd09b46805671031439ad32c9f96657b2e9a2e1d248c8bbb80,5,0.9219787715091472,0.7836984419081485,0.678963918676423,0.32103608132357697,0.7288386113814763,0.2304946928772868,0.229593740496221,0.18356842289679157,0.0
qwen2.5-7b-inst,alphaedit,5,55b3125b46809bfd09b46805671031439ad32c9f96657b2e9a2e1d248c8bbb80,6,0.7836984419081485,0.5576917407303045,0.8985565245062319,0.10144347549376809,0.37616663477760487,0.26123281396938264,0.25447149066471997,0.10177763053977697,0.0
qwen2.5-7b-inst,alphaedit,5,55b3125b46809bfd09b46805671031439ad32c9f96657b2e9a2e1d248c8bbb80,7,0.5576917407303045,0.2907994798825308,0.9743912060666403,0.025608793933359686,0.18894602914563197,0.27884587036515224,0.27676612585635646,0.05316853901551491,0.0
qwen2.5-7b-inst,alphaedit,5,55b3125b46809bfd09b46805671031439ad32c9f96657b2e9a2e1d248c8bbb80,8,0.2907994798825308,0.001005933175207124,0.9969312621201148,0.003068737879885153,0.0015965285123358925,0.2907994798825308,0.2899074642536069,0.001005933175207124,NOT_APPLICABLE
qwen2.5-7b-inst,alphaedit,5,81c8c31e8abdcc2afdc5f07178b0a29d0dd009dcb1c5ad3746b934b567eccdeb,4,1.0,0.9438595195672049,0.5251176521840287,0.4748823478159713,1.4990656390384933,0.1999999999999999,0.3176757050062938,0.31449712459182133,0.0
qwen2.5-7b-inst,alphaedit,5,81c8c31e8abdcc2afdc5f07178b0a29d0dd009dcb1c5ad3746b934b567eccdeb,5,0.9438595195672049,0.833752673555594,0.660435153335854,0.339564846664146,1.1541462185685292,0.23596487989180123,0.3137736800079154,0.28388034140725765,0.0
qwen2.5-7b-inst,alphaedit,5,81c8c31e8abdcc2afdc5f07178b0a29d0dd009dcb1c5ad3746b934b567eccdeb,6,0.833752673555594,0.6294674677831698,0.8391359173699038,0.16086408263009622,0.6787001330338321,0.27791755785186456,0.29994283279549633,0.19384846754966784,0.0
qwen2.5-7b-inst,alphaedit,5,81c8c31e8abdcc2afdc5f07178b0a29d0dd009dcb1c5ad3746b934b567eccdeb,7,0.6294674677831698,0.3455129841115811,0.9887140254373593,0.011285974562640688,0.42714587194564724,0.3147337338915849,0.3389799233995256,0.1344841331885667,0.0
qwen2.5-7b-inst,alphaedit,5,81c8c31e8abdcc2afdc5f07178b0a29d0dd009dcb1c5ad3746b934b567eccdeb,8,0.3455129841115811,0.010577915268903646,1.030476063783451,-0.030476063783450913,0.002914448477480088,0.3455129841115811,0.3560442838480478,0.010577915268903646,NOT_APPLICABLE
qwen2.5-7b-inst,alphaedit,6,65fe8c1ae82c41f795ca50b2a0707d66874e1ae73ea6a6a34e23cc47f17c9e67,4,1.0,0.9498348981079212,0.45275426131928165,0.5472457386807184,1.3701147884911613,0.1999999999999998,0.2885966704440605,0.2950723594067312,0.0
qwen2.5-7b-inst,alphaedit,6,65fe8c1ae82c41f795ca50b2a0707d66874e1ae73ea6a6a34e23cc47f17c9e67,5,0.9498348981079212,0.8381699881972743,0.6170354855255568,0.38296451447444324,1.0073171299480546,0.2374587245269803,0.2805050563969951,0.25589960866504874,0.0
qwen2.5-7b-inst,alphaedit,6,65fe8c1ae82c41f795ca50b2a0707d66874e1ae73ea6a6a34e23cc47f17c9e67,6,0.8381699881972743,0.6237834918061027,0.842602247918196,0.15739775208180395,0.574817862441737,0.279389996065758,0.28497699112072644,0.16651025611706705,0.0
qwen2.5-7b-inst,alphaedit,6,65fe8c1ae82c41f795ca50b2a0707d66874e1ae73ea6a6a34e23cc47f17c9e67,7,0.6237834918061027,0.34224729547682536,0.996409681946217,0.0035903180537829593,0.44377184682473847,0.31189174590305135,0.34020023151421047,0.13841330582465167,0.0
qwen2.5-7b-inst,alphaedit,6,65fe8c1ae82c41f795ca50b2a0707d66874e1ae73ea6a6a34e23cc47f17c9e67,8,0.34224729547682536,0.003695836281626759,1.0107289905122072,-0.010728990512207215,0.001225292341930533,0.34224729547682536,0.3459195176505561,0.003695836281626759,NOT_APPLICABLE
qwen2.5-7b-inst,alphaedit,6,2f7b6e27f3bba670acf943b4dec2a696193b1ce72e53248761d42a7b1a19ccf6,4,1.0,0.9299288445038522,0.5084596818237349,0.4915403181762651,1.2021884071158677,0.1999999999999998,0.26105847729917314,0.25975903068779765,0.0
qwen2.5-7b-inst,alphaedit,6,2f7b6e27f3bba670acf943b4dec2a696193b1ce72e53248761d42a7b1a19ccf6,5,0.9299288445038522,0.8494430332886789,0.4573011777277492,0.5426988222722509,0.8941614674583761,0.23248221112596304,0.23348542716990234,0.24316869608597097,0.0
qwen2.5-7b-inst,alphaedit,6,2f7b6e27f3bba670acf943b4dec2a696193b1ce72e53248761d42a7b1a19ccf6,6,0.8494430332886789,0.6790399702326517,0.7454343806573583,0.25456561934264166,0.8174447736857041,0.2831476777628927,0.31324482777698875,0.24242131431079386,0.0
qwen2.5-7b-inst,alphaedit,6,2f7b6e27f3bba670acf943b4dec2a696193b1ce72e53248761d42a7b1a19ccf6,7,0.6790399702326517,0.41087687930945344,0.8513805237264395,0.14861947627356054,0.3810309401617991,0.33951998511632586,0.3166892337147733,0.13886007366256478,0.0
qwen2.5-7b-inst,alphaedit,6,2f7b6e27f3bba670acf943b4dec2a696193b1ce72e53248761d42a7b1a19ccf6,8,0.41087687930945344,0.0016086045222840168,0.9962599750498236,0.003740024950176446,0.0011575184034396586,0.41087687930945344,0.4093404658190806,0.0016086045222840168,NOT_APPLICABLE
qwen2.5-7b-inst,alphaedit,6,97e557fa2d1959dfc82a211736e5b608f395a1f440583abd5d70d65a2fbf5cfe,4,1.0,0.9206296939424582,0.5939638823595006,0.4060361176404994,1.332599551351438,0.19999999999999976,0.29179545286447617,0.27861707722898954,0.0
qwen2.5-7b-inst,alphaedit,6,97e557fa2d1959dfc82a211736e5b608f395a1f440583abd5d70d65a2fbf5cfe,5,0.9206296939424582,0.8049179197475882,0.6081358354312285,0.3918641645687715,0.852062858574196,0.23015742348561455,0.2409342951504519,0.21585387779889584,0.0
qwen2.5-7b-inst,alphaedit,6,97e557fa2d1959dfc82a211736e5b608f395a1f440583abd5d70d65a2fbf5cfe,6,0.8049179197475882,0.5820643635742433,0.8979941210256669,0.10200587897433311,0.5365538603886171,0.268305973249196,0.28066952789787153,0.1465390953940594,0.0
qwen2.5-7b-inst,alphaedit,6,97e557fa2d1959dfc82a211736e5b608f395a1f440583abd5d70d65a2fbf5cfe,7,0.5820643635742433,0.3130090646603545,0.9719326525712614,0.02806734742873862,0.3159224537736221,0.29103218178712165,0.29743148365564276,0.09230574293510313,0.0
qwen2.5-7b-inst,alphaedit,6,97e557fa2d1959dfc82a211736e5b608f395a1f440583abd5d70d65a2fbf5cfe,8,0.3130090646603545,0.005715894606759222,1.0180376425353086,-0.018037642535308596,0.002848119073610964,0.3130090646603545,0.31865625731364855,0.005715894606759222,NOT_APPLICABLE
qwen2.5-7b-inst,alphaedit,6,322b5d3c47aa80d2c94addc9a85c94282e44d92f9ccc5a0cf4cab593ea40cb3b,4,1.0,0.9269739330050282,0.5111438918956458,0.4888561081043542,1.1542043374136604,0.19999999999999984,0.252464312783152,0.25069247670685607,0.0
qwen2.5-7b-inst,alphaedit,6,322b5d3c47aa80d2c94addc9a85c94282e44d92f9ccc5a0cf4cab593ea40cb3b,5,0.9269739330050282,0.7979623868460687,0.643432184698839,0.356567815301161,0.76796413057161,0.23174348325125704,0.2321803577586945,0.1962183872976957,0.0
qwen2.5-7b-inst,alphaedit,6,322b5d3c47aa80d2c94addc9a85c94282e44d92f9ccc5a0cf4cab593ea40cb3b,6,0.7979623868460687,0.5720845780267847,0.8888781207664599,0.11112187923354011,0.41119915030036885,0.2659874622820228,0.260503326383529,0.11329717557890016,0.0
qwen2.5-7b-inst,alphaedit,6,322b5d3c47aa80d2c94addc9a85c94282e44d92f9ccc5a0cf4cab593ea40cb3b,7,0.5720845780267847,0.29649025320381833,0.9844455518021984,0.015554448197801607,0.20744925197266895,0.28604228901339235,0.287777341965307,0.05950582570404169,0.0
qwen2.5-7b-inst,alphaedit,6,322b5d3c47aa80d2c94addc9a85c94282e44d92f9ccc5a0cf4cab593ea40cb3b,8,0.29649025320381833,0.0038007583594471296,1.0127161788355028,-0.0127161788355028,0.001621685374337195,0.29649025320381833,0.30026086125539925,0.0038007583594471296,NOT_APPLICABLE
qwen2.5-7b-inst,alphaedit,6,2cb95a1a83adc4008a17e6b41b7af19fb47a468500652815384202b87b26ccb4,4,1.0,0.9450965361353401,0.5731168362074598,0.4268831637925402,1.6531460974474228,0.1999999999999998,0.3499345611653747,0.3414745235027155,0.0
qwen2.5-7b-inst,alphaedit,6,2cb95a1a83adc4008a17e6b41b7af19fb47a468500652815384202b87b26ccb4,5,0.9450965361353401,0.8233594280336347,0.7756328947299009,0.22436710527009907,1.321753357997183,0.23627413403383501,0.3620964374694588,0.31676357147517453,0.0
qwen2.5-7b-inst,alphaedit,6,2cb95a1a83adc4008a17e6b41b7af19fb47a468500652815384202b87b26ccb4,6,0.8233594280336347,0.6223175969033302,0.8994970010282752,0.10050299897172477,0.8540271465887289,0.2744531426778781,0.340416749534214,0.23600787627240588,0.0
qwen2.5-7b-inst,alphaedit,6,2cb95a1a83adc4008a17e6b41b7af19fb47a468500652815384202b87b26ccb4,7,0.6223175969033302,0.3522829907283077,0.9480916362989676,0.051908363701032356,0.41867120606429176,0.3111587984516651,0.3224907385253744,0.13127068652855198,0.0
qwen2.5-7b-inst,alphaedit,6,2cb95a1a83adc4008a17e6b41b7af19fb47a468500652815384202b87b26ccb4,8,0.3522829907283077,0.006113525547058426,1.0167601146564031,-0.016760114656403147,0.004501168255252521,0.3522829907283077,0.3581908039185621,0.006113525547058426,NOT_APPLICABLE
qwen2.5-7b-inst,alphaedit,6,39cb134a7460153810c2e46692d13f26ce9cef48815e15c399b48c97a18eb027,4,1.0,0.9183618333876242,0.5556654465216534,0.4443345534783466,1.1543837327056274,0.19999999999999987,0.25623160545049706,0.24738916692128424,0.0
qwen2.5-7b-inst,alphaedit,6,39cb134a7460153810c2e46692d13f26ce9cef48815e15c399b48c97a18eb027,5,0.9183618333876242,0.8314878383816019,0.5177331975589042,0.48226680244109577,0.9949372885395523,0.22959045834690606,0.2575046983510106,0.25384872051466795,0.0
qwen2.5-7b-inst,alphaedit,6,39cb134a7460153810c2e46692d13f26ce9cef48815e15c399b48c97a18eb027,6,0.8314878383816019,0.6188969734154823,0.8779518857050131,0.12204811429498685,0.6950436943609094,0.2771626127938672,0.31035842815740616,0.19558756604581454,0.0
qwen2.5-7b-inst,alphaedit,6,39cb134a7460153810c2e46692d13f26ce9cef48815e15c399b48c97a18eb027,7,0.6188969734154823,0.33995898091082577,0.9746607458628027,0.025339254137197287,0.3944532605449318,0.30944848670774117,0.32537105959521007,0.1223145601974984,0.0
qwen2.5-7b-inst,alphaedit,6,39cb134a7460153810c2e46692d13f26ce9cef48815e15c399b48c97a18eb027,8,0.33995898091082577,0.003646453612824184,1.0106222988662001,-0.010622298866200142,0.0014890345994172949,0.33995898091082577,0.34357049972943726,0.003646453612824184,NOT_APPLICABLE
qwen2.5-7b-inst,alphaedit,6,50d6505f4bf83bb005d91ac06d26b044492e5bbdd5ebf7ac3ad402fb8cc9e12c,4,1.0,0.9386825450092245,0.5313630403695395,0.4686369596304605,1.4350633193868148,0.1999999999999997,0.3060557734348599,0.30192895393328406,0.0
qwen2.5-7b-inst,alphaedit,6,50d6505f4bf83bb005d91ac06d26b044492e5bbdd5ebf7ac3ad402fb8cc9e12c,5,0.9386825450092245,0.7778359416262145,0.8197996372011479,0.1802003627988521,0.9342399041778887,0.23467063625230614,0.2916792361105061,0.22327975288347376,0.0
qwen2.5-7b-inst,alphaedit,6,50d6505f4bf83bb005d91ac06d26b044492e5bbdd5ebf7ac3ad402fb8cc9e12c,6,0.7778359416262145,0.5476458268397798,0.9982869721864254,0.0017130278135746302,0.6741606218938803,0.25927864720873806,0.3123279476868662,0.1747960183349406,0.0
qwen2.5-7b-inst,alphaedit,6,50d6505f4bf83bb005d91ac06d26b044492e5bbdd5ebf7ac3ad402fb8cc9e12c,7,0.5476458268397798,0.2851818824026607,0.9834018748545785,0.016598125145421472,0.22630706208292053,0.2738229134198899,0.2763162383068476,0.06213450641655868,0.0
qwen2.5-7b-inst,alphaedit,6,50d6505f4bf83bb005d91ac06d26b044492e5bbdd5ebf7ac3ad402fb8cc9e12c,8,0.2851818824026607,0.002383873718395048,1.0081804481324306,-0.008180448132430573,0.0017191271967300443,0.2851818824026607,0.28751521599331326,0.002383873718395048,NOT_APPLICABLE
qwen2.5-7b-inst,alphaedit,6,48f8e5c9758bc1ecd0a5d87381377f2e938e3fbd115904598f843ea205a1cb29,4,1.0,0.9081141825882303,0.746332894153415,0.25366710584658503,1.5884270106259084,0.20000000000000004,0.3510050231538785,0.32171088689533284,0.0
qwen2.5-7b-inst,alphaedit,6,48f8e5c9758bc1ecd0a5d87381377f2e938e3fbd115904598f843ea205a1cb29,5,0.9081141825882303,0.7581957904819527,0.8345082834359652,0.16549171656403483,1.0643879032203605,0.22702854564705757,0.30706193544416227,0.24454980414901228,0.0
qwen2.5-7b-inst,alphaedit,6,48f8e5c9758bc1ecd0a5d87381377f2e938e3fbd115904598f843ea205a1cb29,6,0.7581957904819527,0.5583745422300855,0.9085440439136647,0.09145595608633528,0.7120823700140112,0.25273193016065076,0.2917399715467939,0.18144418817783275,0.0
qwen2.5-7b-inst,alphaedit,6,48f8e5c9758bc1ecd0a5d87381377f2e938e3fbd115904598f843ea205a1cb29,7,0.5583745422300855,0.30037997824718354,1.0489228054066215,-0.04892280540662153,0.5030222914536941,0.27918727111504277,0.3247789829687231,0.14110006095790273,0.0
qwen2.5-7b-inst,alphaedit,6,48f8e5c9758bc1ecd0a5d87381377f2e938e3fbd115904598f843ea205a1cb29,8,0.30037997824718354,0.017013417688007914,1.0561994359162534,-0.056199435916253426,0.00704795548587783,0.30037997824718354,0.31726822702951557,0.017013417688007914,NOT_APPLICABLE
qwen2.5-7b-inst,alphaedit,6,5222c50191326e7119d973b8926c803a0ac65079d8f3f3217e939a2eed376d81,4,1.0,0.8972601424949888,0.7673557984907774,0.2326442015092226,1.4871506803896943,0.19999999999999984,0.3346910257333438,0.30104753582644656,0.0
qwen2.5-7b-inst,alphaedit,6,5222c50191326e7119d973b8926c803a0ac65079d8f3f3217e939a2eed376d81,5,0.8972601424949888,0.7764134167701107,0.6816893098471906,0.31831069015280944,0.9844583787145778,0.2243150356237472,0.26860342731115916,0.23208531553501333,0.0
qwen2.5-7b-inst,alphaedit,6,5222c50191326e7119d973b8926c803a0ac65079d8f3f3217e939a2eed376d81,6,0.7764134167701107,0.5790085088769953,0.8285379766357455,0.17146202336425453,0.5385250046578102,0.2588044722567034,0.2557433929063509,0.14626652638481732,0.0
qwen2.5-7b-inst,alphaedit,6,5222c50191326e7119d973b8926c803a0ac65079d8f3f3217e939a2eed376d81,7,0.5790085088769953,0.3187497833109699,0.9494726815100405,0.050527318489959505,0.3295996683733264,0.28950425443849764,0.2909675200420916,0.09653521482923924,0.0
qwen2.5-7b-inst,alphaedit,6,5222c50191326e7119d973b8926c803a0ac65079d8f3f3217e939a2eed376d81,8,0.3187497833109699,0.0015813529771667157,1.0042932824729793,-0.004293282472979332,0.0024860300682723324,0.3187497833109699,0.3201192469485464,0.0015813529771667157,NOT_APPLICABLE
qwen2.5-7b-inst,alphaedit,6,f296600e034a8a300da559a46de195efdd639d61128b9c3cc6a0887b1ef0d697,4,1.0,0.9520236494254493,0.4417594445042582,0.5582405554957418,1.371557058553388,0.19999999999999987,0.2881888389009072,0.2961622043858948,0.0
qwen2.5-7b-inst,alphaedit,6,f296600e034a8a300da559a46de195efdd639d61128b9c3cc6a0887b1ef0d697,5,0.9520236494254493,0.8435340807765184,0.5981136921677134,0.4018863078322866,0.9941480693379469,0.23800591235636231,0.27613510904914745,0.2552154819859227,0.0
qwen2.5-7b-inst,alphaedit,6,f296600e034a8a300da559a46de195efdd639d61128b9c3cc6a0887b1ef0d697,6,0.8435340807765184,0.6284745537990806,0.8729847547820412,0.12701524521795882,0.6867994699127518,0.28117802692550603,0.3123223324739274,0.19638758153418598,0.0
qwen2.5-7b-inst,alphaedit,6,f296600e034a8a300da559a46de195efdd639d61128b9c3cc6a0887b1ef0d697,7,0.6284745537990806,0.3544369057440663,0.949663433919946,0.05033656608005399,0.4111129133479018,0.3142372768995403,0.3251823641518202,0.13015175320048267,0.0
qwen2.5-7b-inst,alphaedit,6,f296600e034a8a300da559a46de195efdd639d61128b9c3cc6a0887b1ef0d697,8,0.3544369057440663,0.0009517388298163092,0.999164224660911,0.0008357753390889622,0.0025518330896313847,0.3544369057440663,0.354141831102765,0.0009517388298163092,NOT_APPLICABLE
qwen2.5-7b-inst,alphaedit,7,1f15ad772a9fa6b37e334f9e0a833b6b234fbcc3e02b033e20f4c8f7f264ec9f,4,1.0,0.9093483677417411,0.6164603584456535,0.3835396415543465,1.2072454426444568,0.19999999999999982,0.2711062472405054,0.2533412098675969,0.0
qwen2.5-7b-inst,alphaedit,7,1f15ad772a9fa6b37e334f9e0a833b6b234fbcc3e02b033e20f4c8f7f264ec9f,5,0.9093483677417411,0.7445484364398597,0.8414094172791788,0.15859058272082116,0.8657316134981642,0.22733709193543528,0.2744535018804915,0.20008792308164713,0.0
qwen2.5-7b-inst,alphaedit,7,1f15ad772a9fa6b37e334f9e0a833b6b234fbcc3e02b033e20f4c8f7f264ec9f,6,0.7445484364398597,0.5152306505714144,0.9722356473631658,0.02776435263683419,0.44497206287330676,0.24818281214661964,0.2653632893818715,0.11064918213487629,0.0
qwen2.5-7b-inst,alphaedit,7,1f15ad772a9fa6b37e334f9e0a833b6b234fbcc3e02b033e20f4c8f7f264ec9f,7,0.5152306505714144,0.2560083566190722,1.0474442197454386,-0.047444219745438554,0.28319723485033926,0.2576153252857072,0.2795262880165045,0.07397267301836058,0.0
qwen2.5-7b-inst,alphaedit,7,1f15ad772a9fa6b37e334f9e0a833b6b234fbcc3e02b033e20f4c8f7f264ec9f,8,0.2560083566190722,0.004178642408584435,1.0161080790794719,-0.01610807907947187,0.0026356991125796995,0.2560083566190722,0.2601330346077366,0.004178642408584435,NOT_APPLICABLE
qwen2.5-7b-inst,alphaedit,7,c416911d0d03300f77dc8d76e3ad6eab8c96026a867011c7a7728857b99e3e0c,4,1.0,0.9213323038202996,0.5544336060444632,0.44556639395553677,1.2075884185034673,0.19999999999999976,0.26575676187184144,0.25743342439755107,0.0
qwen2.5-7b-inst,alphaedit,7,c416911d0d03300f77dc8d76e3ad6eab8c96026a867011c7a7728857b99e3e0c,5,0.9213323038202996,0.7956687405075723,0.6667345013204837,0.33326549867951627,0.9068656636890943,0.2303330759550749,0.25925931563652405,0.22253932928066258,0.0
qwen2.5-7b-inst,alphaedit,7,c416911d0d03300f77dc8d76e3ad6eab8c96026a867011c7a7728857b99e3e0c,6,0.7956687405075723,0.5589106005901042,0.9716206969207627,0.028379303079237306,0.5713945036565867,0.265222913502524,0.29895439954156094,0.1517337167341717,0.0
qwen2.5-7b-inst,alphaedit,7,c416911d0d03300f77dc8d76e3ad6eab8c96026a867011c7a7728857b99e3e0c,7,0.5589106005901042,0.29231835360410663,1.0116652565841084,-0.011665256584108441,0.34259472181181316,0.2794553002950521,0.29848622257038665,0.09579539444085636,0.0
qwen2.5-7b-inst,alphaedit,7,c416911d0d03300f77dc8d76e3ad6eab8c96026a867011c7a7728857b99e3e0c,8,0.29231835360410663,0.003782403151254551,1.0125403418132808,-0.012540341813280786,0.003188423525764888,0.29231835360410663,0.2959855931312385,0.003782403151254551,NOT_APPLICABLE
qwen2.5-7b-inst,alphaedit,7,72a75cd16bd699577bf429e669049d3300002c7fd1905e4f2deb4e9e9cf79a10,4,1.0,0.919415494939802,0.5734692761833344,0.42653072381666557,1.2405430502373302,0.1999999999999998,0.2733359888648671,0.262364290089311,0.0
qwen2.5-7b-inst,alphaedit,7,72a75cd16bd699577bf429e669049d3300002c7fd1905e4f2deb4e9e9cf79a10,5,0.919415494939802,0.8295487722254097,0.5411728261988076,0.4588271738011924,1.0303341469502452,0.2298538737349505,0.267506509944155,0.259247335973121,0.0
qwen2.5-7b-inst,alphaedit,7,72a75cd16bd699577bf429e669049d3300002c7fd1905e4f2deb4e9e9cf79a10,6,0.8295487722254097,0.6525176604837737,0.7543056012089613,0.24569439879103872,0.7248589352667868,0.27651625740846963,0.2892731998525969,0.21163634051679017,0.0
qwen2.5-7b-inst,alphaedit,7,72a75cd16bd699577bf429e669049d3300002c7fd1905e4f2deb4e9e9cf79a10,7,0.6525176604837737,0.37040008392486223,0.9131547143112243,0.0868452856887757,0.3281196673087664,0.32625883024188684,0.31657431585978585,0.11073813934690283,0.0
qwen2.5-7b-inst,alphaedit,7,72a75cd16bd699577bf429e669049d3300002c7fd1905e4f2deb4e9e9cf79a10,8,0.37040008392486223,0.0007313257335760198,0.9998023377336043,0.00019766226639572615,0.001964502030514726,0.37040008392486223,0.3703275846820524,0.0007313257335760198,NOT_APPLICABLE
qwen2.5-7b-inst,alphaedit,7,7e171f0683f1329a0b503c23931df0906725a579a73788155f049006f9ad9234,4,1.0,0.9415915399922011,0.5068677763839763,0.4931322236160237,1.4059262163162956,0.19999999999999982,0.29890088447255486,0.29798039638163676,0.0
qwen2.5-7b-inst,alphaedit,7,7e171f0683f1329a0b503c23931df0906725a579a73788155f049006f9ad9234,5,0.9415915399922011,0.8059591954157483,0.7165342720717504,0.28346572792824964,0.9702438818451768,0.23539788499805028,0.28392483997513623,0.23794127311232607,0.0
qwen2.5-7b-inst,alphaedit,7,7e171f0683f1329a0b503c23931df0906725a579a73788155f049006f9ad9234,6,0.8059591954157483,0.5819884901219515,0.8871355901518261,0.11286440984817392,0.47827402033518984,0.26865306513858256,0.27076118819743633,0.1320189737026094,0.0
qwen2.5-7b-inst,alphaedit,7,7e171f0683f1329a0b503c23931df0906725a579a73788155f049006f9ad9234,7,0.5819884901219515,0.3048243094989852,0.9925187774362496,0.007481222563750389,0.28686976971942374,0.29099424506097576,0.30063913627224725,0.08350583393644366,0.0
qwen2.5-7b-inst,alphaedit,7,7e171f0683f1329a0b503c23931df0906725a579a73788155f049006f9ad9234,8,0.3048243094989852,0.0011352363023400074,1.0030660976209724,-0.00306609762097243,0.0021139881300035837,0.3048243094989852,0.30575960962805954,0.0011352363023400074,NOT_APPLICABLE
qwen2.5-7b-inst,alphaedit,7,50b6d7182bbb50024151c35a1af67f6f578882edaea4f98b765ec14cd313defc,4,1.0,0.9170343281020562,0.4965379366834174,0.5034620633165826,0.8617589089809806,0.19999999999999987,0.1989148903198463,0.19960986612961584,0.0
qwen2.5-7b-inst,alphaedit,7,50b6d7182bbb50024151c35a1af67f6f578882edaea4f98b765ec14cd313defc,5,0.9170343281020562,0.8220039011328025,0.5239319025101585,0.47606809748984147,0.879019328240691,0.22925858202551405,0.23460442118090155,0.22918014072026013,0.0
qwen2.5-7b-inst,alphaedit,7,50b6d7182bbb50024151c35a1af67f6f578882edaea4f98b765ec14cd313defc,6,0.8220039011328025,0.6283744465306185,0.8423082577636742,0.15769174223632576,0.7769895990300739,0.27400130037760095,0.3139911488418759,0.21723647062057122,0.0
qwen2.5-7b-inst,alphaedit,7,50b6d7182bbb50024151c35a1af67f6f578882edaea4f98b765ec14cd313defc,7,0.6283744465306185,0.34526723589447,1.0202300178844363,-0.020230017884436347,0.49767482677801017,0.31418722326530923,0.3566474122538563,0.1564922016000307,0.0
qwen2.5-7b-inst,alphaedit,7,50b6d7182bbb50024151c35a1af67f6f578882edaea4f98b765ec14cd313defc,8,0.34526723589447,0.005294082002267749,1.013844477858014,-0.013844477858014015,0.006590914735141874,0.34526723589447,0.3500546772450368,0.005294082002267749,NOT_APPLICABLE
qwen2.5-7b-inst,alphaedit,7,93b075f0e328c3fcb2abafea111d73fd635b70813aa17f11fff9e5c8b5f55ff7,4,1.0,0.9177316482921682,0.5895441312135477,0.41045586878645235,1.2663583562379368,0.2,0.27937256623097273,0.2662433102735082,0.0
qwen2.5-7b-inst,alphaedit,7,93b075f0e328c3fcb2abafea111d73fd635b70813aa17f11fff9e5c8b5f55ff7,5,0.9177316482921682,0.821845830638635,0.5907166600513851,0.4092833399486149,1.099111593120814,0.22943291207304206,0.28628525013384426,0.269088632685825,0.0
qwen2.5-7b-inst,alphaedit,7,93b075f0e328c3fcb2abafea111d73fd635b70813aa17f11fff9e5c8b5f55ff7,6,0.821845830638635,0.6610145426323699,0.7069175524383381,0.2930824475616619,0.7509518781459553,0.2739486102128782,0.2825340206872894,0.22083487423678336,0.0
qwen2.5-7b-inst,alphaedit,7,93b075f0e328c3fcb2abafea111d73fd635b70813aa17f11fff9e5c8b5f55ff7,7,0.6610145426323699,0.40682697206980856,0.8739155839277878,0.1260844160722122,0.4970816834741667,0.33050727131618496,0.33229028274062977,0.1694917467335746,0.0
qwen2.5-7b-inst,alphaedit,7,93b075f0e328c3fcb2abafea111d73fd635b70813aa17f11fff9e5c8b5f55ff7,8,0.40682697206980856,0.00498430777070178,1.011213163815643,-0.011213163815642968,0.004936420998166303,0.40682697206980856,0.4113936913887655,0.00498430777070178,NOT_APPLICABLE
qwen2.5-7b-inst,alphaedit,7,4a7d0d23ef3616b440f41d94b1e628cc6114d354cc49b0d25337f302b7cbf3ec,4,1.0,0.93784271632358,0.421693680199775,0.578306319800225,1.0138221027907781,0.19999999999999982,0.21960517444063476,0.2334329416023362,0.0
qwen2.5-7b-inst,alphaedit,7,4a7d0d23ef3616b440f41d94b1e628cc6114d354cc49b0d25337f302b7cbf3ec,5,0.93784271632358,0.8378881863869843,0.579974027595213,0.420025972404787,1.0366454819230406,0.234460679080895,0.2785057071006027,0.26224567638418617,0.0
qwen2.5-7b-inst,alphaedit,7,4a7d0d23ef3616b440f41d94b1e628cc6114d354cc49b0d25337f302b7cbf3ec,6,0.8378881863869843,0.6356521805467512,0.8154222508041804,0.1845777491958196,0.6382616294754678,0.2792960621289947,0.2892152671081131,0.1855684008356446,0.0
qwen2.5-7b-inst,alphaedit,7,4a7d0d23ef3616b440f41d94b1e628cc6114d354cc49b0d25337f302b7cbf3ec,7,0.6356521805467512,0.35746946876866675,0.9416633173898643,0.05833668261013569,0.3807198749314005,0.3178260902733756,0.3228208000740438,0.12241495567388605,0.0
qwen2.5-7b-inst,alphaedit,7,4a7d0d23ef3616b440f41d94b1e628cc6114d354cc49b0d25337f302b7cbf3ec,8,0.35746946876866675,0.005582317266123163,1.0153845798470176,-0.015384579847017577,0.0026796693800203645,0.35746946876866675,0.3629702503334151,0.005582317266123163,NOT_APPLICABLE
qwen2.5-7b-inst,alphaedit,7,f9f16bc7443ae596666c746ce23ea545748ddb3ef4434d0c407eb162fe7d8dbc,4,1.0,0.9012020711252015,0.5623503914244461,0.4376496085755539,0.7819176916517918,0.19999999999999996,0.19262743722048428,0.17921299689524764,0.0
qwen2.5-7b-inst,alphaedit,7,f9f16bc7443ae596666c746ce23ea545748ddb3ef4434d0c407eb162fe7d8dbc,5,0.9012020711252015,0.7656495420697472,0.7401254259127319,0.2598745740872681,0.9602011397183802,0.22530051778130036,0.27314116416323564,0.22411694949439503,0.0
qwen2.5-7b-inst,alphaedit,7,f9f16bc7443ae596666c746ce23ea545748ddb3ef4434d0c407eb162fe7d8dbc,6,0.7656495420697472,0.5384934342248597,0.9533422952278334,0.046657704772166575,0.5129039892139483,0.255216514023249,0.27628670381961085,0.1314420657390156,0.0
qwen2.5-7b-inst,alphaedit,7,f9f16bc7443ae596666c746ce23ea545748ddb3ef4434d0c407eb162fe7d8dbc,7,0.5384934342248597,0.28149839867550663,1.0019194653332324,-0.0019194653332323952,0.3113084005057113,0.26924671711242987,0.2824853018475354,0.08382035810328557,0.0
qwen2.5-7b-inst,alphaedit,7,f9f16bc7443ae596666c746ce23ea545748ddb3ef4434d0c407eb162fe7d8dbc,8,0.28149839867550663,0.00563916996659568,1.0198036599256577,-0.01980365992565769,0.003020545514324323,0.28149839867550663,0.28707435644544704,0.00563916996659568,NOT_APPLICABLE
qwen2.5-7b-inst,alphaedit,7,586d683ae8d67dfbb02210b31897583d20fe567bc9eaac6aaeb7fc136b111f58,4,1.0,0.9449288444956498,0.6493720445197233,0.3506279554802767,1.8423624567360803,0.19999999999999982,0.390690848328666,0.37508609065945775,0.0
qwen2.5-7b-inst,alphaedit,7,586d683ae8d67dfbb02210b31897583d20fe567bc9eaac6aaeb7fc136b111f58,5,0.9449288444956498,0.8676534182519987,0.6919582061405931,0.3080417938594069,1.5959115140108517,0.23623221112391246,0.41091774687321564,0.38396443436226846,0.0
qwen2.5-7b-inst,alphaedit,7,586d683ae8d67dfbb02210b31897583d20fe567bc9eaac6aaeb7fc136b111f58,6,0.8676534182519987,0.6579118314419795,0.8569249590395517,0.14307504096044832,0.7628442121184369,0.28921780608399944,0.3318138397290314,0.22447508420500772,0.0
qwen2.5-7b-inst,alphaedit,7,586d683ae8d67dfbb02210b31897583d20fe567bc9eaac6aaeb7fc136b111f58,7,0.6579118314419795,0.3716624170394755,1.0038729414744338,-0.003872941474433844,0.5331360399041699,0.32895591572098976,0.3739108812612405,0.17538288170387784,0.0
qwen2.5-7b-inst,alphaedit,7,586d683ae8d67dfbb02210b31897583d20fe567bc9eaac6aaeb7fc136b111f58,8,0.3716624170394755,0.007997173983618204,1.0208708989688864,-0.020870898968886387,0.005234504456975654,0.3716624170394755,0.37942433344776877,0.007997173983618204,NOT_APPLICABLE
qwen2.5-7b-inst,alphaedit,7,917e1683ed6303e6329abda3892afc6a827a129a43cdc31f1361ee9a99cabca9,4,1.0,0.9213033766584131,0.5120164746609999,0.48798352533900013,1.0382685935443619,0.19999999999999968,0.23153077917761664,0.22944538289909966,0.0
qwen2.5-7b-inst,alphaedit,7,917e1683ed6303e6329abda3892afc6a827a129a43cdc31f1361ee9a99cabca9,5,0.9213033766584131,0.8174788426883786,0.5789009054313614,0.4210990945686386,0.9450383743459322,0.23032584416460328,0.2552592116823397,0.23829788071212174,0.0
qwen2.5-7b-inst,alphaedit,7,917e1683ed6303e6329abda3892afc6a827a129a43cdc31f1361ee9a99cabca9,6,0.8174788426883786,0.630580665214114,0.7979474857810818,0.20205251421891823,0.7114098408709503,0.27249294756279263,0.2913030096674556,0.20152123411339493,0.0
qwen2.5-7b-inst,alphaedit,7,917e1683ed6303e6329abda3892afc6a827a129a43cdc31f1361ee9a99cabca9,7,0.630580665214114,0.36250803940304255,0.8925755070958957,0.10742449290410427,0.30912422315277754,0.315290332607057,0.2978198538013869,0.10318128773954223,0.0
qwen2.5-7b-inst,alphaedit,7,917e1683ed6303e6329abda3892afc6a827a129a43cdc31f1361ee9a99cabca9,8,0.36250803940304255,0.0021802723041494587,1.0059748536533064,-0.005974853653306411,0.0006886670577208061,0.36250803940304255,0.36467405733800445,0.0021802723041494587,NOT_APPLICABLE
qwen2.5-7b-inst,alphaedit,8,d97bda6d6a887cafe4132a43d6d106a50a3a151b295c299fbaa9079c4004d670,4,1.0,0.9302120518527411,0.4756246422382821,0.5243753577617178,1.0781415293831753,0.1999999999999999,0.2356784213868534,0.2397797884066477,0.0
qwen2.5-7b-inst,alphaedit,8,d97bda6d6a887cafe4132a43d6d106a50a3a151b295c299fbaa9079c4004d670,5,0.9302120518527411,0.8261583294448124,0.576281748743087,0.423718251256913,0.9480662999908527,0.23255301296318528,0.25801129161160474,0.24149338451044786,0.0
qwen2.5-7b-inst,alphaedit,8,d97bda6d6a887cafe4132a43d6d106a50a3a151b295c299fbaa9079c4004d670,6,0.8261583294448124,0.6250988240562518,0.8146273241147328,0.18537267588526718,0.6136697156949062,0.2753861098149373,0.2808679387397404,0.17653807992073808,0.0
qwen2.5-7b-inst,alphaedit,8,d97bda6d6a887cafe4132a43d6d106a50a3a151b295c299fbaa9079c4004d670,7,0.6250988240562518,0.35638885901377115,0.9188716963644803,0.0811283036355197,0.36244130475633773,0.3125494120281259,0.30872682527461914,0.11608402464385181,0.0
qwen2.5-7b-inst,alphaedit,8,d97bda6d6a887cafe4132a43d6d106a50a3a151b295c299fbaa9079c4004d670,8,0.35638885901377115,0.003779642818635847,1.0105008513061702,-0.010500851306170178,0.001485401473429562,0.35638885901377115,0.36013163451482466,0.003779642818635847,NOT_APPLICABLE
qwen2.5-7b-inst,alphaedit,8,7a3cc6340e797e103f5ab68ea59b5e176a2d12639a688d3976372b570f83f3d3,4,1.0,0.9034187919809121,0.6323536482942589,0.3676463517057411,1.1523034275041468,0.19999999999999982,0.26288205154014305,0.24190634790847002,0.0
qwen2.5-7b-inst,alphaedit,8,7a3cc6340e797e103f5ab68ea59b5e176a2d12639a688d3976372b570f83f3d3,5,0.9034187919809121,0.7410797752794258,0.8349544257948068,0.16504557420519317,0.8653988203805221,0.22585469799522803,0.2715956986923432,0.19897724034080094,0.0
qwen2.5-7b-inst,alphaedit,8,7a3cc6340e797e103f5ab68ea59b5e176a2d12639a688d3976372b570f83f3d3,6,0.7410797752794258,0.5080392332435012,1.0062161101729235,-0.00621611017292345,0.5044816178162415,0.2470265917598084,0.27805282477629867,0.12462983461434966,0.0
qwen2.5-7b-inst,alphaedit,8,7a3cc6340e797e103f5ab68ea59b5e176a2d12639a688d3976372b570f83f3d3,7,0.5080392332435012,0.25646686715550165,1.039698531542119,-0.039698531542119,0.3117404476726111,0.2540196166217506,0.27572014484933427,0.07982769245998962,0.0
qwen2.5-7b-inst,alphaedit,8,7a3cc6340e797e103f5ab68ea59b5e176a2d12639a688d3976372b570f83f3d3,8,0.25646686715550165,0.001978761560105927,1.0072793089455065,-0.007279308945506546,0.002557359358273217,0.25646686715550165,0.25833460131153724,0.001978761560105927,NOT_APPLICABLE
qwen2.5-7b-inst,alphaedit,8,a0e3b3665e3acf91cc0f8e3266db11b483ea3b8269b38dbde27b268007d89343,4,1.0,0.9329619699865694,0.5658370512264868,0.43416294877351325,1.4486717639806044,0.19999999999999996,0.3110512143230021,0.30246635157269225,0.0
qwen2.5-7b-inst,alphaedit,8,a0e3b3665e3acf91cc0f8e3266db11b483ea3b8269b38dbde27b268007d89343,5,0.9329619699865694,0.8723027718368247,0.44976268545852627,0.5502373145414737,1.175959356029625,0.23324049249664236,0.2936577349714101,0.30282139686575604,0.0
qwen2.5-7b-inst,alphaedit,8,a0e3b3665e3acf91cc0f8e3266db11b483ea3b8269b38dbde27b268007d89343,6,0.8723027718368247,0.6701788851328163,0.793046479576804,0.20695352042319604,0.6646355954042847,0.29076759061227486,0.30086553040869995,0.20240645769612323,0.0
qwen2.5-7b-inst,alphaedit,8,a0e3b3665e3acf91cc0f8e3266db11b483ea3b8269b38dbde27b268007d89343,7,0.6701788851328163,0.3893513336888983,0.9366967564211569,0.0633032435788431,0.4684799731079362,0.33508944256640816,0.3509450937181525,0.1584093602209714,0.0
qwen2.5-7b-inst,alphaedit,8,a0e3b3665e3acf91cc0f8e3266db11b483ea3b8269b38dbde27b268007d89343,8,0.3893513336888983,0.004952787730816528,1.0123186019448256,-0.012318601944825591,0.0031727034778080165,0.3893513336888983,0.39414953354906535,0.004952787730816528,NOT_APPLICABLE
qwen2.5-7b-inst,alphaedit,8,0f87867b9b690190efe9e3d65b533309c8a7791ed39a0a0b7c231d0b7d6a89a0,4,1.0,0.9664487830758891,0.5632062104390015,0.43679378956099846,1.9145344412244538,0.1999999999999999,0.39913122464230627,0.3927457671946919,0.0
qwen2.5-7b-inst,alphaedit,8,0f87867b9b690190efe9e3d65b533309c8a7791ed39a0a0b7c231d0b7d6a89a0,5,0.9664487830758891,0.943234121097314,0.3832239212670225,0.6167760787329775,1.4695250915153937,0.24161219576897228,0.36692967059413667,0.3850601637918218,0.0
qwen2.5-7b-inst,alphaedit,8,0f87867b9b690190efe9e3d65b533309c8a7791ed39a0a0b7c231d0b7d6a89a0,6,0.943234121097314,0.7210454009157833,0.8224519356412022,0.17754806435879777,0.7194399854713247,0.31441137369910427,0.3435613060135802,0.2329865094042783,0.0
qwen2.5-7b-inst,alphaedit,8,0f87867b9b690190efe9e3d65b533309c8a7791ed39a0a0b7c231d0b7d6a89a0,7,0.7210454009157833,0.4263605353901814,0.869431055501693,0.13056894449830703,0.3469849310251472,0.36052270045789164,0.3374902473979413,0.13365952666388,0.0
qwen2.5-7b-inst,alphaedit,8,0f87867b9b690190efe9e3d65b533309c8a7791ed39a0a0b7c231d0b7d6a89a0,8,0.4263605353901814,0.002251710431868489,1.0048492207776907,-0.004849220777690677,0.002092010315836738,0.4263605353901814,0.42842898023872794,0.002251710431868489,NOT_APPLICABLE
qwen2.5-7b-inst,alphaedit,8,44ab2dfa36200c934db39cfa054a5522dc88440bf69af322dc936c4ba1de5509,4,1.0,0.9181600024242963,0.6171885619724625,0.3828114380275375,1.3661656744295663,0.19999999999999993,0.29982197191128074,0.2837571671041491,0.0
qwen2.5-7b-inst,alphaedit,8,44ab2dfa36200c934db39cfa054a5522dc88440bf69af322dc936c4ba1de5509,5,0.9181600024242963,0.8528761110811618,0.4830837647731996,0.5169162352268004,1.198705824106884,0.22954000060607407,0.2966546387563196,0.2996440565074743,0.0
qwen2.5-7b-inst,alphaedit,8,44ab2dfa36200c934db39cfa054a5522dc88440bf69af322dc936c4ba1de5509,6,0.8528761110811618,0.6717642274928697,0.7881922314403839,0.21180776855961614,0.8314917709480756,0.2842920370270539,0.32571302315733075,0.2439353400293591,0.0
qwen2.5-7b-inst,alphaedit,8,44ab2dfa36200c934db39cfa054a5522dc88440bf69af322dc936c4ba1de5509,7,0.6717642274928697,0.41896613903295005,0.9796913436842637,0.020308656315736306,0.7175506193197074,0.33588211374643484,0.4078823306359631,0.24110893039418618,0.0
qwen2.5-7b-inst,alphaedit,8,44ab2dfa36200c934db39cfa054a5522dc88440bf69af322dc936c4ba1de5509,8,0.41896613903295005,0.001858807139187994,1.0028308573587768,-0.0028308573587767505,0.0034161574036488127,0.41896613903295005,0.4201546101975394,0.001858807139187994,NOT_APPLICABLE
qwen2.5-7b-inst,alphaedit,8,cb7c55a4e2dd79332d59c67a80558cdd018be66887291ba61bda4f4cd96f0c0d,4,1.0,0.8927755607948092,0.6668979648799017,0.3331020351200983,1.0725818393251922,0.1999999999999999,0.252601242879853,0.22462313040747708,0.0
qwen2.5-7b-inst,alphaedit,8,cb7c55a4e2dd79332d59c67a80558cdd018be66887291ba61bda4f4cd96f0c0d,5,0.8927755607948092,0.7786474307439583,0.6206112214053761,0.37938877859462394,0.8662995336163593,0.2231938901987023,0.23784900360948835,0.21108180611665847,0.0
qwen2.5-7b-inst,alphaedit,8,cb7c55a4e2dd79332d59c67a80558cdd018be66887291ba61bda4f4cd96f0c0d,6,0.7786474307439583,0.5837139531973238,0.8320472147507086,0.16795278524929136,0.5981409005790514,0.25954914358131925,0.26596824115558476,0.16125098672696678,0.0
qwen2.5-7b-inst,alphaedit,8,cb7c55a4e2dd79332d59c67a80558cdd018be66887291ba61bda4f4cd96f0c0d,7,0.5837139531973238,0.3208053817457721,0.990288140066887,0.009711859933112965,0.43438913952186986,0.2918569765986619,0.3156058440829989,0.12681118286209817,0.0
qwen2.5-7b-inst,alphaedit,8,cb7c55a4e2dd79332d59c67a80558cdd018be66887291ba61bda4f4cd96f0c0d,8,0.3208053817457721,0.0015793152576633928,1.004689638703994,-0.004689638703994081,0.0014976388292796243,0.3208053817457721,0.32231020117167275,0.0015793152576633928,NOT_APPLICABLE
qwen2.5-7b-inst,alphaedit,8,bc8ea88677fa3c48a9f530c375644aa2795c663a9f9bd749229249c49602f1d7,4,1.0,0.9006911608989325,0.5996598260479002,0.40034017395209975,0.958186065719941,0.19999999999999987,0.2260718862234447,0.20769138561046344,0.0
qwen2.5-7b-inst,alphaedit,8,bc8ea88677fa3c48a9f530c375644aa2795c663a9f9bd749229249c49602f1d7,5,0.9006911608989325,0.7531014379371187,0.7430966940888232,0.2569033059111768,0.760650441424507,0.22517279022473313,0.23944474631642876,0.18078281856102435,0.0
qwen2.5-7b-inst,alphaedit,8,bc8ea88677fa3c48a9f530c375644aa2795c663a9f9bd749229249c49602f1d7,6,0.7531014379371187,0.5371561124489137,0.9140021972260866,0.08599780277391345,0.47671190526374424,0.25103381264570584,0.2587785143866503,0.12160246380305155,0.0
qwen2.5-7b-inst,alphaedit,8,bc8ea88677fa3c48a9f530c375644aa2795c663a9f9bd749229249c49602f1d7,7,0.5371561124489137,0.2848619895424135,0.9798755678644093,0.020124432135590675,0.2903144869781159,0.26857805622445685,0.27448081183720535,0.07815921117264,0.0
qwen2.5-7b-inst,alphaedit,8,bc8ea88677fa3c48a9f530c375644aa2795c663a9f9bd749229249c49602f1d7,8,0.2848619895424135,0.0005816424659061391,1.0011162287773956,-0.0011162287773955892,0.0017097198343659014,0.2848619895424135,0.28518037657421474,0.0005816424659061391,NOT_APPLICABLE
qwen2.5-7b-inst,alphaedit,8,b413834a331862a731306abda170f203ac59c4af3e39d4bd2b6671b13fa2651c,4,1.0,0.9558453497141839,0.6076622058137815,0.3923377941862185,1.8837136236750818,0.19999999999999987,0.3958600951039937,0.38482754375257544,0.0
qwen2.5-7b-inst,alphaedit,8,b413834a331862a731306abda170f203ac59c4af3e39d4bd2b6671b13fa2651c,5,0.9558453497141839,0.7977681079897929,0.8611026519222016,0.1388973480777984,1.1370070639860776,0.23896133742854597,0.34082646346056744,0.27372054146659114,0.0
qwen2.5-7b-inst,alphaedit,8,b413834a331862a731306abda170f203ac59c4af3e39d4bd2b6671b13fa2651c,6,0.7977681079897929,0.5927428305676418,0.8542827699801268,0.14571723001987325,0.6036202870469304,0.26592270266326423,0.2781602953159965,0.16512728446009586,0.0
qwen2.5-7b-inst,alphaedit,8,b413834a331862a731306abda170f203ac59c4af3e39d4bd2b6671b13fa2651c,7,0.5927428305676418,0.3353041598997591,0.9203093789276451,0.07969062107235492,0.3380151870979316,0.2963714152838209,0.2905684997387704,0.10292448953444774,0.0
qwen2.5-7b-inst,alphaedit,8,b413834a331862a731306abda170f203ac59c4af3e39d4bd2b6671b13fa2651c,8,0.3353041598997591,0.0016876493311773159,1.0043975758795194,-0.004397575879519389,0.0024483303604087934,0.3353041598997591,0.3367796859445863,0.0016876493311773159,NOT_APPLICABLE
qwen2.5-7b-inst,alphaedit,8,62319418a997482ab3699f64675fd274c3b8fd81156833171d0938833ebbde03,4,1.0,0.9047144073620088,0.6330506222588994,0.3669493777411006,1.1800241965554727,0.19999999999999987,0.26782159694832397,0.24715249950433177,0.0
qwen2.5-7b-inst,alphaedit,8,62319418a997482ab3699f64675fd274c3b8fd81156833171d0938833ebbde03,5,0.9047144073620088,0.7815240537771162,0.761526982202803,0.23847301779719698,1.2048525161942352,0.2261786018405022,0.32238131431140743,0.2777984264342476,0.0
qwen2.5-7b-inst,alphaedit,8,62319418a997482ab3699f64675fd274c3b8fd81156833171d0938833ebbde03,6,0.7815240537771162,0.5896969420560964,0.823575921850843,0.17642407814915695,0.6222975401566287,0.2605080179257053,0.2689083245211847,0.16850251535453456,0.0
qwen2.5-7b-inst,alphaedit,8,62319418a997482ab3699f64675fd274c3b8fd81156833171d0938833ebbde03,7,0.5896969420560964,0.32942553960879506,1.0171815864696545,-0.01718158646965451,0.5313771227749344,0.2948484710280482,0.3383725072984849,0.1567576124257664,0.0
qwen2.5-7b-inst,alphaedit,8,62319418a997482ab3699f64675fd274c3b8fd81156833171d0938833ebbde03,8,0.32942553960879506,0.0035466761961437396,1.0102781628318496,-0.010278162831849569,0.0032049038258834678,0.32942553960879506,0.3328131035617819,0.0035466761961437396,NOT_APPLICABLE
qwen2.5-7b-inst,alphaedit,8,f861df3f9c6e6a756af53dd86b9a6637d28dfec0707b093be1f1b66e0835538e,4,1.0,0.9065044882213374,0.6230644790182969,0.37693552098170313,1.1773678797658544,0.1999999999999999,0.2664135484031305,0.24724688158050356,0.0
qwen2.5-7b-inst,alphaedit,8,f861df3f9c6e6a756af53dd86b9a6637d28dfec0707b093be1f1b66e0835538e,5,0.9065044882213374,0.7828486123596069,0.7034515119100908,0.2965484880899092,1.032174070241698,0.22662612205533436,0.2830765600328735,0.24338045115591483,0.0
qwen2.5-7b-inst,alphaedit,8,f861df3f9c6e6a756af53dd86b9a6637d28dfec0707b093be1f1b66e0835538e,6,0.7828486123596069,0.5866376468569556,0.8404849312494428,0.1595150687505572,0.624817128969027,0.2609495374532023,0.27328922068040673,0.16827532836379963,0.0
qwen2.5-7b-inst,alphaedit,8,f861df3f9c6e6a756af53dd86b9a6637d28dfec0707b093be1f1b66e0835538e,7,0.5866376468569556,0.32772539252597377,0.9549917438899808,0.04500825611001924,0.3953721032944946,0.2933188234284778,0.30317424664023296,0.11671909093469562,0.0
qwen2.5-7b-inst,alphaedit,8,f861df3f9c6e6a756af53dd86b9a6637d28dfec0707b093be1f1b66e0835538e,8,0.32772539252597377,0.006072253772423532,1.0183235433231586,-0.018323543323158553,0.002748158558829493,0.32772539252597377,0.33373169823610216,0.006072253772423532,NOT_APPLICABLE
qwen2.5-7b-inst,alphaedit,9,c5da7945932414925468ad5192bc538d69616b204b0c19a08458be414ffd783d,4,1.0,0.9506280868270259,0.5243659609030658,0.47563403909693425,1.600326196338473,0.1999999999999999,0.33680876447271685,0.3339024812028102,0.0
qwen2.5-7b-inst,alphaedit,9,c5da7945932414925468ad5192bc538d69616b204b0c19a08458be414ffd783d,5,0.9506280868270259,0.8650081943778037,0.4798902690672364,0.5201097309327636,0.9254655821592427,0.23765702170675648,0.24775459141702133,0.25229737882461484,0.0
qwen2.5-7b-inst,alphaedit,9,c5da7945932414925468ad5192bc538d69616b204b0c19a08458be414ffd783d,6,0.8650081943778037,0.647504804608242,0.8333698639058876,0.16663013609411237,0.5905110250428008,0.28833606479260093,0.2944994895651017,0.17691453034207572,0.0
qwen2.5-7b-inst,alphaedit,9,c5da7945932414925468ad5192bc538d69616b204b0c19a08458be414ffd783d,7,0.647504804608242,0.3621955455825389,0.9462837797923024,0.05371622020769762,0.37585466134522527,0.323752402304121,0.32964286427822703,0.1229202896474139,0.0
qwen2.5-7b-inst,alphaedit,9,c5da7945932414925468ad5192bc538d69616b204b0c19a08458be414ffd783d,8,0.3621955455825389,0.010656141357525555,1.0293566739844804,-0.029356673984480386,0.0019438861620336772,0.3621955455825389,0.37282906692898343,0.010656141357525555,NOT_APPLICABLE
qwen2.5-7b-inst,alphaedit,9,589228d3143b3e0e5da484e7298376b1b8067cb8a493d947f96663047fd97310,4,1.0,0.9065222793540791,0.5684226603723661,0.4315773396276339,0.9516766031755454,0.19999999999999993,0.22170184283009803,0.20899256992647458,0.0
qwen2.5-7b-inst,alphaedit,9,589228d3143b3e0e5da484e7298376b1b8067cb8a493d947f96663047fd97310,5,0.9065222793540791,0.8265488938826975,0.5194748762645467,0.4805251237354533,1.089692378484988,0.22663056983851979,0.27358389828126917,0.26990301033475594,0.0
qwen2.5-7b-inst,alphaedit,9,589228d3143b3e0e5da484e7298376b1b8067cb8a493d947f96663047fd97310,6,0.8265488938826975,0.6418317768911622,0.7880092125784028,0.21199078742159716,0.7307168084293454,0.27551629796089905,0.2960878134897266,0.20962556600523663,0.0
qwen2.5-7b-inst,alphaedit,9,589228d3143b3e0e5da484e7298376b1b8067cb8a493d947f96663047fd97310,7,0.6418317768911622,0.356206038277334,1.0181024492555524,-0.018102449255552377,0.5175943274935685,0.3209158884455811,0.36652422840940035,0.16620580134686494,0.0
qwen2.5-7b-inst,alphaedit,9,589228d3143b3e0e5da484e7298376b1b8067cb8a493d947f96663047fd97310,8,0.356206038277334,0.012622610466164802,1.0348766692039062,-0.034876669203906197,0.006272687092842738,0.356206038277334,0.3686360899593126,0.012622610466164802,NOT_APPLICABLE
qwen2.5-7b-inst,alphaedit,9,2a475a8db1c123494579a717b4a26faaf206a116fa5e2625a04fd4d22e6f1fe6,4,1.0,0.9064526218138763,0.5698902382333325,0.4301097617666675,0.9568366571839416,0.19999999999999993,0.22273852582475087,0.20981237291427005,0.0
qwen2.5-7b-inst,alphaedit,9,2a475a8db1c123494579a717b4a26faaf206a116fa5e2625a04fd4d22e6f1fe6,5,0.9064526218138763,0.7946142593131329,0.6077748203081592,0.3922251796918408,0.8878079491975294,0.22661315545346908,0.24381650364235108,0.21994829889883402,0.0
qwen2.5-7b-inst,alphaedit,9,2a475a8db1c123494579a717b4a26faaf206a116fa5e2625a04fd4d22e6f1fe6,6,0.7946142593131329,0.6015572669994302,0.7891896140485934,0.21081038595140655,0.5199482285830018,0.2648714197710441,0.2503233082324976,0.14860848865343693,0.0
qwen2.5-7b-inst,alphaedit,9,2a475a8db1c123494579a717b4a26faaf206a116fa5e2625a04fd4d22e6f1fe6,7,0.6015572669994302,0.317004125507252,0.9783227872533732,0.021677212746626817,0.2587965537845811,0.3007786334997151,0.3043801205420383,0.07811306110341501,0.0
qwen2.5-7b-inst,alphaedit,9,2a475a8db1c123494579a717b4a26faaf206a116fa5e2625a04fd4d22e6f1fe6,8,0.317004125507252,0.0021884913830029886,1.0062171538666154,-0.006217153866615366,0.003001272397925744,0.317004125507252,0.3189764078360489,0.0021884913830029886,NOT_APPLICABLE
qwen2.5-7b-inst,alphaedit,9,c5bb0823d9465b1daec7a2e191874ebc0e80430ac73333d7510aee66649f2711,4,1.0,0.9505863782340458,0.49983119539311466,0.5001688046068853,1.529327398612228,0.19999999999999984,0.3217871045293237,0.32180808723510496,0.0
qwen2.5-7b-inst,alphaedit,9,c5bb0823d9465b1daec7a2e191874ebc0e80430ac73333d7510aee66649f2711,5,0.9505863782340458,0.8235830273413487,0.7687126433435113,0.2312873566564887,1.2526049797618444,0.23764659455851145,0.3492627541700053,0.3027092542411382,0.0
qwen2.5-7b-inst,alphaedit,9,c5bb0823d9465b1daec7a2e191874ebc0e80430ac73333d7510aee66649f2711,6,0.8235830273413487,0.6045736494792587,0.9198926577486398,0.08010734225136018,0.7231732151558219,0.2745276757804494,0.3212304631693667,0.19974537955790028,0.0
qwen2.5-7b-inst,alphaedit,9,c5bb0823d9465b1daec7a2e191874ebc0e80430ac73333d7510aee66649f2711,7,0.6045736494792587,0.3520227721605955,0.9679896762041769,0.03201032379582314,0.5395277343707275,0.30228682473962937,0.3349924792463864,0.16337892221601988,0.0
qwen2.5-7b-inst,alphaedit,9,c5bb0823d9465b1daec7a2e191874ebc0e80430ac73333d7510aee66649f2711,8,0.3520227721605955,0.007256793981763964,1.0200991767505168,-0.020099176750516756,0.004580732523045098,0.3520227721605955,0.3591017605575452,0.007256793981763964,NOT_APPLICABLE
qwen2.5-7b-inst,alphaedit,9,3cdee578c9ea2f065dc37a81eef836ce67d8d7925897fa1b78b87f8ebf769bde,4,1.0,0.9371548700002871,0.6170581059034586,0.38294189409654145,1.657196914100673,0.1999999999999999,0.35367003368484334,0.3401732562303533,0.0
qwen2.5-7b-inst,alphaedit,9,3cdee578c9ea2f065dc37a81eef836ce67d8d7925897fa1b78b87f8ebf769bde,5,0.9371548700002871,0.8112842592750149,0.7356345465893691,0.2643654534106309,1.1552425676528846,0.23428871750007177,0.3208766456090817,0.2776567920407665,0.0
qwen2.5-7b-inst,alphaedit,9,3cdee578c9ea2f065dc37a81eef836ce67d8d7925897fa1b78b87f8ebf769bde,6,0.8112842592750149,0.5921913119083468,0.9111766283348052,0.08882337166519483,0.657395401279719,0.2704280864250048,0.3038451277663309,0.17939358374764097,0.0
qwen2.5-7b-inst,alphaedit,9,3cdee578c9ea2f065dc37a81eef836ce67d8d7925897fa1b78b87f8ebf769bde,7,0.5921913119083468,0.3276227872954802,0.9611287739172275,0.03887122608277249,0.38083604078289685,0.2960956559541734,0.3061125922026323,0.11334975719076423,0.0
qwen2.5-7b-inst,alphaedit,9,3cdee578c9ea2f065dc37a81eef836ce67d8d7925897fa1b78b87f8ebf769bde,8,0.3276227872954802,0.0038746182902380964,1.0114952534165997,-0.011495253416599738,0.0027792699048787696,0.3276227872954802,0.3313901452131856,0.0038746182902380964,NOT_APPLICABLE
qwen2.5-7b-inst,alphaedit,9,c2a511b461d586287863e69ded39d72e773ee7ff59c54b951a1fc191530a9230,4,1.0,0.9354289759579508,0.48921962549386744,0.5107803745061326,1.23634325311129,0.19999999999999993,0.2659233334239146,0.2675399955516504,0.0
qwen2.5-7b-inst,alphaedit,9,c2a511b461d586287863e69ded39d72e773ee7ff59c54b951a1fc191530a9230,5,0.9354289759579508,0.847933896023228,0.49040520670147825,0.5095947932985218,0.9108312018155421,0.2338572439894877,0.24191633235578916,0.24407575709718474,0.0
qwen2.5-7b-inst,alphaedit,9,c2a511b461d586287863e69ded39d72e773ee7ff59c54b951a1fc191530a9230,6,0.847933896023228,0.6449545294824359,0.8212735988177393,0.17872640118226069,0.6782484655243072,0.28264463200774254,0.30105452252200066,0.19824737757412905,0.0
qwen2.5-7b-inst,alphaedit,9,c2a511b461d586287863e69ded39d72e773ee7ff59c54b951a1fc191530a9230,7,0.6449545294824359,0.34232258733366083,1.0192805882065465,-0.019280588206546545,0.4062721736881152,0.32247726474121796,0.3538429448307049,0.13116099049512056,0.0
qwen2.5-7b-inst,alphaedit,9,c2a511b461d586287863e69ded39d72e773ee7ff59c54b951a1fc191530a9230,8,0.34232258733366083,0.006177228057620198,1.0177525445198001,-0.01775254451980013,0.0032358889169782014,0.34232258733366083,0.34840144526536915,0.006177228057620198,NOT_APPLICABLE
qwen2.5-7b-inst,alphaedit,9,3e85fe2dc398bc4391de8657ba293c4c2da08fa360ff4e648e41a041f0e4caa8,4,1.0,0.9391744720750209,0.6787938403811248,0.3212061596188752,1.8380409546598093,0.19999999999999984,0.3918752673362322,0.37317920349257633,0.0
qwen2.5-7b-inst,alphaedit,9,3e85fe2dc398bc4391de8657ba293c4c2da08fa360ff4e648e41a041f0e4caa8,5,0.9391744720750209,0.8605853970605349,0.5160322503110768,0.4839677496889232,1.1385424093225294,0.23479361801875523,0.29349841834339513,0.29047145883718833,0.0
qwen2.5-7b-inst,alphaedit,9,3e85fe2dc398bc4391de8657ba293c4c2da08fa360ff4e648e41a041f0e4caa8,6,0.8605853970605349,0.6615222273151373,0.7944811523831451,0.2055188476168549,0.6735182123730737,0.2868617990201782,0.29878100060308344,0.20200138568186624,0.0
qwen2.5-7b-inst,alphaedit,9,3e85fe2dc398bc4391de8657ba293c4c2da08fa360ff4e648e41a041f0e4caa8,7,0.6615222273151373,0.3864972168870756,0.9104434617460426,0.08955653825395737,0.4222309512267849,0.33076111365756866,0.33194745599293496,0.14276446263977402,0.0
qwen2.5-7b-inst,alphaedit,9,3e85fe2dc398bc4391de8657ba293c4c2da08fa360ff4e648e41a041f0e4caa8,8,0.3864972168870756,0.0017141172008339806,1.0004219411578237,-0.0004219411578236798,0.004414888171538811,0.3864972168870756,0.38666406101783407,0.0017141172008339806,NOT_APPLICABLE
qwen2.5-7b-inst,alphaedit,9,0d37408f349a9e1575f9996b4666d8be3c1a4b030ef6385556f20138f0e45d77,4,1.0,0.9272028414725033,0.49441613534455586,0.5055838646554441,1.0919440321846252,0.19999999999999982,0.23973227436560643,0.24066215436778168,0.0
qwen2.5-7b-inst,alphaedit,9,0d37408f349a9e1575f9996b4666d8be3c1a4b030ef6385556f20138f0e45d77,5,0.9272028414725033,0.7899127511828966,0.6808102875394757,0.3191897124605243,0.7717252008677652,0.23180071036812583,0.23854787057372687,0.19358369134633918,0.0
qwen2.5-7b-inst,alphaedit,9,0d37408f349a9e1575f9996b4666d8be3c1a4b030ef6385556f20138f0e45d77,6,0.7899127511828966,0.5702175477200109,0.8920626986294266,0.10793730137057345,0.49650794351589894,0.2633042503942987,0.26881494159735536,0.13378618230293285,0.0
qwen2.5-7b-inst,alphaedit,9,0d37408f349a9e1575f9996b4666d8be3c1a4b030ef6385556f20138f0e45d77,7,0.5702175477200109,0.30001514086847986,1.0010278999469846,-0.0010278999469846006,0.3306878283710179,0.28510877386000544,0.30057162942544463,0.09428245675068442,0.0
qwen2.5-7b-inst,alphaedit,9,0d37408f349a9e1575f9996b4666d8be3c1a4b030ef6385556f20138f0e45d77,8,0.30001514086847986,0.0031121874805274496,1.009931559020813,-0.009931559020813108,0.002995377008812712,0.30001514086847986,0.3029960916191202,0.0031121874805274496,NOT_APPLICABLE
qwen2.5-7b-inst,alphaedit,9,cad93aa25aedcacddc439835622bc76cd6fca8de2ba3a8c308395f1f1077074d,4,1.0,0.9505007400972373,0.44543391967729873,0.5545660803227013,1.3572837739797825,0.1999999999999999,0.28570128595495514,0.293241387294037,0.0
qwen2.5-7b-inst,alphaedit,9,cad93aa25aedcacddc439835622bc76cd6fca8de2ba3a8c308395f1f1077074d,5,0.9505007400972373,0.8453607222294113,0.602355262999574,0.397644737000426,1.054556664888084,0.23762518502430932,0.28858711677790566,0.2678122382867982,0.0
qwen2.5-7b-inst,alphaedit,9,cad93aa25aedcacddc439835622bc76cd6fca8de2ba3a8c308395f1f1077074d,6,0.8453607222294113,0.6188208577272203,0.9062346877698475,0.0937653122301525,0.6624385336975854,0.28178690740980367,0.31631582852634693,0.18852718069762442,0.0
qwen2.5-7b-inst,alphaedit,9,cad93aa25aedcacddc439835622bc76cd6fca8de2ba3a8c308395f1f1077074d,7,0.6188208577272203,0.3393393829961058,1.002305831605258,-0.002305831605257991,0.4554347312834132,0.30941042886361014,0.3406379460466032,0.14091806158172274,0.0
qwen2.5-7b-inst,alphaedit,9,cad93aa25aedcacddc439835622bc76cd6fca8de2ba3a8c308395f1f1077074d,8,0.3393393829961058,0.0033203112705989554,1.0077589124081727,-0.0077589124081727245,0.00596140235566298,0.3393393829961058,0.3419782708442345,0.0033203112705989554,NOT_APPLICABLE
qwen2.5-7b-inst,alphaedit,9,93d42cde8e8fd31026407a218569f7f6e8f3966169613fa62ecac7505fffc82b,4,1.0,0.9447683778209263,0.5994092538567591,0.40059074614324086,1.7174059736177951,0.19999999999999993,0.36380075491000236,0.35270135945945447,0.0
qwen2.5-7b-inst,alphaedit,9,93d42cde8e8fd31026407a218569f7f6e8f3966169613fa62ecac7505fffc82b,5,0.9447683778209263,0.9448409069960382,0.3478015846570743,0.6521984153429257,1.6321468824165102,0.23619209445523157,0.39415566513930045,0.4151385126736382,0.0
qwen2.5-7b-inst,alphaedit,9,93d42cde8e8fd31026407a218569f7f6e8f3966169613fa62ecac7505fffc82b,6,0.9448409069960382,0.7045852220294926,0.8536295202767679,0.14637047972323214,0.6308381436947684,0.31494696899867913,0.33429512215896184,0.20395851932208472,0.0
qwen2.5-7b-inst,alphaedit,9,93d42cde8e8fd31026407a218569f7f6e8f3966169613fa62ecac7505fffc82b,7,0.7045852220294926,0.40297816506145634,0.9140416287480772,0.08595837125192285,0.3593617815055866,0.3522926110147463,0.3460031775679835,0.13017187263818852,0.0
qwen2.5-7b-inst,alphaedit,9,93d42cde8e8fd31026407a218569f7f6e8f3966169613fa62ecac7505fffc82b,8,0.40297816506145634,0.0045344229520499265,1.0107152612550498,-0.010715261255049846,0.0034346718239914855,0.40297816506145634,0.4072985331344173,0.0045344229520499265,NOT_APPLICABLE
qwen2.5-7b-inst,alphaedit,10,ff1c1d9405055ee8e382e7231c176b6bfdaa8fe6d7949fc5d436643c5ad7ca6c,4,1.0,0.95012943018613,0.6130604382455073,0.38693956175449273,1.8230221156526902,0.19999999999999987,0.38466883081947656,0.37272680926434915,0.0
qwen2.5-7b-inst,alphaedit,10,ff1c1d9405055ee8e382e7231c176b6bfdaa8fe6d7949fc5d436643c5ad7ca6c,5,0.95012943018613,0.8195730568664765,0.7077243208637205,0.2922756791362795,1.0324395711641206,0.2375323575465325,0.2973242136110077,0.2548752680039343,0.0
qwen2.5-7b-inst,alphaedit,10,ff1c1d9405055ee8e382e7231c176b6bfdaa8fe6d7949fc5d436643c5ad7ca6c,6,0.8195730568664765,0.5946804015306357,0.875788022904745,0.124211977095255,0.47555535478344735,0.27319101895549214,0.27225476759235234,0.13427595948956522,0.0
qwen2.5-7b-inst,alphaedit,10,ff1c1d9405055ee8e382e7231c176b6bfdaa8fe6d7949fc5d436643c5ad7ca6c,7,0.5946804015306357,0.3265649696326808,0.9336828388381495,0.06631716116185049,0.2630641175087634,0.29734020076531786,0.2884301675002659,0.08066675564662985,0.0
qwen2.5-7b-inst,alphaedit,10,ff1c1d9405055ee8e382e7231c176b6bfdaa8fe6d7949fc5d436643c5ad7ca6c,8,0.3265649696326808,0.001548326992310253,0.996442860567925,0.0035571394320750294,0.003134682555733094,0.3265649696326808,0.3254049426777379,0.001548326992310253,NOT_APPLICABLE
qwen2.5-7b-inst,alphaedit,10,33d7d08444cf56ef400978ca49e87be35361a5b7e9d51181355ebe6914d6ed92,4,1.0,0.9234702890190117,0.5523105123298946,0.4476894876701054,1.2401582918282117,0.1999999999999998,0.271517181100598,0.26369819613797774,0.0
qwen2.5-7b-inst,alphaedit,10,33d7d08444cf56ef400978ca49e87be35361a5b7e9d51181355ebe6914d6ed92,5,0.9234702890190117,0.7995082421061377,0.622113854626346,0.37788614537365395,0.7633278276700179,0.23086757225475293,0.2273424410223026,0.19663999760980863,0.0
qwen2.5-7b-inst,alphaedit,10,33d7d08444cf56ef400978ca49e87be35361a5b7e9d51181355ebe6914d6ed92,6,0.7995082421061377,0.5699524501727409,0.9345286977435422,0.06547130225645781,0.5546111546543495,0.2665027473687124,0.2896110529195876,0.1488317095176798,0.0
qwen2.5-7b-inst,alphaedit,10,33d7d08444cf56ef400978ca49e87be35361a5b7e9d51181355ebe6914d6ed92,7,0.5699524501727409,0.310604476298211,1.0609486965035015,-0.06094869650350154,0.55329255337688,0.28497622508637044,0.34098983635042346,0.1586289876753607,0.0
qwen2.5-7b-inst,alphaedit,10,33d7d08444cf56ef400978ca49e87be35361a5b7e9d51181355ebe6914d6ed92,8,0.310604476298211,0.0017971200501962995,1.0053495855676748,-0.005349585567674842,0.0022041631131825504,0.310604476298211,0.31226683201643324,0.0017971200501962995,NOT_APPLICABLE
qwen2.5-7b-inst,alphaedit,10,719bc0576defaa23049b37c5031acb62bc8db10d464ac03f6da1299e2cd3a5b7,4,1.0,0.8817793995822216,0.6450640396917107,0.35493596030828933,0.6876812632341466,0.20000000000000004,0.18857498615741156,0.15477532823073306,0.0
qwen2.5-7b-inst,alphaedit,10,719bc0576defaa23049b37c5031acb62bc8db10d464ac03f6da1299e2cd3a5b7,5,0.8817793995822216,0.7455299185454934,0.7213492591578837,0.2786507408421163,0.8294133208692525,0.2204448498955554,0.2423160444490281,0.19288265441261981,0.0
qwen2.5-7b-inst,alphaedit,10,719bc0576defaa23049b37c5031acb62bc8db10d464ac03f6da1299e2cd3a5b7,6,0.7455299185454934,0.5398250736376546,0.8815203212354882,0.11847967876451182,0.4803138718112941,0.24850997284849782,0.24947474083076573,0.12294058608678786,0.0
qwen2.5-7b-inst,alphaedit,10,719bc0576defaa23049b37c5031acb62bc8db10d464ac03f6da1299e2cd3a5b7,7,0.5398250736376546,0.2856250738817119,0.975751060098914,0.02424893990108601,0.26595073247668427,0.2699125368188273,0.27297485659659787,0.07208120455402002,0.0
qwen2.5-7b-inst,alphaedit,10,719bc0576defaa23049b37c5031acb62bc8db10d464ac03f6da1299e2cd3a5b7,8,0.2856250738817119,0.0026159562707434364,1.008894893815772,-0.00889489381577202,0.0021823775949913683,0.2856250738817119,0.2881663527709512,0.0026159562707434364,NOT_APPLICABLE
qwen2.5-7b-inst,alphaedit,10,9ca8ef6d615cff61f4b47ea671a3b6ee00e045b5353a561638eae765a2c6c5ff,4,1.0,0.9394017410622354,0.6278861191947231,0.37211388080527685,1.7165404134592388,0.19999999999999982,0.36555448128650914,0.35128220742455896,0.0
qwen2.5-7b-inst,alphaedit,10,9ca8ef6d615cff61f4b47ea671a3b6ee00e045b5353a561638eae765a2c6c5ff,5,0.9394017410622354,0.8351990989171549,0.5689841544791269,0.43101584552087313,0.9356361359727176,0.23485043526555885,0.2571754831418863,0.2419289662725127,0.0
qwen2.5-7b-inst,alphaedit,10,9ca8ef6d615cff61f4b47ea671a3b6ee00e045b5353a561638eae765a2c6c5ff,6,0.8351990989171549,0.6253303161458338,0.8419896340814412,0.15801036591855877,0.6230784552825722,0.2783996996390514,0.29161266283948595,0.17895580273076372,0.0
qwen2.5-7b-inst,alphaedit,10,9ca8ef6d615cff61f4b47ea671a3b6ee00e045b5353a561638eae765a2c6c5ff,7,0.6253303161458338,0.34187855514227145,0.9573990796235359,0.042600920376464124,0.32951497527013635,0.3126651580729169,0.31657916479325143,0.10388530190030662,0.0
qwen2.5-7b-inst,alphaedit,10,9ca8ef6d615cff61f4b47ea671a3b6ee00e045b5353a561638eae765a2c6c5ff,8,0.34187855514227145,0.0017679951843816576,1.0038332154812357,-0.003833215481235719,0.0034713067975668476,0.34187855514227145,0.3431911012541703,0.0017679951843816576,NOT_APPLICABLE
qwen2.5-7b-inst,alphaedit,10,5be41b224968c5352077e3540871e2fe58f711f7d4c62e7adf253619a971f328,4,1.0,0.9297664718277129,0.5847852026527464,0.41521479734725364,1.455170298164345,0.19999999999999982,0.313655500822244,0.302649891762467,0.0
qwen2.5-7b-inst,alphaedit,10,5be41b224968c5352077e3540871e2fe58f711f7d4c62e7adf253619a971f328,5,0.9297664718277129,0.7903750382069933,0.7268207046054608,0.2731792953945392,0.921112753440847,0.23244161795692822,0.2727320857877558,0.22332252672643157,0.0
qwen2.5-7b-inst,alphaedit,10,5be41b224968c5352077e3540871e2fe58f711f7d4c62e7adf253619a971f328,6,0.7903750382069933,0.5759697076782158,0.8738586495891373,0.12614135041086272,0.5088661870701275,0.26345834606899754,0.26641537097232276,0.13812265474702806,0.0
qwen2.5-7b-inst,alphaedit,10,5be41b224968c5352077e3540871e2fe58f711f7d4c62e7adf253619a971f328,7,0.5759697076782158,0.2980725399032383,1.0258921480467456,-0.025892148046745556,0.3498541845896089,0.2879848538391079,0.31214856851593087,0.10102825295294336,0.0
qwen2.5-7b-inst,alphaedit,10,5be41b224968c5352077e3540871e2fe58f711f7d4c62e7adf253619a971f328,8,0.2980725399032383,0.00925937776768269,1.0307377724236209,-0.030737772423620857,0.004491365254837592,0.2980725399032383,0.30723754254556485,0.00925937776768269,NOT_APPLICABLE
qwen2.5-7b-inst,alphaedit,10,dbf463ad5bb621bfe8a9a2c2319e02df1ad94daa27c797d0294c20d6f80a83f2,4,1.0,0.9181878158578112,0.5730882156158095,0.42691178438419053,1.2162128444576688,0.19999999999999993,0.2688943127625814,0.2577927349379657,0.0
qwen2.5-7b-inst,alphaedit,10,dbf463ad5bb621bfe8a9a2c2319e02df1ad94daa27c797d0294c20d6f80a83f2,5,0.9181878158578112,0.7741111280778981,0.7191417242673144,0.2808582757326856,0.7801718947727845,0.2295469539644528,0.24356143397224556,0.19033713909638278,0.0
qwen2.5-7b-inst,alphaedit,10,dbf463ad5bb621bfe8a9a2c2319e02df1ad94daa27c797d0294c20d6f80a83f2,6,0.7741111280778981,0.5520403567614784,0.9187541501564118,0.08124584984358818,0.4953586705851143,0.25803704269263245,0.2693354757778141,0.12952870995639887,0.0
qwen2.5-7b-inst,alphaedit,10,dbf463ad5bb621bfe8a9a2c2319e02df1ad94daa27c797d0294c20d6f80a83f2,7,0.5520403567614784,0.29403884391192386,0.9673384318767116,0.032661568123288354,0.2615952813312856,0.2760201783807392,0.2765958713056671,0.07276620096491236,0.0
qwen2.5-7b-inst,alphaedit,10,dbf463ad5bb621bfe8a9a2c2319e02df1ad94daa27c797d0294c20d6f80a83f2,8,0.29403884391192386,0.0011422041803635652,1.0037251860865113,-0.0037251860865112896,0.0011011815393241816,0.29403884391192386,0.2951343709363249,0.0011422041803635652,NOT_APPLICABLE
qwen2.5-7b-inst,alphaedit,10,c6d164c926536dfcf140503cf8c1f3ba3f16534a36f08de1199bc1f118a10e43,4,1.0,0.9173423720499276,0.6224858233258365,0.37751417667416354,1.3694142258540405,0.19999999999999982,0.30085105432509684,0.2840994386169312,0.0
qwen2.5-7b-inst,alphaedit,10,c6d164c926536dfcf140503cf8c1f3ba3f16534a36f08de1199bc1f118a10e43,5,0.9173423720499276,0.7885254367197227,0.6479314850070238,0.3520685149929762,0.765225173161692,0.2293355930124819,0.22995222429469708,0.19317651905681074,0.0
qwen2.5-7b-inst,alphaedit,10,c6d164c926536dfcf140503cf8c1f3ba3f16534a36f08de1199bc1f118a10e43,6,0.7885254367197227,0.557124885033556,0.9290373317816778,0.0709626682183222,0.45155791945672047,0.2628418122399074,0.27150616703798663,0.12014494778338781,0.0
qwen2.5-7b-inst,alphaedit,10,c6d164c926536dfcf140503cf8c1f3ba3f16534a36f08de1199bc1f118a10e43,7,0.557124885033556,0.2779184422770377,1.051618071114653,-0.051618071114653,0.3097633307741641,0.278562442516778,0.3053854900180026,0.08747825246712604,0.0
qwen2.5-7b-inst,alphaedit,10,c6d164c926536dfcf140503cf8c1f3ba3f16534a36f08de1199bc1f118a10e43,8,0.2779184422770377,0.0070787292349250705,1.0254278469077018,-0.025427846907701834,0.0014738914244940252,0.2779184422770377,0.28498560426328656,0.0070787292349250705,NOT_APPLICABLE
qwen2.5-7b-inst,alphaedit,10,bec2d64187af6c88f13d2db08996689e9e0dd634593dcaa26ba2380288b964d1,4,1.0,0.8949230398471536,0.7573000236702663,0.24269997632973372,1.4218572685341686,0.19999999999999987,0.32219133557154694,0.2884844100185587,0.0
qwen2.5-7b-inst,alphaedit,10,bec2d64187af6c88f13d2db08996689e9e0dd634593dcaa26ba2380288b964d1,5,0.8949230398471536,0.7240255209499612,0.9035867019842942,0.09641329801570575,0.9406747612901991,0.2237307599617884,0.2918239896568084,0.21156041830146427,0.0
qwen2.5-7b-inst,alphaedit,10,bec2d64187af6c88f13d2db08996689e9e0dd634593dcaa26ba2380288b964d1,6,0.7240255209499612,0.4870524853180906,1.0577422928315299,-0.05774229283152987,0.5480613665709665,0.24134184031665368,0.2875099599912966,0.13300222343799134,0.0
qwen2.5-7b-inst,alphaedit,10,bec2d64187af6c88f13d2db08996689e9e0dd634593dcaa26ba2380288b964d1,7,0.4870524853180906,0.24179571337095845,1.0426602887759575,-0.04266028877595751,0.2633228307216797,0.2435262426590453,0.26188746815112995,0.0649621091557048,0.0
qwen2.5-7b-inst,alphaedit,10,bec2d64187af6c88f13d2db08996689e9e0dd634593dcaa26ba2380288b964d1,8,0.24179571337095845,0.007963988846814532,1.0326140811437647,-0.03261408114376474,0.004599752022361729,0.24179571337095845,0.24968413550817464,0.007963988846814532,NOT_APPLICABLE
qwen2.5-7b-inst,alphaedit,10,c7f5868b37621703d985c03ffc002fca966f236b80fa46fa2649ad61e8f5f82f,4,1.0,0.9212683001427413,0.5093959890472987,0.49060401095270134,1.0260885137320757,0.19999999999999982,0.2291149852515432,0.22746867332235218,0.0
qwen2.5-7b-inst,alphaedit,10,c7f5868b37621703d985c03ffc002fca966f236b80fa46fa2649ad61e8f5f82f,5,0.9212683001427413,0.8290162834891268,0.5323440447725684,0.46765595522743164,0.9651160451464359,0.23031707503568533,0.25385488692578556,0.24700376945631483,0.0
qwen2.5-7b-inst,alphaedit,10,c7f5868b37621703d985c03ffc002fca966f236b80fa46fa2649ad61e8f5f82f,6,0.8290162834891268,0.6400143951242432,0.8109984412024396,0.18900155879756042,0.7565447118270459,0.27633876116304207,0.30648427563340847,0.21548780542494222,0.0
qwen2.5-7b-inst,alphaedit,10,c7f5868b37621703d985c03ffc002fca966f236b80fa46fa2649ad61e8f5f82f,7,0.6400143951242432,0.34496960205818905,1.009557307124075,-0.009557307124075098,0.42558158991664696,0.3200071975621216,0.3505978828299238,0.1362235089951163,0.0
qwen2.5-7b-inst,alphaedit,10,c7f5868b37621703d985c03ffc002fca966f236b80fa46fa2649ad61e8f5f82f,8,0.34496960205818905,0.0016139269272922975,1.002758001579008,-0.0027580015790080736,0.003779077569134244,0.34496960205818905,0.34592348531061473,0.0016139269272922975,NOT_APPLICABLE
qwen2.5-7b-inst,alphaedit,10,d9adf170517c84e347c8b92c76d199c5006909274e4ea6d0c61da2f5ed455049,4,1.0,0.9108575232184417,0.6354514852474178,0.3645485147525822,1.3008658472194143,0.19999999999999976,0.2895548682073938,0.2701960452760324,0.0
qwen2.5-7b-inst,alphaedit,10,d9adf170517c84e347c8b92c76d199c5006909274e4ea6d0c61da2f5ed455049,5,0.9108575232184417,0.7704479663203398,0.7097503355220365,0.2902496644779635,0.7884331686581051,0.22771438080461043,0.2415675464734442,0.19131690766371245,0.0
qwen2.5-7b-inst,alphaedit,10,d9adf170517c84e347c8b92c76d199c5006909274e4ea6d0c61da2f5ed455049,6,0.7704479663203398,0.5413862360459017,0.9259303345306314,0.07406966546936855,0.3770897580370671,0.25681598877344647,0.25675738566964396,0.09869321866888332,0.0
qwen2.5-7b-inst,alphaedit,10,d9adf170517c84e347c8b92c76d199c5006909274e4ea6d0c61da2f5ed455049,7,0.5413862360459017,0.2842311571041625,0.9718888754513964,0.02811112454860365,0.2133395462203303,0.2706931180229509,0.26934737159321587,0.058248729440953995,0.0
qwen2.5-7b-inst,alphaedit,10,d9adf170517c84e347c8b92c76d199c5006909274e4ea6d0c61da2f5ed455049,8,0.2842311571041625,0.00022964340243043714,0.9999401808274184,5.981917258157665e-05,0.0008057284089006504,0.2842311571041625,0.2842142468982145,0.00022964340243043714,NOT_APPLICABLE
