arm,batch,metric,target,rank,case_hash,prompt_hash,cohort,prompt_index,nll,margin,success,finite,arm_display_label
MEMIT_ORIGINAL,1,RS,new,1,3c57b523e8abd5af4cfbb496e59ee40aa2de1142b182df2e2606077d79daa022,1e347ab35095fed725359628c6747cc37df371e3b2d3646fc9465544c92a08f3,1,0,0.05561371147632599,7.293350979685783,True,True,MEMIT_BLUE (L4+L8)
MEMIT_ORIGINAL,1,RS,new,2,259ef349143f9f40e07551697013e9a61805eb002acf8a9353435a3a6cb5f4ff,7b8cdbc39cc533ff91cf4edce6e1b1f4b3083670602fd3b64c71446947866632,1,0,0.039373915642499924,16.47935052588582,True,True,MEMIT_BLUE (L4+L8)
MEMIT_ORIGINAL,1,RS,new,3,23da7cbdb3fa4585f6d29153c16b5421d171a13222c8c6e73392dcab15fa7ae0,2702893ac95717602eef8914924cb48429872fc73ccdb71f2d37b49eebe18bf0,1,0,0.03900321200489998,7.548306625336409,True,True,MEMIT_BLUE (L4+L8)
MEMIT_ORIGINAL,1,RS,new,4,e1fc519d56a8021399e6ad80fdfec6cd4635b250a44559eee5ffe80945492f2e,7d154eed976ffacec95ad94a3e1ed42166c5187e3af3fec39427548ead7ea8f7,1,0,0.03750431165099144,16.55964458361268,True,True,MEMIT_BLUE (L4+L8)
MEMIT_ORIGINAL,1,RS,new,5,4e12486c3a0f8fa2dae48d8dbce2a52e30db7ac114acdadf2357c28ace86c1a2,b099c3137cbf5fb48e98415b6e6a5d135468a0b3ede02350506d30783f129f8e,1,0,0.037214457988739014,13.590308964252472,True,True,MEMIT_BLUE (L4+L8)
MEMIT_ORIGINAL,1,RS,true,1,ad50671db539cca0a32451707008b13770ebfc60445d62d21271929ae7e0d95f,8def2afb0fc5d2855e2b3d1f24c149882eae30bff76be70ec1d442a09168b854,1,0,25.468151092529297,25.468148708346234,True,True,MEMIT_BLUE (L4+L8)
MEMIT_ORIGINAL,1,RS,true,2,f27f4a6236a87083d1d1c5cc7ff4324e147db1335ce7c412a5e5efb2fcccc333,3948ec528375109b491d1b9b5d97f2f5988fa33f8f3f9f2db426ec8f14ff98d9,1,0,23.477664947509766,23.471805724315345,True,True,MEMIT_BLUE (L4+L8)
MEMIT_ORIGINAL,1,RS,true,3,5edd6b7ba99be850ab24ef3acbb3b0de8f0dcb9a04e70b819b87ab641c88faee,fb1846d375f5e17c8b568bdea761fffb92b82750fa751792bc0c0514aeaddac4,1,0,22.871896743774414,22.87083681987133,True,True,MEMIT_BLUE (L4+L8)
MEMIT_ORIGINAL,1,RS,true,4,b5bf10f0b7d29480034eeb57c95a2cbb3a94a9a6c8b83d7f0433fe898330c59d,5dde015dbf947a1228b0f0787c8ec8b9b67f70589c4ebde5dfa6743a5a85d65c,1,0,22.730432510375977,22.729054923402146,True,True,MEMIT_BLUE (L4+L8)
MEMIT_ORIGINAL,1,RS,true,5,8ff2cef1b3ae7035aaf492441049fe129b5cb3ae48da945455e3d1dd84dd91d1,e93da5532f0cd80ed30302dd2f1e6cf86f3d5933140c6cb2c4eaf1fa4ce7c89f,1,0,22.395708084106445,22.391478198580444,True,True,MEMIT_BLUE (L4+L8)
MEMIT_ORIGINAL,1,PS,new,1,b1cba45079f1230881954a0d5653c20fcc9484eb89a89246c7518273c81babbe,861c8f0fdef0d9e33d0579270144017600e57e8cf2bc7db4a2cc2ff442319636,1,1,14.64069938659668,-2.206040382385254,False,True,MEMIT_BLUE (L4+L8)
MEMIT_ORIGINAL,1,PS,new,2,9f3e62b138fd783f92d5d2b532554ba3a31db3eb63690776caa4787203cbd4fa,03c5b0e118f62c1138077e7d6a258cd3c76968c1addffa5f2d6d6df0a3487e64,1,1,11.877300262451172,1.427621841430664,True,True,MEMIT_BLUE (L4+L8)
MEMIT_ORIGINAL,1,PS,new,3,618dd2c82346f223f482616b7d919335639c543efd95b712a2e8ebeafadcf85a,fdd1b794ce6c9750d888cbdd093ca00730c304a3ab0a034534fc0f9eba155f0f,1,1,11.470269203186035,-2.0077247619628906,False,True,MEMIT_BLUE (L4+L8)
MEMIT_ORIGINAL,1,PS,new,4,b9016deff160e100027b2225e063f9f455756d79c4d46427a22c4001e0990b1e,f70209c4a0a5389aa9da7173a53c64296a6c901cade5554cecbc035787f2124b,1,1,10.618849754333496,-8.11979603767395,False,True,MEMIT_BLUE (L4+L8)
MEMIT_ORIGINAL,1,PS,new,5,68fb74e20a2f319724f156afdb0a5f9470feb0bcbacfa1f2ca998fa86adda627,94bb829fdfd7ec8c15cd151f74806197939d079e3ca34c10cd9d318af21a0da1,1,1,10.172073364257812,1.1126127243041992,True,True,MEMIT_BLUE (L4+L8)
MEMIT_ORIGINAL,1,PS,true,1,5edd6b7ba99be850ab24ef3acbb3b0de8f0dcb9a04e70b819b87ab641c88faee,19d296cb2906b544ea446aa3a51f496e488e28aa893fc19d7d52e92e6952acdf,1,0,22.34993553161621,22.34664053772576,True,True,MEMIT_BLUE (L4+L8)
MEMIT_ORIGINAL,1,PS,true,2,95f4b096690274bdd3cec9f2a44807f912a00e93adf5d1bcf5e21be88c259bd9,eca08a6e400ecb83b77e9b3cf24f65010472626737ebd9c8ab2c825e912b0c48,1,0,21.436506271362305,21.43625620153034,True,True,MEMIT_BLUE (L4+L8)
MEMIT_ORIGINAL,1,PS,true,3,b5bf10f0b7d29480034eeb57c95a2cbb3a94a9a6c8b83d7f0433fe898330c59d,e146133d7eba8a6bff87660f9c0994b7e451590e4c367ca03a1601e032ef7fd4,1,1,21.104997634887695,21.101150293834507,True,True,MEMIT_BLUE (L4+L8)
MEMIT_ORIGINAL,1,PS,true,4,ad50671db539cca0a32451707008b13770ebfc60445d62d21271929ae7e0d95f,c35f4c5cf95f958bf1b8bf0ebd6af1fe186d1c4b2df6ffaf2a7c496bf7258979,1,1,19.782196044921875,19.779328170930967,True,True,MEMIT_BLUE (L4+L8)
MEMIT_ORIGINAL,1,PS,true,5,5763aafce45eb22c277e759f13421c4d37693b1b57019bf46f4be5c3edb10cc3,8610f3f50e8887523c7826edbe77cf20b7a968afd0cd52dca7c5190dec6d2425,1,1,19.0207462310791,19.018368093995377,True,True,MEMIT_BLUE (L4+L8)
MEMIT_ORIGINAL,1,NS,new,1,c81b352b270b2e498256b5e24c726a039cd665477a83d71d95633340782782d4,29934bc60846741c680f72a6f0fa41d4ac12b9b8157c0202be1cd54cd5d08b89,1,1,23.745235443115234,-11.280235290527344,True,True,MEMIT_BLUE (L4+L8)
MEMIT_ORIGINAL,1,NS,new,2,4ac2b92481a3f06f088153438d84170ffe48af1e2bff8055d276137e4e290ef0,3a4f1207d056d2935e97985daf6fd032c3893187ba01bd945fbae26325019449,1,5,23.00279426574707,-12.785494804382324,True,True,MEMIT_BLUE (L4+L8)
MEMIT_ORIGINAL,1,NS,new,3,b39673b7e758f1e40454c363190771b1b189aa9b80171d1e3cda2bf0f7e29b80,e1fffe4f70868555a1432b21f106f6eef338d3574f9c1a0ca1eab9e18f4a012a,1,8,22.68739128112793,-16.795331954956055,True,True,MEMIT_BLUE (L4+L8)
MEMIT_ORIGINAL,1,NS,new,4,7af0d5719d69078a48d83de5be42a15791e0f56fbc3cbb4e8f3b5817b88a115b,bb232d496c9c8d951a403905136d939d1d9080ab08f0dbf3ed5b46eedc11e178,1,6,22.1539249420166,-15.766644954681396,True,True,MEMIT_BLUE (L4+L8)
MEMIT_ORIGINAL,1,NS,new,5,b39673b7e758f1e40454c363190771b1b189aa9b80171d1e3cda2bf0f7e29b80,2c929f6cd8dd7eba61e2296196aef5f3251b004f26b594d54166b93f7bd81709,1,9,21.758085250854492,-14.092223167419434,True,True,MEMIT_BLUE (L4+L8)
MEMIT_ORIGINAL,1,NS,true,1,5fe46e04994d11413f7a0b17bb2e12cb4ce78b5bd2770a9242dc465a50baa18f,f5f155accebf4965cdf515c566d42a08477c7a0a2e3676209af64b587ee98cc3,1,7,19.165184020996094,5.040632247924805,False,True,MEMIT_BLUE (L4+L8)
MEMIT_ORIGINAL,1,NS,true,2,142472979dc6cfe2d4c0b44f3c1f6474f9657e6e2c8cc598f70bbcdb4815fec7,52fbe76c434293586da85f1a232c5f4e40873a6e3de7beb6c78a94a80ec19695,1,4,17.857868194580078,1.4260578155517578,False,True,MEMIT_BLUE (L4+L8)
MEMIT_ORIGINAL,1,NS,true,3,23da7cbdb3fa4585f6d29153c16b5421d171a13222c8c6e73392dcab15fa7ae0,b772a44e8b107ed9ea753ac071878ba17aacfd98e28364ae7619494efe865648,1,3,16.255496978759766,0.9480152130126953,False,True,MEMIT_BLUE (L4+L8)
MEMIT_ORIGINAL,1,NS,true,4,c0f05a43ae2cffe9f74c5a1dc3d7b8b25b5f5da23b9c735674327f023e5d7384,ce83bf5a2207e2bf81685fd7324a79f4992845382f379e27a24b2341727696ac,1,7,15.687124252319336,5.02379035949707,False,True,MEMIT_BLUE (L4+L8)
MEMIT_ORIGINAL,1,NS,true,5,02d20bbd7e394ad5999a4cebabac9619732c343a4cac99470c03e23ba2bdc2bc,f599cd51db3af9fc5a1323b89af819a14fadf35480193693da1eb1bc0c68f044,1,6,15.161270141601562,0.5930004119873047,False,True,MEMIT_BLUE (L4+L8)
MEMIT_ORIGINAL,5,RS,new,1,9110f470a27932ba7b53c098bf2b76bed3c5ebe0757f48fa56bad6fdba8cb2f4,97170bb02161bd4e097ceff356c151ad357cf65de772289ec85f664683937f57,2,0,4.377476692199707,-1.5182323455810547,False,True,MEMIT_BLUE (L4+L8)
MEMIT_ORIGINAL,5,RS,new,2,ca025d18ec6ceefc2d384c44b41158b17c34fcadae4337c299a47ca2e81a8ab2,36422aa36eb19a41f834d40bfadfd9a557356ba5c387176fcdfc52056b17507f,1,0,1.1237988471984863,10.398265361785889,True,True,MEMIT_BLUE (L4+L8)
MEMIT_ORIGINAL,5,RS,new,3,abfd15f46882bba8300f1a15a9ef0ba84f8c5453c91cf6437805df1e4824fdf6,83814359a3aa0ef1bcafbb98f543d3f71ad2f15c72de5217dfc4e97d12905e15,5,0,0.560428261756897,4.396502375602722,True,True,MEMIT_BLUE (L4+L8)
MEMIT_ORIGINAL,5,RS,new,4,943a65b16e5890b3bd4d35b2eff70808649584b928356cfd481a9ebcf019a7e5,eaa65919643187b893364ee1e7a258c3455e9a06a2bb4150190a84143e5abb3c,3,0,0.37924879789352417,13.459109127521515,True,True,MEMIT_BLUE (L4+L8)
MEMIT_ORIGINAL,5,RS,new,5,f97dc9594fc3b90a189a22d95d1d190d040a5701ffd3725b27622be0a06a3fd4,9a72b10f32d0fb53d890f6d3448f0f8353d2dd01c054dc385dcaa20e5a789979,2,0,0.35571905970573425,5.421343833208084,True,True,MEMIT_BLUE (L4+L8)
MEMIT_ORIGINAL,5,RS,true,1,17088b1864f582a55f245dc4d199f19b6c59146393cb9d1b020871e341d9c71f,049017b2ae43de11047f1a200e60b4dd5a32d8126d4e3b30898e2a87df611e7f,2,0,29.8769588470459,29.87680400616955,True,True,MEMIT_BLUE (L4+L8)
MEMIT_ORIGINAL,5,RS,true,2,e3c80264bcf6bde782c4d6f2d5c25c1d5b1cf668ae9a91711a463e8ae9d578bd,361e64cf4656b1d05d35d37785369f2893afd49b49b8a96a4c0a15fda5edf995,2,0,27.502412796020508,27.502366424683714,True,True,MEMIT_BLUE (L4+L8)
MEMIT_ORIGINAL,5,RS,true,3,f27f4a6236a87083d1d1c5cc7ff4324e147db1335ce7c412a5e5efb2fcccc333,3948ec528375109b491d1b9b5d97f2f5988fa33f8f3f9f2db426ec8f14ff98d9,1,0,26.894094467163086,26.893165662244428,True,True,MEMIT_BLUE (L4+L8)
MEMIT_ORIGINAL,5,RS,true,4,9ea3f4147c0d763c96e161f83b7aac40c78468f26a382a16eb5b75af0d7ae4f0,23ad0e4cb417370e6e0331144af7889bc9d11564f97e65b8b8a30de0ad27a325,3,0,26.64102554321289,26.640957596224325,True,True,MEMIT_BLUE (L4+L8)
MEMIT_ORIGINAL,5,RS,true,5,9dacbde326501c9f63debf4311ae5e2bc047636edc4ee9d9ce828bcdf4a7f25d,2d1c6646d74009b3c708414ac502dd330ca802d85e6aa0523d45a7d4fb147b9c,2,0,26.35256004333496,26.352493169157242,True,True,MEMIT_BLUE (L4+L8)
MEMIT_ORIGINAL,5,PS,new,1,1c5c834c927a24fc22228333db7249f958a30231366e6a94bfc4880ea26098c3,34b0cb15e839645fe3da6090d68038e6280f1b0f39bbadc2a0dc424984785c96,3,1,18.257633209228516,-13.766887664794922,False,True,MEMIT_BLUE (L4+L8)
MEMIT_ORIGINAL,5,PS,new,2,38bf9a1a77f41cd99a3d147129237aa5fe03cb3baa69314dba1cd5d66fce5aa6,a3fb72eae82ee4ddfdd51be2462f2fbcf4d1b9c2665a115e9b87b4ef4c277f8d,3,0,14.508532524108887,6.212069511413574,True,True,MEMIT_BLUE (L4+L8)
MEMIT_ORIGINAL,5,PS,new,3,f97dc9594fc3b90a189a22d95d1d190d040a5701ffd3725b27622be0a06a3fd4,a9f08cadad9884cc2b296bf38affcc7ad63d5d33f8ffdd4f8f4f31b0e099719a,2,0,14.416942596435547,-11.012309551239014,False,True,MEMIT_BLUE (L4+L8)
MEMIT_ORIGINAL,5,PS,new,4,1c5c834c927a24fc22228333db7249f958a30231366e6a94bfc4880ea26098c3,1862cbe0835ddf9513c2870ddaba45d325beb8de6053b8c4d1fca76c35d96904,3,0,13.394760131835938,-5.109671592712402,False,True,MEMIT_BLUE (L4+L8)
MEMIT_ORIGINAL,5,PS,new,5,584fe3ebcd9ffe877d01df72adc22df13fa0f56324c34a24dafad7c3f5eca7d2,485a51d3a93e36fa963106365b4f55c1dabdb683c3bc857927e376cbbe061c7b,4,1,13.370079040527344,-6.708263397216797,False,True,MEMIT_BLUE (L4+L8)
MEMIT_ORIGINAL,5,PS,true,1,e3c80264bcf6bde782c4d6f2d5c25c1d5b1cf668ae9a91711a463e8ae9d578bd,8a4f9010391e421c8c88c9d6f2342853a2dec469291252bec7bb72da5b927b9e,2,1,24.725643157958984,24.72458704467863,True,True,MEMIT_BLUE (L4+L8)
MEMIT_ORIGINAL,5,PS,true,2,4539fc5cdb4e80acaa980cf8c5f1cc708073f267374b27700317281ed17ccc1c,aae746db0ba53589e47701b751411502e9934b9ea3af452caa4e86c119e3bcdc,3,1,23.859249114990234,23.85320716165006,True,True,MEMIT_BLUE (L4+L8)
MEMIT_ORIGINAL,5,PS,true,3,5edd6b7ba99be850ab24ef3acbb3b0de8f0dcb9a04e70b819b87ab641c88faee,19d296cb2906b544ea446aa3a51f496e488e28aa893fc19d7d52e92e6952acdf,1,0,23.822282791137695,23.821342910116073,True,True,MEMIT_BLUE (L4+L8)
MEMIT_ORIGINAL,5,PS,true,4,6f7c5d50ddef6fe32da94db0694f7e3ed72d641a95837a7f0f8023fb124a0532,1c4036403b97de19ee446ddaeb4af4d2f32711c867d053e38898e37d5d3b458c,4,0,23.57135772705078,23.53910221159458,True,True,MEMIT_BLUE (L4+L8)
MEMIT_ORIGINAL,5,PS,true,5,30e4c02268d49ca010e3c62fcc2615da2fad4cf0c359eb8fedc0366739b34205,fc36b36207f077632a5b30a6a316ae40db62d2399fadd10a765396e0688b6b98,4,0,23.10862159729004,23.095161124132574,True,True,MEMIT_BLUE (L4+L8)
MEMIT_ORIGINAL,5,NS,new,1,54409a01733cb9ff29e4d8bfad7ec87c63634630a25655efb464347a6250e433,0c6d746ceeef5f7ce1830bce91081cddffdb293bdd5928d2912fa6e4302586ba,4,9,27.15570640563965,-3.478038787841797,True,True,MEMIT_BLUE (L4+L8)
MEMIT_ORIGINAL,5,NS,new,2,8a6d64d015b340bf191de4b2393106e3f79ef7ec2d5087bef1cd8e4fe0683bf8,b3c5a847ad24c0f50e52ccdacb9b3fbebfd2447a4613d2744b24ba1a3a3207ad,3,6,25.155149459838867,-17.44866943359375,True,True,MEMIT_BLUE (L4+L8)
MEMIT_ORIGINAL,5,NS,new,3,f1f2c569870e3f8472f4920e45768500a9b687b964980462746a978142838e5e,09e54324d37c2d62da2861dc2587b12e8bb631e899ba072e25a94da9809d3c23,4,2,25.143884658813477,-15.2022705078125,True,True,MEMIT_BLUE (L4+L8)
MEMIT_ORIGINAL,5,NS,new,4,37bf713760c5cbad0600a2741cb115f3becc4b2469d6dd7b3346ded41395f43d,b7c5c564e3078bcf2af61ba2168e5aca7cbdc26c931356e447683a385b2febc1,3,5,24.501708984375,-13.834858894348145,True,True,MEMIT_BLUE (L4+L8)
MEMIT_ORIGINAL,5,NS,new,5,8a6d64d015b340bf191de4b2393106e3f79ef7ec2d5087bef1cd8e4fe0683bf8,fe2fc70563867d51fd0e9ac17081388ef776336ab653fce496a98d8d5065b656,3,3,24.46188735961914,-11.688289642333984,True,True,MEMIT_BLUE (L4+L8)
MEMIT_ORIGINAL,5,NS,true,1,075441be7bc0cdbab6093bbaed5a25b2c06d33c6a2e74601cbea17d0885a75a5,2861745820e8aee6cd364a5361fd76c066b22329aceaad8396f01e696636d6df,5,8,25.694547653198242,4.940708160400391,False,True,MEMIT_BLUE (L4+L8)
MEMIT_ORIGINAL,5,NS,true,2,54409a01733cb9ff29e4d8bfad7ec87c63634630a25655efb464347a6250e433,0c6d746ceeef5f7ce1830bce91081cddffdb293bdd5928d2912fa6e4302586ba,4,9,23.67766761779785,-3.478038787841797,True,True,MEMIT_BLUE (L4+L8)
MEMIT_ORIGINAL,5,NS,true,3,9dacbde326501c9f63debf4311ae5e2bc047636edc4ee9d9ce828bcdf4a7f25d,ed3653e91a66d8010006f57ad86c38b5996adc73d86923d6a0c055bf48f04733,2,2,22.47515869140625,14.15498161315918,False,True,MEMIT_BLUE (L4+L8)
MEMIT_ORIGINAL,5,NS,true,4,20db6628648c4ad306be515e9df80f6778953e70e517aed46dd0d594c2d7964f,b56279f741e63c005c99cb03d74ce1270ccc3c497ae49ebfff0fb6c40a8f510c,4,9,19.5673770904541,19.557106843218207,False,True,MEMIT_BLUE (L4+L8)
MEMIT_ORIGINAL,5,NS,true,5,9dacbde326501c9f63debf4311ae5e2bc047636edc4ee9d9ce828bcdf4a7f25d,1ee6f144b7fdd61e0fd62433576a36ee65d49c56aeb545ca4bafcaf54e8bbacd,2,7,18.886859893798828,2.713960647583008,False,True,MEMIT_BLUE (L4+L8)
MEMIT_ORIGINAL,10,RS,new,1,45614290270f9909ee6ffe6f52ae5f8360be81fec6d3868d8022e2d200be3de4,cb246fd93d16913a0eb0ce1ba86d110622df4b8ef70287baa31cd3e6e3f12bb9,8,0,20.269760131835938,-15.214325428009033,False,True,MEMIT_BLUE (L4+L8)
MEMIT_ORIGINAL,10,RS,new,2,37bf713760c5cbad0600a2741cb115f3becc4b2469d6dd7b3346ded41395f43d,f23c380b8ff219de2f63f877042cbec0784c1b2d2d4e9e91b81e536cc372f83e,3,0,14.817896842956543,-6.847639083862305,False,True,MEMIT_BLUE (L4+L8)
MEMIT_ORIGINAL,10,RS,new,3,df2760a948607f897f1a7b570fe935a1371cf4cbf3f536d0b918fe33b61be21a,68471aa441488e77d31913d49a7ed9808abd6cf163e35067f4b3958d19d3c370,7,0,13.736629486083984,-3.5419845581054688,False,True,MEMIT_BLUE (L4+L8)
MEMIT_ORIGINAL,10,RS,new,4,ed357b3acfc8996fd83a52b09bb4e10449e60f403e3b287249524e613af115da,0e02d53c8fb42653e75c93187072c309f253e254c742bbe58f46b883d9c1c72d,1,0,12.269015312194824,4.786984443664551,True,True,MEMIT_BLUE (L4+L8)
MEMIT_ORIGINAL,10,RS,new,5,68fb74e20a2f319724f156afdb0a5f9470feb0bcbacfa1f2ca998fa86adda627,d98b298d7ad5fe54be65c52bd0fd137bf15b40fc667453c6db0ad46b39f805ff,1,0,11.846017837524414,-2.518498420715332,False,True,MEMIT_BLUE (L4+L8)
MEMIT_ORIGINAL,10,RS,true,1,f333689aaf4012ba4978883b42daa51553b5b1211da6a51dd7e230fa16f42d41,f1d42264e4e98d22fcb1592996adf819bb4f6e3f41698bc9bdac23a07ab94a50,8,0,30.551969528198242,30.5518679670422,True,True,MEMIT_BLUE (L4+L8)
MEMIT_ORIGINAL,10,RS,true,2,aa8862b3f2f5692b6fdf4e0f73e478fe5469e7a03a02e4b9d697b58c216921f4,a78146172b2444ca3a2582d3a19d87b04ec27b933ab0d46f976a8dd6c071532c,9,0,28.912063598632812,28.912000181298936,True,True,MEMIT_BLUE (L4+L8)
MEMIT_ORIGINAL,10,RS,true,3,e3c80264bcf6bde782c4d6f2d5c25c1d5b1cf668ae9a91711a463e8ae9d578bd,361e64cf4656b1d05d35d37785369f2893afd49b49b8a96a4c0a15fda5edf995,2,0,28.345991134643555,28.34595561090464,True,True,MEMIT_BLUE (L4+L8)
MEMIT_ORIGINAL,10,RS,true,4,f27f4a6236a87083d1d1c5cc7ff4324e147db1335ce7c412a5e5efb2fcccc333,3948ec528375109b491d1b9b5d97f2f5988fa33f8f3f9f2db426ec8f14ff98d9,1,0,27.747661590576172,27.746253052377142,True,True,MEMIT_BLUE (L4+L8)
MEMIT_ORIGINAL,10,RS,true,5,9dacbde326501c9f63debf4311ae5e2bc047636edc4ee9d9ce828bcdf4a7f25d,2d1c6646d74009b3c708414ac502dd330ca802d85e6aa0523d45a7d4fb147b9c,2,0,27.28743553161621,27.287385941781395,True,True,MEMIT_BLUE (L4+L8)
MEMIT_ORIGINAL,10,PS,new,1,d0541665ae524cf19488eba81b94b2b2985b35b52e90f4c0ca90ba0a1cbc99a9,afa16d5a77611a5a87ed12dd7f579dc2757b67c170e7c582a4284991a1dfe4e1,8,1,16.688629150390625,0.22770118713378906,True,True,MEMIT_BLUE (L4+L8)
MEMIT_ORIGINAL,10,PS,new,2,45614290270f9909ee6ffe6f52ae5f8360be81fec6d3868d8022e2d200be3de4,4d789cd720fd5730f8a76f01d67c16e1ec9ddbcacc2af947e9c9535ce697bb48,8,1,15.950790405273438,-10.346697807312012,False,True,MEMIT_BLUE (L4+L8)
MEMIT_ORIGINAL,10,PS,new,3,38bf9a1a77f41cd99a3d147129237aa5fe03cb3baa69314dba1cd5d66fce5aa6,a3fb72eae82ee4ddfdd51be2462f2fbcf4d1b9c2665a115e9b87b4ef4c277f8d,3,0,15.456789016723633,8.841455459594727,True,True,MEMIT_BLUE (L4+L8)
MEMIT_ORIGINAL,10,PS,new,4,95e06f0741c4e9736eaa885fff0e3a99af69acc9f31cea093820f801e198a41a,4106ed11a3704339632e55541921b1df8cb8d8d68bbad9d6d18f0d67a567c7ee,8,0,14.841776847839355,-9.158502578735352,False,True,MEMIT_BLUE (L4+L8)
MEMIT_ORIGINAL,10,PS,new,5,df2760a948607f897f1a7b570fe935a1371cf4cbf3f536d0b918fe33b61be21a,b76f3226ad994db7dd211675bcdf58d0922f44e30689d4d3b7fed3ec6723a07f,7,1,14.566824913024902,-1.8017778396606445,False,True,MEMIT_BLUE (L4+L8)
MEMIT_ORIGINAL,10,PS,true,1,4539fc5cdb4e80acaa980cf8c5f1cc708073f267374b27700317281ed17ccc1c,aae746db0ba53589e47701b751411502e9934b9ea3af452caa4e86c119e3bcdc,3,1,27.55674934387207,27.554676060797647,True,True,MEMIT_BLUE (L4+L8)
MEMIT_ORIGINAL,10,PS,true,2,e3c80264bcf6bde782c4d6f2d5c25c1d5b1cf668ae9a91711a463e8ae9d578bd,8a4f9010391e421c8c88c9d6f2342853a2dec469291252bec7bb72da5b927b9e,2,1,26.495019912719727,26.494567615765845,True,True,MEMIT_BLUE (L4+L8)
MEMIT_ORIGINAL,10,PS,true,3,ad5ef4b29e148afd784de5373b210eb00879dfbf08922c96dc6ce4fc1e064fd9,097b55142197848325eda0c2a950abd467720d7c3a615fffaf49632ab726ba9e,7,1,25.97917366027832,25.977948462823406,True,True,MEMIT_BLUE (L4+L8)
MEMIT_ORIGINAL,10,PS,true,4,30e4c02268d49ca010e3c62fcc2615da2fad4cf0c359eb8fedc0366739b34205,fc36b36207f077632a5b30a6a316ae40db62d2399fadd10a765396e0688b6b98,4,0,25.359601974487305,25.352014077361673,True,True,MEMIT_BLUE (L4+L8)
MEMIT_ORIGINAL,10,PS,true,5,6f7c5d50ddef6fe32da94db0694f7e3ed72d641a95837a7f0f8023fb124a0532,1c4036403b97de19ee446ddaeb4af4d2f32711c867d053e38898e37d5d3b458c,4,0,24.994211196899414,24.577716380357742,True,True,MEMIT_BLUE (L4+L8)
MEMIT_ORIGINAL,10,NS,new,1,54409a01733cb9ff29e4d8bfad7ec87c63634630a25655efb464347a6250e433,0c6d746ceeef5f7ce1830bce91081cddffdb293bdd5928d2912fa6e4302586ba,4,9,27.93712615966797,-5.509397506713867,True,True,MEMIT_BLUE (L4+L8)
MEMIT_ORIGINAL,10,NS,new,2,1c5c834c927a24fc22228333db7249f958a30231366e6a94bfc4880ea26098c3,a805f669d0efbe76a92e47ccd4ece2350dcca4aa764aba71a3efb80faf442e3c,3,1,26.734840393066406,-5.967357635498047,True,True,MEMIT_BLUE (L4+L8)
MEMIT_ORIGINAL,10,NS,new,3,f1f2c569870e3f8472f4920e45768500a9b687b964980462746a978142838e5e,09e54324d37c2d62da2861dc2587b12e8bb631e899ba072e25a94da9809d3c23,4,2,26.28813362121582,-14.68356990814209,True,True,MEMIT_BLUE (L4+L8)
MEMIT_ORIGINAL,10,NS,new,4,728f1a293713aa90cd0d5cf3348be9da81275168c3aef4285f71505f18c5d171,5d5669d2fe2433bf26700ab6977383b7a70feddb74fbb27d7da0ba6577948e67,9,6,26.047609329223633,-1.5648365020751953,True,True,MEMIT_BLUE (L4+L8)
MEMIT_ORIGINAL,10,NS,new,5,8a6d64d015b340bf191de4b2393106e3f79ef7ec2d5087bef1cd8e4fe0683bf8,fe2fc70563867d51fd0e9ac17081388ef776336ab653fce496a98d8d5065b656,3,3,25.198976516723633,-12.95119857788086,True,True,MEMIT_BLUE (L4+L8)
MEMIT_ORIGINAL,10,NS,true,1,9dacbde326501c9f63debf4311ae5e2bc047636edc4ee9d9ce828bcdf4a7f25d,ed3653e91a66d8010006f57ad86c38b5996adc73d86923d6a0c055bf48f04733,2,2,25.372365951538086,13.299914360046387,False,True,MEMIT_BLUE (L4+L8)
MEMIT_ORIGINAL,10,NS,true,2,075441be7bc0cdbab6093bbaed5a25b2c06d33c6a2e74601cbea17d0885a75a5,2861745820e8aee6cd364a5361fd76c066b22329aceaad8396f01e696636d6df,5,8,25.0427303314209,4.8118896484375,False,True,MEMIT_BLUE (L4+L8)
MEMIT_ORIGINAL,10,NS,true,3,728f1a293713aa90cd0d5cf3348be9da81275168c3aef4285f71505f18c5d171,5d5669d2fe2433bf26700ab6977383b7a70feddb74fbb27d7da0ba6577948e67,9,6,24.482772827148438,-1.5648365020751953,True,True,MEMIT_BLUE (L4+L8)
MEMIT_ORIGINAL,10,NS,true,4,df8b2c375d648d9508cf4b564b6c60e1f1a9f33d7d68962fe9426be663a88b3f,4374e49d9920a5c1a3236199798e34ccd7a18b2fbe468fa792558dc7fba9e9a7,10,4,24.05088233947754,3.041534423828125,False,True,MEMIT_BLUE (L4+L8)
MEMIT_ORIGINAL,10,NS,true,5,20db6628648c4ad306be515e9df80f6778953e70e517aed46dd0d594c2d7964f,b56279f741e63c005c99cb03d74ce1270ccc3c497ae49ebfff0fb6c40a8f510c,4,9,23.10113525390625,23.097481140168384,False,True,MEMIT_BLUE (L4+L8)
MEMIT_ORIGINAL,20,RS,new,1,45614290270f9909ee6ffe6f52ae5f8360be81fec6d3868d8022e2d200be3de4,cb246fd93d16913a0eb0ce1ba86d110622df4b8ef70287baa31cd3e6e3f12bb9,8,0,17.61383819580078,-11.316187381744385,False,True,MEMIT_BLUE (L4+L8)
MEMIT_ORIGINAL,20,RS,new,2,b1c92bf6fb924d35a3395bd9662353ed20a664c278a7cc2086671f5fc331267c,221648e29d55a2f58dd739f1142da84d84a006196ed5bec9ed5478c34aab50f5,7,0,17.253154754638672,1.2928714752197266,True,True,MEMIT_BLUE (L4+L8)
MEMIT_ORIGINAL,20,RS,new,3,68fb74e20a2f319724f156afdb0a5f9470feb0bcbacfa1f2ca998fa86adda627,d98b298d7ad5fe54be65c52bd0fd137bf15b40fc667453c6db0ad46b39f805ff,1,0,17.116497039794922,-8.041443824768066,False,True,MEMIT_BLUE (L4+L8)
MEMIT_ORIGINAL,20,RS,new,4,a6c9b0f863d3c2056830114bb5edc235eb5257268e8c3e2a0aaf4a61c20730e2,78c2e0e390f81015d5278332e78f99d784ce8bb7836851eae46f9f14d9f7507b,12,0,16.729557037353516,2.7105655670166016,True,True,MEMIT_BLUE (L4+L8)
MEMIT_ORIGINAL,20,RS,new,5,df2760a948607f897f1a7b570fe935a1371cf4cbf3f536d0b918fe33b61be21a,68471aa441488e77d31913d49a7ed9808abd6cf163e35067f4b3958d19d3c370,7,0,15.022624015808105,-3.0482778549194336,False,True,MEMIT_BLUE (L4+L8)
MEMIT_ORIGINAL,20,RS,true,1,f333689aaf4012ba4978883b42daa51553b5b1211da6a51dd7e230fa16f42d41,f1d42264e4e98d22fcb1592996adf819bb4f6e3f41698bc9bdac23a07ab94a50,8,0,32.371917724609375,32.37183928797458,True,True,MEMIT_BLUE (L4+L8)
MEMIT_ORIGINAL,20,RS,true,2,c6437e0ba0560952cb942343f521c60fc3f2247dd1aebf95460c1a070b263051,935b78d2e7fa75499635e3b4eac6c85c9a0f8aeef466a2c79d514c74d430f8ad,15,0,30.925872802734375,30.925855517536547,True,True,MEMIT_BLUE (L4+L8)
MEMIT_ORIGINAL,20,RS,true,3,08500acfbe7cf012c9bf99ab64d66e0b1dec4cf6c669f3cb40e2cb794f0c835b,81a0e0791c5d1eab3f7450509d80b5e489bd58471f25c70c3f38b83a10b61b64,20,0,30.592164993286133,30.59128764027264,True,True,MEMIT_BLUE (L4+L8)
MEMIT_ORIGINAL,20,RS,true,4,eaea09d6891e149de8db39d781e8da27d64154c7438d259c45b56dc904fc9f83,6858c2eab8ef2f7024abcd800789e0307461bd5c7d4398388c75bc19bbfcbfc7,15,0,30.55086898803711,30.550836086815252,True,True,MEMIT_BLUE (L4+L8)
MEMIT_ORIGINAL,20,RS,true,5,408934a96ee62e5cd27af4b663eb3205796eac61b990777b72db420c8ebbd32a,0ac39529e2db44e4b3569936162bd8c110a7d6b072e93b6ffdb5e191522774ab,16,0,29.94166374206543,29.94156432645832,True,True,MEMIT_BLUE (L4+L8)
MEMIT_ORIGINAL,20,PS,new,1,b6642101dc8a5645b4582d70634664cdcb6821ccd9a138c5e7c73b4fbc47e6d3,38a5a06cf70f4af7e8a520b065859bf6300bdb19f5f20c7c33046be1e06d00ab,7,0,19.77492332458496,-4.603859901428223,False,True,MEMIT_BLUE (L4+L8)
MEMIT_ORIGINAL,20,PS,new,2,45614290270f9909ee6ffe6f52ae5f8360be81fec6d3868d8022e2d200be3de4,4d789cd720fd5730f8a76f01d67c16e1ec9ddbcacc2af947e9c9535ce697bb48,8,1,17.288074493408203,-6.381117820739746,False,True,MEMIT_BLUE (L4+L8)
MEMIT_ORIGINAL,20,PS,new,3,d0541665ae524cf19488eba81b94b2b2985b35b52e90f4c0ca90ba0a1cbc99a9,afa16d5a77611a5a87ed12dd7f579dc2757b67c170e7c582a4284991a1dfe4e1,8,1,17.038549423217773,0.08332443237304688,True,True,MEMIT_BLUE (L4+L8)
MEMIT_ORIGINAL,20,PS,new,4,9d9f3c4ea93d3640e675b5d3cda8ecefbb40a78cb3bcddaac98392823eb7f465,5e116033c77742bc327cfe97b94168f126890e0ff18cb97e00e4223297406d1a,10,0,16.074535369873047,-5.427180290222168,False,True,MEMIT_BLUE (L4+L8)
MEMIT_ORIGINAL,20,PS,new,5,d4cd013f21bbf4b52c431691b7056337c35d0ad6fc7acc7084abc1039633618e,8e63cd77de5cc9e28d9e5d7a98cc888741b147d5bebfffd4af6b18e8eef46a9d,12,0,15.80778694152832,-1.9321727752685547,False,True,MEMIT_BLUE (L4+L8)
MEMIT_ORIGINAL,20,PS,true,1,08500acfbe7cf012c9bf99ab64d66e0b1dec4cf6c669f3cb40e2cb794f0c835b,c1dae63db959b2b729233ed25005be99eed4bec0fd5e8fb648295e26a68c4cf4,20,1,28.07682991027832,28.073701274115592,True,True,MEMIT_BLUE (L4+L8)
MEMIT_ORIGINAL,20,PS,true,2,d7bf868887161884a7d5f05c26e5d257c4b7a64772406b70837390dc24d735d7,ad5892cd39f9ade7aa33b6aec918de5fd3aae760b14ddedb9ddc767eb9d31cb8,14,1,27.871334075927734,27.87078634009231,True,True,MEMIT_BLUE (L4+L8)
MEMIT_ORIGINAL,20,PS,true,3,41cf091084d6f30cf45e97b16bf165283dc5ab27f7999f7d31bd405e082e3fdd,d93b800d34d538fb0bb7557d838953cc3a5d8b737259b84862612f9519c27bfe,11,0,27.3078670501709,27.3078618049758,True,True,MEMIT_BLUE (L4+L8)
MEMIT_ORIGINAL,20,PS,true,4,e3c80264bcf6bde782c4d6f2d5c25c1d5b1cf668ae9a91711a463e8ae9d578bd,8a4f9010391e421c8c88c9d6f2342853a2dec469291252bec7bb72da5b927b9e,2,1,27.147092819213867,27.14698970849713,True,True,MEMIT_BLUE (L4+L8)
MEMIT_ORIGINAL,20,PS,true,5,f5e28c800d011d7bde7ecfb480045890d2c0c29ea288d5eac0cc6bfcf8f59d82,91dc1febab45b00a4d5a20df225cb3805f2593297ea49af1948c5af0c80d2ca6,12,0,27.097692489624023,22.1083402633667,True,True,MEMIT_BLUE (L4+L8)
MEMIT_ORIGINAL,20,NS,new,1,1c5c834c927a24fc22228333db7249f958a30231366e6a94bfc4880ea26098c3,f54c16cce8bc3e0324e4fb2dc9f5fa3199bce20aaf35616cd9a57478c3654035,3,2,29.05171775817871,-9.20311164855957,True,True,MEMIT_BLUE (L4+L8)
MEMIT_ORIGINAL,20,NS,new,2,1c5c834c927a24fc22228333db7249f958a30231366e6a94bfc4880ea26098c3,a805f669d0efbe76a92e47ccd4ece2350dcca4aa764aba71a3efb80faf442e3c,3,1,26.913789749145508,-5.755159378051758,True,True,MEMIT_BLUE (L4+L8)
MEMIT_ORIGINAL,20,NS,new,3,bfead4126b30a05a8d04b1ef03072c9ff16cc3d1629ba84eecea86d9ead2b149,8c569aabacaf33a45d8e5ce8980a4328b731155a4d9c10ad9227742ec8b5c39c,11,2,26.821073532104492,-2.1718196868896484,True,True,MEMIT_BLUE (L4+L8)
MEMIT_ORIGINAL,20,NS,new,4,8a6d64d015b340bf191de4b2393106e3f79ef7ec2d5087bef1cd8e4fe0683bf8,fe2fc70563867d51fd0e9ac17081388ef776336ab653fce496a98d8d5065b656,3,3,26.24715232849121,-15.501137733459473,True,True,MEMIT_BLUE (L4+L8)
MEMIT_ORIGINAL,20,NS,new,5,1c5c834c927a24fc22228333db7249f958a30231366e6a94bfc4880ea26098c3,a9628577d510c6ea2e8d9c47383f7ac411b53cc1550e7d48ddf744ff00f03584,3,5,26.11209487915039,-7.537862777709961,True,True,MEMIT_BLUE (L4+L8)
MEMIT_ORIGINAL,20,NS,true,1,340799d186c8195376d2cf6a756516a830ffc5feac81996d8b4e6d62d30d214b,2c63f9b3b27ed6af7f46689a2df6586acf48a57c73be1bdc9e9f9823cbc2d90d,9,1,28.172298431396484,14.021718978881836,False,True,MEMIT_BLUE (L4+L8)
MEMIT_ORIGINAL,20,NS,true,2,bfead4126b30a05a8d04b1ef03072c9ff16cc3d1629ba84eecea86d9ead2b149,8c569aabacaf33a45d8e5ce8980a4328b731155a4d9c10ad9227742ec8b5c39c,11,2,24.649253845214844,-2.1718196868896484,True,True,MEMIT_BLUE (L4+L8)
MEMIT_ORIGINAL,20,NS,true,3,20db6628648c4ad306be515e9df80f6778953e70e517aed46dd0d594c2d7964f,b56279f741e63c005c99cb03d74ce1270ccc3c497ae49ebfff0fb6c40a8f510c,4,9,24.585195541381836,24.584172414732166,False,True,MEMIT_BLUE (L4+L8)
MEMIT_ORIGINAL,20,NS,true,4,9dacbde326501c9f63debf4311ae5e2bc047636edc4ee9d9ce828bcdf4a7f25d,1ee6f144b7fdd61e0fd62433576a36ee65d49c56aeb545ca4bafcaf54e8bbacd,2,7,24.363082885742188,-1.226461410522461,True,True,MEMIT_BLUE (L4+L8)
MEMIT_ORIGINAL,20,NS,true,5,92830841b2701a157ddf3f64eef2d392c992cf47d62ee624dec35ed31a1d7be3,3bc303b8c0d5f1e9f8e018e3e5c39fe2acc982de8c1ce123bfb5abb64fa4aa4e,2,1,23.268083572387695,5.058071136474609,False,True,MEMIT_BLUE (L4+L8)
MEMIT_ORIGINAL,30,RS,new,1,2a7185fd600ecd7bd4b998bc7dbf460bd0dd2f1b9529ebdf0f662a48be746642,ac86c2c6f61984954a152d029ab77a6c2611864cf5f853c7ba9003391c186809,16,0,23.44193458557129,-2.308246612548828,False,True,MEMIT_BLUE (L4+L8)
MEMIT_ORIGINAL,30,RS,new,2,45614290270f9909ee6ffe6f52ae5f8360be81fec6d3868d8022e2d200be3de4,cb246fd93d16913a0eb0ce1ba86d110622df4b8ef70287baa31cd3e6e3f12bb9,8,0,19.43436622619629,0.9083786010742188,True,True,MEMIT_BLUE (L4+L8)
MEMIT_ORIGINAL,30,RS,new,3,68fb74e20a2f319724f156afdb0a5f9470feb0bcbacfa1f2ca998fa86adda627,d98b298d7ad5fe54be65c52bd0fd137bf15b40fc667453c6db0ad46b39f805ff,1,0,18.27951431274414,-8.2256498336792,False,True,MEMIT_BLUE (L4+L8)
MEMIT_ORIGINAL,30,RS,new,4,ceb8801213f1a0fb73df05c366038db7997336f5468b9b036ba0ff0dabc39167,df982add39414d1976e2636e470c1868a3f3c4a22cff1ecfd8e71f9c8e29880c,25,0,17.77497100830078,1.7123050689697266,True,True,MEMIT_BLUE (L4+L8)
MEMIT_ORIGINAL,30,RS,new,5,a6c9b0f863d3c2056830114bb5edc235eb5257268e8c3e2a0aaf4a61c20730e2,78c2e0e390f81015d5278332e78f99d784ce8bb7836851eae46f9f14d9f7507b,12,0,16.860721588134766,-0.20412063598632812,False,True,MEMIT_BLUE (L4+L8)
MEMIT_ORIGINAL,30,RS,true,1,f333689aaf4012ba4978883b42daa51553b5b1211da6a51dd7e230fa16f42d41,f1d42264e4e98d22fcb1592996adf819bb4f6e3f41698bc9bdac23a07ab94a50,8,0,32.71031188964844,32.7101832710905,True,True,MEMIT_BLUE (L4+L8)
MEMIT_ORIGINAL,30,RS,true,2,c6437e0ba0560952cb942343f521c60fc3f2247dd1aebf95460c1a070b263051,935b78d2e7fa75499635e3b4eac6c85c9a0f8aeef466a2c79d514c74d430f8ad,15,0,31.580419540405273,31.58040547380824,True,True,MEMIT_BLUE (L4+L8)
MEMIT_ORIGINAL,30,RS,true,3,eaea09d6891e149de8db39d781e8da27d64154c7438d259c45b56dc904fc9f83,6858c2eab8ef2f7024abcd800789e0307461bd5c7d4398388c75bc19bbfcbfc7,15,0,31.045787811279297,31.045772194984238,True,True,MEMIT_BLUE (L4+L8)
MEMIT_ORIGINAL,30,RS,true,4,408934a96ee62e5cd27af4b663eb3205796eac61b990777b72db420c8ebbd32a,0ac39529e2db44e4b3569936162bd8c110a7d6b072e93b6ffdb5e191522774ab,16,0,30.6905517578125,30.69021361824707,True,True,MEMIT_BLUE (L4+L8)
MEMIT_ORIGINAL,30,RS,true,5,c8f2ba8a3b50884964255d406a7f4c232ec3efe6c021514cd273a4c1726dbfd2,d6103125dab1fc45bcd8660ba113687fa943e90456149478b2463d9eaf59d442,30,0,30.547218322753906,30.54690949918586,True,True,MEMIT_BLUE (L4+L8)
MEMIT_ORIGINAL,30,PS,new,1,2a7185fd600ecd7bd4b998bc7dbf460bd0dd2f1b9529ebdf0f662a48be746642,41dd9ba3b4049179a4053578ffdfc6f431b1b929f3085c3084ecdc986d102e3d,16,0,22.648427963256836,-0.1954174041748047,False,True,MEMIT_BLUE (L4+L8)
MEMIT_ORIGINAL,30,PS,new,2,2e1030083599489d2833b87315cb57aa2ac32593558298b8cb4bc58e86c26dbd,bd984bfb4a26cdaa375c2ec6713e8ee9740d5b8a378685ac510d67df8a3ad293,24,1,22.011852264404297,-9.987516403198242,False,True,MEMIT_BLUE (L4+L8)
MEMIT_ORIGINAL,30,PS,new,3,45614290270f9909ee6ffe6f52ae5f8360be81fec6d3868d8022e2d200be3de4,4d789cd720fd5730f8a76f01d67c16e1ec9ddbcacc2af947e9c9535ce697bb48,8,1,21.85477066040039,1.9574966430664062,True,True,MEMIT_BLUE (L4+L8)
MEMIT_ORIGINAL,30,PS,new,4,990b0ebe0d627c762496344934b82ea40f41a1e4d8d4c74591bfea434156eaeb,af775b9171027e63444ef8ac902561bca6552dba7fe8151794df18295bafcb67,5,0,20.29015350341797,-6.768559455871582,False,True,MEMIT_BLUE (L4+L8)
MEMIT_ORIGINAL,30,PS,new,5,a6c9b0f863d3c2056830114bb5edc235eb5257268e8c3e2a0aaf4a61c20730e2,1b8be37aa1742d8b1b95cc0c7491dc8c31d039d26f7927427e3e108c3258611a,12,0,19.895042419433594,1.4919662475585938,True,True,MEMIT_BLUE (L4+L8)
MEMIT_ORIGINAL,30,PS,true,1,9bfadc56a4e4319b9f72ce649d21281d72f37e8abb6c7a19fd652d145481792b,96888c5050c11ed46a61a0b8f56353a6fdc5ef5d8bc93765f012f1879e3dcbaf,24,0,30.024879455566406,30.02487862110172,True,True,MEMIT_BLUE (L4+L8)
MEMIT_ORIGINAL,30,PS,true,2,30e4c02268d49ca010e3c62fcc2615da2fad4cf0c359eb8fedc0366739b34205,fc36b36207f077632a5b30a6a316ae40db62d2399fadd10a765396e0688b6b98,4,0,28.082611083984375,28.08221181257977,True,True,MEMIT_BLUE (L4+L8)
MEMIT_ORIGINAL,30,PS,true,3,ba006000a707f53e298b4f7896049d3f214dc44733023233b2ef69e879fc4b9e,18db2ab401ebe8df2b397a5e9d071a53a61d6d84bf7e98ec2b2164d249ce8a93,28,0,27.81808853149414,27.794490940868855,True,True,MEMIT_BLUE (L4+L8)
MEMIT_ORIGINAL,30,PS,true,4,f741ade8c7c5097ac516c6b382a7c91557e8f4d0e19021df6e4076b1408b80f1,e33deb55ebf269631af11a250fb39cf3b94727e5a65da387d38cad03fa5d48bd,27,0,27.74386978149414,27.73495333828032,True,True,MEMIT_BLUE (L4+L8)
MEMIT_ORIGINAL,30,PS,true,5,e916fba72a9598b3005b12da410d4753bee0e5b5090b2c8e2c201745f1256f54,fa03e25b295c8ca7bae672d2acf3af7ca7ff426b0882cb5bdc19f40a21f64ffb,24,0,27.591245651245117,27.562420455738902,True,True,MEMIT_BLUE (L4+L8)
MEMIT_ORIGINAL,30,NS,new,1,1c5c834c927a24fc22228333db7249f958a30231366e6a94bfc4880ea26098c3,f54c16cce8bc3e0324e4fb2dc9f5fa3199bce20aaf35616cd9a57478c3654035,3,2,30.28908348083496,-9.777595520019531,True,True,MEMIT_BLUE (L4+L8)
MEMIT_ORIGINAL,30,NS,new,2,9d9f3c4ea93d3640e675b5d3cda8ecefbb40a78cb3bcddaac98392823eb7f465,7eb1fdf5f21dfd33995c6be8aefa549f15fa16dbac8deab7038e4fe8219cc9dc,10,8,29.887495040893555,-29.887447477518435,True,True,MEMIT_BLUE (L4+L8)
MEMIT_ORIGINAL,30,NS,new,3,329cc1a2b0777ee0728949edcb273a7a3fba82f184efff2ea95ce23c1e7cf9c8,c39ca2361ceb238e38fa34e60355436c501420711c14fbf8db1bbe54e0bd78ae,11,0,28.286710739135742,-22.266406536102295,True,True,MEMIT_BLUE (L4+L8)
MEMIT_ORIGINAL,30,NS,new,4,1c5c834c927a24fc22228333db7249f958a30231366e6a94bfc4880ea26098c3,a9628577d510c6ea2e8d9c47383f7ac411b53cc1550e7d48ddf744ff00f03584,3,5,27.159217834472656,-8.22579574584961,True,True,MEMIT_BLUE (L4+L8)
MEMIT_ORIGINAL,30,NS,new,5,451b01cbb6bdda2450c47423173e5655a3760dd6b130d95005d3b14600f21173,fa18bc917e479517896fd2f2d4c0b66a84edb64f1ee150705e3bd5b13dc8e95a,2,0,26.640546798706055,-13.544917106628418,True,True,MEMIT_BLUE (L4+L8)
MEMIT_ORIGINAL,30,NS,true,1,5386be01384d6ab1cdf0a6717c1cd28a7d9f777c8390d11c8a763d120565260a,258d9aa3f334d2af8eab468d2b91eab5b8082b67793064994ef7d2973bc564b3,26,7,32.05670166015625,6.706108093261719,False,True,MEMIT_BLUE (L4+L8)
MEMIT_ORIGINAL,30,NS,true,2,5386be01384d6ab1cdf0a6717c1cd28a7d9f777c8390d11c8a763d120565260a,073dd5dde88bab0ff588768b53dbed7903d56114a8e2b4c9a4bd3fe3dfb8494b,26,5,28.538183212280273,9.556365966796875,False,True,MEMIT_BLUE (L4+L8)
MEMIT_ORIGINAL,30,NS,true,3,340799d186c8195376d2cf6a756516a830ffc5feac81996d8b4e6d62d30d214b,7fe72b18b85f957381093e6073d5e941c921360d18c89c380b7983fc2b2c89b9,9,6,27.286205291748047,11.626631736755371,False,True,MEMIT_BLUE (L4+L8)
MEMIT_ORIGINAL,30,NS,true,4,e916fba72a9598b3005b12da410d4753bee0e5b5090b2c8e2c201745f1256f54,47d02103b85672c1e7517100406fcde3ff1c525c35621eeb4cb19713fd07f3e6,24,6,25.906463623046875,25.901854306459427,False,True,MEMIT_BLUE (L4+L8)
MEMIT_ORIGINAL,30,NS,true,5,548cb017afaf3e2eddce0f201c384efc89f11ced659ea68c3785059e947d377f,3a5e891fe162b411af79dc24212a2cf0e9a47872d764d5a5e283bfb9dccc3300,9,4,25.858436584472656,-0.12570571899414062,True,True,MEMIT_BLUE (L4+L8)
MEMIT_ORIGINAL,40,RS,new,1,68fb74e20a2f319724f156afdb0a5f9470feb0bcbacfa1f2ca998fa86adda627,d98b298d7ad5fe54be65c52bd0fd137bf15b40fc667453c6db0ad46b39f805ff,1,0,23.3060245513916,-7.6252641677856445,False,True,MEMIT_BLUE (L4+L8)
MEMIT_ORIGINAL,40,RS,new,2,cee34f2648fc2b53ab0ecd0d711ab8466517aba6ede42d532e9cdccfba6b45b0,b904b599374d5b9e3328839403288e497f3553f8d3b0d21b9bef348200b2e85f,28,0,21.56997299194336,4.769853591918945,True,True,MEMIT_BLUE (L4+L8)
MEMIT_ORIGINAL,40,RS,new,3,30197cbd782cdfa3cad4c1deeaa8807171806d2640e22edc905dc29fb7f2eabf,0201e7e045fb3178517b286ba333563e8e0f7fb7c9a04d829e3f9555a622f6f1,15,0,20.760009765625,-4.95751953125,False,True,MEMIT_BLUE (L4+L8)
MEMIT_ORIGINAL,40,RS,new,4,c49eb5e7bb09a8e471441ed78fa006cbb96c24b221b12523d8ac63ecef1d81b0,6307dd1fa0c01d7ebfef42fa0d06e87241109f8922d7220402888ce5f1f0ed88,4,0,20.023529052734375,-0.9339923858642578,False,True,MEMIT_BLUE (L4+L8)
MEMIT_ORIGINAL,40,RS,new,5,2a7185fd600ecd7bd4b998bc7dbf460bd0dd2f1b9529ebdf0f662a48be746642,ac86c2c6f61984954a152d029ab77a6c2611864cf5f853c7ba9003391c186809,16,0,19.926727294921875,-2.402690887451172,False,True,MEMIT_BLUE (L4+L8)
MEMIT_ORIGINAL,40,RS,true,1,10acb87b3040f4e177781ce677d7b30554cb20e93e2bbb1470b0e944fb63faf2,7a88e2fcec08afb76f858e89db7737675ca032c8ee319da894f654c621c923bf,39,0,30.721677780151367,30.721605065125914,True,True,MEMIT_BLUE (L4+L8)
MEMIT_ORIGINAL,40,RS,true,2,08500acfbe7cf012c9bf99ab64d66e0b1dec4cf6c669f3cb40e2cb794f0c835b,81a0e0791c5d1eab3f7450509d80b5e489bd58471f25c70c3f38b83a10b61b64,20,0,30.703954696655273,30.702923710341565,True,True,MEMIT_BLUE (L4+L8)
MEMIT_ORIGINAL,40,RS,true,3,c10aa68b9fa1bedcb69e16e5ef971231771463aeb483f7f04076c435887cf907,46cedb3efee8165663b329c27095823be45b7afc59c7f39052a11e8a7bedfc6e,39,0,30.445030212402344,30.44488943614124,True,True,MEMIT_BLUE (L4+L8)
MEMIT_ORIGINAL,40,RS,true,4,408934a96ee62e5cd27af4b663eb3205796eac61b990777b72db420c8ebbd32a,0ac39529e2db44e4b3569936162bd8c110a7d6b072e93b6ffdb5e191522774ab,16,0,30.245317459106445,30.244895189767703,True,True,MEMIT_BLUE (L4+L8)
MEMIT_ORIGINAL,40,RS,true,5,c8f2ba8a3b50884964255d406a7f4c232ec3efe6c021514cd273a4c1726dbfd2,d6103125dab1fc45bcd8660ba113687fa943e90456149478b2463d9eaf59d442,30,0,29.988800048828125,29.988505049346713,True,True,MEMIT_BLUE (L4+L8)
MEMIT_ORIGINAL,40,PS,new,1,2a7185fd600ecd7bd4b998bc7dbf460bd0dd2f1b9529ebdf0f662a48be746642,41dd9ba3b4049179a4053578ffdfc6f431b1b929f3085c3084ecdc986d102e3d,16,0,25.758298873901367,-5.822490692138672,False,True,MEMIT_BLUE (L4+L8)
MEMIT_ORIGINAL,40,PS,new,2,d9b76e73f74e659b11b26e4fac3aaf3d9d4da1e7b5d3f354bc0b04016f013c20,083d723a47f64e2adac247e11f679bb110def1b2a03814254209c10308d07693,11,1,23.961284637451172,-7.943565368652344,False,True,MEMIT_BLUE (L4+L8)
MEMIT_ORIGINAL,40,PS,new,3,eb72d6efc1723e0fd7d25c96d4e8b24adf835c4d4ee198bffb7f76d15b34ea00,a915c8acaade259a7e8411987e96beed478650f91645fd26f7da4a2ae4bbdfe4,21,1,22.4616756439209,0.47257423400878906,True,True,MEMIT_BLUE (L4+L8)
MEMIT_ORIGINAL,40,PS,new,4,eb72d6efc1723e0fd7d25c96d4e8b24adf835c4d4ee198bffb7f76d15b34ea00,96ce73e191474ad686790ce5e2d00c48795dff56d4e0db95c189628dd6c37379,21,0,21.310531616210938,3.963857650756836,True,True,MEMIT_BLUE (L4+L8)
MEMIT_ORIGINAL,40,PS,new,5,2e1030083599489d2833b87315cb57aa2ac32593558298b8cb4bc58e86c26dbd,bd984bfb4a26cdaa375c2ec6713e8ee9740d5b8a378685ac510d67df8a3ad293,24,1,21.19182586669922,-8.775503158569336,False,True,MEMIT_BLUE (L4+L8)
MEMIT_ORIGINAL,40,PS,true,1,f741ade8c7c5097ac516c6b382a7c91557e8f4d0e19021df6e4076b1408b80f1,e33deb55ebf269631af11a250fb39cf3b94727e5a65da387d38cad03fa5d48bd,27,0,31.254186630249023,31.253862195211696,True,True,MEMIT_BLUE (L4+L8)
MEMIT_ORIGINAL,40,PS,true,2,c10aa68b9fa1bedcb69e16e5ef971231771463aeb483f7f04076c435887cf907,b9ffc0b15b9d52283a30d7e33c58a86c455b67bf0b3bcbe0cba20f6e6b3d9f29,39,0,30.735986709594727,30.735919477818243,True,True,MEMIT_BLUE (L4+L8)
MEMIT_ORIGINAL,40,PS,true,3,b123f95a5578ac2ffb571adb3fd60b023e925128d1ef5bf917a73a8fa3d136a4,619e95fc9b57f53f485d4b8235e2f54eb59547965c07ca2cf40e9e0c2e325d6d,29,0,29.095598220825195,29.09136026352644,True,True,MEMIT_BLUE (L4+L8)
MEMIT_ORIGINAL,40,PS,true,4,0ea9ede75763223559ab443f2adad3e4bf0d891a11caab7462ef09745c80ff17,82efae35f0e986b7596e2d45735ee5ba26a0548bdbb9c456274f26835452938e,40,1,29.04680824279785,29.046804428107862,True,True,MEMIT_BLUE (L4+L8)
MEMIT_ORIGINAL,40,PS,true,5,30e4c02268d49ca010e3c62fcc2615da2fad4cf0c359eb8fedc0366739b34205,fc36b36207f077632a5b30a6a316ae40db62d2399fadd10a765396e0688b6b98,4,0,29.005258560180664,29.005020646742196,True,True,MEMIT_BLUE (L4+L8)
MEMIT_ORIGINAL,40,NS,new,1,ef10b76ed6b18b48517d4db262fa3cf1c0de31025653e6a19fb55db60b8bc436,78ee7d38528a9e6c8098f992a6519f614cc176f41a15c78a49f5c9fe8d98ccef,1,4,34.32775115966797,-15.321523666381836,True,True,MEMIT_BLUE (L4+L8)
MEMIT_ORIGINAL,40,NS,new,2,c10aa68b9fa1bedcb69e16e5ef971231771463aeb483f7f04076c435887cf907,dadaf691bc3a4894607531f5a5e1e84516bc72506b9797840dafc7bc45a3c581,39,0,31.205707550048828,-15.45468521118164,True,True,MEMIT_BLUE (L4+L8)
MEMIT_ORIGINAL,40,NS,new,3,d66d71c37254a00f89845d85de1f73c9d8fc9b78c44f1d366982771e56830fdf,038ed1db672af8c47a89f48f16975f266d2d01a9a882e354f6580d0c271e562c,37,4,30.713367462158203,-3.9265823364257812,True,True,MEMIT_BLUE (L4+L8)
MEMIT_ORIGINAL,40,NS,new,4,a4238da765fb37b39f824237d4eddcbbac4b0eedaece539996a4a58144677a2c,4f114b629dcb81ad45004fd6715411a6aab21a0a585655b3461e7b67de4dc0d4,36,6,29.772865295410156,-29.772768382950744,True,True,MEMIT_BLUE (L4+L8)
MEMIT_ORIGINAL,40,NS,new,5,a4238da765fb37b39f824237d4eddcbbac4b0eedaece539996a4a58144677a2c,25110cbd61a838cffad9d2f0fc7aaa75b2a3818b5e526e87d326551448e603e3,36,9,29.620325088500977,-29.620177399090608,True,True,MEMIT_BLUE (L4+L8)
MEMIT_ORIGINAL,40,NS,true,1,5386be01384d6ab1cdf0a6717c1cd28a7d9f777c8390d11c8a763d120565260a,258d9aa3f334d2af8eab468d2b91eab5b8082b67793064994ef7d2973bc564b3,26,7,33.735267639160156,9.145217895507812,False,True,MEMIT_BLUE (L4+L8)
MEMIT_ORIGINAL,40,NS,true,2,5386be01384d6ab1cdf0a6717c1cd28a7d9f777c8390d11c8a763d120565260a,073dd5dde88bab0ff588768b53dbed7903d56114a8e2b4c9a4bd3fe3dfb8494b,26,5,30.955923080444336,10.854619979858398,False,True,MEMIT_BLUE (L4+L8)
MEMIT_ORIGINAL,40,NS,true,3,340799d186c8195376d2cf6a756516a830ffc5feac81996d8b4e6d62d30d214b,7fe72b18b85f957381093e6073d5e941c921360d18c89c380b7983fc2b2c89b9,9,6,28.54873275756836,11.556940078735352,False,True,MEMIT_BLUE (L4+L8)
MEMIT_ORIGINAL,40,NS,true,4,484f4ed1203576cc2e069e96eb5104a8452b06fc60ca799c0ae5d7b4032250a7,440161e07041e8180e1439cef389c5c49bf95532b996655238eedb9c2657b000,1,5,27.89899444580078,15.772753715515137,False,True,MEMIT_BLUE (L4+L8)
MEMIT_ORIGINAL,40,NS,true,5,80199b1329e5077738005165ae9cf178765fbd14241f5016ff30e14f3a08c585,38e04eda7e61409157eaf486ce8c41b5d449ce411de6c25101ecab1782e4cd17,23,8,27.62723731994629,11.44033432006836,False,True,MEMIT_BLUE (L4+L8)
MEMIT_ORIGINAL,50,RS,new,1,20db6628648c4ad306be515e9df80f6778953e70e517aed46dd0d594c2d7964f,41d3af7044465263baea43550fc7cd2dcba9d349b105cc4c2f54e89524a1eed3,4,0,23.626949310302734,-4.333284378051758,False,True,MEMIT_BLUE (L4+L8)
MEMIT_ORIGINAL,50,RS,new,2,2a7185fd600ecd7bd4b998bc7dbf460bd0dd2f1b9529ebdf0f662a48be746642,ac86c2c6f61984954a152d029ab77a6c2611864cf5f853c7ba9003391c186809,16,0,21.952545166015625,-10.154134750366211,False,True,MEMIT_BLUE (L4+L8)
MEMIT_ORIGINAL,50,RS,new,3,204da20c1bca1f5e3d9e6f690ca9cc5fc5cec72052f8808af270df2b329f6fc4,1254cb4dc709583c5ec34c04680717bb813b6ce5c76200eeda3538db9d91258f,12,0,21.51203155517578,-16.538645267486572,False,True,MEMIT_BLUE (L4+L8)
MEMIT_ORIGINAL,50,RS,new,4,0c658eb5d61e88c86f37613342bbce6cbf278a9a86ba6514dc7e5c205f76c99f,4cc3cb56e4f2e3a15d07ce5d0d770ad1026fb24ffc5c58a1b170fe71349d10a1,26,0,20.11229705810547,-2.1952953338623047,False,True,MEMIT_BLUE (L4+L8)
MEMIT_ORIGINAL,50,RS,new,5,a590c9fa5dd7b9cc589d1d39b1b235ef49426ff405da180b2fb8999be3d7f098,d4c2f75a886e00efb3f65f941f94e20a772d4ecae072ef9c24f2dede9d378463,2,0,19.8204345703125,-7.392760276794434,False,True,MEMIT_BLUE (L4+L8)
MEMIT_ORIGINAL,50,RS,true,1,dff21ac19da1c80cb29a0371776b82c8a2ef540823559128bc58f3f4cf2d151d,6bed1ae0f6c8b97acb704f98e16f621c773bf2987a6f84ec79bf58ec7b8783b6,42,0,31.845870971679688,31.845715534844203,True,True,MEMIT_BLUE (L4+L8)
MEMIT_ORIGINAL,50,RS,true,2,9b4cd5f95b2d5d7967627f8436c97ce2cf66c75b818e3e94830b49438aec532a,a9fb54a46754ed0100c07ddac4f90c9d37f29311093584d1a5e9ae74df86b319,21,0,31.58107566833496,31.578449838794768,True,True,MEMIT_BLUE (L4+L8)
MEMIT_ORIGINAL,50,RS,true,3,bda584056eb9957d6c681e00079eff36fec289e2a0432a4221b95438dfef5ca4,865a7d698b322a2152fce5d47bbb03e5b4546c8cb13d7ecc63763710589c2850,45,0,31.373815536499023,31.37376248977307,True,True,MEMIT_BLUE (L4+L8)
MEMIT_ORIGINAL,50,RS,true,4,f741ade8c7c5097ac516c6b382a7c91557e8f4d0e19021df6e4076b1408b80f1,2f8c22c8ef5596ad920110feea043b28bd76eeda2eedba59946ea58012f00339,27,0,30.628137588500977,30.626891555148177,True,True,MEMIT_BLUE (L4+L8)
MEMIT_ORIGINAL,50,RS,true,5,371e6e08c996fca6c5a8fedd7f924d21c37ce6ef63401db0eaa686a8d49eacd0,54733d5242c599cad0cd97209a4081d9a8c69f1615593832aebcf6d31dcdaf00,48,0,30.600976943969727,30.600769422133453,True,True,MEMIT_BLUE (L4+L8)
MEMIT_ORIGINAL,50,PS,new,1,1df90634fd0a403326034dd4377e0c7a06306d8769a4f0c125584444cbc90974,60db30e6154a4b9c378be0ccd4ba77e86677ad8e9cbf39c98526e3e1e90f8a2b,10,1,24.24962043762207,3.1274337768554688,True,True,MEMIT_BLUE (L4+L8)
MEMIT_ORIGINAL,50,PS,new,2,20db6628648c4ad306be515e9df80f6778953e70e517aed46dd0d594c2d7964f,94dfbf72b8d115f8891acb9380dfddaa24161c9c58081227f022d630c8d1dd40,4,0,24.080381393432617,-6.0915985107421875,False,True,MEMIT_BLUE (L4+L8)
MEMIT_ORIGINAL,50,PS,new,3,3cb694aa163edb51b0841c85a215cb1a47e41c42e2b53c7b8f999dcbb595a181,96b28d05da7bd1eff4592dd85ec6686ff7548bb79e7afdafdb758959c2d62411,12,1,23.79072380065918,-4.3376922607421875,False,True,MEMIT_BLUE (L4+L8)
MEMIT_ORIGINAL,50,PS,new,4,ff2c5f6337789dc5f10f0d09f45b6051e0d95b3c7cdf6389390279df8fd2243d,0187a6f0270fa0646461ab47543c679f8f8a7545f9904ea1b7a95f07102b71e8,24,0,22.989501953125,0.6072654724121094,True,True,MEMIT_BLUE (L4+L8)
MEMIT_ORIGINAL,50,PS,new,5,1c5c834c927a24fc22228333db7249f958a30231366e6a94bfc4880ea26098c3,34b0cb15e839645fe3da6090d68038e6280f1b0f39bbadc2a0dc424984785c96,3,1,22.987529754638672,-11.005341529846191,False,True,MEMIT_BLUE (L4+L8)
MEMIT_ORIGINAL,50,PS,true,1,f75bcdd5d195fb3f9fcc6fd8ae0f66bb4c07e131efd29aab0be7b3387b1e3b99,21434e406f99149d8bbe61f7d4a69a2856a69d246773f4a07dea2bf914d8a646,46,1,32.06843185424805,32.068421363885136,True,True,MEMIT_BLUE (L4+L8)
MEMIT_ORIGINAL,50,PS,true,2,fbaee40a01a9fa13a7f3da0dd6cf9ee7495323a554607b17133644c91a33f4ae,551581e96ff7cbbc22fde70ad459799fdbeab29385d36273990ddec15fbfe607,50,0,30.76509666442871,30.764946829571272,True,True,MEMIT_BLUE (L4+L8)
MEMIT_ORIGINAL,50,PS,true,3,d1f1775ac1327fc68a4e0a3d4eef9e450429cbfc8ab3fa9a1a39dc8dc67749a7,274375daa4041573f81e77e5193b455a6d8f6a5b993189cf87c22989d614cbd8,46,1,30.180675506591797,18.049702644348145,True,True,MEMIT_BLUE (L4+L8)
MEMIT_ORIGINAL,50,PS,true,4,fbaee40a01a9fa13a7f3da0dd6cf9ee7495323a554607b17133644c91a33f4ae,e6eb50d307d581b48c484b93207063db86ab9cc934bf1c7d81061a199134790e,50,1,28.93151092529297,28.931467891667126,True,True,MEMIT_BLUE (L4+L8)
MEMIT_ORIGINAL,50,PS,true,5,a4961676983a10f9ed67219d049b3165dcde4dd74aa3594f3e8fa2abcc32426d,751200d2aca09882389b0440e79cd1c17b6e9152aa3058db86464d2ddf547923,41,1,28.86815643310547,28.867964286197093,True,True,MEMIT_BLUE (L4+L8)
MEMIT_ORIGINAL,50,NS,new,1,ef10b76ed6b18b48517d4db262fa3cf1c0de31025653e6a19fb55db60b8bc436,78ee7d38528a9e6c8098f992a6519f614cc176f41a15c78a49f5c9fe8d98ccef,1,4,31.647241592407227,-7.964731216430664,True,True,MEMIT_BLUE (L4+L8)
MEMIT_ORIGINAL,50,NS,new,2,90e1db68e69ab1cb70f1fb0a8b5f79ca7cf186fc500d64638714bbdb1a1646ce,244164a5356b806ca500cad1a5936ce7688349cc79809a02aa4ac311c02e2150,36,5,30.289609909057617,-11.404708862304688,True,True,MEMIT_BLUE (L4+L8)
MEMIT_ORIGINAL,50,NS,new,3,90e1db68e69ab1cb70f1fb0a8b5f79ca7cf186fc500d64638714bbdb1a1646ce,74af1eabac1eba5042474a753646d9ea0f7b2b7f362c6bd723ca4472787d0a36,36,0,29.405376434326172,-13.53337287902832,True,True,MEMIT_BLUE (L4+L8)
MEMIT_ORIGINAL,50,NS,new,4,fdbcf987fae167738b6002cf6ffe0581b553cc430e284ccdf82f733860b09772,83988586193ca9f3978a95fa8f8aabecc7cf4b2e8b44c85a1901726d856ba65e,39,3,29.187410354614258,-7.102869033813477,True,True,MEMIT_BLUE (L4+L8)
MEMIT_ORIGINAL,50,NS,new,5,90e1db68e69ab1cb70f1fb0a8b5f79ca7cf186fc500d64638714bbdb1a1646ce,3891f4a017077be4fc8ed6de43e753df31fe8bc54c61b4c3a3d3e1cb49a80a73,36,9,29.177568435668945,-14.853060722351074,True,True,MEMIT_BLUE (L4+L8)
MEMIT_ORIGINAL,50,NS,true,1,66e3d2ac55fec606ebab9ea9ff100b242ff886182b170aa338f8522109a4c119,6a427cf3d26f7806756f3ec168448efbf461329e20080959b7acf45527cbe0fc,49,2,30.72435188293457,30.724345564862233,False,True,MEMIT_BLUE (L4+L8)
MEMIT_ORIGINAL,50,NS,true,2,66e3d2ac55fec606ebab9ea9ff100b242ff886182b170aa338f8522109a4c119,d8a073cecc059075550108d424795a2a7b37ad601e779b19bd58b9d6c9ca7cc8,49,1,30.44356346130371,30.44356012344906,False,True,MEMIT_BLUE (L4+L8)
MEMIT_ORIGINAL,50,NS,true,3,5386be01384d6ab1cdf0a6717c1cd28a7d9f777c8390d11c8a763d120565260a,258d9aa3f334d2af8eab468d2b91eab5b8082b67793064994ef7d2973bc564b3,26,7,30.409889221191406,10.011571884155273,False,True,MEMIT_BLUE (L4+L8)
MEMIT_ORIGINAL,50,NS,true,4,d00e9ccf9be483d8eb31fd2abf27b382e4a915835a90f3814993548425d4d0a1,363f787e7febf352decd570408764ceba9b27a864e0eec3334dde5a227fa78d9,38,0,28.90794563293457,13.276359558105469,False,True,MEMIT_BLUE (L4+L8)
MEMIT_ORIGINAL,50,NS,true,5,94c1127ab5e9e955e88cd4add474cb9279dc422b58f1048ff5be35232fde0589,0a071cbbcfcea67ed67a302d237fe01102b26f3e18b9135c58c17f2defadf1c5,24,8,28.675853729248047,7.404973983764648,False,True,MEMIT_BLUE (L4+L8)
MEMIT_ORIGINAL,60,RS,new,1,47640e5f52b61369ed665d52e51fcd0d0577385d0d531b8eb91018ecb947df5d,9d6ec783f5629b516c523fb917d55c6df0627c884a99145fdd8199639a1ffca7,46,0,27.002349853515625,-6.271293640136719,False,True,MEMIT_BLUE (L4+L8)
MEMIT_ORIGINAL,60,RS,new,2,20db6628648c4ad306be515e9df80f6778953e70e517aed46dd0d594c2d7964f,41d3af7044465263baea43550fc7cd2dcba9d349b105cc4c2f54e89524a1eed3,4,0,24.357336044311523,-8.626219749450684,False,True,MEMIT_BLUE (L4+L8)
MEMIT_ORIGINAL,60,RS,new,3,1df90634fd0a403326034dd4377e0c7a06306d8769a4f0c125584444cbc90974,b3c7df014b8cf1d74360fbffbeec3a976b0fee6ee76a938f301363cb6277ced0,10,0,23.815811157226562,5.48417854309082,True,True,MEMIT_BLUE (L4+L8)
MEMIT_ORIGINAL,60,RS,new,4,6beb5eb7eefdd7dada9588445e3b6485c1f68eac97d0b105aa18e59ecd0f35b3,ed9706764e88bf7c60f21ba08211a097c8196fbda03713a0b67651d961401a5b,19,0,23.68370246887207,-1.8234519958496094,False,True,MEMIT_BLUE (L4+L8)
MEMIT_ORIGINAL,60,RS,new,5,6f90a5a0d3234433d03c7a06fc4bd5c3ac1f21f33978292fee61323e22238a92,9026bd5457141a297dd5380a05a815c5ae98a61f593fbe1d42b9f294a449e949,18,0,22.895605087280273,-4.4700927734375,False,True,MEMIT_BLUE (L4+L8)
MEMIT_ORIGINAL,60,RS,true,1,f00f2e7bca65e9f8409fdb3bcddfa031664224255d7bd2f6b3de8ff11ababe20,921b7d0405c4d2b3fc9b5be500886a1dbca678fbaef1905415bb7491439d2793,59,0,39.04135513305664,39.04134905340152,True,True,MEMIT_BLUE (L4+L8)
MEMIT_ORIGINAL,60,RS,true,2,de9dca79f604bd1f3c095b53f3e846ccbd0f842e0b2037303d1b9d439c6d1276,1dc1bf5531ac803c6503b44de4e54d08719d36965b3d464257ac4f664bdcb208,58,0,33.014469146728516,33.014133748045424,True,True,MEMIT_BLUE (L4+L8)
MEMIT_ORIGINAL,60,RS,true,3,76044b057b5a5157476aff1aa4d2a6a7f5d0464cb5f5e6264ed6e3f9f27b01e3,ea7c4f85daee24803f0a3048b179f16c16b1a2c605f08ebc66794088c55f3cc1,56,0,32.05918884277344,32.0591701270896,True,True,MEMIT_BLUE (L4+L8)
MEMIT_ORIGINAL,60,RS,true,4,f9a8ea52803b55fada3310dd43a447a99dc03507c2607b06de916f5141da831a,6e0160a40bb3cbafe05c17f81da1e658f93d1fbd5f83c7385278ad4594392bc9,58,0,30.69902229309082,30.699016094226863,True,True,MEMIT_BLUE (L4+L8)
MEMIT_ORIGINAL,60,RS,true,5,34bc433063262190cb69b9b1b5857379f1245b8f38f4ff982a4eb5f98d2e7664,3d1c22f6c8b434b23bf77494d58831c5d55b5b7a892f602efffcb251f278446a,60,0,30.182247161865234,30.182239651708187,True,True,MEMIT_BLUE (L4+L8)
MEMIT_ORIGINAL,60,PS,new,1,47640e5f52b61369ed665d52e51fcd0d0577385d0d531b8eb91018ecb947df5d,f8db35ff2b82784010d41f757959383c2b48a12acd1315b57e32b403fb46064f,46,0,29.86212921142578,-4.399116516113281,False,True,MEMIT_BLUE (L4+L8)
MEMIT_ORIGINAL,60,PS,new,2,5115faeecc0db1adcfda7bb7a3ffd0bbc008309e0e1dba112ba3fce020ca1788,7451d67bde39cdf42d20b96f72d3d70cda8e0864a28f3f725d2f55673d98f0fa,7,0,25.687023162841797,-5.630212783813477,False,True,MEMIT_BLUE (L4+L8)
MEMIT_ORIGINAL,60,PS,new,3,47640e5f52b61369ed665d52e51fcd0d0577385d0d531b8eb91018ecb947df5d,2addc22b678e1a6987bd2b7bdf86bfd31a44bda0e3fe8e76f28a0ac170bf1722,46,1,25.037281036376953,-7.1591033935546875,False,True,MEMIT_BLUE (L4+L8)
MEMIT_ORIGINAL,60,PS,new,4,6e04efee3c6eca4b5950ce409879efc03b805ed83a4e17757e0215b5f3edbf6b,bfc5d385b51b3c7c0361c43d09f573d9831f47c01cabd7beeef2401fe6b6f630,2,1,24.11786651611328,-0.7316513061523438,False,True,MEMIT_BLUE (L4+L8)
MEMIT_ORIGINAL,60,PS,new,5,a4238da765fb37b39f824237d4eddcbbac4b0eedaece539996a4a58144677a2c,29bea9bc700e99ddb618530a91acb3e936be5376db58ff1d9ff690087310465c,36,0,23.526174545288086,-19.90183663368225,False,True,MEMIT_BLUE (L4+L8)
MEMIT_ORIGINAL,60,PS,true,1,de9dca79f604bd1f3c095b53f3e846ccbd0f842e0b2037303d1b9d439c6d1276,72f771a322a60891e967ac2d6e2fa9940512a624832ad419b7ddff8bd594ec49,58,0,28.64727210998535,28.644674815936014,True,True,MEMIT_BLUE (L4+L8)
MEMIT_ORIGINAL,60,PS,true,2,ba74db3f3765c22c955c93bcb30d236f47a73ba557fcfe585d29224d88757086,6f775827d16f1eabc87c3c09f47ee3a3f8a849869c342369b6606c0dc4c05ecd,57,0,27.984561920166016,27.984340453826007,True,True,MEMIT_BLUE (L4+L8)
MEMIT_ORIGINAL,60,PS,true,3,76044b057b5a5157476aff1aa4d2a6a7f5d0464cb5f5e6264ed6e3f9f27b01e3,14869018374ba895c1f2dba6f7d41ceff00f01bfd50385c4c68730c26e2c1b17,56,1,26.894332885742188,26.890543140936643,True,True,MEMIT_BLUE (L4+L8)
MEMIT_ORIGINAL,60,PS,true,4,3b7dc65fd47fd991000d80844da28c8699590a1cb30988782bcade39f67794c1,dc5cf3d7c70874b6c7788b9957645e97984fb2881b96b0a42a645408db3935e3,15,0,25.620515823364258,25.59213293530047,True,True,MEMIT_BLUE (L4+L8)
MEMIT_ORIGINAL,60,PS,true,5,f00f2e7bca65e9f8409fdb3bcddfa031664224255d7bd2f6b3de8ff11ababe20,1697fd30625ff597817d278d00b6a43a104d19214a48f3d9dabfa2c5dc4fa72b,59,0,25.588972091674805,25.58883536796202,True,True,MEMIT_BLUE (L4+L8)
MEMIT_ORIGINAL,60,NS,new,1,5999ded1c619447d191e277813456c09469a03bf3aa0bd0d8cb5965d45164ffe,3ba2f21e3c6bd238c789ce76f248e737abef3ae9543b72b70ae4099e54415e43,22,0,34.0172119140625,-7.721050262451172,True,True,MEMIT_BLUE (L4+L8)
MEMIT_ORIGINAL,60,NS,new,2,2d7cd510bb3e2232c03dc1dbaf7e3145e5a64d80fd5dba5688fdba7ed9cd3ff6,baf82a56246de324841b21f3b751147628167b0dc87973975bbbea132c1c8e42,9,1,31.613386154174805,-9.864458084106445,True,True,MEMIT_BLUE (L4+L8)
MEMIT_ORIGINAL,60,NS,new,3,47640e5f52b61369ed665d52e51fcd0d0577385d0d531b8eb91018ecb947df5d,a9ac86b10e5ef94e9d41ed4f1d8277e7cef4377243ebaff9b91176874e4e4f8a,46,0,31.23958396911621,-7.924970626831055,True,True,MEMIT_BLUE (L4+L8)
MEMIT_ORIGINAL,60,NS,new,4,a849b24b9925efb779e9556560d2661226a68d08306639699174fb1d8eddf517,14cdf668d7109ee36707a2871c45152e01dbcd5b017ff8848eaec5a5f8dc16ec,24,7,31.197031021118164,-12.485116958618164,True,True,MEMIT_BLUE (L4+L8)
MEMIT_ORIGINAL,60,NS,new,5,ca390bf3b3839880cb2462236c1ef21cef5329323ae380f19591236306588d6d,f500c93da06ad72642a8ba91c836e33af4c9913d48e8c48cdef2bb0a619c077b,29,1,30.875011444091797,-10.563302993774414,True,True,MEMIT_BLUE (L4+L8)
MEMIT_ORIGINAL,60,NS,true,1,c8ace20a55c88e4d1fc94009b763c6690efa764f5e6497cc736acf069b1fbc82,2b31164a66c25c5c56548234e8ace19d651e1ec70193c0175c03227dc46c5c22,34,9,30.977699279785156,2.862823486328125,False,True,MEMIT_BLUE (L4+L8)
MEMIT_ORIGINAL,60,NS,true,2,fb1dd674693dc16a44ae8a07a7642a339a76dccc5b8aa1e8ed96182bd013e76e,3ec6679b1f14ffef199032cff04c630502c4032671bf36b973fb49ae940c3c1b,39,1,30.97768211364746,5.796726226806641,False,True,MEMIT_BLUE (L4+L8)
MEMIT_ORIGINAL,60,NS,true,3,fb1dd674693dc16a44ae8a07a7642a339a76dccc5b8aa1e8ed96182bd013e76e,0373d11f52ef475f960176b508aa35c105573d10fb1ceff88de8e945e9355f35,39,9,30.516016006469727,4.972766876220703,False,True,MEMIT_BLUE (L4+L8)
MEMIT_ORIGINAL,60,NS,true,4,c7f4f146491d27eed1cd4d422c9b3fec37006c606b17dabbfebef85845f3cbc1,4f27d7e3c8931eebe2f789488dc06a7261d979a84173afd2e0f64ca8418a9741,25,8,30.516006469726562,5.442417144775391,False,True,MEMIT_BLUE (L4+L8)
MEMIT_ORIGINAL,60,NS,true,5,c7f4f146491d27eed1cd4d422c9b3fec37006c606b17dabbfebef85845f3cbc1,31ebf0afaee4f5c86e1b2b8009ab9e9261e91c614a3cb39cffb860c7e612d0f5,25,1,29.698102951049805,5.437414169311523,False,True,MEMIT_BLUE (L4+L8)
MEMIT_ORIGINAL,70,RS,new,1,07a02581a9042bbabbc838a8c337e2c1c73d299e8fe269b623f7551fe7dbe7e1,4e382e5000ede814047e1289eb09b6d29c6ce77bca1abc3bc1745a875ff0d173,23,0,28.745569229125977,-9.863470077514648,False,True,MEMIT_BLUE (L4+L8)
MEMIT_ORIGINAL,70,RS,new,2,e609d533127c0ec82085faf4f164a2957f866ece2ac65d7401f2c7285eade435,56ad8c0cd5314d47e5a5cd7fe8aff7d75f42e03b67431881a46f2efb0b325480,22,0,27.31746482849121,-8.912458419799805,False,True,MEMIT_BLUE (L4+L8)
MEMIT_ORIGINAL,70,RS,new,3,684f03fe50f4e2be501538e4678646f2c9002bc5afc960828379bca2b0b37a03,f0b5bccca1ef8f98db8b9bcb962cd5257b176f609a4d36e138f591588c06f59f,35,0,26.816591262817383,-2.4094715118408203,False,True,MEMIT_BLUE (L4+L8)
MEMIT_ORIGINAL,70,RS,new,4,c7f4f146491d27eed1cd4d422c9b3fec37006c606b17dabbfebef85845f3cbc1,ed7f8965861e75abd3c8c6f8dc8e46fb82254e6885cf1bbfac342d209b81024c,25,0,25.524517059326172,-6.0497894287109375,False,True,MEMIT_BLUE (L4+L8)
MEMIT_ORIGINAL,70,RS,new,5,932d9e4ffa9bec44b53bbc4d4c15179dde2ed2f53e1d0fd3de48fd0f20c0cf30,74658134dad90e45bd06969bb7bfc59e56e82676b91d0783d53a82c8761481d8,32,0,25.082605361938477,2.4659042358398438,True,True,MEMIT_BLUE (L4+L8)
MEMIT_ORIGINAL,70,RS,true,1,68b6a6f37390b2cf94057e889f8742391c28e744850a76bdfd3378e8bdf12673,91f201690e13c773c78eb229a780f02c6b5221fe9d94754a930e3a445abef697,69,0,40.127384185791016,40.127384185791016,True,True,MEMIT_BLUE (L4+L8)
MEMIT_ORIGINAL,70,RS,true,2,2c80c314a06d8420bb22af474b6ac8763c65d15826169997804240f7f34eb3dd,aea4eac610a3ade48f42df96c5d8ece12b69f8ef2ea279baee20041cfcd454bd,66,0,27.768007278442383,27.76789427442418,True,True,MEMIT_BLUE (L4+L8)
MEMIT_ORIGINAL,70,RS,true,3,932d9e4ffa9bec44b53bbc4d4c15179dde2ed2f53e1d0fd3de48fd0f20c0cf30,74658134dad90e45bd06969bb7bfc59e56e82676b91d0783d53a82c8761481d8,32,0,27.54850959777832,2.4659042358398438,True,True,MEMIT_BLUE (L4+L8)
MEMIT_ORIGINAL,70,RS,true,4,76044b057b5a5157476aff1aa4d2a6a7f5d0464cb5f5e6264ed6e3f9f27b01e3,ea7c4f85daee24803f0a3048b179f16c16b1a2c605f08ebc66794088c55f3cc1,56,0,27.267587661743164,27.208183478564024,True,True,MEMIT_BLUE (L4+L8)
MEMIT_ORIGINAL,70,RS,true,5,e614b6c399945209a71b7119ebb73f7c7e10ec0bded19d907bf8688d0c90a35a,92a55f34c9446742a1e9d842094f82584a2ed7da0c86f16b316227a249c14d93,70,0,27.17555046081543,27.17550242062498,True,True,MEMIT_BLUE (L4+L8)
MEMIT_ORIGINAL,70,PS,new,1,04e8c83b1fd8f414e1bb62a0e22b2f3c3ec247f5442d247f0d4a5500fd8fbf5e,8c8ea0962a3b5b5077dbab39b2c31093f484072355b28dde081f28b1ca8bbe37,3,0,25.292354583740234,-0.48516845703125,False,True,MEMIT_BLUE (L4+L8)
MEMIT_ORIGINAL,70,PS,new,2,2a7185fd600ecd7bd4b998bc7dbf460bd0dd2f1b9529ebdf0f662a48be746642,41dd9ba3b4049179a4053578ffdfc6f431b1b929f3085c3084ecdc986d102e3d,16,0,25.145286560058594,-12.535195350646973,False,True,MEMIT_BLUE (L4+L8)
MEMIT_ORIGINAL,70,PS,new,3,e609d533127c0ec82085faf4f164a2957f866ece2ac65d7401f2c7285eade435,d2bc433d00516301b032fe3cee59be43fdbb53dbcc03796485ce75fbb8dcaaf4,22,1,24.03956413269043,-9.424591064453125,False,True,MEMIT_BLUE (L4+L8)
MEMIT_ORIGINAL,70,PS,new,4,684f03fe50f4e2be501538e4678646f2c9002bc5afc960828379bca2b0b37a03,87a6b63e153b4e668c3aeaa25fbd1c7f8debbe28ee30f270db97b88212602405,35,1,23.300655364990234,-2.793865203857422,False,True,MEMIT_BLUE (L4+L8)
MEMIT_ORIGINAL,70,PS,new,5,3c06bc19eae1dddc102fdcc0ad552882adbf437ca3645f24b019ffec4328471b,4bfcc9b38a2167c35b61a61dc8f446972b51e4f13d2c4b573640a70d0648918c,43,1,22.751367568969727,6.664806365966797,True,True,MEMIT_BLUE (L4+L8)
MEMIT_ORIGINAL,70,PS,true,1,3c06bc19eae1dddc102fdcc0ad552882adbf437ca3645f24b019ffec4328471b,4bfcc9b38a2167c35b61a61dc8f446972b51e4f13d2c4b573640a70d0648918c,43,1,29.416173934936523,6.664806365966797,True,True,MEMIT_BLUE (L4+L8)
MEMIT_ORIGINAL,70,PS,true,2,c5f9eb390a108b4859979e6b4356f30d03f48d8d836596fc8b09ab8307ef03f0,4863093a7a69d286ef821b9f15354274dc5281abc0ebd0fbd874f40c13981006,70,1,25.663721084594727,25.663706779581844,True,True,MEMIT_BLUE (L4+L8)
MEMIT_ORIGINAL,70,PS,true,3,04e8c83b1fd8f414e1bb62a0e22b2f3c3ec247f5442d247f0d4a5500fd8fbf5e,8c8ea0962a3b5b5077dbab39b2c31093f484072355b28dde081f28b1ca8bbe37,3,0,24.807186126708984,-0.48516845703125,False,True,MEMIT_BLUE (L4+L8)
MEMIT_ORIGINAL,70,PS,true,4,e614b6c399945209a71b7119ebb73f7c7e10ec0bded19d907bf8688d0c90a35a,1564e060465e85326b71f17b0a2568b6e448d0ca3910f1238deef65e92b465cf,70,1,24.46013069152832,24.45993294287473,True,True,MEMIT_BLUE (L4+L8)
MEMIT_ORIGINAL,70,PS,true,5,8818fd6d967f88106b521188fcf15b32b0c5d7af024bfe6a82842144e9b9b6c4,f1ff3bbbddea2395be3380b39070c29697e1030435958c599b6684c93e1651bc,43,1,23.63072967529297,11.589668273925781,True,True,MEMIT_BLUE (L4+L8)
MEMIT_ORIGINAL,70,NS,new,1,1aed064507e29d6789603ad3d09f65b4913a4fec757367c3696b25a75acbfcdd,266e1ddc48f09f1239bf412fd5f62e9507fca34770378dc0fa1766baa924d770,34,4,33.75697326660156,-7.3540191650390625,True,True,MEMIT_BLUE (L4+L8)
MEMIT_ORIGINAL,70,NS,new,2,2060c5ebe196089acf94ca60f9acf18a73c7adcc4a4622a2b5994459e08453b6,1fe7377b932e72346c72f30d5e601da8b4ad8bcd772b72b34dffc67d554f8291,40,2,31.037559509277344,-4.634588241577148,True,True,MEMIT_BLUE (L4+L8)
MEMIT_ORIGINAL,70,NS,new,3,c7f4f146491d27eed1cd4d422c9b3fec37006c606b17dabbfebef85845f3cbc1,1b53e435061eaab000977ab5ffaff0bc199c43b3f9cac6dd6395ee99c7713e7c,25,9,30.484485626220703,-6.46220588684082,True,True,MEMIT_BLUE (L4+L8)
MEMIT_ORIGINAL,70,NS,new,4,fb1dd674693dc16a44ae8a07a7642a339a76dccc5b8aa1e8ed96182bd013e76e,5d4a293a78eb7da96633303c18dd6cce3900cd2e564d447e91232a255d1fcb63,39,7,28.80805778503418,-4.785804748535156,True,True,MEMIT_BLUE (L4+L8)
MEMIT_ORIGINAL,70,NS,new,5,e324c90d6c7dda4a70226cb416919c0206ecb22472195aab9877612130fef7d0,8402f8934dfbaa08eee47cacd6ea18454d938d73f26a3ce8b0de09544f2d79f5,33,6,28.778841018676758,-4.756587982177734,True,True,MEMIT_BLUE (L4+L8)
MEMIT_ORIGINAL,70,NS,true,1,79554ea70b060289cea64ab5ffbda1a89a9b9befa75d8fc819c1a2c2fdcfd150,cb09c157f4a24fa29bd68e452fb2a273e63877eb47323170079d228873c4287a,3,1,31.589975357055664,5.4131622314453125,False,True,MEMIT_BLUE (L4+L8)
MEMIT_ORIGINAL,70,NS,true,2,79554ea70b060289cea64ab5ffbda1a89a9b9befa75d8fc819c1a2c2fdcfd150,83eab5717d87cf29030db7095f7d3cea3bbe494016b1db4a82e1b65ab11568af,3,4,29.883888244628906,4.51795768737793,False,True,MEMIT_BLUE (L4+L8)
MEMIT_ORIGINAL,70,NS,true,3,eda7ca2e850cca251030ec7ed16aff6daa8a04a960789337e4875c92061a2e54,1d47c9744fbcd3b7ad2d752dd95f7f02d72db900444417167ca6a0fa9574a24f,64,8,29.17239761352539,4.737129211425781,False,True,MEMIT_BLUE (L4+L8)
MEMIT_ORIGINAL,70,NS,true,4,0c44f8669d62623c62fea4c82e07646abbe00d361c39c9afbdf247429f9ec3d8,818482b030ad791c27ff8d4369ffb693b1d8829ed6b4c09c1d78af9f1e1878e6,20,2,29.05399513244629,3.0515899658203125,False,True,MEMIT_BLUE (L4+L8)
MEMIT_ORIGINAL,70,NS,true,5,6e457ff07c35fd71ae99a955b3cdca0ce4c84e38d5f1e13debbc3bee7cd4e495,0c39e591178fc462439d77170b766f34abd27a7c8c565a492c997e6a4492b390,68,8,28.832073211669922,1.6225242614746094,False,True,MEMIT_BLUE (L4+L8)
MEMIT_ORIGINAL,80,RS,new,1,470b1aa3a4596e1971fa058bc84d527ee6449ec388e94b38e4c2caf7b2d38963,05eeda292769cc21c822dc2c799e62a8cf73af306b4d0976a706b94880e56a53,17,0,26.371509552001953,-7.528131484985352,False,True,MEMIT_BLUE (L4+L8)
MEMIT_ORIGINAL,80,RS,new,2,2ce7089bb645979a4caa693b09279b11334d9c87a152eb1f25931ee79fb0cc87,c4f55a66a50f4bdb6d90650dc2dd65359c4883e17cbcc4d8ee1295d8333c1abd,22,0,25.42633819580078,-6.543340682983398,False,True,MEMIT_BLUE (L4+L8)
MEMIT_ORIGINAL,80,RS,new,3,c7f4f146491d27eed1cd4d422c9b3fec37006c606b17dabbfebef85845f3cbc1,ed7f8965861e75abd3c8c6f8dc8e46fb82254e6885cf1bbfac342d209b81024c,25,0,25.2558536529541,-6.216150283813477,False,True,MEMIT_BLUE (L4+L8)
MEMIT_ORIGINAL,80,RS,new,4,bcec7283c966fbf6c0a1cf5e4df81b24be10330ddd41fcd694ceab12d83931ff,a3ed49c277a7173c1131906db6a3b94372220a56bae89c530b07a39a797f4e16,55,0,24.288162231445312,-5.032854080200195,False,True,MEMIT_BLUE (L4+L8)
MEMIT_ORIGINAL,80,RS,new,5,46d422734b5b6656711d6b2e99ef7056ef79cb83bc87a545e9287f6037e2187f,487cbe018f51eb4639f9a44613bac78f853937ccecb8c4761c57b60aa3824e2d,46,0,23.732725143432617,-10.569795608520508,False,True,MEMIT_BLUE (L4+L8)
MEMIT_ORIGINAL,80,RS,true,1,7e44b373755cb5c7148e5c8ed6ab57665442a4d625f8b8d16141a5181f6bb4ef,730795082d89a816fafdc400eb0e3261afb1134dbef53f75c040a8c4eb82a66a,74,0,30.31609535217285,30.315682138956618,True,True,MEMIT_BLUE (L4+L8)
MEMIT_ORIGINAL,80,RS,true,2,932d9e4ffa9bec44b53bbc4d4c15179dde2ed2f53e1d0fd3de48fd0f20c0cf30,74658134dad90e45bd06969bb7bfc59e56e82676b91d0783d53a82c8761481d8,32,0,28.89740562438965,9.308425903320312,True,True,MEMIT_BLUE (L4+L8)
MEMIT_ORIGINAL,80,RS,true,3,7b50cd2d97ecd8db6c377302afc512f2948668417a87caf8f7c528898692e628,12a0db7411308adf76c236f6740e4c868ab1ab663f5469be404cb947742d53e1,77,0,28.810623168945312,28.810588956464926,True,True,MEMIT_BLUE (L4+L8)
MEMIT_ORIGINAL,80,RS,true,4,721c70c9de94ab2ea3a3fb2c416cb240d7042ad03f1c3706aaf3e6b6b2f96b7c,c21398d70d119a2fa7884d2411c0c298560adaa350c80d0196ae686386937a6e,79,0,27.99920654296875,27.99905563540233,True,True,MEMIT_BLUE (L4+L8)
MEMIT_ORIGINAL,80,RS,true,5,c851c78a5599734768420b217e7d5a39e6e6ff66bd0c97e8d80cd8a3da36f039,1282c2af24ddd357808ae6d836ba8c6ebb8e92d0c5c2b30a4527a23a57d71d1e,77,0,27.378135681152344,27.377701257675653,True,True,MEMIT_BLUE (L4+L8)
MEMIT_ORIGINAL,80,PS,new,1,360680bcf03cc3e40a64ab70b5074c668af274ce8e656c6e292d8272adb33256,c035f50ad1d72ba0a497093e80d1eeaef2ee388073b566ba19693eae3586b15e,43,0,24.10713005065918,-3.2891807556152344,False,True,MEMIT_BLUE (L4+L8)
MEMIT_ORIGINAL,80,PS,new,2,3c06bc19eae1dddc102fdcc0ad552882adbf437ca3645f24b019ffec4328471b,4bfcc9b38a2167c35b61a61dc8f446972b51e4f13d2c4b573640a70d0648918c,43,1,23.768783569335938,-0.13382530212402344,False,True,MEMIT_BLUE (L4+L8)
MEMIT_ORIGINAL,80,PS,new,3,2adf89afa76f370d54092cb53f74d1558f116bbbffe20007a67ba31746fdb7e3,03c725193f35643d7bddfa4deecbcc2858ea24d75a76ee79f87325962f3d7053,37,1,22.818130493164062,-10.622705459594727,False,True,MEMIT_BLUE (L4+L8)
MEMIT_ORIGINAL,80,PS,new,4,a849b24b9925efb779e9556560d2661226a68d08306639699174fb1d8eddf517,816c0d9b0718e340c189172568b72fb8ee0ad74b3c1f58a16e9ecb475339e5ac,24,1,22.764081954956055,-11.244600296020508,False,True,MEMIT_BLUE (L4+L8)
MEMIT_ORIGINAL,80,PS,new,5,5a495ec9121e113ad1d95a0defd6956cdf0d20c1c19780e3960e7471e31c900e,d6480063bfea9b5328b322e8822c85c9ac2bbd3efc5bf9c4771745fcab8be3d9,39,0,22.761228561401367,-5.37237548828125,False,True,MEMIT_BLUE (L4+L8)
MEMIT_ORIGINAL,80,PS,true,1,8818fd6d967f88106b521188fcf15b32b0c5d7af024bfe6a82842144e9b9b6c4,f1ff3bbbddea2395be3380b39070c29697e1030435958c599b6684c93e1651bc,43,1,32.577030181884766,12.448646545410156,True,True,MEMIT_BLUE (L4+L8)
MEMIT_ORIGINAL,80,PS,true,2,7e44b373755cb5c7148e5c8ed6ab57665442a4d625f8b8d16141a5181f6bb4ef,eb32e13e997c9bfbfecc0e9c5ecd33eb10c38dd6e4df1967454d9bffa193ee85,74,0,30.018970489501953,30.018845804355806,True,True,MEMIT_BLUE (L4+L8)
MEMIT_ORIGINAL,80,PS,true,3,dc731f13f58f114657956a71d8f42886da116e604022b139581c16c43d7e3b94,e539b8cefa4e0f61309cba2d4790f204554b25d9d6f16f15df20bc3bfebf7a00,62,0,28.800235748291016,28.790839136578143,True,True,MEMIT_BLUE (L4+L8)
MEMIT_ORIGINAL,80,PS,true,4,0030e557c3515d5a491f957fb24b5d71f059ac09db37deccef1d55bb046ed767,95cfadc241f9d5d31cfe850d7d3f5502170dacdbe31dcfa9e493b3b84c8c313b,77,1,27.424924850463867,27.424631400266662,True,True,MEMIT_BLUE (L4+L8)
MEMIT_ORIGINAL,80,PS,true,5,7b50cd2d97ecd8db6c377302afc512f2948668417a87caf8f7c528898692e628,34a722950586d44fd1a0bf90598da1fa908182e23e7957e67db377fc1959d2d0,77,1,26.69696617126465,26.696243070822675,True,True,MEMIT_BLUE (L4+L8)
MEMIT_ORIGINAL,80,NS,new,1,e324c90d6c7dda4a70226cb416919c0206ecb22472195aab9877612130fef7d0,8402f8934dfbaa08eee47cacd6ea18454d938d73f26a3ce8b0de09544f2d79f5,33,6,33.74807357788086,-6.94194221496582,True,True,MEMIT_BLUE (L4+L8)
MEMIT_ORIGINAL,80,NS,new,2,c90b545c08aeacc643504c7a0a165cc1517fc246be87fb5ea8572316a2a604c6,ca3bd764f8a6b1af2e85baa3d0a71919f37c839a6bc94a44f26c40a22162229e,57,6,32.54203796386719,-7.855493545532227,True,True,MEMIT_BLUE (L4+L8)
MEMIT_ORIGINAL,80,NS,new,3,99c842680c4e5f2577444b2edfcde60b5b85fd79c04125ba9a169b18d7b03571,45325b225e347e25ad7123ab7bbc618e021ea0a7fbd2cae210a4c1e9c47a3ae6,37,1,30.98784828186035,-10.288690567016602,True,True,MEMIT_BLUE (L4+L8)
MEMIT_ORIGINAL,80,NS,new,4,4a44dc15364204a80fe80e9039455cc1608281820fe2b24f1e5233ade6af1dd5,360209766aa38fb8c1d2784c58d5a296b38c28bee65ef6905d2fbf4a738d248d,14,1,30.818347930908203,-4.0121917724609375,True,True,MEMIT_BLUE (L4+L8)
MEMIT_ORIGINAL,80,NS,new,5,43908979b8b2d28d258ecc16f2ebf318939139fd8be49df844e7d98a3efb615d,a1cee3b984b7f038f5a20abea71893c3f7382a597d5ada4985556ddf6a793b4c,7,0,30.8154239654541,-5.169637680053711,True,True,MEMIT_BLUE (L4+L8)
MEMIT_ORIGINAL,80,NS,true,1,9a89fd0c94aac0a90999a4ccc80c0a2ae8b82d0feedce21c41838a83a8ba9530,fa4fb6cbf1d6b0696520a8be6b5d86530560e51308f0002c38be9cb01dbe5974,13,6,33.19146728515625,3.7476158142089844,False,True,MEMIT_BLUE (L4+L8)
MEMIT_ORIGINAL,80,NS,true,2,7a43058ed36440f49175ef270bd8666d1328683126deddd735e4a49971fac61a,a74461fd5f7aac8efb1713f9313e46157d5957c250b68650c9e36a225087421b,16,1,33.19143295288086,5.4230499267578125,False,True,MEMIT_BLUE (L4+L8)
MEMIT_ORIGINAL,80,NS,true,3,2e18e12a751bac813306282d514103385d31398bdbb35d69d09e482863504d35,9b2003eeade3904819a3c5035998eed0371d674960c4279f7eb0eff4bb1cee94,11,8,31.05006217956543,6.764564514160156,False,True,MEMIT_BLUE (L4+L8)
MEMIT_ORIGINAL,80,NS,true,4,8277015b9430fcc7627618452ddb8b4bbbe95a119c342db1072bd57bf59611d0,e41b4c4d2e72f9ab4152e27796abab674d050fe8acfc40189daa4146c28c0705,75,3,30.397701263427734,7.597089767456055,False,True,MEMIT_BLUE (L4+L8)
MEMIT_ORIGINAL,80,NS,true,5,ec98fb8da41fa834a16c20a557e78830fdc8f194697ce1e5134cb5465ad6eb16,58dcde281f7fcd398e98a9ffdf91e1ebb40ca7e27c934ed5a5d346f07d802d55,4,7,29.73531150817871,13.390926361083984,False,True,MEMIT_BLUE (L4+L8)
MEMIT_ORIGINAL,90,RS,new,1,c7f4f146491d27eed1cd4d422c9b3fec37006c606b17dabbfebef85845f3cbc1,ed7f8965861e75abd3c8c6f8dc8e46fb82254e6885cf1bbfac342d209b81024c,25,0,28.048107147216797,-6.558683395385742,False,True,MEMIT_BLUE (L4+L8)
MEMIT_ORIGINAL,90,RS,new,2,9daf56fbee71232dafdc1bb2e28d09377a0d256d121b9771c8e9a79ea59716ea,1b6a30f5c9513ed57f8187599d047c9b44afa49f950edbc381323a42204c674c,43,0,27.241350173950195,-5.294776916503906,False,True,MEMIT_BLUE (L4+L8)
MEMIT_ORIGINAL,90,RS,new,3,05aedabc784708363ad9b4354d8196e7de53c65f9bd612bb2d4d5a89be7ecdfe,e6df5664ec7f751bb5e56efb522f217161ba76d3aa8cc15d716814a5b753c744,6,0,25.93253517150879,-0.9687442779541016,False,True,MEMIT_BLUE (L4+L8)
MEMIT_ORIGINAL,90,RS,new,4,376f9bd4a137a72c75bea3c3ca59a545b6a13706d86fe7fceeb2ad742e0edb35,ddb939e7e13959fe39be44091d277c5f90a0a70d5c80700e3b03c92347451d80,56,0,25.891149520874023,-8.499488830566406,False,True,MEMIT_BLUE (L4+L8)
MEMIT_ORIGINAL,90,RS,new,5,cc43cc5e878da8500210cbe4a937184df6fd4bdf9266fe594d93bdfe8731a7b9,c230cf609fc979fd9550289c26d760435f9a9b880ee9abee5f5700d7307c9483,48,0,25.315412521362305,-0.030548095703125,False,True,MEMIT_BLUE (L4+L8)
MEMIT_ORIGINAL,90,RS,true,1,926cc8165d099f794fb1158663debd5a446cfe4b8265e369025728a4097781f6,63638b49d7b323287ddad4420e03cf76e62757b09c78fb0fd125c418dca9effe,87,0,27.12346839904785,27.123294845383498,True,True,MEMIT_BLUE (L4+L8)
MEMIT_ORIGINAL,90,RS,true,2,c7416a96f9f2180e5c9654a4cc1adba6318590083442df72cabe02cacc813719,8d2b6607167e06f4e63090dc08951357a934b51b650bce759ae44d6d2f13f052,86,0,26.93109893798828,26.931021097349003,True,True,MEMIT_BLUE (L4+L8)
MEMIT_ORIGINAL,90,RS,true,3,abc4c464ba72256126c51aa0f561be16d87c6aec9de5ff3abb4ff916f062d140,6374d9a204bc17364531741230ec84b72031f7ceb0ede3817170bd027f86cdd7,89,0,26.200313568115234,26.19812775310129,True,True,MEMIT_BLUE (L4+L8)
MEMIT_ORIGINAL,90,RS,true,4,158f3b1a355d5f64c77a37e81e48dc47b2f2c4d534422c00e28b54af25c4d622,4d3987e1b0004eaf2146ee1b68de8c7f606929f66feacba3eaaa44c512ed8205,2,0,26.11073875427246,5.001176834106445,True,True,MEMIT_BLUE (L4+L8)
MEMIT_ORIGINAL,90,RS,true,5,37ca9da7a4047cf662ff2aa1f6d4f3d8b022ad6a4604431d23a332f0e0409e50,fd1bf1d620fb7c1c23025148e8ca367b9fd6ad104cac60ee3852d8486972863f,81,0,26.085542678833008,26.08494252100354,True,True,MEMIT_BLUE (L4+L8)
MEMIT_ORIGINAL,90,PS,new,1,b1cba45079f1230881954a0d5653c20fcc9484eb89a89246c7518273c81babbe,d0ab9780ef60b1fd03d8bfa2d788819718a76531e522124059599c175a01b23f,1,0,27.472686767578125,-7.619609832763672,False,True,MEMIT_BLUE (L4+L8)
MEMIT_ORIGINAL,90,PS,new,2,7c29d63e49b7ab3d7c249ef995c30ff37db7883ea89e93a5f8fcfcca8fc35cc7,1c9b07fdfbcaf057d22dcbfd1ffc59b808c6fffaced231c353a5044693b336bb,44,0,27.14092254638672,-2.6104698181152344,False,True,MEMIT_BLUE (L4+L8)
MEMIT_ORIGINAL,90,PS,new,3,36e9bae8ed048434788a4e34d0004a8295ac34cccc0b2583bdd569ef88a8ac70,6e4775c0a085f0caaf29e553712e3d54794bb7176905c9519b86d186eb99c6cc,66,0,26.157825469970703,-8.315155029296875,False,True,MEMIT_BLUE (L4+L8)
MEMIT_ORIGINAL,90,PS,new,4,49b3c61b205e1f8ce2f7baacb4906fbe8b980b144716950d75b46c20227b48b5,8918795741f164e6db04e7b2f551ff5104513b523e7438cde883c646dbd2e6ea,30,1,25.526756286621094,-5.96660041809082,False,True,MEMIT_BLUE (L4+L8)
MEMIT_ORIGINAL,90,PS,new,5,20891d89e7d81f1a737b43e967e43c5e1f132a2aa05ea08e16d7e263bbcee2bc,b4aba0062968301c69c021b5bade9f1276833bf57959c0dccd68de0ea11269c5,24,0,24.787609100341797,3.428943634033203,True,True,MEMIT_BLUE (L4+L8)
MEMIT_ORIGINAL,90,PS,true,1,20891d89e7d81f1a737b43e967e43c5e1f132a2aa05ea08e16d7e263bbcee2bc,b4aba0062968301c69c021b5bade9f1276833bf57959c0dccd68de0ea11269c5,24,0,28.216552734375,3.428943634033203,True,True,MEMIT_BLUE (L4+L8)
MEMIT_ORIGINAL,90,PS,true,2,abc4c464ba72256126c51aa0f561be16d87c6aec9de5ff3abb4ff916f062d140,0b8c4092c847aa5c66c0ac6d8dc005c8439b6c8de8c7438b7d9fb9d063857287,89,1,28.0468807220459,28.046400423976593,True,True,MEMIT_BLUE (L4+L8)
MEMIT_ORIGINAL,90,PS,true,3,7e44b373755cb5c7148e5c8ed6ab57665442a4d625f8b8d16141a5181f6bb4ef,eb32e13e997c9bfbfecc0e9c5ecd33eb10c38dd6e4df1967454d9bffa193ee85,74,0,27.71188735961914,27.7100561944535,True,True,MEMIT_BLUE (L4+L8)
MEMIT_ORIGINAL,90,PS,true,4,4753e699ede615170936d7dd4c55a57c11c2965a2f8854e9d5738a387aa11e3a,8202c352a0a41f159d3d1312541834f41786abd3e1ffb22d5129c389c8f19a12,45,0,26.38734245300293,1.88763427734375,True,True,MEMIT_BLUE (L4+L8)
MEMIT_ORIGINAL,90,PS,true,5,c7416a96f9f2180e5c9654a4cc1adba6318590083442df72cabe02cacc813719,cd0f66381032ad2f370231243cc007d5d2cfff669edf5243802930e6e28ccfc2,86,1,25.849836349487305,25.849700460137683,True,True,MEMIT_BLUE (L4+L8)
MEMIT_ORIGINAL,90,NS,new,1,08500acfbe7cf012c9bf99ab64d66e0b1dec4cf6c669f3cb40e2cb794f0c835b,9bc27e90c4ced180ad414475bc2a8e4f3090d60b99607dc48eb803b5f9650756,20,4,32.63292694091797,-6.892240524291992,True,True,MEMIT_BLUE (L4+L8)
MEMIT_ORIGINAL,90,NS,new,2,ea4c5d4dffddf21db88492f443a868955de50d097db95dfdb88e5e714384b60d,c3fb1c5e77abd1cdc547fab66549e976d826a07df5c43b0db56702f1968cbb5c,83,9,31.964336395263672,-1.3533191680908203,True,True,MEMIT_BLUE (L4+L8)
MEMIT_ORIGINAL,90,NS,new,3,08500acfbe7cf012c9bf99ab64d66e0b1dec4cf6c669f3cb40e2cb794f0c835b,21e7cbfc9d14f97667efb4245938daf3534528e3c58bdf34ce5080f98fd99f18,20,8,31.8913516998291,-5.893709182739258,True,True,MEMIT_BLUE (L4+L8)
MEMIT_ORIGINAL,90,NS,new,4,2478b5cdde898af6ad0d268fed2485ec42b63add9b159770b287e7396b71088c,45ad272d7adbb53f8d8a71b9f8a9951437cf3f282bcc948d6b6f0ceab841db77,75,2,31.796281814575195,-1.1852645874023438,True,True,MEMIT_BLUE (L4+L8)
MEMIT_ORIGINAL,90,NS,new,5,28dbec0e0501d3cc564103ed9c269ef959e7c697218c4aecc9eec6cbfbf27e97,5f2e41e759871c8064ce9e9f0553b9a8c53b4d66c172d41c02218b47d2dac7be,75,6,30.768569946289062,-0.7864990234375,True,True,MEMIT_BLUE (L4+L8)
MEMIT_ORIGINAL,90,NS,true,1,23267fc99b7ab26ac9ae59e05c32ed63a5ec778fd4f5a23f27bf084fea1c6ef1,d59bb2bc7110e6094d738ca371c19365c7165641c44494f0bafbfcdfa7aa2e3f,1,3,32.14095687866211,3.8180389404296875,False,True,MEMIT_BLUE (L4+L8)
MEMIT_ORIGINAL,90,NS,true,2,b8c090fa07e22d030dcfbcd138dcc9f6c95e6567655f3d4a038cbadc17fd87b1,fab67e1a8328a16a4daf2f51850a458b7b8c46d6c692e739c5629dffc681b696,37,1,30.89019012451172,7.179189682006836,False,True,MEMIT_BLUE (L4+L8)
MEMIT_ORIGINAL,90,NS,true,3,3cb4f294705bd27456478300d02d9fb3e21fc73597249832d7337149b079bb56,eed9b1455c80db00983d52eea5966533d66860bcd9bd221ff184b7ee93de6986,17,6,30.611021041870117,0.5431747436523438,False,True,MEMIT_BLUE (L4+L8)
MEMIT_ORIGINAL,90,NS,true,4,2478b5cdde898af6ad0d268fed2485ec42b63add9b159770b287e7396b71088c,45ad272d7adbb53f8d8a71b9f8a9951437cf3f282bcc948d6b6f0ceab841db77,75,2,30.61101722717285,-1.1852645874023438,True,True,MEMIT_BLUE (L4+L8)
MEMIT_ORIGINAL,90,NS,true,5,0978243e4aa32d1fd946ee304694ecffeda1c0d66a41502687eb6f57c503aa31,971c16c6ffa680d22fcf84de1af8b6fb04accdbcd11070cb3c7a3cae916ea8e4,29,1,30.61101722717285,0.7366008758544922,False,True,MEMIT_BLUE (L4+L8)
MEMIT_ORIGINAL,100,RS,new,1,449dffe9ab5e39244ebb24a9dadee31d77f27f07f8858d3196e527d2bbbf811f,3ef583fe63dcd3f82c544f961b0e6736304d820b6b29a3f2cacb6986138bbaa5,4,0,29.0822696685791,-8.448617935180664,False,True,MEMIT_BLUE (L4+L8)
MEMIT_ORIGINAL,100,RS,new,2,af8637ccf1fe693c254b44327672cf7589e3c8556de8ccceffd368c2f313e2ee,eb4b05ab71cb0fc8da40fd5dc64ad32c5152c04ccd93156ce67aa73a6aec2724,48,0,26.46306037902832,-7.778787612915039,False,True,MEMIT_BLUE (L4+L8)
MEMIT_ORIGINAL,100,RS,new,3,9daf56fbee71232dafdc1bb2e28d09377a0d256d121b9771c8e9a79ea59716ea,1b6a30f5c9513ed57f8187599d047c9b44afa49f950edbc381323a42204c674c,43,0,26.428861618041992,-7.097393035888672,False,True,MEMIT_BLUE (L4+L8)
MEMIT_ORIGINAL,100,RS,new,4,bb9d987697f96a8878f033c3ac94e4ab9f3fba70ae924767dee41344eec26c27,b47720a3200809693c4d75c8e06b5bd978b6816cf72ad67d823da9c4f1c5901d,36,0,26.34609031677246,-0.8454437255859375,False,True,MEMIT_BLUE (L4+L8)
MEMIT_ORIGINAL,100,RS,new,5,e2b39487a142f01d90e05d4c1588fcd778e7a6a83114d4428e406b6b4dec90bb,9510ef47ffbc1fc33ea0f613bfbd8290991ac14147d800d5a01b6530c0005bf3,43,0,25.130756378173828,-4.641477584838867,False,True,MEMIT_BLUE (L4+L8)
MEMIT_ORIGINAL,100,RS,true,1,8a9dd8ca8317aa590c6b22348000c17f51d1638cab16a7a0eea64c3b6c280b96,8479cfa6d2b222759fd94e0bece0b21613a004413270b7ab1cce9d53c99dd678,100,0,31.05169677734375,31.0516965389252,True,True,MEMIT_BLUE (L4+L8)
MEMIT_ORIGINAL,100,RS,true,2,37ca2ce3c897149aa08608a8a31997c029d21395728af935908ef7bcc3b36bd0,485eb2b15d278d5a1a80c3a673c40cdabe1d58f4096e2d1ebf0c040e70d093ac,99,0,28.136871337890625,28.136855721595566,True,True,MEMIT_BLUE (L4+L8)
MEMIT_ORIGINAL,100,RS,true,3,1f1fe0850060c99346665ba841b8aadeadfb9931ecadda16852bf1e7feb9dbc7,a08cbf9bb3819af57a48e3867034ba8adedc3901711d3b9dc074a39c5e0f60ec,99,0,27.316356658935547,27.316258077713428,True,True,MEMIT_BLUE (L4+L8)
MEMIT_ORIGINAL,100,RS,true,4,c6de57718359fe73c7d62daa41f08249a346e1bdd884721da132a69103402e71,f175f08c94ea1ba75568934b7f69e50f318eb64d300fefb8e9912a54efc38f37,36,0,26.91661262512207,5.805521011352539,True,True,MEMIT_BLUE (L4+L8)
MEMIT_ORIGINAL,100,RS,true,5,d4a0dfc566eeb7e4a66e721d3edba8b024088bfe4da9b5e9af0c967b4704c3f0,9584b36ba83e46806709e4b3c7a56da655cd295485286af92ecbcdeeb9b4f5dd,19,0,26.686542510986328,2.5953311920166016,True,True,MEMIT_BLUE (L4+L8)
MEMIT_ORIGINAL,100,PS,new,1,4753e699ede615170936d7dd4c55a57c11c2965a2f8854e9d5738a387aa11e3a,8202c352a0a41f159d3d1312541834f41786abd3e1ffb22d5129c389c8f19a12,45,0,28.984909057617188,-0.11152076721191406,False,True,MEMIT_BLUE (L4+L8)
MEMIT_ORIGINAL,100,PS,new,2,1dc9ed58760e736c64003387e7e6794311fa44c381ed70aac7a4895f842ddf44,c1a8f670585a04b644eef2f530e518268e73f7f67d86e49fc2d226d252b70e08,20,1,27.19569206237793,2.183237075805664,True,True,MEMIT_BLUE (L4+L8)
MEMIT_ORIGINAL,100,PS,new,3,c775788b4db45b59989df2c70fdbf7895f0de12023618a38f5c0a417b7f3699e,4a580d5be8ce247a615975857d4b9547710a0c78a6ce1b31d1b9470ff7a6e19e,17,1,26.891372680664062,-2.7080039978027344,False,True,MEMIT_BLUE (L4+L8)
MEMIT_ORIGINAL,100,PS,new,4,8370814a786607c9eb4f1f5e72a9d878db1ff1cd1e4270acd4f02d54d6f26e98,4dc70926f39a6155d9c619d39e2ca721a9d74ea38dc6aae536a2ec07545aa7b7,4,0,24.97140121459961,-4.331705093383789,False,True,MEMIT_BLUE (L4+L8)
MEMIT_ORIGINAL,100,PS,new,5,62279bf8df858cc7bac7abac7bd00d8117e2af449085c5e55afa7c7715e69b58,4b24469db5cb8fb195d7daa33ddba98c997549d41bcbf82637a4794c666d6f1b,6,1,24.957868576049805,-13.193193435668945,False,True,MEMIT_BLUE (L4+L8)
MEMIT_ORIGINAL,100,PS,true,1,b7a56873cd771f2c446d369b649430b65a756ba278ff97ec81bb6f55b2e73569,597f619633341765111658875bab52d1a680d5e3f4262fc050e0fadac7ed8113,99,0,29.830331802368164,29.83032810688701,True,True,MEMIT_BLUE (L4+L8)
MEMIT_ORIGINAL,100,PS,true,2,1dc9ed58760e736c64003387e7e6794311fa44c381ed70aac7a4895f842ddf44,c1a8f670585a04b644eef2f530e518268e73f7f67d86e49fc2d226d252b70e08,20,1,29.378929138183594,2.183237075805664,True,True,MEMIT_BLUE (L4+L8)
MEMIT_ORIGINAL,100,PS,true,3,4753e699ede615170936d7dd4c55a57c11c2965a2f8854e9d5738a387aa11e3a,8202c352a0a41f159d3d1312541834f41786abd3e1ffb22d5129c389c8f19a12,45,0,28.873388290405273,-0.11152076721191406,False,True,MEMIT_BLUE (L4+L8)
MEMIT_ORIGINAL,100,PS,true,4,069593f2425391ad23a8730476b5f9bb17daa41e17367276743f50ebd5d8410d,65b12a342cbbdbb68baa285444beac018abe8681b37d1560d0492f7e9e7dcc78,88,1,25.842485427856445,12.275914192199707,True,True,MEMIT_BLUE (L4+L8)
MEMIT_ORIGINAL,100,PS,true,5,eb1e33e8a81b697b75855af6bfcdbcbf7cbbde9f94962ceaec1ed8af21f5a50f,effae087ea281438dd9db288087ec043fc2ec0e67cec89e7061ec9220b1959b4,100,0,25.555946350097656,15.474411010742188,True,True,MEMIT_BLUE (L4+L8)
MEMIT_ORIGINAL,100,NS,new,1,c80a0a8c1e9588eba6519b69acd28fb39a7e2671de39d3ba90fbffcfd6788967,39d412db594a4967db487bcdde5fc55f1b9e631ad6ee4fee5b8660a9ea67b964,81,8,36.24967956542969,-5.964973449707031,True,True,MEMIT_BLUE (L4+L8)
MEMIT_ORIGINAL,100,NS,new,2,0840722415e6482feb1db613f3fa31a775c666addc97a180976308284fcfe84c,82239c0662631a1969d324522938ac6d33fa7fd95f8e77b51e467ecb672befdc,82,9,35.553260803222656,1.2644386291503906,False,True,MEMIT_BLUE (L4+L8)
MEMIT_ORIGINAL,100,NS,new,3,704fabf04c11fdeada19b84ca8ea499935c63336ea6fdd248c497f0967ce4658,659700fd5a22f0a1f6a42778b504f0b46a0172db7cc5df6af490ecff8fecd112,95,4,34.06846618652344,-4.051031112670898,True,True,MEMIT_BLUE (L4+L8)
MEMIT_ORIGINAL,100,NS,new,4,d9b76e73f74e659b11b26e4fac3aaf3d9d4da1e7b5d3f354bc0b04016f013c20,1339e15e98cc64152d71c2558220444cf36e35b07d174acf915d143ef23e2200,11,4,32.051551818847656,-1.3830146789550781,True,True,MEMIT_BLUE (L4+L8)
MEMIT_ORIGINAL,100,NS,new,5,af8637ccf1fe693c254b44327672cf7589e3c8556de8ccceffd368c2f313e2ee,e570c242aeca173ea1d4f07add6aa90078703ffca4a786e9c59960d194b206b9,48,0,31.773157119750977,-6.243005752563477,True,True,MEMIT_BLUE (L4+L8)
MEMIT_ORIGINAL,100,NS,true,1,0840722415e6482feb1db613f3fa31a775c666addc97a180976308284fcfe84c,82239c0662631a1969d324522938ac6d33fa7fd95f8e77b51e467ecb672befdc,82,9,36.81769943237305,1.2644386291503906,False,True,MEMIT_BLUE (L4+L8)
MEMIT_ORIGINAL,100,NS,true,2,920232613e4a67a07d6c99b7974dbcd6765ee171da73e4961e1499a05a1f471b,da64436ed8714c9ee0ba20b70220563c297efb02fe9b1191f90f88996d4952f5,74,5,31.717256546020508,3.499500274658203,False,True,MEMIT_BLUE (L4+L8)
MEMIT_ORIGINAL,100,NS,true,3,c9147cda01f0e59bb238d3babbf1548d0b770bc61275117fe04a10a11aae3702,ba0307f0007ea60fdeed94e1ba65d9166997202c85425a26b1d87f9a55884797,5,1,31.42682647705078,2.663532257080078,False,True,MEMIT_BLUE (L4+L8)
MEMIT_ORIGINAL,100,NS,true,4,a190f309969254e596ecd014f3af561f319da5686715639d6962832ebe51942b,893215a0a6c96456daf150e41f79efa53a911baac3bb07aabf01726492baed6d,1,4,31.426786422729492,0.7876415252685547,False,True,MEMIT_BLUE (L4+L8)
MEMIT_ORIGINAL,100,NS,true,5,1f6ebd8f003635e606b0822bf3301025ce467dc0fdbee1e964c9dcd2adc83471,4c6f58cc4e019b5415ecf350e0b9716ae960619b55ffb1146df2adf889c9f281,56,7,30.866308212280273,4.632299423217773,False,True,MEMIT_BLUE (L4+L8)
AlphaEdit_ORIGINAL,1,RS,new,1,3b1a550f21840173e60119932fdeed9da53824cf60de4fb40c725cb3951d2ea9,a186cb69c18f1a9210efde8aae9917a7f112091c6fa0784074fa7cbecff0b34b,1,0,0.01849641464650631,6.486800769343972,True,True,AlphaEdit_BLUE (L4+L8)
AlphaEdit_ORIGINAL,1,RS,new,2,0f81cabf1d072c91856197320f16efe15ba52c41c5b4ecf09575a3b9e5718c7a,ccdfd270e0e93de856c77c74db454db9e798da2abd271b208e99960c5a997ce1,1,0,0.016215110197663307,4.543068146333098,True,True,AlphaEdit_BLUE (L4+L8)
AlphaEdit_ORIGINAL,1,RS,new,3,142472979dc6cfe2d4c0b44f3c1f6474f9657e6e2c8cc598f70bbcdb4815fec7,a2966672989fd0882ab224eb89fda551db4cd4386f509da0b860a076766d66cb,1,0,0.014294489286839962,18.45621980819851,True,True,AlphaEdit_BLUE (L4+L8)
AlphaEdit_ORIGINAL,1,RS,new,4,f2c8c2a5b93d7e3fdd1bcb8f9263d470c225dcdd4458b904415233d5e2a21d0f,654693ee9ff4134ad70a5b7acff729491696fcddc136d7e188c8bde9f1ffa371,1,0,0.0068937791511416435,8.39028296340257,True,True,AlphaEdit_BLUE (L4+L8)
AlphaEdit_ORIGINAL,1,RS,new,5,4ac2b92481a3f06f088153438d84170ffe48af1e2bff8055d276137e4e290ef0,e921e9ef7bc20036b33c9a5bb11bcae22cd138936361ad0c1ea280570e8568b7,1,0,0.006773368921130896,15.459541900549084,True,True,AlphaEdit_BLUE (L4+L8)
AlphaEdit_ORIGINAL,1,RS,true,1,b5bf10f0b7d29480034eeb57c95a2cbb3a94a9a6c8b83d7f0433fe898330c59d,5dde015dbf947a1228b0f0787c8ec8b9b67f70589c4ebde5dfa6743a5a85d65c,1,0,25.406770706176758,25.40653529553674,True,True,AlphaEdit_BLUE (L4+L8)
AlphaEdit_ORIGINAL,1,RS,true,2,f27f4a6236a87083d1d1c5cc7ff4324e147db1335ce7c412a5e5efb2fcccc333,3948ec528375109b491d1b9b5d97f2f5988fa33f8f3f9f2db426ec8f14ff98d9,1,0,23.688554763793945,23.684960395563394,True,True,AlphaEdit_BLUE (L4+L8)
AlphaEdit_ORIGINAL,1,RS,true,3,9f3e62b138fd783f92d5d2b532554ba3a31db3eb63690776caa4787203cbd4fa,43525428ffa484f756dfcb0b6702473f48c4ebceeb15bdc13783b421a305a4d0,1,0,23.15090560913086,23.150495851557935,True,True,AlphaEdit_BLUE (L4+L8)
AlphaEdit_ORIGINAL,1,RS,true,4,484f4ed1203576cc2e069e96eb5104a8452b06fc60ca799c0ae5d7b4032250a7,a418fed9111c6628d737019c0a5b452a1d43f29fe1890e9b3055a0b21a872765,1,0,21.864505767822266,21.862825970863923,True,True,AlphaEdit_BLUE (L4+L8)
AlphaEdit_ORIGINAL,1,RS,true,5,95f4b096690274bdd3cec9f2a44807f912a00e93adf5d1bcf5e21be88c259bd9,d68792413aad968606e77628a99530115aed243791bda4e2ab98f48a3d07fbf6,1,0,21.005870819091797,21.003577717812732,True,True,AlphaEdit_BLUE (L4+L8)
AlphaEdit_ORIGINAL,1,PS,new,1,b1cba45079f1230881954a0d5653c20fcc9484eb89a89246c7518273c81babbe,861c8f0fdef0d9e33d0579270144017600e57e8cf2bc7db4a2cc2ff442319636,1,1,11.46416187286377,1.8186473846435547,True,True,AlphaEdit_BLUE (L4+L8)
AlphaEdit_ORIGINAL,1,PS,new,2,9f3e62b138fd783f92d5d2b532554ba3a31db3eb63690776caa4787203cbd4fa,03c5b0e118f62c1138077e7d6a258cd3c76968c1addffa5f2d6d6df0a3487e64,1,1,9.914941787719727,3.3676156997680664,True,True,AlphaEdit_BLUE (L4+L8)
AlphaEdit_ORIGINAL,1,PS,new,3,618dd2c82346f223f482616b7d919335639c543efd95b712a2e8ebeafadcf85a,fdd1b794ce6c9750d888cbdd093ca00730c304a3ab0a034534fc0f9eba155f0f,1,1,9.451457023620605,-1.312220573425293,False,True,AlphaEdit_BLUE (L4+L8)
AlphaEdit_ORIGINAL,1,PS,new,4,68fb74e20a2f319724f156afdb0a5f9470feb0bcbacfa1f2ca998fa86adda627,94bb829fdfd7ec8c15cd151f74806197939d079e3ca34c10cd9d318af21a0da1,1,1,9.220588684082031,-0.8661012649536133,False,True,AlphaEdit_BLUE (L4+L8)
AlphaEdit_ORIGINAL,1,PS,new,5,ed357b3acfc8996fd83a52b09bb4e10449e60f403e3b287249524e613af115da,ed3c97ab7602a3026b54f3a318f2fae6ff10cf614390ed171a1f4f7bedcb2a4c,1,1,8.572563171386719,-1.0932598114013672,False,True,AlphaEdit_BLUE (L4+L8)
AlphaEdit_ORIGINAL,1,PS,true,1,b5bf10f0b7d29480034eeb57c95a2cbb3a94a9a6c8b83d7f0433fe898330c59d,e146133d7eba8a6bff87660f9c0994b7e451590e4c367ca03a1601e032ef7fd4,1,1,22.26930809020996,22.267129293177277,True,True,AlphaEdit_BLUE (L4+L8)
AlphaEdit_ORIGINAL,1,PS,true,2,5763aafce45eb22c277e759f13421c4d37693b1b57019bf46f4be5c3edb10cc3,8610f3f50e8887523c7826edbe77cf20b7a968afd0cd52dca7c5190dec6d2425,1,1,20.279836654663086,20.279374229547102,True,True,AlphaEdit_BLUE (L4+L8)
AlphaEdit_ORIGINAL,1,PS,true,3,2d87bf8c9d80ac79caa5553efc2ace391aebed8c986b665ddbbef87ad8a6f6cf,463c829b7d0e67dbfb648f66e8538fffa0f147b3f6495db88d07aab34bd026ba,1,0,19.598318099975586,19.59133849153295,True,True,AlphaEdit_BLUE (L4+L8)
AlphaEdit_ORIGINAL,1,PS,true,4,95f4b096690274bdd3cec9f2a44807f912a00e93adf5d1bcf5e21be88c259bd9,eca08a6e400ecb83b77e9b3cf24f65010472626737ebd9c8ab2c825e912b0c48,1,0,19.570159912109375,19.567943051923066,True,True,AlphaEdit_BLUE (L4+L8)
AlphaEdit_ORIGINAL,1,PS,true,5,b5bf10f0b7d29480034eeb57c95a2cbb3a94a9a6c8b83d7f0433fe898330c59d,d94000a5561dfe321ff0b26568720f5652e93bf1910b1757d38e9cf4faf1d4d4,1,0,19.532394409179688,13.373512268066406,True,True,AlphaEdit_BLUE (L4+L8)
AlphaEdit_ORIGINAL,1,NS,new,1,c81b352b270b2e498256b5e24c726a039cd665477a83d71d95633340782782d4,29934bc60846741c680f72a6f0fa41d4ac12b9b8157c0202be1cd54cd5d08b89,1,1,23.54741668701172,-11.39559268951416,True,True,AlphaEdit_BLUE (L4+L8)
AlphaEdit_ORIGINAL,1,NS,new,2,4ac2b92481a3f06f088153438d84170ffe48af1e2bff8055d276137e4e290ef0,3a4f1207d056d2935e97985daf6fd032c3893187ba01bd945fbae26325019449,1,5,22.856430053710938,-12.429666519165039,True,True,AlphaEdit_BLUE (L4+L8)
AlphaEdit_ORIGINAL,1,NS,new,3,b39673b7e758f1e40454c363190771b1b189aa9b80171d1e3cda2bf0f7e29b80,e1fffe4f70868555a1432b21f106f6eef338d3574f9c1a0ca1eab9e18f4a012a,1,8,22.60521125793457,-16.655041694641113,True,True,AlphaEdit_BLUE (L4+L8)
AlphaEdit_ORIGINAL,1,NS,new,4,7af0d5719d69078a48d83de5be42a15791e0f56fbc3cbb4e8f3b5817b88a115b,bb232d496c9c8d951a403905136d939d1d9080ab08f0dbf3ed5b46eedc11e178,1,6,21.957468032836914,-15.746726512908936,True,True,AlphaEdit_BLUE (L4+L8)
AlphaEdit_ORIGINAL,1,NS,new,5,b39673b7e758f1e40454c363190771b1b189aa9b80171d1e3cda2bf0f7e29b80,2c929f6cd8dd7eba61e2296196aef5f3251b004f26b594d54166b93f7bd81709,1,9,21.67091941833496,-13.768612384796143,True,True,AlphaEdit_BLUE (L4+L8)
AlphaEdit_ORIGINAL,1,NS,true,1,5fe46e04994d11413f7a0b17bb2e12cb4ce78b5bd2770a9242dc465a50baa18f,f5f155accebf4965cdf515c566d42a08477c7a0a2e3676209af64b587ee98cc3,1,7,18.835391998291016,5.341216087341309,False,True,AlphaEdit_BLUE (L4+L8)
AlphaEdit_ORIGINAL,1,NS,true,2,142472979dc6cfe2d4c0b44f3c1f6474f9657e6e2c8cc598f70bbcdb4815fec7,52fbe76c434293586da85f1a232c5f4e40873a6e3de7beb6c78a94a80ec19695,1,4,17.337486267089844,1.0621337890625,False,True,AlphaEdit_BLUE (L4+L8)
AlphaEdit_ORIGINAL,1,NS,true,3,23da7cbdb3fa4585f6d29153c16b5421d171a13222c8c6e73392dcab15fa7ae0,b772a44e8b107ed9ea753ac071878ba17aacfd98e28364ae7619494efe865648,1,3,16.328699111938477,1.0482568740844727,False,True,AlphaEdit_BLUE (L4+L8)
AlphaEdit_ORIGINAL,1,NS,true,4,c0f05a43ae2cffe9f74c5a1dc3d7b8b25b5f5da23b9c735674327f023e5d7384,ce83bf5a2207e2bf81685fd7324a79f4992845382f379e27a24b2341727696ac,1,7,16.138988494873047,5.056366920471191,False,True,AlphaEdit_BLUE (L4+L8)
AlphaEdit_ORIGINAL,1,NS,true,5,ed357b3acfc8996fd83a52b09bb4e10449e60f403e3b287249524e613af115da,679d2ec64e63d1aa49d0d9c365f9bb6aca215a4a9b799b8dc9aeda3a9fc16e7c,1,7,15.514483451843262,1.975001335144043,False,True,AlphaEdit_BLUE (L4+L8)
AlphaEdit_ORIGINAL,5,RS,new,1,5fab5bd05f98260a1f33ff741eee56f962974eae8eba07a27b24ad12458a8d45,9db0245497d04953ba9ef8cebc6c5db9f755c8dc4f491a98273bca288a2197ff,1,0,1.0061448812484741,5.874515652656555,True,True,AlphaEdit_BLUE (L4+L8)
AlphaEdit_ORIGINAL,5,RS,new,2,9110f470a27932ba7b53c098bf2b76bed3c5ebe0757f48fa56bad6fdba8cb2f4,97170bb02161bd4e097ceff356c151ad357cf65de772289ec85f664683937f57,2,0,0.5523779392242432,3.922746419906616,True,True,AlphaEdit_BLUE (L4+L8)
AlphaEdit_ORIGINAL,5,RS,new,3,142472979dc6cfe2d4c0b44f3c1f6474f9657e6e2c8cc598f70bbcdb4815fec7,a2966672989fd0882ab224eb89fda551db4cd4386f509da0b860a076766d66cb,1,0,0.13043327629566193,16.710278317332268,True,True,AlphaEdit_BLUE (L4+L8)
AlphaEdit_ORIGINAL,5,RS,new,4,762d531ad8492be9be95862ef6d480468134db155abec3bed9a3d96afd17b4e6,ab1767ff97e65864400048c9d37b1eec45d1d48719e70094237ff96a7cc764a3,2,0,0.06373593211174011,9.492235213518143,True,True,AlphaEdit_BLUE (L4+L8)
AlphaEdit_ORIGINAL,5,RS,new,5,3b1a550f21840173e60119932fdeed9da53824cf60de4fb40c725cb3951d2ea9,a186cb69c18f1a9210efde8aae9917a7f112091c6fa0784074fa7cbecff0b34b,1,0,0.03008824773132801,5.933886228129268,True,True,AlphaEdit_BLUE (L4+L8)
AlphaEdit_ORIGINAL,5,RS,true,1,b5bf10f0b7d29480034eeb57c95a2cbb3a94a9a6c8b83d7f0433fe898330c59d,5dde015dbf947a1228b0f0787c8ec8b9b67f70589c4ebde5dfa6743a5a85d65c,1,0,25.959659576416016,25.959477202835842,True,True,AlphaEdit_BLUE (L4+L8)
AlphaEdit_ORIGINAL,5,RS,true,2,880c2fc00805b3104264d490baf0090788b267e456c6d9f50aeca7e330b427b0,672e2086bf157babd531c8fae179676b0160fe57ddc8c0a7d6729b15bfe99b80,5,0,25.415889739990234,25.41534367215354,True,True,AlphaEdit_BLUE (L4+L8)
AlphaEdit_ORIGINAL,5,RS,true,3,ecbd0a80229cafcb469b2b61d95a2617cd2dfd34555e0bc22a9e98770a450b9c,e0f80dba0ea77fbfa8f0d7081b6fd8f5e62ce0d44e5afbe5863acc21c429b333,5,0,25.360145568847656,25.35950847895583,True,True,AlphaEdit_BLUE (L4+L8)
AlphaEdit_ORIGINAL,5,RS,true,4,30e4c02268d49ca010e3c62fcc2615da2fad4cf0c359eb8fedc0366739b34205,ea1daa1b3040a68310d2a667083d9585c2fb658f53ddb307818dc351a00fa508,4,0,25.343355178833008,25.34229858929757,True,True,AlphaEdit_BLUE (L4+L8)
AlphaEdit_ORIGINAL,5,RS,true,5,6f7c5d50ddef6fe32da94db0694f7e3ed72d641a95837a7f0f8023fb124a0532,ca581d2e0ae148747fa8797c120bf66d6b641ed025bab6d9aba0a5275572ff90,4,0,25.210769653320312,25.210283159365645,True,True,AlphaEdit_BLUE (L4+L8)
AlphaEdit_ORIGINAL,5,PS,new,1,f97dc9594fc3b90a189a22d95d1d190d040a5701ffd3725b27622be0a06a3fd4,a9f08cadad9884cc2b296bf38affcc7ad63d5d33f8ffdd4f8f4f31b0e099719a,2,0,13.102126121520996,-9.454071044921875,False,True,AlphaEdit_BLUE (L4+L8)
AlphaEdit_ORIGINAL,5,PS,new,2,32ae70923fa92abb1f2ee0724915e88cfd85a5684cc9761402f401ad603200bf,8d9b12e5ee189f8b16ab9fa1abe2be24173ea7d4c8a6e8e411dd74a3788f517b,2,1,12.251435279846191,-2.2284622192382812,False,True,AlphaEdit_BLUE (L4+L8)
AlphaEdit_ORIGINAL,5,PS,new,3,c4f531342c9623beed01c3b583b39f693869e05531bd4df05870a100539e4a4a,747667b98be79d541140ae8338584a35549639cb3c278f16288394a5a48f0e35,2,0,12.037694931030273,-4.224168300628662,False,True,AlphaEdit_BLUE (L4+L8)
AlphaEdit_ORIGINAL,5,PS,new,4,903198d741e24c7ff20df67e7e7db81f2994c991877ea063616b7fb0d87770f9,345ffcf8df68ed3e095f3b40c87983a78bf87904fe8a73ecd985276c73237cbb,4,0,11.952205657958984,-2.4111576080322266,False,True,AlphaEdit_BLUE (L4+L8)
AlphaEdit_ORIGINAL,5,PS,new,5,38bf9a1a77f41cd99a3d147129237aa5fe03cb3baa69314dba1cd5d66fce5aa6,a3fb72eae82ee4ddfdd51be2462f2fbcf4d1b9c2665a115e9b87b4ef4c277f8d,3,0,11.540433883666992,5.980190277099609,True,True,AlphaEdit_BLUE (L4+L8)
AlphaEdit_ORIGINAL,5,PS,true,1,6f7c5d50ddef6fe32da94db0694f7e3ed72d641a95837a7f0f8023fb124a0532,1c4036403b97de19ee446ddaeb4af4d2f32711c867d053e38898e37d5d3b458c,4,0,25.146968841552734,25.12386246956885,True,True,AlphaEdit_BLUE (L4+L8)
AlphaEdit_ORIGINAL,5,PS,true,2,30e4c02268d49ca010e3c62fcc2615da2fad4cf0c359eb8fedc0366739b34205,fc36b36207f077632a5b30a6a316ae40db62d2399fadd10a765396e0688b6b98,4,0,24.136079788208008,24.133735188748688,True,True,AlphaEdit_BLUE (L4+L8)
AlphaEdit_ORIGINAL,5,PS,true,3,30e4c02268d49ca010e3c62fcc2615da2fad4cf0c359eb8fedc0366739b34205,c5be5ef9c2c3381449c3693420282c11e4b3382184a594b1d1966ed96f82375a,4,1,23.879241943359375,23.87683776183985,True,True,AlphaEdit_BLUE (L4+L8)
AlphaEdit_ORIGINAL,5,PS,true,4,6f7c5d50ddef6fe32da94db0694f7e3ed72d641a95837a7f0f8023fb124a0532,273e776f944637b2241a16cc52233f8b8c4532597e283a9243f785a9ce9fa262,4,1,22.855745315551758,22.84024734981358,True,True,AlphaEdit_BLUE (L4+L8)
AlphaEdit_ORIGINAL,5,PS,true,5,4eca3674d249df169724ce4c78ad73e98c6ce3805be4728f91e58fabf2b9b9c5,456c3b3672b90fadff92e6c82d1ab9a92f74a1787fcfd538a89a47d82c11b133,3,1,22.451440811157227,22.442295889370143,True,True,AlphaEdit_BLUE (L4+L8)
AlphaEdit_ORIGINAL,5,NS,new,1,f1f2c569870e3f8472f4920e45768500a9b687b964980462746a978142838e5e,09e54324d37c2d62da2861dc2587b12e8bb631e899ba072e25a94da9809d3c23,4,2,24.75530433654785,-13.984790802001953,True,True,AlphaEdit_BLUE (L4+L8)
AlphaEdit_ORIGINAL,5,NS,new,2,8a6d64d015b340bf191de4b2393106e3f79ef7ec2d5087bef1cd8e4fe0683bf8,b3c5a847ad24c0f50e52ccdacb9b3fbebfd2447a4613d2744b24ba1a3a3207ad,3,6,24.334585189819336,-17.67017126083374,True,True,AlphaEdit_BLUE (L4+L8)
AlphaEdit_ORIGINAL,5,NS,new,3,8a6d64d015b340bf191de4b2393106e3f79ef7ec2d5087bef1cd8e4fe0683bf8,fe2fc70563867d51fd0e9ac17081388ef776336ab653fce496a98d8d5065b656,3,3,23.41683006286621,-12.191885948181152,True,True,AlphaEdit_BLUE (L4+L8)
AlphaEdit_ORIGINAL,5,NS,new,4,37bf713760c5cbad0600a2741cb115f3becc4b2469d6dd7b3346ded41395f43d,b7c5c564e3078bcf2af61ba2168e5aca7cbdc26c931356e447683a385b2febc1,3,5,23.196950912475586,-13.371947288513184,True,True,AlphaEdit_BLUE (L4+L8)
AlphaEdit_ORIGINAL,5,NS,new,5,c81b352b270b2e498256b5e24c726a039cd665477a83d71d95633340782782d4,29934bc60846741c680f72a6f0fa41d4ac12b9b8157c0202be1cd54cd5d08b89,1,1,23.18651008605957,-10.712331771850586,True,True,AlphaEdit_BLUE (L4+L8)
AlphaEdit_ORIGINAL,5,NS,true,1,9dacbde326501c9f63debf4311ae5e2bc047636edc4ee9d9ce828bcdf4a7f25d,ed3653e91a66d8010006f57ad86c38b5996adc73d86923d6a0c055bf48f04733,2,2,19.435651779174805,11.375725746154785,False,True,AlphaEdit_BLUE (L4+L8)
AlphaEdit_ORIGINAL,5,NS,true,2,384856b6029eb10265143ff3fff4202d98ff32b1443cf0d3f49814a3b6772efd,dd9d79141cd73d085a4bce420cf932d1405296f34b47f967eabbe12b5a947212,5,6,18.634098052978516,5.724076271057129,False,True,AlphaEdit_BLUE (L4+L8)
AlphaEdit_ORIGINAL,5,NS,true,3,f4d386ce9fd31642ea55d5e285c0556274b6360579cb8a5e06353833a01990ab,afc997b0e63353176464d73476de66be140f65f88b8b9befffc3a882ab27184b,2,0,18.581026077270508,3.4445505142211914,False,True,AlphaEdit_BLUE (L4+L8)
AlphaEdit_ORIGINAL,5,NS,true,4,bb5df7e3650e7c1e86f6638c3ba2915958f195166420ace24084616ceee8800e,23a11c9c8b448c2ba5b398e45277f3ee9eb19daebbd2905115354dc86d48e3d8,4,0,18.234722137451172,0.27632713317871094,False,True,AlphaEdit_BLUE (L4+L8)
AlphaEdit_ORIGINAL,5,NS,true,5,f1c903c71329dc7ade2902a003269c3409117b4642e13ddc41d509c97b4db603,ca16bdf3223b033c405c722cb397d9d5418cbbabc39a210a341baad9d082388c,3,1,17.807601928710938,3.2087650299072266,False,True,AlphaEdit_BLUE (L4+L8)
AlphaEdit_ORIGINAL,10,RS,new,1,ed357b3acfc8996fd83a52b09bb4e10449e60f403e3b287249524e613af115da,0e02d53c8fb42653e75c93187072c309f253e254c742bbe58f46b883d9c1c72d,1,0,20.734928131103516,-1.5828113555908203,False,True,AlphaEdit_BLUE (L4+L8)
AlphaEdit_ORIGINAL,10,RS,new,2,45614290270f9909ee6ffe6f52ae5f8360be81fec6d3868d8022e2d200be3de4,cb246fd93d16913a0eb0ce1ba86d110622df4b8ef70287baa31cd3e6e3f12bb9,8,0,16.23447608947754,-13.765073776245117,False,True,AlphaEdit_BLUE (L4+L8)
AlphaEdit_ORIGINAL,10,RS,new,3,9110f470a27932ba7b53c098bf2b76bed3c5ebe0757f48fa56bad6fdba8cb2f4,97170bb02161bd4e097ceff356c151ad357cf65de772289ec85f664683937f57,2,0,3.7494187355041504,-1.3892278671264648,False,True,AlphaEdit_BLUE (L4+L8)
AlphaEdit_ORIGINAL,10,RS,new,4,1c5c834c927a24fc22228333db7249f958a30231366e6a94bfc4880ea26098c3,6fe0e2e4deecb7a7c6b8f1f9be87823a905b42a5ee5e74dbc1b059fa6db685f2,3,0,1.5007314682006836,7.710691452026367,True,True,AlphaEdit_BLUE (L4+L8)
AlphaEdit_ORIGINAL,10,RS,new,5,5fab5bd05f98260a1f33ff741eee56f962974eae8eba07a27b24ad12458a8d45,9db0245497d04953ba9ef8cebc6c5db9f755c8dc4f491a98273bca288a2197ff,1,0,1.2099047899246216,5.52216899394989,True,True,AlphaEdit_BLUE (L4+L8)
AlphaEdit_ORIGINAL,10,RS,true,1,0f38901778dd701146bbce9e2768674b8b047fd615658c3293f25f04ea14ec9c,3f0d73fb350dbbffdd2d915c9d1fbb9451b9fef955398b010976dd650ad02518,10,0,28.9539794921875,28.95350765393232,True,True,AlphaEdit_BLUE (L4+L8)
AlphaEdit_ORIGINAL,10,RS,true,2,b85ce4bfb44ed09d5908cb823cc84381fef86ffb4f1b4fd457e5810d225ca68e,98f2c5fe39310792decee290f2943da08cbd333fdda3c0eb4c14c51cfd1ad851,7,0,26.41800308227539,26.417288916069083,True,True,AlphaEdit_BLUE (L4+L8)
AlphaEdit_ORIGINAL,10,RS,true,3,b5bf10f0b7d29480034eeb57c95a2cbb3a94a9a6c8b83d7f0433fe898330c59d,5dde015dbf947a1228b0f0787c8ec8b9b67f70589c4ebde5dfa6743a5a85d65c,1,0,26.361894607543945,26.361738693944062,True,True,AlphaEdit_BLUE (L4+L8)
AlphaEdit_ORIGINAL,10,RS,true,4,880c2fc00805b3104264d490baf0090788b267e456c6d9f50aeca7e330b427b0,672e2086bf157babd531c8fae179676b0160fe57ddc8c0a7d6729b15bfe99b80,5,0,25.876401901245117,25.8759829683695,True,True,AlphaEdit_BLUE (L4+L8)
AlphaEdit_ORIGINAL,10,RS,true,5,6f7c5d50ddef6fe32da94db0694f7e3ed72d641a95837a7f0f8023fb124a0532,ca581d2e0ae148747fa8797c120bf66d6b641ed025bab6d9aba0a5275572ff90,4,0,25.29931640625,25.29883098465507,True,True,AlphaEdit_BLUE (L4+L8)
AlphaEdit_ORIGINAL,10,PS,new,1,d0541665ae524cf19488eba81b94b2b2985b35b52e90f4c0ca90ba0a1cbc99a9,afa16d5a77611a5a87ed12dd7f579dc2757b67c170e7c582a4284991a1dfe4e1,8,1,16.637474060058594,0.34018898010253906,True,True,AlphaEdit_BLUE (L4+L8)
AlphaEdit_ORIGINAL,10,PS,new,2,ed357b3acfc8996fd83a52b09bb4e10449e60f403e3b287249524e613af115da,0e2f22dd82302f4d74c7f4082d757e46ca02312bce8b96d57129ac664a95ae91,1,0,15.415757179260254,-4.374161720275879,False,True,AlphaEdit_BLUE (L4+L8)
AlphaEdit_ORIGINAL,10,PS,new,3,45614290270f9909ee6ffe6f52ae5f8360be81fec6d3868d8022e2d200be3de4,4d789cd720fd5730f8a76f01d67c16e1ec9ddbcacc2af947e9c9535ce697bb48,8,1,13.082610130310059,-11.078044176101685,False,True,AlphaEdit_BLUE (L4+L8)
AlphaEdit_ORIGINAL,10,PS,new,4,c4f531342c9623beed01c3b583b39f693869e05531bd4df05870a100539e4a4a,747667b98be79d541140ae8338584a35549639cb3c278f16288394a5a48f0e35,2,0,12.290453910827637,-4.947549819946289,False,True,AlphaEdit_BLUE (L4+L8)
AlphaEdit_ORIGINAL,10,PS,new,5,95e06f0741c4e9736eaa885fff0e3a99af69acc9f31cea093820f801e198a41a,4106ed11a3704339632e55541921b1df8cb8d8d68bbad9d6d18f0d67a567c7ee,8,0,12.266221046447754,-5.193697929382324,False,True,AlphaEdit_BLUE (L4+L8)
AlphaEdit_ORIGINAL,10,PS,true,1,6f7c5d50ddef6fe32da94db0694f7e3ed72d641a95837a7f0f8023fb124a0532,1c4036403b97de19ee446ddaeb4af4d2f32711c867d053e38898e37d5d3b458c,4,0,24.80020523071289,24.77887685596943,True,True,AlphaEdit_BLUE (L4+L8)
AlphaEdit_ORIGINAL,10,PS,true,2,30e4c02268d49ca010e3c62fcc2615da2fad4cf0c359eb8fedc0366739b34205,fc36b36207f077632a5b30a6a316ae40db62d2399fadd10a765396e0688b6b98,4,0,24.489595413208008,24.48794179863762,True,True,AlphaEdit_BLUE (L4+L8)
AlphaEdit_ORIGINAL,10,PS,true,3,065f4fa6723db9087ba06d66629821913cac0ec250a6e0e8e5e54f736751a132,bb75185d3c546ad2f1909d9f0bf73637938f22b8ebbcb9e1fdda1edc069e6639,6,1,24.113088607788086,24.11073580221273,True,True,AlphaEdit_BLUE (L4+L8)
AlphaEdit_ORIGINAL,10,PS,true,4,30e4c02268d49ca010e3c62fcc2615da2fad4cf0c359eb8fedc0366739b34205,c5be5ef9c2c3381449c3693420282c11e4b3382184a594b1d1966ed96f82375a,4,1,24.028146743774414,24.026634644833393,True,True,AlphaEdit_BLUE (L4+L8)
AlphaEdit_ORIGINAL,10,PS,true,5,917927c0c341c3dfde3a9c86b4f491496030d7a303a161dcfe3c045d61c78825,a2d0971e5dd92d47a1c80e904cba6717c8ff05ae6ca6ddd7ff23a8ad6e1503c0,9,1,23.23631477355957,23.235945531370817,True,True,AlphaEdit_BLUE (L4+L8)
AlphaEdit_ORIGINAL,10,NS,new,1,6df29737f57162f8e63de7d1888814d845c10634d3d28a3bbb10a48c29085d53,cdfb21f9e36b2362f714ed13b7e19904d092edcffde62ba181bbd58e6fe05d55,7,2,25.826013565063477,-2.4900875091552734,True,True,AlphaEdit_BLUE (L4+L8)
AlphaEdit_ORIGINAL,10,NS,new,2,f1f2c569870e3f8472f4920e45768500a9b687b964980462746a978142838e5e,09e54324d37c2d62da2861dc2587b12e8bb631e899ba072e25a94da9809d3c23,4,2,24.941381454467773,-13.553631782531738,True,True,AlphaEdit_BLUE (L4+L8)
AlphaEdit_ORIGINAL,10,NS,new,3,54409a01733cb9ff29e4d8bfad7ec87c63634630a25655efb464347a6250e433,25af1662618934fc28dede7d1733a67768404084a5df4af2e49605115b1978f8,4,2,23.5590877532959,-2.0050315856933594,True,True,AlphaEdit_BLUE (L4+L8)
AlphaEdit_ORIGINAL,10,NS,new,4,8a6d64d015b340bf191de4b2393106e3f79ef7ec2d5087bef1cd8e4fe0683bf8,fe2fc70563867d51fd0e9ac17081388ef776336ab653fce496a98d8d5065b656,3,3,23.302278518676758,-12.637310028076172,True,True,AlphaEdit_BLUE (L4+L8)
AlphaEdit_ORIGINAL,10,NS,new,5,c81b352b270b2e498256b5e24c726a039cd665477a83d71d95633340782782d4,29934bc60846741c680f72a6f0fa41d4ac12b9b8157c0202be1cd54cd5d08b89,1,1,23.215974807739258,-10.686177253723145,True,True,AlphaEdit_BLUE (L4+L8)
AlphaEdit_ORIGINAL,10,NS,true,1,6df29737f57162f8e63de7d1888814d845c10634d3d28a3bbb10a48c29085d53,cdfb21f9e36b2362f714ed13b7e19904d092edcffde62ba181bbd58e6fe05d55,7,2,23.335926055908203,-2.4900875091552734,True,True,AlphaEdit_BLUE (L4+L8)
AlphaEdit_ORIGINAL,10,NS,true,2,053d7b9eef98fc6535d336b9448f57daf090a9335c002091bb6a8ff6d356239a,e63b2fcb997ce7099b4f11b5cd7450c022a07ed985f390271dda100421ab8313,2,0,22.107999801635742,5.482343673706055,False,True,AlphaEdit_BLUE (L4+L8)
AlphaEdit_ORIGINAL,10,NS,true,3,54409a01733cb9ff29e4d8bfad7ec87c63634630a25655efb464347a6250e433,25af1662618934fc28dede7d1733a67768404084a5df4af2e49605115b1978f8,4,2,21.55405616760254,-2.0050315856933594,True,True,AlphaEdit_BLUE (L4+L8)
AlphaEdit_ORIGINAL,10,NS,true,4,9dacbde326501c9f63debf4311ae5e2bc047636edc4ee9d9ce828bcdf4a7f25d,ed3653e91a66d8010006f57ad86c38b5996adc73d86923d6a0c055bf48f04733,2,2,20.298038482666016,10.830510139465332,False,True,AlphaEdit_BLUE (L4+L8)
AlphaEdit_ORIGINAL,10,NS,true,5,b6642101dc8a5645b4582d70634664cdcb6821ccd9a138c5e7c73b4fbc47e6d3,28f3600bd788288cdf6f8daf94f45e07793c6385e9f7a22aef327fd6592e4b9e,7,3,20.05721092224121,0.8079910278320312,False,True,AlphaEdit_BLUE (L4+L8)
AlphaEdit_ORIGINAL,20,RS,new,1,ed357b3acfc8996fd83a52b09bb4e10449e60f403e3b287249524e613af115da,0e02d53c8fb42653e75c93187072c309f253e254c742bbe58f46b883d9c1c72d,1,0,21.092418670654297,-2.489654541015625,False,True,AlphaEdit_BLUE (L4+L8)
AlphaEdit_ORIGINAL,20,RS,new,2,100d3edd36255808489962688b1a66f08d6d49e398cd57c7f4f44656b3ea1897,9ef3aeb28e4a8569aeb8afca3afb8a33057279d14040a4fe74d4c401a9458d31,11,0,18.758358001708984,3.090747833251953,True,True,AlphaEdit_BLUE (L4+L8)
AlphaEdit_ORIGINAL,20,RS,new,3,d3e559563131041799427115223899c303b28683c9d26425d90965b3bae854bd,6161627a6fa097e942eef597cc76771b4c4ed341ec2834a9218570fd8dcbff3f,10,0,18.724119186401367,-8.073002815246582,False,True,AlphaEdit_BLUE (L4+L8)
AlphaEdit_ORIGINAL,20,RS,new,4,b1c92bf6fb924d35a3395bd9662353ed20a664c278a7cc2086671f5fc331267c,221648e29d55a2f58dd739f1142da84d84a006196ed5bec9ed5478c34aab50f5,7,0,17.297893524169922,1.2457771301269531,True,True,AlphaEdit_BLUE (L4+L8)
AlphaEdit_ORIGINAL,20,RS,new,5,cb68dbec7d3df2537d3ad28cf2e941a2e2c6621049565051b63780573661e131,d64c1cf20107d7b5e69f3f4be1a7839c8bb9189cc51030e02dd3104e1c6fbf9b,11,0,16.580989837646484,-1.1812553405761719,False,True,AlphaEdit_BLUE (L4+L8)
AlphaEdit_ORIGINAL,20,RS,true,1,0f38901778dd701146bbce9e2768674b8b047fd615658c3293f25f04ea14ec9c,3f0d73fb350dbbffdd2d915c9d1fbb9451b9fef955398b010976dd650ad02518,10,0,29.056543350219727,29.056142768036807,True,True,AlphaEdit_BLUE (L4+L8)
AlphaEdit_ORIGINAL,20,RS,true,2,08500acfbe7cf012c9bf99ab64d66e0b1dec4cf6c669f3cb40e2cb794f0c835b,81a0e0791c5d1eab3f7450509d80b5e489bd58471f25c70c3f38b83a10b61b64,20,0,28.176904678344727,28.17655569445924,True,True,AlphaEdit_BLUE (L4+L8)
AlphaEdit_ORIGINAL,20,RS,true,3,68a7ac41844525497a3a759e5b2dd3b42345819e2f5c737b9ca901fdf74b88f3,69b2cd47a1fbe7679c7cd58d7cffbcfaf8b7cc77c67a127b28ad94c8b6641f97,12,0,28.036394119262695,28.03632009303692,True,True,AlphaEdit_BLUE (L4+L8)
AlphaEdit_ORIGINAL,20,RS,true,4,b85ce4bfb44ed09d5908cb823cc84381fef86ffb4f1b4fd457e5810d225ca68e,98f2c5fe39310792decee290f2943da08cbd333fdda3c0eb4c14c51cfd1ad851,7,0,27.664596557617188,27.66377816320164,True,True,AlphaEdit_BLUE (L4+L8)
AlphaEdit_ORIGINAL,20,RS,true,5,d1961d93755e10b9def1a5e7b7c5483274fd98b51f07b0013d428df6da5c5460,efc281650bb595aa29bf691852c2074a83c6e0308566a9368ff245dca02b07ba,12,0,27.251569747924805,27.25104977301089,True,True,AlphaEdit_BLUE (L4+L8)
AlphaEdit_ORIGINAL,20,PS,new,1,7808b86edb7b1acd97860de5b0014865ec15ea7a2f6e8ba5c0a3c88127a9447b,17cd6774ce60a7bf5fca24c1b85749102ef505414dc47e5900765425d95abeca,7,1,20.87791633605957,3.8667125701904297,True,True,AlphaEdit_BLUE (L4+L8)
AlphaEdit_ORIGINAL,20,PS,new,2,8134f1627e2c580f588265d4bb8db0e21e1461b1d95c2ca6f0cc23dec0715be8,076f01feebd9c046c23276e88ab7bee1e02f19b87721a1aaf74ee0979dd498b7,14,1,20.204547882080078,0.8864994049072266,True,True,AlphaEdit_BLUE (L4+L8)
AlphaEdit_ORIGINAL,20,PS,new,3,15acd5fc8aa2e02b6786459c50ace135ca7c65864057cb39acfa4d83327a5aac,43b3c9c8479a41b82cce536be3d8c1869fd913b7c2f3a7aaa5c03407454d2126,5,1,18.80859375,2.1393051147460938,True,True,AlphaEdit_BLUE (L4+L8)
AlphaEdit_ORIGINAL,20,PS,new,4,2a7185fd600ecd7bd4b998bc7dbf460bd0dd2f1b9529ebdf0f662a48be746642,41dd9ba3b4049179a4053578ffdfc6f431b1b929f3085c3084ecdc986d102e3d,16,0,18.708765029907227,-5.423572540283203,False,True,AlphaEdit_BLUE (L4+L8)
AlphaEdit_ORIGINAL,20,PS,new,5,ed357b3acfc8996fd83a52b09bb4e10449e60f403e3b287249524e613af115da,0e2f22dd82302f4d74c7f4082d757e46ca02312bce8b96d57129ac664a95ae91,1,0,18.349700927734375,-4.248434066772461,False,True,AlphaEdit_BLUE (L4+L8)
AlphaEdit_ORIGINAL,20,PS,true,1,b8397e7c93136aebd8ac82b36caa6ec38e698145cd7e011ef4f8c0e8d5c0f734,8dd22268d6b8ba811716a896cd038b70a6de31ce7696fcd9493c1923d1e01c19,14,0,25.351346969604492,25.351114419318037,True,True,AlphaEdit_BLUE (L4+L8)
AlphaEdit_ORIGINAL,20,PS,true,2,7808b86edb7b1acd97860de5b0014865ec15ea7a2f6e8ba5c0a3c88127a9447b,17cd6774ce60a7bf5fca24c1b85749102ef505414dc47e5900765425d95abeca,7,1,24.74462890625,3.8667125701904297,True,True,AlphaEdit_BLUE (L4+L8)
AlphaEdit_ORIGINAL,20,PS,true,3,6f7c5d50ddef6fe32da94db0694f7e3ed72d641a95837a7f0f8023fb124a0532,1c4036403b97de19ee446ddaeb4af4d2f32711c867d053e38898e37d5d3b458c,4,0,24.5014705657959,24.47473571076989,True,True,AlphaEdit_BLUE (L4+L8)
AlphaEdit_ORIGINAL,20,PS,true,4,d1961d93755e10b9def1a5e7b7c5483274fd98b51f07b0013d428df6da5c5460,c787eb4638e11b2c8879c55092059fb2447e24feb15f31b2b91395379dc3743c,12,0,24.45768928527832,24.453027759213,True,True,AlphaEdit_BLUE (L4+L8)
AlphaEdit_ORIGINAL,20,PS,true,5,30e4c02268d49ca010e3c62fcc2615da2fad4cf0c359eb8fedc0366739b34205,fc36b36207f077632a5b30a6a316ae40db62d2399fadd10a765396e0688b6b98,4,0,24.0363826751709,24.035038659581915,True,True,AlphaEdit_BLUE (L4+L8)
AlphaEdit_ORIGINAL,20,NS,new,1,bfead4126b30a05a8d04b1ef03072c9ff16cc3d1629ba84eecea86d9ead2b149,8c569aabacaf33a45d8e5ce8980a4328b731155a4d9c10ad9227742ec8b5c39c,11,2,27.753562927246094,-3.6203136444091797,True,True,AlphaEdit_BLUE (L4+L8)
AlphaEdit_ORIGINAL,20,NS,new,2,ae77e4efc3d1e69d6e14f7f826f171412d38895fb3d804aaa46e233bbf70249a,5b9ad20ceaaea2d53e25f185b25e701e6d8269236b0ce6625065876aadb7d7f5,11,7,27.57295799255371,-2.995565414428711,True,True,AlphaEdit_BLUE (L4+L8)
AlphaEdit_ORIGINAL,20,NS,new,3,612eeab9024bfb733a1bb626524d40d7ace1c637097bf76d36d9395e269f4170,9c167b537c014fa4ba4d6c32c2b908c9c940aaa8e4dbe8ad093d05c0f595678a,3,1,24.533876419067383,-6.620210647583008,True,True,AlphaEdit_BLUE (L4+L8)
AlphaEdit_ORIGINAL,20,NS,new,4,6df29737f57162f8e63de7d1888814d845c10634d3d28a3bbb10a48c29085d53,df841797fbcf2d7d7600dbc6209c760bcb79a29ad410b8990fd0965eb064c348,7,7,24.507410049438477,-10.851773262023926,True,True,AlphaEdit_BLUE (L4+L8)
AlphaEdit_ORIGINAL,20,NS,new,5,b6642101dc8a5645b4582d70634664cdcb6821ccd9a138c5e7c73b4fbc47e6d3,2b1e229c827ef9bf830d616a7719051ea6c4bfe374c8201bd589aeb02bcd60ec,7,2,24.44339370727539,3.5354766845703125,False,True,AlphaEdit_BLUE (L4+L8)
AlphaEdit_ORIGINAL,20,NS,true,1,b6642101dc8a5645b4582d70634664cdcb6821ccd9a138c5e7c73b4fbc47e6d3,2b1e229c827ef9bf830d616a7719051ea6c4bfe374c8201bd589aeb02bcd60ec,7,2,27.978870391845703,3.5354766845703125,False,True,AlphaEdit_BLUE (L4+L8)
AlphaEdit_ORIGINAL,20,NS,true,2,b0acadc3765a54e81a20b413a46ce483c0b4ea02d5097655e64fc25f8352ac3f,5e145c2d651ae42ca0a79752ca8f137b36c6cbba07098b7844da12c53fc47fb1,14,7,26.212230682373047,5.28521728515625,False,True,AlphaEdit_BLUE (L4+L8)
AlphaEdit_ORIGINAL,20,NS,true,3,ae77e4efc3d1e69d6e14f7f826f171412d38895fb3d804aaa46e233bbf70249a,5b9ad20ceaaea2d53e25f185b25e701e6d8269236b0ce6625065876aadb7d7f5,11,7,24.577392578125,-2.995565414428711,True,True,AlphaEdit_BLUE (L4+L8)
AlphaEdit_ORIGINAL,20,NS,true,4,bfead4126b30a05a8d04b1ef03072c9ff16cc3d1629ba84eecea86d9ead2b149,8c569aabacaf33a45d8e5ce8980a4328b731155a4d9c10ad9227742ec8b5c39c,11,2,24.133249282836914,-3.6203136444091797,True,True,AlphaEdit_BLUE (L4+L8)
AlphaEdit_ORIGINAL,20,NS,true,5,ab26273a7e7a104b8ef00d8361a7a657351669f5057ebc8316a084f511e8fd1b,f79f19b0c5719368bb6874dd4fcc0a2a822d367832bc5b3087396a9b4e5a46c2,12,6,23.374418258666992,23.37439525153968,False,True,AlphaEdit_BLUE (L4+L8)
AlphaEdit_ORIGINAL,30,RS,new,1,ed357b3acfc8996fd83a52b09bb4e10449e60f403e3b287249524e613af115da,0e02d53c8fb42653e75c93187072c309f253e254c742bbe58f46b883d9c1c72d,1,0,22.82464027404785,-4.147121429443359,False,True,AlphaEdit_BLUE (L4+L8)
AlphaEdit_ORIGINAL,30,RS,new,2,100d3edd36255808489962688b1a66f08d6d49e398cd57c7f4f44656b3ea1897,9ef3aeb28e4a8569aeb8afca3afb8a33057279d14040a4fe74d4c401a9458d31,11,0,19.80868148803711,4.060796737670898,True,True,AlphaEdit_BLUE (L4+L8)
AlphaEdit_ORIGINAL,30,RS,new,3,2a7185fd600ecd7bd4b998bc7dbf460bd0dd2f1b9529ebdf0f662a48be746642,ac86c2c6f61984954a152d029ab77a6c2611864cf5f853c7ba9003391c186809,16,0,19.03587532043457,0.3555622100830078,True,True,AlphaEdit_BLUE (L4+L8)
AlphaEdit_ORIGINAL,30,RS,new,4,b1c92bf6fb924d35a3395bd9662353ed20a664c278a7cc2086671f5fc331267c,221648e29d55a2f58dd739f1142da84d84a006196ed5bec9ed5478c34aab50f5,7,0,18.899398803710938,1.4806709289550781,True,True,AlphaEdit_BLUE (L4+L8)
AlphaEdit_ORIGINAL,30,RS,new,5,d3e559563131041799427115223899c303b28683c9d26425d90965b3bae854bd,6161627a6fa097e942eef597cc76771b4c4ed341ec2834a9218570fd8dcbff3f,10,0,18.50271224975586,-8.034515380859375,False,True,AlphaEdit_BLUE (L4+L8)
AlphaEdit_ORIGINAL,30,RS,true,1,391cf6f23bb4e97b61eac0a5a68c37a1103c6ebae77a00c3635e354e597893f9,0d41984dae048c896f44effd41034fa0e9662c38e5674faaee02ce9fded6f6b6,24,0,28.136985778808594,28.135882152360864,True,True,AlphaEdit_BLUE (L4+L8)
AlphaEdit_ORIGINAL,30,RS,true,2,0f38901778dd701146bbce9e2768674b8b047fd615658c3293f25f04ea14ec9c,3f0d73fb350dbbffdd2d915c9d1fbb9451b9fef955398b010976dd650ad02518,10,0,27.70164680480957,27.701233710744418,True,True,AlphaEdit_BLUE (L4+L8)
AlphaEdit_ORIGINAL,30,RS,true,3,b85ce4bfb44ed09d5908cb823cc84381fef86ffb4f1b4fd457e5810d225ca68e,98f2c5fe39310792decee290f2943da08cbd333fdda3c0eb4c14c51cfd1ad851,7,0,26.71078109741211,26.709471487556584,True,True,AlphaEdit_BLUE (L4+L8)
AlphaEdit_ORIGINAL,30,RS,true,4,98c53df687f2e9b94da80eef5b9049f1fac456b4c41c808f1a6b0fe80adecedb,9430b902d9406efbf334ec5b0ff5f5b96c8170ade6cb93058a5cd6b101dae423,24,0,26.609275817871094,26.6091777134352,True,True,AlphaEdit_BLUE (L4+L8)
AlphaEdit_ORIGINAL,30,RS,true,5,08500acfbe7cf012c9bf99ab64d66e0b1dec4cf6c669f3cb40e2cb794f0c835b,81a0e0791c5d1eab3f7450509d80b5e489bd58471f25c70c3f38b83a10b61b64,20,0,26.5290470123291,26.527387328096665,True,True,AlphaEdit_BLUE (L4+L8)
AlphaEdit_ORIGINAL,30,PS,new,1,2a7185fd600ecd7bd4b998bc7dbf460bd0dd2f1b9529ebdf0f662a48be746642,41dd9ba3b4049179a4053578ffdfc6f431b1b929f3085c3084ecdc986d102e3d,16,0,21.63677215576172,-7.64743709564209,False,True,AlphaEdit_BLUE (L4+L8)
AlphaEdit_ORIGINAL,30,PS,new,2,2a7185fd600ecd7bd4b998bc7dbf460bd0dd2f1b9529ebdf0f662a48be746642,369c728ac04ab11ea70d7ece1b253e43ee384c7719daac1bcffe7ac0d946b958,16,1,20.413915634155273,-8.079052925109863,False,True,AlphaEdit_BLUE (L4+L8)
AlphaEdit_ORIGINAL,30,PS,new,3,2e1030083599489d2833b87315cb57aa2ac32593558298b8cb4bc58e86c26dbd,bd984bfb4a26cdaa375c2ec6713e8ee9740d5b8a378685ac510d67df8a3ad293,24,1,19.988157272338867,-8.10000991821289,False,True,AlphaEdit_BLUE (L4+L8)
AlphaEdit_ORIGINAL,30,PS,new,4,7808b86edb7b1acd97860de5b0014865ec15ea7a2f6e8ba5c0a3c88127a9447b,17cd6774ce60a7bf5fca24c1b85749102ef505414dc47e5900765425d95abeca,7,1,19.63597297668457,3.2175731658935547,True,True,AlphaEdit_BLUE (L4+L8)
AlphaEdit_ORIGINAL,30,PS,new,5,15acd5fc8aa2e02b6786459c50ace135ca7c65864057cb39acfa4d83327a5aac,43b3c9c8479a41b82cce536be3d8c1869fd913b7c2f3a7aaa5c03407454d2126,5,1,18.252714157104492,2.04339599609375,True,True,AlphaEdit_BLUE (L4+L8)
AlphaEdit_ORIGINAL,30,PS,true,1,ba006000a707f53e298b4f7896049d3f214dc44733023233b2ef69e879fc4b9e,18db2ab401ebe8df2b397a5e9d071a53a61d6d84bf7e98ec2b2164d249ce8a93,28,0,25.34189224243164,25.340476442710496,True,True,AlphaEdit_BLUE (L4+L8)
AlphaEdit_ORIGINAL,30,PS,true,2,3d48c535d39e37fec30d2bb2476ad44b144844f946a2094a23694638ef3dc502,ade6d2a51dd8d533ef6fa0810231e710b1c97c1e88688efebfea536d9c042acd,24,0,24.604616165161133,14.836577415466309,True,True,AlphaEdit_BLUE (L4+L8)
AlphaEdit_ORIGINAL,30,PS,true,3,6dba77308243555a9aa265b68f884ed5e51a46beb48d07fdf5fdba47f20e728a,52496dfbae747882d4e1441fa2fd87b8950a61a5d45200a0521f89814eb9ccb1,15,0,24.52813148498535,24.525776776485145,True,True,AlphaEdit_BLUE (L4+L8)
AlphaEdit_ORIGINAL,30,PS,true,4,6f7c5d50ddef6fe32da94db0694f7e3ed72d641a95837a7f0f8023fb124a0532,1c4036403b97de19ee446ddaeb4af4d2f32711c867d053e38898e37d5d3b458c,4,0,24.16649055480957,24.12346563488245,True,True,AlphaEdit_BLUE (L4+L8)
AlphaEdit_ORIGINAL,30,PS,true,5,72a2d4365f37780690ee9d05b9a173e9036187fbfd5b5ae61785c5d5b0bf8a8a,4333e639accae870f5a3b4ed1e7ed6045e81d794ca3e89bc792a8fbf204cb7ac,26,0,24.08067512512207,24.079236231860705,True,True,AlphaEdit_BLUE (L4+L8)
AlphaEdit_ORIGINAL,30,NS,new,1,5fab5bd05f98260a1f33ff741eee56f962974eae8eba07a27b24ad12458a8d45,b07b69beebfd8e1e24bcf1394199e18f9432ae86170a3098b0cbd5ee315ddd87,1,7,25.92281150817871,-7.596609115600586,True,True,AlphaEdit_BLUE (L4+L8)
AlphaEdit_ORIGINAL,30,NS,new,2,6df29737f57162f8e63de7d1888814d845c10634d3d28a3bbb10a48c29085d53,df841797fbcf2d7d7600dbc6209c760bcb79a29ad410b8990fd0965eb064c348,7,7,25.87436866760254,-11.847246170043945,True,True,AlphaEdit_BLUE (L4+L8)
AlphaEdit_ORIGINAL,30,NS,new,3,547267d4010c3827ac4aca65adbbe1443df049c3d0cef252790a735aa144e3fe,02e3e00767f63fb3de67d1aaa7a6cef230a8c70f8952f6d840482f6777b4cadc,24,7,24.524431228637695,-8.461711883544922,True,True,AlphaEdit_BLUE (L4+L8)
AlphaEdit_ORIGINAL,30,NS,new,4,66eba0f8578c53acb353d399405165153f066adaf9c6567bdd25b31fceb8a83e,fe03179832cb7c6c0d5f75efdfecc6f0f7432eb9c00690f21db5859dea51fadf,27,9,24.487707138061523,-0.6182289123535156,True,True,AlphaEdit_BLUE (L4+L8)
AlphaEdit_ORIGINAL,30,NS,new,5,6df29737f57162f8e63de7d1888814d845c10634d3d28a3bbb10a48c29085d53,cdfb21f9e36b2362f714ed13b7e19904d092edcffde62ba181bbd58e6fe05d55,7,2,24.25559425354004,-2.230804443359375,True,True,AlphaEdit_BLUE (L4+L8)
AlphaEdit_ORIGINAL,30,NS,true,1,b0acadc3765a54e81a20b413a46ce483c0b4ea02d5097655e64fc25f8352ac3f,5e145c2d651ae42ca0a79752ca8f137b36c6cbba07098b7844da12c53fc47fb1,14,7,26.02140998840332,5.588464736938477,False,True,AlphaEdit_BLUE (L4+L8)
AlphaEdit_ORIGINAL,30,NS,true,2,340799d186c8195376d2cf6a756516a830ffc5feac81996d8b4e6d62d30d214b,666bbd1acc5ed1d9bce1595ebff674c1c6b6900c92763c0e776c1f0f92c60fb3,9,5,25.6896915435791,5.865596771240234,False,True,AlphaEdit_BLUE (L4+L8)
AlphaEdit_ORIGINAL,30,NS,true,3,1166525d6e515e95e041cf85ecdb496fd491d53a52f678cba43cf7bfd5f9202a,3075b4f745406c4ccef5b30545a2291b0ada566378542ebf4921085c078536a4,22,9,24.268888473510742,2.358104705810547,False,True,AlphaEdit_BLUE (L4+L8)
AlphaEdit_ORIGINAL,30,NS,true,4,eb0a1b533c11531f4dd7b5a6dbee601bc986a9058ee057fc9e287457dd04047c,57bef5a623861e1c1546388bf29f77147598424f7b7ace83775a452ed14a04b6,21,0,24.268877029418945,7.923175811767578,False,True,AlphaEdit_BLUE (L4+L8)
AlphaEdit_ORIGINAL,30,NS,true,5,80199b1329e5077738005165ae9cf178765fbd14241f5016ff30e14f3a08c585,792ad6fd8702286920f6c83154d26ad1f5b87ab9c679627fa2523f8ac7dbb8f6,23,1,24.10024070739746,7.126977920532227,False,True,AlphaEdit_BLUE (L4+L8)
AlphaEdit_ORIGINAL,40,RS,new,1,4a147f223b0bb73bc4b50d456afb6063e6cbb0d28fd09e9844ef76475429362a,62656c478d51754a74a25be91ce9796b8f481fa16981e716203d21acb47356bb,17,0,25.992109298706055,-1.9701194763183594,False,True,AlphaEdit_BLUE (L4+L8)
AlphaEdit_ORIGINAL,40,RS,new,2,c49eb5e7bb09a8e471441ed78fa006cbb96c24b221b12523d8ac63ecef1d81b0,6307dd1fa0c01d7ebfef42fa0d06e87241109f8922d7220402888ce5f1f0ed88,4,0,23.694347381591797,-4.451141357421875,False,True,AlphaEdit_BLUE (L4+L8)
AlphaEdit_ORIGINAL,40,RS,new,3,cee34f2648fc2b53ab0ecd0d711ab8466517aba6ede42d532e9cdccfba6b45b0,b904b599374d5b9e3328839403288e497f3553f8d3b0d21b9bef348200b2e85f,28,0,18.82785987854004,4.638908386230469,True,True,AlphaEdit_BLUE (L4+L8)
AlphaEdit_ORIGINAL,40,RS,new,4,d3e559563131041799427115223899c303b28683c9d26425d90965b3bae854bd,6161627a6fa097e942eef597cc76771b4c4ed341ec2834a9218570fd8dcbff3f,10,0,18.46746063232422,-7.639263153076172,False,True,AlphaEdit_BLUE (L4+L8)
AlphaEdit_ORIGINAL,40,RS,new,5,2a7185fd600ecd7bd4b998bc7dbf460bd0dd2f1b9529ebdf0f662a48be746642,ac86c2c6f61984954a152d029ab77a6c2611864cf5f853c7ba9003391c186809,16,0,18.427724838256836,-0.3423900604248047,False,True,AlphaEdit_BLUE (L4+L8)
AlphaEdit_ORIGINAL,40,RS,true,1,28c552828e0f24ca44ff97bef5cd6f1b7990d1657487c312d473d41171b60e59,fbb6b4b9577d7da9506f15dca79c7aafd232d7393b1f40725f7cfcfdbcea55b7,35,0,29.669063568115234,29.668850206246134,True,True,AlphaEdit_BLUE (L4+L8)
AlphaEdit_ORIGINAL,40,RS,true,2,fdc8e91b0da32211e3ca5758d74e6c459fb5453e785c6ed3d3d2f4bc3c34affa,c7ae735ffc9d1cc9f9c36f215301c4219428b2934d7dc06d50c9a6011e2dc350,33,0,28.8873348236084,28.887264254197362,True,True,AlphaEdit_BLUE (L4+L8)
AlphaEdit_ORIGINAL,40,RS,true,3,92f3c34650437f1ddf6b2f2e3f4d240e6e3755bace50d44b7a3fda82332a942b,5c41b261527dc7050ba1329e4a54d1638b4f39d36cb6495e0586aa34a1d5f499,33,0,28.16661262512207,28.166346227837494,True,True,AlphaEdit_BLUE (L4+L8)
AlphaEdit_ORIGINAL,40,RS,true,4,5cf5b8d22fe749d8cd6253d9be22ce3af04d0e5fcb688f778adebe528c9463a4,a9aa0aff8a6dd1e45d0b58ff1cad4cbc43b5f3eaa70182143aeafba825ab40bd,32,0,28.113040924072266,28.112711364694405,True,True,AlphaEdit_BLUE (L4+L8)
AlphaEdit_ORIGINAL,40,RS,true,5,7e14a7d9b7cc184e066625ee73c5a1e04b3920fda96bf3352ea953c7370c8c1b,9a36c1ec753558308e9ce04815549971504262a7ef6470dacd5c015edad2fe6c,35,0,27.948028564453125,27.94773392251227,True,True,AlphaEdit_BLUE (L4+L8)
AlphaEdit_ORIGINAL,40,PS,new,1,4a147f223b0bb73bc4b50d456afb6063e6cbb0d28fd09e9844ef76475429362a,cfd2456f63f47debc15497c868b464439b090b86de922cde9c8602d5afc6cd20,17,1,26.914281845092773,-2.1351699829101562,False,True,AlphaEdit_BLUE (L4+L8)
AlphaEdit_ORIGINAL,40,PS,new,2,767507f982e47bffdea0dcb7010d6365504bbec6208f59d0e83494f30e2e8912,a593fbcfbbec9c228c4c8327a57a6b26316e99bdfaea46401e7afd95013002c5,11,1,22.715396881103516,2.6765575408935547,True,True,AlphaEdit_BLUE (L4+L8)
AlphaEdit_ORIGINAL,40,PS,new,3,c49eb5e7bb09a8e471441ed78fa006cbb96c24b221b12523d8ac63ecef1d81b0,469d4ea1685278cd39c25c113e0de3b00e89524618755fa0dd502fae23ed2fe9,4,1,21.014196395874023,-2.582530975341797,False,True,AlphaEdit_BLUE (L4+L8)
AlphaEdit_ORIGINAL,40,PS,new,4,7808b86edb7b1acd97860de5b0014865ec15ea7a2f6e8ba5c0a3c88127a9447b,17cd6774ce60a7bf5fca24c1b85749102ef505414dc47e5900765425d95abeca,7,1,19.892358779907227,3.2400150299072266,True,True,AlphaEdit_BLUE (L4+L8)
AlphaEdit_ORIGINAL,40,PS,new,5,c49eb5e7bb09a8e471441ed78fa006cbb96c24b221b12523d8ac63ecef1d81b0,fbcf00692855bb2ad72d99ca2f744e8a178063e10252d068b86b37df35514c3b,4,0,19.388662338256836,-3.0603599548339844,False,True,AlphaEdit_BLUE (L4+L8)
AlphaEdit_ORIGINAL,40,PS,true,1,872119f809e53e0f8414eb391e24957d8b7f6f170c497d5d639d73abdf428520,4ce7162ab41669f30b109f493b074cca1eab7e7ec0fc2f4f2ac9593438b05fa8,33,0,26.124359130859375,26.124295355926733,True,True,AlphaEdit_BLUE (L4+L8)
AlphaEdit_ORIGINAL,40,PS,true,2,f6b74a4fd3348ade7a1bf338d0d5fc1c4450f6eb338a4f7a3e73c4e59013ead6,9ccc517034f105f2b2afc91715a57cb451815256b52845f0e421312c9e9dd662,36,0,25.44231414794922,25.44146538048517,True,True,AlphaEdit_BLUE (L4+L8)
AlphaEdit_ORIGINAL,40,PS,true,3,767507f982e47bffdea0dcb7010d6365504bbec6208f59d0e83494f30e2e8912,a593fbcfbbec9c228c4c8327a57a6b26316e99bdfaea46401e7afd95013002c5,11,1,25.39195442199707,2.6765575408935547,True,True,AlphaEdit_BLUE (L4+L8)
AlphaEdit_ORIGINAL,40,PS,true,4,fcc0df4b4cc5b19526a1f2bcd7a58a37f4dc2bfbfa755bc589eb038457e86b0a,11879f459a4ba897ac83864e49da07ae46067a34cdbe64307abc77034431cdb8,31,1,25.129695892333984,25.126903858967125,True,True,AlphaEdit_BLUE (L4+L8)
AlphaEdit_ORIGINAL,40,PS,true,5,1ea9d32b63684dfef7cfa009143a1b5a0c97e8be55b7edb548f3675bee1dc433,319b485bcd722942692dbc0015031a057bcb00309c36ca712b06fcf5402d5d62,36,0,25.074256896972656,25.074160103715258,True,True,AlphaEdit_BLUE (L4+L8)
AlphaEdit_ORIGINAL,40,NS,new,1,1615dc1e029ef66a38cec67ae2dd6d0b593befdb93a0ed5b6ae046b21901c675,01115b816071676db4a4ff2de3ee462016fb217644070076c9e769c8782b8c54,9,1,25.231813430786133,-3.877361297607422,True,True,AlphaEdit_BLUE (L4+L8)
AlphaEdit_ORIGINAL,40,NS,new,2,92830841b2701a157ddf3f64eef2d392c992cf47d62ee624dec35ed31a1d7be3,3bc303b8c0d5f1e9f8e018e3e5c39fe2acc982de8c1ce123bfb5abb64fa4aa4e,2,1,24.510286331176758,4.9623260498046875,False,True,AlphaEdit_BLUE (L4+L8)
AlphaEdit_ORIGINAL,40,NS,new,3,75bae64a11d6ea6530544e19c2eebfbc944cd3eddf8e0d0873fbfc8373ee0e50,65428b51bdbbaa6aa19c3b2d1d3f40c1c3125ae6777d87350cfe3ee85001375f,23,6,24.463626861572266,-6.972993850708008,True,True,AlphaEdit_BLUE (L4+L8)
AlphaEdit_ORIGINAL,40,NS,new,4,18d470e5e7b8a3ca3e3f6f3e686b09383b3143cff853ac79ba434b3fab537133,b50ec269f3f53e1fd956b50765293437f03f128976509eab39f54cce99423f6d,17,0,24.336761474609375,2.011028289794922,False,True,AlphaEdit_BLUE (L4+L8)
AlphaEdit_ORIGINAL,40,NS,new,5,924e2ab452b703951ac545a9b7aefbab7731932662ef2591c5a672355dffa11b,b227739f6a1a0d878d3d1c36e171870fa70005c00b913cad0c6d1afdd17fce5f,5,5,23.997390747070312,-11.850959777832031,True,True,AlphaEdit_BLUE (L4+L8)
AlphaEdit_ORIGINAL,40,NS,true,1,92830841b2701a157ddf3f64eef2d392c992cf47d62ee624dec35ed31a1d7be3,3bc303b8c0d5f1e9f8e018e3e5c39fe2acc982de8c1ce123bfb5abb64fa4aa4e,2,1,29.472612380981445,4.9623260498046875,False,True,AlphaEdit_BLUE (L4+L8)
AlphaEdit_ORIGINAL,40,NS,true,2,340799d186c8195376d2cf6a756516a830ffc5feac81996d8b4e6d62d30d214b,5bc19145efda8f664a126c63d506c0ceb777d7fde5e7a32b29a3b980f661583a,9,9,27.34885597229004,23.528051376342773,False,True,AlphaEdit_BLUE (L4+L8)
AlphaEdit_ORIGINAL,40,NS,true,3,92830841b2701a157ddf3f64eef2d392c992cf47d62ee624dec35ed31a1d7be3,2932b0c49855e94c80733fbaf6d9a1d33727b47bc468e695d3804c88bd1238b9,2,4,26.842262268066406,3.0306835174560547,False,True,AlphaEdit_BLUE (L4+L8)
AlphaEdit_ORIGINAL,40,NS,true,4,18d470e5e7b8a3ca3e3f6f3e686b09383b3143cff853ac79ba434b3fab537133,b50ec269f3f53e1fd956b50765293437f03f128976509eab39f54cce99423f6d,17,0,26.347789764404297,2.011028289794922,False,True,AlphaEdit_BLUE (L4+L8)
AlphaEdit_ORIGINAL,40,NS,true,5,b0acadc3765a54e81a20b413a46ce483c0b4ea02d5097655e64fc25f8352ac3f,5e145c2d651ae42ca0a79752ca8f137b36c6cbba07098b7844da12c53fc47fb1,14,7,24.95058250427246,5.119056701660156,False,True,AlphaEdit_BLUE (L4+L8)
AlphaEdit_ORIGINAL,50,RS,new,1,4a147f223b0bb73bc4b50d456afb6063e6cbb0d28fd09e9844ef76475429362a,62656c478d51754a74a25be91ce9796b8f481fa16981e716203d21acb47356bb,17,0,26.81913185119629,-1.6560249328613281,False,True,AlphaEdit_BLUE (L4+L8)
AlphaEdit_ORIGINAL,50,RS,new,2,c49eb5e7bb09a8e471441ed78fa006cbb96c24b221b12523d8ac63ecef1d81b0,6307dd1fa0c01d7ebfef42fa0d06e87241109f8922d7220402888ce5f1f0ed88,4,0,23.740346908569336,-4.292972564697266,False,True,AlphaEdit_BLUE (L4+L8)
AlphaEdit_ORIGINAL,50,RS,new,3,20db6628648c4ad306be515e9df80f6778953e70e517aed46dd0d594c2d7964f,41d3af7044465263baea43550fc7cd2dcba9d349b105cc4c2f54e89524a1eed3,4,0,23.17965316772461,1.791351318359375,True,True,AlphaEdit_BLUE (L4+L8)
AlphaEdit_ORIGINAL,50,RS,new,4,20ae1e26ff37e6e1e89d85687a0868092af811e6348c673f96462dad1e4907a6,eaf27fb1e2117d8d7b0ccc9c5604eb66eec95ecc51e6bb8968262e7fea582467,28,0,22.17917251586914,-4.64564323425293,False,True,AlphaEdit_BLUE (L4+L8)
AlphaEdit_ORIGINAL,50,RS,new,5,7c7fead4c7112bf70054247e3d806d902cf564483840787837113b631d216e2d,318a31ca4a40e9330a58beb6438794d2ab3b6c4683600ff87738425e97f2b924,32,0,20.556751251220703,0.6840858459472656,True,True,AlphaEdit_BLUE (L4+L8)
AlphaEdit_ORIGINAL,50,RS,true,1,cebaf002d886615dcfbaea61d2b4ee2b3b31e69f78cf126b245dd9dedfe4b6aa,75b0849783163665b7b2619d25128ada991d7cd683ef74cbd5ce7ff818f033d4,48,0,31.622392654418945,31.62236797839978,True,True,AlphaEdit_BLUE (L4+L8)
AlphaEdit_ORIGINAL,50,RS,true,2,fdc8e91b0da32211e3ca5758d74e6c459fb5453e785c6ed3d3d2f4bc3c34affa,c7ae735ffc9d1cc9f9c36f215301c4219428b2934d7dc06d50c9a6011e2dc350,33,0,29.07072639465332,29.070652130023518,True,True,AlphaEdit_BLUE (L4+L8)
AlphaEdit_ORIGINAL,50,RS,true,3,57711813a543dd50dc473dee0b29e1f14b321a86556bf42d1a133330ce368e20,629fa13f409032b826947b10b6a7a5c85c87e6a8b5866e1971f04d292606cf2f,43,0,28.806442260742188,28.80631852915394,True,True,AlphaEdit_BLUE (L4+L8)
AlphaEdit_ORIGINAL,50,RS,true,4,5cf5b8d22fe749d8cd6253d9be22ce3af04d0e5fcb688f778adebe528c9463a4,a9aa0aff8a6dd1e45d0b58ff1cad4cbc43b5f3eaa70182143aeafba825ab40bd,32,0,28.477781295776367,28.477337458898546,True,True,AlphaEdit_BLUE (L4+L8)
AlphaEdit_ORIGINAL,50,RS,true,5,28c552828e0f24ca44ff97bef5cd6f1b7990d1657487c312d473d41171b60e59,fbb6b4b9577d7da9506f15dca79c7aafd232d7393b1f40725f7cfcfdbcea55b7,35,0,27.969717025756836,27.96953572485654,True,True,AlphaEdit_BLUE (L4+L8)
AlphaEdit_ORIGINAL,50,PS,new,1,4a147f223b0bb73bc4b50d456afb6063e6cbb0d28fd09e9844ef76475429362a,cfd2456f63f47debc15497c868b464439b090b86de922cde9c8602d5afc6cd20,17,1,26.597942352294922,-1.776113510131836,False,True,AlphaEdit_BLUE (L4+L8)
AlphaEdit_ORIGINAL,50,PS,new,2,ba6d6e9adee189524370aecc74e02773b3532d417204b54613cc13ae4220ea9e,6770d52ee38d4c3fcbabe8e45ef29d97641ecdb17190f39975b4568418727c6c,32,0,21.712158203125,0.026937484741210938,True,True,AlphaEdit_BLUE (L4+L8)
AlphaEdit_ORIGINAL,50,PS,new,3,767507f982e47bffdea0dcb7010d6365504bbec6208f59d0e83494f30e2e8912,a593fbcfbbec9c228c4c8327a57a6b26316e99bdfaea46401e7afd95013002c5,11,1,20.903148651123047,2.5173702239990234,True,True,AlphaEdit_BLUE (L4+L8)
AlphaEdit_ORIGINAL,50,PS,new,4,eb0a1b533c11531f4dd7b5a6dbee601bc986a9058ee057fc9e287457dd04047c,b27b1dd0c6f185c505f2cf33181e3dbe0c81e7880fcc161fc8346ff1138091c0,21,1,20.23430061340332,1.4958209991455078,True,True,AlphaEdit_BLUE (L4+L8)
AlphaEdit_ORIGINAL,50,PS,new,5,7808b86edb7b1acd97860de5b0014865ec15ea7a2f6e8ba5c0a3c88127a9447b,17cd6774ce60a7bf5fca24c1b85749102ef505414dc47e5900765425d95abeca,7,1,19.85618782043457,3.5277652740478516,True,True,AlphaEdit_BLUE (L4+L8)
AlphaEdit_ORIGINAL,50,PS,true,1,cebaf002d886615dcfbaea61d2b4ee2b3b31e69f78cf126b245dd9dedfe4b6aa,a4a9c870c3ecec0216c859f5231af9187aa09c13362e8dea408dd53e20cc429c,48,0,29.09649085998535,29.096432210735657,True,True,AlphaEdit_BLUE (L4+L8)
AlphaEdit_ORIGINAL,50,PS,true,2,cebaf002d886615dcfbaea61d2b4ee2b3b31e69f78cf126b245dd9dedfe4b6aa,00328fca9fcf0bf52a50fac50523bcbc7e12e50b2106e2288403d08874b6a2c9,48,1,27.36038589477539,27.360242019509315,True,True,AlphaEdit_BLUE (L4+L8)
AlphaEdit_ORIGINAL,50,PS,true,3,872119f809e53e0f8414eb391e24957d8b7f6f170c497d5d639d73abdf428520,4ce7162ab41669f30b109f493b074cca1eab7e7ec0fc2f4f2ac9593438b05fa8,33,0,26.647388458251953,26.64729714810528,True,True,AlphaEdit_BLUE (L4+L8)
AlphaEdit_ORIGINAL,50,PS,true,4,1ea9d32b63684dfef7cfa009143a1b5a0c97e8be55b7edb548f3675bee1dc433,319b485bcd722942692dbc0015031a057bcb00309c36ca712b06fcf5402d5d62,36,0,25.65835952758789,25.65829479903914,True,True,AlphaEdit_BLUE (L4+L8)
AlphaEdit_ORIGINAL,50,PS,true,5,fcc0df4b4cc5b19526a1f2bcd7a58a37f4dc2bfbfa755bc589eb038457e86b0a,11879f459a4ba897ac83864e49da07ae46067a34cdbe64307abc77034431cdb8,31,1,25.59583854675293,25.59331616270356,True,True,AlphaEdit_BLUE (L4+L8)
AlphaEdit_ORIGINAL,50,NS,new,1,5e301268b40c29319ec67cf906d3a15a401835e5e5909a8bc713d7b482588091,fd0ae808cc471f4d522a533da3c4610454c6fd89ebe3b98cf0aa3ae3ab2dee22,10,4,29.919662475585938,3.5218238830566406,False,True,AlphaEdit_BLUE (L4+L8)
AlphaEdit_ORIGINAL,50,NS,new,2,547267d4010c3827ac4aca65adbbe1443df049c3d0cef252790a735aa144e3fe,ff22eaa4e51c09d6f46870e8f335323601178b8b41ccfbd48e8f14e82f884477,24,4,29.386133193969727,-4.741008758544922,True,True,AlphaEdit_BLUE (L4+L8)
AlphaEdit_ORIGINAL,50,NS,new,3,5e301268b40c29319ec67cf906d3a15a401835e5e5909a8bc713d7b482588091,db0647cd3cfa1d3f7d188b0c47a40843478ce2a4ade8380cbd15adde360e8c8d,10,8,28.157196044921875,3.7489147186279297,False,True,AlphaEdit_BLUE (L4+L8)
AlphaEdit_ORIGINAL,50,NS,new,4,75bae64a11d6ea6530544e19c2eebfbc944cd3eddf8e0d0873fbfc8373ee0e50,65428b51bdbbaa6aa19c3b2d1d3f40c1c3125ae6777d87350cfe3ee85001375f,23,6,26.34781837463379,-8.81425666809082,True,True,AlphaEdit_BLUE (L4+L8)
AlphaEdit_ORIGINAL,50,NS,new,5,6786bcc91b97b9b007fe181136e6c60d79339d08c7866c7b36bf1e11f18699b8,c59c368ba855930c32ed9c9a5567f7ca9588e89fab23ad418a20452813092545,40,8,26.04136085510254,-3.0229740142822266,True,True,AlphaEdit_BLUE (L4+L8)
AlphaEdit_ORIGINAL,50,NS,true,1,5e301268b40c29319ec67cf906d3a15a401835e5e5909a8bc713d7b482588091,fd0ae808cc471f4d522a533da3c4610454c6fd89ebe3b98cf0aa3ae3ab2dee22,10,4,33.44148635864258,3.5218238830566406,False,True,AlphaEdit_BLUE (L4+L8)
AlphaEdit_ORIGINAL,50,NS,true,2,5e301268b40c29319ec67cf906d3a15a401835e5e5909a8bc713d7b482588091,db0647cd3cfa1d3f7d188b0c47a40843478ce2a4ade8380cbd15adde360e8c8d,10,8,31.906110763549805,3.7489147186279297,False,True,AlphaEdit_BLUE (L4+L8)
AlphaEdit_ORIGINAL,50,NS,true,3,6a1befc44c314642f04a8cf4cdf6a7f208580615eada11e8d8b09c9bf643b4f9,8abe90db457835175785ac925d105a8ec16644a1718d1280c40f893c670c51d5,17,1,29.638124465942383,6.84632682800293,False,True,AlphaEdit_BLUE (L4+L8)
AlphaEdit_ORIGINAL,50,NS,true,4,92830841b2701a157ddf3f64eef2d392c992cf47d62ee624dec35ed31a1d7be3,3bc303b8c0d5f1e9f8e018e3e5c39fe2acc982de8c1ce123bfb5abb64fa4aa4e,2,1,27.805130004882812,4.364131927490234,False,True,AlphaEdit_BLUE (L4+L8)
AlphaEdit_ORIGINAL,50,NS,true,5,0d38364f7e61ffa23af02082de12cb8c5786cddea6f83ae2156aa0cb41ec5509,af238da59ef3aa2605ec3c94ee3962ccea3328f477a8cfd63364e04ec1faa690,21,8,27.40073013305664,11.43195629119873,False,True,AlphaEdit_BLUE (L4+L8)
AlphaEdit_ORIGINAL,60,RS,new,1,92a7194ae5db4ecb83f724e83d0d50b3c216561849b48f4d60946b3b0a301a3a,4c567137707bd3559262442b689af8f22756484b0aad83d9831435f93997b7f5,54,0,26.47879409790039,-8.471233367919922,False,True,AlphaEdit_BLUE (L4+L8)
AlphaEdit_ORIGINAL,60,RS,new,2,4a147f223b0bb73bc4b50d456afb6063e6cbb0d28fd09e9844ef76475429362a,62656c478d51754a74a25be91ce9796b8f481fa16981e716203d21acb47356bb,17,0,25.811389923095703,-1.4397716522216797,False,True,AlphaEdit_BLUE (L4+L8)
AlphaEdit_ORIGINAL,60,RS,new,3,c49eb5e7bb09a8e471441ed78fa006cbb96c24b221b12523d8ac63ecef1d81b0,6307dd1fa0c01d7ebfef42fa0d06e87241109f8922d7220402888ce5f1f0ed88,4,0,23.56736183166504,-4.465911865234375,False,True,AlphaEdit_BLUE (L4+L8)
AlphaEdit_ORIGINAL,60,RS,new,4,20ae1e26ff37e6e1e89d85687a0868092af811e6348c673f96462dad1e4907a6,eaf27fb1e2117d8d7b0ccc9c5604eb66eec95ecc51e6bb8968262e7fea582467,28,0,22.574310302734375,-4.522674560546875,False,True,AlphaEdit_BLUE (L4+L8)
AlphaEdit_ORIGINAL,60,RS,new,5,f0cec1870916d1929ec7bb20d9f279f2a9f2d5d292da501565e2bb6ab0b92b3e,589d4dcc2449bc0353738a31b493b0aa1959955c5d8bad88f6ef8e9abde00ef1,14,0,20.85890769958496,3.1656227111816406,True,True,AlphaEdit_BLUE (L4+L8)
AlphaEdit_ORIGINAL,60,RS,true,1,cebaf002d886615dcfbaea61d2b4ee2b3b31e69f78cf126b245dd9dedfe4b6aa,75b0849783163665b7b2619d25128ada991d7cd683ef74cbd5ce7ff818f033d4,48,0,33.70426559448242,33.70422995154149,True,True,AlphaEdit_BLUE (L4+L8)
AlphaEdit_ORIGINAL,60,RS,true,2,28c552828e0f24ca44ff97bef5cd6f1b7990d1657487c312d473d41171b60e59,fbb6b4b9577d7da9506f15dca79c7aafd232d7393b1f40725f7cfcfdbcea55b7,35,0,29.71756362915039,29.717364331081626,True,True,AlphaEdit_BLUE (L4+L8)
AlphaEdit_ORIGINAL,60,RS,true,3,fdc8e91b0da32211e3ca5758d74e6c459fb5453e785c6ed3d3d2f4bc3c34affa,c7ae735ffc9d1cc9f9c36f215301c4219428b2934d7dc06d50c9a6011e2dc350,33,0,29.454757690429688,29.454659585993795,True,True,AlphaEdit_BLUE (L4+L8)
AlphaEdit_ORIGINAL,60,RS,true,4,57711813a543dd50dc473dee0b29e1f14b321a86556bf42d1a133330ce368e20,629fa13f409032b826947b10b6a7a5c85c87e6a8b5866e1971f04d292606cf2f,43,0,29.42450714111328,29.42440391119453,True,True,AlphaEdit_BLUE (L4+L8)
AlphaEdit_ORIGINAL,60,RS,true,5,68a7ac41844525497a3a759e5b2dd3b42345819e2f5c737b9ca901fdf74b88f3,69b2cd47a1fbe7679c7cd58d7cffbcfaf8b7cc77c67a127b28ad94c8b6641f97,12,0,29.040693283081055,29.040607813672977,True,True,AlphaEdit_BLUE (L4+L8)
AlphaEdit_ORIGINAL,60,PS,new,1,4a147f223b0bb73bc4b50d456afb6063e6cbb0d28fd09e9844ef76475429362a,cfd2456f63f47debc15497c868b464439b090b86de922cde9c8602d5afc6cd20,17,1,27.168237686157227,-1.0438823699951172,False,True,AlphaEdit_BLUE (L4+L8)
AlphaEdit_ORIGINAL,60,PS,new,2,ba6d6e9adee189524370aecc74e02773b3532d417204b54613cc13ae4220ea9e,6770d52ee38d4c3fcbabe8e45ef29d97641ecdb17190f39975b4568418727c6c,32,0,21.433834075927734,0.051837921142578125,True,True,AlphaEdit_BLUE (L4+L8)
AlphaEdit_ORIGINAL,60,PS,new,3,7808b86edb7b1acd97860de5b0014865ec15ea7a2f6e8ba5c0a3c88127a9447b,17cd6774ce60a7bf5fca24c1b85749102ef505414dc47e5900765425d95abeca,7,1,20.327320098876953,3.444957733154297,True,True,AlphaEdit_BLUE (L4+L8)
AlphaEdit_ORIGINAL,60,PS,new,4,767507f982e47bffdea0dcb7010d6365504bbec6208f59d0e83494f30e2e8912,a593fbcfbbec9c228c4c8327a57a6b26316e99bdfaea46401e7afd95013002c5,11,1,20.022838592529297,3.7462711334228516,True,True,AlphaEdit_BLUE (L4+L8)
AlphaEdit_ORIGINAL,60,PS,new,5,15acd5fc8aa2e02b6786459c50ace135ca7c65864057cb39acfa4d83327a5aac,43b3c9c8479a41b82cce536be3d8c1869fd913b7c2f3a7aaa5c03407454d2126,5,1,20.018157958984375,1.2982921600341797,True,True,AlphaEdit_BLUE (L4+L8)
AlphaEdit_ORIGINAL,60,PS,true,1,cebaf002d886615dcfbaea61d2b4ee2b3b31e69f78cf126b245dd9dedfe4b6aa,a4a9c870c3ecec0216c859f5231af9187aa09c13362e8dea408dd53e20cc429c,48,0,30.13828468322754,30.138195518651628,True,True,AlphaEdit_BLUE (L4+L8)
AlphaEdit_ORIGINAL,60,PS,true,2,4a147f223b0bb73bc4b50d456afb6063e6cbb0d28fd09e9844ef76475429362a,cfd2456f63f47debc15497c868b464439b090b86de922cde9c8602d5afc6cd20,17,1,26.12435531616211,-1.0438823699951172,False,True,AlphaEdit_BLUE (L4+L8)
AlphaEdit_ORIGINAL,60,PS,true,3,872119f809e53e0f8414eb391e24957d8b7f6f170c497d5d639d73abdf428520,4ce7162ab41669f30b109f493b074cca1eab7e7ec0fc2f4f2ac9593438b05fa8,33,0,25.891845703125,25.8916716727108,True,True,AlphaEdit_BLUE (L4+L8)
AlphaEdit_ORIGINAL,60,PS,true,4,cebaf002d886615dcfbaea61d2b4ee2b3b31e69f78cf126b245dd9dedfe4b6aa,00328fca9fcf0bf52a50fac50523bcbc7e12e50b2106e2288403d08874b6a2c9,48,1,25.78238296508789,25.78170799149666,True,True,AlphaEdit_BLUE (L4+L8)
AlphaEdit_ORIGINAL,60,PS,true,5,0d74e606ea4b4485e056cd14c18029a1d4f23192efbc574f7c90191c4be0aefb,ef7c686d968e420c1f26a339b86d6704bdd0e68666c099859bac23e94053fc63,59,1,25.662269592285156,25.658898439491168,True,True,AlphaEdit_BLUE (L4+L8)
AlphaEdit_ORIGINAL,60,NS,new,1,5e301268b40c29319ec67cf906d3a15a401835e5e5909a8bc713d7b482588091,fd0ae808cc471f4d522a533da3c4610454c6fd89ebe3b98cf0aa3ae3ab2dee22,10,4,30.19390869140625,3.0555191040039062,False,True,AlphaEdit_BLUE (L4+L8)
AlphaEdit_ORIGINAL,60,NS,new,2,5e301268b40c29319ec67cf906d3a15a401835e5e5909a8bc713d7b482588091,db0647cd3cfa1d3f7d188b0c47a40843478ce2a4ade8380cbd15adde360e8c8d,10,8,29.845712661743164,3.573892593383789,False,True,AlphaEdit_BLUE (L4+L8)
AlphaEdit_ORIGINAL,60,NS,new,3,547267d4010c3827ac4aca65adbbe1443df049c3d0cef252790a735aa144e3fe,ff22eaa4e51c09d6f46870e8f335323601178b8b41ccfbd48e8f14e82f884477,24,4,29.45250701904297,-4.8411102294921875,True,True,AlphaEdit_BLUE (L4+L8)
AlphaEdit_ORIGINAL,60,NS,new,4,ab8d9d49aa0d2a40cefe7b54f530e6a2db4ed6b314dbc8ae2eea3e636d9bf262,dc768f2cf4255f315f9a5eaea57e9c3685e3de1c397e7ebf950b31206341c222,46,4,27.1523494720459,-5.1091156005859375,True,True,AlphaEdit_BLUE (L4+L8)
AlphaEdit_ORIGINAL,60,NS,new,5,75bae64a11d6ea6530544e19c2eebfbc944cd3eddf8e0d0873fbfc8373ee0e50,65428b51bdbbaa6aa19c3b2d1d3f40c1c3125ae6777d87350cfe3ee85001375f,23,6,26.928314208984375,-8.87664794921875,True,True,AlphaEdit_BLUE (L4+L8)
AlphaEdit_ORIGINAL,60,NS,true,1,5e301268b40c29319ec67cf906d3a15a401835e5e5909a8bc713d7b482588091,db0647cd3cfa1d3f7d188b0c47a40843478ce2a4ade8380cbd15adde360e8c8d,10,8,33.41960525512695,3.573892593383789,False,True,AlphaEdit_BLUE (L4+L8)
AlphaEdit_ORIGINAL,60,NS,true,2,5e301268b40c29319ec67cf906d3a15a401835e5e5909a8bc713d7b482588091,fd0ae808cc471f4d522a533da3c4610454c6fd89ebe3b98cf0aa3ae3ab2dee22,10,4,33.249427795410156,3.0555191040039062,False,True,AlphaEdit_BLUE (L4+L8)
AlphaEdit_ORIGINAL,60,NS,true,3,6a1befc44c314642f04a8cf4cdf6a7f208580615eada11e8d8b09c9bf643b4f9,8abe90db457835175785ac925d105a8ec16644a1718d1280c40f893c670c51d5,17,1,29.058935165405273,6.922540664672852,False,True,AlphaEdit_BLUE (L4+L8)
AlphaEdit_ORIGINAL,60,NS,true,4,0d38364f7e61ffa23af02082de12cb8c5786cddea6f83ae2156aa0cb41ec5509,af238da59ef3aa2605ec3c94ee3962ccea3328f477a8cfd63364e04ec1faa690,21,8,27.96575164794922,11.243194580078125,False,True,AlphaEdit_BLUE (L4+L8)
AlphaEdit_ORIGINAL,60,NS,true,5,92830841b2701a157ddf3f64eef2d392c992cf47d62ee624dec35ed31a1d7be3,3bc303b8c0d5f1e9f8e018e3e5c39fe2acc982de8c1ce123bfb5abb64fa4aa4e,2,1,27.137359619140625,4.581335067749023,False,True,AlphaEdit_BLUE (L4+L8)
AlphaEdit_ORIGINAL,70,RS,new,1,92a7194ae5db4ecb83f724e83d0d50b3c216561849b48f4d60946b3b0a301a3a,4c567137707bd3559262442b689af8f22756484b0aad83d9831435f93997b7f5,54,0,27.567190170288086,-9.063894271850586,False,True,AlphaEdit_BLUE (L4+L8)
AlphaEdit_ORIGINAL,70,RS,new,2,4a147f223b0bb73bc4b50d456afb6063e6cbb0d28fd09e9844ef76475429362a,62656c478d51754a74a25be91ce9796b8f481fa16981e716203d21acb47356bb,17,0,25.09239387512207,-1.436614990234375,False,True,AlphaEdit_BLUE (L4+L8)
AlphaEdit_ORIGINAL,70,RS,new,3,c49eb5e7bb09a8e471441ed78fa006cbb96c24b221b12523d8ac63ecef1d81b0,6307dd1fa0c01d7ebfef42fa0d06e87241109f8922d7220402888ce5f1f0ed88,4,0,23.576763153076172,-4.360197067260742,False,True,AlphaEdit_BLUE (L4+L8)
AlphaEdit_ORIGINAL,70,RS,new,4,20ae1e26ff37e6e1e89d85687a0868092af811e6348c673f96462dad1e4907a6,eaf27fb1e2117d8d7b0ccc9c5604eb66eec95ecc51e6bb8968262e7fea582467,28,0,22.696834564208984,-4.578123092651367,False,True,AlphaEdit_BLUE (L4+L8)
AlphaEdit_ORIGINAL,70,RS,new,5,cee34f2648fc2b53ab0ecd0d711ab8466517aba6ede42d532e9cdccfba6b45b0,b904b599374d5b9e3328839403288e497f3553f8d3b0d21b9bef348200b2e85f,28,0,21.01249885559082,2.716747283935547,True,True,AlphaEdit_BLUE (L4+L8)
AlphaEdit_ORIGINAL,70,RS,true,1,cebaf002d886615dcfbaea61d2b4ee2b3b31e69f78cf126b245dd9dedfe4b6aa,75b0849783163665b7b2619d25128ada991d7cd683ef74cbd5ce7ff818f033d4,48,0,31.16984748840332,31.169818520966146,True,True,AlphaEdit_BLUE (L4+L8)
AlphaEdit_ORIGINAL,70,RS,true,2,989e93d58ab9eaa370ffa8acbc96af71be2a7af61bf34922f6700a896f8455f5,ce9af378de8c7ea03b3cb392ee583b8dec672fc8d2b617aa313d1bdd3e1c4419,65,0,29.21817398071289,29.217942264702288,True,True,AlphaEdit_BLUE (L4+L8)
AlphaEdit_ORIGINAL,70,RS,true,3,fdc8e91b0da32211e3ca5758d74e6c459fb5453e785c6ed3d3d2f4bc3c34affa,c7ae735ffc9d1cc9f9c36f215301c4219428b2934d7dc06d50c9a6011e2dc350,33,0,28.984811782836914,28.984730366209988,True,True,AlphaEdit_BLUE (L4+L8)
AlphaEdit_ORIGINAL,70,RS,true,4,d1de4364fe0c50c5a6456449897f2237e073fba980b68970d78373b607e1d942,988c4a0d2b2108f6db7b20f4165a35945c940922ba87b75a85aaec07eb5bfe0a,54,0,28.567432403564453,28.566991903062444,True,True,AlphaEdit_BLUE (L4+L8)
AlphaEdit_ORIGINAL,70,RS,true,5,68a7ac41844525497a3a759e5b2dd3b42345819e2f5c737b9ca901fdf74b88f3,69b2cd47a1fbe7679c7cd58d7cffbcfaf8b7cc77c67a127b28ad94c8b6641f97,12,0,28.245447158813477,28.24535060395283,True,True,AlphaEdit_BLUE (L4+L8)
AlphaEdit_ORIGINAL,70,PS,new,1,4a147f223b0bb73bc4b50d456afb6063e6cbb0d28fd09e9844ef76475429362a,cfd2456f63f47debc15497c868b464439b090b86de922cde9c8602d5afc6cd20,17,1,25.720157623291016,-0.8714447021484375,False,True,AlphaEdit_BLUE (L4+L8)
AlphaEdit_ORIGINAL,70,PS,new,2,2a7185fd600ecd7bd4b998bc7dbf460bd0dd2f1b9529ebdf0f662a48be746642,369c728ac04ab11ea70d7ece1b253e43ee384c7719daac1bcffe7ac0d946b958,16,1,21.3159236907959,-7.291078567504883,False,True,AlphaEdit_BLUE (L4+L8)
AlphaEdit_ORIGINAL,70,PS,new,3,ba6d6e9adee189524370aecc74e02773b3532d417204b54613cc13ae4220ea9e,6770d52ee38d4c3fcbabe8e45ef29d97641ecdb17190f39975b4568418727c6c,32,0,21.219192504882812,-0.2752418518066406,False,True,AlphaEdit_BLUE (L4+L8)
AlphaEdit_ORIGINAL,70,PS,new,4,7808b86edb7b1acd97860de5b0014865ec15ea7a2f6e8ba5c0a3c88127a9447b,17cd6774ce60a7bf5fca24c1b85749102ef505414dc47e5900765425d95abeca,7,1,20.401447296142578,3.6442928314208984,True,True,AlphaEdit_BLUE (L4+L8)
AlphaEdit_ORIGINAL,70,PS,new,5,c49eb5e7bb09a8e471441ed78fa006cbb96c24b221b12523d8ac63ecef1d81b0,fbcf00692855bb2ad72d99ca2f744e8a178063e10252d068b86b37df35514c3b,4,0,20.33219337463379,-3.727924346923828,False,True,AlphaEdit_BLUE (L4+L8)
AlphaEdit_ORIGINAL,70,PS,true,1,cebaf002d886615dcfbaea61d2b4ee2b3b31e69f78cf126b245dd9dedfe4b6aa,a4a9c870c3ecec0216c859f5231af9187aa09c13362e8dea408dd53e20cc429c,48,0,31.58766746520996,31.587641001098746,True,True,AlphaEdit_BLUE (L4+L8)
AlphaEdit_ORIGINAL,70,PS,true,2,7e14a7d9b7cc184e066625ee73c5a1e04b3920fda96bf3352ea953c7370c8c1b,b4cb1f0d2824e43e2f28755c22deb23ccaafb2ade9ebcf146bf7a36550e1565e,35,1,26.730670928955078,26.715812279842794,True,True,AlphaEdit_BLUE (L4+L8)
AlphaEdit_ORIGINAL,70,PS,true,3,cebaf002d886615dcfbaea61d2b4ee2b3b31e69f78cf126b245dd9dedfe4b6aa,00328fca9fcf0bf52a50fac50523bcbc7e12e50b2106e2288403d08874b6a2c9,48,1,26.307952880859375,26.30750523097231,True,True,AlphaEdit_BLUE (L4+L8)
AlphaEdit_ORIGINAL,70,PS,true,4,0d74e606ea4b4485e056cd14c18029a1d4f23192efbc574f7c90191c4be0aefb,ef7c686d968e420c1f26a339b86d6704bdd0e68666c099859bac23e94053fc63,59,1,26.275026321411133,26.27280387072824,True,True,AlphaEdit_BLUE (L4+L8)
AlphaEdit_ORIGINAL,70,PS,true,5,ba97db3b1045ae8a6e40f629befad8bb2114a947e53d2c0483ef31ee28ded979,950d61da4a54617d0c81f17839018b2fe6b8d09675289fc57b9f89ba49b1b90c,41,1,25.989900588989258,25.988906877464615,True,True,AlphaEdit_BLUE (L4+L8)
AlphaEdit_ORIGINAL,70,NS,new,1,5e301268b40c29319ec67cf906d3a15a401835e5e5909a8bc713d7b482588091,fd0ae808cc471f4d522a533da3c4610454c6fd89ebe3b98cf0aa3ae3ab2dee22,10,4,29.845544815063477,2.3550167083740234,False,True,AlphaEdit_BLUE (L4+L8)
AlphaEdit_ORIGINAL,70,NS,new,2,547267d4010c3827ac4aca65adbbe1443df049c3d0cef252790a735aa144e3fe,ff22eaa4e51c09d6f46870e8f335323601178b8b41ccfbd48e8f14e82f884477,24,4,29.4125919342041,-5.263860702514648,True,True,AlphaEdit_BLUE (L4+L8)
AlphaEdit_ORIGINAL,70,NS,new,3,5e301268b40c29319ec67cf906d3a15a401835e5e5909a8bc713d7b482588091,db0647cd3cfa1d3f7d188b0c47a40843478ce2a4ade8380cbd15adde360e8c8d,10,8,27.83852195739746,2.7965946197509766,False,True,AlphaEdit_BLUE (L4+L8)
AlphaEdit_ORIGINAL,70,NS,new,4,75bae64a11d6ea6530544e19c2eebfbc944cd3eddf8e0d0873fbfc8373ee0e50,65428b51bdbbaa6aa19c3b2d1d3f40c1c3125ae6777d87350cfe3ee85001375f,23,6,27.262378692626953,-9.143669128417969,True,True,AlphaEdit_BLUE (L4+L8)
AlphaEdit_ORIGINAL,70,NS,new,5,ab8d9d49aa0d2a40cefe7b54f530e6a2db4ed6b314dbc8ae2eea3e636d9bf262,dc768f2cf4255f315f9a5eaea57e9c3685e3de1c397e7ebf950b31206341c222,46,4,26.66191864013672,-4.832086563110352,True,True,AlphaEdit_BLUE (L4+L8)
AlphaEdit_ORIGINAL,70,NS,true,1,5e301268b40c29319ec67cf906d3a15a401835e5e5909a8bc713d7b482588091,fd0ae808cc471f4d522a533da3c4610454c6fd89ebe3b98cf0aa3ae3ab2dee22,10,4,32.2005615234375,2.3550167083740234,False,True,AlphaEdit_BLUE (L4+L8)
AlphaEdit_ORIGINAL,70,NS,true,2,5e301268b40c29319ec67cf906d3a15a401835e5e5909a8bc713d7b482588091,db0647cd3cfa1d3f7d188b0c47a40843478ce2a4ade8380cbd15adde360e8c8d,10,8,30.635116577148438,2.7965946197509766,False,True,AlphaEdit_BLUE (L4+L8)
AlphaEdit_ORIGINAL,70,NS,true,3,0d38364f7e61ffa23af02082de12cb8c5786cddea6f83ae2156aa0cb41ec5509,af238da59ef3aa2605ec3c94ee3962ccea3328f477a8cfd63364e04ec1faa690,21,8,27.797393798828125,11.418964385986328,False,True,AlphaEdit_BLUE (L4+L8)
AlphaEdit_ORIGINAL,70,NS,true,4,92830841b2701a157ddf3f64eef2d392c992cf47d62ee624dec35ed31a1d7be3,3bc303b8c0d5f1e9f8e018e3e5c39fe2acc982de8c1ce123bfb5abb64fa4aa4e,2,1,27.25425910949707,5.381847381591797,False,True,AlphaEdit_BLUE (L4+L8)
AlphaEdit_ORIGINAL,70,NS,true,5,340799d186c8195376d2cf6a756516a830ffc5feac81996d8b4e6d62d30d214b,2c63f9b3b27ed6af7f46689a2df6586acf48a57c73be1bdc9e9f9823cbc2d90d,9,1,27.22577476501465,12.994176864624023,False,True,AlphaEdit_BLUE (L4+L8)
AlphaEdit_ORIGINAL,80,RS,new,1,92a7194ae5db4ecb83f724e83d0d50b3c216561849b48f4d60946b3b0a301a3a,4c567137707bd3559262442b689af8f22756484b0aad83d9831435f93997b7f5,54,0,27.280254364013672,-8.565069198608398,False,True,AlphaEdit_BLUE (L4+L8)
AlphaEdit_ORIGINAL,80,RS,new,2,98fd5cbf09799214fd4f0a7890b8f2b3f289cf0e2b29d8ad07b8789876672f6a,95879c6b324b416932e1de5e40c63c80169629a8054ccdb5682256ba815d15ed,30,0,25.570831298828125,-10.054642677307129,False,True,AlphaEdit_BLUE (L4+L8)
AlphaEdit_ORIGINAL,80,RS,new,3,4a147f223b0bb73bc4b50d456afb6063e6cbb0d28fd09e9844ef76475429362a,62656c478d51754a74a25be91ce9796b8f481fa16981e716203d21acb47356bb,17,0,23.864255905151367,-0.38846778869628906,False,True,AlphaEdit_BLUE (L4+L8)
AlphaEdit_ORIGINAL,80,RS,new,4,c49eb5e7bb09a8e471441ed78fa006cbb96c24b221b12523d8ac63ecef1d81b0,6307dd1fa0c01d7ebfef42fa0d06e87241109f8922d7220402888ce5f1f0ed88,4,0,23.169086456298828,-3.8486785888671875,False,True,AlphaEdit_BLUE (L4+L8)
AlphaEdit_ORIGINAL,80,RS,new,5,20ae1e26ff37e6e1e89d85687a0868092af811e6348c673f96462dad1e4907a6,eaf27fb1e2117d8d7b0ccc9c5604eb66eec95ecc51e6bb8968262e7fea582467,28,0,22.729890823364258,-4.978181838989258,False,True,AlphaEdit_BLUE (L4+L8)
AlphaEdit_ORIGINAL,80,RS,true,1,ef80e37bb1d4df6187d03734d5a87d53bdd1ad88da933a0468ee6914816e21b6,65e949d39f3311c648bde399c2dbbce71389bd8505dd66901b41380c33b3e3db,73,0,29.90413475036621,29.904133439064935,True,True,AlphaEdit_BLUE (L4+L8)
AlphaEdit_ORIGINAL,80,RS,true,2,2f30ec3c0bf396f093a117dfbb09c8b1e00d93ceb6ceef87b911c5291f9cd44a,3f747e5938dba0eb4be1d0fcb892cc6a96d9ab3d2fe0f4c31f08543a816f217d,74,0,29.05944061279297,29.05761765805073,True,True,AlphaEdit_BLUE (L4+L8)
AlphaEdit_ORIGINAL,80,RS,true,3,cebaf002d886615dcfbaea61d2b4ee2b3b31e69f78cf126b245dd9dedfe4b6aa,75b0849783163665b7b2619d25128ada991d7cd683ef74cbd5ce7ff818f033d4,48,0,28.584781646728516,28.584724904718314,True,True,AlphaEdit_BLUE (L4+L8)
AlphaEdit_ORIGINAL,80,RS,true,4,989e93d58ab9eaa370ffa8acbc96af71be2a7af61bf34922f6700a896f8455f5,ce9af378de8c7ea03b3cb392ee583b8dec672fc8d2b617aa313d1bdd3e1c4419,65,0,28.25912094116211,28.258778988179984,True,True,AlphaEdit_BLUE (L4+L8)
AlphaEdit_ORIGINAL,80,RS,true,5,0f38901778dd701146bbce9e2768674b8b047fd615658c3293f25f04ea14ec9c,3f0d73fb350dbbffdd2d915c9d1fbb9451b9fef955398b010976dd650ad02518,10,0,27.88519287109375,27.88240166986361,True,True,AlphaEdit_BLUE (L4+L8)
AlphaEdit_ORIGINAL,80,PS,new,1,4a147f223b0bb73bc4b50d456afb6063e6cbb0d28fd09e9844ef76475429362a,cfd2456f63f47debc15497c868b464439b090b86de922cde9c8602d5afc6cd20,17,1,24.794858932495117,-0.2490062713623047,False,True,AlphaEdit_BLUE (L4+L8)
AlphaEdit_ORIGINAL,80,PS,new,2,ba6d6e9adee189524370aecc74e02773b3532d417204b54613cc13ae4220ea9e,6770d52ee38d4c3fcbabe8e45ef29d97641ecdb17190f39975b4568418727c6c,32,0,21.723766326904297,-0.8211612701416016,False,True,AlphaEdit_BLUE (L4+L8)
AlphaEdit_ORIGINAL,80,PS,new,3,98fd5cbf09799214fd4f0a7890b8f2b3f289cf0e2b29d8ad07b8789876672f6a,ec44f3b4273c00770cb92ad4fe134777eeebe2e8397791ae776166e88775d3ba,30,1,21.161378860473633,-10.865280151367188,False,True,AlphaEdit_BLUE (L4+L8)
AlphaEdit_ORIGINAL,80,PS,new,4,3a76aa6073ab3d5e6a4d9e00f22e527fec039b22c8decf566c90495e01f9129d,09c8c848d162813c180206309a4f699fe294902a2c09ffd75a0c691e34bc3fb7,23,0,20.591711044311523,-5.624529838562012,False,True,AlphaEdit_BLUE (L4+L8)
AlphaEdit_ORIGINAL,80,PS,new,5,7808b86edb7b1acd97860de5b0014865ec15ea7a2f6e8ba5c0a3c88127a9447b,17cd6774ce60a7bf5fca24c1b85749102ef505414dc47e5900765425d95abeca,7,1,20.153703689575195,3.636199951171875,True,True,AlphaEdit_BLUE (L4+L8)
AlphaEdit_ORIGINAL,80,PS,true,1,cebaf002d886615dcfbaea61d2b4ee2b3b31e69f78cf126b245dd9dedfe4b6aa,a4a9c870c3ecec0216c859f5231af9187aa09c13362e8dea408dd53e20cc429c,48,0,28.737110137939453,28.737019662185048,True,True,AlphaEdit_BLUE (L4+L8)
AlphaEdit_ORIGINAL,80,PS,true,2,b1ded99722cf8de822a82d6dcb83a2af02ce9d9d73d265dae40e2f29d23ca902,f9dc912cc95ebd469b51f1510773766644caebf62b2452980bafd90d03d07aa1,76,1,28.342390060424805,28.342331530377123,True,True,AlphaEdit_BLUE (L4+L8)
AlphaEdit_ORIGINAL,80,PS,true,3,cebaf002d886615dcfbaea61d2b4ee2b3b31e69f78cf126b245dd9dedfe4b6aa,00328fca9fcf0bf52a50fac50523bcbc7e12e50b2106e2288403d08874b6a2c9,48,1,27.696605682373047,27.69651925937069,True,True,AlphaEdit_BLUE (L4+L8)
AlphaEdit_ORIGINAL,80,PS,true,4,1ce4eb51dc2ffac87f4c9650d5e636dc77d5791c16a7413ba33a34cd56c437a8,4738ee0f4c66332b71a7806a13c376e733d62c3ad461c6298b617bbad08a5e41,79,0,27.62895393371582,27.625303977169096,True,True,AlphaEdit_BLUE (L4+L8)
AlphaEdit_ORIGINAL,80,PS,true,5,0d74e606ea4b4485e056cd14c18029a1d4f23192efbc574f7c90191c4be0aefb,ef7c686d968e420c1f26a339b86d6704bdd0e68666c099859bac23e94053fc63,59,1,27.433635711669922,27.432418848620728,True,True,AlphaEdit_BLUE (L4+L8)
AlphaEdit_ORIGINAL,80,NS,new,1,5e301268b40c29319ec67cf906d3a15a401835e5e5909a8bc713d7b482588091,fd0ae808cc471f4d522a533da3c4610454c6fd89ebe3b98cf0aa3ae3ab2dee22,10,4,29.29486846923828,0.7625293731689453,False,True,AlphaEdit_BLUE (L4+L8)
AlphaEdit_ORIGINAL,80,NS,new,2,5e301268b40c29319ec67cf906d3a15a401835e5e5909a8bc713d7b482588091,db0647cd3cfa1d3f7d188b0c47a40843478ce2a4ade8380cbd15adde360e8c8d,10,8,28.923147201538086,1.086080551147461,False,True,AlphaEdit_BLUE (L4+L8)
AlphaEdit_ORIGINAL,80,NS,new,3,547267d4010c3827ac4aca65adbbe1443df049c3d0cef252790a735aa144e3fe,ff22eaa4e51c09d6f46870e8f335323601178b8b41ccfbd48e8f14e82f884477,24,4,28.623029708862305,-5.616331100463867,True,True,AlphaEdit_BLUE (L4+L8)
AlphaEdit_ORIGINAL,80,NS,new,4,1c5c834c927a24fc22228333db7249f958a30231366e6a94bfc4880ea26098c3,d44bccce09eff0495b3888633b485671f6eca4bc4ec8fa2dd9e5f52f1f4ee789,3,9,28.20930290222168,-6.60357666015625,True,True,AlphaEdit_BLUE (L4+L8)
AlphaEdit_ORIGINAL,80,NS,new,5,e3768df728e2010d247673212d2b012d82445624ffb6ea2673e0200d2731fe0b,e244f4ceccf057e80d05e1c8f9966d4b2557b56975b8b2e452f64c3f5a0eb7af,70,4,27.634201049804688,-1.4827880859375,True,True,AlphaEdit_BLUE (L4+L8)
AlphaEdit_ORIGINAL,80,NS,true,1,5e301268b40c29319ec67cf906d3a15a401835e5e5909a8bc713d7b482588091,fd0ae808cc471f4d522a533da3c4610454c6fd89ebe3b98cf0aa3ae3ab2dee22,10,4,30.057397842407227,0.7625293731689453,False,True,AlphaEdit_BLUE (L4+L8)
AlphaEdit_ORIGINAL,80,NS,true,2,5e301268b40c29319ec67cf906d3a15a401835e5e5909a8bc713d7b482588091,db0647cd3cfa1d3f7d188b0c47a40843478ce2a4ade8380cbd15adde360e8c8d,10,8,30.009227752685547,1.086080551147461,False,True,AlphaEdit_BLUE (L4+L8)
AlphaEdit_ORIGINAL,80,NS,true,3,0d38364f7e61ffa23af02082de12cb8c5786cddea6f83ae2156aa0cb41ec5509,af238da59ef3aa2605ec3c94ee3962ccea3328f477a8cfd63364e04ec1faa690,21,8,28.16214370727539,10.689558029174805,False,True,AlphaEdit_BLUE (L4+L8)
AlphaEdit_ORIGINAL,80,NS,true,4,340799d186c8195376d2cf6a756516a830ffc5feac81996d8b4e6d62d30d214b,2c63f9b3b27ed6af7f46689a2df6586acf48a57c73be1bdc9e9f9823cbc2d90d,9,1,27.270309448242188,13.58830738067627,False,True,AlphaEdit_BLUE (L4+L8)
AlphaEdit_ORIGINAL,80,NS,true,5,92830841b2701a157ddf3f64eef2d392c992cf47d62ee624dec35ed31a1d7be3,3bc303b8c0d5f1e9f8e018e3e5c39fe2acc982de8c1ce123bfb5abb64fa4aa4e,2,1,26.555898666381836,4.525941848754883,False,True,AlphaEdit_BLUE (L4+L8)
AlphaEdit_ORIGINAL,90,RS,new,1,98fd5cbf09799214fd4f0a7890b8f2b3f289cf0e2b29d8ad07b8789876672f6a,95879c6b324b416932e1de5e40c63c80169629a8054ccdb5682256ba815d15ed,30,0,25.528587341308594,-9.584701538085938,False,True,AlphaEdit_BLUE (L4+L8)
AlphaEdit_ORIGINAL,90,RS,new,2,92a7194ae5db4ecb83f724e83d0d50b3c216561849b48f4d60946b3b0a301a3a,4c567137707bd3559262442b689af8f22756484b0aad83d9831435f93997b7f5,54,0,25.100234985351562,-7.934900283813477,False,True,AlphaEdit_BLUE (L4+L8)
AlphaEdit_ORIGINAL,90,RS,new,3,c49eb5e7bb09a8e471441ed78fa006cbb96c24b221b12523d8ac63ecef1d81b0,6307dd1fa0c01d7ebfef42fa0d06e87241109f8922d7220402888ce5f1f0ed88,4,0,22.84847068786621,-3.696126937866211,False,True,AlphaEdit_BLUE (L4+L8)
AlphaEdit_ORIGINAL,90,RS,new,4,20ae1e26ff37e6e1e89d85687a0868092af811e6348c673f96462dad1e4907a6,eaf27fb1e2117d8d7b0ccc9c5604eb66eec95ecc51e6bb8968262e7fea582467,28,0,22.523452758789062,-5.191045761108398,False,True,AlphaEdit_BLUE (L4+L8)
AlphaEdit_ORIGINAL,90,RS,new,5,4a147f223b0bb73bc4b50d456afb6063e6cbb0d28fd09e9844ef76475429362a,62656c478d51754a74a25be91ce9796b8f481fa16981e716203d21acb47356bb,17,0,22.380929946899414,-0.3176555633544922,False,True,AlphaEdit_BLUE (L4+L8)
AlphaEdit_ORIGINAL,90,RS,true,1,4da12d0182c80c95265c2878e464ad4a57b925e57fdf2e94fa0dd14d8942308c,0e3bac7efcea93e1978300c3c71117175cb3d7b31c4b38c4d667ca17bb84468f,81,0,30.87751579284668,30.8771307017887,True,True,AlphaEdit_BLUE (L4+L8)
AlphaEdit_ORIGINAL,90,RS,true,2,ef80e37bb1d4df6187d03734d5a87d53bdd1ad88da933a0468ee6914816e21b6,65e949d39f3311c648bde399c2dbbce71389bd8505dd66901b41380c33b3e3db,73,0,30.458528518676758,30.458527326584544,True,True,AlphaEdit_BLUE (L4+L8)
AlphaEdit_ORIGINAL,90,RS,true,3,cebaf002d886615dcfbaea61d2b4ee2b3b31e69f78cf126b245dd9dedfe4b6aa,75b0849783163665b7b2619d25128ada991d7cd683ef74cbd5ce7ff818f033d4,48,0,29.85196304321289,29.851913453378074,True,True,AlphaEdit_BLUE (L4+L8)
AlphaEdit_ORIGINAL,90,RS,true,4,4212e56d683c381dc00a383400cb1cde6a703d7492c1259e709908695ff2afdb,8a91cf0ecb4db48751c27759420cb1d17f63afb9bc58bc12b78126387aaad613,72,0,29.13458824157715,29.129962193779647,True,True,AlphaEdit_BLUE (L4+L8)
AlphaEdit_ORIGINAL,90,RS,true,5,fdc8e91b0da32211e3ca5758d74e6c459fb5453e785c6ed3d3d2f4bc3c34affa,c7ae735ffc9d1cc9f9c36f215301c4219428b2934d7dc06d50c9a6011e2dc350,33,0,28.81934356689453,28.819266083861294,True,True,AlphaEdit_BLUE (L4+L8)
AlphaEdit_ORIGINAL,90,PS,new,1,4a147f223b0bb73bc4b50d456afb6063e6cbb0d28fd09e9844ef76475429362a,cfd2456f63f47debc15497c868b464439b090b86de922cde9c8602d5afc6cd20,17,1,23.880107879638672,0.3137340545654297,True,True,AlphaEdit_BLUE (L4+L8)
AlphaEdit_ORIGINAL,90,PS,new,2,376f9bd4a137a72c75bea3c3ca59a545b6a13706d86fe7fceeb2ad742e0edb35,9f9d66e39f43bcb8ab1de610cc895e19afbff11f581a4d9014763c4ba3d69a9a,56,0,22.6313533782959,-9.314765930175781,False,True,AlphaEdit_BLUE (L4+L8)
AlphaEdit_ORIGINAL,90,PS,new,3,3a76aa6073ab3d5e6a4d9e00f22e527fec039b22c8decf566c90495e01f9129d,09c8c848d162813c180206309a4f699fe294902a2c09ffd75a0c691e34bc3fb7,23,0,21.454336166381836,-6.019953727722168,False,True,AlphaEdit_BLUE (L4+L8)
AlphaEdit_ORIGINAL,90,PS,new,4,ba6d6e9adee189524370aecc74e02773b3532d417204b54613cc13ae4220ea9e,6770d52ee38d4c3fcbabe8e45ef29d97641ecdb17190f39975b4568418727c6c,32,0,21.311330795288086,-0.4994182586669922,False,True,AlphaEdit_BLUE (L4+L8)
AlphaEdit_ORIGINAL,90,PS,new,5,2a7185fd600ecd7bd4b998bc7dbf460bd0dd2f1b9529ebdf0f662a48be746642,369c728ac04ab11ea70d7ece1b253e43ee384c7719daac1bcffe7ac0d946b958,16,1,20.745868682861328,-7.755607604980469,False,True,AlphaEdit_BLUE (L4+L8)
AlphaEdit_ORIGINAL,90,PS,true,1,4212e56d683c381dc00a383400cb1cde6a703d7492c1259e709908695ff2afdb,03fbedab332983419d0f9003a887f6c0852718b154cc0ffe097f45250d1dde26,72,1,28.575393676757812,28.574462251679506,True,True,AlphaEdit_BLUE (L4+L8)
AlphaEdit_ORIGINAL,90,PS,true,2,b1ded99722cf8de822a82d6dcb83a2af02ce9d9d73d265dae40e2f29d23ca902,f9dc912cc95ebd469b51f1510773766644caebf62b2452980bafd90d03d07aa1,76,1,28.06321144104004,28.063132289207715,True,True,AlphaEdit_BLUE (L4+L8)
AlphaEdit_ORIGINAL,90,PS,true,3,cebaf002d886615dcfbaea61d2b4ee2b3b31e69f78cf126b245dd9dedfe4b6aa,00328fca9fcf0bf52a50fac50523bcbc7e12e50b2106e2288403d08874b6a2c9,48,1,27.815479278564453,27.815432072799013,True,True,AlphaEdit_BLUE (L4+L8)
AlphaEdit_ORIGINAL,90,PS,true,4,cebaf002d886615dcfbaea61d2b4ee2b3b31e69f78cf126b245dd9dedfe4b6aa,a4a9c870c3ecec0216c859f5231af9187aa09c13362e8dea408dd53e20cc429c,48,0,27.53749656677246,27.537308591388864,True,True,AlphaEdit_BLUE (L4+L8)
AlphaEdit_ORIGINAL,90,PS,true,5,1ce4eb51dc2ffac87f4c9650d5e636dc77d5791c16a7413ba33a34cd56c437a8,4738ee0f4c66332b71a7806a13c376e733d62c3ad461c6298b617bbad08a5e41,79,0,26.77714729309082,26.770011908374727,True,True,AlphaEdit_BLUE (L4+L8)
AlphaEdit_ORIGINAL,90,NS,new,1,5e301268b40c29319ec67cf906d3a15a401835e5e5909a8bc713d7b482588091,fd0ae808cc471f4d522a533da3c4610454c6fd89ebe3b98cf0aa3ae3ab2dee22,10,4,29.39556312561035,0.1751842498779297,False,True,AlphaEdit_BLUE (L4+L8)
AlphaEdit_ORIGINAL,90,NS,new,2,2dfe0a3cc206dbe9f63dd73f15fe9640883d089a94a25b0f94f67dd9508263ff,428ed4468e1ac231c263d987eb9782d3871b7c4085d775a6f5d4ea1f8398066d,83,1,29.37244987487793,-11.835258483886719,True,True,AlphaEdit_BLUE (L4+L8)
AlphaEdit_ORIGINAL,90,NS,new,3,5e301268b40c29319ec67cf906d3a15a401835e5e5909a8bc713d7b482588091,db0647cd3cfa1d3f7d188b0c47a40843478ce2a4ade8380cbd15adde360e8c8d,10,8,28.911540985107422,2.266206741333008,False,True,AlphaEdit_BLUE (L4+L8)
AlphaEdit_ORIGINAL,90,NS,new,4,547267d4010c3827ac4aca65adbbe1443df049c3d0cef252790a735aa144e3fe,ff22eaa4e51c09d6f46870e8f335323601178b8b41ccfbd48e8f14e82f884477,24,4,28.220714569091797,-5.820261001586914,True,True,AlphaEdit_BLUE (L4+L8)
AlphaEdit_ORIGINAL,90,NS,new,5,1c5c834c927a24fc22228333db7249f958a30231366e6a94bfc4880ea26098c3,d44bccce09eff0495b3888633b485671f6eca4bc4ec8fa2dd9e5f52f1f4ee789,3,9,27.929183959960938,-7.230587005615234,True,True,AlphaEdit_BLUE (L4+L8)
AlphaEdit_ORIGINAL,90,NS,true,1,5e301268b40c29319ec67cf906d3a15a401835e5e5909a8bc713d7b482588091,db0647cd3cfa1d3f7d188b0c47a40843478ce2a4ade8380cbd15adde360e8c8d,10,8,31.17774772644043,2.266206741333008,False,True,AlphaEdit_BLUE (L4+L8)
AlphaEdit_ORIGINAL,90,NS,true,2,5e301268b40c29319ec67cf906d3a15a401835e5e5909a8bc713d7b482588091,fd0ae808cc471f4d522a533da3c4610454c6fd89ebe3b98cf0aa3ae3ab2dee22,10,4,29.57074737548828,0.1751842498779297,False,True,AlphaEdit_BLUE (L4+L8)
AlphaEdit_ORIGINAL,90,NS,true,3,ec00affb8528316ae8954f1ab6e434681d53731684e0638ebbcbc6b0cd79d830,c18fc4069776633d44bf2a5da93a0135826a43dc11eb92462a775c4a4f87765d,84,2,27.352436065673828,27.35077733360231,False,True,AlphaEdit_BLUE (L4+L8)
AlphaEdit_ORIGINAL,90,NS,true,4,0d38364f7e61ffa23af02082de12cb8c5786cddea6f83ae2156aa0cb41ec5509,af238da59ef3aa2605ec3c94ee3962ccea3328f477a8cfd63364e04ec1faa690,21,8,27.196996688842773,10.43499755859375,False,True,AlphaEdit_BLUE (L4+L8)
AlphaEdit_ORIGINAL,90,NS,true,5,92830841b2701a157ddf3f64eef2d392c992cf47d62ee624dec35ed31a1d7be3,3bc303b8c0d5f1e9f8e018e3e5c39fe2acc982de8c1ce123bfb5abb64fa4aa4e,2,1,27.15892219543457,4.073822021484375,False,True,AlphaEdit_BLUE (L4+L8)
AlphaEdit_ORIGINAL,100,RS,new,1,98fd5cbf09799214fd4f0a7890b8f2b3f289cf0e2b29d8ad07b8789876672f6a,95879c6b324b416932e1de5e40c63c80169629a8054ccdb5682256ba815d15ed,30,0,25.81119155883789,-9.816065788269043,False,True,AlphaEdit_BLUE (L4+L8)
AlphaEdit_ORIGINAL,100,RS,new,2,4a147f223b0bb73bc4b50d456afb6063e6cbb0d28fd09e9844ef76475429362a,62656c478d51754a74a25be91ce9796b8f481fa16981e716203d21acb47356bb,17,0,24.320817947387695,-0.14900970458984375,False,True,AlphaEdit_BLUE (L4+L8)
AlphaEdit_ORIGINAL,100,RS,new,3,c49eb5e7bb09a8e471441ed78fa006cbb96c24b221b12523d8ac63ecef1d81b0,6307dd1fa0c01d7ebfef42fa0d06e87241109f8922d7220402888ce5f1f0ed88,4,0,23.103839874267578,-4.178802490234375,False,True,AlphaEdit_BLUE (L4+L8)
AlphaEdit_ORIGINAL,100,RS,new,4,92a7194ae5db4ecb83f724e83d0d50b3c216561849b48f4d60946b3b0a301a3a,4c567137707bd3559262442b689af8f22756484b0aad83d9831435f93997b7f5,54,0,22.546802520751953,-1.1949729919433594,False,True,AlphaEdit_BLUE (L4+L8)
AlphaEdit_ORIGINAL,100,RS,new,5,ddec976b1b501816f4138e161a0b0a273145d4e4f0addc62c978eabea9df75da,63ab01196862ba685f40b11c67079249f0d9c4c268188698a0764a0672e46dbf,95,0,21.627248764038086,-6.997781753540039,False,True,AlphaEdit_BLUE (L4+L8)
AlphaEdit_ORIGINAL,100,RS,true,1,fdc8e91b0da32211e3ca5758d74e6c459fb5453e785c6ed3d3d2f4bc3c34affa,c7ae735ffc9d1cc9f9c36f215301c4219428b2934d7dc06d50c9a6011e2dc350,33,0,30.7008113861084,30.700756074525998,True,True,AlphaEdit_BLUE (L4+L8)
AlphaEdit_ORIGINAL,100,RS,true,2,cebaf002d886615dcfbaea61d2b4ee2b3b31e69f78cf126b245dd9dedfe4b6aa,75b0849783163665b7b2619d25128ada991d7cd683ef74cbd5ce7ff818f033d4,48,0,30.295818328857422,30.295759560405713,True,True,AlphaEdit_BLUE (L4+L8)
AlphaEdit_ORIGINAL,100,RS,true,3,4da12d0182c80c95265c2878e464ad4a57b925e57fdf2e94fa0dd14d8942308c,0e3bac7efcea93e1978300c3c71117175cb3d7b31c4b38c4d667ca17bb84468f,81,0,29.8911190032959,29.889896306209266,True,True,AlphaEdit_BLUE (L4+L8)
AlphaEdit_ORIGINAL,100,RS,true,4,1f1fe0850060c99346665ba841b8aadeadfb9931ecadda16852bf1e7feb9dbc7,a08cbf9bb3819af57a48e3867034ba8adedc3901711d3b9dc074a39c5e0f60ec,99,0,29.48525619506836,29.48389503650833,True,True,AlphaEdit_BLUE (L4+L8)
AlphaEdit_ORIGINAL,100,RS,true,5,ef80e37bb1d4df6187d03734d5a87d53bdd1ad88da933a0468ee6914816e21b6,65e949d39f3311c648bde399c2dbbce71389bd8505dd66901b41380c33b3e3db,73,0,29.22898292541504,29.228980183605245,True,True,AlphaEdit_BLUE (L4+L8)
AlphaEdit_ORIGINAL,100,PS,new,1,376f9bd4a137a72c75bea3c3ca59a545b6a13706d86fe7fceeb2ad742e0edb35,9f9d66e39f43bcb8ab1de610cc895e19afbff11f581a4d9014763c4ba3d69a9a,56,0,26.038330078125,-10.709611892700195,False,True,AlphaEdit_BLUE (L4+L8)
AlphaEdit_ORIGINAL,100,PS,new,2,4a147f223b0bb73bc4b50d456afb6063e6cbb0d28fd09e9844ef76475429362a,cfd2456f63f47debc15497c868b464439b090b86de922cde9c8602d5afc6cd20,17,1,23.030187606811523,0.4821014404296875,True,True,AlphaEdit_BLUE (L4+L8)
AlphaEdit_ORIGINAL,100,PS,new,3,3a76aa6073ab3d5e6a4d9e00f22e527fec039b22c8decf566c90495e01f9129d,09c8c848d162813c180206309a4f699fe294902a2c09ffd75a0c691e34bc3fb7,23,0,21.344282150268555,-5.859515190124512,False,True,AlphaEdit_BLUE (L4+L8)
AlphaEdit_ORIGINAL,100,PS,new,4,f1f2c569870e3f8472f4920e45768500a9b687b964980462746a978142838e5e,609fd29a2c3ac89b1b41394b306afb7a2184c7657440d93de441f75ea124f5f1,4,0,21.248600006103516,-5.73527717590332,False,True,AlphaEdit_BLUE (L4+L8)
AlphaEdit_ORIGINAL,100,PS,new,5,20db6628648c4ad306be515e9df80f6778953e70e517aed46dd0d594c2d7964f,f40177a0334d8e6bc30f000cf7afe37fe3d369cd1e6e3822f9092bf4956be3cf,4,1,21.116792678833008,-4.713722229003906,False,True,AlphaEdit_BLUE (L4+L8)
AlphaEdit_ORIGINAL,100,PS,true,1,b1ded99722cf8de822a82d6dcb83a2af02ce9d9d73d265dae40e2f29d23ca902,f9dc912cc95ebd469b51f1510773766644caebf62b2452980bafd90d03d07aa1,76,1,29.442197799682617,29.442188024569077,True,True,AlphaEdit_BLUE (L4+L8)
AlphaEdit_ORIGINAL,100,PS,true,2,4212e56d683c381dc00a383400cb1cde6a703d7492c1259e709908695ff2afdb,03fbedab332983419d0f9003a887f6c0852718b154cc0ffe097f45250d1dde26,72,1,28.965953826904297,28.964596358826384,True,True,AlphaEdit_BLUE (L4+L8)
AlphaEdit_ORIGINAL,100,PS,true,3,cebaf002d886615dcfbaea61d2b4ee2b3b31e69f78cf126b245dd9dedfe4b6aa,a4a9c870c3ecec0216c859f5231af9187aa09c13362e8dea408dd53e20cc429c,48,0,27.943531036376953,27.943405516867642,True,True,AlphaEdit_BLUE (L4+L8)
AlphaEdit_ORIGINAL,100,PS,true,4,0d74e606ea4b4485e056cd14c18029a1d4f23192efbc574f7c90191c4be0aefb,ef7c686d968e420c1f26a339b86d6704bdd0e68666c099859bac23e94053fc63,59,1,26.94412612915039,26.942554517416283,True,True,AlphaEdit_BLUE (L4+L8)
AlphaEdit_ORIGINAL,100,PS,true,5,7e14a7d9b7cc184e066625ee73c5a1e04b3920fda96bf3352ea953c7370c8c1b,b4cb1f0d2824e43e2f28755c22deb23ccaafb2ade9ebcf146bf7a36550e1565e,35,1,26.541528701782227,26.539669930934906,True,True,AlphaEdit_BLUE (L4+L8)
AlphaEdit_ORIGINAL,100,NS,new,1,5e301268b40c29319ec67cf906d3a15a401835e5e5909a8bc713d7b482588091,fd0ae808cc471f4d522a533da3c4610454c6fd89ebe3b98cf0aa3ae3ab2dee22,10,4,28.248762130737305,2.2565441131591797,False,True,AlphaEdit_BLUE (L4+L8)
AlphaEdit_ORIGINAL,100,NS,new,2,2dfe0a3cc206dbe9f63dd73f15fe9640883d089a94a25b0f94f67dd9508263ff,428ed4468e1ac231c263d987eb9782d3871b7c4085d775a6f5d4ea1f8398066d,83,1,28.070138931274414,-11.304359436035156,True,True,AlphaEdit_BLUE (L4+L8)
AlphaEdit_ORIGINAL,100,NS,new,3,1c5c834c927a24fc22228333db7249f958a30231366e6a94bfc4880ea26098c3,d44bccce09eff0495b3888633b485671f6eca4bc4ec8fa2dd9e5f52f1f4ee789,3,9,28.01823616027832,-7.186595916748047,True,True,AlphaEdit_BLUE (L4+L8)
AlphaEdit_ORIGINAL,100,NS,new,4,90f285f8fb15c8bc72a43d25cea803491cc0fd0e97567cff577a2cfa56cde6f8,0447d30dbc8dda667b1fe379a0d7c90ae68ebf9c76ac4322f56e1819a58dcae0,99,5,26.992658615112305,-8.364297866821289,True,True,AlphaEdit_BLUE (L4+L8)
AlphaEdit_ORIGINAL,100,NS,new,5,6786bcc91b97b9b007fe181136e6c60d79339d08c7866c7b36bf1e11f18699b8,c59c368ba855930c32ed9c9a5567f7ca9588e89fab23ad418a20452813092545,40,8,26.90291976928711,-2.9014720916748047,True,True,AlphaEdit_BLUE (L4+L8)
AlphaEdit_ORIGINAL,100,NS,true,1,5e301268b40c29319ec67cf906d3a15a401835e5e5909a8bc713d7b482588091,fd0ae808cc471f4d522a533da3c4610454c6fd89ebe3b98cf0aa3ae3ab2dee22,10,4,30.505306243896484,2.2565441131591797,False,True,AlphaEdit_BLUE (L4+L8)
AlphaEdit_ORIGINAL,100,NS,true,2,5e301268b40c29319ec67cf906d3a15a401835e5e5909a8bc713d7b482588091,db0647cd3cfa1d3f7d188b0c47a40843478ce2a4ade8380cbd15adde360e8c8d,10,8,29.88666534423828,3.374919891357422,False,True,AlphaEdit_BLUE (L4+L8)
AlphaEdit_ORIGINAL,100,NS,true,3,7e14a7d9b7cc184e066625ee73c5a1e04b3920fda96bf3352ea953c7370c8c1b,7d0d9d2bb972a832f6a5e2ba0e4740f0077c430dfca334f971639e58bb40de52,35,0,29.48520851135254,5.254453659057617,False,True,AlphaEdit_BLUE (L4+L8)
AlphaEdit_ORIGINAL,100,NS,true,4,92830841b2701a157ddf3f64eef2d392c992cf47d62ee624dec35ed31a1d7be3,3bc303b8c0d5f1e9f8e018e3e5c39fe2acc982de8c1ce123bfb5abb64fa4aa4e,2,1,29.016345977783203,5.569242477416992,False,True,AlphaEdit_BLUE (L4+L8)
AlphaEdit_ORIGINAL,100,NS,true,5,18d470e5e7b8a3ca3e3f6f3e686b09383b3143cff853ac79ba434b3fab537133,b50ec269f3f53e1fd956b50765293437f03f128976509eab39f54cce99423f6d,17,0,26.880348205566406,2.0750503540039062,False,True,AlphaEdit_BLUE (L4+L8)
MEMIT_L4_ONLY,1,RS,new,1,c81b352b270b2e498256b5e24c726a039cd665477a83d71d95633340782782d4,23fde26de308b0ab238f723a48ce0d7f486e3dcfdfb9769a40dbfaab61902990,1,0,10.699138641357422,-4.965276718139648,False,True,MEMIT_BLUE_L4_ONLY
MEMIT_L4_ONLY,1,RS,new,2,5fab5bd05f98260a1f33ff741eee56f962974eae8eba07a27b24ad12458a8d45,9db0245497d04953ba9ef8cebc6c5db9f755c8dc4f491a98273bca288a2197ff,1,0,7.3925652503967285,1.1798434257507324,True,True,MEMIT_BLUE_L4_ONLY
MEMIT_L4_ONLY,1,RS,new,3,b39673b7e758f1e40454c363190771b1b189aa9b80171d1e3cda2bf0f7e29b80,045fa2ee498a4673aafdbf9a180893950054896cad5c40a3d59640f5ff285112,1,0,6.688684940338135,1.474602222442627,True,True,MEMIT_BLUE_L4_ONLY
MEMIT_L4_ONLY,1,RS,new,4,142472979dc6cfe2d4c0b44f3c1f6474f9657e6e2c8cc598f70bbcdb4815fec7,a2966672989fd0882ab224eb89fda551db4cd4386f509da0b860a076766d66cb,1,0,6.604964733123779,4.694498538970947,True,True,MEMIT_BLUE_L4_ONLY
MEMIT_L4_ONLY,1,RS,new,5,6124d54cb3e09d7ea5a349d1248bc2867568e287a69b5e5ca8641c4e54ccadcf,946230d2e517bc89cc51922398d53491d4aaf471d4228965712ee0c08ed30086,1,0,6.471502304077148,-3.081331253051758,False,True,MEMIT_BLUE_L4_ONLY
MEMIT_L4_ONLY,1,RS,true,1,b5bf10f0b7d29480034eeb57c95a2cbb3a94a9a6c8b83d7f0433fe898330c59d,5dde015dbf947a1228b0f0787c8ec8b9b67f70589c4ebde5dfa6743a5a85d65c,1,0,22.810178756713867,22.80888521927409,True,True,MEMIT_BLUE_L4_ONLY
MEMIT_L4_ONLY,1,RS,true,2,f27f4a6236a87083d1d1c5cc7ff4324e147db1335ce7c412a5e5efb2fcccc333,3948ec528375109b491d1b9b5d97f2f5988fa33f8f3f9f2db426ec8f14ff98d9,1,0,20.88309097290039,20.794570848345757,True,True,MEMIT_BLUE_L4_ONLY
MEMIT_L4_ONLY,1,RS,true,3,9f3e62b138fd783f92d5d2b532554ba3a31db3eb63690776caa4787203cbd4fa,43525428ffa484f756dfcb0b6702473f48c4ebceeb15bdc13783b421a305a4d0,1,0,19.333938598632812,19.328780031763017,True,True,MEMIT_BLUE_L4_ONLY
MEMIT_L4_ONLY,1,RS,true,4,f4c93868660b399edc5eef3fe0a67e989eebb90d07f5bdf57dda124c5093a3e3,99ddab4681d44600da9782f012b4cdde5ac37557c91039c7d6d27f7f2446e633,1,0,18.371849060058594,18.37055397487711,True,True,MEMIT_BLUE_L4_ONLY
MEMIT_L4_ONLY,1,RS,true,5,17eb4aa69de4a0aeae292781c58ed8a65fb8b5f62111176f5ef8bac1eec92225,42711d0dcaa6a4a2d4373227bfe500de8e7dea58c9542bb8cc31c63267af5cdb,1,0,17.97576332092285,17.964490179903805,True,True,MEMIT_BLUE_L4_ONLY
MEMIT_L4_ONLY,1,PS,new,1,9f3e62b138fd783f92d5d2b532554ba3a31db3eb63690776caa4787203cbd4fa,03c5b0e118f62c1138077e7d6a258cd3c76968c1addffa5f2d6d6df0a3487e64,1,1,12.499204635620117,0.8234348297119141,True,True,MEMIT_BLUE_L4_ONLY
MEMIT_L4_ONLY,1,PS,new,2,142472979dc6cfe2d4c0b44f3c1f6474f9657e6e2c8cc598f70bbcdb4815fec7,cbb08eedbb07835677297659ffcf048a74e15a91e8c5ef2e14f9176e8d17220a,1,1,12.480224609375,-2.950643539428711,False,True,MEMIT_BLUE_L4_ONLY
MEMIT_L4_ONLY,1,PS,new,3,4459b2909cef1e99ddfb4be233208753a4ed2f43343df6d5b4561c5e9ead51c9,aa2844be7f367f25face7c581c0f28661d491a0c8f63bd802e120eb229a05478,1,0,12.162635803222656,-2.466647148132324,False,True,MEMIT_BLUE_L4_ONLY
MEMIT_L4_ONLY,1,PS,new,4,b1cba45079f1230881954a0d5653c20fcc9484eb89a89246c7518273c81babbe,861c8f0fdef0d9e33d0579270144017600e57e8cf2bc7db4a2cc2ff442319636,1,1,12.094524383544922,0.43538475036621094,True,True,MEMIT_BLUE_L4_ONLY
MEMIT_L4_ONLY,1,PS,new,5,c81b352b270b2e498256b5e24c726a039cd665477a83d71d95633340782782d4,bf1ae3e4b9654e36ef6720c7eaa2f21d32229fb892290a7b50d57ad09ae5af5e,1,1,11.886122703552246,-6.666172981262207,False,True,MEMIT_BLUE_L4_ONLY
MEMIT_L4_ONLY,1,PS,true,1,b5bf10f0b7d29480034eeb57c95a2cbb3a94a9a6c8b83d7f0433fe898330c59d,e146133d7eba8a6bff87660f9c0994b7e451590e4c367ca03a1601e032ef7fd4,1,1,20.74347686767578,20.738841445650905,True,True,MEMIT_BLUE_L4_ONLY
MEMIT_L4_ONLY,1,PS,true,2,2d87bf8c9d80ac79caa5553efc2ace391aebed8c986b665ddbbef87ad8a6f6cf,463c829b7d0e67dbfb648f66e8538fffa0f147b3f6495db88d07aab34bd026ba,1,0,18.248809814453125,18.230545604601502,True,True,MEMIT_BLUE_L4_ONLY
MEMIT_L4_ONLY,1,PS,true,3,b5bf10f0b7d29480034eeb57c95a2cbb3a94a9a6c8b83d7f0433fe898330c59d,d94000a5561dfe321ff0b26568720f5652e93bf1910b1757d38e9cf4faf1d4d4,1,0,17.707387924194336,10.216637134552002,True,True,MEMIT_BLUE_L4_ONLY
MEMIT_L4_ONLY,1,PS,true,4,95f4b096690274bdd3cec9f2a44807f912a00e93adf5d1bcf5e21be88c259bd9,eca08a6e400ecb83b77e9b3cf24f65010472626737ebd9c8ab2c825e912b0c48,1,0,17.38768196105957,17.385011070640758,True,True,MEMIT_BLUE_L4_ONLY
MEMIT_L4_ONLY,1,PS,true,5,e058d76af5bce346d650b759fd3cb3b03838ab9930c7b507e2380e86348f3180,bfdb8d44084cb44c94aadb6f51915fccf4cf260341209518d7fe4335331bd2e2,1,0,15.636157035827637,10.18297290802002,True,True,MEMIT_BLUE_L4_ONLY
MEMIT_L4_ONLY,1,NS,new,1,c81b352b270b2e498256b5e24c726a039cd665477a83d71d95633340782782d4,29934bc60846741c680f72a6f0fa41d4ac12b9b8157c0202be1cd54cd5d08b89,1,1,23.766376495361328,-11.295628547668457,True,True,MEMIT_BLUE_L4_ONLY
MEMIT_L4_ONLY,1,NS,new,2,4ac2b92481a3f06f088153438d84170ffe48af1e2bff8055d276137e4e290ef0,3a4f1207d056d2935e97985daf6fd032c3893187ba01bd945fbae26325019449,1,5,23.04030418395996,-12.900623321533203,True,True,MEMIT_BLUE_L4_ONLY
MEMIT_L4_ONLY,1,NS,new,3,b39673b7e758f1e40454c363190771b1b189aa9b80171d1e3cda2bf0f7e29b80,e1fffe4f70868555a1432b21f106f6eef338d3574f9c1a0ca1eab9e18f4a012a,1,8,22.659442901611328,-16.77997398376465,True,True,MEMIT_BLUE_L4_ONLY
MEMIT_L4_ONLY,1,NS,new,4,7af0d5719d69078a48d83de5be42a15791e0f56fbc3cbb4e8f3b5817b88a115b,bb232d496c9c8d951a403905136d939d1d9080ab08f0dbf3ed5b46eedc11e178,1,6,22.071367263793945,-15.674997806549072,True,True,MEMIT_BLUE_L4_ONLY
MEMIT_L4_ONLY,1,NS,new,5,b39673b7e758f1e40454c363190771b1b189aa9b80171d1e3cda2bf0f7e29b80,2c929f6cd8dd7eba61e2296196aef5f3251b004f26b594d54166b93f7bd81709,1,9,21.772127151489258,-14.017744541168213,True,True,MEMIT_BLUE_L4_ONLY
MEMIT_L4_ONLY,1,NS,true,1,5fe46e04994d11413f7a0b17bb2e12cb4ce78b5bd2770a9242dc465a50baa18f,f5f155accebf4965cdf515c566d42a08477c7a0a2e3676209af64b587ee98cc3,1,7,19.294404983520508,5.121035575866699,False,True,MEMIT_BLUE_L4_ONLY
MEMIT_L4_ONLY,1,NS,true,2,142472979dc6cfe2d4c0b44f3c1f6474f9657e6e2c8cc598f70bbcdb4815fec7,52fbe76c434293586da85f1a232c5f4e40873a6e3de7beb6c78a94a80ec19695,1,4,17.829898834228516,1.3762168884277344,False,True,MEMIT_BLUE_L4_ONLY
MEMIT_L4_ONLY,1,NS,true,3,23da7cbdb3fa4585f6d29153c16b5421d171a13222c8c6e73392dcab15fa7ae0,b772a44e8b107ed9ea753ac071878ba17aacfd98e28364ae7619494efe865648,1,3,16.267438888549805,0.8768739700317383,False,True,MEMIT_BLUE_L4_ONLY
MEMIT_L4_ONLY,1,NS,true,4,c0f05a43ae2cffe9f74c5a1dc3d7b8b25b5f5da23b9c735674327f023e5d7384,ce83bf5a2207e2bf81685fd7324a79f4992845382f379e27a24b2341727696ac,1,7,15.69410228729248,4.970310211181641,False,True,MEMIT_BLUE_L4_ONLY
MEMIT_L4_ONLY,1,NS,true,5,2d87bf8c9d80ac79caa5553efc2ace391aebed8c986b665ddbbef87ad8a6f6cf,605bf70094ef0c129f9896da3ed8307a69b12b2212ae689aabb6af1e46ab840d,1,1,15.242546081542969,-0.7965888977050781,True,True,MEMIT_BLUE_L4_ONLY
MEMIT_L4_ONLY,5,RS,new,1,679b3fe58ea4b7378c418d79dbe3e89efb352ae7ea58f293a356e6c38e20f1f1,dfbafc8222821af410cfde34d0e503401672c39ecffd90bdbcd05342c0be7abc,4,0,16.566274642944336,-8.768939971923828,False,True,MEMIT_BLUE_L4_ONLY
MEMIT_L4_ONLY,5,RS,new,2,baf349394a8eb80b7df075dcc0cd8ce564f7b181a0451f3c38760377caf241d9,1e54ab590d809dbbcb6390699c8434627afa397df05cd8e60ccb24f3a4520ba4,2,0,14.318859100341797,-12.195314645767212,False,True,MEMIT_BLUE_L4_ONLY
MEMIT_L4_ONLY,5,RS,new,3,93a2b2c6229835801c3b573276911bbdbee50cd36940a911ca1d6b6d46a7d226,867f158def01ae6acc655372f292118a571cb3e9b629e48a2173d91619ec4c00,4,0,13.084992408752441,-13.067876901477575,False,True,MEMIT_BLUE_L4_ONLY
MEMIT_L4_ONLY,5,RS,new,4,abfd15f46882bba8300f1a15a9ef0ba84f8c5453c91cf6437805df1e4824fdf6,83814359a3aa0ef1bcafbb98f543d3f71ad2f15c72de5217dfc4e97d12905e15,5,0,12.203713417053223,-8.95016622543335,False,True,MEMIT_BLUE_L4_ONLY
MEMIT_L4_ONLY,5,RS,new,5,f97dc9594fc3b90a189a22d95d1d190d040a5701ffd3725b27622be0a06a3fd4,9a72b10f32d0fb53d890f6d3448f0f8353d2dd01c054dc385dcaa20e5a789979,2,0,12.032803535461426,-9.572144985198975,False,True,MEMIT_BLUE_L4_ONLY
MEMIT_L4_ONLY,5,RS,true,1,2df989c2a69a99bcfd51802c189ad1c06ded49433126b54669435d720087ff17,b11fd36e2e3f4ebec8b92bb48f199fb302d51487e79e8edfe2d53f292f7a5442,3,0,24.171804428100586,24.171447579166852,True,True,MEMIT_BLUE_L4_ONLY
MEMIT_L4_ONLY,5,RS,true,2,880c2fc00805b3104264d490baf0090788b267e456c6d9f50aeca7e330b427b0,672e2086bf157babd531c8fae179676b0160fe57ddc8c0a7d6729b15bfe99b80,5,0,23.52107810974121,23.513331337366253,True,True,MEMIT_BLUE_L4_ONLY
MEMIT_L4_ONLY,5,RS,true,3,500c945106e80c97367e9ffeb363d61fd030a8b8eeac64dd2b839475ba6e32d4,5bd741646afbdbed23ccf6be2dd3cf6b779edabe0e11a9ea74079f458702422c,3,0,23.475040435791016,23.474797993490938,True,True,MEMIT_BLUE_L4_ONLY
MEMIT_L4_ONLY,5,RS,true,4,30bc0a114420f0d47a28efdd05dd389dd8633700d22c0b6fb815ee17fa95efc0,83199ba1d8c89cf0649d97105d1525c6216ee34e979b53f97df33adc6793756d,4,0,22.979093551635742,22.9778850232251,True,True,MEMIT_BLUE_L4_ONLY
MEMIT_L4_ONLY,5,RS,true,5,f837bce807410ac6f8b52fcee81a1ffaa2d7f77755861f2e6f2b482bff0f6fe9,69152e89ec2068a97b41bcaeb3bedc362bb8ec4164de21258e6916317e23413c,5,0,22.654760360717773,22.65368138370104,True,True,MEMIT_BLUE_L4_ONLY
MEMIT_L4_ONLY,5,PS,new,1,1c5c834c927a24fc22228333db7249f958a30231366e6a94bfc4880ea26098c3,34b0cb15e839645fe3da6090d68038e6280f1b0f39bbadc2a0dc424984785c96,3,1,17.849388122558594,-13.877931594848633,False,True,MEMIT_BLUE_L4_ONLY
MEMIT_L4_ONLY,5,PS,new,2,b4eed30197a01d2d80fb165bd90e21ebe54ec513216a8f03a3ed263d98f00f03,90ed2414f620c4967ddf6f1bb031eb02c41c180f4527dcdf100a34d0cce2d8cf,3,0,14.937898635864258,-2.664337158203125,False,True,MEMIT_BLUE_L4_ONLY
MEMIT_L4_ONLY,5,PS,new,3,1c5c834c927a24fc22228333db7249f958a30231366e6a94bfc4880ea26098c3,1862cbe0835ddf9513c2870ddaba45d325beb8de6053b8c4d1fca76c35d96904,3,0,14.469294548034668,-6.353480339050293,False,True,MEMIT_BLUE_L4_ONLY
MEMIT_L4_ONLY,5,PS,new,4,c4f531342c9623beed01c3b583b39f693869e05531bd4df05870a100539e4a4a,747667b98be79d541140ae8338584a35549639cb3c278f16288394a5a48f0e35,2,0,14.444422721862793,-5.808773040771484,False,True,MEMIT_BLUE_L4_ONLY
MEMIT_L4_ONLY,5,PS,new,5,f97dc9594fc3b90a189a22d95d1d190d040a5701ffd3725b27622be0a06a3fd4,a9f08cadad9884cc2b296bf38affcc7ad63d5d33f8ffdd4f8f4f31b0e099719a,2,0,14.291028022766113,-11.147988080978394,False,True,MEMIT_BLUE_L4_ONLY
MEMIT_L4_ONLY,5,PS,true,1,6f7c5d50ddef6fe32da94db0694f7e3ed72d641a95837a7f0f8023fb124a0532,1c4036403b97de19ee446ddaeb4af4d2f32711c867d053e38898e37d5d3b458c,4,0,22.165372848510742,22.112343449145555,True,True,MEMIT_BLUE_L4_ONLY
MEMIT_L4_ONLY,5,PS,true,2,cec09b6f87a797e5a5a0e066db2a441cfd8ff9afdf22334a56138dbaa50f5076,634767fa0718ef4ab0217e3713f4df3ad9b0e8561985d536027c16b6a7f7a85d,4,1,20.234516143798828,20.233791375590954,True,True,MEMIT_BLUE_L4_ONLY
MEMIT_L4_ONLY,5,PS,true,3,b5bf10f0b7d29480034eeb57c95a2cbb3a94a9a6c8b83d7f0433fe898330c59d,e146133d7eba8a6bff87660f9c0994b7e451590e4c367ca03a1601e032ef7fd4,1,1,20.156373977661133,20.151047849096358,True,True,MEMIT_BLUE_L4_ONLY
MEMIT_L4_ONLY,5,PS,true,4,880c2fc00805b3104264d490baf0090788b267e456c6d9f50aeca7e330b427b0,f52f0e2f502ed4d2f224bb0b202be16d22fe7089fcd0b20ed731ed82c3c3cebc,5,1,19.921409606933594,18.35950756072998,True,True,MEMIT_BLUE_L4_ONLY
MEMIT_L4_ONLY,5,PS,true,5,6f7c5d50ddef6fe32da94db0694f7e3ed72d641a95837a7f0f8023fb124a0532,273e776f944637b2241a16cc52233f8b8c4532597e283a9243f785a9ce9fa262,4,1,19.84783172607422,19.805881790816784,True,True,MEMIT_BLUE_L4_ONLY
MEMIT_L4_ONLY,5,NS,new,1,8a6d64d015b340bf191de4b2393106e3f79ef7ec2d5087bef1cd8e4fe0683bf8,b3c5a847ad24c0f50e52ccdacb9b3fbebfd2447a4613d2744b24ba1a3a3207ad,3,6,25.151039123535156,-17.473655700683594,True,True,MEMIT_BLUE_L4_ONLY
MEMIT_L4_ONLY,5,NS,new,2,37bf713760c5cbad0600a2741cb115f3becc4b2469d6dd7b3346ded41395f43d,b7c5c564e3078bcf2af61ba2168e5aca7cbdc26c931356e447683a385b2febc1,3,5,24.744779586791992,-14.100692749023438,True,True,MEMIT_BLUE_L4_ONLY
MEMIT_L4_ONLY,5,NS,new,3,8a6d64d015b340bf191de4b2393106e3f79ef7ec2d5087bef1cd8e4fe0683bf8,fe2fc70563867d51fd0e9ac17081388ef776336ab653fce496a98d8d5065b656,3,3,24.229310989379883,-11.363426208496094,True,True,MEMIT_BLUE_L4_ONLY
MEMIT_L4_ONLY,5,NS,new,4,c81b352b270b2e498256b5e24c726a039cd665477a83d71d95633340782782d4,29934bc60846741c680f72a6f0fa41d4ac12b9b8157c0202be1cd54cd5d08b89,1,1,23.810054779052734,-11.392498016357422,True,True,MEMIT_BLUE_L4_ONLY
MEMIT_L4_ONLY,5,NS,new,5,8a6d64d015b340bf191de4b2393106e3f79ef7ec2d5087bef1cd8e4fe0683bf8,aa6b4e2dfa6457d3daa3a629709b8db159393e0407178903141f55413d501022,3,7,23.36992835998535,-11.079703330993652,True,True,MEMIT_BLUE_L4_ONLY
MEMIT_L4_ONLY,5,NS,true,1,5fe46e04994d11413f7a0b17bb2e12cb4ce78b5bd2770a9242dc465a50baa18f,f5f155accebf4965cdf515c566d42a08477c7a0a2e3676209af64b587ee98cc3,1,7,18.756698608398438,5.216516494750977,False,True,MEMIT_BLUE_L4_ONLY
MEMIT_L4_ONLY,5,NS,true,2,9e2f3f2d8b391d9fc1fc38a1475a29a2d1e4bc3b293be4ed2cd7d0bb0591d44c,c2c6d6786e456468f0bfb81edd1ddf810b4dc877f92fea129669c6ada7f485aa,5,5,18.60378646850586,5.874015808105469,False,True,MEMIT_BLUE_L4_ONLY
MEMIT_L4_ONLY,5,NS,true,3,57e430fc0915382a7d88c3a4939be83ed395cf9f35162aba1754f58a3263047a,e3c37e1870800188e3d6439a65a2eb6ff799ac114867b8ddfd9ea8356322c626,5,5,18.092044830322266,5.158580780029297,False,True,MEMIT_BLUE_L4_ONLY
MEMIT_L4_ONLY,5,NS,true,4,bb5df7e3650e7c1e86f6638c3ba2915958f195166420ace24084616ceee8800e,23a11c9c8b448c2ba5b398e45277f3ee9eb19daebbd2905115354dc86d48e3d8,4,0,17.69171714782715,0.2669105529785156,False,True,MEMIT_BLUE_L4_ONLY
MEMIT_L4_ONLY,5,NS,true,5,9ea3f4147c0d763c96e161f83b7aac40c78468f26a382a16eb5b75af0d7ae4f0,5848cd822c6376fa76bcb9460aef9a5c9515eb87df135d29ba9c501f40f1dbbd,3,0,17.6624698638916,1.3443660736083984,False,True,MEMIT_BLUE_L4_ONLY
MEMIT_L4_ONLY,10,RS,new,1,679b3fe58ea4b7378c418d79dbe3e89efb352ae7ea58f293a356e6c38e20f1f1,dfbafc8222821af410cfde34d0e503401672c39ecffd90bdbcd05342c0be7abc,4,0,14.972996711730957,-5.714544296264648,False,True,MEMIT_BLUE_L4_ONLY
MEMIT_L4_ONLY,10,RS,new,2,45614290270f9909ee6ffe6f52ae5f8360be81fec6d3868d8022e2d200be3de4,cb246fd93d16913a0eb0ce1ba86d110622df4b8ef70287baa31cd3e6e3f12bb9,8,0,13.681057929992676,-6.117093086242676,False,True,MEMIT_BLUE_L4_ONLY
MEMIT_L4_ONLY,10,RS,new,3,f97dc9594fc3b90a189a22d95d1d190d040a5701ffd3725b27622be0a06a3fd4,9a72b10f32d0fb53d890f6d3448f0f8353d2dd01c054dc385dcaa20e5a789979,2,0,13.100336074829102,-10.41351318359375,False,True,MEMIT_BLUE_L4_ONLY
MEMIT_L4_ONLY,10,RS,new,4,baf349394a8eb80b7df075dcc0cd8ce564f7b181a0451f3c38760377caf241d9,1e54ab590d809dbbcb6390699c8434627afa397df05cd8e60ccb24f3a4520ba4,2,0,12.991604804992676,-11.370092749595642,False,True,MEMIT_BLUE_L4_ONLY
MEMIT_L4_ONLY,10,RS,new,5,08c159cb811c2742199fed6b07c10860a7b8e777515377e20fe0f2d90f230657,7fe28cd7d979bb7581940e053103ee6baf68b5a22251faa9082ee08fe4b6591b,7,0,12.96373462677002,-5.220946311950684,False,True,MEMIT_BLUE_L4_ONLY
MEMIT_L4_ONLY,10,RS,true,1,f333689aaf4012ba4978883b42daa51553b5b1211da6a51dd7e230fa16f42d41,f1d42264e4e98d22fcb1592996adf819bb4f6e3f41698bc9bdac23a07ab94a50,8,0,25.004352569580078,25.00392684462713,True,True,MEMIT_BLUE_L4_ONLY
MEMIT_L4_ONLY,10,RS,true,2,2df989c2a69a99bcfd51802c189ad1c06ded49433126b54669435d720087ff17,b11fd36e2e3f4ebec8b92bb48f199fb302d51487e79e8edfe2d53f292f7a5442,3,0,24.8706111907959,24.87041403807234,True,True,MEMIT_BLUE_L4_ONLY
MEMIT_L4_ONLY,10,RS,true,3,880c2fc00805b3104264d490baf0090788b267e456c6d9f50aeca7e330b427b0,672e2086bf157babd531c8fae179676b0160fe57ddc8c0a7d6729b15bfe99b80,5,0,24.000598907470703,23.995271948631853,True,True,MEMIT_BLUE_L4_ONLY
MEMIT_L4_ONLY,10,RS,true,4,1d653df7edb962b6c40937f65ac10ce1554b4732c5973626733f0a24f6cad5eb,20da677823f6c094a77e0d55d95ca8fa0f62e225ccfc8260867bb1d73ca4bfbf,8,0,23.51587677001953,23.513779456960037,True,True,MEMIT_BLUE_L4_ONLY
MEMIT_L4_ONLY,10,RS,true,5,30bc0a114420f0d47a28efdd05dd389dd8633700d22c0b6fb815ee17fa95efc0,83199ba1d8c89cf0649d97105d1525c6216ee34e979b53f97df33adc6793756d,4,0,23.187509536743164,23.185580446617678,True,True,MEMIT_BLUE_L4_ONLY
MEMIT_L4_ONLY,10,PS,new,1,45614290270f9909ee6ffe6f52ae5f8360be81fec6d3868d8022e2d200be3de4,4d789cd720fd5730f8a76f01d67c16e1ec9ddbcacc2af947e9c9535ce697bb48,8,1,17.864299774169922,-8.896940231323242,False,True,MEMIT_BLUE_L4_ONLY
MEMIT_L4_ONLY,10,PS,new,2,4c71c23d484bb6922047c159be3fea14d36cd2858ef8212cc52193bf0cf5fa1a,9e4f3d159764f7694ee86f0aed83c0396fa44647400ea52bcc537df717a138a6,10,0,17.367116928100586,-3.8292531967163086,False,True,MEMIT_BLUE_L4_ONLY
MEMIT_L4_ONLY,10,PS,new,3,d0541665ae524cf19488eba81b94b2b2985b35b52e90f4c0ca90ba0a1cbc99a9,afa16d5a77611a5a87ed12dd7f579dc2757b67c170e7c582a4284991a1dfe4e1,8,1,17.21702003479004,-0.12374496459960938,False,True,MEMIT_BLUE_L4_ONLY
MEMIT_L4_ONLY,10,PS,new,4,1c5c834c927a24fc22228333db7249f958a30231366e6a94bfc4880ea26098c3,34b0cb15e839645fe3da6090d68038e6280f1b0f39bbadc2a0dc424984785c96,3,1,17.12153434753418,-12.60559892654419,False,True,MEMIT_BLUE_L4_ONLY
MEMIT_L4_ONLY,10,PS,new,5,45614290270f9909ee6ffe6f52ae5f8360be81fec6d3868d8022e2d200be3de4,2bba550c927e31710d4be9642c7e7b7c87a2d5d09092b93e36b0648cfd64f3f4,8,0,16.938426971435547,-8.987113952636719,False,True,MEMIT_BLUE_L4_ONLY
MEMIT_L4_ONLY,10,PS,true,1,6f7c5d50ddef6fe32da94db0694f7e3ed72d641a95837a7f0f8023fb124a0532,1c4036403b97de19ee446ddaeb4af4d2f32711c867d053e38898e37d5d3b458c,4,0,22.601585388183594,22.553383201360703,True,True,MEMIT_BLUE_L4_ONLY
MEMIT_L4_ONLY,10,PS,true,2,d235f7a2c0be81ce03660e4a7394f1f584ec2f708100ea82c689b135b8f2003f,9932ac81323334fd7d42ec091b0f0c4ea98e03f825c37560ee4d0c5b7e7ab370,7,1,22.240665435791016,22.240317047719145,True,True,MEMIT_BLUE_L4_ONLY
MEMIT_L4_ONLY,10,PS,true,3,6f7c5d50ddef6fe32da94db0694f7e3ed72d641a95837a7f0f8023fb124a0532,273e776f944637b2241a16cc52233f8b8c4532597e283a9243f785a9ce9fa262,4,1,21.167858123779297,21.13698647916317,True,True,MEMIT_BLUE_L4_ONLY
MEMIT_L4_ONLY,10,PS,true,4,e1299b1fe6306876f5135f76e0403dd88c18ef5d0e1352f8d33c44d37e36d032,d0e5a0f90952471bd01923291062ee1194740e8f73226c8d60a58025eb78f366,10,0,20.70387077331543,20.700742018409073,True,True,MEMIT_BLUE_L4_ONLY
MEMIT_L4_ONLY,10,PS,true,5,ca4f619cbbbd9a4752cb60e454c24e5e36f6d2a97503179e41a4dcf627cd3b3c,43edd718ad974c7f17331474ca90f50695dabe239f2b151625a2d556e539ae10,8,0,20.22602653503418,20.210653817281127,True,True,MEMIT_BLUE_L4_ONLY
MEMIT_L4_ONLY,10,NS,new,1,8a6d64d015b340bf191de4b2393106e3f79ef7ec2d5087bef1cd8e4fe0683bf8,b3c5a847ad24c0f50e52ccdacb9b3fbebfd2447a4613d2744b24ba1a3a3207ad,3,6,24.737985610961914,-17.492879390716553,True,True,MEMIT_BLUE_L4_ONLY
MEMIT_L4_ONLY,10,NS,new,2,37bf713760c5cbad0600a2741cb115f3becc4b2469d6dd7b3346ded41395f43d,b7c5c564e3078bcf2af61ba2168e5aca7cbdc26c931356e447683a385b2febc1,3,5,24.077796936035156,-13.937312126159668,True,True,MEMIT_BLUE_L4_ONLY
MEMIT_L4_ONLY,10,NS,new,3,7b7bc929fac2d3d5e001d03455c9bc315f61021b5d40b75fac4876e2c60354ab,97eedb92c7b96c0c80ea20ea90817b210ddd65228b9d66a163c9eaca75f7d009,6,7,23.91283416748047,-14.742239952087402,True,True,MEMIT_BLUE_L4_ONLY
MEMIT_L4_ONLY,10,NS,new,4,8a6d64d015b340bf191de4b2393106e3f79ef7ec2d5087bef1cd8e4fe0683bf8,fe2fc70563867d51fd0e9ac17081388ef776336ab653fce496a98d8d5065b656,3,3,23.864253997802734,-12.105567932128906,True,True,MEMIT_BLUE_L4_ONLY
MEMIT_L4_ONLY,10,NS,new,5,c81b352b270b2e498256b5e24c726a039cd665477a83d71d95633340782782d4,29934bc60846741c680f72a6f0fa41d4ac12b9b8157c0202be1cd54cd5d08b89,1,1,23.707820892333984,-11.41198444366455,True,True,MEMIT_BLUE_L4_ONLY
MEMIT_L4_ONLY,10,NS,true,1,5fab5bd05f98260a1f33ff741eee56f962974eae8eba07a27b24ad12458a8d45,a8346cff61efcc51560112d3d83af1076459131ed101086909d8e803f3b3070c,1,8,21.187973022460938,5.942873954772949,False,True,MEMIT_BLUE_L4_ONLY
MEMIT_L4_ONLY,10,NS,true,2,b80ffc2b19e02826919020bee7c952741586b55de2cfba408ac76a8754f369ee,458f8f6fa04e63d98446614943a16a2ac13716c361cc89caf18a4a34aeaa1125,6,6,19.34621810913086,0.3465442657470703,False,True,MEMIT_BLUE_L4_ONLY
MEMIT_L4_ONLY,10,NS,true,3,92830841b2701a157ddf3f64eef2d392c992cf47d62ee624dec35ed31a1d7be3,3bc303b8c0d5f1e9f8e018e3e5c39fe2acc982de8c1ce123bfb5abb64fa4aa4e,2,1,18.645191192626953,2.805553436279297,False,True,MEMIT_BLUE_L4_ONLY
MEMIT_L4_ONLY,10,NS,true,4,92830841b2701a157ddf3f64eef2d392c992cf47d62ee624dec35ed31a1d7be3,2932b0c49855e94c80733fbaf6d9a1d33727b47bc468e695d3804c88bd1238b9,2,4,18.27027130126953,2.7167654037475586,False,True,MEMIT_BLUE_L4_ONLY
MEMIT_L4_ONLY,10,NS,true,5,62279bf8df858cc7bac7abac7bd00d8117e2af449085c5e55afa7c7715e69b58,ac0084529964d1e507c7fef8712c289554eb0b39c2d3ba5f54157045280354f6,6,0,18.205581665039062,5.611052513122559,False,True,MEMIT_BLUE_L4_ONLY
MEMIT_L4_ONLY,20,RS,new,1,b1c92bf6fb924d35a3395bd9662353ed20a664c278a7cc2086671f5fc331267c,221648e29d55a2f58dd739f1142da84d84a006196ed5bec9ed5478c34aab50f5,7,0,14.127301216125488,3.782689094543457,True,True,MEMIT_BLUE_L4_ONLY
MEMIT_L4_ONLY,20,RS,new,2,75c0b281d3916e00e0eea545414dc218d8c4d6ebb5acd060c70e843f49df47c6,c687402ab68fcfac42297dd156576c58a8f02a200d51d036586b4d8a49cc7846,11,0,14.04521369934082,-9.792180061340332,False,True,MEMIT_BLUE_L4_ONLY
MEMIT_L4_ONLY,20,RS,new,3,08c159cb811c2742199fed6b07c10860a7b8e777515377e20fe0f2d90f230657,7fe28cd7d979bb7581940e053103ee6baf68b5a22251faa9082ee08fe4b6591b,7,0,13.272411346435547,-4.568276405334473,False,True,MEMIT_BLUE_L4_ONLY
MEMIT_L4_ONLY,20,RS,new,4,f97dc9594fc3b90a189a22d95d1d190d040a5701ffd3725b27622be0a06a3fd4,9a72b10f32d0fb53d890f6d3448f0f8353d2dd01c054dc385dcaa20e5a789979,2,0,12.610876083374023,-10.35683012008667,False,True,MEMIT_BLUE_L4_ONLY
MEMIT_L4_ONLY,20,RS,new,5,68fb74e20a2f319724f156afdb0a5f9470feb0bcbacfa1f2ca998fa86adda627,d98b298d7ad5fe54be65c52bd0fd137bf15b40fc667453c6db0ad46b39f805ff,1,0,12.279762268066406,-9.542019128799438,False,True,MEMIT_BLUE_L4_ONLY
MEMIT_L4_ONLY,20,RS,true,1,f333689aaf4012ba4978883b42daa51553b5b1211da6a51dd7e230fa16f42d41,f1d42264e4e98d22fcb1592996adf819bb4f6e3f41698bc9bdac23a07ab94a50,8,0,25.04414939880371,25.04289503127802,True,True,MEMIT_BLUE_L4_ONLY
MEMIT_L4_ONLY,20,RS,true,2,6ef9dbf000318e6fc91a693ef5c4ee4a7c435426c26ffc31e56d36c3b4eb8749,febe26872a7d54289e3f384ee1e122a6904f4e560e7fd39171e10e6e3dbd0371,15,0,24.65464210510254,24.653846818604507,True,True,MEMIT_BLUE_L4_ONLY
MEMIT_L4_ONLY,20,RS,true,3,9286c9820b0c1c392ec8c90dceb48943e36a94ab0260a13683406698b661a4d3,bf0cbe4c6c23d167ea077c7a54493a7cb198ff9cc4a255fb4ebeb291b7d1b9e1,12,0,23.621957778930664,23.620890855556354,True,True,MEMIT_BLUE_L4_ONLY
MEMIT_L4_ONLY,20,RS,true,4,880c2fc00805b3104264d490baf0090788b267e456c6d9f50aeca7e330b427b0,672e2086bf157babd531c8fae179676b0160fe57ddc8c0a7d6729b15bfe99b80,5,0,23.611230850219727,23.607859934912995,True,True,MEMIT_BLUE_L4_ONLY
MEMIT_L4_ONLY,20,RS,true,5,e88cec3c32237823d09b2546b6af2e3c64244a71387a77559a514f7b41392b4d,d0a6dd0967795a41f2fc23a669570a4a9ef10dba640ded209de6e89a2460fa26,15,0,23.465150833129883,23.29546645283699,True,True,MEMIT_BLUE_L4_ONLY
MEMIT_L4_ONLY,20,PS,new,1,4c71c23d484bb6922047c159be3fea14d36cd2858ef8212cc52193bf0cf5fa1a,9e4f3d159764f7694ee86f0aed83c0396fa44647400ea52bcc537df717a138a6,10,0,17.595993041992188,-3.641744613647461,False,True,MEMIT_BLUE_L4_ONLY
MEMIT_L4_ONLY,20,PS,new,2,d0541665ae524cf19488eba81b94b2b2985b35b52e90f4c0ca90ba0a1cbc99a9,afa16d5a77611a5a87ed12dd7f579dc2757b67c170e7c582a4284991a1dfe4e1,8,1,17.1513614654541,0.010911941528320312,True,True,MEMIT_BLUE_L4_ONLY
MEMIT_L4_ONLY,20,PS,new,3,7808b86edb7b1acd97860de5b0014865ec15ea7a2f6e8ba5c0a3c88127a9447b,17cd6774ce60a7bf5fca24c1b85749102ef505414dc47e5900765425d95abeca,7,1,16.90566062927246,-4.153573036193848,False,True,MEMIT_BLUE_L4_ONLY
MEMIT_L4_ONLY,20,PS,new,4,1c5c834c927a24fc22228333db7249f958a30231366e6a94bfc4880ea26098c3,34b0cb15e839645fe3da6090d68038e6280f1b0f39bbadc2a0dc424984785c96,3,1,16.84516143798828,-11.893656253814697,False,True,MEMIT_BLUE_L4_ONLY
MEMIT_L4_ONLY,20,PS,new,5,c5ad500f4c18ebcf9b1ff326ac98480e650145cf6473e1e403365a12479b5e44,600f29112f04a450a75ac1b14dcfc0e4a4662fa3a4fa4f193048928bc382ab90,4,1,15.735472679138184,-1.2668943405151367,False,True,MEMIT_BLUE_L4_ONLY
MEMIT_L4_ONLY,20,PS,true,1,6f7c5d50ddef6fe32da94db0694f7e3ed72d641a95837a7f0f8023fb124a0532,1c4036403b97de19ee446ddaeb4af4d2f32711c867d053e38898e37d5d3b458c,4,0,22.525644302368164,22.391323670744896,True,True,MEMIT_BLUE_L4_ONLY
MEMIT_L4_ONLY,20,PS,true,2,ecbd0a80229cafcb469b2b61d95a2617cd2dfd34555e0bc22a9e98770a450b9c,dec439e9040434c60bfa7a4b528a185f238a794c951116cda0f927cdb6bddc66,5,0,22.47244644165039,22.47214143158635,True,True,MEMIT_BLUE_L4_ONLY
MEMIT_L4_ONLY,20,PS,true,3,6f7c5d50ddef6fe32da94db0694f7e3ed72d641a95837a7f0f8023fb124a0532,273e776f944637b2241a16cc52233f8b8c4532597e283a9243f785a9ce9fa262,4,1,21.48246955871582,21.447231858968735,True,True,MEMIT_BLUE_L4_ONLY
MEMIT_L4_ONLY,20,PS,true,4,11f4138f4d6ee3c5d5b803a8010f59d227a51fbb2c33f3f4c617f10d48db5bdc,677b5f06c400ce2464a9cbde784955249c315ee3950a6e3ffd13debad7c1ed2c,6,0,21.24589729309082,20.55406540632248,True,True,MEMIT_BLUE_L4_ONLY
MEMIT_L4_ONLY,20,PS,true,5,ca4f619cbbbd9a4752cb60e454c24e5e36f6d2a97503179e41a4dcf627cd3b3c,43edd718ad974c7f17331474ca90f50695dabe239f2b151625a2d556e539ae10,8,0,20.959421157836914,20.952856439631432,True,True,MEMIT_BLUE_L4_ONLY
MEMIT_L4_ONLY,20,NS,new,1,1c5c834c927a24fc22228333db7249f958a30231366e6a94bfc4880ea26098c3,f54c16cce8bc3e0324e4fb2dc9f5fa3199bce20aaf35616cd9a57478c3654035,3,2,25.539793014526367,-11.565201759338379,True,True,MEMIT_BLUE_L4_ONLY
MEMIT_L4_ONLY,20,NS,new,2,3217efb0c7592918e22986cb85ff86d1a7bbc81b6a293403235ebb2f952f6a1c,1da8dbb7ab349d2ebebc5cef818981bd9d89c51048224d254786439988c890a0,20,2,25.11043930053711,-17.26427698135376,True,True,MEMIT_BLUE_L4_ONLY
MEMIT_L4_ONLY,20,NS,new,3,a474dfda261c21f100e11c079cc6851379ce61ceab7ebeea0e79d73af79bd164,a571985fe5e3493c60de2bdca9e85a15eabe35795104edb6db9460b2c7f2978e,14,3,25.05895233154297,-11.416219711303711,True,True,MEMIT_BLUE_L4_ONLY
MEMIT_L4_ONLY,20,NS,new,4,c81b352b270b2e498256b5e24c726a039cd665477a83d71d95633340782782d4,29934bc60846741c680f72a6f0fa41d4ac12b9b8157c0202be1cd54cd5d08b89,1,1,23.57013511657715,-11.80052375793457,True,True,MEMIT_BLUE_L4_ONLY
MEMIT_L4_ONLY,20,NS,new,5,703c45c818046eca0dd8d14edac7f19f413bdaba5e96b3f37d2ae153a75ca2b8,593a48859eeaf84c2b0dcd694a16684d09055c2fdc9d5fa5e6c437f0bf850757,16,9,23.325973510742188,-17.747965335845947,True,True,MEMIT_BLUE_L4_ONLY
MEMIT_L4_ONLY,20,NS,true,1,5fab5bd05f98260a1f33ff741eee56f962974eae8eba07a27b24ad12458a8d45,a8346cff61efcc51560112d3d83af1076459131ed101086909d8e803f3b3070c,1,8,21.42064666748047,4.483297348022461,False,True,MEMIT_BLUE_L4_ONLY
MEMIT_L4_ONLY,20,NS,true,2,340799d186c8195376d2cf6a756516a830ffc5feac81996d8b4e6d62d30d214b,5bc19145efda8f664a126c63d506c0ceb777d7fde5e7a32b29a3b980f661583a,9,9,19.14661979675293,12.329743385314941,False,True,MEMIT_BLUE_L4_ONLY
MEMIT_L4_ONLY,20,NS,true,3,340799d186c8195376d2cf6a756516a830ffc5feac81996d8b4e6d62d30d214b,666bbd1acc5ed1d9bce1595ebff674c1c6b6900c92763c0e776c1f0f92c60fb3,9,5,18.73522186279297,4.868290901184082,False,True,MEMIT_BLUE_L4_ONLY
MEMIT_L4_ONLY,20,NS,true,4,f8072ac0272709e27c0bb5ac04926148d845a0232bcfdbfe1a155a0cbe227b1e,9834e41a1023d20689e852808b40d18a0038d6680338eca7d6a6cc3ca4a06b1d,12,9,18.539302825927734,4.962299346923828,False,True,MEMIT_BLUE_L4_ONLY
MEMIT_L4_ONLY,20,NS,true,5,f1139f1ee9124175e32dfa4530867356624a481cee89ca822c4197f0eeb4a172,748bc1934d3bb0f2efd261d0d555634cd9f76e164a2af1db30a1aa2ce89f812b,11,8,18.461565017700195,18.45552661921829,False,True,MEMIT_BLUE_L4_ONLY
MEMIT_L4_ONLY,30,RS,new,1,68fb74e20a2f319724f156afdb0a5f9470feb0bcbacfa1f2ca998fa86adda627,d98b298d7ad5fe54be65c52bd0fd137bf15b40fc667453c6db0ad46b39f805ff,1,0,15.341678619384766,-7.175502777099609,False,True,MEMIT_BLUE_L4_ONLY
MEMIT_L4_ONLY,30,RS,new,2,b1c92bf6fb924d35a3395bd9662353ed20a664c278a7cc2086671f5fc331267c,221648e29d55a2f58dd739f1142da84d84a006196ed5bec9ed5478c34aab50f5,7,0,13.32646656036377,3.7069578170776367,True,True,MEMIT_BLUE_L4_ONLY
MEMIT_L4_ONLY,30,RS,new,3,c49eb5e7bb09a8e471441ed78fa006cbb96c24b221b12523d8ac63ecef1d81b0,6307dd1fa0c01d7ebfef42fa0d06e87241109f8922d7220402888ce5f1f0ed88,4,0,12.760961532592773,-1.4552030563354492,False,True,MEMIT_BLUE_L4_ONLY
MEMIT_L4_ONLY,30,RS,new,4,a6c9b0f863d3c2056830114bb5edc235eb5257268e8c3e2a0aaf4a61c20730e2,78c2e0e390f81015d5278332e78f99d784ce8bb7836851eae46f9f14d9f7507b,12,0,12.624933242797852,4.723960876464844,True,True,MEMIT_BLUE_L4_ONLY
MEMIT_L4_ONLY,30,RS,new,5,327d4637793ef4b06b2b8ad2e15baa945a812a59d7fbdf70fe2b5d4d8eee75b7,b6f09061b46c14ee504355d7730c5a2ea914a78a33f4dcdc53a8688eb3a9f7d7,18,0,12.028586387634277,-0.4592704772949219,False,True,MEMIT_BLUE_L4_ONLY
MEMIT_L4_ONLY,30,RS,true,1,deb297c539598394fd1756bcaae16ecdc902b03a5c0bd80c2a4a9abe86bb9c92,8522fe36fe277905f0ae54add4e96accf103dc8732155bc13da2a3900759cd13,26,0,29.402379989624023,29.40231073142786,True,True,MEMIT_BLUE_L4_ONLY
MEMIT_L4_ONLY,30,RS,true,2,c8f2ba8a3b50884964255d406a7f4c232ec3efe6c021514cd273a4c1726dbfd2,d6103125dab1fc45bcd8660ba113687fa943e90456149478b2463d9eaf59d442,30,0,29.13970184326172,29.13953424904321,True,True,MEMIT_BLUE_L4_ONLY
MEMIT_L4_ONLY,30,RS,true,3,a2925bce5c46c7ee5b25314ba14dfde596b4705d789c71c556defd5d96e3e6d8,553aa637ab4a6472abfc7ab84f36cdcab2d09393d5d7a8e875c506fe6c43e6b8,26,0,26.03000259399414,26.029945017566206,True,True,MEMIT_BLUE_L4_ONLY
MEMIT_L4_ONLY,30,RS,true,4,6ef9dbf000318e6fc91a693ef5c4ee4a7c435426c26ffc31e56d36c3b4eb8749,febe26872a7d54289e3f384ee1e122a6904f4e560e7fd39171e10e6e3dbd0371,15,0,23.969079971313477,23.967279387288727,True,True,MEMIT_BLUE_L4_ONLY
MEMIT_L4_ONLY,30,RS,true,5,62d0407f1998951b35ba01be461195cddf508ff5fb342f9cd28230c0368d57f1,32c87e77680b4d5f608a5edb85bb17250a4ca6293cb5b292aaf20970995e3150,24,0,23.955101013183594,23.95315479009878,True,True,MEMIT_BLUE_L4_ONLY
MEMIT_L4_ONLY,30,PS,new,1,2e1030083599489d2833b87315cb57aa2ac32593558298b8cb4bc58e86c26dbd,bd984bfb4a26cdaa375c2ec6713e8ee9740d5b8a378685ac510d67df8a3ad293,24,1,22.113052368164062,-10.738764762878418,False,True,MEMIT_BLUE_L4_ONLY
MEMIT_L4_ONLY,30,PS,new,2,2a7185fd600ecd7bd4b998bc7dbf460bd0dd2f1b9529ebdf0f662a48be746642,41dd9ba3b4049179a4053578ffdfc6f431b1b929f3085c3084ecdc986d102e3d,16,0,20.776323318481445,-8.19014835357666,False,True,MEMIT_BLUE_L4_ONLY
MEMIT_L4_ONLY,30,PS,new,3,c5ad500f4c18ebcf9b1ff326ac98480e650145cf6473e1e403365a12479b5e44,600f29112f04a450a75ac1b14dcfc0e4a4662fa3a4fa4f193048928bc382ab90,4,1,17.734516143798828,-1.6560115814208984,False,True,MEMIT_BLUE_L4_ONLY
MEMIT_L4_ONLY,30,PS,new,4,3d171d4c4423b6e6c366baf0744a8a55886975be18052c8416f0847c37d676e8,7a1fe08d4ef438a85822530609ea786b049766c32dfbb7a9073319f9d89802fd,29,1,17.13080596923828,-9.792271614074707,False,True,MEMIT_BLUE_L4_ONLY
MEMIT_L4_ONLY,30,PS,new,5,d0541665ae524cf19488eba81b94b2b2985b35b52e90f4c0ca90ba0a1cbc99a9,afa16d5a77611a5a87ed12dd7f579dc2757b67c170e7c582a4284991a1dfe4e1,8,1,16.823997497558594,0.3229827880859375,True,True,MEMIT_BLUE_L4_ONLY
MEMIT_L4_ONLY,30,PS,true,1,ba006000a707f53e298b4f7896049d3f214dc44733023233b2ef69e879fc4b9e,18db2ab401ebe8df2b397a5e9d071a53a61d6d84bf7e98ec2b2164d249ce8a93,28,0,24.920143127441406,24.90760282985866,True,True,MEMIT_BLUE_L4_ONLY
MEMIT_L4_ONLY,30,PS,true,2,1f23fc6e5473c1456755ee7be94488554476ef34501d8b901c63580d727a8587,6e9244d07850ca6a98cd32647c6199a05828c09cd66635b35e9d29f384e85bb0,16,0,23.89336585998535,23.89196982118301,True,True,MEMIT_BLUE_L4_ONLY
MEMIT_L4_ONLY,30,PS,true,3,6f7c5d50ddef6fe32da94db0694f7e3ed72d641a95837a7f0f8023fb124a0532,1c4036403b97de19ee446ddaeb4af4d2f32711c867d053e38898e37d5d3b458c,4,0,22.977598190307617,22.79379265010357,True,True,MEMIT_BLUE_L4_ONLY
MEMIT_L4_ONLY,30,PS,true,4,dc4aa707636ec734bb22a822b62592c85c668c511f10e98da810420c8d5d2181,ea0d414a6a7efc71e0fdf0efff9202d8ce7c755b9687aebcb4ee0ec176dddd6b,13,0,22.41485595703125,22.403008703142405,True,True,MEMIT_BLUE_L4_ONLY
MEMIT_L4_ONLY,30,PS,true,5,391cf6f23bb4e97b61eac0a5a68c37a1103c6ebae77a00c3635e354e597893f9,dfcf96c19867dc9ffc66ea25e83738743a4e24c6a7188557f836491e8e886ef8,24,0,21.77077293395996,21.760446052998304,True,True,MEMIT_BLUE_L4_ONLY
MEMIT_L4_ONLY,30,NS,new,1,75bae64a11d6ea6530544e19c2eebfbc944cd3eddf8e0d0873fbfc8373ee0e50,65428b51bdbbaa6aa19c3b2d1d3f40c1c3125ae6777d87350cfe3ee85001375f,23,6,26.85213279724121,-6.830345153808594,True,True,MEMIT_BLUE_L4_ONLY
MEMIT_L4_ONLY,30,NS,new,2,75bae64a11d6ea6530544e19c2eebfbc944cd3eddf8e0d0873fbfc8373ee0e50,cb4a5fedf4b90d25c1368fdd04d6b41bc6a4fda4e3b39d181419b61826fb491b,23,0,24.550716400146484,-9.583683967590332,True,True,MEMIT_BLUE_L4_ONLY
MEMIT_L4_ONLY,30,NS,new,3,a474dfda261c21f100e11c079cc6851379ce61ceab7ebeea0e79d73af79bd164,a571985fe5e3493c60de2bdca9e85a15eabe35795104edb6db9460b2c7f2978e,14,3,24.294445037841797,-10.956507682800293,True,True,MEMIT_BLUE_L4_ONLY
MEMIT_L4_ONLY,30,NS,new,4,1c5c834c927a24fc22228333db7249f958a30231366e6a94bfc4880ea26098c3,f54c16cce8bc3e0324e4fb2dc9f5fa3199bce20aaf35616cd9a57478c3654035,3,2,24.11756134033203,-8.625595092773438,True,True,MEMIT_BLUE_L4_ONLY
MEMIT_L4_ONLY,30,NS,new,5,c34ae04b892e736bd3b54da5d1a469184d2114e115c7ed9f3c9373204ca69b5a,5f20ace44c9a67f686aa633de8e1e49e439f107142ff0933b70d37a8127f3354,4,8,22.551664352416992,-9.725484848022461,True,True,MEMIT_BLUE_L4_ONLY
MEMIT_L4_ONLY,30,NS,true,1,340799d186c8195376d2cf6a756516a830ffc5feac81996d8b4e6d62d30d214b,34a654db8e742af510724cebf81bc8b2bdf36a491150c11a2ec7aca6eb3ee14d,9,3,21.0592041015625,14.322718620300293,False,True,MEMIT_BLUE_L4_ONLY
MEMIT_L4_ONLY,30,NS,true,2,340799d186c8195376d2cf6a756516a830ffc5feac81996d8b4e6d62d30d214b,5bc19145efda8f664a126c63d506c0ceb777d7fde5e7a32b29a3b980f661583a,9,9,20.970539093017578,13.271790504455566,False,True,MEMIT_BLUE_L4_ONLY
MEMIT_L4_ONLY,30,NS,true,3,0848d849ab67d28f04304b83951d6807ca74c862c6eef6da45f0b9aa3b101c57,3e6454c30333c9f3fc29b9e78cdf5d8cd54174ff2ae035eab9fe09f42a90c755,25,6,20.564512252807617,12.194984436035156,False,True,MEMIT_BLUE_L4_ONLY
MEMIT_L4_ONLY,30,NS,true,4,80199b1329e5077738005165ae9cf178765fbd14241f5016ff30e14f3a08c585,792ad6fd8702286920f6c83154d26ad1f5b87ab9c679627fa2523f8ac7dbb8f6,23,1,20.501419067382812,7.304020881652832,False,True,MEMIT_BLUE_L4_ONLY
MEMIT_L4_ONLY,30,NS,true,5,cdf0e49e1b570f1314da71c695f7c595dece0e228755ff5cebd5418bdcd6e17e,2c17dfcaf2e9d68d13b4fb6e8be2a78086bf0f2da32e9a645b12a9d9350b29f0,23,5,20.304195404052734,3.2786121368408203,False,True,MEMIT_BLUE_L4_ONLY
MEMIT_L4_ONLY,40,RS,new,1,68fb74e20a2f319724f156afdb0a5f9470feb0bcbacfa1f2ca998fa86adda627,d98b298d7ad5fe54be65c52bd0fd137bf15b40fc667453c6db0ad46b39f805ff,1,0,15.702485084533691,-5.343222618103027,False,True,MEMIT_BLUE_L4_ONLY
MEMIT_L4_ONLY,40,RS,new,2,d46d85035ad2ff5cd37ef2db2280653ccd8ec65afa9a8e9f18636002928b25ad,2356646fcb6bab3caddbd5329f2c5e9efa9d5a05ce33243ac01911aa4321d296,27,0,14.694422721862793,0.4786872863769531,True,True,MEMIT_BLUE_L4_ONLY
MEMIT_L4_ONLY,40,RS,new,3,75a92952cd1d1c57989e8f6f32a828b06ca70bd038806f09087f7de19faabb3d,dd77ecc8011fbe42924e56c9c10e134184c61ccc73f82cedccf5d7a9c3c0e82f,12,0,13.685534477233887,-1.844304084777832,False,True,MEMIT_BLUE_L4_ONLY
MEMIT_L4_ONLY,40,RS,new,4,9989a37538faecc495bbe774b30fb447a1582b8f1bc14ac88dfd84996a7b799a,9c2091e8c2673eb3aeb524f068611f7eb94d0e9888fab631ed2e06fd300d8286,23,0,13.609132766723633,1.5655803680419922,True,True,MEMIT_BLUE_L4_ONLY
MEMIT_L4_ONLY,40,RS,new,5,50ffc96e612e5eb7933b8f1baeee29340ce9b16c1b99add9245f4199e121d0b8,8f7e3bd4103dc0184c5460492b752777e2b326654273aeff1f4a307e4681b330,9,0,13.338191986083984,-7.3655476570129395,False,True,MEMIT_BLUE_L4_ONLY
MEMIT_L4_ONLY,40,RS,true,1,90e1db68e69ab1cb70f1fb0a8b5f79ca7cf186fc500d64638714bbdb1a1646ce,367c78054ae840c6728ec0e301dc2dc7e5a62d164b1cc56b404488fb09034cc3,36,0,27.99128532409668,27.99066515127197,True,True,MEMIT_BLUE_L4_ONLY
MEMIT_L4_ONLY,40,RS,true,2,c8f2ba8a3b50884964255d406a7f4c232ec3efe6c021514cd273a4c1726dbfd2,d6103125dab1fc45bcd8660ba113687fa943e90456149478b2463d9eaf59d442,30,0,26.528900146484375,26.528776653285604,True,True,MEMIT_BLUE_L4_ONLY
MEMIT_L4_ONLY,40,RS,true,3,10acb87b3040f4e177781ce677d7b30554cb20e93e2bbb1470b0e944fb63faf2,7a88e2fcec08afb76f858e89db7737675ca032c8ee319da894f654c621c923bf,39,0,26.013803482055664,26.011151138925925,True,True,MEMIT_BLUE_L4_ONLY
MEMIT_L4_ONLY,40,RS,true,4,7954615b888c43f477bd71e497a69e2ba592af0992a589ffe7e7c80f2fd21d54,5b3ca72b4a4ca0d8320fadbd144222ca79bb1a9d92fcff2516ad66991afcab1d,31,0,25.717164993286133,25.71673176137847,True,True,MEMIT_BLUE_L4_ONLY
MEMIT_L4_ONLY,40,RS,true,5,04ad2618a7fe10a34a25a9d4a15d08f7762d7c8f0e9358c3be8bf9819d4cbb22,0a12e3505d477ad5729379a5689fc64e0b015fef72304feb42ea2b649a918b91,38,0,25.588701248168945,25.58722747734282,True,True,MEMIT_BLUE_L4_ONLY
MEMIT_L4_ONLY,40,PS,new,1,2e1030083599489d2833b87315cb57aa2ac32593558298b8cb4bc58e86c26dbd,bd984bfb4a26cdaa375c2ec6713e8ee9740d5b8a378685ac510d67df8a3ad293,24,1,21.247278213500977,-10.175342559814453,False,True,MEMIT_BLUE_L4_ONLY
MEMIT_L4_ONLY,40,PS,new,2,2a7185fd600ecd7bd4b998bc7dbf460bd0dd2f1b9529ebdf0f662a48be746642,369c728ac04ab11ea70d7ece1b253e43ee384c7719daac1bcffe7ac0d946b958,16,1,19.23206329345703,-7.314788818359375,False,True,MEMIT_BLUE_L4_ONLY
MEMIT_L4_ONLY,40,PS,new,3,2a7185fd600ecd7bd4b998bc7dbf460bd0dd2f1b9529ebdf0f662a48be746642,41dd9ba3b4049179a4053578ffdfc6f431b1b929f3085c3084ecdc986d102e3d,16,0,18.78066635131836,-7.262524604797363,False,True,MEMIT_BLUE_L4_ONLY
MEMIT_L4_ONLY,40,PS,new,4,1c5c834c927a24fc22228333db7249f958a30231366e6a94bfc4880ea26098c3,34b0cb15e839645fe3da6090d68038e6280f1b0f39bbadc2a0dc424984785c96,3,1,18.03444480895996,-12.282606601715088,False,True,MEMIT_BLUE_L4_ONLY
MEMIT_L4_ONLY,40,PS,new,5,c5ad500f4c18ebcf9b1ff326ac98480e650145cf6473e1e403365a12479b5e44,600f29112f04a450a75ac1b14dcfc0e4a4662fa3a4fa4f193048928bc382ab90,4,1,17.65736198425293,-1.9931449890136719,False,True,MEMIT_BLUE_L4_ONLY
MEMIT_L4_ONLY,40,PS,true,1,1f23fc6e5473c1456755ee7be94488554476ef34501d8b901c63580d727a8587,6e9244d07850ca6a98cd32647c6199a05828c09cd66635b35e9d29f384e85bb0,16,0,24.90126609802246,24.900185811100528,True,True,MEMIT_BLUE_L4_ONLY
MEMIT_L4_ONLY,40,PS,true,2,d41faf2b02624edbcdc0c13fbed91c96f0f6dc0a8dccb56b0615b0a155b8f77a,f4feb4ccf7c434fe4c9d323cce915c0559e1d3bb4944ea9d1a56ecaaa7db4a9c,39,0,24.70256805419922,24.70170880528167,True,True,MEMIT_BLUE_L4_ONLY
MEMIT_L4_ONLY,40,PS,true,3,ba006000a707f53e298b4f7896049d3f214dc44733023233b2ef69e879fc4b9e,18db2ab401ebe8df2b397a5e9d071a53a61d6d84bf7e98ec2b2164d249ce8a93,28,0,24.062114715576172,24.05429839156568,True,True,MEMIT_BLUE_L4_ONLY
MEMIT_L4_ONLY,40,PS,true,4,391cf6f23bb4e97b61eac0a5a68c37a1103c6ebae77a00c3635e354e597893f9,dfcf96c19867dc9ffc66ea25e83738743a4e24c6a7188557f836491e8e886ef8,24,0,23.240642547607422,23.234289366286248,True,True,MEMIT_BLUE_L4_ONLY
MEMIT_L4_ONLY,40,PS,true,5,11f4138f4d6ee3c5d5b803a8010f59d227a51fbb2c33f3f4c617f10d48db5bdc,677b5f06c400ce2464a9cbde784955249c315ee3950a6e3ffd13debad7c1ed2c,6,0,22.7048397064209,22.552617713809013,True,True,MEMIT_BLUE_L4_ONLY
MEMIT_L4_ONLY,40,NS,new,1,6278894ef596d714fa91627ddbe50ef3f3b27da412ddf96a7de1e3ccf9903a83,cef56e576a11edf937ed0f13c79b6ec896b4187a775358ffc14b6a9af8b4fcf5,19,1,28.39073371887207,-9.52292251586914,True,True,MEMIT_BLUE_L4_ONLY
MEMIT_L4_ONLY,40,NS,new,2,75bae64a11d6ea6530544e19c2eebfbc944cd3eddf8e0d0873fbfc8373ee0e50,65428b51bdbbaa6aa19c3b2d1d3f40c1c3125ae6777d87350cfe3ee85001375f,23,6,26.48520851135254,-6.9115142822265625,True,True,MEMIT_BLUE_L4_ONLY
MEMIT_L4_ONLY,40,NS,new,3,1648683fce1bbf74efdead791a5ef532169f1c64920ff2096ad9f64052787b17,ebeac2f3a5a26736e94d64eb6da49410a1de5549b01da6e5be8b4e0cad9bd990,30,7,25.882001876831055,-4.905630111694336,True,True,MEMIT_BLUE_L4_ONLY
MEMIT_L4_ONLY,40,NS,new,4,1d5eb45c977690556ce581c5c6361864fc705a5653187828c354019012f73c52,98cdfbb1056951d0bcd7b1c73b644a7ed317deae4d5e98aa87a9d8cf2c7d6ba6,29,0,25.71138572692871,-3.6324615478515625,True,True,MEMIT_BLUE_L4_ONLY
MEMIT_L4_ONLY,40,NS,new,5,75bae64a11d6ea6530544e19c2eebfbc944cd3eddf8e0d0873fbfc8373ee0e50,cb4a5fedf4b90d25c1368fdd04d6b41bc6a4fda4e3b39d181419b61826fb491b,23,0,25.64082908630371,-9.546321868896484,True,True,MEMIT_BLUE_L4_ONLY
MEMIT_L4_ONLY,40,NS,true,1,92830841b2701a157ddf3f64eef2d392c992cf47d62ee624dec35ed31a1d7be3,2932b0c49855e94c80733fbaf6d9a1d33727b47bc468e695d3804c88bd1238b9,2,4,24.048267364501953,5.147239685058594,False,True,MEMIT_BLUE_L4_ONLY
MEMIT_L4_ONLY,40,NS,true,2,92830841b2701a157ddf3f64eef2d392c992cf47d62ee624dec35ed31a1d7be3,3bc303b8c0d5f1e9f8e018e3e5c39fe2acc982de8c1ce123bfb5abb64fa4aa4e,2,1,23.338823318481445,5.257940292358398,False,True,MEMIT_BLUE_L4_ONLY
MEMIT_L4_ONLY,40,NS,true,3,7ec7bbd3677bee60f1e0c58b2967299b9985afad73acfde38966d76f30cc4f88,2b3c916602cbc4cf07f926dd526d0101be0acc5b3454cde5b91feeda110869f3,35,9,23.32144546508789,6.708530426025391,False,True,MEMIT_BLUE_L4_ONLY
MEMIT_L4_ONLY,40,NS,true,4,637ba1f3b72dfa3393bdd4ea934d54e19e167153d02c67068a8eca70406d0379,53ee38bbb70a3fd0c9eeda18a46e65a8fba31b477ac54cba34a22fbe2d25de20,32,7,23.31599998474121,4.360025405883789,False,True,MEMIT_BLUE_L4_ONLY
MEMIT_L4_ONLY,40,NS,true,5,18d470e5e7b8a3ca3e3f6f3e686b09383b3143cff853ac79ba434b3fab537133,b50ec269f3f53e1fd956b50765293437f03f128976509eab39f54cce99423f6d,17,0,23.102622985839844,0.1568927764892578,False,True,MEMIT_BLUE_L4_ONLY
MEMIT_L4_ONLY,50,RS,new,1,20db6628648c4ad306be515e9df80f6778953e70e517aed46dd0d594c2d7964f,41d3af7044465263baea43550fc7cd2dcba9d349b105cc4c2f54e89524a1eed3,4,0,17.651111602783203,1.7756843566894531,True,True,MEMIT_BLUE_L4_ONLY
MEMIT_L4_ONLY,50,RS,new,2,a590c9fa5dd7b9cc589d1d39b1b235ef49426ff405da180b2fb8999be3d7f098,d4c2f75a886e00efb3f65f941f94e20a772d4ecae072ef9c24f2dede9d378463,2,0,17.112226486206055,-5.8131914138793945,False,True,MEMIT_BLUE_L4_ONLY
MEMIT_L4_ONLY,50,RS,new,3,68fb74e20a2f319724f156afdb0a5f9470feb0bcbacfa1f2ca998fa86adda627,d98b298d7ad5fe54be65c52bd0fd137bf15b40fc667453c6db0ad46b39f805ff,1,0,15.554427146911621,-5.153203964233398,False,True,MEMIT_BLUE_L4_ONLY
MEMIT_L4_ONLY,50,RS,new,4,2a7185fd600ecd7bd4b998bc7dbf460bd0dd2f1b9529ebdf0f662a48be746642,ac86c2c6f61984954a152d029ab77a6c2611864cf5f853c7ba9003391c186809,16,0,15.378722190856934,-4.623439788818359,False,True,MEMIT_BLUE_L4_ONLY
MEMIT_L4_ONLY,50,RS,new,5,75a92952cd1d1c57989e8f6f32a828b06ca70bd038806f09087f7de19faabb3d,dd77ecc8011fbe42924e56c9c10e134184c61ccc73f82cedccf5d7a9c3c0e82f,12,0,14.670083045959473,-3.3654375076293945,False,True,MEMIT_BLUE_L4_ONLY
MEMIT_L4_ONLY,50,RS,true,1,783b00bbf231c936d8a94d1ccdadcef1285f5d59999f767b5131310f51e9ee2b,aa5b9b27fc6a3cab8834a353ec0b3eb8cf0bb6b93da6f3e21c9b2a969214904b,50,0,29.2330379486084,29.232448989758268,True,True,MEMIT_BLUE_L4_ONLY
MEMIT_L4_ONLY,50,RS,true,2,f597906bb0a24a9017ccc12cb437526fbf7062acdfc4436c9cd7c2d4062c6755,81820b9c09eda47cfd8b21c872c8726a9f2efe5bd3c9dad2c611e80623a5e206,49,0,26.38154411315918,26.380095458822325,True,True,MEMIT_BLUE_L4_ONLY
MEMIT_L4_ONLY,50,RS,true,3,d34ac6357fc0df9c637f6a28f5c5dc961f636bb44d8d3b9847c3b2358366c7d9,c5138c37249e1a53a372b50400561e830b8a8d6b401f6d48901ad743bfd46c58,43,0,26.168132781982422,26.16798437743273,True,True,MEMIT_BLUE_L4_ONLY
MEMIT_L4_ONLY,50,RS,true,4,5fad885312d26f15037167fc72674156ba0efb784e2a7187ca853998c7876a69,eafdd80f6de78e1d3def63bd91b35266cfab556f9c2e026eab6ec20aca0ec118,49,0,25.439477920532227,25.439166594325798,True,True,MEMIT_BLUE_L4_ONLY
MEMIT_L4_ONLY,50,RS,true,5,90e1db68e69ab1cb70f1fb0a8b5f79ca7cf186fc500d64638714bbdb1a1646ce,367c78054ae840c6728ec0e301dc2dc7e5a62d164b1cc56b404488fb09034cc3,36,0,25.279146194458008,25.276483507594094,True,True,MEMIT_BLUE_L4_ONLY
MEMIT_L4_ONLY,50,PS,new,1,2783e25b07101b2634cb8d0c89e78628723239535bcb30bfe7d30748a1c3d119,9f2a1103eb2f1de08c22e4d4cb164544040df7faac337761107f97c92517bc8b,14,0,20.92814064025879,-6.171217918395996,False,True,MEMIT_BLUE_L4_ONLY
MEMIT_L4_ONLY,50,PS,new,2,2e1030083599489d2833b87315cb57aa2ac32593558298b8cb4bc58e86c26dbd,bd984bfb4a26cdaa375c2ec6713e8ee9740d5b8a378685ac510d67df8a3ad293,24,1,20.39971160888672,-9.36723518371582,False,True,MEMIT_BLUE_L4_ONLY
MEMIT_L4_ONLY,50,PS,new,3,2a7185fd600ecd7bd4b998bc7dbf460bd0dd2f1b9529ebdf0f662a48be746642,41dd9ba3b4049179a4053578ffdfc6f431b1b929f3085c3084ecdc986d102e3d,16,0,19.829830169677734,-5.542763710021973,False,True,MEMIT_BLUE_L4_ONLY
MEMIT_L4_ONLY,50,PS,new,4,1c5c834c927a24fc22228333db7249f958a30231366e6a94bfc4880ea26098c3,34b0cb15e839645fe3da6090d68038e6280f1b0f39bbadc2a0dc424984785c96,3,1,19.3485050201416,-13.669702529907227,False,True,MEMIT_BLUE_L4_ONLY
MEMIT_L4_ONLY,50,PS,new,5,2a7185fd600ecd7bd4b998bc7dbf460bd0dd2f1b9529ebdf0f662a48be746642,369c728ac04ab11ea70d7ece1b253e43ee384c7719daac1bcffe7ac0d946b958,16,1,17.49758529663086,-7.200565338134766,False,True,MEMIT_BLUE_L4_ONLY
MEMIT_L4_ONLY,50,PS,true,1,783b00bbf231c936d8a94d1ccdadcef1285f5d59999f767b5131310f51e9ee2b,f835a96457b59503f7272e75459dc16116e30e995a1575a2f5688aaebd2ecde0,50,0,29.736183166503906,29.735201006755233,True,True,MEMIT_BLUE_L4_ONLY
MEMIT_L4_ONLY,50,PS,true,2,783b00bbf231c936d8a94d1ccdadcef1285f5d59999f767b5131310f51e9ee2b,7a435751cac565bdb09d05c9819a417c8dad53531896f5b9534c9d61e8508ca3,50,1,25.60430335998535,25.601726279128343,True,True,MEMIT_BLUE_L4_ONLY
MEMIT_L4_ONLY,50,PS,true,3,632d9ec7cad4335d49e463605a65ce76db9efa88c04d32294d0c6f77c0186964,781b7695acaa5827a031637da6bd9e09481946c033fe6e5872ced4954e192c81,42,0,24.40711784362793,24.405809543444775,True,True,MEMIT_BLUE_L4_ONLY
MEMIT_L4_ONLY,50,PS,true,4,872119f809e53e0f8414eb391e24957d8b7f6f170c497d5d639d73abdf428520,4ce7162ab41669f30b109f493b074cca1eab7e7ec0fc2f4f2ac9593438b05fa8,33,0,23.773210525512695,23.771821391303092,True,True,MEMIT_BLUE_L4_ONLY
MEMIT_L4_ONLY,50,PS,true,5,3b7dc65fd47fd991000d80844da28c8699590a1cb30988782bcade39f67794c1,dc5cf3d7c70874b6c7788b9957645e97984fb2881b96b0a42a645408db3935e3,15,0,23.5866641998291,23.5572352912277,True,True,MEMIT_BLUE_L4_ONLY
MEMIT_L4_ONLY,50,NS,new,1,6278894ef596d714fa91627ddbe50ef3f3b27da412ddf96a7de1e3ccf9903a83,cef56e576a11edf937ed0f13c79b6ec896b4187a775358ffc14b6a9af8b4fcf5,19,1,26.584959030151367,-9.381830215454102,True,True,MEMIT_BLUE_L4_ONLY
MEMIT_L4_ONLY,50,NS,new,2,7e90e20654b5527760270562e6311cc4a77936aade1b179546026a1df1c66f60,fabcbd79fae25b2f5cc2cbd248e9b15123ead7b439c3fef5f541f0aacf69c419,43,1,25.027606964111328,-6.6947479248046875,True,True,MEMIT_BLUE_L4_ONLY
MEMIT_L4_ONLY,50,NS,new,3,1d5eb45c977690556ce581c5c6361864fc705a5653187828c354019012f73c52,98cdfbb1056951d0bcd7b1c73b644a7ed317deae4d5e98aa87a9d8cf2c7d6ba6,29,0,24.63591194152832,-3.7292423248291016,True,True,MEMIT_BLUE_L4_ONLY
MEMIT_L4_ONLY,50,NS,new,4,9c3894f6764bc3cff4da829077769231ce760b842ef6374f62654eca9370a898,5d7052e0aec2b3c59d02013437652ffc20773c6f845827ea3b241f5b19eb5ca1,35,7,24.24199104309082,-1.861297607421875,True,True,MEMIT_BLUE_L4_ONLY
MEMIT_L4_ONLY,50,NS,new,5,2a7185fd600ecd7bd4b998bc7dbf460bd0dd2f1b9529ebdf0f662a48be746642,17838f14d3740e2c82299e59e5cbe7e4882fd33adffbda2627a47c4d5fbdc62c,16,1,24.124608993530273,-8.754650115966797,True,True,MEMIT_BLUE_L4_ONLY
MEMIT_L4_ONLY,50,NS,true,1,abd285e8b11e18cabfd30d577f062a57460dd64616e90187e84cb7126467d4ff,db6ad706b53ce5176e179df908a6779ca6140645ef187b05267dd159d33e326c,19,6,24.325281143188477,0.8049221038818359,False,True,MEMIT_BLUE_L4_ONLY
MEMIT_L4_ONLY,50,NS,true,2,155d1cf609cedded2fbc27a4646de87ce7f7de2913b1e5a1bbf148a6df483e19,eea4578ab3afe136327f0a0716d28fc618b47397e1514bc5b01edc24e3e30974,10,5,23.77240562438965,1.4926624298095703,False,True,MEMIT_BLUE_L4_ONLY
MEMIT_L4_ONLY,50,NS,true,3,d67e8edaa3a287c321163d4b811632efd7829cee946ff0d10a419ac2de0c3539,b3f11f504a815db01f9326177ea5f100e4cc21e2809688f90216888c64dd3456,30,2,23.725154876708984,5.741193771362305,False,True,MEMIT_BLUE_L4_ONLY
MEMIT_L4_ONLY,50,NS,true,4,340799d186c8195376d2cf6a756516a830ffc5feac81996d8b4e6d62d30d214b,666bbd1acc5ed1d9bce1595ebff674c1c6b6900c92763c0e776c1f0f92c60fb3,9,5,23.06593894958496,15.062590599060059,False,True,MEMIT_BLUE_L4_ONLY
MEMIT_L4_ONLY,50,NS,true,5,637ba1f3b72dfa3393bdd4ea934d54e19e167153d02c67068a8eca70406d0379,53ee38bbb70a3fd0c9eeda18a46e65a8fba31b477ac54cba34a22fbe2d25de20,32,7,22.636516571044922,5.280967712402344,False,True,MEMIT_BLUE_L4_ONLY
MEMIT_L4_ONLY,60,RS,new,1,68fb74e20a2f319724f156afdb0a5f9470feb0bcbacfa1f2ca998fa86adda627,d98b298d7ad5fe54be65c52bd0fd137bf15b40fc667453c6db0ad46b39f805ff,1,0,16.67740249633789,-6.198825836181641,False,True,MEMIT_BLUE_L4_ONLY
MEMIT_L4_ONLY,60,RS,new,2,a590c9fa5dd7b9cc589d1d39b1b235ef49426ff405da180b2fb8999be3d7f098,d4c2f75a886e00efb3f65f941f94e20a772d4ecae072ef9c24f2dede9d378463,2,0,16.529611587524414,-4.810304641723633,False,True,MEMIT_BLUE_L4_ONLY
MEMIT_L4_ONLY,60,RS,new,3,b5c8764bfa663f14525bce30b4ecc931267d1429bcda89d7c44341859d564b97,b806eb12858d43abdd87c75ea444bef6acf29b1968a20954e0cec1568bda8485,17,0,15.956778526306152,1.4030580520629883,True,True,MEMIT_BLUE_L4_ONLY
MEMIT_L4_ONLY,60,RS,new,4,2a7185fd600ecd7bd4b998bc7dbf460bd0dd2f1b9529ebdf0f662a48be746642,ac86c2c6f61984954a152d029ab77a6c2611864cf5f853c7ba9003391c186809,16,0,15.146597862243652,-4.570395469665527,False,True,MEMIT_BLUE_L4_ONLY
MEMIT_L4_ONLY,60,RS,new,5,52bd14661ea15d102d7e245d8afd3a45af6b2826e418f481a8da96cb227a317a,4f284d31594507f3fe337e302e082b2738c03f66e94072a39c5ab1ca2b5ee8b3,36,0,14.884244918823242,-4.256492614746094,False,True,MEMIT_BLUE_L4_ONLY
MEMIT_L4_ONLY,60,RS,true,1,26b81e9af4c81d595f05d594be7a5fdaf55709aac63ef79ec1853ecdaaccfd7a,f39558a21edde342d1e40d91f29e35020929a4d6211cebd8f9e4bc88c3360e51,57,0,28.130084991455078,28.129991178146156,True,True,MEMIT_BLUE_L4_ONLY
MEMIT_L4_ONLY,60,RS,true,2,783b00bbf231c936d8a94d1ccdadcef1285f5d59999f767b5131310f51e9ee2b,aa5b9b27fc6a3cab8834a353ec0b3eb8cf0bb6b93da6f3e21c9b2a969214904b,50,0,26.074172973632812,26.0733462414355,True,True,MEMIT_BLUE_L4_ONLY
MEMIT_L4_ONLY,60,RS,true,3,f597906bb0a24a9017ccc12cb437526fbf7062acdfc4436c9cd7c2d4062c6755,81820b9c09eda47cfd8b21c872c8726a9f2efe5bd3c9dad2c611e80623a5e206,49,0,25.13180160522461,25.128484630258754,True,True,MEMIT_BLUE_L4_ONLY
MEMIT_L4_ONLY,60,RS,true,4,ba97db3b1045ae8a6e40f629befad8bb2114a947e53d2c0483ef31ee28ded979,af70f2fb1a3b2f385da060df45a83f6bbae60e1196f50dca5dcdb8cea4d73358,41,0,24.703481674194336,24.70187745091971,True,True,MEMIT_BLUE_L4_ONLY
MEMIT_L4_ONLY,60,RS,true,5,57fbf6797221cad5f82387c015409e5f5a4de9f1c9563735837fab128c86a24f,214da839fdfde4db78800a6a696a1dc3be7e333113e96a7b92724ac12d5671ee,52,0,24.54828453063965,24.542827976867557,True,True,MEMIT_BLUE_L4_ONLY
MEMIT_L4_ONLY,60,PS,new,1,1c5c834c927a24fc22228333db7249f958a30231366e6a94bfc4880ea26098c3,34b0cb15e839645fe3da6090d68038e6280f1b0f39bbadc2a0dc424984785c96,3,1,19.517885208129883,-12.286908149719238,False,True,MEMIT_BLUE_L4_ONLY
MEMIT_L4_ONLY,60,PS,new,2,2e1030083599489d2833b87315cb57aa2ac32593558298b8cb4bc58e86c26dbd,bd984bfb4a26cdaa375c2ec6713e8ee9740d5b8a378685ac510d67df8a3ad293,24,1,19.45749855041504,-8.754002571105957,False,True,MEMIT_BLUE_L4_ONLY
MEMIT_L4_ONLY,60,PS,new,3,2a7185fd600ecd7bd4b998bc7dbf460bd0dd2f1b9529ebdf0f662a48be746642,41dd9ba3b4049179a4053578ffdfc6f431b1b929f3085c3084ecdc986d102e3d,16,0,18.910661697387695,-4.567807197570801,False,True,MEMIT_BLUE_L4_ONLY
MEMIT_L4_ONLY,60,PS,new,4,de690d1ae70d10081585d8ed98ed5825ac88fe8029b67a583a760fcc1d505636,c2dc1b07fb5f1271746175d8df298827d84b18d41c809f179256a28231911fef,46,1,18.547178268432617,-7.506966590881348,False,True,MEMIT_BLUE_L4_ONLY
MEMIT_L4_ONLY,60,PS,new,5,2a7185fd600ecd7bd4b998bc7dbf460bd0dd2f1b9529ebdf0f662a48be746642,369c728ac04ab11ea70d7ece1b253e43ee384c7719daac1bcffe7ac0d946b958,16,1,18.535276412963867,-6.788334846496582,False,True,MEMIT_BLUE_L4_ONLY
MEMIT_L4_ONLY,60,PS,true,1,e33dfb0bdb9501f94794f5e01c65b7f581df38b91ee53ad533be986043c09cf5,0494bc286ef3efe82c30e306eecbf363e2325b4df840cfd77f372dfddbdb6a18,58,0,26.73392105102539,26.73357254380244,True,True,MEMIT_BLUE_L4_ONLY
MEMIT_L4_ONLY,60,PS,true,2,783b00bbf231c936d8a94d1ccdadcef1285f5d59999f767b5131310f51e9ee2b,f835a96457b59503f7272e75459dc16116e30e995a1575a2f5688aaebd2ecde0,50,0,26.486698150634766,26.485411399276927,True,True,MEMIT_BLUE_L4_ONLY
MEMIT_L4_ONLY,60,PS,true,3,3b7dc65fd47fd991000d80844da28c8699590a1cb30988782bcade39f67794c1,dc5cf3d7c70874b6c7788b9957645e97984fb2881b96b0a42a645408db3935e3,15,0,26.476966857910156,26.42899178341031,True,True,MEMIT_BLUE_L4_ONLY
MEMIT_L4_ONLY,60,PS,true,4,632d9ec7cad4335d49e463605a65ce76db9efa88c04d32294d0c6f77c0186964,781b7695acaa5827a031637da6bd9e09481946c033fe6e5872ced4954e192c81,42,0,25.90228271484375,25.900104750413448,True,True,MEMIT_BLUE_L4_ONLY
MEMIT_L4_ONLY,60,PS,true,5,3eaf7df497d499338fc349d597f57d8173e16bd70237d355843874c7fc963d78,319e5b65add9b0aebbc1d5bac21ef2960285cbc0bceb222f7138d1b14b7e75a5,53,1,23.33160400390625,23.323494031094015,True,True,MEMIT_BLUE_L4_ONLY
MEMIT_L4_ONLY,60,NS,new,1,5d60fc4768a0d01e3d533d2d5353bdffb58877bc2971bc7053a54071fa4c2f49,021a5906eaed73a5f0f24d41b0ddec45cfa154659599c9605433456db21c27c7,59,5,27.38173484802246,-8.856773376464844,True,True,MEMIT_BLUE_L4_ONLY
MEMIT_L4_ONLY,60,NS,new,2,75c0b281d3916e00e0eea545414dc218d8c4d6ebb5acd060c70e843f49df47c6,454910669b0e3e74dfbf05eaf4f6db0679439de067488b588e367f5e3be750d2,11,5,25.821149826049805,-2.777070999145508,True,True,MEMIT_BLUE_L4_ONLY
MEMIT_L4_ONLY,60,NS,new,3,7e90e20654b5527760270562e6311cc4a77936aade1b179546026a1df1c66f60,fabcbd79fae25b2f5cc2cbd248e9b15123ead7b439c3fef5f541f0aacf69c419,43,1,25.693471908569336,-7.755088806152344,True,True,MEMIT_BLUE_L4_ONLY
MEMIT_L4_ONLY,60,NS,new,4,5d60fc4768a0d01e3d533d2d5353bdffb58877bc2971bc7053a54071fa4c2f49,1cac09547f8973553663ef6d05516cc75d9d400f25dd44143f2687a36c36a3f6,59,8,25.306011199951172,-8.698209762573242,True,True,MEMIT_BLUE_L4_ONLY
MEMIT_L4_ONLY,60,NS,new,5,0dd2d9cbd4a4cc874a4a427d06342ddf25d0bec2d1cb58bf411781452cb2e46d,a42a50efa66d813b09b6186f065e94ebf80e9dbdfd2e952c98c24e6cc734e9df,27,8,24.791955947875977,-12.559687614440918,True,True,MEMIT_BLUE_L4_ONLY
MEMIT_L4_ONLY,60,NS,true,1,75c0b281d3916e00e0eea545414dc218d8c4d6ebb5acd060c70e843f49df47c6,454910669b0e3e74dfbf05eaf4f6db0679439de067488b588e367f5e3be750d2,11,5,23.044078826904297,-2.777070999145508,True,True,MEMIT_BLUE_L4_ONLY
MEMIT_L4_ONLY,60,NS,true,2,d67e8edaa3a287c321163d4b811632efd7829cee946ff0d10a419ac2de0c3539,b3f11f504a815db01f9326177ea5f100e4cc21e2809688f90216888c64dd3456,30,2,22.401437759399414,4.714548110961914,False,True,MEMIT_BLUE_L4_ONLY
MEMIT_L4_ONLY,60,NS,true,3,08d7c1f04067c5e3a1e13d8b99182f36d36daebf5dafda625c7274954282b149,ff03135e912c3aadc6d3cab9669c344c6b902dad91def253bf105cc93c86a3c8,54,1,22.221080780029297,6.1189117431640625,False,True,MEMIT_BLUE_L4_ONLY
MEMIT_L4_ONLY,60,NS,true,4,3a6e2b22591ed55131de9ee07ffdfd443d86554bfc60c2d23e6620d4e2c794df,eb3e9939eabedb759dfd25adc7eac0574b45640f59914bd20b1c5b5832d1efc0,49,6,21.76266098022461,-2.628599166870117,True,True,MEMIT_BLUE_L4_ONLY
MEMIT_L4_ONLY,60,NS,true,5,155d1cf609cedded2fbc27a4646de87ce7f7de2913b1e5a1bbf148a6df483e19,eea4578ab3afe136327f0a0716d28fc618b47397e1514bc5b01edc24e3e30974,10,5,21.37142562866211,1.4460086822509766,False,True,MEMIT_BLUE_L4_ONLY
MEMIT_L4_ONLY,70,RS,new,1,d5358ec522f20c55c089c1c659977c1528566c9c9428ae56f7c415d1158ecbf9,689375a1e821611b41dc6d6b47acd492e5e4e3c6647e4eb9e785b7fd8c607899,23,0,23.6827335357666,-1.7158203125,False,True,MEMIT_BLUE_L4_ONLY
MEMIT_L4_ONLY,70,RS,new,2,4c327801d652b4e7b3449684f83febb4fea62dbd2c80ee4136f32ecbccc0f45e,cdbc24c379a25c8e8854cbd0dc2b958ab3b2050579d3b5ada5e6db889b0385b6,29,0,21.07741928100586,0.2321929931640625,True,True,MEMIT_BLUE_L4_ONLY
MEMIT_L4_ONLY,70,RS,new,3,66eba0f8578c53acb353d399405165153f066adaf9c6567bdd25b31fceb8a83e,1b396dd26b3dbe35f8bed7c3958fe00d7c6e5ee63149beaa9592b6daef5ed535,27,0,18.462554931640625,0.9769973754882812,True,True,MEMIT_BLUE_L4_ONLY
MEMIT_L4_ONLY,70,RS,new,4,5a495ec9121e113ad1d95a0defd6956cdf0d20c1c19780e3960e7471e31c900e,8c53521a922816a821e98aa059cef44930afe3b34d852fdc64f5a20b358d78c7,39,0,18.037281036376953,3.5188980102539062,True,True,MEMIT_BLUE_L4_ONLY
MEMIT_L4_ONLY,70,RS,new,5,f7afe154ad13c034c053d8ff862e861eaa953834827fd725ee6c9303e7e82cdc,5e12326e7e604ac6f45bb2ee5eb47ada619b06d8aa6d00f3df0aeec79fbdb1e6,38,0,17.97516441345215,0.84283447265625,True,True,MEMIT_BLUE_L4_ONLY
MEMIT_L4_ONLY,70,RS,true,1,904f09fa519f58a2397644c3aaae76d4a48fec8bc149065847b9381b8173484a,726ecb819dff5108142219f90e922cdf410fa7a7e1f9d59c6b15bc2805a187f4,59,0,26.306814193725586,26.30680155762093,True,True,MEMIT_BLUE_L4_ONLY
MEMIT_L4_ONLY,70,RS,true,2,4ffa4fb7d11760101918f56e5a628f1d574bac9b59b1e2e3aa5cca1db657ea49,dcc037d73a58d236c55dfbd5f0ffeb551918976f6ca473e441dbe8118e82cc32,59,0,25.453760147094727,25.452111888094805,True,True,MEMIT_BLUE_L4_ONLY
MEMIT_L4_ONLY,70,RS,true,3,ba97db3b1045ae8a6e40f629befad8bb2114a947e53d2c0483ef31ee28ded979,af70f2fb1a3b2f385da060df45a83f6bbae60e1196f50dca5dcdb8cea4d73358,41,0,25.353979110717773,25.35282166255638,True,True,MEMIT_BLUE_L4_ONLY
MEMIT_L4_ONLY,70,RS,true,4,7ac41629d179aed0db4e78bd0f8dc44ad2f453ab59a487eafbb1bddb6d2ff3ef,8d2a4c279cf4a15a6466c607834b644b95124d5a88590e6ea4e7957d0e8691c9,67,0,25.268705368041992,25.267815509112552,True,True,MEMIT_BLUE_L4_ONLY
MEMIT_L4_ONLY,70,RS,true,5,2ac5b691fa275be817b9c8cd1a90d23383ca77c1b20fa4058caf3de6260425d2,a910dacfa7be1e95fd45ecd18ed9b5f39e9f22af8d21a9d0653bf36788fa7ea6,63,0,25.089080810546875,25.08874815274612,True,True,MEMIT_BLUE_L4_ONLY
MEMIT_L4_ONLY,70,PS,new,1,5a495ec9121e113ad1d95a0defd6956cdf0d20c1c19780e3960e7471e31c900e,d6480063bfea9b5328b322e8822c85c9ac2bbd3efc5bf9c4771745fcab8be3d9,39,0,26.530372619628906,-2.7909603118896484,False,True,MEMIT_BLUE_L4_ONLY
MEMIT_L4_ONLY,70,PS,new,2,d5358ec522f20c55c089c1c659977c1528566c9c9428ae56f7c415d1158ecbf9,2f1535d0a91d846f21c32619054cad9cca772ed1002d8e9e0975fd86bcd4f88e,23,1,22.797056198120117,-1.2595443725585938,False,True,MEMIT_BLUE_L4_ONLY
MEMIT_L4_ONLY,70,PS,new,3,f7afe154ad13c034c053d8ff862e861eaa953834827fd725ee6c9303e7e82cdc,6c5e1612f7de331970d377580a2ea9c5b8f820ae15747e3d59d11f4b08397ee9,38,1,21.657939910888672,0.11122703552246094,True,True,MEMIT_BLUE_L4_ONLY
MEMIT_L4_ONLY,70,PS,new,4,5a495ec9121e113ad1d95a0defd6956cdf0d20c1c19780e3960e7471e31c900e,6ab1eba06f7b7089348fc548a0468ea0ca6798261fa13d92f7806df0a6c8d67b,39,1,21.56295394897461,3.4096755981445312,True,True,MEMIT_BLUE_L4_ONLY
MEMIT_L4_ONLY,70,PS,new,5,2e1030083599489d2833b87315cb57aa2ac32593558298b8cb4bc58e86c26dbd,bd984bfb4a26cdaa375c2ec6713e8ee9740d5b8a378685ac510d67df8a3ad293,24,1,20.28316879272461,-8.500590324401855,False,True,MEMIT_BLUE_L4_ONLY
MEMIT_L4_ONLY,70,PS,true,1,402ec783abe582760c38c2a474bc107d2c85e1474ebf2cd0464679d5201c2f25,8fb754324618fadb1efadc819df65592fb78e2cec054490744f906ccaddda9b0,66,0,25.383262634277344,25.38256121444283,True,True,MEMIT_BLUE_L4_ONLY
MEMIT_L4_ONLY,70,PS,true,2,5a495ec9121e113ad1d95a0defd6956cdf0d20c1c19780e3960e7471e31c900e,6ab1eba06f7b7089348fc548a0468ea0ca6798261fa13d92f7806df0a6c8d67b,39,1,24.97262954711914,3.4096755981445312,True,True,MEMIT_BLUE_L4_ONLY
MEMIT_L4_ONLY,70,PS,true,3,2ac5b691fa275be817b9c8cd1a90d23383ca77c1b20fa4058caf3de6260425d2,a29cbf4b74caa9e530d5782f4ef19551bfe6a9ebd008ae06cb70ae39a9247d5e,63,1,23.99578285217285,23.99557270827063,True,True,MEMIT_BLUE_L4_ONLY
MEMIT_L4_ONLY,70,PS,true,4,8fb389863a24ce57eeb3371754416b7e81e1a509ba4ff817f0a380bc710a3804,e30bc0a15dde0c4d9d7fb39ebf44058e3073d2ce65a0cbe00ca924750da0a47d,28,1,23.779037475585938,5.246295928955078,True,True,MEMIT_BLUE_L4_ONLY
MEMIT_L4_ONLY,70,PS,true,5,5a495ec9121e113ad1d95a0defd6956cdf0d20c1c19780e3960e7471e31c900e,d6480063bfea9b5328b322e8822c85c9ac2bbd3efc5bf9c4771745fcab8be3d9,39,0,23.739412307739258,-2.7909603118896484,False,True,MEMIT_BLUE_L4_ONLY
MEMIT_L4_ONLY,70,NS,new,1,4c327801d652b4e7b3449684f83febb4fea62dbd2c80ee4136f32ecbccc0f45e,3763ca74c4ccddd8bcc94160f56fa211cbde406549d5f65850c141d1701344e5,29,1,26.46109390258789,-2.391437530517578,True,True,MEMIT_BLUE_L4_ONLY
MEMIT_L4_ONLY,70,NS,new,2,360680bcf03cc3e40a64ab70b5074c668af274ce8e656c6e292d8272adb33256,4d72c1bbe6391e7d86fba947495f9d6e6bae2857285bbd04676cd4c455423a09,43,6,25.856809616088867,-2.682086944580078,True,True,MEMIT_BLUE_L4_ONLY
MEMIT_L4_ONLY,70,NS,new,3,360680bcf03cc3e40a64ab70b5074c668af274ce8e656c6e292d8272adb33256,41709248a61ca11074c162bbe1168664481922742317436c1485c9b4a041abb4,43,3,25.385034561157227,-3.9566192626953125,True,True,MEMIT_BLUE_L4_ONLY
MEMIT_L4_ONLY,70,NS,new,4,75c0b281d3916e00e0eea545414dc218d8c4d6ebb5acd060c70e843f49df47c6,454910669b0e3e74dfbf05eaf4f6db0679439de067488b588e367f5e3be750d2,11,5,25.249895095825195,-4.618032455444336,True,True,MEMIT_BLUE_L4_ONLY
MEMIT_L4_ONLY,70,NS,new,5,9c8dd327d0f259b6facd68100f664c432101f783d31ac9b78b6e9eaf9fa786b8,03ca95e69c5622add855c9ca5f9396390c2bfd05f3515b6744f46ab32a06a891,35,8,24.896869659423828,-9.417156219482422,True,True,MEMIT_BLUE_L4_ONLY
MEMIT_L4_ONLY,70,NS,true,1,34e5e3f5728f8c532dad03be7365cdac3b7afcfa37d1ffd1007e0f041b1e8a64,2b624ddc8a24ba996360ab6c41292ec5fa339631a7bdcd3bc2d2fc8d4b8a10d4,17,9,24.069656372070312,7.756134033203125,False,True,MEMIT_BLUE_L4_ONLY
MEMIT_L4_ONLY,70,NS,true,2,4c327801d652b4e7b3449684f83febb4fea62dbd2c80ee4136f32ecbccc0f45e,3763ca74c4ccddd8bcc94160f56fa211cbde406549d5f65850c141d1701344e5,29,1,24.069656372070312,-2.391437530517578,True,True,MEMIT_BLUE_L4_ONLY
MEMIT_L4_ONLY,70,NS,true,3,218420d4de9c1de82be04c37b6eb5eb2011d5c27f8708da3dc9a666cecd4f54a,43ce43ee0bdfdeec145b5c0c41e87119b883982e3a07bc70c0f66784158a35e8,63,2,24.06963539123535,7.75615119934082,False,True,MEMIT_BLUE_L4_ONLY
MEMIT_L4_ONLY,70,NS,true,4,e44d7d26737f6e54df4011134afacdea42fc70a87e870dd5bc5d69bda73212d7,b35e46df41bc3be77c71d671f7ca9fd7d966b4ebdfe9e77727f513d8339fc1ff,4,3,23.174724578857422,9.246606826782227,False,True,MEMIT_BLUE_L4_ONLY
MEMIT_L4_ONLY,70,NS,true,5,360680bcf03cc3e40a64ab70b5074c668af274ce8e656c6e292d8272adb33256,4d72c1bbe6391e7d86fba947495f9d6e6bae2857285bbd04676cd4c455423a09,43,6,23.17472267150879,-2.682086944580078,True,True,MEMIT_BLUE_L4_ONLY
MEMIT_L4_ONLY,80,RS,new,1,c8c3195ee103d20f3b13c9b230ea1306446097d24ff35b5ff97f9e38525fdec4,66214aa9e13aa5ce26e8ea7288fac425be2f3f6c30e4c5a3a6aeaab37002a9f6,48,0,23.317678451538086,-9.812167167663574,False,True,MEMIT_BLUE_L4_ONLY
MEMIT_L4_ONLY,80,RS,new,2,2ce7089bb645979a4caa693b09279b11334d9c87a152eb1f25931ee79fb0cc87,c4f55a66a50f4bdb6d90650dc2dd65359c4883e17cbcc4d8ee1295d8333c1abd,22,0,21.127573013305664,-7.321107864379883,False,True,MEMIT_BLUE_L4_ONLY
MEMIT_L4_ONLY,80,RS,new,3,42f0bec3310ddd8a55e8d62817337ca49c55a898c14ab073d07c16dee24d73d4,3280606808d738d5a892cf0fc6d4a02db7a08a894eb3cc6715af167008808a85,31,0,18.848899841308594,-6.080329895019531,False,True,MEMIT_BLUE_L4_ONLY
MEMIT_L4_ONLY,80,RS,new,4,8b9a9848e2551d6c07ad909df74d1d0255cfa549e5eb24ca4e3fb3f9e8765bf6,5498753bd19745db8e3758331241204298700869fdfcb5ceadc2557030f8c1fd,27,0,18.77098274230957,-3.7809276580810547,False,True,MEMIT_BLUE_L4_ONLY
MEMIT_L4_ONLY,80,RS,new,5,90f7a39c159a0f8d2c18cabce0d577697d35413741cacd2e81aec55c5f47f3df,d6e7c44d5c6b772186fc097a570c5362ddde903ef69693ae47345cfdaf58dec8,11,0,18.366439819335938,-6.066789627075195,False,True,MEMIT_BLUE_L4_ONLY
MEMIT_L4_ONLY,80,RS,true,1,1ce4eb51dc2ffac87f4c9650d5e636dc77d5791c16a7413ba33a34cd56c437a8,ead7577ae190567ec6b838e0b42ff9e25ac43721d473c40c7454f65ac3fe45ba,79,0,30.84408950805664,30.844075083836287,True,True,MEMIT_BLUE_L4_ONLY
MEMIT_L4_ONLY,80,RS,true,2,a176eeb31e601c3877c87c2843a2f584968975269e369d5c86788b4c2f92d2a2,19a84941aac48b666e18504a098b570d0edeb63f98c4246aacb94e9a4e36b996,80,0,27.18267822265625,27.181649141712114,True,True,MEMIT_BLUE_L4_ONLY
MEMIT_L4_ONLY,80,RS,true,3,ca2161a802568e7eab9558628f60abb688ec5ced18cc706b23b9838b6d75426b,2107e3970daf192250ee43c1baad8d5bc1879bfd6f3b1188b34426ce1e847d79,80,0,25.28171157836914,25.279280639486387,True,True,MEMIT_BLUE_L4_ONLY
MEMIT_L4_ONLY,80,RS,true,4,c1bf9243686ece9e777c3b2c5fc45c602a1e1d5b4cfb0c17ca586e7a855aabe6,1b3d00f2bb340fa35e04f91f9d3d221ab66d3df98bdb79bfabf76448b9de262f,72,0,25.274709701538086,25.274578937503975,True,True,MEMIT_BLUE_L4_ONLY
MEMIT_L4_ONLY,80,RS,true,5,db9bdd904326faf92d0d1f209871b6a2e385c4babf07e85cb4892816cabfc0eb,3b31df4a972bd610217eb6ab43bfd60a344180fd804668e5cab4ecd0b4fcb8c9,67,0,24.885574340820312,24.884729027515277,True,True,MEMIT_BLUE_L4_ONLY
MEMIT_L4_ONLY,80,PS,new,1,c8c3195ee103d20f3b13c9b230ea1306446097d24ff35b5ff97f9e38525fdec4,c7f453e3bb04acd361237baba445839e1cfba9ed8bdc00d4f4a7f88c068bcbe5,48,1,23.091533660888672,-9.66418170928955,False,True,MEMIT_BLUE_L4_ONLY
MEMIT_L4_ONLY,80,PS,new,2,2e1030083599489d2833b87315cb57aa2ac32593558298b8cb4bc58e86c26dbd,bd984bfb4a26cdaa375c2ec6713e8ee9740d5b8a378685ac510d67df8a3ad293,24,1,21.345632553100586,-8.780779838562012,False,True,MEMIT_BLUE_L4_ONLY
MEMIT_L4_ONLY,80,PS,new,3,de690d1ae70d10081585d8ed98ed5825ac88fe8029b67a583a760fcc1d505636,d53f71326a99476326ad8a13be41543df05c4c9c200b8b2a34f3ef45d620f583,46,0,20.650339126586914,-6.13686466217041,False,True,MEMIT_BLUE_L4_ONLY
MEMIT_L4_ONLY,80,PS,new,4,9b599ae1520db6c168f43a469a661d90adf66ed146a4d2435faaae7adc525cf0,430971b9d6ea826a0b077451f1ab566c8a4251bef1eea2e89805a11dbfa75ac3,68,1,20.495338439941406,-4.2027435302734375,False,True,MEMIT_BLUE_L4_ONLY
MEMIT_L4_ONLY,80,PS,new,5,376f9bd4a137a72c75bea3c3ca59a545b6a13706d86fe7fceeb2ad742e0edb35,9f9d66e39f43bcb8ab1de610cc895e19afbff11f581a4d9014763c4ba3d69a9a,56,0,20.136037826538086,-4.261651992797852,False,True,MEMIT_BLUE_L4_ONLY
MEMIT_L4_ONLY,80,PS,true,1,1ce4eb51dc2ffac87f4c9650d5e636dc77d5791c16a7413ba33a34cd56c437a8,4738ee0f4c66332b71a7806a13c376e733d62c3ad461c6298b617bbad08a5e41,79,0,29.99892234802246,29.998629851208534,True,True,MEMIT_BLUE_L4_ONLY
MEMIT_L4_ONLY,80,PS,true,2,402ad93001ce8b9976705e8523f9b3398fb001d7d7df44fa396209450c852d5a,9db9822a5aff05a156de57f5e94881132dab9fc03af85b1d54c307df12a9624c,74,1,26.02688980102539,26.02370697678998,True,True,MEMIT_BLUE_L4_ONLY
MEMIT_L4_ONLY,80,PS,true,3,f87a17d282abaf1cfe37227b8a01e071224d2991dff1c3e6ddd892ecc43cf1fa,57e6f7e31b90846de799693a7b554813b615fb0f46094c485ff1f7d841dc9c49,76,1,25.997102737426758,25.994896582327783,True,True,MEMIT_BLUE_L4_ONLY
MEMIT_L4_ONLY,80,PS,true,4,1ce4eb51dc2ffac87f4c9650d5e636dc77d5791c16a7413ba33a34cd56c437a8,94bb59204c6b20610e9a376c155e2ae12603975938f86228d6629f958cd29215,79,1,25.996313095092773,25.99620760043763,True,True,MEMIT_BLUE_L4_ONLY
MEMIT_L4_ONLY,80,PS,true,5,1c753160f146c373c539040c119db2a019d58f51f226f1e009763326e8a7c302,3ae3766d4edd59ee3b08501bb8c7c44e83a0c07c2935a6c4596ce19fdc2f4c2a,76,1,25.029050827026367,25.02861259051133,True,True,MEMIT_BLUE_L4_ONLY
MEMIT_L4_ONLY,80,NS,new,1,9c8dd327d0f259b6facd68100f664c432101f783d31ac9b78b6e9eaf9fa786b8,03ca95e69c5622add855c9ca5f9396390c2bfd05f3515b6744f46ab32a06a891,35,8,27.210912704467773,-7.5468597412109375,True,True,MEMIT_BLUE_L4_ONLY
MEMIT_L4_ONLY,80,NS,new,2,e3768df728e2010d247673212d2b012d82445624ffb6ea2673e0200d2731fe0b,e244f4ceccf057e80d05e1c8f9966d4b2557b56975b8b2e452f64c3f5a0eb7af,70,4,26.89763641357422,3.9464664459228516,False,True,MEMIT_BLUE_L4_ONLY
MEMIT_L4_ONLY,80,NS,new,3,31cff3b077a634211331cb48ba45b1405ff204d9f8067653cb584a2b9482fa0f,c3774b4bdbb045e5a2edb9919adbf260a806d0622bdd5fd285d54d0f526f71fd,26,3,26.184749603271484,-0.7663021087646484,True,True,MEMIT_BLUE_L4_ONLY
MEMIT_L4_ONLY,80,NS,new,4,aee651be73c9084e024798b3b10ac19ccbf2a905e70571118dd757fc4c99e54a,1b97419d50754e1fbd64b853c86a75128b5c8cfc6bb800d6f8cc8e5cb8a7a594,54,4,25.579822540283203,-11.645527839660645,True,True,MEMIT_BLUE_L4_ONLY
MEMIT_L4_ONLY,80,NS,new,5,1c5c834c927a24fc22228333db7249f958a30231366e6a94bfc4880ea26098c3,f54c16cce8bc3e0324e4fb2dc9f5fa3199bce20aaf35616cd9a57478c3654035,3,2,25.25742530822754,-10.891554832458496,True,True,MEMIT_BLUE_L4_ONLY
MEMIT_L4_ONLY,80,NS,true,1,0468eabdcd833e18d0a0e89d33acec231024dcf6616acdcf979c1b112b7bf43e,00b03a36f023b3a015a268b288cac4ce244571c6956c8f5ba2361a90695e5c63,78,1,33.55240249633789,9.465421676635742,False,True,MEMIT_BLUE_L4_ONLY
MEMIT_L4_ONLY,80,NS,true,2,e3768df728e2010d247673212d2b012d82445624ffb6ea2673e0200d2731fe0b,e244f4ceccf057e80d05e1c8f9966d4b2557b56975b8b2e452f64c3f5a0eb7af,70,4,30.84410285949707,3.9464664459228516,False,True,MEMIT_BLUE_L4_ONLY
MEMIT_L4_ONLY,80,NS,true,3,b86a47eaf9d2b0cf4d6ccab66641ae9dad5a9ad4ea0891cc98f0b0e558f1b564,6f2ce63c36cb321bf905464e4744579a7a3d8b669a23064b5636f420fee5df4e,64,6,29.56095314025879,11.892148971557617,False,True,MEMIT_BLUE_L4_ONLY
MEMIT_L4_ONLY,80,NS,true,4,0468eabdcd833e18d0a0e89d33acec231024dcf6616acdcf979c1b112b7bf43e,b88d9581f943bc92cfaf59d32df2da8ea0d35446097d8e48ac094b81121f9ce2,78,6,28.199007034301758,9.156368255615234,False,True,MEMIT_BLUE_L4_ONLY
MEMIT_L4_ONLY,80,NS,true,5,7e8e682553c7dc5542418b926faaa1c6ab1da0c28b10e99ed00f277ba84fcacb,fd43c68da1f72a247b7915ddfb4155e623a5cc644e5cf98370f4986d4b0236ac,67,1,26.943830490112305,6.439393997192383,False,True,MEMIT_BLUE_L4_ONLY
MEMIT_L4_ONLY,90,RS,new,1,d2e10817886a116b52989f9a82c3e957e965ea66720247c1c3c0bbe1b8691a69,600d8063a7c030302741461be5c89b81c238ff79a5cdcfd898eab7a4ed7f3358,54,0,26.39427375793457,-4.49683952331543,False,True,MEMIT_BLUE_L4_ONLY
MEMIT_L4_ONLY,90,RS,new,2,f7afe154ad13c034c053d8ff862e861eaa953834827fd725ee6c9303e7e82cdc,5e12326e7e604ac6f45bb2ee5eb47ada619b06d8aa6d00f3df0aeec79fbdb1e6,38,0,25.76869773864746,-5.655696868896484,False,True,MEMIT_BLUE_L4_ONLY
MEMIT_L4_ONLY,90,RS,new,3,47640e5f52b61369ed665d52e51fcd0d0577385d0d531b8eb91018ecb947df5d,9d6ec783f5629b516c523fb917d55c6df0627c884a99145fdd8199639a1ffca7,46,0,24.446348190307617,-4.3944549560546875,False,True,MEMIT_BLUE_L4_ONLY
MEMIT_L4_ONLY,90,RS,new,4,1500feefa7a172c69f264efda56f612f0bdab7cc7c29b0fab0ebf2975a08ac88,8882e65af9ea86c38a49260741cd5b4615624769b738292564a098ec5205029b,39,0,22.45856475830078,-1.7705860137939453,False,True,MEMIT_BLUE_L4_ONLY
MEMIT_L4_ONLY,90,RS,new,5,6beb5eb7eefdd7dada9588445e3b6485c1f68eac97d0b105aa18e59ecd0f35b3,ed9706764e88bf7c60f21ba08211a097c8196fbda03713a0b67651d961401a5b,19,0,19.663209915161133,-2.995637893676758,False,True,MEMIT_BLUE_L4_ONLY
MEMIT_L4_ONLY,90,RS,true,1,b8ffef9393c5b3d2ea96b5548e59ae9caab0fbe5de9bda2fecaa51a5c09ae400,66a10437e715bf8829ba6a86770ca279196cc6602f8537a96eb9a5c0d932bfeb,88,0,32.18421173095703,32.18415153207752,True,True,MEMIT_BLUE_L4_ONLY
MEMIT_L4_ONLY,90,RS,true,2,d1fd98f27e45678db3955cbaea7a183d78ce35d73c30ee57ebfc3bbec4b04094,01e2941cabdf800d15b3c2bafc0f6788750deeab70827ba2e402853c2a1128fd,89,0,30.17650032043457,30.176459551687003,True,True,MEMIT_BLUE_L4_ONLY
MEMIT_L4_ONLY,90,RS,true,3,c42fb977a595a4b77a8f99123889f6f7ab32196125b7ceb76bbeebcbb9331130,052f94a67aaa6e7354cfced95ecb517ca9e4d0b4761132f2977e0c6b59388374,89,0,27.216211318969727,27.21430745278485,True,True,MEMIT_BLUE_L4_ONLY
MEMIT_L4_ONLY,90,RS,true,4,8e57858ab42fef1ee804b572421beb315e9fb3bd562f10f2f1c9ccf0384e8d99,c8a5f6f25b6f8726323878cfabb28dff76d1dd6b7a9af179cb2e80ecae16a3d9,89,0,26.66200065612793,26.661863455650746,True,True,MEMIT_BLUE_L4_ONLY
MEMIT_L4_ONLY,90,RS,true,5,a0359ec589252c3135979156ce6ba72924047e6676110867a5be09917caee9c9,70beaa2d3af84e508d1b80a68ea85246889cddf20d9ccd82a93034b31720838f,84,0,25.934062957763672,25.934047818298495,True,True,MEMIT_BLUE_L4_ONLY
MEMIT_L4_ONLY,90,PS,new,1,f7afe154ad13c034c053d8ff862e861eaa953834827fd725ee6c9303e7e82cdc,6c5e1612f7de331970d377580a2ea9c5b8f820ae15747e3d59d11f4b08397ee9,38,1,26.861270904541016,-7.973728179931641,False,True,MEMIT_BLUE_L4_ONLY
MEMIT_L4_ONLY,90,PS,new,2,47640e5f52b61369ed665d52e51fcd0d0577385d0d531b8eb91018ecb947df5d,f8db35ff2b82784010d41f757959383c2b48a12acd1315b57e32b403fb46064f,46,0,25.779727935791016,-5.314872741699219,False,True,MEMIT_BLUE_L4_ONLY
MEMIT_L4_ONLY,90,PS,new,3,47640e5f52b61369ed665d52e51fcd0d0577385d0d531b8eb91018ecb947df5d,2addc22b678e1a6987bd2b7bdf86bfd31a44bda0e3fe8e76f28a0ac170bf1722,46,1,24.34285545349121,-6.323076248168945,False,True,MEMIT_BLUE_L4_ONLY
MEMIT_L4_ONLY,90,PS,new,4,de690d1ae70d10081585d8ed98ed5825ac88fe8029b67a583a760fcc1d505636,d53f71326a99476326ad8a13be41543df05c4c9c200b8b2a34f3ef45d620f583,46,0,22.778608322143555,-8.77313232421875,False,True,MEMIT_BLUE_L4_ONLY
MEMIT_L4_ONLY,90,PS,new,5,376f9bd4a137a72c75bea3c3ca59a545b6a13706d86fe7fceeb2ad742e0edb35,9f9d66e39f43bcb8ab1de610cc895e19afbff11f581a4d9014763c4ba3d69a9a,56,0,22.341533660888672,-9.170633316040039,False,True,MEMIT_BLUE_L4_ONLY
MEMIT_L4_ONLY,90,PS,true,1,432b481c56ca915ed2cd16872566186e62427d501241bba7c9a80e2a8963d00b,8b02a6f34d94f33e6861ff82ca71875fadd0f68bf33b937a1421ce2dd9546032,88,0,26.74962615966797,26.749603986985676,True,True,MEMIT_BLUE_L4_ONLY
MEMIT_L4_ONLY,90,PS,true,2,1ce4eb51dc2ffac87f4c9650d5e636dc77d5791c16a7413ba33a34cd56c437a8,4738ee0f4c66332b71a7806a13c376e733d62c3ad461c6298b617bbad08a5e41,79,0,25.052371978759766,25.052140262749163,True,True,MEMIT_BLUE_L4_ONLY
MEMIT_L4_ONLY,90,PS,true,3,f333689aaf4012ba4978883b42daa51553b5b1211da6a51dd7e230fa16f42d41,958b149641034de81d3884ee3a8cde0d7b70e55e01742e247365d761d0ff3213,8,0,23.96357536315918,3.514568328857422,True,True,MEMIT_BLUE_L4_ONLY
MEMIT_L4_ONLY,90,PS,true,4,6c506d78b6578e107540fef695f902ce6b6bd46f3cf0cfccc5c2bddad4f66253,2e5ea31e075b2dada64dc2a54b91d1715614aa1922062467800126b2eb552c37,78,1,23.700220108032227,23.698985742754303,True,True,MEMIT_BLUE_L4_ONLY
MEMIT_L4_ONLY,90,PS,true,5,313cd30d563191516de3d1bf3c203f1afe84f2aaface1665be0fbc07b503f177,ff07e97903c652514fbff10d2ce0310de36bcfe60e6904733a908fb6c54edd84,83,1,23.64621925354004,23.63151224516332,True,True,MEMIT_BLUE_L4_ONLY
MEMIT_L4_ONLY,90,NS,new,1,5a495ec9121e113ad1d95a0defd6956cdf0d20c1c19780e3960e7471e31c900e,1ac8539f9b3c75b0d7187f25ff84e8501922de0fb0586d7ff0e5a661602c7538,39,4,32.926673889160156,-10.215999603271484,True,True,MEMIT_BLUE_L4_ONLY
MEMIT_L4_ONLY,90,NS,new,2,744bd2a4699976ac770a220d485c8d6a00778102b9f01557569315b809e38363,b120f6874d44660032daf0ef3960b3882dccdd91d184bcd3d5a31deb362f35de,76,5,32.2545280456543,-9.065303802490234,True,True,MEMIT_BLUE_L4_ONLY
MEMIT_L4_ONLY,90,NS,new,3,d2e10817886a116b52989f9a82c3e957e965ea66720247c1c3c0bbe1b8691a69,364ee4a3bdc09a92adeaa56f71d32918c02d49a7908f4f06cac28f6f204c0643,54,0,32.17314147949219,-9.462495803833008,True,True,MEMIT_BLUE_L4_ONLY
MEMIT_L4_ONLY,90,NS,new,4,7ac41629d179aed0db4e78bd0f8dc44ad2f453ab59a487eafbb1bddb6d2ff3ef,d684a3b6907dcb5e29a4df9dc709c155465a86b4fb931f908c97971943fbbaad,67,7,30.13280487060547,-9.398630142211914,True,True,MEMIT_BLUE_L4_ONLY
MEMIT_L4_ONLY,90,NS,new,5,f7afe154ad13c034c053d8ff862e861eaa953834827fd725ee6c9303e7e82cdc,408c03d9fa606ea4e111a4f8ccb068741cdeb81e5ebf5b8ddf683616ce44b0c5,38,2,29.882577896118164,-7.171907424926758,True,True,MEMIT_BLUE_L4_ONLY
MEMIT_L4_ONLY,90,NS,true,1,88c9cc95244b486d747d70adde39c7f59599dc3ba364ef4a79f3185ac65b7902,d7f786e8fe8d5e6a494e631a1ac045b543f79915b955b5c27ec2881bb83a5885,23,8,26.38279914855957,3.281850814819336,False,True,MEMIT_BLUE_L4_ONLY
MEMIT_L4_ONLY,90,NS,true,2,0d56ac2b602acab77489ab4c24bac877ec26edd2411b8c293d0253e778e9b1fa,36cda4c7b4664284eea3895e1d6204db8f999ea61f2963d96fedfa825be0b054,29,2,24.45612335205078,-2.724153518676758,True,True,MEMIT_BLUE_L4_ONLY
MEMIT_L4_ONLY,90,NS,true,3,8277015b9430fcc7627618452ddb8b4bbbe95a119c342db1072bd57bf59611d0,3bac2bc816ecb7ca36c7f3f8f043d3e4ea95a607eb05519b4cc2e1e191eff9e1,75,2,24.25379180908203,1.1968269348144531,False,True,MEMIT_BLUE_L4_ONLY
MEMIT_L4_ONLY,90,NS,true,4,0f38901778dd701146bbce9e2768674b8b047fd615658c3293f25f04ea14ec9c,11e4fb8ae2af9c6ec51ec0859edb07d4f4186921437e5d0cb60bc5cf2e531c7b,10,9,24.044414520263672,3.5281715393066406,False,True,MEMIT_BLUE_L4_ONLY
MEMIT_L4_ONLY,90,NS,true,5,2cdf8ea6075c80ecb3bde9d55433e51e2d4b524ea97d03d89bcc30e76c830771,59cc26f40d637c02addde01abb7b976cea8aeaba2507094b7549b2a7dcb521eb,54,7,23.620101928710938,-4.561800003051758,True,True,MEMIT_BLUE_L4_ONLY
MEMIT_L4_ONLY,100,RS,new,1,d9b76e73f74e659b11b26e4fac3aaf3d9d4da1e7b5d3f354bc0b04016f013c20,c57b586de051b945f0feb8b4c7f9a9d129e0881554f545a18334b3c5c575c7af,11,0,24.245737075805664,-1.657663345336914,False,True,MEMIT_BLUE_L4_ONLY
MEMIT_L4_ONLY,100,RS,new,2,142472979dc6cfe2d4c0b44f3c1f6474f9657e6e2c8cc598f70bbcdb4815fec7,a2966672989fd0882ab224eb89fda551db4cd4386f509da0b860a076766d66cb,1,0,22.077789306640625,-2.8426246643066406,False,True,MEMIT_BLUE_L4_ONLY
MEMIT_L4_ONLY,100,RS,new,3,6f8b95ec81c4c65578c705246889ade2223999b1383dbb36d4aae1502b94f22f,a7389cbd575a13b6e5007c3e14273384071a503e18513fef04a03f1064ae8642,40,0,21.560808181762695,-4.357442855834961,False,True,MEMIT_BLUE_L4_ONLY
MEMIT_L4_ONLY,100,RS,new,4,92a7194ae5db4ecb83f724e83d0d50b3c216561849b48f4d60946b3b0a301a3a,4c567137707bd3559262442b689af8f22756484b0aad83d9831435f93997b7f5,54,0,20.65412139892578,1.9153804779052734,True,True,MEMIT_BLUE_L4_ONLY
MEMIT_L4_ONLY,100,RS,new,5,c49eb5e7bb09a8e471441ed78fa006cbb96c24b221b12523d8ac63ecef1d81b0,6307dd1fa0c01d7ebfef42fa0d06e87241109f8922d7220402888ce5f1f0ed88,4,0,20.197010040283203,-15.621338844299316,False,True,MEMIT_BLUE_L4_ONLY
MEMIT_L4_ONLY,100,RS,true,1,516986ede3b35eb1820e6e104e58c760075d65783fda4e8dbf0d04218de66a11,abd0d33241187f6ff257217b1e5ea69a9c3a3605b484c74cbf7f74506dba2038,100,0,29.37495994567871,29.37470046072849,True,True,MEMIT_BLUE_L4_ONLY
MEMIT_L4_ONLY,100,RS,true,2,0d4bbd51c3152c8883b6937c7191b8442e74c29624a392ec6ee3b232660a2f45,cc13f07b9c3a0d3c40e6e9b6c8647627e48dad352a6570bd64c643c6c34a6ad1,98,0,28.093706130981445,28.093667507917417,True,True,MEMIT_BLUE_L4_ONLY
MEMIT_L4_ONLY,100,RS,true,3,2b360584e436fdeb5051678520a95ca311d2e756e05216fdaabd9dd31db18fff,51e4c59e8bd733db3a5d47802a7e64648b653d7a20907c2c4e6caa704da1cb36,100,0,26.482454299926758,26.48214142449433,True,True,MEMIT_BLUE_L4_ONLY
MEMIT_L4_ONLY,100,RS,true,4,c42fb977a595a4b77a8f99123889f6f7ab32196125b7ceb76bbeebcbb9331130,052f94a67aaa6e7354cfced95ecb517ca9e4d0b4761132f2977e0c6b59388374,89,0,25.470840454101562,25.469810777693056,True,True,MEMIT_BLUE_L4_ONLY
MEMIT_L4_ONLY,100,RS,true,5,a752a3a1701d494f696349ea895935729d7498a654b976f9ad3615088a03a458,f46e2b6fa028303879faa36a98b9af91018d78220926da63862e50f08a984fb2,65,0,25.35325050354004,14.558205604553223,True,True,MEMIT_BLUE_L4_ONLY
MEMIT_L4_ONLY,100,PS,new,1,1c5c834c927a24fc22228333db7249f958a30231366e6a94bfc4880ea26098c3,1862cbe0835ddf9513c2870ddaba45d325beb8de6053b8c4d1fca76c35d96904,3,0,21.150604248046875,-10.412927627563477,False,True,MEMIT_BLUE_L4_ONLY
MEMIT_L4_ONLY,100,PS,new,2,2ce7089bb645979a4caa693b09279b11334d9c87a152eb1f25931ee79fb0cc87,bc10ad880e09c95abd17375b514aed24b0f8dd047a08287ef2c2849f6b6ec2af,22,1,20.08787727355957,-5.034566879272461,False,True,MEMIT_BLUE_L4_ONLY
MEMIT_L4_ONLY,100,PS,new,3,9b599ae1520db6c168f43a469a661d90adf66ed146a4d2435faaae7adc525cf0,430971b9d6ea826a0b077451f1ab566c8a4251bef1eea2e89805a11dbfa75ac3,68,1,19.307781219482422,5.705181121826172,True,True,MEMIT_BLUE_L4_ONLY
MEMIT_L4_ONLY,100,PS,new,4,f7afe154ad13c034c053d8ff862e861eaa953834827fd725ee6c9303e7e82cdc,2d33725815480a1e45ed5de195b94bc3be87cce50a7d99f9b3fefa193d85bdad,38,0,18.786684036254883,-4.658424377441406,False,True,MEMIT_BLUE_L4_ONLY
MEMIT_L4_ONLY,100,PS,new,5,f7afe154ad13c034c053d8ff862e861eaa953834827fd725ee6c9303e7e82cdc,6c5e1612f7de331970d377580a2ea9c5b8f820ae15747e3d59d11f4b08397ee9,38,1,18.65801239013672,-6.898943901062012,False,True,MEMIT_BLUE_L4_ONLY
MEMIT_L4_ONLY,100,PS,true,1,432b481c56ca915ed2cd16872566186e62427d501241bba7c9a80e2a8963d00b,383784c7eb261b8254f68b3cd4b39867a5612082f718a59158b702aa75d125c4,88,1,26.74201202392578,26.741926792914455,True,True,MEMIT_BLUE_L4_ONLY
MEMIT_L4_ONLY,100,PS,true,2,a752a3a1701d494f696349ea895935729d7498a654b976f9ad3615088a03a458,5fba5a92239609c7622c2d8bf0d7656c0d8cd72a16c509f41d2721abc8cdc908,65,0,26.594871520996094,16.061702728271484,True,True,MEMIT_BLUE_L4_ONLY
MEMIT_L4_ONLY,100,PS,true,3,915221c5a669df7361fad9552302ae3caf29916ea4f802079b750507eb43104e,39489cdd7476f703d18c4f127f357c6d2f27345b373de3e736955cfdcf23290a,92,0,26.557077407836914,26.543409364297986,True,True,MEMIT_BLUE_L4_ONLY
MEMIT_L4_ONLY,100,PS,true,4,011af72a910ac4acf367eef9e6b761e0980842c30d4e9809840f4141d5163ede,b462fdbde67a2f34c5cfdec2adbf5b512056d4d5cce0495321bce378946e1455,92,1,26.013736724853516,26.012935601756908,True,True,MEMIT_BLUE_L4_ONLY
MEMIT_L4_ONLY,100,PS,true,5,9b599ae1520db6c168f43a469a661d90adf66ed146a4d2435faaae7adc525cf0,430971b9d6ea826a0b077451f1ab566c8a4251bef1eea2e89805a11dbfa75ac3,68,1,25.012962341308594,5.705181121826172,True,True,MEMIT_BLUE_L4_ONLY
MEMIT_L4_ONLY,100,NS,new,1,1d5eb45c977690556ce581c5c6361864fc705a5653187828c354019012f73c52,1b606f08225fb8801b1fc40dbd2c263bde4b83c9f3ba1b124d3af2dcc6c29a23,29,9,29.35490608215332,-3.054769515991211,True,True,MEMIT_BLUE_L4_ONLY
MEMIT_L4_ONLY,100,NS,new,2,ad26d95ac0934dd600b69f6da0eef55fc5c741df128837456ef870f42e4e1f74,8a97f722cbff331eb61739ebc0d76c9b42b4edfecfac62d9be454e2534b93560,14,7,28.370779037475586,-13.94748592376709,True,True,MEMIT_BLUE_L4_ONLY
MEMIT_L4_ONLY,100,NS,new,3,1a7b6b4840a63e5d64d2738d15547f2e41dcfeaca0786f82309e69aa9ccedb23,6fc40937068ae75dbf578df3090945fe3c68d0bce96d99d2b1af618499827925,97,3,28.10835075378418,-4.329376220703125,True,True,MEMIT_BLUE_L4_ONLY
MEMIT_L4_ONLY,100,NS,new,4,f7afe154ad13c034c053d8ff862e861eaa953834827fd725ee6c9303e7e82cdc,81163399c8a8bf5cb7bdb717de10fdbd9263a3a8c19316a69c40ad601a275f4e,38,7,26.766061782836914,-6.644233703613281,True,True,MEMIT_BLUE_L4_ONLY
MEMIT_L4_ONLY,100,NS,new,5,0d56ac2b602acab77489ab4c24bac877ec26edd2411b8c293d0253e778e9b1fa,de913faa1672df3a697538f2fec0f5102fe5a811a1cc8fbbde794c543fe96077,29,9,26.725801467895508,-4.033172607421875,True,True,MEMIT_BLUE_L4_ONLY
MEMIT_L4_ONLY,100,NS,true,1,d9374fd55c21b719916e9c3e7d62e8e38229d0770b8205f57bb35f2a39881694,0699233f07a594dc84e93af0234780e468592126f79d732bf36c71b4d3c16e85,95,2,27.581714630126953,2.7536163330078125,False,True,MEMIT_BLUE_L4_ONLY
MEMIT_L4_ONLY,100,NS,true,2,f45d0df1d4e753e786cdc0100aff5844f019a36b280ab07cd851e492f91c88c1,3d6b6f6d6e26b626b82ac28d4ef3db3699b8adf97527964b6b3db86f30801813,56,2,27.581714630126953,4.506551742553711,False,True,MEMIT_BLUE_L4_ONLY
MEMIT_L4_ONLY,100,NS,true,3,8277015b9430fcc7627618452ddb8b4bbbe95a119c342db1072bd57bf59611d0,3bac2bc816ecb7ca36c7f3f8f043d3e4ea95a607eb05519b4cc2e1e191eff9e1,75,2,27.452064514160156,2.581207275390625,False,True,MEMIT_BLUE_L4_ONLY
MEMIT_L4_ONLY,100,NS,true,4,1d5eb45c977690556ce581c5c6361864fc705a5653187828c354019012f73c52,1b606f08225fb8801b1fc40dbd2c263bde4b83c9f3ba1b124d3af2dcc6c29a23,29,9,26.30013656616211,-3.054769515991211,True,True,MEMIT_BLUE_L4_ONLY
MEMIT_L4_ONLY,100,NS,true,5,620e9c1f98e4730c1968dd7e14627cdff6689e377fa8ff7d5be4fd3540b57543,21c80631e0a71533c06e78a87359de2b9515b414a212d69b9f7da059f09c28c3,79,0,25.320791244506836,5.580808639526367,False,True,MEMIT_BLUE_L4_ONLY
AlphaEdit_L4_ONLY,1,RS,new,1,3b1a550f21840173e60119932fdeed9da53824cf60de4fb40c725cb3951d2ea9,a186cb69c18f1a9210efde8aae9917a7f112091c6fa0784074fa7cbecff0b34b,1,0,0.018542403355240822,6.489442711696029,True,True,AlphaEdit_BLUE_L4_ONLY
AlphaEdit_L4_ONLY,1,RS,new,2,0f81cabf1d072c91856197320f16efe15ba52c41c5b4ecf09575a3b9e5718c7a,ccdfd270e0e93de856c77c74db454db9e798da2abd271b208e99960c5a997ce1,1,0,0.01651287078857422,4.5257110595703125,True,True,AlphaEdit_BLUE_L4_ONLY
AlphaEdit_L4_ONLY,1,RS,new,3,142472979dc6cfe2d4c0b44f3c1f6474f9657e6e2c8cc598f70bbcdb4815fec7,a2966672989fd0882ab224eb89fda551db4cd4386f509da0b860a076766d66cb,1,0,0.013986782170832157,18.488038822077215,True,True,AlphaEdit_BLUE_L4_ONLY
AlphaEdit_L4_ONLY,1,RS,new,4,5763aafce45eb22c277e759f13421c4d37693b1b57019bf46f4be5c3edb10cc3,9c2b3d1ad8b8c065039738a807980c11ad62d2e0629d620ceba1a665e0b9c463,1,0,0.008253868669271469,9.270412627607584,True,True,AlphaEdit_BLUE_L4_ONLY
AlphaEdit_L4_ONLY,1,RS,new,5,f2c8c2a5b93d7e3fdd1bcb8f9263d470c225dcdd4458b904415233d5e2a21d0f,654693ee9ff4134ad70a5b7acff729491696fcddc136d7e188c8bde9f1ffa371,1,0,0.006757265888154507,8.396610730327666,True,True,AlphaEdit_BLUE_L4_ONLY
AlphaEdit_L4_ONLY,1,RS,true,1,b5bf10f0b7d29480034eeb57c95a2cbb3a94a9a6c8b83d7f0433fe898330c59d,5dde015dbf947a1228b0f0787c8ec8b9b67f70589c4ebde5dfa6743a5a85d65c,1,0,25.398399353027344,25.398161677949247,True,True,AlphaEdit_BLUE_L4_ONLY
AlphaEdit_L4_ONLY,1,RS,true,2,f27f4a6236a87083d1d1c5cc7ff4324e147db1335ce7c412a5e5efb2fcccc333,3948ec528375109b491d1b9b5d97f2f5988fa33f8f3f9f2db426ec8f14ff98d9,1,0,23.691804885864258,23.688237125054002,True,True,AlphaEdit_BLUE_L4_ONLY
AlphaEdit_L4_ONLY,1,RS,true,3,9f3e62b138fd783f92d5d2b532554ba3a31db3eb63690776caa4787203cbd4fa,43525428ffa484f756dfcb0b6702473f48c4ebceeb15bdc13783b421a305a4d0,1,0,23.183767318725586,23.183359229384223,True,True,AlphaEdit_BLUE_L4_ONLY
AlphaEdit_L4_ONLY,1,RS,true,4,484f4ed1203576cc2e069e96eb5104a8452b06fc60ca799c0ae5d7b4032250a7,a418fed9111c6628d737019c0a5b452a1d43f29fe1890e9b3055a0b21a872765,1,0,21.864788055419922,21.863117660279386,True,True,AlphaEdit_BLUE_L4_ONLY
AlphaEdit_L4_ONLY,1,RS,true,5,95f4b096690274bdd3cec9f2a44807f912a00e93adf5d1bcf5e21be88c259bd9,d68792413aad968606e77628a99530115aed243791bda4e2ab98f48a3d07fbf6,1,0,21.00338363647461,21.00108494516462,True,True,AlphaEdit_BLUE_L4_ONLY
AlphaEdit_L4_ONLY,1,PS,new,1,b1cba45079f1230881954a0d5653c20fcc9484eb89a89246c7518273c81babbe,861c8f0fdef0d9e33d0579270144017600e57e8cf2bc7db4a2cc2ff442319636,1,1,11.46380615234375,1.818894386291504,True,True,AlphaEdit_BLUE_L4_ONLY
AlphaEdit_L4_ONLY,1,PS,new,2,9f3e62b138fd783f92d5d2b532554ba3a31db3eb63690776caa4787203cbd4fa,03c5b0e118f62c1138077e7d6a258cd3c76968c1addffa5f2d6d6df0a3487e64,1,1,9.915263175964355,3.367966651916504,True,True,AlphaEdit_BLUE_L4_ONLY
AlphaEdit_L4_ONLY,1,PS,new,3,618dd2c82346f223f482616b7d919335639c543efd95b712a2e8ebeafadcf85a,fdd1b794ce6c9750d888cbdd093ca00730c304a3ab0a034534fc0f9eba155f0f,1,1,9.526952743530273,-1.299224853515625,False,True,AlphaEdit_BLUE_L4_ONLY
AlphaEdit_L4_ONLY,1,PS,new,4,68fb74e20a2f319724f156afdb0a5f9470feb0bcbacfa1f2ca998fa86adda627,94bb829fdfd7ec8c15cd151f74806197939d079e3ca34c10cd9d318af21a0da1,1,1,9.178194046020508,-0.7964010238647461,False,True,AlphaEdit_BLUE_L4_ONLY
AlphaEdit_L4_ONLY,1,PS,new,5,ed357b3acfc8996fd83a52b09bb4e10449e60f403e3b287249524e613af115da,ed3c97ab7602a3026b54f3a318f2fae6ff10cf614390ed171a1f4f7bedcb2a4c,1,1,8.546892166137695,-1.0611605644226074,False,True,AlphaEdit_BLUE_L4_ONLY
AlphaEdit_L4_ONLY,1,PS,true,1,b5bf10f0b7d29480034eeb57c95a2cbb3a94a9a6c8b83d7f0433fe898330c59d,e146133d7eba8a6bff87660f9c0994b7e451590e4c367ca03a1601e032ef7fd4,1,1,22.264360427856445,22.26214927691035,True,True,AlphaEdit_BLUE_L4_ONLY
AlphaEdit_L4_ONLY,1,PS,true,2,2d87bf8c9d80ac79caa5553efc2ace391aebed8c986b665ddbbef87ad8a6f6cf,463c829b7d0e67dbfb648f66e8538fffa0f147b3f6495db88d07aab34bd026ba,1,0,19.63389015197754,19.627059713937342,True,True,AlphaEdit_BLUE_L4_ONLY
AlphaEdit_L4_ONLY,1,PS,true,3,95f4b096690274bdd3cec9f2a44807f912a00e93adf5d1bcf5e21be88c259bd9,eca08a6e400ecb83b77e9b3cf24f65010472626737ebd9c8ab2c825e912b0c48,1,0,19.587278366088867,19.58507256768644,True,True,AlphaEdit_BLUE_L4_ONLY
AlphaEdit_L4_ONLY,1,PS,true,4,b5bf10f0b7d29480034eeb57c95a2cbb3a94a9a6c8b83d7f0433fe898330c59d,d94000a5561dfe321ff0b26568720f5652e93bf1910b1757d38e9cf4faf1d4d4,1,0,19.53585433959961,13.384721755981445,True,True,AlphaEdit_BLUE_L4_ONLY
AlphaEdit_L4_ONLY,1,PS,true,5,57fed2298c58938072ff40f273082f101e41c2b5d471e0f14e9a10a32caf3223,96eeea854229f21ef7b41c9b15de9d00c500666ce54b889dabc9c6ef17468aeb,1,1,17.97533416748047,17.97428472293541,True,True,AlphaEdit_BLUE_L4_ONLY
AlphaEdit_L4_ONLY,1,NS,new,1,c81b352b270b2e498256b5e24c726a039cd665477a83d71d95633340782782d4,29934bc60846741c680f72a6f0fa41d4ac12b9b8157c0202be1cd54cd5d08b89,1,1,23.5407772064209,-11.382601737976074,True,True,AlphaEdit_BLUE_L4_ONLY
AlphaEdit_L4_ONLY,1,NS,new,2,4ac2b92481a3f06f088153438d84170ffe48af1e2bff8055d276137e4e290ef0,3a4f1207d056d2935e97985daf6fd032c3893187ba01bd945fbae26325019449,1,5,22.87342643737793,-12.437390327453613,True,True,AlphaEdit_BLUE_L4_ONLY
AlphaEdit_L4_ONLY,1,NS,new,3,b39673b7e758f1e40454c363190771b1b189aa9b80171d1e3cda2bf0f7e29b80,e1fffe4f70868555a1432b21f106f6eef338d3574f9c1a0ca1eab9e18f4a012a,1,8,22.590396881103516,-16.653017044067383,True,True,AlphaEdit_BLUE_L4_ONLY
AlphaEdit_L4_ONLY,1,NS,new,4,7af0d5719d69078a48d83de5be42a15791e0f56fbc3cbb4e8f3b5817b88a115b,bb232d496c9c8d951a403905136d939d1d9080ab08f0dbf3ed5b46eedc11e178,1,6,21.987627029418945,-15.730582237243652,True,True,AlphaEdit_BLUE_L4_ONLY
AlphaEdit_L4_ONLY,1,NS,new,5,b39673b7e758f1e40454c363190771b1b189aa9b80171d1e3cda2bf0f7e29b80,2c929f6cd8dd7eba61e2296196aef5f3251b004f26b594d54166b93f7bd81709,1,9,21.6838436126709,-13.815308094024658,True,True,AlphaEdit_BLUE_L4_ONLY
AlphaEdit_L4_ONLY,1,NS,true,1,5fe46e04994d11413f7a0b17bb2e12cb4ce78b5bd2770a9242dc465a50baa18f,f5f155accebf4965cdf515c566d42a08477c7a0a2e3676209af64b587ee98cc3,1,7,18.833627700805664,5.338427543640137,False,True,AlphaEdit_BLUE_L4_ONLY
AlphaEdit_L4_ONLY,1,NS,true,2,142472979dc6cfe2d4c0b44f3c1f6474f9657e6e2c8cc598f70bbcdb4815fec7,52fbe76c434293586da85f1a232c5f4e40873a6e3de7beb6c78a94a80ec19695,1,4,17.34767723083496,1.0868301391601562,False,True,AlphaEdit_BLUE_L4_ONLY
AlphaEdit_L4_ONLY,1,NS,true,3,23da7cbdb3fa4585f6d29153c16b5421d171a13222c8c6e73392dcab15fa7ae0,b772a44e8b107ed9ea753ac071878ba17aacfd98e28364ae7619494efe865648,1,3,16.316699981689453,1.0441265106201172,False,True,AlphaEdit_BLUE_L4_ONLY
AlphaEdit_L4_ONLY,1,NS,true,4,c0f05a43ae2cffe9f74c5a1dc3d7b8b25b5f5da23b9c735674327f023e5d7384,ce83bf5a2207e2bf81685fd7324a79f4992845382f379e27a24b2341727696ac,1,7,16.13881492614746,5.057497978210449,False,True,AlphaEdit_BLUE_L4_ONLY
AlphaEdit_L4_ONLY,1,NS,true,5,ed357b3acfc8996fd83a52b09bb4e10449e60f403e3b287249524e613af115da,679d2ec64e63d1aa49d0d9c365f9bb6aca215a4a9b799b8dc9aeda3a9fc16e7c,1,7,15.53929615020752,1.9860143661499023,False,True,AlphaEdit_BLUE_L4_ONLY
AlphaEdit_L4_ONLY,5,RS,new,1,9110f470a27932ba7b53c098bf2b76bed3c5ebe0757f48fa56bad6fdba8cb2f4,97170bb02161bd4e097ceff356c151ad357cf65de772289ec85f664683937f57,2,0,2.151254177093506,2.3397703170776367,True,True,AlphaEdit_BLUE_L4_ONLY
AlphaEdit_L4_ONLY,5,RS,new,2,5fab5bd05f98260a1f33ff741eee56f962974eae8eba07a27b24ad12458a8d45,9db0245497d04953ba9ef8cebc6c5db9f755c8dc4f491a98273bca288a2197ff,1,0,1.0299626588821411,5.500756144523621,True,True,AlphaEdit_BLUE_L4_ONLY
AlphaEdit_L4_ONLY,5,RS,new,3,142472979dc6cfe2d4c0b44f3c1f6474f9657e6e2c8cc598f70bbcdb4815fec7,a2966672989fd0882ab224eb89fda551db4cd4386f509da0b860a076766d66cb,1,0,0.10054094344377518,16.931805782020092,True,True,AlphaEdit_BLUE_L4_ONLY
AlphaEdit_L4_ONLY,5,RS,new,4,6d472e1b4030a07e71bff9918569690f973046792d391c5d1c661fea562f6024,3ab988140a01f4a32829fa32fe64d325300b41868e140e639e28a97aec4e802f,2,0,0.06564314663410187,5.728061839938164,True,True,AlphaEdit_BLUE_L4_ONLY
AlphaEdit_L4_ONLY,5,RS,new,5,5763aafce45eb22c277e759f13421c4d37693b1b57019bf46f4be5c3edb10cc3,9c2b3d1ad8b8c065039738a807980c11ad62d2e0629d620ceba1a665e0b9c463,1,0,0.053269267082214355,6.689671158790588,True,True,AlphaEdit_BLUE_L4_ONLY
AlphaEdit_L4_ONLY,5,RS,true,1,30e4c02268d49ca010e3c62fcc2615da2fad4cf0c359eb8fedc0366739b34205,ea1daa1b3040a68310d2a667083d9585c2fb658f53ddb307818dc351a00fa508,4,0,26.466487884521484,26.465992335113697,True,True,AlphaEdit_BLUE_L4_ONLY
AlphaEdit_L4_ONLY,5,RS,true,2,4eca3674d249df169724ce4c78ad73e98c6ce3805be4728f91e58fabf2b9b9c5,f8d3defa5c21abc719a4f2c82897cef00386ba0215f36a16aacb54f446aaeef0,3,0,25.978836059570312,25.978675735925208,True,True,AlphaEdit_BLUE_L4_ONLY
AlphaEdit_L4_ONLY,5,RS,true,3,880c2fc00805b3104264d490baf0090788b267e456c6d9f50aeca7e330b427b0,672e2086bf157babd531c8fae179676b0160fe57ddc8c0a7d6729b15bfe99b80,5,0,25.876564025878906,25.875576387974434,True,True,AlphaEdit_BLUE_L4_ONLY
AlphaEdit_L4_ONLY,5,RS,true,4,b5bf10f0b7d29480034eeb57c95a2cbb3a94a9a6c8b83d7f0433fe898330c59d,5dde015dbf947a1228b0f0787c8ec8b9b67f70589c4ebde5dfa6743a5a85d65c,1,0,25.7169246673584,25.716712378154625,True,True,AlphaEdit_BLUE_L4_ONLY
AlphaEdit_L4_ONLY,5,RS,true,5,6f7c5d50ddef6fe32da94db0694f7e3ed72d641a95837a7f0f8023fb124a0532,ca581d2e0ae148747fa8797c120bf66d6b641ed025bab6d9aba0a5275572ff90,4,0,25.3280029296875,25.327578515483765,True,True,AlphaEdit_BLUE_L4_ONLY
AlphaEdit_L4_ONLY,5,PS,new,1,f97dc9594fc3b90a189a22d95d1d190d040a5701ffd3725b27622be0a06a3fd4,a9f08cadad9884cc2b296bf38affcc7ad63d5d33f8ffdd4f8f4f31b0e099719a,2,0,13.611385345458984,-9.811179637908936,False,True,AlphaEdit_BLUE_L4_ONLY
AlphaEdit_L4_ONLY,5,PS,new,2,c5ad500f4c18ebcf9b1ff326ac98480e650145cf6473e1e403365a12479b5e44,600f29112f04a450a75ac1b14dcfc0e4a4662fa3a4fa4f193048928bc382ab90,4,1,12.786482810974121,0.21132659912109375,True,True,AlphaEdit_BLUE_L4_ONLY
AlphaEdit_L4_ONLY,5,PS,new,3,32ae70923fa92abb1f2ee0724915e88cfd85a5684cc9761402f401ad603200bf,8d9b12e5ee189f8b16ab9fa1abe2be24173ea7d4c8a6e8e411dd74a3788f517b,2,1,12.424678802490234,-1.7950048446655273,False,True,AlphaEdit_BLUE_L4_ONLY
AlphaEdit_L4_ONLY,5,PS,new,4,9dacbde326501c9f63debf4311ae5e2bc047636edc4ee9d9ce828bcdf4a7f25d,c0ad3638f6a8ea6bb6820b836cd947e1e510f4b03783ec3ab4d2af07f46c4a5f,2,1,11.707122802734375,3.1971168518066406,True,True,AlphaEdit_BLUE_L4_ONLY
AlphaEdit_L4_ONLY,5,PS,new,5,c4f531342c9623beed01c3b583b39f693869e05531bd4df05870a100539e4a4a,747667b98be79d541140ae8338584a35549639cb3c278f16288394a5a48f0e35,2,0,11.502002716064453,-3.835585117340088,False,True,AlphaEdit_BLUE_L4_ONLY
AlphaEdit_L4_ONLY,5,PS,true,1,6f7c5d50ddef6fe32da94db0694f7e3ed72d641a95837a7f0f8023fb124a0532,1c4036403b97de19ee446ddaeb4af4d2f32711c867d053e38898e37d5d3b458c,4,0,24.637853622436523,24.617709573358297,True,True,AlphaEdit_BLUE_L4_ONLY
AlphaEdit_L4_ONLY,5,PS,true,2,30e4c02268d49ca010e3c62fcc2615da2fad4cf0c359eb8fedc0366739b34205,c5be5ef9c2c3381449c3693420282c11e4b3382184a594b1d1966ed96f82375a,4,1,23.889665603637695,23.88454143051058,True,True,AlphaEdit_BLUE_L4_ONLY
AlphaEdit_L4_ONLY,5,PS,true,3,30e4c02268d49ca010e3c62fcc2615da2fad4cf0c359eb8fedc0366739b34205,fc36b36207f077632a5b30a6a316ae40db62d2399fadd10a765396e0688b6b98,4,0,23.708589553833008,23.707312326994725,True,True,AlphaEdit_BLUE_L4_ONLY
AlphaEdit_L4_ONLY,5,PS,true,4,4eca3674d249df169724ce4c78ad73e98c6ce3805be4728f91e58fabf2b9b9c5,456c3b3672b90fadff92e6c82d1ab9a92f74a1787fcfd538a89a47d82c11b133,3,1,22.848663330078125,22.83716319128871,True,True,AlphaEdit_BLUE_L4_ONLY
AlphaEdit_L4_ONLY,5,PS,true,5,f837bce807410ac6f8b52fcee81a1ffaa2d7f77755861f2e6f2b482bff0f6fe9,11748bbcd01b7ef0343f2e985626dbe7f509eb31e1002cea3087e9b0cd71ec93,5,1,22.7408390045166,22.733671189285815,True,True,AlphaEdit_BLUE_L4_ONLY
AlphaEdit_L4_ONLY,5,NS,new,1,f1f2c569870e3f8472f4920e45768500a9b687b964980462746a978142838e5e,09e54324d37c2d62da2861dc2587b12e8bb631e899ba072e25a94da9809d3c23,4,2,24.662193298339844,-14.285675048828125,True,True,AlphaEdit_BLUE_L4_ONLY
AlphaEdit_L4_ONLY,5,NS,new,2,8a6d64d015b340bf191de4b2393106e3f79ef7ec2d5087bef1cd8e4fe0683bf8,b3c5a847ad24c0f50e52ccdacb9b3fbebfd2447a4613d2744b24ba1a3a3207ad,3,6,24.236358642578125,-17.89389991760254,True,True,AlphaEdit_BLUE_L4_ONLY
AlphaEdit_L4_ONLY,5,NS,new,3,8a6d64d015b340bf191de4b2393106e3f79ef7ec2d5087bef1cd8e4fe0683bf8,fe2fc70563867d51fd0e9ac17081388ef776336ab653fce496a98d8d5065b656,3,3,23.385438919067383,-12.102605819702148,True,True,AlphaEdit_BLUE_L4_ONLY
AlphaEdit_L4_ONLY,5,NS,new,4,c81b352b270b2e498256b5e24c726a039cd665477a83d71d95633340782782d4,29934bc60846741c680f72a6f0fa41d4ac12b9b8157c0202be1cd54cd5d08b89,1,1,23.283388137817383,-11.200722694396973,True,True,AlphaEdit_BLUE_L4_ONLY
AlphaEdit_L4_ONLY,5,NS,new,5,37bf713760c5cbad0600a2741cb115f3becc4b2469d6dd7b3346ded41395f43d,b7c5c564e3078bcf2af61ba2168e5aca7cbdc26c931356e447683a385b2febc1,3,5,22.885671615600586,-12.982229232788086,True,True,AlphaEdit_BLUE_L4_ONLY
AlphaEdit_L4_ONLY,5,NS,true,1,20db6628648c4ad306be515e9df80f6778953e70e517aed46dd0d594c2d7964f,54cf98a5648fdb5d3db564e5e7c22e3b081271ec39e4c2b75f041c7057d99b04,4,2,21.493980407714844,21.493922592879244,False,True,AlphaEdit_BLUE_L4_ONLY
AlphaEdit_L4_ONLY,5,NS,true,2,f4d386ce9fd31642ea55d5e285c0556274b6360579cb8a5e06353833a01990ab,afc997b0e63353176464d73476de66be140f65f88b8b9befffc3a882ab27184b,2,0,18.7522029876709,3.6914892196655273,False,True,AlphaEdit_BLUE_L4_ONLY
AlphaEdit_L4_ONLY,5,NS,true,3,384856b6029eb10265143ff3fff4202d98ff32b1443cf0d3f49814a3b6772efd,dd9d79141cd73d085a4bce420cf932d1405296f34b47f967eabbe12b5a947212,5,6,18.716814041137695,5.629082679748535,False,True,AlphaEdit_BLUE_L4_ONLY
AlphaEdit_L4_ONLY,5,NS,true,4,9dacbde326501c9f63debf4311ae5e2bc047636edc4ee9d9ce828bcdf4a7f25d,ed3653e91a66d8010006f57ad86c38b5996adc73d86923d6a0c055bf48f04733,2,2,18.367021560668945,10.884804725646973,False,True,AlphaEdit_BLUE_L4_ONLY
AlphaEdit_L4_ONLY,5,NS,true,5,bb5df7e3650e7c1e86f6638c3ba2915958f195166420ace24084616ceee8800e,23a11c9c8b448c2ba5b398e45277f3ee9eb19daebbd2905115354dc86d48e3d8,4,0,18.264123916625977,0.1850147247314453,False,True,AlphaEdit_BLUE_L4_ONLY
AlphaEdit_L4_ONLY,10,RS,new,1,1c5c834c927a24fc22228333db7249f958a30231366e6a94bfc4880ea26098c3,6fe0e2e4deecb7a7c6b8f1f9be87823a905b42a5ee5e74dbc1b059fa6db685f2,3,0,6.699726104736328,1.8225593566894531,True,True,AlphaEdit_BLUE_L4_ONLY
AlphaEdit_L4_ONLY,10,RS,new,2,9110f470a27932ba7b53c098bf2b76bed3c5ebe0757f48fa56bad6fdba8cb2f4,97170bb02161bd4e097ceff356c151ad357cf65de772289ec85f664683937f57,2,0,6.023221015930176,-4.664877772331238,False,True,AlphaEdit_BLUE_L4_ONLY
AlphaEdit_L4_ONLY,10,RS,new,3,45614290270f9909ee6ffe6f52ae5f8360be81fec6d3868d8022e2d200be3de4,cb246fd93d16913a0eb0ce1ba86d110622df4b8ef70287baa31cd3e6e3f12bb9,8,0,5.961164951324463,4.341768741607666,True,True,AlphaEdit_BLUE_L4_ONLY
AlphaEdit_L4_ONLY,10,RS,new,4,ed357b3acfc8996fd83a52b09bb4e10449e60f403e3b287249524e613af115da,0e02d53c8fb42653e75c93187072c309f253e254c742bbe58f46b883d9c1c72d,1,0,4.587557792663574,1.130751132965088,True,True,AlphaEdit_BLUE_L4_ONLY
AlphaEdit_L4_ONLY,10,RS,new,5,b8f2538fd49391fd751c04202878a809c7b7789b42ca577e583598688e1e525d,03edfaa7098e11905d7311fa33ea4e5beb9d8f31c6328b7b5d6f68b859c12928,10,0,3.029395580291748,-2.791753828525543,False,True,AlphaEdit_BLUE_L4_ONLY
AlphaEdit_L4_ONLY,10,RS,true,1,b5bf10f0b7d29480034eeb57c95a2cbb3a94a9a6c8b83d7f0433fe898330c59d,5dde015dbf947a1228b0f0787c8ec8b9b67f70589c4ebde5dfa6743a5a85d65c,1,0,26.546348571777344,26.546184434060706,True,True,AlphaEdit_BLUE_L4_ONLY
AlphaEdit_L4_ONLY,10,RS,true,2,b85ce4bfb44ed09d5908cb823cc84381fef86ffb4f1b4fd457e5810d225ca68e,98f2c5fe39310792decee290f2943da08cbd333fdda3c0eb4c14c51cfd1ad851,7,0,26.450284957885742,26.449579368694685,True,True,AlphaEdit_BLUE_L4_ONLY
AlphaEdit_L4_ONLY,10,RS,true,3,30e4c02268d49ca010e3c62fcc2615da2fad4cf0c359eb8fedc0366739b34205,ea1daa1b3040a68310d2a667083d9585c2fb658f53ddb307818dc351a00fa508,4,0,26.279376983642578,26.278803274733946,True,True,AlphaEdit_BLUE_L4_ONLY
AlphaEdit_L4_ONLY,10,RS,true,4,880c2fc00805b3104264d490baf0090788b267e456c6d9f50aeca7e330b427b0,672e2086bf157babd531c8fae179676b0160fe57ddc8c0a7d6729b15bfe99b80,5,0,26.068313598632812,26.067559883987997,True,True,AlphaEdit_BLUE_L4_ONLY
AlphaEdit_L4_ONLY,10,RS,true,5,4eca3674d249df169724ce4c78ad73e98c6ce3805be4728f91e58fabf2b9b9c5,f8d3defa5c21abc719a4f2c82897cef00386ba0215f36a16aacb54f446aaeef0,3,0,25.929759979248047,25.929576056223596,True,True,AlphaEdit_BLUE_L4_ONLY
AlphaEdit_L4_ONLY,10,PS,new,1,d0541665ae524cf19488eba81b94b2b2985b35b52e90f4c0ca90ba0a1cbc99a9,afa16d5a77611a5a87ed12dd7f579dc2757b67c170e7c582a4284991a1dfe4e1,8,1,16.152999877929688,0.23862457275390625,True,True,AlphaEdit_BLUE_L4_ONLY
AlphaEdit_L4_ONLY,10,PS,new,2,1c5c834c927a24fc22228333db7249f958a30231366e6a94bfc4880ea26098c3,1862cbe0835ddf9513c2870ddaba45d325beb8de6053b8c4d1fca76c35d96904,3,0,14.415937423706055,-7.177004337310791,False,True,AlphaEdit_BLUE_L4_ONLY
AlphaEdit_L4_ONLY,10,PS,new,3,c5ad500f4c18ebcf9b1ff326ac98480e650145cf6473e1e403365a12479b5e44,600f29112f04a450a75ac1b14dcfc0e4a4662fa3a4fa4f193048928bc382ab90,4,1,13.150528907775879,-0.2682313919067383,False,True,AlphaEdit_BLUE_L4_ONLY
AlphaEdit_L4_ONLY,10,PS,new,4,f97dc9594fc3b90a189a22d95d1d190d040a5701ffd3725b27622be0a06a3fd4,a9f08cadad9884cc2b296bf38affcc7ad63d5d33f8ffdd4f8f4f31b0e099719a,2,0,12.91700267791748,-9.18052053451538,False,True,AlphaEdit_BLUE_L4_ONLY
AlphaEdit_L4_ONLY,10,PS,new,5,c4f531342c9623beed01c3b583b39f693869e05531bd4df05870a100539e4a4a,747667b98be79d541140ae8338584a35549639cb3c278f16288394a5a48f0e35,2,0,12.570619583129883,-4.821630001068115,False,True,AlphaEdit_BLUE_L4_ONLY
AlphaEdit_L4_ONLY,10,PS,true,1,30e4c02268d49ca010e3c62fcc2615da2fad4cf0c359eb8fedc0366739b34205,c5be5ef9c2c3381449c3693420282c11e4b3382184a594b1d1966ed96f82375a,4,1,24.812040328979492,24.81083025271073,True,True,AlphaEdit_BLUE_L4_ONLY
AlphaEdit_L4_ONLY,10,PS,true,2,30e4c02268d49ca010e3c62fcc2615da2fad4cf0c359eb8fedc0366739b34205,fc36b36207f077632a5b30a6a316ae40db62d2399fadd10a765396e0688b6b98,4,0,24.632448196411133,24.632015679439064,True,True,AlphaEdit_BLUE_L4_ONLY
AlphaEdit_L4_ONLY,10,PS,true,3,6f7c5d50ddef6fe32da94db0694f7e3ed72d641a95837a7f0f8023fb124a0532,1c4036403b97de19ee446ddaeb4af4d2f32711c867d053e38898e37d5d3b458c,4,0,24.586336135864258,24.56596335582435,True,True,AlphaEdit_BLUE_L4_ONLY
AlphaEdit_L4_ONLY,10,PS,true,4,065f4fa6723db9087ba06d66629821913cac0ec250a6e0e8e5e54f736751a132,bb75185d3c546ad2f1909d9f0bf73637938f22b8ebbcb9e1fdda1edc069e6639,6,1,23.246339797973633,23.237421819008887,True,True,AlphaEdit_BLUE_L4_ONLY
AlphaEdit_L4_ONLY,10,PS,true,5,f85dd1cb11c453b93c052d8dcf30b925aa4082f1e992c5ad51b762cb97bdf153,4f5bea11af8dcb65881ee04af5ba53e84779dcbeaafe9176c558ebf742fb4ff0,9,0,23.152395248413086,23.151641772012226,True,True,AlphaEdit_BLUE_L4_ONLY
AlphaEdit_L4_ONLY,10,NS,new,1,f1f2c569870e3f8472f4920e45768500a9b687b964980462746a978142838e5e,09e54324d37c2d62da2861dc2587b12e8bb631e899ba072e25a94da9809d3c23,4,2,24.581514358520508,-14.160368919372559,True,True,AlphaEdit_BLUE_L4_ONLY
AlphaEdit_L4_ONLY,10,NS,new,2,b6642101dc8a5645b4582d70634664cdcb6821ccd9a138c5e7c73b4fbc47e6d3,fddf741cf23b10e8736a72f7be70441b4e03feb42df00014bf45d8e2f62c8f93,7,5,23.65696907043457,-3.7164382934570312,True,True,AlphaEdit_BLUE_L4_ONLY
AlphaEdit_L4_ONLY,10,NS,new,3,8a6d64d015b340bf191de4b2393106e3f79ef7ec2d5087bef1cd8e4fe0683bf8,b3c5a847ad24c0f50e52ccdacb9b3fbebfd2447a4613d2744b24ba1a3a3207ad,3,6,23.557432174682617,-18.347530364990234,True,True,AlphaEdit_BLUE_L4_ONLY
AlphaEdit_L4_ONLY,10,NS,new,4,8a6d64d015b340bf191de4b2393106e3f79ef7ec2d5087bef1cd8e4fe0683bf8,fe2fc70563867d51fd0e9ac17081388ef776336ab653fce496a98d8d5065b656,3,3,23.351520538330078,-12.657376289367676,True,True,AlphaEdit_BLUE_L4_ONLY
AlphaEdit_L4_ONLY,10,NS,new,5,c81b352b270b2e498256b5e24c726a039cd665477a83d71d95633340782782d4,29934bc60846741c680f72a6f0fa41d4ac12b9b8157c0202be1cd54cd5d08b89,1,1,22.705095291137695,-10.624221801757812,True,True,AlphaEdit_BLUE_L4_ONLY
AlphaEdit_L4_ONLY,10,NS,true,1,053d7b9eef98fc6535d336b9448f57daf090a9335c002091bb6a8ff6d356239a,e63b2fcb997ce7099b4f11b5cd7450c022a07ed985f390271dda100421ab8313,2,0,23.419189453125,3.3495025634765625,False,True,AlphaEdit_BLUE_L4_ONLY
AlphaEdit_L4_ONLY,10,NS,true,2,5fab5bd05f98260a1f33ff741eee56f962974eae8eba07a27b24ad12458a8d45,a8346cff61efcc51560112d3d83af1076459131ed101086909d8e803f3b3070c,1,8,23.217815399169922,5.890357971191406,False,True,AlphaEdit_BLUE_L4_ONLY
AlphaEdit_L4_ONLY,10,NS,true,3,20db6628648c4ad306be515e9df80f6778953e70e517aed46dd0d594c2d7964f,54cf98a5648fdb5d3db564e5e7c22e3b081271ec39e4c2b75f041c7057d99b04,4,2,20.789573669433594,20.789488796021033,False,True,AlphaEdit_BLUE_L4_ONLY
AlphaEdit_L4_ONLY,10,NS,true,4,b6642101dc8a5645b4582d70634664cdcb6821ccd9a138c5e7c73b4fbc47e6d3,fddf741cf23b10e8736a72f7be70441b4e03feb42df00014bf45d8e2f62c8f93,7,5,19.94053077697754,-3.7164382934570312,True,True,AlphaEdit_BLUE_L4_ONLY
AlphaEdit_L4_ONLY,10,NS,true,5,9dacbde326501c9f63debf4311ae5e2bc047636edc4ee9d9ce828bcdf4a7f25d,ed3653e91a66d8010006f57ad86c38b5996adc73d86923d6a0c055bf48f04733,2,2,18.93563461303711,10.537553787231445,False,True,AlphaEdit_BLUE_L4_ONLY
AlphaEdit_L4_ONLY,20,RS,new,1,9110f470a27932ba7b53c098bf2b76bed3c5ebe0757f48fa56bad6fdba8cb2f4,97170bb02161bd4e097ceff356c151ad357cf65de772289ec85f664683937f57,2,0,10.47568130493164,-9.538471758365631,False,True,AlphaEdit_BLUE_L4_ONLY
AlphaEdit_L4_ONLY,20,RS,new,2,7c794a709302626ae0f7b3be4ed6da73f9d97d93e784773829d4328542f4f0f7,34c112431bb8a930004a3008b338baaa7b5117b9ed8006bdb6b801f58ae8fc1a,12,0,7.337520122528076,0.4840669631958008,True,True,AlphaEdit_BLUE_L4_ONLY
AlphaEdit_L4_ONLY,20,RS,new,3,1c5c834c927a24fc22228333db7249f958a30231366e6a94bfc4880ea26098c3,6fe0e2e4deecb7a7c6b8f1f9be87823a905b42a5ee5e74dbc1b059fa6db685f2,3,0,5.859706878662109,2.4476070404052734,True,True,AlphaEdit_BLUE_L4_ONLY
AlphaEdit_L4_ONLY,20,RS,new,4,45614290270f9909ee6ffe6f52ae5f8360be81fec6d3868d8022e2d200be3de4,cb246fd93d16913a0eb0ce1ba86d110622df4b8ef70287baa31cd3e6e3f12bb9,8,0,5.8088178634643555,3.8395700454711914,True,True,AlphaEdit_BLUE_L4_ONLY
AlphaEdit_L4_ONLY,20,RS,new,5,71af9e9726f363647d458ee91d3689bde8a8adaa34468055ad46022d4dce0428,8254d6334094aee48da8e4677c5dd9d7f05b1c27f3362c02343257af80c49a50,14,0,5.603461265563965,-5.360911145806313,False,True,AlphaEdit_BLUE_L4_ONLY
AlphaEdit_L4_ONLY,20,RS,true,1,7811e7c165a37572a04b180fe14666cf22f1b60645e34084a020c9bf69161ba5,fa8f267a0504b7e8e9ab690c0afcc4b8e6d3aa0cc25bfaafcd552ecfdf9b8d6f,12,0,27.795467376708984,27.795338758151047,True,True,AlphaEdit_BLUE_L4_ONLY
AlphaEdit_L4_ONLY,20,RS,true,2,bc8ec57819c2c43455e39477c71b4d985b4dd24a38b7fb07d00637d65684b942,f542f654753280503f450ca41f713cbda5c165f39de0180f25bef9e543382c13,19,0,27.595537185668945,27.59521334647434,True,True,AlphaEdit_BLUE_L4_ONLY
AlphaEdit_L4_ONLY,20,RS,true,3,b85ce4bfb44ed09d5908cb823cc84381fef86ffb4f1b4fd457e5810d225ca68e,98f2c5fe39310792decee290f2943da08cbd333fdda3c0eb4c14c51cfd1ad851,7,0,27.110883712768555,27.109638989088126,True,True,AlphaEdit_BLUE_L4_ONLY
AlphaEdit_L4_ONLY,20,RS,true,4,30e4c02268d49ca010e3c62fcc2615da2fad4cf0c359eb8fedc0366739b34205,ea1daa1b3040a68310d2a667083d9585c2fb658f53ddb307818dc351a00fa508,4,0,26.644393920898438,26.644043387816055,True,True,AlphaEdit_BLUE_L4_ONLY
AlphaEdit_L4_ONLY,20,RS,true,5,b5bf10f0b7d29480034eeb57c95a2cbb3a94a9a6c8b83d7f0433fe898330c59d,5dde015dbf947a1228b0f0787c8ec8b9b67f70589c4ebde5dfa6743a5a85d65c,1,0,25.96857261657715,25.968387978427927,True,True,AlphaEdit_BLUE_L4_ONLY
AlphaEdit_L4_ONLY,20,PS,new,1,100d3edd36255808489962688b1a66f08d6d49e398cd57c7f4f44656b3ea1897,3e99d25530bd3f94c597e1f59b89a37c233efc01ca876d593eb501fac75e0122,11,1,17.509801864624023,-2.125655174255371,False,True,AlphaEdit_BLUE_L4_ONLY
AlphaEdit_L4_ONLY,20,PS,new,2,d0541665ae524cf19488eba81b94b2b2985b35b52e90f4c0ca90ba0a1cbc99a9,afa16d5a77611a5a87ed12dd7f579dc2757b67c170e7c582a4284991a1dfe4e1,8,1,17.01463508605957,-0.032085418701171875,False,True,AlphaEdit_BLUE_L4_ONLY
AlphaEdit_L4_ONLY,20,PS,new,3,c5ad500f4c18ebcf9b1ff326ac98480e650145cf6473e1e403365a12479b5e44,600f29112f04a450a75ac1b14dcfc0e4a4662fa3a4fa4f193048928bc382ab90,4,1,15.681191444396973,-2.3507957458496094,False,True,AlphaEdit_BLUE_L4_ONLY
AlphaEdit_L4_ONLY,20,PS,new,4,30f5861cb4dbcdda0cb03fb8c26897a06d1e5155fb7af51721d0dffb49f584d2,bad28b95ac854a3b5a4408d4e30e9427c80671e8d7af5752d94ba02a086f0ef1,14,1,14.01521110534668,-6.088512420654297,False,True,AlphaEdit_BLUE_L4_ONLY
AlphaEdit_L4_ONLY,20,PS,new,5,c4f531342c9623beed01c3b583b39f693869e05531bd4df05870a100539e4a4a,747667b98be79d541140ae8338584a35549639cb3c278f16288394a5a48f0e35,2,0,13.909335136413574,-4.913905143737793,False,True,AlphaEdit_BLUE_L4_ONLY
AlphaEdit_L4_ONLY,20,PS,true,1,30e4c02268d49ca010e3c62fcc2615da2fad4cf0c359eb8fedc0366739b34205,fc36b36207f077632a5b30a6a316ae40db62d2399fadd10a765396e0688b6b98,4,0,24.829486846923828,24.829213537363103,True,True,AlphaEdit_BLUE_L4_ONLY
AlphaEdit_L4_ONLY,20,PS,true,2,30e4c02268d49ca010e3c62fcc2615da2fad4cf0c359eb8fedc0366739b34205,c5be5ef9c2c3381449c3693420282c11e4b3382184a594b1d1966ed96f82375a,4,1,24.341550827026367,24.340528772212565,True,True,AlphaEdit_BLUE_L4_ONLY
AlphaEdit_L4_ONLY,20,PS,true,3,e88cec3c32237823d09b2546b6af2e3c64244a71387a77559a514f7b41392b4d,60f324c23ba2b2c1ef13bb423fd4ace7e30fffd7695707629e56b871b7d151fc,15,1,24.336467742919922,24.33497647428885,True,True,AlphaEdit_BLUE_L4_ONLY
AlphaEdit_L4_ONLY,20,PS,true,4,6f7c5d50ddef6fe32da94db0694f7e3ed72d641a95837a7f0f8023fb124a0532,1c4036403b97de19ee446ddaeb4af4d2f32711c867d053e38898e37d5d3b458c,4,0,24.217653274536133,24.180059522390366,True,True,AlphaEdit_BLUE_L4_ONLY
AlphaEdit_L4_ONLY,20,PS,true,5,8d0b9a84ba4567663657e4cbe0e4fea7e180a0aef6d4f3f276fe2949b1396309,cbb01e5c89c1ab30fd9f85b5f2968d851a946a3a180345978556a4bbd7ad7179,9,0,23.09334945678711,23.09317018208094,True,True,AlphaEdit_BLUE_L4_ONLY
AlphaEdit_L4_ONLY,20,NS,new,1,924e2ab452b703951ac545a9b7aefbab7731932662ef2591c5a672355dffa11b,b227739f6a1a0d878d3d1c36e171870fa70005c00b913cad0c6d1afdd17fce5f,5,5,23.405601501464844,-11.156604766845703,True,True,AlphaEdit_BLUE_L4_ONLY
AlphaEdit_L4_ONLY,20,NS,new,2,48cd786072b453b39f869bd2fba370de71c81263d551ea761d7c56252ac2ed82,b867e4d5235a0b81d07d35c9e261770132b8d24ef43f88ab1c20c4a011023a6f,7,1,23.405597686767578,-11.156636238098145,True,True,AlphaEdit_BLUE_L4_ONLY
AlphaEdit_L4_ONLY,20,NS,new,3,1615dc1e029ef66a38cec67ae2dd6d0b593befdb93a0ed5b6ae046b21901c675,01115b816071676db4a4ff2de3ee462016fb217644070076c9e769c8782b8c54,9,1,23.312387466430664,-2.677297592163086,True,True,AlphaEdit_BLUE_L4_ONLY
AlphaEdit_L4_ONLY,20,NS,new,4,f1f2c569870e3f8472f4920e45768500a9b687b964980462746a978142838e5e,09e54324d37c2d62da2861dc2587b12e8bb631e899ba072e25a94da9809d3c23,4,2,23.28218650817871,-14.579782485961914,True,True,AlphaEdit_BLUE_L4_ONLY
AlphaEdit_L4_ONLY,20,NS,new,5,a474dfda261c21f100e11c079cc6851379ce61ceab7ebeea0e79d73af79bd164,a571985fe5e3493c60de2bdca9e85a15eabe35795104edb6db9460b2c7f2978e,14,3,23.03301239013672,-10.123994827270508,True,True,AlphaEdit_BLUE_L4_ONLY
AlphaEdit_L4_ONLY,20,NS,true,1,053d7b9eef98fc6535d336b9448f57daf090a9335c002091bb6a8ff6d356239a,e63b2fcb997ce7099b4f11b5cd7450c022a07ed985f390271dda100421ab8313,2,0,23.079626083374023,3.230804443359375,False,True,AlphaEdit_BLUE_L4_ONLY
AlphaEdit_L4_ONLY,20,NS,true,2,340799d186c8195376d2cf6a756516a830ffc5feac81996d8b4e6d62d30d214b,666bbd1acc5ed1d9bce1595ebff674c1c6b6900c92763c0e776c1f0f92c60fb3,9,5,21.65853500366211,3.171600341796875,False,True,AlphaEdit_BLUE_L4_ONLY
AlphaEdit_L4_ONLY,20,NS,true,3,5fab5bd05f98260a1f33ff741eee56f962974eae8eba07a27b24ad12458a8d45,a8346cff61efcc51560112d3d83af1076459131ed101086909d8e803f3b3070c,1,8,21.11601448059082,3.957916259765625,False,True,AlphaEdit_BLUE_L4_ONLY
AlphaEdit_L4_ONLY,20,NS,true,4,1615dc1e029ef66a38cec67ae2dd6d0b593befdb93a0ed5b6ae046b21901c675,01115b816071676db4a4ff2de3ee462016fb217644070076c9e769c8782b8c54,9,1,20.635089874267578,-2.677297592163086,True,True,AlphaEdit_BLUE_L4_ONLY
AlphaEdit_L4_ONLY,20,NS,true,5,b0acadc3765a54e81a20b413a46ce483c0b4ea02d5097655e64fc25f8352ac3f,5e145c2d651ae42ca0a79752ca8f137b36c6cbba07098b7844da12c53fc47fb1,14,7,19.622079849243164,5.292597770690918,False,True,AlphaEdit_BLUE_L4_ONLY
AlphaEdit_L4_ONLY,30,RS,new,1,45614290270f9909ee6ffe6f52ae5f8360be81fec6d3868d8022e2d200be3de4,cb246fd93d16913a0eb0ce1ba86d110622df4b8ef70287baa31cd3e6e3f12bb9,8,0,9.440338134765625,-7.6740522384643555,False,True,AlphaEdit_BLUE_L4_ONLY
AlphaEdit_L4_ONLY,30,RS,new,2,73bdbf955c7575599cb8c4618d79874c1b8e6c2888cbb3fbd3009d4744e2d218,07ed7c90e87d682dd008701b73948c2c63bbc8ebb7814c81c217266f8bcccd41,9,0,7.7059645652771,5.2986931800842285,True,True,AlphaEdit_BLUE_L4_ONLY
AlphaEdit_L4_ONLY,30,RS,new,3,a6c9b0f863d3c2056830114bb5edc235eb5257268e8c3e2a0aaf4a61c20730e2,78c2e0e390f81015d5278332e78f99d784ce8bb7836851eae46f9f14d9f7507b,12,0,6.369160175323486,5.7475666999816895,True,True,AlphaEdit_BLUE_L4_ONLY
AlphaEdit_L4_ONLY,30,RS,new,4,65cb2d994114c6d2c4a627f161cf6f954829474e45f680a141e5218187a9e967,a406426d98e1a91409ae69d000bb481a5f63e9456ae2b5718418949e6687f9a2,9,0,6.1214680671691895,-1.505661964416504,False,True,AlphaEdit_BLUE_L4_ONLY
AlphaEdit_L4_ONLY,30,RS,new,5,0d38364f7e61ffa23af02082de12cb8c5786cddea6f83ae2156aa0cb41ec5509,931558d21d081d4f8424aa98a341782fbcba45f58567cc22e35e4de29703bcfc,21,0,5.884428024291992,6.544493675231934,True,True,AlphaEdit_BLUE_L4_ONLY
AlphaEdit_L4_ONLY,30,RS,true,1,7811e7c165a37572a04b180fe14666cf22f1b60645e34084a020c9bf69161ba5,fa8f267a0504b7e8e9ab690c0afcc4b8e6d3aa0cc25bfaafcd552ecfdf9b8d6f,12,0,28.17578125,28.175691370233835,True,True,AlphaEdit_BLUE_L4_ONLY
AlphaEdit_L4_ONLY,30,RS,true,2,bc8ec57819c2c43455e39477c71b4d985b4dd24a38b7fb07d00637d65684b942,f542f654753280503f450ca41f713cbda5c165f39de0180f25bef9e543382c13,19,0,27.069171905517578,27.06888012375566,True,True,AlphaEdit_BLUE_L4_ONLY
AlphaEdit_L4_ONLY,30,RS,true,3,483151ac8df46efed173cb76f84b8087403c0856012d363166537dfcba0ff4da,c68b1ae4bde3e2c1560a531db6696469a51d62ca044f08a279a2f2868d542f75,30,0,26.87760353088379,26.877322713233298,True,True,AlphaEdit_BLUE_L4_ONLY
AlphaEdit_L4_ONLY,30,RS,true,4,30e4c02268d49ca010e3c62fcc2615da2fad4cf0c359eb8fedc0366739b34205,ea1daa1b3040a68310d2a667083d9585c2fb658f53ddb307818dc351a00fa508,4,0,26.733104705810547,26.732792307069758,True,True,AlphaEdit_BLUE_L4_ONLY
AlphaEdit_L4_ONLY,30,RS,true,5,b5bf10f0b7d29480034eeb57c95a2cbb3a94a9a6c8b83d7f0433fe898330c59d,5dde015dbf947a1228b0f0787c8ec8b9b67f70589c4ebde5dfa6743a5a85d65c,1,0,26.105106353759766,26.104827919625677,True,True,AlphaEdit_BLUE_L4_ONLY
AlphaEdit_L4_ONLY,30,PS,new,1,2e1030083599489d2833b87315cb57aa2ac32593558298b8cb4bc58e86c26dbd,bd984bfb4a26cdaa375c2ec6713e8ee9740d5b8a378685ac510d67df8a3ad293,24,1,22.269332885742188,-9.12645435333252,False,True,AlphaEdit_BLUE_L4_ONLY
AlphaEdit_L4_ONLY,30,PS,new,2,d0541665ae524cf19488eba81b94b2b2985b35b52e90f4c0ca90ba0a1cbc99a9,afa16d5a77611a5a87ed12dd7f579dc2757b67c170e7c582a4284991a1dfe4e1,8,1,16.565202713012695,0.33746910095214844,True,True,AlphaEdit_BLUE_L4_ONLY
AlphaEdit_L4_ONLY,30,PS,new,3,3d171d4c4423b6e6c366baf0744a8a55886975be18052c8416f0847c37d676e8,7a1fe08d4ef438a85822530609ea786b049766c32dfbb7a9073319f9d89802fd,29,1,16.030317306518555,-9.07258653640747,False,True,AlphaEdit_BLUE_L4_ONLY
AlphaEdit_L4_ONLY,30,PS,new,4,ff2c5f6337789dc5f10f0d09f45b6051e0d95b3c7cdf6389390279df8fd2243d,0187a6f0270fa0646461ab47543c679f8f8a7545f9904ea1b7a95f07102b71e8,24,0,15.651796340942383,5.106964111328125,True,True,AlphaEdit_BLUE_L4_ONLY
AlphaEdit_L4_ONLY,30,PS,new,5,100d3edd36255808489962688b1a66f08d6d49e398cd57c7f4f44656b3ea1897,3e99d25530bd3f94c597e1f59b89a37c233efc01ca876d593eb501fac75e0122,11,1,15.545269966125488,-2.7861108779907227,False,True,AlphaEdit_BLUE_L4_ONLY
AlphaEdit_L4_ONLY,30,PS,true,1,ba006000a707f53e298b4f7896049d3f214dc44733023233b2ef69e879fc4b9e,18db2ab401ebe8df2b397a5e9d071a53a61d6d84bf7e98ec2b2164d249ce8a93,28,0,24.630449295043945,24.628633122774772,True,True,AlphaEdit_BLUE_L4_ONLY
AlphaEdit_L4_ONLY,30,PS,true,2,6f7c5d50ddef6fe32da94db0694f7e3ed72d641a95837a7f0f8023fb124a0532,1c4036403b97de19ee446ddaeb4af4d2f32711c867d053e38898e37d5d3b458c,4,0,24.321826934814453,24.29631219804287,True,True,AlphaEdit_BLUE_L4_ONLY
AlphaEdit_L4_ONLY,30,PS,true,3,30e4c02268d49ca010e3c62fcc2615da2fad4cf0c359eb8fedc0366739b34205,fc36b36207f077632a5b30a6a316ae40db62d2399fadd10a765396e0688b6b98,4,0,23.955772399902344,23.955395888653584,True,True,AlphaEdit_BLUE_L4_ONLY
AlphaEdit_L4_ONLY,30,PS,true,4,4eca3674d249df169724ce4c78ad73e98c6ce3805be4728f91e58fabf2b9b9c5,456c3b3672b90fadff92e6c82d1ab9a92f74a1787fcfd538a89a47d82c11b133,3,1,23.64725112915039,23.630827847868204,True,True,AlphaEdit_BLUE_L4_ONLY
AlphaEdit_L4_ONLY,30,PS,true,5,30e4c02268d49ca010e3c62fcc2615da2fad4cf0c359eb8fedc0366739b34205,c5be5ef9c2c3381449c3693420282c11e4b3382184a594b1d1966ed96f82375a,4,1,23.449825286865234,23.448291643871926,True,True,AlphaEdit_BLUE_L4_ONLY
AlphaEdit_L4_ONLY,30,NS,new,1,1615dc1e029ef66a38cec67ae2dd6d0b593befdb93a0ed5b6ae046b21901c675,01115b816071676db4a4ff2de3ee462016fb217644070076c9e769c8782b8c54,9,1,24.056468963623047,-1.1905250549316406,True,True,AlphaEdit_BLUE_L4_ONLY
AlphaEdit_L4_ONLY,30,NS,new,2,bb0c5a9fd6a46579937bdee8bf64471a861201bfd37e2674ba47d63eee4c1eea,61454a80179332492a3a505c279de3c2ffc6acfe0fe84ac559255d4e249d1ca8,26,1,24.046680450439453,-6.1585845947265625,True,True,AlphaEdit_BLUE_L4_ONLY
AlphaEdit_L4_ONLY,30,NS,new,3,75bae64a11d6ea6530544e19c2eebfbc944cd3eddf8e0d0873fbfc8373ee0e50,65428b51bdbbaa6aa19c3b2d1d3f40c1c3125ae6777d87350cfe3ee85001375f,23,6,23.97357177734375,-7.5620574951171875,True,True,AlphaEdit_BLUE_L4_ONLY
AlphaEdit_L4_ONLY,30,NS,new,4,b6642101dc8a5645b4582d70634664cdcb6821ccd9a138c5e7c73b4fbc47e6d3,fddf741cf23b10e8736a72f7be70441b4e03feb42df00014bf45d8e2f62c8f93,7,5,23.660646438598633,-4.581506729125977,True,True,AlphaEdit_BLUE_L4_ONLY
AlphaEdit_L4_ONLY,30,NS,new,5,d7bf868887161884a7d5f05c26e5d257c4b7a64772406b70837390dc24d735d7,286d7f3998680cdf3d8c9e09012c1e89217423e4023f28f3c852904804cea583,14,0,22.670833587646484,-17.43352222442627,True,True,AlphaEdit_BLUE_L4_ONLY
AlphaEdit_L4_ONLY,30,NS,true,1,80199b1329e5077738005165ae9cf178765fbd14241f5016ff30e14f3a08c585,792ad6fd8702286920f6c83154d26ad1f5b87ab9c679627fa2523f8ac7dbb8f6,23,1,26.73310661315918,8.795879364013672,False,True,AlphaEdit_BLUE_L4_ONLY
AlphaEdit_L4_ONLY,30,NS,true,2,340799d186c8195376d2cf6a756516a830ffc5feac81996d8b4e6d62d30d214b,7fe72b18b85f957381093e6073d5e941c921360d18c89c380b7983fc2b2c89b9,9,6,25.84182357788086,14.501441955566406,False,True,AlphaEdit_BLUE_L4_ONLY
AlphaEdit_L4_ONLY,30,NS,true,3,c869e66523505d952a395261ef6fa102923c5c12d49b1f84bb1f004dcd583f6f,7ae5273996d7c31c7502a24e537604551006e6b744225254a5e8a7fe044f128c,6,1,25.599023818969727,3.000520706176758,False,True,AlphaEdit_BLUE_L4_ONLY
AlphaEdit_L4_ONLY,30,NS,true,4,80199b1329e5077738005165ae9cf178765fbd14241f5016ff30e14f3a08c585,38e04eda7e61409157eaf486ce8c41b5d449ce411de6c25101ecab1782e4cd17,23,8,24.720596313476562,8.912727355957031,False,True,AlphaEdit_BLUE_L4_ONLY
AlphaEdit_L4_ONLY,30,NS,true,5,053d7b9eef98fc6535d336b9448f57daf090a9335c002091bb6a8ff6d356239a,e63b2fcb997ce7099b4f11b5cd7450c022a07ed985f390271dda100421ab8313,2,0,24.230972290039062,4.898250579833984,False,True,AlphaEdit_BLUE_L4_ONLY
AlphaEdit_L4_ONLY,40,RS,new,1,c49eb5e7bb09a8e471441ed78fa006cbb96c24b221b12523d8ac63ecef1d81b0,6307dd1fa0c01d7ebfef42fa0d06e87241109f8922d7220402888ce5f1f0ed88,4,0,14.090165138244629,3.1839303970336914,True,True,AlphaEdit_BLUE_L4_ONLY
AlphaEdit_L4_ONLY,40,RS,new,2,45614290270f9909ee6ffe6f52ae5f8360be81fec6d3868d8022e2d200be3de4,cb246fd93d16913a0eb0ce1ba86d110622df4b8ef70287baa31cd3e6e3f12bb9,8,0,10.089597702026367,-8.579210042953491,False,True,AlphaEdit_BLUE_L4_ONLY
AlphaEdit_L4_ONLY,40,RS,new,3,9110f470a27932ba7b53c098bf2b76bed3c5ebe0757f48fa56bad6fdba8cb2f4,97170bb02161bd4e097ceff356c151ad357cf65de772289ec85f664683937f57,2,0,8.882198333740234,-5.500743865966797,False,True,AlphaEdit_BLUE_L4_ONLY
AlphaEdit_L4_ONLY,40,RS,new,4,6e43a48e5e6e8eb5ba83a750ff5895b4eb55b7c3b7c20877f859ddde5f7cd520,cf7afd6edca87ca76026e3a8fa1a6041236055b6b1215f2e1ca68cc1f076641e,33,0,8.355600357055664,2.851313591003418,True,True,AlphaEdit_BLUE_L4_ONLY
AlphaEdit_L4_ONLY,40,RS,new,5,ceb8801213f1a0fb73df05c366038db7997336f5468b9b036ba0ff0dabc39167,df982add39414d1976e2636e470c1868a3f3c4a22cff1ecfd8e71f9c8e29880c,25,0,8.195029258728027,1.8973102569580078,True,True,AlphaEdit_BLUE_L4_ONLY
AlphaEdit_L4_ONLY,40,RS,true,1,28c552828e0f24ca44ff97bef5cd6f1b7990d1657487c312d473d41171b60e59,fbb6b4b9577d7da9506f15dca79c7aafd232d7393b1f40725f7cfcfdbcea55b7,35,0,28.448240280151367,28.447707794839516,True,True,AlphaEdit_BLUE_L4_ONLY
AlphaEdit_L4_ONLY,40,RS,true,2,7811e7c165a37572a04b180fe14666cf22f1b60645e34084a020c9bf69161ba5,fa8f267a0504b7e8e9ab690c0afcc4b8e6d3aa0cc25bfaafcd552ecfdf9b8d6f,12,0,28.067916870117188,28.067819600066287,True,True,AlphaEdit_BLUE_L4_ONLY
AlphaEdit_L4_ONLY,40,RS,true,3,483151ac8df46efed173cb76f84b8087403c0856012d363166537dfcba0ff4da,c68b1ae4bde3e2c1560a531db6696469a51d62ca044f08a279a2f2868d542f75,30,0,27.185314178466797,27.18501977485721,True,True,AlphaEdit_BLUE_L4_ONLY
AlphaEdit_L4_ONLY,40,RS,true,4,6f8b95ec81c4c65578c705246889ade2223999b1383dbb36d4aae1502b94f22f,a7389cbd575a13b6e5007c3e14273384071a503e18513fef04a03f1064ae8642,40,0,26.96147918701172,26.96073595492635,True,True,AlphaEdit_BLUE_L4_ONLY
AlphaEdit_L4_ONLY,40,RS,true,5,b5bf10f0b7d29480034eeb57c95a2cbb3a94a9a6c8b83d7f0433fe898330c59d,5dde015dbf947a1228b0f0787c8ec8b9b67f70589c4ebde5dfa6743a5a85d65c,1,0,26.942947387695312,26.942729973583482,True,True,AlphaEdit_BLUE_L4_ONLY
AlphaEdit_L4_ONLY,40,PS,new,1,2e1030083599489d2833b87315cb57aa2ac32593558298b8cb4bc58e86c26dbd,bd984bfb4a26cdaa375c2ec6713e8ee9740d5b8a378685ac510d67df8a3ad293,24,1,20.343698501586914,-7.895326614379883,False,True,AlphaEdit_BLUE_L4_ONLY
AlphaEdit_L4_ONLY,40,PS,new,2,2a7185fd600ecd7bd4b998bc7dbf460bd0dd2f1b9529ebdf0f662a48be746642,369c728ac04ab11ea70d7ece1b253e43ee384c7719daac1bcffe7ac0d946b958,16,1,16.821361541748047,-5.318528175354004,False,True,AlphaEdit_BLUE_L4_ONLY
AlphaEdit_L4_ONLY,40,PS,new,3,c49eb5e7bb09a8e471441ed78fa006cbb96c24b221b12523d8ac63ecef1d81b0,fbcf00692855bb2ad72d99ca2f744e8a178063e10252d068b86b37df35514c3b,4,0,15.806410789489746,1.1195039749145508,True,True,AlphaEdit_BLUE_L4_ONLY
AlphaEdit_L4_ONLY,40,PS,new,4,3d171d4c4423b6e6c366baf0744a8a55886975be18052c8416f0847c37d676e8,7a1fe08d4ef438a85822530609ea786b049766c32dfbb7a9073319f9d89802fd,29,1,15.655963897705078,-8.502295970916748,False,True,AlphaEdit_BLUE_L4_ONLY
AlphaEdit_L4_ONLY,40,PS,new,5,c49eb5e7bb09a8e471441ed78fa006cbb96c24b221b12523d8ac63ecef1d81b0,469d4ea1685278cd39c25c113e0de3b00e89524618755fa0dd502fae23ed2fe9,4,1,15.535106658935547,4.476533889770508,True,True,AlphaEdit_BLUE_L4_ONLY
AlphaEdit_L4_ONLY,40,PS,true,1,6f7c5d50ddef6fe32da94db0694f7e3ed72d641a95837a7f0f8023fb124a0532,1c4036403b97de19ee446ddaeb4af4d2f32711c867d053e38898e37d5d3b458c,4,0,24.414379119873047,24.39427549391985,True,True,AlphaEdit_BLUE_L4_ONLY
AlphaEdit_L4_ONLY,40,PS,true,2,fcc0df4b4cc5b19526a1f2bcd7a58a37f4dc2bfbfa755bc589eb038457e86b0a,11879f459a4ba897ac83864e49da07ae46067a34cdbe64307abc77034431cdb8,31,1,24.180418014526367,24.17512117465958,True,True,AlphaEdit_BLUE_L4_ONLY
AlphaEdit_L4_ONLY,40,PS,true,3,ba006000a707f53e298b4f7896049d3f214dc44733023233b2ef69e879fc4b9e,18db2ab401ebe8df2b397a5e9d071a53a61d6d84bf7e98ec2b2164d249ce8a93,28,0,24.102663040161133,24.100482815643772,True,True,AlphaEdit_BLUE_L4_ONLY
AlphaEdit_L4_ONLY,40,PS,true,4,30e4c02268d49ca010e3c62fcc2615da2fad4cf0c359eb8fedc0366739b34205,fc36b36207f077632a5b30a6a316ae40db62d2399fadd10a765396e0688b6b98,4,0,23.97664451599121,23.976357739564264,True,True,AlphaEdit_BLUE_L4_ONLY
AlphaEdit_L4_ONLY,40,PS,true,5,c8f2ba8a3b50884964255d406a7f4c232ec3efe6c021514cd273a4c1726dbfd2,9085e049a92a71dd0d070fbd9e16ad5cd30048b915970cd96694742ef0e34536,30,0,23.489803314208984,23.489264871634077,True,True,AlphaEdit_BLUE_L4_ONLY
AlphaEdit_L4_ONLY,40,NS,new,1,e324c90d6c7dda4a70226cb416919c0206ecb22472195aab9877612130fef7d0,bbb2a291741406c54b72fe452875307352e6bc88026c35820268652ef97795e3,33,9,27.423641204833984,-12.973101615905762,True,True,AlphaEdit_BLUE_L4_ONLY
AlphaEdit_L4_ONLY,40,NS,new,2,9c3894f6764bc3cff4da829077769231ce760b842ef6374f62654eca9370a898,5d7052e0aec2b3c59d02013437652ffc20773c6f845827ea3b241f5b19eb5ca1,35,7,25.17002296447754,-7.166681289672852,True,True,AlphaEdit_BLUE_L4_ONLY
AlphaEdit_L4_ONLY,40,NS,new,3,75bae64a11d6ea6530544e19c2eebfbc944cd3eddf8e0d0873fbfc8373ee0e50,65428b51bdbbaa6aa19c3b2d1d3f40c1c3125ae6777d87350cfe3ee85001375f,23,6,24.808921813964844,-7.493875503540039,True,True,AlphaEdit_BLUE_L4_ONLY
AlphaEdit_L4_ONLY,40,NS,new,4,c738b7bf89988cc0cacac1b3ab3996e3a52a66e44ab6f01a61666721a0892e8c,348163f4d6e7d065d8e59bd96ff9e3ca52196472110d227cc4c225e355183a1e,36,8,24.15422248840332,-2.8076000213623047,True,True,AlphaEdit_BLUE_L4_ONLY
AlphaEdit_L4_ONLY,40,NS,new,5,1615dc1e029ef66a38cec67ae2dd6d0b593befdb93a0ed5b6ae046b21901c675,01115b816071676db4a4ff2de3ee462016fb217644070076c9e769c8782b8c54,9,1,24.145977020263672,-0.6570529937744141,True,True,AlphaEdit_BLUE_L4_ONLY
AlphaEdit_L4_ONLY,40,NS,true,1,80199b1329e5077738005165ae9cf178765fbd14241f5016ff30e14f3a08c585,792ad6fd8702286920f6c83154d26ad1f5b87ab9c679627fa2523f8ac7dbb8f6,23,1,26.179100036621094,8.492162704467773,False,True,AlphaEdit_BLUE_L4_ONLY
AlphaEdit_L4_ONLY,40,NS,true,2,340799d186c8195376d2cf6a756516a830ffc5feac81996d8b4e6d62d30d214b,7fe72b18b85f957381093e6073d5e941c921360d18c89c380b7983fc2b2c89b9,9,6,25.89519691467285,14.61197566986084,False,True,AlphaEdit_BLUE_L4_ONLY
AlphaEdit_L4_ONLY,40,NS,true,3,c869e66523505d952a395261ef6fa102923c5c12d49b1f84bb1f004dcd583f6f,7ae5273996d7c31c7502a24e537604551006e6b744225254a5e8a7fe044f128c,6,1,25.871074676513672,3.5873374938964844,False,True,AlphaEdit_BLUE_L4_ONLY
AlphaEdit_L4_ONLY,40,NS,true,4,80199b1329e5077738005165ae9cf178765fbd14241f5016ff30e14f3a08c585,38e04eda7e61409157eaf486ce8c41b5d449ce411de6c25101ecab1782e4cd17,23,8,24.644943237304688,8.256776809692383,False,True,AlphaEdit_BLUE_L4_ONLY
AlphaEdit_L4_ONLY,40,NS,true,5,053d7b9eef98fc6535d336b9448f57daf090a9335c002091bb6a8ff6d356239a,e63b2fcb997ce7099b4f11b5cd7450c022a07ed985f390271dda100421ab8313,2,0,23.97792625427246,4.50306510925293,False,True,AlphaEdit_BLUE_L4_ONLY
AlphaEdit_L4_ONLY,50,RS,new,1,c49eb5e7bb09a8e471441ed78fa006cbb96c24b221b12523d8ac63ecef1d81b0,6307dd1fa0c01d7ebfef42fa0d06e87241109f8922d7220402888ce5f1f0ed88,4,0,13.899686813354492,2.905426025390625,True,True,AlphaEdit_BLUE_L4_ONLY
AlphaEdit_L4_ONLY,50,RS,new,2,20db6628648c4ad306be515e9df80f6778953e70e517aed46dd0d594c2d7964f,41d3af7044465263baea43550fc7cd2dcba9d349b105cc4c2f54e89524a1eed3,4,0,11.300902366638184,1.9638433456420898,True,True,AlphaEdit_BLUE_L4_ONLY
AlphaEdit_L4_ONLY,50,RS,new,3,45614290270f9909ee6ffe6f52ae5f8360be81fec6d3868d8022e2d200be3de4,cb246fd93d16913a0eb0ce1ba86d110622df4b8ef70287baa31cd3e6e3f12bb9,8,0,9.373099327087402,-6.74085259437561,False,True,AlphaEdit_BLUE_L4_ONLY
AlphaEdit_L4_ONLY,50,RS,new,4,9110f470a27932ba7b53c098bf2b76bed3c5ebe0757f48fa56bad6fdba8cb2f4,97170bb02161bd4e097ceff356c151ad357cf65de772289ec85f664683937f57,2,0,8.94043254852295,-7.137188673019409,False,True,AlphaEdit_BLUE_L4_ONLY
AlphaEdit_L4_ONLY,50,RS,new,5,377b01b6e33c26412d8ad7b9742b076e594045c8d2e633f0c29c191737124782,87513fb8886b728c7ea4c799e0206aee2567b66383465bb7f11b1d1c7803ab4a,45,0,8.448596000671387,1.2922544479370117,True,True,AlphaEdit_BLUE_L4_ONLY
AlphaEdit_L4_ONLY,50,RS,true,1,7811e7c165a37572a04b180fe14666cf22f1b60645e34084a020c9bf69161ba5,fa8f267a0504b7e8e9ab690c0afcc4b8e6d3aa0cc25bfaafcd552ecfdf9b8d6f,12,0,27.814882278442383,27.81479096829571,True,True,AlphaEdit_BLUE_L4_ONLY
AlphaEdit_L4_ONLY,50,RS,true,2,783b00bbf231c936d8a94d1ccdadcef1285f5d59999f767b5131310f51e9ee2b,aa5b9b27fc6a3cab8834a353ec0b3eb8cf0bb6b93da6f3e21c9b2a969214904b,50,0,27.634620666503906,27.63376344239805,True,True,AlphaEdit_BLUE_L4_ONLY
AlphaEdit_L4_ONLY,50,RS,true,3,cf46eed0371a59efdb771a028fc3c507938b2fa2502d76d73d661cffa845241a,2c0ba8aa65e1f349c38a7728ed9a8778bb4956f0c72a7719b4d2d0d5bfcb42af,42,0,27.5512752532959,27.55048687546514,True,True,AlphaEdit_BLUE_L4_ONLY
AlphaEdit_L4_ONLY,50,RS,true,4,b5bf10f0b7d29480034eeb57c95a2cbb3a94a9a6c8b83d7f0433fe898330c59d,5dde015dbf947a1228b0f0787c8ec8b9b67f70589c4ebde5dfa6743a5a85d65c,1,0,27.058874130249023,27.05867304439016,True,True,AlphaEdit_BLUE_L4_ONLY
AlphaEdit_L4_ONLY,50,RS,true,5,52efd2aad05d27e3eac3665b82f2bffa6da52351ce871c1c28e4ba69b40ea3e6,b0d1e7df9b0b9f0130181b62713b0b6e4f4dd76ad9ed9a7d995f0e25c834f680,34,0,27.035049438476562,27.0345504336874,True,True,AlphaEdit_BLUE_L4_ONLY
AlphaEdit_L4_ONLY,50,PS,new,1,2e1030083599489d2833b87315cb57aa2ac32593558298b8cb4bc58e86c26dbd,bd984bfb4a26cdaa375c2ec6713e8ee9740d5b8a378685ac510d67df8a3ad293,24,1,20.022377014160156,-8.235593795776367,False,True,AlphaEdit_BLUE_L4_ONLY
AlphaEdit_L4_ONLY,50,PS,new,2,3d171d4c4423b6e6c366baf0744a8a55886975be18052c8416f0847c37d676e8,7a1fe08d4ef438a85822530609ea786b049766c32dfbb7a9073319f9d89802fd,29,1,15.646060943603516,-8.463215351104736,False,True,AlphaEdit_BLUE_L4_ONLY
AlphaEdit_L4_ONLY,50,PS,new,3,d0541665ae524cf19488eba81b94b2b2985b35b52e90f4c0ca90ba0a1cbc99a9,afa16d5a77611a5a87ed12dd7f579dc2757b67c170e7c582a4284991a1dfe4e1,8,1,15.617302894592285,0.08183670043945312,True,True,AlphaEdit_BLUE_L4_ONLY
AlphaEdit_L4_ONLY,50,PS,new,4,c49eb5e7bb09a8e471441ed78fa006cbb96c24b221b12523d8ac63ecef1d81b0,469d4ea1685278cd39c25c113e0de3b00e89524618755fa0dd502fae23ed2fe9,4,1,15.597585678100586,3.6668262481689453,True,True,AlphaEdit_BLUE_L4_ONLY
AlphaEdit_L4_ONLY,50,PS,new,5,e6fd7e66c9602a122c58650778868155d0fd99aabbc38171197c8f3b8f94cb5f,d405ef35132daeb24e41cc2a8640dfa3a0ac6b336b7069c9e0dbe3db63484c7b,39,1,15.451542854309082,-1.1752958297729492,False,True,AlphaEdit_BLUE_L4_ONLY
AlphaEdit_L4_ONLY,50,PS,true,1,364945ecf18d22055b7b50cb645cd6138cdef0c76790b8aa0737fe4f5ecc6cd5,1c0d5ce06b684fea451bb379e7fb244f69fbde65f3b1afcf55331de8e311f099,12,0,25.978445053100586,25.97834671027522,True,True,AlphaEdit_BLUE_L4_ONLY
AlphaEdit_L4_ONLY,50,PS,true,2,0b5580e79dfc9896dc12e7a6f73e1e178c6847140eb24d552975ffaee3c083ef,162e148f4566525e8a31112339dce9312992242376aa83fda864a65594b7879f,43,1,25.02519989013672,25.0232437918894,True,True,AlphaEdit_BLUE_L4_ONLY
AlphaEdit_L4_ONLY,50,PS,true,3,6f7c5d50ddef6fe32da94db0694f7e3ed72d641a95837a7f0f8023fb124a0532,1c4036403b97de19ee446ddaeb4af4d2f32711c867d053e38898e37d5d3b458c,4,0,24.87385368347168,24.85447365604341,True,True,AlphaEdit_BLUE_L4_ONLY
AlphaEdit_L4_ONLY,50,PS,true,4,fcc0df4b4cc5b19526a1f2bcd7a58a37f4dc2bfbfa755bc589eb038457e86b0a,11879f459a4ba897ac83864e49da07ae46067a34cdbe64307abc77034431cdb8,31,1,24.152816772460938,24.146181591320783,True,True,AlphaEdit_BLUE_L4_ONLY
AlphaEdit_L4_ONLY,50,PS,true,5,e85a870aeb6eed9e560269c22f3f3d0823a5a1aa6536bb1bf8d90621b9e70fd1,68d8bce6de6a57cb0a5e5ae6949ff068ce06faa8efd254f58abd2e6f1f83c5b3,42,0,23.851903915405273,23.851774462498724,True,True,AlphaEdit_BLUE_L4_ONLY
AlphaEdit_L4_ONLY,50,NS,new,1,e324c90d6c7dda4a70226cb416919c0206ecb22472195aab9877612130fef7d0,bbb2a291741406c54b72fe452875307352e6bc88026c35820268652ef97795e3,33,9,27.20696258544922,-12.367907524108887,True,True,AlphaEdit_BLUE_L4_ONLY
AlphaEdit_L4_ONLY,50,NS,new,2,3a6e2b22591ed55131de9ee07ffdfd443d86554bfc60c2d23e6620d4e2c794df,eb3e9939eabedb759dfd25adc7eac0574b45640f59914bd20b1c5b5832d1efc0,49,6,25.96276092529297,-5.938043594360352,True,True,AlphaEdit_BLUE_L4_ONLY
AlphaEdit_L4_ONLY,50,NS,new,3,c738b7bf89988cc0cacac1b3ab3996e3a52a66e44ab6f01a61666721a0892e8c,348163f4d6e7d065d8e59bd96ff9e3ca52196472110d227cc4c225e355183a1e,36,8,25.032072067260742,-3.7310867309570312,True,True,AlphaEdit_BLUE_L4_ONLY
AlphaEdit_L4_ONLY,50,NS,new,4,eb5af8ab99b55cda453f70e6a92c7b327bd8f76f49ff6a81c18ade4c26690057,d999660f40c66b89463db0b1cdb58708ab6350c110532cef525ca7fe2901651c,44,3,24.99032974243164,-6.809225082397461,True,True,AlphaEdit_BLUE_L4_ONLY
AlphaEdit_L4_ONLY,50,NS,new,5,cebaf002d886615dcfbaea61d2b4ee2b3b31e69f78cf126b245dd9dedfe4b6aa,ba9957d0f97a82da621957ce8b029fa5d7180aeaa73bc93503e389ccb8398e45,48,6,24.398971557617188,-10.53897476196289,True,True,AlphaEdit_BLUE_L4_ONLY
AlphaEdit_L4_ONLY,50,NS,true,1,80199b1329e5077738005165ae9cf178765fbd14241f5016ff30e14f3a08c585,792ad6fd8702286920f6c83154d26ad1f5b87ab9c679627fa2523f8ac7dbb8f6,23,1,26.50650405883789,8.302915573120117,False,True,AlphaEdit_BLUE_L4_ONLY
AlphaEdit_L4_ONLY,50,NS,true,2,c869e66523505d952a395261ef6fa102923c5c12d49b1f84bb1f004dcd583f6f,7ae5273996d7c31c7502a24e537604551006e6b744225254a5e8a7fe044f128c,6,1,26.223133087158203,3.967580795288086,False,True,AlphaEdit_BLUE_L4_ONLY
AlphaEdit_L4_ONLY,50,NS,true,3,340799d186c8195376d2cf6a756516a830ffc5feac81996d8b4e6d62d30d214b,7fe72b18b85f957381093e6073d5e941c921360d18c89c380b7983fc2b2c89b9,9,6,25.90719223022461,14.478666305541992,False,True,AlphaEdit_BLUE_L4_ONLY
AlphaEdit_L4_ONLY,50,NS,true,4,48e1ff78f2967629663434954e7034e9a16116b94c678174f080fb20509144dc,0be1791d0615a17bdeb4c96f98968bbca87d8203641525bd7ea7566c04c6ad82,18,9,24.1613826751709,3.4618091583251953,False,True,AlphaEdit_BLUE_L4_ONLY
AlphaEdit_L4_ONLY,50,NS,true,5,80199b1329e5077738005165ae9cf178765fbd14241f5016ff30e14f3a08c585,38e04eda7e61409157eaf486ce8c41b5d449ce411de6c25101ecab1782e4cd17,23,8,24.155033111572266,8.9004545211792,False,True,AlphaEdit_BLUE_L4_ONLY
AlphaEdit_L4_ONLY,60,RS,new,1,c49eb5e7bb09a8e471441ed78fa006cbb96c24b221b12523d8ac63ecef1d81b0,6307dd1fa0c01d7ebfef42fa0d06e87241109f8922d7220402888ce5f1f0ed88,4,0,13.452467918395996,3.9172887802124023,True,True,AlphaEdit_BLUE_L4_ONLY
AlphaEdit_L4_ONLY,60,RS,new,2,7c7fead4c7112bf70054247e3d806d902cf564483840787837113b631d216e2d,318a31ca4a40e9330a58beb6438794d2ab3b6c4683600ff87738425e97f2b924,32,0,9.041242599487305,3.3620500564575195,True,True,AlphaEdit_BLUE_L4_ONLY
AlphaEdit_L4_ONLY,60,RS,new,3,6e43a48e5e6e8eb5ba83a750ff5895b4eb55b7c3b7c20877f859ddde5f7cd520,cf7afd6edca87ca76026e3a8fa1a6041236055b6b1215f2e1ca68cc1f076641e,33,0,8.53565502166748,2.7370920181274414,True,True,AlphaEdit_BLUE_L4_ONLY
AlphaEdit_L4_ONLY,60,RS,new,4,377b01b6e33c26412d8ad7b9742b076e594045c8d2e633f0c29c191737124782,87513fb8886b728c7ea4c799e0206aee2567b66383465bb7f11b1d1c7803ab4a,45,0,8.474261283874512,0.7606010437011719,True,True,AlphaEdit_BLUE_L4_ONLY
AlphaEdit_L4_ONLY,60,RS,new,5,f0cec1870916d1929ec7bb20d9f279f2a9f2d5d292da501565e2bb6ab0b92b3e,589d4dcc2449bc0353738a31b493b0aa1959955c5d8bad88f6ef8e9abde00ef1,14,0,8.290950775146484,3.376758575439453,True,True,AlphaEdit_BLUE_L4_ONLY
AlphaEdit_L4_ONLY,60,RS,true,1,6f8b95ec81c4c65578c705246889ade2223999b1383dbb36d4aae1502b94f22f,a7389cbd575a13b6e5007c3e14273384071a503e18513fef04a03f1064ae8642,40,0,27.846921920776367,27.845882955705747,True,True,AlphaEdit_BLUE_L4_ONLY
AlphaEdit_L4_ONLY,60,RS,true,2,24078fbb5c139f27a3f1e0e9472c3681a045c7ff3e6540a04f97929d8ab26ee6,0346acda71a00b4de7c66d56d5b949b5918305aa9f9fb02f36660f4d3ed91308,57,0,27.615657806396484,27.615136997424997,True,True,AlphaEdit_BLUE_L4_ONLY
AlphaEdit_L4_ONLY,60,RS,true,3,783b00bbf231c936d8a94d1ccdadcef1285f5d59999f767b5131310f51e9ee2b,aa5b9b27fc6a3cab8834a353ec0b3eb8cf0bb6b93da6f3e21c9b2a969214904b,50,0,26.992212295532227,26.991291232057847,True,True,AlphaEdit_BLUE_L4_ONLY
AlphaEdit_L4_ONLY,60,RS,true,4,b5bf10f0b7d29480034eeb57c95a2cbb3a94a9a6c8b83d7f0433fe898330c59d,5dde015dbf947a1228b0f0787c8ec8b9b67f70589c4ebde5dfa6743a5a85d65c,1,0,26.918676376342773,26.91847803175915,True,True,AlphaEdit_BLUE_L4_ONLY
AlphaEdit_L4_ONLY,60,RS,true,5,7811e7c165a37572a04b180fe14666cf22f1b60645e34084a020c9bf69161ba5,fa8f267a0504b7e8e9ab690c0afcc4b8e6d3aa0cc25bfaafcd552ecfdf9b8d6f,12,0,26.893489837646484,26.893388514887192,True,True,AlphaEdit_BLUE_L4_ONLY
AlphaEdit_L4_ONLY,60,PS,new,1,2e1030083599489d2833b87315cb57aa2ac32593558298b8cb4bc58e86c26dbd,bd984bfb4a26cdaa375c2ec6713e8ee9740d5b8a378685ac510d67df8a3ad293,24,1,20.760717391967773,-9.452421188354492,False,True,AlphaEdit_BLUE_L4_ONLY
AlphaEdit_L4_ONLY,60,PS,new,2,c49eb5e7bb09a8e471441ed78fa006cbb96c24b221b12523d8ac63ecef1d81b0,fbcf00692855bb2ad72d99ca2f744e8a178063e10252d068b86b37df35514c3b,4,0,16.734891891479492,1.0415325164794922,True,True,AlphaEdit_BLUE_L4_ONLY
AlphaEdit_L4_ONLY,60,PS,new,3,953815689985e39a762284426cd5884050ea56b7001aa332b18d44d8df0ba478,cfe1d45e5266f17e27be328285c1f56a0bb71199146773bef1ce2a87d6717656,17,1,16.435420989990234,-1.044260025024414,False,True,AlphaEdit_BLUE_L4_ONLY
AlphaEdit_L4_ONLY,60,PS,new,4,d0541665ae524cf19488eba81b94b2b2985b35b52e90f4c0ca90ba0a1cbc99a9,afa16d5a77611a5a87ed12dd7f579dc2757b67c170e7c582a4284991a1dfe4e1,8,1,16.224653244018555,-0.4634561538696289,False,True,AlphaEdit_BLUE_L4_ONLY
AlphaEdit_L4_ONLY,60,PS,new,5,de690d1ae70d10081585d8ed98ed5825ac88fe8029b67a583a760fcc1d505636,c2dc1b07fb5f1271746175d8df298827d84b18d41c809f179256a28231911fef,46,1,16.151601791381836,-5.205629348754883,False,True,AlphaEdit_BLUE_L4_ONLY
AlphaEdit_L4_ONLY,60,PS,true,1,6f7c5d50ddef6fe32da94db0694f7e3ed72d641a95837a7f0f8023fb124a0532,1c4036403b97de19ee446ddaeb4af4d2f32711c867d053e38898e37d5d3b458c,4,0,25.72938346862793,25.715954281389713,True,True,AlphaEdit_BLUE_L4_ONLY
AlphaEdit_L4_ONLY,60,PS,true,2,0b5580e79dfc9896dc12e7a6f73e1e178c6847140eb24d552975ffaee3c083ef,162e148f4566525e8a31112339dce9312992242376aa83fda864a65594b7879f,43,1,24.757387161254883,24.751837423071265,True,True,AlphaEdit_BLUE_L4_ONLY
AlphaEdit_L4_ONLY,60,PS,true,3,fcc0df4b4cc5b19526a1f2bcd7a58a37f4dc2bfbfa755bc589eb038457e86b0a,11879f459a4ba897ac83864e49da07ae46067a34cdbe64307abc77034431cdb8,31,1,24.3569278717041,24.35001148050651,True,True,AlphaEdit_BLUE_L4_ONLY
AlphaEdit_L4_ONLY,60,PS,true,4,3054e4555b64835cd1bfea533bc6ade14c335d78ecbadbd21f029722fd0f60df,401d8c2d62432569df9eecf8844399c67114c82b3c273ec943a59765c4172544,56,1,23.961109161376953,23.960776980267838,True,True,AlphaEdit_BLUE_L4_ONLY
AlphaEdit_L4_ONLY,60,PS,true,5,cf46eed0371a59efdb771a028fc3c507938b2fa2502d76d73d661cffa845241a,32a473d8a4d5e28b55e02394bb8e3621bf872b8635be5058929003805a9c88e8,42,0,23.60708999633789,23.6052422914654,True,True,AlphaEdit_BLUE_L4_ONLY
AlphaEdit_L4_ONLY,60,NS,new,1,25b99b9c636ea2d7820f5409c19248e08e87e59d0fb42c5b44ce7695508f0408,be18550fd034e9861cb1d69b6b4a3a11affc4f2321847836e3c8bc86bec1ebf2,54,2,26.826120376586914,-18.68088150024414,True,True,AlphaEdit_BLUE_L4_ONLY
AlphaEdit_L4_ONLY,60,NS,new,2,f00f2e7bca65e9f8409fdb3bcddfa031664224255d7bd2f6b3de8ff11ababe20,692eda33142c353d1e7cef904d4c989605dbd91ce736e69a6a3653f8f67a8148,59,8,26.603662490844727,-1.063272476196289,True,True,AlphaEdit_BLUE_L4_ONLY
AlphaEdit_L4_ONLY,60,NS,new,3,5d60fc4768a0d01e3d533d2d5353bdffb58877bc2971bc7053a54071fa4c2f49,1cac09547f8973553663ef6d05516cc75d9d400f25dd44143f2687a36c36a3f6,59,8,26.130435943603516,-1.5827999114990234,True,True,AlphaEdit_BLUE_L4_ONLY
AlphaEdit_L4_ONLY,60,NS,new,4,3a6e2b22591ed55131de9ee07ffdfd443d86554bfc60c2d23e6620d4e2c794df,eb3e9939eabedb759dfd25adc7eac0574b45640f59914bd20b1c5b5832d1efc0,49,6,26.009923934936523,-5.356206893920898,True,True,AlphaEdit_BLUE_L4_ONLY
AlphaEdit_L4_ONLY,60,NS,new,5,e324c90d6c7dda4a70226cb416919c0206ecb22472195aab9877612130fef7d0,bbb2a291741406c54b72fe452875307352e6bc88026c35820268652ef97795e3,33,9,25.800430297851562,-11.14619255065918,True,True,AlphaEdit_BLUE_L4_ONLY
AlphaEdit_L4_ONLY,60,NS,true,1,340799d186c8195376d2cf6a756516a830ffc5feac81996d8b4e6d62d30d214b,7fe72b18b85f957381093e6073d5e941c921360d18c89c380b7983fc2b2c89b9,9,6,27.160511016845703,14.931687355041504,False,True,AlphaEdit_BLUE_L4_ONLY
AlphaEdit_L4_ONLY,60,NS,true,2,80199b1329e5077738005165ae9cf178765fbd14241f5016ff30e14f3a08c585,792ad6fd8702286920f6c83154d26ad1f5b87ab9c679627fa2523f8ac7dbb8f6,23,1,26.891048431396484,8.190658569335938,False,True,AlphaEdit_BLUE_L4_ONLY
AlphaEdit_L4_ONLY,60,NS,true,3,c869e66523505d952a395261ef6fa102923c5c12d49b1f84bb1f004dcd583f6f,7ae5273996d7c31c7502a24e537604551006e6b744225254a5e8a7fe044f128c,6,1,26.399852752685547,3.4661808013916016,False,True,AlphaEdit_BLUE_L4_ONLY
AlphaEdit_L4_ONLY,60,NS,true,4,340799d186c8195376d2cf6a756516a830ffc5feac81996d8b4e6d62d30d214b,2c63f9b3b27ed6af7f46689a2df6586acf48a57c73be1bdc9e9f9823cbc2d90d,9,1,25.600309371948242,14.798913955688477,False,True,AlphaEdit_BLUE_L4_ONLY
AlphaEdit_L4_ONLY,60,NS,true,5,f00f2e7bca65e9f8409fdb3bcddfa031664224255d7bd2f6b3de8ff11ababe20,692eda33142c353d1e7cef904d4c989605dbd91ce736e69a6a3653f8f67a8148,59,8,25.540390014648438,-1.063272476196289,True,True,AlphaEdit_BLUE_L4_ONLY
AlphaEdit_L4_ONLY,70,RS,new,1,c49eb5e7bb09a8e471441ed78fa006cbb96c24b221b12523d8ac63ecef1d81b0,6307dd1fa0c01d7ebfef42fa0d06e87241109f8922d7220402888ce5f1f0ed88,4,0,13.629045486450195,3.4287757873535156,True,True,AlphaEdit_BLUE_L4_ONLY
AlphaEdit_L4_ONLY,70,RS,new,2,0c921bbabc0503bc23abfa92b5a4dab3c14f362b16096238fb4a71c279bc0eeb,c00a66e242b8f7c2628a1d6fb5f7c0821e73ba521aa21a9a35278fbd46e95565,68,0,11.278657913208008,6.127532958984375,True,True,AlphaEdit_BLUE_L4_ONLY
AlphaEdit_L4_ONLY,70,RS,new,3,f5344c28bef346106cf86fd309f0eda489fc4400b9c4ef5c81bd4157f6813260,1f44326fb2fe2ab5ee88d31baf437b84f3297d6ddbd6135baaca469ee82cca49,65,0,10.245914459228516,-3.5800905227661133,False,True,AlphaEdit_BLUE_L4_ONLY
AlphaEdit_L4_ONLY,70,RS,new,4,9110f470a27932ba7b53c098bf2b76bed3c5ebe0757f48fa56bad6fdba8cb2f4,97170bb02161bd4e097ceff356c151ad357cf65de772289ec85f664683937f57,2,0,8.902230262756348,-7.776726722717285,False,True,AlphaEdit_BLUE_L4_ONLY
AlphaEdit_L4_ONLY,70,RS,new,5,6e43a48e5e6e8eb5ba83a750ff5895b4eb55b7c3b7c20877f859ddde5f7cd520,cf7afd6edca87ca76026e3a8fa1a6041236055b6b1215f2e1ca68cc1f076641e,33,0,8.768331527709961,2.2791614532470703,True,True,AlphaEdit_BLUE_L4_ONLY
AlphaEdit_L4_ONLY,70,RS,true,1,783b00bbf231c936d8a94d1ccdadcef1285f5d59999f767b5131310f51e9ee2b,aa5b9b27fc6a3cab8834a353ec0b3eb8cf0bb6b93da6f3e21c9b2a969214904b,50,0,28.498939514160156,28.497744440217502,True,True,AlphaEdit_BLUE_L4_ONLY
AlphaEdit_L4_ONLY,70,RS,true,2,24078fbb5c139f27a3f1e0e9472c3681a045c7ff3e6540a04f97929d8ab26ee6,0346acda71a00b4de7c66d56d5b949b5918305aa9f9fb02f36660f4d3ed91308,57,0,27.02292251586914,27.02221668837592,True,True,AlphaEdit_BLUE_L4_ONLY
AlphaEdit_L4_ONLY,70,RS,true,3,b5bf10f0b7d29480034eeb57c95a2cbb3a94a9a6c8b83d7f0433fe898330c59d,5dde015dbf947a1228b0f0787c8ec8b9b67f70589c4ebde5dfa6743a5a85d65c,1,0,26.810604095458984,26.810445678856922,True,True,AlphaEdit_BLUE_L4_ONLY
AlphaEdit_L4_ONLY,70,RS,true,4,52efd2aad05d27e3eac3665b82f2bffa6da52351ce871c1c28e4ba69b40ea3e6,b0d1e7df9b0b9f0130181b62713b0b6e4f4dd76ad9ed9a7d995f0e25c834f680,34,0,26.306062698364258,26.305174506851472,True,True,AlphaEdit_BLUE_L4_ONLY
AlphaEdit_L4_ONLY,70,RS,true,5,483151ac8df46efed173cb76f84b8087403c0856012d363166537dfcba0ff4da,c68b1ae4bde3e2c1560a531db6696469a51d62ca044f08a279a2f2868d542f75,30,0,26.25064468383789,26.25035182951251,True,True,AlphaEdit_BLUE_L4_ONLY
AlphaEdit_L4_ONLY,70,PS,new,1,2e1030083599489d2833b87315cb57aa2ac32593558298b8cb4bc58e86c26dbd,bd984bfb4a26cdaa375c2ec6713e8ee9740d5b8a378685ac510d67df8a3ad293,24,1,20.3575382232666,-8.633605003356934,False,True,AlphaEdit_BLUE_L4_ONLY
AlphaEdit_L4_ONLY,70,PS,new,2,c49eb5e7bb09a8e471441ed78fa006cbb96c24b221b12523d8ac63ecef1d81b0,fbcf00692855bb2ad72d99ca2f744e8a178063e10252d068b86b37df35514c3b,4,0,17.4716854095459,0.7966156005859375,True,True,AlphaEdit_BLUE_L4_ONLY
AlphaEdit_L4_ONLY,70,PS,new,3,953815689985e39a762284426cd5884050ea56b7001aa332b18d44d8df0ba478,cfe1d45e5266f17e27be328285c1f56a0bb71199146773bef1ce2a87d6717656,17,1,16.631446838378906,-0.9154281616210938,False,True,AlphaEdit_BLUE_L4_ONLY
AlphaEdit_L4_ONLY,70,PS,new,4,5588ef6ef806acb17bfc39794a3d31b8854b564fdfb1d584a6b0f3558386254b,4b9bf6e69614f0bcf6e0922e7aa60d1e9f4cf672e9ab66ddb4b034c2fcfaa990,5,1,16.506624221801758,0.7344989776611328,True,True,AlphaEdit_BLUE_L4_ONLY
AlphaEdit_L4_ONLY,70,PS,new,5,e6fd7e66c9602a122c58650778868155d0fd99aabbc38171197c8f3b8f94cb5f,d405ef35132daeb24e41cc2a8640dfa3a0ac6b336b7069c9e0dbe3db63484c7b,39,1,16.45254898071289,-1.6470355987548828,False,True,AlphaEdit_BLUE_L4_ONLY
AlphaEdit_L4_ONLY,70,PS,true,1,6f7c5d50ddef6fe32da94db0694f7e3ed72d641a95837a7f0f8023fb124a0532,1c4036403b97de19ee446ddaeb4af4d2f32711c867d053e38898e37d5d3b458c,4,0,25.181360244750977,25.16723158583045,True,True,AlphaEdit_BLUE_L4_ONLY
AlphaEdit_L4_ONLY,70,PS,true,2,23c6d0d78ef24a971406c4c8e7f004f037632f1f585535c131ac1853bd9cd54d,242f342acddbbced44f4df4a530575075bd33ac8c9c20035d90c5e6625844d08,69,0,24.873640060424805,24.873057415999938,True,True,AlphaEdit_BLUE_L4_ONLY
AlphaEdit_L4_ONLY,70,PS,true,3,fcc0df4b4cc5b19526a1f2bcd7a58a37f4dc2bfbfa755bc589eb038457e86b0a,11879f459a4ba897ac83864e49da07ae46067a34cdbe64307abc77034431cdb8,31,1,24.00933265686035,24.000888456590474,True,True,AlphaEdit_BLUE_L4_ONLY
AlphaEdit_L4_ONLY,70,PS,true,4,3054e4555b64835cd1bfea533bc6ade14c335d78ecbadbd21f029722fd0f60df,401d8c2d62432569df9eecf8844399c67114c82b3c273ec943a59765c4172544,56,1,23.859941482543945,23.859593451983528,True,True,AlphaEdit_BLUE_L4_ONLY
AlphaEdit_L4_ONLY,70,PS,true,5,783b00bbf231c936d8a94d1ccdadcef1285f5d59999f767b5131310f51e9ee2b,f835a96457b59503f7272e75459dc16116e30e995a1575a2f5688aaebd2ecde0,50,0,23.836807250976562,23.83624497964047,True,True,AlphaEdit_BLUE_L4_ONLY
AlphaEdit_L4_ONLY,70,NS,new,1,25b99b9c636ea2d7820f5409c19248e08e87e59d0fb42c5b44ce7695508f0408,be18550fd034e9861cb1d69b6b4a3a11affc4f2321847836e3c8bc86bec1ebf2,54,2,27.355663299560547,-17.96449565887451,True,True,AlphaEdit_BLUE_L4_ONLY
AlphaEdit_L4_ONLY,70,NS,new,2,3a6e2b22591ed55131de9ee07ffdfd443d86554bfc60c2d23e6620d4e2c794df,eb3e9939eabedb759dfd25adc7eac0574b45640f59914bd20b1c5b5832d1efc0,49,6,27.220876693725586,-5.251041412353516,True,True,AlphaEdit_BLUE_L4_ONLY
AlphaEdit_L4_ONLY,70,NS,new,3,3df218af6199b43dbf553de3b24037278430c858adf41293fa33b249229085b4,46dca43f2a4b42266e0b1886b7f80785faf4a6b6bf42073ffea0717ac18b9cda,62,6,25.458398818969727,-6.726625442504883,True,True,AlphaEdit_BLUE_L4_ONLY
AlphaEdit_L4_ONLY,70,NS,new,4,e324c90d6c7dda4a70226cb416919c0206ecb22472195aab9877612130fef7d0,bbb2a291741406c54b72fe452875307352e6bc88026c35820268652ef97795e3,33,9,25.33172035217285,-10.567739486694336,True,True,AlphaEdit_BLUE_L4_ONLY
AlphaEdit_L4_ONLY,70,NS,new,5,5d60fc4768a0d01e3d533d2d5353bdffb58877bc2971bc7053a54071fa4c2f49,1cac09547f8973553663ef6d05516cc75d9d400f25dd44143f2687a36c36a3f6,59,8,25.279287338256836,-1.3242549896240234,True,True,AlphaEdit_BLUE_L4_ONLY
AlphaEdit_L4_ONLY,70,NS,true,1,340799d186c8195376d2cf6a756516a830ffc5feac81996d8b4e6d62d30d214b,7fe72b18b85f957381093e6073d5e941c921360d18c89c380b7983fc2b2c89b9,9,6,28.300443649291992,14.925166130065918,False,True,AlphaEdit_BLUE_L4_ONLY
AlphaEdit_L4_ONLY,70,NS,true,2,c869e66523505d952a395261ef6fa102923c5c12d49b1f84bb1f004dcd583f6f,7ae5273996d7c31c7502a24e537604551006e6b744225254a5e8a7fe044f128c,6,1,26.653581619262695,3.0967559814453125,False,True,AlphaEdit_BLUE_L4_ONLY
AlphaEdit_L4_ONLY,70,NS,true,3,80199b1329e5077738005165ae9cf178765fbd14241f5016ff30e14f3a08c585,792ad6fd8702286920f6c83154d26ad1f5b87ab9c679627fa2523f8ac7dbb8f6,23,1,25.522287368774414,7.993066787719727,False,True,AlphaEdit_BLUE_L4_ONLY
AlphaEdit_L4_ONLY,70,NS,true,4,5d60fc4768a0d01e3d533d2d5353bdffb58877bc2971bc7053a54071fa4c2f49,1cac09547f8973553663ef6d05516cc75d9d400f25dd44143f2687a36c36a3f6,59,8,23.955032348632812,-1.3242549896240234,True,True,AlphaEdit_BLUE_L4_ONLY
AlphaEdit_L4_ONLY,70,NS,true,5,eaf6a8b332e3bd44678ae80b52840f093954996d5ea4070e6783ba92777528c2,78650953294d5a2ae895b3e42e972e47599d3eb96554995f3ebb908736ce7c58,46,3,23.65485382080078,2.402486801147461,False,True,AlphaEdit_BLUE_L4_ONLY
AlphaEdit_L4_ONLY,80,RS,new,1,c49eb5e7bb09a8e471441ed78fa006cbb96c24b221b12523d8ac63ecef1d81b0,6307dd1fa0c01d7ebfef42fa0d06e87241109f8922d7220402888ce5f1f0ed88,4,0,13.774774551391602,3.0251216888427734,True,True,AlphaEdit_BLUE_L4_ONLY
AlphaEdit_L4_ONLY,80,RS,new,2,0c921bbabc0503bc23abfa92b5a4dab3c14f362b16096238fb4a71c279bc0eeb,c00a66e242b8f7c2628a1d6fb5f7c0821e73ba521aa21a9a35278fbd46e95565,68,0,11.531209945678711,5.727663040161133,True,True,AlphaEdit_BLUE_L4_ONLY
AlphaEdit_L4_ONLY,80,RS,new,3,f5344c28bef346106cf86fd309f0eda489fc4400b9c4ef5c81bd4157f6813260,1f44326fb2fe2ab5ee88d31baf437b84f3297d6ddbd6135baaca469ee82cca49,65,0,10.162372589111328,-4.110589027404785,False,True,AlphaEdit_BLUE_L4_ONLY
AlphaEdit_L4_ONLY,80,RS,new,4,6e43a48e5e6e8eb5ba83a750ff5895b4eb55b7c3b7c20877f859ddde5f7cd520,cf7afd6edca87ca76026e3a8fa1a6041236055b6b1215f2e1ca68cc1f076641e,33,0,9.55191421508789,1.2228374481201172,True,True,AlphaEdit_BLUE_L4_ONLY
AlphaEdit_L4_ONLY,80,RS,new,5,3a1e774a8ea4f3f402fb14450653c20d4643489b3bd77e8cc22690b879a41635,a2f3a5d8bd7b5134a2de264faa50197e150c37a3f4cd3f142b13b208bc078e14,21,0,8.914571762084961,2.8803634643554688,True,True,AlphaEdit_BLUE_L4_ONLY
AlphaEdit_L4_ONLY,80,RS,true,1,783b00bbf231c936d8a94d1ccdadcef1285f5d59999f767b5131310f51e9ee2b,aa5b9b27fc6a3cab8834a353ec0b3eb8cf0bb6b93da6f3e21c9b2a969214904b,50,0,28.714801788330078,28.713088788324967,True,True,AlphaEdit_BLUE_L4_ONLY
AlphaEdit_L4_ONLY,80,RS,true,2,ca2161a802568e7eab9558628f60abb688ec5ced18cc706b23b9838b6d75426b,2107e3970daf192250ee43c1baad8d5bc1879bfd6f3b1188b34426ce1e847d79,80,0,27.006031036376953,27.00582542149641,True,True,AlphaEdit_BLUE_L4_ONLY
AlphaEdit_L4_ONLY,80,RS,true,3,0735af1d63e02532a9050859de5404b8033f35f58f92291ce312750849857465,36665220e119ddfed68ab3401731fd2caccf67df2cdce6ee2e0d04435c1d89cf,25,0,26.688587188720703,26.68834832184075,True,True,AlphaEdit_BLUE_L4_ONLY
AlphaEdit_L4_ONLY,80,RS,true,4,24078fbb5c139f27a3f1e0e9472c3681a045c7ff3e6540a04f97929d8ab26ee6,0346acda71a00b4de7c66d56d5b949b5918305aa9f9fb02f36660f4d3ed91308,57,0,26.56106948852539,26.560062200645916,True,True,AlphaEdit_BLUE_L4_ONLY
AlphaEdit_L4_ONLY,80,RS,true,5,b69313a258e85ac7560303276a0ef84c639ab0c71139e51a8bb731cf39121ffa,26b9cbce04697ef7178a09a9ba890471fbcab2c5c25dc4dc63de8fd27a10f0cd,80,0,26.38836097717285,26.38776105758734,True,True,AlphaEdit_BLUE_L4_ONLY
AlphaEdit_L4_ONLY,80,PS,new,1,2e1030083599489d2833b87315cb57aa2ac32593558298b8cb4bc58e86c26dbd,bd984bfb4a26cdaa375c2ec6713e8ee9740d5b8a378685ac510d67df8a3ad293,24,1,20.961769104003906,-9.093509674072266,False,True,AlphaEdit_BLUE_L4_ONLY
AlphaEdit_L4_ONLY,80,PS,new,2,2a7185fd600ecd7bd4b998bc7dbf460bd0dd2f1b9529ebdf0f662a48be746642,369c728ac04ab11ea70d7ece1b253e43ee384c7719daac1bcffe7ac0d946b958,16,1,17.468631744384766,-10.826033592224121,False,True,AlphaEdit_BLUE_L4_ONLY
AlphaEdit_L4_ONLY,80,PS,new,3,0341b5dd628e639abaa6a2a7affb6e8905dc4a0065309f69c67456473483c9dd,43422514bcba553fd216bea5217c9bfc373c8377f4cdbab8494db6eaa09d82d7,78,0,17.14551544189453,-5.041193008422852,False,True,AlphaEdit_BLUE_L4_ONLY
AlphaEdit_L4_ONLY,80,PS,new,4,c49eb5e7bb09a8e471441ed78fa006cbb96c24b221b12523d8ac63ecef1d81b0,fbcf00692855bb2ad72d99ca2f744e8a178063e10252d068b86b37df35514c3b,4,0,16.92544174194336,0.47231292724609375,True,True,AlphaEdit_BLUE_L4_ONLY
AlphaEdit_L4_ONLY,80,PS,new,5,e6fd7e66c9602a122c58650778868155d0fd99aabbc38171197c8f3b8f94cb5f,d405ef35132daeb24e41cc2a8640dfa3a0ac6b336b7069c9e0dbe3db63484c7b,39,1,16.875341415405273,-3.003207206726074,False,True,AlphaEdit_BLUE_L4_ONLY
AlphaEdit_L4_ONLY,80,PS,true,1,6f7c5d50ddef6fe32da94db0694f7e3ed72d641a95837a7f0f8023fb124a0532,1c4036403b97de19ee446ddaeb4af4d2f32711c867d053e38898e37d5d3b458c,4,0,24.921403884887695,24.911731796339154,True,True,AlphaEdit_BLUE_L4_ONLY
AlphaEdit_L4_ONLY,80,PS,true,2,59f6c59d4e41b4a773ee9861eef9903a8ccab77bca9875573f5b971eebff5b91,0d0b5ba4f45c724ebbb9ff76a85f54e76810faea57c6651e5149d720d7563b24,71,0,24.750349044799805,24.750090513261966,True,True,AlphaEdit_BLUE_L4_ONLY
AlphaEdit_L4_ONLY,80,PS,true,3,783b00bbf231c936d8a94d1ccdadcef1285f5d59999f767b5131310f51e9ee2b,f835a96457b59503f7272e75459dc16116e30e995a1575a2f5688aaebd2ecde0,50,0,24.69375991821289,24.693389722699067,True,True,AlphaEdit_BLUE_L4_ONLY
AlphaEdit_L4_ONLY,80,PS,true,4,fcc0df4b4cc5b19526a1f2bcd7a58a37f4dc2bfbfa755bc589eb038457e86b0a,11879f459a4ba897ac83864e49da07ae46067a34cdbe64307abc77034431cdb8,31,1,24.125965118408203,24.115906216204166,True,True,AlphaEdit_BLUE_L4_ONLY
AlphaEdit_L4_ONLY,80,PS,true,5,23c6d0d78ef24a971406c4c8e7f004f037632f1f585535c131ac1853bd9cd54d,242f342acddbbced44f4df4a530575075bd33ac8c9c20035d90c5e6625844d08,69,0,23.894502639770508,23.89385768712964,True,True,AlphaEdit_BLUE_L4_ONLY
AlphaEdit_L4_ONLY,80,NS,new,1,25b99b9c636ea2d7820f5409c19248e08e87e59d0fb42c5b44ce7695508f0408,be18550fd034e9861cb1d69b6b4a3a11affc4f2321847836e3c8bc86bec1ebf2,54,2,28.321353912353516,-19.344633102416992,True,True,AlphaEdit_BLUE_L4_ONLY
AlphaEdit_L4_ONLY,80,NS,new,2,3a6e2b22591ed55131de9ee07ffdfd443d86554bfc60c2d23e6620d4e2c794df,eb3e9939eabedb759dfd25adc7eac0574b45640f59914bd20b1c5b5832d1efc0,49,6,27.767601013183594,-4.818294525146484,True,True,AlphaEdit_BLUE_L4_ONLY
AlphaEdit_L4_ONLY,80,NS,new,3,3df218af6199b43dbf553de3b24037278430c858adf41293fa33b249229085b4,46dca43f2a4b42266e0b1886b7f80785faf4a6b6bf42073ffea0717ac18b9cda,62,6,25.869840621948242,-7.809558868408203,True,True,AlphaEdit_BLUE_L4_ONLY
AlphaEdit_L4_ONLY,80,NS,new,4,5d60fc4768a0d01e3d533d2d5353bdffb58877bc2971bc7053a54071fa4c2f49,1cac09547f8973553663ef6d05516cc75d9d400f25dd44143f2687a36c36a3f6,59,8,25.364103317260742,-2.0341434478759766,True,True,AlphaEdit_BLUE_L4_ONLY
AlphaEdit_L4_ONLY,80,NS,new,5,4fc0f748ecf0ddb5df80d0af9545585cd716afbea9d628f38f975d0f377aa435,c386323122ad65fbe4b3cb932ba09068e2cd503327756264704cdba8b37dbc01,64,3,24.304738998413086,-18.162785530090332,True,True,AlphaEdit_BLUE_L4_ONLY
AlphaEdit_L4_ONLY,80,NS,true,1,340799d186c8195376d2cf6a756516a830ffc5feac81996d8b4e6d62d30d214b,7fe72b18b85f957381093e6073d5e941c921360d18c89c380b7983fc2b2c89b9,9,6,27.525224685668945,15.055871963500977,False,True,AlphaEdit_BLUE_L4_ONLY
AlphaEdit_L4_ONLY,80,NS,true,2,c869e66523505d952a395261ef6fa102923c5c12d49b1f84bb1f004dcd583f6f,7ae5273996d7c31c7502a24e537604551006e6b744225254a5e8a7fe044f128c,6,1,26.549388885498047,3.0884761810302734,False,True,AlphaEdit_BLUE_L4_ONLY
AlphaEdit_L4_ONLY,80,NS,true,3,e3768df728e2010d247673212d2b012d82445624ffb6ea2673e0200d2731fe0b,e244f4ceccf057e80d05e1c8f9966d4b2557b56975b8b2e452f64c3f5a0eb7af,70,4,24.491893768310547,1.3423595428466797,False,True,AlphaEdit_BLUE_L4_ONLY
AlphaEdit_L4_ONLY,80,NS,true,4,80199b1329e5077738005165ae9cf178765fbd14241f5016ff30e14f3a08c585,792ad6fd8702286920f6c83154d26ad1f5b87ab9c679627fa2523f8ac7dbb8f6,23,1,24.32825469970703,7.343000411987305,False,True,AlphaEdit_BLUE_L4_ONLY
AlphaEdit_L4_ONLY,80,NS,true,5,5d60fc4768a0d01e3d533d2d5353bdffb58877bc2971bc7053a54071fa4c2f49,1cac09547f8973553663ef6d05516cc75d9d400f25dd44143f2687a36c36a3f6,59,8,23.329959869384766,-2.0341434478759766,True,True,AlphaEdit_BLUE_L4_ONLY
AlphaEdit_L4_ONLY,90,RS,new,1,c49eb5e7bb09a8e471441ed78fa006cbb96c24b221b12523d8ac63ecef1d81b0,6307dd1fa0c01d7ebfef42fa0d06e87241109f8922d7220402888ce5f1f0ed88,4,0,13.956941604614258,2.857725143432617,True,True,AlphaEdit_BLUE_L4_ONLY
AlphaEdit_L4_ONLY,90,RS,new,2,5fab5bd05f98260a1f33ff741eee56f962974eae8eba07a27b24ad12458a8d45,9db0245497d04953ba9ef8cebc6c5db9f755c8dc4f491a98273bca288a2197ff,1,0,12.977595329284668,-8.588644027709961,False,True,AlphaEdit_BLUE_L4_ONLY
AlphaEdit_L4_ONLY,90,RS,new,3,f9f6d07ef81e1c00b96d680c602f7143988a664d4706124193c028e4357f62dd,6a2b71ad6790f2280328949ec7e6a4b55fb4b26aa46c8ede14fbad07cda101e4,9,0,12.030506134033203,-2.63568115234375,False,True,AlphaEdit_BLUE_L4_ONLY
AlphaEdit_L4_ONLY,90,RS,new,4,1f6ebd8f003635e606b0822bf3301025ce467dc0fdbee1e964c9dcd2adc83471,02b22fe1b301c7764840b0be7d6fc0f36046ab70372af188be6199d621fff697,56,0,11.211369514465332,-1.9469413757324219,False,True,AlphaEdit_BLUE_L4_ONLY
AlphaEdit_L4_ONLY,90,RS,new,5,0c921bbabc0503bc23abfa92b5a4dab3c14f362b16096238fb4a71c279bc0eeb,c00a66e242b8f7c2628a1d6fb5f7c0821e73ba521aa21a9a35278fbd46e95565,68,0,11.007059097290039,5.642889022827148,True,True,AlphaEdit_BLUE_L4_ONLY
AlphaEdit_L4_ONLY,90,RS,true,1,ca2161a802568e7eab9558628f60abb688ec5ced18cc706b23b9838b6d75426b,2107e3970daf192250ee43c1baad8d5bc1879bfd6f3b1188b34426ce1e847d79,80,0,29.320178985595703,29.320012464086176,True,True,AlphaEdit_BLUE_L4_ONLY
AlphaEdit_L4_ONLY,90,RS,true,2,fdddba02b7112af43e6ef2d9148c5c38a11753f600a0db11b9437881fec86aa1,d4d24049eb383b6186cd429572a2144e9a4d815ede4440d926e9b5e6eae9f9fb,86,0,28.484905242919922,28.484684134135023,True,True,AlphaEdit_BLUE_L4_ONLY
AlphaEdit_L4_ONLY,90,RS,true,3,783b00bbf231c936d8a94d1ccdadcef1285f5d59999f767b5131310f51e9ee2b,aa5b9b27fc6a3cab8834a353ec0b3eb8cf0bb6b93da6f3e21c9b2a969214904b,50,0,27.195261001586914,27.191857295809314,True,True,AlphaEdit_BLUE_L4_ONLY
AlphaEdit_L4_ONLY,90,RS,true,4,f14e5d1984c9b8d75fa57ccdfbbda927a6a7fd5b02248ae949db7bc14e846f2b,05801c14b144bfcb0956df14cec46a24a0183905226e696d29d4e1e35d7eccfc,89,0,26.99152183532715,26.989780155476183,True,True,AlphaEdit_BLUE_L4_ONLY
AlphaEdit_L4_ONLY,90,RS,true,5,c4b2398ae8a65e63a92bb4fb6348050851f8886674de0e30d522c323a97044a9,6f002c2f332c1b6721c65b71f789f3e0d11c01fdab2b4a99e54d50d80c266acc,89,0,26.88889503479004,26.88847252712003,True,True,AlphaEdit_BLUE_L4_ONLY
AlphaEdit_L4_ONLY,90,PS,new,1,2e1030083599489d2833b87315cb57aa2ac32593558298b8cb4bc58e86c26dbd,bd984bfb4a26cdaa375c2ec6713e8ee9740d5b8a378685ac510d67df8a3ad293,24,1,20.563316345214844,-8.610278129577637,False,True,AlphaEdit_BLUE_L4_ONLY
AlphaEdit_L4_ONLY,90,PS,new,2,2a7185fd600ecd7bd4b998bc7dbf460bd0dd2f1b9529ebdf0f662a48be746642,369c728ac04ab11ea70d7ece1b253e43ee384c7719daac1bcffe7ac0d946b958,16,1,17.674423217773438,-12.748351573944092,False,True,AlphaEdit_BLUE_L4_ONLY
AlphaEdit_L4_ONLY,90,PS,new,3,c49eb5e7bb09a8e471441ed78fa006cbb96c24b221b12523d8ac63ecef1d81b0,fbcf00692855bb2ad72d99ca2f744e8a178063e10252d068b86b37df35514c3b,4,0,16.937496185302734,-0.8242874145507812,False,True,AlphaEdit_BLUE_L4_ONLY
AlphaEdit_L4_ONLY,90,PS,new,4,0341b5dd628e639abaa6a2a7affb6e8905dc4a0065309f69c67456473483c9dd,43422514bcba553fd216bea5217c9bfc373c8377f4cdbab8494db6eaa09d82d7,78,0,16.24919891357422,-4.454498291015625,False,True,AlphaEdit_BLUE_L4_ONLY
AlphaEdit_L4_ONLY,90,PS,new,5,3d171d4c4423b6e6c366baf0744a8a55886975be18052c8416f0847c37d676e8,7a1fe08d4ef438a85822530609ea786b049766c32dfbb7a9073319f9d89802fd,29,1,16.233985900878906,-11.035939693450928,False,True,AlphaEdit_BLUE_L4_ONLY
AlphaEdit_L4_ONLY,90,PS,true,1,f14e5d1984c9b8d75fa57ccdfbbda927a6a7fd5b02248ae949db7bc14e846f2b,c48cd6a100f6a1b2feceb92db0b42e00986497815e3e52b479163f6f89cf5431,89,0,25.704517364501953,25.702179187443107,True,True,AlphaEdit_BLUE_L4_ONLY
AlphaEdit_L4_ONLY,90,PS,true,2,6c506d78b6578e107540fef695f902ce6b6bd46f3cf0cfccc5c2bddad4f66253,2e5ea31e075b2dada64dc2a54b91d1715614aa1922062467800126b2eb552c37,78,1,25.243995666503906,25.240287393098697,True,True,AlphaEdit_BLUE_L4_ONLY
AlphaEdit_L4_ONLY,90,PS,true,3,c4b2398ae8a65e63a92bb4fb6348050851f8886674de0e30d522c323a97044a9,9cd809a9ca08ec291a64a60a1793f71ab3df0e80b2fb12a20ce1e528a9b454db,89,0,24.923431396484375,24.920682991854846,True,True,AlphaEdit_BLUE_L4_ONLY
AlphaEdit_L4_ONLY,90,PS,true,4,23c6d0d78ef24a971406c4c8e7f004f037632f1f585535c131ac1853bd9cd54d,242f342acddbbced44f4df4a530575075bd33ac8c9c20035d90c5e6625844d08,69,0,24.395511627197266,24.394742427160963,True,True,AlphaEdit_BLUE_L4_ONLY
AlphaEdit_L4_ONLY,90,PS,true,5,a35833a67176bfc8c1457633e2e41ffb5e4bf6aac7127377e8b9881caf1cf52e,3005c95ebb2e46554f427f011d0feed787c360b99b6543a84ae6044aa6af06dd,82,1,24.252199172973633,24.251818729302613,True,True,AlphaEdit_BLUE_L4_ONLY
AlphaEdit_L4_ONLY,90,NS,new,1,25b99b9c636ea2d7820f5409c19248e08e87e59d0fb42c5b44ce7695508f0408,be18550fd034e9861cb1d69b6b4a3a11affc4f2321847836e3c8bc86bec1ebf2,54,2,27.072294235229492,-15.558159828186035,True,True,AlphaEdit_BLUE_L4_ONLY
AlphaEdit_L4_ONLY,90,NS,new,2,3a6e2b22591ed55131de9ee07ffdfd443d86554bfc60c2d23e6620d4e2c794df,eb3e9939eabedb759dfd25adc7eac0574b45640f59914bd20b1c5b5832d1efc0,49,6,26.477855682373047,-4.927543640136719,True,True,AlphaEdit_BLUE_L4_ONLY
AlphaEdit_L4_ONLY,90,NS,new,3,5d60fc4768a0d01e3d533d2d5353bdffb58877bc2971bc7053a54071fa4c2f49,1cac09547f8973553663ef6d05516cc75d9d400f25dd44143f2687a36c36a3f6,59,8,25.533668518066406,-2.381855010986328,True,True,AlphaEdit_BLUE_L4_ONLY
AlphaEdit_L4_ONLY,90,NS,new,4,4fc0f748ecf0ddb5df80d0af9545585cd716afbea9d628f38f975d0f377aa435,c386323122ad65fbe4b3cb932ba09068e2cd503327756264704cdba8b37dbc01,64,3,25.49660301208496,-19.89007568359375,True,True,AlphaEdit_BLUE_L4_ONLY
AlphaEdit_L4_ONLY,90,NS,new,5,6d2387621407b541466dd21fad4c324e3bfcabc843c849cd311efb4db92a8343,df56c43b0608f6fb65bc9ef7dfa5b3308afbc2aae3fc60a577060e9aa2c3ee7a,82,7,25.384946823120117,-9.902156829833984,True,True,AlphaEdit_BLUE_L4_ONLY
AlphaEdit_L4_ONLY,90,NS,true,1,340799d186c8195376d2cf6a756516a830ffc5feac81996d8b4e6d62d30d214b,7fe72b18b85f957381093e6073d5e941c921360d18c89c380b7983fc2b2c89b9,9,6,27.118501663208008,14.308945655822754,False,True,AlphaEdit_BLUE_L4_ONLY
AlphaEdit_L4_ONLY,90,NS,true,2,c869e66523505d952a395261ef6fa102923c5c12d49b1f84bb1f004dcd583f6f,7ae5273996d7c31c7502a24e537604551006e6b744225254a5e8a7fe044f128c,6,1,26.170259475708008,2.6790618896484375,False,True,AlphaEdit_BLUE_L4_ONLY
AlphaEdit_L4_ONLY,90,NS,true,3,e3768df728e2010d247673212d2b012d82445624ffb6ea2673e0200d2731fe0b,e244f4ceccf057e80d05e1c8f9966d4b2557b56975b8b2e452f64c3f5a0eb7af,70,4,23.917381286621094,1.5058002471923828,False,True,AlphaEdit_BLUE_L4_ONLY
AlphaEdit_L4_ONLY,90,NS,true,4,80199b1329e5077738005165ae9cf178765fbd14241f5016ff30e14f3a08c585,792ad6fd8702286920f6c83154d26ad1f5b87ab9c679627fa2523f8ac7dbb8f6,23,1,23.21896743774414,6.639177322387695,False,True,AlphaEdit_BLUE_L4_ONLY
AlphaEdit_L4_ONLY,90,NS,true,5,5d60fc4768a0d01e3d533d2d5353bdffb58877bc2971bc7053a54071fa4c2f49,1cac09547f8973553663ef6d05516cc75d9d400f25dd44143f2687a36c36a3f6,59,8,23.151813507080078,-2.381855010986328,True,True,AlphaEdit_BLUE_L4_ONLY
AlphaEdit_L4_ONLY,100,RS,new,1,5fab5bd05f98260a1f33ff741eee56f962974eae8eba07a27b24ad12458a8d45,9db0245497d04953ba9ef8cebc6c5db9f755c8dc4f491a98273bca288a2197ff,1,0,15.90229320526123,-10.794507026672363,False,True,AlphaEdit_BLUE_L4_ONLY
AlphaEdit_L4_ONLY,100,RS,new,2,c49eb5e7bb09a8e471441ed78fa006cbb96c24b221b12523d8ac63ecef1d81b0,6307dd1fa0c01d7ebfef42fa0d06e87241109f8922d7220402888ce5f1f0ed88,4,0,13.739051818847656,3.8963375091552734,True,True,AlphaEdit_BLUE_L4_ONLY
AlphaEdit_L4_ONLY,100,RS,new,3,f9f6d07ef81e1c00b96d680c602f7143988a664d4706124193c028e4357f62dd,6a2b71ad6790f2280328949ec7e6a4b55fb4b26aa46c8ede14fbad07cda101e4,9,0,11.644742012023926,-2.468531608581543,False,True,AlphaEdit_BLUE_L4_ONLY
AlphaEdit_L4_ONLY,100,RS,new,4,1f6ebd8f003635e606b0822bf3301025ce467dc0fdbee1e964c9dcd2adc83471,02b22fe1b301c7764840b0be7d6fc0f36046ab70372af188be6199d621fff697,56,0,11.027862548828125,-2.0948057174682617,False,True,AlphaEdit_BLUE_L4_ONLY
AlphaEdit_L4_ONLY,100,RS,new,5,93a81372839d60936c9eddb0a382715899297c43f9fd47b9b5130e76bbca911e,4c47679416e9bc3c5202869d974c2a37d4b31c10029838ce8f2f23fdf2fc25ae,12,0,11.015473365783691,-1.9599151611328125,False,True,AlphaEdit_BLUE_L4_ONLY
AlphaEdit_L4_ONLY,100,RS,true,1,ca2161a802568e7eab9558628f60abb688ec5ced18cc706b23b9838b6d75426b,2107e3970daf192250ee43c1baad8d5bc1879bfd6f3b1188b34426ce1e847d79,80,0,28.295740127563477,28.29553653881885,True,True,AlphaEdit_BLUE_L4_ONLY
AlphaEdit_L4_ONLY,100,RS,true,2,fcc0df4b4cc5b19526a1f2bcd7a58a37f4dc2bfbfa755bc589eb038457e86b0a,cd7f247482645300e20b10a8bcdf0e64472e30875a6793132bea8386e2f2a99c,31,0,26.55162239074707,26.5497161449166,True,True,AlphaEdit_BLUE_L4_ONLY
AlphaEdit_L4_ONLY,100,RS,true,3,b69313a258e85ac7560303276a0ef84c639ab0c71139e51a8bb731cf39121ffa,26b9cbce04697ef7178a09a9ba890471fbcab2c5c25dc4dc63de8fd27a10f0cd,80,0,26.520814895629883,26.520196748140734,True,True,AlphaEdit_BLUE_L4_ONLY
AlphaEdit_L4_ONLY,100,RS,true,4,783b00bbf231c936d8a94d1ccdadcef1285f5d59999f767b5131310f51e9ee2b,aa5b9b27fc6a3cab8834a353ec0b3eb8cf0bb6b93da6f3e21c9b2a969214904b,50,0,26.464012145996094,26.45963104069233,True,True,AlphaEdit_BLUE_L4_ONLY
AlphaEdit_L4_ONLY,100,RS,true,5,c4b2398ae8a65e63a92bb4fb6348050851f8886674de0e30d522c323a97044a9,6f002c2f332c1b6721c65b71f789f3e0d11c01fdab2b4a99e54d50d80c266acc,89,0,26.409507751464844,26.408971572644077,True,True,AlphaEdit_BLUE_L4_ONLY
AlphaEdit_L4_ONLY,100,PS,new,1,2e1030083599489d2833b87315cb57aa2ac32593558298b8cb4bc58e86c26dbd,bd984bfb4a26cdaa375c2ec6713e8ee9740d5b8a378685ac510d67df8a3ad293,24,1,19.732791900634766,-7.8822221755981445,False,True,AlphaEdit_BLUE_L4_ONLY
AlphaEdit_L4_ONLY,100,PS,new,2,2a7185fd600ecd7bd4b998bc7dbf460bd0dd2f1b9529ebdf0f662a48be746642,369c728ac04ab11ea70d7ece1b253e43ee384c7719daac1bcffe7ac0d946b958,16,1,17.689565658569336,-13.06935739517212,False,True,AlphaEdit_BLUE_L4_ONLY
AlphaEdit_L4_ONLY,100,PS,new,3,9b3eae623a47874048aa29131087da4fc19035c4733521507e5ed436e18286a8,a6fd56fc8add8f4e5cd7ebee4e867f6a2626ec7fecc072a79222b0a053ce542e,56,0,17.55527687072754,-4.826262474060059,False,True,AlphaEdit_BLUE_L4_ONLY
AlphaEdit_L4_ONLY,100,PS,new,4,0341b5dd628e639abaa6a2a7affb6e8905dc4a0065309f69c67456473483c9dd,43422514bcba553fd216bea5217c9bfc373c8377f4cdbab8494db6eaa09d82d7,78,0,16.626142501831055,-4.718046188354492,False,True,AlphaEdit_BLUE_L4_ONLY
AlphaEdit_L4_ONLY,100,PS,new,5,0e3c11fafad93e6cf504afa3bbb711f307a093e40814bc192d65f562a7135172,acb6fdfbf5a12a00e71ef1729a93bca0a2beaa1b826a5b3398c56b1f50cd538d,87,1,16.511341094970703,-12.299838066101074,False,True,AlphaEdit_BLUE_L4_ONLY
AlphaEdit_L4_ONLY,100,PS,true,1,c24703aeed68217acf9520dddea6b3673e11e493dde7d6944bcaac0bd3a14448,5f2b8c1be2d32cc2008944a14a68505b59d646a912390cef01cac58fbc41c07d,95,1,26.362638473510742,26.35475887078792,True,True,AlphaEdit_BLUE_L4_ONLY
AlphaEdit_L4_ONLY,100,PS,true,2,23c6d0d78ef24a971406c4c8e7f004f037632f1f585535c131ac1853bd9cd54d,242f342acddbbced44f4df4a530575075bd33ac8c9c20035d90c5e6625844d08,69,0,25.18805694580078,25.18765290794545,True,True,AlphaEdit_BLUE_L4_ONLY
AlphaEdit_L4_ONLY,100,PS,true,3,6c506d78b6578e107540fef695f902ce6b6bd46f3cf0cfccc5c2bddad4f66253,2e5ea31e075b2dada64dc2a54b91d1715614aa1922062467800126b2eb552c37,78,1,25.108112335205078,25.10493093682453,True,True,AlphaEdit_BLUE_L4_ONLY
AlphaEdit_L4_ONLY,100,PS,true,4,c4b2398ae8a65e63a92bb4fb6348050851f8886674de0e30d522c323a97044a9,9cd809a9ca08ec291a64a60a1793f71ab3df0e80b2fb12a20ce1e528a9b454db,89,0,25.003868103027344,25.00106358760968,True,True,AlphaEdit_BLUE_L4_ONLY
AlphaEdit_L4_ONLY,100,PS,true,5,f14e5d1984c9b8d75fa57ccdfbbda927a6a7fd5b02248ae949db7bc14e846f2b,c48cd6a100f6a1b2feceb92db0b42e00986497815e3e52b479163f6f89cf5431,89,0,24.624794006347656,24.621870622737333,True,True,AlphaEdit_BLUE_L4_ONLY
AlphaEdit_L4_ONLY,100,NS,new,1,6d2387621407b541466dd21fad4c324e3bfcabc843c849cd311efb4db92a8343,df56c43b0608f6fb65bc9ef7dfa5b3308afbc2aae3fc60a577060e9aa2c3ee7a,82,7,26.574810028076172,-9.971242904663086,True,True,AlphaEdit_BLUE_L4_ONLY
AlphaEdit_L4_ONLY,100,NS,new,2,8e950708da835865f17757b9e8bcae9f8b662198a55b49368936c16d0df9d99c,164b43f69902bee4d76887ce086ee959899ae8bc4cf50711a8e9330db4464556,94,5,25.37483787536621,-5.215913772583008,True,True,AlphaEdit_BLUE_L4_ONLY
AlphaEdit_L4_ONLY,100,NS,new,3,3a6e2b22591ed55131de9ee07ffdfd443d86554bfc60c2d23e6620d4e2c794df,eb3e9939eabedb759dfd25adc7eac0574b45640f59914bd20b1c5b5832d1efc0,49,6,25.146448135375977,-3.858844757080078,True,True,AlphaEdit_BLUE_L4_ONLY
AlphaEdit_L4_ONLY,100,NS,new,4,5d60fc4768a0d01e3d533d2d5353bdffb58877bc2971bc7053a54071fa4c2f49,1cac09547f8973553663ef6d05516cc75d9d400f25dd44143f2687a36c36a3f6,59,8,24.884599685668945,-1.7400741577148438,True,True,AlphaEdit_BLUE_L4_ONLY
AlphaEdit_L4_ONLY,100,NS,new,5,25b99b9c636ea2d7820f5409c19248e08e87e59d0fb42c5b44ce7695508f0408,be18550fd034e9861cb1d69b6b4a3a11affc4f2321847836e3c8bc86bec1ebf2,54,2,24.614233016967773,-14.98939323425293,True,True,AlphaEdit_BLUE_L4_ONLY
AlphaEdit_L4_ONLY,100,NS,true,1,c869e66523505d952a395261ef6fa102923c5c12d49b1f84bb1f004dcd583f6f,7ae5273996d7c31c7502a24e537604551006e6b744225254a5e8a7fe044f128c,6,1,26.55191421508789,2.493572235107422,False,True,AlphaEdit_BLUE_L4_ONLY
AlphaEdit_L4_ONLY,100,NS,true,2,299df05ccca310c5deb1da3d5d84570f178632bb9a07e5374d082f266d3c68bd,fb39a967a4440f3179fa398b82634fb031b21e2f4e839afa43a86f787e134dcb,72,3,26.530656814575195,10.78987979888916,False,True,AlphaEdit_BLUE_L4_ONLY
AlphaEdit_L4_ONLY,100,NS,true,3,340799d186c8195376d2cf6a756516a830ffc5feac81996d8b4e6d62d30d214b,7fe72b18b85f957381093e6073d5e941c921360d18c89c380b7983fc2b2c89b9,9,6,26.160537719726562,12.792510032653809,False,True,AlphaEdit_BLUE_L4_ONLY
AlphaEdit_L4_ONLY,100,NS,true,4,7e14a7d9b7cc184e066625ee73c5a1e04b3920fda96bf3352ea953c7370c8c1b,7d0d9d2bb972a832f6a5e2ba0e4740f0077c430dfca334f971639e58bb40de52,35,0,25.998985290527344,10.602545738220215,False,True,AlphaEdit_BLUE_L4_ONLY
AlphaEdit_L4_ONLY,100,NS,true,5,3c93dc29be762468845964202a0790f47c448d8197b94c7cb4106bc61ede620a,1f526ab2c3d18c0e63c7cac77c93ab5798c9fa119d55257c459b87cbc5e29abd,62,8,24.524673461914062,24.52338182926178,False,True,AlphaEdit_BLUE_L4_ONLY
MEMIT_L8_ONLY,1,RS,new,1,63138be046191a295af377d36045edaf7f201ca757b93f55864400225f147c19,c53fbfb49101e67c1b07c6aff60b4f3f88d1ad13e62a88d9f8cde4dccdd4a7d7,1,0,15.105372428894043,-12.076618194580078,False,True,MEMIT_BLUE_L8_ONLY
MEMIT_L8_ONLY,1,RS,new,2,142472979dc6cfe2d4c0b44f3c1f6474f9657e6e2c8cc598f70bbcdb4815fec7,a2966672989fd0882ab224eb89fda551db4cd4386f509da0b860a076766d66cb,1,0,14.56863784790039,-1.9784069061279297,False,True,MEMIT_BLUE_L8_ONLY
MEMIT_L8_ONLY,1,RS,new,3,c81b352b270b2e498256b5e24c726a039cd665477a83d71d95633340782782d4,23fde26de308b0ab238f723a48ce0d7f486e3dcfdfb9769a40dbfaab61902990,1,0,11.783309936523438,-6.34934139251709,False,True,MEMIT_BLUE_L8_ONLY
MEMIT_L8_ONLY,1,RS,new,4,5763aafce45eb22c277e759f13421c4d37693b1b57019bf46f4be5c3edb10cc3,9c2b3d1ad8b8c065039738a807980c11ad62d2e0629d620ceba1a665e0b9c463,1,0,11.727743148803711,-8.863432884216309,False,True,MEMIT_BLUE_L8_ONLY
MEMIT_L8_ONLY,1,RS,new,5,297ffbe239f4c696484aea660cf99955ce3632bbb3bcc40ca2e42bd28286b48f,e78d5b54fa61635a4bfd96c93c3afadbfc078c4951d146f370bdde6e1c0b485e,1,0,7.700600624084473,-1.8422431945800781,False,True,MEMIT_BLUE_L8_ONLY
MEMIT_L8_ONLY,1,RS,true,1,69cc1d969e885e82e7793fe1f56946d4fc00b9f087461f99e8968de532c68d4b,bf9501b435dacf533ba3bca1d10050b2e044b91511ac3aa95518bb5029fe05c4,1,0,13.907217979431152,10.501423835754395,True,True,MEMIT_BLUE_L8_ONLY
MEMIT_L8_ONLY,1,RS,true,2,c0f05a43ae2cffe9f74c5a1dc3d7b8b25b5f5da23b9c735674327f023e5d7384,b97cb71a663b06ae9e9951410fdfa93aa72c3afde9bdae8b3125e0db57f422ae,1,0,13.600186347961426,13.516033180058002,True,True,MEMIT_BLUE_L8_ONLY
MEMIT_L8_ONLY,1,RS,true,3,e058d76af5bce346d650b759fd3cb3b03838ab9930c7b507e2380e86348f3180,ddacd2021b371f3feb4d9e568b39f84a4a74aefebdf81da3091449810cd8967e,1,0,13.557109832763672,13.510928004980087,True,True,MEMIT_BLUE_L8_ONLY
MEMIT_L8_ONLY,1,RS,true,4,3b238667e15da8561eb0c74c4383b7af0269a97af4d2bffdf003be6e94ac095e,bf7e963b7d60d2881f101ebd3a4b26bf4eb6083dde6f165aef3309cdae7ead56,1,0,13.44975757598877,13.443647373933345,True,True,MEMIT_BLUE_L8_ONLY
MEMIT_L8_ONLY,1,RS,true,5,57fed2298c58938072ff40f273082f101e41c2b5d471e0f14e9a10a32caf3223,ed0d1c3a35984825f8749bab15d435eea82cae9719530651c31d0785c44f75b2,1,0,13.283655166625977,13.270206925459206,True,True,MEMIT_BLUE_L8_ONLY
MEMIT_L8_ONLY,1,PS,new,1,68fb74e20a2f319724f156afdb0a5f9470feb0bcbacfa1f2ca998fa86adda627,94bb829fdfd7ec8c15cd151f74806197939d079e3ca34c10cd9d318af21a0da1,1,1,15.49693489074707,-8.491345882415771,False,True,MEMIT_BLUE_L8_ONLY
MEMIT_L8_ONLY,1,PS,new,2,9f3e62b138fd783f92d5d2b532554ba3a31db3eb63690776caa4787203cbd4fa,03c5b0e118f62c1138077e7d6a258cd3c76968c1addffa5f2d6d6df0a3487e64,1,1,14.707849502563477,-1.9192218780517578,False,True,MEMIT_BLUE_L8_ONLY
MEMIT_L8_ONLY,1,PS,new,3,63138be046191a295af377d36045edaf7f201ca757b93f55864400225f147c19,157dc786e28b549bc381851be67dc886fe76c161666bb745c4b03a2f148df0cd,1,0,14.50268840789795,-9.792218208312988,False,True,MEMIT_BLUE_L8_ONLY
MEMIT_L8_ONLY,1,PS,new,4,b39673b7e758f1e40454c363190771b1b189aa9b80171d1e3cda2bf0f7e29b80,5c60add00fd63ab2f19728810fcd8e0b999f2957e8a13c2fc23f8d8fd4dacf7a,1,0,13.77723503112793,-2.126220703125,False,True,MEMIT_BLUE_L8_ONLY
MEMIT_L8_ONLY,1,PS,new,5,3b4f01eb6c705624e4671bb7c744745276bcb05d3b7b323d83868530154e487c,1999582191b632de0337ff9b3374bea9ed4f3a6f015bf49ba3c432a3649017c0,1,1,13.46371078491211,-10.995496988296509,False,True,MEMIT_BLUE_L8_ONLY
MEMIT_L8_ONLY,1,PS,true,1,b5bf10f0b7d29480034eeb57c95a2cbb3a94a9a6c8b83d7f0433fe898330c59d,d94000a5561dfe321ff0b26568720f5652e93bf1910b1757d38e9cf4faf1d4d4,1,0,16.44318199157715,3.019351005554199,True,True,MEMIT_BLUE_L8_ONLY
MEMIT_L8_ONLY,1,PS,true,2,e058d76af5bce346d650b759fd3cb3b03838ab9930c7b507e2380e86348f3180,bfdb8d44084cb44c94aadb6f51915fccf4cf260341209518d7fe4335331bd2e2,1,0,15.081038475036621,7.1252875328063965,True,True,MEMIT_BLUE_L8_ONLY
MEMIT_L8_ONLY,1,PS,true,3,9f3e62b138fd783f92d5d2b532554ba3a31db3eb63690776caa4787203cbd4fa,03c5b0e118f62c1138077e7d6a258cd3c76968c1addffa5f2d6d6df0a3487e64,1,1,12.788627624511719,-1.9192218780517578,False,True,MEMIT_BLUE_L8_ONLY
MEMIT_L8_ONLY,1,PS,true,4,5edd6b7ba99be850ab24ef3acbb3b0de8f0dcb9a04e70b819b87ab641c88faee,19d296cb2906b544ea446aa3a51f496e488e28aa893fc19d7d52e92e6952acdf,1,0,12.30123233795166,9.3212308883667,True,True,MEMIT_BLUE_L8_ONLY
MEMIT_L8_ONLY,1,PS,true,5,8ff2cef1b3ae7035aaf492441049fe129b5cb3ae48da945455e3d1dd84dd91d1,030531dfe60eaebcf913aea801be95d9f96d39a56cbb977c81f299e7cd84937c,1,0,12.224044799804688,4.462007522583008,True,True,MEMIT_BLUE_L8_ONLY
MEMIT_L8_ONLY,1,NS,new,1,c81b352b270b2e498256b5e24c726a039cd665477a83d71d95633340782782d4,29934bc60846741c680f72a6f0fa41d4ac12b9b8157c0202be1cd54cd5d08b89,1,1,23.795461654663086,-11.537103652954102,True,True,MEMIT_BLUE_L8_ONLY
MEMIT_L8_ONLY,1,NS,new,2,4ac2b92481a3f06f088153438d84170ffe48af1e2bff8055d276137e4e290ef0,3a4f1207d056d2935e97985daf6fd032c3893187ba01bd945fbae26325019449,1,5,22.76922035217285,-12.25335693359375,True,True,MEMIT_BLUE_L8_ONLY
MEMIT_L8_ONLY,1,NS,new,3,b39673b7e758f1e40454c363190771b1b189aa9b80171d1e3cda2bf0f7e29b80,e1fffe4f70868555a1432b21f106f6eef338d3574f9c1a0ca1eab9e18f4a012a,1,8,22.41781234741211,-16.58360767364502,True,True,MEMIT_BLUE_L8_ONLY
MEMIT_L8_ONLY,1,NS,new,4,7af0d5719d69078a48d83de5be42a15791e0f56fbc3cbb4e8f3b5817b88a115b,bb232d496c9c8d951a403905136d939d1d9080ab08f0dbf3ed5b46eedc11e178,1,6,21.956945419311523,-15.58557653427124,True,True,MEMIT_BLUE_L8_ONLY
MEMIT_L8_ONLY,1,NS,new,5,b39673b7e758f1e40454c363190771b1b189aa9b80171d1e3cda2bf0f7e29b80,2c929f6cd8dd7eba61e2296196aef5f3251b004f26b594d54166b93f7bd81709,1,9,21.469505310058594,-13.938092231750488,True,True,MEMIT_BLUE_L8_ONLY
MEMIT_L8_ONLY,1,NS,true,1,5fe46e04994d11413f7a0b17bb2e12cb4ce78b5bd2770a9242dc465a50baa18f,f5f155accebf4965cdf515c566d42a08477c7a0a2e3676209af64b587ee98cc3,1,7,18.82649803161621,5.03537654876709,False,True,MEMIT_BLUE_L8_ONLY
MEMIT_L8_ONLY,1,NS,true,2,142472979dc6cfe2d4c0b44f3c1f6474f9657e6e2c8cc598f70bbcdb4815fec7,52fbe76c434293586da85f1a232c5f4e40873a6e3de7beb6c78a94a80ec19695,1,4,17.788381576538086,1.3944015502929688,False,True,MEMIT_BLUE_L8_ONLY
MEMIT_L8_ONLY,1,NS,true,3,23da7cbdb3fa4585f6d29153c16b5421d171a13222c8c6e73392dcab15fa7ae0,b772a44e8b107ed9ea753ac071878ba17aacfd98e28364ae7619494efe865648,1,3,15.889256477355957,0.6011524200439453,False,True,MEMIT_BLUE_L8_ONLY
MEMIT_L8_ONLY,1,NS,true,4,c0f05a43ae2cffe9f74c5a1dc3d7b8b25b5f5da23b9c735674327f023e5d7384,ce83bf5a2207e2bf81685fd7324a79f4992845382f379e27a24b2341727696ac,1,7,15.650201797485352,5.180926322937012,False,True,MEMIT_BLUE_L8_ONLY
MEMIT_L8_ONLY,1,NS,true,5,02d20bbd7e394ad5999a4cebabac9619732c343a4cac99470c03e23ba2bdc2bc,f599cd51db3af9fc5a1323b89af819a14fadf35480193693da1eb1bc0c68f044,1,6,15.106298446655273,0.5813093185424805,False,True,MEMIT_BLUE_L8_ONLY
MEMIT_L8_ONLY,5,RS,new,1,abfd15f46882bba8300f1a15a9ef0ba84f8c5453c91cf6437805df1e4824fdf6,83814359a3aa0ef1bcafbb98f543d3f71ad2f15c72de5217dfc4e97d12905e15,5,0,14.926719665527344,-9.913125038146973,False,True,MEMIT_BLUE_L8_ONLY
MEMIT_L8_ONLY,5,RS,new,2,63138be046191a295af377d36045edaf7f201ca757b93f55864400225f147c19,c53fbfb49101e67c1b07c6aff60b4f3f88d1ad13e62a88d9f8cde4dccdd4a7d7,1,0,14.498555183410645,-11.655296325683594,False,True,MEMIT_BLUE_L8_ONLY
MEMIT_L8_ONLY,5,RS,new,3,679b3fe58ea4b7378c418d79dbe3e89efb352ae7ea58f293a356e6c38e20f1f1,dfbafc8222821af410cfde34d0e503401672c39ecffd90bdbcd05342c0be7abc,4,0,13.581295013427734,-6.4993815422058105,False,True,MEMIT_BLUE_L8_ONLY
MEMIT_L8_ONLY,5,RS,new,4,6e90b20c12f81bbc5890bb524dda7711bab09e8f43507c015089cea00111ff28,4623df231f25fe945e45d6e2adf1d6a8746a6e03e667b4aa1694fc9e633b804c,2,0,13.188516616821289,-11.032515048980713,False,True,MEMIT_BLUE_L8_ONLY
MEMIT_L8_ONLY,5,RS,new,5,baf349394a8eb80b7df075dcc0cd8ce564f7b181a0451f3c38760377caf241d9,1e54ab590d809dbbcb6390699c8434627afa397df05cd8e60ccb24f3a4520ba4,2,0,12.814637184143066,-12.378317266702652,False,True,MEMIT_BLUE_L8_ONLY
MEMIT_L8_ONLY,5,RS,true,1,30e4c02268d49ca010e3c62fcc2615da2fad4cf0c359eb8fedc0366739b34205,ea1daa1b3040a68310d2a667083d9585c2fb658f53ddb307818dc351a00fa508,4,0,23.172883987426758,23.170114065520465,True,True,MEMIT_BLUE_L8_ONLY
MEMIT_L8_ONLY,5,RS,true,2,4eca3674d249df169724ce4c78ad73e98c6ce3805be4728f91e58fabf2b9b9c5,f8d3defa5c21abc719a4f2c82897cef00386ba0215f36a16aacb54f446aaeef0,3,0,22.03766632080078,22.018730342388153,True,True,MEMIT_BLUE_L8_ONLY
MEMIT_L8_ONLY,5,RS,true,3,f837bce807410ac6f8b52fcee81a1ffaa2d7f77755861f2e6f2b482bff0f6fe9,69152e89ec2068a97b41bcaeb3bedc362bb8ec4164de21258e6916317e23413c,5,0,18.67688751220703,18.65025944262743,True,True,MEMIT_BLUE_L8_ONLY
MEMIT_L8_ONLY,5,RS,true,4,500c945106e80c97367e9ffeb363d61fd030a8b8eeac64dd2b839475ba6e32d4,5bd741646afbdbed23ccf6be2dd3cf6b779edabe0e11a9ea74079f458702422c,3,0,18.520954132080078,18.519951012334786,True,True,MEMIT_BLUE_L8_ONLY
MEMIT_L8_ONLY,5,RS,true,5,58d8ecc94db4525ab1a166ba3971e58df5d1714f11f2fd68228bb211e7df2b65,905d85770c80977f536b6b9770396d9e8871d8f92036fbf76ab69da721850d5b,4,0,17.696197509765625,17.691291796043515,True,True,MEMIT_BLUE_L8_ONLY
MEMIT_L8_ONLY,5,PS,new,1,1c5c834c927a24fc22228333db7249f958a30231366e6a94bfc4880ea26098c3,1862cbe0835ddf9513c2870ddaba45d325beb8de6053b8c4d1fca76c35d96904,3,0,21.945188522338867,-12.438909530639648,False,True,MEMIT_BLUE_L8_ONLY
MEMIT_L8_ONLY,5,PS,new,2,1c5c834c927a24fc22228333db7249f958a30231366e6a94bfc4880ea26098c3,34b0cb15e839645fe3da6090d68038e6280f1b0f39bbadc2a0dc424984785c96,3,1,18.91436767578125,-14.512282371520996,False,True,MEMIT_BLUE_L8_ONLY
MEMIT_L8_ONLY,5,PS,new,3,a590c9fa5dd7b9cc589d1d39b1b235ef49426ff405da180b2fb8999be3d7f098,1ab8bf1472bf216b8bbfdc3842ea3e057df2904e2e3b9134cefd0e2527fae744,2,1,18.025951385498047,-5.939776420593262,False,True,MEMIT_BLUE_L8_ONLY
MEMIT_L8_ONLY,5,PS,new,4,abfd15f46882bba8300f1a15a9ef0ba84f8c5453c91cf6437805df1e4824fdf6,85327c59e79552b9d51afc7a3525bdfd7eb7cdf2dc28804bd9c8f5105216b1b4,5,1,16.325944900512695,-14.37179958820343,False,True,MEMIT_BLUE_L8_ONLY
MEMIT_L8_ONLY,5,PS,new,5,68fb74e20a2f319724f156afdb0a5f9470feb0bcbacfa1f2ca998fa86adda627,94bb829fdfd7ec8c15cd151f74806197939d079e3ca34c10cd9d318af21a0da1,1,1,15.821369171142578,-7.356447219848633,False,True,MEMIT_BLUE_L8_ONLY
MEMIT_L8_ONLY,5,PS,true,1,4eca3674d249df169724ce4c78ad73e98c6ce3805be4728f91e58fabf2b9b9c5,e82c853fe102269c890273a9e3e65fa6d0d3f0503ea6fa93fcc79127667561ee,3,0,21.868560791015625,21.788214161992073,True,True,MEMIT_BLUE_L8_ONLY
MEMIT_L8_ONLY,5,PS,true,2,30e4c02268d49ca010e3c62fcc2615da2fad4cf0c359eb8fedc0366739b34205,c5be5ef9c2c3381449c3693420282c11e4b3382184a594b1d1966ed96f82375a,4,1,20.03605079650879,20.024158189073205,True,True,MEMIT_BLUE_L8_ONLY
MEMIT_L8_ONLY,5,PS,true,3,76dab7ce3aa1bebf11fb120a7dcf231484a6b1f5713f50f48953a3a4516a05dd,fc850a2b5e9682f832a8f967938203ab18400424270769807f67598027fdf3ed,2,1,18.460681915283203,18.434353137388825,True,True,MEMIT_BLUE_L8_ONLY
MEMIT_L8_ONLY,5,PS,true,4,4eca3674d249df169724ce4c78ad73e98c6ce3805be4728f91e58fabf2b9b9c5,456c3b3672b90fadff92e6c82d1ab9a92f74a1787fcfd538a89a47d82c11b133,3,1,18.31072998046875,18.262502573430538,True,True,MEMIT_BLUE_L8_ONLY
MEMIT_L8_ONLY,5,PS,true,5,3a0e14026c6b1d6b4cae899e451e9ebcbd9646c44a956440f2227b2212447be6,5e5b0910805a9e0bbe441d0b0c5c751c010a1a671a37c3234d93dec945d65af2,4,1,18.266963958740234,18.220055367797613,True,True,MEMIT_BLUE_L8_ONLY
MEMIT_L8_ONLY,5,NS,new,1,8a6d64d015b340bf191de4b2393106e3f79ef7ec2d5087bef1cd8e4fe0683bf8,b3c5a847ad24c0f50e52ccdacb9b3fbebfd2447a4613d2744b24ba1a3a3207ad,3,6,24.079328536987305,-17.790376663208008,True,True,MEMIT_BLUE_L8_ONLY
MEMIT_L8_ONLY,5,NS,new,2,8a6d64d015b340bf191de4b2393106e3f79ef7ec2d5087bef1cd8e4fe0683bf8,aa6b4e2dfa6457d3daa3a629709b8db159393e0407178903141f55413d501022,3,7,23.703840255737305,-11.671903610229492,True,True,MEMIT_BLUE_L8_ONLY
MEMIT_L8_ONLY,5,NS,new,3,8a6d64d015b340bf191de4b2393106e3f79ef7ec2d5087bef1cd8e4fe0683bf8,fe2fc70563867d51fd0e9ac17081388ef776336ab653fce496a98d8d5065b656,3,3,23.64000129699707,-12.021584510803223,True,True,MEMIT_BLUE_L8_ONLY
MEMIT_L8_ONLY,5,NS,new,4,4ac2b92481a3f06f088153438d84170ffe48af1e2bff8055d276137e4e290ef0,3a4f1207d056d2935e97985daf6fd032c3893187ba01bd945fbae26325019449,1,5,23.44362449645996,-12.25950813293457,True,True,MEMIT_BLUE_L8_ONLY
MEMIT_L8_ONLY,5,NS,new,5,c49eb5e7bb09a8e471441ed78fa006cbb96c24b221b12523d8ac63ecef1d81b0,9dab0ef67a61a21f40d484d2cd2ff475b212e8b0c21c0b176d6d39a369c4bca1,4,7,22.916349411010742,-16.102356910705566,True,True,MEMIT_BLUE_L8_ONLY
MEMIT_L8_ONLY,5,NS,true,1,9e2f3f2d8b391d9fc1fc38a1475a29a2d1e4bc3b293be4ed2cd7d0bb0591d44c,c2c6d6786e456468f0bfb81edd1ddf810b4dc877f92fea129669c6ada7f485aa,5,5,18.612947463989258,6.157157897949219,False,True,MEMIT_BLUE_L8_ONLY
MEMIT_L8_ONLY,5,NS,true,2,57e430fc0915382a7d88c3a4939be83ed395cf9f35162aba1754f58a3263047a,e3c37e1870800188e3d6439a65a2eb6ff799ac114867b8ddfd9ea8356322c626,5,5,18.382577896118164,5.121979713439941,False,True,MEMIT_BLUE_L8_ONLY
MEMIT_L8_ONLY,5,NS,true,3,bb5df7e3650e7c1e86f6638c3ba2915958f195166420ace24084616ceee8800e,23a11c9c8b448c2ba5b398e45277f3ee9eb19daebbd2905115354dc86d48e3d8,4,0,18.35620880126953,-0.8169517517089844,True,True,MEMIT_BLUE_L8_ONLY
MEMIT_L8_ONLY,5,NS,true,4,bb5df7e3650e7c1e86f6638c3ba2915958f195166420ace24084616ceee8800e,2a3ec8bce1c264991527fe7bc2099bdeed2f7ac4b98d3befcc7341f0f08684a2,4,9,17.59296226501465,2.4825496673583984,False,True,MEMIT_BLUE_L8_ONLY
MEMIT_L8_ONLY,5,NS,true,5,a26dc55ddff93202c594b7499bf6c234884b52a60bf0d51a73638c2d239f5735,19d1c16b4dea7c2bfd9f7042ac7211d773755d51fd1313a4738a5b188de17d0c,5,5,17.592960357666016,3.076968193054199,False,True,MEMIT_BLUE_L8_ONLY
MEMIT_L8_ONLY,10,RS,new,1,679b3fe58ea4b7378c418d79dbe3e89efb352ae7ea58f293a356e6c38e20f1f1,dfbafc8222821af410cfde34d0e503401672c39ecffd90bdbcd05342c0be7abc,4,0,14.633513450622559,-6.07857608795166,False,True,MEMIT_BLUE_L8_ONLY
MEMIT_L8_ONLY,10,RS,new,2,abfd15f46882bba8300f1a15a9ef0ba84f8c5453c91cf6437805df1e4824fdf6,83814359a3aa0ef1bcafbb98f543d3f71ad2f15c72de5217dfc4e97d12905e15,5,0,14.493437767028809,-9.63807725906372,False,True,MEMIT_BLUE_L8_ONLY
MEMIT_L8_ONLY,10,RS,new,3,63138be046191a295af377d36045edaf7f201ca757b93f55864400225f147c19,c53fbfb49101e67c1b07c6aff60b4f3f88d1ad13e62a88d9f8cde4dccdd4a7d7,1,0,12.900421142578125,-10.018169164657593,False,True,MEMIT_BLUE_L8_ONLY
MEMIT_L8_ONLY,10,RS,new,4,45614290270f9909ee6ffe6f52ae5f8360be81fec6d3868d8022e2d200be3de4,cb246fd93d16913a0eb0ce1ba86d110622df4b8ef70287baa31cd3e6e3f12bb9,8,0,12.891016006469727,-10.367645263671875,False,True,MEMIT_BLUE_L8_ONLY
MEMIT_L8_ONLY,10,RS,new,5,08db2f25daaf6a66bed799277f62b8140f7969529eaca7f40237408f2fb66186,45fac39024f02ac76f2a82def7be7d5a25787a546b62a5127c1650040934c777,1,0,11.906671524047852,-0.8400049209594727,False,True,MEMIT_BLUE_L8_ONLY
MEMIT_L8_ONLY,10,RS,true,1,4eca3674d249df169724ce4c78ad73e98c6ce3805be4728f91e58fabf2b9b9c5,f8d3defa5c21abc719a4f2c82897cef00386ba0215f36a16aacb54f446aaeef0,3,0,22.64409065246582,22.632954252883792,True,True,MEMIT_BLUE_L8_ONLY
MEMIT_L8_ONLY,10,RS,true,2,f837bce807410ac6f8b52fcee81a1ffaa2d7f77755861f2e6f2b482bff0f6fe9,69152e89ec2068a97b41bcaeb3bedc362bb8ec4164de21258e6916317e23413c,5,0,22.113739013671875,22.110352178337052,True,True,MEMIT_BLUE_L8_ONLY
MEMIT_L8_ONLY,10,RS,true,3,d235f7a2c0be81ce03660e4a7394f1f584ec2f708100ea82c689b135b8f2003f,4a86e167c2ed9a600ce01b1d2c904a96bfa6fa081a9620220c7555f92917dd5d,7,0,20.599231719970703,20.59742352028843,True,True,MEMIT_BLUE_L8_ONLY
MEMIT_L8_ONLY,10,RS,true,4,808a3872edc78095160badf872d74bbd894592527e9760ee984296fd5335bdae,a215b9324469004363dc2e15e654ccdc5f7a4f556758b651a030956b1d7ef0e8,8,0,19.744539260864258,19.72898507397622,True,True,MEMIT_BLUE_L8_ONLY
MEMIT_L8_ONLY,10,RS,true,5,1c6462dc651c6169e10e87c7f62608b0f3e1081fd87c1e47ba7816f4d29a5b7f,7a02bc24b15fb4170e91d29fe124ae0eb5d9bd4549b876791a2a592738923a7f,7,0,19.632511138916016,19.630691277910955,True,True,MEMIT_BLUE_L8_ONLY
MEMIT_L8_ONLY,10,PS,new,1,eb965439db0149efae00a799296ce479ec53f7ce322c84eec245b807a6e530db,c08e8be1c1da373ed6aa63198370fce2a1a75a032f9754aa3542095d250a2b69,9,1,25.857114791870117,2.036867141723633,True,True,MEMIT_BLUE_L8_ONLY
MEMIT_L8_ONLY,10,PS,new,2,9f3e62b138fd783f92d5d2b532554ba3a31db3eb63690776caa4787203cbd4fa,03c5b0e118f62c1138077e7d6a258cd3c76968c1addffa5f2d6d6df0a3487e64,1,1,21.024520874023438,-3.6677703857421875,False,True,MEMIT_BLUE_L8_ONLY
MEMIT_L8_ONLY,10,PS,new,3,abfd15f46882bba8300f1a15a9ef0ba84f8c5453c91cf6437805df1e4824fdf6,85327c59e79552b9d51afc7a3525bdfd7eb7cdf2dc28804bd9c8f5105216b1b4,5,1,20.049667358398438,-8.901568412780762,False,True,MEMIT_BLUE_L8_ONLY
MEMIT_L8_ONLY,10,PS,new,4,1c5c834c927a24fc22228333db7249f958a30231366e6a94bfc4880ea26098c3,34b0cb15e839645fe3da6090d68038e6280f1b0f39bbadc2a0dc424984785c96,3,1,18.76899528503418,-14.628371238708496,False,True,MEMIT_BLUE_L8_ONLY
MEMIT_L8_ONLY,10,PS,new,5,05aedabc784708363ad9b4354d8196e7de53c65f9bd612bb2d4d5a89be7ecdfe,a390dc982d3428fbb74f93bb99b97ff65a69560379770784d479469c0ab7d581,6,1,18.68425941467285,-3.0432567596435547,False,True,MEMIT_BLUE_L8_ONLY
MEMIT_L8_ONLY,10,PS,true,1,eb965439db0149efae00a799296ce479ec53f7ce322c84eec245b807a6e530db,c08e8be1c1da373ed6aa63198370fce2a1a75a032f9754aa3542095d250a2b69,9,1,27.89398193359375,2.036867141723633,True,True,MEMIT_BLUE_L8_ONLY
MEMIT_L8_ONLY,10,PS,true,2,6124d54cb3e09d7ea5a349d1248bc2867568e287a69b5e5ca8641c4e54ccadcf,8b809622d003fee266d3d2fa89624eaebd2647af745aae684d7493a67e6064c6,1,1,24.671241760253906,12.204007148742676,True,True,MEMIT_BLUE_L8_ONLY
MEMIT_L8_ONLY,10,PS,true,3,fc0f55df75494b380979f0cbabc9aee5e5b3f85904cd0bc638e78a5e1bc8dfed,80e1057861b88ab95133afccc25840551187fc1b00945a32ebbd4fd21088dc8c,8,0,22.40214729309082,22.402138948475113,True,True,MEMIT_BLUE_L8_ONLY
MEMIT_L8_ONLY,10,PS,true,4,c0650c2d13bc4962def4abddf5a0f65860ed3683cbd5b45b39cc2de130a17bc3,ddd321faed44c56a8bf9a80d7ac3ba2640232e00b2a73aff42e11db5a2518ffa,9,1,21.617979049682617,12.991244316101074,True,True,MEMIT_BLUE_L8_ONLY
MEMIT_L8_ONLY,10,PS,true,5,4eca3674d249df169724ce4c78ad73e98c6ce3805be4728f91e58fabf2b9b9c5,e82c853fe102269c890273a9e3e65fa6d0d3f0503ea6fa93fcc79127667561ee,3,0,20.99088478088379,20.953909017145634,True,True,MEMIT_BLUE_L8_ONLY
MEMIT_L8_ONLY,10,NS,new,1,4ac2b92481a3f06f088153438d84170ffe48af1e2bff8055d276137e4e290ef0,3a4f1207d056d2935e97985daf6fd032c3893187ba01bd945fbae26325019449,1,5,24.254215240478516,-14.303699493408203,True,True,MEMIT_BLUE_L8_ONLY
MEMIT_L8_ONLY,10,NS,new,2,8a6d64d015b340bf191de4b2393106e3f79ef7ec2d5087bef1cd8e4fe0683bf8,aa6b4e2dfa6457d3daa3a629709b8db159393e0407178903141f55413d501022,3,7,23.4739990234375,-13.564509391784668,True,True,MEMIT_BLUE_L8_ONLY
MEMIT_L8_ONLY,10,NS,new,3,c49eb5e7bb09a8e471441ed78fa006cbb96c24b221b12523d8ac63ecef1d81b0,9dab0ef67a61a21f40d484d2cd2ff475b212e8b0c21c0b176d6d39a369c4bca1,4,7,22.995058059692383,-15.510309219360352,True,True,MEMIT_BLUE_L8_ONLY
MEMIT_L8_ONLY,10,NS,new,4,8a6d64d015b340bf191de4b2393106e3f79ef7ec2d5087bef1cd8e4fe0683bf8,0c9bcb432fc9b11da9ae8d42a1bd1f22c295a5f097eeba144d5f014dcf19049b,3,2,22.59573745727539,-12.81889533996582,True,True,MEMIT_BLUE_L8_ONLY
MEMIT_L8_ONLY,10,NS,new,5,8a6d64d015b340bf191de4b2393106e3f79ef7ec2d5087bef1cd8e4fe0683bf8,b3c5a847ad24c0f50e52ccdacb9b3fbebfd2447a4613d2744b24ba1a3a3207ad,3,6,22.511837005615234,-17.705658435821533,True,True,MEMIT_BLUE_L8_ONLY
MEMIT_L8_ONLY,10,NS,true,1,6e04efee3c6eca4b5950ce409879efc03b805ed83a4e17757e0215b5f3edbf6b,c54175d3d97074a13abf779d0e30a0dae9bbb9597e9d1bc648139dc311468a19,2,6,18.94595718383789,0.19289398193359375,False,True,MEMIT_BLUE_L8_ONLY
MEMIT_L8_ONLY,10,NS,true,2,3ac84a052226066874f36ca9dfddd1639db06447d2096a119ed31515dbd67505,eb176c537c920671a6fbcf38cfc9d42d7412e31befd10d9081c45b6ece3a744f,8,9,18.542028427124023,1.20684814453125,False,True,MEMIT_BLUE_L8_ONLY
MEMIT_L8_ONLY,10,NS,true,3,1d653df7edb962b6c40937f65ac10ce1554b4732c5973626733f0a24f6cad5eb,b85036015d8b8e8dc92345450c5e6b91c653f6a1c47161e38ba94c68b4ffb4e1,8,0,18.542016983032227,-3.2789554595947266,True,True,MEMIT_BLUE_L8_ONLY
MEMIT_L8_ONLY,10,NS,true,4,7d96fa95a609109ed7fccca4f1e6f7b57253a8b4344e4ebc9560fd17ece03847,266da57da6ab320414a90d4dd16ab961049f836ad2a7616aaaa76fdc77cead69,5,4,18.348873138427734,3.2547988891601562,False,True,MEMIT_BLUE_L8_ONLY
MEMIT_L8_ONLY,10,NS,true,5,880c2fc00805b3104264d490baf0090788b267e456c6d9f50aeca7e330b427b0,6afed414fa4457a991b1a75f2e9f5b2d0dec0f17de8543fb31c3d2da4785bd4f,5,4,18.3380184173584,11.699528694152832,False,True,MEMIT_BLUE_L8_ONLY
MEMIT_L8_ONLY,20,RS,new,1,75c0b281d3916e00e0eea545414dc218d8c4d6ebb5acd060c70e843f49df47c6,c687402ab68fcfac42297dd156576c58a8f02a200d51d036586b4d8a49cc7846,11,0,14.171097755432129,-7.271966457366943,False,True,MEMIT_BLUE_L8_ONLY
MEMIT_L8_ONLY,20,RS,new,2,abfd15f46882bba8300f1a15a9ef0ba84f8c5453c91cf6437805df1e4824fdf6,83814359a3aa0ef1bcafbb98f543d3f71ad2f15c72de5217dfc4e97d12905e15,5,0,13.485945701599121,-9.013686180114746,False,True,MEMIT_BLUE_L8_ONLY
MEMIT_L8_ONLY,20,RS,new,3,679b3fe58ea4b7378c418d79dbe3e89efb352ae7ea58f293a356e6c38e20f1f1,dfbafc8222821af410cfde34d0e503401672c39ecffd90bdbcd05342c0be7abc,4,0,13.332987785339355,-6.416573524475098,False,True,MEMIT_BLUE_L8_ONLY
MEMIT_L8_ONLY,20,RS,new,4,63138be046191a295af377d36045edaf7f201ca757b93f55864400225f147c19,c53fbfb49101e67c1b07c6aff60b4f3f88d1ad13e62a88d9f8cde4dccdd4a7d7,1,0,13.084980010986328,-8.975941181182861,False,True,MEMIT_BLUE_L8_ONLY
MEMIT_L8_ONLY,20,RS,new,5,b3282a2f2a28757b3a18ab833de16a9c54518c0b0cf493e3f0a7cf09386f326a,022abe072cd4d0b367ce66fb2075ece4284ef9299945a3cd5eac931413f5ed84,10,0,12.755434036254883,-8.360929489135742,False,True,MEMIT_BLUE_L8_ONLY
MEMIT_L8_ONLY,20,RS,true,1,9ff2fdd38208fa047c3341cf3808a4b9fb3008bf6e3e9f483c3299a07c3aded0,a573be02677edb37e84eb4643e655c268d0c9b37516afbc4bba7cfad1bbc760e,19,0,21.49330711364746,21.491289030760527,True,True,MEMIT_BLUE_L8_ONLY
MEMIT_L8_ONLY,20,RS,true,2,4539fc5cdb4e80acaa980cf8c5f1cc708073f267374b27700317281ed17ccc1c,3a8cc44157cdd3ccfaa31c617ba894c3d7e13f3acd379658bf3f6ebc61943793,3,0,21.324871063232422,21.295527931302786,True,True,MEMIT_BLUE_L8_ONLY
MEMIT_L8_ONLY,20,RS,true,3,35c95bf7027ef47bbfc73590d84b1836da715b165037f7ebce3cf4d22334b47c,b9de9e3e5e58c90a05412a93204fd90aa6650ae668bb4b25217d9ac68750ae9c,13,0,20.65543556213379,20.653443176764995,True,True,MEMIT_BLUE_L8_ONLY
MEMIT_L8_ONLY,20,RS,true,4,4eca3674d249df169724ce4c78ad73e98c6ce3805be4728f91e58fabf2b9b9c5,f8d3defa5c21abc719a4f2c82897cef00386ba0215f36a16aacb54f446aaeef0,3,0,20.329769134521484,20.30350480042398,True,True,MEMIT_BLUE_L8_ONLY
MEMIT_L8_ONLY,20,RS,true,5,175bfb2b0cc8930c08df934e84602e296183596ffaa897d16fc86e3b68e91b9d,02acc79b71659a487d84af2c220e3b25f19a6430f26d65577bfee45cb05affe4,12,0,20.26226806640625,20.25702304719016,True,True,MEMIT_BLUE_L8_ONLY
MEMIT_L8_ONLY,20,PS,new,1,1c5c834c927a24fc22228333db7249f958a30231366e6a94bfc4880ea26098c3,34b0cb15e839645fe3da6090d68038e6280f1b0f39bbadc2a0dc424984785c96,3,1,20.104433059692383,-15.467371940612793,False,True,MEMIT_BLUE_L8_ONLY
MEMIT_L8_ONLY,20,PS,new,2,90a2b51b1e75d226f56e57edf479e5ccb8b4d70ebb134ad2be772badfb9ea67c,55092aaeb3b49a994e7f16a3a1b76d8f55774cc66d7bd6b1a605fdbaf11c3e49,6,0,18.14461898803711,-1.595306396484375,False,True,MEMIT_BLUE_L8_ONLY
MEMIT_L8_ONLY,20,PS,new,3,74f71382d09d6d1ae00872640b9aee7db0e5036d96a7ef5a2ab52ec7f9b132ca,5f4cfedfbc7e8a5e3291771e0f28a239e0dc7cdd79a80f0a75f8398f9fd8c881,4,0,17.63311767578125,-10.622960090637207,False,True,MEMIT_BLUE_L8_ONLY
MEMIT_L8_ONLY,20,PS,new,4,417e475bb4d90f19fd5926792542577fd064a9fbcb719aeb01a711cc45ce7c43,74ace921710115c05289e3e6c861ff70e7f2f0dd0dfa5c19ad279be1181eeef6,4,1,17.287992477416992,3.6717395782470703,True,True,MEMIT_BLUE_L8_ONLY
MEMIT_L8_ONLY,20,PS,new,5,d0ab864a17dbd8a07dda05a58ac74d4894b7effa8e1c5152d71adf8b1fcc24d9,f8db09bdd844111efce1eeb09fff2bce0b1b66b9ec250b3b7d671f73efae0e13,11,0,17.221656799316406,-3.078096389770508,False,True,MEMIT_BLUE_L8_ONLY
MEMIT_L8_ONLY,20,PS,true,1,cef142549ec7b7a05cc43a9f567e37abc3dbb19b496e656f66c3bffd4eb8cfea,21b20eaa0e96fa7eb41dba825f7bb94e7c87a2c483ef587427fb758385b541d8,1,1,22.087574005126953,6.983695030212402,True,True,MEMIT_BLUE_L8_ONLY
MEMIT_L8_ONLY,20,PS,true,2,417e475bb4d90f19fd5926792542577fd064a9fbcb719aeb01a711cc45ce7c43,74ace921710115c05289e3e6c861ff70e7f2f0dd0dfa5c19ad279be1181eeef6,4,1,20.959732055664062,3.6717395782470703,True,True,MEMIT_BLUE_L8_ONLY
MEMIT_L8_ONLY,20,PS,true,3,a7fc04e4c6f7823a3ccbd1dd99a7300ded02962e8b259da67fe0af937903eed5,d87f755bde23173b09d7852321c9f46bf600fe9e6dd8a26d72b0d4dffc971cfc,17,0,20.684947967529297,20.640654753893614,True,True,MEMIT_BLUE_L8_ONLY
MEMIT_L8_ONLY,20,PS,true,4,245d17b28d73e10c5c842b53af64338f46fb04a99773f82622a02198804e6dba,8f8f94372678b9218721fdf95c337b7edbe72f142d3eea8220599d43bfab34dc,6,1,20.315256118774414,4.610712051391602,True,True,MEMIT_BLUE_L8_ONLY
MEMIT_L8_ONLY,20,PS,true,5,3cb81c72e3c44a9c6a2fda94952ab34e0b0a89b0e7cfb6330ed371a0eda636bc,a40bc611b86342f094d58e3b9a80be7e8cb27c1aceb896baf1f4502a7996f0d2,19,0,20.208086013793945,9.198780059814453,True,True,MEMIT_BLUE_L8_ONLY
MEMIT_L8_ONLY,20,NS,new,1,4ac2b92481a3f06f088153438d84170ffe48af1e2bff8055d276137e4e290ef0,3a4f1207d056d2935e97985daf6fd032c3893187ba01bd945fbae26325019449,1,5,24.398727416992188,-11.831252098083496,True,True,MEMIT_BLUE_L8_ONLY
MEMIT_L8_ONLY,20,NS,new,2,a474dfda261c21f100e11c079cc6851379ce61ceab7ebeea0e79d73af79bd164,a571985fe5e3493c60de2bdca9e85a15eabe35795104edb6db9460b2c7f2978e,14,3,22.414691925048828,-9.609318733215332,True,True,MEMIT_BLUE_L8_ONLY
MEMIT_L8_ONLY,20,NS,new,3,c49eb5e7bb09a8e471441ed78fa006cbb96c24b221b12523d8ac63ecef1d81b0,9dab0ef67a61a21f40d484d2cd2ff475b212e8b0c21c0b176d6d39a369c4bca1,4,7,21.58258056640625,-15.803646087646484,True,True,MEMIT_BLUE_L8_ONLY
MEMIT_L8_ONLY,20,NS,new,4,b39673b7e758f1e40454c363190771b1b189aa9b80171d1e3cda2bf0f7e29b80,e1fffe4f70868555a1432b21f106f6eef338d3574f9c1a0ca1eab9e18f4a012a,1,8,21.545581817626953,-16.892592906951904,True,True,MEMIT_BLUE_L8_ONLY
MEMIT_L8_ONLY,20,NS,new,5,c49eb5e7bb09a8e471441ed78fa006cbb96c24b221b12523d8ac63ecef1d81b0,340b3b9f7e37bcecc8548a9c2198fd62ed5edad736760e09ffb8fe6993419ee9,4,0,21.383182525634766,-18.730208158493042,True,True,MEMIT_BLUE_L8_ONLY
MEMIT_L8_ONLY,20,NS,true,1,01618358b525d4245ce1b96b5976cfe18ac6cab6841513cd3ecd76c517341948,a886f5d1727882fc8170e21d633a08ac8d5c313ec3910125049e99a27d2b1c7e,14,3,17.87338638305664,4.159748077392578,False,True,MEMIT_BLUE_L8_ONLY
MEMIT_L8_ONLY,20,NS,true,2,257b527605807fbee34bade992f34ce6f4f097636702aa706a8444d4318f730b,a4edfe9e1d9d616f2b7f3433851ea05535934a45aff07b93a07a65f5b4777e53,19,0,17.792442321777344,4.234532356262207,False,True,MEMIT_BLUE_L8_ONLY
MEMIT_L8_ONLY,20,NS,true,3,a29dc99a7700c4b86150bf9d2d1c79955b0bea378c732e25a214f84dc06c394f,60c6c780d825acdfe7718b418d0566f30385c390dcd7b3c84695588ea4d42e85,17,0,17.788589477539062,5.278713226318359,False,True,MEMIT_BLUE_L8_ONLY
MEMIT_L8_ONLY,20,NS,true,4,40da37bedd7635280b8d5693252f05dd8bbcd8e49a66aae3992493cfa68efdb0,b6781915e67018c1b091a850055ed258723119e7f5ad02585f13bb014e47aae8,19,7,17.78858184814453,6.09217643737793,False,True,MEMIT_BLUE_L8_ONLY
MEMIT_L8_ONLY,20,NS,true,5,257b527605807fbee34bade992f34ce6f4f097636702aa706a8444d4318f730b,9b80153d20bbb223e1dfd4d69352a15d2633136d4a56982b45ee940f81957ddc,19,4,17.68155288696289,10.631381034851074,False,True,MEMIT_BLUE_L8_ONLY
MEMIT_L8_ONLY,30,RS,new,1,45614290270f9909ee6ffe6f52ae5f8360be81fec6d3868d8022e2d200be3de4,cb246fd93d16913a0eb0ce1ba86d110622df4b8ef70287baa31cd3e6e3f12bb9,8,0,16.093891143798828,-10.338997840881348,False,True,MEMIT_BLUE_L8_ONLY
MEMIT_L8_ONLY,30,RS,new,2,c7f3d40b7198444d41b82295cfce5f9eb721f69041e9d6c6262bbefbaea15f7f,5e4bd0601affcbb5816c748095a40c10635bd20d5eb1d5fc543e1cde6f952a83,7,0,14.97773265838623,-7.36400032043457,False,True,MEMIT_BLUE_L8_ONLY
MEMIT_L8_ONLY,30,RS,new,3,30bc0a114420f0d47a28efdd05dd389dd8633700d22c0b6fb815ee17fa95efc0,83199ba1d8c89cf0649d97105d1525c6216ee34e979b53f97df33adc6793756d,4,0,14.704222679138184,-0.47692394256591797,False,True,MEMIT_BLUE_L8_ONLY
MEMIT_L8_ONLY,30,RS,new,4,75c0b281d3916e00e0eea545414dc218d8c4d6ebb5acd060c70e843f49df47c6,c687402ab68fcfac42297dd156576c58a8f02a200d51d036586b4d8a49cc7846,11,0,13.771482467651367,-5.794350624084473,False,True,MEMIT_BLUE_L8_ONLY
MEMIT_L8_ONLY,30,RS,new,5,abfd15f46882bba8300f1a15a9ef0ba84f8c5453c91cf6437805df1e4824fdf6,83814359a3aa0ef1bcafbb98f543d3f71ad2f15c72de5217dfc4e97d12905e15,5,0,13.410589218139648,-12.058537721633911,False,True,MEMIT_BLUE_L8_ONLY
MEMIT_L8_ONLY,30,RS,true,1,0dd0e3f418f1247a3a57a667548a6c4821f4f227f25264cc5104141d507de9f3,96a8df8bf7430019e3d28dfb0d5695f3cb0da76a3b101144ca29ddf4057a74e6,29,0,19.839204788208008,19.836682641878724,True,True,MEMIT_BLUE_L8_ONLY
MEMIT_L8_ONLY,30,RS,true,2,5c55727a2c101dee0df87b2f48068a8d76a392df7961cdd64327315a4219f233,cd209e06ea0452d1201998942869fb45426cfa0ced01fbf7587c1a6453580e84,23,0,17.894485473632812,17.863109655678272,True,True,MEMIT_BLUE_L8_ONLY
MEMIT_L8_ONLY,30,RS,true,3,f741ade8c7c5097ac516c6b382a7c91557e8f4d0e19021df6e4076b1408b80f1,2f8c22c8ef5596ad920110feea043b28bd76eeda2eedba59946ea58012f00339,27,0,16.931474685668945,16.920735533349216,True,True,MEMIT_BLUE_L8_ONLY
MEMIT_L8_ONLY,30,RS,true,4,c8f2ba8a3b50884964255d406a7f4c232ec3efe6c021514cd273a4c1726dbfd2,d6103125dab1fc45bcd8660ba113687fa943e90456149478b2463d9eaf59d442,30,0,16.824472427368164,16.79801930114627,True,True,MEMIT_BLUE_L8_ONLY
MEMIT_L8_ONLY,30,RS,true,5,4eca3674d249df169724ce4c78ad73e98c6ce3805be4728f91e58fabf2b9b9c5,f8d3defa5c21abc719a4f2c82897cef00386ba0215f36a16aacb54f446aaeef0,3,0,16.696474075317383,16.577827274799347,True,True,MEMIT_BLUE_L8_ONLY
MEMIT_L8_ONLY,30,PS,new,1,33b9024b20790969ee38d0e63507013f11c70cfa02145a0b0bf30eb518941278,7a8a6cb03b776bd71e177fb8ebded71488c6928cc28685ad01fccc15184f79b9,10,1,19.957788467407227,0.04305839538574219,True,True,MEMIT_BLUE_L8_ONLY
MEMIT_L8_ONLY,30,PS,new,2,178270c8986afcf137a88cc82cf5228fc1772a965dfd11c27ebcc6d455acfc18,c42cca9aa724101b8eda011c37c7147692fbec101a9f742adb08af479e828b9d,19,0,19.290834426879883,-9.91061782836914,False,True,MEMIT_BLUE_L8_ONLY
MEMIT_L8_ONLY,30,PS,new,3,1c5c834c927a24fc22228333db7249f958a30231366e6a94bfc4880ea26098c3,34b0cb15e839645fe3da6090d68038e6280f1b0f39bbadc2a0dc424984785c96,3,1,19.035263061523438,-13.757519245147705,False,True,MEMIT_BLUE_L8_ONLY
MEMIT_L8_ONLY,30,PS,new,4,90a2b51b1e75d226f56e57edf479e5ccb8b4d70ebb134ad2be772badfb9ea67c,55092aaeb3b49a994e7f16a3a1b76d8f55774cc66d7bd6b1a605fdbaf11c3e49,6,0,18.95758628845215,-0.6083621978759766,False,True,MEMIT_BLUE_L8_ONLY
MEMIT_L8_ONLY,30,PS,new,5,fa89eb5430dab459323875d7834fbe2eab669ba591101cf10604dd15f80d3bf0,84202420a8bd7463c449d309461688d13c65e623e1aef0566fffc54a82f38ca2,21,0,18.41509437561035,-2.747450828552246,False,True,MEMIT_BLUE_L8_ONLY
MEMIT_L8_ONLY,30,PS,true,1,5c55727a2c101dee0df87b2f48068a8d76a392df7961cdd64327315a4219f233,dc8d98a47a89932291b7e0ceec94b6b06d39c58a2c028f02bdf63d4cd74da085,23,0,22.147342681884766,22.12988130003214,True,True,MEMIT_BLUE_L8_ONLY
MEMIT_L8_ONLY,30,PS,true,2,5c55727a2c101dee0df87b2f48068a8d76a392df7961cdd64327315a4219f233,42df8559e64ae41c3e9592cccaf3596cbbd59bc25e87f316ecae5de91ff1eff0,23,1,21.46931266784668,21.094358026981354,True,True,MEMIT_BLUE_L8_ONLY
MEMIT_L8_ONLY,30,PS,true,3,3081bc7f2caf4077048e799aa1d6b1c3f04bc2a8c463340ce48054920c8ec4c4,42a77af63f3d8bfc9bc8196d731fcd56863b2e4e72d8112b7953fb4b4ac41045,22,1,21.193878173828125,21.191817143931985,True,True,MEMIT_BLUE_L8_ONLY
MEMIT_L8_ONLY,30,PS,true,4,ff2c5f6337789dc5f10f0d09f45b6051e0d95b3c7cdf6389390279df8fd2243d,0187a6f0270fa0646461ab47543c679f8f8a7545f9904ea1b7a95f07102b71e8,24,0,21.02387237548828,5.09259033203125,True,True,MEMIT_BLUE_L8_ONLY
MEMIT_L8_ONLY,30,PS,true,5,245d17b28d73e10c5c842b53af64338f46fb04a99773f82622a02198804e6dba,8f8f94372678b9218721fdf95c337b7edbe72f142d3eea8220599d43bfab34dc,6,1,20.680644989013672,5.996861457824707,True,True,MEMIT_BLUE_L8_ONLY
MEMIT_L8_ONLY,30,NS,new,1,4ac2b92481a3f06f088153438d84170ffe48af1e2bff8055d276137e4e290ef0,3a4f1207d056d2935e97985daf6fd032c3893187ba01bd945fbae26325019449,1,5,22.57994270324707,-11.961856842041016,True,True,MEMIT_BLUE_L8_ONLY
MEMIT_L8_ONLY,30,NS,new,2,b3282a2f2a28757b3a18ab833de16a9c54518c0b0cf493e3f0a7cf09386f326a,111185bffe5e2eb0bb495c80ddd9ba0aa6b375eb7faca5cb819424013aef58bd,10,4,22.025789260864258,-16.267984867095947,True,True,MEMIT_BLUE_L8_ONLY
MEMIT_L8_ONLY,30,NS,new,3,c49eb5e7bb09a8e471441ed78fa006cbb96c24b221b12523d8ac63ecef1d81b0,340b3b9f7e37bcecc8548a9c2198fd62ed5edad736760e09ffb8fe6993419ee9,4,0,21.627347946166992,-18.40483570098877,True,True,MEMIT_BLUE_L8_ONLY
MEMIT_L8_ONLY,30,NS,new,4,c49eb5e7bb09a8e471441ed78fa006cbb96c24b221b12523d8ac63ecef1d81b0,bf16f9343f8664b151d3aa463a370afcfa1d0a29bb9d77e5344873644b317189,4,9,21.534717559814453,-18.05949354171753,True,True,MEMIT_BLUE_L8_ONLY
MEMIT_L8_ONLY,30,NS,new,5,bb0c5a9fd6a46579937bdee8bf64471a861201bfd37e2674ba47d63eee4c1eea,719c44880f952d2632f5a04da44eae5b06f2e134c456b1500c1fb37177893c06,26,4,21.389406204223633,-20.450437664985657,True,True,MEMIT_BLUE_L8_ONLY
MEMIT_L8_ONLY,30,NS,true,1,cceb8a1f7db3c333555e2705bd94422a9d6edb561d0d0747958251a78a73b699,b19160840f0f4e190916cfb2c44bf66837083edcbfe59c9a14d6abed005684f3,2,8,20.525592803955078,5.750082969665527,False,True,MEMIT_BLUE_L8_ONLY
MEMIT_L8_ONLY,30,NS,true,2,c837649cce43f2729138e72cc315207057ac82599a59be72765a477f22d14a54,7217fdfda1759ec085c171e3fbf39ec8b45e50eebd00e2d275b253ad0ad36a21,14,9,20.267194747924805,7.600444793701172,False,True,MEMIT_BLUE_L8_ONLY
MEMIT_L8_ONLY,30,NS,true,3,c837649cce43f2729138e72cc315207057ac82599a59be72765a477f22d14a54,07f4b8e99effceffcd434d9620374fdae21331c8e32fc38926a0e915d390f33e,14,3,19.203166961669922,6.247865676879883,False,True,MEMIT_BLUE_L8_ONLY
MEMIT_L8_ONLY,30,NS,true,4,e1406f532a84b02f7b7645f2c4041c0dc25c70f10a5f0bb769efa589bcbf492f,0c6109b510622643b4a956caf30d9b9221f12fc1aed95799e75c77c329e7576b,21,1,18.64236068725586,10.61032772064209,False,True,MEMIT_BLUE_L8_ONLY
MEMIT_L8_ONLY,30,NS,true,5,e1406f532a84b02f7b7645f2c4041c0dc25c70f10a5f0bb769efa589bcbf492f,d4b2b907ef647709976e0434c6c7975587d2363dd175713501d23532314df06d,21,3,18.517019271850586,8.30623722076416,False,True,MEMIT_BLUE_L8_ONLY
MEMIT_L8_ONLY,40,RS,new,1,5fab5bd05f98260a1f33ff741eee56f962974eae8eba07a27b24ad12458a8d45,9db0245497d04953ba9ef8cebc6c5db9f755c8dc4f491a98273bca288a2197ff,1,0,16.88120460510254,-6.0918121337890625,False,True,MEMIT_BLUE_L8_ONLY
MEMIT_L8_ONLY,40,RS,new,2,c49eb5e7bb09a8e471441ed78fa006cbb96c24b221b12523d8ac63ecef1d81b0,6307dd1fa0c01d7ebfef42fa0d06e87241109f8922d7220402888ce5f1f0ed88,4,0,15.684208869934082,-1.276576042175293,False,True,MEMIT_BLUE_L8_ONLY
MEMIT_L8_ONLY,40,RS,new,3,94962c41e17d6142a0270b5397ca1371e0ba66f93c7660621816c6f5fd428169,a5a1e0cf6c981afa49a742db998306989d214a8b17872b230c1bd8e3a5e9c9b8,27,0,14.73582649230957,-9.402621269226074,False,True,MEMIT_BLUE_L8_ONLY
MEMIT_L8_ONLY,40,RS,new,4,15acd5fc8aa2e02b6786459c50ace135ca7c65864057cb39acfa4d83327a5aac,635da9284dd74d93bf34ba611d864f3f5476e7e592699d800384799563cf1807,5,0,14.450594902038574,-5.841579437255859,False,True,MEMIT_BLUE_L8_ONLY
MEMIT_L8_ONLY,40,RS,new,5,68fb74e20a2f319724f156afdb0a5f9470feb0bcbacfa1f2ca998fa86adda627,d98b298d7ad5fe54be65c52bd0fd137bf15b40fc667453c6db0ad46b39f805ff,1,0,14.414131164550781,-1.6741094589233398,False,True,MEMIT_BLUE_L8_ONLY
MEMIT_L8_ONLY,40,RS,true,1,9350735ffccb569dbdf55013845b63b1dabe2114c0b6538bbd27391cab5eace1,5335dbd9b9f8e1a44ee031edfb2aa75f3abfd13f1a7da614e0aa98a464dcb80f,29,0,19.062467575073242,19.0469678491354,True,True,MEMIT_BLUE_L8_ONLY
MEMIT_L8_ONLY,40,RS,true,2,329cc1a2b0777ee0728949edcb273a7a3fba82f184efff2ea95ce23c1e7cf9c8,5e3b48155f6c57982c3d4c5b624dc5fa4b55ba6cd18b7e472ad18a2112119fa6,11,0,18.010265350341797,6.376587867736816,True,True,MEMIT_BLUE_L8_ONLY
MEMIT_L8_ONLY,40,RS,true,3,35c95bf7027ef47bbfc73590d84b1836da715b165037f7ebce3cf4d22334b47c,b9de9e3e5e58c90a05412a93204fd90aa6650ae668bb4b25217d9ac68750ae9c,13,0,17.831039428710938,17.821222016587853,True,True,MEMIT_BLUE_L8_ONLY
MEMIT_L8_ONLY,40,RS,true,4,21cedfef481c0e0cc8aa08897ca0232f065269c8a2ad607f79e9f019f0808fb8,276681dbce9f1b4d850553ac16514c9df51bb487b0ddcfb284df5a5a76e1671f,33,0,16.82793426513672,16.809997033327818,True,True,MEMIT_BLUE_L8_ONLY
MEMIT_L8_ONLY,40,RS,true,5,d050555c60dd9936cc1558ed8694c65a47bb4d9ac588f84ef0211b5c45744f7b,e7d9ab1dfb3bc7ec836a4e971e6d025884a2b465bca1b195bccd36e658563083,36,0,16.826292037963867,16.820826354902238,True,True,MEMIT_BLUE_L8_ONLY
MEMIT_L8_ONLY,40,PS,new,1,3573b846517b985c4249c71ab2d464938bd51174060c233749662d8bf1b4af5c,3b124e8954deb7f865001e2e819b496c61ed1218cf478e49c71e42e7ed1d1815,2,0,19.41684913635254,-8.181547164916992,False,True,MEMIT_BLUE_L8_ONLY
MEMIT_L8_ONLY,40,PS,new,2,54b8a1fc63e5179c316969c5634d65270e9b173076c01127e0269a80a94d13e7,aa252edcb1a11b9f2a1aba6e2e1912f385af96e8d13d0aa7e30967130c4ea0ef,38,0,19.382095336914062,-12.35985517501831,False,True,MEMIT_BLUE_L8_ONLY
MEMIT_L8_ONLY,40,PS,new,3,e6d445aff8b38aac050077fbe9a48c3236d6bfcd84f635de9dc64810a856e89f,d1ba61bb8037f57b4dcb628d662f687ea1aab06e346a1218606ba0a3d8ec3530,17,0,18.34435272216797,-2.9943437576293945,False,True,MEMIT_BLUE_L8_ONLY
MEMIT_L8_ONLY,40,PS,new,4,ad26d95ac0934dd600b69f6da0eef55fc5c741df128837456ef870f42e4e1f74,b8fb843c1703ca0ba158f8983b507de7bfc6e2e6486e6eb0547138ad21aac28d,14,1,18.209707260131836,-13.61270809173584,False,True,MEMIT_BLUE_L8_ONLY
MEMIT_L8_ONLY,40,PS,new,5,b6b8a47d9bf4d9a9df46ef291d9479ff22f5ac9d2e27b713246f501acfb78333,4ef16923ef46fb4c3547b26aebd907eef303dc2023811f1ccb2e9c5b2f7f6e42,31,0,18.140188217163086,-3.4543914794921875,False,True,MEMIT_BLUE_L8_ONLY
MEMIT_L8_ONLY,40,PS,true,1,aa6db2224b6d7f3912318a31c2b593ac02d388ac683e0fb1b1f3ac42684f026e,e9ecae5496ac84dbac14649261b4261f09aa734c899dae81973272f16b197ae0,22,0,22.479991912841797,10.701822280883789,True,True,MEMIT_BLUE_L8_ONLY
MEMIT_L8_ONLY,40,PS,true,2,c837649cce43f2729138e72cc315207057ac82599a59be72765a477f22d14a54,6016062c6411677fb7ce94e93a2e062371848313201f54f409b6becf1b86b761,14,0,21.718168258666992,11.342984199523926,True,True,MEMIT_BLUE_L8_ONLY
MEMIT_L8_ONLY,40,PS,true,3,092f648c8f4deefbd5a15a17825410afefdde05a559fea8c487245797e3f3b27,081eecd8c5a365171d046d6b8cac1a0c93de07a7d3fc7fc5e1b8ed812ebaaa55,5,0,20.550344467163086,5.883915901184082,True,True,MEMIT_BLUE_L8_ONLY
MEMIT_L8_ONLY,40,PS,true,4,33b9024b20790969ee38d0e63507013f11c70cfa02145a0b0bf30eb518941278,7a8a6cb03b776bd71e177fb8ebded71488c6928cc28685ad01fccc15184f79b9,10,1,20.53574562072754,3.976358413696289,True,True,MEMIT_BLUE_L8_ONLY
MEMIT_L8_ONLY,40,PS,true,5,2a49f9dfe69edb367bfaa762701bf92be0a00a0a1869ff4dc398e5593e6a6905,2f24cfbfa20731b5dc0b23320ffb0a483c203740b658cb6a8ebaaf7a70a08a48,35,0,19.948890686035156,4.142226219177246,True,True,MEMIT_BLUE_L8_ONLY
MEMIT_L8_ONLY,40,NS,new,1,b3282a2f2a28757b3a18ab833de16a9c54518c0b0cf493e3f0a7cf09386f326a,111185bffe5e2eb0bb495c80ddd9ba0aa6b375eb7faca5cb819424013aef58bd,10,4,22.729461669921875,-16.66252899169922,True,True,MEMIT_BLUE_L8_ONLY
MEMIT_L8_ONLY,40,NS,new,2,b39673b7e758f1e40454c363190771b1b189aa9b80171d1e3cda2bf0f7e29b80,b76be4b59b39628ddce01abc1e1d183de4d452fa52247a89081d40ef750ae63e,1,4,21.30841636657715,-17.363075017929077,True,True,MEMIT_BLUE_L8_ONLY
MEMIT_L8_ONLY,40,NS,new,3,39be946bfc40d634754cd059f7042cc0a88fee90a6c2356f27f5df1c0a334e37,189cfb91b4af7ca23d63a6efd8cef26b506a62a4607a9f9bc76624e19f5a89ae,12,6,21.144752502441406,-17.167056798934937,True,True,MEMIT_BLUE_L8_ONLY
MEMIT_L8_ONLY,40,NS,new,4,b39673b7e758f1e40454c363190771b1b189aa9b80171d1e3cda2bf0f7e29b80,e1fffe4f70868555a1432b21f106f6eef338d3574f9c1a0ca1eab9e18f4a012a,1,8,20.972923278808594,-16.698588848114014,True,True,MEMIT_BLUE_L8_ONLY
MEMIT_L8_ONLY,40,NS,new,5,d49d3dc0e4d880a5b4f4ebd15dc13ea954aae5a7b4beb3507598b561bacc88d8,4b75215067de6594a41037e40686a21dfa0c3cc4f0927deddf39c2f5e418ed84,27,6,20.148420333862305,-16.675143241882324,True,True,MEMIT_BLUE_L8_ONLY
MEMIT_L8_ONLY,40,NS,true,1,c837649cce43f2729138e72cc315207057ac82599a59be72765a477f22d14a54,7217fdfda1759ec085c171e3fbf39ec8b45e50eebd00e2d275b253ad0ad36a21,14,9,18.855636596679688,3.9999961853027344,False,True,MEMIT_BLUE_L8_ONLY
MEMIT_L8_ONLY,40,NS,true,2,e1406f532a84b02f7b7645f2c4041c0dc25c70f10a5f0bb769efa589bcbf492f,0c6109b510622643b4a956caf30d9b9221f12fc1aed95799e75c77c329e7576b,21,1,18.523170471191406,10.116416931152344,False,True,MEMIT_BLUE_L8_ONLY
MEMIT_L8_ONLY,40,NS,true,3,e1406f532a84b02f7b7645f2c4041c0dc25c70f10a5f0bb769efa589bcbf492f,dee5b4e94eaa9bb965328d423ac9ffc55d4cf0b54926075fa13a13be8a7afd34,21,8,17.94679832458496,8.719202041625977,False,True,MEMIT_BLUE_L8_ONLY
MEMIT_L8_ONLY,40,NS,true,4,7ec7bbd3677bee60f1e0c58b2967299b9985afad73acfde38966d76f30cc4f88,2b3c916602cbc4cf07f926dd526d0101be0acc5b3454cde5b91feeda110869f3,35,9,17.8799991607666,3.757674217224121,False,True,MEMIT_BLUE_L8_ONLY
MEMIT_L8_ONLY,40,NS,true,5,c837649cce43f2729138e72cc315207057ac82599a59be72765a477f22d14a54,07f4b8e99effceffcd434d9620374fdae21331c8e32fc38926a0e915d390f33e,14,3,17.788890838623047,3.9137134552001953,False,True,MEMIT_BLUE_L8_ONLY
MEMIT_L8_ONLY,50,RS,new,1,8443763abf552a98cb2d7787c22a066ebc6ac46dc152686761e2b575157fa5c7,5a02956b3e0372ca6edd825ba48ddbea3c6fe03bd6cbc533901ad2cebdbfd387,8,0,14.725863456726074,-1.2819995880126953,False,True,MEMIT_BLUE_L8_ONLY
MEMIT_L8_ONLY,50,RS,new,2,7fd0d6ebafcd4ed5b9263756492092b54194074cc4938672447bb4db9fc1459f,f9d1b00ae640410e41f0f98991394c5f7e424f54a716dda111ecf951532aaceb,18,0,14.67099380493164,-10.267692565917969,False,True,MEMIT_BLUE_L8_ONLY
MEMIT_L8_ONLY,50,RS,new,3,a969134526e51e5f0a61fce7b4e1a368d65887517799ba408e21ed56840ddfed,82257f7d8bd4ed85d5096efc5c81dac65f62f6b966131fbad8db045373afaed1,34,0,14.573089599609375,-5.704133033752441,False,True,MEMIT_BLUE_L8_ONLY
MEMIT_L8_ONLY,50,RS,new,4,c49eb5e7bb09a8e471441ed78fa006cbb96c24b221b12523d8ac63ecef1d81b0,6307dd1fa0c01d7ebfef42fa0d06e87241109f8922d7220402888ce5f1f0ed88,4,0,14.376896858215332,-0.7670917510986328,False,True,MEMIT_BLUE_L8_ONLY
MEMIT_L8_ONLY,50,RS,new,5,3573b846517b985c4249c71ab2d464938bd51174060c233749662d8bf1b4af5c,c19aebc6eef1e0f0b24d8ce97fca56bec5d745787270de5196d03bf9b407fb5b,2,0,14.370805740356445,-10.816211700439453,False,True,MEMIT_BLUE_L8_ONLY
MEMIT_L8_ONLY,50,RS,true,1,9350735ffccb569dbdf55013845b63b1dabe2114c0b6538bbd27391cab5eace1,5335dbd9b9f8e1a44ee031edfb2aa75f3abfd13f1a7da614e0aa98a464dcb80f,29,0,21.450252532958984,21.37791419774294,True,True,MEMIT_BLUE_L8_ONLY
MEMIT_L8_ONLY,50,RS,true,2,ba9b89b41da230235c2e4162f47ebf6b79c40dbb1d2097ca91524f38cec2eaae,665b0f7ac662952de31a92b277bb4d2ef9379d444fd773e6f6c97261eaf7ae4d,42,0,21.131763458251953,21.12189528811723,True,True,MEMIT_BLUE_L8_ONLY
MEMIT_L8_ONLY,50,RS,true,3,35c95bf7027ef47bbfc73590d84b1836da715b165037f7ebce3cf4d22334b47c,b9de9e3e5e58c90a05412a93204fd90aa6650ae668bb4b25217d9ac68750ae9c,13,0,19.762798309326172,19.760269147343934,True,True,MEMIT_BLUE_L8_ONLY
MEMIT_L8_ONLY,50,RS,true,4,ec3f1e361fe23b5ec31edc081aef4c1d6e9bdd184a7b92df4b7111745fa3a164,f19759c2b882456ef7239200e524cd58bd4bfffaabca74caf3b3a0bf28e5c487,49,0,18.768781661987305,18.691565968096256,True,True,MEMIT_BLUE_L8_ONLY
MEMIT_L8_ONLY,50,RS,true,5,5c55727a2c101dee0df87b2f48068a8d76a392df7961cdd64327315a4219f233,cd209e06ea0452d1201998942869fb45426cfa0ced01fbf7587c1a6453580e84,23,0,17.418861389160156,16.40547740459442,True,True,MEMIT_BLUE_L8_ONLY
MEMIT_L8_ONLY,50,PS,new,1,df3c5a3eab925a314bfab4065c357c33cefff08fe1e4bd9fd470ed94500a37aa,1ccfa172f51da6488cae204f0043d0a1f712b763c2cc5ff671987c41e8dd8e3a,18,1,23.63456153869629,2.187345504760742,True,True,MEMIT_BLUE_L8_ONLY
MEMIT_L8_ONLY,50,PS,new,2,2a7185fd600ecd7bd4b998bc7dbf460bd0dd2f1b9529ebdf0f662a48be746642,41dd9ba3b4049179a4053578ffdfc6f431b1b929f3085c3084ecdc986d102e3d,16,0,21.92673683166504,-5.494935989379883,False,True,MEMIT_BLUE_L8_ONLY
MEMIT_L8_ONLY,50,PS,new,3,86f30052c7416d27c6704e3b0ba23e5efaea1648dca134ebef7554f0e19bdeaf,d781ff62723b6ee090f96c020d8701c3635092a2b7708df056949d114d47e44a,36,1,21.25350570678711,1.48077392578125,True,True,MEMIT_BLUE_L8_ONLY
MEMIT_L8_ONLY,50,PS,new,4,2e18e12a751bac813306282d514103385d31398bdbb35d69d09e482863504d35,9d4010514ab24e186d6c9e01d503a66c86c7c74bc04d5438f2bab2916c4aaa67,11,1,21.11998176574707,1.1727237701416016,True,True,MEMIT_BLUE_L8_ONLY
MEMIT_L8_ONLY,50,PS,new,5,1f9c103675ff117a2a16fc99d7f299c4e72cb9d92ad66afb2f852090f7e42b19,ab190db913d6e287f55a1ff594834e54a67b9bae623e0961963695b6e8c4c568,4,0,20.806114196777344,-3.4178810119628906,False,True,MEMIT_BLUE_L8_ONLY
MEMIT_L8_ONLY,50,PS,true,1,df3c5a3eab925a314bfab4065c357c33cefff08fe1e4bd9fd470ed94500a37aa,1ccfa172f51da6488cae204f0043d0a1f712b763c2cc5ff671987c41e8dd8e3a,18,1,25.82190704345703,2.187345504760742,True,True,MEMIT_BLUE_L8_ONLY
MEMIT_L8_ONLY,50,PS,true,2,86f30052c7416d27c6704e3b0ba23e5efaea1648dca134ebef7554f0e19bdeaf,d781ff62723b6ee090f96c020d8701c3635092a2b7708df056949d114d47e44a,36,1,22.73427963256836,1.48077392578125,True,True,MEMIT_BLUE_L8_ONLY
MEMIT_L8_ONLY,50,PS,true,3,2e18e12a751bac813306282d514103385d31398bdbb35d69d09e482863504d35,9d4010514ab24e186d6c9e01d503a66c86c7c74bc04d5438f2bab2916c4aaa67,11,1,22.292705535888672,1.1727237701416016,True,True,MEMIT_BLUE_L8_ONLY
MEMIT_L8_ONLY,50,PS,true,4,d84136ed3081592e049f62168a60e7a0f9039e3072dcac8cbe4054a522aeeea7,872e41b088a845d89bf99002a7987b57935ca02b8f77e7694a0dcb7a2e6e11e8,4,0,21.17345428466797,7.100096702575684,True,True,MEMIT_BLUE_L8_ONLY
MEMIT_L8_ONLY,50,PS,true,5,dfa4444f899dc58aa19c3b4434e5a7b0085aa913602509b2dcbe80eef4782428,7a555ecf1fc134cdc98b8068063181d5d0acc111f58094904cbdc8c8f6618ad0,8,1,21.142539978027344,12.70946216583252,True,True,MEMIT_BLUE_L8_ONLY
MEMIT_L8_ONLY,50,NS,new,1,ff2c5f6337789dc5f10f0d09f45b6051e0d95b3c7cdf6389390279df8fd2243d,c0f762799292194d6ac262e4ce9e5c04e24641311a79ca4fdd77e2dec7ce4110,24,7,23.235809326171875,-5.646930694580078,True,True,MEMIT_BLUE_L8_ONLY
MEMIT_L8_ONLY,50,NS,new,2,44f01ac3f1558f4c8cddd393f74a59edc68597ae0097a5f976542cab29d165b2,7c1025b19132e2173545c352682500e359932a7806a56e63d62de14705bc1d5e,15,6,21.9298095703125,-5.657779693603516,True,True,MEMIT_BLUE_L8_ONLY
MEMIT_L8_ONLY,50,NS,new,3,b39673b7e758f1e40454c363190771b1b189aa9b80171d1e3cda2bf0f7e29b80,e1fffe4f70868555a1432b21f106f6eef338d3574f9c1a0ca1eab9e18f4a012a,1,8,20.7242488861084,-16.70248794555664,True,True,MEMIT_BLUE_L8_ONLY
MEMIT_L8_ONLY,50,NS,new,4,34a1f239090ea33fc9f6458e3d49c41b1dba5bdfafe7fcc0aa33a384cec9c79d,e75646c6020558411654449929e25c2b4a8bc953e26936bc8699f1cebf2382b4,12,4,20.542234420776367,-9.20031452178955,True,True,MEMIT_BLUE_L8_ONLY
MEMIT_L8_ONLY,50,NS,new,5,d49d3dc0e4d880a5b4f4ebd15dc13ea954aae5a7b4beb3507598b561bacc88d8,4b75215067de6594a41037e40686a21dfa0c3cc4f0927deddf39c2f5e418ed84,27,6,20.476083755493164,-17.150673151016235,True,True,MEMIT_BLUE_L8_ONLY
MEMIT_L8_ONLY,50,NS,true,1,11bc0410d988326dfefa765d48f8c0722fa8ec579bb33b22220229a68a8906fd,2ae119bf1bee113e47f1a44d0f3fbd3f7352ee11614e4393ca2efa707f28af8e,5,6,23.38637351989746,7.3821868896484375,False,True,MEMIT_BLUE_L8_ONLY
MEMIT_L8_ONLY,50,NS,true,2,1772ef0fd0325c14cbe9e0479839f1a50c5c3f511e26387f07de7c85fc12e488,174196b378d34794522a3890db1836d1af4317c7713857fc2df5d8166e168ae3,33,8,21.338024139404297,1.0179386138916016,False,True,MEMIT_BLUE_L8_ONLY
MEMIT_L8_ONLY,50,NS,true,3,340799d186c8195376d2cf6a756516a830ffc5feac81996d8b4e6d62d30d214b,2c63f9b3b27ed6af7f46689a2df6586acf48a57c73be1bdc9e9f9823cbc2d90d,9,1,19.518016815185547,10.062089920043945,False,True,MEMIT_BLUE_L8_ONLY
MEMIT_L8_ONLY,50,NS,true,4,c837649cce43f2729138e72cc315207057ac82599a59be72765a477f22d14a54,2ce279c0e15e4d09e5cf0da5a21345d6314fe7f67753ae591d57f01d615797f2,14,1,19.282373428344727,7.164856910705566,False,True,MEMIT_BLUE_L8_ONLY
MEMIT_L8_ONLY,50,NS,true,5,cceb8a1f7db3c333555e2705bd94422a9d6edb561d0d0747958251a78a73b699,b19160840f0f4e190916cfb2c44bf66837083edcbfe59c9a14d6abed005684f3,2,8,18.827285766601562,6.722236633300781,False,True,MEMIT_BLUE_L8_ONLY
MEMIT_L8_ONLY,60,RS,new,1,c7f4f146491d27eed1cd4d422c9b3fec37006c606b17dabbfebef85845f3cbc1,ed7f8965861e75abd3c8c6f8dc8e46fb82254e6885cf1bbfac342d209b81024c,25,0,16.20765495300293,-8.316473007202148,False,True,MEMIT_BLUE_L8_ONLY
MEMIT_L8_ONLY,60,RS,new,2,c49eb5e7bb09a8e471441ed78fa006cbb96c24b221b12523d8ac63ecef1d81b0,6307dd1fa0c01d7ebfef42fa0d06e87241109f8922d7220402888ce5f1f0ed88,4,0,16.150508880615234,-5.533688545227051,False,True,MEMIT_BLUE_L8_ONLY
MEMIT_L8_ONLY,60,RS,new,3,75c0b281d3916e00e0eea545414dc218d8c4d6ebb5acd060c70e843f49df47c6,c687402ab68fcfac42297dd156576c58a8f02a200d51d036586b4d8a49cc7846,11,0,14.974714279174805,-8.705909729003906,False,True,MEMIT_BLUE_L8_ONLY
MEMIT_L8_ONLY,60,RS,new,4,8b9a9848e2551d6c07ad909df74d1d0255cfa549e5eb24ca4e3fb3f9e8765bf6,5498753bd19745db8e3758331241204298700869fdfcb5ceadc2557030f8c1fd,27,0,14.849446296691895,-6.541694641113281,False,True,MEMIT_BLUE_L8_ONLY
MEMIT_L8_ONLY,60,RS,new,5,74f71382d09d6d1ae00872640b9aee7db0e5036d96a7ef5a2ab52ec7f9b132ca,9b0d3296db3059e1c0ead4befeccfa6f370e62485dc9c9683202b3a67242fbb2,4,0,14.086347579956055,-3.713306427001953,False,True,MEMIT_BLUE_L8_ONLY
MEMIT_L8_ONLY,60,RS,true,1,ba9b89b41da230235c2e4162f47ebf6b79c40dbb1d2097ca91524f38cec2eaae,665b0f7ac662952de31a92b277bb4d2ef9379d444fd773e6f6c97261eaf7ae4d,42,0,19.349075317382812,19.333452588878572,True,True,MEMIT_BLUE_L8_ONLY
MEMIT_L8_ONLY,60,RS,true,2,84e3bdd4fb8e81ade3e60d1f63eeae6c750514475730878e965a8971b6138d81,f918bdb737d4a5f73de03270408d5f199f50e15aab83859af6f2d976261ad01f,52,0,19.274442672729492,19.273116395575926,True,True,MEMIT_BLUE_L8_ONLY
MEMIT_L8_ONLY,60,RS,true,3,9350735ffccb569dbdf55013845b63b1dabe2114c0b6538bbd27391cab5eace1,5335dbd9b9f8e1a44ee031edfb2aa75f3abfd13f1a7da614e0aa98a464dcb80f,29,0,18.744403839111328,17.825636625289917,True,True,MEMIT_BLUE_L8_ONLY
MEMIT_L8_ONLY,60,RS,true,4,4ffa4fb7d11760101918f56e5a628f1d574bac9b59b1e2e3aa5cca1db657ea49,dcc037d73a58d236c55dfbd5f0ffeb551918976f6ca473e441dbe8118e82cc32,59,0,18.619918823242188,18.544573448598385,True,True,MEMIT_BLUE_L8_ONLY
MEMIT_L8_ONLY,60,RS,true,5,329cc1a2b0777ee0728949edcb273a7a3fba82f184efff2ea95ce23c1e7cf9c8,5e3b48155f6c57982c3d4c5b624dc5fa4b55ba6cd18b7e472ad18a2112119fa6,11,0,18.137046813964844,7.70123291015625,True,True,MEMIT_BLUE_L8_ONLY
MEMIT_L8_ONLY,60,PS,new,1,d3da1ae195c7dd1ca416ee2c43ce04075c3cf768e489e277ef3e3b9f541b1cc5,128899ba87cc8b6478ad206ed5a65ee614574e26b18c80bd46a797afa141825f,10,1,29.09404754638672,0.7690258026123047,True,True,MEMIT_BLUE_L8_ONLY
MEMIT_L8_ONLY,60,PS,new,2,6e43a48e5e6e8eb5ba83a750ff5895b4eb55b7c3b7c20877f859ddde5f7cd520,2902b85242c9f2f672b509a5e2164665f59bc2431cdd784987802da282ca4f87,33,1,26.31884765625,-2.398540496826172,False,True,MEMIT_BLUE_L8_ONLY
MEMIT_L8_ONLY,60,PS,new,3,0ee8a4188cd4fa518a64f0af0d26dcd88756fe5dcf36bcb909368b10289967fb,189920192d0383b1585a0daa67c2a0246bfa6762a390579825b672e3f5e5a36b,3,1,25.455768585205078,0.6934661865234375,True,True,MEMIT_BLUE_L8_ONLY
MEMIT_L8_ONLY,60,PS,new,4,9c8598dfb879d015b656374ec5c486ea2530f6bce4f3863ac4467577f1a94162,fbbb83808794e9a1480b7e50a7a9bcfbd70f529ce6f4b1abab1c77536af9da30,8,0,25.30739402770996,0.11308479309082031,True,True,MEMIT_BLUE_L8_ONLY
MEMIT_L8_ONLY,60,PS,new,5,b6b8a47d9bf4d9a9df46ef291d9479ff22f5ac9d2e27b713246f501acfb78333,4ef16923ef46fb4c3547b26aebd907eef303dc2023811f1ccb2e9c5b2f7f6e42,31,0,24.6607608795166,-4.330207824707031,False,True,MEMIT_BLUE_L8_ONLY
MEMIT_L8_ONLY,60,PS,true,1,d3da1ae195c7dd1ca416ee2c43ce04075c3cf768e489e277ef3e3b9f541b1cc5,128899ba87cc8b6478ad206ed5a65ee614574e26b18c80bd46a797afa141825f,10,1,29.863073348999023,0.7690258026123047,True,True,MEMIT_BLUE_L8_ONLY
MEMIT_L8_ONLY,60,PS,true,2,f59900339eda4d030d10899be46392c0b187a76f2d2d1e34d216c8c0043d6854,a12de0e603e9558246e0a61a2bc57a26de5d70689a85435edebdf751cf530a0f,20,0,26.49874496459961,6.018817901611328,True,True,MEMIT_BLUE_L8_ONLY
MEMIT_L8_ONLY,60,PS,true,3,67629d9e3979aec4e2ab2f4e325d82f87f2c13a88137810ae8fca136bd9776ea,e068690b27fab4075545b2b15716d16caf47f70ac3081bb096c62d4eb1b6cc9f,24,0,26.45151138305664,3.9137401580810547,True,True,MEMIT_BLUE_L8_ONLY
MEMIT_L8_ONLY,60,PS,true,4,4aff907ef4a6d2c2d2d4bfbaaec8c4c2d531e0cdb9b35395c51173d3ec88f965,865302dfa8d7399e8b1faed7c7310c7ead5cea061c18a12bae061d1f13f20a99,48,1,26.436832427978516,1.9498462677001953,True,True,MEMIT_BLUE_L8_ONLY
MEMIT_L8_ONLY,60,PS,true,5,0ee8a4188cd4fa518a64f0af0d26dcd88756fe5dcf36bcb909368b10289967fb,189920192d0383b1585a0daa67c2a0246bfa6762a390579825b672e3f5e5a36b,3,1,26.149234771728516,0.6934661865234375,True,True,MEMIT_BLUE_L8_ONLY
MEMIT_L8_ONLY,60,NS,new,1,bc9cb70614a900fcf9d9a351fe3d77bf23d1e7da77ee0b4d51393b83ece087d6,9f7d88bd60d35a937af2f28bca4f5ed152eccee9a21ddab92d0e2c563fd47be9,22,3,21.017208099365234,-4.348796844482422,True,True,MEMIT_BLUE_L8_ONLY
MEMIT_L8_ONLY,60,NS,new,2,2f5499ef14ae06e843e8c3f4ffb15f95ccb9666bb88697428f47fc106857a50f,9cff83252cd96b1c1d829ee874d17b6e779f839f8b51f97f4df7969ea74bb8a0,58,2,20.791982650756836,-4.1998443603515625,True,True,MEMIT_BLUE_L8_ONLY
MEMIT_L8_ONLY,60,NS,new,3,d1961d93755e10b9def1a5e7b7c5483274fd98b51f07b0013d428df6da5c5460,5a59eeb5648623e68a3ead146bc5fef5c3c83d7b7794797687d441c682a7eeee,12,8,20.391155242919922,-9.902235984802246,True,True,MEMIT_BLUE_L8_ONLY
MEMIT_L8_ONLY,60,NS,new,4,b9dafef03fc90f65d4f9efd71ce73bb7a024381eea09b5f909a977bd0d8d1fa4,9379ee0e01ea6e5c2a8a6dae53c245754c39481a757d0fb8225acb13a35f70a5,39,3,20.2188720703125,-15.37753677368164,True,True,MEMIT_BLUE_L8_ONLY
MEMIT_L8_ONLY,60,NS,new,5,b3282a2f2a28757b3a18ab833de16a9c54518c0b0cf493e3f0a7cf09386f326a,e72be425bca07959a25f08ff5d8631d28ebb973ed0c6ab708574d103d61c9857,10,7,20.15738296508789,-18.05967092514038,True,True,MEMIT_BLUE_L8_ONLY
MEMIT_L8_ONLY,60,NS,true,1,9730f9c50a2e1e274f701a6a33c7c2d4b65588b4a411fd314c0f1dd008e72341,b8c7e15c0826886b715d0ef9e07cce8687056069921719ef57a55f8e053a70f3,59,5,21.071025848388672,7.3559417724609375,False,True,MEMIT_BLUE_L8_ONLY
MEMIT_L8_ONLY,60,NS,true,2,da4621a707cf748779a270d5edafd1a80743d5dd62ba77a7c254090d13ec32fc,c4d8fdbda35c20723ff5db2252a4c4803d7a22964752060bc3e6e1df268bdffd,42,0,20.32192611694336,5.042108535766602,False,True,MEMIT_BLUE_L8_ONLY
MEMIT_L8_ONLY,60,NS,true,3,da4621a707cf748779a270d5edafd1a80743d5dd62ba77a7c254090d13ec32fc,2948a2c121fa51f315242c7a468f50eb70f3c125ddd02281d0b8b9a250e795dc,42,3,20.193269729614258,4.065641403198242,False,True,MEMIT_BLUE_L8_ONLY
MEMIT_L8_ONLY,60,NS,true,4,5c55727a2c101dee0df87b2f48068a8d76a392df7961cdd64327315a4219f233,af118332ce4167f541c981f33cbeb3acdfa5bb526291ce1e4cbfa62ccb8a5cca,23,5,20.067928314208984,11.528460502624512,False,True,MEMIT_BLUE_L8_ONLY
MEMIT_L8_ONLY,60,NS,true,5,da4621a707cf748779a270d5edafd1a80743d5dd62ba77a7c254090d13ec32fc,fe167e0bfbac1ef4bf77055e6f218086821b3134ec71eaf1e54ba965353e99b6,42,9,19.573575973510742,3.919200897216797,False,True,MEMIT_BLUE_L8_ONLY
MEMIT_L8_ONLY,70,RS,new,1,3573b846517b985c4249c71ab2d464938bd51174060c233749662d8bf1b4af5c,c19aebc6eef1e0f0b24d8ce97fca56bec5d745787270de5196d03bf9b407fb5b,2,0,19.01079559326172,-9.92469596862793,False,True,MEMIT_BLUE_L8_ONLY
MEMIT_L8_ONLY,70,RS,new,2,c49eb5e7bb09a8e471441ed78fa006cbb96c24b221b12523d8ac63ecef1d81b0,6307dd1fa0c01d7ebfef42fa0d06e87241109f8922d7220402888ce5f1f0ed88,4,0,18.030244827270508,-9.254556655883789,False,True,MEMIT_BLUE_L8_ONLY
MEMIT_L8_ONLY,70,RS,new,3,c7f4f146491d27eed1cd4d422c9b3fec37006c606b17dabbfebef85845f3cbc1,ed7f8965861e75abd3c8c6f8dc8e46fb82254e6885cf1bbfac342d209b81024c,25,0,17.78420639038086,-7.411862373352051,False,True,MEMIT_BLUE_L8_ONLY
MEMIT_L8_ONLY,70,RS,new,4,45614290270f9909ee6ffe6f52ae5f8360be81fec6d3868d8022e2d200be3de4,cb246fd93d16913a0eb0ce1ba86d110622df4b8ef70287baa31cd3e6e3f12bb9,8,0,17.182392120361328,-5.831720352172852,False,True,MEMIT_BLUE_L8_ONLY
MEMIT_L8_ONLY,70,RS,new,5,cc98bda3770734887404521bec0192967e0ff40c622d6a05dcb32050f26aa839,bcfd0fd01e46b59d6cab4eb33450e90c38a2a9b0f06953728146d8b30c549ee8,68,0,16.526628494262695,-3.725417137145996,False,True,MEMIT_BLUE_L8_ONLY
MEMIT_L8_ONLY,70,RS,true,1,4a5a354449e862e8e5597b99f298b1e07ac0ff56b8eec50f785c2d85b173e5ff,e438c0891d942debae35864788c71c3819ded241242610357421643181e0d358,61,0,21.805938720703125,7.557262420654297,True,True,MEMIT_BLUE_L8_ONLY
MEMIT_L8_ONLY,70,RS,true,2,9709d785699cc53b7d0503eab14b66562f63303b4eaa4125cc78805d759cc219,7b292f20be10e977fe6fb7ddd7e3bc1ed8f505041c6f7ee4dd54acaafbb920df,66,0,20.17354965209961,20.17335357204138,True,True,MEMIT_BLUE_L8_ONLY
MEMIT_L8_ONLY,70,RS,true,3,ab17b6fed4f40f96fbf4dd4a504a6ed37bbb9136f1d54f0dd53cb33bbc4c7f63,d81670625689e953c8af04f5a93bf56c0748acf343d5c69dab2b8fcf65c2d218,67,0,19.820547103881836,19.816524975933135,True,True,MEMIT_BLUE_L8_ONLY
MEMIT_L8_ONLY,70,RS,true,4,ba9b89b41da230235c2e4162f47ebf6b79c40dbb1d2097ca91524f38cec2eaae,665b0f7ac662952de31a92b277bb4d2ef9379d444fd773e6f6c97261eaf7ae4d,42,0,18.390968322753906,18.36421280913055,True,True,MEMIT_BLUE_L8_ONLY
MEMIT_L8_ONLY,70,RS,true,5,3f20938e75052799074a5730bb3fb7725cd80cac7770b87b0860707f48f07f8d,248cf616cf7cad0a0b689e3c2f84a22420fd9070883872932831d04e9ec506aa,52,0,18.052715301513672,18.044999639503658,True,True,MEMIT_BLUE_L8_ONLY
MEMIT_L8_ONLY,70,PS,new,1,0e3642650bc04ac1d95256309e02fa8ffeafb87968e3623cdd6592f501472de5,ed0ed2a63e8f800ea6e0e7be01484ad7fc700b9fbd968a790be93734b5010477,25,1,24.238616943359375,-3.8631114959716797,False,True,MEMIT_BLUE_L8_ONLY
MEMIT_L8_ONLY,70,PS,new,2,8c7f435bbf6bb8c1e6c612fc347320f244ba7aa379e3d45a5ae749177181a305,94fa8597237e2315110a67c00490b9d2498da7b84aa84acac33029d1b72dffa0,13,0,20.317874908447266,-2.733610153198242,False,True,MEMIT_BLUE_L8_ONLY
MEMIT_L8_ONLY,70,PS,new,3,275db3010112bd683e176ee5a5dde3b58d82f0f28534c852133e12da193c3e62,36f154ab335c345a41cba5a627a12ba97c8c4ce244ec76b90ce0c85b1ce5c046,19,0,20.04749298095703,-2.3467578887939453,False,True,MEMIT_BLUE_L8_ONLY
MEMIT_L8_ONLY,70,PS,new,4,6e39997df32edbf282c737f48a1312c9dd17b90b56c321a4e26165b730ba4dd8,9d9c026679e3524465933313c94752cf118b724e94f98049e548f9391ed37052,55,0,19.96039581298828,-2.841796875,False,True,MEMIT_BLUE_L8_ONLY
MEMIT_L8_ONLY,70,PS,new,5,94cf0ae7ea8f7f609edb82f4a2c3c425d908b6fbdaef24fd8d261bc7d681dd5f,e0c9c024230b94f3290a7b5a0b8027bb80a241551e227a4a216e8e34a6020197,62,0,19.803550720214844,1.3004131317138672,True,True,MEMIT_BLUE_L8_ONLY
MEMIT_L8_ONLY,70,PS,true,1,1019bdc854ba04edea745ea43c73ad23a751f8ab938bf242d9eb52db822a9ab3,a1bd9ee619d41af7b08c751b06a75f161f05c8e36cb4782623f0b6dace9d3b85,65,0,26.69353675842285,26.69235275767278,True,True,MEMIT_BLUE_L8_ONLY
MEMIT_L8_ONLY,70,PS,true,2,2e18e12a751bac813306282d514103385d31398bdbb35d69d09e482863504d35,9d4010514ab24e186d6c9e01d503a66c86c7c74bc04d5438f2bab2916c4aaa67,11,1,22.907026290893555,3.630186080932617,True,True,MEMIT_BLUE_L8_ONLY
MEMIT_L8_ONLY,70,PS,true,3,f4d17d711586db685ec1d444b7bbe7bcb2905b72fa1529b606f297918a9142e7,6ca357c92222bee10d05dc63e910e5f12ba9dbabeb2b1990697f8d642747449e,27,0,22.60460090637207,6.415004730224609,True,True,MEMIT_BLUE_L8_ONLY
MEMIT_L8_ONLY,70,PS,true,4,55595a6e5cfc81858117b2737ed72bedb96f5a3aa35be330b2b8912c5601c0be,71f92ecafc6a449d28d744be60569aa0794b63ec21bd728bad9cc0f9c9085ad7,57,0,22.56406593322754,8.514178276062012,True,True,MEMIT_BLUE_L8_ONLY
MEMIT_L8_ONLY,70,PS,true,5,47ea147feec375157fdc4ef94bce6803be3f847399e52aab06d2414ce2ea6b92,b8fd1e37edd7caefc94ee8fb58671f5caf976d7eb1c791f1e902f24ef6274441,60,1,22.35633087158203,15.676543235778809,True,True,MEMIT_BLUE_L8_ONLY
MEMIT_L8_ONLY,70,NS,new,1,b8b3a9403ceee5e6e0d0ba51773e6195c2227e0e55dbd9aa348b4999feeb8a2d,3ccd5a4c422dfc8a682c207dba276c01280015a43db99fc327e341dc29a3f805,13,3,24.574270248413086,-6.917638778686523,True,True,MEMIT_BLUE_L8_ONLY
MEMIT_L8_ONLY,70,NS,new,2,2f5499ef14ae06e843e8c3f4ffb15f95ccb9666bb88697428f47fc106857a50f,9cff83252cd96b1c1d829ee874d17b6e779f839f8b51f97f4df7969ea74bb8a0,58,2,23.227344512939453,-4.958608627319336,True,True,MEMIT_BLUE_L8_ONLY
MEMIT_L8_ONLY,70,NS,new,3,2e6e055e719e728fa0705c1a9770872f7c57b08cdc771b611118dca2c77672f7,dbad351631bc16c1872f0712aa74063828ee6d25f74d74056f5888c17039f310,38,4,23.05303382873535,-5.732303619384766,True,True,MEMIT_BLUE_L8_ONLY
MEMIT_L8_ONLY,70,NS,new,4,3573b846517b985c4249c71ab2d464938bd51174060c233749662d8bf1b4af5c,3685fc6fbd0323cfabbac3b360a1856d1272291335e4e239a336a71bfc16a797,2,9,23.000734329223633,-10.309340476989746,True,True,MEMIT_BLUE_L8_ONLY
MEMIT_L8_ONLY,70,NS,new,5,68b6a6f37390b2cf94057e889f8742391c28e744850a76bdfd3378e8bdf12673,6e4958d2ef732ad83e65d70141db4a182cbd91f72eb48ca3140f351c6be0af36,69,7,22.807130813598633,-17.84314203262329,True,True,MEMIT_BLUE_L8_ONLY
MEMIT_L8_ONLY,70,NS,true,1,257b527605807fbee34bade992f34ce6f4f097636702aa706a8444d4318f730b,a4edfe9e1d9d616f2b7f3433851ea05535934a45aff07b93a07a65f5b4777e53,19,0,22.642074584960938,2.353076934814453,False,True,MEMIT_BLUE_L8_ONLY
MEMIT_L8_ONLY,70,NS,true,2,da4621a707cf748779a270d5edafd1a80743d5dd62ba77a7c254090d13ec32fc,c93f9ad9e52d3a681a90038b15073565f95b924d8ab030a101a78d509a0d5a54,42,7,21.34303092956543,5.321887969970703,False,True,MEMIT_BLUE_L8_ONLY
MEMIT_L8_ONLY,70,NS,true,3,40510175845988f13f6162ed8526f0b09f73384467fa855e1e79b44a56562a58,eee328fc280247e27aac03b97246acb014b1ecadc8dd677fe94b3cf33ecd88d6,31,3,21.245412826538086,4.115510940551758,False,True,MEMIT_BLUE_L8_ONLY
MEMIT_L8_ONLY,70,NS,true,4,da4621a707cf748779a270d5edafd1a80743d5dd62ba77a7c254090d13ec32fc,409ca778cc56e57592c939d57689897372b3bc1cbf8719e145d8eca0ec00debf,42,6,21.030574798583984,5.105246543884277,False,True,MEMIT_BLUE_L8_ONLY
MEMIT_L8_ONLY,70,NS,true,5,d33b9fa9cb6aa8a8537caeed49164c6509200fedd516db0e69c792d55e1c6033,4a4328fae1a508d9fcd7854cfbd91ef80207931b75e6efe13f965c0d89136d17,63,9,20.73970603942871,4.124055862426758,False,True,MEMIT_BLUE_L8_ONLY
MEMIT_L8_ONLY,80,RS,new,1,bde8e320b24e898e7cb8aadd09daab517a7a47c3a75f352b38bec26dde74bfe0,2d15d662e462a4bec127134172461a1cd415dd65a60f884eee57cecf6d11a4a2,18,0,22.62624168395996,-0.6062374114990234,False,True,MEMIT_BLUE_L8_ONLY
MEMIT_L8_ONLY,80,RS,new,2,3a1e774a8ea4f3f402fb14450653c20d4643489b3bd77e8cc22690b879a41635,a2f3a5d8bd7b5134a2de264faa50197e150c37a3f4cd3f142b13b208bc078e14,21,0,21.56772232055664,0.6568698883056641,True,True,MEMIT_BLUE_L8_ONLY
MEMIT_L8_ONLY,80,RS,new,3,2ce7089bb645979a4caa693b09279b11334d9c87a152eb1f25931ee79fb0cc87,c4f55a66a50f4bdb6d90650dc2dd65359c4883e17cbcc4d8ee1295d8333c1abd,22,0,20.920257568359375,-8.793240547180176,False,True,MEMIT_BLUE_L8_ONLY
MEMIT_L8_ONLY,80,RS,new,4,c9666ca719574009eb5b15de8d6c787fbe92a3eade0e1c47b01971cbb7ee5082,9d69f35b48009508472a8f88b7f6a56b653dec55003c47a847eb192ce81e8ce4,1,0,20.05146026611328,-1.3886451721191406,False,True,MEMIT_BLUE_L8_ONLY
MEMIT_L8_ONLY,80,RS,new,5,ad26d95ac0934dd600b69f6da0eef55fc5c741df128837456ef870f42e4e1f74,3f52ffcf96ea79b182a2ce99849e3e5e78d3ad4285c3c4b60599486529f87b45,14,0,19.615074157714844,-12.715904235839844,False,True,MEMIT_BLUE_L8_ONLY
MEMIT_L8_ONLY,80,RS,true,1,769e881d85fc5d27cb4cbc8382200d95b179cfdeb56e0b439da737069eaf8a5a,045669e9887dbb6092d6287698eac8b65123ebb210d24eed8428b3dce11ddd0a,80,0,23.26540184020996,23.26534223734052,True,True,MEMIT_BLUE_L8_ONLY
MEMIT_L8_ONLY,80,RS,true,2,3a1e774a8ea4f3f402fb14450653c20d4643489b3bd77e8cc22690b879a41635,a2f3a5d8bd7b5134a2de264faa50197e150c37a3f4cd3f142b13b208bc078e14,21,0,22.224592208862305,0.6568698883056641,True,True,MEMIT_BLUE_L8_ONLY
MEMIT_L8_ONLY,80,RS,true,3,bde8e320b24e898e7cb8aadd09daab517a7a47c3a75f352b38bec26dde74bfe0,2d15d662e462a4bec127134172461a1cd415dd65a60f884eee57cecf6d11a4a2,18,0,22.020004272460938,-0.6062374114990234,False,True,MEMIT_BLUE_L8_ONLY
MEMIT_L8_ONLY,80,RS,true,4,cf8f13c26b9db7e83e308eeb847cd1279e76ce38021f19e83c75ee9f69a33b89,510620d615834ad1d403016fa0d88cf8a894b246944f9ad9c6dc5df7559aff8f,60,0,21.959135055541992,21.877746663987637,True,True,MEMIT_BLUE_L8_ONLY
MEMIT_L8_ONLY,80,RS,true,5,a176eeb31e601c3877c87c2843a2f584968975269e369d5c86788b4c2f92d2a2,19a84941aac48b666e18504a098b570d0edeb63f98c4246aacb94e9a4e36b996,80,0,21.083444595336914,21.073839804157615,True,True,MEMIT_BLUE_L8_ONLY
MEMIT_L8_ONLY,80,PS,new,1,bde8e320b24e898e7cb8aadd09daab517a7a47c3a75f352b38bec26dde74bfe0,028ef9ef83e35bdb33067bbc0b560dd49b14f235e2fddb05dd6a657fc7a7d5c2,18,0,25.917633056640625,-1.1503124237060547,False,True,MEMIT_BLUE_L8_ONLY
MEMIT_L8_ONLY,80,PS,new,2,65585231e90f43522a7dba9c6d538280c99fc1cebddd559d27156b713e43b4bd,45132f137662774f9619c9d1155a3f32df7f946eff53ec88bf0c5de273b3c455,2,1,22.7756404876709,-3.4279537200927734,False,True,MEMIT_BLUE_L8_ONLY
MEMIT_L8_ONLY,80,PS,new,3,083deea4f628f1db6806c5bd4986388bfc33a17c54e7279584eae708f779e571,3ccdecc9ebc5652cc9aee343963b32f791c5a0e36abc104938cd1f1625e1cfb2,14,1,22.530324935913086,-6.047639846801758,False,True,MEMIT_BLUE_L8_ONLY
MEMIT_L8_ONLY,80,PS,new,4,f598d21e478c3b72970b5cc7f1ed5953878426a167a7a79b5a1e75463754a172,3843c1cddbdbe76779ae15be41da006435cbf1cc68e37d256204dcdb7b468879,67,1,22.358264923095703,2.1752777099609375,True,True,MEMIT_BLUE_L8_ONLY
MEMIT_L8_ONLY,80,PS,new,5,c9666ca719574009eb5b15de8d6c787fbe92a3eade0e1c47b01971cbb7ee5082,d3214c63293e578031b346682e546913b1439e12af1e0ef28ac1aebea36bfc91,1,0,22.073579788208008,-3.0991458892822266,False,True,MEMIT_BLUE_L8_ONLY
MEMIT_L8_ONLY,80,PS,true,1,fdbf17ddf70417d8c2d60f287cacfcf9b30253342d47dda21654dcf481827f30,df0e886e84af2fd0aaee89d77b92592bb1532c2a66e7c05a4dfdd5d7296a8664,23,0,24.83260726928711,4.965208053588867,True,True,MEMIT_BLUE_L8_ONLY
MEMIT_L8_ONLY,80,PS,true,2,bde8e320b24e898e7cb8aadd09daab517a7a47c3a75f352b38bec26dde74bfe0,028ef9ef83e35bdb33067bbc0b560dd49b14f235e2fddb05dd6a657fc7a7d5c2,18,0,24.76732063293457,-1.1503124237060547,False,True,MEMIT_BLUE_L8_ONLY
MEMIT_L8_ONLY,80,PS,true,3,f598d21e478c3b72970b5cc7f1ed5953878426a167a7a79b5a1e75463754a172,3843c1cddbdbe76779ae15be41da006435cbf1cc68e37d256204dcdb7b468879,67,1,24.53354263305664,2.1752777099609375,True,True,MEMIT_BLUE_L8_ONLY
MEMIT_L8_ONLY,80,PS,true,4,9ed1279b64427e295210c4bb660464639ab50d0d34e3fae67ee5d2b0af33507e,eb48a047fb97bba7eac385c0216073d9fba3ac7b4e4cabfabd0a2ee19b0a027e,36,1,22.838930130004883,2.273221969604492,True,True,MEMIT_BLUE_L8_ONLY
MEMIT_L8_ONLY,80,PS,true,5,fee4ab8f26b871371c83e1e55a23b096be6552eb1774319c851e716308ad9302,92b401d66c37dd0942732a72150e05bb9c16230f086b33fc4ec4861d776ba017,73,1,22.819305419921875,22.819022337935166,True,True,MEMIT_BLUE_L8_ONLY
MEMIT_L8_ONLY,80,NS,new,1,3c222442ae76ab6974286e258ade35f2a7efa69ab3d0e195785caeb978249337,ea2e43f3099f6c6c5d77c393ffc2e2b7ffa6e6c4e0dac3896dccf53a89a25922,69,1,26.609777450561523,-3.5780696868896484,True,True,MEMIT_BLUE_L8_ONLY
MEMIT_L8_ONLY,80,NS,new,2,3c222442ae76ab6974286e258ade35f2a7efa69ab3d0e195785caeb978249337,9349b9d0e9117a5f3f4f603fca61b9a56ab7fea24ffedd6ccc0a27f82a12045c,69,8,25.950387954711914,-3.0538902282714844,True,True,MEMIT_BLUE_L8_ONLY
MEMIT_L8_ONLY,80,NS,new,3,2b5f8c083a5f1233fcdf295cbabc3ba19dc2e25fa7e50f5551abbf8dbb6ed139,524a78f00d151a03ef95480c33cca4083699ff8aff1d4a08b58a231279a6df5e,13,1,24.736188888549805,-9.4855375289917,True,True,MEMIT_BLUE_L8_ONLY
MEMIT_L8_ONLY,80,NS,new,4,2b2ac07813fde25641019289246d80a85054b31d93cd9dd4d8f4a3e717a017e1,ab62922c90934829eabe295c3cdc3ddc1778d3fccd32e218502801885d3d38b8,15,3,24.51091194152832,-9.9529447555542,True,True,MEMIT_BLUE_L8_ONLY
MEMIT_L8_ONLY,80,NS,new,5,df76b967f747ce89f10f1c5d832db5daccc7f8ed9ccdd7c7016957f25e57b9f6,5538b2c3539ea89fe02cbf605284130f2a6ba3b4f0c1e4115a15e766205e8dc3,11,7,23.961408615112305,-7.697479248046875,True,True,MEMIT_BLUE_L8_ONLY
MEMIT_L8_ONLY,80,NS,true,1,593db514530578cd1b1c5b0986d8fd36543975cfa0d0387ccaf1c38107048b11,e55ce791fff86789967a4b75432d9ac4ea12c02ce50a815008cde63ff6e6b184,34,0,23.220972061157227,4.083160400390625,False,True,MEMIT_BLUE_L8_ONLY
MEMIT_L8_ONLY,80,NS,true,2,3c222442ae76ab6974286e258ade35f2a7efa69ab3d0e195785caeb978249337,ea2e43f3099f6c6c5d77c393ffc2e2b7ffa6e6c4e0dac3896dccf53a89a25922,69,1,23.031707763671875,-3.5780696868896484,True,True,MEMIT_BLUE_L8_ONLY
MEMIT_L8_ONLY,80,NS,true,3,86c7c2b542904358041f09d31faeda5f923cafeeb879ece9c34d1bbc8e89fc02,1579b4b55caf1cc2443b7db268ebedebc766e47c1cdb814aba72a2dd5c0db8f6,23,2,22.989540100097656,2.6374950408935547,False,True,MEMIT_BLUE_L8_ONLY
MEMIT_L8_ONLY,80,NS,true,4,3c222442ae76ab6974286e258ade35f2a7efa69ab3d0e195785caeb978249337,9349b9d0e9117a5f3f4f603fca61b9a56ab7fea24ffedd6ccc0a27f82a12045c,69,8,22.89649772644043,-3.0538902282714844,True,True,MEMIT_BLUE_L8_ONLY
MEMIT_L8_ONLY,80,NS,true,5,17e34f6c328700a4e9b35f5f1ac5eaafddd3db074d47bcd4d345e0acaf233781,763a46f54e230abf28b367bd313dcc5321c16bc86b08a65d184b99ad6da584ca,25,6,22.533838272094727,1.4418830871582031,False,True,MEMIT_BLUE_L8_ONLY
MEMIT_L8_ONLY,90,RS,new,1,3a1e774a8ea4f3f402fb14450653c20d4643489b3bd77e8cc22690b879a41635,a2f3a5d8bd7b5134a2de264faa50197e150c37a3f4cd3f142b13b208bc078e14,21,0,23.144302368164062,-2.958873748779297,False,True,MEMIT_BLUE_L8_ONLY
MEMIT_L8_ONLY,90,RS,new,2,ad26d95ac0934dd600b69f6da0eef55fc5c741df128837456ef870f42e4e1f74,3f52ffcf96ea79b182a2ce99849e3e5e78d3ad4285c3c4b60599486529f87b45,14,0,21.463014602661133,-21.28376168012619,False,True,MEMIT_BLUE_L8_ONLY
MEMIT_L8_ONLY,90,RS,new,3,79944709f536e2972d913a5e3705d89ed55b82becdd4f5c3dcd017bbfd75412f,cd51811e09894472f024081fb2fe3559b674d45a18baab2214da48bae53a743b,23,0,19.6794490814209,-12.37939739227295,False,True,MEMIT_BLUE_L8_ONLY
MEMIT_L8_ONLY,90,RS,new,4,7fd0d6ebafcd4ed5b9263756492092b54194074cc4938672447bb4db9fc1459f,f9d1b00ae640410e41f0f98991394c5f7e424f54a716dda111ecf951532aaceb,18,0,18.324596405029297,-3.9654998779296875,False,True,MEMIT_BLUE_L8_ONLY
MEMIT_L8_ONLY,90,RS,new,5,7af7aa4e9120a33be955f588a6349ca3a2c130245b38629b3d126c80b6b5e305,713c01e0e9a0581a31f7387d8cbaa639daccd16dc6f22f19264c7ef97eed9cfa,33,0,18.131988525390625,-3.508425712585449,False,True,MEMIT_BLUE_L8_ONLY
MEMIT_L8_ONLY,90,RS,true,1,c4b2398ae8a65e63a92bb4fb6348050851f8886674de0e30d522c323a97044a9,6f002c2f332c1b6721c65b71f789f3e0d11c01fdab2b4a99e54d50d80c266acc,89,0,26.168136596679688,26.166744367335923,True,True,MEMIT_BLUE_L8_ONLY
MEMIT_L8_ONLY,90,RS,true,2,ec00affb8528316ae8954f1ab6e434681d53731684e0638ebbcbc6b0cd79d830,48ca67d4c85fc79f88af6447d03d47aa00f2e8cd7d5b7c8acb5398449c0b9f47,84,0,23.789148330688477,23.78913974765601,True,True,MEMIT_BLUE_L8_ONLY
MEMIT_L8_ONLY,90,RS,true,3,04a3f8e2566e0ef5b107ba23af7821fb9e59f9db37c6a25317c76b51a48ab934,79d01e944b8ff987de8c993ad4199651ac0d395ae0f4e65c2546121438ff24dd,84,0,23.235158920288086,23.23469578026561,True,True,MEMIT_BLUE_L8_ONLY
MEMIT_L8_ONLY,90,RS,true,4,d0dda5e6a709b521935f1ed32d14987d0ed139540a7477daddc21a30ba5276ad,62c6b91db9153c5f1a36b9b3a6c1682119d2ed92f0a53704fd4e7666ec7e923c,87,0,23.100627899169922,23.10046543010685,True,True,MEMIT_BLUE_L8_ONLY
MEMIT_L8_ONLY,90,RS,true,5,f0eab88acf23e27842103370ed4fd13441881e47fe9e004ac4e52864978c55da,7580f7e81bc6ea14aaed5c90926972463c027dde2d7d31246fb0609d66d653a8,88,0,22.949003219604492,22.94886828379822,True,True,MEMIT_BLUE_L8_ONLY
MEMIT_L8_ONLY,90,PS,new,1,f598d21e478c3b72970b5cc7f1ed5953878426a167a7a79b5a1e75463754a172,3843c1cddbdbe76779ae15be41da006435cbf1cc68e37d256204dcdb7b468879,67,1,22.861894607543945,1.4726524353027344,True,True,MEMIT_BLUE_L8_ONLY
MEMIT_L8_ONLY,90,PS,new,2,29a2de3c53a0710f4668b8f6124dba329a0a717b691cc03156a76febf4f5bacf,a5912330f656c3ed81eaa465020935ee8c17438852ff2f7926d1fce3e89cdff3,30,0,21.659812927246094,-1.5525684356689453,False,True,MEMIT_BLUE_L8_ONLY
MEMIT_L8_ONLY,90,PS,new,3,5b2e9cafaa50f27b634ecb32f995287209ef62f280086cc174edc051e515bf30,091bb676393bf850e39e6aa8b3594f231d4cb80162c8292d650f77c0b6cec5e0,57,1,21.52439308166504,-10.201852798461914,False,True,MEMIT_BLUE_L8_ONLY
MEMIT_L8_ONLY,90,PS,new,4,22650cc4e64b7f6f36e91c9b93716843a456b809bef3b3bdf9d755c4fb6fe214,bb4822c6d2f9634e0a408f299aa9613ed2b8c525564c7468f66c4587d81e7eca,12,0,21.51039695739746,-5.571194648742676,False,True,MEMIT_BLUE_L8_ONLY
MEMIT_L8_ONLY,90,PS,new,5,013b42b6edf95609f47cbc126dbd0cb8cc8f2dc6460f7ee25487cedc321079f9,9641b036ffc17e8727abb5ac638c7dda81712abcd6cdc1ee0418608f8a8b8437,52,1,21.479692459106445,-7.1282501220703125,False,True,MEMIT_BLUE_L8_ONLY
MEMIT_L8_ONLY,90,PS,true,1,f598d21e478c3b72970b5cc7f1ed5953878426a167a7a79b5a1e75463754a172,3843c1cddbdbe76779ae15be41da006435cbf1cc68e37d256204dcdb7b468879,67,1,24.33454704284668,1.4726524353027344,True,True,MEMIT_BLUE_L8_ONLY
MEMIT_L8_ONLY,90,PS,true,2,c4b2398ae8a65e63a92bb4fb6348050851f8886674de0e30d522c323a97044a9,5d08dd67adf235d7ca9a97655d2e3919df69aeae886f032efbb3f8388fec8557,89,1,23.642189025878906,23.64182133282884,True,True,MEMIT_BLUE_L8_ONLY
MEMIT_L8_ONLY,90,PS,true,3,963305f6b74038853218c189f07e0b991d1e71411edc1226e42fe22df9d12658,5ae1a5db0c52258522d3085ab025e9c99650def414f310f3be9e14aa1b857dfa,88,1,22.683238983154297,22.682782634918112,True,True,MEMIT_BLUE_L8_ONLY
MEMIT_L8_ONLY,90,PS,true,4,957e984230c0adf1d8e8e32275f8e654c5bff7cd2292036cd923f425ce31d02a,c90b1f7b5e2a67f5876fe61217f501d2269df5c0a17b2d42d6190f524da7d762,76,0,22.630918502807617,22.628652757266536,True,True,MEMIT_BLUE_L8_ONLY
MEMIT_L8_ONLY,90,PS,true,5,7b2c21ead1522776414b5a256722903b465fd0c8e029005fcd865144a429da52,8b44d030620d0734e73878c7c2694174757f6245628ef97680659d6d08180169,90,0,22.580677032470703,1.524393081665039,True,True,MEMIT_BLUE_L8_ONLY
MEMIT_L8_ONLY,90,NS,new,1,2b2ac07813fde25641019289246d80a85054b31d93cd9dd4d8f4a3e717a017e1,ab62922c90934829eabe295c3cdc3ddc1778d3fccd32e218502801885d3d38b8,15,3,25.800634384155273,-6.297243118286133,True,True,MEMIT_BLUE_L8_ONLY
MEMIT_L8_ONLY,90,NS,new,2,2f56d350554b595485e184d13af1c9c4c867c0265a1ded2a19dc7fb5ed821f8d,2a98d6cf42dc053f6512d32eebfe75133a2e48e1b9529124db6dcc2f313772f6,35,7,25.590072631835938,-2.752847671508789,True,True,MEMIT_BLUE_L8_ONLY
MEMIT_L8_ONLY,90,NS,new,3,c47e82e01e20ad22f816159eb3c3c048308ffca5b116cfc0c9aaaf012ee5b729,c8913d1cc3e602bb1baa5ad2f8f8e3a737dfd09a3c8325ed9ea26fe63867e695,15,3,24.803403854370117,-1.9660968780517578,True,True,MEMIT_BLUE_L8_ONLY
MEMIT_L8_ONLY,90,NS,new,4,6a08be905c07ded3713160b34dd175d9f8c74ae09321b2187066026818717e7e,3caf3d01eb7f9d861e0c30b6cd464c69db3f0d2e4d321acefa40c819338b6d63,15,6,23.72414779663086,-0.22710418701171875,True,True,MEMIT_BLUE_L8_ONLY
MEMIT_L8_ONLY,90,NS,new,5,b35d537a9944098b67370db7598b5110b9776ec78ec8a354e1d9f0d53d86c885,97c8342b3ce3308bbabe29f0a7163331e50fe8f753ed012e19def3fa2e82f031,44,8,23.669723510742188,-7.1991119384765625,True,True,MEMIT_BLUE_L8_ONLY
MEMIT_L8_ONLY,90,NS,true,1,f273d90a08314a070861b1f95f1cd64bbbddc0aa1457291b41bef0a75ca5070c,f3a65ba7bfe3f365f3b3a62bfc5d153e2dbbf77b9f23e59486376655d93c8b04,60,6,23.56212615966797,7.783211708068848,False,True,MEMIT_BLUE_L8_ONLY
MEMIT_L8_ONLY,90,NS,true,2,6a08be905c07ded3713160b34dd175d9f8c74ae09321b2187066026818717e7e,3caf3d01eb7f9d861e0c30b6cd464c69db3f0d2e4d321acefa40c819338b6d63,15,6,23.49704360961914,-0.22710418701171875,True,True,MEMIT_BLUE_L8_ONLY
MEMIT_L8_ONLY,90,NS,true,3,0207981d4837f4411835e7c183186162ae49b2de76fb5db4b1534357e5115d9e,795b0dc187da4925c8b716523e25ff1b0c27bc450e968f0801dcf71177a1865b,85,4,23.09573745727539,2.516756057739258,False,True,MEMIT_BLUE_L8_ONLY
MEMIT_L8_ONLY,90,NS,true,4,6a08be905c07ded3713160b34dd175d9f8c74ae09321b2187066026818717e7e,a51fd0d4b7750a8400b2a26c3d9664bb233d35372069c2ccea1cb583b18523c8,15,3,22.888702392578125,-0.5868358612060547,True,True,MEMIT_BLUE_L8_ONLY
MEMIT_L8_ONLY,90,NS,true,5,c47e82e01e20ad22f816159eb3c3c048308ffca5b116cfc0c9aaaf012ee5b729,c8913d1cc3e602bb1baa5ad2f8f8e3a737dfd09a3c8325ed9ea26fe63867e695,15,3,22.83730697631836,-1.9660968780517578,True,True,MEMIT_BLUE_L8_ONLY
MEMIT_L8_ONLY,100,RS,new,1,3a1e774a8ea4f3f402fb14450653c20d4643489b3bd77e8cc22690b879a41635,a2f3a5d8bd7b5134a2de264faa50197e150c37a3f4cd3f142b13b208bc078e14,21,0,22.7667179107666,-0.5955009460449219,False,True,MEMIT_BLUE_L8_ONLY
MEMIT_L8_ONLY,100,RS,new,2,ad26d95ac0934dd600b69f6da0eef55fc5c741df128837456ef870f42e4e1f74,3f52ffcf96ea79b182a2ce99849e3e5e78d3ad4285c3c4b60599486529f87b45,14,0,21.398225784301758,-16.910027503967285,False,True,MEMIT_BLUE_L8_ONLY
MEMIT_L8_ONLY,100,RS,new,3,275db3010112bd683e176ee5a5dde3b58d82f0f28534c852133e12da193c3e62,772154d148bbda639d370d5bf22214942cf05c906990bc49de20fdea5682f670,19,0,20.914512634277344,1.983011245727539,True,True,MEMIT_BLUE_L8_ONLY
MEMIT_L8_ONLY,100,RS,new,4,0038263cc90dfa55d621a6425e46020136a318d12b974340f518892a6ef690ff,76cf5a7abb98a3da7a5b9e01067710c421c634b9fc5b780aca233b1aee0b902f,50,0,19.6469783782959,0.8631706237792969,True,True,MEMIT_BLUE_L8_ONLY
MEMIT_L8_ONLY,100,RS,new,5,7fd0d6ebafcd4ed5b9263756492092b54194074cc4938672447bb4db9fc1459f,f9d1b00ae640410e41f0f98991394c5f7e424f54a716dda111ecf951532aaceb,18,0,19.63599967956543,-4.298372268676758,False,True,MEMIT_BLUE_L8_ONLY
MEMIT_L8_ONLY,100,RS,true,1,c4b2398ae8a65e63a92bb4fb6348050851f8886674de0e30d522c323a97044a9,6f002c2f332c1b6721c65b71f789f3e0d11c01fdab2b4a99e54d50d80c266acc,89,0,26.591644287109375,26.591053779469803,True,True,MEMIT_BLUE_L8_ONLY
MEMIT_L8_ONLY,100,RS,true,2,275db3010112bd683e176ee5a5dde3b58d82f0f28534c852133e12da193c3e62,772154d148bbda639d370d5bf22214942cf05c906990bc49de20fdea5682f670,19,0,22.897523880004883,1.983011245727539,True,True,MEMIT_BLUE_L8_ONLY
MEMIT_L8_ONLY,100,RS,true,3,3cc16f8f6eede20fc56248b7da32561c5996a6d44fdabcbe3fd965d016a0d29c,fc96a5727f1d7d212ca55e282574800d65e2f8fb2e9b08651176ffa09a350f14,98,0,22.755844116210938,22.7554058796959,True,True,MEMIT_BLUE_L8_ONLY
MEMIT_L8_ONLY,100,RS,true,4,39d5ce6249548c318a5f0b6bf0a3e2f234750a9741b6ce2f9eff8670bc7cd7af,1bddb9d03087b415ae6c0daa25abae7d9fc0351e07a12505aaa08d2a001344a1,91,0,22.513687133789062,22.513286909088492,True,True,MEMIT_BLUE_L8_ONLY
MEMIT_L8_ONLY,100,RS,true,5,3a1e774a8ea4f3f402fb14450653c20d4643489b3bd77e8cc22690b879a41635,a2f3a5d8bd7b5134a2de264faa50197e150c37a3f4cd3f142b13b208bc078e14,21,0,22.17121696472168,-0.5955009460449219,False,True,MEMIT_BLUE_L8_ONLY
MEMIT_L8_ONLY,100,PS,new,1,65585231e90f43522a7dba9c6d538280c99fc1cebddd559d27156b713e43b4bd,45132f137662774f9619c9d1155a3f32df7f946eff53ec88bf0c5de273b3c455,2,1,25.395008087158203,-1.5707035064697266,False,True,MEMIT_BLUE_L8_ONLY
MEMIT_L8_ONLY,100,PS,new,2,ad26d95ac0934dd600b69f6da0eef55fc5c741df128837456ef870f42e4e1f74,b8fb843c1703ca0ba158f8983b507de7bfc6e2e6486e6eb0547138ad21aac28d,14,1,23.769893646240234,-13.351694107055664,False,True,MEMIT_BLUE_L8_ONLY
MEMIT_L8_ONLY,100,PS,new,3,41ac9f4b6edb4de8be1a0542d145603d7f2dc2aa8d878691d750860653647eeb,e7efa4d21c139194d2a27194906fb753712b12a5df589acc102dae2ff9952452,51,0,22.89284896850586,-3.137033462524414,False,True,MEMIT_BLUE_L8_ONLY
MEMIT_L8_ONLY,100,PS,new,4,1e0d9b83881558ba6b987a821c982f5c296a63eeaa9e5e34e63bfabbe8433f19,dbd7946514724acde23223bbb1c03d6cf8021fb8b7aee733199d6f47e8e7bb6a,88,1,22.751224517822266,-5.095224380493164,False,True,MEMIT_BLUE_L8_ONLY
MEMIT_L8_ONLY,100,PS,new,5,a66ce68fad6cf229fd1af91ad018f3025a8446f5483e8a41928d630115c950fe,57bcc81e8eb0cc308c0f8beb87b11e97920bf7615793c1bb940fab6237143c9d,5,0,22.684724807739258,-2.020517349243164,False,True,MEMIT_BLUE_L8_ONLY
MEMIT_L8_ONLY,100,PS,true,1,97468f679ad305fa4dbbf17fd4bf18c41fb655f2d86162b1d91ad4f1e09814c1,c8513c99cca5ae17906723207882289c31e3881ea651a2055bc1d1df6e69a723,43,1,24.913972854614258,5.8033447265625,True,True,MEMIT_BLUE_L8_ONLY
MEMIT_L8_ONLY,100,PS,true,2,65585231e90f43522a7dba9c6d538280c99fc1cebddd559d27156b713e43b4bd,45132f137662774f9619c9d1155a3f32df7f946eff53ec88bf0c5de273b3c455,2,1,23.824304580688477,-1.5707035064697266,False,True,MEMIT_BLUE_L8_ONLY
MEMIT_L8_ONLY,100,PS,true,3,3a1e774a8ea4f3f402fb14450653c20d4643489b3bd77e8cc22690b879a41635,997a3b7b18023c7687a9ff027666a03e043c98ecc5e18dbec25c4258889747cd,21,0,23.551307678222656,2.876798629760742,True,True,MEMIT_BLUE_L8_ONLY
MEMIT_L8_ONLY,100,PS,true,4,f8b7291025863577c250b562e8aa0d7a70387bc67029915cd5c2dfda40a9e055,e4a74d2a0cb9c262aae5044f5c6e1822e2fd14eb79faca2d47f770f4f7aa3d1e,87,0,23.09652328491211,23.09256717329845,True,True,MEMIT_BLUE_L8_ONLY
MEMIT_L8_ONLY,100,PS,true,5,0038263cc90dfa55d621a6425e46020136a318d12b974340f518892a6ef690ff,414def5bedf0d2ced769307cee204465ab06556fad34f609164333e59c2e1416,50,0,22.95956039428711,2.389314651489258,True,True,MEMIT_BLUE_L8_ONLY
MEMIT_L8_ONLY,100,NS,new,1,9841a2c0f9b4cf3a442dc0633af7bc8ec09d92171db356e2717f1f7eda4af12b,a9dd0b09705fe9b4b51e03959b798f7d18a0b7c007ee36b44df578217972af35,45,3,27.28230094909668,-1.3008003234863281,True,True,MEMIT_BLUE_L8_ONLY
MEMIT_L8_ONLY,100,NS,new,2,6a08be905c07ded3713160b34dd175d9f8c74ae09321b2187066026818717e7e,3caf3d01eb7f9d861e0c30b6cd464c69db3f0d2e4d321acefa40c819338b6d63,15,6,25.085744857788086,-4.024381637573242,True,True,MEMIT_BLUE_L8_ONLY
MEMIT_L8_ONLY,100,NS,new,3,f2314279a0671becf7da9e23b8bd44d8fa978765119f9ac7cef16788ee9285b3,5529652d8a443865f47506e616403c83605a29ec5e58e0b857d570fd5c85c0e8,90,4,24.74736785888672,-0.6096019744873047,True,True,MEMIT_BLUE_L8_ONLY
MEMIT_L8_ONLY,100,NS,new,4,6a08be905c07ded3713160b34dd175d9f8c74ae09321b2187066026818717e7e,a51fd0d4b7750a8400b2a26c3d9664bb233d35372069c2ccea1cb583b18523c8,15,3,24.71234130859375,-4.14027214050293,True,True,MEMIT_BLUE_L8_ONLY
MEMIT_L8_ONLY,100,NS,new,5,936f6af81f1f8fd9318cfde987bcf123ec996fcae1c7bd1cb09416eb52eb1ee8,a35d48df9820be10fde9847957ae08d53245e384386330ae5606874a43aef9c9,67,5,24.616483688354492,1.3650245666503906,False,True,MEMIT_BLUE_L8_ONLY
MEMIT_L8_ONLY,100,NS,true,1,936f6af81f1f8fd9318cfde987bcf123ec996fcae1c7bd1cb09416eb52eb1ee8,a35d48df9820be10fde9847957ae08d53245e384386330ae5606874a43aef9c9,67,5,25.981508255004883,1.3650245666503906,False,True,MEMIT_BLUE_L8_ONLY
MEMIT_L8_ONLY,100,NS,true,2,9841a2c0f9b4cf3a442dc0633af7bc8ec09d92171db356e2717f1f7eda4af12b,a9dd0b09705fe9b4b51e03959b798f7d18a0b7c007ee36b44df578217972af35,45,3,25.98150062561035,-1.3008003234863281,True,True,MEMIT_BLUE_L8_ONLY
MEMIT_L8_ONLY,100,NS,true,3,f2314279a0671becf7da9e23b8bd44d8fa978765119f9ac7cef16788ee9285b3,5529652d8a443865f47506e616403c83605a29ec5e58e0b857d570fd5c85c0e8,90,4,24.137765884399414,-0.6096019744873047,True,True,MEMIT_BLUE_L8_ONLY
MEMIT_L8_ONLY,100,NS,true,4,b1ded99722cf8de822a82d6dcb83a2af02ce9d9d73d265dae40e2f29d23ca902,592145847164166de46e833d71f0a8309638b99f73285f6d63896f9218520244,76,1,23.801210403442383,-0.5052165985107422,True,True,MEMIT_BLUE_L8_ONLY
MEMIT_L8_ONLY,100,NS,true,5,bb9d987697f96a8878f033c3ac94e4ab9f3fba70ae924767dee41344eec26c27,be82b729fa2c64eabedee6570e8011a571dcd779ea44a422b3fb7ccc9c78f51c,36,0,23.801206588745117,1.7891559600830078,False,True,MEMIT_BLUE_L8_ONLY
AlphaEdit_L8_ONLY,1,RS,new,1,297ffbe239f4c696484aea660cf99955ce3632bbb3bcc40ca2e42bd28286b48f,e78d5b54fa61635a4bfd96c93c3afadbfc078c4951d146f370bdde6e1c0b485e,1,0,0.02372286096215248,9.479969765990973,True,True,AlphaEdit_BLUE_L8_ONLY
AlphaEdit_L8_ONLY,1,RS,new,2,142472979dc6cfe2d4c0b44f3c1f6474f9657e6e2c8cc598f70bbcdb4815fec7,a2966672989fd0882ab224eb89fda551db4cd4386f509da0b860a076766d66cb,1,0,0.007793850731104612,17.397325091529638,True,True,AlphaEdit_BLUE_L8_ONLY
AlphaEdit_L8_ONLY,1,RS,new,3,259ef349143f9f40e07551697013e9a61805eb002acf8a9353435a3a6cb5f4ff,7b8cdbc39cc533ff91cf4edce6e1b1f4b3083670602fd3b64c71446947866632,1,0,0.005373913794755936,15.129524271935225,True,True,AlphaEdit_BLUE_L8_ONLY
AlphaEdit_L8_ONLY,1,RS,new,4,a480947084760e5fb517091818b245ba2e4ffff96aa97e5b599a7b586cf36be1,63730328b30324d872f6bbcff26458b8a0496893840a8ff522937895f33ebe9d,1,0,0.005201023072004318,8.660672504454851,True,True,AlphaEdit_BLUE_L8_ONLY
AlphaEdit_L8_ONLY,1,RS,new,5,5ca78d60306335e9cdf1efa886dd54cb3d06100d29c1099f11c1389e15ca0816,fbe985f79f91c25ded83d368450e1b7b77862f0291bfa1940f530b9dab64cabc,1,0,0.003966441843658686,15.864395031239837,True,True,AlphaEdit_BLUE_L8_ONLY
AlphaEdit_L8_ONLY,1,RS,true,1,f4c93868660b399edc5eef3fe0a67e989eebb90d07f5bdf57dda124c5093a3e3,99ddab4681d44600da9782f012b4cdde5ac37557c91039c7d6d27f7f2446e633,1,0,21.56957244873047,21.56891498726327,True,True,AlphaEdit_BLUE_L8_ONLY
AlphaEdit_L8_ONLY,1,RS,true,2,ad50671db539cca0a32451707008b13770ebfc60445d62d21271929ae7e0d95f,8def2afb0fc5d2855e2b3d1f24c149882eae30bff76be70ec1d442a09168b854,1,0,21.33221435546875,21.331717137945816,True,True,AlphaEdit_BLUE_L8_ONLY
AlphaEdit_L8_ONLY,1,RS,true,3,4459b2909cef1e99ddfb4be233208753a4ed2f43343df6d5b4561c5e9ead51c9,a298f1c0e4301df31e69ccce11f1dc26e96744fbccd200f1874e63ec2c5be771,1,0,21.221460342407227,21.22038124629762,True,True,AlphaEdit_BLUE_L8_ONLY
AlphaEdit_L8_ONLY,1,RS,true,4,69cc1d969e885e82e7793fe1f56946d4fc00b9f087461f99e8968de532c68d4b,bf9501b435dacf533ba3bca1d10050b2e044b91511ac3aa95518bb5029fe05c4,1,0,20.89505958557129,20.89193023648113,True,True,AlphaEdit_BLUE_L8_ONLY
AlphaEdit_L8_ONLY,1,RS,true,5,23267fc99b7ab26ac9ae59e05c32ed63a5ec778fd4f5a23f27bf084fea1c6ef1,57e3cf1c88fc4cdf9d6e0f544255a58bdf63808f12582237cc3df5e42533d358,1,0,20.635610580444336,20.63508131209528,True,True,AlphaEdit_BLUE_L8_ONLY
AlphaEdit_L8_ONLY,1,PS,new,1,68fb74e20a2f319724f156afdb0a5f9470feb0bcbacfa1f2ca998fa86adda627,94bb829fdfd7ec8c15cd151f74806197939d079e3ca34c10cd9d318af21a0da1,1,1,10.889361381530762,-2.962498188018799,False,True,AlphaEdit_BLUE_L8_ONLY
AlphaEdit_L8_ONLY,1,PS,new,2,b5bf10f0b7d29480034eeb57c95a2cbb3a94a9a6c8b83d7f0433fe898330c59d,d94000a5561dfe321ff0b26568720f5652e93bf1910b1757d38e9cf4faf1d4d4,1,0,10.164857864379883,4.453683853149414,True,True,AlphaEdit_BLUE_L8_ONLY
AlphaEdit_L8_ONLY,1,PS,new,3,b9016deff160e100027b2225e063f9f455756d79c4d46427a22c4001e0990b1e,f70209c4a0a5389aa9da7173a53c64296a6c901cade5554cecbc035787f2124b,1,1,9.659419059753418,-6.700057744979858,False,True,AlphaEdit_BLUE_L8_ONLY
AlphaEdit_L8_ONLY,1,PS,new,4,ad50671db539cca0a32451707008b13770ebfc60445d62d21271929ae7e0d95f,c35f4c5cf95f958bf1b8bf0ebd6af1fe186d1c4b2df6ffaf2a7c496bf7258979,1,1,9.559233665466309,0.48064613342285156,True,True,AlphaEdit_BLUE_L8_ONLY
AlphaEdit_L8_ONLY,1,PS,new,5,23267fc99b7ab26ac9ae59e05c32ed63a5ec778fd4f5a23f27bf084fea1c6ef1,77fa08029aaa72a276d12cccb95d5fcd38783d02609a2e28fb295618282b4ecb,1,0,9.53166389465332,-0.6003170013427734,False,True,AlphaEdit_BLUE_L8_ONLY
AlphaEdit_L8_ONLY,1,PS,true,1,4459b2909cef1e99ddfb4be233208753a4ed2f43343df6d5b4561c5e9ead51c9,aa2844be7f367f25face7c581c0f28661d491a0c8f63bd802e120eb229a05478,1,0,18.312847137451172,18.267139181494713,True,True,AlphaEdit_BLUE_L8_ONLY
AlphaEdit_L8_ONLY,1,PS,true,2,4459b2909cef1e99ddfb4be233208753a4ed2f43343df6d5b4561c5e9ead51c9,b5b9b4992c101937c7fb20dea5a1e59515937e7ddd9115498c2702fdab627e9d,1,1,17.730558395385742,17.65319748967886,True,True,AlphaEdit_BLUE_L8_ONLY
AlphaEdit_L8_ONLY,1,PS,true,3,6124d54cb3e09d7ea5a349d1248bc2867568e287a69b5e5ca8641c4e54ccadcf,8b809622d003fee266d3d2fa89624eaebd2647af745aae684d7493a67e6064c6,1,1,17.308725357055664,17.306183591019362,True,True,AlphaEdit_BLUE_L8_ONLY
AlphaEdit_L8_ONLY,1,PS,true,4,a190f309969254e596ecd014f3af561f319da5686715639d6962832ebe51942b,fb93a916a44885f905a827c5d84c28a05a0da4991b8b0e59597991c3a6c4b9b2,1,1,16.98952293395996,16.988590913359076,True,True,AlphaEdit_BLUE_L8_ONLY
AlphaEdit_L8_ONLY,1,PS,true,5,57fed2298c58938072ff40f273082f101e41c2b5d471e0f14e9a10a32caf3223,96eeea854229f21ef7b41c9b15de9d00c500666ce54b889dabc9c6ef17468aeb,1,1,16.95071792602539,16.949252963764593,True,True,AlphaEdit_BLUE_L8_ONLY
AlphaEdit_L8_ONLY,1,NS,new,1,c81b352b270b2e498256b5e24c726a039cd665477a83d71d95633340782782d4,29934bc60846741c680f72a6f0fa41d4ac12b9b8157c0202be1cd54cd5d08b89,1,1,23.818340301513672,-12.016256332397461,True,True,AlphaEdit_BLUE_L8_ONLY
AlphaEdit_L8_ONLY,1,NS,new,2,4ac2b92481a3f06f088153438d84170ffe48af1e2bff8055d276137e4e290ef0,3a4f1207d056d2935e97985daf6fd032c3893187ba01bd945fbae26325019449,1,5,22.227264404296875,-11.40908432006836,True,True,AlphaEdit_BLUE_L8_ONLY
AlphaEdit_L8_ONLY,1,NS,new,3,f4e136995556ee6cd941033ec5e69413743b393d9a5296b1a70bf81c5f9f2d23,04a9303fe697a44647a14d5999bf8269e897c4eac80c0f55f2b3d97bab6f400e,1,1,20.992868423461914,-7.8523406982421875,True,True,AlphaEdit_BLUE_L8_ONLY
AlphaEdit_L8_ONLY,1,NS,new,4,7af0d5719d69078a48d83de5be42a15791e0f56fbc3cbb4e8f3b5817b88a115b,bb232d496c9c8d951a403905136d939d1d9080ab08f0dbf3ed5b46eedc11e178,1,6,20.839292526245117,-15.655734539031982,True,True,AlphaEdit_BLUE_L8_ONLY
AlphaEdit_L8_ONLY,1,NS,new,5,4ac2b92481a3f06f088153438d84170ffe48af1e2bff8055d276137e4e290ef0,7ccef0504a6194f8ea7c39d16a5ff5421a03678a0626480bce33aedbde9dd55a,1,4,20.630985260009766,-9.799748420715332,True,True,AlphaEdit_BLUE_L8_ONLY
AlphaEdit_L8_ONLY,1,NS,true,1,5fe46e04994d11413f7a0b17bb2e12cb4ce78b5bd2770a9242dc465a50baa18f,f5f155accebf4965cdf515c566d42a08477c7a0a2e3676209af64b587ee98cc3,1,7,17.353683471679688,5.081571578979492,False,True,AlphaEdit_BLUE_L8_ONLY
AlphaEdit_L8_ONLY,1,NS,true,2,142472979dc6cfe2d4c0b44f3c1f6474f9657e6e2c8cc598f70bbcdb4815fec7,52fbe76c434293586da85f1a232c5f4e40873a6e3de7beb6c78a94a80ec19695,1,4,17.146591186523438,1.8076744079589844,False,True,AlphaEdit_BLUE_L8_ONLY
AlphaEdit_L8_ONLY,1,NS,true,3,ed357b3acfc8996fd83a52b09bb4e10449e60f403e3b287249524e613af115da,679d2ec64e63d1aa49d0d9c365f9bb6aca215a4a9b799b8dc9aeda3a9fc16e7c,1,7,16.384340286254883,-2.0956954956054688,True,True,AlphaEdit_BLUE_L8_ONLY
AlphaEdit_L8_ONLY,1,NS,true,4,23da7cbdb3fa4585f6d29153c16b5421d171a13222c8c6e73392dcab15fa7ae0,b772a44e8b107ed9ea753ac071878ba17aacfd98e28364ae7619494efe865648,1,3,15.555087089538574,-0.07801628112792969,True,True,AlphaEdit_BLUE_L8_ONLY
AlphaEdit_L8_ONLY,1,NS,true,5,c0f05a43ae2cffe9f74c5a1dc3d7b8b25b5f5da23b9c735674327f023e5d7384,ce83bf5a2207e2bf81685fd7324a79f4992845382f379e27a24b2341727696ac,1,7,15.48877239227295,5.6746826171875,False,True,AlphaEdit_BLUE_L8_ONLY
AlphaEdit_L8_ONLY,5,RS,new,1,297ffbe239f4c696484aea660cf99955ce3632bbb3bcc40ca2e42bd28286b48f,e78d5b54fa61635a4bfd96c93c3afadbfc078c4951d146f370bdde6e1c0b485e,1,0,1.7567100524902344,4.147270202636719,True,True,AlphaEdit_BLUE_L8_ONLY
AlphaEdit_L8_ONLY,5,RS,new,2,9110f470a27932ba7b53c098bf2b76bed3c5ebe0757f48fa56bad6fdba8cb2f4,97170bb02161bd4e097ceff356c151ad357cf65de772289ec85f664683937f57,2,0,1.011423945426941,0.4574146270751953,True,True,AlphaEdit_BLUE_L8_ONLY
AlphaEdit_L8_ONLY,5,RS,new,3,142472979dc6cfe2d4c0b44f3c1f6474f9657e6e2c8cc598f70bbcdb4815fec7,a2966672989fd0882ab224eb89fda551db4cd4386f509da0b860a076766d66cb,1,0,0.8939510583877563,14.725900053977966,True,True,AlphaEdit_BLUE_L8_ONLY
AlphaEdit_L8_ONLY,5,RS,new,4,762d531ad8492be9be95862ef6d480468134db155abec3bed9a3d96afd17b4e6,ab1767ff97e65864400048c9d37b1eec45d1d48719e70094237ff96a7cc764a3,2,0,0.3063197135925293,8.57899522781372,True,True,AlphaEdit_BLUE_L8_ONLY
AlphaEdit_L8_ONLY,5,RS,new,5,f97dc9594fc3b90a189a22d95d1d190d040a5701ffd3725b27622be0a06a3fd4,9a72b10f32d0fb53d890f6d3448f0f8353d2dd01c054dc385dcaa20e5a789979,2,0,0.1282956749200821,2.7423419803380966,True,True,AlphaEdit_BLUE_L8_ONLY
AlphaEdit_L8_ONLY,5,RS,true,1,30e4c02268d49ca010e3c62fcc2615da2fad4cf0c359eb8fedc0366739b34205,ea1daa1b3040a68310d2a667083d9585c2fb658f53ddb307818dc351a00fa508,4,0,26.040565490722656,26.040501596588,True,True,AlphaEdit_BLUE_L8_ONLY
AlphaEdit_L8_ONLY,5,RS,true,2,6f6a4e56098cfd9af29e3ae549503b370211a4e94421457fe4cfd39a38a1fa08,368aae0201c03c223d7beb7d2a70e85b4b48197322ea81aaf89b5eb3d73596ed,5,0,26.03430938720703,26.034020942344796,True,True,AlphaEdit_BLUE_L8_ONLY
AlphaEdit_L8_ONLY,5,RS,true,3,4eca3674d249df169724ce4c78ad73e98c6ce3805be4728f91e58fabf2b9b9c5,f8d3defa5c21abc719a4f2c82897cef00386ba0215f36a16aacb54f446aaeef0,3,0,25.302854537963867,25.302094986487646,True,True,AlphaEdit_BLUE_L8_ONLY
AlphaEdit_L8_ONLY,5,RS,true,4,ad50671db539cca0a32451707008b13770ebfc60445d62d21271929ae7e0d95f,8def2afb0fc5d2855e2b3d1f24c149882eae30bff76be70ec1d442a09168b854,1,0,25.268314361572266,25.268283248431544,True,True,AlphaEdit_BLUE_L8_ONLY
AlphaEdit_L8_ONLY,5,RS,true,5,327f057e054d1e6a9a1be4ac6acc4b1dedc63d8a88222396ffe98b3194067347,ba2780eb8da2c32605df3c9550fc7bef54f06ce6cfb33cceea7ab3a02347066b,5,0,25.165895462036133,25.16541182770743,True,True,AlphaEdit_BLUE_L8_ONLY
AlphaEdit_L8_ONLY,5,PS,new,1,1c5c834c927a24fc22228333db7249f958a30231366e6a94bfc4880ea26098c3,1862cbe0835ddf9513c2870ddaba45d325beb8de6053b8c4d1fca76c35d96904,3,0,16.589908599853516,-10.900557518005371,False,True,AlphaEdit_BLUE_L8_ONLY
AlphaEdit_L8_ONLY,5,PS,new,2,c4f531342c9623beed01c3b583b39f693869e05531bd4df05870a100539e4a4a,747667b98be79d541140ae8338584a35549639cb3c278f16288394a5a48f0e35,2,0,14.301709175109863,-3.62380313873291,False,True,AlphaEdit_BLUE_L8_ONLY
AlphaEdit_L8_ONLY,5,PS,new,3,abfd15f46882bba8300f1a15a9ef0ba84f8c5453c91cf6437805df1e4824fdf6,85327c59e79552b9d51afc7a3525bdfd7eb7cdf2dc28804bd9c8f5105216b1b4,5,1,14.107109069824219,-10.250702381134033,False,True,AlphaEdit_BLUE_L8_ONLY
AlphaEdit_L8_ONLY,5,PS,new,4,1c5c834c927a24fc22228333db7249f958a30231366e6a94bfc4880ea26098c3,34b0cb15e839645fe3da6090d68038e6280f1b0f39bbadc2a0dc424984785c96,3,1,13.932207107543945,-10.72789454460144,False,True,AlphaEdit_BLUE_L8_ONLY
AlphaEdit_L8_ONLY,5,PS,new,5,0ee8a4188cd4fa518a64f0af0d26dcd88756fe5dcf36bcb909368b10289967fb,189920192d0383b1585a0daa67c2a0246bfa6762a390579825b672e3f5e5a36b,3,1,13.447793006896973,-3.522153854370117,False,True,AlphaEdit_BLUE_L8_ONLY
AlphaEdit_L8_ONLY,5,PS,true,1,6f6a4e56098cfd9af29e3ae549503b370211a4e94421457fe4cfd39a38a1fa08,9b79a6cf4e74b9d5b7a7f44199a47ce6f983566f96fae330684dc75cf5c4072c,5,1,22.980751037597656,22.977329986635596,True,True,AlphaEdit_BLUE_L8_ONLY
AlphaEdit_L8_ONLY,5,PS,true,2,4eca3674d249df169724ce4c78ad73e98c6ce3805be4728f91e58fabf2b9b9c5,e82c853fe102269c890273a9e3e65fa6d0d3f0503ea6fa93fcc79127667561ee,3,0,22.694072723388672,22.691765944473445,True,True,AlphaEdit_BLUE_L8_ONLY
AlphaEdit_L8_ONLY,5,PS,true,3,743a06ae5392b3f1a2badd57698060d69725bfdd975d5d29b361b6624ac1cee7,b47c2aff339f10bb2199061647552bf3b9802b7ae8d413480734a06611d1c889,5,0,22.178085327148438,22.176099009346217,True,True,AlphaEdit_BLUE_L8_ONLY
AlphaEdit_L8_ONLY,5,PS,true,4,ec98fb8da41fa834a16c20a557e78830fdc8f194697ce1e5134cb5465ad6eb16,e17a95d1d948e81f5bda056f16dad3945d61d1418b023bcf882591495025a437,4,0,21.851673126220703,21.80203641206026,True,True,AlphaEdit_BLUE_L8_ONLY
AlphaEdit_L8_ONLY,5,PS,true,5,4eca3674d249df169724ce4c78ad73e98c6ce3805be4728f91e58fabf2b9b9c5,456c3b3672b90fadff92e6c82d1ab9a92f74a1787fcfd538a89a47d82c11b133,3,1,21.61402702331543,21.58589607477188,True,True,AlphaEdit_BLUE_L8_ONLY
AlphaEdit_L8_ONLY,5,NS,new,1,8a6d64d015b340bf191de4b2393106e3f79ef7ec2d5087bef1cd8e4fe0683bf8,b3c5a847ad24c0f50e52ccdacb9b3fbebfd2447a4613d2744b24ba1a3a3207ad,3,6,23.952959060668945,-19.68882131576538,True,True,AlphaEdit_BLUE_L8_ONLY
AlphaEdit_L8_ONLY,5,NS,new,2,c49eb5e7bb09a8e471441ed78fa006cbb96c24b221b12523d8ac63ecef1d81b0,9dab0ef67a61a21f40d484d2cd2ff475b212e8b0c21c0b176d6d39a369c4bca1,4,7,23.5168399810791,-16.178112030029297,True,True,AlphaEdit_BLUE_L8_ONLY
AlphaEdit_L8_ONLY,5,NS,new,3,4ac2b92481a3f06f088153438d84170ffe48af1e2bff8055d276137e4e290ef0,3a4f1207d056d2935e97985daf6fd032c3893187ba01bd945fbae26325019449,1,5,23.078166961669922,-11.955677032470703,True,True,AlphaEdit_BLUE_L8_ONLY
AlphaEdit_L8_ONLY,5,NS,new,4,c49eb5e7bb09a8e471441ed78fa006cbb96c24b221b12523d8ac63ecef1d81b0,e07c00dc2db4f087c9ecc9607f64c698330e3532a05c47c5ab2c9034b8f32ebb,4,6,22.81139373779297,-17.301899909973145,True,True,AlphaEdit_BLUE_L8_ONLY
AlphaEdit_L8_ONLY,5,NS,new,5,8a6d64d015b340bf191de4b2393106e3f79ef7ec2d5087bef1cd8e4fe0683bf8,0c9bcb432fc9b11da9ae8d42a1bd1f22c295a5f097eeba144d5f014dcf19049b,3,2,22.604007720947266,-13.323389053344727,True,True,AlphaEdit_BLUE_L8_ONLY
AlphaEdit_L8_ONLY,5,NS,true,1,57e430fc0915382a7d88c3a4939be83ed395cf9f35162aba1754f58a3263047a,e3c37e1870800188e3d6439a65a2eb6ff799ac114867b8ddfd9ea8356322c626,5,5,17.72229766845703,5.322787284851074,False,True,AlphaEdit_BLUE_L8_ONLY
AlphaEdit_L8_ONLY,5,NS,true,2,28d7cb84e4478bcf62862607cb23b3d4e8db948873d82ae78645ce45a4210dd6,5c81dedfdcd5d3bcb5518d38570b093bc1520b7390bbb1e94647d3ca3adde2cd,2,8,17.689634323120117,-1.4545249938964844,True,True,AlphaEdit_BLUE_L8_ONLY
AlphaEdit_L8_ONLY,5,NS,true,3,bb5df7e3650e7c1e86f6638c3ba2915958f195166420ace24084616ceee8800e,23a11c9c8b448c2ba5b398e45277f3ee9eb19daebbd2905115354dc86d48e3d8,4,0,17.668272018432617,-1.2212028503417969,True,True,AlphaEdit_BLUE_L8_ONLY
AlphaEdit_L8_ONLY,5,NS,true,4,bb5df7e3650e7c1e86f6638c3ba2915958f195166420ace24084616ceee8800e,763b067fe9370224dc419d62742ce9187fe0c6a4f2b1acf17a0380034510772e,4,7,17.4697322845459,3.8496999740600586,False,True,AlphaEdit_BLUE_L8_ONLY
AlphaEdit_L8_ONLY,5,NS,true,5,f837bce807410ac6f8b52fcee81a1ffaa2d7f77755861f2e6f2b482bff0f6fe9,76357216fa826048a610259add549c44af062a7e25f816a2c9459818cb3dfbb0,5,0,17.35980796813965,-1.5164070129394531,True,True,AlphaEdit_BLUE_L8_ONLY
AlphaEdit_L8_ONLY,10,RS,new,1,142472979dc6cfe2d4c0b44f3c1f6474f9657e6e2c8cc598f70bbcdb4815fec7,a2966672989fd0882ab224eb89fda551db4cd4386f509da0b860a076766d66cb,1,0,7.626430511474609,7.872501373291016,True,True,AlphaEdit_BLUE_L8_ONLY
AlphaEdit_L8_ONLY,10,RS,new,2,ed357b3acfc8996fd83a52b09bb4e10449e60f403e3b287249524e613af115da,0e02d53c8fb42653e75c93187072c309f253e254c742bbe58f46b883d9c1c72d,1,0,7.003642559051514,-4.4392991065979,False,True,AlphaEdit_BLUE_L8_ONLY
AlphaEdit_L8_ONLY,10,RS,new,3,9110f470a27932ba7b53c098bf2b76bed3c5ebe0757f48fa56bad6fdba8cb2f4,97170bb02161bd4e097ceff356c151ad357cf65de772289ec85f664683937f57,2,0,5.842196464538574,-2.6739156246185303,False,True,AlphaEdit_BLUE_L8_ONLY
AlphaEdit_L8_ONLY,10,RS,new,4,762d531ad8492be9be95862ef6d480468134db155abec3bed9a3d96afd17b4e6,ab1767ff97e65864400048c9d37b1eec45d1d48719e70094237ff96a7cc764a3,2,0,5.126992702484131,1.6743574142456055,True,True,AlphaEdit_BLUE_L8_ONLY
AlphaEdit_L8_ONLY,10,RS,new,5,f97dc9594fc3b90a189a22d95d1d190d040a5701ffd3725b27622be0a06a3fd4,9a72b10f32d0fb53d890f6d3448f0f8353d2dd01c054dc385dcaa20e5a789979,2,0,3.8664462566375732,-2.665363311767578,False,True,AlphaEdit_BLUE_L8_ONLY
AlphaEdit_L8_ONLY,10,RS,true,1,bd7534f063593d4e6d6e5d9e92f87c82464894749a1659f666a83c4dcd319513,62df752ace19fec4121593cec6b25ee6531510a978d120d2af0fa06e8fe043d6,9,0,27.365610122680664,27.36546886965516,True,True,AlphaEdit_BLUE_L8_ONLY
AlphaEdit_L8_ONLY,10,RS,true,2,f25559695068559690713e6a5884e2b8370ac29e158df3a49d0c9ddd6c8fff76,3fbfa03b4e71d52e47eb9afea42b59500c02dace62478ddd81400cbd3d923b3d,8,0,27.062911987304688,27.062779792933725,True,True,AlphaEdit_BLUE_L8_ONLY
AlphaEdit_L8_ONLY,10,RS,true,3,5144452d57161b05db34b8492bb9503439d5f72b1a834b7487a5477c6897da4b,baa79764877e012327439c31db47e54e855c8119c67f6d6ae470bbe1cd9d5a6b,7,0,25.45319366455078,25.45314693560067,True,True,AlphaEdit_BLUE_L8_ONLY
AlphaEdit_L8_ONLY,10,RS,true,4,327f057e054d1e6a9a1be4ac6acc4b1dedc63d8a88222396ffe98b3194067347,ba2780eb8da2c32605df3c9550fc7bef54f06ce6cfb33cceea7ab3a02347066b,5,0,25.29034996032715,25.290197026508395,True,True,AlphaEdit_BLUE_L8_ONLY
AlphaEdit_L8_ONLY,10,RS,true,5,30e4c02268d49ca010e3c62fcc2615da2fad4cf0c359eb8fedc0366739b34205,ea1daa1b3040a68310d2a667083d9585c2fb658f53ddb307818dc351a00fa508,4,0,25.022846221923828,25.02276873889059,True,True,AlphaEdit_BLUE_L8_ONLY
AlphaEdit_L8_ONLY,10,PS,new,1,1c5c834c927a24fc22228333db7249f958a30231366e6a94bfc4880ea26098c3,1862cbe0835ddf9513c2870ddaba45d325beb8de6053b8c4d1fca76c35d96904,3,0,19.5980167388916,-12.982372760772705,False,True,AlphaEdit_BLUE_L8_ONLY
AlphaEdit_L8_ONLY,10,PS,new,2,abfd15f46882bba8300f1a15a9ef0ba84f8c5453c91cf6437805df1e4824fdf6,85327c59e79552b9d51afc7a3525bdfd7eb7cdf2dc28804bd9c8f5105216b1b4,5,1,17.922016143798828,-13.812391757965088,False,True,AlphaEdit_BLUE_L8_ONLY
AlphaEdit_L8_ONLY,10,PS,new,3,d0541665ae524cf19488eba81b94b2b2985b35b52e90f4c0ca90ba0a1cbc99a9,afa16d5a77611a5a87ed12dd7f579dc2757b67c170e7c582a4284991a1dfe4e1,8,1,17.172224044799805,-1.1508369445800781,False,True,AlphaEdit_BLUE_L8_ONLY
AlphaEdit_L8_ONLY,10,PS,new,4,c4f531342c9623beed01c3b583b39f693869e05531bd4df05870a100539e4a4a,747667b98be79d541140ae8338584a35549639cb3c278f16288394a5a48f0e35,2,0,14.888306617736816,-3.3351993560791016,False,True,AlphaEdit_BLUE_L8_ONLY
AlphaEdit_L8_ONLY,10,PS,new,5,1c5c834c927a24fc22228333db7249f958a30231366e6a94bfc4880ea26098c3,34b0cb15e839645fe3da6090d68038e6280f1b0f39bbadc2a0dc424984785c96,3,1,14.840542793273926,-11.144088983535767,False,True,AlphaEdit_BLUE_L8_ONLY
AlphaEdit_L8_ONLY,10,PS,true,1,6f6a4e56098cfd9af29e3ae549503b370211a4e94421457fe4cfd39a38a1fa08,9b79a6cf4e74b9d5b7a7f44199a47ce6f983566f96fae330684dc75cf5c4072c,5,1,23.924041748046875,23.91988023975864,True,True,AlphaEdit_BLUE_L8_ONLY
AlphaEdit_L8_ONLY,10,PS,true,2,4eca3674d249df169724ce4c78ad73e98c6ce3805be4728f91e58fabf2b9b9c5,456c3b3672b90fadff92e6c82d1ab9a92f74a1787fcfd538a89a47d82c11b133,3,1,23.198442459106445,23.186932185664773,True,True,AlphaEdit_BLUE_L8_ONLY
AlphaEdit_L8_ONLY,10,PS,true,3,4eca3674d249df169724ce4c78ad73e98c6ce3805be4728f91e58fabf2b9b9c5,e82c853fe102269c890273a9e3e65fa6d0d3f0503ea6fa93fcc79127667561ee,3,0,22.96504020690918,22.960172361228615,True,True,AlphaEdit_BLUE_L8_ONLY
AlphaEdit_L8_ONLY,10,PS,true,4,a5ccb1c538e34663a658b1be28b16455ee5285efb10e6f1d4caba1f69ec9782b,977b6bedf8c0b0e7f9d2ef76128944608d999753170decf3cb90e83f3c83f0b1,8,1,22.706125259399414,22.70405840035528,True,True,AlphaEdit_BLUE_L8_ONLY
AlphaEdit_L8_ONLY,10,PS,true,5,5e301268b40c29319ec67cf906d3a15a401835e5e5909a8bc713d7b482588091,423eefd1fab8ff76f6151bd261cddefb2bc83ac1f9ea7d84f9eb608674a5a352,10,0,21.86747932434082,21.867431045742705,True,True,AlphaEdit_BLUE_L8_ONLY
AlphaEdit_L8_ONLY,10,NS,new,1,c7f3d40b7198444d41b82295cfce5f9eb721f69041e9d6c6262bbefbaea15f7f,5cd43ccde697907508919d2ffe42bf0f3f5d0b5839e282106e175b5d06cf6c29,7,7,24.68258285522461,-3.92486572265625,True,True,AlphaEdit_BLUE_L8_ONLY
AlphaEdit_L8_ONLY,10,NS,new,2,c0650c2d13bc4962def4abddf5a0f65860ed3683cbd5b45b39cc2de130a17bc3,8753edc352be22be0175d758e1337ecc5f7b6b4a4d341837945eaadccafad82d,9,0,24.019718170166016,-1.3571815490722656,True,True,AlphaEdit_BLUE_L8_ONLY
AlphaEdit_L8_ONLY,10,NS,new,3,082b86d1dabd04fc183939f3ff890a6406533b5638c62532859a292dc2daf49f,34db6c4b07c46ad44ef43035f3d940d19befd63f75fc1dcbc244a15cd752076e,9,8,23.113990783691406,-5.1232452392578125,True,True,AlphaEdit_BLUE_L8_ONLY
AlphaEdit_L8_ONLY,10,NS,new,4,b3282a2f2a28757b3a18ab833de16a9c54518c0b0cf493e3f0a7cf09386f326a,60930e0a47063caa0ce9302ef12d8a34067149733549e1cbbabdb0cdb714798c,10,1,23.11161231994629,-21.96681261062622,True,True,AlphaEdit_BLUE_L8_ONLY
AlphaEdit_L8_ONLY,10,NS,new,5,8a6d64d015b340bf191de4b2393106e3f79ef7ec2d5087bef1cd8e4fe0683bf8,b3c5a847ad24c0f50e52ccdacb9b3fbebfd2447a4613d2744b24ba1a3a3207ad,3,6,23.02798080444336,-17.009722232818604,True,True,AlphaEdit_BLUE_L8_ONLY
AlphaEdit_L8_ONLY,10,NS,true,1,c0650c2d13bc4962def4abddf5a0f65860ed3683cbd5b45b39cc2de130a17bc3,8753edc352be22be0175d758e1337ecc5f7b6b4a4d341837945eaadccafad82d,9,0,22.66253662109375,-1.3571815490722656,True,True,AlphaEdit_BLUE_L8_ONLY
AlphaEdit_L8_ONLY,10,NS,true,2,5fab5bd05f98260a1f33ff741eee56f962974eae8eba07a27b24ad12458a8d45,a8346cff61efcc51560112d3d83af1076459131ed101086909d8e803f3b3070c,1,8,21.693954467773438,3.654022216796875,False,True,AlphaEdit_BLUE_L8_ONLY
AlphaEdit_L8_ONLY,10,NS,true,3,c7f3d40b7198444d41b82295cfce5f9eb721f69041e9d6c6262bbefbaea15f7f,5cd43ccde697907508919d2ffe42bf0f3f5d0b5839e282106e175b5d06cf6c29,7,7,20.75771713256836,-3.92486572265625,True,True,AlphaEdit_BLUE_L8_ONLY
AlphaEdit_L8_ONLY,10,NS,true,4,053d7b9eef98fc6535d336b9448f57daf090a9335c002091bb6a8ff6d356239a,e63b2fcb997ce7099b4f11b5cd7450c022a07ed985f390271dda100421ab8313,2,0,20.3524112701416,1.2130794525146484,False,True,AlphaEdit_BLUE_L8_ONLY
AlphaEdit_L8_ONLY,10,NS,true,5,4ac2b92481a3f06f088153438d84170ffe48af1e2bff8055d276137e4e290ef0,0f2faddc46b0a8bd9be7a7b456a8417f212093f7dd573c778b521984ccc39f0b,1,7,20.13418197631836,2.8662948608398438,False,True,AlphaEdit_BLUE_L8_ONLY
AlphaEdit_L8_ONLY,20,RS,new,1,762d531ad8492be9be95862ef6d480468134db155abec3bed9a3d96afd17b4e6,ab1767ff97e65864400048c9d37b1eec45d1d48719e70094237ff96a7cc764a3,2,0,14.13485336303711,-6.469906330108643,False,True,AlphaEdit_BLUE_L8_ONLY
AlphaEdit_L8_ONLY,20,RS,new,2,142472979dc6cfe2d4c0b44f3c1f6474f9657e6e2c8cc598f70bbcdb4815fec7,a2966672989fd0882ab224eb89fda551db4cd4386f509da0b860a076766d66cb,1,0,12.962671279907227,2.6555709838867188,True,True,AlphaEdit_BLUE_L8_ONLY
AlphaEdit_L8_ONLY,20,RS,new,3,f97dc9594fc3b90a189a22d95d1d190d040a5701ffd3725b27622be0a06a3fd4,9a72b10f32d0fb53d890f6d3448f0f8353d2dd01c054dc385dcaa20e5a789979,2,0,8.431899070739746,-6.002846956253052,False,True,AlphaEdit_BLUE_L8_ONLY
AlphaEdit_L8_ONLY,20,RS,new,4,053d7b9eef98fc6535d336b9448f57daf090a9335c002091bb6a8ff6d356239a,f8d45166486812182556947a4f6f73be0408fb723d11473ca6d85eddb765a62c,2,0,8.351484298706055,2.2319135665893555,True,True,AlphaEdit_BLUE_L8_ONLY
AlphaEdit_L8_ONLY,20,RS,new,5,5fab5bd05f98260a1f33ff741eee56f962974eae8eba07a27b24ad12458a8d45,9db0245497d04953ba9ef8cebc6c5db9f755c8dc4f491a98273bca288a2197ff,1,0,7.777674674987793,0.9284791946411133,True,True,AlphaEdit_BLUE_L8_ONLY
AlphaEdit_L8_ONLY,20,RS,true,1,408934a96ee62e5cd27af4b663eb3205796eac61b990777b72db420c8ebbd32a,0ac39529e2db44e4b3569936162bd8c110a7d6b072e93b6ffdb5e191522774ab,16,0,28.865942001342773,28.865584437415237,True,True,AlphaEdit_BLUE_L8_ONLY
AlphaEdit_L8_ONLY,20,RS,true,2,481d60bc802f51580e81af5dc1c0534d6eb255fcbb82bdaf646e8549b7cce4f3,04e3f112b66c6a075812122914206a4636a81153f5568945454f42508683d811,20,0,27.3331356048584,27.332658166444162,True,True,AlphaEdit_BLUE_L8_ONLY
AlphaEdit_L8_ONLY,20,RS,true,3,bd7534f063593d4e6d6e5d9e92f87c82464894749a1659f666a83c4dcd319513,62df752ace19fec4121593cec6b25ee6531510a978d120d2af0fa06e8fe043d6,9,0,26.980833053588867,26.980674279417144,True,True,AlphaEdit_BLUE_L8_ONLY
AlphaEdit_L8_ONLY,20,RS,true,4,327f057e054d1e6a9a1be4ac6acc4b1dedc63d8a88222396ffe98b3194067347,ba2780eb8da2c32605df3c9550fc7bef54f06ce6cfb33cceea7ab3a02347066b,5,0,26.39723014831543,26.397153976482514,True,True,AlphaEdit_BLUE_L8_ONLY
AlphaEdit_L8_ONLY,20,RS,true,5,a7fc04e4c6f7823a3ccbd1dd99a7300ded02962e8b259da67fe0af937903eed5,f6c2b790c76626985a4b88e8515fdf5361d036e872d9e870478e96b17ad182a6,17,0,26.29918670654297,26.298685199639294,True,True,AlphaEdit_BLUE_L8_ONLY
AlphaEdit_L8_ONLY,20,PS,new,1,1c5c834c927a24fc22228333db7249f958a30231366e6a94bfc4880ea26098c3,1862cbe0835ddf9513c2870ddaba45d325beb8de6053b8c4d1fca76c35d96904,3,0,19.723464965820312,-9.986187934875488,False,True,AlphaEdit_BLUE_L8_ONLY
AlphaEdit_L8_ONLY,20,PS,new,2,060c3727b518f92a884410ec6df801b7fb267a7d49afa123a17f8ef921d15c0b,9d8b36c4c653cc92f4bf506724cb3593d9b70ba98f4a5ba34c70f5b9dd2db4b4,20,1,16.726669311523438,-6.430302619934082,False,True,AlphaEdit_BLUE_L8_ONLY
AlphaEdit_L8_ONLY,20,PS,new,3,c49eb5e7bb09a8e471441ed78fa006cbb96c24b221b12523d8ac63ecef1d81b0,fbcf00692855bb2ad72d99ca2f744e8a178063e10252d068b86b37df35514c3b,4,0,16.274797439575195,-6.865312576293945,False,True,AlphaEdit_BLUE_L8_ONLY
AlphaEdit_L8_ONLY,20,PS,new,4,b1cba45079f1230881954a0d5653c20fcc9484eb89a89246c7518273c81babbe,861c8f0fdef0d9e33d0579270144017600e57e8cf2bc7db4a2cc2ff442319636,1,1,15.994783401489258,-2.177462577819824,False,True,AlphaEdit_BLUE_L8_ONLY
AlphaEdit_L8_ONLY,20,PS,new,5,2a7185fd600ecd7bd4b998bc7dbf460bd0dd2f1b9529ebdf0f662a48be746642,369c728ac04ab11ea70d7ece1b253e43ee384c7719daac1bcffe7ac0d946b958,16,1,15.983610153198242,-0.6719932556152344,False,True,AlphaEdit_BLUE_L8_ONLY
AlphaEdit_L8_ONLY,20,PS,true,1,3cb61bd54efffe4667cabc611412d47dd675d7b96eb7913bdf2354b0b4152305,f2c2bec6983533a11ec96e9355eb533cfd2edc384d9063959d10c46a13c23c72,13,0,26.16542625427246,26.16416224290151,True,True,AlphaEdit_BLUE_L8_ONLY
AlphaEdit_L8_ONLY,20,PS,true,2,364945ecf18d22055b7b50cb645cd6138cdef0c76790b8aa0737fe4f5ecc6cd5,1c0d5ce06b684fea451bb379e7fb244f69fbde65f3b1afcf55331de8e311f099,12,0,25.453798294067383,25.4532042122446,True,True,AlphaEdit_BLUE_L8_ONLY
AlphaEdit_L8_ONLY,20,PS,true,3,408934a96ee62e5cd27af4b663eb3205796eac61b990777b72db420c8ebbd32a,e24829493e710c22db13726f4b82079402895021a1befed82e78dee73e58a3c6,16,1,24.129011154174805,24.128001008182764,True,True,AlphaEdit_BLUE_L8_ONLY
AlphaEdit_L8_ONLY,20,PS,true,4,a5ccb1c538e34663a658b1be28b16455ee5285efb10e6f1d4caba1f69ec9782b,977b6bedf8c0b0e7f9d2ef76128944608d999753170decf3cb90e83f3c83f0b1,8,1,23.928485870361328,23.907791459932923,True,True,AlphaEdit_BLUE_L8_ONLY
AlphaEdit_L8_ONLY,20,PS,true,5,a7fc04e4c6f7823a3ccbd1dd99a7300ded02962e8b259da67fe0af937903eed5,66117781732683e74ab0f23ae44f01e650d1b212fbf01cee42c9fc4b49685033,17,1,23.699424743652344,23.69411201402545,True,True,AlphaEdit_BLUE_L8_ONLY
AlphaEdit_L8_ONLY,20,NS,new,1,924e2ab452b703951ac545a9b7aefbab7731932662ef2591c5a672355dffa11b,b227739f6a1a0d878d3d1c36e171870fa70005c00b913cad0c6d1afdd17fce5f,5,5,24.40382194519043,-5.976709365844727,True,True,AlphaEdit_BLUE_L8_ONLY
AlphaEdit_L8_ONLY,20,NS,new,2,48cd786072b453b39f869bd2fba370de71c81263d551ea761d7c56252ac2ed82,b867e4d5235a0b81d07d35c9e261770132b8d24ef43f88ab1c20c4a011023a6f,7,1,24.40382194519043,-5.9766998291015625,True,True,AlphaEdit_BLUE_L8_ONLY
AlphaEdit_L8_ONLY,20,NS,new,3,b3282a2f2a28757b3a18ab833de16a9c54518c0b0cf493e3f0a7cf09386f326a,ed5f693587d1208dd6dd3a8dd3152778cfe559e7d4736fbe6a274e919058cff1,10,6,23.19189453125,-21.661086559295654,True,True,AlphaEdit_BLUE_L8_ONLY
AlphaEdit_L8_ONLY,20,NS,new,4,1c5c834c927a24fc22228333db7249f958a30231366e6a94bfc4880ea26098c3,a9628577d510c6ea2e8d9c47383f7ac411b53cc1550e7d48ddf744ff00f03584,3,5,23.13881492614746,-7.4338178634643555,True,True,AlphaEdit_BLUE_L8_ONLY
AlphaEdit_L8_ONLY,20,NS,new,5,b3282a2f2a28757b3a18ab833de16a9c54518c0b0cf493e3f0a7cf09386f326a,111185bffe5e2eb0bb495c80ddd9ba0aa6b375eb7faca5cb819424013aef58bd,10,4,22.860851287841797,-14.249860763549805,True,True,AlphaEdit_BLUE_L8_ONLY
AlphaEdit_L8_ONLY,20,NS,true,1,6a08be905c07ded3713160b34dd175d9f8c74ae09321b2187066026818717e7e,ad818f3b8f48df7f81ed62a8c8cdad3bd8d7512d4ed19be780ab74c25da9de98,15,8,25.266437530517578,6.105430603027344,False,True,AlphaEdit_BLUE_L8_ONLY
AlphaEdit_L8_ONLY,20,NS,true,2,1219bf7ef233f04506fd19179a7dcc4c43026cbf4cafe56c6b1aee5d057e6944,279574e6db05bf0d3760ae3574537cc786433a48b38390219c5c4119e89f8f5d,11,9,21.880002975463867,10.771120071411133,False,True,AlphaEdit_BLUE_L8_ONLY
AlphaEdit_L8_ONLY,20,NS,true,3,4ac2b92481a3f06f088153438d84170ffe48af1e2bff8055d276137e4e290ef0,0f2faddc46b0a8bd9be7a7b456a8417f212093f7dd573c778b521984ccc39f0b,1,7,21.664113998413086,3.227903366088867,False,True,AlphaEdit_BLUE_L8_ONLY
AlphaEdit_L8_ONLY,20,NS,true,4,7aa074c6312c40976579881fd99fef763d4f38d5817b853317cdd7ffbe8e28b3,ec3d8ae22627b2167d83f11aa9b922b26c1e8e829e8bc4872e3b624d6fcd636a,17,7,21.110374450683594,9.555399894714355,False,True,AlphaEdit_BLUE_L8_ONLY
AlphaEdit_L8_ONLY,20,NS,true,5,f1139f1ee9124175e32dfa4530867356624a481cee89ca822c4197f0eeb4a172,748bc1934d3bb0f2efd261d0d555634cd9f76e164a2af1db30a1aa2ce89f812b,11,8,20.86824607849121,20.868201495210087,False,True,AlphaEdit_BLUE_L8_ONLY
AlphaEdit_L8_ONLY,30,RS,new,1,bfead4126b30a05a8d04b1ef03072c9ff16cc3d1629ba84eecea86d9ead2b149,47cff84dc225331fe2ce344ee5924ae03226eef581f7847b53b0beafd2a717d4,11,0,17.46332550048828,-0.6767978668212891,False,True,AlphaEdit_BLUE_L8_ONLY
AlphaEdit_L8_ONLY,30,RS,new,2,b1c92bf6fb924d35a3395bd9662353ed20a664c278a7cc2086671f5fc331267c,221648e29d55a2f58dd739f1142da84d84a006196ed5bec9ed5478c34aab50f5,7,0,16.826416015625,1.290121078491211,True,True,AlphaEdit_BLUE_L8_ONLY
AlphaEdit_L8_ONLY,30,RS,new,3,15acd5fc8aa2e02b6786459c50ace135ca7c65864057cb39acfa4d83327a5aac,635da9284dd74d93bf34ba611d864f3f5476e7e592699d800384799563cf1807,5,0,16.305606842041016,-0.3805246353149414,False,True,AlphaEdit_BLUE_L8_ONLY
AlphaEdit_L8_ONLY,30,RS,new,4,612eeab9024bfb733a1bb626524d40d7ace1c637097bf76d36d9395e269f4170,82e67c5d244439541c3d2e2107793b02572ba71dfef19daa98ebb986ae0b79f5,3,0,16.213703155517578,1.4844894409179688,True,True,AlphaEdit_BLUE_L8_ONLY
AlphaEdit_L8_ONLY,30,RS,new,5,762d531ad8492be9be95862ef6d480468134db155abec3bed9a3d96afd17b4e6,ab1767ff97e65864400048c9d37b1eec45d1d48719e70094237ff96a7cc764a3,2,0,15.4935302734375,-8.654114723205566,False,True,AlphaEdit_BLUE_L8_ONLY
AlphaEdit_L8_ONLY,30,RS,true,1,59fefacb1435ff4908656175f679fedcde6eb4a8363d766f72c5218f36adff25,4653404a21b2d89d26ffdf16f120ad7c640badec4b76ccb5a789ab0e0a8d71dd,30,0,31.503154754638672,31.502242504560854,True,True,AlphaEdit_BLUE_L8_ONLY
AlphaEdit_L8_ONLY,30,RS,true,2,6b384b49a0085a160c3fcae7b9186c9dabd0d43190d5b8593ec0c3706d4f867c,c6681e1df1a7fd28731743d1984838b4e53677a9466b6d851720cb88e8df27cb,30,0,27.78897476196289,27.788727552455384,True,True,AlphaEdit_BLUE_L8_ONLY
AlphaEdit_L8_ONLY,30,RS,true,3,a7fc04e4c6f7823a3ccbd1dd99a7300ded02962e8b259da67fe0af937903eed5,f6c2b790c76626985a4b88e8515fdf5361d036e872d9e870478e96b17ad182a6,17,0,27.24527359008789,27.24503460402775,True,True,AlphaEdit_BLUE_L8_ONLY
AlphaEdit_L8_ONLY,30,RS,true,4,2c7881a5e706e7ad13217ab8e9dc6da1f5f8e96e2c45ed0244437477d09432d2,17039b4a46d0348b8766c4ab368edc3e862bba9191d04f8f1dc44d83d178ecac,26,0,27.146570205688477,27.1464867626637,True,True,AlphaEdit_BLUE_L8_ONLY
AlphaEdit_L8_ONLY,30,RS,true,5,fdbf17ddf70417d8c2d60f287cacfcf9b30253342d47dda21654dcf481827f30,284b59b0fa5bb15285e78a300f04e3c580564bc30cc40e739c13bbe718f58a1b,23,0,27.1119327545166,27.111810572459945,True,True,AlphaEdit_BLUE_L8_ONLY
AlphaEdit_L8_ONLY,30,PS,new,1,553db86ec67aec2f7e1bcab2753676d75f1610d8e62cf67f33314e39eaa1ad17,fdef52a64f1071b2573bf1d7802654aa1abce746c5d1a36ebfe86c997a1a89f9,21,0,21.49591064453125,-3.6307411193847656,False,True,AlphaEdit_BLUE_L8_ONLY
AlphaEdit_L8_ONLY,30,PS,new,2,0f43d4158f76017edd9dec73207128cacada676dfc759b596aac2528d21df685,b99b04c00c94023e24657e357f0f9e6917ca4a6d7b3c26c4544c691136ab0579,6,0,20.98287582397461,0.6112079620361328,True,True,AlphaEdit_BLUE_L8_ONLY
AlphaEdit_L8_ONLY,30,PS,new,3,eb0a1b533c11531f4dd7b5a6dbee601bc986a9058ee057fc9e287457dd04047c,b27b1dd0c6f185c505f2cf33181e3dbe0c81e7880fcc161fc8346ff1138091c0,21,1,20.618009567260742,-2.535676956176758,False,True,AlphaEdit_BLUE_L8_ONLY
AlphaEdit_L8_ONLY,30,PS,new,4,18555c2d2c9e8c63d085dc91c61044bfa9f13696209a8110a744feda7645079e,cb4cd201d6b72d0cb51fafc9d8c42140fbf6e7fedaf9663da64954e1a848f08e,18,1,19.34857749938965,-4.039186477661133,False,True,AlphaEdit_BLUE_L8_ONLY
AlphaEdit_L8_ONLY,30,PS,new,5,58cae918d90673522d3bab50c98db336cbf00178e37cf7c5932be307056c88e7,a81f925eac00f8a5cff59f5d45fdd8bfc4f2fd5bbc4fb63de80899bc568111c2,25,1,19.263715744018555,-5.032510757446289,False,True,AlphaEdit_BLUE_L8_ONLY
AlphaEdit_L8_ONLY,30,PS,true,1,3cb61bd54efffe4667cabc611412d47dd675d7b96eb7913bdf2354b0b4152305,f2c2bec6983533a11ec96e9355eb533cfd2edc384d9063959d10c46a13c23c72,13,0,25.97709083557129,25.96798182465136,True,True,AlphaEdit_BLUE_L8_ONLY
AlphaEdit_L8_ONLY,30,PS,true,2,a5ccb1c538e34663a658b1be28b16455ee5285efb10e6f1d4caba1f69ec9782b,977b6bedf8c0b0e7f9d2ef76128944608d999753170decf3cb90e83f3c83f0b1,8,1,24.353622436523438,24.352308421744965,True,True,AlphaEdit_BLUE_L8_ONLY
AlphaEdit_L8_ONLY,30,PS,true,3,fa14177451d0cce32ab0bf1fd8bb89cfbccbca72d80d47907ca153aa2762161b,b4bc921d47826d02f3a2fc34242b3c800d398d37f4bee7ff1f67635033946fdb,28,0,24.188024520874023,24.186931611504406,True,True,AlphaEdit_BLUE_L8_ONLY
AlphaEdit_L8_ONLY,30,PS,true,4,bc9cb70614a900fcf9d9a351fe3d77bf23d1e7da77ee0b4d51393b83ece087d6,9fbfda07c316d5ef80cdd2a551ed58a91bfd2139c14ad748b6cd532f4ca1234a,22,0,23.80522346496582,23.803518319386058,True,True,AlphaEdit_BLUE_L8_ONLY
AlphaEdit_L8_ONLY,30,PS,true,5,ec2f9154aeff6c7f72d9f9325c186f73ba98525a6a548a3ae385e9d1e8bf30d5,185f8de62575ba1105b27a95e7a4f6fc66b58c225ff560d01dbccb2951360326,22,1,23.601736068725586,23.594173962716013,True,True,AlphaEdit_BLUE_L8_ONLY
AlphaEdit_L8_ONLY,30,NS,new,1,75bae64a11d6ea6530544e19c2eebfbc944cd3eddf8e0d0873fbfc8373ee0e50,65428b51bdbbaa6aa19c3b2d1d3f40c1c3125ae6777d87350cfe3ee85001375f,23,6,25.607563018798828,-7.10028076171875,True,True,AlphaEdit_BLUE_L8_ONLY
AlphaEdit_L8_ONLY,30,NS,new,2,3ffe579ebf29b1ed14d3bb9600cb666fa8c368f6017348730eb51793ebee846b,42dde69365464aabe8aaa01af5f776de64cc71a036bfe2e88ad07fa78d50e2c6,29,7,24.871980667114258,-24.85851172544062,True,True,AlphaEdit_BLUE_L8_ONLY
AlphaEdit_L8_ONLY,30,NS,new,3,00cc75b3c354bd864d646cc1a790268c33916bd2a32b78b502151640596f7702,dc81d9b3fdcb9e1418e8d251cf76ab0e6beff97ad9aa994e9412fe5103ae100b,24,0,23.802474975585938,-5.872200012207031,True,True,AlphaEdit_BLUE_L8_ONLY
AlphaEdit_L8_ONLY,30,NS,new,4,d7bf868887161884a7d5f05c26e5d257c4b7a64772406b70837390dc24d735d7,10889ead2eda3e4096656d7a4dab3c2732bcf3e1aa9d7f51a8e330acafb6ffaa,14,4,23.092294692993164,-10.44615650177002,True,True,AlphaEdit_BLUE_L8_ONLY
AlphaEdit_L8_ONLY,30,NS,new,5,c49eb5e7bb09a8e471441ed78fa006cbb96c24b221b12523d8ac63ecef1d81b0,e07c00dc2db4f087c9ecc9607f64c698330e3532a05c47c5ab2c9034b8f32ebb,4,6,22.898250579833984,-13.666190147399902,True,True,AlphaEdit_BLUE_L8_ONLY
AlphaEdit_L8_ONLY,30,NS,true,1,6a08be905c07ded3713160b34dd175d9f8c74ae09321b2187066026818717e7e,ad818f3b8f48df7f81ed62a8c8cdad3bd8d7512d4ed19be780ab74c25da9de98,15,8,27.106935501098633,8.84124755859375,False,True,AlphaEdit_BLUE_L8_ONLY
AlphaEdit_L8_ONLY,30,NS,true,2,340799d186c8195376d2cf6a756516a830ffc5feac81996d8b4e6d62d30d214b,5bc19145efda8f664a126c63d506c0ceb777d7fde5e7a32b29a3b980f661583a,9,9,24.581003189086914,15.591209411621094,False,True,AlphaEdit_BLUE_L8_ONLY
AlphaEdit_L8_ONLY,30,NS,true,3,340799d186c8195376d2cf6a756516a830ffc5feac81996d8b4e6d62d30d214b,666bbd1acc5ed1d9bce1595ebff674c1c6b6900c92763c0e776c1f0f92c60fb3,9,5,23.880693435668945,15.554491996765137,False,True,AlphaEdit_BLUE_L8_ONLY
AlphaEdit_L8_ONLY,30,NS,true,4,340799d186c8195376d2cf6a756516a830ffc5feac81996d8b4e6d62d30d214b,7fe72b18b85f957381093e6073d5e941c921360d18c89c380b7983fc2b2c89b9,9,6,23.792627334594727,10.3646240234375,False,True,AlphaEdit_BLUE_L8_ONLY
AlphaEdit_L8_ONLY,30,NS,true,5,c837649cce43f2729138e72cc315207057ac82599a59be72765a477f22d14a54,352a94870dfd3e58e8d707f22d831c7785062a7a9bdb5409e6f3fe86ac3c78c8,14,4,23.61076545715332,5.673196792602539,False,True,AlphaEdit_BLUE_L8_ONLY
AlphaEdit_L8_ONLY,40,RS,new,1,762d531ad8492be9be95862ef6d480468134db155abec3bed9a3d96afd17b4e6,ab1767ff97e65864400048c9d37b1eec45d1d48719e70094237ff96a7cc764a3,2,0,19.871347427368164,-12.304542541503906,False,True,AlphaEdit_BLUE_L8_ONLY
AlphaEdit_L8_ONLY,40,RS,new,2,142472979dc6cfe2d4c0b44f3c1f6474f9657e6e2c8cc598f70bbcdb4815fec7,a2966672989fd0882ab224eb89fda551db4cd4386f509da0b860a076766d66cb,1,0,14.515142440795898,2.833955764770508,True,True,AlphaEdit_BLUE_L8_ONLY
AlphaEdit_L8_ONLY,40,RS,new,3,618dd2c82346f223f482616b7d919335639c543efd95b712a2e8ebeafadcf85a,e3451527217a6e497c40a22d1160c476be5b62cd8e1c09a506b51841f3357586,1,0,12.392501831054688,-1.0103635787963867,False,True,AlphaEdit_BLUE_L8_ONLY
AlphaEdit_L8_ONLY,40,RS,new,4,ed357b3acfc8996fd83a52b09bb4e10449e60f403e3b287249524e613af115da,0e02d53c8fb42653e75c93187072c309f253e254c742bbe58f46b883d9c1c72d,1,0,11.976991653442383,-6.411580562591553,False,True,AlphaEdit_BLUE_L8_ONLY
AlphaEdit_L8_ONLY,40,RS,new,5,3d84db9802363338ff31e21e077244084ee822f2827250e156ca4ba4b72f1eb0,c47a27a828dc3df61ef81b79542931fdd72de359c1481ee6e704553af35d8b43,3,0,11.897905349731445,4.597070693969727,True,True,AlphaEdit_BLUE_L8_ONLY
AlphaEdit_L8_ONLY,40,RS,true,1,59fefacb1435ff4908656175f679fedcde6eb4a8363d766f72c5218f36adff25,4653404a21b2d89d26ffdf16f120ad7c640badec4b76ccb5a789ab0e0a8d71dd,30,0,31.358192443847656,31.357173604425043,True,True,AlphaEdit_BLUE_L8_ONLY
AlphaEdit_L8_ONLY,40,RS,true,2,28c552828e0f24ca44ff97bef5cd6f1b7990d1657487c312d473d41171b60e59,fbb6b4b9577d7da9506f15dca79c7aafd232d7393b1f40725f7cfcfdbcea55b7,35,0,29.513662338256836,29.51313974207733,True,True,AlphaEdit_BLUE_L8_ONLY
AlphaEdit_L8_ONLY,40,RS,true,3,bd7534f063593d4e6d6e5d9e92f87c82464894749a1659f666a83c4dcd319513,62df752ace19fec4121593cec6b25ee6531510a978d120d2af0fa06e8fe043d6,9,0,27.85725975036621,27.856927330925828,True,True,AlphaEdit_BLUE_L8_ONLY
AlphaEdit_L8_ONLY,40,RS,true,4,7987e36c43f067b54276ccb5f72d4d495d4ec9d21dab110714eeb9148df9e3ec,55ccc79afbe9c0b06a665660a11b99e4b6f301ba120bed6ee44fa3da5d5c9239,31,0,27.018531799316406,27.016052461229265,True,True,AlphaEdit_BLUE_L8_ONLY
AlphaEdit_L8_ONLY,40,RS,true,5,481d60bc802f51580e81af5dc1c0534d6eb255fcbb82bdaf646e8549b7cce4f3,04e3f112b66c6a075812122914206a4636a81153f5568945454f42508683d811,20,0,26.914684295654297,26.913981327204965,True,True,AlphaEdit_BLUE_L8_ONLY
AlphaEdit_L8_ONLY,40,PS,new,1,cc30b5886e1f478d3cc5cef8a7f2aa22ab4a5dbf7b0d39fb96a3449817e502c8,cf3a79fe2f2a8636ab9b14bfda06e8bdef79d8477684fe568dcfc77281c8ade3,15,1,18.91277313232422,-1.5200843811035156,False,True,AlphaEdit_BLUE_L8_ONLY
AlphaEdit_L8_ONLY,40,PS,new,2,1c5c834c927a24fc22228333db7249f958a30231366e6a94bfc4880ea26098c3,1862cbe0835ddf9513c2870ddaba45d325beb8de6053b8c4d1fca76c35d96904,3,0,18.89863395690918,-7.746696472167969,False,True,AlphaEdit_BLUE_L8_ONLY
AlphaEdit_L8_ONLY,40,PS,new,3,63138be046191a295af377d36045edaf7f201ca757b93f55864400225f147c19,157dc786e28b549bc381851be67dc886fe76c161666bb745c4b03a2f148df0cd,1,0,18.38358497619629,-10.825469493865967,False,True,AlphaEdit_BLUE_L8_ONLY
AlphaEdit_L8_ONLY,40,PS,new,4,75c0b281d3916e00e0eea545414dc218d8c4d6ebb5acd060c70e843f49df47c6,fe8435402fbb631638a034957a5ce60f23d93c0673bb049c8e3cd064233766ff,11,0,18.207666397094727,2.309123992919922,True,True,AlphaEdit_BLUE_L8_ONLY
AlphaEdit_L8_ONLY,40,PS,new,5,90a4d52e52b887c4354c91725f6b5d90ba15b31955a70a3b60c2083133c841e4,2da399194562f51c2e4beb1e12971c87e8990cbf68da4bc0fddb5712a92914d7,12,1,17.814144134521484,-1.0763092041015625,False,True,AlphaEdit_BLUE_L8_ONLY
AlphaEdit_L8_ONLY,40,PS,true,1,a5ccb1c538e34663a658b1be28b16455ee5285efb10e6f1d4caba1f69ec9782b,977b6bedf8c0b0e7f9d2ef76128944608d999753170decf3cb90e83f3c83f0b1,8,1,26.73302459716797,26.731903585488908,True,True,AlphaEdit_BLUE_L8_ONLY
AlphaEdit_L8_ONLY,40,PS,true,2,bc9cb70614a900fcf9d9a351fe3d77bf23d1e7da77ee0b4d51393b83ece087d6,9fbfda07c316d5ef80cdd2a551ed58a91bfd2139c14ad748b6cd532f4ca1234a,22,0,26.062292098999023,26.061086785281077,True,True,AlphaEdit_BLUE_L8_ONLY
AlphaEdit_L8_ONLY,40,PS,true,3,591d3186283c66b08d857e7b80a3ee6eea5e6e4cdc0d30e1a5356a9635a4fdf6,e4fa945002f479b4f347ef055e6e4178a9b5737c7838fc1b5ed26c39085c66a5,25,0,23.978729248046875,23.97306772414595,True,True,AlphaEdit_BLUE_L8_ONLY
AlphaEdit_L8_ONLY,40,PS,true,4,9350735ffccb569dbdf55013845b63b1dabe2114c0b6538bbd27391cab5eace1,4e2eee62a3ca018ef25626eed3758ae0691fb6431e6140a4ceb01214e7609867,29,1,23.762773513793945,23.76052215998061,True,True,AlphaEdit_BLUE_L8_ONLY
AlphaEdit_L8_ONLY,40,PS,true,5,e916fba72a9598b3005b12da410d4753bee0e5b5090b2c8e2c201745f1256f54,fa03e25b295c8ca7bae672d2acf3af7ca7ff426b0882cb5bdc19f40a21f64ffb,24,0,22.956939697265625,22.93056412599981,True,True,AlphaEdit_BLUE_L8_ONLY
AlphaEdit_L8_ONLY,40,NS,new,1,3217efb0c7592918e22986cb85ff86d1a7bbc81b6a293403235ebb2f952f6a1c,7b23b4a28eb69e5b969765b7a1f8f38ff1e6a6058ec0c88e3f7024178e76306e,20,9,25.42061996459961,-15.159423828125,True,True,AlphaEdit_BLUE_L8_ONLY
AlphaEdit_L8_ONLY,40,NS,new,2,e324c90d6c7dda4a70226cb416919c0206ecb22472195aab9877612130fef7d0,bbb2a291741406c54b72fe452875307352e6bc88026c35820268652ef97795e3,33,9,25.39945411682129,-7.623754501342773,True,True,AlphaEdit_BLUE_L8_ONLY
AlphaEdit_L8_ONLY,40,NS,new,3,e50d31b7a14483cd90628bed916a66ecdf0bc2766711031b212e228d67db6a0b,d7e28b250861773fce56d939869f9ba3dc305d6f9f77ea3b74f26906816c7d34,23,7,24.20280647277832,-3.798044204711914,True,True,AlphaEdit_BLUE_L8_ONLY
AlphaEdit_L8_ONLY,40,NS,new,4,1d5eb45c977690556ce581c5c6361864fc705a5653187828c354019012f73c52,29edfb8992b0b6204e3ab2bb1977ae48b8f746511990d39ce8c45cc0d391b215,29,7,24.166322708129883,-1.102499008178711,True,True,AlphaEdit_BLUE_L8_ONLY
AlphaEdit_L8_ONLY,40,NS,new,5,1d5eb45c977690556ce581c5c6361864fc705a5653187828c354019012f73c52,e71c70af24a78b4414e63f9c31d7ed2082b7621f5d20354c69ab9555137f85ea,29,8,24.166322708129883,-1.102499008178711,True,True,AlphaEdit_BLUE_L8_ONLY
AlphaEdit_L8_ONLY,40,NS,true,1,e916fba72a9598b3005b12da410d4753bee0e5b5090b2c8e2c201745f1256f54,3921be8855719047a79f1eb589eb1e76834de06d64d24e8c35da128953e7844d,24,4,24.20325469970703,22.853588342666626,False,True,AlphaEdit_BLUE_L8_ONLY
AlphaEdit_L8_ONLY,40,NS,true,2,1d5eb45c977690556ce581c5c6361864fc705a5653187828c354019012f73c52,29edfb8992b0b6204e3ab2bb1977ae48b8f746511990d39ce8c45cc0d391b215,29,7,23.063823699951172,-1.102499008178711,True,True,AlphaEdit_BLUE_L8_ONLY
AlphaEdit_L8_ONLY,40,NS,true,3,1d5eb45c977690556ce581c5c6361864fc705a5653187828c354019012f73c52,e71c70af24a78b4414e63f9c31d7ed2082b7621f5d20354c69ab9555137f85ea,29,8,23.063823699951172,-1.102499008178711,True,True,AlphaEdit_BLUE_L8_ONLY
AlphaEdit_L8_ONLY,40,NS,true,4,33c22ac26695fd271e8106dc0a11e2711748fb940d1b8ae395a696266827770b,8c6286456a59329e5a7298dec8484943baf7304ebace78ded244fbb92dae9dac,26,8,22.889482498168945,1.5246162414550781,False,True,AlphaEdit_BLUE_L8_ONLY
AlphaEdit_L8_ONLY,40,NS,true,5,f0dc74b0f4984d78f2718af42f5321cc1e791644940b3b1e580e26c51ba8bd81,70dbeaf93558e3b52f2059a805ac7af37cebfcc7d09bdd6b35c807d58fc92b8a,30,7,22.72297477722168,8.870157241821289,False,True,AlphaEdit_BLUE_L8_ONLY
AlphaEdit_L8_ONLY,50,RS,new,1,762d531ad8492be9be95862ef6d480468134db155abec3bed9a3d96afd17b4e6,ab1767ff97e65864400048c9d37b1eec45d1d48719e70094237ff96a7cc764a3,2,0,16.84724998474121,-10.06371545791626,False,True,AlphaEdit_BLUE_L8_ONLY
AlphaEdit_L8_ONLY,50,RS,new,2,142472979dc6cfe2d4c0b44f3c1f6474f9657e6e2c8cc598f70bbcdb4815fec7,a2966672989fd0882ab224eb89fda551db4cd4386f509da0b860a076766d66cb,1,0,14.552027702331543,3.432988166809082,True,True,AlphaEdit_BLUE_L8_ONLY
AlphaEdit_L8_ONLY,50,RS,new,3,5a24fa44f7adeb33a9edd29d0fcad89e4f6407075265962f28b449300fb011e8,9fa23a040eca2fdc8bfcfd08b7d0f6acb1ef7e9294c4d761f66ec6063c0301af,4,0,14.020707130432129,-5.532299995422363,False,True,AlphaEdit_BLUE_L8_ONLY
AlphaEdit_L8_ONLY,50,RS,new,4,75c0b281d3916e00e0eea545414dc218d8c4d6ebb5acd060c70e843f49df47c6,c687402ab68fcfac42297dd156576c58a8f02a200d51d036586b4d8a49cc7846,11,0,13.92431640625,1.0321178436279297,True,True,AlphaEdit_BLUE_L8_ONLY
AlphaEdit_L8_ONLY,50,RS,new,5,ed357b3acfc8996fd83a52b09bb4e10449e60f403e3b287249524e613af115da,0e02d53c8fb42653e75c93187072c309f253e254c742bbe58f46b883d9c1c72d,1,0,13.544133186340332,-6.572632789611816,False,True,AlphaEdit_BLUE_L8_ONLY
AlphaEdit_L8_ONLY,50,RS,true,1,9335bcf86fc2a92e06c1e41ca48a120b1f2e3285e274aa4136ca8e6201ba0eee,74f05bfb5faa1e32a455da12713500b4747335d42db7ff072bf4c629b8aee51a,48,0,29.255861282348633,29.255663652875228,True,True,AlphaEdit_BLUE_L8_ONLY
AlphaEdit_L8_ONLY,50,RS,true,2,28c552828e0f24ca44ff97bef5cd6f1b7990d1657487c312d473d41171b60e59,fbb6b4b9577d7da9506f15dca79c7aafd232d7393b1f40725f7cfcfdbcea55b7,35,0,27.722126007080078,27.721839588164585,True,True,AlphaEdit_BLUE_L8_ONLY
AlphaEdit_L8_ONLY,50,RS,true,3,59fefacb1435ff4908656175f679fedcde6eb4a8363d766f72c5218f36adff25,4653404a21b2d89d26ffdf16f120ad7c640badec4b76ccb5a789ab0e0a8d71dd,30,0,26.960824966430664,26.93251809477806,True,True,AlphaEdit_BLUE_L8_ONLY
AlphaEdit_L8_ONLY,50,RS,true,4,a7bb4472588958f3423a69c1f8a922f367b3c8e5fc72dfc8d138f646943d0b44,f82494d43a56bab3e0cc22cf677b02b06d2771c101180cf07847e2a84c55de5e,44,0,26.791759490966797,26.791592015943024,True,True,AlphaEdit_BLUE_L8_ONLY
AlphaEdit_L8_ONLY,50,RS,true,5,94f8607915dff25f013e45fc0642fb9830b0fb25ab0ab46d477eaf1061def379,e14811f9e8ad8ac05b6fed3e2c2d4b1712a4be399b1de60c8f0a3d99e165534a,44,0,26.72315216064453,26.723128557483506,True,True,AlphaEdit_BLUE_L8_ONLY
AlphaEdit_L8_ONLY,50,PS,new,1,99d84b49702b4e375a176f8851ba86effecc7757bd84cfea66e8d8df992c90ba,59a360438063efd3212b1a8271cb52a5075b99913f4f7b29c21ddf271c835dc9,48,1,24.2169246673584,-1.5762405395507812,False,True,AlphaEdit_BLUE_L8_ONLY
AlphaEdit_L8_ONLY,50,PS,new,2,11f8e31ccbdbb7d91589ecf40713d3a8a5d17a7ec0cebf641f975af50a1eba8d,d6ba170cecb9e60c21740064e73c80fe1f6e4e1147f9961849083138e1c60319,24,1,22.614215850830078,-3.8914871215820312,False,True,AlphaEdit_BLUE_L8_ONLY
AlphaEdit_L8_ONLY,50,PS,new,3,f4dd301311d96b70a2ee62a6bccfe21bb0d94a89ca2805333cf352c1a2381c13,1800a26d5707c83983fcb3705d4c38ce1c1d4723deeba054a43f1ded3e89ac0a,21,1,21.345691680908203,-1.7387657165527344,False,True,AlphaEdit_BLUE_L8_ONLY
AlphaEdit_L8_ONLY,50,PS,new,4,ca526c365ac197bbd4b08b9e9fce6ea3630448a201a13a9cf804db31b43ff089,d222fdd4509e92c138448bc38cb524a56a7bd0042e98c138b78a41aa81adcc2b,15,0,19.9785099029541,-1.6636886596679688,False,True,AlphaEdit_BLUE_L8_ONLY
AlphaEdit_L8_ONLY,50,PS,new,5,3d99caacb199349263ab93b95dec01619598ecd899d4e56c150252fed90b0d3d,1e19e4f54c1174940476b78a89db035e84739d652e953a116d62e64df762f6e3,17,1,19.953083038330078,-1.476461410522461,False,True,AlphaEdit_BLUE_L8_ONLY
AlphaEdit_L8_ONLY,50,PS,true,1,2ba06b11ed9ce9abae4e3121901069dde4a999f7f98b40602ad2ec2b8106405e,543d2bd4214d4d9c5510679691bde65a65f56e14ea4ba4c2c4080792599b8d3c,43,1,28.324125289916992,28.323697062645806,True,True,AlphaEdit_BLUE_L8_ONLY
AlphaEdit_L8_ONLY,50,PS,true,2,a124d6a028bc9e5d326fdaf5db573e41871ed0f206e2b1d13a21f3eec910e891,87d0dd8c9c5c4549dfb83e84439b82def20be57593ae381407716c3bb581c62f,50,0,25.99195671081543,25.991586276970338,True,True,AlphaEdit_BLUE_L8_ONLY
AlphaEdit_L8_ONLY,50,PS,true,3,81abac0d19c8634401f8d723e65b66651b6adc1e4cf3c1c7a5739e3b9c3f8e2d,0381c6bdb7a727bad85504ed41c03afad74d1c962f5a6032b068c941293d3b87,40,0,25.533109664916992,14.417411804199219,True,True,AlphaEdit_BLUE_L8_ONLY
AlphaEdit_L8_ONLY,50,PS,true,4,a7bb4472588958f3423a69c1f8a922f367b3c8e5fc72dfc8d138f646943d0b44,08ba3c3d77238dd0bdbfcdac32f86baa647819756a51933a2d3149cb0f4db2a6,44,1,25.399213790893555,25.39875136577757,True,True,AlphaEdit_BLUE_L8_ONLY
AlphaEdit_L8_ONLY,50,PS,true,5,20b9d386745cd904dfc722b240bcdb585901266d4ec53daa5c792ba5b232b13a,5c9fca41d5be1cdd1f2c499b9f367ac714918a72a8d7515bb9a4cb69bc8ac8c4,47,1,24.604793548583984,24.60455015284242,True,True,AlphaEdit_BLUE_L8_ONLY
AlphaEdit_L8_ONLY,50,NS,new,1,e324c90d6c7dda4a70226cb416919c0206ecb22472195aab9877612130fef7d0,bbb2a291741406c54b72fe452875307352e6bc88026c35820268652ef97795e3,33,9,26.283218383789062,-8.801876068115234,True,True,AlphaEdit_BLUE_L8_ONLY
AlphaEdit_L8_ONLY,50,NS,new,2,eb5af8ab99b55cda453f70e6a92c7b327bd8f76f49ff6a81c18ade4c26690057,d999660f40c66b89463db0b1cdb58708ab6350c110532cef525ca7fe2901651c,44,3,25.334518432617188,-5.306804656982422,True,True,AlphaEdit_BLUE_L8_ONLY
AlphaEdit_L8_ONLY,50,NS,new,3,931cf9e44e8af2433f540e456a73d7434234834db93568e93cd21c09eb2da882,6b2a36c1b7ab40359b7f17ce1a64e711fd0434ce62e5c800e95d4848f77b0068,44,7,24.46206283569336,-24.461914669518592,True,True,AlphaEdit_BLUE_L8_ONLY
AlphaEdit_L8_ONLY,50,NS,new,4,3217efb0c7592918e22986cb85ff86d1a7bbc81b6a293403235ebb2f952f6a1c,7b23b4a28eb69e5b969765b7a1f8f38ff1e6a6058ec0c88e3f7024178e76306e,20,9,24.44290542602539,-14.151411056518555,True,True,AlphaEdit_BLUE_L8_ONLY
AlphaEdit_L8_ONLY,50,NS,new,5,94f8607915dff25f013e45fc0642fb9830b0fb25ab0ab46d477eaf1061def379,dcdd52d42f388258b5d5c36e2bd8cb5bad3a3cb4e1ec61c1f5af4546c6266484,44,9,24.30813217163086,-6.577693939208984,True,True,AlphaEdit_BLUE_L8_ONLY
AlphaEdit_L8_ONLY,50,NS,true,1,340799d186c8195376d2cf6a756516a830ffc5feac81996d8b4e6d62d30d214b,7fe72b18b85f957381093e6073d5e941c921360d18c89c380b7983fc2b2c89b9,9,6,24.102632522583008,10.907835006713867,False,True,AlphaEdit_BLUE_L8_ONLY
AlphaEdit_L8_ONLY,50,NS,true,2,155d1cf609cedded2fbc27a4646de87ce7f7de2913b1e5a1bbf148a6df483e19,eea4578ab3afe136327f0a0716d28fc618b47397e1514bc5b01edc24e3e30974,10,5,23.60702896118164,7.900398254394531,False,True,AlphaEdit_BLUE_L8_ONLY
AlphaEdit_L8_ONLY,50,NS,true,3,0f9a3de4bfff45f65fd6c7f8bd6bee2d7584ad6cdcee2839bffbc4b876316552,844572840fa106156d4bc83d3d940c359f8fb3bbd895dcedffee0937b51531d0,49,6,23.00864601135254,23.004190728534013,False,True,AlphaEdit_BLUE_L8_ONLY
AlphaEdit_L8_ONLY,50,NS,true,4,625df624f8d7ccd747b0fb7a42105b74b05c7fa0b4db35a39acba0769e86b5e1,41a0af806bc3cde8f40a6b2b0bc35e1584e8066f2ba2d7daeb75c1bc24cd2346,48,2,22.84418296813965,4.425304412841797,False,True,AlphaEdit_BLUE_L8_ONLY
AlphaEdit_L8_ONLY,50,NS,true,5,80fd373f207187588767b5db138a72eb72198665129a3100f1541622425db91f,f7c749ab4011c8a40b8d79aaa4b27076f3a6e8db84c45140d2bf4a85d86d1906,45,5,22.781339645385742,22.75339960679412,False,True,AlphaEdit_BLUE_L8_ONLY
AlphaEdit_L8_ONLY,60,RS,new,1,762d531ad8492be9be95862ef6d480468134db155abec3bed9a3d96afd17b4e6,ab1767ff97e65864400048c9d37b1eec45d1d48719e70094237ff96a7cc764a3,2,0,18.82510757446289,-7.9178876876831055,False,True,AlphaEdit_BLUE_L8_ONLY
AlphaEdit_L8_ONLY,60,RS,new,2,3cb694aa163edb51b0841c85a215cb1a47e41c42e2b53c7b8f999dcbb595a181,a63502af225aa813f90d8622c8ceef6f1c0a180ded41f3e0b9e273b5099cf994,12,0,16.548383712768555,-1.9637689590454102,False,True,AlphaEdit_BLUE_L8_ONLY
AlphaEdit_L8_ONLY,60,RS,new,3,c6fab63609e8a0b0dad162a533ce5da4d8f4d40b652c8af06c6a542f4eba74b5,de6186e3b3f2c477fb0fe073cc9c8204e85bed3e8613b42bd6bd06dc6cf57efc,10,0,16.138975143432617,4.629981994628906,True,True,AlphaEdit_BLUE_L8_ONLY
AlphaEdit_L8_ONLY,60,RS,new,4,e3747a74d8ca3b3559b07a79c97bdd31269593dc8459cd3841cdd6a80aa47ea1,7188965af0173338a64e260124fcc0060013bfb47f5d591f4745c178e6abd17e,19,0,15.650362968444824,-2.751053810119629,False,True,AlphaEdit_BLUE_L8_ONLY
AlphaEdit_L8_ONLY,60,RS,new,5,618dd2c82346f223f482616b7d919335639c543efd95b712a2e8ebeafadcf85a,e3451527217a6e497c40a22d1160c476be5b62cd8e1c09a506b51841f3357586,1,0,15.583756446838379,-0.009102821350097656,False,True,AlphaEdit_BLUE_L8_ONLY
AlphaEdit_L8_ONLY,60,RS,true,1,9335bcf86fc2a92e06c1e41ca48a120b1f2e3285e274aa4136ca8e6201ba0eee,74f05bfb5faa1e32a455da12713500b4747335d42db7ff072bf4c629b8aee51a,48,0,31.14654541015625,31.146431810157083,True,True,AlphaEdit_BLUE_L8_ONLY
AlphaEdit_L8_ONLY,60,RS,true,2,64050a0c152ea1deb6cb039e18cdca54740a6832eb19578353f64424752ad536,5a7933eb6c5055bcd6660826c3b7dcc57fd4ec1160d1776b02ceab6f0cda069e,58,0,28.624141693115234,28.623638637247495,True,True,AlphaEdit_BLUE_L8_ONLY
AlphaEdit_L8_ONLY,60,RS,true,3,831b82415f26f781c76d0c7427052516715d67868ec0faeaeffbb459f438c040,d65a33cb69a0df5b0fdb6c27d72caddca90502a56fe2c619eab5934469f73c60,29,0,27.892868041992188,27.892391556786606,True,True,AlphaEdit_BLUE_L8_ONLY
AlphaEdit_L8_ONLY,60,RS,true,4,c602660fc0ddd630f6a203a3d61742439eb7d3c4c33d31ccb57e410bbb67e844,d6511c79ac41efdb9939954970507628ebca33230b4c99f8834a0159c7806950,58,0,27.612638473510742,27.61204951466061,True,True,AlphaEdit_BLUE_L8_ONLY
AlphaEdit_L8_ONLY,60,RS,true,5,7cec036ae38d7e91cda09da266c51858f00f9a1ab2b1ec61ef07f25215cdf5a8,5f65dbb95a06e51d0d307895ecb3b32ff38e6aa1e6614ccb95c37e8c10b5dd73,57,0,27.05316925048828,27.05305779601622,True,True,AlphaEdit_BLUE_L8_ONLY
AlphaEdit_L8_ONLY,60,PS,new,1,bb340b0f7e66b52b7426c07934c03a99881c41e8ea05b4ceba0e3f09b24dd538,5b8acb2c706099f3052cce8ba61fb55a1facac94836679764950324f9593818e,4,1,24.272207260131836,-4.777872085571289,False,True,AlphaEdit_BLUE_L8_ONLY
AlphaEdit_L8_ONLY,60,PS,new,2,13908fe4d3eb986b2465acdb50398d4c1622836a5a1632257ff065c13156c052,4c95c01886e501dcdae10f04765c2637bdf22a2193cedc42be9c08587283a1e9,4,1,24.072830200195312,-6.141191482543945,False,True,AlphaEdit_BLUE_L8_ONLY
AlphaEdit_L8_ONLY,60,PS,new,3,20819e9c850a1d25ee2b3104993ed8d3b0ea9bdeb5e96c11e3138668eb731b73,4e2e843967b085c6b22df64a2697f8905b45782d5bb79832c01f7244b4a71c9b,49,0,22.8892822265625,-6.17266845703125,False,True,AlphaEdit_BLUE_L8_ONLY
AlphaEdit_L8_ONLY,60,PS,new,4,99d84b49702b4e375a176f8851ba86effecc7757bd84cfea66e8d8df992c90ba,59a360438063efd3212b1a8271cb52a5075b99913f4f7b29c21ddf271c835dc9,48,1,22.780921936035156,-0.7346096038818359,False,True,AlphaEdit_BLUE_L8_ONLY
AlphaEdit_L8_ONLY,60,PS,new,5,fcc0df4b4cc5b19526a1f2bcd7a58a37f4dc2bfbfa755bc589eb038457e86b0a,9760b0aae28dff24907b908bb6d2c85d218932c7438d87145602aca424d38d9f,31,0,22.272266387939453,-12.046538352966309,False,True,AlphaEdit_BLUE_L8_ONLY
AlphaEdit_L8_ONLY,60,PS,true,1,2ba06b11ed9ce9abae4e3121901069dde4a999f7f98b40602ad2ec2b8106405e,543d2bd4214d4d9c5510679691bde65a65f56e14ea4ba4c2c4080792599b8d3c,43,1,27.776920318603516,27.77552023238968,True,True,AlphaEdit_BLUE_L8_ONLY
AlphaEdit_L8_ONLY,60,PS,true,2,4f0791e8331170aff1c5f1d0f2082f1565fa08cc752be7743a1bccdf98a5d0e1,dfae781ae7ec9559b20c1484678b25187718f8dbc1c1aeec7a42196148a3a49a,59,1,26.890377044677734,26.890296343248338,True,True,AlphaEdit_BLUE_L8_ONLY
AlphaEdit_L8_ONLY,60,PS,true,3,35c95bf7027ef47bbfc73590d84b1836da715b165037f7ebce3cf4d22334b47c,49b67bb0a0dad8e108f8a3610145489019483f16c4980f1d5956cc1f6618dbd5,13,0,25.737510681152344,20.053439617156982,True,True,AlphaEdit_BLUE_L8_ONLY
AlphaEdit_L8_ONLY,60,PS,true,4,7cec036ae38d7e91cda09da266c51858f00f9a1ab2b1ec61ef07f25215cdf5a8,bce33c7a6db334351e3018a869b05ad4b6d64d98a362aa63fe62ce52f6a99976,57,1,25.37392807006836,22.18010973930359,True,True,AlphaEdit_BLUE_L8_ONLY
AlphaEdit_L8_ONLY,60,PS,true,5,f4cd1757ff9e8604d505c4ccacec52800f3142453b8bf9ba4f87013611aee3df,34373c171d8487efe9505c7cf85c8324cb498033b429fbd4614cd1d22c70950e,27,0,25.243988037109375,9.233743667602539,True,True,AlphaEdit_BLUE_L8_ONLY
AlphaEdit_L8_ONLY,60,NS,new,1,c90b545c08aeacc643504c7a0a165cc1517fc246be87fb5ea8572316a2a604c6,6a617d28fe44df53d968c178d18afc4807983f49023f7bd59b628c1144276eb9,57,5,26.213409423828125,-4.125091552734375,True,True,AlphaEdit_BLUE_L8_ONLY
AlphaEdit_L8_ONLY,60,NS,new,2,c7959307c9080cea6c514dace0d5ebad9ce71d3cc9bf9bccaf5d6d0db655ba00,7a25c54917981d7f0873579909d07fc8e9f74db79791487de5b7f3edaa251fe3,30,2,25.53631591796875,-3.3348865509033203,True,True,AlphaEdit_BLUE_L8_ONLY
AlphaEdit_L8_ONLY,60,NS,new,3,94f8607915dff25f013e45fc0642fb9830b0fb25ab0ab46d477eaf1061def379,dcdd52d42f388258b5d5c36e2bd8cb5bad3a3cb4e1ec61c1f5af4546c6266484,44,9,25.231475830078125,-6.868093490600586,True,True,AlphaEdit_BLUE_L8_ONLY
AlphaEdit_L8_ONLY,60,NS,new,4,eaf17a74d4f66de7efa4240dd647b040e3238ad8542f1dff2a87279af99de977,3b9a8443c211c99e61101565f56201921bcabfe2d6b03ed5a6186c7d2d44b30a,15,2,25.124250411987305,-12.280141830444336,True,True,AlphaEdit_BLUE_L8_ONLY
AlphaEdit_L8_ONLY,60,NS,new,5,eb5af8ab99b55cda453f70e6a92c7b327bd8f76f49ff6a81c18ade4c26690057,d999660f40c66b89463db0b1cdb58708ab6350c110532cef525ca7fe2901651c,44,3,25.00824546813965,-5.066492080688477,True,True,AlphaEdit_BLUE_L8_ONLY
AlphaEdit_L8_ONLY,60,NS,true,1,155d1cf609cedded2fbc27a4646de87ce7f7de2913b1e5a1bbf148a6df483e19,eea4578ab3afe136327f0a0716d28fc618b47397e1514bc5b01edc24e3e30974,10,5,24.238962173461914,8.31175708770752,False,True,AlphaEdit_BLUE_L8_ONLY
AlphaEdit_L8_ONLY,60,NS,true,2,c602660fc0ddd630f6a203a3d61742439eb7d3c4c33d31ccb57e410bbb67e844,b5fd82d6cdf0520b80a70f79e0e6ddb627bebef8aa6a517a393dc6ab26381e49,58,3,23.814233779907227,16.604445934295654,False,True,AlphaEdit_BLUE_L8_ONLY
AlphaEdit_L8_ONLY,60,NS,true,3,efe8564971192c24d29c7aedb7c5230aeaf13dbac7815bb7bd2206bdcc483350,ca8ad05526e45816799959283bacd08e558bad4ba3df208d58736084c3466c35,8,7,23.561141967773438,13.085371971130371,False,True,AlphaEdit_BLUE_L8_ONLY
AlphaEdit_L8_ONLY,60,NS,true,4,08d7c1f04067c5e3a1e13d8b99182f36d36daebf5dafda625c7274954282b149,ff03135e912c3aadc6d3cab9669c344c6b902dad91def253bf105cc93c86a3c8,54,1,22.91547393798828,8.403776168823242,False,True,AlphaEdit_BLUE_L8_ONLY
AlphaEdit_L8_ONLY,60,NS,true,5,08d7c1f04067c5e3a1e13d8b99182f36d36daebf5dafda625c7274954282b149,e26ec485f2637aab44522cd981a33aa99bf74bbf7e6876b32ef2f1b3fb4b4bf2,54,9,22.87449073791504,8.957586288452148,False,True,AlphaEdit_BLUE_L8_ONLY
AlphaEdit_L8_ONLY,70,RS,new,1,5cf5b8d22fe749d8cd6253d9be22ce3af04d0e5fcb688f778adebe528c9463a4,a9aa0aff8a6dd1e45d0b58ff1cad4cbc43b5f3eaa70182143aeafba825ab40bd,32,0,23.173341751098633,0.4645500183105469,True,True,AlphaEdit_BLUE_L8_ONLY
AlphaEdit_L8_ONLY,70,RS,new,2,762d531ad8492be9be95862ef6d480468134db155abec3bed9a3d96afd17b4e6,ab1767ff97e65864400048c9d37b1eec45d1d48719e70094237ff96a7cc764a3,2,0,18.906007766723633,-8.168801307678223,False,True,AlphaEdit_BLUE_L8_ONLY
AlphaEdit_L8_ONLY,70,RS,new,3,33c22ac26695fd271e8106dc0a11e2711748fb940d1b8ae395a696266827770b,76367b468e20540204c58e201cfc829a64e63f6649bb05d48dd5aa17ffb67219,26,0,18.228832244873047,1.5212821960449219,True,True,AlphaEdit_BLUE_L8_ONLY
AlphaEdit_L8_ONLY,70,RS,new,4,c6fab63609e8a0b0dad162a533ce5da4d8f4d40b652c8af06c6a542f4eba74b5,de6186e3b3f2c477fb0fe073cc9c8204e85bed3e8613b42bd6bd06dc6cf57efc,10,0,17.573802947998047,1.8434123992919922,True,True,AlphaEdit_BLUE_L8_ONLY
AlphaEdit_L8_ONLY,70,RS,new,5,7249a7bc5027c0e94065f5ce07543b5e3d3189ad5cd9233b257492edeb3bcd68,934089c44e09cd4325e00a687a74b4d19b608717201a28df9035bf6fc23e717d,61,0,17.13288116455078,-3.164346694946289,False,True,AlphaEdit_BLUE_L8_ONLY
AlphaEdit_L8_ONLY,70,RS,true,1,831b82415f26f781c76d0c7427052516715d67868ec0faeaeffbb459f438c040,d65a33cb69a0df5b0fdb6c27d72caddca90502a56fe2c619eab5934469f73c60,29,0,26.702430725097656,26.70218041690532,True,True,AlphaEdit_BLUE_L8_ONLY
AlphaEdit_L8_ONLY,70,RS,true,2,efd2a1cd465229ce2fd1fb405d4244e3e3f38291117375090be1a640ba9fe0c8,b6682096beb44a499a3cd5b876286a1f39d08822ce4298257921c3768f407944,68,0,26.346149444580078,26.345503300603013,True,True,AlphaEdit_BLUE_L8_ONLY
AlphaEdit_L8_ONLY,70,RS,true,3,989e93d58ab9eaa370ffa8acbc96af71be2a7af61bf34922f6700a896f8455f5,ce9af378de8c7ea03b3cb392ee583b8dec672fc8d2b617aa313d1bdd3e1c4419,65,0,25.54833984375,25.547714905522298,True,True,AlphaEdit_BLUE_L8_ONLY
AlphaEdit_L8_ONLY,70,RS,true,4,10acb87b3040f4e177781ce677d7b30554cb20e93e2bbb1470b0e944fb63faf2,7a88e2fcec08afb76f858e89db7737675ca032c8ee319da894f654c621c923bf,39,0,25.47612762451172,25.474978511454538,True,True,AlphaEdit_BLUE_L8_ONLY
AlphaEdit_L8_ONLY,70,RS,true,5,45e7dc1278e5229f9656f1f15c8aed3571104f4c9613afbf869b78ab1f1f3b93,774611170ed802664b95980bdd1e02966de68393950e1becaad187449091ff3c,65,0,25.28419303894043,25.283711191877956,True,True,AlphaEdit_BLUE_L8_ONLY
AlphaEdit_L8_ONLY,70,PS,new,1,13908fe4d3eb986b2465acdb50398d4c1622836a5a1632257ff065c13156c052,4c95c01886e501dcdae10f04765c2637bdf22a2193cedc42be9c08587283a1e9,4,1,22.120765686035156,-8.43984603881836,False,True,AlphaEdit_BLUE_L8_ONLY
AlphaEdit_L8_ONLY,70,PS,new,2,fcc0df4b4cc5b19526a1f2bcd7a58a37f4dc2bfbfa755bc589eb038457e86b0a,9760b0aae28dff24907b908bb6d2c85d218932c7438d87145602aca424d38d9f,31,0,21.929569244384766,-10.826997756958008,False,True,AlphaEdit_BLUE_L8_ONLY
AlphaEdit_L8_ONLY,70,PS,new,3,ca526c365ac197bbd4b08b9e9fce6ea3630448a201a13a9cf804db31b43ff089,d222fdd4509e92c138448bc38cb524a56a7bd0042e98c138b78a41aa81adcc2b,15,0,21.525474548339844,-1.4507026672363281,False,True,AlphaEdit_BLUE_L8_ONLY
AlphaEdit_L8_ONLY,70,PS,new,4,0c0520ae96957ee3c5c5ee5848bd990e061e0221d8f5548f4925f81cb279eec2,5e26a0309fe6834edf80845b4251f716d5c03a51cec59fd5aaf5a367fe497e13,48,1,21.520864486694336,-8.62927532196045,False,True,AlphaEdit_BLUE_L8_ONLY
AlphaEdit_L8_ONLY,70,PS,new,5,3ed23197a0865b6d7eaec04eff603145ce6b09e9d4af8a438cc416cdbf9b7b95,7dfb0c99b6af59db028119c4176db89cab3c3e9b12a5695bcd3608ff5dff703b,38,1,21.389236450195312,-0.4681568145751953,False,True,AlphaEdit_BLUE_L8_ONLY
AlphaEdit_L8_ONLY,70,PS,true,1,e6d41d208672a4e50b86d959f4a6254975e6fb9b0881166af52c9fe3b5825de2,e11ab46db7e5ecf44fd5167dadc11415ea239e0276a6999d90d482204a5c31fd,32,1,25.724016189575195,4.690103530883789,True,True,AlphaEdit_BLUE_L8_ONLY
AlphaEdit_L8_ONLY,70,PS,true,2,f85cce4c15555e2ef8e80ec405103b4be35df6b86430db19e2c92b52f20743bd,cc48a2cc94a9ec0be3b94b04f4f85ffc0e5b35c0548d45e7d6d7f7809a443509,56,0,25.67919921875,25.679106955016323,True,True,AlphaEdit_BLUE_L8_ONLY
AlphaEdit_L8_ONLY,70,PS,true,3,2ba06b11ed9ce9abae4e3121901069dde4a999f7f98b40602ad2ec2b8106405e,543d2bd4214d4d9c5510679691bde65a65f56e14ea4ba4c2c4080792599b8d3c,43,1,25.269771575927734,25.268536853487603,True,True,AlphaEdit_BLUE_L8_ONLY
AlphaEdit_L8_ONLY,70,PS,true,4,112a779faa0dce195f78b0a37c95b6b7e4b93b1953be40b46c333cb74e097afa,5363374bf315f459753fe98f5587dcbf589884d92ddbada4847f4c462d568983,61,1,25.165531158447266,25.165374052943662,True,True,AlphaEdit_BLUE_L8_ONLY
AlphaEdit_L8_ONLY,70,PS,true,5,ba74db3f3765c22c955c93bcb30d236f47a73ba557fcfe585d29224d88757086,6f775827d16f1eabc87c3c09f47ee3a3f8a849869c342369b6606c0dc4c05ecd,57,0,24.443626403808594,24.35675608366728,True,True,AlphaEdit_BLUE_L8_ONLY
AlphaEdit_L8_ONLY,70,NS,new,1,94f8607915dff25f013e45fc0642fb9830b0fb25ab0ab46d477eaf1061def379,dcdd52d42f388258b5d5c36e2bd8cb5bad3a3cb4e1ec61c1f5af4546c6266484,44,9,27.924840927124023,-5.438650131225586,True,True,AlphaEdit_BLUE_L8_ONLY
AlphaEdit_L8_ONLY,70,NS,new,2,c90b545c08aeacc643504c7a0a165cc1517fc246be87fb5ea8572316a2a604c6,6a617d28fe44df53d968c178d18afc4807983f49023f7bd59b628c1144276eb9,57,5,26.673002243041992,-4.58250617980957,True,True,AlphaEdit_BLUE_L8_ONLY
AlphaEdit_L8_ONLY,70,NS,new,3,115c08a62490bff35d2499453b1d120c023212ac1bd3a477d585155bdb2d2b81,72dc54d93906c8f25f105e805e6653f4f29704493b47dbdf2a54c37836ed826a,46,6,25.859106063842773,-9.35317611694336,True,True,AlphaEdit_BLUE_L8_ONLY
AlphaEdit_L8_ONLY,70,NS,new,4,c7959307c9080cea6c514dace0d5ebad9ce71d3cc9bf9bccaf5d6d0db655ba00,7a25c54917981d7f0873579909d07fc8e9f74db79791487de5b7f3edaa251fe3,30,2,25.50331687927246,-3.526193618774414,True,True,AlphaEdit_BLUE_L8_ONLY
AlphaEdit_L8_ONLY,70,NS,new,5,1500feefa7a172c69f264efda56f612f0bdab7cc7c29b0fab0ebf2975a08ac88,286e78bc2c01f0f168e51402f1ec0c2c358ee07bb56da24945801d4add842e29,39,4,24.82994842529297,-6.283933639526367,True,True,AlphaEdit_BLUE_L8_ONLY
AlphaEdit_L8_ONLY,70,NS,true,1,74aa549f2f8a44ee0d462ba7bc8ad02295b1d52ee7c4d6f632c8918cadc430cb,8e6d2247a9b387eac9806e040220a229203561cb88caae6a8a6b3b867315727e,13,7,29.644939422607422,8.622367858886719,False,True,AlphaEdit_BLUE_L8_ONLY
AlphaEdit_L8_ONLY,70,NS,true,2,ff471154ada4ec5bb05d931af87189645e62391295870ab03a4deac45d63d035,5682061bdf5917317a0a0e9f4f82f5e99fde5ce515a1678ec0d23081962b90a8,61,4,24.69304084777832,14.315966606140137,False,True,AlphaEdit_BLUE_L8_ONLY
AlphaEdit_L8_ONLY,70,NS,true,3,155d1cf609cedded2fbc27a4646de87ce7f7de2913b1e5a1bbf148a6df483e19,eea4578ab3afe136327f0a0716d28fc618b47397e1514bc5b01edc24e3e30974,10,5,23.890764236450195,8.57602310180664,False,True,AlphaEdit_BLUE_L8_ONLY
AlphaEdit_L8_ONLY,70,NS,true,4,8eeef1856d3f03dceaf315a1ca83b91b08e835b21a153f4cce96b1be4c7e0368,19111ab3d164ef67fbf7e256892bdd41ffe71ea8c3c0f504d574dfcb4246df7c,47,4,23.82256317138672,5.844030380249023,False,True,AlphaEdit_BLUE_L8_ONLY
AlphaEdit_L8_ONLY,70,NS,true,5,619f02801a62f81b3b1f53bff8243db3b6cdd41d756a5477db9446464ec45133,215608b611136f2cb16f5d4cbf4ffab4f45d81fd468d42074955e000ee07150a,2,5,23.822538375854492,1.9699993133544922,False,True,AlphaEdit_BLUE_L8_ONLY
AlphaEdit_L8_ONLY,80,RS,new,1,5cf5b8d22fe749d8cd6253d9be22ce3af04d0e5fcb688f778adebe528c9463a4,a9aa0aff8a6dd1e45d0b58ff1cad4cbc43b5f3eaa70182143aeafba825ab40bd,32,0,22.760236740112305,-0.3498554229736328,False,True,AlphaEdit_BLUE_L8_ONLY
AlphaEdit_L8_ONLY,80,RS,new,2,5e301268b40c29319ec67cf906d3a15a401835e5e5909a8bc713d7b482588091,859dcbadb6c88c1a669616bf7600da329ee59f87525a0497aea26597be32360e,10,0,20.75900650024414,0.31580543518066406,True,True,AlphaEdit_BLUE_L8_ONLY
AlphaEdit_L8_ONLY,80,RS,new,3,33c22ac26695fd271e8106dc0a11e2711748fb940d1b8ae395a696266827770b,76367b468e20540204c58e201cfc829a64e63f6649bb05d48dd5aa17ffb67219,26,0,20.474390029907227,0.020931243896484375,True,True,AlphaEdit_BLUE_L8_ONLY
AlphaEdit_L8_ONLY,80,RS,new,4,044240b797421f6c8d2b2cea161b44ff0f6c22ddc9f82ec4095afaa9db0ce48f,2fa01ee31342929c9832d6e6f2de3e75475fc2d90f2362200ede9d25906cb6b6,32,0,20.29777717590332,-0.453399658203125,False,True,AlphaEdit_BLUE_L8_ONLY
AlphaEdit_L8_ONLY,80,RS,new,5,40b39ea6c2159767b4444e02ae797a44fd37b380cbb203c58c451dace3b6d4de,2ecf6e3ed7705331f914cb00ecc4198ffcecf92f78a78f447151856aa943e687,24,0,19.758079528808594,-6.099662780761719,False,True,AlphaEdit_BLUE_L8_ONLY
AlphaEdit_L8_ONLY,80,RS,true,1,f3c39d0642f4bd32009e7a6bebdfa2be2ae56c3bc16d22dfb9e6e791c316ee37,37714420ea20867fb124ef5ed3982d93ab9801bc38bcf34d7bbf3afd0eebd93f,79,0,29.98118019104004,29.981153011691276,True,True,AlphaEdit_BLUE_L8_ONLY
AlphaEdit_L8_ONLY,80,RS,true,2,b24feb419bf88f66451a0a3a2becfefb4a45f5b178ab76fed93b2361a78002cb,1ebb5a455eb771ed18729deec01540e6106bd78f14c4aaa02867f51f78fe8aa5,71,0,28.960033416748047,28.958515604492277,True,True,AlphaEdit_BLUE_L8_ONLY
AlphaEdit_L8_ONLY,80,RS,true,3,831b82415f26f781c76d0c7427052516715d67868ec0faeaeffbb459f438c040,d65a33cb69a0df5b0fdb6c27d72caddca90502a56fe2c619eab5934469f73c60,29,0,27.449399948120117,27.449181699732435,True,True,AlphaEdit_BLUE_L8_ONLY
AlphaEdit_L8_ONLY,80,RS,true,4,d33b9fa9cb6aa8a8537caeed49164c6509200fedd516db0e69c792d55e1c6033,249a1366c83ce54c3515eb60b9b62a1a1af69736e8fe732f78840a15294c7099,63,0,27.277894973754883,27.276869465364143,True,True,AlphaEdit_BLUE_L8_ONLY
AlphaEdit_L8_ONLY,80,RS,true,5,ca2161a802568e7eab9558628f60abb688ec5ced18cc706b23b9838b6d75426b,2107e3970daf192250ee43c1baad8d5bc1879bfd6f3b1188b34426ce1e847d79,80,0,26.006690979003906,26.006278361572186,True,True,AlphaEdit_BLUE_L8_ONLY
AlphaEdit_L8_ONLY,80,PS,new,1,2b9f60efe3cd4073786e1242c882cd490abc914ffe9cc213995bbf324f1d9b54,9b5d4afadbe832db03c068c11fe8b37faa67f6c9dc19af5c05ce4949bcd4a760,42,1,24.826528549194336,0.19750213623046875,True,True,AlphaEdit_BLUE_L8_ONLY
AlphaEdit_L8_ONLY,80,PS,new,2,fa14177451d0cce32ab0bf1fd8bb89cfbccbca72d80d47907ca153aa2762161b,b4bc921d47826d02f3a2fc34242b3c800d398d37f4bee7ff1f67635033946fdb,28,0,23.497316360473633,-9.520886421203613,False,True,AlphaEdit_BLUE_L8_ONLY
AlphaEdit_L8_ONLY,80,PS,new,3,70e591693e7389120b06f75f5d04137fadaf2952936e92a9f40a6dbfff08cb4b,eadf72b1f5497e5919247a119e469029ec364d1515a37d7122e8348a1a526870,24,0,23.35419464111328,-0.5673122406005859,False,True,AlphaEdit_BLUE_L8_ONLY
AlphaEdit_L8_ONLY,80,PS,new,4,457688e7d8814939f04bd2fd51b989ce8077e2208068fd5b1281f176c1770ce6,faf6450be119cfcbc2e4d38a70bc5e2348fa22942067eeb7a3138d60b5fc4b64,8,0,23.147705078125,-1.1665763854980469,False,True,AlphaEdit_BLUE_L8_ONLY
AlphaEdit_L8_ONLY,80,PS,new,5,e2005612684e095b0f01ce4405a6b91696f4bf217eead420caa447632cb3aa94,15c25c8cb9af23e149387bd27d85b8a1369c157eba52f1da37ffe85124e77489,21,1,23.0516414642334,-2.2047500610351562,False,True,AlphaEdit_BLUE_L8_ONLY
AlphaEdit_L8_ONLY,80,PS,true,1,f1ccb771fbc21b9b204a9cc8784a434dead0cc81b0827df8d702675eb4f10d02,a30948e0cd849e5e0bb90fb6375cb41d3e3afb785b5c89c6f6048bab17251207,75,0,26.995786666870117,26.995623959432123,True,True,AlphaEdit_BLUE_L8_ONLY
AlphaEdit_L8_ONLY,80,PS,true,2,e6d41d208672a4e50b86d959f4a6254975e6fb9b0881166af52c9fe3b5825de2,e11ab46db7e5ecf44fd5167dadc11415ea239e0276a6999d90d482204a5c31fd,32,1,26.56070899963379,4.985116958618164,True,True,AlphaEdit_BLUE_L8_ONLY
AlphaEdit_L8_ONLY,80,PS,true,3,2b9f60efe3cd4073786e1242c882cd490abc914ffe9cc213995bbf324f1d9b54,9b5d4afadbe832db03c068c11fe8b37faa67f6c9dc19af5c05ce4949bcd4a760,42,1,25.024030685424805,0.19750213623046875,True,True,AlphaEdit_BLUE_L8_ONLY
AlphaEdit_L8_ONLY,80,PS,true,4,a869ea31c850c70fb6fbfab51aecef3c7bad5b3f307fc586859832b866eb4c9d,45b9432fc27b346da654cc44bf841d1cd70ace51cdaee2aff7d1e7ec23a3f3af,50,0,24.9669189453125,24.964962490135804,True,True,AlphaEdit_BLUE_L8_ONLY
AlphaEdit_L8_ONLY,80,PS,true,5,4f0791e8331170aff1c5f1d0f2082f1565fa08cc752be7743a1bccdf98a5d0e1,dfae781ae7ec9559b20c1484678b25187718f8dbc1c1aeec7a42196148a3a49a,59,1,24.93762969970703,24.93736044218531,True,True,AlphaEdit_BLUE_L8_ONLY
AlphaEdit_L8_ONLY,80,NS,new,1,115c08a62490bff35d2499453b1d120c023212ac1bd3a477d585155bdb2d2b81,72dc54d93906c8f25f105e805e6653f4f29704493b47dbdf2a54c37836ed826a,46,6,27.891342163085938,-9.973796844482422,True,True,AlphaEdit_BLUE_L8_ONLY
AlphaEdit_L8_ONLY,80,NS,new,2,94f8607915dff25f013e45fc0642fb9830b0fb25ab0ab46d477eaf1061def379,dcdd52d42f388258b5d5c36e2bd8cb5bad3a3cb4e1ec61c1f5af4546c6266484,44,9,26.80122184753418,-4.0340728759765625,True,True,AlphaEdit_BLUE_L8_ONLY
AlphaEdit_L8_ONLY,80,NS,new,3,c90b545c08aeacc643504c7a0a165cc1517fc246be87fb5ea8572316a2a604c6,6a617d28fe44df53d968c178d18afc4807983f49023f7bd59b628c1144276eb9,57,5,26.61104965209961,-4.5143585205078125,True,True,AlphaEdit_BLUE_L8_ONLY
AlphaEdit_L8_ONLY,80,NS,new,4,c7959307c9080cea6c514dace0d5ebad9ce71d3cc9bf9bccaf5d6d0db655ba00,7a25c54917981d7f0873579909d07fc8e9f74db79791487de5b7f3edaa251fe3,30,2,26.10346031188965,-3.904521942138672,True,True,AlphaEdit_BLUE_L8_ONLY
AlphaEdit_L8_ONLY,80,NS,new,5,a27fe0bfff17022440e3d9f89191cb147fc3ef24d535271a03cf7e685c69860f,275fa7b0c2704c57f45a33788090e95a5227c0b3422c300d218c0cef294f8e4d,29,1,25.641565322875977,-7.724033355712891,True,True,AlphaEdit_BLUE_L8_ONLY
AlphaEdit_L8_ONLY,80,NS,true,1,e4601657db43de263e21fa346d3f48b2bcaa887a16967456028f6f041526b665,331673b3199f49fed0942061293847bc4667acf4e499553ba1e46e7f6d927dca,79,1,24.634986877441406,24.633662981330417,False,True,AlphaEdit_BLUE_L8_ONLY
AlphaEdit_L8_ONLY,80,NS,true,2,af476da99919db8783a7ba00b7f2b93355b418d96be746dc7d94f0d06c656b9d,082b7cddf015482e0c5cb49791222c48768f8ca00680f162a056feac61972d41,79,8,24.63498306274414,3.3976974487304688,False,True,AlphaEdit_BLUE_L8_ONLY
AlphaEdit_L8_ONLY,80,NS,true,3,092f648c8f4deefbd5a15a17825410afefdde05a559fea8c487245797e3f3b27,c6f776e5893d444b175d5f17edb07a120ab24bdb94fa18250242d75f712a53f7,5,6,24.604740142822266,13.04968547821045,False,True,AlphaEdit_BLUE_L8_ONLY
AlphaEdit_L8_ONLY,80,NS,true,4,54224175e1520f2c0420e776379d28bdcf558699a96885f898b46b368534857a,4abf6d3e67f6e4c7602a0aefa4782c048773ec77580754078ac7021be1b029a8,39,5,24.604738235473633,7.202905654907227,False,True,AlphaEdit_BLUE_L8_ONLY
AlphaEdit_L8_ONLY,80,NS,true,5,58c6db79af2a8d0b31e696a2f40a4036033ad5135eed0e6388f77a16c3e4f344,4ca608f4f8a79397fd2d6cc868e8d375d31a325b355595ade1876f545503f61d,22,6,24.58136749267578,5.610542297363281,False,True,AlphaEdit_BLUE_L8_ONLY
AlphaEdit_L8_ONLY,90,RS,new,1,5e301268b40c29319ec67cf906d3a15a401835e5e5909a8bc713d7b482588091,859dcbadb6c88c1a669616bf7600da329ee59f87525a0497aea26597be32360e,10,0,24.307466506958008,1.6414318084716797,True,True,AlphaEdit_BLUE_L8_ONLY
AlphaEdit_L8_ONLY,90,RS,new,2,bc8db39f614342b78a67494dbece216d3726f6924b73563be34fc630ac1db7f5,c8c709aded7f898c2a0d7628e423dbe5ffd8c0dc242ebda2c478526b1f78d67b,13,0,21.468107223510742,-8.909408569335938,False,True,AlphaEdit_BLUE_L8_ONLY
AlphaEdit_L8_ONLY,90,RS,new,3,e2aab8e08a6b9259d75af99a4834614986995cad46ef3c4780dd540dc4c5da82,ef8b780b1a78e0ddb739998ac579d4c801601acb3e3a083003bf298124fa39e5,44,0,21.174455642700195,-4.343212127685547,False,True,AlphaEdit_BLUE_L8_ONLY
AlphaEdit_L8_ONLY,90,RS,new,4,a969134526e51e5f0a61fce7b4e1a368d65887517799ba408e21ed56840ddfed,82257f7d8bd4ed85d5096efc5c81dac65f62f6b966131fbad8db045373afaed1,34,0,20.004684448242188,0.7412776947021484,True,True,AlphaEdit_BLUE_L8_ONLY
AlphaEdit_L8_ONLY,90,RS,new,5,40b39ea6c2159767b4444e02ae797a44fd37b380cbb203c58c451dace3b6d4de,2ecf6e3ed7705331f914cb00ecc4198ffcecf92f78a78f447151856aa943e687,24,0,19.91272735595703,-4.9531707763671875,False,True,AlphaEdit_BLUE_L8_ONLY
AlphaEdit_L8_ONLY,90,RS,true,1,39188a258774b2db5aed44ddd719679f73b36b30740ae3ae1f706b6d0ef2c7c5,76858de5abbcc98ec9c29be2360784020253f1ba72eda274ee8b1816ca4b00b0,85,0,30.297361373901367,30.29717339851777,True,True,AlphaEdit_BLUE_L8_ONLY
AlphaEdit_L8_ONLY,90,RS,true,2,2ba9128962d18b83a6989e8e89a2f94fb0efadd40e8590dd2091fd9c8a390760,0f400cc7f98f7f9ec1627085a687acc76a91926fa8edd7c9970f452c7f76a0e3,85,0,28.092628479003906,28.09192896517925,True,True,AlphaEdit_BLUE_L8_ONLY
AlphaEdit_L8_ONLY,90,RS,true,3,d33b9fa9cb6aa8a8537caeed49164c6509200fedd516db0e69c792d55e1c6033,249a1366c83ce54c3515eb60b9b62a1a1af69736e8fe732f78840a15294c7099,63,0,27.813371658325195,27.811498609138653,True,True,AlphaEdit_BLUE_L8_ONLY
AlphaEdit_L8_ONLY,90,RS,true,4,17918fe6a941b63dd294394201ed76eb912f6288a0b0385686f187becfaafa4f,6596f82f125c01114e4d320904cfb3ca689d9b1a6c110ce0a9b810111e268947,86,0,27.764141082763672,27.763716311077587,True,True,AlphaEdit_BLUE_L8_ONLY
AlphaEdit_L8_ONLY,90,RS,true,5,45e7dc1278e5229f9656f1f15c8aed3571104f4c9613afbf869b78ab1f1f3b93,774611170ed802664b95980bdd1e02966de68393950e1becaad187449091ff3c,65,0,27.35346794128418,27.353274006571155,True,True,AlphaEdit_BLUE_L8_ONLY
AlphaEdit_L8_ONLY,90,PS,new,1,2b9f60efe3cd4073786e1242c882cd490abc914ffe9cc213995bbf324f1d9b54,9b5d4afadbe832db03c068c11fe8b37faa67f6c9dc19af5c05ce4949bcd4a760,42,1,23.79798698425293,-0.5873966217041016,False,True,AlphaEdit_BLUE_L8_ONLY
AlphaEdit_L8_ONLY,90,PS,new,2,fe8f16a41639d998dec5f84c0f458875f8e2041a42005b5440c992774e68e848,63ed7d621e1edc56ef76982d21b01ea4b1151debc8bc0428800dbb7cda59f681,49,0,23.717435836791992,-11.427956581115723,False,True,AlphaEdit_BLUE_L8_ONLY
AlphaEdit_L8_ONLY,90,PS,new,3,e6d41d208672a4e50b86d959f4a6254975e6fb9b0881166af52c9fe3b5825de2,e11ab46db7e5ecf44fd5167dadc11415ea239e0276a6999d90d482204a5c31fd,32,1,22.812580108642578,4.075626373291016,True,True,AlphaEdit_BLUE_L8_ONLY
AlphaEdit_L8_ONLY,90,PS,new,4,ede3b7fdd76caff72fdc9bce1bd19b2bb844ad2d93c0ea2e13e11cfd6bd086e7,79043b6360bab2377a4d59ab1009720291316c1c3390ba28ab59dff1338be895,46,0,22.21737289428711,-1.4681739807128906,False,True,AlphaEdit_BLUE_L8_ONLY
AlphaEdit_L8_ONLY,90,PS,new,5,fcc0df4b4cc5b19526a1f2bcd7a58a37f4dc2bfbfa755bc589eb038457e86b0a,9760b0aae28dff24907b908bb6d2c85d218932c7438d87145602aca424d38d9f,31,0,21.884031295776367,-8.083444595336914,False,True,AlphaEdit_BLUE_L8_ONLY
AlphaEdit_L8_ONLY,90,PS,true,1,926cc8165d099f794fb1158663debd5a446cfe4b8265e369025728a4097781f6,f2c785c0f923e5aa301e5e2ace788a571e20ed9e12968f4a42a2c2c318bd1839,87,0,27.921903610229492,27.921732440343476,True,True,AlphaEdit_BLUE_L8_ONLY
AlphaEdit_L8_ONLY,90,PS,true,2,7e12c7e6970c70720376462b93f5f17dfd85dba8b7c530f80fd85de0cb55e3d2,58b57f4c452f4a4e05c19b14e438701674608a215a90a232b8511b27549d743b,88,0,26.98438262939453,26.98223440279253,True,True,AlphaEdit_BLUE_L8_ONLY
AlphaEdit_L8_ONLY,90,PS,true,3,e6d41d208672a4e50b86d959f4a6254975e6fb9b0881166af52c9fe3b5825de2,e11ab46db7e5ecf44fd5167dadc11415ea239e0276a6999d90d482204a5c31fd,32,1,26.888206481933594,4.075626373291016,True,True,AlphaEdit_BLUE_L8_ONLY
AlphaEdit_L8_ONLY,90,PS,true,4,478c508995dbc97c8e6ff14eafd613c46811e7bd55bc0debb148ef8a5abdd74e,906e73f38b113ea84cfeca6a54e095ba6258dc19c645175b278f066007a756b3,87,0,26.462085723876953,26.461776900308905,True,True,AlphaEdit_BLUE_L8_ONLY
AlphaEdit_L8_ONLY,90,PS,true,5,4f0791e8331170aff1c5f1d0f2082f1565fa08cc752be7743a1bccdf98a5d0e1,dfae781ae7ec9559b20c1484678b25187718f8dbc1c1aeec7a42196148a3a49a,59,1,26.39403533935547,26.394001246080734,True,True,AlphaEdit_BLUE_L8_ONLY
AlphaEdit_L8_ONLY,90,NS,new,1,b46ebd04f5311f9bfe64dcbb0342aff46d983a0063e9d3aaf04f41f588885921,6cd39bd525ac6ef55e91699361c8cb74da3128a8e287b29f21bbc54d8b21abe3,68,7,26.82166290283203,-11.98263931274414,True,True,AlphaEdit_BLUE_L8_ONLY
AlphaEdit_L8_ONLY,90,NS,new,2,a7ef9d0560e2144949045a322a88b84796b7266688a6db1eb0d1a1688bf16950,3c3fa62a99422f68ee4fd70e1575579cbfce4668c9fd522bf9f3f75c09d98002,72,9,26.505815505981445,0.7933845520019531,False,True,AlphaEdit_BLUE_L8_ONLY
AlphaEdit_L8_ONLY,90,NS,new,3,0436486e51bfab4672ea2a64909ca9ce97035143f7b06d234548cb4bce4cf73a,265cc50450baf4909763d83796a65cf5d4788c2cab65e4d8bfb183b343a9715f,52,1,26.496559143066406,-11.657535552978516,True,True,AlphaEdit_BLUE_L8_ONLY
AlphaEdit_L8_ONLY,90,NS,new,4,7cec036ae38d7e91cda09da266c51858f00f9a1ab2b1ec61ef07f25215cdf5a8,2fbfc4612baa02d025986a83109674ab29d726fefe220f97c537bfedc8f06a9f,57,2,26.36965560913086,-3.4044456481933594,True,True,AlphaEdit_BLUE_L8_ONLY
AlphaEdit_L8_ONLY,90,NS,new,5,c90b545c08aeacc643504c7a0a165cc1517fc246be87fb5ea8572316a2a604c6,6a617d28fe44df53d968c178d18afc4807983f49023f7bd59b628c1144276eb9,57,5,26.201114654541016,-3.2358856201171875,True,True,AlphaEdit_BLUE_L8_ONLY
AlphaEdit_L8_ONLY,90,NS,true,1,96c5f63935aff2e9887df4e3307aa342ce43fe8a750000daac86c933eee2ba99,f2e25ab3f2f14a0c998e4cc87b84498734f1daba5b40668711bac3fc4f971637,38,3,29.43086814880371,4.178813934326172,False,True,AlphaEdit_BLUE_L8_ONLY
AlphaEdit_L8_ONLY,90,NS,true,2,d212b2ac736e3f60408ffe9fbc1d26ae901f8f477fb8b08ec03c9d6b0208ac2b,a791d65d5a4f67a48cacd6303f9a3392913a903bde20aca0536fe9e009ff2d17,40,4,27.58976173400879,2.1272659301757812,False,True,AlphaEdit_BLUE_L8_ONLY
AlphaEdit_L8_ONLY,90,NS,true,3,a7ef9d0560e2144949045a322a88b84796b7266688a6db1eb0d1a1688bf16950,3c3fa62a99422f68ee4fd70e1575579cbfce4668c9fd522bf9f3f75c09d98002,72,9,27.2992000579834,0.7933845520019531,False,True,AlphaEdit_BLUE_L8_ONLY
AlphaEdit_L8_ONLY,90,NS,true,4,691c6bc2f2720ec8fd10b99ec3ee5605db34681ebc236f6c05860f4004bdc547,2827424cdbdfe7c2571ac81a2be346b711e8b84c073584972c14c037ccce0cd0,74,4,26.669410705566406,8.618402481079102,False,True,AlphaEdit_BLUE_L8_ONLY
AlphaEdit_L8_ONLY,90,NS,true,5,8fefcee417a44a691660bcc4c2f079d1f73181f9a7bcd6bc0df92cd550d47d61,65ba53d07184d1ae49524b0a18ef7f4e3d5cba4ee3d0345d5d512da1abd8b308,8,6,26.326416015625,10.55357551574707,False,True,AlphaEdit_BLUE_L8_ONLY
AlphaEdit_L8_ONLY,100,RS,new,1,5e301268b40c29319ec67cf906d3a15a401835e5e5909a8bc713d7b482588091,859dcbadb6c88c1a669616bf7600da329ee59f87525a0497aea26597be32360e,10,0,22.013525009155273,0.5518264770507812,True,True,AlphaEdit_BLUE_L8_ONLY
AlphaEdit_L8_ONLY,100,RS,new,2,5cf5b8d22fe749d8cd6253d9be22ce3af04d0e5fcb688f778adebe528c9463a4,a9aa0aff8a6dd1e45d0b58ff1cad4cbc43b5f3eaa70182143aeafba825ab40bd,32,0,20.534133911132812,2.0484485626220703,True,True,AlphaEdit_BLUE_L8_ONLY
AlphaEdit_L8_ONLY,100,RS,new,3,45614290270f9909ee6ffe6f52ae5f8360be81fec6d3868d8022e2d200be3de4,cb246fd93d16913a0eb0ce1ba86d110622df4b8ef70287baa31cd3e6e3f12bb9,8,0,20.527935028076172,-8.77158260345459,False,True,AlphaEdit_BLUE_L8_ONLY
AlphaEdit_L8_ONLY,100,RS,new,4,a969134526e51e5f0a61fce7b4e1a368d65887517799ba408e21ed56840ddfed,82257f7d8bd4ed85d5096efc5c81dac65f62f6b966131fbad8db045373afaed1,34,0,19.80869483947754,1.1911678314208984,True,True,AlphaEdit_BLUE_L8_ONLY
AlphaEdit_L8_ONLY,100,RS,new,5,bb34d581b8484ccf0a5abf61dc3e7cd0b71c44ee118705c215e035404e2baef7,d3d3f9912b6bd536de9969e24968e13d97bf1f35095e185dda5a47d6c95a9025,35,0,19.36351776123047,4.483966827392578,True,True,AlphaEdit_BLUE_L8_ONLY
AlphaEdit_L8_ONLY,100,RS,true,1,f3c39d0642f4bd32009e7a6bebdfa2be2ae56c3bc16d22dfb9e6e791c316ee37,37714420ea20867fb124ef5ed3982d93ab9801bc38bcf34d7bbf3afd0eebd93f,79,0,30.225969314575195,30.225756071900832,True,True,AlphaEdit_BLUE_L8_ONLY
AlphaEdit_L8_ONLY,100,RS,true,2,39188a258774b2db5aed44ddd719679f73b36b30740ae3ae1f706b6d0ef2c7c5,76858de5abbcc98ec9c29be2360784020253f1ba72eda274ee8b1816ca4b00b0,85,0,29.045820236206055,29.045184814196546,True,True,AlphaEdit_BLUE_L8_ONLY
AlphaEdit_L8_ONLY,100,RS,true,3,45e7dc1278e5229f9656f1f15c8aed3571104f4c9613afbf869b78ab1f1f3b93,774611170ed802664b95980bdd1e02966de68393950e1becaad187449091ff3c,65,0,28.649839401245117,28.649705776566407,True,True,AlphaEdit_BLUE_L8_ONLY
AlphaEdit_L8_ONLY,100,RS,true,4,bf163743e96880dc3186b9e050079f9453b29ab0149e12d6e18942ed513ddbee,0335d6cc4a8317fe70991fd25262a947ecc49d4426d3671854e5f112314bb5e0,65,0,28.271766662597656,28.270248136133887,True,True,AlphaEdit_BLUE_L8_ONLY
AlphaEdit_L8_ONLY,100,RS,true,5,f4cf9599d00abda5810892ae5c901053a89f4095d95000a51a76b2e73dee6d06,5a67cb4c5effc9b0ac7b7b07cf33f62c677602d7a3a5695f7d767e77191b373d,76,0,27.641460418701172,27.641164823347935,True,True,AlphaEdit_BLUE_L8_ONLY
AlphaEdit_L8_ONLY,100,PS,new,1,6ae7459606532eb6f58728b4be78bbf518f13d62729a759f70b26d8cfe11caa4,c798ff236775fc77c965c666e17d1ac6c40cc09de38ff1a0220d0899ce91540b,27,1,26.18941307067871,-5.971494674682617,False,True,AlphaEdit_BLUE_L8_ONLY
AlphaEdit_L8_ONLY,100,PS,new,2,e8a932aa6d75118b93fdb928ea6df695b8764348680df0999b61fdf5f5c3227e,0119916185afd034f020344b5736ee46ddce8e866608b6e05250043a22f567a8,34,0,24.75802993774414,-2.3107681274414062,False,True,AlphaEdit_BLUE_L8_ONLY
AlphaEdit_L8_ONLY,100,PS,new,3,f2472c5ec828ce28052b6ac9b556c251a00e2722dec5c411cb75b47ba44a55f0,1335674b2d00e608cea534fc73301ed79e175d73ef1cdbbe5ae69ae9467bd838,38,0,24.466934204101562,-6.991340637207031,False,True,AlphaEdit_BLUE_L8_ONLY
AlphaEdit_L8_ONLY,100,PS,new,4,eb84c0688c3a9382649d65efda16cbf68d073d3aef8c589c7fcb9641f9e59fba,4baf221cb8610f2ef3c047720ee3c16c5dfe1a30c44761d8e4b6b8123dd325a4,21,1,24.439943313598633,-7.935800552368164,False,True,AlphaEdit_BLUE_L8_ONLY
AlphaEdit_L8_ONLY,100,PS,new,5,fe8f16a41639d998dec5f84c0f458875f8e2041a42005b5440c992774e68e848,63ed7d621e1edc56ef76982d21b01ea4b1151debc8bc0428800dbb7cda59f681,49,0,24.366788864135742,-8.792960166931152,False,True,AlphaEdit_BLUE_L8_ONLY
AlphaEdit_L8_ONLY,100,PS,true,1,1894a468fa31d5cce8f328362b45aac73f7f40eca0f944a99d3a00f8d1d3d01a,0f788303594df31ba851d727020a58405f20d9e2e893c7e26ce8cc8653a4dd45,88,1,28.078369140625,28.07823074821499,True,True,AlphaEdit_BLUE_L8_ONLY
AlphaEdit_L8_ONLY,100,PS,true,2,926cc8165d099f794fb1158663debd5a446cfe4b8265e369025728a4097781f6,f2c785c0f923e5aa301e5e2ace788a571e20ed9e12968f4a42a2c2c318bd1839,87,0,27.795808792114258,27.795443839859217,True,True,AlphaEdit_BLUE_L8_ONLY
AlphaEdit_L8_ONLY,100,PS,true,3,7e12c7e6970c70720376462b93f5f17dfd85dba8b7c530f80fd85de0cb55e3d2,58b57f4c452f4a4e05c19b14e438701674608a215a90a232b8511b27549d743b,88,0,27.61627197265625,27.614928552298807,True,True,AlphaEdit_BLUE_L8_ONLY
AlphaEdit_L8_ONLY,100,PS,true,4,39188a258774b2db5aed44ddd719679f73b36b30740ae3ae1f706b6d0ef2c7c5,175ab127ce82bb0393d4c689c3edc41eb9bcd173afd58fbeb35e568f246caa9f,85,0,26.98050308227539,26.97644414845854,True,True,AlphaEdit_BLUE_L8_ONLY
AlphaEdit_L8_ONLY,100,PS,true,5,e6d41d208672a4e50b86d959f4a6254975e6fb9b0881166af52c9fe3b5825de2,e11ab46db7e5ecf44fd5167dadc11415ea239e0276a6999d90d482204a5c31fd,32,1,26.94877052307129,4.910112380981445,True,True,AlphaEdit_BLUE_L8_ONLY
AlphaEdit_L8_ONLY,100,NS,new,1,99c210ec946dcbc79d0c7aceaaa47db34174e6d2e6cad987b848cd95dabd228e,54ac4bdf4fe52d201eedc3dba989bcd1bd62b53cbf907d6b945f49554e300d38,39,4,30.673294067382812,-18.083934783935547,True,True,AlphaEdit_BLUE_L8_ONLY
AlphaEdit_L8_ONLY,100,NS,new,2,71c4994de8c7229a52e3604ac09bf401fd541139f7f93116f64859048e5b40ea,9ea24d5384e2a17a3d802bd275f4c391ad94a0549cde0caa0341cf70241b0f84,98,2,30.555339813232422,-5.474042892456055,True,True,AlphaEdit_BLUE_L8_ONLY
AlphaEdit_L8_ONLY,100,NS,new,3,f81bea8299b9e309920c76e8b38cddd9a935c6333ef97d723a105fb2ee1ec859,10b67d14118cefbea7083435cf7479bdeacbd4b52441f2d92561c79c91ee9421,97,8,28.54511260986328,-9.705810546875,True,True,AlphaEdit_BLUE_L8_ONLY
AlphaEdit_L8_ONLY,100,NS,new,4,da7fa6ef2049a8be605a0ac552bb06d6e20de414787334b5887cc84e659c12a6,fb8ab5e244a0bb986931d687e0616eecf1cd8192b7dbd756675e4ba4d3489670,98,5,27.42790412902832,-5.779848098754883,True,True,AlphaEdit_BLUE_L8_ONLY
AlphaEdit_L8_ONLY,100,NS,new,5,8033b0c1005f6d8e524a80001d367ac45563cac8cfa3df93031d92c46aaac982,592c62bcb235adedbb5238ee6389415bcaea0c69842782064bf1975f0c5015a8,52,5,27.215356826782227,-8.033567428588867,True,True,AlphaEdit_BLUE_L8_ONLY
AlphaEdit_L8_ONLY,100,NS,true,1,691c6bc2f2720ec8fd10b99ec3ee5605db34681ebc236f6c05860f4004bdc547,2827424cdbdfe7c2571ac81a2be346b711e8b84c073584972c14c037ccce0cd0,74,4,28.24881362915039,9.726844787597656,False,True,AlphaEdit_BLUE_L8_ONLY
AlphaEdit_L8_ONLY,100,NS,true,2,4753e699ede615170936d7dd4c55a57c11c2965a2f8854e9d5738a387aa11e3a,3bd1f94f1697a4bacfcfd32a67e92fee960eeef107cb8e32e471405035584422,45,4,26.91090202331543,-0.038852691650390625,True,True,AlphaEdit_BLUE_L8_ONLY
AlphaEdit_L8_ONLY,100,NS,true,3,35c95bf7027ef47bbfc73590d84b1836da715b165037f7ebce3cf4d22334b47c,cd85b5f4eab44e4c217e2dab5c4d925d8aa21885d5ab8c8078cccd2df56bd9a9,13,3,26.321134567260742,9.577611923217773,False,True,AlphaEdit_BLUE_L8_ONLY
AlphaEdit_L8_ONLY,100,NS,true,4,6f48dbb134b5fb7bb2387ccc94ce11c1173c9dda2b6adc5e31ad500cfe6395e4,0c113155b87baea44cf36b27beda08c948a2960f0891912b0bf370aca4c4f1dc,88,3,26.321128845214844,9.40756607055664,False,True,AlphaEdit_BLUE_L8_ONLY
AlphaEdit_L8_ONLY,100,NS,true,5,96c5f63935aff2e9887df4e3307aa342ce43fe8a750000daac86c933eee2ba99,f2e25ab3f2f14a0c998e4cc87b84498734f1daba5b40668711bac3fc4f971637,38,3,26.13606834411621,3.5381317138671875,False,True,AlphaEdit_BLUE_L8_ONLY
