server,model,role,series,task,arm,cell_id,batch,layer,count,min,median,mean,max,cheapest_count_ties_included,beta_base_mean,beta_max_mean
server1,GPT2-XL,ours,price,jlz-price-gpt2xl-2k,MEMIT_CAP075,1,1,13,100,1.0,1.0915346117676026,1.1304542202393535,1.6077582270313644,37,0.75,1.008922909627203
server1,GPT2-XL,ours,price,jlz-price-gpt2xl-2k,MEMIT_CAP075,1,1,14,100,1.0,1.1254587539749579,1.1552232470557005,1.5700605993335661,20,0.75,1.008922909627203
server1,GPT2-XL,ours,price,jlz-price-gpt2xl-2k,MEMIT_CAP075,1,1,15,100,1.0,1.1617914031701404,1.1642788972289284,1.5811986766523,17,0.75,1.008922909627203
server1,GPT2-XL,ours,price,jlz-price-gpt2xl-2k,MEMIT_CAP075,1,1,16,100,1.0,1.1826126137452704,1.2033269939372402,1.743121133863032,12,0.75,1.008922909627203
server1,GPT2-XL,ours,price,jlz-price-gpt2xl-2k,MEMIT_CAP075,1,1,17,100,1.0,1.1669279127399288,1.1840040751265213,1.698997520525693,14,0.75,1.008922909627203
server1,GPT2-XL,ours,price,jlz-price-gpt2xl-2k,MEMIT_CAP075,1,2,13,100,1.0,1.0373536673567165,1.094910299075297,1.6283744265491271,43,0.75,1.038228299794829
server1,GPT2-XL,ours,price,jlz-price-gpt2xl-2k,MEMIT_CAP075,1,2,14,100,1.0,1.1102792519374356,1.1424515918650637,1.6424847708710852,23,0.75,1.038228299794829
server1,GPT2-XL,ours,price,jlz-price-gpt2xl-2k,MEMIT_CAP075,1,2,15,100,1.0,1.2270149296090904,1.2347032647919072,1.8778884392240043,10,0.75,1.038228299794829
server1,GPT2-XL,ours,price,jlz-price-gpt2xl-2k,MEMIT_CAP075,1,2,16,100,1.0,1.256805298486761,1.2728789843362678,1.8804805349366684,4,0.75,1.038228299794829
server1,GPT2-XL,ours,price,jlz-price-gpt2xl-2k,MEMIT_CAP075,1,2,17,100,1.0,1.1462159022663934,1.186593655476916,1.674707807941262,20,0.75,1.038228299794829
server1,GPT2-XL,ours,price,jlz-price-gpt2xl-2k,MEMIT_CAP075,1,3,13,100,1.0,1.0616174822526583,1.1107394396357886,1.4860401710719358,38,0.75,1.0989968096476272
server1,GPT2-XL,ours,price,jlz-price-gpt2xl-2k,MEMIT_CAP075,1,3,14,100,1.0,1.0392831242451654,1.0868067203087417,1.4868830780726958,44,0.75,1.0989968096476272
server1,GPT2-XL,ours,price,jlz-price-gpt2xl-2k,MEMIT_CAP075,1,3,15,100,1.0,1.2868086065925983,1.2969576327977959,1.7656737429044724,4,0.75,1.0989968096476272
server1,GPT2-XL,ours,price,jlz-price-gpt2xl-2k,MEMIT_CAP075,1,3,16,100,1.0,1.3642222311439125,1.3736421625422235,1.8607904514214857,2,0.75,1.0989968096476272
server1,GPT2-XL,ours,price,jlz-price-gpt2xl-2k,MEMIT_CAP075,1,3,17,100,1.0,1.2534264757250226,1.2941431001194528,1.9326982367646066,12,0.75,1.0989968096476272
server1,GPT2-XL,ours,price,jlz-price-gpt2xl-2k,MEMIT_CAP075,1,4,13,100,1.0,1.0,1.0674774139812864,1.4423305800353559,56,0.75,1.1445647853979097
server1,GPT2-XL,ours,price,jlz-price-gpt2xl-2k,MEMIT_CAP075,1,4,14,100,1.0,1.05099247875448,1.1099322417442556,1.518619707891918,37,0.75,1.1445647853979097
server1,GPT2-XL,ours,price,jlz-price-gpt2xl-2k,MEMIT_CAP075,1,4,15,100,1.0,1.310774456890758,1.3133327284629246,1.7500926978307276,2,0.75,1.1445647853979097
server1,GPT2-XL,ours,price,jlz-price-gpt2xl-2k,MEMIT_CAP075,1,4,16,100,1.0,1.3816190763286644,1.4047576827060049,2.098063869255181,1,0.75,1.1445647853979097
server1,GPT2-XL,ours,price,jlz-price-gpt2xl-2k,MEMIT_CAP075,1,4,17,100,1.0,1.4206682155221664,1.4117211447658369,2.436280046089109,4,0.75,1.1445647853979097
server1,GPT2-XL,ours,price,jlz-price-gpt2xl-2k,MEMIT_CAP075,1,5,13,100,1.0,1.0,1.0371517671013613,1.4097851267671058,64,0.75,1.2337841553707158
server1,GPT2-XL,ours,price,jlz-price-gpt2xl-2k,MEMIT_CAP075,1,5,14,100,1.0,1.0496740543490182,1.1078870001958787,1.6423181646553235,35,0.75,1.2337841553707158
server1,GPT2-XL,ours,price,jlz-price-gpt2xl-2k,MEMIT_CAP075,1,5,15,100,1.0,1.3632576075539193,1.3862084988461099,1.8984378278659098,1,0.75,1.2337841553707158
server1,GPT2-XL,ours,price,jlz-price-gpt2xl-2k,MEMIT_CAP075,1,5,16,100,1.0409499058759257,1.5500214398077068,1.5713936503052144,2.856930932700287,0,0.75,1.2337841553707158
server1,GPT2-XL,ours,price,jlz-price-gpt2xl-2k,MEMIT_CAP075,1,5,17,100,1.0522996730103933,1.4773851720905993,1.5048111277678633,2.5741120557581607,0,0.75,1.2337841553707158
server1,GPT2-XL,ours,price,jlz-price-gpt2xl-2k,MEMIT_CAP075,1,6,13,100,1.0,1.0,1.0245891850240854,1.29633436814876,78,0.75,1.3544893488032583
server1,GPT2-XL,ours,price,jlz-price-gpt2xl-2k,MEMIT_CAP075,1,6,14,100,1.0,1.165369222113998,1.1827867542706088,1.6201320062720448,19,0.75,1.3544893488032583
server1,GPT2-XL,ours,price,jlz-price-gpt2xl-2k,MEMIT_CAP075,1,6,15,100,1.0,1.3935913164897764,1.4489661073113551,2.4055210892695564,1,0.75,1.3544893488032583
server1,GPT2-XL,ours,price,jlz-price-gpt2xl-2k,MEMIT_CAP075,1,6,16,100,1.0687433231166612,1.7438691003305238,1.7612048571063057,2.787795588986857,0,0.75,1.3544893488032583
server1,GPT2-XL,ours,price,jlz-price-gpt2xl-2k,MEMIT_CAP075,1,6,17,100,1.0,1.59658408773884,1.6227988652720033,2.948156529977281,2,0.75,1.3544893488032583
server1,GPT2-XL,ours,price,jlz-price-gpt2xl-2k,MEMIT_CAP075,1,7,13,100,1.0,1.0,1.0174160757663284,1.2569262586782415,82,0.75,1.417874304536934
server1,GPT2-XL,ours,price,jlz-price-gpt2xl-2k,MEMIT_CAP075,1,7,14,100,1.0,1.156167164825531,1.1648104781194593,1.4491500071789785,16,0.75,1.417874304536934
server1,GPT2-XL,ours,price,jlz-price-gpt2xl-2k,MEMIT_CAP075,1,7,15,100,1.0,1.5089756376593124,1.5236226733105884,2.0589920304668206,1,0.75,1.417874304536934
server1,GPT2-XL,ours,price,jlz-price-gpt2xl-2k,MEMIT_CAP075,1,7,16,100,1.108341344366961,1.762321636139586,1.822957770626862,2.761441193758634,0,0.75,1.417874304536934
server1,GPT2-XL,ours,price,jlz-price-gpt2xl-2k,MEMIT_CAP075,1,7,17,100,1.0,1.6659962987129817,1.7120923282769587,2.7901645245194047,1,0.75,1.417874304536934
server1,GPT2-XL,ours,price,jlz-price-gpt2xl-2k,MEMIT_CAP075,1,8,13,100,1.0,1.0,1.0084316076234772,1.2083053195774118,86,0.75,1.5148964729689296
server1,GPT2-XL,ours,price,jlz-price-gpt2xl-2k,MEMIT_CAP075,1,8,14,100,1.0,1.2313858138243972,1.2402111725677767,1.8780469622376044,11,0.75,1.5148964729689296
server1,GPT2-XL,ours,price,jlz-price-gpt2xl-2k,MEMIT_CAP075,1,8,15,100,1.028758324903692,1.623567410461269,1.664871611569023,2.8258176442095824,0,0.75,1.5148964729689296
server1,GPT2-XL,ours,price,jlz-price-gpt2xl-2k,MEMIT_CAP075,1,8,16,100,1.0932004680598357,1.9251606442363887,1.9649449092972855,3.1194386942412793,0,0.75,1.5148964729689296
server1,GPT2-XL,ours,price,jlz-price-gpt2xl-2k,MEMIT_CAP075,1,8,17,100,1.0,1.7049610059047118,1.7555190307172814,3.3738795360086806,3,0.75,1.5148964729689296
server1,GPT2-XL,ours,price,jlz-price-gpt2xl-2k,MEMIT_CAP075,1,9,13,100,1.0,1.0,1.020303414834143,1.4091419918802268,86,0.75,1.4478509961441897
server1,GPT2-XL,ours,price,jlz-price-gpt2xl-2k,MEMIT_CAP075,1,9,14,100,1.0,1.191229048516277,1.232622833852996,1.878635220471954,9,0.75,1.4478509961441897
server1,GPT2-XL,ours,price,jlz-price-gpt2xl-2k,MEMIT_CAP075,1,9,15,100,1.0,1.6424419810727242,1.6082893919688388,2.1370765916267374,2,0.75,1.4478509961441897
server1,GPT2-XL,ours,price,jlz-price-gpt2xl-2k,MEMIT_CAP075,1,9,16,100,1.0,1.796788714344535,1.8419287019632076,3.0131656811565755,1,0.75,1.4478509961441897
server1,GPT2-XL,ours,price,jlz-price-gpt2xl-2k,MEMIT_CAP075,1,9,17,100,1.0,1.7365260823566575,1.7504617042250568,2.934884731275229,2,0.75,1.4478509961441897
server1,GPT2-XL,ours,price,jlz-price-gpt2xl-2k,MEMIT_CAP075,1,10,13,100,1.0,1.0,1.024397778326257,1.504160397843117,85,0.75,1.5140496144569966
server1,GPT2-XL,ours,price,jlz-price-gpt2xl-2k,MEMIT_CAP075,1,10,14,100,1.0,1.2120014215442922,1.2541565740880454,2.098497395905258,11,0.75,1.5140496144569966
server1,GPT2-XL,ours,price,jlz-price-gpt2xl-2k,MEMIT_CAP075,1,10,15,100,1.0210318950780022,1.6761243285800687,1.730003282751114,2.53323083002689,0,0.75,1.5140496144569966
server1,GPT2-XL,ours,price,jlz-price-gpt2xl-2k,MEMIT_CAP075,1,10,16,100,1.1606660411383543,1.8645170721417248,1.957564576554636,4.6246014545146545,0,0.75,1.5140496144569966
server1,GPT2-XL,ours,price,jlz-price-gpt2xl-2k,MEMIT_CAP075,1,10,17,100,1.0,1.6534704405656049,1.7499165512659953,3.4330915543144864,4,0.75,1.5140496144569966
server1,GPT2-XL,ours,price,jlz-price-gpt2xl-2k,MEMIT_CAP075,1,11,13,100,1.0,1.0,1.012867119517327,1.2048552611191214,86,0.75,1.6701791254262395
server1,GPT2-XL,ours,price,jlz-price-gpt2xl-2k,MEMIT_CAP075,1,11,14,100,1.0,1.205628161369201,1.239199930653137,1.843767028634597,10,0.75,1.6701791254262395
server1,GPT2-XL,ours,price,jlz-price-gpt2xl-2k,MEMIT_CAP075,1,11,15,100,1.0,1.8193007198636526,1.818391649667422,2.700177138043206,1,0.75,1.6701791254262395
server1,GPT2-XL,ours,price,jlz-price-gpt2xl-2k,MEMIT_CAP075,1,11,16,100,1.3147121955298144,2.153345213941106,2.18790609637133,3.5909669628155534,0,0.75,1.6701791254262395
server1,GPT2-XL,ours,price,jlz-price-gpt2xl-2k,MEMIT_CAP075,1,11,17,100,1.0,1.8523955123500737,1.9336798656611844,3.2054352384266243,3,0.75,1.6701791254262395
server1,GPT2-XL,ours,price,jlz-price-gpt2xl-2k,MEMIT_CAP075,1,12,13,100,1.0,1.0,1.0078364165926808,1.2828976638436056,92,0.75,1.6557088776209499
server1,GPT2-XL,ours,price,jlz-price-gpt2xl-2k,MEMIT_CAP075,1,12,14,100,1.0,1.2371369764001137,1.274029319882774,2.0477154794782506,8,0.75,1.6557088776209499
server1,GPT2-XL,ours,price,jlz-price-gpt2xl-2k,MEMIT_CAP075,1,12,15,100,1.060972315578146,1.7862355775777181,1.7986213608567139,3.066549476103737,0,0.75,1.6557088776209499
server1,GPT2-XL,ours,price,jlz-price-gpt2xl-2k,MEMIT_CAP075,1,12,16,100,1.325919802812577,2.115587858190908,2.1937687318126153,4.216210191080681,0,0.75,1.6557088776209499
server1,GPT2-XL,ours,price,jlz-price-gpt2xl-2k,MEMIT_CAP075,1,12,17,100,1.0546351862725591,1.643619830359837,1.79074383298206,3.430256651280882,0,0.75,1.6557088776209499
server1,GPT2-XL,ours,price,jlz-price-gpt2xl-2k,MEMIT_CAP075,1,13,13,100,1.0,1.0,1.0163584486924346,1.4905280601890185,88,0.75,1.5662262021804154
server1,GPT2-XL,ours,price,jlz-price-gpt2xl-2k,MEMIT_CAP075,1,13,14,100,1.0,1.2793375009945902,1.3020311035760896,2.057450310203829,9,0.75,1.5662262021804154
server1,GPT2-XL,ours,price,jlz-price-gpt2xl-2k,MEMIT_CAP075,1,13,15,100,1.0,1.6842531483144847,1.7382127626932558,2.843778501248262,1,0.75,1.5662262021804154
server1,GPT2-XL,ours,price,jlz-price-gpt2xl-2k,MEMIT_CAP075,1,13,16,100,1.037504966784602,1.9818822213403995,2.0332118891321094,3.526971921523986,0,0.75,1.5662262021804154
server1,GPT2-XL,ours,price,jlz-price-gpt2xl-2k,MEMIT_CAP075,1,13,17,100,1.0,1.686131795301095,1.7121010308247162,2.850977172623522,2,0.75,1.5662262021804154
server1,GPT2-XL,ours,price,jlz-price-gpt2xl-2k,MEMIT_CAP075,1,14,13,100,1.0,1.0,1.021068629281855,1.2559303729037634,78,0.75,1.4500696082159552
server1,GPT2-XL,ours,price,jlz-price-gpt2xl-2k,MEMIT_CAP075,1,14,14,100,1.0,1.1769426315733749,1.1901265337321438,1.6259781731819645,14,0.75,1.4500696082159552
server1,GPT2-XL,ours,price,jlz-price-gpt2xl-2k,MEMIT_CAP075,1,14,15,100,1.0753804911258302,1.610758828117575,1.6398059545187735,2.7309678558557575,0,0.75,1.4500696082159552
server1,GPT2-XL,ours,price,jlz-price-gpt2xl-2k,MEMIT_CAP075,1,14,16,100,1.0977596225061181,1.77387630767722,1.8925157516632065,3.425236224824321,0,0.75,1.4500696082159552
server1,GPT2-XL,ours,price,jlz-price-gpt2xl-2k,MEMIT_CAP075,1,14,17,100,1.0,1.491540682516244,1.5971667881170142,3.394848746849164,8,0.75,1.4500696082159552
server1,GPT2-XL,ours,price,jlz-price-gpt2xl-2k,MEMIT_CAP075,1,15,13,100,1.0,1.0,1.0158617513877686,1.6091391250152745,88,0.75,1.6188095336559047
server1,GPT2-XL,ours,price,jlz-price-gpt2xl-2k,MEMIT_CAP075,1,15,14,100,1.0,1.2490316418313476,1.2730242121414996,1.773747772005454,9,0.75,1.6188095336559047
server1,GPT2-XL,ours,price,jlz-price-gpt2xl-2k,MEMIT_CAP075,1,15,15,100,1.0580235757418155,1.7704499708178592,1.8644000006425099,3.030915656232721,0,0.75,1.6188095336559047
server1,GPT2-XL,ours,price,jlz-price-gpt2xl-2k,MEMIT_CAP075,1,15,16,100,1.0250260921800272,1.962394640697913,2.133962271117759,3.706258469490399,0,0.75,1.6188095336559047
server1,GPT2-XL,ours,price,jlz-price-gpt2xl-2k,MEMIT_CAP075,1,15,17,100,1.0,1.6968972218802367,1.7688987030369097,3.0232650155979846,3,0.75,1.6188095336559047
server1,GPT2-XL,ours,price,jlz-price-gpt2xl-2k,MEMIT_CAP075,1,16,13,100,1.0,1.0,1.0166018175693172,1.6407088080854242,86,0.75,1.591739683983081
server1,GPT2-XL,ours,price,jlz-price-gpt2xl-2k,MEMIT_CAP075,1,16,14,100,1.0,1.250326878782972,1.2797938870855625,1.8040555439214254,8,0.75,1.591739683983081
server1,GPT2-XL,ours,price,jlz-price-gpt2xl-2k,MEMIT_CAP075,1,16,15,100,1.0611096221872744,1.7752474723658014,1.8270474895567212,2.817124824579343,0,0.75,1.591739683983081
server1,GPT2-XL,ours,price,jlz-price-gpt2xl-2k,MEMIT_CAP075,1,16,16,100,1.1226168317492236,2.0219695498735737,2.0895250656081283,3.773196882236488,0,0.75,1.591739683983081
server1,GPT2-XL,ours,price,jlz-price-gpt2xl-2k,MEMIT_CAP075,1,16,17,100,1.0,1.6365391629990604,1.7268512340420985,3.041243342287888,6,0.75,1.591739683983081
server1,GPT2-XL,ours,price,jlz-price-gpt2xl-2k,MEMIT_CAP075,1,17,13,100,1.0,1.0,1.0188461976382868,1.7948329527688704,88,0.75,1.6976349983101546
server1,GPT2-XL,ours,price,jlz-price-gpt2xl-2k,MEMIT_CAP075,1,17,14,100,1.0,1.3777582470064293,1.3636700106338786,2.256992740988934,8,0.75,1.6976349983101546
server1,GPT2-XL,ours,price,jlz-price-gpt2xl-2k,MEMIT_CAP075,1,17,15,100,1.0,1.9251293930432096,1.9382198708240848,2.991714204631018,1,0.75,1.6976349983101546
server1,GPT2-XL,ours,price,jlz-price-gpt2xl-2k,MEMIT_CAP075,1,17,16,100,1.0,2.185209624157028,2.212619248602905,3.5903666010742064,1,0.75,1.6976349983101546
server1,GPT2-XL,ours,price,jlz-price-gpt2xl-2k,MEMIT_CAP075,1,17,17,100,1.0,1.71945097144913,1.7516151058678764,3.1579092151492567,2,0.75,1.6976349983101546
server1,GPT2-XL,ours,price,jlz-price-gpt2xl-2k,MEMIT_CAP075,1,18,13,100,1.0,1.0,1.0165505431122814,1.380040164473822,85,0.75,1.597171538653184
server1,GPT2-XL,ours,price,jlz-price-gpt2xl-2k,MEMIT_CAP075,1,18,14,100,1.0,1.2704150788778668,1.283493383304136,1.9316681431559835,7,0.75,1.597171538653184
server1,GPT2-XL,ours,price,jlz-price-gpt2xl-2k,MEMIT_CAP075,1,18,15,100,1.0350777137399956,1.7405924100924524,1.7795159214767133,2.9976647045410867,0,0.75,1.597171538653184
server1,GPT2-XL,ours,price,jlz-price-gpt2xl-2k,MEMIT_CAP075,1,18,16,100,1.0689660314212266,1.95984246405665,2.066913349973934,3.5578413582299038,0,0.75,1.597171538653184
server1,GPT2-XL,ours,price,jlz-price-gpt2xl-2k,MEMIT_CAP075,1,18,17,100,1.0,1.6338503807388833,1.7123780429379858,3.2540878895743015,8,0.75,1.597171538653184
server1,GPT2-XL,ours,price,jlz-price-gpt2xl-2k,MEMIT_CAP075,1,19,13,100,1.0,1.0,1.0148849687207586,1.2994102627400832,88,0.75,1.6717430306351557
server1,GPT2-XL,ours,price,jlz-price-gpt2xl-2k,MEMIT_CAP075,1,19,14,100,1.0,1.2791942160014598,1.3212561414989936,1.8994013134528953,8,0.75,1.6717430306351557
server1,GPT2-XL,ours,price,jlz-price-gpt2xl-2k,MEMIT_CAP075,1,19,15,100,1.1975564945729358,1.8141423705937765,1.9189218404235606,3.5500454456128874,0,0.75,1.6717430306351557
server1,GPT2-XL,ours,price,jlz-price-gpt2xl-2k,MEMIT_CAP075,1,19,16,100,1.2585066339113329,2.158755211466312,2.206484584786711,4.7736423792589715,0,0.75,1.6717430306351557
server1,GPT2-XL,ours,price,jlz-price-gpt2xl-2k,MEMIT_CAP075,1,19,17,100,1.0,1.794830053417746,1.7826263423599724,3.3274473550798493,4,0.75,1.6717430306351557
server1,GPT2-XL,ours,price,jlz-price-gpt2xl-2k,MEMIT_CAP075,1,20,13,100,1.0,1.0,1.0171511892098994,1.5707280011013902,92,0.75,1.7604994841547192
server1,GPT2-XL,ours,price,jlz-price-gpt2xl-2k,MEMIT_CAP075,1,20,14,100,1.0,1.2827815839611403,1.3161365193049208,1.8741988386335724,3,0.75,1.7604994841547192
server1,GPT2-XL,ours,price,jlz-price-gpt2xl-2k,MEMIT_CAP075,1,20,15,100,1.1404794070472974,2.000460534528464,2.008133093509314,3.8497281819037585,0,0.75,1.7604994841547192
server1,GPT2-XL,ours,price,jlz-price-gpt2xl-2k,MEMIT_CAP075,1,20,16,100,1.0,2.1962522542956657,2.3191804087365506,4.389957907235472,1,0.75,1.7604994841547192
server1,GPT2-XL,ours,price,jlz-price-gpt2xl-2k,MEMIT_CAP075,1,20,17,100,1.0,1.8056975358740406,1.8261300264575138,3.391326894674348,4,0.75,1.7604994841547192
server1,GPT2-XL,ours,price,jlz-price-gpt2xl-2k,MEMIT_CAP100,2,1,13,100,1.0,1.0915346117676026,1.1304542202393535,1.6077582270313644,37,1.0,1.0461645256666583
server1,GPT2-XL,ours,price,jlz-price-gpt2xl-2k,MEMIT_CAP100,2,1,14,100,1.0,1.1254587539749579,1.1552232470557005,1.5700605993335661,20,1.0,1.0461645256666583
server1,GPT2-XL,ours,price,jlz-price-gpt2xl-2k,MEMIT_CAP100,2,1,15,100,1.0,1.1617914031701404,1.1642788972289284,1.5811986766523,17,1.0,1.0461645256666583
server1,GPT2-XL,ours,price,jlz-price-gpt2xl-2k,MEMIT_CAP100,2,1,16,100,1.0,1.1826126137452704,1.2033269939372402,1.743121133863032,12,1.0,1.0461645256666583
server1,GPT2-XL,ours,price,jlz-price-gpt2xl-2k,MEMIT_CAP100,2,1,17,100,1.0,1.1669279127399288,1.1840040751265213,1.698997520525693,14,1.0,1.0461645256666583
server1,GPT2-XL,ours,price,jlz-price-gpt2xl-2k,MEMIT_CAP100,2,2,13,100,1.0,1.0375947559032066,1.0998099280170635,1.647759043788579,41,1.0,1.063770196198188
server1,GPT2-XL,ours,price,jlz-price-gpt2xl-2k,MEMIT_CAP100,2,2,14,100,1.0,1.1194967571304688,1.1472277816183283,1.665924297931023,22,1.0,1.063770196198188
server1,GPT2-XL,ours,price,jlz-price-gpt2xl-2k,MEMIT_CAP100,2,2,15,100,1.0,1.2283335381819498,1.2310467158404963,1.862673397034897,10,1.0,1.063770196198188
server1,GPT2-XL,ours,price,jlz-price-gpt2xl-2k,MEMIT_CAP100,2,2,16,100,1.0,1.2450877410489753,1.2675344426829556,1.8535851631258475,4,1.0,1.063770196198188
server1,GPT2-XL,ours,price,jlz-price-gpt2xl-2k,MEMIT_CAP100,2,2,17,100,1.0,1.1366729155821362,1.1727445333102133,1.693970689463801,23,1.0,1.063770196198188
server1,GPT2-XL,ours,price,jlz-price-gpt2xl-2k,MEMIT_CAP100,2,3,13,100,1.0,1.0623257325047577,1.1170198126696687,1.4850204364885053,37,1.0,1.0989649029881197
server1,GPT2-XL,ours,price,jlz-price-gpt2xl-2k,MEMIT_CAP100,2,3,14,100,1.0,1.0386319708146479,1.0885243384849148,1.484773167659921,45,1.0,1.0989649029881197
server1,GPT2-XL,ours,price,jlz-price-gpt2xl-2k,MEMIT_CAP100,2,3,15,100,1.0,1.259824647972133,1.2817038035892692,1.7554004998265793,5,1.0,1.0989649029881197
server1,GPT2-XL,ours,price,jlz-price-gpt2xl-2k,MEMIT_CAP100,2,3,16,100,1.0,1.3255568349650266,1.344943203770791,1.817353781873123,2,1.0,1.0989649029881197
server1,GPT2-XL,ours,price,jlz-price-gpt2xl-2k,MEMIT_CAP100,2,3,17,100,1.0,1.2311807036319333,1.2707447915455812,1.873482229354798,11,1.0,1.0989649029881197
server1,GPT2-XL,ours,price,jlz-price-gpt2xl-2k,MEMIT_CAP100,2,4,13,100,1.0,1.0,1.0721968758069846,1.500052135070861,56,1.0,1.1186771999134393
server1,GPT2-XL,ours,price,jlz-price-gpt2xl-2k,MEMIT_CAP100,2,4,14,100,1.0,1.0613451608725035,1.114620909302843,1.521115052476568,35,1.0,1.1186771999134393
server1,GPT2-XL,ours,price,jlz-price-gpt2xl-2k,MEMIT_CAP100,2,4,15,100,1.0,1.280577947975058,1.2853928319086982,1.7112836529770525,3,1.0,1.1186771999134393
server1,GPT2-XL,ours,price,jlz-price-gpt2xl-2k,MEMIT_CAP100,2,4,16,100,1.0,1.322842856525618,1.349491695768385,2.043851573721836,1,1.0,1.1186771999134393
server1,GPT2-XL,ours,price,jlz-price-gpt2xl-2k,MEMIT_CAP100,2,4,17,100,1.0,1.3485502491902475,1.3505364325371267,2.1166049660228685,5,1.0,1.1186771999134393
server1,GPT2-XL,ours,price,jlz-price-gpt2xl-2k,MEMIT_CAP100,2,5,13,100,1.0,1.0,1.0340110020101794,1.3765058029409927,65,1.0,1.1926938122564459
server1,GPT2-XL,ours,price,jlz-price-gpt2xl-2k,MEMIT_CAP100,2,5,14,100,1.0,1.0608378335472608,1.114520020633465,1.6551601790579662,33,1.0,1.1926938122564459
server1,GPT2-XL,ours,price,jlz-price-gpt2xl-2k,MEMIT_CAP100,2,5,15,100,1.0,1.3362793454204214,1.3638524253521995,1.8909416785132136,1,1.0,1.1926938122564459
server1,GPT2-XL,ours,price,jlz-price-gpt2xl-2k,MEMIT_CAP100,2,5,16,100,1.0285769625334764,1.4788917793478915,1.5026011543726532,2.7497646513407754,0,1.0,1.1926938122564459
server1,GPT2-XL,ours,price,jlz-price-gpt2xl-2k,MEMIT_CAP100,2,5,17,100,1.0,1.4163250936816958,1.4374526165364994,2.4517608187061724,1,1.0,1.1926938122564459
server1,GPT2-XL,ours,price,jlz-price-gpt2xl-2k,MEMIT_CAP100,2,6,13,100,1.0,1.0,1.0253226102796125,1.2709368856683254,75,1.0,1.3089716454069897
server1,GPT2-XL,ours,price,jlz-price-gpt2xl-2k,MEMIT_CAP100,2,6,14,100,1.0,1.183121732336934,1.20000033209369,1.6519544506181256,18,1.0,1.3089716454069897
server1,GPT2-XL,ours,price,jlz-price-gpt2xl-2k,MEMIT_CAP100,2,6,15,100,1.0,1.3802774658526105,1.4227484887225441,2.414726746965375,3,1.0,1.3089716454069897
server1,GPT2-XL,ours,price,jlz-price-gpt2xl-2k,MEMIT_CAP100,2,6,16,100,1.0429451664355183,1.607675201194213,1.6802445209968042,2.7569375213654177,0,1.0,1.3089716454069897
server1,GPT2-XL,ours,price,jlz-price-gpt2xl-2k,MEMIT_CAP100,2,6,17,100,1.0,1.51130159981056,1.5664507979541389,2.966400047633856,4,1.0,1.3089716454069897
server1,GPT2-XL,ours,price,jlz-price-gpt2xl-2k,MEMIT_CAP100,2,7,13,100,1.0,1.0,1.0141886398662194,1.2221367069464901,84,1.0,1.3963372999249681
server1,GPT2-XL,ours,price,jlz-price-gpt2xl-2k,MEMIT_CAP100,2,7,14,100,1.0,1.1869672873797883,1.1904748264505969,1.4933044774961546,12,1.0,1.3963372999249681
server1,GPT2-XL,ours,price,jlz-price-gpt2xl-2k,MEMIT_CAP100,2,7,15,100,1.0,1.5200022181796533,1.5310148990027188,2.1521351293015636,2,1.0,1.3963372999249681
server1,GPT2-XL,ours,price,jlz-price-gpt2xl-2k,MEMIT_CAP100,2,7,16,100,1.032781525201454,1.7754040156829454,1.803661471862224,2.9173594411160075,0,1.0,1.3963372999249681
server1,GPT2-XL,ours,price,jlz-price-gpt2xl-2k,MEMIT_CAP100,2,7,17,100,1.0,1.6388124525858605,1.6716074286646063,2.641625574719649,2,1.0,1.3963372999249681
server1,GPT2-XL,ours,price,jlz-price-gpt2xl-2k,MEMIT_CAP100,2,8,13,100,1.0,1.0,1.009543230231099,1.3819498405110193,85,1.0,1.4767188746787614
server1,GPT2-XL,ours,price,jlz-price-gpt2xl-2k,MEMIT_CAP100,2,8,14,100,1.0,1.2730026224033724,1.2787156057513147,2.0501035769086235,9,1.0,1.4767188746787614
server1,GPT2-XL,ours,price,jlz-price-gpt2xl-2k,MEMIT_CAP100,2,8,15,100,1.0,1.630956053525655,1.671148691730255,2.987289316879031,1,1.0,1.4767188746787614
server1,GPT2-XL,ours,price,jlz-price-gpt2xl-2k,MEMIT_CAP100,2,8,16,100,1.065077474573584,1.8943300096561377,1.9141960615682467,3.1875593374920657,0,1.0,1.4767188746787614
server1,GPT2-XL,ours,price,jlz-price-gpt2xl-2k,MEMIT_CAP100,2,8,17,100,1.0,1.6049761659761284,1.695447503386307,3.044682448226737,5,1.0,1.4767188746787614
server1,GPT2-XL,ours,price,jlz-price-gpt2xl-2k,MEMIT_CAP100,2,9,13,100,1.0,1.0,1.0176773181645822,1.4306382357456864,86,1.0,1.427577635363338
server1,GPT2-XL,ours,price,jlz-price-gpt2xl-2k,MEMIT_CAP100,2,9,14,100,1.0,1.2176298448326905,1.2566633891996344,2.0170500618271268,9,1.0,1.427577635363338
server1,GPT2-XL,ours,price,jlz-price-gpt2xl-2k,MEMIT_CAP100,2,9,15,100,1.0,1.6520177220496917,1.624869511530332,2.2089775993777145,2,1.0,1.427577635363338
server1,GPT2-XL,ours,price,jlz-price-gpt2xl-2k,MEMIT_CAP100,2,9,16,100,1.0,1.8186809574201752,1.8196001318260688,3.0105814380648592,1,1.0,1.427577635363338
server1,GPT2-XL,ours,price,jlz-price-gpt2xl-2k,MEMIT_CAP100,2,9,17,100,1.0,1.673922478160922,1.6996819647059893,2.7086915147044923,2,1.0,1.427577635363338
server1,GPT2-XL,ours,price,jlz-price-gpt2xl-2k,MEMIT_CAP100,2,10,13,100,1.0,1.0,1.0257663325759498,1.721591550320686,87,1.0,1.4498164238431646
server1,GPT2-XL,ours,price,jlz-price-gpt2xl-2k,MEMIT_CAP100,2,10,14,100,1.0,1.2532071853452758,1.279954479625374,2.0953188904715425,7,1.0,1.4498164238431646
server1,GPT2-XL,ours,price,jlz-price-gpt2xl-2k,MEMIT_CAP100,2,10,15,100,1.094486535506642,1.6409627057753184,1.6749208298656555,2.5355342378454138,0,1.0,1.4498164238431646
server1,GPT2-XL,ours,price,jlz-price-gpt2xl-2k,MEMIT_CAP100,2,10,16,100,1.1114788683408192,1.7832070543058065,1.860941238250677,4.087624437568513,0,1.0,1.4498164238431646
server1,GPT2-XL,ours,price,jlz-price-gpt2xl-2k,MEMIT_CAP100,2,10,17,100,1.0,1.6260002544425252,1.6637458548053428,3.376934107688742,6,1.0,1.4498164238431646
server1,GPT2-XL,ours,price,jlz-price-gpt2xl-2k,MEMIT_CAP100,2,11,13,100,1.0,1.0,1.0111250745572664,1.1885972065931854,86,1.0,1.5627585496171281
server1,GPT2-XL,ours,price,jlz-price-gpt2xl-2k,MEMIT_CAP100,2,11,14,100,1.0,1.2171480034327964,1.2555600084397662,1.7893583443146905,10,1.0,1.5627585496171281
server1,GPT2-XL,ours,price,jlz-price-gpt2xl-2k,MEMIT_CAP100,2,11,15,100,1.014828440885984,1.7081775938181196,1.777154556878567,2.7699931741865824,0,1.0,1.5627585496171281
server1,GPT2-XL,ours,price,jlz-price-gpt2xl-2k,MEMIT_CAP100,2,11,16,100,1.2429623871336302,2.010687464103545,2.0439977655820267,3.5160033915861546,0,1.0,1.5627585496171281
server1,GPT2-XL,ours,price,jlz-price-gpt2xl-2k,MEMIT_CAP100,2,11,17,100,1.0,1.7525895615383427,1.7858783402245733,2.987001419491553,4,1.0,1.5627585496171281
server1,GPT2-XL,ours,price,jlz-price-gpt2xl-2k,MEMIT_CAP100,2,12,13,100,1.0,1.0,1.0070387019498768,1.1587761789658355,90,1.0,1.6189644029789183
server1,GPT2-XL,ours,price,jlz-price-gpt2xl-2k,MEMIT_CAP100,2,12,14,100,1.0,1.2543801945839546,1.2993031687997865,2.1593579650432067,6,1.0,1.6189644029789183
server1,GPT2-XL,ours,price,jlz-price-gpt2xl-2k,MEMIT_CAP100,2,12,15,100,1.0,1.7731714755241512,1.8053473538158773,3.1842494126815883,1,1.0,1.6189644029789183
server1,GPT2-XL,ours,price,jlz-price-gpt2xl-2k,MEMIT_CAP100,2,12,16,100,1.3319398441539751,1.9802389161151588,2.1311561135266723,3.734933801369208,0,1.0,1.6189644029789183
server1,GPT2-XL,ours,price,jlz-price-gpt2xl-2k,MEMIT_CAP100,2,12,17,100,1.0,1.6771380587251692,1.7282471794163277,3.3399801489145866,3,1.0,1.6189644029789183
server1,GPT2-XL,ours,price,jlz-price-gpt2xl-2k,MEMIT_CAP100,2,13,13,100,1.0,1.0,1.0179225962812828,1.5923986027295058,90,1.0,1.5561604104190438
server1,GPT2-XL,ours,price,jlz-price-gpt2xl-2k,MEMIT_CAP100,2,13,14,100,1.0,1.3140725692657726,1.3455180785855019,2.281006160035553,5,1.0,1.5561604104190438
server1,GPT2-XL,ours,price,jlz-price-gpt2xl-2k,MEMIT_CAP100,2,13,15,100,1.0149916862249375,1.7131605367079301,1.7710603198675752,3.0192271186817465,0,1.0,1.5561604104190438
server1,GPT2-XL,ours,price,jlz-price-gpt2xl-2k,MEMIT_CAP100,2,13,16,100,1.1134375502207212,1.9376169678645008,2.0145222516781223,3.524463956711098,0,1.0,1.5561604104190438
server1,GPT2-XL,ours,price,jlz-price-gpt2xl-2k,MEMIT_CAP100,2,13,17,100,1.0,1.6140926546792582,1.6715580705507593,3.252960319789064,5,1.0,1.5561604104190438
server1,GPT2-XL,ours,price,jlz-price-gpt2xl-2k,MEMIT_CAP100,2,14,13,100,1.0,1.0,1.0209467817727764,1.3905796726451185,79,1.0,1.437772905321484
server1,GPT2-XL,ours,price,jlz-price-gpt2xl-2k,MEMIT_CAP100,2,14,14,100,1.0,1.2283589774551569,1.2321017385067714,1.8174259325998992,10,1.0,1.437772905321484
server1,GPT2-XL,ours,price,jlz-price-gpt2xl-2k,MEMIT_CAP100,2,14,15,100,1.0369319739125327,1.6018568697742428,1.666943333288009,2.8959813187612093,0,1.0,1.437772905321484
server1,GPT2-XL,ours,price,jlz-price-gpt2xl-2k,MEMIT_CAP100,2,14,16,100,1.0487727387658723,1.7423522450689175,1.8572690009365145,3.568932995360856,0,1.0,1.437772905321484
server1,GPT2-XL,ours,price,jlz-price-gpt2xl-2k,MEMIT_CAP100,2,14,17,100,1.0,1.5313258510746537,1.5703935734912322,2.852195647483832,11,1.0,1.437772905321484
server1,GPT2-XL,ours,price,jlz-price-gpt2xl-2k,MEMIT_CAP100,2,15,13,100,1.0,1.0,1.011963262114101,1.3223554957277979,87,1.0,1.6437245779453806
server1,GPT2-XL,ours,price,jlz-price-gpt2xl-2k,MEMIT_CAP100,2,15,14,100,1.0,1.3016725924716446,1.3245795485521574,1.8290416193856922,6,1.0,1.6437245779453806
server1,GPT2-XL,ours,price,jlz-price-gpt2xl-2k,MEMIT_CAP100,2,15,15,100,1.2535530557793382,1.818724448752835,1.8967913079568184,3.048015658971021,0,1.0,1.6437245779453806
server1,GPT2-XL,ours,price,jlz-price-gpt2xl-2k,MEMIT_CAP100,2,15,16,100,1.136088186502559,2.090905443746524,2.1633167013098134,3.8392332481430147,0,1.0,1.6437245779453806
server1,GPT2-XL,ours,price,jlz-price-gpt2xl-2k,MEMIT_CAP100,2,15,17,100,1.0,1.6418654689545789,1.7009773604655327,3.0000834071587956,7,1.0,1.6437245779453806
server1,GPT2-XL,ours,price,jlz-price-gpt2xl-2k,MEMIT_CAP100,2,16,13,100,1.0,1.0,1.0151457779100654,1.6991153550075857,90,1.0,1.5711594757543852
server1,GPT2-XL,ours,price,jlz-price-gpt2xl-2k,MEMIT_CAP100,2,16,14,100,1.0,1.301327272610362,1.3199274364129805,2.0117563759267747,5,1.0,1.5711594757543852
server1,GPT2-XL,ours,price,jlz-price-gpt2xl-2k,MEMIT_CAP100,2,16,15,100,1.0497323371492189,1.7202189437767288,1.8227170110702295,2.787510254653573,0,1.0,1.5711594757543852
server1,GPT2-XL,ours,price,jlz-price-gpt2xl-2k,MEMIT_CAP100,2,16,16,100,1.1273663503830353,1.934443620646795,2.0523785532165855,3.5837666011439193,0,1.0,1.5711594757543852
server1,GPT2-XL,ours,price,jlz-price-gpt2xl-2k,MEMIT_CAP100,2,16,17,100,1.0,1.611178278666303,1.7018950689433816,3.0098350104655585,5,1.0,1.5711594757543852
server1,GPT2-XL,ours,price,jlz-price-gpt2xl-2k,MEMIT_CAP100,2,17,13,100,1.0,1.0,1.020662289884112,1.8284322267871866,89,1.0,1.7127703729299522
server1,GPT2-XL,ours,price,jlz-price-gpt2xl-2k,MEMIT_CAP100,2,17,14,100,1.0,1.445085130786064,1.4305808556689923,2.411959200343112,4,1.0,1.7127703729299522
server1,GPT2-XL,ours,price,jlz-price-gpt2xl-2k,MEMIT_CAP100,2,17,15,100,1.0,1.9468564003441844,1.993647205071358,3.293991014653285,1,1.0,1.7127703729299522
server1,GPT2-XL,ours,price,jlz-price-gpt2xl-2k,MEMIT_CAP100,2,17,16,100,1.0449817389245517,2.1427263066719924,2.220028164170502,3.9547541573398077,0,1.0,1.7127703729299522
server1,GPT2-XL,ours,price,jlz-price-gpt2xl-2k,MEMIT_CAP100,2,17,17,100,1.0,1.6396834434235532,1.7281581726729873,3.023512390351438,6,1.0,1.7127703729299522
server1,GPT2-XL,ours,price,jlz-price-gpt2xl-2k,MEMIT_CAP100,2,18,13,100,1.0,1.0,1.0166668792206974,1.2681672416320098,87,1.0,1.6165663449839822
server1,GPT2-XL,ours,price,jlz-price-gpt2xl-2k,MEMIT_CAP100,2,18,14,100,1.0,1.3098913671333166,1.338130390099323,2.020734822595416,2,1.0,1.6165663449839822
server1,GPT2-XL,ours,price,jlz-price-gpt2xl-2k,MEMIT_CAP100,2,18,15,100,1.084817771374604,1.6429326700485802,1.8177410053498884,3.2169074861261615,0,1.0,1.6165663449839822
server1,GPT2-XL,ours,price,jlz-price-gpt2xl-2k,MEMIT_CAP100,2,18,16,100,1.0,1.9515516552406285,2.0730764059440716,4.234834067982242,1,1.0,1.6165663449839822
server1,GPT2-XL,ours,price,jlz-price-gpt2xl-2k,MEMIT_CAP100,2,18,17,100,1.0,1.6306378595741415,1.7019160502327018,3.3310385708795858,10,1.0,1.6165663449839822
server1,GPT2-XL,ours,price,jlz-price-gpt2xl-2k,MEMIT_CAP100,2,19,13,100,1.0,1.0,1.0236610190126658,1.6688659185694974,88,1.0,1.6652454664545662
server1,GPT2-XL,ours,price,jlz-price-gpt2xl-2k,MEMIT_CAP100,2,19,14,100,1.0,1.3517800351279672,1.4018716954935921,2.0343256705804156,5,1.0,1.6652454664545662
server1,GPT2-XL,ours,price,jlz-price-gpt2xl-2k,MEMIT_CAP100,2,19,15,100,1.1574640974534318,1.904324897223265,1.9693087816329726,3.2177074218843544,0,1.0,1.6652454664545662
server1,GPT2-XL,ours,price,jlz-price-gpt2xl-2k,MEMIT_CAP100,2,19,16,100,1.1914678841164228,2.109717944341829,2.1795598428845455,4.140534616139564,0,1.0,1.6652454664545662
server1,GPT2-XL,ours,price,jlz-price-gpt2xl-2k,MEMIT_CAP100,2,19,17,100,1.0,1.7347464252035545,1.7169699406696561,3.084639596742166,7,1.0,1.6652454664545662
server1,GPT2-XL,ours,price,jlz-price-gpt2xl-2k,MEMIT_CAP100,2,20,13,100,1.0,1.0,1.0211347941967697,1.6132122010542356,93,1.0,1.6960873668079137
server1,GPT2-XL,ours,price,jlz-price-gpt2xl-2k,MEMIT_CAP100,2,20,14,100,1.0,1.36104217574375,1.3852438969266336,2.0421009182884013,2,1.0,1.6960873668079137
server1,GPT2-XL,ours,price,jlz-price-gpt2xl-2k,MEMIT_CAP100,2,20,15,100,1.0772298984949058,1.9274548144807298,1.9892936356010382,3.5243101133176986,0,1.0,1.6960873668079137
server1,GPT2-XL,ours,price,jlz-price-gpt2xl-2k,MEMIT_CAP100,2,20,16,100,1.101299227456751,2.140647127123891,2.218279309622128,3.7762124337243264,0,1.0,1.6960873668079137
server1,GPT2-XL,ours,price,jlz-price-gpt2xl-2k,MEMIT_CAP100,2,20,17,100,1.0,1.7381702062238342,1.7289242701737415,2.9120578363819827,5,1.0,1.6960873668079137
server1,GPT2-XL,ours,price,jlz-price-gpt2xl-2k,MEMIT_FREE100,3,1,13,100,1.0,1.0915346117676026,1.1304542202393535,1.6077582270313644,37,1.0,1.0461645256666583
server1,GPT2-XL,ours,price,jlz-price-gpt2xl-2k,MEMIT_FREE100,3,1,14,100,1.0,1.1254587539749579,1.1552232470557005,1.5700605993335661,20,1.0,1.0461645256666583
server1,GPT2-XL,ours,price,jlz-price-gpt2xl-2k,MEMIT_FREE100,3,1,15,100,1.0,1.1617914031701404,1.1642788972289284,1.5811986766523,17,1.0,1.0461645256666583
server1,GPT2-XL,ours,price,jlz-price-gpt2xl-2k,MEMIT_FREE100,3,1,16,100,1.0,1.1826126137452704,1.2033269939372402,1.743121133863032,12,1.0,1.0461645256666583
server1,GPT2-XL,ours,price,jlz-price-gpt2xl-2k,MEMIT_FREE100,3,1,17,100,1.0,1.1669279127399288,1.1840040751265213,1.698997520525693,14,1.0,1.0461645256666583
server1,GPT2-XL,ours,price,jlz-price-gpt2xl-2k,MEMIT_FREE100,3,2,13,100,1.0,1.0375947559032066,1.0998099280170635,1.647759043788579,41,1.0,1.063770196198188
server1,GPT2-XL,ours,price,jlz-price-gpt2xl-2k,MEMIT_FREE100,3,2,14,100,1.0,1.1194967571304688,1.1472277816183283,1.665924297931023,22,1.0,1.063770196198188
server1,GPT2-XL,ours,price,jlz-price-gpt2xl-2k,MEMIT_FREE100,3,2,15,100,1.0,1.2283335381819498,1.2310467158404963,1.862673397034897,10,1.0,1.063770196198188
server1,GPT2-XL,ours,price,jlz-price-gpt2xl-2k,MEMIT_FREE100,3,2,16,100,1.0,1.2450877410489753,1.2675344426829556,1.8535851631258475,4,1.0,1.063770196198188
server1,GPT2-XL,ours,price,jlz-price-gpt2xl-2k,MEMIT_FREE100,3,2,17,100,1.0,1.1366729155821362,1.1727445333102133,1.693970689463801,23,1.0,1.063770196198188
server1,GPT2-XL,ours,price,jlz-price-gpt2xl-2k,MEMIT_FREE100,3,3,13,100,1.0,1.062322357998946,1.1170212551564844,1.4849495845954659,37,1.0,1.0989605110882497
server1,GPT2-XL,ours,price,jlz-price-gpt2xl-2k,MEMIT_FREE100,3,3,14,100,1.0,1.0386415160430396,1.088537489675348,1.4848590807250337,45,1.0,1.0989605110882497
server1,GPT2-XL,ours,price,jlz-price-gpt2xl-2k,MEMIT_FREE100,3,3,15,100,1.0,1.2598374387406794,1.2817219761176495,1.755456480536321,5,1.0,1.0989605110882497
server1,GPT2-XL,ours,price,jlz-price-gpt2xl-2k,MEMIT_FREE100,3,3,16,100,1.0,1.3253738987119479,1.3449269213392816,1.8172437020173442,2,1.0,1.0989605110882497
server1,GPT2-XL,ours,price,jlz-price-gpt2xl-2k,MEMIT_FREE100,3,3,17,100,1.0,1.231172230649539,1.2707060182206822,1.873551828362202,11,1.0,1.0989605110882497
server1,GPT2-XL,ours,price,jlz-price-gpt2xl-2k,MEMIT_FREE100,3,4,13,100,1.0,1.0,1.0726746122009825,1.5070579925724306,55,1.0,1.1171021102600658
server1,GPT2-XL,ours,price,jlz-price-gpt2xl-2k,MEMIT_FREE100,3,4,14,100,1.0,1.0614961357031532,1.1147830672053818,1.5158401543136835,36,1.0,1.1171021102600658
server1,GPT2-XL,ours,price,jlz-price-gpt2xl-2k,MEMIT_FREE100,3,4,15,100,1.0,1.2803690416444522,1.2847821756759465,1.7107431518924434,3,1.0,1.1171021102600658
server1,GPT2-XL,ours,price,jlz-price-gpt2xl-2k,MEMIT_FREE100,3,4,16,100,1.0,1.3188901837424418,1.3478020210752286,2.0439975365432677,1,1.0,1.1171021102600658
server1,GPT2-XL,ours,price,jlz-price-gpt2xl-2k,MEMIT_FREE100,3,4,17,100,1.0,1.3444562019431996,1.3469148929466623,2.0961959414515143,5,1.0,1.1171021102600658
server1,GPT2-XL,ours,price,jlz-price-gpt2xl-2k,MEMIT_FREE100,3,5,13,100,1.0,1.0,1.0342427655554323,1.374676444008637,65,1.0,1.1879690456547096
server1,GPT2-XL,ours,price,jlz-price-gpt2xl-2k,MEMIT_FREE100,3,5,14,100,1.0,1.0575428679120433,1.1132243607557566,1.6428684760965064,33,1.0,1.1879690456547096
server1,GPT2-XL,ours,price,jlz-price-gpt2xl-2k,MEMIT_FREE100,3,5,15,100,1.0,1.3322412538041513,1.3612005789764074,1.8963494693409542,1,1.0,1.1879690456547096
server1,GPT2-XL,ours,price,jlz-price-gpt2xl-2k,MEMIT_FREE100,3,5,16,100,1.0220846399472852,1.4699545640235456,1.4971956812600202,2.704203366871455,0,1.0,1.1879690456547096
server1,GPT2-XL,ours,price,jlz-price-gpt2xl-2k,MEMIT_FREE100,3,5,17,100,1.0,1.4052373446192834,1.4269077302006943,2.3637073181474335,1,1.0,1.1879690456547096
server1,GPT2-XL,ours,price,jlz-price-gpt2xl-2k,MEMIT_FREE100,3,6,13,100,1.0,1.0,1.0263191075206146,1.2771206834487019,74,1.0,1.300533609753956
server1,GPT2-XL,ours,price,jlz-price-gpt2xl-2k,MEMIT_FREE100,3,6,14,100,1.0,1.188734351227366,1.199892082191496,1.6510523614297632,18,1.0,1.300533609753956
server1,GPT2-XL,ours,price,jlz-price-gpt2xl-2k,MEMIT_FREE100,3,6,15,100,1.0,1.3729859357483285,1.4215688429532038,2.449229873412531,3,1.0,1.300533609753956
server1,GPT2-XL,ours,price,jlz-price-gpt2xl-2k,MEMIT_FREE100,3,6,16,100,1.0419985942579846,1.6051009130798959,1.6705320519736746,2.680183987301051,0,1.0,1.300533609753956
server1,GPT2-XL,ours,price,jlz-price-gpt2xl-2k,MEMIT_FREE100,3,6,17,100,1.0,1.4967206449523878,1.5442336713797922,2.8811981694606876,5,1.0,1.300533609753956
server1,GPT2-XL,ours,price,jlz-price-gpt2xl-2k,MEMIT_FREE100,3,7,13,100,1.0,1.0,1.014855324111168,1.2319037258359773,84,1.0,1.3819113534763015
server1,GPT2-XL,ours,price,jlz-price-gpt2xl-2k,MEMIT_FREE100,3,7,14,100,1.0,1.1880182912599095,1.1893775522995353,1.504236998688327,12,1.0,1.3819113534763015
server1,GPT2-XL,ours,price,jlz-price-gpt2xl-2k,MEMIT_FREE100,3,7,15,100,1.0,1.499281642920904,1.5226257542599848,2.1396687263446696,2,1.0,1.3819113534763015
server1,GPT2-XL,ours,price,jlz-price-gpt2xl-2k,MEMIT_FREE100,3,7,16,100,1.0366454886782934,1.774616481776937,1.7913415397300811,2.816278955777608,0,1.0,1.3819113534763015
server1,GPT2-XL,ours,price,jlz-price-gpt2xl-2k,MEMIT_FREE100,3,7,17,100,1.0,1.6152504163791397,1.6457058072512023,2.6319799964202817,2,1.0,1.3819113534763015
server1,GPT2-XL,ours,price,jlz-price-gpt2xl-2k,MEMIT_FREE100,3,8,13,100,1.0,1.0,1.0099552754852221,1.3327727962892024,87,1.0,1.4878736007056654
server1,GPT2-XL,ours,price,jlz-price-gpt2xl-2k,MEMIT_FREE100,3,8,14,100,1.0,1.276629557032234,1.283198427794948,2.0145470561552647,9,1.0,1.4878736007056654
server1,GPT2-XL,ours,price,jlz-price-gpt2xl-2k,MEMIT_FREE100,3,8,15,100,1.0015205161987772,1.6216036248933339,1.6737040425366703,3.028152855965521,0,1.0,1.4878736007056654
server1,GPT2-XL,ours,price,jlz-price-gpt2xl-2k,MEMIT_FREE100,3,8,16,100,1.1447801119355063,1.9225149383685474,1.929869235383356,3.3869310031844875,0,1.0,1.4878736007056654
server1,GPT2-XL,ours,price,jlz-price-gpt2xl-2k,MEMIT_FREE100,3,8,17,100,1.0,1.6282484844756269,1.6868012493933655,3.1207120260024155,4,1.0,1.4878736007056654
server1,GPT2-XL,ours,price,jlz-price-gpt2xl-2k,MEMIT_FREE100,3,9,13,100,1.0,1.0,1.0200442079849295,1.5306139609093494,87,1.0,1.4182068465700401
server1,GPT2-XL,ours,price,jlz-price-gpt2xl-2k,MEMIT_FREE100,3,9,14,100,1.0,1.2090607159266202,1.2481368170999958,1.973653498334535,7,1.0,1.4182068465700401
server1,GPT2-XL,ours,price,jlz-price-gpt2xl-2k,MEMIT_FREE100,3,9,15,100,1.0,1.6323206235724437,1.6016782763686708,2.210229796898201,2,1.0,1.4182068465700401
server1,GPT2-XL,ours,price,jlz-price-gpt2xl-2k,MEMIT_FREE100,3,9,16,100,1.0,1.761826239905094,1.8046928443126382,2.873906188991052,1,1.0,1.4182068465700401
server1,GPT2-XL,ours,price,jlz-price-gpt2xl-2k,MEMIT_FREE100,3,9,17,100,1.0,1.686187558500055,1.6826978257653729,2.710338641046254,3,1.0,1.4182068465700401
server1,GPT2-XL,ours,price,jlz-price-gpt2xl-2k,MEMIT_FREE100,3,10,13,100,1.0,1.0,1.0281952207277063,1.69097388881639,86,1.0,1.4454955902153288
server1,GPT2-XL,ours,price,jlz-price-gpt2xl-2k,MEMIT_FREE100,3,10,14,100,1.0,1.2510283654736871,1.2792173583544,2.08444054649953,8,1.0,1.4454955902153288
server1,GPT2-XL,ours,price,jlz-price-gpt2xl-2k,MEMIT_FREE100,3,10,15,100,1.0885907282390117,1.6472079269598678,1.665496039540481,2.519801312037824,0,1.0,1.4454955902153288
server1,GPT2-XL,ours,price,jlz-price-gpt2xl-2k,MEMIT_FREE100,3,10,16,100,1.1254863767737115,1.8289259294575255,1.8505736490340219,4.238493835166812,0,1.0,1.4454955902153288
server1,GPT2-XL,ours,price,jlz-price-gpt2xl-2k,MEMIT_FREE100,3,10,17,100,1.0,1.628869954560629,1.672656248411636,3.3893421424969667,6,1.0,1.4454955902153288
server1,GPT2-XL,ours,price,jlz-price-gpt2xl-2k,MEMIT_FREE100,3,11,13,100,1.0,1.0,1.0160550608055767,1.2112056446272248,85,1.0,1.5889161964456997
server1,GPT2-XL,ours,price,jlz-price-gpt2xl-2k,MEMIT_FREE100,3,11,14,100,1.0,1.206248913170409,1.254435980281652,1.8029348163741696,10,1.0,1.5889161964456997
server1,GPT2-XL,ours,price,jlz-price-gpt2xl-2k,MEMIT_FREE100,3,11,15,100,1.0,1.7409747227819106,1.7856133530602856,2.886675981646476,1,1.0,1.5889161964456997
server1,GPT2-XL,ours,price,jlz-price-gpt2xl-2k,MEMIT_FREE100,3,11,16,100,1.076038085284985,2.0107203852655884,2.074565419594514,3.6946117549266564,0,1.0,1.5889161964456997
server1,GPT2-XL,ours,price,jlz-price-gpt2xl-2k,MEMIT_FREE100,3,11,17,100,1.0,1.7958497389341423,1.8150139007135433,3.1466281047324154,4,1.0,1.5889161964456997
server1,GPT2-XL,ours,price,jlz-price-gpt2xl-2k,MEMIT_FREE100,3,12,13,100,1.0,1.0,1.0098321605505907,1.1816925919380408,89,1.0,1.6058869725649623
server1,GPT2-XL,ours,price,jlz-price-gpt2xl-2k,MEMIT_FREE100,3,12,14,100,1.0,1.2552555654784538,1.3034368442025366,2.166478536637035,6,1.0,1.6058869725649623
server1,GPT2-XL,ours,price,jlz-price-gpt2xl-2k,MEMIT_FREE100,3,12,15,100,1.0,1.7600402891141709,1.785158838162708,3.084290137839875,1,1.0,1.6058869725649623
server1,GPT2-XL,ours,price,jlz-price-gpt2xl-2k,MEMIT_FREE100,3,12,16,100,1.019511602153653,2.004710718611354,2.1208277410028393,3.7556181080499784,0,1.0,1.6058869725649623
server1,GPT2-XL,ours,price,jlz-price-gpt2xl-2k,MEMIT_FREE100,3,12,17,100,1.0,1.6009149188141203,1.7260705553352707,3.5621570915203873,4,1.0,1.6058869725649623
server1,GPT2-XL,ours,price,jlz-price-gpt2xl-2k,MEMIT_FREE100,3,13,13,100,1.0,1.0,1.021278637111103,1.7113308387993706,92,1.0,1.569358005770214
server1,GPT2-XL,ours,price,jlz-price-gpt2xl-2k,MEMIT_FREE100,3,13,14,100,1.0,1.3267514303717536,1.3433459713654614,2.133975803310225,2,1.0,1.569358005770214
server1,GPT2-XL,ours,price,jlz-price-gpt2xl-2k,MEMIT_FREE100,3,13,15,100,1.073570399477065,1.7546444194764192,1.7869235936541035,3.356505064724504,0,1.0,1.569358005770214
server1,GPT2-XL,ours,price,jlz-price-gpt2xl-2k,MEMIT_FREE100,3,13,16,100,1.119718294059893,1.9632086785371365,2.030380239055178,3.7026038306141342,0,1.0,1.569358005770214
server1,GPT2-XL,ours,price,jlz-price-gpt2xl-2k,MEMIT_FREE100,3,13,17,100,1.0,1.605018535851964,1.668494582505047,3.030531498903574,6,1.0,1.569358005770214
server1,GPT2-XL,ours,price,jlz-price-gpt2xl-2k,MEMIT_FREE100,3,14,13,100,1.0,1.0,1.0214624977707143,1.3327434281073989,79,1.0,1.4235670270804466
server1,GPT2-XL,ours,price,jlz-price-gpt2xl-2k,MEMIT_FREE100,3,14,14,100,1.0,1.2185596026422503,1.220444027707652,1.7654049220683297,8,1.0,1.4235670270804466
server1,GPT2-XL,ours,price,jlz-price-gpt2xl-2k,MEMIT_FREE100,3,14,15,100,1.0808345227418983,1.5576668573369499,1.6323274467484445,2.695916224893432,0,1.0,1.4235670270804466
server1,GPT2-XL,ours,price,jlz-price-gpt2xl-2k,MEMIT_FREE100,3,14,16,100,1.0,1.6859350408003015,1.8406783310083632,3.5775503284393704,1,1.0,1.4235670270804466
server1,GPT2-XL,ours,price,jlz-price-gpt2xl-2k,MEMIT_FREE100,3,14,17,100,1.0,1.5147696479491553,1.5585086909342143,2.8728297150111466,12,1.0,1.4235670270804466
server1,GPT2-XL,ours,price,jlz-price-gpt2xl-2k,MEMIT_FREE100,3,15,13,100,1.0,1.0,1.0155979362730125,1.4010291594354298,88,1.0,1.628053359945404
server1,GPT2-XL,ours,price,jlz-price-gpt2xl-2k,MEMIT_FREE100,3,15,14,100,1.0,1.2781588396987904,1.3140560892934545,1.8383177274022042,6,1.0,1.628053359945404
server1,GPT2-XL,ours,price,jlz-price-gpt2xl-2k,MEMIT_FREE100,3,15,15,100,1.053876056967259,1.7525232756431683,1.8514805070213882,3.145712490041825,0,1.0,1.628053359945404
server1,GPT2-XL,ours,price,jlz-price-gpt2xl-2k,MEMIT_FREE100,3,15,16,100,1.0849421943421946,2.041670101444752,2.1388387900668744,3.9935070774151167,0,1.0,1.628053359945404
server1,GPT2-XL,ours,price,jlz-price-gpt2xl-2k,MEMIT_FREE100,3,15,17,100,1.0,1.6646544786308786,1.7151492707475844,3.156917521316731,6,1.0,1.628053359945404
server1,GPT2-XL,ours,price,jlz-price-gpt2xl-2k,MEMIT_FREE100,3,16,13,100,1.0,1.0,1.0182185608254977,1.5398318818256582,87,1.0,1.5615870285267157
server1,GPT2-XL,ours,price,jlz-price-gpt2xl-2k,MEMIT_FREE100,3,16,14,100,1.0,1.293316752458494,1.3001705660148477,1.9811055270932212,4,1.0,1.5615870285267157
server1,GPT2-XL,ours,price,jlz-price-gpt2xl-2k,MEMIT_FREE100,3,16,15,100,1.0046631173447194,1.7502301842872179,1.7856934974982854,2.8239230486014884,0,1.0,1.5615870285267157
server1,GPT2-XL,ours,price,jlz-price-gpt2xl-2k,MEMIT_FREE100,3,16,16,100,1.0720684660780602,2.0226555932004207,2.0348872347423126,3.4899888885134946,0,1.0,1.5615870285267157
server1,GPT2-XL,ours,price,jlz-price-gpt2xl-2k,MEMIT_FREE100,3,16,17,100,1.0,1.6257430531987263,1.6790306158426758,3.3659525945580535,9,1.0,1.5615870285267157
server1,GPT2-XL,ours,price,jlz-price-gpt2xl-2k,MEMIT_FREE100,3,17,13,100,1.0,1.0,1.027801902603075,1.8336246947133181,87,1.0,1.6877015119682435
server1,GPT2-XL,ours,price,jlz-price-gpt2xl-2k,MEMIT_FREE100,3,17,14,100,1.0,1.4190347323242962,1.4156607905800465,2.381760885133902,4,1.0,1.6877015119682435
server1,GPT2-XL,ours,price,jlz-price-gpt2xl-2k,MEMIT_FREE100,3,17,15,100,1.103340786088062,1.9059261390189048,1.9540539185490724,3.0981383951910324,0,1.0,1.6877015119682435
server1,GPT2-XL,ours,price,jlz-price-gpt2xl-2k,MEMIT_FREE100,3,17,16,100,1.0,2.134188410619168,2.1944333214342637,4.056592586264711,1,1.0,1.6877015119682435
server1,GPT2-XL,ours,price,jlz-price-gpt2xl-2k,MEMIT_FREE100,3,17,17,100,1.0,1.63500081619777,1.7172035065845659,3.1589730054369465,8,1.0,1.6877015119682435
server1,GPT2-XL,ours,price,jlz-price-gpt2xl-2k,MEMIT_FREE100,3,18,13,100,1.0,1.0,1.0173667697429827,1.5159835041609493,85,1.0,1.634590440975073
server1,GPT2-XL,ours,price,jlz-price-gpt2xl-2k,MEMIT_FREE100,3,18,14,100,1.0,1.278249278882416,1.3260454031475057,1.9879694977771858,5,1.0,1.634590440975073
server1,GPT2-XL,ours,price,jlz-price-gpt2xl-2k,MEMIT_FREE100,3,18,15,100,1.0759807420687009,1.64718117629062,1.7742541015315658,3.049532350567858,0,1.0,1.634590440975073
server1,GPT2-XL,ours,price,jlz-price-gpt2xl-2k,MEMIT_FREE100,3,18,16,100,1.0333269792469524,1.9715170711977779,2.08790986990357,4.1357609371168556,0,1.0,1.634590440975073
server1,GPT2-XL,ours,price,jlz-price-gpt2xl-2k,MEMIT_FREE100,3,18,17,100,1.0,1.6740207367363864,1.7334581374159583,3.7268782009537555,10,1.0,1.634590440975073
server1,GPT2-XL,ours,price,jlz-price-gpt2xl-2k,MEMIT_FREE100,3,19,13,100,1.0,1.0,1.0252333767321726,1.4429409982319978,85,1.0,1.6969857525026335
server1,GPT2-XL,ours,price,jlz-price-gpt2xl-2k,MEMIT_FREE100,3,19,14,100,1.0,1.3491470547123317,1.3920295444314372,2.041781964313309,6,1.0,1.6969857525026335
server1,GPT2-XL,ours,price,jlz-price-gpt2xl-2k,MEMIT_FREE100,3,19,15,100,1.1753097989364159,1.8460970617551467,1.9585345530191025,3.4945273661766763,0,1.0,1.6969857525026335
server1,GPT2-XL,ours,price,jlz-price-gpt2xl-2k,MEMIT_FREE100,3,19,16,100,1.1832148026750213,2.0704733198146537,2.2240939826459893,4.4287482578822805,0,1.0,1.6969857525026335
server1,GPT2-XL,ours,price,jlz-price-gpt2xl-2k,MEMIT_FREE100,3,19,17,100,1.0,1.6980339485140252,1.7638214652150246,3.434388952053555,9,1.0,1.6969857525026335
server1,GPT2-XL,ours,price,jlz-price-gpt2xl-2k,MEMIT_FREE100,3,20,13,100,1.0,1.0,1.0182059829252639,1.7010702295089506,92,1.0,1.7562040881328458
server1,GPT2-XL,ours,price,jlz-price-gpt2xl-2k,MEMIT_FREE100,3,20,14,100,1.0,1.330775950981235,1.3720347823538281,2.0846737013556984,3,1.0,1.7562040881328458
server1,GPT2-XL,ours,price,jlz-price-gpt2xl-2k,MEMIT_FREE100,3,20,15,100,1.1359343284497536,1.9754842398002388,2.006206358591457,3.8651509825788395,0,1.0,1.7562040881328458
server1,GPT2-XL,ours,price,jlz-price-gpt2xl-2k,MEMIT_FREE100,3,20,16,100,1.1613758866522161,2.21596812989399,2.316694567969147,4.2109774500092305,0,1.0,1.7562040881328458
server1,GPT2-XL,ours,price,jlz-price-gpt2xl-2k,MEMIT_FREE100,3,20,17,100,1.0,1.7227828182892422,1.78026849253266,3.6443947106510026,5,1.0,1.7562040881328458
server1,GPT2-XL,ours,price,jlz-price-gpt2xl-2k,ALPHAEDIT_CAP075,4,1,13,100,1.0,1.089932526278853,1.1311642692753305,1.5991757306756447,29,0.75,1.007242201834877
server1,GPT2-XL,ours,price,jlz-price-gpt2xl-2k,ALPHAEDIT_CAP075,4,1,14,100,1.0,1.1338388707500477,1.1601259634316923,1.610086195343633,21,0.75,1.007242201834877
server1,GPT2-XL,ours,price,jlz-price-gpt2xl-2k,ALPHAEDIT_CAP075,4,1,15,100,1.0,1.079827695197905,1.1172637926099336,1.5331989546518279,20,0.75,1.007242201834877
server1,GPT2-XL,ours,price,jlz-price-gpt2xl-2k,ALPHAEDIT_CAP075,4,1,16,100,1.0,1.1516530547055077,1.193107619634731,1.7909879076675521,10,0.75,1.007242201834877
server1,GPT2-XL,ours,price,jlz-price-gpt2xl-2k,ALPHAEDIT_CAP075,4,1,17,100,1.0,1.1740266233868548,1.2099717719326522,1.8710657500829058,20,0.75,1.007242201834877
server1,GPT2-XL,ours,price,jlz-price-gpt2xl-2k,ALPHAEDIT_CAP075,4,2,13,100,1.0,1.0767769657171127,1.1188651445849465,1.7414655936954064,33,0.75,1.0136126273446024
server1,GPT2-XL,ours,price,jlz-price-gpt2xl-2k,ALPHAEDIT_CAP075,4,2,14,100,1.0,1.1518082506202831,1.1800536232500087,1.672547664142804,16,0.75,1.0136126273446024
server1,GPT2-XL,ours,price,jlz-price-gpt2xl-2k,ALPHAEDIT_CAP075,4,2,15,100,1.0,1.149989083985159,1.1641341048470606,1.695059021860208,20,0.75,1.0136126273446024
server1,GPT2-XL,ours,price,jlz-price-gpt2xl-2k,ALPHAEDIT_CAP075,4,2,16,100,1.0,1.174632226769978,1.1952505097558286,1.8322342788639403,15,0.75,1.0136126273446024
server1,GPT2-XL,ours,price,jlz-price-gpt2xl-2k,ALPHAEDIT_CAP075,4,2,17,100,1.0,1.2029997700747934,1.2077255750349318,1.6553570202494186,16,0.75,1.0136126273446024
server1,GPT2-XL,ours,price,jlz-price-gpt2xl-2k,ALPHAEDIT_CAP075,4,3,13,100,1.0,1.0678680395083209,1.1235826243319231,1.5471212774805716,26,0.75,1.0046902671595372
server1,GPT2-XL,ours,price,jlz-price-gpt2xl-2k,ALPHAEDIT_CAP075,4,3,14,100,1.0,1.0997149219614992,1.1388008998684873,1.63723692445775,27,0.75,1.0046902671595372
server1,GPT2-XL,ours,price,jlz-price-gpt2xl-2k,ALPHAEDIT_CAP075,4,3,15,100,1.0,1.1416548135838354,1.1770400823725773,1.8012204872527358,21,0.75,1.0046902671595372
server1,GPT2-XL,ours,price,jlz-price-gpt2xl-2k,ALPHAEDIT_CAP075,4,3,16,100,1.0,1.1674369389212949,1.1827616523084412,1.7327964804416467,12,0.75,1.0046902671595372
server1,GPT2-XL,ours,price,jlz-price-gpt2xl-2k,ALPHAEDIT_CAP075,4,3,17,100,1.0,1.187528788505332,1.2101404550328763,1.6878939527005532,14,0.75,1.0046902671595372
server1,GPT2-XL,ours,price,jlz-price-gpt2xl-2k,ALPHAEDIT_CAP075,4,4,13,100,1.0,1.0497659508836077,1.1024276312499484,1.5541417697485296,37,0.75,1.000380582114667
server1,GPT2-XL,ours,price,jlz-price-gpt2xl-2k,ALPHAEDIT_CAP075,4,4,14,100,1.0,1.1286805988842834,1.1478024597434566,1.5848829284987394,20,0.75,1.000380582114667
server1,GPT2-XL,ours,price,jlz-price-gpt2xl-2k,ALPHAEDIT_CAP075,4,4,15,100,1.0,1.1560641079954208,1.1715191551397506,1.5951831653554376,19,0.75,1.000380582114667
server1,GPT2-XL,ours,price,jlz-price-gpt2xl-2k,ALPHAEDIT_CAP075,4,4,16,100,1.0,1.139027180104394,1.166695413377893,1.6968129026665066,11,0.75,1.000380582114667
server1,GPT2-XL,ours,price,jlz-price-gpt2xl-2k,ALPHAEDIT_CAP075,4,4,17,100,1.0,1.1610407229757849,1.200292046100807,1.6644418347643761,13,0.75,1.000380582114667
server1,GPT2-XL,ours,price,jlz-price-gpt2xl-2k,ALPHAEDIT_CAP075,4,5,13,100,1.0,1.0424461997489007,1.0978137197315208,1.7955191511764337,40,0.75,0.9875821044604938
server1,GPT2-XL,ours,price,jlz-price-gpt2xl-2k,ALPHAEDIT_CAP075,4,5,14,100,1.0,1.0759573515082694,1.1164151625198098,1.584066099157338,27,0.75,0.9875821044604938
server1,GPT2-XL,ours,price,jlz-price-gpt2xl-2k,ALPHAEDIT_CAP075,4,5,15,100,1.0,1.12661173541143,1.1602776783850615,1.569523898589726,14,0.75,0.9875821044604938
server1,GPT2-XL,ours,price,jlz-price-gpt2xl-2k,ALPHAEDIT_CAP075,4,5,16,100,1.0,1.1743444553756008,1.1966237010909364,1.7345742713106507,11,0.75,0.9875821044604938
server1,GPT2-XL,ours,price,jlz-price-gpt2xl-2k,ALPHAEDIT_CAP075,4,5,17,100,1.0,1.180544807471841,1.20905508281673,1.7818764277978039,8,0.75,0.9875821044604938
server1,GPT2-XL,ours,price,jlz-price-gpt2xl-2k,ALPHAEDIT_CAP075,4,6,13,100,1.0,1.0571426338150274,1.1132418924860001,1.5545568344855445,38,0.75,1.0210102751899133
server1,GPT2-XL,ours,price,jlz-price-gpt2xl-2k,ALPHAEDIT_CAP075,4,6,14,100,1.0,1.1443388868777167,1.1787579994714947,1.577784380420089,20,0.75,1.0210102751899133
server1,GPT2-XL,ours,price,jlz-price-gpt2xl-2k,ALPHAEDIT_CAP075,4,6,15,100,1.0,1.134242447078096,1.1491453275635943,1.5403310899271285,22,0.75,1.0210102751899133
server1,GPT2-XL,ours,price,jlz-price-gpt2xl-2k,ALPHAEDIT_CAP075,4,6,16,100,1.0,1.2370067575763435,1.2381789689012175,1.7299451657954128,11,0.75,1.0210102751899133
server1,GPT2-XL,ours,price,jlz-price-gpt2xl-2k,ALPHAEDIT_CAP075,4,6,17,100,1.0,1.204393060297352,1.2366014943941817,1.7144857003742997,9,0.75,1.0210102751899133
server1,GPT2-XL,ours,price,jlz-price-gpt2xl-2k,ALPHAEDIT_CAP075,4,7,13,100,1.0,1.002230705022447,1.0902441531610458,1.5465021878712304,49,0.75,1.0316612549338098
server1,GPT2-XL,ours,price,jlz-price-gpt2xl-2k,ALPHAEDIT_CAP075,4,7,14,100,1.0,1.1296082183194325,1.1608892783479896,1.5824560760493755,20,0.75,1.0316612549338098
server1,GPT2-XL,ours,price,jlz-price-gpt2xl-2k,ALPHAEDIT_CAP075,4,7,15,100,1.0,1.169894686683104,1.18477883659475,1.5860102482874339,11,0.75,1.0316612549338098
server1,GPT2-XL,ours,price,jlz-price-gpt2xl-2k,ALPHAEDIT_CAP075,4,7,16,100,1.0,1.2092788776317223,1.2267900481774794,1.7120008312607566,11,0.75,1.0316612549338098
server1,GPT2-XL,ours,price,jlz-price-gpt2xl-2k,ALPHAEDIT_CAP075,4,7,17,100,1.0,1.2021571380136196,1.2600261888654207,1.842915643624125,9,0.75,1.0316612549338098
server1,GPT2-XL,ours,price,jlz-price-gpt2xl-2k,ALPHAEDIT_CAP075,4,8,13,100,1.0,1.0229912424531444,1.0746226347913868,1.4078161464287475,41,0.75,1.0441101685565648
server1,GPT2-XL,ours,price,jlz-price-gpt2xl-2k,ALPHAEDIT_CAP075,4,8,14,100,1.0,1.1278671152678974,1.1742470656829065,1.7919184656387466,17,0.75,1.0441101685565648
server1,GPT2-XL,ours,price,jlz-price-gpt2xl-2k,ALPHAEDIT_CAP075,4,8,15,100,1.0,1.1759358413990104,1.2070506189802481,1.627089864502155,14,0.75,1.0441101685565648
server1,GPT2-XL,ours,price,jlz-price-gpt2xl-2k,ALPHAEDIT_CAP075,4,8,16,100,1.0,1.1935140314422847,1.22547663569387,2.080714692654754,14,0.75,1.0441101685565648
server1,GPT2-XL,ours,price,jlz-price-gpt2xl-2k,ALPHAEDIT_CAP075,4,8,17,100,1.0,1.1822411829245287,1.2341646681883354,2.206310710181087,14,0.75,1.0441101685565648
server1,GPT2-XL,ours,price,jlz-price-gpt2xl-2k,ALPHAEDIT_CAP075,4,9,13,100,1.0,1.0235906895731701,1.0826032928230804,1.4949822935334063,43,0.75,1.0033290930965657
server1,GPT2-XL,ours,price,jlz-price-gpt2xl-2k,ALPHAEDIT_CAP075,4,9,14,100,1.0,1.09410142686106,1.141797761788228,1.8131368788692679,23,0.75,1.0033290930965657
server1,GPT2-XL,ours,price,jlz-price-gpt2xl-2k,ALPHAEDIT_CAP075,4,9,15,100,1.0,1.1529008083787118,1.1817642323051625,1.6115560454190876,11,0.75,1.0033290930965657
server1,GPT2-XL,ours,price,jlz-price-gpt2xl-2k,ALPHAEDIT_CAP075,4,9,16,100,1.0,1.2055406828729085,1.2301185534771961,1.6147448515245861,7,0.75,1.0033290930965657
server1,GPT2-XL,ours,price,jlz-price-gpt2xl-2k,ALPHAEDIT_CAP075,4,9,17,100,1.0,1.1645659501770824,1.2031008065814068,1.8466945630834377,16,0.75,1.0033290930965657
server1,GPT2-XL,ours,price,jlz-price-gpt2xl-2k,ALPHAEDIT_CAP075,4,10,13,100,1.0,1.0168716980538508,1.111210359288559,1.9481169135838217,47,0.75,1.0428611694641774
server1,GPT2-XL,ours,price,jlz-price-gpt2xl-2k,ALPHAEDIT_CAP075,4,10,14,100,1.0,1.154814246201871,1.1843004171988978,1.8574448062134081,18,0.75,1.0428611694641774
server1,GPT2-XL,ours,price,jlz-price-gpt2xl-2k,ALPHAEDIT_CAP075,4,10,15,100,1.0,1.2396742802286913,1.2417803893710393,1.8583002420624628,7,0.75,1.0428611694641774
server1,GPT2-XL,ours,price,jlz-price-gpt2xl-2k,ALPHAEDIT_CAP075,4,10,16,100,1.0,1.1883578872493255,1.2125237163996583,1.703224075392585,9,0.75,1.0428611694641774
server1,GPT2-XL,ours,price,jlz-price-gpt2xl-2k,ALPHAEDIT_CAP075,4,10,17,100,1.0,1.1572390104637895,1.2076094384924043,1.8110016201921186,19,0.75,1.0428611694641774
server1,GPT2-XL,ours,price,jlz-price-gpt2xl-2k,ALPHAEDIT_CAP075,4,11,13,100,1.0,1.0178056339307142,1.0908973183773927,1.5864541319230097,45,0.75,1.052655396101399
server1,GPT2-XL,ours,price,jlz-price-gpt2xl-2k,ALPHAEDIT_CAP075,4,11,14,100,1.0,1.1113342660429861,1.1758497076440617,1.9325881091137118,19,0.75,1.052655396101399
server1,GPT2-XL,ours,price,jlz-price-gpt2xl-2k,ALPHAEDIT_CAP075,4,11,15,100,1.0,1.1820658794834382,1.2366266653031281,2.586263361380982,5,0.75,1.052655396101399
server1,GPT2-XL,ours,price,jlz-price-gpt2xl-2k,ALPHAEDIT_CAP075,4,11,16,100,1.0,1.2055844569346108,1.2631474290555618,2.567074469594253,8,0.75,1.052655396101399
server1,GPT2-XL,ours,price,jlz-price-gpt2xl-2k,ALPHAEDIT_CAP075,4,11,17,100,1.0,1.1897182192616995,1.2369452721496328,2.3382574458740946,23,0.75,1.052655396101399
server1,GPT2-XL,ours,price,jlz-price-gpt2xl-2k,ALPHAEDIT_CAP075,4,12,13,100,1.0,1.0,1.0835364954243256,1.4990026652840736,52,0.75,1.0728343880340716
server1,GPT2-XL,ours,price,jlz-price-gpt2xl-2k,ALPHAEDIT_CAP075,4,12,14,100,1.0,1.1733719559438454,1.2027803612752277,1.8162600208318431,15,0.75,1.0728343880340716
server1,GPT2-XL,ours,price,jlz-price-gpt2xl-2k,ALPHAEDIT_CAP075,4,12,15,100,1.0,1.2502284542025663,1.271541318004757,2.58784036718163,10,0.75,1.0728343880340716
server1,GPT2-XL,ours,price,jlz-price-gpt2xl-2k,ALPHAEDIT_CAP075,4,12,16,100,1.0,1.2664142109841716,1.277653635840073,2.3767524145566674,8,0.75,1.0728343880340716
server1,GPT2-XL,ours,price,jlz-price-gpt2xl-2k,ALPHAEDIT_CAP075,4,12,17,100,1.0,1.2176341219814564,1.2699326925282757,2.127715605083812,15,0.75,1.0728343880340716
server1,GPT2-XL,ours,price,jlz-price-gpt2xl-2k,ALPHAEDIT_CAP075,4,13,13,100,1.0,1.0709273162903434,1.1284809319288227,2.1626845278863014,32,0.75,1.0991728780238676
server1,GPT2-XL,ours,price,jlz-price-gpt2xl-2k,ALPHAEDIT_CAP075,4,13,14,100,1.0,1.1779215124424853,1.2073754966129784,1.650723133842757,22,0.75,1.0991728780238676
server1,GPT2-XL,ours,price,jlz-price-gpt2xl-2k,ALPHAEDIT_CAP075,4,13,15,100,1.0,1.2515708762086468,1.2720843400288406,1.7630471709532216,10,0.75,1.0991728780238676
server1,GPT2-XL,ours,price,jlz-price-gpt2xl-2k,ALPHAEDIT_CAP075,4,13,16,100,1.0,1.2302788935469022,1.2773026464893489,2.5359303267039968,8,0.75,1.0991728780238676
server1,GPT2-XL,ours,price,jlz-price-gpt2xl-2k,ALPHAEDIT_CAP075,4,13,17,100,1.0,1.117263868155489,1.2295437889522243,3.2256094492297938,28,0.75,1.0991728780238676
server1,GPT2-XL,ours,price,jlz-price-gpt2xl-2k,ALPHAEDIT_CAP075,4,14,13,100,1.0,1.0908611038026634,1.110982748922199,1.6087194978966297,35,0.75,1.0479415315235552
server1,GPT2-XL,ours,price,jlz-price-gpt2xl-2k,ALPHAEDIT_CAP075,4,14,14,100,1.0,1.1489204601569525,1.1919929649663865,1.6658290360635226,17,0.75,1.0479415315235552
server1,GPT2-XL,ours,price,jlz-price-gpt2xl-2k,ALPHAEDIT_CAP075,4,14,15,100,1.0,1.1921194207742603,1.2262297049474624,1.8253743129882192,14,0.75,1.0479415315235552
server1,GPT2-XL,ours,price,jlz-price-gpt2xl-2k,ALPHAEDIT_CAP075,4,14,16,100,1.0,1.1896681747016666,1.2431524801493852,2.1283332814881213,10,0.75,1.0479415315235552
server1,GPT2-XL,ours,price,jlz-price-gpt2xl-2k,ALPHAEDIT_CAP075,4,14,17,100,1.0,1.1391772156277158,1.2069396085100788,2.3567549463658684,24,0.75,1.0479415315235552
server1,GPT2-XL,ours,price,jlz-price-gpt2xl-2k,ALPHAEDIT_CAP075,4,15,13,100,1.0,1.0957923506660703,1.1380143482864082,2.074099177685837,35,0.75,1.1089793301977133
server1,GPT2-XL,ours,price,jlz-price-gpt2xl-2k,ALPHAEDIT_CAP075,4,15,14,100,1.0,1.1579099821502963,1.2172330232038926,2.0047107274391207,16,0.75,1.1089793301977133
server1,GPT2-XL,ours,price,jlz-price-gpt2xl-2k,ALPHAEDIT_CAP075,4,15,15,100,1.0,1.2249762987597128,1.277911533376197,2.4451863592966925,13,0.75,1.1089793301977133
server1,GPT2-XL,ours,price,jlz-price-gpt2xl-2k,ALPHAEDIT_CAP075,4,15,16,100,1.0,1.2317043826857517,1.2911141580212253,2.5945394850044465,6,0.75,1.1089793301977133
server1,GPT2-XL,ours,price,jlz-price-gpt2xl-2k,ALPHAEDIT_CAP075,4,15,17,100,1.0,1.106224340035951,1.2508820604880753,2.4727981706191633,30,0.75,1.1089793301977133
server1,GPT2-XL,ours,price,jlz-price-gpt2xl-2k,ALPHAEDIT_CAP075,4,16,13,100,1.0,1.0414045814340565,1.1185266031944812,1.6699364620101722,43,0.75,1.1013710001896038
server1,GPT2-XL,ours,price,jlz-price-gpt2xl-2k,ALPHAEDIT_CAP075,4,16,14,100,1.0,1.1956699239708939,1.22457554328239,2.2656216192607723,14,0.75,1.1013710001896038
server1,GPT2-XL,ours,price,jlz-price-gpt2xl-2k,ALPHAEDIT_CAP075,4,16,15,100,1.0,1.268652310117854,1.290584134068676,1.9865140372017842,9,0.75,1.1013710001896038
server1,GPT2-XL,ours,price,jlz-price-gpt2xl-2k,ALPHAEDIT_CAP075,4,16,16,100,1.0,1.2453213308729008,1.2761841942259118,2.541921848258523,12,0.75,1.1013710001896038
server1,GPT2-XL,ours,price,jlz-price-gpt2xl-2k,ALPHAEDIT_CAP075,4,16,17,100,1.0,1.1708459807912202,1.232016157701649,2.1289078829512227,22,0.75,1.1013710001896038
server1,GPT2-XL,ours,price,jlz-price-gpt2xl-2k,ALPHAEDIT_CAP075,4,17,13,100,1.0,1.0010085292587818,1.1022260325534667,1.6079223962429392,50,0.75,1.0976548230518326
server1,GPT2-XL,ours,price,jlz-price-gpt2xl-2k,ALPHAEDIT_CAP075,4,17,14,100,1.0,1.2196116978135207,1.2671720942796787,2.0669260471549675,8,0.75,1.0976548230518326
server1,GPT2-XL,ours,price,jlz-price-gpt2xl-2k,ALPHAEDIT_CAP075,4,17,15,100,1.0,1.2488072648200916,1.2723867949570133,2.0069965621538013,6,0.75,1.0976548230518326
server1,GPT2-XL,ours,price,jlz-price-gpt2xl-2k,ALPHAEDIT_CAP075,4,17,16,100,1.0,1.225307238780338,1.2532936546689515,2.0241030382910106,7,0.75,1.0976548230518326
server1,GPT2-XL,ours,price,jlz-price-gpt2xl-2k,ALPHAEDIT_CAP075,4,17,17,100,1.0,1.1257294986255564,1.2067217719843482,2.456165334365882,29,0.75,1.0976548230518326
server1,GPT2-XL,ours,price,jlz-price-gpt2xl-2k,ALPHAEDIT_CAP075,4,18,13,100,1.0,1.070447954728297,1.111992677734271,1.6772624520493837,39,0.75,1.076390431805816
server1,GPT2-XL,ours,price,jlz-price-gpt2xl-2k,ALPHAEDIT_CAP075,4,18,14,100,1.0,1.202617521437781,1.2271357239089236,1.9323221052500708,12,0.75,1.076390431805816
server1,GPT2-XL,ours,price,jlz-price-gpt2xl-2k,ALPHAEDIT_CAP075,4,18,15,100,1.0,1.2713466755782972,1.270558053799265,2.1068254756958518,7,0.75,1.076390431805816
server1,GPT2-XL,ours,price,jlz-price-gpt2xl-2k,ALPHAEDIT_CAP075,4,18,16,100,1.0,1.238752477712424,1.2639383601991074,2.0272602727573727,11,0.75,1.076390431805816
server1,GPT2-XL,ours,price,jlz-price-gpt2xl-2k,ALPHAEDIT_CAP075,4,18,17,100,1.0,1.143174999767254,1.197830354586442,2.129963227980921,31,0.75,1.076390431805816
server1,GPT2-XL,ours,price,jlz-price-gpt2xl-2k,ALPHAEDIT_CAP075,4,19,13,100,1.0,1.0497164423233214,1.1135820962044602,1.7299291592113648,41,0.75,1.0947158094698624
server1,GPT2-XL,ours,price,jlz-price-gpt2xl-2k,ALPHAEDIT_CAP075,4,19,14,100,1.0,1.197896579666398,1.230883417872044,1.7289521962781926,13,0.75,1.0947158094698624
server1,GPT2-XL,ours,price,jlz-price-gpt2xl-2k,ALPHAEDIT_CAP075,4,19,15,100,1.0,1.2464592283491442,1.2865936655689618,1.9420417141164474,4,0.75,1.0947158094698624
server1,GPT2-XL,ours,price,jlz-price-gpt2xl-2k,ALPHAEDIT_CAP075,4,19,16,100,1.0,1.210562791516474,1.2860057853946716,2.1219453932627803,10,0.75,1.0947158094698624
server1,GPT2-XL,ours,price,jlz-price-gpt2xl-2k,ALPHAEDIT_CAP075,4,19,17,100,1.0,1.129475936374272,1.2428026838448505,2.209074902249635,32,0.75,1.0947158094698624
server1,GPT2-XL,ours,price,jlz-price-gpt2xl-2k,ALPHAEDIT_CAP075,4,20,13,100,1.0,1.0715551724042824,1.120207166241484,1.960039181290563,34,0.75,1.1170855248685154
server1,GPT2-XL,ours,price,jlz-price-gpt2xl-2k,ALPHAEDIT_CAP075,4,20,14,100,1.0,1.200474952344573,1.2098493267584356,1.7751637430596616,18,0.75,1.1170855248685154
server1,GPT2-XL,ours,price,jlz-price-gpt2xl-2k,ALPHAEDIT_CAP075,4,20,15,100,1.0,1.268907066457332,1.2857727826748822,2.48913625011082,10,0.75,1.1170855248685154
server1,GPT2-XL,ours,price,jlz-price-gpt2xl-2k,ALPHAEDIT_CAP075,4,20,16,100,1.0,1.2715993483653611,1.3392946243597983,3.413437414821606,5,0.75,1.1170855248685154
server1,GPT2-XL,ours,price,jlz-price-gpt2xl-2k,ALPHAEDIT_CAP075,4,20,17,100,1.0,1.1409504961186236,1.2673101867747874,3.4641042325045666,33,0.75,1.1170855248685154
server1,GPT2-XL,ours,price,jlz-price-gpt2xl-2k,ALPHAEDIT_CAP100,5,1,13,100,1.0,1.089932526278853,1.1311642692753305,1.5991757306756447,29,1.0,1.0532799591941944
server1,GPT2-XL,ours,price,jlz-price-gpt2xl-2k,ALPHAEDIT_CAP100,5,1,14,100,1.0,1.1338388707500477,1.1601259634316923,1.610086195343633,21,1.0,1.0532799591941944
server1,GPT2-XL,ours,price,jlz-price-gpt2xl-2k,ALPHAEDIT_CAP100,5,1,15,100,1.0,1.079827695197905,1.1172637926099336,1.5331989546518279,20,1.0,1.0532799591941944
server1,GPT2-XL,ours,price,jlz-price-gpt2xl-2k,ALPHAEDIT_CAP100,5,1,16,100,1.0,1.1516530547055077,1.193107619634731,1.7909879076675521,10,1.0,1.0532799591941944
server1,GPT2-XL,ours,price,jlz-price-gpt2xl-2k,ALPHAEDIT_CAP100,5,1,17,100,1.0,1.1740266233868548,1.2099717719326522,1.8710657500829058,20,1.0,1.0532799591941944
server1,GPT2-XL,ours,price,jlz-price-gpt2xl-2k,ALPHAEDIT_CAP100,5,2,13,100,1.0,1.0666096745240392,1.114692792274407,1.7210167806759988,35,1.0,1.0484319312391381
server1,GPT2-XL,ours,price,jlz-price-gpt2xl-2k,ALPHAEDIT_CAP100,5,2,14,100,1.0,1.1426061611753986,1.17488761892329,1.662025328762595,15,1.0,1.0484319312391381
server1,GPT2-XL,ours,price,jlz-price-gpt2xl-2k,ALPHAEDIT_CAP100,5,2,15,100,1.0,1.1404875145255575,1.1610690165419202,1.6696866395598449,21,1.0,1.0484319312391381
server1,GPT2-XL,ours,price,jlz-price-gpt2xl-2k,ALPHAEDIT_CAP100,5,2,16,100,1.0,1.1830452450600186,1.195983992475001,1.807065441192667,15,1.0,1.0484319312391381
server1,GPT2-XL,ours,price,jlz-price-gpt2xl-2k,ALPHAEDIT_CAP100,5,2,17,100,1.0,1.2044319504927503,1.2136569636112848,1.7475226273730287,14,1.0,1.0484319312391381
server1,GPT2-XL,ours,price,jlz-price-gpt2xl-2k,ALPHAEDIT_CAP100,5,3,13,100,1.0,1.0677153143697171,1.1206859153373212,1.5461487320816225,28,1.0,1.0495566991605572
server1,GPT2-XL,ours,price,jlz-price-gpt2xl-2k,ALPHAEDIT_CAP100,5,3,14,100,1.0,1.0961328670713157,1.140093689869368,1.6260412948310874,25,1.0,1.0495566991605572
server1,GPT2-XL,ours,price,jlz-price-gpt2xl-2k,ALPHAEDIT_CAP100,5,3,15,100,1.0,1.1312625952021818,1.1783277373712435,1.791027779170989,18,1.0,1.0495566991605572
server1,GPT2-XL,ours,price,jlz-price-gpt2xl-2k,ALPHAEDIT_CAP100,5,3,16,100,1.0,1.1600994560851698,1.1845092101090402,1.8375655451271913,13,1.0,1.0495566991605572
server1,GPT2-XL,ours,price,jlz-price-gpt2xl-2k,ALPHAEDIT_CAP100,5,3,17,100,1.0,1.1981646837056934,1.2205493741163729,1.7896718127478464,16,1.0,1.0495566991605572
server1,GPT2-XL,ours,price,jlz-price-gpt2xl-2k,ALPHAEDIT_CAP100,5,4,13,100,1.0,1.045266516571117,1.0960388796869625,1.532572982782949,33,1.0,1.043388468837309
server1,GPT2-XL,ours,price,jlz-price-gpt2xl-2k,ALPHAEDIT_CAP100,5,4,14,100,1.0,1.1072535383378155,1.1386479476666498,1.5301721978987963,20,1.0,1.043388468837309
server1,GPT2-XL,ours,price,jlz-price-gpt2xl-2k,ALPHAEDIT_CAP100,5,4,15,100,1.0,1.156462263618916,1.1772434749515464,1.6522053339781637,21,1.0,1.043388468837309
server1,GPT2-XL,ours,price,jlz-price-gpt2xl-2k,ALPHAEDIT_CAP100,5,4,16,100,1.0,1.157712008145206,1.171426822386426,1.7039174016945313,10,1.0,1.043388468837309
server1,GPT2-XL,ours,price,jlz-price-gpt2xl-2k,ALPHAEDIT_CAP100,5,4,17,100,1.0,1.1872204113072475,1.2129315883375185,1.8209609420863713,16,1.0,1.043388468837309
server1,GPT2-XL,ours,price,jlz-price-gpt2xl-2k,ALPHAEDIT_CAP100,5,5,13,100,1.0,1.039039715596967,1.0946724772413943,1.7415809829873508,39,1.0,1.0494615019176958
server1,GPT2-XL,ours,price,jlz-price-gpt2xl-2k,ALPHAEDIT_CAP100,5,5,14,100,1.0,1.0840563560063368,1.1262654462353026,1.5198687189555786,24,1.0,1.0494615019176958
server1,GPT2-XL,ours,price,jlz-price-gpt2xl-2k,ALPHAEDIT_CAP100,5,5,15,100,1.0,1.126436818576984,1.1580889926926239,1.634828331108782,15,1.0,1.0494615019176958
server1,GPT2-XL,ours,price,jlz-price-gpt2xl-2k,ALPHAEDIT_CAP100,5,5,16,100,1.0,1.1930019557195657,1.2057790708935852,1.72386538468801,10,1.0,1.0494615019176958
server1,GPT2-XL,ours,price,jlz-price-gpt2xl-2k,ALPHAEDIT_CAP100,5,5,17,100,1.0,1.2048370377743811,1.2275168318954932,1.9428720427294732,12,1.0,1.0494615019176958
server1,GPT2-XL,ours,price,jlz-price-gpt2xl-2k,ALPHAEDIT_CAP100,5,6,13,100,1.0,1.051214814083663,1.1090157928831013,1.6203429561847187,39,1.0,1.0960802244607626
server1,GPT2-XL,ours,price,jlz-price-gpt2xl-2k,ALPHAEDIT_CAP100,5,6,14,100,1.0,1.147473530569573,1.1804219450003641,1.660026848476012,19,1.0,1.0960802244607626
server1,GPT2-XL,ours,price,jlz-price-gpt2xl-2k,ALPHAEDIT_CAP100,5,6,15,100,1.0,1.1671521093462647,1.1834719809350438,1.678592431518926,22,1.0,1.0960802244607626
server1,GPT2-XL,ours,price,jlz-price-gpt2xl-2k,ALPHAEDIT_CAP100,5,6,16,100,1.0,1.2387452610434835,1.2667683881006055,1.8270299178975116,10,1.0,1.0960802244607626
server1,GPT2-XL,ours,price,jlz-price-gpt2xl-2k,ALPHAEDIT_CAP100,5,6,17,100,1.0,1.2564600034483404,1.2950737817928388,2.3046074517791317,10,1.0,1.0960802244607626
server1,GPT2-XL,ours,price,jlz-price-gpt2xl-2k,ALPHAEDIT_CAP100,5,7,13,100,1.0,1.0014430734561315,1.082325337070452,1.52858974436193,50,1.0,1.079292085304998
server1,GPT2-XL,ours,price,jlz-price-gpt2xl-2k,ALPHAEDIT_CAP100,5,7,14,100,1.0,1.140006987553805,1.1696301064890116,1.7894767269898044,23,1.0,1.079292085304998
server1,GPT2-XL,ours,price,jlz-price-gpt2xl-2k,ALPHAEDIT_CAP100,5,7,15,100,1.0,1.1852977637676436,1.1978899440765158,1.6638146968476282,12,1.0,1.079292085304998
server1,GPT2-XL,ours,price,jlz-price-gpt2xl-2k,ALPHAEDIT_CAP100,5,7,16,100,1.0,1.2565247733104576,1.2505056485295216,1.8021387867872025,6,1.0,1.079292085304998
server1,GPT2-XL,ours,price,jlz-price-gpt2xl-2k,ALPHAEDIT_CAP100,5,7,17,100,1.0,1.2558577514735756,1.2878387775713616,1.8504360899868715,9,1.0,1.079292085304998
server1,GPT2-XL,ours,price,jlz-price-gpt2xl-2k,ALPHAEDIT_CAP100,5,8,13,100,1.0,1.0132441701468915,1.0769152260603592,1.4189393433261575,44,1.0,1.1159816570832555
server1,GPT2-XL,ours,price,jlz-price-gpt2xl-2k,ALPHAEDIT_CAP100,5,8,14,100,1.0,1.1102375144016141,1.1569014789496048,1.598727420772927,24,1.0,1.1159816570832555
server1,GPT2-XL,ours,price,jlz-price-gpt2xl-2k,ALPHAEDIT_CAP100,5,8,15,100,1.0,1.1975555515635385,1.223447295324538,1.6675183137692502,10,1.0,1.1159816570832555
server1,GPT2-XL,ours,price,jlz-price-gpt2xl-2k,ALPHAEDIT_CAP100,5,8,16,100,1.0,1.2137243749605573,1.2611394407902525,1.8841029982855668,9,1.0,1.1159816570832555
server1,GPT2-XL,ours,price,jlz-price-gpt2xl-2k,ALPHAEDIT_CAP100,5,8,17,100,1.0,1.2211550844046606,1.3200351076381016,2.214632732269065,13,1.0,1.1159816570832555
server1,GPT2-XL,ours,price,jlz-price-gpt2xl-2k,ALPHAEDIT_CAP100,5,9,13,100,1.0,1.0619074881708914,1.106132253232426,1.515973433280948,39,1.0,1.0800872540858537
server1,GPT2-XL,ours,price,jlz-price-gpt2xl-2k,ALPHAEDIT_CAP100,5,9,14,100,1.0,1.1201186551428624,1.1577248381571834,1.7212214058395818,19,1.0,1.0800872540858537
server1,GPT2-XL,ours,price,jlz-price-gpt2xl-2k,ALPHAEDIT_CAP100,5,9,15,100,1.0,1.1454731948801644,1.1915313798879696,1.6882973205266625,18,1.0,1.0800872540858537
server1,GPT2-XL,ours,price,jlz-price-gpt2xl-2k,ALPHAEDIT_CAP100,5,9,16,100,1.0,1.181629538529395,1.2412404199115095,2.2516057410283423,11,1.0,1.0800872540858537
server1,GPT2-XL,ours,price,jlz-price-gpt2xl-2k,ALPHAEDIT_CAP100,5,9,17,100,1.0,1.1986403117408573,1.252011578981469,2.4876533639685805,13,1.0,1.0800872540858537
server1,GPT2-XL,ours,price,jlz-price-gpt2xl-2k,ALPHAEDIT_CAP100,5,10,13,100,1.0,1.0160132642957653,1.123551188607793,2.3121641669106463,46,1.0,1.127780971652172
server1,GPT2-XL,ours,price,jlz-price-gpt2xl-2k,ALPHAEDIT_CAP100,5,10,14,100,1.0,1.1862732678092391,1.2466104064134529,2.4850692522681914,16,1.0,1.127780971652172
server1,GPT2-XL,ours,price,jlz-price-gpt2xl-2k,ALPHAEDIT_CAP100,5,10,15,100,1.0,1.2379909976977617,1.2635185105723135,1.8485821668735511,8,1.0,1.127780971652172
server1,GPT2-XL,ours,price,jlz-price-gpt2xl-2k,ALPHAEDIT_CAP100,5,10,16,100,1.0,1.2685605058070246,1.2994411152766443,2.0871090913359467,5,1.0,1.127780971652172
server1,GPT2-XL,ours,price,jlz-price-gpt2xl-2k,ALPHAEDIT_CAP100,5,10,17,100,1.0,1.2066577463150727,1.2622254190684257,2.2510055116427994,25,1.0,1.127780971652172
server1,GPT2-XL,ours,price,jlz-price-gpt2xl-2k,ALPHAEDIT_CAP100,5,11,13,100,1.0,1.0252242796100186,1.1108144163434388,1.775845011859485,42,1.0,1.1448288641372837
server1,GPT2-XL,ours,price,jlz-price-gpt2xl-2k,ALPHAEDIT_CAP100,5,11,14,100,1.0,1.1264502380242152,1.1821951111997044,2.160230769091269,24,1.0,1.1448288641372837
server1,GPT2-XL,ours,price,jlz-price-gpt2xl-2k,ALPHAEDIT_CAP100,5,11,15,100,1.0,1.195684321594582,1.2446460434436581,1.9537061306603731,11,1.0,1.1448288641372837
server1,GPT2-XL,ours,price,jlz-price-gpt2xl-2k,ALPHAEDIT_CAP100,5,11,16,100,1.0,1.270195894615094,1.3301431626685587,2.803802761001444,4,1.0,1.1448288641372837
server1,GPT2-XL,ours,price,jlz-price-gpt2xl-2k,ALPHAEDIT_CAP100,5,11,17,100,1.0,1.2236200621162847,1.3365817894448788,3.044884598156517,19,1.0,1.1448288641372837
server1,GPT2-XL,ours,price,jlz-price-gpt2xl-2k,ALPHAEDIT_CAP100,5,12,13,100,1.0,1.0,1.0781585795903588,1.780089617352347,54,1.0,1.1564415142378688
server1,GPT2-XL,ours,price,jlz-price-gpt2xl-2k,ALPHAEDIT_CAP100,5,12,14,100,1.0,1.1831236674815124,1.2223333269422325,2.2941185446533883,12,1.0,1.1564415142378688
server1,GPT2-XL,ours,price,jlz-price-gpt2xl-2k,ALPHAEDIT_CAP100,5,12,15,100,1.0,1.2602184615957142,1.259069889085495,2.1270301347740204,18,1.0,1.1564415142378688
server1,GPT2-XL,ours,price,jlz-price-gpt2xl-2k,ALPHAEDIT_CAP100,5,12,16,100,1.0,1.2374659175263285,1.327065620403386,2.742625366401084,7,1.0,1.1564415142378688
server1,GPT2-XL,ours,price,jlz-price-gpt2xl-2k,ALPHAEDIT_CAP100,5,12,17,100,1.0,1.2186700633853214,1.3438733979119735,2.6427851901979404,9,1.0,1.1564415142378688
server1,GPT2-XL,ours,price,jlz-price-gpt2xl-2k,ALPHAEDIT_CAP100,5,13,13,100,1.0,1.0154043666362198,1.1144446158829373,2.2156928995051683,48,1.0,1.1489153935565972
server1,GPT2-XL,ours,price,jlz-price-gpt2xl-2k,ALPHAEDIT_CAP100,5,13,14,100,1.0,1.1857399539385838,1.2270119602652532,1.9963149524622334,18,1.0,1.1489153935565972
server1,GPT2-XL,ours,price,jlz-price-gpt2xl-2k,ALPHAEDIT_CAP100,5,13,15,100,1.0,1.2175831955154006,1.2681024766332485,1.9497235663196764,8,1.0,1.1489153935565972
server1,GPT2-XL,ours,price,jlz-price-gpt2xl-2k,ALPHAEDIT_CAP100,5,13,16,100,1.0,1.2870923351736843,1.3229043014380286,2.89010490166942,9,1.0,1.1489153935565972
server1,GPT2-XL,ours,price,jlz-price-gpt2xl-2k,ALPHAEDIT_CAP100,5,13,17,100,1.0,1.2093431278222009,1.3124942089542369,3.1188892310535454,17,1.0,1.1489153935565972
server1,GPT2-XL,ours,price,jlz-price-gpt2xl-2k,ALPHAEDIT_CAP100,5,14,13,100,1.0,1.0613447319313136,1.1393387532662596,2.0082578373725295,36,1.0,1.1179454559639515
server1,GPT2-XL,ours,price,jlz-price-gpt2xl-2k,ALPHAEDIT_CAP100,5,14,14,100,1.0,1.1721410610789698,1.2052103374071883,1.8230080466894336,14,1.0,1.1179454559639515
server1,GPT2-XL,ours,price,jlz-price-gpt2xl-2k,ALPHAEDIT_CAP100,5,14,15,100,1.0,1.2280809945847637,1.2413272821330623,1.9819864892739198,14,1.0,1.1179454559639515
server1,GPT2-XL,ours,price,jlz-price-gpt2xl-2k,ALPHAEDIT_CAP100,5,14,16,100,1.0,1.1939442027228702,1.261608055164655,2.2613968271709135,9,1.0,1.1179454559639515
server1,GPT2-XL,ours,price,jlz-price-gpt2xl-2k,ALPHAEDIT_CAP100,5,14,17,100,1.0,1.146267640800821,1.253143438102916,2.356061026013823,27,1.0,1.1179454559639515
server1,GPT2-XL,ours,price,jlz-price-gpt2xl-2k,ALPHAEDIT_CAP100,5,15,13,100,1.0,1.0657298757094793,1.1627546550348813,2.27061833448926,39,1.0,1.1863001198407228
server1,GPT2-XL,ours,price,jlz-price-gpt2xl-2k,ALPHAEDIT_CAP100,5,15,14,100,1.0,1.2015091139771488,1.233328608622996,1.8920703246412671,18,1.0,1.1863001198407228
server1,GPT2-XL,ours,price,jlz-price-gpt2xl-2k,ALPHAEDIT_CAP100,5,15,15,100,1.0,1.1995953445118306,1.2663446057003827,2.2783225976343955,10,1.0,1.1863001198407228
server1,GPT2-XL,ours,price,jlz-price-gpt2xl-2k,ALPHAEDIT_CAP100,5,15,16,100,1.0,1.2870788964079987,1.3649766227794493,2.552544181601825,9,1.0,1.1863001198407228
server1,GPT2-XL,ours,price,jlz-price-gpt2xl-2k,ALPHAEDIT_CAP100,5,15,17,100,1.0,1.1754881032685576,1.3333090427321304,3.1356835029988734,24,1.0,1.1863001198407228
server1,GPT2-XL,ours,price,jlz-price-gpt2xl-2k,ALPHAEDIT_CAP100,5,16,13,100,1.0,1.027233586634885,1.1347041545911796,2.0277779494661536,44,1.0,1.1414455202730402
server1,GPT2-XL,ours,price,jlz-price-gpt2xl-2k,ALPHAEDIT_CAP100,5,16,14,100,1.0,1.1987129277486903,1.226190742436637,1.8855153100227091,20,1.0,1.1414455202730402
server1,GPT2-XL,ours,price,jlz-price-gpt2xl-2k,ALPHAEDIT_CAP100,5,16,15,100,1.0,1.235584632058323,1.2851096232800663,2.126979971153663,5,1.0,1.1414455202730402
server1,GPT2-XL,ours,price,jlz-price-gpt2xl-2k,ALPHAEDIT_CAP100,5,16,16,100,1.0,1.2560777191260777,1.3079154250161908,3.2868510818153065,8,1.0,1.1414455202730402
server1,GPT2-XL,ours,price,jlz-price-gpt2xl-2k,ALPHAEDIT_CAP100,5,16,17,100,1.0,1.206050622744703,1.28418229111722,3.362533453186367,23,1.0,1.1414455202730402
server1,GPT2-XL,ours,price,jlz-price-gpt2xl-2k,ALPHAEDIT_CAP100,5,17,13,100,1.0,1.0632702863638746,1.1352164331478545,1.543294145039178,40,1.0,1.151601529220938
server1,GPT2-XL,ours,price,jlz-price-gpt2xl-2k,ALPHAEDIT_CAP100,5,17,14,100,1.0,1.1911939042650355,1.2379732535878512,1.9642569719367156,13,1.0,1.151601529220938
server1,GPT2-XL,ours,price,jlz-price-gpt2xl-2k,ALPHAEDIT_CAP100,5,17,15,100,1.0,1.2460439077306593,1.2671180686299925,2.0955565861564294,8,1.0,1.151601529220938
server1,GPT2-XL,ours,price,jlz-price-gpt2xl-2k,ALPHAEDIT_CAP100,5,17,16,100,1.0,1.2360924120882024,1.3429018355108608,2.6590059371087222,9,1.0,1.151601529220938
server1,GPT2-XL,ours,price,jlz-price-gpt2xl-2k,ALPHAEDIT_CAP100,5,17,17,100,1.0,1.1255393984307618,1.2666748156806977,3.295772001441671,30,1.0,1.151601529220938
server1,GPT2-XL,ours,price,jlz-price-gpt2xl-2k,ALPHAEDIT_CAP100,5,18,13,100,1.0,1.047260503444131,1.136722136402396,1.925279435502492,39,1.0,1.171623028774485
server1,GPT2-XL,ours,price,jlz-price-gpt2xl-2k,ALPHAEDIT_CAP100,5,18,14,100,1.0,1.2265174184975538,1.257854052070185,2.075340524129092,13,1.0,1.171623028774485
server1,GPT2-XL,ours,price,jlz-price-gpt2xl-2k,ALPHAEDIT_CAP100,5,18,15,100,1.0,1.1865501948423578,1.2504332944575323,1.9285322220436425,14,1.0,1.171623028774485
server1,GPT2-XL,ours,price,jlz-price-gpt2xl-2k,ALPHAEDIT_CAP100,5,18,16,100,1.0,1.2498267646600874,1.364136403938008,2.9819430878331263,7,1.0,1.171623028774485
server1,GPT2-XL,ours,price,jlz-price-gpt2xl-2k,ALPHAEDIT_CAP100,5,18,17,100,1.0,1.135005065399362,1.2805656972455686,2.749660743673113,27,1.0,1.171623028774485
server1,GPT2-XL,ours,price,jlz-price-gpt2xl-2k,ALPHAEDIT_CAP100,5,19,13,100,1.0,1.0573084925499385,1.1447145794747413,1.6998232248395735,42,1.0,1.1462730627577413
server1,GPT2-XL,ours,price,jlz-price-gpt2xl-2k,ALPHAEDIT_CAP100,5,19,14,100,1.0,1.2628894720635258,1.2834753413195232,1.8684870217531495,12,1.0,1.1462730627577413
server1,GPT2-XL,ours,price,jlz-price-gpt2xl-2k,ALPHAEDIT_CAP100,5,19,15,100,1.0,1.235180906582153,1.2708161455102707,2.2194674985359657,9,1.0,1.1462730627577413
server1,GPT2-XL,ours,price,jlz-price-gpt2xl-2k,ALPHAEDIT_CAP100,5,19,16,100,1.0,1.2110091525855884,1.282314610918418,2.2026531984756277,16,1.0,1.1462730627577413
server1,GPT2-XL,ours,price,jlz-price-gpt2xl-2k,ALPHAEDIT_CAP100,5,19,17,100,1.0,1.195800578429687,1.2820152011074195,2.3163983851722953,21,1.0,1.1462730627577413
server1,GPT2-XL,ours,price,jlz-price-gpt2xl-2k,ALPHAEDIT_CAP100,5,20,13,100,1.0,1.0833871497606005,1.1562256798429698,1.820626035748093,35,1.0,1.1593291989033638
server1,GPT2-XL,ours,price,jlz-price-gpt2xl-2k,ALPHAEDIT_CAP100,5,20,14,100,1.0,1.2094306407595288,1.2628844176434317,2.345868378319841,13,1.0,1.1593291989033638
server1,GPT2-XL,ours,price,jlz-price-gpt2xl-2k,ALPHAEDIT_CAP100,5,20,15,100,1.0,1.2797543551506738,1.3195543317771683,2.810434515641403,12,1.0,1.1593291989033638
server1,GPT2-XL,ours,price,jlz-price-gpt2xl-2k,ALPHAEDIT_CAP100,5,20,16,100,1.0,1.2495855751377982,1.336003687770994,2.249251471354596,11,1.0,1.1593291989033638
server1,GPT2-XL,ours,price,jlz-price-gpt2xl-2k,ALPHAEDIT_CAP100,5,20,17,100,1.0,1.1655403386931686,1.2315324559659953,2.496783269350021,29,1.0,1.1593291989033638
server1,GPT2-XL,ours,price,jlz-price-gpt2xl-2k,ALPHAEDIT_FREE100,6,1,13,100,1.0,1.089932526278853,1.1311642692753305,1.5991757306756447,29,1.0,1.0532799591941944
server1,GPT2-XL,ours,price,jlz-price-gpt2xl-2k,ALPHAEDIT_FREE100,6,1,14,100,1.0,1.1338388707500477,1.1601259634316923,1.610086195343633,21,1.0,1.0532799591941944
server1,GPT2-XL,ours,price,jlz-price-gpt2xl-2k,ALPHAEDIT_FREE100,6,1,15,100,1.0,1.079827695197905,1.1172637926099336,1.5331989546518279,20,1.0,1.0532799591941944
server1,GPT2-XL,ours,price,jlz-price-gpt2xl-2k,ALPHAEDIT_FREE100,6,1,16,100,1.0,1.1516530547055077,1.193107619634731,1.7909879076675521,10,1.0,1.0532799591941944
server1,GPT2-XL,ours,price,jlz-price-gpt2xl-2k,ALPHAEDIT_FREE100,6,1,17,100,1.0,1.1740266233868548,1.2099717719326522,1.8710657500829058,20,1.0,1.0532799591941944
server1,GPT2-XL,ours,price,jlz-price-gpt2xl-2k,ALPHAEDIT_FREE100,6,2,13,100,1.0,1.0666096745240392,1.114692792274407,1.7210167806759988,35,1.0,1.0484319312391381
server1,GPT2-XL,ours,price,jlz-price-gpt2xl-2k,ALPHAEDIT_FREE100,6,2,14,100,1.0,1.1426061611753986,1.17488761892329,1.662025328762595,15,1.0,1.0484319312391381
server1,GPT2-XL,ours,price,jlz-price-gpt2xl-2k,ALPHAEDIT_FREE100,6,2,15,100,1.0,1.1404875145255575,1.1610690165419202,1.6696866395598449,21,1.0,1.0484319312391381
server1,GPT2-XL,ours,price,jlz-price-gpt2xl-2k,ALPHAEDIT_FREE100,6,2,16,100,1.0,1.1830452450600186,1.195983992475001,1.807065441192667,15,1.0,1.0484319312391381
server1,GPT2-XL,ours,price,jlz-price-gpt2xl-2k,ALPHAEDIT_FREE100,6,2,17,100,1.0,1.2044319504927503,1.2136569636112848,1.7475226273730287,14,1.0,1.0484319312391381
server1,GPT2-XL,ours,price,jlz-price-gpt2xl-2k,ALPHAEDIT_FREE100,6,3,13,100,1.0,1.0677153143697171,1.1206859153373212,1.5461487320816225,28,1.0,1.0495566991605572
server1,GPT2-XL,ours,price,jlz-price-gpt2xl-2k,ALPHAEDIT_FREE100,6,3,14,100,1.0,1.0961328670713157,1.140093689869368,1.6260412948310874,25,1.0,1.0495566991605572
server1,GPT2-XL,ours,price,jlz-price-gpt2xl-2k,ALPHAEDIT_FREE100,6,3,15,100,1.0,1.1312625952021818,1.1783277373712435,1.791027779170989,18,1.0,1.0495566991605572
server1,GPT2-XL,ours,price,jlz-price-gpt2xl-2k,ALPHAEDIT_FREE100,6,3,16,100,1.0,1.1600994560851698,1.1845092101090402,1.8375655451271913,13,1.0,1.0495566991605572
server1,GPT2-XL,ours,price,jlz-price-gpt2xl-2k,ALPHAEDIT_FREE100,6,3,17,100,1.0,1.1981646837056934,1.2205493741163729,1.7896718127478464,16,1.0,1.0495566991605572
server1,GPT2-XL,ours,price,jlz-price-gpt2xl-2k,ALPHAEDIT_FREE100,6,4,13,100,1.0,1.0454998379775626,1.0960926164435716,1.532808827467461,33,1.0,1.0434597942161339
server1,GPT2-XL,ours,price,jlz-price-gpt2xl-2k,ALPHAEDIT_FREE100,6,4,14,100,1.0,1.1074638147442752,1.1386668157151976,1.5274177485286733,20,1.0,1.0434597942161339
server1,GPT2-XL,ours,price,jlz-price-gpt2xl-2k,ALPHAEDIT_FREE100,6,4,15,100,1.0,1.1563758840760219,1.177343076038673,1.6519116939633398,21,1.0,1.0434597942161339
server1,GPT2-XL,ours,price,jlz-price-gpt2xl-2k,ALPHAEDIT_FREE100,6,4,16,100,1.0,1.1591051090585092,1.1715399705768463,1.703680453615836,10,1.0,1.0434597942161339
server1,GPT2-XL,ours,price,jlz-price-gpt2xl-2k,ALPHAEDIT_FREE100,6,4,17,100,1.0,1.1872208087150322,1.213017368183851,1.8244833259106854,16,1.0,1.0434597942161339
server1,GPT2-XL,ours,price,jlz-price-gpt2xl-2k,ALPHAEDIT_FREE100,6,5,13,100,1.0,1.040660976898117,1.095102531125101,1.7422421173934448,37,1.0,1.0492491054717525
server1,GPT2-XL,ours,price,jlz-price-gpt2xl-2k,ALPHAEDIT_FREE100,6,5,14,100,1.0,1.0792469532606006,1.1266861523798244,1.5176593545220534,24,1.0,1.0492491054717525
server1,GPT2-XL,ours,price,jlz-price-gpt2xl-2k,ALPHAEDIT_FREE100,6,5,15,100,1.0,1.1267368713626498,1.1579165937815057,1.635875261359895,14,1.0,1.0492491054717525
server1,GPT2-XL,ours,price,jlz-price-gpt2xl-2k,ALPHAEDIT_FREE100,6,5,16,100,1.0,1.193447863439727,1.2043997646989233,1.7256876481216432,12,1.0,1.0492491054717525
server1,GPT2-XL,ours,price,jlz-price-gpt2xl-2k,ALPHAEDIT_FREE100,6,5,17,100,1.0,1.2028118328694484,1.2277517872644086,1.9329856518222779,13,1.0,1.0492491054717525
server1,GPT2-XL,ours,price,jlz-price-gpt2xl-2k,ALPHAEDIT_FREE100,6,6,13,100,1.0,1.0529130204310886,1.1079572114173715,1.6674937051892722,38,1.0,1.0952568480178642
server1,GPT2-XL,ours,price,jlz-price-gpt2xl-2k,ALPHAEDIT_FREE100,6,6,14,100,1.0,1.1444222039338827,1.1782900192338859,1.649348681922518,20,1.0,1.0952568480178642
server1,GPT2-XL,ours,price,jlz-price-gpt2xl-2k,ALPHAEDIT_FREE100,6,6,15,100,1.0,1.158251588388716,1.1821504137507475,1.6877079130266712,24,1.0,1.0952568480178642
server1,GPT2-XL,ours,price,jlz-price-gpt2xl-2k,ALPHAEDIT_FREE100,6,6,16,100,1.0,1.2326060648466788,1.2678573659951746,1.8358111058456217,7,1.0,1.0952568480178642
server1,GPT2-XL,ours,price,jlz-price-gpt2xl-2k,ALPHAEDIT_FREE100,6,6,17,100,1.0,1.24959274452228,1.2949221340226702,2.275741494256829,11,1.0,1.0952568480178642
server1,GPT2-XL,ours,price,jlz-price-gpt2xl-2k,ALPHAEDIT_FREE100,6,7,13,100,1.0,1.0,1.0824975693954066,1.5353122488171929,51,1.0,1.077773275663912
server1,GPT2-XL,ours,price,jlz-price-gpt2xl-2k,ALPHAEDIT_FREE100,6,7,14,100,1.0,1.1399586644181536,1.1736138133062426,1.7725597871476937,22,1.0,1.077773275663912
server1,GPT2-XL,ours,price,jlz-price-gpt2xl-2k,ALPHAEDIT_FREE100,6,7,15,100,1.0,1.1739047982530648,1.1947617207991048,1.6545036174132584,14,1.0,1.077773275663912
server1,GPT2-XL,ours,price,jlz-price-gpt2xl-2k,ALPHAEDIT_FREE100,6,7,16,100,1.0,1.2538578946487478,1.2584706535227903,1.8258195432078088,5,1.0,1.077773275663912
server1,GPT2-XL,ours,price,jlz-price-gpt2xl-2k,ALPHAEDIT_FREE100,6,7,17,100,1.0,1.2741944147175546,1.2794441701708634,1.8482970720304563,8,1.0,1.077773275663912
server1,GPT2-XL,ours,price,jlz-price-gpt2xl-2k,ALPHAEDIT_FREE100,6,8,13,100,1.0,1.0256922222663993,1.0782362588458347,1.4307670635661958,42,1.0,1.111042806550231
server1,GPT2-XL,ours,price,jlz-price-gpt2xl-2k,ALPHAEDIT_FREE100,6,8,14,100,1.0,1.105127566030454,1.1581438488312732,1.6417225301033127,27,1.0,1.111042806550231
server1,GPT2-XL,ours,price,jlz-price-gpt2xl-2k,ALPHAEDIT_FREE100,6,8,15,100,1.0,1.2126009383821645,1.2323807759344168,1.6566519207576063,11,1.0,1.111042806550231
server1,GPT2-XL,ours,price,jlz-price-gpt2xl-2k,ALPHAEDIT_FREE100,6,8,16,100,1.0,1.2333850050107968,1.2663224455671955,1.939644098975425,10,1.0,1.111042806550231
server1,GPT2-XL,ours,price,jlz-price-gpt2xl-2k,ALPHAEDIT_FREE100,6,8,17,100,1.0,1.2402784277743513,1.312463984650607,2.055069720728703,10,1.0,1.111042806550231
server1,GPT2-XL,ours,price,jlz-price-gpt2xl-2k,ALPHAEDIT_FREE100,6,9,13,100,1.0,1.039519328778546,1.1003325866781932,1.5695651870525547,38,1.0,1.080167973868794
server1,GPT2-XL,ours,price,jlz-price-gpt2xl-2k,ALPHAEDIT_FREE100,6,9,14,100,1.0,1.1066370362365028,1.145646543266372,1.7813140072603524,24,1.0,1.080167973868794
server1,GPT2-XL,ours,price,jlz-price-gpt2xl-2k,ALPHAEDIT_FREE100,6,9,15,100,1.0,1.144805007820891,1.184635112485023,1.6808598767156626,19,1.0,1.080167973868794
server1,GPT2-XL,ours,price,jlz-price-gpt2xl-2k,ALPHAEDIT_FREE100,6,9,16,100,1.0,1.215001201183318,1.241685577394507,2.4057256793249575,10,1.0,1.080167973868794
server1,GPT2-XL,ours,price,jlz-price-gpt2xl-2k,ALPHAEDIT_FREE100,6,9,17,100,1.0,1.1802777647884326,1.2594269306015273,2.725080768761884,9,1.0,1.080167973868794
server1,GPT2-XL,ours,price,jlz-price-gpt2xl-2k,ALPHAEDIT_FREE100,6,10,13,100,1.0,1.014211772242375,1.1173359837835741,2.0642770943771294,47,1.0,1.1478175693836938
server1,GPT2-XL,ours,price,jlz-price-gpt2xl-2k,ALPHAEDIT_FREE100,6,10,14,100,1.0,1.2151310341738029,1.248799105732898,2.3275994772236177,14,1.0,1.1478175693836938
server1,GPT2-XL,ours,price,jlz-price-gpt2xl-2k,ALPHAEDIT_FREE100,6,10,15,100,1.0,1.237201393091087,1.2709384173098586,1.6954018820729124,6,1.0,1.1478175693836938
server1,GPT2-XL,ours,price,jlz-price-gpt2xl-2k,ALPHAEDIT_FREE100,6,10,16,100,1.0,1.2721115105931946,1.3065165373912138,2.4901438680701125,7,1.0,1.1478175693836938
server1,GPT2-XL,ours,price,jlz-price-gpt2xl-2k,ALPHAEDIT_FREE100,6,10,17,100,1.0,1.2023412932205255,1.2904719566230949,2.309851960648323,26,1.0,1.1478175693836938
server1,GPT2-XL,ours,price,jlz-price-gpt2xl-2k,ALPHAEDIT_FREE100,6,11,13,100,1.0,1.0557805143122483,1.115572664491125,1.623550617137727,40,1.0,1.1502527105324944
server1,GPT2-XL,ours,price,jlz-price-gpt2xl-2k,ALPHAEDIT_FREE100,6,11,14,100,1.0,1.1276460225733689,1.1723867452339642,1.772508746185115,25,1.0,1.1502527105324944
server1,GPT2-XL,ours,price,jlz-price-gpt2xl-2k,ALPHAEDIT_FREE100,6,11,15,100,1.0,1.2270692455097503,1.2345946711609783,2.1703645335559387,12,1.0,1.1502527105324944
server1,GPT2-XL,ours,price,jlz-price-gpt2xl-2k,ALPHAEDIT_FREE100,6,11,16,100,1.0,1.222432224911873,1.3127535471205394,3.0259365646811696,9,1.0,1.1502527105324944
server1,GPT2-XL,ours,price,jlz-price-gpt2xl-2k,ALPHAEDIT_FREE100,6,11,17,100,1.0,1.2295843998939948,1.3571085195488748,3.030220655367971,14,1.0,1.1502527105324944
server1,GPT2-XL,ours,price,jlz-price-gpt2xl-2k,ALPHAEDIT_FREE100,6,12,13,100,1.0,1.0,1.0771156770566668,1.672433106519017,56,1.0,1.1499191004921543
server1,GPT2-XL,ours,price,jlz-price-gpt2xl-2k,ALPHAEDIT_FREE100,6,12,14,100,1.0,1.1805757335284395,1.227847741573393,2.4190211711535685,14,1.0,1.1499191004921543
server1,GPT2-XL,ours,price,jlz-price-gpt2xl-2k,ALPHAEDIT_FREE100,6,12,15,100,1.0,1.259848579501607,1.2793235612505127,2.3492910727514555,8,1.0,1.1499191004921543
server1,GPT2-XL,ours,price,jlz-price-gpt2xl-2k,ALPHAEDIT_FREE100,6,12,16,100,1.0,1.2238671539709132,1.3186139093373899,2.556723684686495,12,1.0,1.1499191004921543
server1,GPT2-XL,ours,price,jlz-price-gpt2xl-2k,ALPHAEDIT_FREE100,6,12,17,100,1.0,1.2621807598550703,1.3466841186349465,2.93499381138297,10,1.0,1.1499191004921543
server1,GPT2-XL,ours,price,jlz-price-gpt2xl-2k,ALPHAEDIT_FREE100,6,13,13,100,1.0,1.0202462985713217,1.1238065058170632,2.2425980137940473,44,1.0,1.1544011703735924
server1,GPT2-XL,ours,price,jlz-price-gpt2xl-2k,ALPHAEDIT_FREE100,6,13,14,100,1.0,1.17565479811354,1.2338402712158505,1.9009314439569414,14,1.0,1.1544011703735924
server1,GPT2-XL,ours,price,jlz-price-gpt2xl-2k,ALPHAEDIT_FREE100,6,13,15,100,1.0,1.2017937639409397,1.259644672244617,2.2289492385833625,16,1.0,1.1544011703735924
server1,GPT2-XL,ours,price,jlz-price-gpt2xl-2k,ALPHAEDIT_FREE100,6,13,16,100,1.0,1.2276486044568933,1.3343270414761794,2.5837575064564455,14,1.0,1.1544011703735924
server1,GPT2-XL,ours,price,jlz-price-gpt2xl-2k,ALPHAEDIT_FREE100,6,13,17,100,1.0,1.2398334477806254,1.3081461671971557,2.520309528779311,12,1.0,1.1544011703735924
server1,GPT2-XL,ours,price,jlz-price-gpt2xl-2k,ALPHAEDIT_FREE100,6,14,13,100,1.0,1.1073342534636073,1.1525755489495932,1.6437408039719401,30,1.0,1.111676846006387
server1,GPT2-XL,ours,price,jlz-price-gpt2xl-2k,ALPHAEDIT_FREE100,6,14,14,100,1.0,1.1736908203037935,1.1925403433444255,1.8249064288839092,22,1.0,1.111676846006387
server1,GPT2-XL,ours,price,jlz-price-gpt2xl-2k,ALPHAEDIT_FREE100,6,14,15,100,1.0,1.1846995629004762,1.2188830982605177,1.8249790615104333,12,1.0,1.111676846006387
server1,GPT2-XL,ours,price,jlz-price-gpt2xl-2k,ALPHAEDIT_FREE100,6,14,16,100,1.0,1.188121157998268,1.2577516878531172,2.7834221653503897,12,1.0,1.111676846006387
server1,GPT2-XL,ours,price,jlz-price-gpt2xl-2k,ALPHAEDIT_FREE100,6,14,17,100,1.0,1.1905384402371315,1.2664741015886467,2.8271512838601263,24,1.0,1.111676846006387
server1,GPT2-XL,ours,price,jlz-price-gpt2xl-2k,ALPHAEDIT_FREE100,6,15,13,100,1.0,1.101221499553013,1.1658445079337214,2.3741129676067416,36,1.0,1.1841852299811015
server1,GPT2-XL,ours,price,jlz-price-gpt2xl-2k,ALPHAEDIT_FREE100,6,15,14,100,1.0,1.1890812113791125,1.2484880635732212,1.9404786414115733,19,1.0,1.1841852299811015
server1,GPT2-XL,ours,price,jlz-price-gpt2xl-2k,ALPHAEDIT_FREE100,6,15,15,100,1.0,1.2516867160986962,1.2841890147988504,2.4693174144650727,13,1.0,1.1841852299811015
server1,GPT2-XL,ours,price,jlz-price-gpt2xl-2k,ALPHAEDIT_FREE100,6,15,16,100,1.0,1.2546869890995007,1.3378789493465686,2.999418850802234,6,1.0,1.1841852299811015
server1,GPT2-XL,ours,price,jlz-price-gpt2xl-2k,ALPHAEDIT_FREE100,6,15,17,100,1.0,1.141402352764234,1.3025615278295657,3.0700976267040505,26,1.0,1.1841852299811015
server1,GPT2-XL,ours,price,jlz-price-gpt2xl-2k,ALPHAEDIT_FREE100,6,16,13,100,1.0,1.0664878632538666,1.155317221401743,2.3462340653419815,42,1.0,1.1818221980131036
server1,GPT2-XL,ours,price,jlz-price-gpt2xl-2k,ALPHAEDIT_FREE100,6,16,14,100,1.0,1.2171591684457352,1.2505777770330269,1.9957553910400785,11,1.0,1.1818221980131036
server1,GPT2-XL,ours,price,jlz-price-gpt2xl-2k,ALPHAEDIT_FREE100,6,16,15,100,1.0,1.2405049834299477,1.2788658441212735,2.047044400667551,12,1.0,1.1818221980131036
server1,GPT2-XL,ours,price,jlz-price-gpt2xl-2k,ALPHAEDIT_FREE100,6,16,16,100,1.0,1.2653755764719512,1.3423683136546534,2.7519935750782074,9,1.0,1.1818221980131036
server1,GPT2-XL,ours,price,jlz-price-gpt2xl-2k,ALPHAEDIT_FREE100,6,16,17,100,1.0,1.182240209005378,1.3217159923797237,2.691789683264609,26,1.0,1.1818221980131036
server1,GPT2-XL,ours,price,jlz-price-gpt2xl-2k,ALPHAEDIT_FREE100,6,17,13,100,1.0,1.0600370929969074,1.159180729284956,1.9745025802358434,41,1.0,1.1618540985527732
server1,GPT2-XL,ours,price,jlz-price-gpt2xl-2k,ALPHAEDIT_FREE100,6,17,14,100,1.0,1.248242358238979,1.2697105057614613,2.0767634586573536,12,1.0,1.1618540985527732
server1,GPT2-XL,ours,price,jlz-price-gpt2xl-2k,ALPHAEDIT_FREE100,6,17,15,100,1.0,1.2437193854749302,1.281411066514783,1.9189534829252894,6,1.0,1.1618540985527732
server1,GPT2-XL,ours,price,jlz-price-gpt2xl-2k,ALPHAEDIT_FREE100,6,17,16,100,1.0,1.2055830637910099,1.2872623551975324,2.395351006345762,14,1.0,1.1618540985527732
server1,GPT2-XL,ours,price,jlz-price-gpt2xl-2k,ALPHAEDIT_FREE100,6,17,17,100,1.0,1.1490893531795403,1.2935479482476346,2.666651905604633,27,1.0,1.1618540985527732
server1,GPT2-XL,ours,price,jlz-price-gpt2xl-2k,ALPHAEDIT_FREE100,6,18,13,100,1.0,1.0817918166343983,1.1585018084913952,1.844119089893986,41,1.0,1.1804561528332524
server1,GPT2-XL,ours,price,jlz-price-gpt2xl-2k,ALPHAEDIT_FREE100,6,18,14,100,1.0,1.2586687887687091,1.2748027333241398,1.8306589573499794,11,1.0,1.1804561528332524
server1,GPT2-XL,ours,price,jlz-price-gpt2xl-2k,ALPHAEDIT_FREE100,6,18,15,100,1.0,1.2225277714896852,1.2832672408495032,2.4412635417618556,9,1.0,1.1804561528332524
server1,GPT2-XL,ours,price,jlz-price-gpt2xl-2k,ALPHAEDIT_FREE100,6,18,16,100,1.0,1.2765667228224795,1.35840069142618,2.960887644569515,11,1.0,1.1804561528332524
server1,GPT2-XL,ours,price,jlz-price-gpt2xl-2k,ALPHAEDIT_FREE100,6,18,17,100,1.0,1.1581196660591107,1.3162623457367193,2.8431053274150586,28,1.0,1.1804561528332524
server1,GPT2-XL,ours,price,jlz-price-gpt2xl-2k,ALPHAEDIT_FREE100,6,19,13,100,1.0,1.0792917466067498,1.1482468756898276,1.9326965028078493,40,1.0,1.1561523216057503
server1,GPT2-XL,ours,price,jlz-price-gpt2xl-2k,ALPHAEDIT_FREE100,6,19,14,100,1.0,1.2379183552396777,1.2664893023573718,1.9578402834770952,12,1.0,1.1561523216057503
server1,GPT2-XL,ours,price,jlz-price-gpt2xl-2k,ALPHAEDIT_FREE100,6,19,15,100,1.0,1.2649688874335654,1.2946934065946019,2.021646305327265,9,1.0,1.1561523216057503
server1,GPT2-XL,ours,price,jlz-price-gpt2xl-2k,ALPHAEDIT_FREE100,6,19,16,100,1.0,1.2464512494746756,1.3192230452632239,2.1620146997026453,10,1.0,1.1561523216057503
server1,GPT2-XL,ours,price,jlz-price-gpt2xl-2k,ALPHAEDIT_FREE100,6,19,17,100,1.0,1.1722866439618813,1.2824744913251613,2.2844539312336822,29,1.0,1.1561523216057503
server1,GPT2-XL,ours,price,jlz-price-gpt2xl-2k,ALPHAEDIT_FREE100,6,20,13,100,1.0,1.0882470053821256,1.1558530581943893,1.7054135424645993,35,1.0,1.1575708243218383
server1,GPT2-XL,ours,price,jlz-price-gpt2xl-2k,ALPHAEDIT_FREE100,6,20,14,100,1.0,1.265446813678523,1.26976479886733,1.9503492384126184,12,1.0,1.1575708243218383
server1,GPT2-XL,ours,price,jlz-price-gpt2xl-2k,ALPHAEDIT_FREE100,6,20,15,100,1.0,1.2732668702599024,1.3001447303478724,2.0507599615427163,11,1.0,1.1575708243218383
server1,GPT2-XL,ours,price,jlz-price-gpt2xl-2k,ALPHAEDIT_FREE100,6,20,16,100,1.0,1.2423665810654148,1.342355939066216,2.6493194990913325,9,1.0,1.1575708243218383
server1,GPT2-XL,ours,price,jlz-price-gpt2xl-2k,ALPHAEDIT_FREE100,6,20,17,100,1.0,1.178133425588217,1.2661705474936422,2.4515645408774094,33,1.0,1.1575708243218383
server4,Llama3,ours,price,jlz-price-cap-base-repair-2k,LLAMA_CAP075,31,1,4,100,1.0,1.0,1.0185726318063604,1.19571040638506,73,0.75,1.3729276102449532
server4,Llama3,ours,price,jlz-price-cap-base-repair-2k,LLAMA_CAP075,31,1,5,100,1.0,1.101995891063847,1.1531397033633508,1.7129398397395226,20,0.75,1.3729276102449532
server4,Llama3,ours,price,jlz-price-cap-base-repair-2k,LLAMA_CAP075,31,1,6,100,1.0,1.360204294270084,1.4414182424000361,2.710517746654825,3,0.75,1.3729276102449532
server4,Llama3,ours,price,jlz-price-cap-base-repair-2k,LLAMA_CAP075,31,1,7,100,1.0,1.6133318275532824,1.6832545601912494,2.9617387799074284,2,0.75,1.3729276102449532
server4,Llama3,ours,price,jlz-price-cap-base-repair-2k,LLAMA_CAP075,31,1,8,100,1.0,1.7336630663373462,1.7933386707902272,3.175437061254319,2,0.75,1.3729276102449532
server4,Llama3,ours,price,jlz-price-cap-base-repair-2k,LLAMA_CAP075,31,2,4,100,1.0,1.0,1.0419882763816268,1.5339347778592165,59,0.75,1.3407595166005584
server4,Llama3,ours,price,jlz-price-cap-base-repair-2k,LLAMA_CAP075,31,2,5,100,1.0,1.082312878703735,1.1377186034505098,1.7675722261897853,29,0.75,1.3407595166005584
server4,Llama3,ours,price,jlz-price-cap-base-repair-2k,LLAMA_CAP075,31,2,6,100,1.0,1.3467038778624774,1.3478065910053232,2.144636340438848,6,0.75,1.3407595166005584
server4,Llama3,ours,price,jlz-price-cap-base-repair-2k,LLAMA_CAP075,31,2,7,100,1.0,1.524190862231525,1.6520827195802754,2.9229226048616437,3,0.75,1.3407595166005584
server4,Llama3,ours,price,jlz-price-cap-base-repair-2k,LLAMA_CAP075,31,2,8,100,1.0,1.6621699073056555,1.7471407926018792,2.8427388050239,3,0.75,1.3407595166005584
server4,Llama3,ours,price,jlz-price-cap-base-repair-2k,LLAMA_CAP075,31,3,4,100,1.0,1.0,1.0330584823238231,1.4289183300667445,70,0.75,1.359208530894585
server4,Llama3,ours,price,jlz-price-cap-base-repair-2k,LLAMA_CAP075,31,3,5,100,1.0,1.1138925627450915,1.1646477865058038,1.8841834310843248,25,0.75,1.359208530894585
server4,Llama3,ours,price,jlz-price-cap-base-repair-2k,LLAMA_CAP075,31,3,6,100,1.0,1.3914245361035333,1.4276897007719243,2.378386069022064,3,0.75,1.359208530894585
server4,Llama3,ours,price,jlz-price-cap-base-repair-2k,LLAMA_CAP075,31,3,7,100,1.0,1.613420074432144,1.6544439535973134,2.700223670949959,1,0.75,1.359208530894585
server4,Llama3,ours,price,jlz-price-cap-base-repair-2k,LLAMA_CAP075,31,3,8,100,1.0,1.700721620444998,1.7570231803675729,3.165867176154381,1,0.75,1.359208530894585
server4,Llama3,ours,price,jlz-price-cap-base-repair-2k,LLAMA_CAP075,31,4,4,100,1.0,1.0,1.0444879652075836,1.5826846080559493,64,0.75,1.3606923929005368
server4,Llama3,ours,price,jlz-price-cap-base-repair-2k,LLAMA_CAP075,31,4,5,100,1.0,1.082202964463423,1.130020356989267,1.670178167153755,31,0.75,1.3606923929005368
server4,Llama3,ours,price,jlz-price-cap-base-repair-2k,LLAMA_CAP075,31,4,6,100,1.0,1.2862503716747469,1.3398164250955829,2.1158471706335926,1,0.75,1.3606923929005368
server4,Llama3,ours,price,jlz-price-cap-base-repair-2k,LLAMA_CAP075,31,4,7,100,1.0,1.6198682413572252,1.6495074622517143,3.2249379662078668,4,0.75,1.3606923929005368
server4,Llama3,ours,price,jlz-price-cap-base-repair-2k,LLAMA_CAP075,31,4,8,100,1.028084418330486,1.7016494617452889,1.7664826664776765,3.6516109968777535,0,0.75,1.3606923929005368
server4,Llama3,ours,price,jlz-price-cap-base-repair-2k,LLAMA_CAP075,31,5,4,100,1.0,1.0,1.0604736179503669,1.5915599349666403,60,0.75,1.2540578276084864
server4,Llama3,ours,price,jlz-price-cap-base-repair-2k,LLAMA_CAP075,31,5,5,100,1.0,1.0974673760362577,1.1265492232962404,1.488715263183846,25,0.75,1.2540578276084864
server4,Llama3,ours,price,jlz-price-cap-base-repair-2k,LLAMA_CAP075,31,5,6,100,1.0,1.2549502351388373,1.284919883501892,1.759733799243244,8,0.75,1.2540578276084864
server4,Llama3,ours,price,jlz-price-cap-base-repair-2k,LLAMA_CAP075,31,5,7,100,1.0,1.5610622663674445,1.536409643949013,2.3777092619350655,3,0.75,1.2540578276084864
server4,Llama3,ours,price,jlz-price-cap-base-repair-2k,LLAMA_CAP075,31,5,8,100,1.0,1.6326665964502776,1.6225935701103766,2.476696584720291,4,0.75,1.2540578276084864
server4,Llama3,ours,price,jlz-price-cap-base-repair-2k,LLAMA_CAP075,31,6,4,100,1.0,1.0,1.0473079416680284,1.4076151591683885,60,0.75,1.2299801646979835
server4,Llama3,ours,price,jlz-price-cap-base-repair-2k,LLAMA_CAP075,31,6,5,100,1.0,1.1025686234068606,1.1301737984360833,1.5948518613156921,27,0.75,1.2299801646979835
server4,Llama3,ours,price,jlz-price-cap-base-repair-2k,LLAMA_CAP075,31,6,6,100,1.0,1.2537535318051838,1.2538089142733337,1.9760954605192582,10,0.75,1.2299801646979835
server4,Llama3,ours,price,jlz-price-cap-base-repair-2k,LLAMA_CAP075,31,6,7,100,1.0313061137500559,1.4590460028994223,1.5255551436305044,2.6801516251975204,0,0.75,1.2299801646979835
server4,Llama3,ours,price,jlz-price-cap-base-repair-2k,LLAMA_CAP075,31,6,8,100,1.0,1.5043944603009147,1.5889079367416405,3.1416643802043027,3,0.75,1.2299801646979835
server4,Llama3,ours,price,jlz-price-cap-base-repair-2k,LLAMA_CAP075,31,7,4,100,1.0,1.0,1.0436167317237517,1.558853302509476,62,0.75,1.2042008242855715
server4,Llama3,ours,price,jlz-price-cap-base-repair-2k,LLAMA_CAP075,31,7,5,100,1.0,1.085660868097528,1.112776088554358,1.509263615890001,21,0.75,1.2042008242855715
server4,Llama3,ours,price,jlz-price-cap-base-repair-2k,LLAMA_CAP075,31,7,6,100,1.0,1.1919191019829256,1.251503248518759,1.988318046989494,10,0.75,1.2042008242855715
server4,Llama3,ours,price,jlz-price-cap-base-repair-2k,LLAMA_CAP075,31,7,7,100,1.0,1.3610602910011937,1.4589828214793956,2.311124818365134,4,0.75,1.2042008242855715
server4,Llama3,ours,price,jlz-price-cap-base-repair-2k,LLAMA_CAP075,31,7,8,100,1.0,1.4583308122099203,1.560623153973799,2.6694999861987436,3,0.75,1.2042008242855715
server4,Llama3,ours,price,jlz-price-cap-base-repair-2k,LLAMA_CAP075,31,8,4,100,1.0,1.0,1.0709957484365187,1.4144648448067416,53,0.75,1.2054927025741824
server4,Llama3,ours,price,jlz-price-cap-base-repair-2k,LLAMA_CAP075,31,8,5,100,1.0,1.0817739606063002,1.1136812365538564,1.5200339732186043,29,0.75,1.2054927025741824
server4,Llama3,ours,price,jlz-price-cap-base-repair-2k,LLAMA_CAP075,31,8,6,100,1.0,1.2542719255204946,1.2722303516720093,2.117912735539224,12,0.75,1.2054927025741824
server4,Llama3,ours,price,jlz-price-cap-base-repair-2k,LLAMA_CAP075,31,8,7,100,1.0,1.4864370859921676,1.4904607233983234,2.4610583354792155,2,0.75,1.2054927025741824
server4,Llama3,ours,price,jlz-price-cap-base-repair-2k,LLAMA_CAP075,31,8,8,100,1.0,1.552171946135021,1.5434077447588543,2.5228238572487727,4,0.75,1.2054927025741824
server4,Llama3,ours,price,jlz-price-cap-base-repair-2k,LLAMA_CAP075,31,9,4,100,1.0,1.0,1.0465671746674086,1.307812430727714,57,0.75,1.1654861591321477
server4,Llama3,ours,price,jlz-price-cap-base-repair-2k,LLAMA_CAP075,31,9,5,100,1.0,1.0786441269474438,1.1178034540571848,1.5672381789224996,28,0.75,1.1654861591321477
server4,Llama3,ours,price,jlz-price-cap-base-repair-2k,LLAMA_CAP075,31,9,6,100,1.0,1.1949124251015701,1.2247326431145518,1.9074659893574342,12,0.75,1.1654861591321477
server4,Llama3,ours,price,jlz-price-cap-base-repair-2k,LLAMA_CAP075,31,9,7,100,1.0,1.4120261217469654,1.4639109832629518,2.203955630103157,1,0.75,1.1654861591321477
server4,Llama3,ours,price,jlz-price-cap-base-repair-2k,LLAMA_CAP075,31,9,8,100,1.0,1.5003205441071745,1.4947341560425074,2.5016462318621207,2,0.75,1.1654861591321477
server4,Llama3,ours,price,jlz-price-cap-base-repair-2k,LLAMA_CAP075,31,10,4,100,1.0,1.0,1.0601963243097077,1.3272095216678474,52,0.75,1.1034652250837513
server4,Llama3,ours,price,jlz-price-cap-base-repair-2k,LLAMA_CAP075,31,10,5,100,1.0,1.0779283253525649,1.1031930913139711,1.3706201015010346,32,0.75,1.1034652250837513
server4,Llama3,ours,price,jlz-price-cap-base-repair-2k,LLAMA_CAP075,31,10,6,100,1.0,1.177357852812512,1.1904890067350193,1.5850837475049706,9,0.75,1.1034652250837513
server4,Llama3,ours,price,jlz-price-cap-base-repair-2k,LLAMA_CAP075,31,10,7,100,1.0,1.3583529991472467,1.3684065375889287,2.382707985278584,4,0.75,1.1034652250837513
server4,Llama3,ours,price,jlz-price-cap-base-repair-2k,LLAMA_CAP075,31,10,8,100,1.0,1.3123753101125435,1.4034992135972124,2.288273357598654,3,0.75,1.1034652250837513
server4,Llama3,ours,price,jlz-price-cap-base-repair-2k,LLAMA_CAP075,31,11,4,100,1.0,1.0,1.045195990873925,1.3521210532134413,60,0.75,1.1457986449525432
server4,Llama3,ours,price,jlz-price-cap-base-repair-2k,LLAMA_CAP075,31,11,5,100,1.0,1.0620667344085297,1.0853127648800476,1.4564144990234975,25,0.75,1.1457986449525432
server4,Llama3,ours,price,jlz-price-cap-base-repair-2k,LLAMA_CAP075,31,11,6,100,1.0,1.1830654675891807,1.2114443004790374,1.6978426459625058,8,0.75,1.1457986449525432
server4,Llama3,ours,price,jlz-price-cap-base-repair-2k,LLAMA_CAP075,31,11,7,100,1.0,1.384045842058102,1.4134110402919566,2.1285788626174096,3,0.75,1.1457986449525432
server4,Llama3,ours,price,jlz-price-cap-base-repair-2k,LLAMA_CAP075,31,11,8,100,1.0,1.4021469697372786,1.4733187452048073,2.513149090131458,4,0.75,1.1457986449525432
server4,Llama3,ours,price,jlz-price-cap-base-repair-2k,LLAMA_CAP075,31,12,4,100,1.0,1.0159621136430246,1.0711050509909517,1.5608219145729956,46,0.75,1.0988506597130367
server4,Llama3,ours,price,jlz-price-cap-base-repair-2k,LLAMA_CAP075,31,12,5,100,1.0,1.060712920723985,1.0922207332522647,1.3927479254893576,32,0.75,1.0988506597130367
server4,Llama3,ours,price,jlz-price-cap-base-repair-2k,LLAMA_CAP075,31,12,6,100,1.0,1.1525418935757168,1.1946733912968164,1.7290168656372906,14,0.75,1.0988506597130367
server4,Llama3,ours,price,jlz-price-cap-base-repair-2k,LLAMA_CAP075,31,12,7,100,1.0,1.2969309907957034,1.3751416372719143,2.102030522775324,5,0.75,1.0988506597130367
server4,Llama3,ours,price,jlz-price-cap-base-repair-2k,LLAMA_CAP075,31,12,8,100,1.0,1.3310194854255009,1.4030264574391926,2.3377884652106893,3,0.75,1.0988506597130367
server4,Llama3,ours,price,jlz-price-cap-base-repair-2k,LLAMA_CAP075,31,13,4,100,1.0,1.0029422190443973,1.0726395967008233,1.4841075523577545,49,0.75,1.0950190881913875
server4,Llama3,ours,price,jlz-price-cap-base-repair-2k,LLAMA_CAP075,31,13,5,100,1.0,1.0614327928504297,1.1039993904198986,1.492818029659011,28,0.75,1.0950190881913875
server4,Llama3,ours,price,jlz-price-cap-base-repair-2k,LLAMA_CAP075,31,13,6,100,1.0,1.1802105274518726,1.1953161623193869,1.6326517615523166,15,0.75,1.0950190881913875
server4,Llama3,ours,price,jlz-price-cap-base-repair-2k,LLAMA_CAP075,31,13,7,100,1.0,1.2882246514877063,1.3656084147172631,2.231523443359849,4,0.75,1.0950190881913875
server4,Llama3,ours,price,jlz-price-cap-base-repair-2k,LLAMA_CAP075,31,13,8,100,1.0,1.2967022545899625,1.3797698933740619,2.2074993467188917,4,0.75,1.0950190881913875
server4,Llama3,ours,price,jlz-price-cap-base-repair-2k,LLAMA_CAP075,31,14,4,100,1.0,1.0,1.0624694792148304,1.455087090088691,51,0.75,1.0663068776767024
server4,Llama3,ours,price,jlz-price-cap-base-repair-2k,LLAMA_CAP075,31,14,5,100,1.0,1.0804175513838623,1.104127316602396,1.4452252293893355,25,0.75,1.0663068776767024
server4,Llama3,ours,price,jlz-price-cap-base-repair-2k,LLAMA_CAP075,31,14,6,100,1.0,1.1560460822824057,1.1885017115911527,1.7174315578048982,11,0.75,1.0663068776767024
server4,Llama3,ours,price,jlz-price-cap-base-repair-2k,LLAMA_CAP075,31,14,7,100,1.0,1.294865737723478,1.3406823092022706,1.9296711965876057,4,0.75,1.0663068776767024
server4,Llama3,ours,price,jlz-price-cap-base-repair-2k,LLAMA_CAP075,31,14,8,100,1.0,1.265823356365801,1.3322422993898486,2.2085768095673193,9,0.75,1.0663068776767024
server4,Llama3,ours,price,jlz-price-cap-base-repair-2k,LLAMA_CAP075,31,15,4,100,1.0,1.0,1.058279455746344,1.3749138275533894,55,0.75,1.136257340340422
server4,Llama3,ours,price,jlz-price-cap-base-repair-2k,LLAMA_CAP075,31,15,5,100,1.0,1.0539509101660585,1.0891479807893432,1.5739275333233333,30,0.75,1.136257340340422
server4,Llama3,ours,price,jlz-price-cap-base-repair-2k,LLAMA_CAP075,31,15,6,100,1.0,1.1924135421164404,1.2004480669957214,1.7051421355348233,10,0.75,1.136257340340422
server4,Llama3,ours,price,jlz-price-cap-base-repair-2k,LLAMA_CAP075,31,15,7,100,1.0,1.3722922723971736,1.428890320130154,2.4138564354286607,1,0.75,1.136257340340422
server4,Llama3,ours,price,jlz-price-cap-base-repair-2k,LLAMA_CAP075,31,15,8,100,1.0,1.3701459635507542,1.4426810133903596,2.7347150326420766,4,0.75,1.136257340340422
server4,Llama3,ours,price,jlz-price-cap-base-repair-2k,LLAMA_CAP075,31,16,4,100,1.0,1.0048086715756845,1.0795636456161657,1.8388832474515269,49,0.75,1.0823912262445738
server4,Llama3,ours,price,jlz-price-cap-base-repair-2k,LLAMA_CAP075,31,16,5,100,1.0,1.1072961698124315,1.1198896500492006,1.4443699629577096,23,0.75,1.0823912262445738
server4,Llama3,ours,price,jlz-price-cap-base-repair-2k,LLAMA_CAP075,31,16,6,100,1.0,1.1201308104804215,1.1762440874302516,1.6610131429749317,13,0.75,1.0823912262445738
server4,Llama3,ours,price,jlz-price-cap-base-repair-2k,LLAMA_CAP075,31,16,7,100,1.0,1.2975026607119249,1.3590800577562017,2.0382267139466816,5,0.75,1.0823912262445738
server4,Llama3,ours,price,jlz-price-cap-base-repair-2k,LLAMA_CAP075,31,16,8,100,1.0,1.2675339552150486,1.3354147844207056,2.468345609784627,10,0.75,1.0823912262445738
server4,Llama3,ours,price,jlz-price-cap-base-repair-2k,LLAMA_CAP075,31,17,4,100,1.0,1.0234214829937973,1.0791951668237791,1.5412905991182169,42,0.75,1.0778517161118368
server4,Llama3,ours,price,jlz-price-cap-base-repair-2k,LLAMA_CAP075,31,17,5,100,1.0,1.0679843315857147,1.1059163631315236,1.602990285641448,27,0.75,1.0778517161118368
server4,Llama3,ours,price,jlz-price-cap-base-repair-2k,LLAMA_CAP075,31,17,6,100,1.0,1.1341912426879124,1.1654167366424943,1.550011933268824,16,0.75,1.0778517161118368
server4,Llama3,ours,price,jlz-price-cap-base-repair-2k,LLAMA_CAP075,31,17,7,100,1.0,1.3084156715873583,1.3445390904783137,2.06553473988847,8,0.75,1.0778517161118368
server4,Llama3,ours,price,jlz-price-cap-base-repair-2k,LLAMA_CAP075,31,17,8,100,1.0,1.233967858134672,1.3394287655000916,2.406754268226343,7,0.75,1.0778517161118368
server4,Llama3,ours,price,jlz-price-cap-base-repair-2k,LLAMA_CAP075,31,18,4,100,1.0,1.0270529433194382,1.0774654995537065,1.5330343029571638,41,0.75,1.0588592396473229
server4,Llama3,ours,price,jlz-price-cap-base-repair-2k,LLAMA_CAP075,31,18,5,100,1.0,1.0676646462912056,1.101102047887033,1.467235803475754,30,0.75,1.0588592396473229
server4,Llama3,ours,price,jlz-price-cap-base-repair-2k,LLAMA_CAP075,31,18,6,100,1.0,1.1618954988775663,1.191642897662101,1.8628650122464276,12,0.75,1.0588592396473229
server4,Llama3,ours,price,jlz-price-cap-base-repair-2k,LLAMA_CAP075,31,18,7,100,1.0,1.2554580773025918,1.334588515146706,2.463793738767348,6,0.75,1.0588592396473229
server4,Llama3,ours,price,jlz-price-cap-base-repair-2k,LLAMA_CAP075,31,18,8,100,1.0,1.279865778638202,1.314150010018721,2.293300208901929,11,0.75,1.0588592396473229
server4,Llama3,ours,price,jlz-price-cap-base-repair-2k,LLAMA_CAP075,31,19,4,100,1.0,1.0103676651270046,1.064482656190765,1.5224055489064723,45,0.75,1.045729721120704
server4,Llama3,ours,price,jlz-price-cap-base-repair-2k,LLAMA_CAP075,31,19,5,100,1.0,1.0625607183132475,1.089023349459634,1.4245992720475487,24,0.75,1.045729721120704
server4,Llama3,ours,price,jlz-price-cap-base-repair-2k,LLAMA_CAP075,31,19,6,100,1.0,1.136364842799793,1.1464256196539642,1.5495323604464215,18,0.75,1.045729721120704
server4,Llama3,ours,price,jlz-price-cap-base-repair-2k,LLAMA_CAP075,31,19,7,100,1.0,1.276020173860561,1.321821857990773,2.2395104987607466,3,0.75,1.045729721120704
server4,Llama3,ours,price,jlz-price-cap-base-repair-2k,LLAMA_CAP075,31,19,8,100,1.0,1.2558369010907156,1.2892842988621132,1.9269558617883402,10,0.75,1.045729721120704
server4,Llama3,ours,price,jlz-price-cap-base-repair-2k,LLAMA_CAP075,31,20,4,100,1.0,1.095469272634435,1.133149843324955,1.5938702491045724,30,0.75,1.0722099471687048
server4,Llama3,ours,price,jlz-price-cap-base-repair-2k,LLAMA_CAP075,31,20,5,100,1.0,1.0612888379317744,1.0965512914494409,1.5428884261422817,34,0.75,1.0722099471687048
server4,Llama3,ours,price,jlz-price-cap-base-repair-2k,LLAMA_CAP075,31,20,6,100,1.0,1.1340190409894049,1.1550052836524982,1.740969885126741,14,0.75,1.0722099471687048
server4,Llama3,ours,price,jlz-price-cap-base-repair-2k,LLAMA_CAP075,31,20,7,100,1.0,1.281825469433141,1.323695014867063,2.0418310118018765,2,0.75,1.0722099471687048
server4,Llama3,ours,price,jlz-price-cap-base-repair-2k,LLAMA_CAP075,31,20,8,100,1.0,1.2239452198878191,1.309098820174752,2.082795829528696,20,0.75,1.0722099471687048
server4,Llama3,ours,price,jlz-price-cap-base-repair-2k,LLAMA_CAP100,32,1,4,100,1.0,1.0,1.0185726318063604,1.19571040638506,73,1.0,1.388989721115611
server4,Llama3,ours,price,jlz-price-cap-base-repair-2k,LLAMA_CAP100,32,1,5,100,1.0,1.101995891063847,1.1531397033633508,1.7129398397395226,20,1.0,1.388989721115611
server4,Llama3,ours,price,jlz-price-cap-base-repair-2k,LLAMA_CAP100,32,1,6,100,1.0,1.360204294270084,1.4414182424000361,2.710517746654825,3,1.0,1.388989721115611
server4,Llama3,ours,price,jlz-price-cap-base-repair-2k,LLAMA_CAP100,32,1,7,100,1.0,1.6133318275532824,1.6832545601912494,2.9617387799074284,2,1.0,1.388989721115611
server4,Llama3,ours,price,jlz-price-cap-base-repair-2k,LLAMA_CAP100,32,1,8,100,1.0,1.7336630663373462,1.7933386707902272,3.175437061254319,2,1.0,1.388989721115611
server4,Llama3,ours,price,jlz-price-cap-base-repair-2k,LLAMA_CAP100,32,2,4,100,1.0,1.0,1.0407094131880248,1.5459859974523777,64,1.0,1.3648662783333447
server4,Llama3,ours,price,jlz-price-cap-base-repair-2k,LLAMA_CAP100,32,2,5,100,1.0,1.0825480661181421,1.1400491720541008,1.771429044851976,27,1.0,1.3648662783333447
server4,Llama3,ours,price,jlz-price-cap-base-repair-2k,LLAMA_CAP100,32,2,6,100,1.0,1.3414605821376502,1.3601095506960061,2.178224077242136,5,1.0,1.3648662783333447
server4,Llama3,ours,price,jlz-price-cap-base-repair-2k,LLAMA_CAP100,32,2,7,100,1.0,1.5438717171279657,1.6681461328646023,2.8847329110411235,3,1.0,1.3648662783333447
server4,Llama3,ours,price,jlz-price-cap-base-repair-2k,LLAMA_CAP100,32,2,8,100,1.0,1.6791433172691532,1.7590796987148816,2.8556338236077616,1,1.0,1.3648662783333447
server4,Llama3,ours,price,jlz-price-cap-base-repair-2k,LLAMA_CAP100,32,3,4,100,1.0,1.0,1.0332370866958267,1.3776341385121924,70,1.0,1.4002855293589107
server4,Llama3,ours,price,jlz-price-cap-base-repair-2k,LLAMA_CAP100,32,3,5,100,1.0,1.110955539540614,1.1660871008547986,1.9011499858531373,25,1.0,1.4002855293589107
server4,Llama3,ours,price,jlz-price-cap-base-repair-2k,LLAMA_CAP100,32,3,6,100,1.0,1.420465672106016,1.4606001673477786,2.4261989015298986,3,1.0,1.4002855293589107
server4,Llama3,ours,price,jlz-price-cap-base-repair-2k,LLAMA_CAP100,32,3,7,100,1.0,1.679178512615855,1.7041914669571363,2.7631441972257775,1,1.0,1.4002855293589107
server4,Llama3,ours,price,jlz-price-cap-base-repair-2k,LLAMA_CAP100,32,3,8,100,1.0,1.7569622281372421,1.794340493005668,3.206962312895037,1,1.0,1.4002855293589107
server4,Llama3,ours,price,jlz-price-cap-base-repair-2k,LLAMA_CAP100,32,4,4,100,1.0,1.0,1.0396331904222238,1.5628841145238,64,1.0,1.4005710435552663
server4,Llama3,ours,price,jlz-price-cap-base-repair-2k,LLAMA_CAP100,32,4,5,100,1.0,1.0813351810048415,1.1336639877734924,1.6735335307812673,31,1.0,1.4005710435552663
server4,Llama3,ours,price,jlz-price-cap-base-repair-2k,LLAMA_CAP100,32,4,6,100,1.0,1.328323770423613,1.366495174894469,2.100034742684452,3,1.0,1.4005710435552663
server4,Llama3,ours,price,jlz-price-cap-base-repair-2k,LLAMA_CAP100,32,4,7,100,1.0,1.6673556658996782,1.7011297113565014,3.1874299640889636,2,1.0,1.4005710435552663
server4,Llama3,ours,price,jlz-price-cap-base-repair-2k,LLAMA_CAP100,32,4,8,100,1.0007205986738683,1.7420260012730227,1.7972531392567497,3.9604666141944675,0,1.0,1.4005710435552663
server4,Llama3,ours,price,jlz-price-cap-base-repair-2k,LLAMA_CAP100,32,5,4,100,1.0,1.0,1.059625427103622,1.6193882840481562,63,1.0,1.3146438704092487
server4,Llama3,ours,price,jlz-price-cap-base-repair-2k,LLAMA_CAP100,32,5,5,100,1.0,1.1010750648051206,1.1285806777675458,1.4854799880849396,26,1.0,1.3146438704092487
server4,Llama3,ours,price,jlz-price-cap-base-repair-2k,LLAMA_CAP100,32,5,6,100,1.0,1.3125194339109045,1.3322371389692462,1.9784903228626887,5,1.0,1.3146438704092487
server4,Llama3,ours,price,jlz-price-cap-base-repair-2k,LLAMA_CAP100,32,5,7,100,1.0,1.6263934281645844,1.6047131148764506,2.4525614728648995,3,1.0,1.3146438704092487
server4,Llama3,ours,price,jlz-price-cap-base-repair-2k,LLAMA_CAP100,32,5,8,100,1.0,1.7362605202291514,1.6959744620769353,2.56339320564859,3,1.0,1.3146438704092487
server4,Llama3,ours,price,jlz-price-cap-base-repair-2k,LLAMA_CAP100,32,6,4,100,1.0,1.0,1.0424380373719089,1.372051874036433,65,1.0,1.3046238617449142
server4,Llama3,ours,price,jlz-price-cap-base-repair-2k,LLAMA_CAP100,32,6,5,100,1.0,1.1015223778265835,1.1399841613521855,1.5999111946357876,22,1.0,1.3046238617449142
server4,Llama3,ours,price,jlz-price-cap-base-repair-2k,LLAMA_CAP100,32,6,6,100,1.0,1.288073193246755,1.3109488222953127,2.139322202295494,10,1.0,1.3046238617449142
server4,Llama3,ours,price,jlz-price-cap-base-repair-2k,LLAMA_CAP100,32,6,7,100,1.0,1.540339204990342,1.610817722490973,2.773489379342313,1,1.0,1.3046238617449142
server4,Llama3,ours,price,jlz-price-cap-base-repair-2k,LLAMA_CAP100,32,6,8,100,1.0,1.5826381258338236,1.6685654839412463,3.34803547063468,2,1.0,1.3046238617449142
server4,Llama3,ours,price,jlz-price-cap-base-repair-2k,LLAMA_CAP100,32,7,4,100,1.0,1.0,1.0350266908168082,1.4613437763616863,70,1.0,1.2829342829517807
server4,Llama3,ours,price,jlz-price-cap-base-repair-2k,LLAMA_CAP100,32,7,5,100,1.0,1.0846687427001775,1.1170666459273324,1.5364063767021814,21,1.0,1.2829342829517807
server4,Llama3,ours,price,jlz-price-cap-base-repair-2k,LLAMA_CAP100,32,7,6,100,1.0,1.24594391955783,1.3016382374817885,2.232603204900219,5,1.0,1.2829342829517807
server4,Llama3,ours,price,jlz-price-cap-base-repair-2k,LLAMA_CAP100,32,7,7,100,1.0,1.4934789475116443,1.5575797022415125,2.5630917214755327,3,1.0,1.2829342829517807
server4,Llama3,ours,price,jlz-price-cap-base-repair-2k,LLAMA_CAP100,32,7,8,100,1.0,1.5495142551488637,1.646768824256805,2.831659859025229,1,1.0,1.2829342829517807
server4,Llama3,ours,price,jlz-price-cap-base-repair-2k,LLAMA_CAP100,32,8,4,100,1.0,1.0,1.055973465949687,1.391023564761295,54,1.0,1.3090076103293138
server4,Llama3,ours,price,jlz-price-cap-base-repair-2k,LLAMA_CAP100,32,8,5,100,1.0,1.107122303004421,1.1213907507967855,1.5594088614614254,32,1.0,1.3090076103293138
server4,Llama3,ours,price,jlz-price-cap-base-repair-2k,LLAMA_CAP100,32,8,6,100,1.0,1.313333331958766,1.341799258898971,2.0937280658127833,12,1.0,1.3090076103293138
server4,Llama3,ours,price,jlz-price-cap-base-repair-2k,LLAMA_CAP100,32,8,7,100,1.0,1.592938393449197,1.5934778126773264,2.452369928305223,1,1.0,1.3090076103293138
server4,Llama3,ours,price,jlz-price-cap-base-repair-2k,LLAMA_CAP100,32,8,8,100,1.0,1.6557500234203193,1.6557693133676556,2.76317786032195,1,1.0,1.3090076103293138
server4,Llama3,ours,price,jlz-price-cap-base-repair-2k,LLAMA_CAP100,32,9,4,100,1.0,1.0,1.03779700879939,1.2702532041224768,66,1.0,1.2623352222818927
server4,Llama3,ours,price,jlz-price-cap-base-repair-2k,LLAMA_CAP100,32,9,5,100,1.0,1.1031138019088784,1.1327687044662078,1.6018393527985013,24,1.0,1.2623352222818927
server4,Llama3,ours,price,jlz-price-cap-base-repair-2k,LLAMA_CAP100,32,9,6,100,1.0,1.2508176757466374,1.283107315268582,2.0295579623420403,7,1.0,1.2623352222818927
server4,Llama3,ours,price,jlz-price-cap-base-repair-2k,LLAMA_CAP100,32,9,7,100,1.0,1.5050236447744794,1.5667527188676371,2.4125809436910077,1,1.0,1.2623352222818927
server4,Llama3,ours,price,jlz-price-cap-base-repair-2k,LLAMA_CAP100,32,9,8,100,1.0,1.5749736181152867,1.6034407934496773,2.873750437648923,2,1.0,1.2623352222818927
server4,Llama3,ours,price,jlz-price-cap-base-repair-2k,LLAMA_CAP100,32,10,4,100,1.0,1.0,1.0582035110174157,1.31594750302412,56,1.0,1.229977792205852
server4,Llama3,ours,price,jlz-price-cap-base-repair-2k,LLAMA_CAP100,32,10,5,100,1.0,1.105653484279956,1.1136251684610199,1.4210666598044996,28,1.0,1.229977792205852
server4,Llama3,ours,price,jlz-price-cap-base-repair-2k,LLAMA_CAP100,32,10,6,100,1.0,1.2454933015003378,1.2822029639246666,1.8581032593056148,12,1.0,1.229977792205852
server4,Llama3,ours,price,jlz-price-cap-base-repair-2k,LLAMA_CAP100,32,10,7,100,1.0179025226660223,1.4656808712008549,1.5042905774256647,2.5987742070062687,0,1.0,1.229977792205852
server4,Llama3,ours,price,jlz-price-cap-base-repair-2k,LLAMA_CAP100,32,10,8,100,1.0,1.451551782050469,1.5440716937612615,2.9274550086826254,4,1.0,1.229977792205852
server4,Llama3,ours,price,jlz-price-cap-base-repair-2k,LLAMA_CAP100,32,11,4,100,1.0,1.0,1.037071805203094,1.4617154281720672,64,1.0,1.2551475183329122
server4,Llama3,ours,price,jlz-price-cap-base-repair-2k,LLAMA_CAP100,32,11,5,100,1.0,1.0782931641935758,1.1014775754458546,1.5876904389938133,26,1.0,1.2551475183329122
server4,Llama3,ours,price,jlz-price-cap-base-repair-2k,LLAMA_CAP100,32,11,6,100,1.0,1.2630224392484586,1.2925681587876527,1.941456963128703,5,1.0,1.2551475183329122
server4,Llama3,ours,price,jlz-price-cap-base-repair-2k,LLAMA_CAP100,32,11,7,100,1.0132507732027713,1.4965112851570468,1.5309144745163332,2.5293148696017385,0,1.0,1.2551475183329122
server4,Llama3,ours,price,jlz-price-cap-base-repair-2k,LLAMA_CAP100,32,11,8,100,1.0,1.5195001945324504,1.5816283012452357,2.734885117972912,5,1.0,1.2551475183329122
server4,Llama3,ours,price,jlz-price-cap-base-repair-2k,LLAMA_CAP100,32,12,4,100,1.0,1.0,1.048682831473272,1.4874018057510963,57,1.0,1.197244849622774
server4,Llama3,ours,price,jlz-price-cap-base-repair-2k,LLAMA_CAP100,32,12,5,100,1.0,1.0703632524833255,1.1013395973606477,1.5584292580875827,27,1.0,1.197244849622774
server4,Llama3,ours,price,jlz-price-cap-base-repair-2k,LLAMA_CAP100,32,12,6,100,1.0,1.2143111245448925,1.2652694751082434,1.8232903591066794,8,1.0,1.197244849622774
server4,Llama3,ours,price,jlz-price-cap-base-repair-2k,LLAMA_CAP100,32,12,7,100,1.0,1.4101034387486149,1.4772094395505062,2.481616716521634,5,1.0,1.197244849622774
server4,Llama3,ours,price,jlz-price-cap-base-repair-2k,LLAMA_CAP100,32,12,8,100,1.0,1.4375994219106227,1.509255097829611,2.644254990733783,3,1.0,1.197244849622774
server4,Llama3,ours,price,jlz-price-cap-base-repair-2k,LLAMA_CAP100,32,13,4,100,1.0,1.0,1.0512775153194767,1.4020251789614149,60,1.0,1.2170930949123502
server4,Llama3,ours,price,jlz-price-cap-base-repair-2k,LLAMA_CAP100,32,13,5,100,1.0,1.0960115213240942,1.1188400905252813,1.5053129405806807,26,1.0,1.2170930949123502
server4,Llama3,ours,price,jlz-price-cap-base-repair-2k,LLAMA_CAP100,32,13,6,100,1.0,1.2469069763975966,1.2724802292266937,2.026582169900036,8,1.0,1.2170930949123502
server4,Llama3,ours,price,jlz-price-cap-base-repair-2k,LLAMA_CAP100,32,13,7,100,1.0,1.4097033528607983,1.5004709547781896,2.583010878389316,4,1.0,1.2170930949123502
server4,Llama3,ours,price,jlz-price-cap-base-repair-2k,LLAMA_CAP100,32,13,8,100,1.0,1.4472884239597072,1.5195394364861505,2.729746979272967,2,1.0,1.2170930949123502
server4,Llama3,ours,price,jlz-price-cap-base-repair-2k,LLAMA_CAP100,32,14,4,100,1.0,1.0,1.0615438913376471,1.6771588912905224,52,1.0,1.184801707434406
server4,Llama3,ours,price,jlz-price-cap-base-repair-2k,LLAMA_CAP100,32,14,5,100,1.0,1.077182382101066,1.1289757684088366,1.5783534024652455,29,1.0,1.184801707434406
server4,Llama3,ours,price,jlz-price-cap-base-repair-2k,LLAMA_CAP100,32,14,6,100,1.0,1.2520546993592476,1.2837000559799958,2.043177800588527,7,1.0,1.184801707434406
server4,Llama3,ours,price,jlz-price-cap-base-repair-2k,LLAMA_CAP100,32,14,7,100,1.0,1.3756022606010516,1.4580698554442766,2.3957743362805997,3,1.0,1.184801707434406
server4,Llama3,ours,price,jlz-price-cap-base-repair-2k,LLAMA_CAP100,32,14,8,100,1.0,1.3941231943654921,1.445186245062414,2.3939827337729183,9,1.0,1.184801707434406
server4,Llama3,ours,price,jlz-price-cap-base-repair-2k,LLAMA_CAP100,32,15,4,100,1.0,1.0,1.0527154786382935,1.5042113954558567,60,1.0,1.2434946082668992
server4,Llama3,ours,price,jlz-price-cap-base-repair-2k,LLAMA_CAP100,32,15,5,100,1.0,1.0792835127325655,1.1188540881205642,1.7515588136612392,25,1.0,1.2434946082668992
server4,Llama3,ours,price,jlz-price-cap-base-repair-2k,LLAMA_CAP100,32,15,6,100,1.0,1.2803155981339986,1.3029257459763335,2.036076542904701,12,1.0,1.2434946082668992
server4,Llama3,ours,price,jlz-price-cap-base-repair-2k,LLAMA_CAP100,32,15,7,100,1.0,1.4991882705326032,1.5520326053396523,2.4136376567220146,1,1.0,1.2434946082668992
server4,Llama3,ours,price,jlz-price-cap-base-repair-2k,LLAMA_CAP100,32,15,8,100,1.0,1.4963778999337585,1.5449714325929997,3.1831438318784597,2,1.0,1.2434946082668992
server4,Llama3,ours,price,jlz-price-cap-base-repair-2k,LLAMA_CAP100,32,16,4,100,1.0,1.0,1.0525657741333911,1.6372023973506047,59,1.0,1.1689689658268743
server4,Llama3,ours,price,jlz-price-cap-base-repair-2k,LLAMA_CAP100,32,16,5,100,1.0,1.0829978686606048,1.1185555426888754,1.5109942724577836,25,1.0,1.1689689658268743
server4,Llama3,ours,price,jlz-price-cap-base-repair-2k,LLAMA_CAP100,32,16,6,100,1.0,1.2391990318946244,1.2611715100570995,1.8202815763147124,6,1.0,1.1689689658268743
server4,Llama3,ours,price,jlz-price-cap-base-repair-2k,LLAMA_CAP100,32,16,7,100,1.0,1.4148485139731513,1.4536506056269993,2.4551885476628876,4,1.0,1.1689689658268743
server4,Llama3,ours,price,jlz-price-cap-base-repair-2k,LLAMA_CAP100,32,16,8,100,1.0,1.418886569659489,1.4302427786675407,2.599384135397502,6,1.0,1.1689689658268743
server4,Llama3,ours,price,jlz-price-cap-base-repair-2k,LLAMA_CAP100,32,17,4,100,1.0,1.0,1.059042303647188,1.5415218416111134,51,1.0,1.1669217640203733
server4,Llama3,ours,price,jlz-price-cap-base-repair-2k,LLAMA_CAP100,32,17,5,100,1.0,1.062594040935396,1.106997478934504,1.577958078283489,34,1.0,1.1669217640203733
server4,Llama3,ours,price,jlz-price-cap-base-repair-2k,LLAMA_CAP100,32,17,6,100,1.0,1.213866635033475,1.2518262361763575,1.8541179559363759,6,1.0,1.1669217640203733
server4,Llama3,ours,price,jlz-price-cap-base-repair-2k,LLAMA_CAP100,32,17,7,100,1.0,1.387080280172404,1.4264095733963553,2.3636583805826428,4,1.0,1.1669217640203733
server4,Llama3,ours,price,jlz-price-cap-base-repair-2k,LLAMA_CAP100,32,17,8,100,1.0,1.3727907400248636,1.4414991042574419,2.336707514827962,5,1.0,1.1669217640203733
server4,Llama3,ours,price,jlz-price-cap-base-repair-2k,LLAMA_CAP100,32,18,4,100,1.0,1.0,1.0607992075965358,1.5941893085899455,56,1.0,1.1505235582127966
server4,Llama3,ours,price,jlz-price-cap-base-repair-2k,LLAMA_CAP100,32,18,5,100,1.0,1.095067830987243,1.117647652734647,1.721895367149548,26,1.0,1.1505235582127966
server4,Llama3,ours,price,jlz-price-cap-base-repair-2k,LLAMA_CAP100,32,18,6,100,1.0,1.2553628779537176,1.2772333609987987,2.1331768406765277,6,1.0,1.1505235582127966
server4,Llama3,ours,price,jlz-price-cap-base-repair-2k,LLAMA_CAP100,32,18,7,100,1.0,1.3456800632246217,1.408960927800682,2.428810432279112,4,1.0,1.1505235582127966
server4,Llama3,ours,price,jlz-price-cap-base-repair-2k,LLAMA_CAP100,32,18,8,100,1.0,1.3641708315486456,1.3985341258032657,2.3931708449209927,8,1.0,1.1505235582127966
server4,Llama3,ours,price,jlz-price-cap-base-repair-2k,LLAMA_CAP100,32,19,4,100,1.0,1.0,1.0570007882624086,1.654696598306679,61,1.0,1.1340771124162161
server4,Llama3,ours,price,jlz-price-cap-base-repair-2k,LLAMA_CAP100,32,19,5,100,1.0,1.0749814119875731,1.1054415081288393,1.4839495096492323,21,1.0,1.1340771124162161
server4,Llama3,ours,price,jlz-price-cap-base-repair-2k,LLAMA_CAP100,32,19,6,100,1.0,1.1679404548114463,1.209071610497431,1.6258231149263338,7,1.0,1.1340771124162161
server4,Llama3,ours,price,jlz-price-cap-base-repair-2k,LLAMA_CAP100,32,19,7,100,1.0,1.3142785065352425,1.3906048302095035,2.2418140314976904,5,1.0,1.1340771124162161
server4,Llama3,ours,price,jlz-price-cap-base-repair-2k,LLAMA_CAP100,32,19,8,100,1.0,1.3152211837403063,1.3854474679211426,2.097565550250815,6,1.0,1.1340771124162161
server4,Llama3,ours,price,jlz-price-cap-base-repair-2k,LLAMA_CAP100,32,20,4,100,1.0,1.0687329037194673,1.1110368615596373,1.5336207781436575,38,1.0,1.1365743464848672
server4,Llama3,ours,price,jlz-price-cap-base-repair-2k,LLAMA_CAP100,32,20,5,100,1.0,1.0618647985788376,1.107395102971254,1.6134934671092942,29,1.0,1.1365743464848672
server4,Llama3,ours,price,jlz-price-cap-base-repair-2k,LLAMA_CAP100,32,20,6,100,1.0,1.1575311652932814,1.1966636179095498,1.6791855577311599,12,1.0,1.1365743464848672
server4,Llama3,ours,price,jlz-price-cap-base-repair-2k,LLAMA_CAP100,32,20,7,100,1.0,1.3226644484821588,1.3673921795173722,2.114638908176425,6,1.0,1.1365743464848672
server4,Llama3,ours,price,jlz-price-cap-base-repair-2k,LLAMA_CAP100,32,20,8,100,1.0,1.3104657168748535,1.369249518651432,2.3060888336564025,15,1.0,1.1365743464848672
server4,Llama3,ours,price,jlz-price-cap-base-repair-2k,LLAMA_FREE100,33,1,4,100,1.0,1.0,1.0185726318063604,1.19571040638506,73,1.0,1.388989721115611
server4,Llama3,ours,price,jlz-price-cap-base-repair-2k,LLAMA_FREE100,33,1,5,100,1.0,1.101995891063847,1.1531397033633508,1.7129398397395226,20,1.0,1.388989721115611
server4,Llama3,ours,price,jlz-price-cap-base-repair-2k,LLAMA_FREE100,33,1,6,100,1.0,1.360204294270084,1.4414182424000361,2.710517746654825,3,1.0,1.388989721115611
server4,Llama3,ours,price,jlz-price-cap-base-repair-2k,LLAMA_FREE100,33,1,7,100,1.0,1.6133318275532824,1.6832545601912494,2.9617387799074284,2,1.0,1.388989721115611
server4,Llama3,ours,price,jlz-price-cap-base-repair-2k,LLAMA_FREE100,33,1,8,100,1.0,1.7336630663373462,1.7933386707902272,3.175437061254319,2,1.0,1.388989721115611
server4,Llama3,ours,price,jlz-price-cap-base-repair-2k,LLAMA_FREE100,33,2,4,100,1.0,1.0,1.040176908504746,1.5251001583415371,65,1.0,1.3659689460118025
server4,Llama3,ours,price,jlz-price-cap-base-repair-2k,LLAMA_FREE100,33,2,5,100,1.0,1.0859394826955784,1.1429927851314468,1.8018554011517296,26,1.0,1.3659689460118025
server4,Llama3,ours,price,jlz-price-cap-base-repair-2k,LLAMA_FREE100,33,2,6,100,1.0,1.3409914177424533,1.3572264954774371,2.146037856503343,5,1.0,1.3659689460118025
server4,Llama3,ours,price,jlz-price-cap-base-repair-2k,LLAMA_FREE100,33,2,7,100,1.0,1.5571770760963866,1.6711330024545457,2.8877218788362478,2,1.0,1.3659689460118025
server4,Llama3,ours,price,jlz-price-cap-base-repair-2k,LLAMA_FREE100,33,2,8,100,1.0,1.6802472190613438,1.7599357281138883,2.855802747461296,2,1.0,1.3659689460118025
server4,Llama3,ours,price,jlz-price-cap-base-repair-2k,LLAMA_FREE100,33,3,4,100,1.0,1.0,1.031014729415606,1.3647670768317208,71,1.0,1.3981554696717384
server4,Llama3,ours,price,jlz-price-cap-base-repair-2k,LLAMA_FREE100,33,3,5,100,1.0,1.1174498507967092,1.173774908058643,1.9266077465320808,24,1.0,1.3981554696717384
server4,Llama3,ours,price,jlz-price-cap-base-repair-2k,LLAMA_FREE100,33,3,6,100,1.0,1.4118922200448691,1.4541249909238163,2.3920656028071505,3,1.0,1.3981554696717384
server4,Llama3,ours,price,jlz-price-cap-base-repair-2k,LLAMA_FREE100,33,3,7,100,1.0,1.6828924991364702,1.6907226372418214,2.8158856359952082,1,1.0,1.3981554696717384
server4,Llama3,ours,price,jlz-price-cap-base-repair-2k,LLAMA_FREE100,33,3,8,100,1.0,1.7628354009396414,1.797765443323904,3.197570533140739,1,1.0,1.3981554696717384
server4,Llama3,ours,price,jlz-price-cap-base-repair-2k,LLAMA_FREE100,33,4,4,100,1.0,1.0,1.0373640957716894,1.5846353674150933,68,1.0,1.396793200232725
server4,Llama3,ours,price,jlz-price-cap-base-repair-2k,LLAMA_FREE100,33,4,5,100,1.0,1.091611542983865,1.1403031897756581,1.6687053745719842,28,1.0,1.396793200232725
server4,Llama3,ours,price,jlz-price-cap-base-repair-2k,LLAMA_FREE100,33,4,6,100,1.0,1.3225990285059486,1.3589893678277576,2.1006190960306843,2,1.0,1.396793200232725
server4,Llama3,ours,price,jlz-price-cap-base-repair-2k,LLAMA_FREE100,33,4,7,100,1.0,1.6594289239336752,1.691055548064473,3.204051668937603,2,1.0,1.396793200232725
server4,Llama3,ours,price,jlz-price-cap-base-repair-2k,LLAMA_FREE100,33,4,8,100,1.0099889405815696,1.7239252601034147,1.7968365354912639,3.8804305264942682,0,1.0,1.396793200232725
server4,Llama3,ours,price,jlz-price-cap-base-repair-2k,LLAMA_FREE100,33,5,4,100,1.0,1.0,1.0561361449325652,1.6216391979504947,67,1.0,1.3014963041645642
server4,Llama3,ours,price,jlz-price-cap-base-repair-2k,LLAMA_FREE100,33,5,5,100,1.0,1.1080039174695062,1.1374719489971539,1.4912756266627685,20,1.0,1.3014963041645642
server4,Llama3,ours,price,jlz-price-cap-base-repair-2k,LLAMA_FREE100,33,5,6,100,1.0,1.2983190721273368,1.3223115105139522,1.9827317032409646,6,1.0,1.3014963041645642
server4,Llama3,ours,price,jlz-price-cap-base-repair-2k,LLAMA_FREE100,33,5,7,100,1.0,1.568542347058429,1.5876579550115157,2.451666689633785,3,1.0,1.3014963041645642
server4,Llama3,ours,price,jlz-price-cap-base-repair-2k,LLAMA_FREE100,33,5,8,100,1.0,1.6933485906397272,1.6777312197517944,2.484074091856398,4,1.0,1.3014963041645642
server4,Llama3,ours,price,jlz-price-cap-base-repair-2k,LLAMA_FREE100,33,6,4,100,1.0,1.0,1.0387838939282281,1.411205889222603,67,1.0,1.300689432497254
server4,Llama3,ours,price,jlz-price-cap-base-repair-2k,LLAMA_FREE100,33,6,5,100,1.0,1.1073104991922644,1.1444600971365775,1.6439369941094704,23,1.0,1.300689432497254
server4,Llama3,ours,price,jlz-price-cap-base-repair-2k,LLAMA_FREE100,33,6,6,100,1.0,1.2863605117009513,1.2967690611859073,2.0602265360137864,8,1.0,1.300689432497254
server4,Llama3,ours,price,jlz-price-cap-base-repair-2k,LLAMA_FREE100,33,6,7,100,1.0383512364075425,1.5324677357765006,1.591710121657597,2.7542528932819343,0,1.0,1.300689432497254
server4,Llama3,ours,price,jlz-price-cap-base-repair-2k,LLAMA_FREE100,33,6,8,100,1.0,1.5691522707804906,1.6641565392067894,3.339531937889502,2,1.0,1.300689432497254
server4,Llama3,ours,price,jlz-price-cap-base-repair-2k,LLAMA_FREE100,33,7,4,100,1.0,1.0,1.032345835798661,1.4876719137671373,75,1.0,1.2835412892757658
server4,Llama3,ours,price,jlz-price-cap-base-repair-2k,LLAMA_FREE100,33,7,5,100,1.0,1.098642722381923,1.1274289105654764,1.552171394370522,17,1.0,1.2835412892757658
server4,Llama3,ours,price,jlz-price-cap-base-repair-2k,LLAMA_FREE100,33,7,6,100,1.0,1.2417556606314273,1.2865233681761736,2.113988415849527,6,1.0,1.2835412892757658
server4,Llama3,ours,price,jlz-price-cap-base-repair-2k,LLAMA_FREE100,33,7,7,100,1.0,1.457249173653675,1.5247592001105421,2.475563188447559,1,1.0,1.2835412892757658
server4,Llama3,ours,price,jlz-price-cap-base-repair-2k,LLAMA_FREE100,33,7,8,100,1.0,1.5254710758904257,1.6513740655643783,2.877553313204096,1,1.0,1.2835412892757658
server4,Llama3,ours,price,jlz-price-cap-base-repair-2k,LLAMA_FREE100,33,8,4,100,1.0,1.0,1.0545838114231745,1.3974986749232814,62,1.0,1.2858469576405296
server4,Llama3,ours,price,jlz-price-cap-base-repair-2k,LLAMA_FREE100,33,8,5,100,1.0,1.1055426234400327,1.1317898767078152,1.5164574327863511,23,1.0,1.2858469576405296
server4,Llama3,ours,price,jlz-price-cap-base-repair-2k,LLAMA_FREE100,33,8,6,100,1.0,1.2892137570396793,1.3236054262495518,2.1623822654674654,11,1.0,1.2858469576405296
server4,Llama3,ours,price,jlz-price-cap-base-repair-2k,LLAMA_FREE100,33,8,7,100,1.0,1.5576088718606191,1.5553125474341503,2.5597492653893728,3,1.0,1.2858469576405296
server4,Llama3,ours,price,jlz-price-cap-base-repair-2k,LLAMA_FREE100,33,8,8,100,1.0,1.6600934348430147,1.6388777900229818,2.7508210117527345,1,1.0,1.2858469576405296
server4,Llama3,ours,price,jlz-price-cap-base-repair-2k,LLAMA_FREE100,33,9,4,100,1.0,1.0,1.0395528004678207,1.3170087190836215,63,1.0,1.24594721698931
server4,Llama3,ours,price,jlz-price-cap-base-repair-2k,LLAMA_FREE100,33,9,5,100,1.0,1.0989899398273673,1.12932860817299,1.5469490756628852,28,1.0,1.24594721698931
server4,Llama3,ours,price,jlz-price-cap-base-repair-2k,LLAMA_FREE100,33,9,6,100,1.0,1.2445792822395287,1.255729539421414,1.905241557794716,7,1.0,1.24594721698931
server4,Llama3,ours,price,jlz-price-cap-base-repair-2k,LLAMA_FREE100,33,9,7,100,1.0,1.4591097615585322,1.532248939211283,2.3099392921044184,1,1.0,1.24594721698931
server4,Llama3,ours,price,jlz-price-cap-base-repair-2k,LLAMA_FREE100,33,9,8,100,1.0,1.589075524168338,1.5946701710271378,2.947032604022012,1,1.0,1.24594721698931
server4,Llama3,ours,price,jlz-price-cap-base-repair-2k,LLAMA_FREE100,33,10,4,100,1.0,1.0,1.050693881882605,1.398478975932645,63,1.0,1.2079930511425216
server4,Llama3,ours,price,jlz-price-cap-base-repair-2k,LLAMA_FREE100,33,10,5,100,1.0,1.109722332168347,1.12190230485529,1.3883566056904473,20,1.0,1.2079930511425216
server4,Llama3,ours,price,jlz-price-cap-base-repair-2k,LLAMA_FREE100,33,10,6,100,1.0,1.2137115898843973,1.2494963921944882,1.7245069795758174,12,1.0,1.2079930511425216
server4,Llama3,ours,price,jlz-price-cap-base-repair-2k,LLAMA_FREE100,33,10,7,100,1.0,1.4475277134123248,1.4678887332476174,2.5032271264718506,1,1.0,1.2079930511425216
server4,Llama3,ours,price,jlz-price-cap-base-repair-2k,LLAMA_FREE100,33,10,8,100,1.0,1.4411767795930528,1.5211139582901918,2.532509958129689,4,1.0,1.2079930511425216
server4,Llama3,ours,price,jlz-price-cap-base-repair-2k,LLAMA_FREE100,33,11,4,100,1.0,1.0,1.0324505516520832,1.3849850170689046,67,1.0,1.2387061856790829
server4,Llama3,ours,price,jlz-price-cap-base-repair-2k,LLAMA_FREE100,33,11,5,100,1.0,1.088317765959273,1.1094651064440628,1.5382311161988085,23,1.0,1.2387061856790829
server4,Llama3,ours,price,jlz-price-cap-base-repair-2k,LLAMA_FREE100,33,11,6,100,1.0,1.2344773543147174,1.2641223025787793,1.8502031353097725,5,1.0,1.2387061856790829
server4,Llama3,ours,price,jlz-price-cap-base-repair-2k,LLAMA_FREE100,33,11,7,100,1.0,1.4759681622382212,1.5176853286356888,2.384656905780804,1,1.0,1.2387061856790829
server4,Llama3,ours,price,jlz-price-cap-base-repair-2k,LLAMA_FREE100,33,11,8,100,1.0,1.499375403847346,1.5740230057722437,2.8728210803382965,4,1.0,1.2387061856790829
server4,Llama3,ours,price,jlz-price-cap-base-repair-2k,LLAMA_FREE100,33,12,4,100,1.0,1.0,1.0469974780505338,1.5162300163435696,55,1.0,1.1822064862903368
server4,Llama3,ours,price,jlz-price-cap-base-repair-2k,LLAMA_FREE100,33,12,5,100,1.0,1.076956948476309,1.101121743964551,1.392299841478864,27,1.0,1.1822064862903368
server4,Llama3,ours,price,jlz-price-cap-base-repair-2k,LLAMA_FREE100,33,12,6,100,1.0,1.1930035885404777,1.2280717863332262,1.7324173579148088,13,1.0,1.1822064862903368
server4,Llama3,ours,price,jlz-price-cap-base-repair-2k,LLAMA_FREE100,33,12,7,100,1.0,1.3726804622321986,1.4426643445211482,2.5242814622993697,4,1.0,1.1822064862903368
server4,Llama3,ours,price,jlz-price-cap-base-repair-2k,LLAMA_FREE100,33,12,8,100,1.0,1.4067618830758022,1.4875438978620037,2.5756374800961304,1,1.0,1.1822064862903368
server4,Llama3,ours,price,jlz-price-cap-base-repair-2k,LLAMA_FREE100,33,13,4,100,1.0,1.0,1.0546805536577857,1.4674130826544909,61,1.0,1.199162079592743
server4,Llama3,ours,price,jlz-price-cap-base-repair-2k,LLAMA_FREE100,33,13,5,100,1.0,1.0841841882656589,1.1164224972467327,1.529804990727933,22,1.0,1.199162079592743
server4,Llama3,ours,price,jlz-price-cap-base-repair-2k,LLAMA_FREE100,33,13,6,100,1.0,1.2121678802510842,1.2515777834300865,1.7860313944146762,10,1.0,1.199162079592743
server4,Llama3,ours,price,jlz-price-cap-base-repair-2k,LLAMA_FREE100,33,13,7,100,1.0,1.3653233969358896,1.4607757209462802,2.2031229499254783,4,1.0,1.199162079592743
server4,Llama3,ours,price,jlz-price-cap-base-repair-2k,LLAMA_FREE100,33,13,8,100,1.0,1.4032416259484248,1.4911852225255693,2.4505348904209643,3,1.0,1.199162079592743
server4,Llama3,ours,price,jlz-price-cap-base-repair-2k,LLAMA_FREE100,33,14,4,100,1.0,1.0,1.0557276534528701,1.5462795495889805,55,1.0,1.1650319584271538
server4,Llama3,ours,price,jlz-price-cap-base-repair-2k,LLAMA_FREE100,33,14,5,100,1.0,1.0989780155160909,1.1164831666399562,1.3972611602426865,30,1.0,1.1650319584271538
server4,Llama3,ours,price,jlz-price-cap-base-repair-2k,LLAMA_FREE100,33,14,6,100,1.0,1.1947713386731398,1.2394872242208568,1.8600956097358585,4,1.0,1.1650319584271538
server4,Llama3,ours,price,jlz-price-cap-base-repair-2k,LLAMA_FREE100,33,14,7,100,1.0,1.3666034459832335,1.4145399231117406,2.112007604393868,5,1.0,1.1650319584271538
server4,Llama3,ours,price,jlz-price-cap-base-repair-2k,LLAMA_FREE100,33,14,8,100,1.0,1.3615088447150512,1.4271367560209662,2.5148622945278234,6,1.0,1.1650319584271538
server4,Llama3,ours,price,jlz-price-cap-base-repair-2k,LLAMA_FREE100,33,15,4,100,1.0,1.0,1.0453349072844866,1.3518251165309174,60,1.0,1.2346545796026804
server4,Llama3,ours,price,jlz-price-cap-base-repair-2k,LLAMA_FREE100,33,15,5,100,1.0,1.0848417274529758,1.112810963077827,1.6055588652228223,25,1.0,1.2346545796026804
server4,Llama3,ours,price,jlz-price-cap-base-repair-2k,LLAMA_FREE100,33,15,6,100,1.0,1.2543016484687233,1.2638225468149025,1.980055671032864,8,1.0,1.2346545796026804
server4,Llama3,ours,price,jlz-price-cap-base-repair-2k,LLAMA_FREE100,33,15,7,100,1.0,1.4596562846657495,1.539874075612138,2.8327253951072104,2,1.0,1.2346545796026804
server4,Llama3,ours,price,jlz-price-cap-base-repair-2k,LLAMA_FREE100,33,15,8,100,1.0,1.4826702526625404,1.5315981339207032,3.224743920467401,5,1.0,1.2346545796026804
server4,Llama3,ours,price,jlz-price-cap-base-repair-2k,LLAMA_FREE100,33,16,4,100,1.0,1.0,1.05455178500517,1.7298943393450703,54,1.0,1.1666691375720852
server4,Llama3,ours,price,jlz-price-cap-base-repair-2k,LLAMA_FREE100,33,16,5,100,1.0,1.108936695424667,1.1230257116778033,1.579405298242639,26,1.0,1.1666691375720852
server4,Llama3,ours,price,jlz-price-cap-base-repair-2k,LLAMA_FREE100,33,16,6,100,1.0,1.2042719421319834,1.2220210546873822,1.6658428103382075,11,1.0,1.1666691375720852
server4,Llama3,ours,price,jlz-price-cap-base-repair-2k,LLAMA_FREE100,33,16,7,100,1.0,1.398418428962049,1.4481113945208606,2.3352235590426926,4,1.0,1.1666691375720852
server4,Llama3,ours,price,jlz-price-cap-base-repair-2k,LLAMA_FREE100,33,16,8,100,1.0,1.3689574913309568,1.4223069675918767,2.5647465309032427,5,1.0,1.1666691375720852
server4,Llama3,ours,price,jlz-price-cap-base-repair-2k,LLAMA_FREE100,33,17,4,100,1.0,1.0,1.0582606515235755,1.526474600629656,52,1.0,1.1543995086103263
server4,Llama3,ours,price,jlz-price-cap-base-repair-2k,LLAMA_FREE100,33,17,5,100,1.0,1.0612331899499372,1.102339755440741,1.3791749514687557,33,1.0,1.1543995086103263
server4,Llama3,ours,price,jlz-price-cap-base-repair-2k,LLAMA_FREE100,33,17,6,100,1.0,1.1886715071194782,1.215723864834835,1.6747409126571207,9,1.0,1.1543995086103263
server4,Llama3,ours,price,jlz-price-cap-base-repair-2k,LLAMA_FREE100,33,17,7,100,1.0,1.3728787633151833,1.4180032745992097,2.123942429112927,2,1.0,1.1543995086103263
server4,Llama3,ours,price,jlz-price-cap-base-repair-2k,LLAMA_FREE100,33,17,8,100,1.0,1.3549201649020644,1.4193661156482775,2.468392350363053,4,1.0,1.1543995086103263
server4,Llama3,ours,price,jlz-price-cap-base-repair-2k,LLAMA_FREE100,33,18,4,100,1.0,1.0,1.048674998293446,1.5970148417565049,58,1.0,1.1494232649443028
server4,Llama3,ours,price,jlz-price-cap-base-repair-2k,LLAMA_FREE100,33,18,5,100,1.0,1.0995116875185282,1.1145902720427758,1.4029754376332817,24,1.0,1.1494232649443028
server4,Llama3,ours,price,jlz-price-cap-base-repair-2k,LLAMA_FREE100,33,18,6,100,1.0,1.2100080880995856,1.239043313140974,1.6563446918083615,8,1.0,1.1494232649443028
server4,Llama3,ours,price,jlz-price-cap-base-repair-2k,LLAMA_FREE100,33,18,7,100,1.0,1.3576778572121952,1.4028348867778708,2.354193840217803,3,1.0,1.1494232649443028
server4,Llama3,ours,price,jlz-price-cap-base-repair-2k,LLAMA_FREE100,33,18,8,100,1.0,1.3850250956107297,1.41623929327427,2.44514352172986,7,1.0,1.1494232649443028
server4,Llama3,ours,price,jlz-price-cap-base-repair-2k,LLAMA_FREE100,33,19,4,100,1.0,1.0,1.0529546548211828,1.4603558079501215,56,1.0,1.1200971730707825
server4,Llama3,ours,price,jlz-price-cap-base-repair-2k,LLAMA_FREE100,33,19,5,100,1.0,1.078775809313667,1.0968785925407085,1.6102623166430812,25,1.0,1.1200971730707825
server4,Llama3,ours,price,jlz-price-cap-base-repair-2k,LLAMA_FREE100,33,19,6,100,1.0,1.1628725851696862,1.1866967864826727,1.6644285071800342,14,1.0,1.1200971730707825
server4,Llama3,ours,price,jlz-price-cap-base-repair-2k,LLAMA_FREE100,33,19,7,100,1.0,1.3123083688873787,1.3756191285463182,2.2416263565379175,2,1.0,1.1200971730707825
server4,Llama3,ours,price,jlz-price-cap-base-repair-2k,LLAMA_FREE100,33,19,8,100,1.0,1.3443414347522,1.382497193249407,2.1358077578277346,3,1.0,1.1200971730707825
server4,Llama3,ours,price,jlz-price-cap-base-repair-2k,LLAMA_FREE100,33,20,4,100,1.0,1.0684106504343003,1.1113116026664098,1.6244856715519882,38,1.0,1.1447093445141205
server4,Llama3,ours,price,jlz-price-cap-base-repair-2k,LLAMA_FREE100,33,20,5,100,1.0,1.051339418206668,1.086558020067573,1.4004242285503674,34,1.0,1.1447093445141205
server4,Llama3,ours,price,jlz-price-cap-base-repair-2k,LLAMA_FREE100,33,20,6,100,1.0,1.1413808636581986,1.1809436196861232,1.8234013682730632,11,1.0,1.1447093445141205
server4,Llama3,ours,price,jlz-price-cap-base-repair-2k,LLAMA_FREE100,33,20,7,100,1.0,1.3233807308390497,1.3746802898388664,2.2201123778253185,4,1.0,1.1447093445141205
server4,Llama3,ours,price,jlz-price-cap-base-repair-2k,LLAMA_FREE100,33,20,8,100,1.0,1.339965938006797,1.382960777559971,2.328405944348336,13,1.0,1.1447093445141205
server4,Llama3,ours,price,jlz-price-alpha-writer-2k,LLAMA_AE_CAP075,34,1,4,100,1.0,1.0,1.0105821106970339,1.2338177261413237,89,0.75,1.4943025580403475
server4,Llama3,ours,price,jlz-price-alpha-writer-2k,LLAMA_AE_CAP075,34,1,5,100,1.0,1.2112072262472129,1.2465363364746453,2.520735576787245,10,0.75,1.4943025580403475
server4,Llama3,ours,price,jlz-price-alpha-writer-2k,LLAMA_AE_CAP075,34,1,6,100,1.0,1.5427272826992011,1.5742212884799751,3.116512426359278,1,0.75,1.4943025580403475
server4,Llama3,ours,price,jlz-price-alpha-writer-2k,LLAMA_AE_CAP075,34,1,7,100,1.0390125823966165,1.7707322651042334,1.816426838702097,2.853412953091912,0,0.75,1.4943025580403475
server4,Llama3,ours,price,jlz-price-alpha-writer-2k,LLAMA_AE_CAP075,34,1,8,100,1.0158141136502796,1.8521227347627334,1.939376544194386,3.238457540158208,0,0.75,1.4943025580403475
server4,Llama3,ours,price,jlz-price-alpha-writer-2k,LLAMA_AE_CAP075,34,2,4,100,1.0,1.0,1.0238637498739445,1.332337061787596,81,0.75,1.4978410274908518
server4,Llama3,ours,price,jlz-price-alpha-writer-2k,LLAMA_AE_CAP075,34,2,5,100,1.0,1.1966844869399362,1.2412466688942194,1.8890026941025448,13,0.75,1.4978410274908518
server4,Llama3,ours,price,jlz-price-alpha-writer-2k,LLAMA_AE_CAP075,34,2,6,100,1.0,1.528099559908151,1.5622683885579802,2.441695630123915,2,0.75,1.4978410274908518
server4,Llama3,ours,price,jlz-price-alpha-writer-2k,LLAMA_AE_CAP075,34,2,7,100,1.0075073411813056,1.7572817722916794,1.8328450216726135,3.050439606916165,0,0.75,1.4978410274908518
server4,Llama3,ours,price,jlz-price-alpha-writer-2k,LLAMA_AE_CAP075,34,2,8,100,1.0,1.8879114118212788,1.9477396517928922,3.509023791324263,4,0.75,1.4978410274908518
server4,Llama3,ours,price,jlz-price-alpha-writer-2k,LLAMA_AE_CAP075,34,3,4,100,1.0,1.0,1.0131620998186706,1.378797098500407,89,0.75,1.4407249601568561
server4,Llama3,ours,price,jlz-price-alpha-writer-2k,LLAMA_AE_CAP075,34,3,5,100,1.0,1.210630860959776,1.2587535962482626,2.171968680532895,10,0.75,1.4407249601568561
server4,Llama3,ours,price,jlz-price-alpha-writer-2k,LLAMA_AE_CAP075,34,3,6,100,1.0,1.5367710526985952,1.5415165161172857,2.430032953931703,1,0.75,1.4407249601568561
server4,Llama3,ours,price,jlz-price-alpha-writer-2k,LLAMA_AE_CAP075,34,3,7,100,1.0069361550932958,1.7638460852291402,1.7526649545560333,2.655936816695327,0,0.75,1.4407249601568561
server4,Llama3,ours,price,jlz-price-alpha-writer-2k,LLAMA_AE_CAP075,34,3,8,100,1.0899931417435833,1.8364929277467352,1.877071790903729,3.01762667335884,0,0.75,1.4407249601568561
server4,Llama3,ours,price,jlz-price-alpha-writer-2k,LLAMA_AE_CAP075,34,4,4,100,1.0,1.0,1.020636178697998,1.546384770947248,76,0.75,1.4958335350749024
server4,Llama3,ours,price,jlz-price-alpha-writer-2k,LLAMA_AE_CAP075,34,4,5,100,1.0,1.1972718240566338,1.2247275071844639,1.7171495233797596,22,0.75,1.4958335350749024
server4,Llama3,ours,price,jlz-price-alpha-writer-2k,LLAMA_AE_CAP075,34,4,6,100,1.0,1.5143166349491364,1.5261470016539376,2.2906103946365852,1,0.75,1.4958335350749024
server4,Llama3,ours,price,jlz-price-alpha-writer-2k,LLAMA_AE_CAP075,34,4,7,100,1.0976286794677739,1.809720477197811,1.8300987396699118,2.718688030569522,0,0.75,1.4958335350749024
server4,Llama3,ours,price,jlz-price-alpha-writer-2k,LLAMA_AE_CAP075,34,4,8,100,1.0,1.966276831445915,1.9659999567940385,3.2190190813610218,1,0.75,1.4958335350749024
server4,Llama3,ours,price,jlz-price-alpha-writer-2k,LLAMA_AE_CAP075,34,5,4,100,1.0,1.0,1.019206163472881,1.3504206308664637,84,0.75,1.3671507399232854
server4,Llama3,ours,price,jlz-price-alpha-writer-2k,LLAMA_AE_CAP075,34,5,5,100,1.0,1.188340855619674,1.2082283113217867,1.7334779026885867,12,0.75,1.3671507399232854
server4,Llama3,ours,price,jlz-price-alpha-writer-2k,LLAMA_AE_CAP075,34,5,6,100,1.0,1.413729430705292,1.4439772186110862,2.414472780476087,3,0.75,1.3671507399232854
server4,Llama3,ours,price,jlz-price-alpha-writer-2k,LLAMA_AE_CAP075,34,5,7,100,1.0305980969184396,1.682591081311151,1.694670536905551,2.8762418675562627,0,0.75,1.3671507399232854
server4,Llama3,ours,price,jlz-price-alpha-writer-2k,LLAMA_AE_CAP075,34,5,8,100,1.0,1.7292983547545708,1.7827093231393982,2.9985078389871833,1,0.75,1.3671507399232854
server4,Llama3,ours,price,jlz-price-alpha-writer-2k,LLAMA_AE_CAP075,34,6,4,100,1.0,1.0,1.0290610498066097,1.5545985423779194,76,0.75,1.3759313503151887
server4,Llama3,ours,price,jlz-price-alpha-writer-2k,LLAMA_AE_CAP075,34,6,5,100,1.0,1.2030295695756514,1.22577371479795,1.6899196756596793,22,0.75,1.3759313503151887
server4,Llama3,ours,price,jlz-price-alpha-writer-2k,LLAMA_AE_CAP075,34,6,6,100,1.0,1.369259420184221,1.4360626825381095,2.854883361421171,2,0.75,1.3759313503151887
server4,Llama3,ours,price,jlz-price-alpha-writer-2k,LLAMA_AE_CAP075,34,6,7,100,1.07874250923532,1.636597341453719,1.7166709573224566,3.167673502709401,0,0.75,1.3759313503151887
server4,Llama3,ours,price,jlz-price-alpha-writer-2k,LLAMA_AE_CAP075,34,6,8,100,1.0538290779193382,1.7122047257424926,1.7763733801638908,3.0173888704472986,0,0.75,1.3759313503151887
server4,Llama3,ours,price,jlz-price-alpha-writer-2k,LLAMA_AE_CAP075,34,7,4,100,1.0,1.0,1.019839549015822,1.5561090223789285,84,0.75,1.4046989053196297
server4,Llama3,ours,price,jlz-price-alpha-writer-2k,LLAMA_AE_CAP075,34,7,5,100,1.0,1.2004486637895173,1.2283859492071794,1.6046880713383807,12,0.75,1.4046989053196297
server4,Llama3,ours,price,jlz-price-alpha-writer-2k,LLAMA_AE_CAP075,34,7,6,100,1.0,1.4982621338170103,1.4706985122389926,2.295015375868746,4,0.75,1.4046989053196297
server4,Llama3,ours,price,jlz-price-alpha-writer-2k,LLAMA_AE_CAP075,34,7,7,100,1.0241619238958066,1.7300448367166104,1.7358916439281753,3.251317554188979,0,0.75,1.4046989053196297
server4,Llama3,ours,price,jlz-price-alpha-writer-2k,LLAMA_AE_CAP075,34,7,8,100,1.1901708737257106,1.8304940382686685,1.8405415867085912,3.8561585262576323,0,0.75,1.4046989053196297
server4,Llama3,ours,price,jlz-price-alpha-writer-2k,LLAMA_AE_CAP075,34,8,4,100,1.0,1.0,1.032330959609266,1.406726803581137,75,0.75,1.344063701567009
server4,Llama3,ours,price,jlz-price-alpha-writer-2k,LLAMA_AE_CAP075,34,8,5,100,1.0,1.151632357356855,1.1838287038196196,1.6420282685169707,22,0.75,1.344063701567009
server4,Llama3,ours,price,jlz-price-alpha-writer-2k,LLAMA_AE_CAP075,34,8,6,100,1.0,1.401536314888522,1.447039298313132,2.603412298268456,3,0.75,1.344063701567009
server4,Llama3,ours,price,jlz-price-alpha-writer-2k,LLAMA_AE_CAP075,34,8,7,100,1.0133609133414339,1.6127229311304467,1.6694609068342032,3.9334976194881976,0,0.75,1.344063701567009
server4,Llama3,ours,price,jlz-price-alpha-writer-2k,LLAMA_AE_CAP075,34,8,8,100,1.0195167678720236,1.7057470686047267,1.7458654631830697,3.834921959727424,0,0.75,1.344063701567009
server4,Llama3,ours,price,jlz-price-alpha-writer-2k,LLAMA_AE_CAP075,34,9,4,100,1.0,1.0,1.020451340600704,1.4234857595119756,85,0.75,1.3286519516418471
server4,Llama3,ours,price,jlz-price-alpha-writer-2k,LLAMA_AE_CAP075,34,9,5,100,1.0,1.1580703102211232,1.1788656127708854,1.6307586811591286,9,0.75,1.3286519516418471
server4,Llama3,ours,price,jlz-price-alpha-writer-2k,LLAMA_AE_CAP075,34,9,6,100,1.0,1.3532073800726754,1.3757765082098292,2.112450404979041,3,0.75,1.3286519516418471
server4,Llama3,ours,price,jlz-price-alpha-writer-2k,LLAMA_AE_CAP075,34,9,7,100,1.0,1.6456568306001402,1.6382407772235466,2.93572126592737,2,0.75,1.3286519516418471
server4,Llama3,ours,price,jlz-price-alpha-writer-2k,LLAMA_AE_CAP075,34,9,8,100,1.0,1.6906029209349693,1.7386787122869272,3.2577864491866717,1,0.75,1.3286519516418471
server4,Llama3,ours,price,jlz-price-alpha-writer-2k,LLAMA_AE_CAP075,34,10,4,100,1.0,1.0,1.0269685495105239,1.3188503591871752,74,0.75,1.3375753766927088
server4,Llama3,ours,price,jlz-price-alpha-writer-2k,LLAMA_AE_CAP075,34,10,5,100,1.0,1.1211368347990804,1.1620139064076072,1.844116732040868,20,0.75,1.3375753766927088
server4,Llama3,ours,price,jlz-price-alpha-writer-2k,LLAMA_AE_CAP075,34,10,6,100,1.0,1.36422876570477,1.373459284309999,2.245482432568323,6,0.75,1.3375753766927088
server4,Llama3,ours,price,jlz-price-alpha-writer-2k,LLAMA_AE_CAP075,34,10,7,100,1.080474666824038,1.6099743786356533,1.6432018620782125,2.9097043998653858,0,0.75,1.3375753766927088
server4,Llama3,ours,price,jlz-price-alpha-writer-2k,LLAMA_AE_CAP075,34,10,8,100,1.1051997394138666,1.6567526252585179,1.743294853390601,3.2190552597162325,0,0.75,1.3375753766927088
server4,Llama3,ours,price,jlz-price-alpha-writer-2k,LLAMA_AE_CAP075,34,11,4,100,1.0,1.0,1.0250868925796086,1.4192700475894355,80,0.75,1.337509104347291
server4,Llama3,ours,price,jlz-price-alpha-writer-2k,LLAMA_AE_CAP075,34,11,5,100,1.0,1.160096237028076,1.1721458210496736,1.7683440685964318,15,0.75,1.337509104347291
server4,Llama3,ours,price,jlz-price-alpha-writer-2k,LLAMA_AE_CAP075,34,11,6,100,1.0,1.3698034066272107,1.3767681250786488,2.0797730387773763,4,0.75,1.337509104347291
server4,Llama3,ours,price,jlz-price-alpha-writer-2k,LLAMA_AE_CAP075,34,11,7,100,1.0,1.6482622834688783,1.656986160978683,2.8047427209466504,1,0.75,1.337509104347291
server4,Llama3,ours,price,jlz-price-alpha-writer-2k,LLAMA_AE_CAP075,34,11,8,100,1.0187092090790597,1.6482263847131204,1.7294226125915115,3.075607591193377,0,0.75,1.337509104347291
server4,Llama3,ours,price,jlz-price-alpha-writer-2k,LLAMA_AE_CAP075,34,12,4,100,1.0,1.0,1.017638327479372,1.2504412918067296,80,0.75,1.291099167114275
server4,Llama3,ours,price,jlz-price-alpha-writer-2k,LLAMA_AE_CAP075,34,12,5,100,1.0,1.159133653374313,1.1621597061744602,1.5903850666638388,17,0.75,1.291099167114275
server4,Llama3,ours,price,jlz-price-alpha-writer-2k,LLAMA_AE_CAP075,34,12,6,100,1.0,1.3419102199489252,1.3707930514633309,2.1467930221423486,2,0.75,1.291099167114275
server4,Llama3,ours,price,jlz-price-alpha-writer-2k,LLAMA_AE_CAP075,34,12,7,100,1.0,1.5751757719194435,1.598042288612054,2.7026708217058886,1,0.75,1.291099167114275
server4,Llama3,ours,price,jlz-price-alpha-writer-2k,LLAMA_AE_CAP075,34,12,8,100,1.0408031724998719,1.6815167165202354,1.6762866506134377,2.6468565344759494,0,0.75,1.291099167114275
server4,Llama3,ours,price,jlz-price-alpha-writer-2k,LLAMA_AE_CAP075,34,13,4,100,1.0,1.0,1.044050033789074,1.6003065387980757,69,0.75,1.2986555063052683
server4,Llama3,ours,price,jlz-price-alpha-writer-2k,LLAMA_AE_CAP075,34,13,5,100,1.0,1.1296165175522632,1.152292376809835,1.6561407787475715,24,0.75,1.2986555063052683
server4,Llama3,ours,price,jlz-price-alpha-writer-2k,LLAMA_AE_CAP075,34,13,6,100,1.0,1.3630943606268033,1.3619026856377296,2.132096127331065,2,0.75,1.2986555063052683
server4,Llama3,ours,price,jlz-price-alpha-writer-2k,LLAMA_AE_CAP075,34,13,7,100,1.0,1.5350104052105504,1.5802006313353512,2.4154947073771185,5,0.75,1.2986555063052683
server4,Llama3,ours,price,jlz-price-alpha-writer-2k,LLAMA_AE_CAP075,34,13,8,100,1.060224712539253,1.6113417687193599,1.6821725771568925,2.77700343221279,0,0.75,1.2986555063052683
server4,Llama3,ours,price,jlz-price-alpha-writer-2k,LLAMA_AE_CAP075,34,14,4,100,1.0,1.0,1.0166422916418745,1.3577624417385767,81,0.75,1.2779800224258018
server4,Llama3,ours,price,jlz-price-alpha-writer-2k,LLAMA_AE_CAP075,34,14,5,100,1.0,1.1370036395509566,1.1679087717043561,1.7399122826767843,14,0.75,1.2779800224258018
server4,Llama3,ours,price,jlz-price-alpha-writer-2k,LLAMA_AE_CAP075,34,14,6,100,1.0,1.353525972512005,1.3847946981903088,2.1823267925562413,2,0.75,1.2779800224258018
server4,Llama3,ours,price,jlz-price-alpha-writer-2k,LLAMA_AE_CAP075,34,14,7,100,1.0,1.5669470037966766,1.5835184858356401,2.7382797370131966,2,0.75,1.2779800224258018
server4,Llama3,ours,price,jlz-price-alpha-writer-2k,LLAMA_AE_CAP075,34,14,8,100,1.0,1.5987070666998697,1.656394198617302,2.755811007059711,1,0.75,1.2779800224258018
server4,Llama3,ours,price,jlz-price-alpha-writer-2k,LLAMA_AE_CAP075,34,15,4,100,1.0,1.0,1.029900810244224,1.4292384218834266,74,0.75,1.334826608952005
server4,Llama3,ours,price,jlz-price-alpha-writer-2k,LLAMA_AE_CAP075,34,15,5,100,1.0,1.0998082809854524,1.1599239196613105,1.6461330463701105,22,0.75,1.334826608952005
server4,Llama3,ours,price,jlz-price-alpha-writer-2k,LLAMA_AE_CAP075,34,15,6,100,1.0,1.3612414269534965,1.3881152995220327,2.041367937130168,4,0.75,1.334826608952005
server4,Llama3,ours,price,jlz-price-alpha-writer-2k,LLAMA_AE_CAP075,34,15,7,100,1.0048859630719407,1.698859093375625,1.6767542651824479,2.623356218850003,0,0.75,1.334826608952005
server4,Llama3,ours,price,jlz-price-alpha-writer-2k,LLAMA_AE_CAP075,34,15,8,100,1.095554599280334,1.7391003648392198,1.7431125708317454,2.500879324560777,0,0.75,1.334826608952005
server4,Llama3,ours,price,jlz-price-alpha-writer-2k,LLAMA_AE_CAP075,34,16,4,100,1.0,1.0,1.027301415560246,1.3725657925235755,76,0.75,1.2641542840239655
server4,Llama3,ours,price,jlz-price-alpha-writer-2k,LLAMA_AE_CAP075,34,16,5,100,1.0,1.108198137218542,1.1600928383479951,1.6271535624893192,19,0.75,1.2641542840239655
server4,Llama3,ours,price,jlz-price-alpha-writer-2k,LLAMA_AE_CAP075,34,16,6,100,1.0,1.341679690001387,1.3662625962444181,2.016195224476789,3,0.75,1.2641542840239655
server4,Llama3,ours,price,jlz-price-alpha-writer-2k,LLAMA_AE_CAP075,34,16,7,100,1.0,1.5504008691900788,1.5968025974010542,2.537508440809326,1,0.75,1.2641542840239655
server4,Llama3,ours,price,jlz-price-alpha-writer-2k,LLAMA_AE_CAP075,34,16,8,100,1.0,1.5684771563703386,1.6153086552738058,2.951661766225575,1,0.75,1.2641542840239655
server4,Llama3,ours,price,jlz-price-alpha-writer-2k,LLAMA_AE_CAP075,34,17,4,100,1.0,1.0,1.0231575069402055,1.371380124186706,80,0.75,1.2775827359890881
server4,Llama3,ours,price,jlz-price-alpha-writer-2k,LLAMA_AE_CAP075,34,17,5,100,1.0,1.1335182556988928,1.1584680891842887,1.691557216306862,14,0.75,1.2775827359890881
server4,Llama3,ours,price,jlz-price-alpha-writer-2k,LLAMA_AE_CAP075,34,17,6,100,1.0,1.3133586353165245,1.3390299056604462,1.9689859718803682,4,0.75,1.2775827359890881
server4,Llama3,ours,price,jlz-price-alpha-writer-2k,LLAMA_AE_CAP075,34,17,7,100,1.0,1.5327225549098404,1.586317818757749,2.464059561054647,2,0.75,1.2775827359890881
server4,Llama3,ours,price,jlz-price-alpha-writer-2k,LLAMA_AE_CAP075,34,17,8,100,1.0201686872219229,1.5471035054031794,1.6536871471869956,2.4379299362369116,0,0.75,1.2775827359890881
server4,Llama3,ours,price,jlz-price-alpha-writer-2k,LLAMA_AE_CAP075,34,18,4,100,1.0,1.0,1.028660954247995,1.2590907169814043,73,0.75,1.2756758852124828
server4,Llama3,ours,price,jlz-price-alpha-writer-2k,LLAMA_AE_CAP075,34,18,5,100,1.0,1.1209464358079435,1.1479306495138588,1.9736382395629493,20,0.75,1.2756758852124828
server4,Llama3,ours,price,jlz-price-alpha-writer-2k,LLAMA_AE_CAP075,34,18,6,100,1.0,1.342263002585316,1.3418571352677071,2.099698087918916,3,0.75,1.2756758852124828
server4,Llama3,ours,price,jlz-price-alpha-writer-2k,LLAMA_AE_CAP075,34,18,7,100,1.0,1.5633906846706365,1.5749529366656179,2.7943787901041253,3,0.75,1.2756758852124828
server4,Llama3,ours,price,jlz-price-alpha-writer-2k,LLAMA_AE_CAP075,34,18,8,100,1.0,1.6093574471301793,1.645813607849262,2.750380436569916,1,0.75,1.2756758852124828
server4,Llama3,ours,price,jlz-price-alpha-writer-2k,LLAMA_AE_CAP075,34,19,4,100,1.0,1.0,1.0278231105158386,1.6876138714492783,75,0.75,1.2793350683541485
server4,Llama3,ours,price,jlz-price-alpha-writer-2k,LLAMA_AE_CAP075,34,19,5,100,1.0,1.160254426338863,1.1703704443398761,1.6025514268848957,18,0.75,1.2793350683541485
server4,Llama3,ours,price,jlz-price-alpha-writer-2k,LLAMA_AE_CAP075,34,19,6,100,1.0,1.3160914873894412,1.3288511069196072,1.8582891383493905,5,0.75,1.2793350683541485
server4,Llama3,ours,price,jlz-price-alpha-writer-2k,LLAMA_AE_CAP075,34,19,7,100,1.0,1.5298249883095667,1.574368671424503,2.378458564217367,2,0.75,1.2793350683541485
server4,Llama3,ours,price,jlz-price-alpha-writer-2k,LLAMA_AE_CAP075,34,19,8,100,1.002347103388621,1.6083395797086486,1.6473139754879071,2.4368368622747645,0,0.75,1.2793350683541485
server4,Llama3,ours,price,jlz-price-alpha-writer-2k,LLAMA_AE_CAP075,34,20,4,100,1.0,1.0,1.0438656213421826,1.7523478161430655,63,0.75,1.2659581585836472
server4,Llama3,ours,price,jlz-price-alpha-writer-2k,LLAMA_AE_CAP075,34,20,5,100,1.0,1.087640753535517,1.116934850995967,1.445494308467161,29,0.75,1.2659581585836472
server4,Llama3,ours,price,jlz-price-alpha-writer-2k,LLAMA_AE_CAP075,34,20,6,100,1.0,1.2635642147296773,1.290701421711138,1.9016321580542168,3,0.75,1.2659581585836472
server4,Llama3,ours,price,jlz-price-alpha-writer-2k,LLAMA_AE_CAP075,34,20,7,100,1.047650687391953,1.5063169802337188,1.5491263474993797,2.502494144752888,0,0.75,1.2659581585836472
server4,Llama3,ours,price,jlz-price-alpha-writer-2k,LLAMA_AE_CAP075,34,20,8,100,1.0,1.570999864848227,1.6279129253500086,4.0364737444728975,5,0.75,1.2659581585836472
server4,GPT-J,ours,price,jlz-price-gptj-2k,MEMIT_CAP075,37,1,3,100,1.0,1.0197201358297077,1.09839320519516,2.2755290090710254,47,0.75,1.3567113531896455
server4,GPT-J,ours,price,jlz-price-gptj-2k,MEMIT_CAP075,37,1,4,100,1.0,1.1053017811379453,1.120834336772732,1.647111316986321,28,0.75,1.3567113531896455
server4,GPT-J,ours,price,jlz-price-gptj-2k,MEMIT_CAP075,37,1,5,100,1.0,1.2464805223435715,1.2981123056978894,2.138513509908496,5,0.75,1.3567113531896455
server4,GPT-J,ours,price,jlz-price-gptj-2k,MEMIT_CAP075,37,1,6,100,1.0,1.3177636755167716,1.3592584974295836,3.3304992130433773,8,0.75,1.3567113531896455
server4,GPT-J,ours,price,jlz-price-gptj-2k,MEMIT_CAP075,37,1,7,100,1.0,1.3583887858261894,1.4757126077013398,5.086902782083745,9,0.75,1.3567113531896455
server4,GPT-J,ours,price,jlz-price-gptj-2k,MEMIT_CAP075,37,1,8,100,1.0,1.5960888825980017,1.745585772129804,6.010191154467579,3,0.75,1.3567113531896455
server4,GPT-J,ours,price,jlz-price-gptj-2k,MEMIT_CAP075,37,2,3,100,1.0,1.0543340572492248,1.1098023855318453,2.0218277385436485,33,0.75,1.2049429218708896
server4,GPT-J,ours,price,jlz-price-gptj-2k,MEMIT_CAP075,37,2,4,100,1.0,1.0794370091847134,1.14918947569299,1.9507272174326433,33,0.75,1.2049429218708896
server4,GPT-J,ours,price,jlz-price-gptj-2k,MEMIT_CAP075,37,2,5,100,1.0,1.21887027535309,1.2403674996135137,1.7407045602646762,5,0.75,1.2049429218708896
server4,GPT-J,ours,price,jlz-price-gptj-2k,MEMIT_CAP075,37,2,6,100,1.0,1.20731894257291,1.2431245301477996,2.1642970038452543,10,0.75,1.2049429218708896
server4,GPT-J,ours,price,jlz-price-gptj-2k,MEMIT_CAP075,37,2,7,100,1.0,1.2166781661728365,1.3177373917859458,2.894461763983459,9,0.75,1.2049429218708896
server4,GPT-J,ours,price,jlz-price-gptj-2k,MEMIT_CAP075,37,2,8,100,1.0,1.4231504800968113,1.4994811336351188,3.2820787818470283,10,0.75,1.2049429218708896
server4,GPT-J,ours,price,jlz-price-gptj-2k,MEMIT_CAP075,37,3,3,100,1.0,1.0248642449994927,1.0888423166987975,1.7028048643187195,44,0.75,1.271889117567952
server4,GPT-J,ours,price,jlz-price-gptj-2k,MEMIT_CAP075,37,3,4,100,1.0,1.0952995352287955,1.1257224969937554,1.6295924006061744,25,0.75,1.271889117567952
server4,GPT-J,ours,price,jlz-price-gptj-2k,MEMIT_CAP075,37,3,5,100,1.0,1.2313673464920805,1.251951997420466,1.8110831222750643,8,0.75,1.271889117567952
server4,GPT-J,ours,price,jlz-price-gptj-2k,MEMIT_CAP075,37,3,6,100,1.0,1.2608903695182612,1.3235038410297741,2.263339660350119,10,0.75,1.271889117567952
server4,GPT-J,ours,price,jlz-price-gptj-2k,MEMIT_CAP075,37,3,7,100,1.0,1.3120823790460336,1.4041151758513497,2.6466509481200724,12,0.75,1.271889117567952
server4,GPT-J,ours,price,jlz-price-gptj-2k,MEMIT_CAP075,37,3,8,100,1.0,1.5251489981611708,1.6302741518358512,3.3426799636910105,1,0.75,1.271889117567952
server4,GPT-J,ours,price,jlz-price-gptj-2k,MEMIT_CAP075,37,4,3,100,1.0,1.0,1.0700851535951177,1.5088451538890864,51,0.75,1.2506885814248587
server4,GPT-J,ours,price,jlz-price-gptj-2k,MEMIT_CAP075,37,4,4,100,1.0,1.056320738829938,1.1028256869820945,1.4922888443563418,27,0.75,1.2506885814248587
server4,GPT-J,ours,price,jlz-price-gptj-2k,MEMIT_CAP075,37,4,5,100,1.0,1.2348273279183417,1.2487275929025292,1.872669951530316,4,0.75,1.2506885814248587
server4,GPT-J,ours,price,jlz-price-gptj-2k,MEMIT_CAP075,37,4,6,100,1.0,1.240998264176914,1.286540628161004,1.9515139577991323,7,0.75,1.2506885814248587
server4,GPT-J,ours,price,jlz-price-gptj-2k,MEMIT_CAP075,37,4,7,100,1.0,1.3373223607002285,1.3858428980418056,2.2714982780664377,10,0.75,1.2506885814248587
server4,GPT-J,ours,price,jlz-price-gptj-2k,MEMIT_CAP075,37,4,8,100,1.0,1.5926689330497308,1.6416895037213168,3.735757495511727,1,0.75,1.2506885814248587
server4,GPT-J,ours,price,jlz-price-gptj-2k,MEMIT_CAP075,37,5,3,100,1.0,1.0023834685951145,1.090108555907869,2.42062661230688,50,0.75,1.2646039247295067
server4,GPT-J,ours,price,jlz-price-gptj-2k,MEMIT_CAP075,37,5,4,100,1.0,1.0776596623390473,1.1306702006443792,1.8426867813933623,21,0.75,1.2646039247295067
server4,GPT-J,ours,price,jlz-price-gptj-2k,MEMIT_CAP075,37,5,5,100,1.0,1.2270265952547772,1.2395881548885184,1.8385168375687946,7,0.75,1.2646039247295067
server4,GPT-J,ours,price,jlz-price-gptj-2k,MEMIT_CAP075,37,5,6,100,1.0,1.3026379093457263,1.3178717127262662,2.2941367674908393,5,0.75,1.2646039247295067
server4,GPT-J,ours,price,jlz-price-gptj-2k,MEMIT_CAP075,37,5,7,100,1.0,1.3420847005126864,1.4220352063525226,3.7407718241322585,13,0.75,1.2646039247295067
server4,GPT-J,ours,price,jlz-price-gptj-2k,MEMIT_CAP075,37,5,8,100,1.0,1.4776228491931445,1.6010218373846958,3.603842381418467,4,0.75,1.2646039247295067
server4,GPT-J,ours,price,jlz-price-gptj-2k,MEMIT_CAP075,37,6,3,100,1.0,1.0428326217941044,1.1061726139435268,1.6392428990703534,39,0.75,1.2620754773063343
server4,GPT-J,ours,price,jlz-price-gptj-2k,MEMIT_CAP075,37,6,4,100,1.0,1.088623519234206,1.1401791849913434,1.6959886051103714,28,0.75,1.2620754773063343
server4,GPT-J,ours,price,jlz-price-gptj-2k,MEMIT_CAP075,37,6,5,100,1.0,1.1730898243677246,1.2105871114273108,1.8724669320949254,10,0.75,1.2620754773063343
server4,GPT-J,ours,price,jlz-price-gptj-2k,MEMIT_CAP075,37,6,6,100,1.0,1.232842709078649,1.2864002607173592,1.915562568806637,7,0.75,1.2620754773063343
server4,GPT-J,ours,price,jlz-price-gptj-2k,MEMIT_CAP075,37,6,7,100,1.0,1.282001778499339,1.3533974891415537,2.4477655491806143,15,0.75,1.2620754773063343
server4,GPT-J,ours,price,jlz-price-gptj-2k,MEMIT_CAP075,37,6,8,100,1.0,1.498266028937318,1.6417466039515418,4.742922645161515,1,0.75,1.2620754773063343
server4,GPT-J,ours,price,jlz-price-gptj-2k,MEMIT_CAP075,37,7,3,100,1.0,1.0121985592695908,1.1385720451944512,5.291361706238926,48,0.75,1.2554701963376167
server4,GPT-J,ours,price,jlz-price-gptj-2k,MEMIT_CAP075,37,7,4,100,1.0,1.0973425654027094,1.133189792710729,1.780653488100079,23,0.75,1.2554701963376167
server4,GPT-J,ours,price,jlz-price-gptj-2k,MEMIT_CAP075,37,7,5,100,1.0,1.1844761968057338,1.239627548889744,2.8339930909988715,9,0.75,1.2554701963376167
server4,GPT-J,ours,price,jlz-price-gptj-2k,MEMIT_CAP075,37,7,6,100,1.0,1.2192951475852518,1.286306512311584,3.150668062613319,5,0.75,1.2554701963376167
server4,GPT-J,ours,price,jlz-price-gptj-2k,MEMIT_CAP075,37,7,7,100,1.0,1.2475489706612242,1.3513151656279279,3.906021097971292,8,0.75,1.2554701963376167
server4,GPT-J,ours,price,jlz-price-gptj-2k,MEMIT_CAP075,37,7,8,100,1.0,1.4681433276857325,1.5766813888514375,3.96386952599415,7,0.75,1.2554701963376167
server4,GPT-J,ours,price,jlz-price-gptj-2k,MEMIT_CAP075,37,8,3,100,1.0,1.0,1.0725714823109487,1.5591301383502791,60,0.75,1.3081771731259886
server4,GPT-J,ours,price,jlz-price-gptj-2k,MEMIT_CAP075,37,8,4,100,1.0,1.149838728148867,1.2017131892368376,1.6976478069676568,9,0.75,1.3081771731259886
server4,GPT-J,ours,price,jlz-price-gptj-2k,MEMIT_CAP075,37,8,5,100,1.0,1.2422677053905742,1.273392050517013,1.9939371280485216,8,0.75,1.3081771731259886
server4,GPT-J,ours,price,jlz-price-gptj-2k,MEMIT_CAP075,37,8,6,100,1.0,1.2461383583537455,1.3373472700320834,3.186564009161953,6,0.75,1.3081771731259886
server4,GPT-J,ours,price,jlz-price-gptj-2k,MEMIT_CAP075,37,8,7,100,1.0,1.291228606320915,1.3998684978608065,4.4790532145673065,11,0.75,1.3081771731259886
server4,GPT-J,ours,price,jlz-price-gptj-2k,MEMIT_CAP075,37,8,8,100,1.0,1.4250372718132858,1.6716555832113635,6.99407612573201,6,0.75,1.3081771731259886
server4,GPT-J,ours,price,jlz-price-gptj-2k,MEMIT_CAP075,37,9,3,100,1.0,1.0,1.0836122698239563,1.8495033683181252,53,0.75,1.2578768753738068
server4,GPT-J,ours,price,jlz-price-gptj-2k,MEMIT_CAP075,37,9,4,100,1.0,1.1126129918102026,1.2038885512635444,2.1522840460912356,19,0.75,1.2578768753738068
server4,GPT-J,ours,price,jlz-price-gptj-2k,MEMIT_CAP075,37,9,5,100,1.0,1.2634876352979143,1.301462350620745,2.519674671534801,4,0.75,1.2578768753738068
server4,GPT-J,ours,price,jlz-price-gptj-2k,MEMIT_CAP075,37,9,6,100,1.0,1.1603375787637904,1.2791881699694272,3.5580744071371315,9,0.75,1.2578768753738068
server4,GPT-J,ours,price,jlz-price-gptj-2k,MEMIT_CAP075,37,9,7,100,1.0,1.2201547592462543,1.327657614610571,3.54278569329607,10,0.75,1.2578768753738068
server4,GPT-J,ours,price,jlz-price-gptj-2k,MEMIT_CAP075,37,9,8,100,1.0,1.375963851880437,1.5862513547327153,5.79020481249388,5,0.75,1.2578768753738068
server4,GPT-J,ours,price,jlz-price-gptj-2k,MEMIT_CAP075,37,10,3,100,1.0,1.0064519719422105,1.145333166781344,6.845501133566188,45,0.75,1.2131299192997982
server4,GPT-J,ours,price,jlz-price-gptj-2k,MEMIT_CAP075,37,10,4,100,1.0,1.1853030086765841,1.1993826759021986,1.6674684467677936,11,0.75,1.2131299192997982
server4,GPT-J,ours,price,jlz-price-gptj-2k,MEMIT_CAP075,37,10,5,100,1.0,1.2253040306191167,1.2369256236342814,1.6962737007253816,6,0.75,1.2131299192997982
server4,GPT-J,ours,price,jlz-price-gptj-2k,MEMIT_CAP075,37,10,6,100,1.0,1.2174293579268551,1.2490896058411896,2.2820415886550225,14,0.75,1.2131299192997982
server4,GPT-J,ours,price,jlz-price-gptj-2k,MEMIT_CAP075,37,10,7,100,1.0,1.1714611628716014,1.2589610632327837,2.4688060494140105,22,0.75,1.2131299192997982
server4,GPT-J,ours,price,jlz-price-gptj-2k,MEMIT_CAP075,37,10,8,100,1.0,1.3981102949662538,1.4800881812562967,3.5130248025565907,2,0.75,1.2131299192997982
server4,GPT-J,ours,price,jlz-price-gptj-2k,MEMIT_CAP075,37,11,3,100,1.0,1.0,1.026987988600524,1.3485879617411423,83,0.75,1.854166370991794
server4,GPT-J,ours,price,jlz-price-gptj-2k,MEMIT_CAP075,37,11,4,100,1.0,1.7314547825482096,1.944189823571343,4.570078643929851,4,0.75,1.854166370991794
server4,GPT-J,ours,price,jlz-price-gptj-2k,MEMIT_CAP075,37,11,5,100,1.0,1.4611655784713895,1.8481476409938564,4.870535820788601,6,0.75,1.854166370991794
server4,GPT-J,ours,price,jlz-price-gptj-2k,MEMIT_CAP075,37,11,6,100,1.0,1.6201862441753287,2.013686395424786,5.1840538569576164,6,0.75,1.854166370991794
server4,GPT-J,ours,price,jlz-price-gptj-2k,MEMIT_CAP075,37,11,7,100,1.0,1.8295859836366481,2.1785190961743117,5.707516196664787,1,0.75,1.854166370991794
server4,GPT-J,ours,price,jlz-price-gptj-2k,MEMIT_CAP075,37,11,8,100,1.0533601744419285,1.9856323180483497,2.304318713378815,5.529374976773465,0,0.75,1.854166370991794
server4,GPT-J,ours,price,jlz-price-gptj-2k,MEMIT_CAP075,37,12,3,100,1.0,1.0,1.0413414014105766,1.9413841478555214,81,0.75,1.6294479087790437
server4,GPT-J,ours,price,jlz-price-gptj-2k,MEMIT_CAP075,37,12,4,100,1.0,1.4698863866219418,1.679429520211538,4.0717203566799345,4,0.75,1.6294479087790437
server4,GPT-J,ours,price,jlz-price-gptj-2k,MEMIT_CAP075,37,12,5,100,1.0,1.3815715321841138,1.5912705234606923,4.708899511807177,11,0.75,1.6294479087790437
server4,GPT-J,ours,price,jlz-price-gptj-2k,MEMIT_CAP075,37,12,6,100,1.0,1.539885426568842,1.7341207706883794,4.779643842269944,2,0.75,1.6294479087790437
server4,GPT-J,ours,price,jlz-price-gptj-2k,MEMIT_CAP075,37,12,7,100,1.0,1.7488616885852442,1.8681754713295586,4.4175724026863845,1,0.75,1.6294479087790437
server4,GPT-J,ours,price,jlz-price-gptj-2k,MEMIT_CAP075,37,12,8,100,1.0,1.823204162694419,2.032636752934879,4.597141980671335,1,0.75,1.6294479087790437
server4,GPT-J,ours,price,jlz-price-gptj-2k,MEMIT_CAP075,37,13,3,100,1.0,1.0,1.0538964083003313,1.7257739712354392,67,0.75,1.523748016915304
server4,GPT-J,ours,price,jlz-price-gptj-2k,MEMIT_CAP075,37,13,4,100,1.0,1.487134448886526,1.6802051385214458,3.252762689005692,3,0.75,1.523748016915304
server4,GPT-J,ours,price,jlz-price-gptj-2k,MEMIT_CAP075,37,13,5,100,1.0,1.3250509649606794,1.5111665474423175,4.309089525739021,18,0.75,1.523748016915304
server4,GPT-J,ours,price,jlz-price-gptj-2k,MEMIT_CAP075,37,13,6,100,1.0,1.4717149591071443,1.5920184500716155,3.4135905356568705,9,0.75,1.523748016915304
server4,GPT-J,ours,price,jlz-price-gptj-2k,MEMIT_CAP075,37,13,7,100,1.0,1.625030033120142,1.7382461491168653,3.42910215018173,3,0.75,1.523748016915304
server4,GPT-J,ours,price,jlz-price-gptj-2k,MEMIT_CAP075,37,13,8,100,1.0037610469481728,1.7437004997551095,1.8777893629364688,3.3323897656586245,0,0.75,1.523748016915304
server4,GPT-J,ours,price,jlz-price-gptj-2k,MEMIT_CAP075,37,14,3,100,1.0,1.0,1.0601868147251854,1.67938868953177,77,0.75,1.569979040670597
server4,GPT-J,ours,price,jlz-price-gptj-2k,MEMIT_CAP075,37,14,4,100,1.0,1.677640193543672,1.7626551302694868,4.305216600912631,1,0.75,1.569979040670597
server4,GPT-J,ours,price,jlz-price-gptj-2k,MEMIT_CAP075,37,14,5,100,1.0,1.374860901805449,1.5422600624545606,5.8088143288458625,12,0.75,1.569979040670597
server4,GPT-J,ours,price,jlz-price-gptj-2k,MEMIT_CAP075,37,14,6,100,1.0,1.480410974611957,1.674585798315867,4.990922810683351,3,0.75,1.569979040670597
server4,GPT-J,ours,price,jlz-price-gptj-2k,MEMIT_CAP075,37,14,7,100,1.0,1.5987360230543703,1.7498455026042656,4.520970424402387,4,0.75,1.569979040670597
server4,GPT-J,ours,price,jlz-price-gptj-2k,MEMIT_CAP075,37,14,8,100,1.0,1.7808117322002721,1.9198823035513144,4.939403242756105,3,0.75,1.569979040670597
server4,GPT-J,ours,price,jlz-price-gptj-2k,MEMIT_CAP075,37,15,3,100,1.0,1.0,1.0623678934092078,1.6489293332804746,68,0.75,1.318306458756334
server4,GPT-J,ours,price,jlz-price-gptj-2k,MEMIT_CAP075,37,15,4,100,1.0,1.3794281641583748,1.4672298385488187,3.3977276627735713,5,0.75,1.318306458756334
server4,GPT-J,ours,price,jlz-price-gptj-2k,MEMIT_CAP075,37,15,5,100,1.0,1.20393110105605,1.2919007360543273,3.007220402260748,19,0.75,1.318306458756334
server4,GPT-J,ours,price,jlz-price-gptj-2k,MEMIT_CAP075,37,15,6,100,1.0,1.3025854606098277,1.3955227178483882,3.0302754382620907,7,0.75,1.318306458756334
server4,GPT-J,ours,price,jlz-price-gptj-2k,MEMIT_CAP075,37,15,7,100,1.0,1.4498226009896507,1.5177129579450692,3.0105712940301395,1,0.75,1.318306458756334
server4,GPT-J,ours,price,jlz-price-gptj-2k,MEMIT_CAP075,37,15,8,100,1.0520290546330475,1.6012760863121174,1.6619488282329045,3.303911885995264,0,0.75,1.318306458756334
server4,GPT-J,ours,price,jlz-price-gptj-2k,MEMIT_CAP075,37,16,3,100,1.0,1.0,1.0717409094305688,2.107321012176132,67,0.75,1.387702601329079
server4,GPT-J,ours,price,jlz-price-gptj-2k,MEMIT_CAP075,37,16,4,100,1.0,1.421892814570377,1.49532332728039,2.853134290886609,1,0.75,1.387702601329079
server4,GPT-J,ours,price,jlz-price-gptj-2k,MEMIT_CAP075,37,16,5,100,1.0,1.1928768417597513,1.325608105596232,3.18450581420378,22,0.75,1.387702601329079
server4,GPT-J,ours,price,jlz-price-gptj-2k,MEMIT_CAP075,37,16,6,100,1.0,1.3264556759985973,1.449988293238025,3.1481681044415093,4,0.75,1.387702601329079
server4,GPT-J,ours,price,jlz-price-gptj-2k,MEMIT_CAP075,37,16,7,100,1.0,1.4600859632384398,1.5919639051921521,3.3488422193635863,5,0.75,1.387702601329079
server4,GPT-J,ours,price,jlz-price-gptj-2k,MEMIT_CAP075,37,16,8,100,1.0,1.6540498801286159,1.7722525683868031,3.273695357289555,1,0.75,1.387702601329079
server4,GPT-J,ours,price,jlz-price-gptj-2k,MEMIT_CAP100,38,1,3,100,1.0,1.0197201358297077,1.09839320519516,2.2755290090710254,47,1.0,1.3669212275474705
server4,GPT-J,ours,price,jlz-price-gptj-2k,MEMIT_CAP100,38,1,4,100,1.0,1.1053017811379453,1.120834336772732,1.647111316986321,28,1.0,1.3669212275474705
server4,GPT-J,ours,price,jlz-price-gptj-2k,MEMIT_CAP100,38,1,5,100,1.0,1.2464805223435715,1.2981123056978894,2.138513509908496,5,1.0,1.3669212275474705
server4,GPT-J,ours,price,jlz-price-gptj-2k,MEMIT_CAP100,38,1,6,100,1.0,1.3177636755167716,1.3592584974295836,3.3304992130433773,8,1.0,1.3669212275474705
server4,GPT-J,ours,price,jlz-price-gptj-2k,MEMIT_CAP100,38,1,7,100,1.0,1.3583887858261894,1.4757126077013398,5.086902782083745,9,1.0,1.3669212275474705
server4,GPT-J,ours,price,jlz-price-gptj-2k,MEMIT_CAP100,38,1,8,100,1.0,1.5960888825980017,1.745585772129804,6.010191154467579,3,1.0,1.3669212275474705
server4,GPT-J,ours,price,jlz-price-gptj-2k,MEMIT_CAP100,38,2,3,100,1.0,1.0490889820764777,1.1077276900734174,2.067584593179627,35,1.0,1.2226519868569565
server4,GPT-J,ours,price,jlz-price-gptj-2k,MEMIT_CAP100,38,2,4,100,1.0,1.073115791317628,1.1468786563254325,1.9869154804156905,33,1.0,1.2226519868569565
server4,GPT-J,ours,price,jlz-price-gptj-2k,MEMIT_CAP100,38,2,5,100,1.0,1.2261669134048963,1.2406734793487104,1.7388684540021906,5,1.0,1.2226519868569565
server4,GPT-J,ours,price,jlz-price-gptj-2k,MEMIT_CAP100,38,2,6,100,1.0,1.2201277137954794,1.2452801471417447,2.1462095504518426,9,1.0,1.2226519868569565
server4,GPT-J,ours,price,jlz-price-gptj-2k,MEMIT_CAP100,38,2,7,100,1.0,1.2220617939859184,1.3226894135814935,2.913875586526382,9,1.0,1.2226519868569565
server4,GPT-J,ours,price,jlz-price-gptj-2k,MEMIT_CAP100,38,2,8,100,1.0,1.4295924651035479,1.5060262390845196,3.2883036778685524,9,1.0,1.2226519868569565
server4,GPT-J,ours,price,jlz-price-gptj-2k,MEMIT_CAP100,38,3,3,100,1.0,1.0174169507776902,1.0858523996812837,1.681804763874598,45,1.0,1.2986529873279755
server4,GPT-J,ours,price,jlz-price-gptj-2k,MEMIT_CAP100,38,3,4,100,1.0,1.0936065972365094,1.12405626262844,1.6240328707785299,27,1.0,1.2986529873279755
server4,GPT-J,ours,price,jlz-price-gptj-2k,MEMIT_CAP100,38,3,5,100,1.0,1.2424077703769139,1.2588301584195334,1.850344666466263,9,1.0,1.2986529873279755
server4,GPT-J,ours,price,jlz-price-gptj-2k,MEMIT_CAP100,38,3,6,100,1.0,1.2606612508691004,1.3312405536786907,2.261355699107665,9,1.0,1.2986529873279755
server4,GPT-J,ours,price,jlz-price-gptj-2k,MEMIT_CAP100,38,3,7,100,1.0,1.3371062595269874,1.423651770119951,2.6493883187406486,9,1.0,1.2986529873279755
server4,GPT-J,ours,price,jlz-price-gptj-2k,MEMIT_CAP100,38,3,8,100,1.0,1.521131379172258,1.6564893224134591,3.404384538425785,1,1.0,1.2986529873279755
server4,GPT-J,ours,price,jlz-price-gptj-2k,MEMIT_CAP100,38,4,3,100,1.0,1.0,1.0652322373343817,1.5065138593392067,51,1.0,1.2977507414683351
server4,GPT-J,ours,price,jlz-price-gptj-2k,MEMIT_CAP100,38,4,4,100,1.0,1.060875482751484,1.1040888967295308,1.4757114649008765,27,1.0,1.2977507414683351
server4,GPT-J,ours,price,jlz-price-gptj-2k,MEMIT_CAP100,38,4,5,100,1.0,1.2474390828497595,1.254478127185848,1.8131688109396744,2,1.0,1.2977507414683351
server4,GPT-J,ours,price,jlz-price-gptj-2k,MEMIT_CAP100,38,4,6,100,1.0,1.261386181659176,1.3093166119518684,2.0504153273069927,5,1.0,1.2977507414683351
server4,GPT-J,ours,price,jlz-price-gptj-2k,MEMIT_CAP100,38,4,7,100,1.0,1.3725261277105476,1.419729377234433,2.9568858549948205,14,1.0,1.2977507414683351
server4,GPT-J,ours,price,jlz-price-gptj-2k,MEMIT_CAP100,38,4,8,100,1.0,1.62404199424464,1.693810383056541,5.503038100979933,1,1.0,1.2977507414683351
server4,GPT-J,ours,price,jlz-price-gptj-2k,MEMIT_CAP100,38,5,3,100,1.0,1.0001195306675679,1.0789568048779108,2.3621161869119875,50,1.0,1.3095649689499842
server4,GPT-J,ours,price,jlz-price-gptj-2k,MEMIT_CAP100,38,5,4,100,1.0,1.063938483903793,1.1301061695212782,1.772016210888584,22,1.0,1.3095649689499842
server4,GPT-J,ours,price,jlz-price-gptj-2k,MEMIT_CAP100,38,5,5,100,1.0,1.2179405395096294,1.2430589503700407,2.0336742019099043,10,1.0,1.3095649689499842
server4,GPT-J,ours,price,jlz-price-gptj-2k,MEMIT_CAP100,38,5,6,100,1.0,1.27921760406122,1.305871938391895,2.2454283538403175,7,1.0,1.3095649689499842
server4,GPT-J,ours,price,jlz-price-gptj-2k,MEMIT_CAP100,38,5,7,100,1.0,1.3711696761938392,1.4351892073419932,3.105190751860004,9,1.0,1.3095649689499842
server4,GPT-J,ours,price,jlz-price-gptj-2k,MEMIT_CAP100,38,5,8,100,1.0,1.57842313369753,1.663845097704917,3.5072948604611387,2,1.0,1.3095649689499842
server4,GPT-J,ours,price,jlz-price-gptj-2k,MEMIT_CAP100,38,6,3,100,1.0,1.025932156483418,1.085695716764716,1.482102490662299,46,1.0,1.3358667110445386
server4,GPT-J,ours,price,jlz-price-gptj-2k,MEMIT_CAP100,38,6,4,100,1.0,1.101723856355314,1.1559922486569685,2.0169314892139494,18,1.0,1.3358667110445386
server4,GPT-J,ours,price,jlz-price-gptj-2k,MEMIT_CAP100,38,6,5,100,1.0,1.1991533877670086,1.2280395640129083,2.386317429503758,10,1.0,1.3358667110445386
server4,GPT-J,ours,price,jlz-price-gptj-2k,MEMIT_CAP100,38,6,6,100,1.0,1.2498117748090736,1.3036384501619087,3.31953302577186,9,1.0,1.3358667110445386
server4,GPT-J,ours,price,jlz-price-gptj-2k,MEMIT_CAP100,38,6,7,100,1.0,1.2901678809028616,1.3840029296982115,5.369091059249783,16,1.0,1.3358667110445386
server4,GPT-J,ours,price,jlz-price-gptj-2k,MEMIT_CAP100,38,6,8,100,1.0,1.535461782311689,1.7212137776062553,12.879446359459296,1,1.0,1.3358667110445386
server4,GPT-J,ours,price,jlz-price-gptj-2k,MEMIT_CAP100,38,7,3,100,1.0,1.0039190862354506,1.128078178380094,5.3602319775539735,49,1.0,1.2906115557389224
server4,GPT-J,ours,price,jlz-price-gptj-2k,MEMIT_CAP100,38,7,4,100,1.0,1.1090181592987123,1.156425436345601,1.8830004615116676,25,1.0,1.2906115557389224
server4,GPT-J,ours,price,jlz-price-gptj-2k,MEMIT_CAP100,38,7,5,100,1.0,1.1711757434347614,1.2523522354912582,2.8256163125777127,7,1.0,1.2906115557389224
server4,GPT-J,ours,price,jlz-price-gptj-2k,MEMIT_CAP100,38,7,6,100,1.0,1.1944255019948957,1.2838530734508193,3.370201556777519,7,1.0,1.2906115557389224
server4,GPT-J,ours,price,jlz-price-gptj-2k,MEMIT_CAP100,38,7,7,100,1.0,1.300699130889792,1.3898262386856357,3.902494292741981,7,1.0,1.2906115557389224
server4,GPT-J,ours,price,jlz-price-gptj-2k,MEMIT_CAP100,38,7,8,100,1.0,1.5297282258445115,1.611212908377505,4.008794510584184,5,1.0,1.2906115557389224
server4,GPT-J,ours,price,jlz-price-gptj-2k,MEMIT_CAP100,38,8,3,100,1.0,1.0254311570730152,1.0920157532741557,1.6060162792883423,47,1.0,1.2909813516233504
server4,GPT-J,ours,price,jlz-price-gptj-2k,MEMIT_CAP100,38,8,4,100,1.0,1.1559843251616333,1.189731374422321,1.5509940104331497,14,1.0,1.2909813516233504
server4,GPT-J,ours,price,jlz-price-gptj-2k,MEMIT_CAP100,38,8,5,100,1.0,1.1148941644711976,1.171327959920074,1.7457539680854095,18,1.0,1.2909813516233504
server4,GPT-J,ours,price,jlz-price-gptj-2k,MEMIT_CAP100,38,8,6,100,1.0,1.172954252407772,1.2315410299969436,2.350372271398354,10,1.0,1.2909813516233504
server4,GPT-J,ours,price,jlz-price-gptj-2k,MEMIT_CAP100,38,8,7,100,1.0,1.3102053035929915,1.3602139404687466,2.3301766803844624,10,1.0,1.2909813516233504
server4,GPT-J,ours,price,jlz-price-gptj-2k,MEMIT_CAP100,38,8,8,100,1.0,1.6113557420934255,1.678155822692068,3.968695139493121,1,1.0,1.2909813516233504
server4,GPT-J,ours,price,jlz-price-gptj-2k,MEMIT_CAP100,38,9,3,100,1.0,1.0128689812848894,1.095552163958473,1.625038237033533,49,1.0,1.2775879510942258
server4,GPT-J,ours,price,jlz-price-gptj-2k,MEMIT_CAP100,38,9,4,100,1.0,1.1238558844698363,1.1979567542045277,2.105214520450625,17,1.0,1.2775879510942258
server4,GPT-J,ours,price,jlz-price-gptj-2k,MEMIT_CAP100,38,9,5,100,1.0,1.164808009055006,1.2100770698978245,1.9266966269864894,13,1.0,1.2775879510942258
server4,GPT-J,ours,price,jlz-price-gptj-2k,MEMIT_CAP100,38,9,6,100,1.0,1.1436929929587534,1.2051608324946694,2.0086928156452273,17,1.0,1.2775879510942258
server4,GPT-J,ours,price,jlz-price-gptj-2k,MEMIT_CAP100,38,9,7,100,1.0,1.326838821637688,1.363766194079535,2.159199020919028,4,1.0,1.2775879510942258
server4,GPT-J,ours,price,jlz-price-gptj-2k,MEMIT_CAP100,38,9,8,100,1.007686097240892,1.5792518159289783,1.6310927100520587,2.8829978120368036,0,1.0,1.2775879510942258
server4,GPT-J,ours,price,jlz-price-gptj-2k,MEMIT_CAP100,38,10,3,100,1.0,1.0181114440035386,1.1606294534970285,8.276243547490543,47,1.0,1.2883831424017511
server4,GPT-J,ours,price,jlz-price-gptj-2k,MEMIT_CAP100,38,10,4,100,1.0,1.1662844221472384,1.200838330351591,1.6789719741647182,6,1.0,1.2883831424017511
server4,GPT-J,ours,price,jlz-price-gptj-2k,MEMIT_CAP100,38,10,5,100,1.0,1.1303915372428996,1.1587047487567195,1.9520796893337091,15,1.0,1.2883831424017511
server4,GPT-J,ours,price,jlz-price-gptj-2k,MEMIT_CAP100,38,10,6,100,1.0,1.1688574800848162,1.2069804573059246,2.2475823229174563,24,1.0,1.2883831424017511
server4,GPT-J,ours,price,jlz-price-gptj-2k,MEMIT_CAP100,38,10,7,100,1.0,1.2553000656698274,1.28737743475375,2.3876442772080098,7,1.0,1.2883831424017511
server4,GPT-J,ours,price,jlz-price-gptj-2k,MEMIT_CAP100,38,10,8,100,1.0,1.4784075975108748,1.583562362161721,3.5910388584214683,1,1.0,1.2883831424017511
server4,GPT-J,ours,price,jlz-price-gptj-2k,MEMIT_CAP100,38,11,3,100,1.0,1.0,1.0141118321811025,1.2469228932433485,87,1.0,1.8884790054072056
server4,GPT-J,ours,price,jlz-price-gptj-2k,MEMIT_CAP100,38,11,4,100,1.0,1.7647121368446532,2.062170460360802,5.642885209923556,3,1.0,1.8884790054072056
server4,GPT-J,ours,price,jlz-price-gptj-2k,MEMIT_CAP100,38,11,5,100,1.0,1.6613295690554235,1.918311020474503,5.116575026414879,5,1.0,1.8884790054072056
server4,GPT-J,ours,price,jlz-price-gptj-2k,MEMIT_CAP100,38,11,6,100,1.0,1.7391815060201696,1.9527433593132253,5.2833807348080315,4,1.0,1.8884790054072056
server4,GPT-J,ours,price,jlz-price-gptj-2k,MEMIT_CAP100,38,11,7,100,1.0,1.9397102667566597,2.1010741006028875,5.095832180968628,1,1.0,1.8884790054072056
server4,GPT-J,ours,price,jlz-price-gptj-2k,MEMIT_CAP100,38,11,8,100,1.135766254592902,2.1384443770387707,2.3230758839670127,5.938024859119112,0,1.0,1.8884790054072056
server4,GPT-J,ours,price,jlz-price-gptj-2k,MEMIT_CAP100,38,12,3,100,1.0,1.0,1.0331609783916844,1.4714523803914137,83,1.0,1.6765764734586357
server4,GPT-J,ours,price,jlz-price-gptj-2k,MEMIT_CAP100,38,12,4,100,1.0,1.4907144730443016,1.7345567727185107,3.79023517639069,2,1.0,1.6765764734586357
server4,GPT-J,ours,price,jlz-price-gptj-2k,MEMIT_CAP100,38,12,5,100,1.0,1.3916040184501273,1.6700699047790017,4.785314430474521,9,1.0,1.6765764734586357
server4,GPT-J,ours,price,jlz-price-gptj-2k,MEMIT_CAP100,38,12,6,100,1.0,1.5483172675953227,1.7338785430605756,4.439577977777981,4,1.0,1.6765764734586357
server4,GPT-J,ours,price,jlz-price-gptj-2k,MEMIT_CAP100,38,12,7,100,1.0,1.7247854928956554,1.9179847870821163,4.462022111795407,1,1.0,1.6765764734586357
server4,GPT-J,ours,price,jlz-price-gptj-2k,MEMIT_CAP100,38,12,8,100,1.0,1.9299254799201135,2.1015311017807794,4.787307039982995,1,1.0,1.6765764734586357
server4,GPT-J,ours,price,jlz-price-gptj-2k,MEMIT_CAP100,38,13,3,100,1.0,1.0,1.0378386095927068,1.810094274244968,80,1.0,1.5390664480592093
server4,GPT-J,ours,price,jlz-price-gptj-2k,MEMIT_CAP100,38,13,4,100,1.0,1.5450220199342932,1.6501396593638915,3.0694473825676125,7,1.0,1.5390664480592093
server4,GPT-J,ours,price,jlz-price-gptj-2k,MEMIT_CAP100,38,13,5,100,1.0,1.3152014918112669,1.5602172888336518,3.7501664818157048,6,1.0,1.5390664480592093
server4,GPT-J,ours,price,jlz-price-gptj-2k,MEMIT_CAP100,38,13,6,100,1.0,1.449689660258536,1.564857889168371,3.8076635504312115,6,1.0,1.5390664480592093
server4,GPT-J,ours,price,jlz-price-gptj-2k,MEMIT_CAP100,38,13,7,100,1.0223370153207663,1.6529244308428936,1.749974492690039,3.738251232018129,0,1.0,1.5390664480592093
server4,GPT-J,ours,price,jlz-price-gptj-2k,MEMIT_CAP100,38,13,8,100,1.0,1.8387626742168468,1.9402718109680646,4.150573724750108,1,1.0,1.5390664480592093
server4,GPT-J,ours,price,jlz-price-gptj-2k,MEMIT_CAP100,38,14,3,100,1.0,1.0,1.056307161934757,1.5663527445062582,73,1.0,1.5206980683979487
server4,GPT-J,ours,price,jlz-price-gptj-2k,MEMIT_CAP100,38,14,4,100,1.0,1.567184974401846,1.7403330201501876,4.139206128126732,4,1.0,1.5206980683979487
server4,GPT-J,ours,price,jlz-price-gptj-2k,MEMIT_CAP100,38,14,5,100,1.0,1.365327081276123,1.5226515107653689,3.8850481587562737,12,1.0,1.5206980683979487
server4,GPT-J,ours,price,jlz-price-gptj-2k,MEMIT_CAP100,38,14,6,100,1.0,1.3533771738166784,1.5238860464089625,3.589134811389672,5,1.0,1.5206980683979487
server4,GPT-J,ours,price,jlz-price-gptj-2k,MEMIT_CAP100,38,14,7,100,1.0,1.5968445621595064,1.6728879402091572,3.4126025108537528,6,1.0,1.5206980683979487
server4,GPT-J,ours,price,jlz-price-gptj-2k,MEMIT_CAP100,38,14,8,100,1.0219454021198198,1.7317769407489703,1.853531461239922,3.4867304865513,0,1.0,1.5206980683979487
server4,GPT-J,ours,price,jlz-price-gptj-2k,MEMIT_CAP100,38,15,3,100,1.0,1.0,1.0439103495162754,1.5539922974556337,67,1.0,1.3967523725480475
server4,GPT-J,ours,price,jlz-price-gptj-2k,MEMIT_CAP100,38,15,4,100,1.0,1.3228063980723161,1.3593749054377404,2.4282675954507766,11,1.0,1.3967523725480475
server4,GPT-J,ours,price,jlz-price-gptj-2k,MEMIT_CAP100,38,15,5,100,1.0,1.2327644163474396,1.2949627119051446,2.3945331536645953,7,1.0,1.3967523725480475
server4,GPT-J,ours,price,jlz-price-gptj-2k,MEMIT_CAP100,38,15,6,100,1.0,1.3418174233294695,1.3674275631720734,2.3629227617803483,14,1.0,1.3967523725480475
server4,GPT-J,ours,price,jlz-price-gptj-2k,MEMIT_CAP100,38,15,7,100,1.0,1.50930084824228,1.5799219139560712,2.64821595924178,1,1.0,1.3967523725480475
server4,GPT-J,ours,price,jlz-price-gptj-2k,MEMIT_CAP100,38,15,8,100,1.105451727336254,1.797233830871991,1.80030336131718,2.8479010041307538,0,1.0,1.3967523725480475
server4,GPT-J,ours,price,jlz-price-gptj-2k,MEMIT_CAP100,38,16,3,100,1.0,1.0,1.0822218314071417,1.888335399275716,61,1.0,1.4242199033683514
server4,GPT-J,ours,price,jlz-price-gptj-2k,MEMIT_CAP100,38,16,4,100,1.0,1.4845070696121572,1.630688476308896,3.4909099692386696,2,1.0,1.4242199033683514
server4,GPT-J,ours,price,jlz-price-gptj-2k,MEMIT_CAP100,38,16,5,100,1.0,1.1768097159666202,1.3727675047868424,3.2917285394584854,21,1.0,1.4242199033683514
server4,GPT-J,ours,price,jlz-price-gptj-2k,MEMIT_CAP100,38,16,6,100,1.0,1.2416914493581774,1.418142090286635,3.537001044056602,12,1.0,1.4242199033683514
server4,GPT-J,ours,price,jlz-price-gptj-2k,MEMIT_CAP100,38,16,7,100,1.0,1.4848754121190924,1.5777041024262546,3.2181169291526213,4,1.0,1.4242199033683514
server4,GPT-J,ours,price,jlz-price-gptj-2k,MEMIT_CAP100,38,16,8,100,1.0350324732169394,1.6986447826482667,1.7547729474431775,3.3875184303812285,0,1.0,1.4242199033683514
server4,GPT-J,ours,price,jlz-price-gptj-2k,ALPHA_CAP075,40,1,3,100,1.0,1.0311220303591975,1.1233080444203396,2.5060428240515162,40,0.75,1.3448147020368704
server4,GPT-J,ours,price,jlz-price-gptj-2k,ALPHA_CAP075,40,1,4,100,1.0,1.0556609236419696,1.114937795022867,1.5029231471840379,33,0.75,1.3448147020368704
server4,GPT-J,ours,price,jlz-price-gptj-2k,ALPHA_CAP075,40,1,5,100,1.0,1.214884949350035,1.2496777558987164,1.9648568419773653,14,0.75,1.3448147020368704
server4,GPT-J,ours,price,jlz-price-gptj-2k,ALPHA_CAP075,40,1,6,100,1.0,1.294268191653802,1.3746613639274237,3.4062595401379494,6,0.75,1.3448147020368704
server4,GPT-J,ours,price,jlz-price-gptj-2k,ALPHA_CAP075,40,1,7,100,1.0,1.385049345210287,1.510718819851442,4.7572777405785045,5,0.75,1.3448147020368704
server4,GPT-J,ours,price,jlz-price-gptj-2k,ALPHA_CAP075,40,1,8,100,1.0,1.5340255576486665,1.710842422061486,5.655643470210343,2,0.75,1.3448147020368704
server4,GPT-J,ours,price,jlz-price-gptj-2k,ALPHA_CAP075,40,2,3,100,1.0,1.0426076971675742,1.1241890874509763,2.8931526747234164,42,0.75,1.257933830520955
server4,GPT-J,ours,price,jlz-price-gptj-2k,ALPHA_CAP075,40,2,4,100,1.0,1.1219593472448963,1.1482724062918233,1.942942351879079,27,0.75,1.257933830520955
server4,GPT-J,ours,price,jlz-price-gptj-2k,ALPHA_CAP075,40,2,5,100,1.0,1.2062512639898584,1.2349663473893844,1.8915638970077369,7,0.75,1.257933830520955
server4,GPT-J,ours,price,jlz-price-gptj-2k,ALPHA_CAP075,40,2,6,100,1.0,1.2377402549526446,1.2994687487969856,2.2032046798514413,3,0.75,1.257933830520955
server4,GPT-J,ours,price,jlz-price-gptj-2k,ALPHA_CAP075,40,2,7,100,1.0,1.3134807804027608,1.3965259583879222,2.9463924961982793,8,0.75,1.257933830520955
server4,GPT-J,ours,price,jlz-price-gptj-2k,ALPHA_CAP075,40,2,8,100,1.0,1.4001341085135532,1.5500308275729366,3.4720568477860385,13,0.75,1.257933830520955
server4,GPT-J,ours,price,jlz-price-gptj-2k,ALPHA_CAP075,40,3,3,100,1.0,1.0223167743370136,1.1233564684775081,1.795508003365712,47,0.75,1.30941015454419
server4,GPT-J,ours,price,jlz-price-gptj-2k,ALPHA_CAP075,40,3,4,100,1.0,1.1154394660769809,1.149093227382145,1.6688262267229599,24,0.75,1.30941015454419
server4,GPT-J,ours,price,jlz-price-gptj-2k,ALPHA_CAP075,40,3,5,100,1.0,1.2303626846614015,1.25727292000609,1.9448987443864867,9,0.75,1.30941015454419
server4,GPT-J,ours,price,jlz-price-gptj-2k,ALPHA_CAP075,40,3,6,100,1.0,1.2853586547413511,1.349075655022542,2.328566704962511,10,0.75,1.30941015454419
server4,GPT-J,ours,price,jlz-price-gptj-2k,ALPHA_CAP075,40,3,7,100,1.0,1.361743913061574,1.4621311045929495,3.0624273799142157,6,0.75,1.30941015454419
server4,GPT-J,ours,price,jlz-price-gptj-2k,ALPHA_CAP075,40,3,8,100,1.0,1.4876942080295337,1.6431809406209665,3.4904302574287476,4,0.75,1.30941015454419
server4,GPT-J,ours,price,jlz-price-gptj-2k,ALPHA_CAP075,40,4,3,100,1.0,1.0268100598276027,1.1078538639887106,1.728601340937568,40,0.75,1.7353314906838349
server4,GPT-J,ours,price,jlz-price-gptj-2k,ALPHA_CAP075,40,4,4,100,1.0,1.073664393705542,1.1182129315932159,1.721585035786068,34,0.75,1.7353314906838349
server4,GPT-J,ours,price,jlz-price-gptj-2k,ALPHA_CAP075,40,4,5,100,1.0,1.2556954212012352,1.2982075216624833,2.8244556534495517,7,0.75,1.7353314906838349
server4,GPT-J,ours,price,jlz-price-gptj-2k,ALPHA_CAP075,40,4,6,100,1.0,1.3250816808606911,1.4619822332516592,6.732650779953756,7,0.75,1.7353314906838349
server4,GPT-J,ours,price,jlz-price-gptj-2k,ALPHA_CAP075,40,4,7,100,1.0,1.4415679941807877,1.7935049653786765,17.423067523017544,6,0.75,1.7353314906838349
server4,GPT-J,ours,price,jlz-price-gptj-2k,ALPHA_CAP075,40,4,8,100,1.0,1.637888569780494,2.246234541061078,25.70331384660944,6,0.75,1.7353314906838349
server4,GPT-J,ours,price,jlz-price-gptj-2k,ALPHA_CAP075,40,5,3,100,1.0,1.0161013483776142,1.1113545574510042,1.6568914704054338,44,0.75,1.4484543896747912
server4,GPT-J,ours,price,jlz-price-gptj-2k,ALPHA_CAP075,40,5,4,100,1.0,1.1366770015286098,1.1696991048980354,1.8065604737878949,21,0.75,1.4484543896747912
server4,GPT-J,ours,price,jlz-price-gptj-2k,ALPHA_CAP075,40,5,5,100,1.0,1.2464676430850765,1.2806577811219146,1.9366353308011206,14,0.75,1.4484543896747912
server4,GPT-J,ours,price,jlz-price-gptj-2k,ALPHA_CAP075,40,5,6,100,1.0,1.3175003539310692,1.420476994293378,2.895827284872227,14,0.75,1.4484543896747912
server4,GPT-J,ours,price,jlz-price-gptj-2k,ALPHA_CAP075,40,5,7,100,1.0,1.4163625016702297,1.5755279907120894,4.396804175381642,5,0.75,1.4484543896747912
server4,GPT-J,ours,price,jlz-price-gptj-2k,ALPHA_CAP075,40,5,8,100,1.0,1.5660619231261066,1.8688331042400865,7.304401710210615,2,0.75,1.4484543896747912
server4,GPT-J,ours,price,jlz-price-gptj-2k,ALPHA_CAP075,40,6,3,100,1.0,1.0131949278490802,1.1263364202668538,1.9778427895044886,47,0.75,1.7443495549540315
server4,GPT-J,ours,price,jlz-price-gptj-2k,ALPHA_CAP075,40,6,4,100,1.0,1.1690295242265267,1.2191565836987117,2.180157656856677,25,0.75,1.7443495549540315
server4,GPT-J,ours,price,jlz-price-gptj-2k,ALPHA_CAP075,40,6,5,100,1.0,1.2594453461395592,1.3238005250494143,4.573436308666476,10,0.75,1.7443495549540315
server4,GPT-J,ours,price,jlz-price-gptj-2k,ALPHA_CAP075,40,6,6,100,1.0,1.3405024632462017,1.5560439516074893,14.99230107555666,8,0.75,1.7443495549540315
server4,GPT-J,ours,price,jlz-price-gptj-2k,ALPHA_CAP075,40,6,7,100,1.0,1.4401629466422945,1.8602268731135652,31.868769924657343,6,0.75,1.7443495549540315
server4,GPT-J,ours,price,jlz-price-gptj-2k,ALPHA_CAP075,40,6,8,100,1.0,1.568702827754803,2.208801766370714,43.11954757362703,4,0.75,1.7443495549540315
server4,GPT-J,ours,price,jlz-price-gptj-2k,ALPHA_CAP075,40,7,3,100,1.0,1.0474830279570944,1.1561779686842648,2.064861825180644,48,0.75,1.892862285449632
server4,GPT-J,ours,price,jlz-price-gptj-2k,ALPHA_CAP075,40,7,4,100,1.0,1.2106346087829438,1.2600360421646355,2.2553352591384996,21,0.75,1.892862285449632
server4,GPT-J,ours,price,jlz-price-gptj-2k,ALPHA_CAP075,40,7,5,100,1.0,1.3144084098272741,1.3918446353472382,2.9639826578960173,8,0.75,1.892862285449632
server4,GPT-J,ours,price,jlz-price-gptj-2k,ALPHA_CAP075,40,7,6,100,1.0,1.2897861886111186,1.5584634995196942,4.969375513661855,8,0.75,1.892862285449632
server4,GPT-J,ours,price,jlz-price-gptj-2k,ALPHA_CAP075,40,7,7,100,1.0,1.4120687353514745,1.8933565467168525,13.27948858727733,10,0.75,1.892862285449632
server4,GPT-J,ours,price,jlz-price-gptj-2k,ALPHA_CAP075,40,7,8,100,1.0,1.5654446030164402,2.378028909507788,23.877965948110326,5,0.75,1.892862285449632
server4,GPT-J,ours,price,jlz-price-gptj-2k,ALPHA_CAP075,40,8,3,100,1.0,1.0032431995905586,1.1373472520089731,1.9764732007109231,50,0.75,3.0874167406006983
server4,GPT-J,ours,price,jlz-price-gptj-2k,ALPHA_CAP075,40,8,4,100,1.0,1.2058638032136253,1.3513098577415619,3.757877693789955,17,0.75,3.0874167406006983
server4,GPT-J,ours,price,jlz-price-gptj-2k,ALPHA_CAP075,40,8,5,100,1.0,1.3049657174607494,1.6506407232250644,8.025596075322186,11,0.75,3.0874167406006983
server4,GPT-J,ours,price,jlz-price-gptj-2k,ALPHA_CAP075,40,8,6,100,1.0,1.2920193586344015,1.9550737635073203,14.873700746836608,11,0.75,3.0874167406006983
server4,GPT-J,ours,price,jlz-price-gptj-2k,ALPHA_CAP075,40,8,7,100,1.0,1.4788814552649567,2.6815818054459855,19.316072247568176,8,0.75,3.0874167406006983
server4,GPT-J,ours,price,jlz-price-gptj-2k,ALPHA_CAP075,40,8,8,100,1.0,1.5702633526974052,4.002788678538408,30.144992779742665,3,0.75,3.0874167406006983
server4,GPT-J,ours,price,jlz-price-gptj-2k,ALPHA_CAP075,40,9,3,100,1.0,1.0122264094305344,1.1692260952878548,2.3371839738682225,48,0.75,3.3025621946599553
server4,GPT-J,ours,price,jlz-price-gptj-2k,ALPHA_CAP075,40,9,4,100,1.0,1.1828545927973346,1.2820143426539397,2.341457320061304,20,0.75,3.3025621946599553
server4,GPT-J,ours,price,jlz-price-gptj-2k,ALPHA_CAP075,40,9,5,100,1.0,1.2609357694313696,1.5294628335576472,11.303884425412674,11,0.75,3.3025621946599553
server4,GPT-J,ours,price,jlz-price-gptj-2k,ALPHA_CAP075,40,9,6,100,1.0,1.3956488549855173,1.858425830984041,14.228492709900626,12,0.75,3.3025621946599553
server4,GPT-J,ours,price,jlz-price-gptj-2k,ALPHA_CAP075,40,9,7,100,1.0,1.5289983115889587,2.762069645333826,23.25978190944197,5,0.75,3.3025621946599553
server4,GPT-J,ours,price,jlz-price-gptj-2k,ALPHA_CAP075,40,9,8,100,1.0,1.7517544945129728,4.275003824693316,32.71937333479217,4,0.75,3.3025621946599553
server4,GPT-J,ours,price,jlz-price-gptj-2k,ALPHA_CAP075,40,10,3,100,1.0,1.081146110085602,1.1672356604080174,2.4908825733716,41,0.75,2.3414736430843592
server4,GPT-J,ours,price,jlz-price-gptj-2k,ALPHA_CAP075,40,10,4,100,1.0,1.2352482062992411,1.3041100349590848,2.60741531539076,17,0.75,2.3414736430843592
server4,GPT-J,ours,price,jlz-price-gptj-2k,ALPHA_CAP075,40,10,5,100,1.0,1.223705235632072,1.385755901181096,3.304549970501757,16,0.75,2.3414736430843592
server4,GPT-J,ours,price,jlz-price-gptj-2k,ALPHA_CAP075,40,10,6,100,1.0,1.364246573566073,1.5992774336306297,6.440477224434743,7,0.75,2.3414736430843592
server4,GPT-J,ours,price,jlz-price-gptj-2k,ALPHA_CAP075,40,10,7,100,1.0,1.4923633402878203,2.0299412811002626,11.236732472143592,16,0.75,2.3414736430843592
server4,GPT-J,ours,price,jlz-price-gptj-2k,ALPHA_CAP075,40,10,8,100,1.0,1.6222348456160482,2.972159423208054,22.541613332839134,3,0.75,2.3414736430843592
server4,GPT-J,ours,price,jlz-price-gptj-2k,ALPHA_CAP075,40,11,3,100,1.0,1.0,1.153411076368123,2.4440467122963554,55,0.75,3.07229198719914
server4,GPT-J,ours,price,jlz-price-gptj-2k,ALPHA_CAP075,40,11,4,100,1.0,1.2955653941211365,1.3770334141624536,3.1614290155969313,11,0.75,3.07229198719914
server4,GPT-J,ours,price,jlz-price-gptj-2k,ALPHA_CAP075,40,11,5,100,1.0,1.2968019996106397,1.4397684044654024,4.613281264660822,8,0.75,3.07229198719914
server4,GPT-J,ours,price,jlz-price-gptj-2k,ALPHA_CAP075,40,11,6,100,1.0,1.3843227923383798,1.8217915901055628,17.84419107369028,12,0.75,3.07229198719914
server4,GPT-J,ours,price,jlz-price-gptj-2k,ALPHA_CAP075,40,11,7,100,1.0,1.4799462294542778,2.538675197755632,34.15026795807744,11,0.75,3.07229198719914
server4,GPT-J,ours,price,jlz-price-gptj-2k,ALPHA_CAP075,40,11,8,100,1.0,1.6276940534777897,3.934771602965028,34.627878612447745,3,0.75,3.07229198719914
server4,GPT-J,ours,price,jlz-price-gptj-2k,ALPHA_CAP075,40,12,3,100,1.0,1.0121699723566546,1.1344242653706713,1.74959636140561,48,0.75,2.2363740552178597
server4,GPT-J,ours,price,jlz-price-gptj-2k,ALPHA_CAP075,40,12,4,100,1.0,1.250442917141601,1.3242058629688749,2.7219231299754676,19,0.75,2.2363740552178597
server4,GPT-J,ours,price,jlz-price-gptj-2k,ALPHA_CAP075,40,12,5,100,1.0,1.2695524552652042,1.4175484637505824,4.303116255733656,13,0.75,2.2363740552178597
server4,GPT-J,ours,price,jlz-price-gptj-2k,ALPHA_CAP075,40,12,6,100,1.0,1.4123845593351454,1.6359805244163745,6.502520318764701,9,0.75,2.2363740552178597
server4,GPT-J,ours,price,jlz-price-gptj-2k,ALPHA_CAP075,40,12,7,100,1.0,1.5083209542341898,2.0011858769479476,12.289433174626794,3,0.75,2.2363740552178597
server4,GPT-J,ours,price,jlz-price-gptj-2k,ALPHA_CAP075,40,12,8,100,1.0,1.6589904984715824,2.809448861290803,20.22838608495982,8,0.75,2.2363740552178597
server4,Qwen,ours,cancelled_preserved,jlz-price-cap-base-repair-2k,QWEN_CAP075,43,1,4,100,1.0,1.124121032223754,1.3565213049740201,4.285845429612873,42,0.75,1.6919477171721486
server4,Qwen,ours,cancelled_preserved,jlz-price-cap-base-repair-2k,QWEN_CAP075,43,1,5,100,1.0,1.1848312603018967,1.6360518341030688,8.831816551533034,34,0.75,1.6919477171721486
server4,Qwen,ours,cancelled_preserved,jlz-price-cap-base-repair-2k,QWEN_CAP075,43,1,6,100,1.0,1.6166056591536773,1.8742081789557004,5.84517760996171,2,0.75,1.6919477171721486
server4,Qwen,ours,cancelled_preserved,jlz-price-cap-base-repair-2k,QWEN_CAP075,43,1,7,100,1.0,1.4255486264266066,1.6740846529684292,5.9977266031343985,9,0.75,1.6919477171721486
server4,Qwen,ours,cancelled_preserved,jlz-price-cap-base-repair-2k,QWEN_CAP075,43,1,8,100,1.0,1.4433476640342593,1.7219868011847528,5.291349232224166,13,0.75,1.6919477171721486
server4,Qwen,ours,cancelled_preserved,jlz-price-cap-base-repair-2k,QWEN_CAP075,43,2,4,100,1.0,1.1948876028198385,1.4412419476240728,5.8933505810566515,34,0.75,1.5395316019893253
server4,Qwen,ours,cancelled_preserved,jlz-price-cap-base-repair-2k,QWEN_CAP075,43,2,5,100,1.0,1.212208135699207,1.3775556081972793,3.626181383324964,32,0.75,1.5395316019893253
server4,Qwen,ours,cancelled_preserved,jlz-price-cap-base-repair-2k,QWEN_CAP075,43,2,6,100,1.0,1.4919908129354407,1.7026646567250006,4.865964394999986,4,0.75,1.5395316019893253
server4,Qwen,ours,cancelled_preserved,jlz-price-cap-base-repair-2k,QWEN_CAP075,43,2,7,100,1.0,1.3968523788078848,1.5329258579681357,5.2401951786874115,19,0.75,1.5395316019893253
server4,Qwen,ours,cancelled_preserved,jlz-price-cap-base-repair-2k,QWEN_CAP075,43,2,8,100,1.0,1.4808784288710557,1.6179186699493153,4.436868224521713,11,0.75,1.5395316019893253
