identity,case_id,prompt_index,before_success,after_success,lost,gained,new_nll_delta,true_nll_delta,desired_margin_delta
46465971ba49b73b13cdee5b23712d370b0946756596f5d426044636e6967d36,16186,0,True,True,False,False,0.0,0.0,0.0
c6945038aa07fee1af77f25ed237680cae8228b03b14e5bcb70c7e437f898f5f,16186,1,True,True,False,False,0.0,0.0,0.0
853b09610a71029b243d039d48aa9f85f5e3e09878f3a4ec9c73fe0566fe40ab,16186,2,True,True,False,False,0.0,0.0,0.0
e3d31a4d26aa33fc6fd847993ac4389a9e771341c8f9c61d835a7dec3666b8ee,16186,3,False,False,False,False,0.0,0.0,0.0
bd2dee3cd824b79f1794340204be2d9996d696ab58ffcdf1cf015d70661dd802,16186,4,True,True,False,False,0.0,0.0,0.0
208796cced86af3bc8df7d503285f233b714a52b9ab245d5360bed5de123ec42,16186,5,False,False,False,False,0.0,0.0,0.0
9b6ea41ae7a72dcfafd726bac575240ac4ac54ac3d3f2ccc0b7dc6e56ac84dc6,16186,6,True,True,False,False,0.0,0.0,0.0
7b2604f285a9206db52efeeb0c64903f4cfe71a0c1f176273d8af043d617f18c,16186,7,True,True,False,False,0.0,0.0,0.0
cf471eec2c6aa472478291813696509d3609f08a0daa9362f2feae330e4ceae2,16186,8,True,True,False,False,0.0,0.0,0.0
c30ae09ae6da836e8e9bf9f8916a022390b155937ba9aec1333e9d28d4511016,16186,9,True,True,False,False,0.0,0.0,0.0
216dab1e3cef7ab224e40de71bbbf490fe36afb8f2bb740ecb54bd234d5903ba,3743,0,True,True,False,False,0.0,0.0,0.0
17ebbfb850173c6429d1bd0938fde1032fef50082864471bbe7e96c25909eb1b,3743,1,True,True,False,False,0.0,0.0,0.0
de75127a1dd7df4dfad1b642de0cf45fbe229bc7edbea589854abac15d5a88d8,3743,2,True,True,False,False,0.0,0.0,0.0
321b622cf8e494337132a498116285c2a8d7a7b84a85046d64c0ab5e1b199e83,3743,3,True,True,False,False,0.0,0.0,0.0
7e493f07d71427ce1f139507fb3ed72e62c878aa9157a00fa961961a88d47fa6,3743,4,False,False,False,False,0.0,0.0,0.0
b4b9937746f3d3233f13a0d167e1a80fae149b514d18d93e9e13de915dd21d52,3743,5,True,True,False,False,0.0,0.0,0.0
7b9aba337d7de1fa5d50e188ab0dbaa5f0560ba40c9573919159986a01790c9b,3743,6,True,True,False,False,0.0,0.0,0.0
3cc719aa64ba08bca5ab6ded14ad48a7898d698b08131d88880675f0284f267e,3743,7,True,True,False,False,0.0,0.0,0.0
e266626a8da165c2ce4f8545229fdf727493e7fe4dcee9a9599ba6ef5855d91f,3743,8,True,True,False,False,0.0,0.0,0.0
ced62903232043d7a9c1222ddd5220f5cc9946a280fdbdb6639e05028e0c3b1f,3743,9,True,True,False,False,0.0,0.0,0.0
92383f8df58c4f4ed03201928f04af9032f47253c286c72e886bdbbac4d359a9,1481,0,True,True,False,False,0.0,0.0,0.0
c7a43b555d643ad91af574b7ce22076ee63ed672fa90fcd083d990e8c9aac842,1481,1,True,True,False,False,0.0,0.0,0.0
44034a5e2549a79287273ee834110fc0771cae6050352ad21dd6fea3111b8235,1481,2,True,True,False,False,0.0,0.0,0.0
020c844db6f8a925897bd3fea07625ce34298fe1ac795266947f2c8b0276fd35,1481,3,True,True,False,False,0.0,0.0,0.0
a47bbb06ee05888f7a999567c629a47870efad9c9cee01adbb67c08c8decd538,1481,4,True,True,False,False,0.0,0.0,0.0
517f30749c7752bf4ea7bb3e0f7dff964d25de2a40a2bad081d47b9e242636ce,1481,5,True,True,False,False,0.0,0.0,0.0
6e73c5b36d62b0263764393162890d5bbbd091a6cf275b298be01bc840ae1f6a,1481,6,True,True,False,False,0.0,0.0,0.0
720b57639de5f8b48d8ce7ea9bad450e5bd81fe199cab234d8c5fd2f3fd2a387,1481,7,True,True,False,False,0.0,0.0,0.0
d07d9cf7031c8c8ee26534b7636227dd017303490df3f8eeb858b8601f3cbbed,1481,8,True,True,False,False,0.0,0.0,0.0
3980a0a5033e7df11baa8590df427dac5c3009b4581c8740fc1f1a7e26739b67,1481,9,True,True,False,False,0.0,0.0,0.0
ec656dad0a32bbf291b09770648ab217e7831fbee6e44d402d5b0702976555bf,18140,0,False,False,False,False,0.0,0.0,0.0
f6a64bb71ffbc724c73196d6bbfda7c8a33988a6273424af1dd1b4c0f5a59b2c,18140,1,False,False,False,False,0.0,0.0,0.0
8ef9fe1659f9c8f337aaf815d216989d4a8076d444ec09a68159e5aa944e930f,18140,2,True,True,False,False,0.0,0.0,0.0
5b8e348b60d80097e1039650556091f9eed6757cfe36fb70a681404e3043f533,18140,3,False,False,False,False,0.0,0.0,0.0
93e30ce6563af25c396bd71fd11da73c67bc67ed4b180f7d9ff80f613e3de1f6,18140,4,True,True,False,False,0.0,0.0,0.0
cba7c8d4756ee87259949f7373b70e2b90db8440dc2c48b02aad41e5e9b5a2d9,18140,5,False,False,False,False,0.0,0.0,0.0
f10d09bca775674c7ca8e7823291d515cd70f0bb441446ac6c3166c781e944e8,18140,6,False,False,False,False,0.0,0.0,0.0
f106da78b0cf9552762394ee946ef910713160b2e958bf74170a186a551e8cca,18140,7,False,False,False,False,0.0,0.0,0.0
ec64bb4d74732befd792c659c1f361b0b55ecfc1b7cd96590d3418eebe25fd53,18140,8,False,False,False,False,0.0,0.0,0.0
e0fa5777b8b5e988e3b33f9cba78b788d3f7d82cba1a484577f980b79f4ce8f2,18140,9,False,False,False,False,0.0,0.0,0.0
c3599fc19da14cc903803f55ffabb80837e7bfebd77b9e50c237408ff9e48222,5506,0,True,True,False,False,0.0,0.0,0.0
cd851f7fbb10412c03f0e5d0e25e238ce41a32b68cb59de90f220158cff9c17d,5506,1,True,True,False,False,0.0,0.0,0.0
cff5a2ce2b54fb666eaae2f34f3b99e46ff768e089e9f07cba5dc4b991aa8f8a,5506,2,False,False,False,False,0.0,0.0,0.0
f2eb78c1232c08bbdfbd2715db3f7acab0c7ebeabea981acd0e0d0539039139f,5506,3,True,True,False,False,0.0,0.0,0.0
429de9c0e0323dbecc9374ad30210aaa7c99b3fc5429dec780757e7cbab3dc98,5506,4,False,False,False,False,0.0,0.0,0.0
15b6cbba627d7f5b5da00d2dc648bd57b2b4858a88206c19bab037370e403cba,5506,5,True,True,False,False,0.0,0.0,0.0
b93527d8566e7443ff91c825400041e05a55751e5877b89080bb601e902bb161,5506,6,True,True,False,False,0.0,0.0,0.0
f5f155accebf4965cdf515c566d42a08477c7a0a2e3676209af64b587ee98cc3,5506,7,False,False,False,False,0.0,0.0,0.0
a81fb24f7c25e291a5ed2f1a74538a9822a8e2bb868f20b66b05d2849f89f30d,5506,8,True,True,False,False,0.0,0.0,0.0
e8df044226542e860539bc854e86ddc83f842f4001ccb01550f357851e9a29e5,5506,9,True,True,False,False,0.0,0.0,0.0
0061e769988ad66e1c045612d4ff7dcadc58ebdb52cafeac2d55dba3c10ea668,14521,0,True,True,False,False,0.0,0.0,0.0
15d7e5aafe67f816f4e7c344ab447b30e90818656bbf4fac166a6e431a277ee3,14521,1,True,True,False,False,0.0,0.0,0.0
efb3229d698ff29c559c6f4a056306f2f34289f8bbdefb0a77eff4cd79e24a9b,14521,2,True,True,False,False,0.0,0.0,0.0
97663a3df549af82035cf307482b3c7747823da2be77d91f0c62fca0232ca537,14521,3,True,True,False,False,0.0,0.0,0.0
7ccef0504a6194f8ea7c39d16a5ff5421a03678a0626480bce33aedbde9dd55a,14521,4,True,True,False,False,0.0,0.0,0.0
3a4f1207d056d2935e97985daf6fd032c3893187ba01bd945fbae26325019449,14521,5,True,True,False,False,0.0,0.0,0.0
1b99d967d41e02292cc8e66901b4721eea3cd8e6be9e1fef7d413240f50d7e6b,14521,6,True,True,False,False,0.0,0.0,0.0
0f2faddc46b0a8bd9be7a7b456a8417f212093f7dd573c778b521984ccc39f0b,14521,7,True,True,False,False,0.0,0.0,0.0
fd7a5166bd65e14ff069c92208772841edb28b3f4b937daa53dec51ab8ef6d04,14521,8,True,True,False,False,0.0,0.0,0.0
40008fcf93636e022c0c5b17409070a8a2757fb30f8d753d01a014b416b98393,14521,9,True,True,False,False,0.0,0.0,0.0
aedacd49ee50dd737e36bf28b6656adadbb9438d3831a79e04ad97d3a399eaf2,14349,0,False,False,False,False,0.0,0.0,0.0
ea617b0f8b5ee33cd75b8c40519e3717b486e51a24b686e2ab30d4070d2e152d,14349,1,True,True,False,False,0.0,0.0,0.0
2851d453d3c53c486c342f4c333c40fce42b4fd7109bfb20e336ffecaea4102b,14349,2,True,True,False,False,0.0,0.0,0.0
bf2fe05a9c3d02ac5efeb1adc5c0df5cbebe5049d421f559730866e944e318b4,14349,3,True,True,False,False,0.0,0.0,0.0
f2c1516bd424bf2f3ec1a5048ffe27223de1911beb65355ae02a04a524c8a4b9,14349,4,True,True,False,False,0.0,0.0,0.0
e934b3c4be3b351db91ac0a39b855d3fcb16fc88ff7b64656d74874b66bb6d44,14349,5,True,True,False,False,0.0,0.0,0.0
6bf572ac24a91d9d8f8de7427889bce8135293c1fac20c756b4e7678c6f77f9b,14349,6,True,True,False,False,0.0,0.0,0.0
b8d79f08820bf1e98ee28fd130455ecd9ed61af3e0dd10cb75231c558f164c90,14349,7,True,True,False,False,0.0,0.0,0.0
fd7ceb181295ec5ed931a15f3ff0e32b203c1ac392154c1f2aed89092d5a29db,14349,8,True,True,False,False,0.0,0.0,0.0
b2abcc737b74e863e9d9789b0e2d0029bcaf90b9dda06304ebde8ad957a03588,14349,9,False,False,False,False,0.0,0.0,0.0
655a4ae08abbbc6719384a05ef8003805750096da3a8d88497cca08941f0ce31,16334,0,True,True,False,False,0.0,0.0,0.0
bba36a8eabd424df00986bf0a02a29b81b1af9d5f23a2c141023c2bd6c6b6502,16334,1,True,True,False,False,0.0,0.0,0.0
5d9864a8ddbd31b6298313939e1205302abc2434fc6d0c3f7dd7a2d6793b1c3a,16334,2,True,True,False,False,0.0,0.0,0.0
7c48f029e2f44841c0720b1e58626371f617334b45b794e0f0e47c21c1d9dc25,16334,3,True,True,False,False,0.0,0.0,0.0
5349f073ad583c3544df889c75d7a461d2b37da378f728e245bbcedee264950e,16334,4,True,True,False,False,0.0,0.0,0.0
4acedc0587cb38d861f21d1a84eaabb90d89577cb39df526b916b034160269cd,16334,5,True,True,False,False,0.0,0.0,0.0
30877901a37a79318c49256b4f9c96c4b4c31f510c90ff56098ea8773ca9f28e,16334,6,True,True,False,False,0.0,0.0,0.0
446fb6c0345de911f54f26ff4bd1f0230151872248da700107f7e01e3fd99977,16334,7,False,False,False,False,0.0,0.0,0.0
00d2dfe668582e4de0c639bf9f29f1ad7503959caa1f3274368f987dcfd6d2cd,16334,8,True,True,False,False,0.0,0.0,0.0
2076f1514ab9a2ad88cf1bbc774bb9bf9da264ca895d20630128c7ceab23e764,16334,9,True,True,False,False,0.0,0.0,0.0
d5da4c0e82b4ff442ad317dee896f639bab5245c5a4e9e432c8aaac253474a71,6882,0,True,True,False,False,0.0,0.0,0.0
40d73ae6ebc2c2bdd65965299b3e8f73515e34f72be3a69c46232b4ca5986d60,6882,1,True,True,False,False,0.0,0.0,0.0
56ae46acaa94dd91c1fdc181ecdcaf2fdfa8f1ced66c1d64d578e204b0d332b8,6882,2,True,True,False,False,0.0,0.0,0.0
73b607b229b2c29b722ea7d32904df09c9a859ecab3e5fa44a2c70cd97bdcef7,6882,3,True,True,False,False,0.0,0.0,0.0
bdcdabb458c4848242bf56a966176296325d40439001093dfad6cb74bb6c0957,6882,4,True,True,False,False,0.0,0.0,0.0
aa8ff69f0d61e680dbb8f447ccea8bac41127552c7a6d6074aa05f817790becb,6882,5,True,True,False,False,0.0,0.0,0.0
570f909daf15d15ec4812dda537ac772ec653d5ec0a8c063a75c45217edb2c58,6882,6,True,True,False,False,0.0,0.0,0.0
0baaaffafeecd94350f71f2772acfb92a16fa183600635fc14622b9f031073d6,6882,7,True,True,False,False,0.0,0.0,0.0
ed74e5b1478efd6f45795ae012e94e10354fafce90502195253e80175a5690f5,6882,8,True,True,False,False,0.0,0.0,0.0
5fbe4273f5acb6418df3ea1b88123d1a684a4d0c7e78c3b75290537128708a0c,6882,9,True,True,False,False,0.0,0.0,0.0
9ef06f1e75a6f4f10b6c08b3538ed26c316477a492bb805cee081e5569965165,6620,0,False,False,False,False,0.0,0.0,0.0
c272029f4528204c62868d2279d3a9a4446545afa10edb124e55b3e4ddf6a4e0,6620,1,True,True,False,False,0.0,0.0,0.0
17fe9f36063585e8aea5048146338b2e9bab2fe5a2fa7b8716a7a52736f9d706,6620,2,False,False,False,False,0.0,0.0,0.0
a007d2750fa32aa5f3a1b509bdda78278f411421948fae917121296332d3e9d2,6620,3,True,True,False,False,0.0,0.0,0.0
9f7dcf9f513d32b2cfad8d40e17e3347383ec1780f24c39a173788fc940696ce,6620,4,True,True,False,False,0.0,0.0,0.0
4f7d8c486025ffc1151e7f45addc074daafcd61609d5f9cd0826d1634b72a9b3,6620,5,False,False,False,False,0.0,0.0,0.0
be4b813e2018612f53cf5c7e7bb72d6bccb7852876b8e38965109bd7a61d48b4,6620,6,True,True,False,False,0.0,0.0,0.0
73e0790bad8603e3d142a9226de8b9fec97aa8969f8b61edfbf0ad23e34a207b,6620,7,True,True,False,False,0.0,0.0,0.0
926a073635d83d07286b4503797b2aa34441fce63166070d0c826d1656420574,6620,8,True,True,False,False,0.0,0.0,0.0
2a3172eb38675aac935e585cf4882dc791c6580429bbbd98dfdd1d51d5196637,6620,9,True,True,False,False,0.0,0.0,0.0
cd712262f1f6b4814f1a564e5665e05d722d92b044c65ec053a1836afe72f3fd,5979,0,True,True,False,False,0.0,0.0,0.0
b8bc9f62691f4ac51b35e9429cbddcbd2c8f600b8705b1a1a023ab9e71724b60,5979,1,True,True,False,False,0.0,0.0,0.0
5f4b5c4e045ab88934e00a3edb274ef9a156a32ba3f637dc69c9624259a48663,5979,2,True,True,False,False,0.0,0.0,0.0
a9cbf937a11f02643411b569171672d2242c555fd0a07bf1f2bdf583797c4468,5979,3,False,False,False,False,0.0,0.0,0.0
c157dbb01f1c8ff48a104bcb64e4c1fc33195e5ee0f914f92d30dd551f4f22ae,5979,4,True,True,False,False,0.0,0.0,0.0
22accf45cccf086ddacca49344261f59c14fbff7b802f0276a91b9573d7597cb,5979,5,True,True,False,False,0.0,0.0,0.0
2a3a1755ebca0eb127269b986e5b2e414b6b8fa3bcb91fe813d99d6bd5a7e5db,5979,6,True,True,False,False,0.0,0.0,0.0
261b4600e0ad30c98a1b7a07c7d0655ea2e1550722585a54314dedd4a8e398e3,5979,7,True,True,False,False,0.0,0.0,0.0
e5a4b5ec24421481ef85846cd6b47099659a0e97c76d2fe4d8d995db7588f25f,5979,8,True,True,False,False,0.0,0.0,0.0
e23deb5f4ffb3e9eafdd667177c0360534a53ce9be11c012d45dea84fc5b28f3,5979,9,False,False,False,False,0.0,0.0,0.0
8c372dc5c68635babe37c0c70f5751ffddcfd27d797ab15574c559927199d537,3620,0,True,True,False,False,0.0,0.0,0.0
ecc4c117cfad5ddf4c79d7e0bc4f481b464a44e9dde31c3ea289cf8269d3ebb8,3620,1,True,True,False,False,0.0,0.0,0.0
0ba3bd79c596914f24a360801b45fcd64cfeaa73d3af6b5a8fae300647e27d68,3620,2,True,True,False,False,0.0,0.0,0.0
ce19d5e0d81a73ed60fb722943dd0b8d182d0047d0225386004b3aa741d7be2a,3620,3,True,True,False,False,0.0,0.0,0.0
d7902adc5ebe60530a30838f4e6396f0fcd068b124fc201dcd773823eb73b8a1,3620,4,True,True,False,False,0.0,0.0,0.0
d916d51f31b18b0341c5e782af7cbbf3c4b63e5567e3fb560294ea4786590bc0,3620,5,True,True,False,False,0.0,0.0,0.0
abedf378ae20e13d7c6c514d554e2132bf2a022b4c8758d2577207c876d42ff5,3620,6,True,True,False,False,0.0,0.0,0.0
81f6a42a911cb43435eb66254dd108675bcb355117bd17e43d14a5f596959366,3620,7,True,True,False,False,0.0,0.0,0.0
fd4703b745092977e8f19d012eb46f48db4f2f6e42d2b67693271ac2da129d11,3620,8,True,True,False,False,0.0,0.0,0.0
853b5829b300a61f873ea6e80d87f84bc6814a1d30faaf7197c92e26e229d9a9,3620,9,True,True,False,False,0.0,0.0,0.0
80a31e504587ee02fde889c7a69e21c5cd9003001faad5ac499c1b7d8e3530f4,2115,0,True,True,False,False,0.0,0.0,0.0
cee727826567fd30e281a4564a15a3452019db92586d960ace76d8e92db18763,2115,1,True,True,False,False,0.0,0.0,0.0
c548396be6ec5dbd2735d970bcb1b36c195a4a9b060b4a61bc37dfae84788230,2115,2,True,True,False,False,0.0,0.0,0.0
67246894c5510e153ca69575c470165eaf6f8dacb0409a004c04ab578a01a861,2115,3,False,False,False,False,0.0,0.0,0.0
dad0c5ae316f0ad8a28e0f77df7e7d17d38d0b5945166ceef6348e430018f350,2115,4,True,True,False,False,0.0,0.0,0.0
a011fc665fcceb74b3509affb4f52bb82a2415edd35d16eb0ca780a955dcd958,2115,5,True,True,False,False,0.0,0.0,0.0
82f222b91f6ec09356a519e8fed211b2dd0eee5633ed753ea25b9b7515765042,2115,6,True,True,False,False,0.0,0.0,0.0
71136e03215bc8fd7f1d3badd5c2a0f1b9e8f2b19a5a78d23e97dcd23b92b4cf,2115,7,True,True,False,False,0.0,0.0,0.0
cee8ecbdc2ad266c06cee3fb17eead59b2e22ff727e683d23ea8caeb25904d41,2115,8,True,True,False,False,0.0,0.0,0.0
9eefaf4fd064460b9bfa89b387678b70531a9a2ebe1145071afd9ff8c2aee5a2,2115,9,True,True,False,False,0.0,0.0,0.0
8e2ad4285cce29f1d91e0d6e753ea5b7a98b4d58f6b74af2caafe33e08326a7e,15503,0,True,True,False,False,0.0,0.0,0.0
db181e6f1deda9350875c9e9cf5d8c1cc2cababe22b1addf8e7e5648030b2cdc,15503,1,True,True,False,False,0.0,0.0,0.0
adbcb4d361d9ff2dd8bf0df92401b3f5291a6e3bfaaccb6268bb52ceb6f7660f,15503,2,False,False,False,False,0.0,0.0,0.0
234412397aef905ae6c6d7306b18242d2efd7326f78538039d4cf9a06ebce645,15503,3,True,True,False,False,0.0,0.0,0.0
3cd8539a77e36ae689b462e4984157780b49369494ad18b3c2c63b1d4be0c16d,15503,4,False,False,False,False,0.0,0.0,0.0
ca2dfe6c7c6cec4edec165446e93d9cfaaa51c1444dacf78eb5bcb6bdc8338c5,15503,5,False,False,False,False,0.0,0.0,0.0
cb98522fac7794587d56f2ba0d2bf5cef0e7e8ba7d7814f794a0b2ef65af8e43,15503,6,True,True,False,False,0.0,0.0,0.0
e6e088462a0df223fdefd231c9e936ad2c1e3441e1f2781392bc083df12b788c,15503,7,True,True,False,False,0.0,0.0,0.0
64ab2f7ed1bb3323da18cb56f0e37a99e8db619c16d0e37895ea08d4e198638a,15503,8,True,True,False,False,0.0,0.0,0.0
f7a0ebd863d57de11c1e307e5eeb008506801d9de041459a6763967cb0ad31f7,15503,9,True,True,False,False,0.0,0.0,0.0
df1b17290c1f6ad9cf8aee35e9a77d1ca3984c3b851c6d4e6105340022d18f89,403,0,True,True,False,False,0.0,0.0,0.0
9c827e686a2ac6a98c85309b8456b733b3f49c3ffa70db0f0fd90bf33e9b339d,403,1,True,True,False,False,0.0,0.0,0.0
e0f4b7272f668ec917b851d90c719494ca08d28a063adf4fbf18e381934f0c4a,403,2,True,True,False,False,0.0,0.0,0.0
1c1bc83cab52bdb10c96e2fe4a8fc540f571a333cbfdb0e19daad589468d152e,403,3,True,True,False,False,0.0,0.0,0.0
df5cc9847c64c2fc93267aa50bd2b5135653be34e2fe4fd0d60430804d4434f9,403,4,True,True,False,False,0.0,0.0,0.0
664cf61a97914c025417ce38efc3f2291aebc5d1685cd82772e310854dbf9c7f,403,5,True,True,False,False,0.0,0.0,0.0
1d035d47e30b73c1dd4d0872ab6d9b3fc536a428940775df1da1a6ae37c355fd,403,6,True,True,False,False,0.0,0.0,0.0
918c9cf8571d8d79a5f7b0291eee4cc2d96d611101ee96d29aaed8b4ca11f9c1,403,7,True,True,False,False,0.0,0.0,0.0
386af32851944726e22c8409f2458d6ec7ef8f43bfc8a816a80d6216d538a954,403,8,True,True,False,False,0.0,0.0,0.0
5f93fe10c042bc8e2060402437f2bb6688eada1c58495dc9f183b5bb6300159d,403,9,True,True,False,False,0.0,0.0,0.0
4cef16e0bcd2146a3b2a8f2674095a51a0fd7ca0337dad657b9b8663ff8568a0,2879,0,True,True,False,False,0.0,0.0,0.0
3e01d0bb9a6004a3370f3248a32419d256628d8ec37a75ea36d5a41a061305e2,2879,1,True,True,False,False,0.0,0.0,0.0
09bb818ac4b9386a753399ee585634fa0a4b47aefb6bb43395328db67250f8bf,2879,2,True,True,False,False,0.0,0.0,0.0
8ecabbcd6d34b3586edbe4fbed2e0728933e225cdb245ec0f86cb5b767fc0f53,2879,3,True,True,False,False,0.0,0.0,0.0
a3860435e18837ae1a98fc07d6edff730d305116571cd4b6be045e76be35010d,2879,4,True,True,False,False,0.0,0.0,0.0
e0a86df5f4b7635f4ca648bde5061a64479ce74ebc22a2bd4924a336e42ac00f,2879,5,True,True,False,False,0.0,0.0,0.0
855174640c64a946167ec51a110d49a3b6ef81bffe89ecf436c49a9ef758d19d,2879,6,True,True,False,False,0.0,0.0,0.0
fadc28c3342b88fdd2d0986f5290a9e1a63cb438551748b8b0d175f5f623eb5b,2879,7,True,True,False,False,0.0,0.0,0.0
1b27c4d75793a0f3aac17f28861afd841fb279dd17eae8274bba17bd7f8e8444,2879,8,True,True,False,False,0.0,0.0,0.0
e1a109ac60e9a066270ae2153eff2eb2d0fa17101dcc3eeb4c427bec80f0cd82,2879,9,True,True,False,False,0.0,0.0,0.0
291d7b45e66b334a816c792aad619b433cabee5a9d052413509b9349490fb063,4592,0,False,False,False,False,0.0,0.0,0.0
b28f1973dc4df806b8a884474fc0b5c95f68ff750908d881569fa21d440ea622,4592,1,False,False,False,False,0.0,0.0,0.0
146bf77eaee3fd8c822c8d99d7c9cfc7772ea28f3e10dc4d711243ab3ea5a5dc,4592,2,False,False,False,False,0.0,0.0,0.0
5c7cb2994781eb1a0da7469c4af3772f6d62069bba3d4bd71559467cee48ba97,4592,3,False,False,False,False,0.0,0.0,0.0
792465ce0a309dc8c29a1940340bec7246b37ce2a70bb97b0bcf5c75612987d7,4592,4,False,False,False,False,0.0,0.0,0.0
5d95ae92b2a72f634923ab9b09663226c37fd70e7b3d02a8c048ba9d8f9c7068,4592,5,False,False,False,False,0.0,0.0,0.0
509a421d5ceaff71516be1e6dee278a2adb59dbbeac10492710f0759be532492,4592,6,False,False,False,False,0.0,0.0,0.0
3bb458686a30ea9f830f05b4361094b4d9baff4e090784870478595d9875c8fe,4592,7,False,False,False,False,0.0,0.0,0.0
c33acf2f192028705b380c05a199b2599b6045c77d2a5ca66b35d62f05178c86,4592,8,False,False,False,False,0.0,0.0,0.0
1750006b9c6f037afe23ae816600589f0b4b31da648f449724be587ab142ca27,4592,9,False,False,False,False,0.0,0.0,0.0
a4e4835c4ab8f96e59e178cc468e43b6650fdb3b22d2e42798057c4863690eaf,3098,0,True,True,False,False,0.0,0.0,0.0
4a688ca6ce95d3d7791e10623329e529553114ddab4f0713848e75d401f74250,3098,1,True,True,False,False,0.0,0.0,0.0
adbd31a6b79f63586b83390865677351c0a86c1dbec94ce186a38c1f852d8b54,3098,2,False,False,False,False,0.0,0.0,0.0
d1fad2bae94c0c779b2a79af91e3e0fd704d5345e83c018fc904ddbb71477250,3098,3,True,True,False,False,0.0,0.0,0.0
c12e882b43f1a08ba314dec39e3a1d84bc59fe3968078fde70a737efe3b69fb0,3098,4,True,True,False,False,0.0,0.0,0.0
bd5c643e2732bb7036361a14078d749330117d6e1344004146bb7b6a52b69b87,3098,5,True,True,False,False,0.0,0.0,0.0
e8e56ba3442a97ed8000ea32f2167b6fc109cdcf3f9b7f1bbf9e9161c28f7c73,3098,6,True,True,False,False,0.0,0.0,0.0
cc256562eaca0c48ffcca5ad3c8c0decbf2368ee1547d476a9f6532072d963e9,3098,7,True,True,False,False,0.0,0.0,0.0
b1b4426c438bc908be3896e4b9d1abf614086ced8dec23dc270e9af70970218f,3098,8,True,True,False,False,0.0,0.0,0.0
b4d935b2a4d50ba61e51e9c2a97d150fa2023f355d91baeb133d9fe1bd45c8dc,3098,9,True,True,False,False,0.0,0.0,0.0
e0ecef9a87075a4820bc44b3f5753574d3685a4b7aeb8464f989f36f41cb0131,6827,0,True,True,False,False,0.0,0.0,0.0
5609b81a44e8d497c5906f188c8c4a71cffd9042b2efa4cf66cd2bb10b9e3f8f,6827,1,False,False,False,False,0.0,0.0,0.0
6ade452e72e7c5d4c92de4ae0bc37f68414d89a1a278632422ed7096755907a3,6827,2,True,True,False,False,0.0,0.0,0.0
16749307ab80fa2a5848648971e5c834e2a0d0fcf24c5b3660ef4eb1d31875d1,6827,3,True,True,False,False,0.0,0.0,0.0
5363a74ddb0fa5325b428cde3530c070b49fd6597eda90e5a710fb650e815132,6827,4,True,True,False,False,0.0,0.0,0.0
b69858b2dec16359d4463641d3e339cc4d566999f4d0380075718a2e11a4db36,6827,5,False,False,False,False,0.0,0.0,0.0
7c14142eed2020c0863f123509b27951bdccef018279766558ff9e2ad036c907,6827,6,True,True,False,False,0.0,0.0,0.0
15c3989b6f5912cf2e280576b0ae80627ccc0b079c3f631b812c9e368c2efb93,6827,7,True,True,False,False,0.0,0.0,0.0
579cb335bdbeb2463133044ae2ad988c27610787064f408a34d2fd3219210b5f,6827,8,True,True,False,False,0.0,0.0,0.0
7eafe95b997c7a86ed5a17a11a03404dbbf6dfa9fc5b21ddaa02ad51165f3d2f,6827,9,True,True,False,False,0.0,0.0,0.0
85e0c803088a72797aa5c64be64ec23883688d763e3b4a16bc62d547ed4b9e2b,3557,0,True,True,False,False,0.0,0.0,0.0
060e01d47090f2f3adee7597bda86479ec53d632535f35fc429e7ab2b6e767ce,3557,1,True,True,False,False,0.0,0.0,0.0
f86fb4a429dd25235dd7fc2b7ddc8ee2fd16e3d1c5d975431b9cf49a47f60c13,3557,2,True,True,False,False,0.0,0.0,0.0
32f629cf300c6fecb6fe506f3a9fa5b43e589c3adf4b6b837bc9f5e94f7aa239,3557,3,True,True,False,False,0.0,0.0,0.0
69db600686abd1f97c92392b9a963cb42f6811705068e8262405b76ebcf80c6f,3557,4,True,True,False,False,0.0,0.0,0.0
b5aeb2e66c7514569fae9de7d5a7645b6f76d3a308bedb2d50856d3191ca1775,3557,5,True,True,False,False,0.0,0.0,0.0
2827790dcd53b48be1efb8486545c21d2afcf0e5106d2b169c7212b9ebdbb641,3557,6,True,True,False,False,0.0,0.0,0.0
64581737741cd31c5ac3f9a6eadb64e460eb2f85453a470ee424f986864738f4,3557,7,True,True,False,False,0.0,0.0,0.0
5d2b28de88a55aba9397ef777673d854a029240aada649de82e19de1f9439c82,3557,8,True,True,False,False,0.0,0.0,0.0
3556f5aef1e1da23c352e701e67cb87b1b769c7397c2ceb2b158e1d5a1b7bf15,3557,9,True,True,False,False,0.0,0.0,0.0
4e563132d985643e7d6f7753a83a7cbd4440bbc505d08f2c6bd4d8b3ccaac4fe,983,0,True,True,False,False,0.0,0.0,0.0
ec7848a41b343744e24012cc2409e7cb6cb384e792aa1f5505203c8e46d57abb,983,1,True,True,False,False,0.0,0.0,0.0
766effa2d8c1825cc8c5b20bfe1f7125831bbd76b0000db4a6cad122e377f497,983,2,True,True,False,False,0.0,0.0,0.0
e5820951ced3ce13da170f12b9c778b01773900c89f8eca38f8d7a3683535fb6,983,3,True,True,False,False,0.0,0.0,0.0
a45ec5dc733c801fad8dc014f7111f4c96e4a406721c2bd657fe81515a542230,983,4,True,True,False,False,0.0,0.0,0.0
dec14437f6764507cb2d37b8e74d24f9deb2555f4bbb9144d02aba3628c3d92f,983,5,False,False,False,False,0.0,0.0,0.0
6029122e5c763acd2391aec39c4efb6166a408a56f95a03904eb876b7f2e156f,983,6,True,True,False,False,0.0,0.0,0.0
6a3619ac65c078218f794d3c3e687276ac8ba9475280ca700cb36ad6d709e4d5,983,7,True,True,False,False,0.0,0.0,0.0
2de2e715304143a9da97aa93c4a7b2142a5d4bbd223437694156d547fc712a8c,983,8,True,True,False,False,0.0,0.0,0.0
95b6f6a8d14bd29b108356ee35d2697bc73e3fa8388742c93dc620bcb5c5ff53,983,9,True,True,False,False,0.0,0.0,0.0
d11d77218ab18a3bb115781e551b9181051c07dfffff5db2a995859e78ba33b1,10695,0,True,True,False,False,0.0,0.0,0.0
02ebdc8588ddf543d19ba29fdb82ef4a9d0674ef1934f208f3b2cffed4420299,10695,1,True,True,False,False,0.0,0.0,0.0
ecf4f8702bad8a22c7668c35a7c7c6a71782fbdb8b98dcdf7c627f6d56fdb358,10695,2,True,True,False,False,0.0,0.0,0.0
c451b05123abf056fa2bb8963d1776f26d239ced03b4ced700e6458491279f68,10695,3,True,True,False,False,0.0,0.0,0.0
d388d0cce177c2028272aeceb25c7db2d25a1c05dcd2381c6f889f2f57ba5bfc,10695,4,True,True,False,False,0.0,0.0,0.0
20005d5aa6c214b08a829b781d5d87f202837b7a1eb8b8516c595341893bff87,10695,5,True,True,False,False,0.0,0.0,0.0
1cfbd83e32e847a8a73805a1436efc776e4fa4c8d639e607b5a5c4a64fa2b311,10695,6,True,True,False,False,0.0,0.0,0.0
b3c9995c2aa49073e5447624f417da5833a569f2e103a7c801eddffc4daff3a5,10695,7,True,True,False,False,0.0,0.0,0.0
ed6a5d89c109c2d6f4fade1969e66065ad1cb52e950e2fef8e8eee8f3732c205,10695,8,False,False,False,False,0.0,0.0,0.0
197b3c30ba52d9cb735a80d36dfe1127dffa9c42583e2c5c950675beb5a07c30,10695,9,True,True,False,False,0.0,0.0,0.0
3cec4746acde02bd9084fc431e2737009eabc96d5e2e2c0519c7b3e189e0ec95,19830,0,True,True,False,False,0.0,0.0,0.0
fcf82ae75632aefecfbfd240b5969fc721372399e04d13c484b13f21a4995fad,19830,1,True,True,False,False,0.0,0.0,0.0
5514da6a24a5a161812b4004b4df1be38c88eea6ba8b740eb2e1a57b1778d5aa,19830,2,True,True,False,False,0.0,0.0,0.0
6d867f36aa3a92f0b134940e913d9f5a44e93c2e2137fbfefd6806d55fc645a6,19830,3,True,True,False,False,0.0,0.0,0.0
60a51e1e62f47a7824288304115282400dff468672b9aa41adcbce8e81acc625,19830,4,True,True,False,False,0.0,0.0,0.0
2f7200f97cb6eb36593f075fb71a7105d59dd3ea2eb06a1bcfff9d09ca1d0dfb,19830,5,True,True,False,False,0.0,0.0,0.0
a19924e00659d198208c017201701b2c62c9ee4a8db06a5500d1bce70fd54630,19830,6,True,True,False,False,0.0,0.0,0.0
7ebeeb96f186dcc4b46b3969369e2b3f35bcf94903fb629d0149b65182266ab5,19830,7,True,True,False,False,0.0,0.0,0.0
f136b35eeaa4611b43c9955f29238c1c442b1e939ba94133174ec09ded00f0ab,19830,8,True,True,False,False,0.0,0.0,0.0
1b6f3e5cd2cb74bd2be660e74af2373c18d0843aa755225f3bf757facf31358b,19830,9,True,True,False,False,0.0,0.0,0.0
8f0f8a261cb9db82d176dd91795d301f86d7589ec93ea613dc60f865ddf8c652,9198,0,True,True,False,False,0.0,0.0,0.0
10ae7dc72ac768703a26563b1e54bbe62f9366aa684345d3eff8891c607d6daf,9198,1,True,True,False,False,0.0,0.0,0.0
fa33c7521b56c2d543923410545c58525ae318b291799d95eb1e41f855eb4fb7,9198,2,True,True,False,False,0.0,0.0,0.0
2620dcb66c392cb4d8308ee144ccecb1a0eb9c1ec25360344939133d9444f4e5,9198,3,False,False,False,False,0.0,0.0,0.0
dd49a311855dfdebef3ad0ef96d5e84a75594af165650506c6ed9b67a1e52c30,9198,4,True,True,False,False,0.0,0.0,0.0
2747f0d096c468451b7f2d272abf7cf430df83abe9674d4692ed56cff70880b7,9198,5,True,True,False,False,0.0,0.0,0.0
87218824f94dcb7079e707ed31bfa7f1fa926c5b4a12800fabd78a3f0c044510,9198,6,True,True,False,False,0.0,0.0,0.0
e0af9b8f5bf6fbf9adab4e6837bbd12df9994d70cabf754913f439623387dad8,9198,7,True,True,False,False,0.0,0.0,0.0
61b16c3833e88409043892bd40eeecf33d44c9c38dab0829c9dbb33254b32cde,9198,8,True,True,False,False,0.0,0.0,0.0
c6ab0dea40e2928ba5870ecce465e8f471f6f8c5ba1c04220a85d0f41052afde,9198,9,True,True,False,False,0.0,0.0,0.0
e87173916a9982152c953d23f318d71627dc2a857257c9d6b7eae100a04494e4,19033,0,True,True,False,False,0.0,0.0,0.0
44a8514f80d31bdf3c9c8af81bb04529bb1032a968b709a5c4460df17ea3dde3,19033,1,True,True,False,False,0.0,0.0,0.0
69a1c21e8486c6c89a9e4f4477940106aed0caafe775f07763b6ea8798449129,19033,2,True,True,False,False,0.0,0.0,0.0
e47c1ea7e2f3cc11b58884d03752c66634f592021b314af5d936658ef79695ae,19033,3,True,True,False,False,0.0,0.0,0.0
30b78ceada490dc8d1c9a9ec3d28ed7559fd14c87ca71ca18904868fe5fa2566,19033,4,True,True,False,False,0.0,0.0,0.0
04922711f623186336443bcd39a3ad8c6141dc8be2ed80616461f5d226d7a03d,19033,5,True,True,False,False,0.0,0.0,0.0
b912bd43449bc7f2c21bc41810177812eeba38fcfcabc0a835644197ee4de8fa,19033,6,True,True,False,False,0.0,0.0,0.0
157f64be57e0ac8e4beeaf6dbe0d274e1db18f82395000af1469d11798f47b26,19033,7,True,True,False,False,0.0,0.0,0.0
5f4ce276b0a6887f7ac2d59c35b65e8fc313fdf95e61be41b6d660280836ac9e,19033,8,True,True,False,False,0.0,0.0,0.0
42b5ea04bf39b30d3f5a93a1a65f7e8340d175e16499620651e06c8e8330df14,19033,9,True,True,False,False,0.0,0.0,0.0
a0b2c57a03e55a7db1ce12248487dcd23aaae90ac38c3acee45de20e5af93d58,15315,0,True,True,False,False,0.0,0.0,0.0
701ca109d94a5aae454fcf830c442d9bed5c65a34963556acb968b22ed09a3d1,15315,1,True,True,False,False,0.0,0.0,0.0
30c03aa20a8a13259eb9d630db24fd2eaaf5d4668982c18d5339bbb094acb6d7,15315,2,True,True,False,False,0.0,0.0,0.0
0669566bfa08f4902ce586a52fd8d43c66ef39415bd8aace5ff645a7441d0560,15315,3,True,True,False,False,0.0,0.0,0.0
d49b782e7a349f28a91a7cd9431dc93cc4bf45c982abbee8c27d735cd52ad993,15315,4,True,True,False,False,0.0,0.0,0.0
3e3e35ea1e7c2312df5dab7b78688ee0c13d77503540d5f59d0acdffda3f0b30,15315,5,True,True,False,False,0.0,0.0,0.0
a317fe2917b7687155aa0abf46ae23a0ddb5c31d794f029d7920fc30c16a8cc0,15315,6,True,True,False,False,0.0,0.0,0.0
455ebebd94639deab1b41541fd8468db6e6487948e3a444ef912bf59b9fb4c0d,15315,7,True,True,False,False,0.0,0.0,0.0
58520264168b054d4fbbf04b115423a1af735c2a8a416a22602881a8dbed2f89,15315,8,True,True,False,False,0.0,0.0,0.0
9d40ae6fbd70ee022e519766c54840791ec13a1f82a87a1424316e3bf6a4b3fe,15315,9,True,True,False,False,0.0,0.0,0.0
86d14b7f231dca8868dff64415f92fc4aa84791a00d86ca2c142f923dc3b1661,3664,0,True,True,False,False,0.0,0.0,0.0
ca402f66a46499226be89ee4ac3fc5735dd5f51b11e93bac73bf223b7c3643e2,3664,1,True,True,False,False,0.0,0.0,0.0
bdd1a39203090427440d7babc1937aa94cfd6499dba8b95074999d0bcf52f3ef,3664,2,True,True,False,False,0.0,0.0,0.0
286469d9e8ef64b6a049e30c4c643c8389a07991493e012f9e320cccaee4916e,3664,3,True,True,False,False,0.0,0.0,0.0
01de8fa7453779a57ebf03d45da48669601d8014a1a05799048a99904c87f371,3664,4,True,True,False,False,0.0,0.0,0.0
689baf2fe524e9e9c1995a5fb641dc470d4dd29aeff929c4d365c7f54351370b,3664,5,True,True,False,False,0.0,0.0,0.0
2b9280c79c6894fd880837006b141dadd4e0f32761e738327e86589af288e623,3664,6,True,True,False,False,0.0,0.0,0.0
04ff5562dc66d91a4b5773f35557cfd1986463c7b7ae5f87a81ab6100d491caa,3664,7,True,True,False,False,0.0,0.0,0.0
7fd6c76fc2097511acd91be88cb79701f4c93db45483497113c0c9c40808e302,3664,8,True,True,False,False,0.0,0.0,0.0
d6deb11a0e60b24e12ff83672851e77d41338b8a6c0a33cf82f7583089168bb1,3664,9,True,True,False,False,0.0,0.0,0.0
3296c22451b7909300197e0a5e59196abcd92715f2a782c81b3135b536d56017,17078,0,True,True,False,False,0.0,0.0,0.0
0ef9d76708f482b7f7284cfe8da78832d121e69aeed83b946832d93b8f5c38c8,17078,1,True,True,False,False,0.0,0.0,0.0
34f93fa991ffbcc0b9b366fa945ccbae9d5f450c0a408f49b1938162d11cc908,17078,2,True,True,False,False,0.0,0.0,0.0
76e091acd55a881de6ffdd5ee392b5ad4875e56d3249d83882badc4c35f4037d,17078,3,True,True,False,False,0.0,0.0,0.0
e1c16c4e4325e6964cf80817cadfae1b0e7eacaf756a26c64dc511a4b4d3adbd,17078,4,True,True,False,False,0.0,0.0,0.0
7f5f3d2450a29e38877c88d0f9096f44bdfa0c461713421d651f6a751c0f087c,17078,5,True,True,False,False,0.0,0.0,0.0
de0ba0186860f6be0d05f6f23a41b284a636e4495012cdb5fde810b279b4c73f,17078,6,True,True,False,False,0.0,0.0,0.0
c0a44454f0bd06a1fa15c5cb3b99a36751f3a24593bc355255c4450df63d1c9d,17078,7,True,True,False,False,0.0,0.0,0.0
1f553172838c3f3cf3f6f72dddab85f1921ff2332a2a30743fb75c2facfd34d9,17078,8,True,True,False,False,0.0,0.0,0.0
414617aba3ab8ed285e81a10d7bd8469e354c285935d950e56d12a899d6df6c3,17078,9,True,True,False,False,0.0,0.0,0.0
293ddac09a3e1903372d302ae36b90c41ebc55c14aef390040d59757ded27324,14779,0,True,True,False,False,0.0,0.0,0.0
e2df2ced025ec261bb8495b17b1f067036549c5bdeeadcae65ccd39539771cd2,14779,1,True,True,False,False,0.0,0.0,0.0
aa84bde38cd6aba057bb3f57dbbff19af04c1b969ef81d4b5ec7330930addf0d,14779,2,True,True,False,False,0.0,0.0,0.0
9574319f2c6a15c9de08080519927920da5127e27750c8b52cb5ae57519b5f7f,14779,3,True,True,False,False,0.0,0.0,0.0
b0c063b5633cf5736107f5df1175c7071f8c453b10cbdbeb23d00bd1fbdabc86,14779,4,True,True,False,False,0.0,0.0,0.0
47c84457fa0df0d12f59718965457662e42a7461b754914ef7bffe9c36b49484,14779,5,True,True,False,False,0.0,0.0,0.0
a199bbe94eaed22404d35e77d1cb6c725a51442e2d2a93d048d521dd0a9bf9d2,14779,6,True,True,False,False,0.0,0.0,0.0
5a3612b1a55171e40782cc9b6980f6adf9f7599465ee423bebe9a3fe9cc6b457,14779,7,True,True,False,False,0.0,0.0,0.0
bd520b56788a5c0b7e3a68c12364a537410b95753f2b08e6766ae25260060375,14779,8,False,False,False,False,0.0,0.0,0.0
ac68e8ab6ebe981550eac97c6ed5ca7d7da4c2d93f2a9248e4da14f7b223c9dc,14779,9,True,True,False,False,0.0,0.0,0.0
0ec5073c7e2921613c64e7106899686dc09701ee5125a0ea65cd55d97192149b,17394,0,True,True,False,False,0.0,0.0,0.0
5686be15b8d05aef9eac54e1dce003b486777796ab5156ae540b45c3df6af985,17394,1,True,True,False,False,0.0,0.0,0.0
6791bd6e469317115590007571f6273693440d7286bb1676d921ba2910836742,17394,2,True,True,False,False,0.0,0.0,0.0
2571bb09c520ff09cb8084d8080e872690c8e739db417feb63d82475187e8066,17394,3,True,True,False,False,0.0,0.0,0.0
8becefc3ce007cfeada5d7a7c4c7aaa6d14a2e040856be32db609dfb740cc231,17394,4,True,True,False,False,0.0,0.0,0.0
c5671bed87b550f645a4c5d1e9d097e323509789eb02c290b8c812fe57c9b716,17394,5,True,True,False,False,0.0,0.0,0.0
0caac95b7b6e7fd954f9e80b12e5404ae6ea05d26358c72b3a5eb8286fb32e34,17394,6,True,True,False,False,0.0,0.0,0.0
be8c86429189bba5428423981dabc2ef9e1c208eb64b41019f42e7d6fc702c2c,17394,7,True,True,False,False,0.0,0.0,0.0
1c921f880d37c6f17dad504653ef9735511aa25a405dd07add807d4ad3512331,17394,8,True,True,False,False,0.0,0.0,0.0
c748a8ea0c014af8ee3151a5278fa7dbaaa1ce692c89084bc929c74f8601d8a1,17394,9,True,True,False,False,0.0,0.0,0.0
b1ced28b1b28e21ae47e3e8aff1aa0ee7a1708da6fc350a6dc49b3a816104656,20878,0,False,False,False,False,0.0,0.0,0.0
3bf9443c0e21f21dd633bfd01f5ac9b17edcbee014a3c16ce5fb8715ed776160,20878,1,False,False,False,False,0.0,0.0,0.0
5754fffdb42a7dfff29d95ec221fe74e0804ba77f5556c065c8b0715b94e1e01,20878,2,True,True,False,False,0.0,0.0,0.0
cd239f6d41f5b3671c6f61a26d2886da777c3793560538a60fc6e38be5843f63,20878,3,True,True,False,False,0.0,0.0,0.0
facc88ddee07028ce70c78a90fffca65f60f9decea458c15654b046812f61064,20878,4,True,True,False,False,0.0,0.0,0.0
c8509b3fecb909bf65929daa44ebfbf5f978d5f2f94b199b0e4690cc5837eecf,20878,5,False,False,False,False,0.0,0.0,0.0
35e225c380e448723981e5f98b56af8a92ce561ca9a11c8f0e1dca2ae60c4d27,20878,6,False,False,False,False,0.0,0.0,0.0
1922dcd7e7f49dd7e1976c47370a476a907844eee2a6b81f9848d3a03d1f7d78,20878,7,True,True,False,False,0.0,0.0,0.0
79dfdacc6cf1560ef3d0fbfe0c3b59b1857d82bbf4b62992a587a15de617b479,20878,8,True,True,False,False,0.0,0.0,0.0
66acb0795ebfd80b457cd93b0694914207b25631feee92e9604f8953f4162b68,20878,9,False,False,False,False,0.0,0.0,0.0
23e49c17067d4e17f99ff5a3da7a37e82fe365b1ef8f6c588f38478450d7bf33,9983,0,True,True,False,False,0.0,0.0,0.0
f71d01915631fc82c0d002272fd394cd97df20faff52f6099a8ddf36ba86a2aa,9983,1,True,True,False,False,0.0,0.0,0.0
61fd8bd249b5c99c6122721fe29c369ae51f2d8119d47946b64c3b3fecee2452,9983,2,True,True,False,False,0.0,0.0,0.0
f4314d50a21a59b25b900afe0cdb5166bc53b26c8317df2e531b304a91b7cc01,9983,3,True,True,False,False,0.0,0.0,0.0
d3af12a36ac502a5e0bc4686e115d5c3a8d98782ba85985ce6abd1a6bac708af,9983,4,True,True,False,False,0.0,0.0,0.0
6c58edf4e2aa9e1698172c2d482d5bc6fb69a5c38443e703def8db8c617cd60c,9983,5,False,False,False,False,0.0,0.0,0.0
b5dd0f44dc54ebe8aa213221bb719823656f9da7b96800f6d7b56fda81ba4aca,9983,6,True,True,False,False,0.0,0.0,0.0
78ff99acea6bb91d53e81689eaff0a1babbd450f3790ae1abe786a9397f1b3d7,9983,7,True,True,False,False,0.0,0.0,0.0
5d63bb2b52f9610458ef3e94d7931b712d2de8eb509e9a879cf7071cc99c150e,9983,8,True,True,False,False,0.0,0.0,0.0
830a8b331d651341e8ab774cafe2cdbbdd73470f016d0f8ca444f393d05a5d0d,9983,9,True,True,False,False,0.0,0.0,0.0
223295f3c13ee92025bba717411f5fd6c571510009e0770d742f0d92d5b99246,6907,0,False,False,False,False,0.0,0.0,0.0
0889e4527957644b53ad15ecbb4fb85b81857f42f15fb63ab215162c11bc2b97,6907,1,True,True,False,False,0.0,0.0,0.0
fea8e973e52faffa899c5a8e8b809045a8a8addbbe9d9c98494b0e62d2b57cdf,6907,2,False,False,False,False,0.0,0.0,0.0
74284d7b9b9448d295b11cf4c1532a17c068ef02e26c382da5b89c67e97553b7,6907,3,False,False,False,False,0.0,0.0,0.0
bc93513358e1b36dd71d35169701c701e4c38723cb9679752c81e2c0184ed864,6907,4,False,False,False,False,0.0,0.0,0.0
d7816a4583f666df44130a40c89d9ab120c15d02631f736e0d997467c8c7ac65,6907,5,False,False,False,False,0.0,0.0,0.0
2b22f58a34314837a3b704bb1a5f15fe6f9a94a02742f75c16f0000a753cf676,6907,6,False,False,False,False,0.0,0.0,0.0
ba4d8b4fcb4e3208e88f59b54c61b239163008299cfeb1c84f043086f5971f2e,6907,7,False,False,False,False,0.0,0.0,0.0
171bdbb51beb72425b5b72fc0c7a0006ef8c6ef863d0e4fbeb3fb81c6ad27d0f,6907,8,False,False,False,False,0.0,0.0,0.0
b6f0059c81619ffa720e2e9bf96df54a3c3bcbb9bf224c6b62d31672f2c55802,6907,9,False,False,False,False,0.0,0.0,0.0
cca619f80f74d623007d21c0fb0c539a23565fc5e158018639597712c34c4be2,6516,0,True,True,False,False,0.0,0.0,0.0
53e286ce014dc41bbc680db291bbf3f30e821daad0048c5e483842e99ee8ecb6,6516,1,True,True,False,False,0.0,0.0,0.0
de900e1639d70c2facd63b43600779b8da47e53d56ee8f04db133ba978a5e258,6516,2,False,False,False,False,0.0,0.0,0.0
e19280bb46c6b5846d8e6a411efee254f59e278fc3f9a01e0e045559caaa1495,6516,3,True,True,False,False,0.0,0.0,0.0
f8737f934047f8e82f2382abe435f044406338fae0d8ca32e5e90e74da9ae0e6,6516,4,False,False,False,False,0.0,0.0,0.0
ce7f0bfceee3473889e2defd5d2fb94decd01202aa13d4e36fe0b6564e41b2cd,6516,5,True,True,False,False,0.0,0.0,0.0
4efa52fcf1e1b91786e6a23b6e4c34a32bac92135c76d19f3bd9cd27ae8705b6,6516,6,False,False,False,False,0.0,0.0,0.0
8995a01a9319dbbdd95e367038926d4d556524f53e682b0a097ccea0a1656e43,6516,7,False,False,False,False,0.0,0.0,0.0
50e5cd1abe765dad32f201bc0de20b1627d90855b760d48ed79db999eb5ba4a4,6516,8,False,False,False,False,0.0,0.0,0.0
a7598a27fc92ceb15ea9bf6a3f1f4992ff7d502120ec697afae7789d3ba2fed4,6516,9,True,True,False,False,0.0,0.0,0.0
4c93d2ddf58df62fffc4391455a89f774b35542e7748434611db3ded33fc5227,19189,0,True,True,False,False,0.0,0.0,0.0
985c20d5981f375aa015aeea0e38adcacbe7f25599601fdeb3d18b389583f5ab,19189,1,True,True,False,False,0.0,0.0,0.0
f5db8914f2de4026808eea7a8a9f10d8ebe41e89674bf144cc6a9606ee577931,19189,2,True,True,False,False,0.0,0.0,0.0
13b3437e3262a1974875505ac13996702c714b53de98782d86d7c94db3480f6b,19189,3,True,True,False,False,0.0,0.0,0.0
2c2db3859337074a04c16e888fd10de36c237cb2327122515bde59074415232a,19189,4,True,True,False,False,0.0,0.0,0.0
3756126403f8d77e12889409062872fac3a4875e8484151a63c10959d1389fca,19189,5,True,True,False,False,0.0,0.0,0.0
8b319588e4377378bfe6f7cb1040c693649171f8e826384447532b54af15fde6,19189,6,True,True,False,False,0.0,0.0,0.0
ad4c17e1ff377ee3b9b145527733aef9992d3b0c770bcad82368b5d1bf4c1324,19189,7,True,True,False,False,0.0,0.0,0.0
11770393aa89ce91321f39383df5d10ff9b7023c6a8abf1c3e47a4fef5929419,19189,8,True,True,False,False,0.0,0.0,0.0
eaad105f1797b94d555a309027066ed45eb57e63cf71f4f09600cdf6b5074b6f,19189,9,True,True,False,False,0.0,0.0,0.0
5b96ece5795b41fb9fa4bfb85ce115f842a3a6b62a0e70c658a5dd8426ac7cce,9724,0,True,True,False,False,0.0,0.0,0.0
759cbf16d4dc4ddf70fc89546d056af336277aa06f571f92826230c4d360483e,9724,1,True,True,False,False,0.0,0.0,0.0
95dcbdc08c638cbfcb4b42dbc45390e3c5e589b37b515f56a38fa5d1d20716b0,9724,2,True,True,False,False,0.0,0.0,0.0
be65c359c02b759249ad6a10297416b16c17f55aac3cfcf5a0e8c5909803421b,9724,3,True,True,False,False,0.0,0.0,0.0
52a2fd879e6ec785fbc6561353ed68b60ecc1235a32bb9e2109f154049e00f63,9724,4,True,True,False,False,0.0,0.0,0.0
04a91ae2961ed9c64b6fd95914c5049c48ac9b5b0c09cca4f787bffed8fa537e,9724,5,True,True,False,False,0.0,0.0,0.0
05de9f3ea3435a3a7e4e31ce796f0be619cd13418a69f2253986a66328cd9744,9724,6,True,True,False,False,0.0,0.0,0.0
f710b36ab821412337d482f1cb0fc5defb6a3f2b869fe2ac44e825672f4ada5f,9724,7,True,True,False,False,0.0,0.0,0.0
42c0898b66f8a075af0cb27ab0c930cc4f7f7b1398def096621b194200d0a3af,9724,8,True,True,False,False,0.0,0.0,0.0
d57c69da70a538e0655ea94000d9b7a651de46618ced6ca3ad3f5515c76e0674,9724,9,True,True,False,False,0.0,0.0,0.0
780da4201a63a89913d2b0a7c874a3772330fe7e9576289efd6e01116369d01c,18132,0,True,True,False,False,0.0,0.0,0.0
a4b239e26ef71b77dbf38e0f10c44f9222f14f16d0357c7c09211b85448ca664,18132,1,True,True,False,False,0.0,0.0,0.0
8594c68a987fe518dbb4acba24bec691933cbc8ba5359f5fad2910bcd91e097e,18132,2,True,True,False,False,0.0,0.0,0.0
081c30e60cc0f134969b96cf380f7a57f2e73bb4a5386d783dcacfddea95adae,18132,3,True,True,False,False,0.0,0.0,0.0
5d314199432f6d4b1797d3c4a48c38458d2748bddbfd31efccc5e441a82d5f1f,18132,4,True,True,False,False,0.0,0.0,0.0
494445cff1fc67029a30fe6b813caf54e9cec5d276205d619727eab96deff652,18132,5,True,True,False,False,0.0,0.0,0.0
a85f223ff42a8f268b9eca80eb2bf60608335127c990567d224902bba52df481,18132,6,True,True,False,False,0.0,0.0,0.0
9babd82084a2e8f7bd9f6b792d9c8bec20d3b6620a577cb4f247142b33602453,18132,7,True,True,False,False,0.0,0.0,0.0
c08a183c05461c5f979ff17036dce5631f9758f7c54599680d50656fb6101393,18132,8,True,True,False,False,0.0,0.0,0.0
aa8c01d1ab436a26f1e7c243886bb40cb2c4b74dc08012489a76efc9d519df14,18132,9,True,True,False,False,0.0,0.0,0.0
5b0d85920d44284c3e389904ff158ef23cf02a3b6d44bf4c7900bdf7ab038978,18300,0,True,True,False,False,0.0,0.0,0.0
3c6be664706579f780d8e3939409240e65e5e727869ba23738f46b0f2d17db30,18300,1,True,True,False,False,0.0,0.0,0.0
51b71fd95386b443e0cd08328a66ef80fe2e56c4fc97708b4339fc41ee95e32b,18300,2,True,True,False,False,0.0,0.0,0.0
7edb28d6f35b0f952d3772b5d7661d5f01b9171421740701ee3bba02f46dbdce,18300,3,True,True,False,False,0.0,0.0,0.0
e7d8876e116f4cdf04faf154a3703ee93d5d7a83948b1e0d4e6ae4f46f6ba87c,18300,4,True,True,False,False,0.0,0.0,0.0
b04c86a7078db34bef60039786cb01a7c01e1b0dfc2af814a68125017401143d,18300,5,True,True,False,False,0.0,0.0,0.0
29cae7c20a286ce48d58101e8ad6464c3c367facc231cba9ab018cb14c229323,18300,6,True,True,False,False,0.0,0.0,0.0
b07b69beebfd8e1e24bcf1394199e18f9432ae86170a3098b0cbd5ee315ddd87,18300,7,True,True,False,False,0.0,0.0,0.0
a8346cff61efcc51560112d3d83af1076459131ed101086909d8e803f3b3070c,18300,8,True,True,False,False,0.0,0.0,0.0
f5d72a7eada82e6ffd7b3361a7bcce05c14cd818e223f8dfcc39be6a0674ad64,18300,9,True,True,False,False,0.0,0.0,0.0
ecb35a6ad1263db1e00cb5d91ec048fb2fcaa7c99c56a115165c9bcce6aff2c4,21629,0,True,True,False,False,0.0,0.0,0.0
8b5950a2f465724257dc7d5f216f9b27482b75b8160ab4e11dea843b1c697586,21629,1,True,True,False,False,0.0,0.0,0.0
964db3d091477256dcee728e9b3fc446c55d9c5e277ce0a2842952e6d34165d4,21629,2,True,True,False,False,0.0,0.0,0.0
82cf27f14f91a6c3a9ea393443e3cb33b3d7f0af536e93c6adde702d39a708f4,21629,3,True,True,False,False,0.0,0.0,0.0
945eda150e97b74afca504983fb4e39cc5f92ef5a93ff2737b76aa6cc1d45430,21629,4,True,True,False,False,0.0,0.0,0.0
4a75e2bba8df24ea6d4a06c0c564e7c264dff00af5085c558f7895d49d8df023,21629,5,True,True,False,False,0.0,0.0,0.0
14a73248785dbc4db797e6bc73c974773185d9b9f7d06d07effddbc41de7903f,21629,6,True,True,False,False,0.0,0.0,0.0
23e07f2bf177e280682bb82f97004788d958ade04f312c1f6500e6dc67243014,21629,7,True,True,False,False,0.0,0.0,0.0
e238151a3d499281ad1d7f85fb29631a0f97410f4e977d48277cb6e13e230627,21629,8,True,True,False,False,0.0,0.0,0.0
03154bf1e5d692e5ba791a0fce2c549090f9b294de3e96adbbad7063a9961caa,21629,9,True,True,False,False,0.0,0.0,0.0
0fdabd4cd2fdadb4e23c1c554cc9bb34e2ff2f85563926c6043509742fe11a99,20095,0,True,True,False,False,0.0,0.0,0.0
34b1cf693672bdab605ef02b319b28a8d58d7ccd44ee0edab328e14344060217,20095,1,True,True,False,False,0.0,0.0,0.0
e52709bf494a9c203bd81786c81ebae0d721f94e8cbe4efba4a45f3db4c8f39d,20095,2,True,True,False,False,0.0,0.0,0.0
5f44f8bfac71a762436abd0d5ab381f1a73b06cd4cc8a00e37a412bf9359dac3,20095,3,True,True,False,False,0.0,0.0,0.0
619ede0138d12bba4f0a2d74b6ae7cd0e746da819ae12c9de918d188b33d442e,20095,4,True,True,False,False,0.0,0.0,0.0
90f153332b690a3d8b7bd6553a71e45c8c333234d51d20729b833918e668986b,20095,5,True,True,False,False,0.0,0.0,0.0
593020fcaf368b510d979273948e4d6ceba8f2b64382a8f58a646656202eac10,20095,6,True,True,False,False,0.0,0.0,0.0
fa11a0f93d689f5e88955cdebd9af2949f92923877b2ce99db9c46d8aa98844d,20095,7,True,True,False,False,0.0,0.0,0.0
9f953975651197bd8f52023f62df78b0031809fbb809adc6065c4ca84c458424,20095,8,True,True,False,False,0.0,0.0,0.0
e88fe0030b4b04f4c602695b9881d3e8d2bb827f7ce979f730e5e1ea125c2d26,20095,9,True,True,False,False,0.0,0.0,0.0
f1a269e862e523f5f6be5d9f7e18c4e8f4b48737dce99159e456a563f96d9024,13443,0,True,True,False,False,0.0,0.0,0.0
9685e2ebf0b5d9ff8e50603ce130764fb36e8b7d25480b416f6d1df6005ab7fd,13443,1,True,True,False,False,0.0,0.0,0.0
d57c67d9c60e254a42adbe57af3708b0896fcf51fe686f3bdef531823aedd002,13443,2,True,True,False,False,0.0,0.0,0.0
6ee9322c4fbac7ff526ff09b0ec946e8b6f1fea378381a74b6ca39d76f0e5e42,13443,3,False,False,False,False,0.0,0.0,0.0
4feba34c41c97412a5c05ccea63bd050126eb9679d402acfadbbd6763648f2ce,13443,4,True,True,False,False,0.0,0.0,0.0
3c73570c48d28a9ac142343a87db370569af5108b21d8ada33beaec7770ef2c6,13443,5,True,True,False,False,0.0,0.0,0.0
fc64d4df1894dc50731d0aa415c904b335728b7050b75e7f2fa14f5dcd408029,13443,6,False,False,False,False,0.0,0.0,0.0
3506e5469d4b4152187bedbb09ad5df3deb5757d1a46d63caddde02412fca992,13443,7,True,True,False,False,0.0,0.0,0.0
b4fc3d230e96fad57e57cc9251973a526df8d4909aa02d5bd6c3f0d74e0ab18d,13443,8,True,True,False,False,0.0,0.0,0.0
e6b250e4290bd3f956e1a96fde437e707096cdfb4dc22ccf5b5a89dae52e9df3,13443,9,True,True,False,False,0.0,0.0,0.0
0a18a386950cc61cf0f78f487261fdcbe13befd0419228fc8217f1ff876f9531,7665,0,True,True,False,False,0.0,0.0,0.0
7e8b0532a615296f74a0bc3dd5efd0a987a94e788a3fda8b176422dcc064946b,7665,1,True,True,False,False,0.0,0.0,0.0
48804d86a51840e8fb083d2e949ee52c2d78f6e70dc47b3a0070accce1a61a8f,7665,2,True,True,False,False,0.0,0.0,0.0
070a51cdf41cb4b23abf3006f589b3e222d321de9cd349fa6a21e574f1d1d8b0,7665,3,True,True,False,False,0.0,0.0,0.0
51e9c0c5f18890dfd03bd83ff97deaaf611e5c25288bf4710dd358dcc3adeb7d,7665,4,True,True,False,False,0.0,0.0,0.0
5a2ece92dc8200ac0bbe331332c607bd2b6f0e918fb31a0837992528499744b5,7665,5,True,True,False,False,0.0,0.0,0.0
a2fbc09684df15f481b9c5fc08e8799798d21570ae55238b1f4eb99655988fa0,7665,6,True,True,False,False,0.0,0.0,0.0
059a8afd925108db1ac920910ce288d120c46bf787db3384586f561510f8fd8a,7665,7,True,True,False,False,0.0,0.0,0.0
d560078dfee8aa689097b6a289b8815911550d30cb573c8504e00e4c140c9c63,7665,8,True,True,False,False,0.0,0.0,0.0
ac69203e9b76b5a05567360949e784ca97c49b3e3cd618a89d74a8fcccd0b1bd,7665,9,True,True,False,False,0.0,0.0,0.0
6b37857c3908ed1996046408e286b26a5ca52ebad03c1cb9b8b1aab20e847d17,16343,0,True,True,False,False,0.0,0.0,0.0
9413c9440717a252eef9b2e1d391cb39e2cf46359519cb8fe9df0919a2b285f4,16343,1,False,False,False,False,0.0,0.0,0.0
4c9e0387e32515576e2a2133f48f029f1bda6a05239fa7ddeb1cde9701c21be1,16343,2,True,True,False,False,0.0,0.0,0.0
374ba662201fca95010983126ba16581355e56c2c1ec7dc748e5dc5f78c9950a,16343,3,True,True,False,False,0.0,0.0,0.0
9fc4d0c78f4ce96fd953498b5f6e88c564a06bf32064c3165a912bcca941b861,16343,4,False,False,False,False,0.0,0.0,0.0
52a16d3d32026a8ef155d8b850ca686c9f665584e38095ee7ce515b14bdcc480,16343,5,True,True,False,False,0.0,0.0,0.0
26895f7f98aff463b3293e9259e72a18f12839aa677074d2f7467a3b5dd800eb,16343,6,True,True,False,False,0.0,0.0,0.0
34b61ebc7fee1328ea50762e087315c61b34b4e5fd96e1a026b1daedc3fd3749,16343,7,True,True,False,False,0.0,0.0,0.0
fb0e5a80a9cbc7cdc350c5586e1cb1cfe2ba5da66cc1ec4de2008a8da43e179e,16343,8,False,False,False,False,0.0,0.0,0.0
2d36668127644d6d0b1e709211a935596b732ac1fafaa16ed9b4329f938978f2,16343,9,True,True,False,False,0.0,0.0,0.0
be3c8b4c14472c92bf111fee58e556d4002ec59af74b2d8c13e5088b2ecd8a32,7446,0,True,True,False,False,0.0,0.0,0.0
f2087125a3b1a7490d7a13abcac12ade6ff20bd3b260194eb7639cf19abf2e74,7446,1,True,True,False,False,0.0,0.0,0.0
2124ca8b2a2e3dcd67a6ac634b426fd21f435db06a3810a8d67285fd871308cd,7446,2,True,True,False,False,0.0,0.0,0.0
55c7d5c565d41d93d4bc6eeccc0258d18fc1734f000c64543c3e5a21857215de,7446,3,True,True,False,False,0.0,0.0,0.0
08544a1d1c71b3e44f2da7b624b7bc1e6680f4d2a2247c0f510cc20f89f8d1f8,7446,4,True,True,False,False,0.0,0.0,0.0
6bcdccf5906cc54c62ad3ebc8133ff55612eb2e91ea6d2686e81cc773c478522,7446,5,True,True,False,False,0.0,0.0,0.0
c6534ff2b7e7988122536d1834178566ab43ef78668686102c2dcd09bd57525d,7446,6,True,True,False,False,0.0,0.0,0.0
594a9676e81c1e5cb8dfe29d998810207d74aa63df9be82be0ed96bfa6fcf7ef,7446,7,True,True,False,False,0.0,0.0,0.0
39de9da596815bb9fb54fc7f2edff63181840c28cf5da580a2cce774f8352a91,7446,8,True,True,False,False,0.0,0.0,0.0
7227d7683e3052fd177144a0311772d8c13313c0f71f5bcbd73dce2841da6ec9,7446,9,True,True,False,False,0.0,0.0,0.0
b4301f3c1843f7309f583bb5e4d307e5872df4dc8406a1840c28afe10bbf61a4,1399,0,True,True,False,False,0.0,0.0,0.0
f13453b8884c28e3865d038916b6d535bf74baf25620e43e8c8538bdceada095,1399,1,True,True,False,False,0.0,0.0,0.0
d480c457502ef08aa429f89028a241edf552cc7ec3d2066503523c8a229fb104,1399,2,True,True,False,False,0.0,0.0,0.0
0beb319fbd8ab9a2e7558290f4a4c1880ae2111da197c6c600d60d7a71b0046d,1399,3,True,True,False,False,0.0,0.0,0.0
e734affde608cbda26c650433a92323644fef07d2b0ac439b5c6347b0efd360b,1399,4,True,True,False,False,0.0,0.0,0.0
6d9d44ee080dd9f334916805c84b9412d4f6e099b301248cfe144fec3c7e5853,1399,5,True,True,False,False,0.0,0.0,0.0
7e87a91635855b3ef018cbdf441ee20bb5e1b5a2f5938e6a795862a1369492e0,1399,6,True,True,False,False,0.0,0.0,0.0
de12b351a56830117d41807506bcc37d0b4d998418b41c1e68ade9fd9efa03a3,1399,7,True,True,False,False,0.0,0.0,0.0
d5772dfd77db95e5dbb6cc7cc70563d7a6eff99452560d4281d0843b947aa616,1399,8,True,True,False,False,0.0,0.0,0.0
474b2158f0e01204c668edb77ac213fe8e3444c8d79cbdab9ab79b1192153fbd,1399,9,True,True,False,False,0.0,0.0,0.0
a67d4b44eb34c2c2d4167e84da52f7324f4d320f015a4374f894eb9e9f2246b4,11858,0,True,True,False,False,0.0,0.0,0.0
93d3e5d1cbb4902ba3d621f19fec7a203540a63c16f90b7d0f04a14fb0d3ca6d,11858,1,True,True,False,False,0.0,0.0,0.0
5e31f403a9f03ce68203798cabc07bce5ff5b08f45c3933b6cfaaf94d86f2123,11858,2,True,True,False,False,0.0,0.0,0.0
60d033ff339004cee0d74c758335f976991f12d76b6303a50b0bd8a8319a118f,11858,3,True,True,False,False,0.0,0.0,0.0
b2d5d86a2c514edde531a79d081c2fd5558c1d0ff58af7e1e4629fc621c54f33,11858,4,True,True,False,False,0.0,0.0,0.0
440161e07041e8180e1439cef389c5c49bf95532b996655238eedb9c2657b000,11858,5,True,True,False,False,0.0,0.0,0.0
ee583ae20f5451a30764cd9ea32f89e62908ea8d29122fb7fbefc61685262ff8,11858,6,False,False,False,False,0.0,0.0,0.0
025fd7e431d1c116a426e9625bc4b735d437b978c7dd05cfb5bb681c6d7da6f9,11858,7,True,True,False,False,0.0,0.0,0.0
2c99c9a9eb6504a0b88b87d79dea96f46530ae66578720dc4e5cc097946e3b17,11858,8,True,True,False,False,0.0,0.0,0.0
9ec5b3193c6ac46225ffe847bd6a8b5e4f80bff8f033facf03c94dc6fbcec11f,11858,9,True,True,False,False,0.0,0.0,0.0
34499a99e5717eeb78511c20425856c1b6364a1b35c66035cd65bc45116951cf,6326,0,True,True,False,False,0.0,0.0,0.0
c8f02ea543150bda8a5e869f837f1bc64569a7ed0394c297c0db9cfea7ef694f,6326,1,True,True,False,False,0.0,0.0,0.0
2a2c85297013ae1939a346f643ca53078d3452a218502e178bf83268767c5555,6326,2,True,True,False,False,0.0,0.0,0.0
d5d04ab4340a67ecad44e18dd625586c0a5b33f5e87fd2495bf7c4de3998baa8,6326,3,True,True,False,False,0.0,0.0,0.0
f63118d27653d164e3db4f49220480557bc4000a11c1514b13436304ea51a674,6326,4,True,True,False,False,0.0,0.0,0.0
9575a20dccba53ecd189377c958345f9e36921e11d443dc2dfaef35bd1391c19,6326,5,True,True,False,False,0.0,0.0,0.0
86eecd99a0fd88a13da61b2abffb0d060a66a3ba40c6b3aefa7ab16d71b857e8,6326,6,True,True,False,False,0.0,0.0,0.0
4a67bcb9f9293c56a589534ea386e68f4979cf22e6ede53bb607a355dd500707,6326,7,True,True,False,False,0.0,0.0,0.0
5f852b0c25be4ea79c6ef04edc2b6ada6dfb9593101d0f494842b6c196662409,6326,8,False,False,False,False,0.0,0.0,0.0
e75dc218848864922da2f0ee4e23c74716390fd52ce9eaf0c34f4251df9e0689,6326,9,True,True,False,False,0.0,0.0,0.0
ed571eed8731a4a4faf75ffe9bd484c4df811d170b823f06dd193b48a48738ba,15825,0,True,True,False,False,0.0,0.0,0.0
f537a8d8b42a194abc5974681ea335e4bc150f06349b8c10b2cf8cd521e69bb3,15825,1,False,False,False,False,0.0,0.0,0.0
a3a1a7634ec57a892c2a93ff081d1bdbda7fb68fd92e925bb809362d51111fd7,15825,2,True,True,False,False,0.0,0.0,0.0
b772a44e8b107ed9ea753ac071878ba17aacfd98e28364ae7619494efe865648,15825,3,False,False,False,False,0.0,0.0,0.0
55422cf477a8ca7b57d1833003b7048a1ddab6e73f8159f25d1600bd9d7d3332,15825,4,True,True,False,False,0.0,0.0,0.0
ba7c3d81325630d93096b0e753ffc3738ba4e7afedd081a14fc258c208c397cf,15825,5,True,True,False,False,0.0,0.0,0.0
9b02eca3eccbf309e0bc7e1e1f2d35dcece7b283e5d728c8a80ab709964317a3,15825,6,True,True,False,False,0.0,0.0,0.0
8a344b11b52992f0a9cf10fe3248414080d7cd90ebce134773243a79973e7bca,15825,7,True,True,False,False,0.0,0.0,0.0
85301ebc65250db46110d9b3c1dc4ffa7ed7cb8a321bbe277a335c45122c03ef,15825,8,True,True,False,False,0.0,0.0,0.0
5f3b030a785bb525442ddaeb8171236923952f98aacd60710865dfbe8dc1fa7a,15825,9,True,True,False,False,0.0,0.0,0.0
77a843e1b8ab42cbdbef0582397ac68e76be84726446f94d7916b4a1743a0638,378,0,True,True,False,False,0.0,0.0,0.0
9a03bec3a12f6763c8fd082e781b13de64605e55924f543aab351e9d66892686,378,1,True,True,False,False,0.0,0.0,0.0
d5ed0b203d7aa70d127e2591fe89d582a4bba3f1c5e6f8f0556188fe7ced32de,378,2,True,True,False,False,0.0,0.0,0.0
05c9bdaf8b56599a3bc683c94f5fb4415a99bef376b397c18c29e0e5e53ef2f8,378,3,True,True,False,False,0.0,0.0,0.0
707988b67b9bce15d60103edd567869c80909756deb49a7e1436f965b1fa16a2,378,4,True,True,False,False,0.0,0.0,0.0
46dd23f72aefeee0a7d945cf9f3fd1e902f4db9d91a1e181ef6c544669344599,378,5,True,True,False,False,0.0,0.0,0.0
3016847fd6f2c27d1fffed0debbc0436a2cd132b0c0326502f348eb2cf1ef5d8,378,6,True,True,False,False,0.0,0.0,0.0
3037af9234cecbb213c982542ac2dbc37fa883e8c5471f96867ec38af9254de3,378,7,True,True,False,False,0.0,0.0,0.0
4072accd9120613f6fcf1552e47499afc111f61768b8aaaf05efa24c09a0a0b0,378,8,True,True,False,False,0.0,0.0,0.0
42c8ed6ad4a8f69d9988c8f3418b80828792bc1e3c8f719fab62702d290c4eab,378,9,False,False,False,False,0.0,0.0,0.0
ebe8dc97d7243b7c465487c5e24dcceb9dd18df6cf83755098c4d551b118bf41,4737,0,True,True,False,False,0.0,0.0,0.0
d2c3935f93421aa8b0b8dec770415a12bfb72c6d18d60e070a1327222c83762b,4737,1,True,True,False,False,0.0,0.0,0.0
73d4107b5da21f8075597dc9e382304651d44ad25ffc21adbd22f66c07ce0967,4737,2,True,True,False,False,0.0,0.0,0.0
37916c234131ba8614397ec61a2dd3ebc2ad8104a2ae5339f175b650721c46f9,4737,3,True,True,False,False,0.0,0.0,0.0
a3b8d1e6840f9b28724d82565ada4c3f057e9dc2213727941dccf4cd2f7b710c,4737,4,True,True,False,False,0.0,0.0,0.0
4d18a09edca88069d4dd7c3acfb74af2ee0b3678f8abd6190c6885767f0b6c56,4737,5,True,True,False,False,0.0,0.0,0.0
c9e777a97f7b4f4b5715b0e822f8427e7f403142af9dd4899a4a808e1276bf4a,4737,6,True,True,False,False,0.0,0.0,0.0
1d2b184b16b9df881bd09bfba92797c3a332daa36ad5fa877db324b3b03acfb4,4737,7,True,True,False,False,0.0,0.0,0.0
6bd5cefe12a02835a23bc30b0c3a752c959d101d2598987f2ae05314ef563954,4737,8,True,True,False,False,0.0,0.0,0.0
2303aea06f2f4df3cec0f128df2ec85524bbcc32a063b7eb39593dd75705539f,4737,9,True,True,False,False,0.0,0.0,0.0
856f7dd4604431d88e8cca0f59a273c97ba6dac103c41ebcb7d570684f92706f,10106,0,True,True,False,False,0.0,0.0,0.0
902928e40393be8127df7d3ec0831d160f122fe33d54e2e386030066f89517fc,10106,1,True,True,False,False,0.0,0.0,0.0
5d55672419f78fcccdaa88800411459ddd2edb767ff9f00e29c964356dd18675,10106,2,True,True,False,False,0.0,0.0,0.0
9b97753230e9f5e7c75c80f81de788313f351ed572920fcd39aca967a3b9228a,10106,3,True,True,False,False,0.0,0.0,0.0
3f6df3ccd537306e2dd54040516fac2c26f601ed820fa4ae3ec875a5e7d83c7a,10106,4,True,True,False,False,0.0,0.0,0.0
ce84a244ea08c48cbe6215b82a4751a073c183b3d97134b5d3885596e3591d5a,10106,5,True,True,False,False,0.0,0.0,0.0
1ff9fcebf2eed02fd6d09ffedbcc4a61946eea787e1fa2ae58e66f850a00f311,10106,6,True,True,False,False,0.0,0.0,0.0
953602cd83f1d863f32ab266a931b4ea5b7498c4df17d8ac288214be034f7956,10106,7,True,True,False,False,0.0,0.0,0.0
8cac9633e783503230cfa9c84bc41262fbad94ef94400653d92dcbf2ee068136,10106,8,True,True,False,False,0.0,0.0,0.0
a2e33d72242d53c4a3ba68e06f97e72d3572b2a9227d1447f5133c2ccb7838db,10106,9,True,True,False,False,0.0,0.0,0.0
a84e273da29d4985870b3ab23456521fb07f8b6629cc041bafffd7b9b3b29de2,11321,0,True,True,False,False,0.0,0.0,0.0
0d699bcba4be96357637a72758048beb4a7e36774c24d6591e80488b664aad91,11321,1,True,True,False,False,0.0,0.0,0.0
7593834b8cb0030d2621cc89819d21dbaf01340a809a87885f4756a39ac6123c,11321,2,True,True,False,False,0.0,0.0,0.0
b115c488cdf2df9ef08401ad20a2bb68189b4ee31ac0de946016596e55629335,11321,3,True,True,False,False,0.0,0.0,0.0
c03883ef37fc995e80af0633030fcac7c764c9b561f320772a0432ddf6c7b732,11321,4,True,True,False,False,0.0,0.0,0.0
c92756b2b065abc41716c29b1e2860a2788cf62a30682d040d8f30b40f5bda59,11321,5,True,True,False,False,0.0,0.0,0.0
62a8cf865f7012e0790a48cb67fcb36a1fa4f98db50465ffab570d07e3b40b62,11321,6,True,True,False,False,0.0,0.0,0.0
29236d3002fb2cc1d25203c3bd748d36f81b6edc218f87ea3322e426e07bcdbb,11321,7,True,True,False,False,0.0,0.0,0.0
c14f93eb03878153e311302cd7873ba6ff13ee1590eda012ba82845eab2a434b,11321,8,True,True,False,False,0.0,0.0,0.0
457ad6c06c21bb16aabd7cdad28fed3ddeb2a44674096365c49df9d7b3fb7f8c,11321,9,True,True,False,False,0.0,0.0,0.0
643154eee25e23808d7d4baf5735583423b7980b56366d99749b860a80f7ac30,8764,0,True,True,False,False,0.0,0.0,0.0
0716c0ad143b576698da0a8e0e159603b9026b8bc9f4affab671eb91840ee123,8764,1,True,True,False,False,0.0,0.0,0.0
5525eb37fdc7804a0f3889cda39565895b9820cff973bd97948be5d819ae6f76,8764,2,True,True,False,False,0.0,0.0,0.0
d59bb2bc7110e6094d738ca371c19365c7165641c44494f0bafbfcdfa7aa2e3f,8764,3,True,True,False,False,0.0,0.0,0.0
af650d9800acc226f032d78b360b1c7ad62c84dc9e6e5925d79e60327327c689,8764,4,True,True,False,False,0.0,0.0,0.0
136f814fd21e0b24fcee0f8fe0366c2e7a9a3fc422691d8adc8290812394150d,8764,5,True,True,False,False,0.0,0.0,0.0
992d697f4823296a6bb15e29cc5f544425938f95157e33083a734397360ccb1a,8764,6,True,True,False,False,0.0,0.0,0.0
7cc403b04cbb6e7bf0b629cf24f258a7dc3954e9b15cbb4c9bc37602f236aade,8764,7,True,True,False,False,0.0,0.0,0.0
fbc9c6eac582783e5cfdc01a792f082dbf8c671f03825d03bc1601620a7f8992,8764,8,True,True,False,False,0.0,0.0,0.0
69a93bfc4524ddb5a43db5cf8b38d8ddccbeba108e8f081ed62c97bb8a7693c0,8764,9,True,True,False,False,0.0,0.0,0.0
93ec59e9086d8e70a9debf501d9de1ae81f8e6682f439c9acd3badae208eb5f8,21830,0,True,True,False,False,0.0,0.0,0.0
ded75f577fdf13499f5bed0d9dac987d996c3f5e1cb5b9d4f864c73ab4e62e48,21830,1,True,True,False,False,0.0,0.0,0.0
a5c9ec0671ede787e00f0e2d5e1ab9b52ddc11f5179899221af1fc3fb3cfcf87,21830,2,True,True,False,False,0.0,0.0,0.0
fa1adddf0ab135d219491a8f4178fedb1531adbac9bd0bdd99c521e85fa6aa63,21830,3,True,True,False,False,0.0,0.0,0.0
a9e1b9dca2ecef0ee0c6857230cada8726477bfe7b1c029dc42bdbbd14c53443,21830,4,True,True,False,False,0.0,0.0,0.0
b11c61c20327bb55bb72a065567e7d3bfb4ed0da29f6ad9fc6d516b34b232759,21830,5,True,True,False,False,0.0,0.0,0.0
49672c5679ac7f76238020c3e198e297849b7abb4711dd84e24a7c186d75fcbf,21830,6,True,True,False,False,0.0,0.0,0.0
cc04fb20579939f04014d99272adad56e6d0ccd1819a6d933448e4c0f03ab5f8,21830,7,True,True,False,False,0.0,0.0,0.0
3447ab993f39abad80d4f621c047f64e2bb6b26f87e71beefde0db55f4b04d41,21830,8,True,True,False,False,0.0,0.0,0.0
e370891ab22609e9322aa60e0f90d55b5b26b064b92b96a29f2f8441036cde01,21830,9,True,True,False,False,0.0,0.0,0.0
5eb4c0f845c3a8e4640982999eafa6f16d02aecbec7aad27ad9cc2a2dd83915a,4949,0,True,True,False,False,0.0,0.0,0.0
e0050ea4ef7ade27c396566b87c1a71e2f327730e268353ad65b6957d0dc3cff,4949,1,True,True,False,False,0.0,0.0,0.0
686da015a80436e34f2c4ce1b759d03d2c50017884c1816b362002ce8b94042b,4949,2,True,True,False,False,0.0,0.0,0.0
a09ed627075802ba040c10f3929a3cad51343a14b8354ae541d57b66e6eea424,4949,3,True,True,False,False,0.0,0.0,0.0
81b6ed2e89f02bbbcf1a2192009290393b521e902dd53f48699d71ffb5e1e678,4949,4,True,True,False,False,0.0,0.0,0.0
097a3c20e3bc4920fade6d503b78795aac79412e514c7350a42d5faac87a43a2,4949,5,True,True,False,False,0.0,0.0,0.0
94a89629d5180a203fbd40830bf84fcdf78f19855211f7ac7bb0324788428154,4949,6,True,True,False,False,0.0,0.0,0.0
62c1deb1fc7b124b05743034589e9fc5b9bd49109925709bb0fa86a374d19471,4949,7,True,True,False,False,0.0,0.0,0.0
bce87dca902c616b05557733751a3983e2f61c330b287d27156f5ee925192e89,4949,8,True,True,False,False,0.0,0.0,0.0
fc51cf0e7a0c82fe10b47cbfbecc06e81048d637afa433586bd049bb6d62c1f7,4949,9,True,True,False,False,0.0,0.0,0.0
1c2357ec2806bc58d237ec7168f934b9c7dfb589f17ef324ab8705e8839dace5,1888,0,True,True,False,False,0.0,0.0,0.0
58b244d085461ce994064668a8701fe7cf5978888b9d74d8149117e17138a219,1888,1,True,True,False,False,0.0,0.0,0.0
4cd29b0c8bf6e77c7989d3c3324038b38c8597479524b761dd1e581e40f3b8ae,1888,2,True,True,False,False,0.0,0.0,0.0
3359c915ff8e5a97ff3661182fdd0ccda77f510ca98965b9cbe89cb91e0f255c,1888,3,False,False,False,False,0.0,0.0,0.0
4ba7bdf873bc7fe537fb8d215199ce1f375f4eede2961bf637d8abeabad047ee,1888,4,True,True,False,False,0.0,0.0,0.0
ae1fcabe04ac98a0adcc3922d3328ea9c21088e7f8eb7e5797bf1fdc1a881697,1888,5,True,True,False,False,0.0,0.0,0.0
1a922c70d5fb64c5d579fd6f0a423b719096df53db510977e60a98b1fdc9baa2,1888,6,True,True,False,False,0.0,0.0,0.0
09a98c9b8b039d63cc53c64dcad5f29ac4628eb161fdad27a670eae965c9ec41,1888,7,True,True,False,False,0.0,0.0,0.0
836191f6853550e3f948dcc544d97635e02265bf0281613d98bbaa15cbfa540c,1888,8,True,True,False,False,0.0,0.0,0.0
4e2b30e36e9d983507ce37125fc4e286240449fd32dfd69a6c332e2c33cd64cc,1888,9,True,True,False,False,0.0,0.0,0.0
3de973c89a55a8104ac685423d29249aedeb2ccdb245e7367b814e3160c76477,13021,0,True,True,False,False,0.0,0.0,0.0
04a9303fe697a44647a14d5999bf8269e897c4eac80c0f55f2b3d97bab6f400e,13021,1,True,True,False,False,0.0,0.0,0.0
9eadec7b7f9ab044b77e4cf43f5c263f22ffe609dd9b8fd73f04e79eeb7601d6,13021,2,True,True,False,False,0.0,0.0,0.0
b9563fb4139a099b6a3bf99e8ab095e798a3e6f30387ab1f53e63011c0915549,13021,3,True,True,False,False,0.0,0.0,0.0
4cbb1b3d42001c6c82f3e86678ce7076139d77421d1caf011556dcf66afa8cd7,13021,4,True,True,False,False,0.0,0.0,0.0
1e760e6430ee9e3d9c505d9291fcfc0f1288dd3965808558e141b63306815226,13021,5,True,True,False,False,0.0,0.0,0.0
e6a0980f0ef91b3af198977f0587c8b62d05b686a9ac9bff6442998d0e0a4564,13021,6,True,True,False,False,0.0,0.0,0.0
be2dde716260b794e41bd99c30e74f5a427ab1d14134af13533f8e8723865dd3,13021,7,True,True,False,False,0.0,0.0,0.0
e8ba7549f273a76b4c78a41a58ca7fd02d37ab05ae162f19b3caf0584304f022,13021,8,True,True,False,False,0.0,0.0,0.0
52617687995b36b2ee9271c2bf4bf6043485df491423e5693d75890488fc3ab3,13021,9,True,True,False,False,0.0,0.0,0.0
e19b2b71df053e596506ed08ccd33b19eaf9ca621f5825aea7f4b697986e9f68,6451,0,True,True,False,False,0.0,0.0,0.0
88ee93c7710ba93e1b0611e9dcc7af298eef9906ad619819b798b010a7872795,6451,1,True,True,False,False,0.0,0.0,0.0
7486cbd6cb71625677c22e6fdc9030834bf29a2382c6a299dbb2941caf906705,6451,2,True,True,False,False,0.0,0.0,0.0
81497491fa0cc103450760a81ed17b617b01e609aff25a97bfd640691a5ea2a8,6451,3,True,True,False,False,0.0,0.0,0.0
781daf206c527538b523d08f91ec6ee0cd9e7bdbeae6ddeebd97bdfa72f03b42,6451,4,True,True,False,False,0.0,0.0,0.0
55bddc5f1c11cef041fa95bf8735e15986f6c44e31e462f4fe14cc5c5c556951,6451,5,True,True,False,False,0.0,0.0,0.0
7d207dabda34538c7a7a07400416cb204a15e5e37edc9642b9aaa139e76da5c5,6451,6,True,True,False,False,0.0,0.0,0.0
7eced6a17e3b132af4b3516ac9dd72fb58399e64682387694a7fdf3b9a861dbe,6451,7,True,True,False,False,0.0,0.0,0.0
d76e57591f856d5b41db0ff295436b383e10a28464544dbfccd33a1bf5d72bdc,6451,8,True,True,False,False,0.0,0.0,0.0
5f0a2b0de01728e4cda09f914869cda9941bf80e8d1d5628aa957b1095b5f21b,6451,9,True,True,False,False,0.0,0.0,0.0
fa2018d41806502e00271f2272f81cf2ce717ed39ad939555228c811d3203058,55,0,False,False,False,False,0.0,0.0,0.0
f17d15e230bb3f9eda100a1d4a3898f6d00e171c0a89919f95c9c65614dbd433,55,1,False,False,False,False,0.0,0.0,0.0
7fcf668d92e23e1172d6c1f7158b1de0209998ec19a30ea3068f7599e48a8211,55,2,False,False,False,False,0.0,0.0,0.0
db43f560e02355fc0288aab456c76a80d1f420c9a75e227d416c8a2b509a81a2,55,3,False,False,False,False,0.0,0.0,0.0
bb410f9af5becbdd6807001da4584c5724ac95ea531925699c8aa01fd71a1307,55,4,False,False,False,False,0.0,0.0,0.0
e25b4080cf7d396c8aa8e003d1c418e66f5ec08247f9f10ea5297f4b92505513,55,5,False,False,False,False,0.0,0.0,0.0
f599cd51db3af9fc5a1323b89af819a14fadf35480193693da1eb1bc0c68f044,55,6,False,False,False,False,0.0,0.0,0.0
34d2a92f543c30e0143bd1c9580a1836c3c024023afbb94adcc567dc7349b3b2,55,7,False,False,False,False,0.0,0.0,0.0
05f2be5178d632ab284ae12972a1082bd5df635f65c2ede65e5c6d80352ba7aa,55,8,False,False,False,False,0.0,0.0,0.0
072f6d6dc27b0e8080aab15877cbc7cbe55625d8684e2fb01d57bcb42855e929,55,9,False,False,False,False,0.0,0.0,0.0
4e5f1713ae32d0e62d0faaeaf348d1901794cf854b120301b336e7ac7d6c479a,16855,0,True,True,False,False,0.0,0.0,0.0
a816a7a28e2882da9a74384a81e540c517885b7aff4a01ff4f3282f31a75ae8e,16855,1,True,True,False,False,0.0,0.0,0.0
34f2573d7a9af6a71f308052df0d89e5a8b6009022f1d05868601936eda3a4f4,16855,2,True,True,False,False,0.0,0.0,0.0
30e928e79da639cd95f2790c18048b9668f91977d47312d522afbc5366bd4734,16855,3,True,True,False,False,0.0,0.0,0.0
2a102927639bd93e539ace75623baaa999c5570703d1d586715e66f082743289,16855,4,True,True,False,False,0.0,0.0,0.0
fa2ab09104179b7b543eaaa81b2d700b415c1fc1f17f160d8e25058a73cf5c02,16855,5,True,True,False,False,0.0,0.0,0.0
6d4f368052d98c929da1f5cc23477249ff76fb26c4f261146e02484b53ce48ff,16855,6,True,True,False,False,0.0,0.0,0.0
9256d4d42097cc06813c7609bf5aea845972c836cc3abd073ea1251e71a5b354,16855,7,True,True,False,False,0.0,0.0,0.0
7192386a6413b185c8f920e996877af19e08a3f7d5cdb5dab12a5ec062dd8113,16855,8,True,True,False,False,0.0,0.0,0.0
32a546f02f75e56f6c9c103a606539be689c244ab548f4f7e1f884173c392760,16855,9,True,True,False,False,0.0,0.0,0.0
39d23d7e90bb2c350707c985e4ddff804fb748460ab45b436feb343f418d4613,21482,0,True,True,False,False,0.0,0.0,0.0
164c1473a77f9721065d4b32476af287c8b75e8d2365b13b8a979efaf92f232c,21482,1,True,True,False,False,0.0,0.0,0.0
99266dabe0c3628d96b2c7f5ea9f5a6af61406d1d3ea7407aa808605d40c4a72,21482,2,True,True,False,False,0.0,0.0,0.0
aa940d3a2630dc82077dfc5bedf6c3fe202de79877c475b2751bd6a6ebebf89b,21482,3,True,True,False,False,0.0,0.0,0.0
a39e3db03959d0250ad58acc9ec5c77bbf41147fe0daa3a5b6d7bd142df3429c,21482,4,True,True,False,False,0.0,0.0,0.0
89f9617e325cab7b42b1b525fd8de3fbf3901eda38a941064e24dbe828efb947,21482,5,True,True,False,False,0.0,0.0,0.0
252ac6fa8dddcecfe9c50015d3927d03ada0d1641c8a0197f4ac071488ef26f3,21482,6,True,True,False,False,0.0,0.0,0.0
bdeb18ebce48307b0890390d01de8cea6c57660cc193785ab98d4d92ec40531e,21482,7,True,True,False,False,0.0,0.0,0.0
1c5d21765c40887f09bbe1ee9359ac4ec57d32353431b551ad47ba345943d18f,21482,8,True,True,False,False,0.0,0.0,0.0
dcdc7ea0d847d7daf977e44339cd7a5d91a72234b9c410bf03eed1aa8dea140c,21482,9,False,False,False,False,0.0,0.0,0.0
bb23c7ebbe150d9f54135b87486c408533d32393685ba675ae145c4cab0c0214,16417,0,True,True,False,False,0.0,0.0,0.0
4dab57a027ca8b202966a78c1ce1366d99fa84323710ea60f4121382787e3baa,16417,1,True,True,False,False,0.0,0.0,0.0
04df2925c2e3c8a17c8c59ac333b6b35021b551fd4d68b05d398f8b1586c022c,16417,2,True,True,False,False,0.0,0.0,0.0
fdc7ba811d180cdd31f37c7a05f581c7c09b179ba4d0269455b5c4cc6ddf1a7e,16417,3,True,True,False,False,0.0,0.0,0.0
8c2d420136a39ca0b5b9d9dbb7050b809a651ed76218a98fdfe975f2410f1a4c,16417,4,True,True,False,False,0.0,0.0,0.0
69b709a7aa10c259bfa7e86c2f06b6f1c8e4b706618d8f6777e0e5511ec3c5b6,16417,5,True,True,False,False,0.0,0.0,0.0
f0c9300175c854a6f292bfbf188105f58943aad4e268e2a346ac644c01f9052a,16417,6,True,True,False,False,0.0,0.0,0.0
5eeaa0895bd24070164af96f036106ceef4428746c0e2fb0acb3dd9c27611d20,16417,7,True,True,False,False,0.0,0.0,0.0
23b30d49ee4df67ba5db5d99a62d2176b4566f9d67f70275204f29faff46d1b6,16417,8,True,True,False,False,0.0,0.0,0.0
d9071c60eb2db0cb284116b98b380ee7481e43a365e2433e8115bbceb26ea55b,16417,9,True,True,False,False,0.0,0.0,0.0
90ce8de1ea48236dab61dd6d0dc1540195469947520f5c62284822a09ea51806,6540,0,True,True,False,False,0.0,0.0,0.0
6eced73998f92b8c84b04ef2737c0fba53c2a4a69aa0360993e8b3ce6ffef936,6540,1,True,True,False,False,0.0,0.0,0.0
2dac7b7e4bc0499a90c512c3899b40976518ddfee95f3ba724fae40ab5d52a1e,6540,2,True,True,False,False,0.0,0.0,0.0
58b8b730f09cacf010f23ea1f592322b40d1a1457b0c2478e32e3a75b0be482d,6540,3,True,True,False,False,0.0,0.0,0.0
82b7e6afecd83c1401adab64e2b18526e17d34728edf7e7510a9266a8ccae0bf,6540,4,True,True,False,False,0.0,0.0,0.0
ec5b222caaf722ead02a17f6772ef0ec2b1d337943508159d8e6fde66cab4a47,6540,5,True,True,False,False,0.0,0.0,0.0
a4992786d6d8a4ccca6f77c16df5dbf8a5dcbe050eae05bc05b7f0647b9ae8c5,6540,6,True,True,False,False,0.0,0.0,0.0
71d63603b97dbd6d2860c82ce787d9b2c3eeb1436195fd252e4707ea20d7265b,6540,7,True,True,False,False,0.0,0.0,0.0
e98180ca36285bb097bd2abafe24f55a35839ac99bda95100919de9378a0ba80,6540,8,True,True,False,False,0.0,0.0,0.0
ad90ce2408a0bf3f30277e9872d4254f425523f303007d79a259e4f0d87c3753,6540,9,True,True,False,False,0.0,0.0,0.0
ec7bbc56e5c869f4fdbfd6729ca3901bc0e2e307edaf2c026ea11e7dbf2a0c2c,3935,0,True,True,False,False,0.0,0.0,0.0
028eed21fcde2d1b22854740e42925cc53edbf3ae406563bfdb695157c759a1c,3935,1,True,True,False,False,0.0,0.0,0.0
3da224a39eafe3fbf9e6caea1228b7c16df927b7cba59ea272698418c0da5493,3935,2,True,True,False,False,0.0,0.0,0.0
cc96cb0dcae014279f9b447acdd26ae23f5d679869ac623c2b765a20be2e97b6,3935,3,True,True,False,False,0.0,0.0,0.0
010dec07b8439da17cf1cc128bb1609f39bdb0da914fd2cdfcfcd47fa971e239,3935,4,True,True,False,False,0.0,0.0,0.0
f2fe3b096f354d977d894234721873938390e7fc30bbf52b60de261e0c6267da,3935,5,True,True,False,False,0.0,0.0,0.0
ea597aacafd45691d5e6095e8784190e7673ca839b8fbdd0c722b0c6d5eeaf06,3935,6,True,True,False,False,0.0,0.0,0.0
7a4284946a93bb536fb1ce337a65048a1fce0de72fcf3c186a59a697e6eda461,3935,7,True,True,False,False,0.0,0.0,0.0
c03578608c1abc79c900ca8ee1d2f4529966b8a023b73d279607835ea4e4c137,3935,8,True,True,False,False,0.0,0.0,0.0
6aa43705766f0bc38fa7e2fbc99e003f1524b40aa88f17e885994c388c292749,3935,9,True,True,False,False,0.0,0.0,0.0
ce5f953404e77812dcc42decad1111343b192255f3c6da42992069aa7c550da6,15909,0,True,True,False,False,0.0,0.0,0.0
8dc7091282aa7b2b95d2f526ed2c6288ddae6c4183864e3af552b44ae0306aa3,15909,1,True,True,False,False,0.0,0.0,0.0
c1f08704c3a4aa7c113fd76b54b1b123be3cd198d14ba5f02d2bee7503afc13a,15909,2,False,False,False,False,0.0,0.0,0.0
ad6a3a13363085f4070bc5f15a7d5278a02c8c1e7ebf06cf64169771c11bd643,15909,3,True,True,False,False,0.0,0.0,0.0
31fe145c2aeff30e80d62097ad758a2c55fbf85249a01bd5571a04cd4dff4ea6,15909,4,True,True,False,False,0.0,0.0,0.0
b946a86ed924c085d0bae81006cfdfac9657b3197a32634d6283b812c57d89ae,15909,5,True,True,False,False,0.0,0.0,0.0
d9b41c0ca92023d125a7a2ff319795146d905394f7a1f477eb4f024e8108edc0,15909,6,True,True,False,False,0.0,0.0,0.0
810f56447064fc8648ac532b0055afe876fae751ea3928354608e7d2dc298685,15909,7,True,True,False,False,0.0,0.0,0.0
ecaa42092d5b08b4428003250403f3aebfa8309f9a66dd948f9ee02d2706bda9,15909,8,True,True,False,False,0.0,0.0,0.0
acdad48d0f84830d7ce7dfe686aaa3dd1d1c1984f4174d1ad2f7cc20b32e8eee,15909,9,True,True,False,False,0.0,0.0,0.0
61d8db957b050a9071ed84d2329141130e486f07f98ee89cbed8fb1e5f6f17ae,11954,0,True,True,False,False,0.0,0.0,0.0
3dee197360ae8b0f42380fb66333a19a37371a73ee4c6eb9e4a285e818fb478a,11954,1,True,True,False,False,0.0,0.0,0.0
2cc7cc0a5c5ee136e19611a03b2acb69a107b70b2c76f00b5183d65b7431bff6,11954,2,True,True,False,False,0.0,0.0,0.0
e40903d3afa4041c1adb147cd57e96c398fdd56d7c25316b516628f10a4e7d6b,11954,3,True,True,False,False,0.0,0.0,0.0
e5d84630847a8fb4a971a5250b2528045077cd630b07f5e82600dc9fc19c0d80,11954,4,True,True,False,False,0.0,0.0,0.0
d43ee5e01517649e2d2b81ded5664377ae5f58578e7426deadfae971f66ac631,11954,5,True,True,False,False,0.0,0.0,0.0
748d5e9cf8857491e2ba8db9d860eaf6c932263726fd359e4b2b707a07d9bd3e,11954,6,True,True,False,False,0.0,0.0,0.0
15a97f33155a5bed25364ed52f3baf20a6bd9421be7b62f270b8560a2dd261a5,11954,7,True,True,False,False,0.0,0.0,0.0
21286c8be1ef683e362688dd27e7359c9cadfd839bb4adfad76ee57726fb3ea7,11954,8,True,True,False,False,0.0,0.0,0.0
973349152043e2962f681b9e5243d5c2a30b2ce7868d6ce5c10a1598455b1554,11954,9,True,True,False,False,0.0,0.0,0.0
772c5f71fe534852784527dd8cebac6a9b2f7b51ecf820f01361cb6950252a4d,21163,0,True,True,False,False,0.0,0.0,0.0
883d37d4de3800bf4aa40a99eb9148e6e3b293957a79ecdd5ec20ac8d130f510,21163,1,True,True,False,False,0.0,0.0,0.0
b795a380b95dbbea243ca8818f0ce01a4b95afc77dc56315a1f21177188896e5,21163,2,True,True,False,False,0.0,0.0,0.0
3881c432a208aed3a1e710d6e49b8a6259ccc7f04e060324ab2e666600902979,21163,3,True,True,False,False,0.0,0.0,0.0
9487a9302a6055a40231d7699f357063aa982fae51067b629483360e1197ff8d,21163,4,True,True,False,False,0.0,0.0,0.0
cc530128ed72e10c40359497585a9ecb56a0fb8d78fbc1504b589788f82d798c,21163,5,True,True,False,False,0.0,0.0,0.0
bb232d496c9c8d951a403905136d939d1d9080ab08f0dbf3ed5b46eedc11e178,21163,6,True,True,False,False,0.0,0.0,0.0
35abb8ed265ccb95b0850068f5e70d139e2d445d6655788e457ec81cc33d3ba0,21163,7,True,True,False,False,0.0,0.0,0.0
9f0e3d3b79aa59072427bfdd9c4c2567324e5114eea87cf320ff94446db337cb,21163,8,True,True,False,False,0.0,0.0,0.0
d6bc447a9098bfaff1bc40cee2b2cd21d43a21caf0a11a099e7a7a68e727b5c2,21163,9,True,True,False,False,0.0,0.0,0.0
397bc135e16c6c1f42c237091da8e9263ecaf9693a13cb3cf1fe3ef6d83c1305,5996,0,True,True,False,False,0.0,0.0,0.0
4e16a925a9ed9cecf4040728c8ac39bbedb8451788f4c170a72a0e50916c802e,5996,1,True,True,False,False,0.0,0.0,0.0
9f0578a45648c8838cae648b8b556ac0f13c67dc9e7c8d3ffdfdde35a38fc588,5996,2,True,True,False,False,0.0,0.0,0.0
7cace8cd7de3c52d609656028f271fd85ed26972cf46de8fba1bbc837261526d,5996,3,True,True,False,False,0.0,0.0,0.0
bf407491b2b4046c983e53be08be2585c226b4f606a96a9cc1c6ad77be73569e,5996,4,True,True,False,False,0.0,0.0,0.0
5618fccbc7679772fc2491fc5b0af6535425948ce0dcc1d495a7c82be5b26234,5996,5,True,True,False,False,0.0,0.0,0.0
0b89fcb2a8257b4aa2940c4b8101b0bc75acda07fd86d20f60f13c217109fa12,5996,6,True,True,False,False,0.0,0.0,0.0
d08a65acca89eeab9c1ba8cc4f210f9e890248dcb143eee8391993afe20bc496,5996,7,True,True,False,False,0.0,0.0,0.0
9ceee4b69543031999ecbf362145d83995b8db62a3a961ffe3dadd39fac619f2,5996,8,True,True,False,False,0.0,0.0,0.0
df7072f7ca8b3f758da68e93262f5ed6963cef04a7463f18fdec6c8a347c24f2,5996,9,True,True,False,False,0.0,0.0,0.0
f606e499cb1281c17488b566c088335c9a17d5b65d885cd1aaa6f28505d8abee,20328,0,True,True,False,False,0.0,0.0,0.0
06820ab895ce7b7c35998bf98ce3b068367c31dda183275b09606fa695ab2f5b,20328,1,True,True,False,False,0.0,0.0,0.0
385eaa1d1c96960858acfadb30b0e441da920c475112fff3e3ab0faa34ae97da,20328,2,True,True,False,False,0.0,0.0,0.0
7fdeea85846e54c8f93184bdc6237aae16c8a3cfa39774a74d41877af9f6eff0,20328,3,True,True,False,False,0.0,0.0,0.0
b76be4b59b39628ddce01abc1e1d183de4d452fa52247a89081d40ef750ae63e,20328,4,True,True,False,False,0.0,0.0,0.0
76f4a51aecb7b9c5f432165c72183b35dc6db6b22e9e1db4f02994c7884b1cdd,20328,5,True,True,False,False,0.0,0.0,0.0
678013f41abd7a5c740317bb73cb086d380afc0375874a190fe2d2007b39d8b6,20328,6,True,True,False,False,0.0,0.0,0.0
7be6dd51a423ebc5871731e81d4e1f94bc79d15f58e27d94c7205f766a13ba01,20328,7,True,True,False,False,0.0,0.0,0.0
e1fffe4f70868555a1432b21f106f6eef338d3574f9c1a0ca1eab9e18f4a012a,20328,8,True,True,False,False,0.0,0.0,0.0
2c929f6cd8dd7eba61e2296196aef5f3251b004f26b594d54166b93f7bd81709,20328,9,True,True,False,False,0.0,0.0,0.0
67d57978ec8c4c691c661faa3b35f87e165d5f78d7a9d1822d3cab4273e23023,5624,0,True,True,False,False,0.0,0.0,0.0
3d06b44b04d4ac069fecf485d6af69243d267fa73a76e838d355e59115879639,5624,1,True,True,False,False,0.0,0.0,0.0
7c46fbfb27df8cce764d266d27392ecf23b5294772b0dbd897050801b12a2fe4,5624,2,True,True,False,False,0.0,0.0,0.0
a686d9c7d4dee28bf9e15a2d3c4ff6e222b4f627b8058ddfa136f1a9f2751d71,5624,3,True,True,False,False,0.0,0.0,0.0
79320ff70e9ab490112f4ade21fb46b35e7a0e5845d7e2583cf215df2150f2fd,5624,4,True,True,False,False,0.0,0.0,0.0
d74f97ae7c1c0578cbfb87029f77d55a185e06de2216dfc8aa1e9ae1d7c238cf,5624,5,True,True,False,False,0.0,0.0,0.0
b5b03ef4bc87971ab69b836a1c47ac734d8cfc7523733e10148c129daa2238a6,5624,6,True,True,False,False,0.0,0.0,0.0
01a7db945e7085ff594d46f8d1ca9f973f508a8a1fbe8f97dcab3b68caf661c8,5624,7,True,True,False,False,0.0,0.0,0.0
3b9f354ed6e146ed9b1ec0d627bc4a33ef7f8727950dbfc5fb094f5cdce8666d,5624,8,True,True,False,False,0.0,0.0,0.0
e6dddaa049f438251443f3f34e5bf807faba9131c49136bf948292b7b3ee0fcf,5624,9,True,True,False,False,0.0,0.0,0.0
81793785a2f09bc06d917a82a2c4da1b39593c811706b66227d1dc5c9ed85e91,2389,0,True,True,False,False,0.0,0.0,0.0
29934bc60846741c680f72a6f0fa41d4ac12b9b8157c0202be1cd54cd5d08b89,2389,1,True,True,False,False,0.0,0.0,0.0
8cdf5721bd5336a0c20efb1de48fcb2bb83749e651e66a52129b00be11679c95,2389,2,True,True,False,False,0.0,0.0,0.0
8d8808ef0778e7fa0b24940e076e158e43a9a983f7856c16040ac47533188e5b,2389,3,True,True,False,False,0.0,0.0,0.0
7cc7e01b066e9f52293a3c1c82d8977a2af9583c694333f7a4c45f988457b7a5,2389,4,True,True,False,False,0.0,0.0,0.0
2d22eac5e69ec335db2f3d20dbbadfed933930902d115cae7ad41f4a9bfd7267,2389,5,True,True,False,False,0.0,0.0,0.0
bced5e91ed0e66ed601df332142b8431af44cda3e2eba47065ae39b3e58bb29e,2389,6,True,True,False,False,0.0,0.0,0.0
d0eb375bdcd4792b0733eccb3953ef28985a98fa8c9c5c761749a6da80f3218a,2389,7,True,True,False,False,0.0,0.0,0.0
6c5670010aeac77b97f92770c691ed3369bbc830020a0b0e6377412ae21b758c,2389,8,True,True,False,False,0.0,0.0,0.0
3cb77e3f04614842c286a598978f52a4f7b406f457670baa084e3eaea7534096,2389,9,True,True,False,False,0.0,0.0,0.0
7663c1542d5e935524b2fdbc04b97de22aa37e24915ce7720895f1b89e9ba9a2,16762,0,True,True,False,False,0.0,0.0,0.0
1e0a0ee10f28b90a715837511332d8c66465da43346bfba8ba48275626381169,16762,1,True,True,False,False,0.0,0.0,0.0
0bbec15430ab5e53eefff1d854eabb72d5c58662ec68b1991819a54b73395f70,16762,2,True,True,False,False,0.0,0.0,0.0
fe28d2188c13968d20385f94f0629d273c152a451841dff4661b4df5258bfbcd,16762,3,True,True,False,False,0.0,0.0,0.0
99c50ceaf6189753e202f836b0fae78a8492627727bde9e48594a789763831ab,16762,4,True,True,False,False,0.0,0.0,0.0
0c02abf0847a359aabd9f0534f6826ed52f4ea8e1e4190da5af6e2b4396dd6f5,16762,5,True,True,False,False,0.0,0.0,0.0
6229cb27314be396283e814dc9866f1f7f6a0185eb51665145bf54f4c5224a3b,16762,6,True,True,False,False,0.0,0.0,0.0
97f4ab3ce78663d72cd19345cf92de6c4937b9071a856715ee49dd27749211bc,16762,7,True,True,False,False,0.0,0.0,0.0
7d915aa595a96f50147d30498d383505c995235014361865937344aeefb001a1,16762,8,True,True,False,False,0.0,0.0,0.0
990f4c492227c79149a12e1dd8f47cee6f5c38231319720d2231e74da92f37fb,16762,9,True,True,False,False,0.0,0.0,0.0
b192c6114c4ab1bdd5539a7b3da343fb565c7a9c1314a8944e87d8bf51f5c8c0,9485,0,False,False,False,False,0.0,0.0,0.0
e882d935006f5d3a6429e624b8ff1940470679548ebf7db60b06f8853d6e4744,9485,1,False,False,False,False,0.0,0.0,0.0
34e733ac773eea7b6f0eaa77db3d1f616b3c95ab232eeff89aaf1170c9b7bfe4,9485,2,True,True,False,False,0.0,0.0,0.0
839b2a1e51d3eadc4adc9b5ca192dfe351120c38e4e7578656026b056afad0ba,9485,3,True,True,False,False,0.0,0.0,0.0
57e28a1a535084684cc1a0903cbcfaddaeff629a65570ad2f4628bb1666d369b,9485,4,False,False,False,False,0.0,0.0,0.0
581519c8a5c1b34795578cc92786580e3d728627e700bafd6f542d1d43c7c7af,9485,5,False,False,False,False,0.0,0.0,0.0
b208c108f9e3a072f7fa136efc57c6a3a9a67f360c21b291d0fa00f948fbdc2e,9485,6,False,False,False,False,0.0,0.0,0.0
cfe41b5ab69a9f3c6c8523bb7d19f0d67a8644515914dd7d65b4636ffe080496,9485,7,False,False,False,False,0.0,0.0,0.0
60289f84087aa46ecd01637aa5ab0ae50a2236c59430bfd3075780148bbc15b7,9485,8,True,True,False,False,0.0,0.0,0.0
7ee444237cf0a740f0a776e8cbedf194271e7a3091f6c595a2ddca90d60b493c,9485,9,False,False,False,False,0.0,0.0,0.0
9378a1548e42e3e89f4e2327209f589538172e9087857c629360dda28b69edb6,13529,0,True,True,False,False,0.0,0.0,0.0
b1c329b97f2678ca83d2cd025bc66f38c128e2af468ee6dbae418a3840a04848,13529,1,True,True,False,False,0.0,0.0,0.0
45d4db77c8b345306b3e6598fe153ad26ea5b89fd7f5e31bfba3b22097cbdd56,13529,2,True,True,False,False,0.0,0.0,0.0
83d23003ace3913eebb5f89bcb9305c2f7cbefc260ea36a38b5e2ea76048f5f1,13529,3,True,True,False,False,0.0,0.0,0.0
aef0688bd0adca5ec03c6436a579b1493f42457e0eec7dd620113fa3de55124c,13529,4,True,True,False,False,0.0,0.0,0.0
295d3edda20e4e844272a6f651b230f93a0ea5501e5ef7507b895031ea56216b,13529,5,True,True,False,False,0.0,0.0,0.0
8eab18861e207298173f6ef4197876e9d4128d7ad2f594cf2f6e1826f7ef3ba9,13529,6,True,True,False,False,0.0,0.0,0.0
288a7fc63e6650e40ee94db9238ceb2df709e83d29adb2ef75f40e99df8469c9,13529,7,True,True,False,False,0.0,0.0,0.0
24fc79434519f0ba03402d0c23e81a04c13ca86a8cf1fcd6013833135017f6b2,13529,8,True,True,False,False,0.0,0.0,0.0
5ec1337e5317652f8f3b97f266a5ff78decf226c12334747fa8fc4ff56439453,13529,9,True,True,False,False,0.0,0.0,0.0
86f7746d25edc91864ac64bbf583868f4401b4c74c6c187ea9c5d18f4643d60a,8319,0,True,True,False,False,0.0,0.0,0.0
4e3c6b2bed3b647fc290bf3105d93a5cec54f6d5c59042ab8cae4f7108bb3fcb,8319,1,True,True,False,False,0.0,0.0,0.0
b607feda29a0ae4b50c016d55db4c9911302c83dc100f85dbbc08faa8527ef48,8319,2,True,True,False,False,0.0,0.0,0.0
b644bc95b541a859c9062311889723087a89cba97c93a2e1c868aa8c8d6cb53e,8319,3,False,False,False,False,0.0,0.0,0.0
c367ff2d95626feb9c40908d04798e2e6baed024fac888b7e79f670a29773510,8319,4,True,True,False,False,0.0,0.0,0.0
9d3dc318f16018d3decd33f80635c1b39adfe194db18db4dd214060042d1b0e0,8319,5,True,True,False,False,0.0,0.0,0.0
c0a11e4c067deb15f4e5078b59237a2f9ba5e7c9f54624c079c7fb83c8f57c8a,8319,6,False,False,False,False,0.0,0.0,0.0
9a755236a43109996beedbc4bc75bc0566195b6b148eb5e3445b33f394c490e2,8319,7,True,True,False,False,0.0,0.0,0.0
0946652839de5a41277dd9ddb5aa2f85cde9e2ab8313646d75eb35e2a945dd42,8319,8,True,True,False,False,0.0,0.0,0.0
4e2c828bbee47273eea0cd6c73441c0fc4e01af418da42237e860ae7238d28ce,8319,9,True,True,False,False,0.0,0.0,0.0
0fa51ddd5c527a2e0a6cc9c0338a04abd9a60b200aff251694511c09faa855cd,10914,0,True,True,False,False,0.0,0.0,0.0
fb8288136112cd523715b5a4c2f18d06ff1e55893f2b3a7b4b3991ecc9ba4f4d,10914,1,True,True,False,False,0.0,0.0,0.0
01e018b2b02ef94653cc5ead00ec7fbe073abc84f976e2b5ea96d974732aaa46,10914,2,True,True,False,False,0.0,0.0,0.0
130b3bfbb867715f4889e0b3d2d612453ccf6263f082d1a5bc6f3c9aabe15002,10914,3,True,True,False,False,0.0,0.0,0.0
aa04e00b903a8377d57fe86f7ae5a6e4da0a7454e4fef5d9403a13ca51df72f7,10914,4,True,True,False,False,0.0,0.0,0.0
736a3c33faebde67c9e0c93333547c0173d80ac8f580e18df8866b52f5cd071f,10914,5,True,True,False,False,0.0,0.0,0.0
acede03b396545f9e668862c7f20596f152a0abb5486220d23f112739d96112e,10914,6,True,True,False,False,0.0,0.0,0.0
ca65f00e16e911680dfebd769ebda42ec16342ffd1aac2b6163a43dad17709c1,10914,7,True,True,False,False,0.0,0.0,0.0
33372710c197590a7e1e2d18f0da5a8e9f5517b4ddba32629ab5de3096f31a9b,10914,8,True,True,False,False,0.0,0.0,0.0
2f646d87385752b205142ea06a1cb79806f3b364b8b4ee5d47461fc45facb897,10914,9,True,True,False,False,0.0,0.0,0.0
8a777c3a1244bd6834cafd9c7c6a9ecf7b045edb51cea506359705d45d4db4de,13874,0,True,True,False,False,0.0,0.0,0.0
64f158fb6ed3b319eb7f55ff5c8f0878f8ee365d77c828318e0279c87828fe89,13874,1,False,False,False,False,0.0,0.0,0.0
3217dbdcb1f288fa406f7be7c78a023d06f2672af8a4fd8e742e40787cdc67d0,13874,2,False,False,False,False,0.0,0.0,0.0
556b92584e31cacfeda52f350a795d7d85555db8cb0b34b67bafe7070ba5fd51,13874,3,False,False,False,False,0.0,0.0,0.0
10f781d7d124687fc438492d4a682b057a3b1410d1fbe06849fde40e023678f0,13874,4,True,True,False,False,0.0,0.0,0.0
a25cce7e1355bdf84ea0127e4036727b786534210586c8b7e05dd9a3c2a7d052,13874,5,False,False,False,False,0.0,0.0,0.0
5edb31c877c27ad40164978265a0fde00dcc6604d91c25db596e18ed5cd4efc2,13874,6,True,True,False,False,0.0,0.0,0.0
350cbaa8853e9574447142bede2ff3c28ff41a9e8079c3fb352849001cef1b22,13874,7,True,True,False,False,0.0,0.0,0.0
11e2aa036207d01d896541905557486ba4a742905777cead3a7d15bf1701e87a,13874,8,True,True,False,False,0.0,0.0,0.0
f4cfd69710bbe3ada436241e2aa87aaaed3c4c188b9048666fdf71260fb60a50,13874,9,True,True,False,False,0.0,0.0,0.0
af51a8290a0d32a48ccd29277f72ea964f6ce08294c9ddd683ebc72fed2843fa,9482,0,True,True,False,False,0.0,0.0,0.0
4f32102c86d89efc87ccbb8b5594962985c8698c473fdecabe861a55acc0107b,9482,1,True,True,False,False,0.0,0.0,0.0
d946e5abfd5fe398517f37464c225e0db3dd81c8d7d1870fa503106cb676156d,9482,2,True,True,False,False,0.0,0.0,0.0
d75dfe32e82bc4d51043915c15b616017505b67331b82eebf18ed415482a6a96,9482,3,True,True,False,False,0.0,0.0,0.0
cde4e4b8229142c16ad240f6ad81c5bbcd82e7267418738ca741e46f19eafc74,9482,4,True,True,False,False,0.0,0.0,0.0
c6a63694be94c15236433681189a0ffdb411dc5caeffef5503b5f7d238f2fe0b,9482,5,True,True,False,False,0.0,0.0,0.0
f266e09e3a85be7b43a2f5979735965ba19102eb4105b6f4b61437527f4a8ddb,9482,6,True,True,False,False,0.0,0.0,0.0
c33e42dca1fa4a86d2d65d8e4c0fd9e1af3f8ea9d3c6e2e141ef96426058e679,9482,7,True,True,False,False,0.0,0.0,0.0
20647e8fcca6004d7f6703356b76e477254fb86f5a368421e6fda53f97ae9399,9482,8,True,True,False,False,0.0,0.0,0.0
cc1716caa43d6730ca154b252f0e16d0fb4e1aeba665d46ec820e454d8a669b5,9482,9,True,True,False,False,0.0,0.0,0.0
c15ed18edff8927e6cd825a9dfca588082ad31caed62f549ab04408d56c81e95,2809,0,True,True,False,False,0.0,0.0,0.0
605bf70094ef0c129f9896da3ed8307a69b12b2212ae689aabb6af1e46ab840d,2809,1,True,True,False,False,0.0,0.0,0.0
245e82861d9ed578c11e46c3a091b5951c7421cfa114a2f3285d7668d11deeab,2809,2,True,True,False,False,0.0,0.0,0.0
24974e5518162272a6397f27aaa8e5cc4ca283cf78ba3cc772c53093f5495c5e,2809,3,True,True,False,False,0.0,0.0,0.0
95e5ad619973cb475fc41282f6421371ab5a8a793a16027836a39f4fe74eacb6,2809,4,True,True,False,False,0.0,0.0,0.0
0dc622d2e4d9e61359a65d240c9b88bd625c07a0d4ef9ab430baa75fa09c5f0b,2809,5,True,True,False,False,0.0,0.0,0.0
2328a43466d4d6357c092bf2f8b680279cb74e5f48951411d830f350a8eaf010,2809,6,True,True,False,False,0.0,0.0,0.0
934a52708451f5f9144c55eebb3fe60951df13218adc9d46e4818bb1146c6ed1,2809,7,True,True,False,False,0.0,0.0,0.0
99955043f8cef0e1bacb8063e1380468bcdce78bdb31196575e2c9ff34666871,2809,8,True,True,False,False,0.0,0.0,0.0
12d2122d6b681865d06aec4709d5776e0afca1fd1dbc8ae696ef2cf4172dd587,2809,9,True,True,False,False,0.0,0.0,0.0
ca6570e28451d4be74b882746b6427eca2ea5a515a844a5ad56e5f8471b9b1f6,7367,0,True,True,False,False,0.0,0.0,0.0
081090ec570ed95eed0aec77bdd177aeed2c371239de74b1570dc2eb677fea01,7367,1,True,True,False,False,0.0,0.0,0.0
6af24d3f618b234ebe54bc85121e2c8d518963a87c0adf029b52748b68027747,7367,2,False,False,False,False,0.0,0.0,0.0
f2909fbfaee44811fbf7c4e84aa675ce1f798cec6fc79fd7b4be80232b0b3af8,7367,3,True,True,False,False,0.0,0.0,0.0
a7bca6731432e683867390c7e930394f25487b8ff5a669651add340c047fbf3d,7367,4,False,False,False,False,0.0,0.0,0.0
b0d63f79351cf1ba6acb9caee4d05ac07098f611ec092f16baf2d8709cf79672,7367,5,False,False,False,False,0.0,0.0,0.0
6325f0ba03e5e78e04e798b1c21c51bd0e36c9d9fd3347a130b2ebbe4f270979,7367,6,True,True,False,False,0.0,0.0,0.0
f243d981b0e1e6e898eb31ff71ae529e3ee06ebcabe02df1016b6adcd43b58f3,7367,7,True,True,False,False,0.0,0.0,0.0
889d0d5c9426b03a17858f883336d99d2ad512544ed21ad409f7989330448621,7367,8,False,False,False,False,0.0,0.0,0.0
6cfb2c5ce8b08ce51675001d634e2dbb5a84159e5f8dab2ba6d156ce95026cc9,7367,9,True,True,False,False,0.0,0.0,0.0
782e68059302db00f81d1fa073012a1118c90fecb1f9e00cf39db107ff92eebd,13152,0,False,False,False,False,0.0,0.0,0.0
53803532caec3da237ae1a55515ba0fcdd2473d07e0ae517a3557cb767b8798f,13152,1,False,False,False,False,0.0,0.0,0.0
3e20c9f32578ccdec18892eece519712b77dd19b50529a6551a5ee4ee678c84e,13152,2,False,False,False,False,0.0,0.0,0.0
ec7c2ab8b804687d45d2bbaeeb2e8c9685bc97ad2dfc79c1986364868282a798,13152,3,True,True,False,False,0.0,0.0,0.0
dcca2a977b3dd7dee470db3a2e4097cbf74c2bf8a562824ee6453c3c9d0ee1cf,13152,4,True,True,False,False,0.0,0.0,0.0
6b276789420e6e6c7f036967c077888e20e17566760e5c2d24531e30128bc610,13152,5,False,False,False,False,0.0,0.0,0.0
578ba431be7227927746cd0cc098308e4fb6215e6f14862018b5ddcfcaae232e,13152,6,False,False,False,False,0.0,0.0,0.0
ce83bf5a2207e2bf81685fd7324a79f4992845382f379e27a24b2341727696ac,13152,7,False,False,False,False,0.0,0.0,0.0
79b6e8af2a33d7c5ba9fb51d033ca113f09f3cc2fd93307e2523becbdb9305c8,13152,8,False,False,False,False,0.0,0.0,0.0
8ecb77741899ec0cf90cc8c3e71347e435c997a43c196b90759f4218e04129f9,13152,9,False,False,False,False,0.0,0.0,0.0
08b2821ce40009dffa9f543c66415af853e8ec41d83400eb982bb97d799a487e,5827,0,True,True,False,False,0.0,0.0,0.0
0aa419be7d35d65aa22bf57e80ff89d837378ddba4ed190a017f1b3269d99b62,5827,1,True,True,False,False,0.0,0.0,0.0
942fc1e35a2a2f2b827550694da47875d3aaac7a25c3803f6b7475ddabfced5f,5827,2,True,True,False,False,0.0,0.0,0.0
3468e2c1b9cf0f5b2ae4dbf1e53592a03ee4fdfa955c12d2a3a08e718cb2f346,5827,3,True,True,False,False,0.0,0.0,0.0
b1e1f3c7989986f3ddb5a623fecd4bf1f1705fa791ead1f781cf5ed69761117f,5827,4,True,True,False,False,0.0,0.0,0.0
ecf114e15eb6467213f20d94927051ce806612d3e71a7dc644722eef5fce04e1,5827,5,True,True,False,False,0.0,0.0,0.0
0b4c0403c585260d1bcbab2d843f59f2a02c1b918170adf1828b1aa4ff28ff49,5827,6,True,True,False,False,0.0,0.0,0.0
f639ca252ccb07302fb70ae2853442622e677438add0456a094d1df27d7a74cc,5827,7,True,True,False,False,0.0,0.0,0.0
fa635d2c10eba82a32351c1f5b60ae03356b65b62b5d6d68157a78c1837c7ccb,5827,8,True,True,False,False,0.0,0.0,0.0
e37ffc9727e641370a2a5e78720e293d7e88173610d24bc697205028a63d1de8,5827,9,True,True,False,False,0.0,0.0,0.0
495e78857de856d4eff04ddeb8716cc2a2c3060cb20966761bda553e124f7b26,6670,0,True,True,False,False,0.0,0.0,0.0
34767aed379beaebe7d89ef112fffc66057060e46c7e4fb6a24db2f93299e955,6670,1,True,True,False,False,0.0,0.0,0.0
8c8bc91babee50fb8e34da13c2f51b38e7471f5b04544e0a821f10d41ac83b5e,6670,2,True,True,False,False,0.0,0.0,0.0
b3cd7cfff5f4a6886ec5df8a749eb216fb77407a43995a66726524dad12da5d9,6670,3,True,True,False,False,0.0,0.0,0.0
52fbe76c434293586da85f1a232c5f4e40873a6e3de7beb6c78a94a80ec19695,6670,4,False,False,False,False,0.0,0.0,0.0
d0c00f4b392f1abe0dfd1ce360e6bb81296e74a3740c4dd12eb59c2427ec6499,6670,5,True,True,False,False,0.0,0.0,0.0
a8c9960e6c3ab97a5c0bcf4b34ab293fd88fb3e654bce880c83a3145bda06cee,6670,6,True,True,False,False,0.0,0.0,0.0
a8576e9005cd3bdd632ab0a683ee558714fd2149d6d6542d4835770b78d78464,6670,7,True,True,False,False,0.0,0.0,0.0
594a91cb52a666a1fbd86f282e7255d82a28a620b4a83dec7e0d04a6bd57a52c,6670,8,True,True,False,False,0.0,0.0,0.0
e656bb406d96986bb943015c682d78c9ca8c3c5eebf746970e5507007cff77a9,6670,9,True,True,False,False,0.0,0.0,0.0
8f4de911adfaa6a3d5ea4cd4eaf8431c7b11ad10f1a460c347455a26616999e5,5795,0,False,False,False,False,0.0,0.0,0.0
59ead5b2a883629ba7578cd3971b3407fbf9ef58ed4fb261a2a048c8cb927963,5795,1,False,False,False,False,0.0,0.0,0.0
9c4f0e27f3975f9e7595f202dc03ec5e9c0d49af27cac7e450acc3e64e46523f,5795,2,True,True,False,False,0.0,0.0,0.0
a43ac111c3270eaa2f77c62bfc9de11c0d0cbcad4f8c9a7a3bd3e41be13d0520,5795,3,True,True,False,False,0.0,0.0,0.0
de0d0b60ba8f4843a74a7fcaaebe988797640487815dd2f73a8d291f7b711b8d,5795,4,False,False,False,False,0.0,0.0,0.0
2adb005f739ce38dbbbdfdda1be9af83ecaada5ad66e306ffa47ff304019d722,5795,5,True,True,False,False,0.0,0.0,0.0
1af8597fd896c17a393187c410e9fe5978b7e3c58d59f9fcc90b9f7293d72a75,5795,6,True,True,False,False,0.0,0.0,0.0
4bea37d1dbfe7102cbab4bc0a66b5dbee2bf623fdfd5e1f535ce6e2285930155,5795,7,True,True,False,False,0.0,0.0,0.0
62c553b09016865e08f664a3efd4727f5e17d873ce8ff281855cd0db99012827,5795,8,False,False,False,False,0.0,0.0,0.0
ef506c800d9c601dd84ee935e34cb4fbe3883dddb4df032d0f16cc648535938d,5795,9,False,False,False,False,0.0,0.0,0.0
5a1281853275c762b36405256fc81ad6afa01fb33364016de59d32863948845b,17519,0,True,True,False,False,0.0,0.0,0.0
34848a539626e8f178ce6264f095a23ca03728a6cec51f2aecadacb7d6d63458,17519,1,True,True,False,False,0.0,0.0,0.0
a30abbb872ecce23a40f671c3aa7467bd804db1e1d437a10e814b02eb366f0e8,17519,2,True,True,False,False,0.0,0.0,0.0
dcb1152cdc6ea6fac4dd7f5ddd74564667927247733a674bfa9a9646098819e1,17519,3,True,True,False,False,0.0,0.0,0.0
7075b80143cf89097f0dfdc0fcf345516434729a89314af43327d03d147b7252,17519,4,True,True,False,False,0.0,0.0,0.0
d53d43deab372cecb8cd81a10af0fd67980c5f71acac804e207a6f99af1bf093,17519,5,True,True,False,False,0.0,0.0,0.0
f8dfb851c490d6e28d82dd6b5db9abe314b873dda815623804ce52671ebb4e90,17519,6,True,True,False,False,0.0,0.0,0.0
227d2973f0331b36623e3f46499b57adecf6d7ff589ed07893201f8cecd995c4,17519,7,True,True,False,False,0.0,0.0,0.0
0625bbc9d14fe720a1f82697173ed5f2fbb56f486cdb33fd4396eb79676ae0f4,17519,8,True,True,False,False,0.0,0.0,0.0
bfbdda77dd68d26279da0fbaae34e63a124e6f61fcbaf76c0f49fd86f833ae5f,17519,9,True,True,False,False,0.0,0.0,0.0
0d6f13820ba446717330cc6f287aab0763aae1c3f26a47fdfa7ca565361dc304,7348,0,True,True,False,False,0.0,0.0,0.0
8cdda06e0db505fc8da943935f73b334a94455c41c879ed8c12381e4ac132fc8,7348,1,True,True,False,False,0.0,0.0,0.0
633492657e5186a830dc647cb40b3d6cf21fa58a6b9d9ec58ae9fa7e1bf9e63a,7348,2,False,False,False,False,0.0,0.0,0.0
5a3336bcaff04f3f7fd1379e0f2c4421bfaf009fce1e176c7028e73a9b9e4e17,7348,3,True,True,False,False,0.0,0.0,0.0
874d5a6700951ffdda971afec748a40a9eb3a2f6842d8f2ddbf91ed2e6e5f790,7348,4,False,False,False,False,0.0,0.0,0.0
aaf890d8193042b3b8165cf5c0e4efc0495066897e0c142b57e39493f8abbbe6,7348,5,True,True,False,False,0.0,0.0,0.0
73caef6c8a1668d2df034810d13aae41cd6d9a0c62bd2585a505a4cf14f293a8,7348,6,False,False,False,False,0.0,0.0,0.0
6864bf109542e26489e04c0ce53983f14a0ad25f9f7a330cfa8ae1a9e582ce12,7348,7,False,False,False,False,0.0,0.0,0.0
e7a2b5a2446ed33529b302ce3ec6c569a56c2539c6d2360cf41cca4d7aef384e,7348,8,False,False,False,False,0.0,0.0,0.0
0781c65abfdb1b26ece4841ba5fb8bd7c1b5ba04e808ec508bad566cc505885d,7348,9,True,True,False,False,0.0,0.0,0.0
0a0289439b8cd3e7d38e6aa26450c60d2121729977a9fc470dbd7fce37ec722f,3913,0,True,True,False,False,0.0,0.0,0.0
3a588fe8c1fe1f50b7a07b2b6f7ab11fcba6ff61baa70a748bc1aab99c147207,3913,1,True,True,False,False,0.0,0.0,0.0
648e4b4400097aec3cae52619a1c0f4ea6bfc4c8a9c6d322abb05dc9fadc0d33,3913,2,True,True,False,False,0.0,0.0,0.0
5843098d6c31fa8cb6e29fe99fbe7d3f75fb93200340ce39dbc80a7ec20e1c8c,3913,3,True,True,False,False,0.0,0.0,0.0
f496fd36cd3f8111182f21b43f7beee719cd38d5f5859e9886500f236b72391e,3913,4,True,True,False,False,0.0,0.0,0.0
39c44264c920eeee67fadb035948916837fdf4de20c709449463692d2e1222a4,3913,5,True,True,False,False,0.0,0.0,0.0
bbe83458fcaacc0a8f9ce4b9ec47c297941f5886e09800da7dfc74069d6ae7fc,3913,6,True,True,False,False,0.0,0.0,0.0
56aaf4b821ee336232aee20ace4282f906de648a6128dd0dd40ca75411058dd4,3913,7,True,True,False,False,0.0,0.0,0.0
00c25f0211abd152953c140f19d4038377c99254de891cabf5e8768534bf7745,3913,8,True,True,False,False,0.0,0.0,0.0
9278dea4feb0747e5fbe09f56c6b33d71b3bfe692e2df6b8e453f21af50fb883,3913,9,True,True,False,False,0.0,0.0,0.0
25330bdc44a94cef9abea973d6b36c9aea1aabe841e6397cb301143793823cd9,20112,0,True,True,False,False,0.0,0.0,0.0
165713ef6d2b94ed7dfba275d395378dedd71d130afaab6a9fb31e46924e1f30,20112,1,True,True,False,False,0.0,0.0,0.0
4b058dc45828e5c58edd7628236ddab58e95eb50281b0be847cf2420a6da8b76,20112,2,True,True,False,False,0.0,0.0,0.0
9f123633ce80cfce1faad5ecf4eb142816befb565aaa06f2798b4e30644868c6,20112,3,True,True,False,False,0.0,0.0,0.0
a554cf3516063008c4be0271ed4af07759b376a8d685ba7f36d81e8e5a940109,20112,4,True,True,False,False,0.0,0.0,0.0
9fa919a7569df8bc93acf81b4b8352912639252e82788c505f14ffa2ed91f621,20112,5,True,True,False,False,0.0,0.0,0.0
1dc3234bdce408204bf3a4b504efc03506c777e0619202f9f206b57a953aa1b2,20112,6,True,True,False,False,0.0,0.0,0.0
2f1aab1c4d66b09b0cf714b43bbdf7db122b6cd9f36efcb8b6b023737257a408,20112,7,True,True,False,False,0.0,0.0,0.0
cac9acddf3c95f6ec6c364a260d3a20fed3f96178e69e59893b280fe0c1643de,20112,8,True,True,False,False,0.0,0.0,0.0
fb4fdf90ad741471077ff0409ff9257eb65aeac059abfd74eb4993b6dcd14ee9,20112,9,True,True,False,False,0.0,0.0,0.0
ea9dd7fb03608b6ff918eb131f038f7faba599f3ae5b0b640b632313102a7421,12141,0,True,True,False,False,0.0,0.0,0.0
8554992304a3872fd47db88eef61568cd484d6b46de961cca3585a9afe895d7e,12141,1,True,True,False,False,0.0,0.0,0.0
4c716b9ed213b0d0c234bb4c9fd9534b64bb6e1d86539cb9627e4ee7df46bbc1,12141,2,True,True,False,False,0.0,0.0,0.0
b9d0e3f573255c3566fc21115b9c919225f154bd19662de280aa5d5463c55d22,12141,3,True,True,False,False,0.0,0.0,0.0
00db7a242bf56b44d3d559166b90bc391ea380878d55b9aadae418f84fc6786f,12141,4,False,False,False,False,0.0,0.0,0.0
103f9a57a01619e35ea86e7abf8c5531353790cedcde2a1256fbb5876f6073a0,12141,5,True,True,False,False,0.0,0.0,0.0
c7ace78aa21ba55d86d897ad9493a5f645691984257c72734b69d79361a9499d,12141,6,True,True,False,False,0.0,0.0,0.0
807f9a194c1e5d31334f744274ca6bf229ce80704c689c83f3632098d6ab93e4,12141,7,True,True,False,False,0.0,0.0,0.0
ab05a3b90fcd77868cfa2934875b10af792b45acc65df82eae0c3324ee7d4690,12141,8,True,True,False,False,0.0,0.0,0.0
8850b1d84c8d5c2e26d48fb47cb5296348d0b200b14f046d95d3ca4b70d92703,12141,9,True,True,False,False,0.0,0.0,0.0
8b7ac1fe852fb72dc0e0ec25275ebac0b4dfa91006fab2a78ecc5ed200eb70a9,2888,0,True,True,False,False,0.0,0.0,0.0
9a28c67f8e8015eb8ee7c808dab9df4d08ed71729c92a2d5f6b77db71cfc8a19,2888,1,False,False,False,False,0.0,0.0,0.0
aa2a687d5cbfd609e86b83c210d66b282993f64b4a02d3afce84a1e749e3d5ca,2888,2,True,True,False,False,0.0,0.0,0.0
db72b49dc33b52f38ea5f0b5ddf7d8a1b03df16e15fbf54bfb9f9eabe9d888b0,2888,3,True,True,False,False,0.0,0.0,0.0
4c51292843b330cc49ddab198a2637bf276c223ed6cbfdea1f92ab6a707e8e98,2888,4,True,True,False,False,0.0,0.0,0.0
72885d903417b035074bd3e2bb84a9c75f1d16b471998515e9c7b8e4000355e9,2888,5,True,True,False,False,0.0,0.0,0.0
2894af544d9626068afd81261772ff6b2ccae320f3306379f8d328b188fdc1ee,2888,6,True,True,False,False,0.0,0.0,0.0
3de63d33ac77c936114e9bac088db43ec608ec9cfcd4b76978b7eced42d8afe3,2888,7,True,True,False,False,0.0,0.0,0.0
d88fe88642b4ccffa85bd33f52c5bb15cf829f8295d9aa6c8cd060cf8410508c,2888,8,True,True,False,False,0.0,0.0,0.0
fb7ddd4b4f693c786335adbccace621bbfc33431db39e83adcb38782c3f3d40a,2888,9,True,True,False,False,0.0,0.0,0.0
20860f67db2efd5c81506433ddfb6ff4c48bbe0ed7abcd4f174505b1bc49525a,6808,0,True,True,False,False,0.0,0.0,0.0
1d97fc6b1d672cb969d76c745d60d32e85b85b1670ac4ae20464ba7f335c6c2c,6808,1,True,True,False,False,0.0,0.0,0.0
84e767c7a89a17f5cbb56397ff010296aa6e2340cb323b880ade8546856eaeed,6808,2,True,True,False,False,0.0,0.0,0.0
6b47b4759631d305b94ce4d3b447c9a6bdd00ac136f9ae3f7862970a34a6a839,6808,3,True,True,False,False,0.0,0.0,0.0
639e689f0e2a4e7b71d3b7f119e12b90491e1204f3a5ad85d2f46711d5dacb76,6808,4,True,True,False,False,0.0,0.0,0.0
99b7eb2213a12fdf3773fbcafb6007f5c137976e241c8b2f55d61bead0f23dfd,6808,5,True,True,False,False,0.0,0.0,0.0
017567a4f9e502e08d9dfd7e7494ccf2c6bb0946388b16814a76a825d5753287,6808,6,True,True,False,False,0.0,0.0,0.0
c9797b1aebd689e2a8659c8e87a3e34a7304b6008ca321f34c17abd65df49a74,6808,7,True,True,False,False,0.0,0.0,0.0
9146740ec6c40339c7852636c1f9efd15e2ba484b298b3c376655775aaf4c51c,6808,8,True,True,False,False,0.0,0.0,0.0
c00cf62a4f34808abf3b5d9c2360ccb38ff9ddcfd302a10d5ee2e0590368145b,6808,9,True,True,False,False,0.0,0.0,0.0
1a324f2a3559100f038236a9086820a0382bb797fac620204518fe0cc9529009,2168,0,True,True,False,False,0.0,0.0,0.0
cb1778f00e66a0ad71271f793d67783cf3f0e5e4dea372b17e99e6f4c6735687,2168,1,True,True,False,False,0.0,0.0,0.0
6dd79ec133c6571e7f68117c4385f28d50c2536dd9016cd9d41ee091a8c7e81d,2168,2,True,True,False,False,0.0,0.0,0.0
c9bb4a5018c3646b6ff6a53158d88ccd523f79a929fb6e26da4c901404a7d529,2168,3,True,True,False,False,0.0,0.0,0.0
26199ed8314c46eac418ebf84ed71b3d9814dfd81118bb755c1b6ea28b406737,2168,4,True,True,False,False,0.0,0.0,0.0
c28df4d9c2dd000886ab5d56fffdd9a578f547196ca9e779fd8772f1269a8242,2168,5,True,True,False,False,0.0,0.0,0.0
8a6deefd682037ffa6194decf60946d1c2b16f9290a2949c9f0b7eb89966ecb0,2168,6,True,True,False,False,0.0,0.0,0.0
38aeca7b54dd119d0a71de0862cfd6f4206c5a20d784d86ce5202f7d605a443d,2168,7,True,True,False,False,0.0,0.0,0.0
e66e1b68d8a2b9b461134927bb7450c26fe95961097b54d31d4aa3102cfa9ca3,2168,8,True,True,False,False,0.0,0.0,0.0
510ccabe6d5f5aa615d0ebf52096a395cc8549493c5bc04b5e35fedaaaf0fba3,2168,9,True,True,False,False,0.0,0.0,0.0
4c88defc20ea1b822349b7950c4be479793c5c16d9f840e1ddaed6840c553adf,13717,0,False,False,False,False,0.0,0.0,0.0
6df85e7e8f7f1eb672095ac259800e33ef8b36752020b503e07ed6bccad74f5d,13717,1,True,True,False,False,0.0,0.0,0.0
0547d4c4d2d92a1d37a61093d8e5cec937ba9f4283662676cd13d12d0803e76b,13717,2,False,False,False,False,0.0,0.0,0.0
70161c335268b38fd4cea61cb3ac357d89702d2743ce89da139a1945e8af40f2,13717,3,True,True,False,False,0.0,0.0,0.0
a09bbb6b19998b0b8865f36917c56e1a684a601f16a0dd011ad6c82566f28287,13717,4,True,True,False,False,0.0,0.0,0.0
32e6c5b4035db48a44b08a4f444af8eff60c15914bec604eea6c20f7f6abfae9,13717,5,False,False,False,False,0.0,0.0,0.0
cf37d2c39f93adb4da481805e419890f26a8382d865d14eedab9ab7272edc54e,13717,6,True,True,False,False,0.0,0.0,0.0
486630a19a982c2ceabc0c79e2a7fcc225af7879dd39d16ec4adf03a1d427545,13717,7,False,False,False,False,0.0,0.0,0.0
67cc593ed199ea43f08cd26ee69de4142a89d0cf8e7510c22e19b78495a68fdb,13717,8,False,False,False,False,0.0,0.0,0.0
4380bc2795cb247e44d3da810acd24c8894abdb6f5ce8b240bb971abf37f0367,13717,9,False,False,False,False,0.0,0.0,0.0
d79d8924e55d9304b945b85095425cea9b04ad6b3f885b229abc925dce43b522,18642,0,True,True,False,False,0.0,0.0,0.0
59437be6c4c6e78a5c48928e4bdbd74e2b11924c07647e8c44099eb2be398ea3,18642,1,True,True,False,False,0.0,0.0,0.0
e19917ffcdb71c7264a2d9234c7d83ee9c42c5912fb0244e8ac5d0e3f9717469,18642,2,True,True,False,False,0.0,0.0,0.0
efc69a75b84331bfe46e3de752c053e7323ee9f030c9c432a6f09c1b63c364a1,18642,3,True,True,False,False,0.0,0.0,0.0
4e8067fc55eba1602a10a68144b194e785a2bc25e5799dcc63c68662484637b1,18642,4,True,True,False,False,0.0,0.0,0.0
41fb3a637589fe159fae8012a9f04de0189f73eb9e4b7387d610edfee4f6fc4d,18642,5,True,True,False,False,0.0,0.0,0.0
c2e7f6c45a5881ac9d01f59ea2c3bcb73a970b39ccf789dbfe21a47b0c065597,18642,6,True,True,False,False,0.0,0.0,0.0
269503009f536f772044198c0eb4d9e221407b22331744b00fffb9adfc386c80,18642,7,True,True,False,False,0.0,0.0,0.0
07c38c28327dbccb9cc5896a202b697fae62e919970731431a73beda68adc1d5,18642,8,True,True,False,False,0.0,0.0,0.0
d8647a76fdf51534c104b2e7790ae3efd0e7503e945a7e00f080fbc2700113bd,18642,9,True,True,False,False,0.0,0.0,0.0
654994cdda7ef32b09c39165cf8c05fec44099c8080143ec0b26cedde59e91b9,14566,0,True,True,False,False,0.0,0.0,0.0
2bcda65fb130bb412cfd39c54808ac3eee727ee53ce2253d5252ed6f7016f858,14566,1,True,True,False,False,0.0,0.0,0.0
0c54979bf0f685ae2c5078203435e296578c4362adaf665f2b144dc235f75756,14566,2,True,True,False,False,0.0,0.0,0.0
681040583caba65274dee844a7d09abd886ef8d5c77605e2c6787fc374508625,14566,3,True,True,False,False,0.0,0.0,0.0
1f161705d47917b250919cd60c1d10fedbb378b4c52219dde606927b25d964e4,14566,4,False,False,False,False,0.0,0.0,0.0
a125d319f81817964a1fd35dd0ae6e1354a350e5277044895e7892556ce36476,14566,5,True,True,False,False,0.0,0.0,0.0
5fe2761db9027af1cf80eb78d308a0ad5596574c6bee58e7960075ec42c0d0d2,14566,6,True,True,False,False,0.0,0.0,0.0
679d2ec64e63d1aa49d0d9c365f9bb6aca215a4a9b799b8dc9aeda3a9fc16e7c,14566,7,False,False,False,False,0.0,0.0,0.0
6e4e325956b0c762294b8f67f6d8285414efa29fa8193b9ed4c069b6f04f6bad,14566,8,True,True,False,False,0.0,0.0,0.0
3e62fb59e8cea47c8c8df5d960d73cdb0c93315a02c788d9fa896b3830d4a878,14566,9,True,True,False,False,0.0,0.0,0.0
43a8fce0a0d6d4127132a2519895a83b159aadec073b8e3ac39f03775427d1ac,15102,0,True,True,False,False,0.0,0.0,0.0
40281f82ebfab30b83d13b8e543deeaae0e7fd590ee1449bdc12f91bc0036fa5,15102,1,True,True,False,False,0.0,0.0,0.0
b93b9a5ccb1c99fdf609274fc18f17341318754e375070605a03cb65bd7bbda0,15102,2,True,True,False,False,0.0,0.0,0.0
7361ae0228e34eed9231ac9c53765b57287675f34131e464f115a3d9e5cbebbf,15102,3,True,True,False,False,0.0,0.0,0.0
893215a0a6c96456daf150e41f79efa53a911baac3bb07aabf01726492baed6d,15102,4,True,True,False,False,0.0,0.0,0.0
0f0560f673f7b6b6c046803bfd89ec76e8b344bf3b8188724e112a3c436582ca,15102,5,True,True,False,False,0.0,0.0,0.0
3206ed68001b7ac05c84b8d2c0614d87694c1aae79668220e660e621ed7cdb85,15102,6,True,True,False,False,0.0,0.0,0.0
986abc3fe1a207a2f9f88da2d196d242919f12e2b0346a790e66ac0c811367f7,15102,7,True,True,False,False,0.0,0.0,0.0
9d218aff2abc235fb12d0366968f364120ef0672114e888b1b35dfb8e6772f68,15102,8,True,True,False,False,0.0,0.0,0.0
2ed5b70a89f6282090efb318a6cafd5191adb56aa564379ae8a063fa3f38e4b5,15102,9,True,True,False,False,0.0,0.0,0.0
65dbb51184eb32041da30133ec6bb431c05a18f20742aae28aac043bb5144020,19911,0,True,True,False,False,0.0,0.0,0.0
37f17a2c05f14f29589f1eacb90393dbbba60fcc2b8ead52a7c43eb0282c558d,19911,1,True,True,False,False,0.0,0.0,0.0
d03e7fd073c32a68cbae1e3f252542cbab7c21b21b1bd168230be5a72dbd2065,19911,2,True,True,False,False,0.0,0.0,0.0
5b922c64a9c3a7378af8f7d9f2d34ebe49d4e6f0a22ad01c5e924c547f08ab69,19911,3,True,True,False,False,0.0,0.0,0.0
78ee7d38528a9e6c8098f992a6519f614cc176f41a15c78a49f5c9fe8d98ccef,19911,4,True,True,False,False,0.0,0.0,0.0
48035a731daf1290a31073c5a53bb0a8399b17dacb8a0c18f0ae5721ddbcba70,19911,5,True,True,False,False,0.0,0.0,0.0
1c838e3b62c9d7b8bad5fc673d1fc9cea5371d75eccc053efa2e2711d9db41cf,19911,6,True,True,False,False,0.0,0.0,0.0
ae4db3248f49301990666b8b179ed005027bc3ce9866eb8241a472686d1b27a8,19911,7,True,True,False,False,0.0,0.0,0.0
1ba241d344b89fed6a162415330a848a5d98f75d80dc2435665cc4c628a9da6d,19911,8,True,True,False,False,0.0,0.0,0.0
8752022e4e6e3f29e0f51b1f8f5c6edaf589c269f02efe8103ecbb682e80cc23,19911,9,True,True,False,False,0.0,0.0,0.0
6c53f10da1f30e36ec4e485eee2bcc7b534503512cdea02ace42475f4b84b29c,21764,0,True,True,False,False,0.0,0.0,0.0
f2f1c3c06487744326237fac6f1cf0ae5eae32e1d6d41712fba5a19be621f1f8,21764,1,True,True,False,False,0.0,0.0,0.0
56354caf3fbf63dc66d2660e24cf4b66ca4d3e6944b77574a98a75678fd6eece,21764,2,True,True,False,False,0.0,0.0,0.0
2bec50bf10515a216eef3aea5083485faaad8e7c0bb9934bfd443afda3c604be,21764,3,True,True,False,False,0.0,0.0,0.0
e99e4f7c66e15b0acc289028690e73cfa168e42ee6417348e65d9dadd334858b,21764,4,True,True,False,False,0.0,0.0,0.0
7010237bc3bab15cd17281e17ee0c8c9bb5f1d5646cc4be50693f288b400b7c4,21764,5,True,True,False,False,0.0,0.0,0.0
d723e2ff9ea45386b5d5cff3ed8b98aef9305aeb334c8cbdc05a5e807a4ead94,21764,6,True,True,False,False,0.0,0.0,0.0
f2e6376b4f11fefbd6d5c8e36ba8389a98af89c956cc5a662c61008b9ffd4512,21764,7,True,True,False,False,0.0,0.0,0.0
901b90cbdfd8f4731e3e0dc1d5a4ac9935f174b772410bbb40ef795708683d9f,21764,8,True,True,False,False,0.0,0.0,0.0
7b1c83297a00c75e19f1afc2f9e61061ebd7d090cfc6c78a56c02f4757e0179c,21764,9,True,True,False,False,0.0,0.0,0.0
a7b192d733aedeb0cf34bc741eba88d3adeb05bf8771eef91788ee4e11e11ed5,11172,0,True,True,False,False,0.0,0.0,0.0
ef6ec9247c3a876d3d28e347818dfb11554269a8f46ce4c09bda228bafb38cba,11172,1,True,True,False,False,0.0,0.0,0.0
0c3fc0216ecf929efad243fac64d16e53da9d10da02b2e4bf6f68803f7559cc7,11172,2,True,True,False,False,0.0,0.0,0.0
0e603f10631a6f88e8e359892b33257d7e422a8d7526a2f4dffc00dc208a1e18,11172,3,True,True,False,False,0.0,0.0,0.0
103ea85866398beac6c04873ff15b5b13e595ecf7af04fb6349b512af276280c,11172,4,False,False,False,False,0.0,0.0,0.0
374b7b6296211cf85a90b866f215186be2328cce209e37868fbf09775c3008f0,11172,5,True,True,False,False,0.0,0.0,0.0
32840d362a0b903cebb8ab8cc85bc02493de78d0451960afb7283e1ad8fd4920,11172,6,True,True,False,False,0.0,0.0,0.0
e7942b64a7452984c621b5944cbe8ad145ef9982529da331e19aef71c98c0791,11172,7,True,True,False,False,0.0,0.0,0.0
2e8656a6aff0d7b1617a093a8ddce5162d597c5b2aaef8c00a7097467027959a,11172,8,True,True,False,False,0.0,0.0,0.0
45116b6e6c3717aeb773070ef2e8c297988f9a2dbca1a0cf2f6ddadd267db26f,11172,9,True,True,False,False,0.0,0.0,0.0
9566335362ec7a3033de4f86c4b356fc04f3cc236f0409baae37cddd1b550cef,8631,0,True,True,False,False,0.0,0.0,0.0
8c2bf50ddc2fa881148a451d148531807f7c2cfebb85d35a41ebe72bed6d4eae,8631,1,False,False,False,False,0.0,0.0,0.0
825dc2c95c1022207df01545134e3692bcc2704646aa96f45800b7b7d29896ff,8631,2,False,False,False,False,0.0,0.0,0.0
1b30c4d9694192d334066a5a60547d7cbf3e9882b25bf02971c40e50a356ac94,8631,3,True,True,False,False,0.0,0.0,0.0
157ceb6cd491dc203a17b2ed98e688028f77e00c07bd2e65cd17687167107e22,8631,4,True,True,False,False,0.0,0.0,0.0
8d949ac448980b0f73cf8472b2538f990dc73a76d8420b1c396c422086a79fd5,8631,5,True,True,False,False,0.0,0.0,0.0
98c8fbf021d1a2fc77860180274e4284c23fd2157e49daf956e15f1ff12012c5,8631,6,True,True,False,False,0.0,0.0,0.0
192b268143efbe735043473c0d0a91946be825274d122573882ab1c2eb86bc6a,8631,7,True,True,False,False,0.0,0.0,0.0
c889e6fbc97370a772e0e6f38f4f129e1b794a933ee96c58698ec9c7ea720482,8631,8,True,True,False,False,0.0,0.0,0.0
27d65aa5baf76843f57df07833f986c426f0651d21cd91e830b5a9887a31fc97,8631,9,True,True,False,False,0.0,0.0,0.0
